ticker,date,size_bytes,mtime
AA,2020-03-24,6626687,1763787920.122895
AACG,2020-02-18,28723,1763787921.2510414
AACG,2020-03-20,21096,1763787922.4204912
AACG,2020-06-11,104730,1763787923.640344
AACG,2020-06-16,263703,1763787924.8904648
AACG,2020-08-03,69411,1763787926.077439
AACG,2020-10-12,123461,1763787927.3377006
AACG,2021-02-04,52892616,1763787959.4417708
AACG,2021-03-26,1291785,1763787961.530796
AACG,2021-07-15,7552768,1763787973.4003584
AACG,2022-01-04,2253141,1763787978.646355
AACG,2022-01-07,1649062,1763787982.0666327
AACG,2023-12-27,53844,1763787984.2154362
AAL,2020-03-24,29215732,1763788037.8508222
AAL,2020-06-04,62523888,1763788118.47637
AAL,2020-06-05,116469514,1763788268.4725723
AAL,2021-01-28,79080724,1763788347.552371
AAME,2020-06-17,45515,1763788349.2862723
AAME,2020-08-11,42742,1763788350.3965046
AAME,2020-08-19,77603,1763788351.5483036
AAME,2021-01-05,397502,1763788353.1221864
AAME,2021-02-05,28414378,1763788391.0114312
AAME,2021-02-08,30587827,1763788427.7358823
AAME,2021-02-12,706266,1763788430.24139
AAME,2021-03-19,5734690,1763788434.1099849
AAOI,2022-09-16,11592110,1763788440.0906987
AAOI,2023-08-04,8411053,1763788444.532679
AAOI,2024-11-08,8878978,1763788449.7134993
AB,2020-03-19,1507100,1763788451.4380043
ABAT,2024-12-18,4290719,1763788454.425083
ABAT,2024-12-19,4991378,1763788457.7122345
ABAT,2024-12-23,7422222,1763788462.2503293
ABAT,2024-12-24,12564453,1763788469.494977
ABAT,2024-12-26,6558669,1763788474.0045235
ABAT,2024-12-27,10383485,1763788488.0561466
ABCL,2021-03-31,2279686,1763788492.8609033
ABEO,2020-03-17,822391,1763788494.5622456
ABEO,2021-02-08,2359350,1763788497.6624255
ABEO,2022-10-07,1184264,1763788499.688912
ABL,2023-08-28,73695,1763788500.8147466
ABLV,2023-11-17,88667,1763788501.958347
ABLV,2024-01-16,113554,1763788503.0956233
ABLV,2024-08-07,22802,1763788504.217973
ABLV,2024-08-12,35843,1763788505.370603
ABOS,2022-09-28,17475686,1763788530.4702032
ABOS,2023-05-05,422307,1763788532.0410993
ABOS,2023-07-17,12892984,1763788543.8089256
ABP,2024-12-19,4909761,1763788550.906943
ABP,2024-12-20,8841724,1763788558.7427266
ABP,2024-12-27,687321,1763788561.2411745
ABR,2020-03-20,2736326,1763788566.2805874
ABR,2020-03-25,2200947,1763788570.02149
ABR,2020-03-26,2944372,1763788575.0033624
ABR,2020-04-06,1870659,1763788578.0244136
ABSI,2022-01-07,12037779,1763788597.1872604
ABSI,2022-08-11,3854808,1763788604.552032
ABSI,2023-05-22,885708,1763788606.8307378
ABSI,2023-12-04,820091,1763788608.7521613
ABSI,2023-12-26,1049955,1763788610.7426193
ABSI,2023-12-27,1917037,1763788613.3787963
ABTS,2023-12-27,59861,1763788614.5206888
ABTS,2024-12-31,942194,1763788616.196696
ABUS,2020-03-19,274522,1763788617.5475097
ABUS,2020-05-19,2497124,1763788620.2960887
ABUS,2020-07-20,3452430,1763788627.874202
ABUS,2020-07-23,16185209,1763788658.5436125
ABUS,2020-07-24,47118590,1763788709.0465844
ABUS,2020-12-14,3445247,1763788715.758393
ABUS,2021-12-01,38332180,1763788741.9924977
ABVC,2021-08-10,902513,1763788743.7230384
ABVC,2021-08-23,2181383,1763788745.641879
ABVC,2021-09-01,9966442,1763788751.487991
ABVC,2021-09-28,473069,1763788752.8557525
ABVC,2021-10-15,1820911,1763788754.763902
ABVC,2021-11-01,23804264,1763788784.4564512
ABVC,2022-03-09,182997,1763788786.9861524
ABVC,2022-06-13,323610,1763788788.4832628
ABVC,2023-01-05,6454279,1763788799.7581487
ABVC,2023-03-14,41178,1763788800.936792
ABVC,2023-07-26,10262043,1763788816.1938057
ABVC,2023-08-01,3750271,1763788822.9414468
ABVC,2023-10-26,17147277,1763788851.326636
ABVC,2023-11-16,2868241,1763788854.7811205
ABVC,2023-11-21,2931655,1763788857.4334054
ABVC,2024-01-03,15178342,1763788881.0593264
ABVC,2024-03-26,4433800,1763788885.6889188
ABVC,2024-04-23,1086885,1763788887.3596761
ABVE,2024-08-02,175987,1763788888.5728464
ABVE,2024-08-09,1420004,1763788890.3034244
ABVE,2024-11-27,1004107,1763788891.9487398
ACAD,2023-12-13,6426864,1763788896.449736
ACB,2020-03-26,16516376,1763788919.183009
ACB,2020-05-15,26989271,1763788935.6223392
ACB,2020-05-18,47658963,1763788958.218344
ACB,2020-05-21,27776724,1763788993.494525
ACB,2020-11-05,24841754,1763789031.4448185
ACB,2020-11-06,107386688,1763789111.318118
ACB,2020-11-09,123418730,1763789197.3450558
ACB,2020-11-24,20393359,1763789208.1971738
ACB,2023-09-11,11810918,1763789223.418406
ACB,2024-04-03,10732533,1763789237.414909
ACB,2024-04-30,8327053,1763789249.9502127
ACEL,2020-03-24,206391,1763789251.537279
ACET,2020-09-18,144159,1763789252.7471426
ACET,2020-09-23,856958,1763789255.5205345
ACET,2021-02-10,577949,1763789256.9152615
ACET,2021-12-06,13106279,1763789274.8711636
ACET,2024-01-04,1061708,1763789277.8644998
ACET,2024-01-09,2457563,1763789279.84208
ACFN,2023-02-23,10906,1763789280.9327137
ACFN,2023-08-10,12311,1763789282.0165634
ACFN,2023-09-07,21407,1763789283.0899217
ACFN,2024-05-06,11733,1763789284.1738882
ACHC,2020-03-26,2118202,1763789286.1482432
ACHR,2023-07-31,10419156,1763789293.4389083
ACHR,2024-11-25,16714699,1763789320.319382
ACHR.WS,2021-11-01,121207,1763789321.6284025
ACHR.WS,2023-06-29,93789,1763789322.9952424
ACHR.WS,2023-07-31,102124,1763789324.2175198
ACHR.WS,2023-08-11,67219,1763789326.3520036
ACHR.WS,2023-11-14,158998,1763789327.5883486
ACHR.WS,2023-11-15,167189,1763789328.8230157
ACHR.WS,2024-01-22,24454,1763789330.0143425
ACHR.WS,2024-11-21,153672,1763789331.3182127
ACHR.WS,2024-11-25,287328,1763789332.7261803
ACHR.WS,2024-11-27,195010,1763789334.3610518
ACHR.WS,2024-12-13,129051,1763789335.697025
ACHV,2020-07-29,6505315,1763789344.650849
ACHV,2020-07-31,7023108,1763789350.1861129
ACHV,2021-01-21,1996450,1763789352.6359305
ACHV,2023-01-10,148202,1763789353.903339
ACIC,2021-02-10,9324447,1763789360.3813524
ACIC,2023-11-14,926208,1763789362.338523
ACIU,2020-07-16,12724017,1763789382.276677
ACIU,2021-02-04,839915,1763789384.5974991
ACIU,2021-02-11,8318735,1763789399.4091983
ACIU,2021-06-07,2231426,1763789404.1226006
ACIU,2021-08-31,21790850,1763789437.7727892
ACIU,2023-06-27,9670182,1763789452.929083
ACIU,2024-05-13,8293966,1763789460.4264858
ACLX,2022-06-08,898285,1763789462.1090863
ACLX,2022-12-09,2695527,1763789464.8968267
ACMR,2022-11-07,1962672,1763789467.1493466
ACMR,2023-01-03,1351183,1763789468.9382198
ACMR,2024-02-28,6359811,1763789474.8764493
ACON,2022-04-27,2339160,1763789477.3395832
ACON,2022-05-04,4518429,1763789480.7162974
ACON,2022-06-22,82250,1763789481.8912947
ACON,2022-07-12,195452,1763789483.1223881
ACON,2022-08-02,623760,1763789484.5343635
ACON,2022-08-18,743350,1763789485.9927459
ACON,2022-08-22,652625,1763789487.408854
ACON,2022-12-23,28126,1763789488.514855
ACON,2022-12-29,26440,1763789489.6179354
ACON,2023-01-11,95058,1763789490.7501068
ACON,2023-02-06,37502,1763789491.8337157
ACON,2023-03-17,34726,1763789492.9930587
ACON,2023-04-24,13078592,1763789502.2882867
ACON,2023-05-30,6599444,1763789506.962847
ACON,2023-06-08,4852211,1763789510.4797807
ACON,2023-10-02,38182,1763789511.6855779
ACON,2023-10-25,174853,1763789512.909826
ACON,2023-12-19,886235,1763789515.199686
ACON,2023-12-20,7826503,1763789524.8817298
ACON,2024-01-04,3263820,1763789530.3488643
ACON,2024-01-05,2654263,1763789534.552816
ACON,2024-01-08,10546803,1763789546.3623435
ACON,2024-01-26,11044435,1763789555.5975857
ACON,2024-03-15,949605,1763789557.110018
ACON,2024-04-25,8167547,1763789561.8142686
ACONW,2022-05-06,14980,1763789562.9422946
ACRE,2020-03-19,1170883,1763789564.5153956
ACRE,2020-03-26,979130,1763789566.014751
ACRE,2020-04-07,1183064,1763789567.5661635
ACRE,2020-04-08,1591165,1763789569.2325168
ACRS,2020-06-17,1206505,1763789570.7807577
ACRS,2020-07-20,1174350,1763789572.362272
ACRS,2020-12-16,2876948,1763789574.6135914
ACRS,2021-01-19,25490695,1763789587.8393974
ACRS,2024-01-16,714077,1763789590.0519533
ACRS,2024-10-25,751388,1763789591.664202
ACRS,2024-11-18,5334098,1763789597.2583103
ACRS,2024-11-19,13732716,1763789604.4004488
ACRV,2023-02-06,162666,1763789605.7047253
ACRV,2024-03-15,142595,1763789606.927833
ACRV,2024-04-09,15366003,1763789624.739179
ACTG,2020-06-03,361185,1763789626.3293552
ACXP,2023-10-09,1548583,1763789628.1844938
ACXP,2023-10-12,2776244,1763789632.499009
ACXP,2023-10-13,3550159,1763789635.5823362
ACXP,2023-10-18,1047566,1763789637.3161392
ADAG,2023-06-26,89122,1763789638.5674136
ADAG,2024-12-10,61621,1763789639.730316
ADCT,2023-12-01,384450,1763789641.1402946
ADCT,2023-12-13,920652,1763789642.7834153
ADCT,2024-12-06,2527780,1763789645.1994722
ADGM,2024-08-08,108341,1763789646.7704008
ADGM,2024-10-01,74559,1763789648.105672
ADGM,2024-11-14,873194,1763789649.6563354
ADGM,2024-12-31,343225,1763789651.1281178
ADIL,2020-03-03,45680,1763789652.3184347
ADIL,2020-03-17,42555,1763789653.5640533
ADIL,2020-04-15,230743,1763789654.790393
ADIL,2020-04-16,407536,1763789656.5510259
ADIL,2020-05-27,153831,1763789657.871742
ADIL,2020-06-08,581280,1763789660.1329303
ADIL,2020-08-06,1702815,1763789663.732345
ADIL,2020-09-29,13814956,1763789686.3967645
ADIL,2021-06-22,5713682,1763789697.0792863
ADIL,2022-07-12,285709,1763789698.6945333
ADIL,2023-01-06,82386,1763789699.8407886
ADIL,2023-01-31,71944,1763789701.065279
ADIL,2023-03-07,2083918,1763789705.077112
ADIL,2023-04-21,219259,1763789706.4808075
ADIL,2023-04-24,302449,1763789708.009664
ADIL,2023-07-11,7827050,1763789719.591829
ADIL,2023-07-31,184698,1763789721.0048966
ADIL,2023-09-26,450406,1763789722.6833193
ADIL,2023-12-29,248056,1763789724.1776853
ADIL,2024-02-14,1819646,1763789728.6474
ADIL,2024-02-28,17908223,1763789760.3058252
ADIL,2024-02-29,22350753,1763789781.6659167
ADIL,2024-03-01,21931901,1763789795.3009677
ADIL,2024-04-10,17992673,1763789805.9104972
ADIL,2024-04-11,23287192,1763789819.0241609
ADIL,2024-04-15,1125088,1763789820.7569265
ADIL,2024-07-23,22676239,1763789839.284927
ADMA,2020-03-19,1159279,1763789841.5916622
ADMA,2020-03-23,3562512,1763789844.3253293
ADMA,2020-07-30,8825429,1763789849.277702
ADMA,2020-08-24,12214512,1763789856.291345
ADMA,2021-04-28,15070602,1763789864.2517598
ADMA,2024-05-10,3413456,1763789866.8893402
ADMA,2024-08-09,5172358,1763789870.0467956
ADNT,2020-01-31,4397851,1763789872.798314
ADNT,2020-03-19,2747123,1763789874.7221808
ADNT,2020-03-24,2723560,1763789876.6325617
ADPT,2024-09-26,1898919,1763789878.59223
ADSE,2023-05-12,133885,1763789879.836851
ADSEW,2022-01-11,21131,1763789880.9431136
ADSEW,2022-01-12,21473,1763789882.0861716
ADSEW,2022-08-22,13779,1763789883.170544
ADSEW,2022-08-24,13190,1763789884.2528462
ADSEW,2022-08-29,12589,1763789885.3641808
ADSEW,2024-02-29,12970,1763789886.4686294
ADT,2020-08-03,35701235,1763789903.7063284
ADTX,2020-08-06,18035667,1763789912.9758327
ADTX,2020-12-11,2590965,1763789914.9825566
ADTX,2021-01-21,18087135,1763789924.1556664
ADTX,2021-02-11,2700183,1763789926.2772622
ADTX,2021-08-25,21262440,1763789938.2058291
ADTX,2021-10-05,9763666,1763789944.8194802
ADTX,2021-11-04,2105979,1763789949.0129328
ADTX,2022-06-14,383137,1763789950.6352687
ADTX,2022-06-29,914571,1763789952.9564738
ADTX,2022-07-08,7006790,1763789959.5738492
ADTX,2022-09-09,1135188,1763789962.661384
ADTX,2022-09-13,10458841,1763789974.041646
ADTX,2022-09-14,14258572,1763789989.143496
ADTX,2022-09-26,5540996,1763789996.5703335
ADTX,2022-09-29,4627518,1763790001.3695526
ADTX,2022-10-07,7287721,1763790012.04213
ADTX,2023-01-03,357996,1763790013.357419
ADTX,2023-04-20,4937023,1763790019.3550131
ADTX,2023-08-17,3353775,1763790022.1656148
ADTX,2023-08-18,7161600,1763790027.0913627
ADTX,2023-08-23,655087,1763790028.6810129
ADTX,2023-08-29,228451,1763790029.9769866
ADTX,2023-08-30,368521,1763790031.3576164
ADTX,2023-08-31,2912882,1763790034.1761963
ADTX,2023-09-28,602104,1763790035.6746712
ADTX,2023-10-18,284056,1763790036.9790885
ADTX,2023-11-14,589311,1763790038.4223738
ADTX,2023-11-30,4211861,1763790041.6597967
ADTX,2023-12-12,14616203,1763790051.2618854
ADTX,2023-12-29,10245798,1763790057.3595684
ADTX,2024-04-02,5085823,1763790063.1050074
ADTX,2024-07-17,7709983,1763790069.0445356
ADTX,2024-07-23,485259,1763790070.5423956
ADTX,2024-08-07,14808300,1763790080.9235
ADTX,2024-10-04,16183414,1763790090.9171238
ADTX,2024-10-15,6104817,1763790097.1839786
ADUS,2020-03-18,456626,1763790098.847145
ADVM,2020-02-10,2852021,1763790102.1508498
ADVM,2020-03-13,1830780,1763790104.86463
ADVM,2020-05-05,2751351,1763790107.6419241
ADVM,2024-02-05,4238697,1763790111.1646924
ADVM,2024-02-06,4750692,1763790114.9531107
ADXN,2020-06-17,14180,1763790116.0560923
ADXN,2020-07-24,29911,1763790117.1354356
ADXN,2020-08-07,37946,1763790118.2059858
ADXN,2020-08-28,32762,1763790119.282509
ADXN,2020-09-04,25709,1763790120.3591068
ADXN,2020-12-11,20663,1763790121.4642897
ADXN,2020-12-24,412914,1763790122.792127
ADXN,2021-01-21,1943604,1763790124.797647
ADXN,2022-07-21,16511246,1763790148.9225864
ADXN,2023-02-03,186296,1763790150.4508877
ADXN,2023-02-16,286733,1763790151.8686714
ADXN,2023-04-19,161905,1763790154.2614868
ADXN,2023-05-10,3097035,1763790159.9209874
ADXN,2024-04-03,361093,1763790161.5455008
ADXN,2024-08-27,9178157,1763790174.7613573
AEFC,2020-03-20,144252,1763790176.0289328
AEHL,2021-01-29,269663,1763790177.4901307
AEHL,2021-02-05,1883657,1763790180.610192
AEHL,2021-02-19,1131066,1763790183.1501312
AEHL,2021-03-10,935146,1763790185.4340444
AEHL,2021-03-24,1521486,1763790188.455043
AEHL,2021-06-08,3716561,1763790193.8819423
AEHL,2021-06-09,8389791,1763790207.707873
AEHL,2021-07-12,7716176,1763790219.659782
AEHL,2021-10-15,3728260,1763790226.4465756
AEHL,2022-02-01,39895,1763790227.673888
AEHL,2022-03-22,564011,1763790229.6820476
AEHL,2022-08-02,49722,1763790230.8402357
AEHL,2022-09-27,755230,1763790232.624302
AEHL,2023-08-25,163915,1763790233.9464836
AEHL,2024-02-13,214405,1763790235.3121758
AEHL,2024-07-10,927562,1763790237.3523629
AEHL,2024-08-20,969480,1763790239.3489964
AEHL,2024-09-13,411926,1763790240.817892
AEHL,2024-11-05,536925,1763790242.3434763
AEHR,2020-12-03,1743539,1763790244.7909985
AEHR,2021-07-16,11154182,1763790252.703964
AEHR,2021-07-19,28035705,1763790296.9727085
AEHR,2021-07-21,11960309,1763790316.6215389
AEHR,2021-09-24,16785120,1763790332.234835
AEHR,2022-07-20,1719324,1763790334.7443192
AEHR,2023-01-06,4693674,1763790340.1911938
AEHR,2024-07-10,3534360,1763790344.6220973
AEHR,2024-12-16,3466600,1763790348.7324145
AEI,2021-02-08,717782,1763790350.1512504
AEI,2021-02-11,862980,1763790352.4768064
AEI,2021-02-12,1240327,1763790355.145555
AEI,2021-02-16,849084,1763790356.549038
AEI,2021-03-05,2361550,1763790360.1812289
AEI,2021-03-17,817485,1763790361.7997663
AEI,2021-06-21,16425871,1763790378.9579475
AEI,2022-03-11,2483452,1763790382.552732
AEI,2022-03-23,3189770,1763790387.1282823
AEI,2022-09-30,303032,1763790388.6490057
AEI,2022-11-30,316427,1763790390.1938365
AEI,2022-12-20,610049,1763790392.0071723
AEI,2023-05-30,96449,1763790393.1661677
AEI,2024-06-05,473560,1763790395.6467302
AEI,2024-06-27,238374,1763790397.1806748
AEI,2024-08-23,61811,1763790398.543074
AEI,2024-09-27,172346,1763790399.7957308
AEI,2024-12-30,296381,1763790401.3477156
AEMD,2020-01-13,641387,1763790403.088364
AEMD,2020-01-16,2015535,1763790407.6226952
AEMD,2020-01-21,1176394,1763790410.9899244
AEMD,2020-01-27,2348961,1763790414.8388672
AEMD,2020-02-27,988102,1763790417.266909
AEMD,2020-03-17,139962,1763790418.5331862
AEMD,2020-03-18,211280,1763790419.9303305
AEMD,2020-05-28,437196,1763790421.6408012
AEMD,2020-06-09,348741,1763790423.2458577
AEMD,2020-06-18,17161947,1763790449.6389887
AEMD,2020-10-13,2099034,1763790454.3446877
AEMD,2020-12-16,13034094,1763790469.0172255
AEMD,2020-12-31,426373,1763790470.517654
AEMD,2021-01-29,580675,1763790472.6007407
AEMD,2021-06-01,1894567,1763790475.355639
AEMD,2021-06-09,45138617,1763790522.8889148
AEMD,2021-07-19,3082556,1763790525.7780595
AEMD,2021-09-22,16604594,1763790535.7891965
AEMD,2022-05-20,341252,1763790537.20227
AEMD,2022-05-23,715105,1763790538.7476537
AEMD,2022-06-29,828418,1763790540.3524811
AEMD,2022-08-01,7555835,1763790545.667732
AEMD,2022-08-02,10700890,1763790552.1736386
AEMD,2023-01-06,224461,1763790553.614764
AEMD,2023-01-30,3712951,1763790559.284057
AEMD,2023-04-20,2950375,1763790564.2704456
AEMD,2023-07-06,585973,1763790566.3535106
AEMD,2024-05-10,4520382,1763790574.238396
AEMD,2024-06-06,12281198,1763790593.763208
AEMD,2024-06-13,2804848,1763790598.1732893
AEMD,2024-08-16,355355,1763790599.7147331
AEMD,2024-08-19,3042839,1763790604.1420245
AEMD,2024-09-23,758586,1763790605.985991
AEMD,2024-12-18,2876782,1763790609.1253822
AEMD,2024-12-20,5685685,1763790614.075096
AEMD,2024-12-31,1676210,1763790616.0889523
AENT,2023-07-14,157569,1763790617.324854
AENT,2024-01-16,51139,1763790618.4149036
AENT,2024-02-09,59521,1763790619.5705621
AENT,2024-03-07,32280,1763790620.6768746
AENT,2024-09-16,80898,1763790621.8633654
AENT,2024-09-20,1286466,1763790623.6891346
AER,2020-03-20,5352542,1763790626.5405512
AER,2020-03-24,4065591,1763790629.0738025
AER,2020-11-09,3320039,1763790631.080684
AERT,2024-09-10,122740,1763790632.2766051
AERT,2024-12-30,3080996,1763790634.2980564
AEVA,2024-01-03,1356753,1763790635.9196856
AEYE,2020-03-23,61574,1763790637.1022086
AEYE,2021-02-08,497706,1763790638.541216
AEYE,2022-06-03,210432,1763790639.8092818
AEYE,2024-04-09,375458,1763790641.4035087
AEYE,2024-07-26,870715,1763790643.0983958
AFL,2020-03-25,8594171,1763790651.1098473
AFRI,2022-06-13,353371,1763790652.477451
AFRIW,2024-12-18,20748,1763790653.6110642
AFRIW,2024-12-19,58781,1763790654.8365946
AFRM,2021-01-14,21468587,1763790678.6262553
AFRM,2021-08-30,21810770,1763790693.5541716
AFRM,2021-09-10,24632707,1763790707.1124763
AFRM,2022-05-12,20389627,1763790718.899604
AFRM,2022-05-13,31537671,1763790736.9721897
AFRM,2023-08-25,21214666,1763790751.5341847
AFRM,2024-08-29,21195017,1763790782.3525772
AG,2021-01-28,16635227,1763790805.0240822
AG,2021-02-01,26764471,1763790837.2079325
AGAE,2024-06-26,138777,1763790838.6227815
AGEN,2020-05-29,2960200,1763790842.2536979
AGEN,2021-02-04,4447955,1763790846.86485
AGEN,2021-05-18,13237756,1763790856.3078258
AGEN,2022-06-29,3154789,1763790859.1784177
AGEN,2024-04-23,926236,1763790860.794652
AGEN,2024-04-26,2022401,1763790862.9038975
AGIO,2020-12-21,2810303,1763790865.4122622
AGMH,2021-06-17,1448940,1763790866.9447227
AGMH,2022-03-24,532215,1763790868.2921178
AGMH,2022-07-05,47464,1763790869.3632052
AGMH,2024-02-12,25383,1763790870.4614654
AGMH,2024-07-26,55639,1763790871.5913417
AGMH,2024-07-29,140552,1763790872.7883463
AGNCM,2020-03-19,129963,1763790874.052835
AGNCN,2020-03-19,245926,1763790875.3077462
AGNCO,2020-03-19,336416,1763790876.598047
AGNCP,2020-03-19,322664,1763790877.9386413
AGX,2024-09-06,1819698,1763790879.6129932
AHCO,2022-05-10,2669316,1763790881.6740847
AHCO,2024-02-27,2609526,1763790883.832252
AHG,2022-03-18,222124,1763790885.129883
AHG,2022-05-25,28092,1763790886.2432904
AHG,2022-06-17,29291,1763790887.365873
AHG,2022-08-03,116133,1763790888.5499172
AHG,2023-09-05,111146,1763790889.7042296
AHG,2023-10-06,164909,1763790890.9347577
AHG,2024-01-02,758003,1763790892.311749
AHG,2024-01-12,282540,1763790893.6455805
AHG,2024-01-16,82288,1763790894.7558162
AHG,2024-01-24,60334,1763790895.8916986
AHG,2024-02-01,267985,1763790897.2176814
AHG,2024-02-02,627650,1763790898.6207652
AHG,2024-03-18,44573,1763790899.76397
AHG,2024-05-22,188362,1763790900.9990137
AHG,2024-07-01,109464,1763790902.1977513
AHG,2024-07-03,186752,1763790903.3991435
AHG,2024-08-08,132853,1763790904.5725174
AHG,2024-11-14,72624,1763790905.711305
AHG,2024-12-09,31054,1763790906.7975156
AHG,2024-12-16,1251429,1763790908.3715067
AHG,2024-12-17,1515293,1763790910.1107662
AHG,2024-12-30,783586,1763790911.5105155
AHHpA,2020-03-19,15824,1763790912.6623983
AHLpD,2020-03-20,76111,1763790913.8776689
AHLpE,2020-03-20,77946,1763790915.0913186
AHT,2020-03-19,692074,1763790916.5124104
AHT,2020-06-05,909264,1763790917.9970899
AHT,2020-06-08,1315324,1763790919.608403
AHT,2020-06-29,1326083,1763790921.1797514
AHT,2020-07-17,1259938,1763790922.7293763
AHT,2020-09-28,2777920,1763790928.878468
AHT,2020-10-22,1616462,1763790931.150002
AHT,2020-11-09,15221121,1763790940.2192042
AHT,2020-11-13,2455522,1763790942.2712352
AHT,2020-11-16,4931803,1763790945.598019
AHT,2020-11-18,6499615,1763790950.3687403
AHT,2020-11-24,3234462,1763790952.9547093
AHT,2020-12-28,2307117,1763790955.1466138
AHT,2021-04-28,4683425,1763790958.4004705
AHT,2023-05-03,981067,1763790959.959591
AHT,2024-01-31,1589838,1763790961.6775486
AHT,2024-11-07,128949,1763790962.8611674
AHT,2024-11-08,234134,1763790964.079112
AHT,2024-11-12,183903,1763790965.2854536
AHTpD,2020-03-25,29433,1763790966.3799493
AHTpD,2020-04-14,27309,1763790967.469894
AHTpD,2020-06-05,31487,1763790968.5939033
AHTpD,2020-07-21,62200,1763790969.7273676
AHTpD,2020-08-04,70542,1763790970.8972714
AHTpD,2020-11-09,50179,1763790972.092461
AHTpD,2020-11-19,54675,1763790973.2450323
AHTpD,2020-12-28,46483,1763790974.3503184
AHTpF,2020-03-19,101936,1763790975.5386229
AHTpF,2020-03-25,48339,1763790976.6443057
AHTpF,2020-03-26,54331,1763790977.748751
AHTpF,2020-04-09,54880,1763790978.8911505
AHTpF,2020-07-21,60640,1763790980.0603454
AHTpF,2020-09-09,31579,1763790981.1481903
AHTpF,2020-11-09,73402,1763790982.2930515
AHTpF,2020-11-19,100400,1763790983.715884
AHTpG,2020-03-19,69992,1763790984.90273
AHTpG,2020-03-25,79683,1763790986.1103544
AHTpG,2020-03-26,88651,1763790987.4441514
AHTpG,2020-04-09,60806,1763790988.6633782
AHTpG,2020-07-21,52838,1763790990.0941608
AHTpG,2020-09-09,39482,1763790991.2403889
AHTpG,2020-11-09,70683,1763790992.3869414
AHTpH,2020-03-19,90507,1763790993.8718324
AHTpH,2020-03-25,41748,1763790994.9998093
AHTpH,2020-07-21,63364,1763790996.1286411
AHTpH,2020-09-09,40411,1763790997.4509604
AHTpH,2020-11-09,41370,1763790998.6527667
AHTpI,2020-03-19,43104,1763790999.7591228
AHTpI,2020-03-20,45605,1763791000.839485
AHTpI,2020-03-25,69603,1763791002.017952
AHTpI,2020-03-26,60874,1763791003.2106545
AHTpI,2020-07-21,54966,1763791004.3026042
AHTpI,2020-08-04,144591,1763791005.5506299
AHTpI,2020-09-09,38134,1763791006.6331098
AHTpI,2020-11-09,46488,1763791007.7298548
AI,2020-03-19,707688,1763791009.4767077
AI,2020-03-25,698044,1763791011.443941
AI,2020-03-26,1114981,1763791014.08528
AI,2020-12-09,13175379,1763791031.0021138
AI,2020-12-10,24107506,1763791044.497186
AI,2023-01-31,18791235,1763791055.693174
AI,2023-03-03,25850377,1763791076.1370876
AIFF,2024-08-19,455213,1763791078.0516984
AIFF,2024-10-16,1208250,1763791080.6339686
AIFF,2024-10-18,1196938,1763791083.2761605
AIHS,2020-02-18,658265,1763791084.9019012
AIHS,2020-03-11,26573,1763791086.0060978
AIHS,2020-03-20,30888,1763791087.1100774
AIHS,2020-03-31,32881,1763791088.1890695
AIHS,2020-05-28,239358,1763791089.4901347
AIHS,2020-06-10,253506,1763791090.8646126
AIHS,2020-06-11,313260,1763791092.269019
AIHS,2020-06-18,329344,1763791093.6778746
AIHS,2020-07-08,14726946,1763791104.1916685
AIHS,2020-07-09,21244294,1763791120.4591346
AIHS,2020-08-03,1420747,1763791123.595086
AIHS,2020-09-24,2062103,1763791127.0022428
AIHS,2020-09-25,7783954,1763791134.8611996
AIHS,2020-10-14,830779,1763791136.3857718
AIHS,2020-10-19,4302888,1763791139.4524562
AIHS,2020-10-20,8918133,1763791144.8503163
AIHS,2020-11-02,1009321,1763791146.4473183
AIHS,2020-11-23,927178,1763791147.9909382
AIHS,2021-01-21,2050371,1763791150.0737689
AIHS,2022-02-28,138383,1763791151.301072
AIHS,2022-05-25,321274,1763791152.6607337
AIHS,2022-08-08,1257667,1763791154.4737177
AIHS,2023-12-05,60402,1763791155.5755596
AIHS,2023-12-12,75261,1763791156.7158754
AIHS,2024-01-31,35367,1763791157.852317
AIHS,2024-02-15,65977,1763791158.9757485
AIHS,2024-02-26,39038,1763791160.0680616
AIHS,2024-06-12,54566,1763791161.1546893
AIMD,2022-01-04,11280,1763791162.231596
AIMD,2022-01-14,12999,1763791163.3041122
AIMD,2022-03-10,10339,1763791164.380497
AIMD,2022-04-19,11504,1763791165.4565883
AIMD,2022-04-29,10438,1763791166.5337336
AIMD,2022-05-16,10261,1763791167.6242754
AIMD,2022-05-18,10629,1763791168.6956637
AIMD,2022-05-19,10474,1763791169.7673972
AIMD,2022-05-23,12401,1763791170.8346703
AIMD,2022-05-27,10735,1763791171.9154675
AIMD,2022-06-01,10164,1763791172.9960449
AIMD,2022-06-02,10649,1763791174.1494238
AIMD,2022-06-22,11430,1763791175.2207253
AIMD,2022-06-30,11234,1763791176.287495
AIMD,2022-07-05,12902,1763791177.357366
AIMD,2022-07-07,12755,1763791178.446344
AIMD,2022-07-14,11173,1763791179.5331361
AIMD,2022-07-18,15079,1763791180.6143
AIMD,2022-08-04,34149,1763791181.6982822
AIMD,2022-09-30,6437858,1763791189.1101842
AIMD,2023-03-14,7559893,1763791199.2671483
AIMD,2023-03-16,1158034,1763791201.1549194
AIMD,2023-07-14,3069610,1763791205.2275157
AIMD,2023-09-15,29733,1763791206.3492117
AIMD,2024-01-05,12329045,1763791221.4847493
AIMD,2024-03-04,6396745,1763791227.803084
AIMD,2024-03-08,15298049,1763791254.187675
AIMD,2024-05-23,555829,1763791256.0335865
AIMD,2024-06-14,5140091,1763791265.4378304
AIMD,2024-07-03,314920,1763791266.9737375
AIP,2021-10-29,578420,1763791269.1222346
AIP,2024-05-03,527652,1763791270.8495655
AIR,2020-03-19,1132820,1763791273.374477
AIRE,2023-10-26,600503,1763791275.3146007
AIRE,2023-11-06,1370237,1763791277.9184747
AIRE,2023-11-13,2848634,1763791283.1858394
AIRE,2023-11-14,14016962,1763791296.4259703
AIRE,2023-11-16,4947090,1763791299.503275
AIRE,2023-12-20,402553,1763791300.8860383
AIRE,2024-02-26,1508553,1763791302.6005902
AIRE,2024-03-08,6473313,1763791306.5819924
AIRE,2024-04-24,4331672,1763791309.6543455
AIRE,2024-04-25,12997817,1763791319.316777
AIRE,2024-05-07,4890162,1763791325.0950384
AIRE,2024-12-19,234917,1763791326.4048047
AIRE,2024-12-26,22958131,1763791352.157961
AIRG,2021-01-19,614119,1763791353.728035
AIRJ,2024-05-28,299624,1763791354.959101
AIRJ,2024-09-13,193161,1763791356.3176978
AIRJ,2024-09-16,211580,1763791357.6745856
AIRJW,2024-05-28,86576,1763791359.1295226
AIRJW,2024-06-04,76742,1763791360.3818262
AIRJW,2024-12-13,25194,1763791361.586501
AIRJW,2024-12-16,59632,1763791362.7199583
AIRJW,2024-12-18,72761,1763791363.9037716
AIRS,2022-08-12,469345,1763791365.4579823
AIRS,2023-05-12,740988,1763791367.090037
AIRT,2020-12-24,1371841,1763791368.9724574
AIRT,2020-12-31,517284,1763791370.5471256
AIRT,2021-02-01,102103,1763791371.7175415
AIRT,2021-02-08,314555,1763791373.0469398
AIRT,2024-11-13,113502,1763791374.2507677
AISP,2024-01-03,3965788,1763791378.7121334
AISP,2024-03-05,35066027,1763791421.5376573
AISP,2024-03-06,55298097,1763791479.138801
AISP,2024-03-13,2731799,1763791481.5802732
AISP,2024-06-11,18938171,1763791492.6054394
AISP,2024-08-16,4059187,1763791498.6797109
AISP,2024-11-13,1759865,1763791501.6792455
AISP,2024-12-18,2010099,1763791505.4170327
AISP,2024-12-19,4458149,1763791512.0557055
AISP,2024-12-23,2756374,1763791515.2698846
AISPW,2024-03-15,252389,1763791516.580593
AISPW,2024-03-18,419568,1763791517.9883695
AISPW,2024-04-03,158491,1763791519.4812317
AISPW,2024-12-19,198778,1763791520.8253074
AISPW,2024-12-23,140718,1763791522.3975756
AISPW,2024-12-30,156540,1763791523.6543415
AISPW,2024-12-31,184042,1763791525.9934459
AIXI,2024-07-16,84543,1763791527.1374826
AIXI,2024-08-19,204677,1763791528.339752
AIXI,2024-08-20,492375,1763791529.7965937
AIXI,2024-08-23,561397,1763791531.2885222
AIXI,2024-08-26,554467,1763791533.7332358
AIXI,2024-09-24,185935,1763791536.1868682
AKA,2022-11-11,290233,1763791537.5860376
AKA,2023-03-17,437731,1763791539.3847282
AKA,2023-04-19,1218493,1763791541.8566132
AKA,2023-04-24,367596,1763791543.3624809
AKA,2023-10-16,163903,1763791544.6072996
AKA,2024-05-01,62234,1763791545.7653208
AKA,2024-05-13,122554,1763791547.007867
AKA,2024-09-04,113371,1763791548.223892
AKAN,2022-03-16,4235262,1763791556.242047
AKAN,2022-03-21,1094027,1763791558.970218
AKAN,2022-06-14,154556,1763791560.3189044
AKAN,2022-06-16,950557,1763791562.9008067
AKAN,2022-07-12,3462683,1763791568.7027411
AKAN,2022-08-09,2274150,1763791573.1650655
AKAN,2022-12-28,65889,1763791574.2904556
AKAN,2023-01-20,1312486,1763791577.2166095
AKAN,2023-01-26,6279185,1763791587.1044357
AKAN,2023-01-27,11697209,1763791604.5217245
AKAN,2023-01-31,2267241,1763791609.6958027
AKAN,2023-02-10,1020337,1763791612.043233
AKAN,2023-04-10,88436,1763791613.2094648
AKAN,2023-04-14,239787,1763791614.5885928
AKAN,2023-05-03,9061779,1763791629.0276468
AKAN,2023-05-15,268219,1763791630.5623548
AKAN,2023-08-30,317518,1763791632.0766504
AKAN,2023-09-11,660033,1763791633.9769645
AKAN,2023-10-12,142225,1763791635.2179139
AKAN,2024-02-02,1355529,1763791637.8006287
AKAN,2024-02-08,137264,1763791639.1209447
AKAN,2024-03-28,5628130,1763791649.1927857
AKAN,2024-04-11,2321813,1763791653.3217263
AKAN,2024-05-01,7405114,1763791663.0151508
AKAN,2024-05-16,2628586,1763791665.8591523
AKAN,2024-05-17,20513196,1763791683.6078587
AKAN,2024-05-24,14718052,1763791691.2847118
AKAN,2024-08-02,6226312,1763791695.1376014
AKAN,2024-10-18,6149352,1763791698.986717
AKBA,2020-03-19,1179465,1763791700.6364336
AKBA,2020-05-05,4255875,1763791705.403551
AKBA,2023-05-22,939531,1763791707.2145545
AKBA,2024-03-15,1385833,1763791709.883334
AKR,2020-11-09,1085290,1763791711.5797663
AKRO,2020-03-31,493102,1763791713.1683228
AKRO,2020-07-01,1645486,1763791716.1242142
AKRO,2022-09-13,19494586,1763791738.5824413
AKRO,2024-03-04,6273122,1763791743.0707362
AKTX,2020-01-10,470655,1763791744.5705695
AKTX,2021-04-12,715017,1763791746.1994624
AKTX,2024-06-11,51663,1763791747.505239
AKTX,2024-07-01,30592,1763791748.581701
AKTX,2024-11-01,25854,1763791749.7165866
AL,2020-03-19,4750842,1763791756.775684
AL,2020-03-20,4925085,1763791763.972268
AL,2020-03-24,3498389,1763791769.2812986
AL,2020-03-25,4440155,1763791775.2135184
ALAB,2024-11-05,13435187,1763791787.6318636
ALAR,2023-04-04,165171,1763791789.1648614
ALAR,2023-05-26,2167272,1763791793.4857378
ALAR,2023-08-28,153548,1763791794.9101565
ALAR,2023-08-30,138247,1763791796.1225424
ALAR,2024-10-16,838172,1763791797.639917
ALBT,2022-12-12,86184,1763791798.770723
ALBT,2022-12-29,121866,1763791799.9242048
ALBT,2023-01-18,225113,1763791801.128571
ALBT,2023-03-06,2012805,1763791802.806493
ALBT,2023-10-18,118396,1763791803.9865422
ALBT,2024-05-28,171608,1763791805.147544
ALBT,2024-06-03,12982806,1763791811.8978553
ALBT,2024-07-31,214914,1763791813.1940756
ALBT,2024-08-14,19221924,1763791828.0424185
ALBT,2024-10-21,524734,1763791829.8150206
ALBT,2024-10-28,9939028,1763791842.0880373
ALBT,2024-11-05,13553791,1763791863.989651
ALBT,2024-12-06,17530994,1763791874.707345
ALBT,2024-12-19,212251,1763791876.0376744
ALCYW,2023-10-23,14631,1763791877.0982392
ALCYW,2023-12-06,16317,1763791878.175518
ALDX,2020-03-13,234790,1763791879.4320266
ALDX,2020-03-17,373922,1763791880.764102
ALDX,2020-04-14,352897,1763791882.0605936
ALDX,2020-05-12,613025,1763791883.4923024
ALDX,2021-04-27,19411455,1763791894.2218776
ALDX,2023-11-01,10230016,1763791900.300218
ALDX,2024-08-08,1302737,1763791902.003371
ALEC,2021-07-02,14975752,1763791910.9581826
ALEC,2023-08-04,970402,1763791912.6332588
ALF,2021-05-06,9505491,1763791917.8927326
ALF,2021-05-10,6499183,1763791921.6530983
ALF,2021-06-15,32908946,1763791939.1728666
ALF,2021-06-16,45336496,1763792002.6281352
ALF,2021-06-18,12251817,1763792010.8210888
ALF,2021-06-22,41368800,1763792035.087
ALF,2021-06-25,22542652,1763792047.754243
ALF,2021-06-28,26752293,1763792084.5559163
ALF,2021-07-07,7459389,1763792096.774908
ALF,2021-07-19,3985177,1763792103.2601533
ALF,2021-08-17,10083393,1763792118.971043
ALF,2024-08-01,14117,1763792120.0888343
ALGN,2020-10-22,5525497,1763792129.0041442
ALGN,2023-02-02,6189287,1763792139.9879584
ALGS,2020-12-23,256720,1763792141.4729998
ALGS,2023-01-06,614024,1763792143.5116131
ALGS,2023-01-17,677861,1763792145.3302102
ALGS,2023-11-01,81950,1763792146.487031
ALGS,2024-09-09,402769,1763792148.246056
ALGS,2024-10-24,292536,1763792149.7440307
ALGS,2024-11-11,1512883,1763792152.689249
ALGT,2020-03-24,653485,1763792154.8356352
ALK,2020-03-24,4946995,1763792162.6571224
ALLO,2020-05-14,4026163,1763792169.5213528
ALLR,2021-12-22,222223,1763792171.297854
ALLR,2022-03-21,190744,1763792172.742057
ALLR,2022-05-20,175228,1763792174.121151
ALLR,2022-05-27,658793,1763792176.880571
ALLR,2022-07-27,196358,1763792178.3035514
ALLR,2022-08-18,1209093,1763792180.6889167
ALLR,2022-11-02,107227,1763792181.888223
ALLR,2022-12-16,2999205,1763792184.9038968
ALLR,2022-12-29,423028,1763792186.4015627
ALLR,2022-12-30,1132542,1763792188.39339
ALLR,2023-01-23,3551184,1763792191.9364107
ALLR,2023-03-20,3705373,1763792195.9583745
ALLR,2023-04-03,361203,1763792197.2421093
ALLR,2023-04-14,3866111,1763792199.883568
ALLR,2023-04-18,12091740,1763792206.1570804
ALLR,2023-06-12,612388,1763792207.624046
ALLR,2023-07-05,5967819,1763792211.0053637
ALLR,2023-07-31,4087720,1763792213.8128057
ALLR,2023-12-05,8397207,1763792218.4851525
ALLR,2024-04-12,7266458,1763792222.7537663
ALLR,2024-05-02,21610947,1763792244.6714566
ALLR,2024-07-23,2942386,1763792247.1731317
ALLR,2024-07-24,7361221,1763792251.4593594
ALLR,2024-09-13,1307842,1763792253.1272378
ALLR,2024-10-22,1705331,1763792254.7936702
ALLR,2024-12-19,561120,1763792256.202118
ALLT,2020-02-04,711391,1763792258.048662
ALMU,2023-02-22,9942,1763792259.120263
ALMU,2023-03-20,10886,1763792260.194834
ALMU,2023-06-06,11645,1763792261.2715948
ALMU,2024-01-04,10451,1763792262.3328784
ALMU,2024-05-14,40077,1763792263.4166732
ALMU,2024-12-11,13624,1763792264.4876487
ALMU,2024-12-13,31778,1763792265.5853243
ALMU,2024-12-16,51828,1763792266.6778445
ALMU,2024-12-17,58250,1763792267.7686813
ALNY,2020-03-16,2097711,1763792272.6652353
ALNY,2022-08-03,5059146,1763792282.9090247
ALNY,2024-06-24,6744072,1763792294.2153087
ALPS,2023-04-11,216602,1763792295.6092098
ALT,2020-02-28,4681890,1763792302.9425
ALT,2020-03-11,1117611,1763792305.3367403
ALT,2020-05-14,5801884,1763792315.5343819
ALT,2020-05-20,3079297,1763792320.371799
ALT,2020-05-26,8234534,1763792326.0576346
ALT,2020-07-08,5269232,1763792329.625471
ALT,2020-07-09,18004569,1763792348.5821147
ALT,2020-07-14,9450629,1763792362.5413086
ALT,2021-06-16,6768434,1763792373.977088
ALT,2022-06-09,2257412,1763792378.473597
ALT,2022-08-12,3182861,1763792384.5334103
ALT,2023-12-01,20541154,1763792425.4317791
ALT,2023-12-04,27585076,1763792465.692811
ALT,2023-12-06,12968992,1763792483.500316
ALT,2024-02-26,5691789,1763792487.1981728
ALT,2024-06-24,6919302,1763792491.3011148
ALT,2024-11-12,6032564,1763792495.0051534
ALTG,2020-03-23,302970,1763792496.341741
ALTG,2020-05-15,301415,1763792497.597457
ALTI,2023-01-25,1222459,1763792499.1595533
ALTI,2023-06-02,173961,1763792500.475776
ALTI,2024-01-25,179714,1763792501.7613933
ALTS,2024-08-09,93916,1763792502.9257698
ALTS,2024-08-16,523110,1763792504.2477982
ALTS,2024-08-19,1305537,1763792505.9736605
ALUR,2024-04-04,14764324,1763792513.203894
ALUR,2024-06-20,13737801,1763792520.2650297
ALUR,2024-08-29,186623,1763792521.608055
ALUR,2024-09-06,570248,1763792523.4653585
ALVOW,2022-10-24,11791,1763792525.5305214
ALVOW,2022-12-12,14897,1763792526.6305883
ALVOW,2022-12-16,23535,1763792527.7287254
ALVOW,2022-12-22,19021,1763792528.830957
ALVOW,2023-01-09,37312,1763792529.9127686
ALVOW,2023-02-27,37035,1763792531.2820907
ALVOW,2023-03-10,22295,1763792532.3935316
ALVOW,2023-06-15,25758,1763792533.645134
ALVOW,2023-06-20,11430,1763792534.7374973
ALVOW,2023-06-30,40418,1763792535.8591151
ALVOW,2023-07-27,13768,1763792536.9401305
ALVOW,2023-11-24,13552,1763792538.0680432
ALVOW,2024-01-19,24672,1763792539.177502
ALVOW,2024-02-26,51749,1763792540.3264828
ALVOW,2024-04-12,20179,1763792541.3955126
ALVOW,2024-06-20,12437,1763792542.516831
ALVOW,2024-08-15,26272,1763792543.6007192
ALXO,2020-08-05,102220,1763792544.7765489
ALXO,2020-11-17,284178,1763792546.2456806
ALXO,2020-12-10,859159,1763792548.5494826
ALXO,2023-10-03,15304045,1763792571.5435452
ALXO,2023-10-06,3322545,1763792578.4863682
ALXO,2023-12-08,1722962,1763792582.1966617
ALZN,2021-06-28,1806573,1763792585.8336394
ALZN,2021-07-23,8249565,1763792598.3875582
ALZN,2021-07-28,2373651,1763792602.6922452
ALZN,2021-09-30,8134935,1763792613.679984
ALZN,2021-11-05,17761527,1763792625.8220675
ALZN,2021-12-14,7640847,1763792630.3367915
ALZN,2022-03-22,1694582,1763792632.2019992
ALZN,2024-03-05,147892,1763792633.430989
ALZN,2024-05-14,85128,1763792634.6153865
ALZN,2024-08-19,27887553,1763792677.123007
AMC,2020-03-19,3643990,1763792682.6461852
AMC,2020-04-06,3725522,1763792688.1382196
AMC,2020-04-17,9007131,1763792695.5977254
AMC,2020-04-28,6983471,1763792698.8322828
AMC,2020-04-29,11786359,1763792703.9680595
AMC,2020-05-11,19726368,1763792713.3127642
AMC,2020-11-09,18980219,1763792721.9454508
AMC,2020-11-24,12558800,1763792727.703856
AMC,2021-01-19,19569648,1763792737.1973917
AMC,2021-01-25,64950240,1763792768.0323935
AMC,2021-01-27,336180300,1763793053.852919
AMC,2021-01-29,337802817,1763793254.5391774
AMC,2021-02-01,357286589,1763793487.3855717
AMC,2021-05-13,84691576,1763793532.0696783
AMC,2021-05-27,263955880,1763793755.890309
AMC,2021-05-28,367065336,1763794104.5417502
AMC,2021-06-02,396046723,1763794460.211107
AMC,2021-08-24,98383088,1763794623.0782118
AMC,2022-03-28,73051710,1763794664.225633
AMC,2022-05-12,40116706,1763794684.263758
AMC,2023-02-27,21805484,1763794695.2567308
AMC,2023-07-24,47691244,1763794719.1281579
AMC,2024-05-13,67035968,1763794753.097757
AMC,2024-05-14,198730739,1763794872.033615
AMC,2024-06-03,29358236,1763794886.7512455
AMCX,2021-02-26,2563783,1763794888.9656572
AMCX,2023-02-17,2418888,1763794890.9797173
AMIX,2024-02-16,79936,1763794892.1331224
AMIX,2024-03-14,193040,1763794893.3047633
AMIX,2024-07-03,3090324,1763794895.6974845
AMIX,2024-07-15,17444107,1763794904.840429
AMIX,2024-07-17,5677303,1763794908.2801688
AMIX,2024-07-19,7468374,1763794912.2767348
AMIX,2024-08-30,454522,1763794913.6344123
AMIX,2024-10-28,17975308,1763794922.7845013
AMIX,2024-10-31,6170518,1763794926.5148995
AMIX,2024-12-30,4951295,1763794929.6849346
AMLX,2022-06-03,6919265,1763794938.294783
AMLX,2022-09-08,6815995,1763794944.9375083
AMLX,2024-10-18,2517109,1763794947.7995727
AMOD,2024-12-19,106218,1763794949.0134342
AMOD,2024-12-20,176275,1763794950.2588449
AMPG,2024-11-22,179596,1763794951.455153
AMPG,2024-12-11,23970038,1763794964.450222
AMPG,2024-12-12,34798391,1763794984.8265905
AMPG,2024-12-13,18905348,1763795000.3013003
AMPG,2024-12-24,5669922,1763795004.4725554
AMPG,2024-12-26,4743971,1763795007.6618848
AMPGW,2021-02-18,39451,1763795008.7771358
AMPGW,2021-02-19,37301,1763795009.9254181
AMPGW,2021-02-23,27902,1763795011.0520787
AMPGW,2021-03-01,16280,1763795012.1327589
AMPGW,2021-03-05,19883,1763795013.2067802
AMPGW,2021-03-08,32183,1763795014.3150537
AMPGW,2021-03-12,36086,1763795015.4296896
AMPGW,2021-03-29,40684,1763795016.5419717
AMPGW,2021-05-13,11827,1763795017.6449451
AMPGW,2021-07-28,12815,1763795018.753118
AMPGW,2021-08-26,11179,1763795019.8317797
AMPGW,2021-11-19,22523,1763795020.9483118
AMPGW,2021-11-24,14178,1763795022.101089
AMPGW,2021-12-10,10873,1763795023.24804
AMPGW,2022-01-03,11505,1763795024.8603828
AMPGW,2022-03-10,14637,1763795026.0589886
AMPGW,2022-03-28,11389,1763795027.2099612
AMPGW,2022-04-18,10308,1763795028.3350456
AMPGW,2024-12-24,31269,1763795029.5359192
AMPGW,2024-12-26,44442,1763795030.7806256
AMPGW,2024-12-27,60708,1763795032.0302954
AMPX,2022-09-16,4183532,1763795034.8127525
AMPX,2022-09-20,9964551,1763795040.0391014
AMPX,2022-09-22,4398182,1763795042.9501915
AMPX,2022-09-23,6749246,1763795047.2454677
AMPX,2022-10-19,4964462,1763795053.4551315
AMPX,2022-10-21,6141021,1763795060.1856842
AMPX,2023-03-23,1044568,1763795061.9398558
AMPX,2023-09-18,1363211,1763795063.8961692
AMPX,2023-11-10,396227,1763795065.313267
AMPX,2024-09-23,969820,1763795067.1632922
AMPX,2024-11-08,1373144,1763795069.1221983
AMPX,2024-11-11,2791173,1763795072.0371468
AMPY,2020-04-29,740460,1763795073.529958
AMPY,2020-06-04,598815,1763795075.1948018
AMPY,2020-06-15,485553,1763795076.7228935
AMPY,2020-07-15,432685,1763795078.2208574
AMPY,2020-07-22,1114423,1763795080.1530087
AMPY,2020-09-29,836881,1763795082.0104263
AMPY,2021-01-12,736585,1763795083.6257355
AMRC,2024-05-08,1657436,1763795085.8238719
AMRK,2020-03-26,45186,1763795087.1784494
AMRN,2020-04-01,18739413,1763795112.0564625
AMRN,2024-01-10,1757818,1763795114.238599
AMRX,2020-05-11,3244856,1763795116.8009615
AMSC,2021-06-04,2520006,1763795119.2424707
AMSC,2023-07-28,2514254,1763795122.5085485
AMSC,2023-08-01,22117403,1763795134.87033
AMSC,2024-01-25,4829390,1763795137.9608397
AMSC,2024-05-30,2124075,1763795139.9088552
AMST,2021-01-29,736768,1763795141.3158677
AMST,2021-02-16,155572,1763795142.4914498
AMST,2021-06-10,4891392,1763795145.4668596
AMST,2021-06-11,12968295,1763795153.438015
AMST,2021-06-29,1526075,1763795156.6194553
AMST,2022-05-10,45775,1763795157.7375257
AMST,2022-08-23,77354,1763795158.9395142
AMST,2022-12-12,197597,1763795160.3003821
AMST,2022-12-13,755441,1763795162.149252
AMST,2023-01-19,2192619,1763795164.7782779
AMST,2023-01-26,313032,1763795166.0875137
AMST,2023-01-27,564672,1763795167.60359
AMST,2023-02-14,10920254,1763795174.726611
AMST,2023-04-03,1262178,1763795176.5089886
AMST,2023-04-06,539726,1763795177.887712
AMST,2023-04-13,1175515,1763795179.5222805
AMST,2023-12-21,57108,1763795180.6439846
AMST,2024-04-24,18700418,1763795212.6115215
AMST,2024-08-12,109925,1763795213.9352782
AMST,2024-12-02,201747,1763795215.1518521
AMTD,2022-02-23,2342070,1763795218.5714064
AMTD,2022-07-22,2005274,1763795221.6757457
AMTD,2022-07-28,3043765,1763795226.2049077
AMTD,2022-07-29,5526385,1763795233.6756024
AMTD,2022-08-01,8082811,1763795245.0845025
AMTD,2022-08-02,51745161,1763795316.2399795
AMTD,2022-08-03,66539417,1763795362.026345
AMTD,2022-08-05,13016851,1763795368.653675
AMTD,2022-08-16,13327219,1763795387.8000293
AMTD,2022-09-14,8272184,1763795401.153536
AMTD,2023-01-05,4177232,1763795407.4177358
AMTX,2020-01-28,150616,1763795408.6722867
AMTX,2020-03-20,1297752,1763795410.8367808
AMTX,2020-05-01,5561777,1763795415.4816613
AMTX,2020-07-27,161165,1763795416.802377
AMTX,2020-07-30,212620,1763795418.0484118
AMTX,2020-08-03,461036,1763795419.4668126
AMTX,2020-08-05,457308,1763795420.8918962
AMTX,2020-08-06,1046662,1763795422.489725
AMTX,2020-08-11,1251249,1763795424.1636765
AMTX,2020-08-12,4377615,1763795427.3726346
AMTX,2020-09-01,4624405,1763795430.7645068
AMTX,2020-12-03,2692423,1763795433.059386
AMTX,2020-12-22,9490047,1763795439.1782868
AMTX,2021-01-25,14646759,1763795447.3921354
AMTX,2021-03-01,11915999,1763795454.6229832
AMTX,2021-03-02,15130615,1763795464.8621511
AMTX,2021-03-09,1829983,1763795466.8255184
AMTX,2023-05-19,2600797,1763795469.0172164
AMTX,2023-05-22,3249705,1763795473.711303
AMTX,2024-03-21,6266975,1763795484.1980135
AMTX,2024-03-22,10021719,1763795500.1282256
AMTX,2024-11-12,1540334,1763795502.5601878
AMWD,2020-03-24,353012,1763795504.0222535
AMWL,2024-02-15,935314,1763795505.7540295
AMWL,2024-07-02,2570109,1763795508.332362
AMWL,2024-07-11,737683,1763795510.004557
AMWL,2024-08-01,898024,1763795511.7369676
ANAB,2020-10-14,1296409,1763795513.376932
ANEB,2022-06-22,17131,1763795514.4998493
ANEB,2022-10-25,30745,1763795515.6159947
ANEB,2022-12-05,32548,1763795516.7044923
ANEB,2022-12-19,29354,1763795517.8068113
ANEB,2023-09-12,69875,1763795518.9525766
ANEB,2023-10-17,114290,1763795520.1380763
ANEB,2023-12-21,56269,1763795521.2677612
ANEB,2024-06-21,27634,1763795522.3637142
ANEB,2024-09-20,38494,1763795523.4959013
ANEB,2024-12-23,218785,1763795524.734957
ANEB,2024-12-24,227188,1763795526.0256567
ANF,2023-05-24,7324852,1763795531.7895303
ANGH,2022-02-07,3044004,1763795537.2539084
ANGH,2022-02-10,806496,1763795539.484456
ANGH,2022-02-17,8901836,1763795553.6260405
ANGH,2022-02-25,1404799,1763795556.8020022
ANGH,2022-04-05,2523804,1763795561.5014117
ANGH,2022-07-27,658324,1763795563.7642407
ANGH,2023-03-07,131926,1763795565.0751026
ANGH,2023-05-02,946136,1763795567.2275493
ANGH,2023-11-20,91235,1763795568.4374895
ANGH,2023-11-21,11930100,1763795586.788057
ANGH,2024-03-20,1867935,1763795590.1729157
ANGH,2024-03-21,2294439,1763795595.1001365
ANGHW,2022-02-07,747898,1763795597.1096735
ANGHW,2022-02-17,777041,1763795598.9303439
ANGI,2024-08-07,1057313,1763795602.2383494
ANGO,2024-12-09,2172107,1763795606.614931
ANIP,2020-03-17,321613,1763795608.2260523
ANIP,2021-11-01,2609272,1763795613.2190518
ANIP,2023-05-08,397017,1763795615.1844757
ANIX,2020-06-30,238745,1763795616.5956347
ANIX,2020-12-10,3739186,1763795622.869892
ANIX,2021-03-12,2223665,1763795626.7415004
ANL,2024-04-08,384864,1763795628.749022
ANL,2024-09-04,78455,1763795629.9517913
ANL,2024-11-08,72695,1763795631.1579611
ANNA,2024-12-20,36220,1763795632.2454216
ANNX,2023-05-26,3075370,1763795637.0998213
ANNX,2023-12-21,3991787,1763795641.2285378
ANNX,2024-03-13,1585418,1763795644.6615624
ANNX,2024-06-04,13584416,1763795657.005638
ANTX,2022-05-16,312617,1763795658.381607
ANTX,2022-05-26,172037,1763795659.569055
ANTX,2022-08-12,226598,1763795660.818854
ANTX,2022-09-27,129040,1763795662.0173504
ANTX,2023-05-16,84846,1763795663.184513
ANVS,2020-02-13,307374,1763795664.4447255
ANVS,2020-03-24,37213,1763795665.5277567
ANVS,2020-04-03,28189,1763795666.6326137
ANVS,2020-05-18,112300,1763795667.828998
ANVS,2020-06-16,792913,1763795669.177779
ANVS,2020-07-07,14179315,1763795675.6401825
ANVS,2021-02-02,668560,1763795677.100986
ANVS,2021-02-04,1914892,1763795678.7677877
ANVS,2021-02-17,585350,1763795680.1255977
ANVS,2021-03-16,1248938,1763795681.6368618
ANVS,2021-05-21,25003706,1763795704.7689962
ANVS,2021-06-01,909453,1763795706.275951
ANVS,2021-06-07,3076279,1763795708.2172637
ANVS,2022-06-08,180218,1763795709.4516006
ANVS,2022-09-12,667527,1763795710.8542607
ANVS,2023-12-22,449944,1763795712.176586
ANVS,2023-12-27,1167306,1763795713.696085
ANVS,2024-03-20,1236232,1763795715.261531
ANVS,2024-04-26,843436,1763795716.6980994
ANVS,2024-05-09,1150059,1763795718.2882342
ANVS,2024-07-02,14447276,1763795725.066703
ANVS,2024-07-05,6322915,1763795728.4735937
ANVS,2024-07-08,15208407,1763795736.3587196
ANY,2020-03-25,44028,1763795737.5913243
ANY,2020-04-16,303908,1763795738.9009283
ANY,2020-05-05,188825,1763795740.221622
ANY,2020-05-11,265531,1763795741.4915192
ANY,2020-06-26,154471,1763795742.739584
ANY,2020-07-10,132208,1763795743.9044838
ANY,2020-07-13,720747,1763795745.5018072
ANY,2020-08-28,571965,1763795746.8988707
ANY,2021-01-07,721238,1763795748.3253298
ANY,2021-01-25,3344749,1763795753.4655478
ANY,2021-06-03,1542535,1763795755.8064573
ANY,2021-06-10,21099315,1763795769.029903
ANY,2021-08-06,17221532,1763795789.559477
ANY,2021-08-09,28855788,1763795820.5158367
ANY,2021-08-30,15329922,1763795828.8302524
ANY,2021-09-02,38381380,1763795859.4728484
ANY,2021-09-15,15338004,1763795880.4397106
ANY,2022-02-04,9832009,1763795891.8316617
ANY,2022-03-28,3020167,1763795896.58868
ANY,2022-04-05,6990363,1763795904.5436063
ANY,2022-07-07,511397,1763795905.9695418
ANY,2023-01-10,565418,1763795907.413003
ANY,2023-01-12,748228,1763795909.0402248
ANY,2023-12-01,751938,1763795910.790902
ANY,2023-12-04,2397667,1763795913.5734882
ANY,2023-12-05,4960231,1763795919.4375305
ANY,2023-12-20,3210435,1763795924.6758518
ANY,2023-12-27,1725226,1763795926.558187
ANY,2024-05-20,471191,1763795927.9801154
ANY,2024-11-11,792639,1763795929.7124655
AOSL,2020-08-12,404823,1763795931.1064868
AOSL,2024-11-21,1788527,1763795934.7807918
AP,2020-03-12,84502,1763795935.9761505
AP,2020-04-02,128570,1763795937.155747
AP,2024-07-10,7448360,1763795947.8110437
APA,2020-03-24,8178899,1763795959.1380615
APA,2020-04-02,16083941,1763795985.5830634
APA,2020-04-09,24647323,1763796023.3061163
APACU,2024-03-28,28698,1763796024.572543
APACU,2024-04-02,19048,1763796025.6535673
APEI,2020-08-11,366075,1763796027.5893047
APEI,2023-11-08,132840,1763796028.8742423
APEI,2024-03-06,598280,1763796030.6648135
APEI,2024-05-08,449910,1763796032.3031733
APGE,2024-03-05,4257437,1763796036.9190874
API,2021-02-01,4309614,1763796040.3442667
API,2022-03-16,2106635,1763796042.5880024
API,2024-10-02,20587769,1763796070.7386744
API,2024-11-08,2080388,1763796075.0497563
API,2024-11-27,2082093,1763796077.798699
APLD,2022-03-28,16794,1763796078.8873155
APLD,2022-03-29,27256,1763796079.9746523
APLD,2022-05-20,667169,1763796081.556135
APLD,2022-07-19,12323293,1763796089.6652355
APLD,2022-07-20,19732443,1763796101.5523517
APLD,2023-05-16,15824887,1763796110.4445026
APLD,2024-09-05,22571852,1763796123.178505
APLD,2024-09-09,12560117,1763796130.8271368
APLM,2023-04-11,391558,1763796132.2191844
APLM,2023-04-25,446365,1763796133.5543096
APLM,2023-05-01,1047303,1763796135.09801
APLM,2023-06-01,298299,1763796136.3975523
APLM,2023-06-02,663819,1763796137.848141
APLM,2023-10-27,13100168,1763796145.7572062
APLM,2023-11-16,8821518,1763796151.22787
APLM,2024-05-29,410473,1763796152.5401149
APLM,2024-07-17,1192804,1763796154.1041498
APLM,2024-08-13,8419743,1763796162.5400655
APLM,2024-11-18,28679177,1763796210.530299
APLM,2024-12-02,183678,1763796212.095833
APLS,2020-01-07,5642179,1763796220.3887856
APLS,2023-08-23,7511803,1763796233.6808398
APLT,2020-01-08,804404,1763796235.8054016
APLT,2021-02-01,299082,1763796237.4873757
APLT,2022-03-24,367018,1763796239.109394
APLT,2022-11-30,173812,1763796240.510317
APLT,2023-04-24,677910,1763796242.4938126
APLT,2023-04-27,862818,1763796244.8058789
APLT,2023-09-06,1420597,1763796247.8671484
APLT,2023-09-26,816895,1763796250.1124089
APLT,2024-02-15,2127184,1763796253.9198556
APLT,2024-02-16,5913152,1763796264.3502645
APLT,2024-02-28,4073423,1763796271.7287068
APLT,2024-09-18,14585395,1763796283.9957469
APM,2020-03-31,74718,1763796285.2532508
APM,2020-06-09,115212,1763796286.4424458
APM,2020-09-29,18153043,1763796296.6431258
APM,2021-01-20,4099610,1763796299.4699602
APM,2021-05-24,7253921,1763796303.55679
APM,2022-01-20,9716441,1763796309.406034
APM,2022-01-25,5448457,1763796312.9681435
APM,2022-11-03,90836,1763796314.1715589
APM,2022-12-30,36524,1763796315.2519279
APM,2023-04-14,20592,1763796316.3398645
APM,2023-05-03,9378920,1763796329.4183772
APM,2023-08-25,1971098,1763796331.9035664
APM,2024-01-26,22268,1763796332.9917655
APM,2024-03-06,23575573,1763796348.7434654
APM,2024-03-08,4192215,1763796351.699986
APM,2024-03-14,12563088,1763796358.847714
APM,2024-03-19,2634784,1763796360.8464458
APM,2024-12-31,29076985,1763796385.4197724
APO,2020-03-25,4188646,1763796391.0408998
APOpA,2023-08-16,23360,1763796392.1280832
APP,2022-05-12,9272299,1763796406.0616157
APP,2023-02-09,7453021,1763796415.1745076
APP,2023-08-10,9141220,1763796430.0779786
APP,2024-11-07,16237675,1763796451.7904146
APPF,2020-03-17,583830,1763796453.448317
APPF,2024-01-26,1918812,1763796455.7714922
APPN,2020-11-25,4609953,1763796459.5212233
APPN,2022-05-10,5382978,1763796463.8731458
APPS,2020-06-03,4612067,1763796467.583998
APPS,2020-08-06,4107610,1763796470.9211855
APPS,2021-02-04,8418368,1763796476.668953
APPS,2022-11-10,8420855,1763796481.8634923
APPS,2024-08-08,11051619,1763796487.75022
APRE,2021-06-16,22541843,1763796499.8175242
APRE,2022-07-08,2543600,1763796502.0103788
APRE,2022-09-13,205530,1763796503.22113
APRE,2023-01-05,63752,1763796504.3340342
APRE,2023-07-18,712175,1763796505.6590378
APRE,2023-12-29,53256,1763796506.8119566
APRE,2024-10-16,78300,1763796507.9783163
APTV,2020-03-19,6761703,1763796514.8214445
APVO,2020-02-28,370170,1763796516.4923131
APVO,2020-03-11,952814,1763796518.7440941
APVO,2020-03-16,274084,1763796520.1162078
APVO,2020-05-11,542295,1763796521.5622606
APVO,2020-06-25,9417076,1763796533.9259248
APVO,2020-11-03,9330880,1763796543.1646554
APVO,2020-11-04,16322785,1763796568.446725
APVO,2020-11-05,16015918,1763796595.378939
APVO,2020-11-06,11852887,1763796612.0249171
APVO,2020-11-09,7991129,1763796618.6379285
APVO,2020-11-10,6886247,1763796624.0196514
APVO,2020-11-19,694805,1763796625.6677763
APVO,2021-11-23,36299069,1763796671.3568242
APVO,2022-03-24,1478537,1763796673.6816397
APVO,2022-12-12,10892740,1763796680.8165653
APVO,2023-10-12,638715,1763796682.288028
APVO,2024-03-07,1800295,1763796684.1604967
APVO,2024-03-13,209268,1763796685.4090416
APVO,2024-04-08,364833,1763796686.7914596
APVO,2024-05-01,740690,1763796688.2845984
APVO,2024-05-02,5574035,1763796692.4503534
APVO,2024-07-01,405792,1763796693.8538544
APVO,2024-07-17,20218322,1763796705.709713
APVO,2024-10-21,8838847,1763796710.6584537
APVO,2024-10-22,14306405,1763796725.3941598
APVO,2024-10-29,1170844,1763796727.2146432
APVO,2024-11-20,812331,1763796728.760751
APVO,2024-12-12,3982109,1763796731.9293022
APWC,2020-06-17,159797,1763796733.1275437
APWC,2020-06-30,210191,1763796734.4391022
APWC,2020-09-24,1250697,1763796736.147061
APWC,2020-09-25,1978485,1763796738.1905663
APWC,2020-10-06,1220380,1763796739.8470852
APWC,2020-11-13,5942819,1763796743.952284
APWC,2021-01-12,397906,1763796745.2957199
APWC,2021-01-22,6065490,1763796749.1668575
APWC,2022-03-08,125133,1763796750.4357626
APWC,2022-08-03,159052,1763796751.6383295
APXT,2020-11-27,11502838,1763796759.2980964
APXTU,2020-11-24,30449,1763796760.4868822
APXTU,2020-11-27,46502,1763796761.6835861
APXTU,2020-11-30,70880,1763796762.8584752
APXTW,2020-06-03,17136,1763796763.9649231
APXTW,2020-06-30,37739,1763796765.0669515
APXTW,2020-09-17,81251,1763796766.266516
APXTW,2020-11-23,260287,1763796767.711305
APXTW,2020-11-27,461350,1763796769.5606492
APXTW,2020-11-30,875758,1763796771.638634
APYX,2022-05-26,5393524,1763796779.7424896
APYX,2023-05-12,631919,1763796781.2366464
APYX,2023-11-16,261899,1763796782.5155663
APYX,2024-05-09,110773,1763796783.7589939
AQB,2020-03-02,206345,1763796785.0248332
AQB,2020-11-30,6598310,1763796793.453151
AQB,2020-12-04,3663415,1763796798.1770158
AQB,2020-12-07,7676723,1763796807.8630452
AQB,2022-03-10,1329151,1763796810.270147
AQB,2023-10-04,324874,1763796811.892498
AQB,2023-11-22,113555,1763796813.0682383
AQB,2023-12-04,117167,1763796814.318332
AQB,2024-01-22,84219,1763796815.5160773
AQB,2024-09-19,78170,1763796816.7613153
AQMS,2020-10-06,1490629,1763796818.8885672
AQMS,2020-11-24,413628,1763796820.6395485
AQMS,2020-12-18,1144639,1763796822.5475984
AQMS,2020-12-22,5541543,1763796830.7463043
AQMS,2020-12-28,6704755,1763796835.47814
AQMS,2021-01-19,1902591,1763796837.4760299
AQMS,2021-02-17,6295320,1763796842.295648
AQMS,2022-03-08,1112296,1763796844.5297751
AQMS,2022-06-16,359931,1763796845.9852953
AQMS,2022-12-29,271701,1763796847.44873
AQMS,2023-06-29,555701,1763796849.103503
AQMS,2024-04-01,118964,1763796850.2929392
AQMS,2024-11-21,103212,1763796851.5811684
AQMS,2024-11-22,228652,1763796853.0012004
AQMS,2024-11-25,279933,1763796854.5335002
AQMS,2024-12-20,1069329,1763796856.3863716
AQST,2020-04-08,213413,1763796857.7656717
AQST,2022-08-09,727220,1763796859.4157667
AR,2020-03-13,4427616,1763796863.2927232
AR,2020-04-08,3100671,1763796866.0216298
AR,2020-04-20,5354103,1763796870.00757
ARAY,2024-08-15,2760882,1763796873.063792
ARBB,2023-07-14,4311011,1763796876.728448
ARBB,2023-12-26,22453132,1763796890.3332105
ARBB,2024-02-06,32924,1763796891.5705767
ARBB,2024-02-13,10122977,1763796899.0303173
ARBB,2024-04-19,93304,1763796900.2243412
ARBB,2024-09-16,99595,1763796901.3809655
ARBB,2024-10-25,18703534,1763796930.1709886
ARBB,2024-11-06,15382793,1763796947.329426
ARBE,2021-11-08,1671189,1763796949.4381592
ARBE,2023-02-21,10234643,1763796955.9543824
ARBE,2024-03-19,645768,1763796957.3761294
ARBE,2024-03-21,340759,1763796958.7269077
ARBEW,2021-11-05,57455,1763796959.9158978
ARBEW,2021-11-08,302123,1763796961.3621144
ARBEW,2021-11-11,151142,1763796965.6187718
ARBEW,2021-11-29,32312,1763796966.7107592
ARBEW,2022-02-09,123778,1763796967.9371538
ARBEW,2022-04-25,15860,1763796969.0303004
ARBK,2022-10-25,286354,1763796970.4484057
ARBK,2022-10-26,946084,1763796972.4521167
ARBK,2022-12-30,632499,1763796974.2606337
ARBK,2023-01-05,831805,1763796976.1903393
ARBK,2023-01-12,374717,1763796977.7215023
ARBK,2023-02-06,646036,1763796979.848511
ARBK,2023-06-21,336027,1763796981.4025128
ARBK,2023-06-23,381866,1763796983.210216
ARBK,2023-07-12,401776,1763796984.991648
ARBK,2023-12-04,330384,1763796986.5904372
ARBK,2023-12-22,1264161,1763796989.6674783
ARBK,2024-03-28,539222,1763796991.7122543
ARBKL,2022-11-23,29008,1763796993.0117707
ARBKL,2022-12-28,213664,1763796994.37826
ARBKL,2022-12-29,259346,1763796995.8492758
ARBKL,2023-01-17,52629,1763796996.983752
ARCO,2020-03-24,722969,1763796998.9876614
ARCT,2020-03-16,282077,1763797000.5511348
ARCT,2020-04-27,1388721,1763797003.5956626
ARCT,2020-11-27,747926,1763797005.9541645
ARCT,2021-01-07,5251199,1763797014.6090958
ARCT,2021-08-03,6024627,1763797024.038345
ARCT,2021-08-10,4891464,1763797028.5563326
ARCT,2022-11-02,2440979,1763797031.6417284
ARCT,2023-03-29,3011141,1763797037.3186524
ARCT,2023-11-15,1682969,1763797040.6025834
ARDX,2021-11-30,3139335,1763797043.624307
ARDX,2021-12-01,14565267,1763797062.061795
ARDX,2021-12-02,19199578,1763797089.8859653
ARDX,2022-04-25,3060374,1763797096.727983
ARDX,2022-11-14,4114710,1763797103.1174276
ARDX,2022-11-17,12406171,1763797123.7926068
ARDX,2023-03-03,7939450,1763797136.4044616
ARDX,2024-01-08,5377807,1763797146.0656323
ARDX,2024-05-03,6746925,1763797157.0791895
AREB,2022-02-08,4476095,1763797162.9482558
AREB,2022-02-10,12973294,1763797172.2753203
AREB,2022-03-01,2554362,1763797174.8211656
AREB,2022-03-09,1198098,1763797176.4954357
AREB,2022-03-16,3338900,1763797179.256574
AREB,2022-07-07,6210497,1763797183.437449
AREB,2022-08-03,1065080,1763797184.9690711
AREB,2022-09-12,263267,1763797186.254945
AREB,2022-09-13,951916,1763797187.836171
AREB,2022-10-17,253303,1763797189.0801685
AREB,2022-10-20,2750380,1763797191.4115899
AREB,2022-12-23,136279,1763797192.6660125
AREB,2023-04-06,156860,1763797193.8212962
AREB,2023-04-10,548863,1763797195.152501
AREB,2023-04-18,215796,1763797196.3844843
AREB,2023-04-26,264914,1763797197.6422691
AREB,2023-06-26,1535249,1763797199.319198
AREB,2023-06-27,5077838,1763797202.5091398
AREB,2023-09-07,19899443,1763797214.180915
AREB,2024-01-25,615904,1763797215.8481474
AREB,2024-02-26,962473,1763797217.7683752
AREB,2024-06-21,25332045,1763797248.9283412
AREB,2024-07-15,10475218,1763797261.3752909
AREB,2024-07-17,2953178,1763797264.537505
AREB,2024-09-30,8944092,1763797274.7080429
AREB,2024-10-29,4572106,1763797282.7913873
AREB,2024-11-06,9075331,1763797297.7020128
AREB,2024-12-20,476644,1763797299.4415762
AREC,2020-07-06,362535,1763797301.005219
AREC,2020-07-24,391541,1763797302.7146904
AREC,2020-10-07,26341589,1763797347.509719
AREC,2020-11-24,2855641,1763797352.6462767
AREC,2021-02-02,11881787,1763797370.4959326
AREC,2021-02-03,16143824,1763797392.4158804
AREC,2021-02-05,13092602,1763797404.7026286
AREC,2021-03-17,12457349,1763797425.9113688
AREC,2021-10-04,2849603,1763797430.4314775
AREC,2023-11-15,393693,1763797432.1337929
AREC,2024-06-14,917926,1763797434.5662222
ARGX,2020-05-26,991099,1763797436.905232
ARGX,2023-07-17,2647622,1763797441.7793038
ARHS,2022-08-11,1426455,1763797445.164871
ARI,2020-03-25,5616455,1763797453.1617956
ARI,2020-03-26,6236064,1763797460.701888
ARKOW,2021-02-02,183822,1763797462.0217924
ARKOW,2024-01-31,11861,1763797463.1375384
ARKOW,2024-08-16,29211,1763797464.2176049
ARKR,2020-03-24,18329,1763797465.293897
ARKR,2020-04-14,22654,1763797466.3727229
ARKR,2020-11-24,107810,1763797467.5656514
ARL,2021-07-15,3187884,1763797470.3383858
ARLO,2020-02-25,1076235,1763797471.9633775
ARLO,2020-07-21,1719714,1763797473.8858137
ARLO,2020-07-29,3880317,1763797476.8492968
ARLO,2020-08-06,2619081,1763797480.4222271
ARLO,2020-12-01,6108351,1763797489.4478304
ARLO,2020-12-03,4273273,1763797495.5940058
ARLO,2022-03-02,3315460,1763797500.8195243
ARLO,2023-03-08,4322965,1763797507.3891673
ARLO,2023-05-12,2890932,1763797510.2793577
ARLP,2020-03-19,493590,1763797511.7259786
ARLP,2020-06-08,670874,1763797513.300698
ARM,2024-02-08,45152153,1763797544.4637046
ARM,2024-02-12,60946349,1763797597.891516
ARMK,2020-03-19,5152837,1763797606.0079238
AROC,2020-03-19,1454202,1763797608.9694035
ARQ,2024-03-13,613696,1763797610.9400227
ARQQ,2021-09-08,6819616,1763797620.9202218
ARQQ,2021-09-16,1625607,1763797624.4225976
ARQQ,2021-09-20,1677791,1763797628.0657754
ARQQ,2021-09-21,3019855,1763797633.2961764
ARQQ,2022-09-12,3026368,1763797638.3327422
ARQQ,2022-11-07,1461824,1763797641.6420834
ARQQ,2023-02-06,5605571,1763797651.610229
ARQQ,2023-11-14,529841,1763797653.3417592
ARQQ,2024-10-16,466555,1763797655.1340373
ARQQ,2024-10-22,638062,1763797657.1234822
ARQQ,2024-11-21,579339,1763797659.0281057
ARQQ,2024-11-22,1730650,1763797662.7123196
ARQQ,2024-11-25,3118419,1763797668.6747005
ARQQ,2024-12-02,1774656,1763797672.4845276
ARQQ,2024-12-26,1491977,1763797675.4537394
ARQQW,2021-09-08,457670,1763797677.2100317
ARQQW,2021-09-16,206680,1763797678.613531
ARQQW,2021-09-21,298985,1763797680.0939648
ARQQW,2021-09-22,529866,1763797681.9821222
ARQQW,2021-10-26,113965,1763797683.235447
ARQQW,2021-11-17,172943,1763797684.4966283
ARQQW,2021-12-22,93091,1763797685.6755943
ARQQW,2022-02-24,83333,1763797686.8561897
ARQQW,2022-03-14,65088,1763797688.0443428
ARQQW,2022-03-15,100667,1763797689.1999552
ARQQW,2022-05-11,73804,1763797690.391748
ARQQW,2022-09-12,140014,1763797691.602386
ARQQW,2022-09-14,56143,1763797692.7432492
ARQQW,2022-11-07,26118,1763797693.912249
ARQQW,2022-11-08,77007,1763797695.0201101
ARQQW,2022-12-01,11958,1763797696.3367052
ARQQW,2024-12-19,136791,1763797697.498159
ARQQW,2024-12-20,148466,1763797698.7867756
ARQQW,2024-12-23,160909,1763797699.9919617
ARQQW,2024-12-26,112783,1763797701.2379088
ARQQW,2024-12-27,247693,1763797702.6496768
ARQT,2020-03-19,130208,1763797703.907051
ARQT,2020-03-20,444026,1763797705.2992253
ARQT,2020-06-19,240284,1763797706.5904663
ARQT,2021-02-01,631853,1763797708.121036
ARQT,2023-12-18,10105003,1763797720.716426
ARR,2020-03-20,2114845,1763797722.679159
ARR,2020-03-26,2505184,1763797724.6271613
ARR,2020-04-06,1440874,1763797726.2673354
ARRpC,2020-03-19,135790,1763797738.010927
ARRpC,2020-03-26,142779,1763797739.2993867
ARRY,2022-07-28,5645532,1763797730.4377127
ARRY,2023-08-09,10193024,1763797736.7239957
ARTL,2020-02-03,2404831,1763797743.0928116
ARTL,2020-03-02,45154,1763797744.2219024
ARTL,2020-03-20,39364,1763797745.339265
ARTL,2020-03-25,307844,1763797746.8597753
ARTL,2020-04-14,434440,1763797748.1352172
ARTL,2020-04-22,73893,1763797750.2519524
ARTL,2020-05-04,49209,1763797751.448386
ARTL,2020-06-02,417821,1763797753.0691442
ARTL,2020-07-02,201747,1763797754.4941
ARTL,2020-08-26,701529,1763797756.4109178
ARTL,2020-09-08,134572,1763797757.7270362
ARTL,2020-09-29,718399,1763797759.7590487
ARTL,2020-10-01,939988,1763797761.6786413
ARTL,2020-10-05,2130950,1763797764.1644375
ARTL,2021-02-02,7145925,1763797774.1022186
ARTL,2021-02-10,3322892,1763797780.282686
ARTL,2021-02-12,26580968,1763797825.8224592
ARTL,2021-03-09,678646,1763797828.31876
ARTL,2021-03-10,2811785,1763797832.8426123
ARTL,2021-11-01,14276894,1763797848.0942144
ARTL,2022-04-13,3026190,1763797850.6140997
ARTL,2022-08-16,3537475,1763797853.2129858
ARTL,2023-09-06,779979,1763797854.7232113
ARTW,2020-01-23,177105,1763797855.8982146
ARTW,2020-02-04,89423,1763797857.040341
ARTW,2020-02-11,256283,1763797858.2972376
ARTW,2020-04-13,77074,1763797859.3921776
ARTW,2020-05-20,105246,1763797860.5451458
ARTW,2020-06-12,156073,1763797861.737918
ARTW,2020-06-17,424685,1763797863.0329382
ARTW,2020-09-18,211797,1763797864.1870966
ARTW,2021-02-17,204115,1763797865.463533
ARTW,2024-12-26,311606,1763797866.703409
ARTW,2024-12-30,1782612,1763797869.1932728
ARVN,2020-12-14,8587930,1763797877.420687
ARVN,2023-12-06,2343602,1763797882.320747
ARWR,2020-03-19,2094519,1763797886.574725
ARWR,2020-09-16,8885715,1763797900.5083923
ASAN,2022-09-08,13289675,1763797920.729056
ASAN,2024-12-06,10919648,1763797936.2548888
ASLE,2020-12-28,78501,1763797937.4240005
ASMB,2023-10-17,10199945,1763797954.618477
ASNS,2022-10-11,20146,1763797955.7964544
ASNS,2023-01-17,24262,1763797956.8545167
ASNS,2023-03-13,24637,1763797957.9723299
ASNS,2023-04-19,1247018,1763797960.813524
ASNS,2023-05-02,986786,1763797963.1718059
ASNS,2023-05-04,3414500,1763797968.855213
ASNS,2023-05-09,219541,1763797970.303928
ASNS,2023-09-12,244860,1763797971.718632
ASNS,2023-10-17,161121,1763797973.082039
ASNS,2023-11-03,39134,1763797974.2899523
ASNS,2024-05-23,1531852,1763797977.5626452
ASNS,2024-06-05,23902940,1763798019.8008473
ASNS,2024-06-18,11905730,1763798038.771916
ASNS,2024-06-28,13100442,1763798059.1984446
ASNS,2024-08-20,3986458,1763798065.6881435
ASNS,2024-12-31,3703390,1763798072.258692
ASPCU,2024-11-08,52849,1763798073.3729758
ASPI,2022-11-25,27903,1763798074.4331684
ASPI,2023-07-28,193271,1763798075.718647
ASPI,2023-08-01,141772,1763798077.049203
ASPI,2024-10-30,16557185,1763798106.576938
ASPN,2020-10-01,1864745,1763798109.8700871
ASPN,2022-06-30,13793200,1763798120.133382
ASPN,2024-05-02,5942644,1763798123.7347882
ASPN,2024-08-08,4388084,1763798126.6468484
ASPS,2021-05-05,810887,1763798128.1722038
ASPS,2024-10-23,111508,1763798129.3376005
ASRT,2020-02-07,2556514,1763798131.5476213
ASRT,2020-05-11,1741284,1763798133.4652796
ASRT,2020-05-28,831715,1763798135.05512
ASRT,2021-01-21,2344793,1763798137.2258704
ASRT,2021-02-09,8077153,1763798142.7439058
ASRT,2021-11-05,2586712,1763798145.1447766
ASST,2023-02-13,211208,1763798146.3918045
ASST,2023-02-27,615250,1763798147.7973526
ASST,2023-03-03,509595,1763798149.1692407
ASST,2023-04-21,2100099,1763798151.2024198
ASST,2023-06-12,16819906,1763798168.652604
ASST,2023-06-21,845238,1763798171.4966395
ASST,2023-10-11,174028,1763798172.7210472
ASST,2023-11-07,29029,1763798173.8214
ASST,2023-11-27,5025280,1763798179.3917031
ASST,2023-11-28,6125928,1763798184.6937332
ASST,2023-12-20,270634,1763798186.0280888
ASST,2023-12-21,701876,1763798187.896124
ASST,2023-12-22,1861964,1763798190.2050996
ASST,2023-12-28,155853,1763798191.417935
ASST,2024-02-01,233113,1763798192.6919427
ASST,2024-02-02,683677,1763798194.1822755
ASST,2024-03-21,3775245,1763798198.3454726
ASST,2024-06-05,452666,1763798199.9224858
ASST,2024-08-26,19844038,1763798226.7490387
ASST,2024-08-28,17768492,1763798256.7248874
ASST,2024-09-03,8094880,1763798270.262512
ASST,2024-09-04,21844206,1763798308.882069
ASST,2024-12-09,12356689,1763798318.7176218
ASTC,2020-03-25,12107815,1763798325.4083192
ASTC,2020-03-27,4865390,1763798328.5384464
ASTC,2020-04-02,592013,1763798329.979517
ASTC,2020-04-09,1483991,1763798331.6302516
ASTC,2020-09-09,4124792,1763798334.5017984
ASTC,2020-10-21,22624365,1763798347.15817
ASTC,2020-10-28,4075970,1763798349.9371202
ASTC,2021-04-07,7458505,1763798354.2595575
ASTE,2020-08-05,560603,1763798355.7206163
ASTI,2022-01-03,70640,1763798356.8029003
ASTI,2022-01-04,114909,1763798357.9182882
ASTI,2022-08-17,78033,1763798358.9931934
ASTI,2022-08-23,41670,1763798360.0884066
ASTI,2022-10-20,1403800,1763798361.6548076
ASTI,2022-10-21,1896436,1763798363.4600308
ASTI,2022-11-07,137019,1763798364.6616025
ASTI,2023-04-20,983228,1763798366.1153202
ASTI,2023-09-12,6583414,1763798369.8060317
ASTI,2023-10-24,11802931,1763798382.2303905
ASTI,2024-02-26,3466081,1763798386.574391
ASTI,2024-03-08,501567,1763798387.9864054
ASTI,2024-05-16,1806835,1763798390.5352685
ASTI,2024-05-22,2080381,1763798393.102588
ASTI,2024-05-23,27065991,1763798407.989365
ASTI,2024-06-03,4913961,1763798411.1521432
ASTI,2024-06-21,5231278,1763798415.5560095
ASTI,2024-12-30,446711,1763798417.1727765
ASTLW,2022-06-15,160680,1763798418.4058385
ASTLW,2022-11-18,95903,1763798419.602749
ASTS,2021-06-08,5619936,1763798424.8147225
ASTS,2021-06-30,11584275,1763798431.8729804
ASTS,2022-03-09,12193103,1763798438.731412
ASTS,2022-08-11,2840958,1763798440.9571297
ASTS,2023-11-15,2615675,1763798443.2684
ASTS,2024-05-16,13474977,1763798463.3773324
ASTS,2024-05-29,21840566,1763798488.1235707
ASTS,2024-08-15,24556120,1763798518.4719102
ASYS,2024-02-12,297313,1763798520.2573378
ATAI,2024-04-03,1579867,1763798523.4629374
ATAT,2022-11-17,982890,1763798525.840768
ATEC,2020-03-24,501172,1763798527.749742
ATEC,2020-10-08,3101251,1763798533.0736902
ATEC,2024-10-31,6018652,1763798541.2560923
ATEN,2021-10-29,3702164,1763798547.1195483
ATER,2021-08-27,7576312,1763798556.4541392
ATER,2021-08-30,17159782,1763798575.0623872
ATER,2021-09-01,10502202,1763798584.2316108
ATER,2021-09-08,16774937,1763798592.6202192
ATER,2021-09-10,23875296,1763798605.4879746
ATER,2021-09-13,59837145,1763798642.947446
ATER,2021-09-22,29782164,1763798660.0536134
ATER,2021-11-09,9463883,1763798665.3992248
ATER,2022-04-04,16744159,1763798677.9467876
ATER,2022-04-13,25228998,1763798699.9415338
ATER,2023-01-17,3148348,1763798702.507785
ATER,2023-08-11,530559,1763798703.960317
ATER,2024-04-09,379655,1763798705.241797
ATER,2024-06-27,1203889,1763798706.9113824
ATEX,2020-12-21,1822949,1763798708.712204
ATGL,2023-11-03,856934,1763798710.2223172
ATGL,2023-11-15,347400,1763798711.5480945
ATGL,2023-11-16,1989784,1763798713.6066997
ATGL,2023-12-26,155798,1763798714.8640642
ATGL,2024-01-05,206521,1763798716.192211
ATGL,2024-04-22,112561,1763798717.379188
ATGL,2024-04-23,249780,1763798718.7659528
ATGL,2024-04-29,84909,1763798719.9170172
ATGL,2024-05-07,280923,1763798721.3210247
ATGL,2024-07-16,479402,1763798722.872724
ATGL,2024-09-16,42861,1763798723.9700642
ATGL,2024-09-25,940444,1763798725.9025884
ATGL,2024-09-26,4339114,1763798729.940959
ATGL,2024-09-30,4384914,1763798733.1227238
ATGL,2024-10-04,270417,1763798734.7068408
ATGL,2024-10-24,926006,1763798736.2319767
ATGL,2024-10-28,457004,1763798737.6404557
ATGL,2024-11-18,238961,1763798738.8933365
ATGL,2024-12-13,337811,1763798740.2311804
ATGL,2024-12-26,250388,1763798741.4466255
ATHA,2020-11-04,843707,1763798742.9328184
ATHA,2024-07-09,231930,1763798744.1926892
ATHA,2024-11-01,13344850,1763798751.6209671
ATHE,2020-03-11,91390,1763798752.8206081
ATHE,2020-03-23,304340,1763798754.1298509
ATHE,2020-03-26,49895,1763798755.2822783
ATHE,2020-04-22,195927,1763798756.4571128
ATHE,2020-05-21,1844397,1763798758.1434653
ATHE,2020-06-30,6455645,1763798761.917475
ATHE,2020-07-01,11901508,1763798778.388071
ATHE,2020-08-04,18746218,1763798808.5036383
ATHE,2020-11-16,19979529,1763798839.1289647
ATHE,2021-02-02,289463,1763798840.8321187
ATHE,2021-07-01,22351089,1763798878.1378806
ATHE,2021-07-08,2225963,1763798882.3648176
ATHE,2021-08-04,5597102,1763798889.9824615
ATHE,2022-01-06,7782436,1763798897.4851148
ATHE,2023-12-04,10103168,1763798913.0837505
ATHE,2024-11-29,230355,1763798914.5400567
ATHE,2024-12-04,110297,1763798915.7623286
ATHpA,2020-03-25,125688,1763798916.975347
ATHpB,2020-03-19,77033,1763798918.12789
ATHpB,2020-03-24,60167,1763798919.260422
ATI,2020-03-25,4977787,1763798926.4963577
ATKR,2020-03-19,1114124,1763798929.3901417
ATLC,2020-03-24,51226,1763798930.614463
ATLC,2020-03-25,60204,1763798931.8738527
ATLN,2024-06-24,15903,1763798932.9535415
ATLN,2024-06-26,18040,1763798934.0722976
ATLN,2024-07-17,12603,1763798936.1090834
ATLX,2022-11-08,145526,1763798937.2457647
ATLX,2023-01-18,1677690,1763798940.9580216
ATLX,2023-02-21,1812590,1763798943.243018
ATLX,2023-02-23,1967528,1763798945.4800372
ATLX,2023-04-24,704135,1763798947.1129541
ATLX,2023-05-05,2043222,1763798949.4858625
ATLX,2023-05-16,530465,1763798950.9713051
ATLX,2024-10-28,401965,1763798953.4100008
ATNI,2020-03-19,167603,1763798954.681238
ATNI,2024-02-23,422887,1763798956.2635238
ATOM,2020-02-10,91617,1763798957.4745626
ATOM,2020-02-11,252412,1763798958.8899188
ATOM,2021-01-05,2901343,1763798963.7959077
ATOM,2023-04-27,3188813,1763798970.0404375
ATOS,2020-03-30,137902,1763798971.4284701
ATOS,2020-04-06,1098242,1763798974.2076275
ATOS,2020-04-16,2832357,1763798979.5073006
ATOS,2020-05-20,1321433,1763798982.384246
ATOS,2020-06-05,505976,1763798984.1411593
ATOS,2020-06-22,707879,1763798986.0486104
ATOS,2020-07-15,626532,1763798987.957058
ATOS,2020-08-03,758852,1763798990.0674734
ATOS,2021-01-21,7809948,1763799003.7890964
ATOS,2021-01-25,15343269,1763799029.379399
ATOS,2021-02-02,11091573,1763799047.4113393
ATOS,2021-02-04,20950234,1763799085.34049
ATOS,2021-06-07,12005682,1763799105.8989775
ATOS,2021-06-22,13214181,1763799127.642811
ATPC,2023-10-13,758991,1763799129.7303207
ATPC,2023-11-02,57654,1763799130.94832
ATPC,2024-01-30,7872983,1763799140.044848
ATPC,2024-06-03,408837,1763799141.5278492
ATPC,2024-07-23,7546122,1763799153.8166668
ATPC,2024-07-30,9938068,1763799169.6429803
ATPC,2024-08-01,6821713,1763799179.206694
ATPC,2024-08-06,2512959,1763799183.4886281
ATPC,2024-08-30,21944296,1763799198.0316846
ATPC,2024-09-13,17291369,1763799208.1873684
ATPC,2024-09-16,20910488,1763799220.3332288
ATPC,2024-12-20,50588,1763799221.6327443
ATRA,2020-05-20,2041313,1763799223.459577
ATRA,2022-08-09,3462761,1763799226.1231337
ATRA,2023-11-14,2098716,1763799228.180269
ATRA,2023-11-16,1768544,1763799230.0961459
ATRA,2024-02-01,995678,1763799231.6671655
ATRA,2024-02-02,5400971,1763799235.3608763
ATRA,2024-09-04,1108838,1763799237.3605676
ATRO,2020-11-09,499688,1763799239.0015688
ATRO,2023-01-20,1484244,1763799241.2780669
ATXG,2022-09-14,5841561,1763799246.292497
ATXG,2022-09-15,14203638,1763799255.311981
ATXG,2022-10-06,3117404,1763799257.891062
ATXG,2022-11-23,624946,1763799259.258001
ATXG,2023-01-05,2393154,1763799262.070031
ATXG,2023-04-28,738963,1763799263.4792387
ATXG,2023-05-01,1591604,1763799265.1783092
ATXG,2023-05-02,1753469,1763799266.9693391
ATXG,2023-06-30,3902164,1763799269.185165
ATXG,2023-08-22,259167,1763799270.435473
ATXG,2023-09-05,713478,1763799271.7538054
ATXG,2023-11-24,85123,1763799272.8487873
ATXG,2024-03-20,439728,1763799274.1437874
ATXS,2022-01-31,86793,1763799275.3421855
AU,2020-03-16,5797885,1763799278.7083879
AUBN,2020-03-19,35814,1763799279.8488214
AUDC,2023-11-02,341981,1763799281.1554055
AUID,2021-12-17,1033326,1763799282.7466116
AUID,2022-03-21,880550,1763799284.2645695
AUID,2022-06-30,92412,1763799285.415383
AUID,2022-12-16,33194,1763799286.501645
AUID,2023-01-30,120108,1763799287.6489642
AUID,2023-02-27,54918,1763799288.749828
AUID,2023-03-09,27362,1763799289.8383298
AUID,2023-03-20,45880,1763799290.9444394
AUID,2023-03-21,56612,1763799292.085848
AUID,2023-05-23,70257,1763799293.228488
AUID,2024-12-20,112880,1763799294.4649827
AUPH,2021-01-25,11344689,1763799300.1198988
AUPH,2023-01-03,4110152,1763799303.0378444
AUR,2021-11-19,10693458,1763799314.4380097
AUR,2022-09-02,3418943,1763799319.3593316
AURA,2021-11-02,511152,1763799321.694857
AURA,2022-08-17,269333,1763799323.100938
AUROW,2021-11-18,209237,1763799324.4359376
AUROW,2021-11-19,1469730,1763799326.7062485
AUROW,2022-01-26,34394,1763799327.8872392
AUROW,2022-02-04,74196,1763799329.0527203
AUROW,2022-02-11,21095,1763799330.126187
AUROW,2022-04-11,17991,1763799331.2136865
AUROW,2022-09-02,166109,1763799332.453435
AUROW,2024-11-18,29065,1763799333.5348227
AUROW,2024-12-06,74279,1763799334.7410707
AUTL,2021-05-12,3319109,1763799338.6943662
AUTL,2021-11-08,9595569,1763799352.814476
AUTL,2022-10-04,150526,1763799354.2192388
AUUD,2021-06-22,1819271,1763799357.8728106
AUUD,2021-06-23,4881706,1763799366.662035
AUUD,2021-06-25,2068962,1763799370.6505208
AUUD,2021-06-28,7929227,1763799379.8058958
AUUD,2021-06-29,18758823,1763799389.6838102
AUUD,2021-07-01,3162028,1763799391.9921842
AUUD,2021-08-16,2595112,1763799394.3794837
AUUD,2021-09-29,583928,1763799395.7477472
AUUD,2021-10-28,1073012,1763799397.2974086
AUUD,2022-07-15,182246,1763799398.471367
AUUD,2022-11-10,38549,1763799399.5819304
AUUD,2023-04-13,5760986,1763799402.9882963
AUUD,2023-04-18,907642,1763799404.4615848
AUUD,2023-06-12,16297191,1763799420.3863232
AUUD,2023-09-28,459000,1763799421.883998
AUUD,2024-02-05,77688,1763799423.0378954
AUUD,2024-02-15,729116,1763799424.4257948
AUUD,2024-04-08,34109732,1763799458.102662
AUUD,2024-04-16,969427,1763799459.943669
AUUD,2024-08-20,7686593,1763799469.025028
AUUD,2024-09-03,12601126,1763799481.6737971
AUUDW,2021-02-24,33907,1763799482.8216395
AUUDW,2021-06-23,180648,1763799484.0338554
AUUDW,2021-06-25,80219,1763799485.1890206
AUUDW,2021-06-28,175063,1763799486.6938777
AUUDW,2021-06-29,418829,1763799488.123652
AUUDW,2021-07-01,174395,1763799489.3286998
AUUDW,2022-01-06,28380,1763799490.4018528
AVAH,2022-10-17,343497,1763799491.8465817
AVAH,2023-01-13,1121082,1763799494.1929834
AVAH,2023-03-08,971139,1763799495.841364
AVAH,2023-06-23,215508,1763799497.6139128
AVAH,2024-08-08,300018,1763799498.9804466
AVAV,2021-01-14,928176,1763799500.6590815
AVAV,2023-09-06,2626130,1763799505.8588674
AVAV,2024-03-05,4080689,1763799512.6862545
AVD,2024-03-15,730594,1763799514.514156
AVDL,2020-02-21,995232,1763799516.5192206
AVDL,2020-03-19,360229,1763799518.0396862
AVDL,2020-04-27,2035903,1763799520.4698634
AVDL,2022-04-26,3036628,1763799523.3783908
AVDL,2022-05-27,15815408,1763799533.7544124
AVDL,2022-07-05,882365,1763799535.2702444
AVDL,2022-10-05,2331845,1763799537.364862
AVDL,2022-11-11,888292,1763799539.0049925
AVGX,2024-12-13,1817128,1763799541.917773
AVIR,2021-01-29,613436,1763799543.7666354
AVIR,2021-10-01,7938015,1763799556.6740348
AVIR,2023-05-22,1918335,1763799560.643253
AVL,2024-12-13,399355,1763799562.0928302
AVNW,2020-05-13,132158,1763799563.2559443
AVNW,2021-02-04,669085,1763799565.1069956
AVNW,2024-10-07,742347,1763799566.6507666
AVTR,2020-03-19,3140774,1763799570.3476999
AVTX,2022-05-17,181542,1763799571.6715581
AVTX,2022-06-03,301699,1763799574.0434496
AVTX,2022-08-09,155814,1763799575.339757
AVTX,2022-08-12,141291,1763799576.575516
AVTX,2023-04-10,64960,1763799577.7062848
AVTX,2023-04-11,116987,1763799578.8981164
AVTX,2023-06-07,42290,1763799580.025562
AVTX,2023-06-15,88751,1763799581.188115
AVTX,2023-09-12,10189822,1763799592.5765357
AVTX,2023-09-13,23022811,1763799618.4326339
AVTX,2023-09-14,25235959,1763799642.8686373
AVTX,2023-09-22,13603429,1763799649.9970737
AVTX,2023-09-25,20335118,1763799665.931537
AVTX,2023-09-26,21782104,1763799698.5649855
AVTX,2023-10-11,6431343,1763799708.5038197
AVTX,2023-12-13,4890562,1763799716.341381
AVTX,2023-12-14,7256010,1763799726.9417763
AVTX,2023-12-21,1454045,1763799729.9643624
AVTX,2024-03-28,18912642,1763799750.039691
AVXL,2021-02-03,4474485,1763799753.1728554
AVXL,2021-02-04,29866346,1763799804.867481
AVXL,2021-06-14,5140579,1763799809.5455558
AVXL,2022-12-02,12930780,1763799817.4174483
AVXL,2024-12-23,3001324,1763799820.010363
AVXL,2024-12-26,2367119,1763799821.8846166
AWRE,2023-11-02,841671,1763799823.394269
AXGN,2020-07-01,1678823,1763799825.1372771
AXGN,2022-05-05,1084145,1763799826.7906973
AXGN,2023-11-07,555361,1763799828.1902676
AXGN,2024-08-08,1133956,1763799829.8231907
AXL,2020-03-24,3542815,1763799832.1835463
AXL,2020-05-08,3979576,1763799834.988083
AXON,2024-11-08,6886625,1763799839.0536158
AXSM,2020-03-20,1635326,1763799841.632529
AXSM,2020-04-27,3537071,1763799847.913385
AXSM,2022-06-27,9628066,1763799858.7660322
AXSM,2022-08-19,9911923,1763799865.678447
AXSM,2022-11-28,5486082,1763799871.090505
AXTI,2021-02-19,1185782,1763799872.853379
AXTI,2024-02-23,20164634,1763799885.6191227
AXTI,2024-05-03,3825926,1763799889.5130503
AYTU,2020-03-10,14599787,1763799910.2787979
AYTU,2020-03-12,16736335,1763799938.2008836
AYTU,2020-03-16,12516336,1763799947.8531532
AYTU,2020-03-23,12815401,1763799955.0874262
AYTU,2020-04-27,14281519,1763799963.3351595
AYTU,2020-12-10,4126013,1763799967.331755
AYTU,2022-06-30,277998,1763799968.6334443
AYTU,2023-09-28,1176676,1763799970.4707806
AZ,2022-05-13,44074,1763799971.5864916
AZ,2022-10-13,282673,1763799972.8603053
AZ,2024-03-27,105496,1763799974.0162904
AZ,2024-07-09,196431,1763799975.239401
AZ,2024-07-12,125787,1763799976.4255574
AZ,2024-10-10,268977,1763799977.7093785
AZI,2024-08-29,3160971,1763799981.4714823
AZI,2024-09-30,132268,1763799982.7493029
AZI,2024-11-01,78079,1763799983.942264
AZI,2024-11-04,238073,1763799985.366233
AZI,2024-11-08,2984793,1763799987.9018614
AZI,2024-11-18,1167045,1763799989.6433334
AZI,2024-12-09,206479,1763799990.9434404
AZTA,2022-11-15,3646505,1763799994.9385965
BA,2020-03-25,63348206,1763800074.615184
BABA,2022-03-16,82804061,1763800123.4866316
BAER,2023-02-24,12997648,1763800138.9942381
BAER,2023-03-14,355105,1763800140.556179
BAER,2023-05-19,169022,1763800141.815202
BAER,2023-06-07,504566,1763800143.2709656
BAER,2023-10-24,496502,1763800144.6762605
BAER,2024-09-09,266680,1763800145.962208
BAER,2024-10-18,689133,1763800147.3570385
BAK,2020-03-25,282428,1763800148.654295
BAK,2020-03-26,406184,1763800150.0181181
BAK,2023-05-05,3643731,1763800154.3673618
BALY,2020-11-20,1469849,1763800156.158813
BAND,2022-11-02,4774991,1763800161.8545732
BAND,2024-02-28,1973991,1763800164.363101
BANFP,2023-01-04,22053,1763800165.4690597
BANL,2023-03-27,270131,1763800166.7276928
BANL,2023-03-28,519373,1763800168.1920648
BANL,2023-03-29,1190715,1763800169.8836732
BANL,2023-04-13,253537,1763800171.200026
BANL,2023-04-21,398548,1763800172.5185463
BANL,2024-01-16,1199913,1763800174.0394576
BANL,2024-07-17,1001589,1763800175.4738133
BANL,2024-08-26,62880,1763800176.623221
BANX,2020-03-19,76835,1763800177.8020647
BANX,2020-03-24,43461,1763800178.9128804
BAOS,2021-03-15,128187,1763800180.0627537
BAOS,2021-06-11,694938,1763800181.4429204
BAOS,2021-06-29,567663,1763800182.7640314
BAOS,2021-07-12,737924,1763800184.19255
BAOS,2021-07-13,4601620,1763800187.2090993
BAOS,2021-08-05,2179570,1763800189.0377288
BAOS,2021-11-02,8366883,1763800193.8517423
BAOS,2022-01-07,105211,1763800195.1729224
BAOS,2022-02-28,136918,1763800196.3454256
BAOS,2022-03-18,65741,1763800197.5224235
BAOS,2022-03-29,192790,1763800198.7376347
BAOS,2022-04-19,173989,1763800200.9455814
BAOS,2022-04-20,1703632,1763800203.8063712
BAOS,2022-05-05,75834,1763800204.9967628
BAOS,2022-05-10,358500,1763800207.3560908
BAOS,2022-06-23,102651,1763800208.4960897
BAOS,2022-07-22,361238,1763800209.7940674
BAOS,2022-08-04,344862,1763800211.2003741
BAOS,2023-03-22,1096409,1763800212.8689451
BAOS,2023-03-23,570939,1763800214.4266558
BAOS,2023-03-28,105997,1763800215.6402297
BAOS,2023-04-28,164624,1763800216.8538835
BAOS,2023-05-01,2733853,1763800219.8488593
BAOS,2023-05-02,3854183,1763800224.7636433
BAOS,2023-05-05,1726125,1763800227.791617
BAOS,2023-05-15,370610,1763800229.3094056
BAOS,2023-06-08,9124323,1763800242.877798
BAOS,2023-06-28,1734771,1763800246.7433176
BAOS,2023-08-16,386433,1763800248.2801476
BAOS,2023-12-26,430456,1763800249.928412
BAOS,2024-02-08,223639,1763800251.3225427
BAOS,2024-02-14,153023,1763800252.5540583
BAOS,2024-07-12,131633,1763800253.8312466
BAOS,2024-09-23,39189,1763800254.970955
BAOS,2024-12-06,90736,1763800256.2150645
BAOS,2024-12-24,21126451,1763800282.83989
BAOS,2024-12-27,1184849,1763800284.5971477
BAOS,2024-12-30,644803,1763800286.065575
BARK,2022-01-11,4409088,1763800288.9031126
BARK,2024-01-09,1641401,1763800290.836524
BARK.WS,2021-06-09,72024,1763800291.9876478
BB,2020-12-01,35602233,1763800320.9170952
BB,2021-01-25,84756678,1763800442.7683787
BB,2021-01-27,159459544,1763800536.1932383
BB,2021-06-02,83279384,1763800642.6997364
BB,2021-06-03,190026476,1763800779.6123757
BBAI,2022-04-06,8762929,1763800791.6261172
BBAI,2022-08-05,3182950,1763800795.9179242
BBAI,2022-09-29,8445482,1763800806.9953184
BBAI,2022-10-27,290511,1763800808.381943
BBAI,2023-01-12,21243623,1763800840.5690851
BBAI,2023-01-30,14687220,1763800857.6213508
BBAI,2023-02-03,13448415,1763800866.0562465
BBAI,2023-02-06,19507318,1763800876.0254428
BBAI,2023-03-21,3129701,1763800880.2360306
BBAI,2023-04-03,8695679,1763800892.7301025
BBAI,2024-02-27,9796900,1763800905.9211895
BBAI,2024-03-04,16399232,1763800929.238468
BBAI,2024-08-21,11374666,1763800944.7179859
BBAI,2024-12-03,7579179,1763800954.6881773
BBAI,2024-12-09,19143889,1763800977.0954447
BBAI.WS,2022-02-25,120166,1763800978.3994772
BBAI.WS,2022-04-05,78552,1763800979.5372977
BBAI.WS,2022-04-06,240230,1763800980.7574253
BBAI.WS,2024-03-04,206358,1763800981.980782
BBAI.WS,2024-12-09,228082,1763800983.2404368
BBAI.WS,2024-12-30,119960,1763800984.4783034
BBBY,2020-04-27,8079448,1763800990.702073
BBBY,2020-10-01,16914709,1763800999.9905565
BBBY,2021-01-25,28289949,1763801025.9120812
BBBY,2021-01-27,39966256,1763801094.4711592
BBBY,2021-06-02,28738223,1763801118.152724
BBBY,2021-06-30,16523175,1763801127.5737758
BBBY,2021-11-03,35699530,1763801150.9441593
BBBY,2022-03-07,30093704,1763801170.0831263
BBBY,2022-07-07,12044133,1763801177.4519765
BBBY,2022-08-05,13057761,1763801196.755077
BBBY,2022-08-08,35329285,1763801246.7172954
BBBY,2022-08-15,43952310,1763801325.8389933
BBBY,2022-08-16,117972594,1763801412.3241365
BBBY,2022-08-17,156721774,1763801593.780158
BBBY,2022-08-24,29404295,1763801611.9060323
BBBY,2022-08-29,33474944,1763801631.3614435
BBBY,2023-01-09,13557434,1763801652.8039525
BBBY,2023-01-10,19162534,1763801684.781105
BBBY,2023-01-11,32754498,1763801704.2212183
BBBY,2023-01-12,58951861,1763801735.0081248
BBBY,2023-02-06,35310161,1763801754.0085838
BBCP,2020-04-23,317655,1763801755.6298149
BBCP,2020-06-26,104772,1763801756.786992
BBDO,2020-03-24,33136,1763801757.916771
BBGI,2020-06-16,441274,1763801759.8261912
BBGI,2020-06-19,5176723,1763801767.4005973
BBGI,2020-11-03,14062987,1763801783.0330217
BBGI,2024-08-05,284682,1763801784.5278687
BBIO,2020-03-19,1048670,1763801786.7288375
BBIO,2020-03-20,2341005,1763801789.6016624
BBIO,2023-03-06,10954894,1763801797.2410975
BBIO,2023-07-17,18102895,1763801807.4657435
BBIO,2024-11-25,6941321,1763801811.907763
BBLG,2021-11-15,1595738,1763801813.7307186
BBLG,2021-11-16,2349416,1763801815.7359288
BBLG,2022-01-10,14392160,1763801823.337582
BBLG,2022-03-09,270884,1763801824.680865
BBLG,2022-03-17,80540,1763801825.8240948
BBLG,2022-03-21,2256061,1763801827.6264398
BBLG,2022-08-04,45698,1763801828.7631383
BBLG,2022-09-01,284043,1763801829.9904292
BBLG,2022-09-21,99529,1763801831.1921725
BBLG,2022-11-15,94284,1763801832.3286195
BBLG,2022-12-12,339794,1763801833.5935662
BBLG,2022-12-27,131353,1763801834.7286682
BBLG,2023-04-11,250285,1763801835.9649615
BBLG,2023-05-10,120676,1763801837.1652987
BBLG,2023-05-16,549958,1763801838.462333
BBLG,2023-06-21,285192,1763801839.7832081
BBLG,2023-08-17,1191291,1763801841.3482122
BBLG,2023-08-25,205052,1763801842.6012256
BBLG,2023-11-16,6969707,1763801846.3049047
BBLG,2023-12-27,566727,1763801847.6698704
BBLG,2023-12-28,4099036,1763801850.3927183
BBLG,2024-01-03,575399,1763801851.8532293
BBLG,2024-01-22,166334,1763801853.2493613
BBLG,2024-02-09,115569,1763801854.5682473
BBLG,2024-02-22,66477,1763801855.686512
BBLG,2024-05-15,307574,1763801857.294916
BBLG,2024-07-23,1642042,1763801860.4698553
BBLG,2024-07-24,10780765,1763801871.5853627
BBLG,2024-07-31,1001991,1763801873.3126235
BBLG,2024-08-01,17541032,1763801889.3353467
BBLG,2024-09-16,21807585,1763801902.569702
BBLG,2024-09-18,2644881,1763801904.71654
BBLG,2024-09-20,921685,1763801906.2375317
BBLG,2024-10-03,329714,1763801907.5694654
BBLG,2024-10-16,605651,1763801909.0211701
BBLG,2024-11-25,164559,1763801910.2189124
BBLGW,2021-11-02,91844,1763801911.3688762
BBLGW,2021-11-15,195844,1763801912.5768497
BBLGW,2021-11-16,270695,1763801913.8376527
BBLGW,2021-12-02,38106,1763801914.9443123
BBLGW,2022-01-10,198481,1763801916.1940312
BBLGW,2022-02-02,12058,1763801917.2911644
BBLGW,2022-03-04,11154,1763801918.353742
BBLGW,2022-03-09,20968,1763801919.4678028
BBLGW,2022-03-16,10686,1763801920.5360677
BBLGW,2022-03-21,24837,1763801921.6247127
BBLGW,2022-05-23,13197,1763801922.762677
BBLGW,2022-06-16,11811,1763801923.872195
BBLGW,2022-09-29,11093,1763801924.948759
BBLGW,2022-11-18,10916,1763801926.0257986
BBLGW,2022-11-28,10943,1763801927.0881562
BBLGW,2022-12-12,15333,1763801928.1807833
BBLGW,2022-12-15,10496,1763801929.2436836
BBLGW,2022-12-23,10868,1763801930.3306103
BBLGW,2023-01-03,10577,1763801931.3925185
BBLGW,2023-01-19,11147,1763801932.4581165
BBLGW,2023-01-25,10747,1763801933.5509038
BBLGW,2023-02-01,10564,1763801934.647347
BBLGW,2023-03-06,10929,1763801935.760012
BBLGW,2023-04-11,10689,1763801936.8173213
BBLGW,2023-06-21,13223,1763801937.9478211
BBLGW,2023-06-22,14393,1763801939.0260515
BBLGW,2023-06-23,16156,1763801940.1018069
BBLGW,2023-07-07,16254,1763801941.1829925
BBLGW,2023-08-21,12171,1763801942.260309
BBLGW,2023-08-28,15657,1763801943.3275578
BBLGW,2023-09-11,18871,1763801944.444739
BBLGW,2023-09-15,30899,1763801945.5792675
BBLGW,2023-09-20,26442,1763801946.6681783
BBLGW,2023-09-25,13397,1763801947.7378416
BBLGW,2023-09-26,14308,1763801948.8332212
BBLGW,2023-09-28,22998,1763801949.927502
BBLGW,2023-10-31,16922,1763801951.0111666
BBLGW,2023-11-07,11781,1763801952.0736268
BBLGW,2023-11-08,15123,1763801953.1467104
BBLGW,2023-12-18,14437,1763801955.2310843
BBLGW,2023-12-19,25369,1763801956.3150635
BBLGW,2023-12-21,23502,1763801957.4092834
BBLGW,2023-12-28,42723,1763801958.512097
BBLGW,2024-01-05,15480,1763801959.599859
BBLGW,2024-01-09,23008,1763801960.7077248
BBLGW,2024-01-16,14213,1763801962.1389484
BBLGW,2024-01-22,13491,1763801963.2139156
BBLGW,2024-01-31,22674,1763801965.3183491
BBLGW,2024-02-26,14283,1763801966.3894658
BBLGW,2024-03-04,14856,1763801967.4906707
BBLGW,2024-03-05,15082,1763801968.5927927
BBLGW,2024-04-09,14140,1763801969.7397807
BBLGW,2024-04-18,14245,1763801970.860159
BBLGW,2024-05-15,21794,1763801971.9494538
BBLGW,2024-07-09,10698,1763801973.045987
BBLGW,2024-10-21,20155,1763801974.329579
BBLGW,2024-12-31,13205,1763801975.502691
BBW,2020-04-20,465257,1763801977.2368376
BBW,2020-10-30,265468,1763801978.7016006
BBW,2021-01-27,2645857,1763801982.6137025
BBW,2021-01-29,3997482,1763801987.912938
BBW,2021-05-26,1926862,1763801991.6789865
BBW,2021-12-01,2212006,1763801995.6971068
BCAB,2020-12-17,1805428,1763801999.068225
BCAB,2022-08-10,5052847,1763802007.8813488
BCAB,2022-08-11,7398669,1763802020.9383914
BCAB,2022-08-16,2775394,1763802024.9780588
BCAB,2022-11-04,4174261,1763802029.177643
BCAB,2023-12-27,466442,1763802030.6990938
BCAB,2024-05-01,1313730,1763802032.7588868
BCAB,2024-10-01,1740442,1763802035.0046327
BCAB,2024-10-02,2808156,1763802037.8659196
BCAB,2024-11-22,449917,1763802039.372269
BCDA,2020-01-13,233561,1763802040.6478279
BCDA,2020-03-19,17124,1763802041.7565672
BCDA,2020-03-24,14814,1763802042.8738382
BCDA,2020-04-28,92751,1763802044.0122223
BCDA,2020-06-24,799912,1763802045.6291258
BCDA,2020-12-10,162654,1763802046.8584473
BCDA,2020-12-14,14716754,1763802063.4139197
BCDA,2020-12-15,27792234,1763802100.0574274
BCDA,2022-01-31,76619,1763802101.41304
BCDA,2022-02-03,7208009,1763802106.1482055
BCDA,2022-04-12,5809846,1763802110.0207484
BCDA,2023-10-11,169697,1763802111.266147
BCDA,2023-11-14,15677832,1763802120.2485416
BCDA,2024-08-29,13396218,1763802129.1032393
BCG,2024-03-28,764387,1763802130.72584
BCG,2024-04-08,60307,1763802131.8978958
BCG,2024-05-22,954965,1763802133.8227222
BCG,2024-05-23,7365363,1763802141.4079928
BCG,2024-08-13,52036,1763802142.5496707
BCG,2024-08-14,469908,1763802143.8698187
BCG,2024-11-11,8733991,1763802149.4219322
BCG,2024-11-12,9209958,1763802154.5687695
BCG,2024-12-06,121222,1763802155.8887117
BCG,2024-12-26,3391144,1763802159.254297
BCML,2020-03-19,73955,1763802160.495147
BCO,2020-07-29,2046458,1763802162.7321398
BCRX,2020-03-19,2714321,1763802165.7092943
BCRX,2020-04-13,3581195,1763802170.1425588
BCRX,2021-02-01,8731298,1763802180.6751823
BCSF,2020-03-24,513451,1763802182.2814493
BCSF,2020-03-26,366080,1763802183.8004613
BCTX,2021-06-02,26649435,1763802201.4564357
BCTX,2021-07-09,1549142,1763802203.3114088
BCTX,2024-09-11,18442771,1763802214.8009117
BCTX,2024-09-27,585996,1763802216.3253467
BCTX,2024-09-30,1114504,1763802217.9555178
BCTX,2024-11-21,523130,1763802219.2760773
BCTX,2024-12-09,341427,1763802220.6875865
BCTXW,2021-03-01,25010,1763802221.8249457
BCTXW,2021-04-07,31857,1763802222.9309824
BCTXW,2021-05-05,17836,1763802224.0500026
BCTXW,2021-06-02,280839,1763802225.3565161
BCTXW,2021-06-03,348534,1763802226.6679306
BCTXW,2021-06-16,82072,1763802227.8948205
BCTXW,2021-06-28,46463,1763802229.1839557
BCTXW,2021-09-22,128606,1763802230.372392
BCTXW,2021-09-23,182117,1763802231.634076
BCTXW,2021-09-24,134088,1763802232.8102176
BCTXW,2021-12-01,133329,1763802234.0299666
BCTXW,2023-11-03,16012,1763802235.2687695
BCTXW,2023-11-24,13204,1763802236.331031
BCTXW,2023-12-20,15735,1763802237.4087346
BCTXW,2023-12-27,17508,1763802238.4964583
BCTXW,2024-02-06,50597,1763802239.7230408
BCTXW,2024-02-14,15839,1763802240.8552802
BCYC,2021-01-14,652534,1763802242.8880053
BCYC,2022-04-08,2060429,1763802247.1705384
BCYC,2024-09-09,568267,1763802249.3519125
BDMD,2024-11-26,98440,1763802250.8495123
BDMD,2024-12-19,348820,1763802252.3616693
BDMD,2024-12-23,213140,1763802253.6631088
BDMD,2024-12-31,22417464,1763802294.4013457
BDRX,2023-03-28,4976257,1763802302.3954933
BDRX,2023-06-16,1924112,1763802305.9581244
BDRX,2023-07-11,2078012,1763802310.3918493
BDRX,2023-07-14,1727612,1763802314.323259
BDRX,2023-07-19,1122204,1763802317.254187
BDRX,2023-07-21,852014,1763802319.9016466
BDRX,2023-07-24,1270990,1763802322.9135532
BDRX,2023-08-04,1459287,1763802325.9300241
BDRX,2023-08-08,425955,1763802327.7350502
BDRX,2023-08-31,4654361,1763802335.1131601
BDRX,2023-09-07,614490,1763802337.1442454
BDRX,2023-11-07,186196,1763802338.6566188
BDRX,2023-11-27,13130214,1763802358.9770758
BDRX,2024-02-06,180136,1763802360.4073918
BDRX,2024-02-07,2607525,1763802366.3465097
BDRX,2024-02-13,5560683,1763802375.7743518
BDRX,2024-03-28,14550802,1763802401.2510595
BDRX,2024-04-26,11964446,1763802424.0418632
BDRX,2024-05-21,20848633,1763802445.4198596
BDRX,2024-07-11,8980529,1763802451.2177343
BDRX,2024-10-16,7141661,1763802455.9285977
BDRX,2024-11-21,2416125,1763802458.030548
BDSX,2022-01-31,155595,1763802459.3096154
BDSX,2022-04-12,3701418,1763802462.6341617
BDSX,2022-06-07,174822,1763802463.866254
BDSX,2022-09-09,659544,1763802465.3383853
BDSX,2022-10-04,113630,1763802466.5498981
BDSX,2022-11-30,230921,1763802468.0142655
BDTX,2020-03-20,509390,1763802469.6696491
BDTX,2022-12-28,268918,1763802471.1715324
BDTX,2023-03-09,248030,1763802472.5422719
BDTX,2023-03-13,337562,1763802474.1179068
BDTX,2023-06-27,38836966,1763802513.4461126
BE,2020-03-19,2061470,1763802515.5310636
BE,2020-03-24,2306983,1763802517.6724148
BE,2020-06-30,7220046,1763802523.632677
BE,2020-07-15,6899059,1763802530.199222
BE,2021-10-25,10373553,1763802540.862853
BE,2024-11-15,18455096,1763802550.4698963
BEAG,2024-12-16,12447,1763802551.6607735
BEAM,2020-03-20,592252,1763802553.1183445
BEAM,2024-02-27,4804132,1763802559.5691416
BEAT,2021-12-01,260518,1763802561.0674214
BEAT,2022-04-20,865985,1763802562.9683034
BEAT,2022-09-15,13864825,1763802586.7382119
BEAT,2022-09-22,3543059,1763802593.7083693
BEAT,2022-09-26,1298506,1763802596.9753704
BEAT,2022-09-28,1994594,1763802600.8687623
BEAT,2022-09-29,3734671,1763802607.3551557
BEAT,2022-10-03,1970505,1763802611.0547006
BEAT,2022-10-06,7334751,1763802623.82041
BEAT,2023-05-30,3925285,1763802631.2085223
BEAT,2023-12-21,883536,1763802633.2212706
BEAT,2023-12-22,1163157,1763802635.3321416
BEAT,2024-03-07,515848,1763802636.852644
BEAT,2024-07-02,151703,1763802638.0843692
BEATW,2021-11-12,586662,1763802639.8152456
BEATW,2021-12-20,19807,1763802640.9999373
BEATW,2022-10-03,22815,1763802642.2560997
BEATW,2022-10-06,44603,1763802643.3578255
BEATW,2022-10-11,18759,1763802644.445796
BEATW,2022-12-13,26880,1763802645.529015
BEATW,2023-02-15,16597,1763802646.7262287
BEATW,2024-05-30,20992,1763802647.82901
BEDU,2021-09-08,490013,1763802649.373322
BEDU,2022-07-20,387674,1763802650.8308246
BEDU,2023-12-13,36238,1763802651.986066
BEDU,2024-02-06,27514,1763802653.0899606
BEDU,2024-02-29,93034,1763802654.891941
BEDU,2024-07-31,66420,1763802656.0093906
BEEM,2020-11-23,2887043,1763802660.6657445
BEEP,2023-12-06,124093,1763802661.9338849
BEEP,2023-12-12,148224,1763802663.1650825
BEKE,2022-03-16,33500275,1763802687.2463036
BELFA,2020-05-22,18053,1763802688.666226
BELFA,2020-10-30,49996,1763802689.9033706
BELFA,2021-04-30,27663,1763802691.0437615
BELFB,2020-05-01,186886,1763802692.2970822
BELFB,2020-06-05,123914,1763802693.5719934
BELFB,2021-04-30,502120,1763802694.9674597
BENF,2023-06-28,1411428,1763802696.5883863
BENF,2023-08-10,364876,1763802697.9572737
BENF,2023-08-30,200216,1763802699.1805186
BENF,2024-03-07,4112126,1763802703.2434819
BENF,2024-04-08,3910580,1763802706.2007499
BENF,2024-04-12,5169405,1763802709.4937365
BENF,2024-04-22,994621,1763802711.0539794
BENF,2024-05-03,13234672,1763802719.1502798
BENF,2024-05-06,17362544,1763802730.950609
BENF,2024-06-11,442800,1763802732.5188363
BENF,2024-07-05,12229224,1763802738.9413133
BENF,2024-09-06,21727349,1763802753.3868139
BENF,2024-10-04,15523445,1763802774.5855465
BENF,2024-11-15,18867576,1763802799.0677013
BFLY,2022-08-11,5048066,1763802807.0872095
BFLY,2023-04-04,7709536,1763802819.3999267
BFLY,2024-01-08,991678,1763802821.7455711
BFLY,2024-02-26,1881143,1763802824.3021357
BFLY,2024-09-04,2048207,1763802826.5523279
BFLY.WS,2021-02-17,390709,1763802827.9286273
BFLY.WS,2021-08-09,61374,1763802829.0446067
BFLY.WS,2021-11-16,147949,1763802830.313856
BFLY.WS,2022-01-11,36242,1763802831.5762079
BFLY.WS,2022-03-24,17802,1763802832.8604991
BFLY.WS,2022-08-11,149185,1763802834.0273423
BFRG,2023-02-28,153967,1763802835.247493
BFRG,2023-03-03,1695993,1763802837.2909944
BFRG,2023-04-03,543450,1763802838.8339343
BFRG,2023-04-04,12257576,1763802858.4472752
BFRG,2023-04-12,2224033,1763802863.0015016
BFRG,2023-04-14,5202085,1763802871.861431
BFRG,2023-04-20,1924294,1763802875.6681633
BFRG,2023-07-25,12135784,1763802893.6993933
BFRG,2023-09-26,6436688,1763802903.9981687
BFRG,2024-01-17,13391896,1763802926.294044
BFRG,2024-01-19,9574776,1763802940.6858194
BFRG,2024-01-22,14055277,1763802959.489907
BFRG,2024-07-11,766104,1763802961.1272368
BFRG,2024-07-25,368060,1763802962.4398606
BFRG,2024-09-23,152179,1763802963.7090406
BFRGW,2023-03-10,16128,1763802964.7970395
BFRGW,2023-04-04,166359,1763802966.03944
BFRGW,2023-04-12,22986,1763802967.1524014
BFRGW,2023-04-13,38728,1763802968.2429624
BFRGW,2023-04-14,44380,1763802969.3859746
BFRGW,2023-04-20,42432,1763802970.496938
BFRGW,2024-01-22,69579,1763802971.6988907
BFRGW,2024-01-23,69292,1763802972.9143515
BFRGW,2024-02-22,17425,1763802974.0274348
BFRGW,2024-03-15,31580,1763802975.1422155
BFRI,2021-11-24,32973129,1763803016.3705554
BFRI,2021-11-26,19154163,1763803045.7490685
BFRI,2021-11-29,32259738,1763803086.9046347
BFRI,2021-12-02,13102718,1763803108.5012395
BFRI,2021-12-08,1445944,1763803111.7257497
BFRI,2021-12-10,6208843,1763803120.8321886
BFRI,2021-12-13,16600456,1763803149.6752133
BFRI,2021-12-15,16960728,1763803180.1501691
BFRI,2021-12-21,22441530,1763803220.4203234
BFRI,2021-12-23,11864281,1763803238.7553055
BFRI,2022-02-01,7025008,1763803249.9122071
BFRI,2022-04-07,986836,1763803252.3566573
BFRI,2022-04-08,7378832,1763803263.1224456
BFRI,2022-04-13,5740813,1763803272.8582704
BFRI,2023-06-20,882758,1763803275.175217
BFRI,2023-07-20,549695,1763803277.012104
BFRI,2023-10-19,865242,1763803279.4712822
BFRI,2024-01-04,344522,1763803281.039759
BFRI,2024-02-20,5870915,1763803290.731862
BFRI,2024-03-07,116109,1763803292.0059087
BFRI,2024-03-28,65036,1763803293.113071
BFRI,2024-04-01,129507,1763803294.350382
BFRI,2024-10-31,15503864,1763803320.619099
BFRIW,2021-11-04,30534,1763803321.815339
BFRIW,2021-11-24,495982,1763803323.6823084
BFRIW,2021-11-26,394359,1763803325.133295
BFRIW,2021-11-29,727312,1763803327.183242
BFRIW,2021-12-02,202103,1763803328.4540217
BFRIW,2021-12-08,49600,1763803329.5622187
BFRIW,2021-12-10,77992,1763803330.711769
BFRIW,2021-12-13,187296,1763803331.9519846
BFRIW,2021-12-14,210574,1763803333.166825
BFRIW,2021-12-15,191963,1763803334.4371295
BFRIW,2021-12-17,129696,1763803335.6270957
BFRIW,2021-12-20,160346,1763803336.8699262
BFRIW,2021-12-21,435826,1763803338.6399205
BFRIW,2021-12-23,205202,1763803339.980739
BFRIW,2022-01-10,100888,1763803341.186028
BFRIW,2022-02-01,39344,1763803342.3025355
BFRIW,2022-02-24,22320,1763803343.52526
BFRIW,2022-04-08,64740,1763803344.629571
BFRIW,2022-04-13,179022,1763803345.7946234
BFRIW,2022-05-12,14465,1763803346.8967502
BFRIW,2022-05-24,11721,1763803347.9688647
BFRIW,2022-07-20,11261,1763803349.0565548
BFRIW,2022-07-25,10487,1763803350.128894
BFSpE,2020-03-26,64373,1763803353.9197588
BFST,2020-03-26,73820,1763803351.322176
BFST,2023-07-28,314820,1763803352.678848
BGLC,2022-01-06,10874,1763803355.0038183
BGLC,2022-01-07,11018,1763803356.0825565
BGLC,2022-03-11,10373,1763803357.1579845
BGLC,2022-12-12,10429,1763803358.2293591
BGLC,2023-02-22,11257,1763803359.302668
BGLC,2023-02-23,11287,1763803360.3787305
BGLC,2023-03-13,11630,1763803361.4571486
BGLC,2023-04-19,10884,1763803362.5348878
BGLC,2023-05-09,10757,1763803363.6110973
BGLC,2023-05-17,11395,1763803364.693891
BGLC,2023-05-18,106321,1763803365.853556
BGLC,2023-06-07,12111,1763803366.9320781
BGLC,2023-06-20,14819,1763803368.003502
BGLC,2023-06-29,12139,1763803369.0774565
BGLC,2023-07-03,11380,1763803370.1650114
BGLC,2023-07-05,17295,1763803371.242392
BGLC,2023-07-12,225959,1763803372.444227
BGLC,2023-07-13,337831,1763803373.7734747
BGLC,2023-07-21,7568329,1763803381.1652455
BGLC,2023-07-28,3147386,1763803385.3115392
BGLC,2023-08-09,1036059,1763803386.979594
BGLC,2023-08-17,6147818,1763803394.2415411
BGLC,2023-08-21,1380537,1763803396.5679462
BGLC,2023-08-22,3238217,1763803401.7393818
BGLC,2023-08-23,6566155,1763803407.6478217
BGLC,2023-08-28,1518742,1763803409.5428603
BGLC,2023-09-19,223724,1763803410.8366382
BGLC,2023-11-24,10228659,1763803417.429956
BGLC,2023-11-29,2592120,1763803419.6137
BGLC,2023-11-30,3469227,1763803422.144557
BGLC,2023-12-07,194654,1763803423.3715446
BGLC,2024-02-13,12461717,1763803431.1562052
BGLC,2024-03-01,192491,1763803432.5105488
BGLC,2024-03-04,446040,1763803433.89775
BGLC,2024-04-18,391790,1763803435.1578016
BGLC,2024-06-04,474810,1763803436.4501715
BGLC,2024-06-06,172929,1763803437.6588666
BGLC,2024-07-24,177318,1763803438.885448
BGLC,2024-09-11,220018,1763803440.1251302
BGLC,2024-09-12,1220534,1763803441.7325368
BGLC,2024-12-02,1649666,1763803443.8419707
BGM,2024-11-29,143680,1763803445.0045338
BGM,2024-12-02,245599,1763803446.3370135
BGS,2021-01-25,5776992,1763803452.2583544
BGS,2023-03-01,4145695,1763803458.6458015
BHAT,2020-02-06,136067,1763803459.9636004
BHAT,2020-02-20,299151,1763803461.3610537
BHAT,2020-03-05,128593,1763803462.637106
BHAT,2020-03-19,51957,1763803463.8017578
BHAT,2020-03-23,127664,1763803465.019686
BHAT,2020-05-01,169269,1763803466.3857174
BHAT,2020-05-28,2427035,1763803470.0801237
BHAT,2020-06-11,2086817,1763803473.3695114
BHAT,2020-06-16,926690,1763803475.4682126
BHAT,2021-01-29,2183505,1763803477.950473
BHAT,2021-03-12,3473051,1763803481.1655483
BHAT,2021-10-27,1522139,1763803483.1714544
BHAT,2021-12-06,594070,1763803484.6569784
BHAT,2022-01-19,560569,1763803486.1105468
BHAT,2022-06-22,1796905,1763803488.4383297
BHAT,2022-06-23,22675986,1763803503.190743
BHAT,2022-06-24,28315433,1763803520.2220018
BHAT,2022-06-29,2219382,1763803522.5884101
BHAT,2022-07-12,4648705,1763803525.686552
BHAT,2023-01-31,109955,1763803526.8794267
BHAT,2023-02-01,366932,1763803528.1539946
BHAT,2023-04-28,322914,1763803529.3955238
BHAT,2023-05-01,566683,1763803530.7919078
BHAT,2023-10-23,120884,1763803531.97801
BHAT,2023-10-25,176900,1763803533.40636
BHAT,2024-08-14,59446,1763803534.697057
BHAT,2024-09-27,96847,1763803536.0687914
BHAT,2024-10-02,143829,1763803537.287056
BHAT,2024-10-29,150292,1763803538.7813962
BHAT,2024-12-31,9657182,1763803550.9130101
BHC,2023-05-17,7765319,1763803556.4869802
BHF,2020-03-24,2194103,1763803558.860986
BHFAP,2020-03-24,65652,1763803560.010142
BHR,2020-03-19,425431,1763803561.3341134
BHR,2020-03-25,469078,1763803562.7018418
BHR,2020-03-26,636671,1763803564.1358109
BHR,2020-04-02,361147,1763803565.4099703
BHR,2020-04-06,457090,1763803566.7401807
BHR,2020-04-07,594937,1763803568.44773
BHR,2020-04-09,701005,1763803569.8865776
BHR,2020-11-09,694299,1763803571.3334966
BHRB,2022-11-15,12319,1763803572.4095652
BHRpB,2020-03-19,41335,1763803573.5573344
BHRpB,2020-04-09,41913,1763803574.736294
BHRpB,2020-05-26,22291,1763803576.7441106
BHRpD,2020-03-13,28416,1763803577.856792
BHRpD,2020-03-20,19470,1763803578.922409
BHRpD,2020-03-24,18236,1763803580.0095274
BHRpD,2020-03-25,22077,1763803581.198233
BHVN,2022-05-10,10823592,1763803595.3701634
BHVN,2022-10-05,7526239,1763803606.149434
BHVN,2023-09-27,3953834,1763803612.5479288
BIAF,2022-09-02,10758030,1763803628.845618
BIAF,2022-09-07,4355213,1763803632.358413
BIAF,2022-09-14,10991844,1763803639.0701559
BIAF,2022-09-28,10320927,1763803644.5419946
BIAF,2023-01-24,12887747,1763803651.356122
BIAF,2023-01-26,1559611,1763803653.2182164
BIAF,2024-02-23,68033,1763803654.418967
BIAF,2024-03-05,956112,1763803655.9831636
BIAF,2024-03-11,299700,1763803657.2408545
BIAF,2024-04-04,136509,1763803658.4566805
BIAF,2024-05-16,123376,1763803659.6835568
BIAF,2024-08-06,184418,1763803660.8985424
BIAF,2024-09-11,53309,1763803662.021911
BIAFW,2022-09-02,716373,1763803663.4920807
BIAFW,2022-09-07,82291,1763803664.6676152
BIAFW,2022-09-14,68998,1763803665.769981
BIAFW,2022-12-05,27542,1763803666.9429405
BIAFW,2024-08-12,17467,1763803668.037926
BIAFW,2024-08-14,25273,1763803669.168374
BIAFW,2024-08-19,27575,1763803670.2699466
BIAFW,2024-08-21,67860,1763803671.3858137
BIAFW,2024-08-23,20938,1763803672.4780166
BIAFW,2024-08-26,20725,1763803673.5760949
BIAFW,2024-08-27,17115,1763803674.7747784
BIAFW,2024-09-04,13936,1763803675.8709877
BIAFW,2024-09-13,15868,1763803676.9662285
BIAFW,2024-10-04,19741,1763803678.0490289
BIAFW,2024-10-15,28777,1763803679.1746886
BIAFW,2024-10-16,25264,1763803680.283631
BIAFW,2024-10-22,15345,1763803681.369541
BIAFW,2024-10-24,12007,1763803682.4680476
BIAFW,2024-11-04,20897,1763803683.580632
BIAFW,2024-11-05,24859,1763803684.6866224
BIAFW,2024-11-08,16881,1763803685.7649884
BIAFW,2024-11-15,17344,1763803686.8768153
BIDU,2022-03-16,15413984,1763803696.002037
BIIB,2020-02-05,7931432,1763803700.621675
BIIB,2020-11-04,10865605,1763803706.6253562
BIIB,2021-06-07,17543946,1763803726.9244816
BIIB,2022-09-28,13438456,1763803738.0329728
BILI,2022-03-16,16943603,1763803748.6184096
BILI,2022-11-15,8243809,1763803755.357064
BILL,2020-03-19,1684485,1763803758.6039696
BILL,2020-05-08,2284476,1763803762.099577
BILL,2021-02-05,5116381,1763803769.2187936
BILL,2021-08-27,7396416,1763803780.4869716
BILL,2022-02-04,9964079,1763803794.4181695
BIOA,2024-12-20,1850576,1763803798.6544642
BIOX,2021-03-16,1391401,1763803801.455365
BIRD,2023-08-09,1228726,1763803804.221281
BIRD,2024-08-07,421521,1763803805.9995182
BIRD,2024-09-11,193435,1763803807.3207097
BITF,2021-07-26,1676055,1763803810.601472
BITF,2023-01-12,913506,1763803812.559898
BIVI,2021-01-15,229746,1763803814.0060785
BIVI,2021-03-08,332551,1763803815.5626955
BIVI,2021-03-09,318670,1763803817.1391585
BIVI,2021-04-21,182064,1763803818.5042279
BIVI,2021-04-23,212240,1763803820.4081748
BIVI,2021-10-26,535243,1763803822.3097272
BIVI,2022-06-23,131284,1763803823.5500004
BIVI,2022-12-07,3369816,1763803829.4384322
BIVI,2022-12-08,4635793,1763803836.2681396
BIVI,2022-12-14,1627058,1763803838.7206976
BIVI,2023-02-23,553366,1763803840.3766818
BIVI,2023-03-06,567706,1763803842.1958852
BIVI,2023-10-31,1320667,1763803845.0988164
BIVI,2023-11-16,735857,1763803847.2475135
BIVI,2023-11-22,982613,1763803849.8619933
BIVI,2024-03-01,18201216,1763803882.5763142
BIVI,2024-08-16,1287907,1763803885.1658297
BIVI,2024-10-18,8215945,1763803891.7529006
BIVI,2024-10-21,36956199,1763803928.4347599
BIVI,2024-10-22,37105371,1763803949.1379492
BIVI,2024-10-23,14267590,1763803957.118003
BJDX,2022-06-09,5779896,1763803962.4446268
BJDX,2023-01-04,34555,1763803963.605385
BJDX,2023-02-08,300244,1763803964.8862853
BJDX,2023-05-31,1421126,1763803966.7043474
BJDX,2023-06-30,71675,1763803967.8449292
BJDX,2023-07-07,3468760,1763803973.1626267
BJDX,2023-07-24,4216368,1763803976.6321554
BJDX,2023-07-28,4113280,1763803981.1972656
BJDX,2023-08-03,5214145,1763803986.218111
BJDX,2023-09-20,10497795,1763804000.7359376
BJDX,2024-06-03,247859,1763804002.2583282
BJDX,2024-08-02,5589387,1763804007.936556
BJDX,2024-08-07,403658,1763804009.323926
BJDX,2024-08-19,450328,1763804010.6764827
BJDX,2024-11-05,15128355,1763804027.4825041
BJDX,2024-11-12,1479706,1763804029.6073816
BJDX,2024-12-05,9813617,1763804039.8381295
BJRI,2020-03-24,1371997,1763804043.544584
BJRI,2020-11-09,842192,1763804045.3429606
BKD,2020-03-24,2385743,1763804048.538914
BKD,2020-04-06,1768240,1763804050.7631147
BKD,2020-11-09,2427244,1763804053.255945
BKD,2023-04-11,2848167,1763804057.9306102
BKHAR,2024-05-14,16471,1763804059.0192194
BKHAR,2024-05-24,25075,1763804060.1883583
BKHAR,2024-06-10,15691,1763804061.2801113
BKHAR,2024-06-13,14948,1763804062.402523
BKHAR,2024-08-26,13219,1763804063.4854648
BKHAR,2024-08-27,14365,1763804064.5695055
BKKT,2021-10-25,53460327,1763804090.4834602
BKKT,2021-10-29,34685247,1763804106.417802
BKKT,2021-12-08,7453927,1763804110.48202
BKKT,2022-02-07,11320085,1763804116.2428162
BKKT,2022-02-09,13005539,1763804125.6417959
BKKT,2022-05-12,3819064,1763804128.5586689
BKKT,2023-01-12,3850733,1763804131.4692235
BKKT,2023-03-13,1565411,1763804133.3425007
BKKT,2023-03-17,937894,1763804134.933247
BKKT,2023-11-14,863085,1763804136.727339
BKKT,2023-11-20,1655007,1763804140.139139
BKKT,2023-12-27,4000771,1763804146.5830102
BKKT,2024-05-20,1017484,1763804148.880757
BKKT,2024-11-11,649867,1763804150.715726
BKKT,2024-11-18,7599649,1763804160.9645808
BKKT.WS,2021-10-25,3572163,1763804166.404528
BKKT.WS,2021-10-27,2237133,1763804169.9275415
BKKT.WS,2021-10-29,1320774,1763804172.6753306
BKKT.WS,2021-11-19,480525,1763804174.460455
BKKT.WS,2021-12-08,378232,1763804176.0495534
BKKT.WS,2022-01-19,76467,1763804177.2028909
BKKT.WS,2022-01-26,86194,1763804178.4133966
BKKT.WS,2022-02-07,234147,1763804179.8205755
BKKT.WS,2022-02-09,200273,1763804181.1393182
BKKT.WS,2022-04-26,113907,1763804182.3177803
BKKT.WS,2022-05-18,26476,1763804183.4206834
BKKT.WS,2022-05-24,20423,1763804184.6001606
BKKT.WS,2024-11-18,392399,1763804186.0892553
BKSY,2022-05-25,17803405,1763804213.8317893
BKSY,2022-05-31,7740372,1763804225.3965049
BKSY,2022-06-21,7209386,1763804231.1751919
BKSY.WS,2021-10-25,166257,1763804232.4053717
BKYI,2020-01-29,152548,1763804233.589093
BKYI,2020-02-03,90971,1763804234.8427367
BKYI,2020-03-11,5310046,1763804241.8313744
BKYI,2020-03-18,249353,1763804243.2323625
BKYI,2020-03-24,116929,1763804244.478685
BKYI,2020-03-27,8244869,1763804250.9292066
BKYI,2020-03-31,907193,1763804252.5354953
BKYI,2020-04-16,581442,1763804253.886435
BKYI,2020-04-27,701167,1763804255.9544995
BKYI,2020-07-16,11504438,1763804272.93053
BKYI,2020-10-08,7724370,1763804277.6905396
BKYI,2022-03-08,132107,1763804278.8975852
BKYI,2023-10-25,454610,1763804280.1978383
BKYI,2023-10-27,3316544,1763804282.6780493
BKYI,2023-11-30,586844,1763804284.044408
BKYI,2023-12-28,758787,1763804285.5123668
BKYI,2024-09-10,21675820,1763804298.4095585
BKYI,2024-09-12,7366461,1763804302.8224049
BKYI,2024-09-24,273127,1763804304.1190157
BKYI,2024-10-29,16532204,1763804314.3188715
BKYI,2024-12-02,219011,1763804315.6968384
BKYI,2024-12-27,949638,1763804317.2439694
BKYI,2024-12-30,1950677,1763804319.3444884
BLBD,2021-02-24,897584,1763804320.9812698
BLBD,2023-02-09,880831,1763804322.7135189
BLBD,2023-05-12,1696423,1763804324.7707038
BLBD,2024-05-09,2335965,1763804327.0630007
BLBX,2021-11-19,413347,1763804328.425103
BLBX,2022-03-29,145167,1763804329.687134
BLBX,2022-04-01,4393554,1763804333.1643293
BLBX,2022-10-17,58949,1763804334.4855547
BLBX,2023-01-05,60353,1763804335.6005683
BLBX,2023-01-30,1100187,1763804337.1956255
BLBX,2023-02-02,366292,1763804338.531958
BLBX,2023-02-27,1680142,1763804340.440456
BLBX,2023-02-28,2257576,1763804342.6291108
BLBX,2023-03-01,1609962,1763804344.734619
BLBX,2023-04-17,7062586,1763804349.3673887
BLBX,2023-05-17,175647,1763804350.6538188
BLBX,2023-11-15,26583,1763804351.7935138
BLBX,2023-11-20,54920,1763804352.9201128
BLBX,2024-12-30,935055,1763804354.5065951
BLFS,2022-11-10,1194707,1763804356.2740643
BLIN,2020-03-11,85043,1763804357.410239
BLIN,2020-04-16,500404,1763804358.718948
BLIN,2020-04-28,159858,1763804359.9732614
BLIN,2020-05-15,7773302,1763804366.2191465
BLIN,2020-07-22,1549995,1763804367.9834044
BLIN,2020-08-03,628918,1763804369.378636
BLIN,2021-06-29,1054204,1763804371.4421628
BLIN,2021-06-30,22920277,1763804384.4882364
BLIN,2021-07-01,33192612,1763804403.6178362
BLIN,2021-07-02,31669790,1763804422.132697
BLIN,2021-07-06,20691946,1763804453.957127
BLIN,2021-07-13,13026699,1763804474.8475847
BLIN,2021-11-24,3301826,1763804481.016358
BLIN,2024-12-19,227705,1763804482.3675573
BLMN,2020-03-24,3078103,1763804486.374015
BLMZ,2024-07-25,5679459,1763804493.114055
BLMZ,2024-09-06,23743806,1763804509.3146837
BLMZ,2024-09-09,32340700,1763804560.0549488
BLMZ,2024-09-10,18963157,1763804596.5018442
BLMZ,2024-10-10,12206971,1763804605.1553643
BLND,2022-08-16,3469827,1763804607.4679701
BLND,2023-03-21,1296790,1763804609.0844462
BLND,2023-05-10,737927,1763804610.5099158
BLND,2023-08-10,1440868,1763804612.156931
BLND,2024-08-09,5381574,1763804615.3561869
BLNK,2020-02-04,896884,1763804616.8542037
BLNK,2020-02-06,1765590,1763804618.5662024
BLNK,2020-02-14,1332989,1763804620.226577
BLNK,2020-06-29,4586609,1763804623.3901277
BLNK,2020-06-30,17183296,1763804633.0540586
BLNK,2020-07-06,9719812,1763804638.2575195
BLNK,2020-07-22,7393101,1763804642.3247812
BLNK,2020-07-29,6948940,1763804646.362623
BLNK,2020-07-30,16097883,1763804654.7363968
BLNK,2020-11-20,17341138,1763804664.4072423
BLNK,2020-11-23,31006390,1763804703.2191727
BLNK,2021-01-26,17047627,1763804720.4799266
BLNK,2023-11-10,4445344,1763804726.4078164
BLNK,2024-02-14,4181825,1763804731.2376823
BLRX,2020-04-07,137086,1763804732.6979454
BLRX,2020-10-30,25204739,1763804754.755843
BLRX,2020-11-03,8764467,1763804763.266995
BLRX,2020-12-14,2338643,1763804766.0354724
BLRX,2021-01-28,2120785,1763804768.4546478
BLRX,2021-05-04,37997697,1763804824.2694018
BLRX,2021-12-10,839173,1763804826.16084
BLRX,2023-08-31,552804,1763804827.6245213
BLTE,2022-05-03,2672356,1763804829.906968
BLTE,2022-06-13,183097,1763804831.169117
BLUW,2021-08-26,5111128,1763804835.4111142
BLUW,2021-09-08,3065349,1763804838.0209668
BLUWU,2021-08-26,40345,1763804839.1394567
BLUWU,2021-09-08,31853,1763804840.2631612
BLUWW,2021-08-26,478299,1763804841.5669103
BLUWW,2021-09-08,91902,1763804842.71958
BLZE,2024-02-16,1667926,1763804844.4778101
BLZE,2024-08-09,635779,1763804845.880634
BMBL,2022-03-09,13687404,1763804853.7239532
BMBL,2022-05-12,7617814,1763804862.5076306
BMEA,2021-09-16,216136,1763804863.9585817
BMEA,2022-05-17,537577,1763804865.716933
BMEA,2022-06-07,360233,1763804867.451002
BMEA,2023-03-28,9335090,1763804883.0767586
BMEA,2023-11-29,2708812,1763804889.463286
BMEA,2023-12-04,3099624,1763804895.7427251
BMEA,2024-06-13,2504818,1763804901.4025438
BMEA,2024-08-01,2824649,1763804906.6385846
BMR,2023-03-28,103012,1763804907.847373
BMR,2023-04-14,70473,1763804908.9377565
BMR,2023-04-17,87342,1763804910.149425
BMR,2023-05-25,14370567,1763804933.1189609
BMR,2023-06-06,2144546,1763804936.8380206
BMR,2023-12-28,47469,1763804937.934425
BMR,2024-01-02,61541,1763804939.068251
BMR,2024-01-05,483415,1763804940.6097605
BMR,2024-02-07,780685,1763804942.871123
BMR,2024-02-12,58542137,1763805003.9551597
BMR,2024-02-13,77661822,1763805075.9543445
BMR,2024-02-14,28650242,1763805097.2694826
BMR,2024-02-16,12860897,1763805104.622826
BMR,2024-03-13,2714160,1763805106.7313392
BMR,2024-03-14,6923665,1763805110.7634184
BMR,2024-04-09,5609763,1763805114.6859226
BMR,2024-06-12,16641737,1763805125.0648634
BMR,2024-12-30,1080068,1763805126.748627
BMRA,2020-03-18,9092598,1763805131.7077572
BMRA,2020-03-19,13902418,1763805139.9907198
BMRA,2020-03-23,3670139,1763805142.3310015
BMRA,2020-04-02,1753495,1763805144.069109
BMRA,2020-04-16,1740472,1763805145.8156905
BMRA,2020-06-22,1798434,1763805147.5304914
BMRA,2021-01-12,3243440,1763805150.000263
BMRA,2021-10-01,19350507,1763805161.568468
BMRA,2021-10-05,3828991,1763805164.36264
BMRA,2022-07-14,2817563,1763805166.816461
BMRA,2022-10-14,737197,1763805168.2429676
BMRA,2023-12-18,10561266,1763805174.548973
BMRA,2024-10-30,442388,1763805175.8703718
BMRA,2024-11-29,2762818,1763805180.3310795
BNAI,2024-03-18,852180,1763805182.709766
BNAI,2024-04-03,157854,1763805184.0465832
BNAI,2024-05-29,20171630,1763805214.9170377
BNAI,2024-05-31,18921283,1763805237.6720915
BNAI,2024-06-06,2229047,1763805240.9308827
BNAI,2024-08-26,1047830,1763805242.988761
BNAI,2024-12-30,2316276,1763805245.3165119
BNAI,2024-12-31,5737022,1763805251.4337876
BNED,2020-04-06,321888,1763805252.800195
BNED,2020-04-09,804165,1763805254.3550858
BNED,2020-06-05,772951,1763805255.816384
BNED,2020-07-10,626549,1763805257.2553575
BNED,2020-07-15,901398,1763805258.9146209
BNED,2021-01-27,950996,1763805260.7602832
BNED,2023-03-10,4145599,1763805266.3174677
BNED,2023-07-03,447493,1763805267.6990628
BNED,2023-07-06,1456065,1763805269.7666965
BNED,2023-12-07,1861160,1763805273.3926747
BNED,2024-02-02,872771,1763805275.308446
BNED,2024-05-08,412827,1763805277.010908
BNED,2024-05-09,972751,1763805279.1301763
BNED,2024-05-17,4557774,1763805285.9509878
BNED,2024-05-21,15035931,1763805300.257994
BNED,2024-05-22,32776149,1763805320.5987103
BNED,2024-06-13,5004993,1763805329.1112773
BNED,2024-07-18,1560302,1763805331.2785203
BNED,2024-11-08,798445,1763805332.9384315
BNGO,2020-03-20,754166,1763805334.5966098
BNGO,2020-03-31,1521724,1763805336.5821927
BNGO,2020-07-17,9841900,1763805346.3035877
BNGO,2020-07-21,9347556,1763805354.968886
BNGO,2020-07-22,13692719,1763805370.1594288
BNGO,2020-07-24,10319708,1763805381.2605898
BNGO,2020-12-23,4938291,1763805387.7274013
BNGO,2020-12-28,4699264,1763805390.5834165
BNGO,2020-12-29,17255022,1763805399.6993866
BNGO,2020-12-30,59780574,1763805430.8940735
BNGO,2020-12-31,79146912,1763805496.4443457
BNGO,2021-01-04,61384996,1763805575.8315804
BNGO,2021-01-14,32607369,1763805594.1609924
BNGO,2021-01-15,57536765,1763805624.7798023
BNGO,2021-01-25,45571013,1763805649.8725476
BNGO,2022-08-10,2479227,1763805652.518548
BNGO,2022-08-11,10790605,1763805664.3937151
BNGO,2024-12-30,2174602,1763805666.8566256
BNR,2022-03-16,553248,1763805668.4156501
BNR,2022-08-31,671495,1763805669.9837031
BNR,2022-11-15,422594,1763805671.4039028
BNR,2024-10-04,161174,1763805672.5678847
BNRG,2023-04-10,2881923,1763805675.1963508
BNRG,2023-04-11,6268117,1763805679.8610988
BNRG,2023-07-26,637718,1763805681.36737
BNRG,2024-04-05,24389,1763805682.4418747
BNRG,2024-05-17,3191563,1763805685.2957308
BNRG,2024-05-31,1966345,1763805687.3468153
BNRG,2024-06-06,2716950,1763805689.9821877
BNRG,2024-08-30,29173924,1763805711.9593625
BNRG,2024-09-04,5393244,1763805715.4172657
BNRG,2024-09-09,5193747,1763805718.8753095
BNRG,2024-12-31,6595857,1763805723.0202293
BNTC,2020-02-05,52458,1763805724.161512
BNTC,2020-02-07,1137684,1763805725.6279354
BNTC,2020-04-15,23177,1763805726.736689
BNTC,2020-04-17,134364,1763805727.8930085
BNTC,2020-04-20,843206,1763805729.331551
BNTC,2020-04-21,994488,1763805730.8375275
BNTC,2020-06-19,290776,1763805732.1281247
BNTC,2020-12-09,1501936,1763805733.7693696
BNTC,2021-01-26,579379,1763805735.1877773
BNTC,2021-03-23,22718011,1763805762.8283284
BNTC,2021-03-31,728315,1763805765.0157642
BNTC,2021-05-13,2348648,1763805769.3323839
BNTC,2022-06-24,10671980,1763805783.8975165
BNTC,2022-06-27,13247899,1763805793.443301
BNTC,2022-06-28,4035032,1763805796.4846516
BNTC,2022-09-08,798104,1763805797.9256473
BNTC,2022-12-12,277707,1763805799.183501
BNTC,2023-02-27,127541,1763805800.3729045
BNTC,2023-04-20,177151,1763805801.5971315
BNTC,2023-05-25,189966,1763805802.7525816
BNTC,2023-06-26,11042258,1763805808.7338488
BNTC,2023-07-26,4093011,1763805811.2183926
BNTC,2023-08-09,8030586,1763805816.0028658
BNTC,2024-02-21,32197,1763805817.1518166
BNTC,2024-04-18,1489523,1763805819.6200454
BNTC,2024-10-01,151209,1763805820.8197868
BNTX,2020-03-16,1322892,1763805822.3944128
BNTX,2020-03-17,3437300,1763805824.617489
BNTX,2020-03-18,4820535,1763805827.3211389
BNTX,2020-04-22,5699135,1763805830.472512
BNZI,2024-01-03,324547,1763805831.9968143
BNZI,2024-01-05,15820503,1763805851.735751
BNZI,2024-05-24,788866,1763805853.3884938
BNZI,2024-05-29,6238692,1763805859.3579562
BNZI,2024-08-06,445911,1763805860.815652
BNZI,2024-09-20,26300439,1763805892.4724195
BNZI,2024-09-24,21334163,1763805908.5923572
BNZI,2024-10-09,12208782,1763805918.9773817
BNZI,2024-10-15,5513038,1763805922.600127
BNZI,2024-12-10,11495926,1763805929.0165377
BNZI,2024-12-18,370503,1763805930.4375637
BOF,2023-06-20,2481923,1763805933.3131175
BOF,2023-08-07,342060,1763805934.6588216
BOF,2024-02-12,981189,1763805936.122291
BOF,2024-02-14,160551,1763805937.5604837
BOF,2024-02-26,46744,1763805938.6772923
BOF,2024-04-24,19530844,1763805959.602061
BOF,2024-04-26,3901999,1763805962.4033782
BOF,2024-04-29,3796419,1763805966.2384872
BOF,2024-08-28,20159408,1763805994.7607687
BOF,2024-08-29,27310347,1763806044.7050962
BOF,2024-09-03,25489275,1763806078.3108146
BOF,2024-10-08,152827,1763806079.7519343
BOLT,2022-07-07,217077,1763806080.9746573
BON,2021-07-06,327569,1763806082.203287
BON,2021-07-07,1523469,1763806084.5516765
BON,2021-07-14,1128040,1763806086.8659217
BON,2021-08-17,2051649,1763806089.0907102
BON,2021-10-19,106792,1763806090.2519236
BON,2021-10-20,657908,1763806091.732822
BON,2022-01-21,3069735,1763806096.7728512
BON,2022-05-05,480124,1763806098.158836
BON,2022-06-02,79988,1763806099.479567
BON,2022-08-22,1208719,1763806101.380965
BON,2022-11-28,155824,1763806102.6247392
BON,2023-01-30,60157,1763806103.7549956
BON,2023-12-08,69671,1763806104.91689
BORR,2020-03-20,209886,1763806106.2167647
BORR,2020-03-26,418088,1763806107.5910454
BORR,2020-04-03,267457,1763806109.9003532
BORR,2020-04-06,738750,1763806111.3256636
BORR,2020-04-07,3155148,1763806113.5984042
BORR,2020-04-09,929337,1763806115.1376839
BORR,2020-04-22,928251,1763806116.5868714
BORR,2020-04-30,1233409,1763806118.1875372
BORR,2020-05-21,1131840,1763806120.593913
BORR,2020-06-05,2725645,1763806122.850506
BORR,2020-06-08,9367307,1763806130.1089466
BORR,2020-06-12,2562971,1763806132.2927444
BORR,2020-11-09,1204971,1763806133.8692799
BORR,2020-11-10,3688908,1763806136.5184555
BORR,2020-11-23,1129376,1763806138.1757226
BORR,2020-11-24,2257793,1763806140.9957967
BORR,2022-03-07,2761501,1763806143.5026283
BORR,2022-07-25,1311266,1763806145.156989
BOSC,2020-03-30,43156,1763806146.3377266
BOSC,2020-04-22,707474,1763806148.0569913
BOSC,2021-02-05,471094,1763806149.5001457
BOSC,2021-05-19,376739,1763806150.7692912
BOSC,2022-03-28,164251,1763806152.057963
BOTJ,2024-07-22,100954,1763806153.2956848
BOXL,2020-03-13,275561,1763806154.703521
BOXL,2020-03-25,272762,1763806155.9916573
BOXL,2020-03-31,196944,1763806157.2928708
BOXL,2020-04-01,675873,1763806159.7195263
BOXL,2020-04-07,146985,1763806160.9390333
BOXL,2020-05-19,701296,1763806162.621689
BOXL,2020-05-20,2794484,1763806166.0191164
BOXL,2020-06-04,453448,1763806167.4940515
BOXL,2020-06-18,3159879,1763806170.6248727
BOXL,2020-06-29,2617950,1763806174.9763615
BOXL,2020-07-13,5226239,1763806182.3128545
BOXL,2020-07-14,16157379,1763806209.4778025
BOXL,2020-07-15,19940142,1763806243.4397314
BOXL,2020-07-16,44226609,1763806288.0162177
BOXL,2020-08-12,10754151,1763806303.1586783
BOXL,2020-09-22,3919693,1763806309.8167367
BOXL,2021-08-13,6498219,1763806320.3670096
BOXL,2023-02-14,1144911,1763806323.280265
BPYPN,2020-03-19,66940,1763806324.427144
BPYPN,2020-03-24,88762,1763806325.6453302
BPYPO,2020-03-19,76217,1763806326.8502617
BRAG,2022-02-08,162910,1763806328.2074356
BRCC,2022-02-17,2969212,1763806332.6032047
BRCC,2022-04-04,4675831,1763806340.7422647
BRCC,2024-05-09,2028261,1763806344.6071634
BRFH,2022-12-08,27668,1763806345.7068863
BRFH,2023-06-22,50271,1763806347.0409331
BRFH,2023-08-07,85596,1763806348.2271297
BRFH,2024-04-25,10422829,1763806357.846775
BRFH,2024-06-14,112892,1763806359.0799942
BRID,2020-03-26,32501,1763806360.1558926
BRID,2021-05-11,124578,1763806361.3352416
BRLS,2024-02-21,32855,1763806362.4325993
BRLS,2024-05-21,2152391,1763806364.9535997
BRLT,2021-11-12,2324237,1763806367.416166
BRLT,2022-08-12,684158,1763806369.1873386
BRLT,2022-10-14,883845,1763806370.7551627
BRNS,2024-04-04,120413,1763806371.9590495
BRNS,2024-12-18,69309,1763806373.0960968
BROS,2021-09-16,16754341,1763806381.7933073
BROS,2024-11-07,12423557,1763806388.2757587
BRTX,2021-12-22,4322612,1763806391.190596
BRTX,2022-02-01,349781,1763806392.49845
BRTX,2022-09-28,57958,1763806393.644178
BRTX,2023-03-02,7510492,1763806398.1910033
BRTX,2024-02-01,109819,1763806399.4820027
BRTX,2024-02-02,381175,1763806400.7816088
BRTX,2024-02-05,5285236,1763806404.2320552
BRTX,2024-06-13,15198013,1763806414.845611
BRTX,2024-06-17,1324993,1763806416.581676
BRX,2020-11-09,4331610,1763806419.2458344
BRY,2020-05-07,634992,1763806421.011112
BSET,2022-01-31,432361,1763806422.3479805
BSLK,2024-08-28,12078639,1763806429.017936
BSLK,2024-11-01,438416,1763806430.418731
BSLK,2024-11-08,292022,1763806431.9224088
BSLK,2024-11-21,88642,1763806434.080356
BSLK,2024-11-29,11798074,1763806442.731922
BSLK,2024-12-27,1057633,1763806444.3331218
BSVN,2020-03-13,40449,1763806445.4741213
BSVN,2020-03-19,42875,1763806446.621077
BSVN,2020-04-30,68992,1763806447.730494
BTAI,2020-01-03,906142,1763806449.1985793
BTAI,2020-02-13,834724,1763806450.696661
BTAI,2020-02-14,3225920,1763806453.0059056
BTAI,2020-07-20,1623892,1763806454.8209746
BTAI,2022-11-10,542712,1763806456.2558677
BTAI,2023-07-05,10026721,1763806461.9814308
BTAI,2023-10-04,1807181,1763806463.9190948
BTAI,2023-10-10,2417349,1763806466.1177185
BTAI,2023-10-25,15359137,1763806475.5052423
BTAI,2023-10-30,4408872,1763806478.528622
BTAI,2024-02-13,4941653,1763806481.8061266
BTAI,2024-02-14,5213740,1763806485.4743767
BTAI,2024-06-26,539331,1763806486.9156506
BTAI,2024-12-09,340609,1763806488.2191944
BTBD,2022-01-12,673514,1763806489.620301
BTBD,2022-01-24,3569817,1763806492.2674305
BTBD,2022-03-21,173456,1763806493.522957
BTBD,2022-04-05,201360,1763806494.8034368
BTBD,2023-12-15,26201,1763806495.9015062
BTBD,2024-01-09,3585341,1763806498.4571705
BTBDW,2021-12-13,13622,1763806499.5622563
BTBDW,2022-01-12,19721,1763806500.660099
BTBT,2020-11-17,1247938,1763806502.298424
BTBT,2020-12-28,12485188,1763806512.0278327
BTBT,2020-12-30,12197425,1763806529.390383
BTBT,2020-12-31,24330839,1763806549.111599
BTBT,2021-01-04,12168124,1763806555.465066
BTBT,2021-02-08,5249076,1763806558.7045333
BTBT,2021-03-09,1640899,1763806560.5984933
BTBT,2021-06-14,3142094,1763806563.2087781
BTBT,2021-07-26,27689277,1763806598.899941
BTBT,2021-07-28,24488834,1763806636.1515632
BTBT,2021-08-04,15668960,1763806661.4693022
BTBT,2021-10-05,13448771,1763806681.2267354
BTBT,2021-10-29,2640293,1763806685.867631
BTBT,2023-01-09,727667,1763806687.9364498
BTBT,2024-06-25,5034302,1763806695.4525702
BTCS,2022-01-05,10665382,1763806702.928327
BTCS,2022-01-11,1003552,1763806704.5931334
BTCS,2022-01-12,2989663,1763806706.8126812
BTCS,2022-01-13,13990533,1763806721.722821
BTCS,2022-01-19,1477571,1763806724.7978423
BTCS,2022-05-17,125890,1763806726.0652132
BTCS,2023-05-11,50155,1763806727.200959
BTCS,2023-12-04,161418,1763806728.469833
BTCS,2023-12-27,532589,1763806730.3187492
BTCS,2024-03-25,149455,1763806731.6412258
BTCS,2024-11-11,246250,1763806733.2127378
BTCS,2024-11-12,8171939,1763806746.4265926
BTCS,2024-11-13,19220234,1763806776.3522696
BTCT,2024-09-26,164674,1763806777.7754667
BTCT,2024-11-11,542376,1763806779.3288786
BTCT,2024-11-12,37328701,1763806803.8585925
BTCT,2024-11-13,56584510,1763806836.7948825
BTCT,2024-11-14,29413468,1763806856.6177058
BTCT,2024-11-19,5431873,1763806860.278111
BTCT,2024-12-31,577676,1763806861.7916381
BTDR,2023-06-16,399848,1763806863.1165662
BTDR,2023-08-11,327240,1763806864.343959
BTDR,2023-11-14,312653,1763806865.6562414
BTE,2023-02-23,57090,1763806866.7592509
BTM,2023-12-27,452611,1763806868.1322184
BTM,2024-11-11,3726147,1763806870.857146
BTMD,2022-06-03,696300,1763806872.331747
BTMD,2022-06-14,712813,1763806873.8759184
BTMD,2022-07-21,20892,1763806874.951686
BTMD,2024-02-12,127103,1763806876.1302955
BTOC,2024-10-22,488116,1763806877.4492784
BTOG,2022-11-03,26078,1763806878.5888743
BTOG,2023-02-07,92984,1763806879.7770534
BTOG,2023-05-05,39543,1763806880.928074
BTOG,2023-05-30,427750,1763806882.2421572
BTOG,2023-11-10,176385,1763806883.4925735
BTOG,2024-01-26,179121,1763806884.7169232
BTOG,2024-01-30,351811,1763806886.0168786
BTOG,2024-01-31,396440,1763806887.3476415
BTOG,2024-02-06,867968,1763806888.9310987
BTOG,2024-02-16,385288,1763806890.2577336
BTOG,2024-04-29,162880,1763806891.4592924
BTTC,2022-07-18,12035,1763806892.5327923
BTTC,2022-11-14,10348,1763806893.6359024
BTTC,2022-12-22,10338,1763806894.737795
BTTC,2023-01-19,10224,1763806895.8061733
BTTC,2023-02-10,14448,1763806896.8835797
BTTC,2023-02-14,11970,1763806897.9628892
BTTC,2023-05-08,13148,1763806899.0388439
BTTC,2023-06-28,12276,1763806900.115639
BTTC,2023-07-06,10157,1763806901.1776102
BTTC,2023-07-11,11220,1763806902.2550118
BTTC,2023-07-25,10276,1763806903.3242788
BTTC,2023-08-01,11251,1763806904.4089584
BTTC,2023-11-27,10208,1763806905.47353
BTTC,2023-11-28,10635,1763806906.5436814
BTTC,2023-12-20,13674,1763806907.6165388
BTTC,2024-01-08,12459,1763806908.709576
BTTC,2024-05-06,13169,1763806910.085359
BTU,2020-02-05,3984266,1763806913.5523875
BTU,2020-03-13,1686276,1763806915.8590446
BTU,2020-03-17,2630825,1763806918.6983354
BTU,2020-05-08,2162367,1763806920.7221997
BTU,2020-06-05,2278073,1763806923.5634782
BTU,2020-12-08,1314805,1763806925.308065
BTU,2020-12-10,1974235,1763806928.186689
BTU,2020-12-28,2737408,1763806931.4064727
BTU,2021-01-27,3506401,1763806934.0442607
BTU,2021-05-17,10891316,1763806939.1865075
BTU,2021-07-07,10220463,1763806944.0923288
BTX,2021-04-06,14924398,1763806951.0471404
BTX,2021-04-09,1735526,1763806952.7377224
BTX,2021-04-16,1594553,1763806954.3610563
BTX,2021-04-20,2084523,1763806956.1098387
BTX,2021-04-22,5181628,1763806958.7918222
BTX,2021-04-23,11239086,1763806964.2480595
BTX,2021-04-27,7510971,1763806967.6154373
BTX,2021-04-28,26436715,1763806982.1119788
BTX,2021-04-30,32744975,1763807030.4227378
BTX,2021-05-03,43355002,1763807052.6814773
BUR,2023-03-31,4882068,1763807055.8247342
BV,2020-03-19,423538,1763807057.2189243
BVN,2020-03-19,1970006,1763807058.9866717
BVS,2022-11-10,1031211,1763807060.559921
BVS,2023-02-28,9337654,1763807066.1504295
BVS,2023-05-19,3728734,1763807068.7558658
BVS,2023-08-08,492662,1763807070.1856148
BVS,2024-05-07,1334892,1763807071.8362074
BW,2020-03-19,276135,1763807073.0938075
BW,2020-03-25,150128,1763807074.2812586
BW,2020-05-11,438332,1763807075.5764256
BW,2020-05-12,1482797,1763807077.1303384
BW,2023-11-14,2019218,1763807078.8823767
BW,2023-11-15,1944370,1763807080.6866283
BW,2024-07-01,2080852,1763807082.4589348
BWAY,2021-01-21,74732,1763807083.6233096
BWAY,2021-08-18,4849204,1763807086.4004476
BWEN,2020-04-28,1988742,1763807088.129141
BWEN,2020-12-28,1163148,1763807089.6331222
BWEN,2021-01-25,1643109,1763807091.3968287
BWEN,2023-01-11,12763326,1763807097.9950469
BWEN,2024-05-17,339844,1763807099.3575394
BWMX,2020-03-23,12750,1763807100.4559314
BWMX,2020-07-31,366449,1763807101.7382145
BXC,2020-02-20,290111,1763807102.989474
BXC,2020-03-13,574620,1763807104.4044082
BXC,2020-04-08,511419,1763807105.7718153
BXC,2021-11-03,969627,1763807107.4521139
BXMT,2020-03-25,4171685,1763807110.7387865
BXMT,2020-03-26,5638675,1763807115.444545
BXP,2020-11-09,3954561,1763807118.9254708
BYD,2020-03-19,4139138,1763807122.7675066
BYD,2020-03-20,4735370,1763807126.5981758
BYFC,2020-06-17,1288794,1763807128.5937903
BYFC,2020-06-19,32974613,1763807178.623958
BYFC,2020-06-22,39029844,1763807226.6393166
BYFC,2020-06-30,6660240,1763807232.781677
BYFC,2020-07-02,5203540,1763807239.7785537
BYFC,2020-07-06,5910321,1763807248.867713
BYFC,2020-09-25,1011308,1763807250.8211102
BYFC,2021-01-26,1754861,1763807253.126055
BYFC,2021-06-11,1414586,1763807255.0880163
BYFC,2021-07-08,2608554,1763807257.484991
BYFC,2021-12-17,512717,1763807259.3919275
BYND,2021-01-26,23194989,1763807277.5046756
BYND,2022-04-27,8342619,1763807282.8559635
BYND,2023-02-24,9674329,1763807289.0181358
BYND,2024-02-28,15291301,1763807297.6242013
BYND,2024-08-09,8642945,1763807302.5991998
BYRN,2024-09-04,1086821,1763807304.1848936
BYSI,2021-08-04,26048830,1763807326.123032
BYSI,2021-08-06,17156191,1763807356.2123504
BYSI,2022-05-27,296531,1763807357.9450505
BYSI,2022-12-13,482781,1763807359.6150746
BYSI,2022-12-15,505881,1763807361.3863184
BYSI,2022-12-16,4620665,1763807368.5998912
BYSI,2022-12-19,5775542,1763807377.6001227
BYSI,2023-10-12,216886,1763807379.0908756
BYSI,2024-02-09,97416,1763807380.297355
BYSI,2024-03-05,819120,1763807382.461441
BYSI,2024-03-06,1442706,1763807385.6708727
BYSI,2024-05-23,136541,1763807386.8995552
BZ,2022-03-16,7370490,1763807396.5859938
BZFD,2023-01-26,22348454,1763807428.5830183
BZFD,2023-01-27,54354612,1763807488.167639
BZFD,2023-02-15,3632759,1763807491.4426155
BZFD,2023-05-03,1076498,1763807493.1740353
BZFD,2024-02-15,3888069,1763807498.5037522
BZFD,2024-02-22,9557067,1763807512.971193
BZFD,2024-05-09,840367,1763807515.5665553
BZFD,2024-05-22,14556046,1763807538.487054
BZUN,2021-01-26,3084157,1763807544.279227
BZUN,2024-12-09,509337,1763807546.1818528
BZUN,2024-12-16,1827797,1763807550.335242
CAAP,2020-11-09,302281,1763807551.743486
CAAP,2020-12-01,4377954,1763807558.57241
CAAS,2020-06-22,232247,1763807559.935935
CAAS,2020-11-23,344638,1763807561.7586143
CAAS,2020-11-30,20867740,1763807586.9540877
CAAS,2020-12-01,30137186,1763807624.4382672
CAAS,2021-02-16,530475,1763807625.930392
CABA,2021-12-16,3588912,1763807628.5049553
CABA,2022-04-25,222582,1763807629.7334442
CABA,2022-08-22,3407806,1763807632.2265584
CABA,2022-10-19,1138467,1763807633.9101434
CABA,2022-10-20,2445921,1763807635.906424
CABA,2022-11-01,353966,1763807637.204222
CABA,2022-11-14,752640,1763807638.6663332
CABA,2022-12-14,584160,1763807640.1331866
CABA,2024-11-25,1509535,1763807642.0403519
CABA,2024-11-29,4271175,1763807645.3082378
CABA,2024-12-02,8456713,1763807650.5736544
CADE,2021-10-29,3007698,1763807652.9612832
CADL,2021-09-07,112952,1763807654.1256082
CADL,2021-09-08,820562,1763807655.599104
CADL,2021-09-21,198215,1763807656.8176112
CADL,2022-10-20,57428,1763807657.9465084
CADL,2022-10-21,130349,1763807659.1020448
CADL,2023-10-18,53675,1763807661.162461
CADL,2023-12-12,5277868,1763807668.6386018
CADL,2024-02-13,405207,1763807670.2182734
CADL,2024-04-04,25142468,1763807711.18075
CADL,2024-04-05,42950967,1763807772.2386682
CADL,2024-04-11,15266312,1763807780.478249
CADL,2024-05-15,835962,1763807782.0826008
CADL,2024-11-22,904097,1763807783.6211448
CADL,2024-12-11,29655166,1763807801.412342
CADL,2024-12-12,35742338,1763807844.0436833
CADL,2024-12-19,4157944,1763807849.1104407
CAI,2021-06-18,3022222,1763807853.7017162
CAL,2020-03-18,1360998,1763807855.5044827
CAL,2020-03-19,1440296,1763807857.2327151
CAL,2020-03-24,859012,1763807858.8786662
CAL,2020-04-07,1884125,1763807861.2136433
CAL,2020-04-29,1300003,1763807862.9769816
CAL,2022-05-25,3823908,1763807866.385316
CALC,2023-04-14,16889,1763807867.4809208
CALC,2023-06-14,156183,1763807868.6895986
CALC,2023-06-27,152407,1763807869.9470775
CALC,2024-07-30,135122,1763807871.149333
CALC,2024-09-04,188276,1763807872.4370565
CALC,2024-10-30,178662,1763807873.6295128
CALI,2024-10-10,11169,1763807874.862306
CALX,2020-04-24,920494,1763807876.3716466
CALX,2020-10-21,3222195,1763807881.4173725
CAMP,2020-03-17,541222,1763807883.2450316
CAMP,2023-09-22,392374,1763807884.8520646
CAMP,2024-02-05,2828385,1763807889.563186
CAMP,2024-06-05,881322,1763807891.8196666
CAMP,2024-06-06,1039249,1763807894.2862802
CAMP,2024-10-11,362578,1763807895.82542
CAMP,2024-12-05,459322,1763807897.5378044
CAMP,2024-12-23,402036,1763807899.110109
CAN,2020-02-12,3269569,1763807902.6892862
CAN,2020-04-13,161356,1763807903.866662
CAN,2020-06-02,2462511,1763807906.041909
CAN,2020-07-21,2357450,1763807908.3873198
CAN,2020-11-16,2956534,1763807912.5009031
CAN,2020-11-25,4574658,1763807920.4753776
CAN,2020-12-31,11561079,1763807937.579712
CAN,2021-02-11,8425252,1763807952.0463474
CAN,2021-02-16,9899859,1763807966.637266
CAN,2021-02-19,16434682,1763807985.4438996
CAN,2021-03-01,10656507,1763807992.0512533
CAN,2021-03-09,13351039,1763807999.8574798
CAN,2021-03-11,16604034,1763808023.4363098
CAN,2021-06-01,4662537,1763808031.5573971
CAN,2022-03-16,3724361,1763808038.1492958
CAN,2023-12-14,1879867,1763808041.599349
CAN,2023-12-20,6717781,1763808054.178926
CAN,2023-12-22,6274947,1763808067.2495394
CAN,2024-02-14,4315671,1763808074.3981016
CAN,2024-11-11,3439768,1763808080.6046233
CAN,2024-12-06,4371115,1763808088.0046604
CANG,2020-11-23,169631,1763808089.2093554
CANG,2020-11-24,582345,1763808090.8637538
CANG,2020-12-29,1149012,1763808093.009358
CANG,2021-01-27,1018416,1763808095.1896174
CANG,2021-01-28,2373189,1763808098.7743356
CANG,2022-04-25,1450717,1763808101.3689933
CANG,2024-11-08,308592,1763808102.7062054
CANG,2024-12-18,2414490,1763808105.2914276
CAPL,2020-03-19,233152,1763808106.575669
CAPR,2020-01-09,171961,1763808108.9711592
CAPR,2020-03-17,67016,1763808110.1636047
CAPR,2020-03-24,2008243,1763808114.046635
CAPR,2020-04-03,964399,1763808116.4943511
CAPR,2020-04-08,1221880,1763808118.9059448
CAPR,2020-04-24,667401,1763808120.956711
CAPR,2020-04-29,35745927,1763808174.7265031
CAPR,2020-07-20,1884198,1763808178.8326728
CAPR,2020-09-17,848448,1763808181.2250476
CAPR,2021-01-12,2093761,1763808185.1722944
CAPR,2021-01-25,955688,1763808187.5171382
CAPR,2021-04-29,1753163,1763808190.6428504
CAPR,2024-09-24,9532409,1763808205.360217
CAPR,2024-09-25,18718342,1763808237.1525996
CAPR,2024-09-30,5431164,1763808243.1638725
CAPS,2022-04-08,9870,1763808244.2576249
CAPS,2024-12-13,15860,1763808245.3357358
CAPS,2024-12-16,16819,1763808246.4094064
CAPT,2023-11-21,577189,1763808247.8214667
CAPT,2023-11-24,2152650,1763808249.6222608
CAPT,2023-11-27,8070694,1763808254.2397566
CAPT,2024-06-04,582277,1763808255.6965592
CAPT,2024-11-26,162855,1763808256.9141886
CAR,2020-03-19,6247482,1763808261.0295568
CAR,2020-03-20,6018527,1763808265.309033
CAR,2020-03-23,6105053,1763808269.3705132
CAR,2020-03-24,5759172,1763808273.3497381
CAR,2020-11-09,2489799,1763808275.4118273
CAR,2021-11-02,25685963,1763808309.0201955
CARG,2022-02-25,5508187,1763808315.5850782
CARS,2020-03-30,1557954,1763808317.743014
CARS,2020-05-06,5951058,1763808322.5137284
CARV,2020-06-11,181787,1763808323.724596
CARV,2020-06-16,117637,1763808324.9230545
CARV,2020-06-17,19758759,1763808336.6882799
CARV,2020-06-18,22670166,1763808358.1336994
CARV,2020-06-19,6200499,1763808362.0761893
CARV,2020-06-30,6317845,1763808366.152403
CARV,2020-07-01,7492793,1763808376.1944437
CARV,2020-08-07,1597612,1763808379.3161538
CARV,2020-09-25,940769,1763808381.6518097
CARV,2020-10-08,3202563,1763808387.173567
CARV,2021-01-27,1278831,1763808389.4449315
CARV,2021-06-11,762489,1763808391.6316016
CARV,2021-06-28,2087467,1763808396.0065744
CARV,2021-07-08,30148527,1763808441.0626454
CARV,2021-07-09,54155284,1763808502.8767507
CARV,2023-11-20,190767,1763808504.5498755
CASH,2020-03-19,822417,1763808506.7559116
CASI,2022-05-26,248364,1763808508.2917757
CASI,2022-06-01,424106,1763808509.9919734
CASI,2022-08-11,1004246,1763808513.5440624
CASI,2024-01-24,79011,1763808514.76158
CASI,2024-01-25,116685,1763808515.996295
CASI,2024-03-05,5383510,1763808524.2642002
CASI,2024-06-20,40238,1763808525.4050288
CASI,2024-06-27,4787037,1763808532.8126898
CASI,2024-10-09,179227,1763808534.1499362
CASI,2024-12-06,196886,1763808535.5970955
CBAT,2020-07-06,1232910,1763808537.7430513
CBAT,2020-07-30,1503449,1763808541.1451957
CBAT,2020-09-15,1357922,1763808544.1295002
CBAT,2020-09-23,1234921,1763808545.9819593
CBAT,2020-09-24,10136960,1763808560.6970277
CBAT,2020-09-25,30609075,1763808602.4144354
CBAT,2020-10-01,2303019,1763808604.6506577
CBAT,2020-10-02,3552267,1763808607.1095197
CBAT,2020-10-05,7593700,1763808612.5089478
CBAT,2020-11-13,16413693,1763808623.0775697
CBAT,2020-11-16,33372122,1763808657.560256
CBAT,2020-11-19,9586584,1763808664.7631924
CBAT,2021-01-06,8715049,1763808669.6706903
CBAT,2021-01-07,14740282,1763808678.9295616
CBAT,2021-11-08,6389272,1763808683.6661084
CBAT,2022-03-08,798719,1763808685.226991
CBAT,2024-12-27,1498283,1763808686.9516957
CBIO,2022-05-23,14000842,1763808695.5209918
CBIO,2023-02-28,2897465,1763808699.8538713
CBIO,2023-06-21,1070235,1763808702.4497283
CBIO,2023-10-20,287589,1763808704.0580165
CBL,2021-11-02,148181,1763808705.3156505
CBNK,2020-03-17,51359,1763808706.4822187
CBRL,2020-03-24,1807948,1763808710.533349
CBUS,2023-07-05,169190,1763808711.8533616
CBUS,2023-09-05,201557,1763808713.1469855
CBUS,2023-12-13,185159,1763808714.5427504
CCAP,2020-03-26,40072,1763808715.631643
CCCC,2023-12-12,24170861,1763808756.2862809
CCCC,2023-12-13,60880698,1763808857.9980066
CCCC,2023-12-14,64294785,1763808955.0957823
CCG,2023-09-22,5606045,1763808958.726529
CCG,2023-11-29,115051,1763808959.9452174
CCG,2024-02-14,6377965,1763808963.6993601
CCG,2024-05-29,8623703,1763808969.1355636
CCL,2020-03-20,33246245,1763808986.1544986
CCL,2020-03-24,28554558,1763809000.1471853
CCL,2020-11-09,37207690,1763809019.6251135
CCLD,2023-12-20,101930,1763809021.0206952
CCLD,2023-12-21,132634,1763809022.1937325
CCLD,2023-12-26,150497,1763809023.335142
CCLD,2024-01-02,71006,1763809024.4566314
CCLD,2024-05-09,234509,1763809025.6603398
CCLD,2024-05-13,16664702,1763809037.8480225
CCLD,2024-05-15,1112522,1763809039.5671237
CCLD,2024-05-16,1295711,1763809041.2493527
CCLD,2024-11-12,392115,1763809042.52685
CCLDO,2023-12-20,43843,1763809043.6225858
CCLDO,2024-05-07,46886,1763809044.766583
CCLDO,2024-05-13,52287,1763809045.9950995
CCLDO,2024-11-12,48129,1763809047.0926723
CCM,2020-03-13,22419,1763809048.165623
CCM,2020-06-10,89908,1763809049.2810895
CCM,2020-06-15,57721,1763809050.373252
CCM,2020-12-15,2791458,1763809052.312764
CCM,2021-03-23,180275,1763809053.4990315
CCM,2022-04-06,32286,1763809054.7105172
CCM,2023-02-27,31337,1763809055.81721
CCM,2023-03-24,25218,1763809056.91621
CCM,2024-02-29,21825,1763809058.0137835
CCM,2024-03-26,65439,1763809059.1619847
CCM,2024-03-27,78715,1763809060.283955
CCM,2024-06-03,926535,1763809061.7502756
CCM,2024-06-04,3352896,1763809064.029277
CCM,2024-06-24,458658,1763809065.350575
CCM,2024-07-31,282808,1763809066.6263483
CCO,2020-04-23,1757890,1763809068.3945498
CCO,2020-06-05,2812341,1763809070.482181
CCO,2020-06-08,2743982,1763809072.5826983
CCO,2020-06-12,906730,1763809074.0747173
CCRN,2020-03-19,501712,1763809075.5826857
CCRN,2021-11-04,1468280,1763809077.428797
CCRN,2024-12-04,2952014,1763809080.0763917
CCSI,2024-05-09,1015460,1763809081.7037902
CCTG,2024-01-19,3637713,1763809084.2125614
CCTG,2024-01-24,1346705,1763809085.9195538
CCTG,2024-01-25,1724502,1763809087.7172303
CCTG,2024-01-31,1475565,1763809089.4401102
CCTG,2024-02-02,5935645,1763809094.1250672
CCTG,2024-02-08,8098746,1763809098.561798
CCTG,2024-02-14,3170301,1763809101.6092374
CCTG,2024-03-14,6578587,1763809105.6651464
CCTG,2024-10-24,11862657,1763809114.2509127
CCTG,2024-12-26,66693,1763809115.4467168
CCTG,2024-12-30,2393478,1763809117.5108335
CD,2021-02-26,1455565,1763809119.2203798
CD,2022-03-16,2916374,1763809121.7204306
CDE,2020-03-17,3692295,1763809124.9602242
CDE,2020-03-19,3260658,1763809127.6870065
CDE,2021-02-01,8357131,1763809132.8933332
CDIO,2022-10-28,278509,1763809134.170033
CDIO,2022-11-04,149781,1763809135.3675385
CDIO,2022-11-21,1161471,1763809136.9630969
CDIO,2023-01-10,75470,1763809138.0895324
CDIO,2023-02-06,4800349,1763809141.3166633
CDIO,2023-02-28,16174553,1763809157.726923
CDIO,2023-03-01,22883921,1763809182.931673
CDIO,2023-03-14,403943,1763809184.608615
CDIO,2023-10-12,702711,1763809186.7456794
CDIO,2023-10-19,856743,1763809188.9170947
CDIO,2023-10-26,400242,1763809190.3401814
CDIO,2023-10-31,8631483,1763809197.2355943
CDIO,2023-11-06,7650406,1763809204.4190946
CDIO,2023-11-07,19630522,1763809231.8365438
CDIO,2023-11-08,23649084,1763809246.5364614
CDIO,2023-11-10,3345996,1763809253.0451972
CDIO,2023-11-20,16311246,1763809275.1513164
CDIO,2023-11-28,2835731,1763809277.413241
CDIO,2023-12-15,771698,1763809278.8709338
CDIO,2024-01-02,3544582,1763809281.9687138
CDIO,2024-05-10,1160027,1763809283.564952
CDIO,2024-06-21,137312,1763809284.7597282
CDIO,2024-10-28,537282,1763809286.1297066
CDIO,2024-11-06,2472938,1763809288.1297007
CDIO,2024-12-05,3406882,1763809291.3900664
CDIO,2024-12-06,5330984,1763809294.7176743
CDIO,2024-12-09,3320135,1763809297.096929
CDIO,2024-12-10,2599222,1763809299.257475
CDIO,2024-12-11,3367266,1763809301.8608959
CDIO,2024-12-18,1262854,1763809303.6444705
CDIO,2024-12-19,1306806,1763809305.4023612
CDLX,2020-03-24,979690,1763809307.040578
CDLX,2020-05-12,1937819,1763809310.1437864
CDLX,2022-11-10,1366072,1763809313.147318
CDLX,2023-01-27,1573047,1763809316.5722525
CDLX,2023-04-04,13653855,1763809330.2231095
CDLX,2023-05-01,2176633,1763809333.1821616
CDLX,2023-08-02,1917109,1763809335.5697937
CDLX,2024-01-29,2271938,1763809337.9272778
CDLX,2024-03-15,7072651,1763809343.9876328
CDLX,2024-08-09,5573255,1763809348.2008173
CDNA,2024-05-10,1978796,1763809350.4776275
CDNA,2024-08-01,2975417,1763809353.155365
CDRO,2022-08-08,34599,1763809354.278129
CDROW,2024-07-31,16199,1763809355.3526423
CDRpB,2020-03-26,27924,1763809356.4702232
CDRpB,2020-04-09,20954,1763809357.6079192
CDRpB,2022-10-17,31501,1763809358.7298434
CDRpC,2020-03-19,68720,1763809359.859818
CDRpC,2020-03-25,63032,1763809360.9792268
CDRpC,2020-03-26,70309,1763809362.1428812
CDRpC,2020-04-09,55820,1763809363.5688267
CDT,2023-10-04,2087968,1763809366.0321412
CDT,2023-10-30,4290722,1763809370.8460765
CDT,2023-11-22,125895,1763809372.1711016
CDT,2023-11-29,805995,1763809374.2473
CDT,2023-12-08,717482,1763809376.9073024
CDT,2023-12-20,276197,1763809378.4311032
CDT,2024-03-11,116526,1763809379.6679406
CDT,2024-06-13,249640,1763809381.0341635
CDT,2024-07-16,10165875,1763809396.1356428
CDT,2024-08-08,17479589,1763809415.5673525
CDT,2024-08-14,6817208,1763809420.6171796
CDT,2024-10-11,7388324,1763809428.2070465
CDT,2024-10-18,2094218,1763809431.8735986
CDT,2024-11-21,12968515,1763809445.6377532
CDT,2024-12-30,1366661,1763809448.138652
CDTG,2024-04-19,226479,1763809449.5179725
CDTG,2024-11-07,60757,1763809450.6837363
CDTX,2020-11-12,371861,1763809452.0895884
CDTX,2022-06-08,172474,1763809453.404953
CDTX,2023-01-25,2372732,1763809458.251401
CDTX,2023-03-01,717065,1763809460.1741993
CDTX,2023-09-06,711631,1763809462.3943112
CDTX,2024-11-21,302478,1763809463.944774
CDXS,2021-10-01,2291228,1763809468.0860474
CDXS,2023-12-14,1836733,1763809471.660249
CDXS,2024-02-27,1155769,1763809474.4864004
CDXS,2024-02-29,1152687,1763809477.0271018
CDZI,2022-03-21,479446,1763809478.7689857
CDZI,2024-11-26,1409250,1763809481.8527045
CELC,2020-11-12,29318,1763809482.970284
CELC,2021-04-09,7538806,1763809489.5488887
CELC,2022-12-19,112043,1763809490.7379448
CELH,2020-03-17,439844,1763809492.287536
CELH,2020-05-12,927562,1763809494.0023866
CELH,2020-08-06,1919786,1763809496.2919402
CELH,2020-11-12,2740581,1763809499.071991
CELU,2022-05-13,929231,1763809500.8270574
CELU,2023-01-11,470288,1763809502.1680121
CELU,2023-04-03,254873,1763809503.4446342
CELU,2023-10-11,211352,1763809504.7082765
CELU,2023-12-29,365485,1763809506.0599468
CELU,2024-01-18,5903613,1763809510.191508
CELU,2024-01-31,224277,1763809511.4621913
CELU,2024-02-01,790442,1763809513.5444343
CELU,2024-05-14,61328,1763809514.8045208
CELU,2024-11-07,10026777,1763809529.7332466
CELU,2024-11-15,1321229,1763809532.6850674
CELUW,2021-07-28,34397,1763809533.771037
CELZ,2021-12-10,2585865,1763809538.1619582
CELZ,2021-12-21,645663,1763809540.1622653
CELZ,2022-01-03,10985663,1763809557.0617857
CELZ,2022-02-18,3829634,1763809561.2221313
CELZ,2022-03-23,18526271,1763809574.0670085
CELZ,2022-03-28,7179148,1763809578.647923
CELZ,2022-03-31,3505646,1763809581.3181622
CELZ,2022-06-14,395506,1763809582.6483674
CELZ,2022-11-03,969351,1763809584.0376155
CELZ,2022-12-12,276180,1763809585.333172
CELZ,2023-02-08,12985387,1763809598.073109
CELZ,2023-04-12,8828977,1763809610.4162786
CELZ,2023-06-15,696451,1763809612.2420466
CELZ,2023-12-20,115910,1763809613.4956124
CELZ,2024-03-06,1695860,1763809615.665009
CELZ,2024-03-07,4754028,1763809621.803006
CELZ,2024-08-12,62952,1763809622.9514463
CELZ,2024-10-09,100040,1763809624.09447
CENN,2022-03-07,3968403,1763809629.097646
CENN,2022-03-21,7748888,1763809639.8983047
CENN,2022-03-23,7982130,1763809648.673399
CENN,2022-12-21,3305394,1763809652.0302835
CENN,2022-12-27,1053540,1763809653.6988215
CENN,2022-12-28,3492704,1763809656.5428848
CETX,2020-01-15,8410902,1763809662.0487165
CETX,2020-01-16,10845926,1763809676.383996
CETX,2020-02-05,533338,1763809678.0008097
CETX,2020-02-24,1666892,1763809680.2350507
CETX,2020-03-17,141980,1763809681.4935002
CETX,2020-05-13,1010538,1763809683.2264895
CETX,2020-06-01,24111997,1763809698.449988
CETX,2020-06-04,2149099,1763809700.516669
CETX,2020-06-09,5190126,1763809703.5061853
CETX,2020-07-13,1237506,1763809705.1897147
CETX,2021-01-22,1120071,1763809706.8968406
CETX,2021-03-10,19388094,1763809737.2571428
CETX,2021-07-12,14557304,1763809761.3903623
CETX,2021-10-14,5149906,1763809770.302879
CETX,2021-10-27,5448987,1763809779.374252
CETX,2022-05-02,403587,1763809781.1958506
CETX,2022-07-15,1249661,1763809784.1778316
CETX,2022-12-13,37672,1763809785.2774217
CETX,2022-12-15,405635,1763809786.789472
CETX,2023-02-01,760020,1763809788.9219716
CETX,2023-02-10,583440,1763809790.8461878
CETX,2023-09-20,486035,1763809792.7436702
CETX,2023-09-22,511101,1763809795.734826
CETX,2024-03-06,356879,1763809797.3134224
CETX,2024-03-20,156517,1763809798.62307
CETX,2024-05-17,1587328,1763809802.0399742
CETX,2024-05-30,1503088,1763809805.767359
CETX,2024-10-16,3281274,1763809811.38143
CETX,2024-11-20,1202897,1763809814.4627364
CETY,2022-01-04,18972,1763809815.5457466
CETY,2022-01-05,22592,1763809816.658075
CETY,2022-01-12,30127,1763809817.7350068
CETY,2022-01-24,22300,1763809818.8136587
CETY,2023-04-06,1156010,1763809821.2786374
CETY,2023-07-12,193387,1763809823.6495245
CETY,2024-02-14,5536279,1763809832.1714332
CETY,2024-04-03,270470,1763809833.5602806
CEVA,2024-08-07,550571,1763809835.3559976
CFGpE,2020-03-19,128461,1763809836.698995
CFLT,2024-02-08,11190627,1763809858.0020514
CGBD,2020-03-19,823809,1763809860.330919
CGBD,2020-03-26,626483,1763809862.3363943
CGC,2022-10-25,4305641,1763809869.5308373
CGC,2023-07-03,5799870,1763809878.5625417
CGC,2023-08-31,7267054,1763809885.9551992
CGC,2023-09-05,5129232,1763809890.0952146
CGC,2023-09-11,17119634,1763809902.2421534
CGC,2024-03-18,3469137,1763809908.7390077
CGC,2024-03-22,13385964,1763809928.5286164
CGC,2024-03-26,16513071,1763809951.7792802
CGC,2024-03-27,16600382,1763809961.8498406
CGC,2024-04-03,12698299,1763809969.586259
CGC,2024-04-30,16709174,1763809979.7610748
CGEM,2022-05-12,4346552,1763809982.8299267
CGEM,2024-04-26,2405184,1763809984.9552526
CGEN,2023-12-19,18886165,1763809997.64087
CGEN,2024-05-22,597945,1763809999.2145889
CGTL,2024-12-13,107432,1763810000.3955774
CGTL,2024-12-16,286012,1763810001.6678815
CGTX,2022-04-04,85575,1763810002.8285756
CGTX,2022-06-29,61347,1763810003.9564
CGTX,2022-08-04,4370236,1763810007.749818
CGTX,2022-11-25,259475,1763810009.040658
CGTX,2022-11-30,238422,1763810010.6334877
CGTX,2023-12-11,269374,1763810012.05468
CGTX,2023-12-14,353506,1763810013.5832572
CGTX,2024-12-18,19080672,1763810029.5681715
CHCI,2020-04-15,4102943,1763810032.3245697
CHCI,2020-05-29,1295522,1763810033.9026983
CHCI,2020-06-17,244654,1763810035.2815769
CHCI,2020-06-19,1526442,1763810036.9560897
CHCI,2020-08-26,255943,1763810038.1984162
CHCI,2020-10-06,927053,1763810039.661574
CHCI,2020-10-14,411461,1763810040.9440327
CHCI,2021-02-09,12411328,1763810052.2924948
CHCI,2021-05-05,225063,1763810053.6612246
CHCI,2023-05-04,183904,1763810054.9512048
CHCT,2020-03-19,466102,1763810056.5164402
CHEF,2020-03-19,2470269,1763810059.4376364
CHEF,2020-03-24,2431996,1763810062.5996387
CHEF,2020-11-09,1865818,1763810066.3701985
CHEK,2020-01-09,98654,1763810067.583056
CHEK,2020-03-20,33589,1763810068.718337
CHEK,2020-07-21,1479394,1763810071.8059053
CHEK,2021-01-04,20898247,1763810104.9737668
CHEK,2021-01-05,41273554,1763810176.025643
CHEK,2021-01-25,5137958,1763810181.9560285
CHEK,2021-02-17,3419078,1763810187.6345284
CHEK,2021-03-15,36411767,1763810222.2485275
CHEK,2021-11-02,2021075,1763810224.4023936
CHEK,2022-11-03,299312,1763810225.672178
CHEK,2022-11-30,177599,1763810227.002987
CHEK,2023-01-12,59124,1763810228.1209283
CHEK,2023-02-03,99068,1763810229.257907
CHEK,2023-02-06,265150,1763810230.4674957
CHEK,2023-05-10,194931,1763810231.6142511
CHEK,2023-06-07,152464,1763810232.8695743
CHEK,2024-03-26,3667803,1763810235.6754813
CHEK,2024-12-23,5790265,1763810239.3088055
CHGG,2020-05-05,13400777,1763810245.2435563
CHGG,2022-11-02,5743668,1763810249.4059806
CHGG,2023-08-08,7948669,1763810256.0916083
CHMI,2020-03-19,512768,1763810257.6002011
CHMI,2020-03-25,374171,1763810259.2097423
CHMI,2020-03-26,531034,1763810260.8036952
CHMI,2020-04-06,769378,1763810263.0494275
CHMI,2020-04-07,711880,1763810265.1611774
CHMI,2020-04-08,739514,1763810267.1487956
CHMIpA,2020-03-19,50891,1763810268.2666485
CHMIpA,2020-03-25,88270,1763810269.4612215
CHMIpA,2020-03-26,70419,1763810270.6113207
CHMIpA,2020-04-08,54118,1763810271.7501743
CHMIpB,2020-03-19,64684,1763810272.8822703
CHMIpB,2020-03-25,42008,1763810273.9961064
CHMIpB,2020-03-26,44235,1763810275.1473591
CHMIpB,2020-04-07,56254,1763810276.2701285
CHMIpB,2020-04-08,48622,1763810277.3625333
CHNR,2020-03-13,71012,1763810278.6020234
CHNR,2020-04-15,32543,1763810279.688146
CHNR,2020-06-09,39787,1763810281.0166843
CHNR,2020-06-10,56355,1763810282.1809132
CHNR,2020-06-12,10502163,1763810297.0746398
CHNR,2020-06-15,11172484,1763810308.5208414
CHNR,2020-06-24,540892,1763810309.9901383
CHNR,2020-07-21,437436,1763810311.2927222
CHNR,2020-09-14,1138277,1763810312.9414203
CHNR,2020-10-06,1096241,1763810314.5786574
CHNR,2021-01-19,3574749,1763810317.3497715
CHNR,2021-02-17,2036600,1763810319.3479407
CHNR,2022-01-06,425214,1763810320.693182
CHNR,2022-02-22,68499,1763810321.779414
CHNR,2022-03-08,119606,1763810322.9391365
CHNR,2023-04-14,45778,1763810324.073933
CHNR,2023-04-28,43477,1763810325.1881828
CHNR,2023-05-01,131634,1763810326.4010918
CHNR,2023-07-31,1386401,1763810328.1214945
CHNR,2023-08-02,216751,1763810329.3748314
CHNR,2024-02-14,1513483,1763810331.0276725
CHNR,2024-02-15,19358002,1763810341.7304776
CHNR,2024-09-11,287124,1763810343.0983446
CHNR,2024-09-13,140088,1763810344.3020468
CHNR,2024-10-07,119388,1763810345.47771
CHR,2023-11-10,315137,1763810346.841007
CHR,2024-02-15,82190,1763810347.989663
CHR,2024-03-14,192794,1763810349.160967
CHRS,2023-12-27,8904038,1763810355.5699415
CHRS,2024-11-20,1095596,1763810357.2390428
CHRS,2024-12-03,14299289,1763810366.5192504
CHSCM,2020-03-19,93215,1763810367.7654498
CHSCN,2020-03-19,68789,1763810368.9243019
CHSN,2023-03-31,975539,1763810370.456741
CHSN,2023-04-20,223049,1763810371.7562945
CHSN,2023-05-01,278330,1763810373.042044
CHSN,2023-05-10,4180765,1763810375.93776
CHSN,2023-07-12,196432,1763810377.1575193
CHSN,2023-08-25,364029,1763810378.6641645
CHSN,2023-08-30,983444,1763810380.2479765
CHSN,2023-12-04,108938,1763810381.4969242
CHSN,2023-12-05,1373136,1763810383.163867
CHSN,2023-12-06,2396097,1763810385.2390072
CHSN,2023-12-07,2607492,1763810387.453928
CHSN,2023-12-12,613914,1763810388.8773162
CHSN,2023-12-13,1768563,1763810390.7240367
CHSN,2024-06-06,163602,1763810391.9210634
CHSN,2024-09-16,122157,1763810393.102036
CHSN,2024-10-04,5510379,1763810396.8777282
CHSN,2024-11-19,157833,1763810398.1438901
CHWY,2024-05-29,18372247,1763810408.4042306
CHWY,2024-06-27,24509673,1763810421.145501
CIB,2020-03-25,1311010,1763810422.886627
CIFR,2022-10-26,488844,1763810424.217171
CIFR,2023-02-02,1726807,1763810425.9297366
CIFR,2023-03-13,901141,1763810427.5673132
CIFR,2023-03-14,1850881,1763810429.418329
CIFR,2023-12-26,3903499,1763810432.207548
CIFR,2024-03-06,4569617,1763810435.4128897
CIFR,2024-11-06,6049631,1763810439.2096643
CIFRW,2023-12-18,310225,1763810440.5304787
CIFRW,2023-12-19,545617,1763810441.8769484
CIFRW,2023-12-27,342269,1763810443.1987066
CIFRW,2024-03-06,99919,1763810444.358772
CIFRW,2024-06-13,50598,1763810445.512926
CIFRW,2024-06-17,70809,1763810446.6753135
CIFRW,2024-06-25,39848,1763810447.7687802
CIFRW,2024-09-25,37960,1763810448.8422294
CIFRW,2024-11-06,93040,1763810450.175889
CIG.C,2020-06-22,3606269,1763810454.998509
CIGI,2020-03-25,180787,1763810456.3282652
CIIT,2022-02-25,10087,1763810457.4025352
CIIT,2022-06-28,12306,1763810458.4812405
CIIT,2022-06-29,13351,1763810459.5730157
CIIT,2022-07-26,9870,1763810460.6425178
CIIT,2022-12-30,12094,1763810461.7169485
CIIT,2023-01-12,13962,1763810462.810508
CIIT,2023-01-17,12047,1763810463.8971841
CIIT,2023-02-01,10458,1763810466.0366075
CIIT,2023-07-18,10190,1763810467.1084673
CIIT,2024-06-07,10499,1763810468.1841512
CIIT,2024-07-22,10923,1763810469.2574153
CIM,2020-03-25,4750057,1763810473.07375
CIM,2020-03-26,5226524,1763810478.4391556
CIMpA,2020-03-19,114013,1763810479.6824803
CIMpA,2020-03-25,143706,1763810480.860675
CIMpA,2020-03-26,175652,1763810482.0932696
CIMpA,2020-04-07,70356,1763810483.2661211
CIMpB,2020-03-19,203546,1763810484.47885
CIMpB,2020-03-25,231934,1763810485.7473595
CIMpB,2020-03-26,244472,1763810487.352548
CIMpB,2020-04-06,134961,1763810488.504514
CIMpB,2020-04-07,173215,1763810489.7136178
CIMpC,2020-03-19,112758,1763810490.9160023
CIMpC,2020-03-25,227267,1763810492.2355433
CIMpC,2020-03-26,260403,1763810493.479205
CIMpC,2020-04-07,89174,1763810494.6165342
CIMpD,2020-03-19,167499,1763810495.820968
CIMpD,2020-03-25,243238,1763810497.082482
CIMpD,2020-03-26,262426,1763810498.3335545
CIMpD,2020-04-07,79811,1763810499.5800672
CING,2022-03-17,132022,1763810501.0971832
CING,2022-05-13,61916,1763810502.22423
CING,2022-11-22,94797,1763810503.401579
CING,2023-02-13,54711,1763810504.5666237
CING,2023-02-24,6822304,1763810511.6405823
CING,2023-12-27,16983537,1763810532.5185132
CING,2023-12-28,27695850,1763810572.8461826
CING,2024-01-03,818342,1763810575.5261617
CING,2024-01-09,471160,1763810577.1466174
CING,2024-01-24,196465,1763810578.4623206
CING,2024-02-01,968504,1763810580.989643
CING,2024-07-01,916864,1763810583.320065
CING,2024-07-10,164677,1763810584.6105793
CING,2024-08-12,3835609,1763810590.175394
CING,2024-08-15,25670458,1763810606.896964
CING,2024-08-16,60268513,1763810641.1962566
CING,2024-08-30,2360796,1763810643.6450632
CING,2024-11-11,239367,1763810644.8945363
CISO,2022-01-05,10889,1763810646.0220277
CISO,2022-01-12,12493,1763810647.1010025
CISO,2022-02-25,1384992,1763810648.731938
CISO,2022-03-03,3182158,1763810651.120942
CISO,2022-03-23,2382098,1763810653.2444117
CISO,2022-06-06,1398525,1763810655.056914
CISO,2022-06-13,1993383,1763810657.0817976
CISO,2023-02-15,574219,1763810658.4756024
CISO,2023-03-17,871811,1763810659.9678419
CISO,2023-03-21,7820134,1763810664.073929
CISO,2023-04-13,609675,1763810665.4949977
CISO,2023-05-01,276319,1763810666.8097599
CISO,2023-10-10,2632935,1763810668.7400467
CISO,2023-11-15,5173419,1763810672.549591
CISO,2024-01-05,697076,1763810674.320508
CISO,2024-02-20,4577748,1763810677.0074484
CISO,2024-03-13,574990,1763810678.399804
CISO,2024-12-09,129070,1763810679.6500535
CISO,2024-12-27,207274,1763810680.8654585
CISS,2023-09-01,427370,1763810682.167664
CISS,2023-10-13,628797,1763810683.5535178
CISS,2023-11-06,559242,1763810684.968845
CISS,2024-01-25,7408810,1763810688.8050542
CISS,2024-01-30,6604299,1763810692.7858708
CISS,2024-03-26,10138449,1763810698.272051
CISS,2024-04-03,5235371,1763810701.5941978
CISS,2024-04-17,4449519,1763810704.458138
CJET,2023-06-05,11291709,1763810710.8305514
CJET,2023-06-07,4755566,1763810713.8679183
CJET,2023-07-12,358110,1763810715.2237382
CJET,2023-07-14,3162098,1763810717.5788474
CJET,2023-10-19,248872,1763810718.9056637
CJET,2024-01-18,85190,1763810720.0523703
CJET,2024-03-15,133250,1763810721.3086007
CJET,2024-03-18,219357,1763810722.688418
CJET,2024-05-21,944700,1763810725.0227368
CJET,2024-05-23,458954,1763810726.8527467
CJET,2024-06-14,2543092,1763810731.319492
CJET,2024-07-02,914133,1763810733.7660599
CJET,2024-07-09,3106561,1763810738.136935
CJET,2024-07-12,479089,1763810739.6933787
CJET,2024-07-23,1320701,1763810741.9406786
CLB,2020-03-19,2806009,1763810744.9669476
CLBT,2021-09-16,643482,1763810746.6451147
CLDT,2020-03-19,736026,1763810748.2672396
CLDX,2020-02-21,1608130,1763810750.4162617
CLDX,2020-06-10,3832495,1763810754.160355
CLDX,2020-06-11,13888381,1763810764.2284656
CLDX,2020-06-15,6357237,1763810768.461013
CLDX,2020-06-19,2339956,1763810770.5940244
CLDX,2021-07-12,3295770,1763810773.39949
CLGN,2020-12-01,210870,1763810774.6095922
CLGN,2021-12-27,263072,1763810775.810613
CLH,2020-03-19,1276691,1763810777.428945
CLIK,2024-10-24,268582,1763810778.7885141
CLIK,2024-11-22,62254,1763810779.9145124
CLIK,2024-12-03,206324,1763810781.231686
CLIK,2024-12-24,289750,1763810782.6294537
CLIR,2020-06-16,28123187,1763810801.385907
CLIR,2020-06-17,35267971,1763810824.564781
CLIR,2021-11-18,2087402,1763810826.7465062
CLIR,2023-11-27,201596,1763810828.005541
CLIR,2024-11-21,207835,1763810829.2745037
CLLS,2020-05-14,247079,1763810830.5303817
CLLS,2023-11-01,14620911,1763810839.4015036
CLMT,2020-03-19,119685,1763810840.7198496
CLMT,2020-04-09,209422,1763810841.9993157
CLMT,2020-04-13,185825,1763810843.2465303
CLMT,2022-08-05,459333,1763810844.799266
CLNE,2020-03-13,932593,1763810846.8313546
CLNE,2020-07-08,9237339,1763810861.9711647
CLNE,2020-12-22,7233254,1763810870.186305
CLNE,2020-12-23,13592370,1763810879.9128277
CLNE,2021-02-08,11417107,1763810886.7471402
CLNE,2021-06-09,37175800,1763810917.2914622
CLNN,2021-02-03,2147992,1763810919.8128266
CLNN,2021-02-16,236022,1763810921.001508
CLNN,2021-05-07,252078,1763810922.2906435
CLNN,2021-07-13,3969154,1763810925.7574394
CLNN,2022-06-27,698119,1763810927.405226
CLNN,2022-07-14,7160639,1763810932.8285885
CLNN,2022-12-16,331878,1763810934.159775
CLNN,2023-02-13,6805735,1763810939.1797378
CLNN,2023-09-26,338780,1763810940.5075042
CLNN,2023-10-05,359784,1763810941.82348
CLNN,2024-05-29,257324,1763810943.1541886
CLNN,2024-06-07,259881,1763810944.4711452
CLNN,2024-08-06,1328980,1763810946.144354
CLNNW,2021-02-03,312563,1763810947.3776515
CLNNW,2021-02-16,37542,1763810948.455112
CLNNW,2021-03-08,37982,1763810949.5653794
CLNNW,2021-04-12,14760,1763810950.6409605
CLNNW,2021-04-19,26900,1763810951.8314202
CLNNW,2021-05-03,39531,1763810952.9373536
CLNNW,2021-05-07,23771,1763810954.01727
CLNNW,2021-07-12,65912,1763810955.218784
CLNNW,2021-07-13,157312,1763810956.4389315
CLNNW,2021-07-15,36547,1763810957.5572934
CLOV,2021-04-16,35147476,1763810998.2743406
CLOV,2021-06-07,25368535,1763811016.0084276
CLOV,2021-06-08,170496796,1763811175.0765707
CLOV,2021-06-09,226038527,1763811481.6927736
CLOV,2024-06-21,2131250,1763811485.118197
CLOV,2024-10-02,3289666,1763811487.9833443
CLPR,2024-12-16,516336,1763811489.4008796
CLPS,2020-02-04,209843,1763811490.6021407
CLPS,2020-03-06,240536,1763811491.9417377
CLPS,2020-06-10,275708,1763811493.1918044
CLPS,2020-06-12,270415,1763811494.7141788
CLPS,2020-07-15,95957,1763811495.9081259
CLPS,2020-08-17,362662,1763811497.2984354
CLPS,2020-08-21,187292,1763811498.518227
CLPS,2020-10-23,4418034,1763811504.010825
CLPS,2020-11-16,558813,1763811505.5756369
CLPS,2020-12-08,1677719,1763811507.533757
CLPS,2021-01-22,2295681,1763811511.0810163
CLPS,2021-02-17,29053279,1763811537.444503
CLPS,2021-03-05,4746295,1763811543.557063
CLPS,2021-03-12,1553665,1763811545.6200185
CLPS,2021-03-17,2235688,1763811549.560944
CLPS,2022-08-08,185108,1763811550.8532891
CLPT,2020-07-17,110306,1763811552.1390307
CLPT,2024-08-08,336275,1763811553.6410718
CLRB,2020-12-01,776488,1763811555.7964323
CLRB,2020-12-02,2364720,1763811559.3468018
CLRB,2022-04-14,80235,1763811560.5545
CLRB,2022-07-20,103748,1763811561.7662637
CLRB,2023-09-05,7585925,1763811572.897759
CLRB,2024-01-08,6601936,1763811580.6410713
CLRO,2020-03-05,66353,1763811581.8763309
CLRO,2020-03-24,179666,1763811583.047329
CLRO,2020-06-16,214693,1763811584.2966928
CLRO,2020-08-17,230280,1763811585.9049416
CLRO,2020-09-11,313651,1763811587.2059872
CLRO,2020-12-10,1080747,1763811588.857643
CLRO,2021-03-31,2698848,1763811591.3961618
CLRO,2022-01-25,196539,1763811593.0032475
CLRO,2022-12-09,7824653,1763811600.541171
CLRO,2023-05-09,11342524,1763811617.511691
CLRO,2023-12-28,159044,1763811618.783957
CLRO,2024-03-12,20933563,1763811644.7176478
CLRO,2024-05-01,144782,1763811646.1428971
CLRO,2024-06-13,127204,1763811647.6101198
CLRO,2024-08-16,115925,1763811648.8716965
CLRO,2024-12-31,890008,1763811651.2623022
CLSD,2020-12-31,964873,1763811653.5857463
CLSD,2021-06-15,13429440,1763811674.0142834
CLSD,2021-06-17,8222910,1763811687.3586526
CLSD,2021-07-06,2998191,1763811692.2145238
CLSD,2022-03-11,3329309,1763811697.23671
CLSD,2023-04-04,353015,1763811698.739
CLSK,2020-03-03,214256,1763811699.961823
CLSK,2020-04-09,4438855,1763811706.105199
CLSK,2020-05-05,14207055,1763811728.166093
CLSK,2020-05-21,5778484,1763811737.1747239
CLSK,2020-06-29,7226964,1763811748.4471798
CLSK,2020-07-06,1401308,1763811750.9773693
CLSK,2020-07-09,11679175,1763811767.588995
CLSK,2020-07-29,3438029,1763811770.6067512
CLSK,2020-08-10,6581430,1763811774.9083364
CLSK,2020-09-21,4927040,1763811778.5820098
CLSK,2021-01-06,4291270,1763811784.4428465
CLSK,2021-02-18,5418683,1763811793.1317208
CLSK,2024-02-09,18952088,1763811819.9788728
CLSK,2024-11-11,13097890,1763811827.535539
CLSKW,2024-11-21,590883,1763811829.1956587
CLSKW,2024-11-22,506873,1763811830.53673
CLSKW,2024-11-25,264928,1763811831.8237932
CLW,2020-03-19,616459,1763811833.2322876
CLW,2022-08-03,470854,1763811834.5507169
CLWT,2020-06-12,120579,1763811836.6905127
CLWT,2020-06-17,195577,1763811837.9210594
CLWT,2020-12-28,930172,1763811839.3148954
CLWT,2021-04-01,431576,1763811840.6106608
CLWT,2021-05-20,1033713,1763811842.1091104
CLWT,2021-07-12,1493367,1763811844.4422133
CLWT,2021-12-16,234193,1763811845.6932113
CLWT,2022-08-05,67585,1763811846.829709
CLWT,2022-08-10,7711202,1763811859.8326092
CLWT,2023-04-18,249075,1763811861.2425528
CMBM,2020-07-08,173640,1763811862.5991044
CMBM,2024-07-10,295582,1763811864.1491873
CMCM,2020-05-20,1345898,1763811866.734074
CMCM,2020-07-08,1206068,1763811869.2862544
CMCM,2021-02-05,3624468,1763811875.1602192
CMCM,2022-09-02,2573158,1763811878.7977247
CMCM,2023-11-03,37798,1763811879.8810265
CMCM,2024-05-20,345615,1763811881.125909
CMCT,2020-03-20,320029,1763811882.449597
CMCT,2023-04-17,307230,1763811883.7129142
CMCT,2024-12-31,1686849,1763811886.913365
CMMB,2021-04-08,2755748,1763811889.7195323
CMMB,2021-04-19,1489098,1763811892.718542
CMMB,2021-05-18,780703,1763811894.750048
CMMB,2021-06-11,2241987,1763811896.7374113
CMMB,2021-11-01,612093,1763811898.2513375
CMMB,2021-12-21,386273,1763811899.6343398
CMMB,2023-01-03,5266694,1763811908.5212235
CMMB,2023-02-21,4860825,1763811913.2530665
CMMB,2023-06-26,461042,1763811914.7634857
CMMB,2023-11-15,9086589,1763811924.7650187
CMMB,2023-12-19,166837,1763811926.025191
CMND,2022-11-30,80701,1763811927.1756327
CMND,2022-12-13,54755,1763811928.3014028
CMND,2022-12-15,402251,1763811929.5467913
CMND,2023-01-09,124290,1763811930.8181417
CMND,2023-03-13,2953257,1763811935.4769804
CMND,2023-04-11,3075246,1763811938.6196923
CMND,2023-04-19,3749167,1763811944.3876858
CMND,2023-04-26,3276575,1763811949.5834634
CMND,2023-05-12,1395941,1763811952.7973616
CMND,2023-06-23,624488,1763811954.4882894
CMND,2023-10-11,3712360,1763811961.5907774
CMND,2023-11-28,1478551,1763811964.6767988
CMND,2023-11-29,1879977,1763811968.0170026
CMND,2023-11-30,4073632,1763811975.2660522
CMND,2023-12-01,6931034,1763811985.8597095
CMND,2023-12-05,12807734,1763812005.2098854
CMND,2024-01-10,12338630,1763812026.5271988
CMND,2024-01-25,494924,1763812028.6748824
CMND,2024-02-01,2443684,1763812032.9217985
CMND,2024-05-07,9099244,1763812048.5057273
CMND,2024-06-21,3184687,1763812054.0264306
CMND,2024-06-28,12616651,1763812064.8633845
CMND,2024-07-15,1278394,1763812067.573482
CMND,2024-10-18,373479,1763812068.895862
CMND,2024-12-24,12956541,1763812081.920192
CMP,2024-09-17,3468226,1763812084.424519
CMP,2024-11-15,3352270,1763812088.4195366
CMPO,2024-03-07,635393,1763812090.1337473
CMPO,2024-08-08,1665721,1763812092.2876914
CMPOW,2022-02-01,39959,1763812093.4473226
CMPOW,2022-05-16,16192,1763812094.5403142
CMPOW,2022-06-07,11483,1763812095.6335719
CMPOW,2022-10-26,63485,1763812096.8125856
CMPOW,2022-10-27,34382,1763812097.892076
CMPOW,2022-11-03,26747,1763812099.2345326
CMPOW,2024-08-08,139452,1763812100.388544
CMPOW,2024-08-09,187728,1763812101.688305
CMPR,2020-03-24,738889,1763812103.2809565
CMPR,2020-07-30,754431,1763812105.387524
CMPR,2023-03-27,912553,1763812107.3997478
CMPR,2024-02-01,785884,1763812109.018463
CMPS,2020-09-22,935161,1763812110.573704
CMPX,2022-04-05,83771,1763812111.7916584
CMPX,2022-05-12,167863,1763812113.0623076
CMPX,2022-05-13,176139,1763812114.4427035
CMTL,2023-10-13,952745,1763812116.0723903
CMTL,2024-05-20,1460625,1763812118.2947092
CMTL,2024-06-18,17298083,1763812140.16951
CMTL,2024-12-20,578538,1763812142.051761
CNCKW,2024-12-12,44053,1763812143.4762301
CNCKW,2024-12-26,60944,1763812145.2993395
CNDT,2020-06-08,1180099,1763812149.6716979
CNDT,2020-08-07,17835205,1763812186.2575212
CNET,2020-03-31,214739,1763812187.658929
CNET,2020-05-20,789673,1763812189.4668622
CNET,2020-06-09,278706,1763812190.8178754
CNET,2020-07-30,615597,1763812192.3810241
CNET,2020-09-30,324560,1763812193.639471
CNET,2020-12-09,8421350,1763812203.988472
CNET,2021-01-07,4270466,1763812209.3666437
CNET,2021-01-08,24631402,1763812237.4527817
CNET,2021-01-14,3682181,1763812240.0822077
CNET,2021-02-17,10479126,1763812247.8400826
CNET,2022-03-18,100280,1763812249.1397336
CNET,2022-07-05,407473,1763812250.623592
CNET,2022-08-04,312598,1763812252.4626915
CNET,2022-08-05,545132,1763812254.2313814
CNET,2022-09-15,796178,1763812256.2814574
CNET,2022-11-04,1274318,1763812259.0445356
CNET,2022-12-08,590459,1763812260.9807272
CNET,2023-12-05,561339,1763812262.8471763
CNET,2024-01-26,44330,1763812264.0047524
CNET,2024-02-15,69213,1763812265.1920798
CNET,2024-09-11,337122,1763812266.638378
CNET,2024-09-26,5541773,1763812271.0493743
CNET,2024-09-27,12609087,1763812278.455715
CNET,2024-09-30,12176959,1763812293.4081318
CNEY,2021-02-10,239045,1763812294.9558835
CNEY,2021-06-14,504268,1763812296.4886968
CNEY,2021-12-15,590603,1763812298.3269618
CNEY,2023-01-20,2308038,1763812302.0259964
CNEY,2023-01-23,2604314,1763812305.2844107
CNEY,2023-04-05,691224,1763812307.07924
CNEY,2023-12-28,3055585,1763812311.9797227
CNEY,2024-01-17,1048860,1763812314.1474621
CNEY,2024-02-21,6352955,1763812322.1439872
CNEY,2024-04-12,466985,1763812323.8721044
CNEY,2024-05-20,1940557,1763812327.7562492
CNEY,2024-07-10,75221,1763812328.9236467
CNEY,2024-07-24,637519,1763812330.903224
CNEY,2024-09-11,30528195,1763812373.5107002
CNEY,2024-09-16,3436162,1763812379.9682288
CNEY,2024-09-25,793141,1763812382.1049883
CNEY,2024-09-26,9160776,1763812396.4089754
CNEY,2024-09-27,24049422,1763812416.425419
CNEY,2024-10-10,3995658,1763812419.3977337
CNEY,2024-10-31,491247,1763812420.7654562
CNEY,2024-12-04,17846128,1763812430.121122
CNF,2020-04-27,18936,1763812431.3108256
CNF,2024-10-01,422977,1763812432.6112788
CNF,2024-10-02,1331413,1763812434.2412815
CNK,2020-03-19,7570518,1763812438.2380884
CNK,2020-11-09,15651362,1763812445.5155087
CNK,2021-01-27,12118651,1763812451.6562486
CNR,2020-03-24,670706,1763812453.1376665
CNSP,2020-03-20,33306,1763812454.2687404
CNSP,2020-03-23,61684,1763812455.5190003
CNSP,2020-03-24,174478,1763812456.921172
CNSP,2020-04-08,133611,1763812459.1478276
CNSP,2020-04-09,1120231,1763812462.073863
CNSP,2020-06-10,149996,1763812464.3080769
CNSP,2020-08-24,260699,1763812465.6807497
CNSP,2020-08-26,257193,1763812467.1255622
CNSP,2020-12-17,1825945,1763812470.8686402
CNSP,2020-12-18,9320280,1763812485.8357446
CNSP,2021-02-04,3467616,1763812489.528207
CNSP,2021-02-08,3549290,1763812493.0286715
CNSP,2021-06-29,2149680,1763812495.1022584
CNSP,2021-11-16,371875,1763812496.620129
CNSP,2022-01-05,1925629,1763812500.8080077
CNSP,2022-03-01,532006,1763812502.32088
CNSP,2022-06-23,848273,1763812504.5900383
CNSP,2023-02-28,91880,1763812505.7988522
CNSP,2023-04-06,1735931,1763812508.1506703
CNSP,2023-04-14,8663661,1763812518.2051806
CNSP,2023-04-17,18016017,1763812529.759676
CNSP,2023-04-20,12418141,1763812536.323204
CNSP,2023-05-03,1778719,1763812538.097565
CNSP,2023-05-22,1860897,1763812539.89026
CNSP,2023-06-02,1388230,1763812541.7132583
CNSP,2023-08-22,667659,1763812543.1902454
CNSP,2023-12-21,134613,1763812544.3821764
CNSP,2024-05-24,353867,1763812545.6424456
CNSP,2024-06-14,3952143,1763812549.6909702
CNSP,2024-06-25,3652960,1763812553.3378496
CNSP,2024-07-03,14183422,1763812563.3399003
CNSP,2024-07-11,2761587,1763812565.9077966
CNSP,2024-07-31,8364094,1763812571.1178095
CNSP,2024-08-20,685586,1763812572.6714878
CNSP,2024-10-23,22216492,1763812584.6663272
CNSP,2024-10-24,24696473,1763812615.2598832
CNTB,2021-10-14,489305,1763812617.6790152
CNTB,2022-03-18,95585,1763812618.8667443
CNTB,2022-08-08,1147820,1763812621.284381
CNTB,2023-03-20,2559538,1763812625.627461
CNTB,2023-06-02,4193231,1763812631.8250494
CNTB,2023-10-18,46974,1763812632.972517
CNTB,2023-11-07,66258,1763812634.124658
CNTB,2023-11-17,183556,1763812635.5435014
CNTB,2023-12-15,250440,1763812636.981112
CNTB,2024-02-09,80172,1763812638.1634142
CNTB,2024-04-01,127434,1763812639.369205
CNTB,2024-05-14,88685,1763812640.5793896
CNTB,2024-06-28,69652,1763812641.735349
CNTB,2024-08-29,58845,1763812642.862195
CNTX,2021-10-21,4321539,1763812649.1107016
CNTX,2021-11-19,1747452,1763812653.0004683
CNTX,2021-12-01,17633892,1763812676.1137335
CNTX,2021-12-09,4848547,1763812681.2018957
CNTX,2023-01-09,4021684,1763812684.6360886
CNTX,2023-01-31,7378821,1763812689.7894645
CNTX,2024-05-02,5923828,1763812693.4619682
CNTY,2020-03-20,843529,1763812695.1263196
CNTY,2020-03-23,822403,1763812696.9107695
CNTY,2020-03-24,1209876,1763812698.5059438
CNTY,2020-03-25,1534989,1763812700.19454
CNVS,2024-02-14,7885789,1763812704.5127356
CNVS,2024-10-08,202393,1763812705.8046887
CNVS,2024-11-15,782687,1763812707.2829928
CNX,2020-03-13,5304233,1763812710.161813
COCH,2023-10-27,68167,1763812711.2917328
COCH,2023-11-28,248125,1763812712.5600443
COCH,2023-11-29,1122179,1763812714.346026
COCH,2024-02-05,50751,1763812715.585043
COCH,2024-02-28,1359259,1763812718.678821
COCH,2024-02-29,4137458,1763812724.7923586
COCH,2024-03-01,4980106,1763812730.7269144
COCH,2024-03-04,3369004,1763812733.3409364
COCH,2024-04-03,346419,1763812734.7435818
COCP,2020-02-13,216981,1763812735.9824443
COCP,2020-02-24,7404369,1763812745.9037864
COCP,2020-02-25,14952155,1763812762.176253
COCP,2020-03-09,5576668,1763812766.6821876
COCP,2020-04-14,771583,1763812768.294973
COCP,2020-06-12,2171358,1763812770.3096964
COCP,2020-08-03,2015473,1763812772.8423274
COCP,2020-11-24,2161071,1763812775.3185203
COCP,2020-11-25,8698611,1763812786.7863147
COCP,2021-01-19,2910552,1763812790.6570816
COCP,2021-05-04,51801722,1763812874.1649451
COCP,2021-07-29,8058375,1763812887.3837793
CODA,2021-02-01,121792,1763812888.6612976
CODX,2020-01-10,103912,1763812889.9527023
CODX,2020-01-23,4958628,1763812897.8113434
CODX,2020-01-27,5471034,1763812903.4249032
CODX,2020-01-31,4071587,1763812906.853798
CODX,2020-02-10,5588253,1763812911.220533
CODX,2020-02-24,2110167,1763812913.1639898
CODX,2020-02-26,14335251,1763812920.7436645
CODX,2020-02-27,22859284,1763812940.6362836
CODX,2020-02-28,18458040,1763812961.6866095
CODX,2020-03-02,12421850,1763812968.483887
CODX,2020-03-11,14353633,1763812978.330145
CODX,2020-03-17,6630796,1763812982.3226075
CODX,2020-04-06,4783695,1763812985.5216336
CODX,2020-04-16,7604651,1763812989.9992635
CODX,2020-05-13,7053631,1763812999.1633267
CODX,2020-09-08,4451446,1763813005.7635417
CODX,2020-11-25,2961923,1763813010.5443547
CODX,2023-12-27,150186,1763813011.8682945
CODX,2024-06-06,234133,1763813013.337552
CODX,2024-08-19,453303,1763813015.0493665
CODX,2024-08-23,786014,1763813017.270782
COEP,2022-01-11,15761,1763813018.350149
COEP,2022-01-12,15328,1763813019.4383173
COEP,2022-03-11,13829,1763813020.5195408
COEP,2022-04-19,18123,1763813021.6119463
COEP,2022-04-22,18668,1763813022.6942937
COEP,2022-04-28,22701,1763813023.786807
COEP,2022-10-31,151030,1763813024.9991882
COEP,2023-01-03,30718,1763813026.0973916
COEP,2023-03-27,2730796,1763813029.6054459
COEP,2024-02-15,94753,1763813030.8073242
COEP,2024-12-26,7920206,1763813035.279384
COEP,2024-12-31,5778762,1763813038.5009742
COGT,2020-11-09,197695,1763813039.7720118
COGT,2022-06-10,21627527,1763813056.5457644
COGT,2024-02-14,4209011,1763813062.7861583
COHR,2021-01-19,3273671,1763813066.8508375
COIN,2022-08-04,35553642,1763813109.8540072
COIN,2023-02-02,24458189,1763813151.2617834
COIN,2024-11-06,28794881,1763813179.5740407
COMM,2024-07-18,6139844,1763813189.8214612
COMM,2024-08-08,3202038,1763813195.705091
COMP,2022-11-10,1962529,1763813199.106622
COMP,2022-11-11,8072563,1763813204.2998898
COMP,2023-05-10,3338660,1763813206.7305405
CONL,2023-02-02,369340,1763813208.0739367
CONL,2023-07-13,681917,1763813209.555666
CONL,2024-02-16,2414790,1763813212.2253075
CONL,2024-02-26,1321352,1763813215.156027
CONL,2024-11-06,16101585,1763813242.1568396
CONL,2024-11-11,25054062,1763813281.6926832
COOK,2023-08-03,6256989,1763813287.5421722
COOK,2024-08-07,680483,1763813289.1368146
COOT,2024-06-21,81712,1763813290.3322437
CORT,2020-09-02,18666696,1763813314.4438286
CORZ,2024-01-24,463738,1763813315.9114525
CORZ,2024-06-04,13893643,1763813332.3090487
CORZW,2022-01-25,48910,1763813333.5114193
CORZW,2022-08-16,19628,1763813334.6141543
CORZW,2024-01-24,45031,1763813335.70205
CORZW,2024-02-06,124993,1763813337.1669707
CORZW,2024-02-28,191356,1763813338.53323
CORZW,2024-06-04,981949,1763813340.7873783
CORZW,2024-06-06,904842,1763813343.0326223
CORZZ,2024-01-29,144042,1763813344.4471781
CORZZ,2024-06-06,603162,1763813346.6473498
COSM,2022-04-27,7758684,1763813357.724851
COSM,2022-06-14,1774315,1763813360.1955442
COSM,2022-07-01,393583,1763813361.8138905
COSM,2022-07-12,743989,1763813363.6013615
COSM,2022-08-25,1453364,1763813365.8442862
COSM,2022-09-22,272093,1763813367.1351264
COSM,2022-10-13,282469,1763813368.4518807
COSM,2022-10-20,1502951,1763813370.5367453
COSM,2022-10-26,2990372,1763813375.4376502
COSM,2022-11-10,1056424,1763813378.504258
COSM,2022-11-11,3644550,1763813384.9266417
COSM,2022-11-14,4150917,1763813391.7209537
COSM,2022-11-17,1269293,1763813394.7460318
COSM,2022-11-18,4530116,1763813401.0861773
COSM,2022-11-22,13262055,1763813422.7510128
COSM,2022-11-23,23157883,1763813443.189694
COSM,2022-11-25,6559780,1763813446.9584231
COSM,2022-11-28,14355245,1763813454.5949783
COSM,2022-11-29,19006571,1763813464.3275695
COSM,2022-12-02,13490953,1763813471.3276992
COSM,2022-12-16,24340954,1763813490.707589
COSM,2023-01-03,1233409,1763813492.4532106
COSM,2023-01-20,11374943,1763813502.2613072
COSM,2023-01-24,8231179,1763813512.2477975
COSM,2023-08-07,504981,1763813514.617042
COSM,2023-09-12,4895657,1763813523.1075237
COSM,2023-09-18,974830,1763813525.2678435
COSM,2023-12-01,536009,1763813526.9481328
COSM,2023-12-19,300337,1763813528.4270904
COSM,2024-06-28,11341761,1763813544.7766337
COSM,2024-07-01,12571427,1763813564.0297368
COSM,2024-08-21,1655395,1763813568.081066
COSO,2022-02-25,10320,1763813569.1897202
COTY,2020-03-26,6150529,1763813577.766644
COTY,2020-04-07,4838154,1763813585.873923
COUR,2024-07-26,9149966,1763813599.851537
COYA,2023-05-16,1401175,1763813603.110068
COYA,2023-12-01,73547,1763813604.3553667
CPA,2020-03-20,1359864,1763813606.9183373
CPA,2020-11-09,1340965,1763813610.6842804
CPHC,2020-08-13,115728,1763813611.876523
CPHC,2023-12-14,67659,1763813613.0362754
CPIX,2021-11-30,31072773,1763813635.4253569
CPIX,2021-12-06,6735024,1763813641.7272303
CPIX,2024-11-27,309192,1763813643.0075045
CPIX,2024-12-10,20814837,1763813655.9532056
CPIX,2024-12-13,1064863,1763813657.7554665
CPNG,2022-05-12,18515201,1763813667.3503578
CPOP,2021-07-01,9419005,1763813677.325566
CPOP,2021-10-29,1531198,1763813679.6878693
CPOP,2021-12-28,10926299,1763813687.6376946
CPOP,2021-12-29,27296181,1763813726.3378005
CPOP,2021-12-31,5136297,1763813735.5989437
CPOP,2022-03-10,313717,1763813737.1293817
CPOP,2022-05-19,141545,1763813738.4518661
CPOP,2022-08-05,421380,1763813740.348755
CPOP,2023-05-01,245695,1763813741.7246094
CPOP,2023-10-31,1334828,1763813744.6907504
CPOP,2024-02-08,143172,1763813745.9438672
CPOP,2024-02-16,13610813,1763813763.4233398
CPOP,2024-02-20,17086500,1763813777.9981892
CPOP,2024-02-21,21752872,1763813789.588813
CPOP,2024-03-18,174775,1763813790.915179
CPOP,2024-05-09,20840196,1763813802.2412336
CPOP,2024-06-25,7010712,1763813810.184934
CPRI,2020-03-19,5509504,1763813814.053213
CPRI,2020-04-06,4428152,1763813816.8865557
CPRI,2020-04-07,6706994,1763813823.3239343
CPRI,2023-08-10,14206440,1763813843.8401098
CPS,2020-04-29,467221,1763813845.4829278
CPS,2020-11-06,839221,1763813847.3041375
CPS,2022-08-05,3378326,1763813850.6775966
CPS,2023-11-03,999199,1763813852.8132563
CPS,2024-11-01,933979,1763813854.8933334
CPSH,2020-01-31,1038227,1763813857.075342
CPSH,2020-05-06,2623936,1763813861.4485667
CPSH,2020-06-30,762820,1763813863.2883737
CPSH,2020-07-07,713554,1763813865.145264
CPSH,2020-09-24,335797,1763813866.6813455
CPSH,2020-11-13,282690,1763813868.0946188
CPSH,2021-01-08,408928,1763813869.730156
CPSH,2021-01-12,856646,1763813871.5911372
CPSH,2021-01-14,8304986,1763813878.115121
CPSH,2021-02-03,12637957,1763813884.9683807
CPSH,2021-02-04,18527116,1763813894.8710604
CPSH,2021-12-14,1870582,1763813897.0689113
CPSH,2022-03-09,520682,1763813898.4528978
CPSS,2020-03-20,48612,1763813899.5963137
CPSS,2020-04-16,183955,1763813900.8025036
CPSS,2020-10-08,1480892,1763813902.3846161
CPSS,2022-11-10,175889,1763813903.6007695
CQP,2020-03-20,1958976,1763813906.469275
CRBP,2020-12-01,3396738,1763813909.0016932
CRBP,2021-01-21,4088486,1763813912.006631
CRBP,2022-03-21,598013,1763813913.396094
CRBP,2022-05-16,1502958,1763813915.1990478
CRBP,2022-10-13,1832904,1763813917.046394
CRBP,2022-10-20,2346358,1763813918.9972527
CRBP,2022-11-30,4164241,1763813921.8083756
CRBP,2023-03-14,174007,1763813923.104636
CRBP,2023-03-16,1917555,1763813925.1076455
CRBP,2023-03-17,4395046,1763813928.4405012
CRBP,2023-11-30,63188,1763813929.5715947
CRBP,2024-01-26,19859444,1763813950.0112379
CRBP,2024-01-30,3664671,1763813952.533075
CRBU,2022-05-12,1979930,1763813954.4162953
CRBU,2023-07-06,16321989,1763813963.8352885
CRC,2020-03-16,3055534,1763813965.962916
CRC,2020-03-19,2017472,1763813967.7596552
CRC,2020-04-03,2215223,1763813969.6112702
CRC,2020-04-09,1824072,1763813971.3467774
CRC,2020-04-23,1934197,1763813973.1214597
CRC,2020-06-05,2225929,1763813974.9084895
CRC,2020-06-08,5434192,1763813977.697814
CRC,2020-10-28,50934,1763813978.8026319
CRCT,2023-05-22,693605,1763813980.241385
CRCT,2024-05-08,3376130,1763813982.921327
CRDF,2020-05-15,281288,1763813984.2063022
CRDF,2020-06-02,497513,1763813985.5714297
CRDF,2020-09-17,11160037,1763813991.254614
CRDF,2020-09-21,5926216,1763813994.4884522
CRDF,2022-06-09,1392958,1763813996.2300656
CRDF,2022-06-23,580021,1763813997.629477
CRDF,2023-08-08,4113364,1763814000.210717
CRDF,2024-03-01,10058091,1763814006.112893
CRDF,2024-03-04,12053636,1763814013.302835
CRDF,2024-03-13,1251884,1763814015.0567133
CRDF,2024-12-10,11767671,1763814022.006694
CRDF,2024-12-17,2105529,1763814024.0636714
CRDL,2024-02-15,461481,1763814025.4635172
CRDL,2024-03-26,223262,1763814026.721085
CRDO,2022-06-02,1312512,1763814028.501469
CRDO,2024-12-03,11973320,1763814035.5070786
CREG,2020-03-31,1831395,1763814037.2968528
CREG,2020-04-15,322391,1763814038.6179564
CREG,2020-04-17,437134,1763814040.0052512
CREG,2020-05-04,347758,1763814041.2864685
CREG,2020-06-11,967966,1763814042.7842617
CREG,2020-08-14,6616228,1763814046.7114718
CREG,2020-09-23,338035,1763814048.0472455
CREG,2020-09-25,1467099,1763814049.6890693
CREG,2020-09-28,1881288,1763814051.5031264
CREG,2020-11-23,1110687,1763814053.1322987
CREG,2020-12-28,1917525,1763814054.8878307
CREG,2021-01-26,827891,1763814056.3786602
CREG,2024-02-15,114596,1763814057.573203
CRESY,2020-03-25,202155,1763814058.883803
CRESY,2020-07-06,308905,1763814060.1551728
CREV,2023-11-06,2865537,1763814063.877478
CREV,2023-11-07,3824984,1763814067.9668715
CREV,2023-11-28,353837,1763814069.4627757
CREV,2023-12-05,245693,1763814071.0767117
CREV,2024-03-06,95276,1763814072.2767973
CREV,2024-03-18,74821,1763814073.4185863
CREV,2024-07-24,417467,1763814075.361612
CREV,2024-07-26,5991578,1763814084.206811
CREV,2024-12-23,1670197,1763814086.704678
CREV,2024-12-24,15306327,1763814097.0832222
CREX,2020-03-13,30616,1763814098.298205
CREX,2020-03-30,16808,1763814099.3991222
CREX,2020-04-02,13035,1763814100.575249
CREX,2020-04-28,12862604,1763814107.470171
CREX,2020-04-30,3779045,1763814109.9676068
CREX,2020-05-11,880637,1763814111.4355357
CREX,2020-05-13,6907660,1763814116.499392
CREX,2020-06-16,1030783,1763814118.104605
CREX,2020-12-14,508282,1763814119.4525926
CREX,2021-01-04,899460,1763814120.925348
CREX,2021-05-24,5041300,1763814125.4929967
CREX,2021-05-27,659525,1763814127.0683615
CREX,2021-11-15,16844058,1763814136.6012378
CREX,2022-02-01,5604914,1763814140.0784311
CREX,2022-03-23,3155653,1763814145.9393103
CRGO,2023-01-27,640888,1763814147.7226813
CRGO,2023-01-30,635493,1763814149.4356742
CRGO,2023-06-12,143589,1763814150.7313354
CRGO,2023-06-21,102704,1763814151.963948
CRGO,2024-11-11,190030,1763814153.4231615
CRIS,2020-06-09,342459,1763814155.0582073
CRIS,2020-06-10,22631399,1763814169.8588943
CRIS,2020-12-02,1709836,1763814171.8777947
CRIS,2020-12-08,46678197,1763814233.1440227
CRIS,2021-01-29,2742148,1763814243.5568407
CRIS,2021-05-12,14180034,1763814258.0936067
CRIS,2022-06-03,1463982,1763814259.8302436
CRIS,2022-08-18,7940599,1763814265.1971302
CRIS,2023-09-29,2676418,1763814267.1791213
CRIS,2023-11-17,713470,1763814268.5633109
CRIS,2024-04-04,253738,1763814269.8432598
CRIS,2024-08-21,170897,1763814271.0055046
CRIS,2024-08-22,383528,1763814272.3192391
CRMD,2020-09-21,1454892,1763814273.9509077
CRMD,2021-02-02,1674810,1763814275.8300016
CRMD,2021-02-03,2498072,1763814277.9002507
CRMD,2023-11-15,3196446,1763814280.527774
CRMD,2024-08-14,1001206,1763814282.1360354
CRML,2024-03-04,88321,1763814283.286914
CRML,2024-03-19,97552,1763814284.455655
CRML,2024-03-20,142024,1763814285.624695
CRML,2024-04-18,85149,1763814286.7592523
CRML,2024-04-22,124997,1763814287.9404209
CRML,2024-05-17,56452,1763814289.1217525
CRMT,2022-05-24,792579,1763814290.5585225
CRNC,2024-08-08,1260131,1763814292.2460842
CRNC,2024-10-07,2863675,1763814294.7392583
CRNC,2024-11-21,15120880,1763814303.47366
CRNC,2024-11-22,18300758,1763814313.1204548
CRNT,2020-04-06,277596,1763814314.5220034
CRNT,2021-01-15,6845244,1763814319.748295
CRNT,2021-01-19,8725996,1763814326.222113
CRNX,2020-03-17,171851,1763814327.4667952
CRNX,2023-09-11,11279445,1763814334.7606924
CRON,2020-11-06,11902789,1763814342.237492
CROX,2020-03-25,2441294,1763814344.451021
CRSR,2021-06-14,21398593,1763814356.4639802
CRTO,2020-04-02,771033,1763814358.1181529
CRTO,2020-07-06,469780,1763814359.4123342
CRTO,2021-02-10,2213753,1763814362.2109532
CRTO,2021-11-03,1210241,1763814364.6096854
CRVO,2023-09-07,121758,1763814365.8371935
CRVO,2023-10-20,68200,1763814366.99316
CRVO,2024-02-12,57036,1763814368.1133695
CRVO,2024-08-05,322707,1763814369.7222626
CRVO,2024-12-06,459574,1763814371.4292474
CRVS,2020-05-05,136428,1763814372.7020466
CRVS,2020-07-07,18490799,1763814386.3546927
CRVS,2020-10-05,9419670,1763814393.7821732
CRVS,2021-09-17,32887996,1763814413.6788628
CRVS,2021-09-21,23805620,1763814427.288011
CRVS,2023-05-10,1312314,1763814429.1061382
CRVS,2023-05-15,758206,1763814430.565557
CRVS,2023-05-17,1191027,1763814432.1751325
CRWG,2022-01-05,10760,1763814433.258418
CRWG,2022-01-14,11174,1763814434.3328302
CRWG,2022-01-31,11265,1763814435.438183
CRWG,2022-02-02,10811,1763814436.525912
CRWG,2022-02-04,10814,1763814437.5995655
CRWG,2022-03-14,10917,1763814438.6939697
CRWG,2022-03-21,9950,1763814439.758798
CRWG,2022-03-30,11084,1763814440.8334677
CRWG,2022-04-04,10087,1763814441.900809
CRWG,2022-04-11,10761,1763814442.974372
CRWG,2022-04-21,11560,1763814444.0457356
CRWG,2022-05-06,10507,1763814445.1129665
CRWG,2022-05-20,10190,1763814446.1868498
CRWG,2022-06-21,10091,1763814447.2608206
CRWG,2022-06-28,11218,1763814448.3386059
CRWG,2022-07-01,12121,1763814449.421618
CRWG,2022-07-06,10117,1763814450.500596
CRWG,2022-07-20,10182,1763814451.5886214
CRWG,2022-07-25,10282,1763814452.666967
CRWG,2022-09-12,10061,1763814453.7278016
CRWG,2022-09-27,9966,1763814454.8172781
CRWG,2022-10-13,10524,1763814455.8814962
CRWG,2022-10-21,10618,1763814456.9545467
CRWG,2022-10-25,28890,1763814458.0424645
CSBR,2020-03-13,67256,1763814459.1878629
CSBR,2020-03-19,42956,1763814460.3177671
CSBR,2022-12-15,108543,1763814461.5110083
CSGP,2020-07-29,1220500,1763814463.1367555
CSGS,2023-08-03,682371,1763814479.992418
CSPI,2024-02-22,534220,1763814489.5006227
CSTE,2021-05-05,827518,1763814507.0280428
CSTL,2023-06-06,5248431,1763814522.6591291
CSTL,2023-07-07,6372787,1763814533.881369
CSTM,2020-03-24,1161962,1763814536.3340154
CTBB,2020-03-19,396685,1763814537.869151
CTDD,2020-03-19,154530,1763814539.113158
CTKB,2024-11-06,2166094,1763814542.9318948
CTMX,2020-03-24,452626,1763814544.6348412
CTMX,2022-11-17,5055965,1763814550.06031
CTMX,2023-01-06,9716059,1763814565.1206517
CTMX,2024-02-27,1251097,1763814568.3044019
CTMX,2024-05-01,33130088,1763814621.7602866
CTNT,2023-08-23,987799,1763814625.110488
CTNT,2023-09-01,1204346,1763814628.3282487
CTNT,2023-11-03,38015,1763814632.0063398
CTNT,2023-11-06,630573,1763814649.656237
CTNT,2023-11-13,48772,1763845381.0754507
CTNT,2023-12-15,64213,1763814691.0944977
CTNT,2024-02-16,63138,1763814692.2308815
CTNT,2024-03-14,63115,1763814693.4076238
CTNT,2024-05-14,14048716,1763814709.5854814
CTNT,2024-05-16,3941622,1763814712.4391415
CTNT,2024-05-17,2480016,1763814714.5277603
CTNT,2024-05-20,8561888,1763814719.2648914
CTNT,2024-07-02,1179575,1763814720.9347951
CTNT,2024-07-11,1423941,1763814722.64324
CTNT,2024-08-23,3751953,1763814725.3063302
CTNT,2024-10-04,762043,1763814726.8228025
CTNT,2024-10-28,6447871,1763814730.4673803
CTNT,2024-12-03,36692798,1763814768.1067007
CTNT,2024-12-18,499978,1763814769.724101
CTOR,2024-12-02,1358941,1763814777.8873558
CTOR,2024-12-03,17497316,1763814819.497436
CTRA,2020-03-13,352684,1763814821.4400916
CTRA,2020-03-25,417573,1763814823.2801318
CTRA,2020-03-31,294233,1763814827.7085624
CTRA,2020-04-08,286190,1763814830.1399655
CTRA,2020-09-18,540692,1763814831.749419
CTRA,2021-10-04,4963881,1763814838.7370138
CTRE,2020-03-19,1487298,1763814841.7424064
CTRM,2020-03-04,2412544,1763814845.6288588
CTRM,2020-03-13,231894,1763814849.5453067
CTRM,2020-03-17,277745,1763814851.0857322
CTRM,2020-03-26,394775,1763814852.7529457
CTRM,2020-03-27,771647,1763814854.9087994
CTRM,2020-03-30,1072114,1763814857.896519
CTRM,2020-08-26,1115056,1763814860.4282877
CTRM,2020-09-11,2207508,1763814863.9458146
CTRM,2020-12-04,1866696,1763814867.5407906
CTRM,2020-12-24,2103732,1763814871.5443423
CTRM,2020-12-30,4889872,1763814878.2419963
CTRM,2021-01-05,10858630,1763814894.787339
CTRM,2021-01-11,16995397,1763814917.7926793
CTRM,2021-01-12,24233397,1763814949.0983307
CTRM,2021-01-13,37314867,1763814979.3253305
CTRM,2021-01-21,18507238,1763814990.8793328
CTRM,2021-01-27,35507603,1763815012.1784966
CTRM,2021-01-28,61916839,1763815099.1631484
CTRM,2021-02-08,36416617,1763815122.0390668
CTRM,2021-02-11,49995016,1763815148.623873
CTRM,2021-06-03,7481532,1763815152.7653465
CTRM,2021-08-05,4714834,1763815155.8829832
CTRM,2024-01-02,569712,1763815157.1787126
CTRN,2020-03-13,225404,1763815158.4434109
CTSO,2020-02-28,667234,1763815159.862404
CTSO,2020-03-25,1539407,1763815161.5953453
CTSO,2020-04-13,1666673,1763815163.2634594
CTSO,2022-06-07,371683,1763815164.6329496
CTSO,2022-08-18,384715,1763815165.9044876
CTSO,2023-03-07,158096,1763815167.104235
CTXR,2020-01-16,240010,1763815168.4103415
CTXR,2020-04-01,599633,1763815169.8761475
CTXR,2020-04-27,317621,1763815171.150483
CTXR,2020-04-28,1171977,1763815172.8091507
CTXR,2020-06-26,8187366,1763815177.8875122
CTXR,2021-02-16,3412503,1763815180.482725
CTXR,2021-02-19,16818015,1763815191.3381882
CTXR,2021-02-22,24593364,1763815206.6769838
CTXR,2024-11-25,8810194,1763815211.5934384
CTXR,2024-12-31,533143,1763815213.0202446
CUB,2020-09-21,3339531,1763815215.141904
CUBB,2020-03-25,21898,1763815216.2489307
CUBIpF,2020-03-25,31363,1763815217.339302
CUE,2021-05-10,4319785,1763815220.2312865
CUE,2024-04-30,327480,1763815221.5782578
CUE,2024-10-04,859245,1763815223.0411904
CUE,2024-10-21,1056846,1763815224.579038
CUK,2020-03-20,2628713,1763815226.5351489
CUK,2020-03-24,2943814,1763815229.441216
CUK,2020-11-09,3594872,1763815232.4442103
CURI,2020-12-21,803651,1763815233.9265263
CURI,2024-03-21,4408580,1763815237.0519323
CURI,2024-06-11,897029,1763815238.6069136
CURI,2024-09-12,188617,1763815239.8589296
CURR,2024-09-03,146169,1763815241.012782
CURR,2024-09-13,119272,1763815242.1740072
CURR,2024-09-18,94148,1763815243.5506415
CURR,2024-12-18,2226408,1763815245.671134
CURR,2024-12-19,10793470,1763815252.791903
CURR,2024-12-26,206085,1763815254.0336125
CURV,2021-09-09,3416851,1763815256.8364465
CURV,2023-03-24,1118796,1763815258.4663246
CURV,2023-09-28,888877,1763815260.0823452
CURV,2023-12-08,753007,1763815261.5867553
CVAC,2020-08-17,17789230,1763815272.8653643
CVAC,2023-01-06,1281093,1763815274.6124113
CVAC,2023-01-09,3772300,1763815277.3510993
CVAC,2024-05-22,2252363,1763815279.4336376
CVE,2020-03-10,6674630,1763815283.2650447
CVE,2020-04-02,3989343,1763815285.7229278
CVE.WS,2021-01-19,17074,1763815286.812042
CVEO,2020-03-10,275212,1763815288.074651
CVEO,2020-04-29,277676,1763815289.3585985
CVEO,2020-05-26,255470,1763815290.5389507
CVEO,2020-07-29,1939220,1763815292.1613426
CVEO,2020-10-28,1066737,1763815293.6454186
CVGI,2020-03-19,267495,1763815294.9432094
CVGI,2020-03-25,275537,1763815296.2228289
CVGI,2020-03-26,366504,1763815297.5619886
CVGI,2020-04-29,235575,1763815298.8135524
CVGI,2020-08-10,635039,1763815300.2068253
CVI,2020-03-13,2100803,1763815302.0103025
CVI,2020-11-09,1147804,1763815303.516379
CVKD,2023-01-23,3465406,1763815306.0731819
CVKD,2023-07-12,5312105,1763815309.1123586
CVKD,2023-11-15,58445,1763815310.2715611
CVKD,2023-11-20,33989,1763815311.3846061
CVKD,2023-12-28,75147,1763815312.4932084
CVKD,2024-08-20,270173,1763815313.7694998
CVKD,2024-09-12,102032,1763815315.0834954
CVNA,2020-03-24,6441538,1763815319.6098073
CVNA,2020-09-22,9113691,1763815329.6212797
CVNA,2022-05-12,24662129,1763815354.8913329
CVNA,2022-08-05,23456879,1763815386.530882
CVNA,2022-11-10,16035780,1763815405.9629178
CVNA,2022-12-08,27717933,1763815423.3376942
CVNA,2023-01-11,8949389,1763815428.1716025
CVNA,2023-01-12,21288306,1763815448.321709
CVNA,2023-01-30,27513451,1763815485.5266235
CVNA,2023-02-01,28597492,1763815506.1439939
CVNA,2023-02-02,50327134,1763815534.0282962
CVNA,2023-05-05,20516647,1763815558.585191
CVNA,2023-05-08,26275262,1763815582.799081
CVNA,2023-06-01,17254653,1763815596.039641
CVNA,2023-06-08,47437277,1763815648.4766886
CVNA,2023-07-19,60919684,1763815715.538594
CVNA,2024-02-23,22470684,1763815750.0963614
CVNA,2024-05-02,21613482,1763815780.6537352
CVRX,2022-04-28,629330,1763815782.706485
CVRX,2023-02-22,2893872,1763815787.794178
CVRX,2023-04-28,341953,1763815789.3996136
CVRX,2023-11-03,272592,1763815791.0409498
CVRX,2024-06-05,629143,1763815793.0696256
CVRX,2024-10-30,972972,1763815795.5365334
CVV,2020-03-24,22787,1763815797.6652927
CVV,2020-07-14,188550,1763815798.937608
CVV,2020-10-07,9867663,1763815812.9898398
CVV,2021-02-11,177071,1763815814.4315295
CVV,2021-08-13,1833300,1763815818.3742802
CVV,2023-01-11,97138,1763815819.662061
CVV,2023-08-21,103337,1763815820.9420545
CWBC,2024-04-01,96944,1763815822.1260884
CWCO,2020-03-17,209902,1763815823.5170531
CWD,2023-05-18,5181634,1763815831.6961043
CWH,2020-03-24,1509683,1763815834.7304666
CWH,2020-05-08,4976896,1763815841.7573204
CWH,2023-11-02,2997924,1763815845.083687
CWK,2020-03-19,1352132,1763815846.7929442
CWT,2020-03-17,980439,1763815848.5230029
CXAI,2023-03-16,1392451,1763815850.6971383
CXAI,2023-03-23,1310729,1763815852.4013681
CXAI,2023-03-31,250747,1763815853.696474
CXAI,2023-04-13,27901370,1763815886.99457
CXAI,2023-04-14,44556858,1763815958.346774
CXAI,2023-04-25,16083140,1763815973.339507
CXAI,2023-04-27,5016695,1763815977.326518
CXAI,2023-04-28,8978369,1763815982.172377
CXAI,2023-05-30,1823169,1763815983.9960566
CXAI,2023-05-31,10441073,1763815989.1053112
CXAI,2023-06-05,2390861,1763815991.3703742
CXAI,2023-09-05,2615980,1763815994.6439984
CXAI,2024-01-22,859758,1763815996.3367412
CXAI,2024-02-27,16675685,1763816013.0475152
CXAI,2024-02-29,5228698,1763816017.08875
CXAI,2024-03-13,4617470,1763816022.9357994
CXAI,2024-04-01,39888122,1763816052.7563493
CXAI,2024-04-08,6516993,1763816057.322716
CXAI,2024-04-17,7289338,1763816062.032122
CXAI,2024-08-13,27226280,1763816078.2983656
CXAI,2024-12-06,1519320,1763816080.1892207
CXAI,2024-12-26,498038,1763816081.5298834
CXDO,2023-12-18,189344,1763816082.7607925
CXW,2024-11-06,3989777,1763816085.4359043
CYCN,2020-02-05,349873,1763816086.7304964
CYCN,2020-02-19,670747,1763816088.131674
CYCN,2020-06-23,475202,1763816089.4791448
CYCN,2021-02-04,4420024,1763816093.9513156
CYCN,2021-05-07,1287975,1763816096.3461077
CYCN,2021-06-08,4574563,1763816106.164347
CYCN,2021-11-24,569829,1763816108.2898872
CYCN,2022-06-24,185401,1763816109.6296146
CYCN,2022-08-08,81302,1763816110.7869332
CYCN,2022-10-24,166203,1763816112.1616437
CYCN,2022-11-22,125216,1763816113.4150066
CYCN,2023-03-27,897972,1763816115.8106165
CYCN,2023-05-16,386774,1763816117.4574223
CYCN,2023-12-01,52316,1763816118.5688922
CYCN,2023-12-18,27772,1763816119.6694698
CYCN,2023-12-19,67489,1763816120.7874627
CYCN,2024-02-08,19761,1763816121.9225504
CYCN,2024-06-14,25654,1763816123.2098138
CYCN,2024-07-10,25948,1763816124.2911415
CYCN,2024-07-17,32868,1763816125.3929012
CYCN,2024-10-29,63202,1763816126.6123571
CYCN,2024-11-15,2416221,1763816130.575177
CYCN,2024-11-27,7918894,1763816137.307855
CYCN,2024-12-04,34678417,1763816160.7686522
CYCN,2024-12-09,684610,1763816162.4447083
CYD,2024-12-26,261817,1763816163.6424007
CYH,2020-02-20,4454913,1763816166.390447
CYH,2020-03-23,2090078,1763816168.2272651
CYH,2020-10-28,5344184,1763816171.3110914
CYH,2023-02-16,5472966,1763816175.0900471
CYN,2021-10-25,4245130,1763816178.1182196
CYN,2022-04-21,22777706,1763816192.0886843
CYN,2022-04-22,27562301,1763816208.1404011
CYN,2022-04-26,8244891,1763816212.9748006
CYN,2022-04-29,9228833,1763816218.332332
CYN,2022-05-05,7371463,1763816222.3980968
CYN,2022-05-27,2883779,1763816224.7309158
CYN,2022-06-13,2094619,1763816226.7814667
CYN,2022-07-01,584057,1763816228.1985526
CYN,2023-02-02,518813,1763816229.6101224
CYN,2023-11-13,111492,1763816230.785489
CYN,2023-12-07,13472169,1763816238.5725112
CYN,2024-01-23,5526781,1763816242.1974573
CYN,2024-01-24,7462088,1763816246.5880697
CYN,2024-01-25,6818706,1763816250.9578602
CYN,2024-01-26,7108154,1763816255.3022945
CYN,2024-03-19,930467,1763816256.8424907
CYN,2024-04-23,14014449,1763816267.7312646
CYN,2024-05-16,9617816,1763816284.2701187
CYN,2024-05-17,11835888,1763816302.8307898
CYN,2024-06-12,8133087,1763816311.4901512
CYN,2024-07-11,7588423,1763816317.378229
CYN,2024-07-15,7926775,1763816322.2049153
CYN,2024-11-07,11612467,1763816329.2712936
CYN,2024-11-13,726527,1763816330.808618
CYN,2024-12-23,8474132,1763816335.6250155
CYN,2024-12-30,9177153,1763816340.722757
CYRX,2020-08-26,3848086,1763816343.561205
CYRX,2024-07-11,1103658,1763816345.2194326
CYTK,2020-05-11,2211378,1763816347.165115
CYTK,2021-07-19,13357687,1763816354.6690817
CYTK,2023-12-27,11205616,1763816361.9949617
CZR,2020-03-19,10652173,1763816368.633736
CZR,2020-03-20,9879342,1763816374.4517138
CZR,2020-07-21,2906150,1763816376.7666657
CZR,2020-11-09,4781202,1763816380.0795867
CZWI,2020-04-29,26278,1763816381.2084255
DAC,2020-03-17,123208,1763816382.412877
DAC,2020-08-04,468665,1763816383.7247884
DAKT,2023-07-12,768432,1763816385.5975437
DAL,2020-03-24,33205790,1763816435.5301647
DAN,2020-03-19,2872037,1763816440.035489
DAO,2020-02-10,1363724,1763816443.005901
DAO,2021-07-28,2775833,1763816445.1828547
DAO,2022-03-16,1083929,1763816446.740292
DAO,2022-06-08,865722,1763816448.1912906
DAO,2024-10-02,552905,1763816449.5638013
DARE,2020-01-13,7287307,1763816456.0567546
DARE,2020-07-14,2304983,1763816460.5072007
DARE,2020-12-18,728763,1763816462.425234
DARE,2021-01-19,4433821,1763816470.3037553
DARE,2021-01-20,11145412,1763816485.389378
DARE,2021-06-30,5027231,1763816493.1065228
DARE,2021-07-07,16480473,1763816517.0969994
DARE,2023-10-16,143678,1763816518.4347446
DARE,2024-02-23,348723,1763816519.8100135
DARE,2024-04-30,790604,1763816521.387592
DAVE,2022-01-13,3445010,1763816525.997878
DAVE,2022-01-21,1091534,1763816527.7605617
DAVE,2022-01-28,1445149,1763816530.0676079
DAVE,2022-03-18,1352371,1763816532.1257825
DAVE,2022-03-29,1260468,1763816533.9620302
DAVE,2022-05-13,1323656,1763816535.7928119
DAVE,2022-07-20,1064763,1763816537.7372043
DAVE,2022-07-27,9452048,1763816546.3861575
DAVE,2022-11-22,507080,1763816548.247447
DAVE,2024-03-05,938649,1763816549.768866
DAVE,2024-03-07,557036,1763816551.1924257
DAVE,2024-05-07,904278,1763816552.8443813
DAVE,2024-11-13,3636809,1763816559.4037979
DAVEW,2022-01-24,119865,1763816560.60526
DAVEW,2022-01-28,123101,1763816561.7972355
DAVEW,2022-02-01,141997,1763816563.1740108
DAVEW,2022-03-21,71733,1763816565.4156282
DAVEW,2022-03-28,30392,1763816566.6285975
DAVEW,2022-03-29,69823,1763816567.7798905
DAWN,2022-06-13,14178456,1763816590.1298525
DBD,2020-03-17,2362102,1763816593.8868723
DBD,2020-04-06,2021612,1763816597.221568
DBD,2020-04-28,1639503,1763816600.077967
DBD,2022-05-12,3714825,1763816605.2276123
DBD,2023-08-14,131708,1763816606.4113846
DBGI,2021-05-17,8988020,1763816620.1194317
DBGI,2021-06-10,1521436,1763816623.9990644
DBGI,2021-06-24,12459657,1763816632.3475027
DBGI,2021-06-29,4839819,1763816635.948593
DBGI,2021-07-08,9897457,1763816641.5701177
DBGI,2021-07-13,1558121,1763816643.3503044
DBGI,2021-09-28,15251165,1763816652.7267206
DBGI,2021-10-28,18163884,1763816663.6483076
DBGI,2022-01-20,1038283,1763816665.285924
DBGI,2022-03-07,606668,1763816666.6574185
DBGI,2022-03-11,252371,1763816667.910402
DBGI,2022-06-09,609447,1763816669.2836778
DBGI,2022-10-13,779342,1763816670.7511716
DBGI,2022-10-18,1222134,1763816672.5421622
DBGI,2022-10-21,2912440,1763816674.6963198
DBGI,2022-11-03,3681618,1763816677.3378296
DBGI,2022-11-22,605213,1763816678.7575276
DBGI,2022-11-23,2446093,1763816680.779009
DBGI,2022-11-28,7550420,1763816686.5073452
DBGI,2022-12-05,6389698,1763816691.5307431
DBGI,2022-12-30,2242105,1763816693.8460333
DBGI,2023-01-23,2382847,1763816696.1587179
DBGI,2023-03-09,397618,1763816697.5500572
DBGI,2023-03-27,171758,1763816698.7645488
DBGI,2023-05-04,607202,1763816700.327392
DBGI,2023-05-08,309396,1763816701.6526718
DBGI,2023-08-16,1245589,1763816703.338644
DBGI,2023-08-21,483807,1763816704.7013218
DBGI,2023-08-23,446667,1763816706.0465403
DBGI,2023-08-29,248446,1763816707.3220005
DBGI,2023-08-30,4590155,1763816710.7185063
DBGI,2023-09-05,1301477,1763816712.502887
DBGI,2023-11-06,472376,1763816713.85761
DBGI,2023-11-30,410544,1763816715.2093406
DBGI,2024-02-13,21810405,1763816745.68247
DBGI,2024-07-11,102474,1763816747.0085695
DBGI,2024-10-15,7615874,1763816758.2882147
DBGI,2024-10-21,2862335,1763816763.3884716
DBGI,2024-10-22,8773133,1763816775.695488
DBGI,2024-10-24,1121334,1763816778.4252207
DBGI,2024-11-01,1899167,1763816786.1903992
DBGI,2024-11-12,1058087,1763816789.0551665
DBGI,2024-11-13,3660247,1763816796.4403348
DBGI,2024-11-20,9480113,1763816811.282559
DBGI,2024-12-26,25499,1763816812.3949394
DBGI,2024-12-31,54851,1763816813.4811647
DBI,2020-03-19,3338952,1763816818.8694334
DBI,2020-03-24,1963664,1763816822.409394
DBI,2020-11-09,2419382,1763816826.4984212
DBI,2021-01-25,3346285,1763816832.3756242
DBVT,2020-03-18,892772,1763816834.833081
DBVT,2020-03-19,403362,1763816836.663218
DBVT,2020-03-20,342043,1763816838.2256572
DBVT,2020-11-02,9739378,1763816854.3004248
DBVT,2021-01-15,2943758,1763816859.4624138
DBVT,2021-01-19,932033,1763816861.4586093
DBVT,2022-03-03,450510,1763816863.7726908
DBVT,2022-06-09,3449357,1763816868.5061789
DBVT,2022-12-23,944369,1763816870.1876974
DBVT,2024-10-23,5240279,1763816877.9034228
DBVT,2024-10-24,5849144,1763816883.0558863
DCGO,2024-08-08,606370,1763816884.67513
DCO,2020-02-21,757892,1763816886.1557648
DCOM,2021-02-01,447696,1763816887.6876166
DCTH,2023-08-15,22159523,1763816910.712763
DCTH,2024-05-14,575295,1763816912.2660217
DDD,2021-01-07,31083119,1763816927.6441753
DDD,2021-01-08,56406412,1763816989.2159092
DDD,2021-01-14,13011664,1763817001.4094248
DDD,2021-05-11,17991279,1763817011.8052921
DDD,2021-06-22,14697699,1763817018.9326806
DDD,2021-08-10,15480936,1763817026.401445
DDI,2024-03-08,206510,1763817027.723631
DDL,2021-06-30,6855643,1763817031.3438096
DDL,2021-12-31,1083518,1763817033.5483255
DDL,2022-03-16,2084379,1763817037.5707533
DDL,2022-04-04,2490241,1763817041.6835978
DDL,2022-04-05,13073060,1763817059.0460799
DDOG,2023-11-07,18020757,1763817088.2977285
DDS,2020-03-19,994937,1763817090.747699
DDS,2020-03-24,957355,1763817092.8815985
DDS,2020-04-06,1157979,1763817095.1943643
DDS,2020-10-12,2621112,1763817099.5241778
DELL,2024-03-01,29026661,1763817119.0307515
DENN,2020-03-24,1257376,1763817120.8574529
DENN,2020-03-25,1973565,1763817124.5725896
DENN,2020-11-09,1756563,1763817127.934653
DERM,2022-12-30,96380,1763817129.1508732
DERM,2023-01-11,54824,1763817130.3166368
DERM,2023-05-19,148200,1763817131.935158
DERM,2023-06-13,730026,1763817133.7483406
DERM,2023-07-10,215545,1763817165.055923
DERM,2024-03-26,303598,1763817166.6089065
DERM,2024-04-04,197395,1763817167.9839113
DEVS,2024-11-08,12739588,1763817181.921936
DEVS,2024-11-22,5380560,1763817190.3934958
DEVS,2024-11-26,2957762,1763817195.7043827
DEVS,2024-11-29,5804639,1763817201.0712225
DEVS,2024-12-19,2910455,1763817203.6716073
DEVS,2024-12-23,730276,1763817205.24139
DFIN,2020-03-26,367201,1763817206.600771
DFLI,2022-10-11,544969,1763817207.9597204
DFLI,2022-12-12,200757,1763817209.1477902
DFLI,2022-12-19,197625,1763817210.3762949
DFLI,2022-12-20,300392,1763817211.6510684
DFLI,2023-02-28,344379,1763817213.0356424
DFLI,2023-03-17,134617,1763817214.2340257
DFLI,2023-04-17,1786523,1763817217.5377243
DFLI,2023-06-12,3013938,1763817221.0410893
DFLI,2023-07-24,4686835,1763817225.8638885
DFLI,2024-04-16,3173637,1763817228.7493892
DFLI,2024-04-18,1021152,1763817230.8799472
DFLI,2024-11-22,4201425,1763817233.4906366
DGLY,2020-02-04,3280981,1763817236.0086255
DGLY,2020-02-14,896871,1763817237.5169523
DGLY,2020-02-19,448636,1763817238.886754
DGLY,2020-03-19,48765,1763817240.0071938
DGLY,2020-04-06,259720,1763817241.2793899
DGLY,2020-04-08,248557,1763817242.5089219
DGLY,2020-04-14,265067,1763817243.7842934
DGLY,2020-04-16,188022,1763817245.0774236
DGLY,2020-05-29,669337,1763817246.5081189
DGLY,2020-06-01,12829686,1763817253.072956
DGLY,2020-06-05,5142416,1763817256.0949116
DGLY,2020-06-08,18906416,1763817266.4729242
DGLY,2020-06-09,26233988,1763817280.3228178
DGLY,2020-07-16,9506428,1763817291.1840305
DGLY,2020-08-27,2174955,1763817295.4335318
DGLY,2020-09-23,2398858,1763817299.7913928
DGLY,2020-11-02,7186135,1763817310.263872
DGLY,2021-01-06,8212151,1763817321.6700122
DGLY,2022-06-24,564253,1763817323.6338468
DGLY,2022-11-07,117728,1763817324.9880784
DGLY,2023-02-15,578414,1763817326.8029985
DGLY,2023-06-02,808916,1763817328.981487
DGLY,2024-08-14,15455863,1763817355.2599525
DGLY,2024-11-19,706844,1763817357.5653114
DGLY,2024-11-20,887987,1763817359.566755
DGLY,2024-11-21,433042,1763817361.1201253
DHC,2020-06-03,2722832,1763817364.60699
DHC,2020-11-09,1019660,1763817366.6764102
DHC,2023-03-02,4054665,1763817370.7162707
DHCNI,2020-03-19,79555,1763817371.909255
DHCNI,2020-03-20,81265,1763817373.093045
DHCNL,2020-03-19,79882,1763817374.2833905
DHCNL,2020-03-20,73740,1763817375.4619813
DHX,2020-03-19,285014,1763817376.7943335
DIBS,2021-06-30,674348,1763817378.404213
DIN,2020-03-24,2837246,1763817381.1108127
DIN,2020-03-25,3409805,1763817383.865003
DIN,2020-04-06,2269417,1763817386.1358063
DJT,2024-06-24,15584102,1763817396.1473782
DJT,2024-07-15,42332272,1763817420.7897253
DJT,2024-11-06,116546565,1763817487.0831306
DJTWW,2024-04-17,367711,1763817489.2558756
DJTWW,2024-04-18,441365,1763817490.5768733
DJTWW,2024-06-24,842105,1763817492.058825
DJTWW,2024-07-15,1186591,1763817494.8028588
DJTWW,2024-09-13,172152,1763817497.0717554
DJTWW,2024-10-28,779121,1763817499.2066891
DJTWW,2024-11-06,1330343,1763817502.4891596
DK,2020-03-20,4855563,1763817510.5304255
DK,2020-11-09,1882072,1763817514.1633782
DKL,2020-03-19,182137,1763817515.6813233
DKL,2020-04-22,2236187,1763817519.0203326
DLHC,2020-07-28,202744,1763817520.2876966
DLNG,2020-06-05,335557,1763817521.6901767
DLNG,2020-06-16,316849,1763817523.1554673
DLNG,2022-03-25,676556,1763817524.7335708
DLO,2021-08-19,5155656,1763817529.9570162
DLO,2022-03-16,2883722,1763817532.9970787
DLO,2022-05-18,4663577,1763817536.0291057
DLO,2023-08-16,15637734,1763817551.9971373
DLO,2024-11-14,4120720,1763817559.9197009
DLPN,2020-01-16,71180,1763817561.051143
DLPN,2020-03-25,30774,1763817562.1505942
DLPN,2020-05-20,292844,1763817563.5672855
DLPN,2020-06-03,1192877,1763817566.0017488
DLPN,2020-06-04,6183797,1763817573.943341
DLPN,2020-06-19,1228258,1763817575.9276793
DLPN,2020-07-09,3122344,1763817578.9477856
DLPN,2020-07-13,3763035,1763817582.0272915
DLPN,2021-01-12,1609814,1763817583.8367097
DLPN,2021-02-11,1940526,1763817585.7616055
DLPN,2021-03-23,43391699,1763817610.4074426
DLPN,2021-03-24,62487814,1763817710.5594556
DLPN,2021-03-29,6004446,1763817719.517562
DLPN,2021-04-23,2977667,1763817724.5552223
DLPN,2021-08-02,14048447,1763817746.340651
DLPN,2024-07-12,52970,1763817747.6519806
DLTH,2020-06-09,1158494,1763817751.3691459
DLTH,2024-08-29,393367,1763817753.0772185
DMAC,2020-05-14,173626,1763817754.3814154
DMAC,2020-06-19,210716,1763817755.7615
DMAC,2023-05-15,86668,1763817756.934201
DMAC,2024-06-26,267875,1763817758.3546422
DMAC,2024-12-20,84693,1763817759.544648
DMRC,2020-09-29,479808,1763817761.212752
DMRC,2022-11-04,373660,1763817762.8157325
DMRC,2023-05-11,606565,1763817764.5686457
DNA,2022-08-11,16643111,1763817775.344501
DNA,2024-04-29,8399218,1763817779.6611693
DNLI,2020-01-14,1050137,1763817781.2580004
DNLI,2020-08-06,2956593,1763817783.6358445
DNLI,2024-02-27,2794909,1763817785.8651762
DNTH,2023-12-22,123715,1763817787.0486138
DNTH,2024-01-22,203916,1763817788.2708316
DNUT,2024-03-26,11382433,1763817794.5909083
DOC,2024-03-04,2600083,1763817796.770173
DOCS,2021-08-11,3338500,1763817798.9702642
DOCS,2022-11-11,12312460,1763817806.2768323
DOCS,2024-08-09,6656728,1763817810.212315
DOCS,2024-11-08,6604654,1763817813.771408
DOGZ,2020-05-04,27032,1763817814.9067585
DOGZ,2020-06-03,95222,1763817816.0827372
DOGZ,2020-07-14,77548,1763817817.229784
DOGZ,2020-10-19,766481,1763817818.6555762
DOGZ,2020-10-23,7958606,1763817830.4924965
DOGZ,2021-01-14,944362,1763817832.809908
DOGZ,2021-02-17,17039823,1763817863.1538033
DOGZ,2021-04-08,2300540,1763817867.5702863
DOGZ,2021-06-10,2446327,1763817873.372291
DOGZ,2022-01-07,6851935,1763817882.3267372
DOGZ,2023-05-05,253307,1763817883.6331236
DOGZ,2023-12-07,37319,1763817884.7376306
DOGZ,2023-12-27,235101,1763817885.997449
DOGZ,2024-01-02,649562,1763817887.453594
DOGZ,2024-01-08,501307,1763817888.8774626
DOGZ,2024-02-22,1223761,1763817890.6500099
DOGZ,2024-03-08,355832,1763817892.059343
DOGZ,2024-04-05,412329,1763817893.475278
DOGZ,2024-05-21,336026,1763817894.8197
DOGZ,2024-06-03,390793,1763817896.2218623
DOGZ,2024-08-14,119152,1763817897.3920746
DOUG,2024-07-26,1299631,1763817899.1865232
DOYU,2022-03-16,1569639,1763817900.9632983
DOYU,2024-07-03,2968569,1763817903.6096702
DPG,2020-03-19,245767,1763817904.956198
DPRO,2021-09-03,1567699,1763817906.6487913
DPRO,2022-03-16,185569,1763817907.9019775
DPRO,2022-03-22,22258926,1763817921.0143802
DPRO,2022-11-17,783992,1763817922.5533981
DPRO,2023-01-18,292775,1763817923.8363438
DPRO,2023-01-31,716992,1763817925.2592587
DPRO,2024-04-01,305111,1763817926.4697247
DPRO,2024-08-12,7542820,1763817930.4432986
DPRO,2024-11-29,1409647,1763817932.5596733
DQ,2020-03-24,464375,1763817933.9049976
DRCT,2022-02-18,985191,1763817935.6296315
DRCT,2022-03-09,13196465,1763817943.9562387
DRCT,2022-03-30,20326644,1763817955.8708327
DRCT,2022-07-20,7682896,1763817960.8499055
DRCT,2022-08-03,262308,1763817962.162138
DRCT,2022-08-11,4086593,1763817965.009092
DRCT,2022-11-10,157435,1763817966.2159336
DRCT,2023-04-19,58240,1763817967.3449717
DRCT,2023-11-10,5705181,1763817970.9468517
DRCT,2023-11-13,7024156,1763817975.103544
DRCT,2023-11-17,393589,1763817976.4952135
DRCT,2023-11-21,674461,1763817977.9137099
DRCT,2023-11-27,1153497,1763817979.4707172
DRCT,2024-06-12,3460003,1763817982.1148508
DRCT,2024-10-11,194933,1763817983.3524437
DRCT,2024-10-14,319259,1763817984.6782296
DRCT,2024-12-23,11631379,1763817991.1030705
DRD,2020-04-13,846396,1763817992.50306
DRH,2020-03-19,4838227,1763817994.9783616
DRH,2020-03-24,5717532,1763817998.7923331
DRH,2020-11-09,2169222,1763818000.6801999
DRI,2020-03-19,8580296,1763818005.1126647
DRI,2020-03-24,8060774,1763818009.6800988
DRIO,2020-03-24,21721,1763818010.8261178
DRIO,2020-07-31,2159549,1763818012.7354674
DRIO,2020-08-05,578321,1763818014.1710615
DRIO,2021-03-22,836480,1763818015.8410034
DRIO,2022-11-15,244663,1763818017.1033356
DRIO,2023-11-03,362789,1763818018.415014
DRMA,2022-02-10,2788069,1763818021.2464006
DRMA,2022-03-21,340721,1763818022.7084706
DRMA,2022-06-10,73380,1763818023.8350873
DRMA,2022-06-30,2310644,1763818026.475876
DRMA,2022-07-07,995241,1763818028.1435432
DRMA,2022-12-16,1080457,1763818030.2017903
DRMA,2022-12-27,147003,1763818031.4786527
DRMA,2022-12-30,3516184,1763818037.8756104
DRMA,2023-03-16,692131,1763818040.0490885
DRMA,2023-03-21,1269222,1763818042.9144716
DRMA,2023-03-23,509059,1763818044.6233876
DRMA,2023-03-24,7797746,1763818057.6346936
DRMA,2023-04-14,446090,1763818059.4041407
DRMA,2023-04-17,1751540,1763818063.0566814
DRMA,2023-04-18,14904940,1763818087.2111058
DRMA,2023-04-20,3219113,1763818092.5461411
DRMA,2023-05-03,483883,1763818094.289541
DRMA,2023-05-11,717033,1763818096.6467907
DRMA,2023-05-12,11326714,1763818111.0589883
DRMA,2023-08-30,1098586,1763818114.059165
DRMA,2023-11-03,130092,1763818115.320085
DRMA,2023-11-16,1250564,1763818118.1674888
DRMA,2024-01-05,5351698,1763818127.5602155
DRMA,2024-05-21,131722,1763818128.807096
DRMA,2024-07-11,292906,1763818130.377134
DRMA,2024-07-23,382473,1763818132.002651
DRMA,2024-07-24,18526144,1763818163.5483847
DRMA,2024-08-01,5397600,1763818172.1979008
DRMA,2024-08-02,13958241,1763818193.0662394
DRMA,2024-09-16,7236453,1763818199.1572726
DRMA,2024-11-20,110016,1763818200.3845463
DRMAW,2021-08-30,26740,1763818201.4689577
DRMAW,2021-09-20,15224,1763818202.538202
DRMAW,2021-09-21,29000,1763818203.647516
DRMAW,2021-10-01,11101,1763818204.7494848
DRMAW,2021-11-03,78230,1763818205.893541
DRTS,2022-03-23,1530722,1763818207.9604738
DRTS,2022-03-24,5390253,1763818211.144143
DRTS,2022-05-13,115245,1763818212.337948
DRTS,2022-06-10,833243,1763818213.7669625
DRTS,2022-07-05,329902,1763818214.968681
DRTS,2023-01-12,401158,1763818216.290737
DRTSW,2022-03-24,458670,1763818217.69023
DRTSW,2022-06-10,85733,1763818218.8532636
DRUG,2021-11-15,2731491,1763818221.028214
DRUG,2022-04-19,291124,1763818222.3059168
DRUG,2022-05-16,44109,1763818223.4481199
DRUG,2022-07-20,164282,1763818224.6661832
DRUG,2022-08-18,18334338,1763818234.823168
DRUG,2022-08-22,11878826,1763818240.884335
DRUG,2022-08-24,15909394,1763818249.8716538
DRUG,2022-08-25,26680745,1763818264.9774795
DRUG,2022-08-26,27012536,1763818291.1521225
DRUG,2022-09-02,8042409,1763818297.852782
DRUG,2022-09-16,3729949,1763818305.0819366
DRUG,2022-10-18,1881731,1763818309.083562
DRUG,2023-04-18,1982086,1763818313.0568879
DRUG,2023-04-19,2910759,1763818317.9183729
DRUG,2023-05-23,228127,1763818319.290456
DRUG,2023-07-14,1049401,1763818321.33022
DRUG,2023-08-08,8810589,1763818328.7659073
DRUG,2024-01-02,49189,1763818329.9191551
DRUG,2024-07-16,59053,1763818331.0784817
DRUG,2024-08-26,1166792,1763818333.8206072
DRUG,2024-10-14,4249045,1763818341.4000912
DRUG,2024-10-15,37998840,1763818388.5674894
DRUG,2024-10-18,22853902,1763818414.3151968
DRUG,2024-10-21,28126266,1763818446.8979797
DSGN,2024-05-07,700248,1763818448.5554101
DSGN,2024-09-10,1815343,1763818450.3050349
DSL,2020-03-19,1086915,1763818451.8339963
DSP,2021-03-10,493950,1763818453.2204254
DSP,2021-03-12,647463,1763818454.6181717
DSP,2023-08-08,578534,1763818456.5207624
DSX,2020-04-14,288069,1763818457.8549173
DSXpB,2020-03-13,37952,1763818458.9407465
DSXpB,2020-03-20,27674,1763818460.0444915
DSY,2024-06-10,18462398,1763818483.155802
DSY,2024-06-12,1491402,1763818486.1373317
DSY,2024-08-09,428113,1763818487.880518
DSY,2024-08-15,161727,1763818489.1651852
DSY,2024-08-19,293505,1763818490.50315
DSY,2024-08-26,232953,1763818491.8076594
DSY,2024-09-30,1000457,1763818493.6519742
DSY,2024-10-02,415178,1763818495.2049415
DSY,2024-10-14,242868,1763818496.4812381
DSY,2024-12-09,130879,1763818498.1090403
DTCK,2023-11-01,211264,1763818499.3364534
DTCK,2023-11-06,327820,1763818500.640104
DTCK,2024-02-13,513787,1763818502.0157967
DTCK,2024-04-12,352657,1763818503.3436196
DTCK,2024-05-03,651582,1763818505.005838
DTCK,2024-05-08,711724,1763818506.516747
DTCK,2024-08-12,102180,1763818507.7635455
DTCK,2024-12-10,2125527,1763818510.458429
DTIL,2021-01-19,1304128,1763818513.9155688
DTSS,2020-01-30,835296,1763818516.1581686
DTSS,2020-02-12,1340944,1763818519.0120068
DTSS,2020-02-28,93950,1763818520.2026389
DTSS,2020-04-01,700070,1763818522.0556724
DTSS,2020-06-10,36736,1763818523.1721966
DTSS,2020-06-12,249296,1763818524.531468
DTSS,2020-08-03,13104484,1763818542.2671819
DTSS,2020-11-09,145879,1763818543.579316
DTSS,2020-11-27,130231,1763818544.852041
DTSS,2021-01-14,13804031,1763818567.3636498
DTSS,2021-07-09,239914,1763818568.9046464
DTSS,2021-07-12,6982374,1763818576.8671868
DTSS,2021-07-14,15697807,1763818593.8273373
DTSS,2021-07-15,22167756,1763818606.1602418
DTSS,2021-09-13,2547384,1763818608.5039709
DTSS,2023-08-07,1445562,1763818610.1081102
DTSS,2023-08-17,712544,1763818611.496195
DTSS,2023-09-11,319844,1763818612.8835993
DTSS,2024-01-23,1637929,1763818615.047642
DTSS,2024-02-05,262242,1763818616.4572587
DTSS,2024-02-14,39973511,1763818673.7556243
DTSS,2024-02-15,45587164,1763818712.4739306
DTSS,2024-02-26,967425,1763818714.4226675
DTSS,2024-03-05,7407165,1763818724.8587503
DTSS,2024-07-01,5872079,1763818732.1547372
DTSS,2024-09-17,9096120,1763818740.8725364
DTSS,2024-09-26,2597890,1763818743.1202219
DTST,2021-07-06,1489218,1763818744.6393876
DTST,2021-07-07,14073460,1763818752.7971566
DTST,2021-07-22,848870,1763818754.4468315
DTST,2021-09-02,7225416,1763818759.3381147
DTST,2021-09-08,1681069,1763818761.1533315
DTST,2022-01-05,9414131,1763818771.969424
DTST,2022-02-24,390716,1763818773.507953
DTST,2022-05-16,12572976,1763818794.0423017
DTSTW,2021-06-29,19932,1763818795.4237077
DTSTW,2021-07-06,70590,1763818796.612414
DTSTW,2021-07-07,176654,1763818797.8942711
DTSTW,2021-07-14,47548,1763818799.046916
DTSTW,2021-07-22,40516,1763818800.1892574
DTSTW,2021-08-30,20831,1763818801.2865872
DTSTW,2021-10-04,14126,1763818802.4566574
DTSTW,2021-10-25,15016,1763818803.5682647
DTSTW,2022-01-05,36076,1763818804.6530178
DTSTW,2024-03-13,24610,1763818805.7991557
DTSTW,2024-03-18,16539,1763818806.8752644
DTSTW,2024-03-20,22718,1763818807.960271
DTSTW,2024-03-26,20466,1763818809.0332136
DTSTW,2024-06-20,12306,1763818810.0961626
DTSTW,2024-06-27,13041,1763818811.2073064
DUO,2020-03-19,14841,1763818812.300202
DUO,2020-06-09,503189,1763818813.6497042
DUO,2020-06-10,3163068,1763818816.0041606
DUO,2020-06-24,1092611,1763818817.6004038
DUO,2020-12-04,3354241,1763818820.062425
DUO,2021-05-27,1823430,1763818821.8002858
DUO,2021-10-20,576625,1763818823.1876895
DUO,2021-10-21,3620011,1763818825.9059422
DUO,2022-03-16,4671982,1763818828.7663248
DUO,2022-04-29,3117413,1763818831.272683
DUO,2022-06-08,183281,1763818832.499221
DUO,2022-08-02,431147,1763818833.7567875
DUO,2022-10-25,1276744,1763818835.3435156
DUO,2022-10-27,1507761,1763818837.0761037
DUO,2022-10-28,1452302,1763818838.7156744
DUO,2022-11-04,2334617,1763818840.6481295
DUO,2023-03-16,88120,1763818841.826331
DUO,2023-03-20,243680,1763818843.0375602
DUO,2023-03-22,489075,1763818844.4212153
DUO,2023-03-24,410341,1763818845.739343
DUO,2023-05-26,57283,1763818846.8735697
DUO,2023-06-29,2429599,1763818850.6428318
DUO,2023-08-03,2937897,1763818856.1176457
DUO,2023-10-27,61971,1763818857.3162682
DUO,2024-02-14,223795,1763818858.8462565
DUO,2024-03-11,13362763,1763818880.0476737
DUO,2024-05-17,16644724,1763818891.140581
DUO,2024-05-21,3395013,1763818893.750314
DUO,2024-09-26,19500243,1763818904.9102464
DUO,2024-09-27,27616061,1763818920.2739613
DUO,2024-09-30,28808533,1763818936.5253117
DUO,2024-10-02,29376863,1763818953.7451284
DUO,2024-10-16,5426968,1763818957.3627706
DUO,2024-11-07,3417297,1763818960.1071208
DUO,2024-12-09,15950440,1763818968.8553405
DUOL,2022-05-13,2330046,1763818971.0485392
DUOT,2022-12-30,35264,1763818972.1361606
DUOT,2023-01-13,47962,1763818973.2702663
DUOT,2023-04-03,91691,1763818974.4467485
DUOT,2024-06-25,85804,1763818975.657876
DUOT,2024-11-20,217440,1763818976.8719943
DVAX,2020-03-18,1241436,1763818978.5424542
DVAX,2020-05-06,1534546,1763818980.2909963
DVAX,2020-05-19,8094610,1763818984.9381638
DVAX,2020-05-29,5284933,1763818988.5649264
DVAX,2020-06-01,9766050,1763818997.4684765
DVAX,2021-02-01,19267442,1763819029.1901183
DVAX,2021-09-22,7604364,1763819040.7373288
DVN,2020-04-02,10767442,1763819055.6772728
DWSN,2020-04-09,43370,1763819056.891552
DWSN,2020-07-13,74997,1763819058.0568953
DWSN,2021-01-05,58585,1763819059.315663
DWSN,2021-02-23,1663971,1763819062.6825762
DWSN,2022-09-14,36519,1763819063.7991314
DWSN,2024-05-14,36262,1763819064.9062068
DWTX,2024-10-11,643831,1763819066.7073188
DWTX,2024-10-16,139127,1763819068.0741642
DWTX,2024-11-19,287264,1763819069.6318557
DX,2020-03-19,996927,1763819071.8122752
DX,2020-03-25,914672,1763819073.9154568
DX,2020-03-26,1106853,1763819076.4522104
DXC,2020-03-19,5904059,1763819085.4139595
DXC,2020-03-24,5426028,1763819093.4958954
DXLG,2021-09-08,519845,1763819095.2664714
DXpC,2020-03-19,60446,1763819161.436652
DXR,2020-03-02,321144,1763819096.6654222
DXR,2020-03-20,143289,1763819097.8561244
DXR,2020-07-17,203267,1763819099.1059704
DXR,2021-06-04,123895,1763819100.2841904
DXR,2021-07-22,242834,1763819101.6184058
DXYZ,2024-03-27,2065490,1763819104.0575044
DXYZ,2024-03-28,2999394,1763819106.7642083
DXYZ,2024-04-03,1026659,1763819108.5258849
DXYZ,2024-04-04,2960175,1763819111.114548
DXYZ,2024-04-05,8309098,1763819117.4070518
DXYZ,2024-04-08,15167667,1763819125.416247
DXYZ,2024-04-15,7414238,1763819129.3682492
DXYZ,2024-06-27,1511359,1763819131.061207
DXYZ,2024-10-14,1338162,1763819132.6401398
DXYZ,2024-11-06,2530483,1763819134.5529335
DXYZ,2024-11-07,9017427,1763819139.128034
DXYZ,2024-11-08,15454303,1763819146.6008997
DXYZ,2024-11-11,20242750,1763819156.6844318
DXYZ,2024-12-06,6333746,1763819160.25515
DYAI,2020-03-02,622075,1763819162.889032
DYAI,2020-03-19,360141,1763819164.156669
DYAI,2020-06-10,368584,1763819165.4945595
DYAI,2020-12-09,1408769,1763819167.10652
DYAI,2021-03-22,7193125,1763819173.2925818
DYAI,2021-07-27,15748331,1763819193.5423708
DYAI,2021-08-11,14855075,1763819216.3233325
DYAI,2024-11-20,110056,1763819217.6583612
DYAI,2024-12-18,131927,1763819218.8347645
DYN,2024-01-03,9239283,1763819233.6942928
DYN,2024-01-04,12886532,1763819245.3951442
DYN,2024-01-26,2409328,1763819247.9830148
EAF,2022-11-21,2926908,1763819250.3938184
EARN,2020-03-25,135831,1763819251.5709853
EARN,2020-03-26,146372,1763819252.7443037
EARN,2020-04-08,282682,1763819254.9590077
EAT,2020-03-19,3811347,1763819257.6687713
EAT,2020-03-24,3642448,1763819260.383912
EAT,2020-04-29,5987984,1763819265.8782785
EB,2020-11-09,2744888,1763819268.2539136
EBON,2020-07-02,321162,1763819269.5676634
EBON,2020-07-14,1747914,1763819272.5658402
EBON,2020-07-16,1124497,1763819275.0912712
EBON,2020-08-14,4544294,1763819282.84466
EBON,2020-09-17,2458564,1763819287.0222874
EBON,2020-12-31,7846808,1763819299.1209965
EBON,2021-01-04,5710424,1763819309.2384517
EBON,2021-01-07,7151775,1763819320.56698
EBON,2021-02-17,23525394,1763819358.2801342
EBON,2021-02-18,33186081,1763819378.3061397
EBON,2021-03-12,22992381,1763819391.4175708
EBON,2022-01-26,2208065,1763819393.3862736
EBON,2022-02-01,1427897,1763819395.0861173
EBON,2022-02-10,1901171,1763819396.9602067
EBON,2022-07-07,1177214,1763819398.5655987
EBON,2023-01-09,559747,1763819399.8848715
EBON,2023-01-10,995167,1763819401.4280212
EBON,2023-12-20,447301,1763819402.7028663
EBON,2023-12-26,294120,1763819403.9149702
EBON,2024-02-28,220658,1763819405.2070122
EBS,2024-02-21,13281631,1763819414.9544034
EBS,2024-05-02,26280644,1763819434.565703
EBS,2024-08-08,4581541,1763819437.2806473
EBS,2024-08-16,5461429,1763819440.5535648
EBS,2024-11-07,3122866,1763819443.4304242
ECC,2020-03-19,482331,1763819444.9244869
ECC,2020-03-25,466931,1763819446.3379624
ECCX,2020-03-19,31074,1763819447.4371428
ECDA,2023-12-18,175600,1763819448.6382475
ECDA,2023-12-19,512258,1763819450.1012583
ECDA,2024-01-03,193407,1763819451.3301978
ECDA,2024-04-11,116270,1763819452.502249
ECDA,2024-06-28,3031846,1763819455.4919887
ECOR,2020-03-19,103341,1763819456.7253313
ECOR,2020-03-30,2198808,1763819458.9775515
ECOR,2020-04-03,4213199,1763819462.354436
ECOR,2020-04-17,940980,1763819463.991241
ECOR,2020-06-05,597969,1763819465.423429
ECOR,2020-07-13,20134804,1763819479.3703957
ECOR,2020-07-31,11547301,1763819497.2258573
ECOR,2021-01-20,1013838,1763819500.0665562
ECOR,2021-03-01,17926913,1763819529.7624016
ECOR,2022-01-12,3917837,1763819536.4480202
ECOR,2022-06-02,208483,1763819537.6761234
ECOR,2022-11-02,215694,1763819539.022466
ECOR,2022-11-17,171596,1763819540.4021654
ECOR,2023-03-24,113833,1763819541.5915072
ECPG,2020-03-20,1208894,1763819544.25903
ECPG,2020-03-24,794613,1763819546.3814182
ECPG,2020-03-25,938995,1763819548.7815251
ECX,2023-02-22,1994471,1763819554.0862794
ECX,2023-12-20,252125,1763819555.5110662
ECX,2024-06-26,199591,1763819556.9803524
ECX,2024-12-20,261109,1763819558.5091972
EDAP,2020-07-15,217208,1763819559.8664315
EDBL,2022-08-18,1505493,1763819563.093932
EDBL,2022-10-24,204177,1763819564.5404944
EDBL,2022-11-07,245028,1763819566.0307467
EDBL,2022-11-30,128716,1763819567.37773
EDBL,2022-12-12,717391,1763819569.3000014
EDBL,2023-01-04,300127,1763819570.704965
EDBL,2023-01-19,132120,1763819571.9204044
EDBL,2023-01-23,360290,1763819574.0186076
EDBL,2023-01-26,1533512,1763819577.761714
EDBL,2023-01-31,691228,1763819579.6507292
EDBL,2023-02-01,997322,1763819581.7692206
EDBL,2023-03-08,5320195,1763819586.95411
EDBL,2023-04-19,507532,1763819588.347672
EDBL,2023-08-10,14110621,1763819599.9850688
EDBL,2023-09-01,15587417,1763819624.94552
EDBL,2024-04-03,2214415,1763819628.77828
EDBL,2024-04-05,4814634,1763819635.7237306
EDBL,2024-04-17,7185554,1763819642.8129916
EDBL,2024-04-22,7256558,1763819647.6315274
EDBL,2024-05-15,8575319,1763819653.2392967
EDBL,2024-05-21,3564447,1763819655.9250474
EDBL,2024-08-14,4302333,1763819658.8724399
EDBL,2024-10-22,1257538,1763819660.5546615
EDBL,2024-10-25,7320377,1763819664.7714305
EDBL,2024-12-20,11937935,1763819671.051862
EDBL,2024-12-23,24380897,1763819691.1886396
EDF,2020-03-19,298987,1763819692.7826061
EDIT,2020-12-10,7372406,1763819703.5853648
EDIT,2020-12-21,6842744,1763819714.6557667
EDIT,2024-02-28,3341123,1763819720.2322457
EDRY,2020-04-02,13873,1763819721.517941
EDRY,2020-06-08,92557,1763819722.731868
EDRY,2020-06-11,68964,1763819723.906008
EDRY,2020-06-18,114875,1763819725.1220815
EDRY,2020-08-03,382978,1763819726.6330662
EDRY,2020-10-12,183382,1763819727.8959067
EDRY,2020-11-12,6267466,1763819733.2146153
EDRY,2021-01-29,379095,1763819734.5859065
EDRY,2021-02-12,583201,1763819735.9820168
EDRY,2021-06-02,454342,1763819737.356282
EDSA,2020-04-20,436402,1763819738.6365232
EDSA,2020-06-15,13579657,1763819746.7751102
EDSA,2020-07-30,14136487,1763819754.3480988
EDSA,2020-08-28,547319,1763819755.784544
EDSA,2020-10-19,692161,1763819757.1858697
EDSA,2021-01-20,779525,1763819758.6182592
EDSA,2021-01-26,4802784,1763819761.6149073
EDSA,2021-02-02,747989,1763819763.119518
EDSA,2021-09-20,32460771,1763819794.0260496
EDSA,2022-12-20,502431,1763819796.0480702
EDSA,2022-12-21,689660,1763819798.0480247
EDSA,2022-12-22,838249,1763819800.5791032
EDSA,2022-12-23,1454037,1763819803.732621
EDSA,2023-10-12,1389315,1763819806.865018
EDSA,2023-12-12,167402,1763819808.1625805
EDTK,2020-10-12,92850,1763819809.3790653
EDTK,2021-02-18,1272630,1763819812.036383
EDTK,2021-03-26,769989,1763819813.8775775
EDU,2021-08-24,14987226,1763819834.986334
EDU,2022-10-26,5101708,1763819840.8292303
EDUC,2020-08-07,205458,1763819842.106076
EDUC,2023-07-24,103484,1763819843.2325234
EDUC,2023-10-13,55254,1763819844.3257155
EDUC,2024-01-16,70231,1763819845.4271173
EDUC,2024-04-03,60836,1763819846.5228605
EEIQ,2021-03-26,9564385,1763819851.8049214
EEIQ,2021-03-29,12144738,1763819859.5518901
EEIQ,2021-04-08,1778358,1763819861.4432256
EEIQ,2021-04-15,1364826,1763819863.155506
EEIQ,2021-04-27,1534069,1763819865.9134276
EEIQ,2021-09-10,8052080,1763819870.9826188
EEIQ,2021-09-16,574876,1763819872.458142
EEIQ,2021-10-05,1840451,1763819874.318292
EEIQ,2022-03-16,69167,1763819875.6064596
EEIQ,2022-03-23,161779,1763819876.8122413
EEIQ,2022-08-05,48442,1763819877.9292996
EEIQ,2022-11-02,44269,1763819879.058211
EEIQ,2022-11-10,471998,1763819880.335663
EEIQ,2023-01-03,53902,1763819881.4191566
EEIQ,2023-05-01,87003,1763819882.5571606
EEIQ,2023-05-24,7733771,1763819887.2977912
EEIQ,2023-09-05,273804,1763819888.55312
EEIQ,2024-03-11,24132,1763819889.6316462
EEX,2020-03-19,374203,1763819891.2559972
EEX,2020-04-29,325990,1763819892.705204
EEX,2020-05-26,290638,1763819894.0120025
EEX,2020-06-04,406295,1763819895.4818704
EEX,2020-09-28,377566,1763819896.9032903
EFC,2020-03-25,1123071,1763819899.0238268
EFC,2020-04-08,4378463,1763819902.798326
EFCpA,2020-03-19,96603,1763819903.9828143
EFCpA,2020-03-25,93935,1763819905.1152344
EFCpA,2020-03-26,91498,1763819906.251007
EFCpA,2020-04-06,62466,1763819907.391139
EFCpA,2020-04-07,63080,1763819908.5322444
EFCpA,2020-04-08,84632,1763819909.6299748
EFOI,2020-01-06,134902,1763819910.8544369
EFOI,2020-01-09,186788,1763819912.0638075
EFOI,2020-04-16,165596,1763819913.2970495
EFOI,2020-05-07,313780,1763819914.6395617
EFOI,2020-05-11,164928,1763819915.9105089
EFOI,2020-05-13,1140716,1763819918.154945
EFOI,2020-05-26,500903,1763819919.9719567
EFOI,2020-06-08,392211,1763819921.6419427
EFOI,2020-10-14,2854822,1763819926.795991
EFOI,2021-02-09,3352579,1763819933.1291642
EFOI,2021-05-06,1044704,1763819935.1898558
EFOI,2021-06-03,3850815,1763819939.135521
EFOI,2021-06-14,1846170,1763819941.4311442
EFOI,2021-07-02,1076105,1763819943.748956
EFOI,2021-12-08,27488554,1763819983.1213424
EFOI,2021-12-13,6138652,1763819989.3304534
EFOI,2021-12-30,6148629,1763819998.1113718
EFOI,2022-03-08,413225,1763820000.0948868
EFOI,2022-06-01,2450212,1763820003.8985898
EFOI,2022-06-03,9148087,1763820013.870096
EFOI,2022-06-07,3372446,1763820018.6515858
EFOI,2022-06-08,8632669,1763820032.377617
EFOI,2022-10-21,2123199,1763820036.094276
EFOI,2023-03-07,198568,1763820037.4604492
EFOI,2023-11-22,46021,1763820038.5739186
EFOI,2024-02-21,5106949,1763820046.11692
EFOI,2024-11-13,83735,1763820047.326095
EGHT,2020-12-10,4307534,1763820054.17236
EGHT,2023-11-02,1744873,1763820057.9549158
EGO,2020-02-21,4738271,1763820062.6290562
EGY,2020-03-26,253342,1763820063.8997493
EGY,2020-06-05,366056,1763820065.297693
EGY,2020-10-09,492580,1763820066.793233
EGY,2020-11-18,2513931,1763820069.2156136
EGY,2020-11-19,2971000,1763820071.677384
EH,2020-11-13,734209,1763820073.2160347
EH,2020-12-07,1197705,1763820075.012634
EH,2020-12-08,3099718,1763820077.664869
EH,2020-12-21,1612295,1763820079.6007445
EH,2021-01-14,5081896,1763820083.3517768
EH,2021-01-19,3850680,1763820086.2222924
EH,2021-02-17,40226883,1763820154.7064905
EH,2021-03-09,4981390,1763820162.650585
EH,2021-06-04,4758003,1763820170.4607344
EH,2022-12-05,3722838,1763820177.282775
EH,2022-12-12,4902442,1763820185.2059572
EH,2023-01-13,2884188,1763820190.5844946
EH,2023-10-13,4736239,1763820199.2002661
EH,2024-10-07,6147004,1763820208.3474145
EHAB,2024-03-07,2548630,1763820212.6154716
EHGO,2024-07-12,149456,1763820213.8984828
EHGO,2024-11-07,55330,1763820215.0740352
EHGO,2024-12-02,6463366,1763820221.1187887
EHTH,2020-01-24,3021523,1763820226.2740035
EHTH,2022-05-04,3027131,1763820232.2526944
EHTH,2022-11-08,816620,1763820233.7799418
EHTH,2022-12-01,1540316,1763820235.8253195
EHTH,2023-01-25,3194534,1763820240.4114215
EHTH,2024-12-17,1165944,1763820242.076469
EIC,2020-03-19,43113,1763820243.1894083
EJH,2021-05-17,2709362,1763820246.2933912
EJH,2021-05-21,253435,1763820247.6420581
EJH,2022-03-04,3664233,1763820252.4071965
EJH,2022-07-27,1799618,1763820255.658713
EJH,2022-12-12,216126,1763820256.9562383
EJH,2022-12-20,257791,1763820258.2120192
EJH,2022-12-21,701238,1763820259.7815316
EJH,2022-12-22,1395149,1763820261.7787242
EJH,2023-03-29,1248430,1763820263.6308172
EJH,2023-05-01,1237167,1763820266.0490475
EJH,2023-07-31,2069192,1763820270.0827756
EJH,2024-01-11,2154958,1763820274.5812855
EJH,2024-04-04,473670,1763820276.2965214
EJH,2024-04-05,2251991,1763820280.9547582
EJH,2024-06-11,1054208,1763820283.605587
EJH,2024-06-13,4173781,1763820290.3481553
EJH,2024-12-19,233923,1763820291.7653725
EKSO,2020-03-27,261918,1763820293.2925718
EKSO,2020-06-25,23354676,1763820332.2398176
EKSO,2020-06-26,30296336,1763820361.6360402
EKSO,2020-06-30,2377443,1763820363.8534858
EKSO,2021-01-11,488349,1763820365.2185946
EKSO,2021-02-08,451394,1763820366.623045
EKSO,2022-06-13,4355528,1763820369.628195
EKSO,2023-12-29,199384,1763820370.878915
ELAB,2023-12-15,101516,1763820372.0402212
ELAB,2024-01-16,12779285,1763820380.321748
ELAB,2024-02-01,6013324,1763820384.06874
ELAB,2024-08-23,4375330,1763820386.9571626
ELAB,2024-09-03,3357290,1763820390.723379
ELAB,2024-10-03,14943387,1763820413.884335
ELAB,2024-10-21,1857374,1763820417.1947358
ELAB,2024-10-25,10836803,1763820433.7253883
ELAB,2024-11-13,8517568,1763820446.816564
ELAB,2024-11-14,24169961,1763820481.3333879
ELAB,2024-12-10,962531,1763820483.0258346
ELAB,2024-12-19,6987827,1763820487.3387916
ELBM,2022-09-22,510357,1763820488.6847792
ELBM,2023-05-18,141570,1763820489.8867311
ELBM,2023-07-24,187881,1763820491.0991762
ELBM,2023-07-25,14476164,1763820504.9105253
ELBM,2024-02-09,260017,1763820506.4914057
ELBM,2024-08-19,1208112,1763820508.7623322
ELBM,2024-09-10,146365,1763820509.941451
ELBM,2024-12-30,2470517,1763820513.7733407
ELDN,2021-02-09,176927,1763820515.0193706
ELDN,2023-12-26,61355,1763820516.101195
ELP,2021-04-28,795509,1763820517.609731
ELPW,2024-12-19,203674,1763820518.847583
ELSE,2020-08-11,51730,1763820519.946615
ELSE,2020-10-06,5062692,1763820522.8319318
ELSE,2020-12-31,629328,1763820524.1960437
ELSE,2021-01-22,1228570,1763820525.8170426
ELSE,2021-02-16,209257,1763820527.0293674
ELTK,2020-07-02,290942,1763820528.2840388
ELTK,2020-10-16,258920,1763820530.5812976
ELTK,2021-05-06,427563,1763820531.9666414
ELTK,2023-05-18,297578,1763820533.300176
ELTX,2023-12-27,75150,1763820534.4318986
ELTX,2024-01-03,117245,1763820535.7222228
ELTX,2024-03-18,143256,1763820536.9818444
ELTX,2024-09-18,46901,1763820538.101694
ELUT,2023-09-19,4900615,1763820544.4724414
ELUT,2024-12-20,89247,1763820545.699068
ELVN,2024-03-19,409346,1763820547.1037202
ELVN,2024-04-11,1454174,1763820550.4115436
ELWS,2023-11-16,71186,1763820551.5515425
ELWS,2023-12-27,266490,1763820552.8784263
ELWS,2024-01-02,795077,1763820554.3249164
ELWS,2024-01-31,356363,1763820555.900548
ELWS,2024-02-14,13176525,1763820570.2615988
ELWS,2024-02-27,219508,1763820571.6514766
ELWS,2024-03-11,952218,1763820573.628052
ELWS,2024-03-12,1425724,1763820576.9930396
ELWS,2024-04-26,1345651,1763820579.253011
ELWS,2024-08-13,11803683,1763820599.6121616
ELWS,2024-09-19,54562,1763820600.8930998
ELWS,2024-11-01,116660,1763820602.1705892
ELWS,2024-11-04,1092578,1763820604.6354678
ELWS,2024-11-06,2960939,1763820609.2159321
ELWS,2024-11-07,3921892,1763820616.4744303
EM,2021-09-29,977237,1763820618.9492743
EM,2022-01-03,1247149,1763820621.1801078
EM,2022-03-18,102863,1763820622.414189
EMBC,2024-05-09,1869737,1763820624.9811618
EMBC,2024-11-26,1880042,1763820627.309109
EMO,2020-03-20,673027,1763820628.7740939
EMO,2020-04-02,291702,1763820630.015934
ENGN,2023-11-02,547964,1763820631.378003
ENGN,2023-11-28,286832,1763820632.6138172
ENGN,2023-12-04,419510,1763820633.868186
ENGN,2024-02-14,788759,1763820635.3659227
ENGNW,2023-11-28,30848,1763820636.5163898
ENGNW,2024-01-03,21886,1763820637.5919094
ENGNW,2024-01-04,36749,1763820638.6700418
ENGNW,2024-01-26,16186,1763820639.7612069
ENGNW,2024-02-05,12999,1763820640.8326402
ENGNW,2024-02-14,87991,1763820643.0873995
ENGNW,2024-02-15,93955,1763820644.3237836
ENGNW,2024-06-06,16303,1763820645.4079852
ENGNW,2024-06-12,20406,1763820646.5168407
ENGNW,2024-07-01,14091,1763820647.6214914
ENGNW,2024-08-30,11338,1763820648.7116983
ENGNW,2024-09-11,21138,1763820650.0567577
ENGNW,2024-09-18,11951,1763820651.1163752
ENGNW,2024-10-17,11962,1763820652.190524
ENLV,2020-02-24,1060571,1763820655.1451693
ENLV,2020-10-01,11530623,1763820672.6224654
ENLV,2020-10-05,3355317,1763820678.078165
ENLV,2020-12-03,1739932,1763820681.5797372
ENLV,2021-02-08,1842758,1763820685.0299633
ENLV,2023-11-03,70451,1763820686.1802373
ENLV,2023-12-20,105377,1763820687.3834345
ENLV,2023-12-22,173670,1763820688.7477627
ENLV,2024-01-02,114771,1763820689.9636295
ENPH,2020-02-19,13319836,1763820712.2696679
ENSC,2021-07-30,1322720,1763820715.4669302
ENSC,2021-08-05,5904659,1763820724.4161203
ENSC,2021-08-19,6559361,1763820734.8722146
ENSC,2021-09-21,2444345,1763820739.8488173
ENSC,2021-12-07,17562470,1763820769.652984
ENSC,2021-12-09,25232906,1763820805.5265388
ENSC,2021-12-22,3191963,1763820809.1263938
ENSC,2021-12-23,12736620,1763820829.3747804
ENSC,2022-06-30,1859394,1763820833.4842875
ENSC,2022-08-17,964187,1763820835.6677687
ENSC,2022-09-13,686793,1763820837.4490814
ENSC,2022-11-14,1659200,1763820839.7604911
ENSC,2022-11-16,1331498,1763820841.6980467
ENSC,2022-11-25,1111178,1763820843.4010015
ENSC,2022-12-30,171732,1763820844.6633902
ENSC,2023-01-12,385007,1763820846.070033
ENSC,2023-01-25,6259806,1763820850.8495607
ENSC,2023-04-19,1094089,1763820852.4866872
ENSC,2023-05-09,8234854,1763820857.718264
ENSC,2023-07-03,2318539,1763820859.6687467
ENSC,2023-11-30,613261,1763820861.0348494
ENSC,2024-01-23,7344929,1763820865.615832
ENSC,2024-01-24,9295182,1763820871.027268
ENSC,2024-01-31,4194753,1763820873.890755
ENSC,2024-08-27,9309300,1763820878.7439165
ENSC,2024-10-22,34809090,1763820908.6807296
ENSC,2024-10-29,2290392,1763820912.2159975
ENSC,2024-10-30,20730483,1763820933.3206372
ENSC,2024-11-01,8446655,1763820939.5922549
ENSC,2024-11-07,9689107,1763820945.4717236
ENSC,2024-12-16,382816,1763820946.9095626
ENSC,2024-12-19,304453,1763820948.2781787
ENSC,2024-12-24,188358,1763820949.6542344
ENTO,2024-08-12,1929530,1763820953.4909317
ENTO,2024-08-21,168287,1763820954.8299768
ENTO,2024-10-04,961211,1763820957.5108633
ENTO,2024-10-16,164652,1763820958.9015093
ENTO,2024-12-05,80511,1763820960.155748
ENTX,2020-03-19,17287,1763820961.2515285
ENTX,2020-04-24,18917,1763820962.3327334
ENTX,2020-07-23,6229793,1763820972.0075624
ENTX,2020-12-10,1551982,1763820975.5398371
ENTX,2021-02-08,292034,1763820977.1118126
ENTX,2021-03-11,54962844,1763821027.5570827
ENTX,2021-03-12,74748872,1763821068.1988008
ENTX,2021-06-23,26179414,1763821083.1191263
ENTX,2023-01-03,50218,1763821084.378811
ENTX,2023-03-06,1561456,1763821086.1084905
ENTX,2023-03-29,73775,1763821087.3231997
ENTX,2024-01-12,85867,1763821088.4456604
ENTX,2024-02-28,94380,1763821089.584999
ENVB,2021-01-06,445870,1763821090.9439316
ENVB,2021-03-10,37411596,1763821146.2332542
ENVB,2021-09-03,7824979,1763821159.151804
ENVB,2022-03-01,2151696,1763821163.085993
ENVB,2022-06-29,362047,1763821164.7144434
ENVB,2022-07-11,1730642,1763821168.1508884
ENVB,2022-07-22,445918,1763821169.730904
ENVB,2022-08-03,2045532,1763821174.0323105
ENVB,2022-12-29,79706,1763821175.2084653
ENVB,2023-05-18,21470953,1763821189.2269492
ENVB,2023-05-24,16840107,1763821197.7111223
ENVB,2023-08-07,715352,1763821199.2262654
ENVB,2023-12-28,240757,1763821200.4336846
ENVB,2024-02-06,168207,1763821201.6202197
ENVB,2024-02-23,2424028,1763821203.4257646
ENVB,2024-02-29,27414758,1763821219.5878377
ENVB,2024-03-01,29365304,1763821237.5700777
ENVB,2024-03-19,8606816,1763821244.5724802
ENVB,2024-04-02,256785,1763821245.8483794
ENVB,2024-07-30,5782042,1763821249.4996836
ENVX,2022-05-03,5131502,1763821253.0091257
ENVX,2022-08-11,6326864,1763821257.4155579
ENVX,2024-05-02,7989047,1763821262.245301
ENVX,2024-06-25,10196248,1763821268.7935357
EOLS,2020-05-22,2403978,1763821270.7739184
EOLS,2020-12-17,2003032,1763821272.6096826
EOLS,2021-01-25,1118731,1763821274.2043831
EOLS,2021-02-19,8382010,1763821281.5116885
EOLS,2023-07-27,1450910,1763821285.1637318
EOSE,2020-12-23,2123331,1763821288.937375
EOSE,2022-03-03,4108313,1763821296.4642053
EOSE,2022-05-17,5068301,1763821303.7618463
EOSE,2022-07-06,4839185,1763821311.280477
EOSE,2022-09-14,4054692,1763821316.002984
EOSE,2023-02-17,2344856,1763821320.1329768
EOSE,2023-04-10,1233413,1763821322.5537753
EOSE,2023-09-01,12511194,1763821336.5157733
EOSE,2023-12-13,1951310,1763821338.7209496
EOSE,2024-06-24,4194857,1763821344.9967647
EPOW,2022-09-02,73186,1763821346.1469872
EPOW,2022-09-06,473499,1763821347.5831785
EPOW,2023-04-26,499541,1763821348.9313934
EPOW,2023-05-17,4102070,1763821353.6964052
EPOW,2023-11-10,24756,1763821354.7985194
EPOW,2024-06-24,9730390,1763821361.8183804
EPOW,2024-11-29,62146,1763821362.9995089
EPR,2020-03-19,4181802,1763821365.3832917
EPR,2020-03-25,3717831,1763821367.642488
EPR,2020-11-09,2877205,1763821369.740035
EPRpC,2020-03-19,53006,1763821373.7229104
EPRpE,2020-03-19,68071,1763821374.8691587
EPRpG,2020-03-19,58590,1763821376.0152962
EPRpG,2020-03-20,59986,1763821377.1278386
EPRT,2020-03-19,1740352,1763821371.4545286
EPRX,2024-11-01,117332,1763821372.6213145
EQ,2020-01-24,59997,1763821378.2448928
EQ,2020-03-17,28490,1763821379.3471882
EQ,2020-03-19,27658,1763821380.4939015
EQ,2020-03-25,34396,1763821381.579826
EQ,2020-07-13,25498910,1763821395.4977667
EQ,2020-07-15,12489432,1763821402.3215785
EQ,2020-09-15,1064782,1763821403.9404128
EQ,2020-11-11,8402151,1763821408.862604
EQ,2020-12-29,2317670,1763821410.9006503
EQ,2021-08-23,269711,1763821412.2026565
EQ,2022-09-27,1926719,1763821414.002283
EQ,2024-02-06,712360,1763821415.439176
EQ,2024-02-07,1029247,1763821417.0797412
EQ,2024-02-16,355694,1763821418.5409286
EQHpA,2020-03-19,278351,1763821419.810228
EQR,2020-11-09,5625045,1763821423.0211287
EQS,2020-07-20,36443,1763821424.16776
EQS,2020-11-09,166618,1763821425.4150038
EQS,2020-12-11,228934,1763821426.6860504
EQT,2020-03-13,7126166,1763821430.5494514
ERNA,2022-10-18,1003696,1763821432.212503
ERNA,2022-12-06,113092,1763821433.3782783
ERNA,2022-12-07,897928,1763821434.894816
ERNA,2023-05-26,203958,1763821436.1294928
ERNA,2023-12-01,71157,1763821437.2771966
ERNA,2023-12-06,72166,1763821438.400308
ERNA,2023-12-14,50328,1763821439.541525
ERNA,2024-09-26,162507,1763821440.7221768
ERNA,2024-12-04,3191887,1763821443.0237806
ERNA,2024-12-30,183951,1763821444.2576225
ESEA,2020-02-12,275602,1763821445.531653
ESEA,2020-03-02,31274,1763821446.6286845
ESEA,2020-03-04,110781,1763821447.883208
ESEA,2020-03-16,41623,1763821449.0082588
ESEA,2020-03-30,78581,1763821450.2436607
ESEA,2020-04-20,167245,1763821451.4196448
ESEA,2020-05-27,2661958,1763821453.323187
ESEA,2020-06-05,252334,1763821454.5549397
ESEA,2020-06-18,203804,1763821455.8482468
ESEA,2020-08-03,834485,1763821457.2647521
ESEA,2021-05-03,215039,1763821458.4624712
ESEA,2021-06-07,580480,1763821459.8182237
ESGL,2023-08-18,355250,1763821461.1111152
ESGL,2023-08-24,262142,1763821462.3702579
ESGL,2023-09-25,631862,1763821463.6927633
ESGL,2023-11-27,1368794,1763821465.3674972
ESGL,2023-11-28,4132712,1763821468.2518728
ESGL,2024-05-20,69438,1763821469.4118733
ESHAR,2023-09-05,18236,1763821470.4586165
ESLA,2023-11-21,41324,1763821471.5702233
ESLA,2023-11-29,117400,1763821472.784974
ESLA,2024-03-12,96594,1763821473.9371676
ESLA,2024-07-26,1216720,1763821475.4930692
ESLA,2024-09-12,79649,1763821476.6294978
ESLA,2024-09-27,982504,1763821478.072274
ESNT,2020-03-19,2533764,1763821479.9395728
ESNT,2020-03-26,2307365,1763821482.958786
ESOA,2022-03-24,4078839,1763821488.212739
ESOA,2023-12-18,204403,1763821489.557764
ESOA,2024-08-13,470012,1763821491.1635697
ESPR,2021-11-23,1185414,1763821494.277115
ESRT,2020-11-09,3222756,1763821499.2929866
ESTA,2020-03-19,538362,1763821500.9576097
ESTC,2023-12-01,9779631,1763821517.4512656
ETEC,2023-03-30,10346,1763845382.0462825
ETON,2020-03-27,128032,1763821519.7621906
ETON,2020-08-10,1908653,1763821521.945757
ETON,2023-08-11,4862527,1763821527.040053
EUDA,2022-11-21,1576637,1763821528.8280199
EUDA,2022-11-25,2790508,1763821531.1060245
EUDA,2023-01-13,177446,1763821532.369991
EUDA,2023-02-02,54982,1763821533.4844365
EUDA,2023-03-06,112061,1763821534.7282057
EUDA,2023-03-07,752512,1763821536.6269848
EUDA,2023-03-10,2542087,1763821541.1416042
EUDA,2023-03-13,7232562,1763821552.5276003
EUDA,2023-04-24,1036292,1763821554.32055
EUDA,2023-04-26,2541286,1763821556.7846375
EUDA,2023-08-22,97534,1763821558.0033507
EUDAW,2022-11-21,44866,1763821559.1744566
EVAX,2021-06-10,482962,1763821560.5644176
EVAX,2021-09-01,960389,1763821562.1312015
EVAX,2021-11-04,16439345,1763821571.8703084
EVAX,2022-05-10,3850493,1763821574.8785532
EVAX,2022-09-21,9112654,1763821580.058109
EVAX,2023-09-20,268141,1763821581.387785
EVAX,2023-09-21,373826,1763821582.7572007
EVAX,2023-10-31,228313,1763821584.0283089
EVAX,2024-01-23,842858,1763821585.5009954
EVAX,2024-01-24,13759982,1763821592.895233
EVAX,2024-02-01,717232,1763821594.4394264
EVAX,2024-12-27,3122793,1763821596.8416805
EVC,2020-06-16,688878,1763821598.209721
EVC,2020-06-19,2090504,1763821600.834656
EVER,2020-05-05,1015140,1763821603.2015429
EVEX,2022-05-11,920223,1763821605.2960913
EVEX,2022-05-17,753914,1763821607.496766
EVEX,2022-05-20,1351154,1763821609.9766178
EVEX.WS,2022-05-11,51774,1763821611.077459
EVEX.WS,2023-06-23,25893,1763821612.1764379
EVGN,2020-06-03,136395,1763821613.484497
EVGN,2020-06-23,312294,1763821615.0342388
EVGN,2020-08-25,91006,1763821616.2303748
EVGN,2020-09-01,553397,1763821618.2173705
EVGN,2020-09-14,283805,1763821619.7413256
EVGN,2020-09-18,571678,1763821621.4512599
EVGN,2020-09-28,1174627,1763821624.1043272
EVGN,2020-12-23,1451574,1763821626.9632788
EVGN,2020-12-28,1325594,1763821630.1710062
EVGN,2022-07-20,57712,1763821631.307433
EVGN,2022-12-21,72088,1763821632.5190482
EVGN,2023-06-14,146121,1763821633.766045
EVGO,2021-11-08,12675572,1763821653.679183
EVGO,2021-11-09,29655493,1763821698.2499325
EVGO,2023-03-30,4498701,1763821705.2466805
EVGO,2023-08-03,5796497,1763821712.3906112
EVGO,2024-10-03,19994388,1763821724.0783336
EVGOW,2021-10-22,154746,1763821725.4447873
EVGOW,2021-11-08,676333,1763821727.137628
EVGOW,2021-11-09,1558569,1763821729.53549
EVGOW,2021-11-11,1098348,1763821731.6607227
EVGOW,2022-05-12,49346,1763821732.7672443
EVGOW,2024-10-04,587077,1763821734.393295
EVGOW,2024-10-09,148398,1763821735.824088
EVGOW,2024-11-12,81102,1763821736.9396822
EVGOW,2024-11-18,36275,1763821738.0149527
EVH,2020-03-26,1377605,1763821740.172115
EVH,2024-08-09,5031777,1763821744.67896
EVLV,2021-07-23,579490,1763821746.3379683
EVLV,2022-11-10,834711,1763821748.0960424
EVLV,2023-08-11,3383438,1763821751.7472343
EVLV,2024-03-28,1984596,1763821754.209158
EVLVW,2021-07-23,65480,1763821755.386526
EVLVW,2021-08-27,26394,1763821756.4695163
EVLVW,2021-11-18,20623,1763821757.5737374
EVLVW,2023-05-11,126939,1763821758.720095
EVLVW,2023-08-11,128576,1763821759.917943
EVLVW,2024-01-22,19798,1763821761.0102599
EVOK,2020-06-22,8432014,1763821766.3596075
EVOK,2021-01-13,455666,1763821767.6835294
EVOK,2021-02-09,1892840,1763821769.5760963
EVOK,2021-08-13,1783967,1763821771.3994153
EVOK,2021-12-09,243233,1763821772.6944199
EVOK,2022-04-26,11845327,1763821787.4963195
EVOK,2022-06-15,8033398,1763821800.1292536
EVOK,2022-12-07,96537,1763821801.333081
EVOK,2022-12-22,46970,1763821802.445938
EVOK,2023-09-29,51787,1763821803.6200266
EVOK,2024-08-01,115719,1763821804.8284066
EVOK,2024-08-20,1934647,1763821808.8127398
EVOK,2024-10-28,12482318,1763821826.7446687
EVOK,2024-12-19,125170,1763821828.085273
EVTL,2021-12-22,1665744,1763821831.8052235
EVTL,2022-01-05,3642960,1763821838.0926602
EVTL,2022-01-20,2814280,1763821843.432827
EVTL,2022-04-12,5092273,1763821849.557277
EVTL,2022-07-15,14060356,1763821856.7474072
EVTL,2022-07-21,7426710,1763821860.2260356
EVTL,2022-09-23,2240632,1763821862.218457
EVTL,2023-03-28,1105469,1763821863.7507057
EVTL,2024-03-18,373127,1763821865.0356693
EVTL,2024-03-22,494409,1763821866.408916
EVTL,2024-09-12,300920,1763821867.689789
EVTL,2024-11-12,258506,1763821868.9625502
EVTL,2024-11-25,489008,1763821870.2636907
EVTL,2024-12-26,589611,1763821871.5511165
EVTL,2024-12-27,1358700,1763821873.149972
EVTV,2022-02-18,26230,1763821874.236321
EVTV,2022-02-22,39351,1763821875.3864417
EVTV,2022-03-10,85298,1763821876.5484717
EVTV,2022-03-11,114405,1763821877.6914017
EVTV,2023-03-21,43324,1763821878.9111495
EVTV,2023-07-14,112762,1763821880.082516
EVTV,2023-11-13,77100,1763821881.2994165
EVTV,2024-01-31,77732,1763821882.5074024
EVTV,2024-02-01,97840,1763821883.750162
EVTV,2024-06-17,115817,1763821885.194347
EVTV,2024-06-28,78684,1763821886.3326778
EWTX,2021-03-29,1069679,1763821888.340456
EWTX,2022-01-05,2302820,1763821890.7161586
EWTX,2023-12-27,931764,1763821892.9226723
EWTX,2024-01-19,3275826,1763821897.7063713
EWTX,2024-09-19,6177753,1763821905.9327297
EXAS,2020-03-19,3373943,1763821912.7492125
EXAS,2020-10-27,8881841,1763821926.024999
EXFY,2022-05-13,1191646,1763821928.7707863
EXFY,2024-07-09,3761137,1763821935.4581566
EXFY,2024-08-09,1337701,1763821937.7113364
EXFY,2024-11-08,1001942,1763821939.8626611
EXK,2021-02-01,4826748,1763821944.0499563
EXPI,2021-08-04,4328671,1763821948.1420074
EYE,2020-03-24,1197091,1763821950.1270804
EYEG,2020-03-31,790368,1763821951.8161962
EYEG,2020-08-12,2636274,1763821954.4272196
EYEG,2020-12-21,11309397,1763821963.6538198
EYEG,2021-01-11,260743,1763821965.2508101
EYEG,2021-07-27,12454916,1763821984.735122
EYEG,2023-12-13,10630,1763845383.0325906
EYPT,2020-06-19,1010609,1763821988.3082864
EYPT,2020-08-21,6530380,1763821993.9123344
EYPT,2021-01-04,356611,1763821995.2182457
EYPT,2021-11-15,5668308,1763822004.0714633
EYPT,2021-11-17,4712792,1763822012.3054934
EYPT,2023-01-12,707552,1763822014.3120372
EYPT,2023-04-21,7405587,1763822026.1430383
EYPT,2023-04-26,1629606,1763822029.829169
EYPT,2023-12-04,9012399,1763822045.2033725
EYPT,2024-10-28,2421075,1763822050.7002532
EZGO,2021-07-26,3163829,1763822055.7034938
EZGO,2022-01-04,453105,1763822057.3776731
EZGO,2022-03-01,121149,1763822058.6329813
EZGO,2022-12-13,39989,1763822060.043414
EZGO,2022-12-30,94495,1763822061.2329245
EZGO,2023-01-06,170405,1763822062.7533665
EZGO,2023-03-21,376027,1763822064.4424555
EZGO,2023-03-22,477524,1763822066.193818
EZGO,2023-09-08,9200397,1763822079.4342136
EZGO,2023-09-11,9678155,1763822087.0087192
EZGO,2024-04-12,7760572,1763822091.2097504
EZGO,2024-04-17,1684674,1763822093.0989413
FACT,2023-07-17,781202,1763822094.504433
FAMI,2020-02-06,1999064,1763822096.2915862
FAMI,2020-06-12,1732963,1763822097.9802523
FAMI,2020-06-18,9918602,1763822103.2801652
FAMI,2020-08-14,16665797,1763822111.496197
FAMI,2020-09-11,417333,1763822112.8293915
FAMI,2021-02-10,850171,1763822114.3789208
FAMI,2021-03-15,3800765,1763822117.7628245
FAMI,2021-05-03,18066101,1763822138.5633495
FAMI,2021-09-10,7633256,1763822148.058441
FAMI,2021-09-29,23385157,1763822189.841328
FAMI,2021-09-30,46067556,1763822266.862391
FAMI,2023-05-03,202353,1763822268.5670536
FAMI,2023-12-22,109834,1763822269.7313242
FAMI,2024-02-13,6045547,1763822279.1541758
FAMI,2024-10-23,4347015,1763822285.645965
FANG,2020-04-02,6169866,1763822294.290992
FANG,2020-11-09,6528247,1763822298.4774506
FARM,2023-06-07,19002935,1763822310.436973
FAT,2020-03-19,39720,1763822311.6842444
FAT,2020-03-26,31056,1763822312.802199
FAT,2020-08-13,10619965,1763822318.5684426
FAT,2020-12-11,1434259,1763822320.223088
FAT,2021-02-12,264863,1763822321.561453
FATBB,2021-08-25,111936,1763822322.7430606
FATBB,2021-11-03,4683714,1763822325.5813448
FATBB,2021-11-04,7373890,1763822336.502471
FATBB,2021-11-05,8203504,1763822347.713439
FATBB,2022-03-29,112598,1763822349.0305178
FATBB,2022-08-01,148803,1763822350.2654023
FATBB,2022-11-16,46515,1763822351.3754716
FATBB,2023-05-04,56849,1763822352.596923
FATBB,2024-10-10,59651,1763822353.7555885
FATE,2020-03-17,1686789,1763822357.1128218
FATE,2020-12-07,3723458,1763822365.0102205
FATE,2023-01-09,10127307,1763822383.3998122
FATE,2024-01-29,2263794,1763822388.1973834
FATE,2024-11-18,4748635,1763822396.6771684
FATE,2024-11-26,2755636,1763822401.954282
FBIO,2021-03-02,2115691,1763822406.165976
FBIO,2022-07-05,705774,1763822408.276472
FBIO,2023-02-27,651581,1763822410.2051537
FBIO,2023-11-02,103379,1763822411.4163413
FBIO,2023-11-17,1596429,1763822414.5620205
FBIO,2023-11-20,2247528,1763822419.0505333
FBIOP,2023-08-21,112428,1763822420.444088
FBL,2023-02-02,19029,1763822421.5227156
FBL,2024-02-02,322786,1763822423.0902193
FBLG,2024-02-01,735708,1763822425.412284
FBLG,2024-02-05,297279,1763822426.8582067
FBLG,2024-02-13,782840,1763822429.0619328
FBLG,2024-03-19,171013,1763822430.4373305
FBLG,2024-06-06,1920528,1763822434.2939484
FBLG,2024-06-28,576691,1763822436.305068
FBLG,2024-08-19,179878,1763822437.6620352
FBLG,2024-08-21,326826,1763822439.106697
FBLG,2024-09-09,400084,1763822440.7044065
FBLG,2024-09-10,2258931,1763822443.4254408
FBNC,2020-03-24,289443,1763822444.8846774
FBRX,2020-07-22,102028,1763822446.0642843
FBRX,2020-10-29,258796,1763822447.4340212
FBRX,2024-11-20,13542826,1763822455.4016004
FBRX,2024-11-27,205080,1763822456.739158
FBYD,2023-10-18,2103839,1763822458.4354856
FBYD,2023-10-24,640639,1763822459.8360958
FBYD,2024-12-10,295559,1763822461.1353064
FBYDW,2024-02-14,14420,1763822462.199437
FBYDW,2024-02-15,18116,1763822463.2815309
FBYDW,2024-02-16,19340,1763822464.3772364
FBYDW,2024-05-16,15153,1763822465.4686594
FBYDW,2024-06-28,16647,1763822466.5555623
FBYDW,2024-08-21,14333,1763822467.6607032
FBYDW,2024-08-28,15437,1763822468.7789598
FBYDW,2024-09-23,10611,1763822469.8381143
FBYDW,2024-09-27,12204,1763822470.916201
FBYDW,2024-11-14,13270,1763822471.9804137
FBYDW,2024-12-10,20800,1763822473.0642192
FBYDW,2024-12-16,23409,1763822474.1701975
FCEL,2020-06-10,6256730,1763822478.4616346
FCEL,2020-11-16,11332002,1763822484.8524947
FCEL,2020-11-18,32163007,1763822524.9420936
FCEL,2020-11-23,33675570,1763822570.8586533
FCEL,2020-11-24,55426709,1763822645.803593
FCEL,2021-09-14,26024825,1763822693.5653946
FCEL,2024-05-14,9456244,1763822708.9211447
FCEL,2024-11-15,4947034,1763822716.328729
FCEL,2024-11-18,5462869,1763822720.998796
FCEL,2024-11-25,2014090,1763822723.3446293
FCNCA,2023-03-27,4054110,1763822726.9460132
FCUV,2021-09-01,16050601,1763822755.949653
FCUV,2021-09-02,27118071,1763822802.3016129
FCUV,2024-04-17,502772,1763822803.9228928
FCUV,2024-04-26,1952174,1763822806.0448444
FCUV,2024-08-30,17094551,1763822832.547649
FCUV,2024-09-13,220797,1763822833.9794226
FCUV,2024-12-27,1549064,1763822836.2063959
FCUV,2024-12-30,1915238,1763822838.522869
FCX,2020-03-24,14465943,1763822847.6347578
FDMT,2022-10-27,730580,1763822849.2805736
FDMT,2022-11-15,1844033,1763822852.4994752
FDMT,2024-02-05,9769212,1763822869.8414552
FDUS,2020-03-19,330486,1763822871.461975
FDUS,2020-03-24,249961,1763822872.9972363
FDUS,2020-03-25,266741,1763822874.4253554
FDUS,2020-03-26,401111,1763822876.261754
FEAM,2022-03-16,24635,1763822877.3372724
FEAM,2022-08-11,295814,1763822878.8543959
FEAM,2024-02-27,372420,1763822880.2603977
FEAM,2024-02-28,414169,1763822881.7691112
FEAM,2024-10-01,123274,1763822882.9806142
FEAM,2024-12-26,61090,1763822884.0899224
FEAM,2024-12-27,148176,1763822885.3014212
FEAM,2024-12-30,418973,1763822886.7336285
FEBO,2024-04-29,116295,1763822887.9165263
FEBO,2024-08-13,585427,1763822889.3843524
FEBO,2024-08-16,178217,1763822890.7232983
FEBO,2024-08-22,216619,1763822891.9877338
FEBO,2024-08-27,372255,1763822893.3782766
FEBO,2024-09-26,157534,1763822894.6964867
FEBO,2024-10-15,87240,1763822895.8570435
FEBO,2024-10-24,212381,1763822897.1544995
FEDU,2020-02-03,59437,1763822898.302369
FEDU,2020-06-11,264500,1763822899.5334153
FEDU,2020-12-10,132583,1763822900.714033
FEDU,2021-01-29,240154,1763822902.0091374
FEDU,2021-02-04,698117,1763822903.6383755
FEDU,2021-02-12,666446,1763822905.6552005
FEDU,2021-03-26,14317075,1763822919.5802376
FEDU,2021-05-20,181524,1763822920.8315952
FEDU,2021-09-23,1907491,1763822922.891354
FEDU,2022-03-23,934259,1763822924.958883
FEDU,2022-04-12,63320,1763822926.0726671
FEDU,2022-05-23,26930,1763822927.153644
FEDU,2022-08-05,40308,1763822928.2536376
FEDU,2024-06-03,89668,1763822929.4153252
FEDU,2024-07-24,29455,1763822930.5155997
FEDU,2024-08-26,50571,1763822931.6427846
FEIM,2020-07-02,186144,1763822932.8558204
FEIM,2024-07-23,1075788,1763822934.3871121
FEIM,2024-12-11,616239,1763822936.1315105
FEMY,2021-06-30,768751,1763822937.886363
FEMY,2021-07-20,263528,1763822939.247086
FEMY,2021-11-24,485374,1763822940.775425
FEMY,2022-04-27,124000,1763822941.972893
FEMY,2022-06-24,265733,1763822943.3215795
FEMY,2022-06-27,1958933,1763822945.7293208
FEMY,2022-10-07,107241,1763822946.8908904
FEMY,2022-10-26,38375,1763822948.0002916
FEMY,2023-03-08,49583,1763822949.1056862
FEMY,2023-04-18,255187,1763822950.3935642
FEMY,2023-05-03,45643,1763822951.5036156
FEMY,2023-07-27,12011515,1763822959.607061
FEMY,2023-09-26,19973812,1763822982.1468022
FEMY,2023-09-28,7367216,1763822994.3079042
FEMY,2023-09-29,28070756,1763823029.871074
FEMY,2023-10-02,39613029,1763823067.2797894
FEMY,2023-11-15,853824,1763823069.03654
FEMY,2024-02-07,444663,1763823070.3149412
FEMY,2024-06-20,254189,1763823071.4888117
FENC,2020-04-06,93272,1763823072.6651263
FENG,2020-11-19,6606840,1763823076.2716014
FENG,2021-02-11,1810117,1763823078.0978105
FENG,2021-03-24,4018837,1763823080.8235574
FENG,2023-05-02,1223719,1763823082.4024587
FENG,2024-03-05,325874,1763823083.6330402
FENG,2024-03-28,71112,1763823084.7611024
FENG,2024-05-07,217732,1763823085.9806664
FENG,2024-05-30,468992,1763823087.3011804
FENG,2024-07-10,329948,1763823088.5076761
FET,2020-03-10,637865,1763823089.885608
FET,2020-03-13,518965,1763823091.1799319
FET,2020-03-17,621269,1763823092.5939572
FET,2020-04-09,1044597,1763823094.1010146
FET,2020-04-23,3392909,1763823096.269751
FET,2020-04-30,1824747,1763823098.0268705
FET,2020-05-11,2317320,1763823099.9042933
FET,2020-06-05,1451199,1763823102.6091683
FET,2020-06-08,3671118,1763823107.3882637
FET,2020-07-10,872985,1763823109.3218908
FET,2020-07-20,1178902,1763823111.7219858
FET,2020-07-30,1132642,1763823114.4001515
FF,2024-03-14,1521280,1763823116.6490667
FFC,2020-03-19,517399,1763823118.0503874
FFWM,2023-10-26,1345863,1763823120.7511344
FG,2022-12-01,892844,1763823122.9550152
FGBI,2020-03-13,34317,1763823124.055598
FGEN,2022-05-10,1656373,1763823128.0988753
FGEN,2024-01-29,2847992,1763823132.0153105
FGEN,2024-05-07,6128641,1763823142.5207267
FGI,2022-01-31,11290500,1763823150.8070543
FGI,2022-03-17,385054,1763823152.1814702
FGI,2024-06-27,51879,1763823153.2842216
FGI,2024-11-13,71702,1763823154.449384
FGIWW,2022-01-31,87962,1763823155.6907551
FGL,2024-10-30,280798,1763823156.9229193
FGL,2024-11-11,586369,1763823158.2617147
FGL,2024-11-12,617853,1763823159.6672843
FGL,2024-12-02,159223,1763823160.8298738
FGL,2024-12-18,1479139,1763823162.5319798
FHN,2022-02-28,15809694,1763823171.0153093
FHTX,2021-03-19,237109,1763823172.357241
FHTX,2021-12-13,9350857,1763823177.3879695
FHTX,2023-01-12,208392,1763823178.6699843
FHTX,2024-02-08,624024,1763823180.033921
FICO,2022-11-10,1970814,1763823181.8038697
FIGS,2022-03-09,5697166,1763823185.0488992
FINS,2020-03-19,123927,1763823186.2828622
FINV,2020-08-20,2772716,1763823188.1467757
FINV,2021-02-16,2167698,1763823189.789776
FINV,2021-03-11,16462852,1763823197.928352
FINV,2022-03-16,1758668,1763823199.7191548
FIZZ,2021-01-25,1880620,1763823201.9605443
FIZZ,2021-01-27,4107868,1763823204.8558517
FLDDW,2024-12-26,13219,1763823205.9431112
FLEX,2020-03-19,3569284,1763823208.33249
FLGC,2021-07-26,450209,1763823209.6373823
FLGC,2021-07-28,11653804,1763823215.0922947
FLGC,2021-08-03,9270917,1763823220.0438554
FLGC,2021-08-05,6283288,1763823223.570774
FLGC,2021-08-13,4130330,1763823226.410014
FLGC,2021-08-20,10403694,1763823232.2518773
FLGC,2021-09-24,3623765,1763823235.0262635
FLGC,2022-06-16,895189,1763823236.4527633
FLGC,2022-08-03,276731,1763823237.7518227
FLGC,2023-02-01,2552638,1763823239.6538458
FLGC,2023-05-17,203987,1763823240.9462862
FLGC,2023-07-11,283507,1763823242.1807542
FLGC,2023-08-31,347184,1763823243.4360313
FLGC,2023-09-05,741119,1763823244.7547934
FLGC,2024-03-22,341305,1763823246.0234828
FLGC,2024-03-25,4419758,1763823248.9953415
FLGC,2024-03-28,1062351,1763823250.5898414
FLGC,2024-04-03,448842,1763823251.9625676
FLGC,2024-04-30,466666,1763823253.3165467
FLGC,2024-09-19,191353,1763823254.515458
FLGT,2020-03-17,517917,1763823255.9754605
FLGT,2020-07-27,793679,1763823257.4415922
FLGT,2020-08-05,1118778,1763823259.0193255
FLGT,2021-02-01,5103914,1763823262.1109197
FLGT,2021-03-05,6378480,1763823265.6694317
FLL,2020-03-20,132974,1763823266.9024415
FLL,2020-03-25,145750,1763823268.101671
FLNC,2022-12-13,3421815,1763823270.731217
FLNC,2023-11-29,4250886,1763823273.6939783
FLNG,2020-03-26,45386,1763823274.8257296
FLNT,2020-01-15,2916227,1763823277.3315423
FLNT,2020-08-26,843811,1763823278.8030546
FLNT,2022-03-09,293443,1763823280.1644895
FLR,2020-03-19,4198369,1763823282.4379747
FLUX,2020-09-29,1366226,1763823284.105988
FLUX,2020-12-28,1080919,1763823285.5297024
FLUX,2021-03-19,416074,1763823286.8799565
FLX,2024-12-02,83739,1763823288.0259748
FLXS,2024-10-22,308512,1763823289.3201706
FLY,2020-03-24,481234,1763823290.6741624
FLY,2020-03-25,664253,1763823292.0458076
FLY,2020-04-07,474471,1763823293.346808
FLY,2020-05-26,744331,1763823294.8477626
FLY,2020-12-23,1287761,1763823296.4279518
FLYE,2024-06-24,648524,1763823297.8715665
FLYE,2024-08-13,231756,1763823299.0916784
FLYE,2024-08-14,751127,1763823300.5024767
FLYE,2024-10-24,377655,1763823301.763632
FLYE,2024-12-30,1051997,1763823303.2964113
FLYE,2024-12-31,9524912,1763823308.9264739
FMSTW,2023-09-06,13210,1763823310.0897236
FN,2023-08-22,2655380,1763823312.1574342
FNB,2020-03-16,2266322,1763823314.019876
FNGR,2022-06-09,70373,1763823315.1809924
FNGR,2022-06-24,26971,1763823316.2604606
FNGR,2022-08-11,54051,1763823317.441934
FNGR,2022-09-27,123410,1763823318.6011055
FNGR,2022-09-28,722778,1763823320.037359
FNGR,2022-09-30,4979605,1763823323.0846975
FNGR,2022-10-03,17380382,1763823332.5101137
FNGR,2022-10-05,12308533,1763823339.3890057
FNGR,2022-10-20,1479453,1763823341.1759362
FNGR,2023-01-06,154862,1763823342.390906
FNGR,2023-05-01,238826,1763823343.6670125
FNGR,2023-06-14,178679,1763823344.931481
FNKO,2020-05-08,1056228,1763823346.5281084
FNKO,2020-12-04,2088687,1763823348.4765267
FNKO,2021-03-24,15629733,1763823357.7886055
FNKO,2023-11-03,1452267,1763823359.856853
FNLC,2020-03-17,63312,1763823361.0175643
FOA,2021-06-15,3436744,1763823363.4522734
FOA,2023-04-05,409193,1763823364.8117332
FOA,2023-04-06,5130102,1763823368.3333874
FOA,2024-11-11,337532,1763823369.6684098
FORA,2021-03-04,187884,1763823370.900339
FORA,2022-12-21,46152,1763823372.0491188
FORTY,2020-03-27,63014,1763823373.2356474
FOSL,2020-06-08,3184439,1763823376.2121396
FOSL,2020-11-12,4395408,1763823379.5148568
FOSL,2021-01-27,7444757,1763823384.487604
FOSL,2021-11-11,6660936,1763823388.8578832
FOSL,2022-11-10,915128,1763823390.4742773
FOSL,2024-12-02,4774266,1763823393.7183945
FOXX,2024-11-25,84078,1763823394.9168892
FOXX,2024-12-05,2457943,1763823397.0830412
FpB,2020-03-19,247219,1763824189.226052
FpB,2020-04-09,226775,1763824190.482195
FpC,2020-03-19,251189,1763824191.702012
FpC,2020-04-09,242223,1763824192.926098
FPF,2020-03-19,617858,1763823398.4650426
FPH,2020-03-19,591715,1763823399.8677704
FRBA,2020-03-17,77142,1763823401.014332
FRD,2021-02-23,190973,1763823402.1985085
FRD,2021-05-25,300467,1763823403.4537094
FRGE,2022-03-25,4070717,1763823406.0684175
FRGE,2022-03-30,5676786,1763823409.138395
FRGE,2022-04-18,1698460,1763823410.7062197
FRGE,2022-04-22,3751693,1763823413.1813252
FRGE,2022-04-26,4081635,1763823416.022988
FRGE,2022-05-02,4018386,1763823419.0555375
FRGE,2022-05-17,2795640,1763823421.4511375
FRGE,2022-08-04,7237116,1763823426.0623717
FRGE,2022-08-30,8248621,1763823430.5083406
FRGE,2022-12-05,1273318,1763823432.147683
FRGE,2024-03-25,4162236,1763823436.3060427
FRGT,2022-07-26,7992909,1763823443.8596964
FRGT,2022-10-25,76408,1763823445.0159726
FRGT,2022-10-26,1080748,1763823446.7329721
FRGT,2022-11-04,1353106,1763823448.5999968
FRGT,2022-11-14,4619952,1763823452.1648192
FRGT,2022-11-16,1617994,1763823453.986893
FRGT,2022-11-21,914761,1763823455.6247542
FRGT,2022-12-29,684897,1763823457.0148182
FRGT,2023-01-04,137892,1763823458.2496688
FRGT,2023-01-26,799068,1763823459.7193806
FRGT,2023-01-27,2963309,1763823462.0598445
FRGT,2023-01-30,5259320,1763823465.3831697
FRGT,2023-03-24,584379,1763823466.8260014
FRGT,2023-04-03,704492,1763823468.376532
FRGT,2023-04-05,2736015,1763823470.7903705
FRGT,2023-04-12,1078366,1763823472.3853035
FRGT,2023-07-05,443118,1763823473.650472
FRGT,2023-08-14,2199423,1763823476.23867
FRGT,2023-12-14,19229086,1763823491.0028946
FRGT,2024-04-26,5770194,1763823495.0211823
FRGT,2024-06-06,24171022,1763823508.9806578
FRGT,2024-09-11,2958751,1763823511.236577
FRGT,2024-09-13,1357501,1763823512.882726
FRGT,2024-09-19,5335039,1763823516.2734427
FRGT,2024-09-25,6960087,1763823520.179825
FRO,2020-03-10,3837659,1763823522.5647688
FROG,2024-02-15,5517875,1763823526.414898
FRSX,2020-03-30,26032,1763823527.546026
FRSX,2020-04-01,155300,1763823528.7595084
FRSX,2020-05-04,845358,1763823530.4309356
FRSX,2020-05-11,1192225,1763823532.8183773
FRSX,2020-06-05,7060129,1763823542.4810095
FRSX,2020-10-15,1779014,1763823546.440547
FRSX,2020-11-23,1199911,1763823548.978026
FRSX,2020-12-04,2734070,1763823554.748107
FRSX,2020-12-11,12477768,1763823575.7175293
FRSX,2020-12-22,5282330,1763823584.486055
FRSX,2020-12-23,21802221,1763823608.1226368
FRSX,2021-01-13,13286988,1763823615.5209348
FRSX,2021-01-15,13393632,1763823623.4136636
FRSX,2021-01-19,7420611,1763823627.4870021
FRSX,2021-03-01,5918877,1763823630.9461057
FRSX,2021-05-17,3145016,1763823633.4850216
FRSX,2022-11-16,482460,1763823634.8092165
FRSX,2024-01-29,832086,1763823636.2406142
FRSX,2024-03-22,2832535,1763823638.5394201
FRSX,2024-12-18,261437,1763823639.823324
FRSX,2024-12-19,620376,1763823641.2553809
FRSX,2024-12-20,2796120,1763823643.332271
FRSX,2024-12-23,3132610,1763823647.4854069
FRSX,2024-12-24,1705533,1763823650.9871793
FRT,2020-11-09,3681991,1763823656.4570193
FSBC,2021-05-05,452515,1763823658.2247329
FSK,2020-03-24,2438144,1763823660.4255013
FSLY,2020-05-07,8411455,1763823673.0277443
FSLY,2023-02-13,10285692,1763823689.943658
FSM,2020-03-16,1921685,1763823694.049302
FTAI,2020-03-19,1373483,1763823697.02324
FTCI,2022-06-06,2685454,1763823701.80954
FTCI,2023-11-09,3367284,1763823705.3172548
FTCI,2024-08-13,352630,1763823706.7128184
FTCI,2024-09-11,16738251,1763823717.7536764
FTCI,2024-12-27,402117,1763823719.2675183
FTEK,2020-05-08,4885771,1763823722.0644243
FTEK,2020-06-29,779701,1763823723.4637873
FTEK,2020-07-07,1965045,1763823725.2289877
FTEK,2020-11-11,19229110,1763823735.3710139
FTEK,2020-11-20,765487,1763823737.4755957
FTEK,2020-11-23,6405874,1763823745.8704226
FTEK,2020-11-24,27290109,1763823768.6486604
FTEK,2021-06-04,1654956,1763823770.5012167
FTEK,2021-10-19,4150660,1763823773.4403718
FTEK,2023-04-24,1318906,1763823775.0174315
FTEL,2023-11-09,71434,1763823776.2076843
FTEL,2023-11-10,213897,1763823777.399868
FTEL,2023-11-29,69936,1763823778.5063963
FTEL,2023-12-07,67006,1763823779.6622167
FTEL,2023-12-27,30555,1763823780.7619789
FTEL,2024-01-17,178607,1763823782.0282822
FTEL,2024-01-18,346426,1763823783.550236
FTEL,2024-01-22,183998,1763823784.836568
FTEL,2024-02-07,82845,1763823786.0008886
FTEL,2024-02-22,114901,1763823787.1949687
FTEL,2024-05-03,883175,1763823789.1658454
FTEL,2024-05-09,353145,1763823790.714846
FTEL,2024-05-30,1744908,1763823793.1044228
FTEL,2024-08-02,365522,1763823794.47987
FTEL,2024-09-11,291398,1763823795.875273
FTEL,2024-09-13,484920,1763823797.3490274
FTEL,2024-09-16,673264,1763823799.1292343
FTEL,2024-10-21,329421,1763823800.9284067
FTEL,2024-10-25,526198,1763823802.6664064
FTEL,2024-11-15,317950,1763823804.213385
FTEL,2024-12-23,671992,1763823805.994218
FTFT,2020-01-30,219077,1763823807.2892427
FTFT,2020-06-10,180069,1763823808.6022127
FTFT,2020-07-14,403503,1763823810.1205478
FTFT,2020-07-16,1702650,1763823812.4815943
FTFT,2020-11-25,585230,1763823814.076577
FTFT,2021-01-04,1309567,1763823815.9518623
FTFT,2021-01-07,33793362,1763823836.5024862
FTFT,2021-01-08,57499262,1763823881.3209617
FTFT,2021-02-12,8890511,1763823896.048501
FTFT,2021-04-01,21283543,1763823915.910685
FTFT,2021-08-06,2498843,1763823918.5060637
FTFT,2021-12-27,3509005,1763823925.4137452
FTFT,2021-12-30,4406933,1763823934.2642767
FTFT,2022-05-27,613136,1763823936.3701622
FTFT,2023-12-20,110466,1763823937.5833995
FTFT,2023-12-27,161857,1763823938.8577678
FTFT,2023-12-28,411575,1763823940.5797338
FTFT,2024-11-11,285197,1763823941.9903276
FTK,2020-03-17,635807,1763823943.7656095
FTK,2020-05-19,744065,1763823945.7032955
FTK,2020-06-08,550032,1763823947.304813
FTK,2020-06-29,507177,1763823948.8962328
FTK,2021-12-28,3637908,1763823952.3150096
FTK,2021-12-29,6273108,1763823957.4648907
FTK,2022-02-17,2184779,1763823959.959582
FTK,2024-03-13,158915,1763823961.2239244
FTRE,2024-11-08,3889423,1763823966.0146384
FUBO,2020-11-11,5480316,1763823970.5422873
FUBO,2020-12-21,17525781,1763823980.4695323
FUBO,2021-01-12,23227968,1763824017.6563451
FUBO,2021-01-27,29099725,1763824035.0767462
FUBO,2022-08-16,25119937,1763824048.0055778
FUBO,2023-05-05,6963298,1763824051.8065002
FUBO,2024-08-19,11374023,1763824058.6313546
FUFU,2024-03-04,6176592,1763824062.4645185
FUFU,2024-03-19,353067,1763824063.8092709
FUFU,2024-06-21,781652,1763824065.2795284
FUFU,2024-06-25,502906,1763824066.7274277
FULC,2020-03-13,147526,1763824068.099734
FULC,2020-05-13,279459,1763824069.3709264
FULC,2021-08-10,26639931,1763824096.6085074
FULC,2021-08-11,41296588,1763824124.1300673
FULC,2023-08-22,16053141,1763824133.5414388
FULC,2024-09-26,2799988,1763824136.198617
FUN,2020-03-24,1205052,1763824137.7786784
FUN,2020-03-25,1800759,1763824139.5068266
FUTU,2021-01-25,10848251,1763824145.5459514
FUTU,2021-02-10,18605817,1763824156.4556441
FUTU,2021-02-16,11405516,1763824162.7574325
FUTU,2022-03-16,16862081,1763824173.2834513
FUTU,2022-06-06,8772406,1763824179.188341
FVCB,2020-03-17,59466,1763824180.3823438
FVRR,2020-03-19,705928,1763824181.8282306
FVRR,2024-10-30,3984039,1763824184.5804393
FYBR,2024-09-04,4924995,1763824187.951862
GAIA,2020-03-19,119114,1763824194.1401665
GAIA,2023-03-07,91946,1763824195.286789
GALT,2020-04-29,226849,1763824196.5255556
GALT,2020-04-30,580524,1763824197.9521794
GALT,2020-09-28,968396,1763824199.4518166
GALT,2021-04-06,2931430,1763824201.9393826
GALT,2021-04-14,6755735,1763824206.2850459
GALT,2021-04-22,1494452,1763824208.020795
GALT,2021-07-09,14835672,1763824217.126697
GALT,2022-06-01,97971,1763824218.481146
GALT,2024-12-27,965911,1763824220.4485724
GAMB,2021-08-26,853497,1763824222.304417
GAMB,2021-08-27,4349184,1763824226.4734156
GAME,2021-11-24,4563819,1763824230.7258818
GAME,2022-07-06,78441,1763824231.889158
GAME,2022-12-12,470373,1763824233.361352
GAME,2022-12-14,503580,1763824234.876087
GAME,2022-12-15,457724,1763824236.4886327
GAME,2023-02-01,673884,1763824238.099083
GAME,2023-04-10,140064,1763824239.291343
GAME,2024-01-23,137119,1763824240.506272
GAME,2024-10-17,434620,1763824242.0110793
GANX,2022-04-12,855072,1763824243.7642393
GANX,2024-01-02,99529,1763824244.9553955
GANX,2024-10-16,269934,1763824246.3285215
GAUZ,2024-07-15,324706,1763824247.8334086
GBIO,2023-01-04,368509,1763824249.2831123
GBIO,2023-03-23,3168480,1763824252.5004613
GBIO,2023-11-03,539141,1763824254.1047463
GBIO,2023-12-01,588732,1763824255.7010772
GBIO,2024-05-14,221370,1763824256.9946136
GBLI,2020-03-17,53631,1763824258.125783
GBLI,2020-08-28,590355,1763824259.6979642
GBX,2020-04-07,1088708,1763824261.489736
GBX,2023-06-29,2028162,1763824263.6372335
GCBC,2020-03-13,44010,1763824264.778826
GCBC,2020-03-16,45513,1763824265.880721
GCO,2020-03-19,1485960,1763824267.7566297
GCT,2022-08-19,26319690,1763824298.4865654
GCT,2022-08-24,9268078,1763824314.132496
GCT,2022-09-01,8723153,1763824320.4008877
GCT,2022-11-07,8794491,1763824326.5363204
GCT,2022-11-28,890056,1763824329.1360044
GCT,2023-05-24,12978017,1763824341.536461
GCTK,2022-04-04,193723,1763824342.8058214
GCTK,2022-07-22,23837,1763824343.8881443
GCTK,2023-03-24,40957,1763824344.9863975
GCTK,2023-04-05,26006,1763824346.0811553
GCTK,2023-04-06,4095557,1763824348.9288683
GCTK,2023-04-10,13031958,1763824356.5261304
GCTK,2023-04-12,5917353,1763824360.0265553
GCTK,2023-04-25,1456043,1763824361.7333984
GCTK,2023-05-03,473408,1763824363.0507517
GCTK,2023-05-04,879257,1763824364.5692606
GCTK,2023-11-10,246080,1763824365.7792292
GCTK,2024-01-02,158206,1763824366.9156108
GCTK,2024-04-16,77431,1763824368.0626454
GCTK,2024-04-17,126994,1763824369.2376838
GCTK,2024-04-29,72504,1763824370.4080822
GCTK,2024-05-31,62670,1763824371.5059395
GCTK,2024-11-05,1031267,1763824373.0516598
GCTK,2024-11-08,96989,1763824374.2226062
GCTK,2024-12-20,71837,1763824375.359951
GCTS,2024-04-05,14863594,1763824383.238571
GDC,2023-01-12,110491,1763824384.5099738
GDC,2023-02-06,1067117,1763824386.0254188
GDC,2023-04-13,21224,1763824387.1121426
GDC,2023-05-01,11035871,1763824393.5467322
GDC,2023-05-03,12556971,1763824400.8776035
GDC,2023-05-04,12389128,1763824407.8068237
GDC,2023-05-15,1092373,1763824409.5896018
GDC,2023-05-16,16625165,1763824441.9551337
GDC,2023-05-30,732341,1763824444.6580865
GDC,2023-08-28,13289731,1763824462.1002986
GDC,2023-09-05,5211396,1763824466.2631638
GDC,2023-11-20,2182978,1763824468.506948
GDC,2023-12-13,160615,1763824469.7167923
GDC,2024-07-05,113584,1763824470.8826027
GDC,2024-08-21,16566772,1763824481.7669415
GDC,2024-08-22,30025347,1763824510.1018798
GDC,2024-08-23,22210528,1763824523.0259151
GDC,2024-11-11,1615474,1763824524.8795815
GDC,2024-11-12,1899780,1763824526.6702335
GDEN,2020-03-24,475805,1763824528.0807116
GDEN,2020-03-25,757758,1763824529.5375712
GDEV,2021-09-17,2276929,1763824531.4150784
GDEV,2023-03-29,87269,1763824532.5837653
GDEV,2023-03-31,116459,1763824533.7865443
GDEV,2023-04-19,44555,1763824534.9146488
GDEV,2023-09-27,35549,1763824536.0817375
GDEV,2024-09-09,56950,1763824537.2684247
GDEV,2024-10-01,58196,1763824538.389367
GDEVW,2021-09-17,66272,1763824539.5289774
GDHG,2023-04-28,73094,1763824540.6765208
GDHG,2023-09-08,344649,1763824541.895893
GDHG,2023-09-25,442673,1763824543.3361714
GDHG,2023-11-02,360539,1763824544.6654756
GDHG,2024-01-29,228705,1763824546.0855193
GDHG,2024-02-08,587014,1763824547.524778
GDHG,2024-04-30,386291,1763824548.8484848
GDHG,2024-06-12,11696537,1763824555.0842354
GDHG,2024-07-01,5226192,1763824560.167565
GDHG,2024-08-16,982906,1763824561.7651298
GDHG,2024-09-20,10311400,1763824567.275877
GDHG,2024-12-30,487365,1763824568.8003435
GDOT,2020-03-13,2032894,1763824570.632231
GDRX,2022-08-09,8305313,1763824576.1237853
GDRX,2023-07-31,6245525,1763824581.7054067
GDS,2022-03-16,4507791,1763824586.0752244
GDS,2024-03-11,2068280,1763824588.3130126
GDTC,2023-07-11,10182939,1763824594.902372
GDTC,2023-07-13,557789,1763824596.4655404
GDTC,2024-10-23,81926,1763824597.5941596
GDTC,2024-12-04,65113,1763824598.8064134
GDYN,2021-11-05,1048548,1763824600.4325283
GDYN,2022-03-16,1327169,1763824602.3521197
GDYN,2022-03-29,2479456,1763824604.9153976
GEG,2021-03-02,1554574,1763824606.8193188
GEL,2020-03-10,1937101,1763824608.8560822
GEL,2020-03-13,1380367,1763824610.5901916
GEL,2020-03-19,1716671,1763824612.5386336
GEL,2020-03-20,2712006,1763824614.9313788
GEL,2020-03-31,1647633,1763824616.9854808
GELS,2024-12-02,475747,1763824618.3718202
GELS,2024-12-09,2508603,1763824620.8028986
GELS,2024-12-10,5055523,1763824624.5518723
GELS,2024-12-19,183433,1763824625.871936
GEN,2020-03-13,218916,1763824627.1087842
GEN,2020-05-22,1153079,1763824628.8149788
GEN,2020-05-26,598050,1763824630.2116072
GEN,2022-11-08,1388168,1763824632.2769656
GENI,2023-07-06,5246419,1763824638.797336
GEO,2021-06-09,32272809,1763824658.9168916
GEO,2024-11-06,10269174,1763824664.300735
GEOS,2020-03-17,154574,1763824665.5437686
GERN,2020-05-18,2972845,1763824668.2853687
GERN,2021-06-18,17464799,1763824678.8745332
GERN,2022-08-04,2017431,1763824680.9515681
GERN,2023-01-04,15206565,1763824690.057499
GERN,2024-03-15,11905107,1763824697.0509708
GERN,2024-06-07,16527363,1763824706.626699
GES,2020-03-19,5458875,1763824709.8457248
GES,2020-03-24,2875341,1763824711.8278904
GES,2023-08-24,4850412,1763824715.5118933
GETY,2022-07-29,8613137,1763824719.7711167
GETY,2022-10-31,3636864,1763824722.1392767
GETY,2022-11-14,1749475,1763824723.7901225
GETY,2023-01-31,736775,1763824725.1665132
GETY,2023-04-24,8101215,1763824729.4593976
GEVO,2020-04-28,256755,1763824730.6862347
GEVO,2020-08-20,54973940,1763824764.7335896
GEVO,2020-08-28,12055086,1763824773.5626037
GEVO,2020-09-29,2758458,1763824776.9136724
GEVO,2020-11-23,8085171,1763824787.3048146
GEVO,2020-11-24,13267656,1763824795.910998
GEVO,2020-12-24,11062332,1763824802.6363416
GEVO,2020-12-28,8356539,1763824810.92373
GEVO,2021-01-19,23025859,1763824823.7046728
GEVO,2021-01-25,26499882,1763824838.4706552
GEVO,2021-09-09,23435308,1763824854.0879674
GEVO,2022-03-08,5338165,1763824857.5431912
GEVO,2024-09-12,1577722,1763824859.3489165
GEVO,2024-09-13,2737704,1763824861.514842
GEVO,2024-09-17,5412784,1763824865.9070263
GEVO,2024-10-17,9704917,1763824871.3549871
GEVO,2024-12-26,2381322,1763824873.631083
GFAI,2021-10-29,18951923,1763824885.0062068
GFAI,2021-11-30,3100331,1763824887.7914326
GFAI,2022-01-14,14022847,1763824895.9429536
GFAI,2022-02-22,958412,1763824897.439003
GFAI,2022-02-25,1913837,1763824899.34193
GFAI,2022-03-11,12285004,1763824906.3190665
GFAI,2022-03-14,14285741,1763824914.3776045
GFAI,2022-03-15,6984999,1763824918.932808
GFAI,2022-03-21,2405185,1763824921.0978203
GFAI,2022-03-25,1143116,1763824922.7395897
GFAI,2022-03-29,6761850,1763824926.9125545
GFAI,2022-04-21,2623656,1763824929.0322733
GFAI,2022-05-17,671293,1763824931.1163962
GFAI,2022-05-24,3193742,1763824935.2532043
GFAI,2022-07-22,2516894,1763824937.838856
GFAI,2022-08-31,931077,1763824939.4449482
GFAI,2022-09-01,3892957,1763824943.0094469
GFAI,2023-01-03,436983,1763824944.6117854
GFAI,2023-01-12,292616,1763824945.9569697
GFAI,2023-01-13,1049338,1763824947.8761573
GFAI,2023-01-26,917530,1763824949.7870672
GFAI,2023-01-27,1911158,1763824952.419776
GFAI,2023-02-03,2093926,1763824954.868946
GFAI,2023-02-06,4681032,1763824958.803499
GFAI,2023-02-08,6114609,1763824963.7696095
GFAI,2023-03-03,481773,1763824965.2155435
GFAI,2023-03-31,980760,1763824966.9249952
GFAI,2023-04-03,15294736,1763824980.2948034
GFAI,2023-04-06,9246830,1763824986.527282
GFAI,2023-04-10,6265653,1763824991.3749971
GFAI,2023-04-12,11341523,1763825000.0016007
GFAI,2023-05-04,8055720,1763825005.2454858
GFAI,2023-07-20,14671765,1763825014.7954988
GFAI,2023-07-21,29937160,1763825035.8259642
GFAI,2024-02-27,870784,1763825038.1351848
GFAI,2024-12-26,1032468,1763825040.0569017
GFAIW,2021-10-05,14472,1763825041.1514356
GFAIW,2021-10-29,136695,1763825042.3907208
GFAIW,2023-04-12,47820,1763825043.561649
GFAIW,2023-04-13,146923,1763825044.862056
GFF,2020-07-31,662716,1763825046.5812266
GFI,2020-03-16,4985746,1763825050.5326931
GGR,2022-05-31,1047500,1763825052.0568087
GGR,2024-05-06,247497,1763825053.3571544
GGR,2024-10-03,1304724,1763825055.0204687
GGROW,2022-06-23,64419,1763825056.156925
GGROW,2022-06-24,136871,1763825057.398368
GGT,2020-03-24,115798,1763825058.6286254
GH,2024-11-07,4705400,1763825061.8916698
GHRS,2021-10-29,271197,1763825063.278388
GHRS,2022-11-22,99288,1763825064.4247508
GHRS,2023-03-24,335867,1763825065.7596173
GIFI,2024-03-08,251540,1763825067.0253072
GIGGW,2021-04-19,16345,1763825068.1304739
GIGGW,2021-11-15,112809,1763825069.3146982
GIGM,2020-05-20,118803,1763825070.5185928
GIGM,2020-12-08,491154,1763825071.842222
GIGM,2021-03-24,3964035,1763825074.547582
GIGM,2022-08-15,1863238,1763825076.6927755
GIII,2020-03-19,2605290,1763825078.904671
GIII,2020-04-06,1544784,1763825080.754918
GIII,2020-04-07,2380610,1763825082.8401773
GILT,2021-01-19,2640781,1763825084.8648846
GILT,2021-01-25,4135294,1763825087.886999
GIPRW,2021-10-12,15016,1763825089.017232
GIPRW,2022-12-02,54435,1763825090.125052
GIPRW,2023-04-18,17261,1763825091.210792
GITS,2024-12-19,531378,1763825092.6722357
GLAD,2020-03-25,333287,1763825094.0801723
GLAD,2020-03-26,414572,1763825095.4865522
GLBS,2020-03-04,1606490,1763825097.3209953
GLBS,2020-03-13,1936536,1763825099.0494132
GLBS,2020-03-17,469290,1763825100.4169252
GLBS,2020-03-25,234609,1763825101.6729844
GLBS,2020-03-27,499316,1763825103.0914953
GLBS,2020-03-30,983250,1763825104.622406
GLBS,2020-06-12,277191,1763825105.8870268
GLBS,2020-09-28,2314898,1763825107.7533126
GLBS,2020-10-22,2210067,1763825109.7080936
GLBS,2021-02-16,1980334,1763825111.6823208
GLBZ,2023-05-03,17193,1763825112.8019416
GLDD,2024-05-07,940076,1763825114.4253795
GLMD,2020-07-15,182194,1763825115.6117861
GLMD,2021-02-11,1055018,1763825117.1652727
GLMD,2021-08-02,1363704,1763825118.779974
GLMD,2022-06-28,78855,1763825119.9426184
GLMD,2022-12-21,142447,1763825121.130688
GLMD,2022-12-22,190901,1763825122.3567202
GLMD,2023-01-03,52735,1763825123.4378488
GLMD,2023-05-05,1438415,1763825125.0829892
GLMD,2023-07-12,1534598,1763825126.9835792
GLMD,2023-10-02,223107,1763825128.2370503
GLMD,2024-08-21,2348250,1763825130.5297525
GLMD,2024-09-17,34849653,1763825152.8187106
GLMD,2024-09-19,17586459,1763825165.7573063
GLMD,2024-09-20,19747903,1763825182.3656428
GLNG,2020-03-10,1900319,1763825184.6910064
GLOPpA,2020-03-13,79233,1763825185.8814337
GLOPpA,2020-03-19,57642,1763825187.0198832
GLOPpB,2020-03-13,84681,1763825188.223395
GLOPpB,2020-03-19,45627,1763825189.355348
GLOPpB,2020-04-08,60507,1763825190.478237
GLOPpC,2020-03-13,88279,1763825191.6792302
GLOPpC,2020-03-19,76481,1763825192.8784826
GLOW,2020-03-03,98560,1763825194.005668
GLOW,2024-06-21,10461,1763845384.0008078
GLP,2020-03-19,277809,1763825196.3158498
GLSI,2020-11-16,21660,1763825197.4164298
GLSI,2020-12-09,11525771,1763825205.01691
GLSI,2020-12-10,18291708,1763825217.3259552
GLSI,2020-12-15,4403906,1763825220.645271
GLSI,2021-01-07,891757,1763825222.2560754
GLSI,2021-03-08,4477737,1763825225.7244122
GLSI,2021-04-06,3150677,1763825229.4141634
GLSI,2021-04-09,5711115,1763825234.804804
GLSI,2022-06-09,345198,1763825236.227808
GLSI,2022-07-12,2883942,1763825239.1765337
GLSI,2024-02-14,231987,1763825240.4684727
GLTO,2021-06-10,2857163,1763825243.4788532
GLTO,2022-06-03,275158,1763825244.954158
GLTO,2023-07-25,822986,1763825246.8148444
GLTO,2023-09-27,1894863,1763825249.29515
GLUE,2024-10-28,25796117,1763825270.8208423
GLXG,2024-09-18,281426,1763825272.277831
GLXG,2024-10-10,1740490,1763825274.24889
GLXG,2024-12-06,613389,1763825275.8233852
GLXG,2024-12-09,756980,1763825277.5109937
GME,2020-04-14,5633915,1763825281.8532205
GME,2020-08-31,8946450,1763825288.533079
GME,2020-10-08,15294639,1763825298.0981627
GME,2021-01-13,35029307,1763825320.0867684
GME,2021-01-14,57898345,1763825354.4332297
GME,2021-01-22,81549135,1763825408.234484
GME,2021-01-25,165387470,1763825505.5598028
GME,2021-01-26,208269237,1763825662.1032836
GME,2021-01-27,253620839,1763825828.6773775
GME,2021-01-28,235169390,1763825966.4678657
GME,2021-01-29,203959088,1763826129.9940233
GME,2021-02-05,120010611,1763826272.8501961
GME,2021-02-24,78827448,1763826338.03883
GME,2021-02-25,235009595,1763826637.1937065
GME,2021-02-26,252774013,1763826802.505484
GME,2021-03-01,131088363,1763826932.971703
GME,2021-03-08,109396700,1763826997.3210196
GME,2021-03-10,158493709,1763827119.7410188
GME,2021-03-25,81842598,1763827203.1835744
GME,2021-08-24,19383815,1763827213.6601498
GME,2022-03-22,16359921,1763827221.825568
GME,2022-05-12,16229443,1763827229.800106
GME,2023-03-22,31915873,1763827264.4605417
GME,2023-11-29,22268714,1763827293.9052074
GME,2024-05-03,14989508,1763827307.897087
GME,2024-05-13,87038766,1763827404.2446394
GME,2024-05-14,201386434,1763827626.9809728
GME,2024-05-28,34813466,1763827651.670359
GME,2024-06-03,84882313,1763827715.8907526
GME,2024-06-06,114033726,1763827777.6742353
GMGI,2022-03-15,75427,1763827779.5272615
GMGI,2023-01-05,57965,1763827780.6891036
GMGI,2023-06-29,74850,1763827781.8731933
GMGI,2023-08-22,125866,1763827783.0912638
GMM,2023-10-23,143250,1763827784.2996902
GMM,2023-10-30,945588,1763827785.7532198
GMM,2024-03-11,262891,1763827787.0306222
GMM,2024-04-30,12330488,1763827794.40508
GMM,2024-07-02,5455463,1763827797.9730947
GMM,2024-10-28,8776965,1763827803.2528093
GMM,2024-11-27,610486,1763827804.9304898
GNLN,2020-03-19,158925,1763827806.1964693
GNLN,2020-04-27,192432,1763827807.513998
GNLN,2021-01-06,496113,1763827808.8611422
GNLN,2021-03-31,4157727,1763827811.8920636
GNLN,2022-03-25,2791357,1763827814.0864713
GNLN,2022-06-24,1603531,1763827815.9998765
GNLN,2022-12-09,194883,1763827817.2710187
GNLN,2024-03-18,44047,1763827818.4439437
GNLN,2024-08-07,1745802,1763827820.4788976
GNLN,2024-08-12,20425634,1763827834.0546951
GNLN,2024-08-14,12240131,1763827841.6427135
GNLN,2024-09-16,3174106,1763827844.0948732
GNLN,2024-10-28,16151277,1763827854.8828876
GNLN,2024-11-07,2688600,1763827858.1022503
GNLN,2024-12-23,156641,1763827859.3721132
GNLpA,2020-03-19,86261,1763827868.0250175
GNLX,2023-03-06,653953,1763827861.1034465
GNLX,2023-03-07,1213908,1763827863.8691082
GNLX,2023-03-14,258384,1763827865.2778356
GNLX,2023-03-16,410348,1763827866.8246908
GNPX,2020-01-07,342687,1763827869.50647
GNPX,2020-01-21,7317605,1763827877.6710093
GNPX,2020-01-22,11940682,1763827888.7034602
GNPX,2020-01-29,2946349,1763827892.3637974
GNPX,2020-02-11,2542693,1763827895.7841816
GNPX,2020-02-13,5010739,1763827900.966888
GNPX,2020-02-14,16947465,1763827913.5841105
GNPX,2020-03-17,2025151,1763827915.6331277
GNPX,2020-04-22,848524,1763827917.1195028
GNPX,2020-05-05,11661378,1763827924.063347
GNPX,2020-12-22,2070566,1763827926.1108656
GNPX,2022-01-03,23329653,1763827943.1062844
GNPX,2024-01-08,155270,1763827944.5792594
GNPX,2024-01-29,335061,1763827946.079166
GNPX,2024-02-05,2052915,1763827948.5024793
GNPX,2024-03-06,270142,1763827949.8494594
GNPX,2024-05-31,1058240,1763827951.6443264
GNPX,2024-08-14,1102063,1763827953.650671
GNPX,2024-09-09,91605,1763827954.8095233
GNPX,2024-10-21,29684026,1763827976.7113311
GNPX,2024-10-22,60670000,1763828015.081969
GNPX,2024-10-28,3911080,1763828019.000787
GNPX,2024-11-12,3571927,1763828022.0025744
GNSS,2020-03-16,67403,1763828023.190046
GNSS,2024-02-12,261274,1763828024.409032
GNTA,2024-04-18,15784,1763828025.5317419
GNTA,2024-07-18,359502,1763828026.817988
GNW,2020-08-31,5769640,1763828030.2320893
GOCO,2022-08-12,1577824,1763828031.9570332
GOCO,2023-05-08,124939,1763828033.1608057
GOCO,2024-08-23,147346,1763828034.4628863
GOGO,2020-03-13,1397584,1763828036.974808
GOGO,2020-03-20,1112655,1763828039.263173
GOGO,2020-09-01,12541243,1763828048.6327002
GOGO,2020-09-02,23704984,1763828064.9765735
GOGO,2021-09-28,11819836,1763828072.445609
GOGO,2024-11-05,4102546,1763828076.290337
GOOD,2020-03-19,566462,1763828077.761028
GOODN,2020-03-19,24890,1763828078.8489876
GORV,2024-09-16,67732,1763828080.0305972
GORV,2024-11-14,1269456,1763828081.6631744
GORV,2024-11-15,2526270,1763828083.972954
GOSS,2022-07-13,2837412,1763828086.6344776
GOSS,2022-12-16,2802360,1763828089.3590052
GOSS,2023-03-20,2263068,1763828091.65821
GOSS,2024-06-25,2032433,1763828093.5854537
GOSS,2024-12-12,1497954,1763828095.3253229
GOTU,2021-09-22,5295408,1763828099.04715
GOTU,2021-10-11,5333628,1763828101.9506528
GOTU,2021-12-30,3022288,1763828104.0449882
GOTU,2022-03-16,2246208,1763828105.9158738
GOTU,2022-06-08,2641488,1763828107.9334574
GOTU,2022-11-15,797560,1763828109.3914776
GOTU,2023-01-03,1277810,1763828110.857442
GOTU,2024-02-27,9629643,1763828117.4067042
GOTU,2024-09-26,2289370,1763828119.3693173
GOVX,2020-10-26,5128485,1763828122.2691717
GOVX,2020-12-09,5875920,1763828125.8788304
GOVX,2020-12-15,1479247,1763828127.6382644
GOVX,2021-01-11,9991822,1763828132.9870982
GOVX,2021-02-08,972862,1763828134.8445098
GOVX,2021-04-09,4541438,1763828137.6545243
GOVX,2021-08-20,21551168,1763828150.9360852
GOVX,2021-11-16,7098343,1763828154.9644575
GOVX,2022-04-26,2583164,1763828157.444616
GOVX,2022-05-20,3036491,1763828159.845452
GOVX,2022-05-23,20582235,1763828172.5328183
GOVX,2022-05-24,34062423,1763828192.183854
GOVX,2022-06-14,1020558,1763828193.9791634
GOVX,2022-07-25,14417523,1763828201.6636784
GOVX,2022-07-26,28539846,1763828218.2176576
GOVX,2022-07-29,22675017,1763828232.1119244
GOVX,2022-08-01,28017987,1763828247.8128755
GOVX,2022-08-04,12086717,1763828254.2337213
GOVX,2022-09-09,6188796,1763828257.9335904
GOVX,2023-01-25,5246375,1763828262.390818
GOVX,2024-06-18,7242728,1763828266.8894682
GOVX,2024-06-21,3856713,1763828269.477391
GOVX,2024-06-24,3111162,1763828271.6703546
GOVX,2024-06-27,17041552,1763828280.2151883
GOVX,2024-07-10,750831,1763828281.7848337
GOVX,2024-08-14,1751868,1763828283.5891278
GOVX,2024-08-16,25445343,1763828307.1630492
GOVX,2024-08-19,32894536,1763828326.0252383
GOVX,2024-08-21,7563987,1763828331.2970448
GOVX,2024-11-11,4806714,1763828334.4792268
GP,2020-11-16,2955594,1763828336.545098
GP,2020-12-28,1298267,1763828338.4035406
GP,2022-10-26,520109,1763828341.0670733
GP,2023-01-17,397561,1763828343.0529728
GP,2023-07-17,9291974,1763828361.778117
GP,2024-09-24,136327,1763828363.0672727
GP,2024-10-25,538657,1763828364.470237
GPCR,2023-09-29,5452835,1763828369.009495
GPCR,2024-06-03,5818635,1763828379.0144322
GPI,2020-03-19,1193510,1763828380.866244
GPMT,2020-03-26,10704245,1763828396.0465238
GPMT,2020-04-06,1706537,1763828399.9412875
GPMT,2020-04-07,1810445,1763828403.4635131
GPMT,2020-04-08,2469774,1763828407.7802315
GPMT,2020-04-09,3910612,1763828414.1822786
GPOR,2020-03-13,1662441,1763828418.5915296
GPOR,2020-04-21,2973281,1763828423.8598409
GPOR,2020-06-08,2797099,1763828428.7102282
GPOR,2021-05-18,16476,1763828429.7775722
GPRE,2020-05-20,1487113,1763828432.1258078
GPRO,2020-03-19,3405198,1763828437.3546426
GPRO,2020-10-07,5792800,1763828446.0925438
GPRO,2020-11-06,5229871,1763828452.276545
GRAB,2022-05-19,11943055,1763828484.1892674
GRABW,2022-03-15,18176,1763828485.361838
GRABW,2022-03-16,21253,1763828486.4442852
GREE,2021-09-29,10126802,1763828504.3079705
GREE,2021-10-29,9619098,1763828519.4347818
GREE,2022-04-01,5335067,1763828527.2073586
GREE,2022-12-19,364592,1763828528.572477
GREE,2022-12-28,235114,1763828529.912222
GREE,2023-01-04,452497,1763828531.4107258
GREE,2023-01-09,591149,1763828532.8480551
GREE,2023-01-12,1317018,1763828534.5168726
GREE,2023-01-13,1814027,1763828536.247716
GREE,2023-04-11,362598,1763828537.6732845
GREE,2023-04-13,485589,1763828539.0107172
GREE,2023-06-14,4858714,1763828542.0725236
GREE,2023-06-16,1188870,1763828543.685169
GREE,2023-07-03,405634,1763828545.0599194
GREE,2023-07-07,797356,1763828546.5247514
GREE,2023-07-10,1146576,1763828548.13704
GREE,2023-07-13,1037440,1763828549.7583055
GREE,2023-12-27,1457491,1763828552.9510064
GREE,2024-02-08,282655,1763828554.3919826
GREE,2024-11-15,12453278,1763828570.4459112
GREEL,2022-11-22,66472,1763828571.6318276
GREEL,2023-01-04,20140,1763828573.790617
GREEL,2023-01-09,27770,1763828574.8746789
GREEL,2023-01-12,49614,1763828575.9677482
GREEL,2023-01-17,37379,1763828577.0474293
GREEL,2023-02-02,32988,1763828578.2626133
GRI,2023-04-27,185756,1763828579.6813352
GRI,2023-08-23,890126,1763828583.2580347
GRI,2023-09-01,543090,1763828585.3447459
GRI,2023-12-01,673902,1763828587.6304731
GRI,2023-12-04,949422,1763828590.7870035
GRI,2024-01-29,198591,1763828592.253821
GRI,2024-01-30,882118,1763828594.9082117
GRI,2024-02-01,6277560,1763828605.5112786
GRI,2024-06-25,390304,1763828607.1039665
GRI,2024-07-23,1267998,1763828609.2396212
GRI,2024-09-24,402482,1763828610.7089076
GRI,2024-10-16,1387596,1763828612.779719
GRI,2024-10-18,2662494,1763828615.3891733
GRI,2024-10-21,19124851,1763828628.5312796
GRI,2024-10-30,1489144,1763828630.6376216
GRI,2024-10-31,2248712,1763828632.9979472
GRI,2024-11-01,5438495,1763828636.3053513
GRIN,2020-03-27,35193,1763828637.439094
GRIN,2020-03-31,170941,1763828638.700437
GRIN,2020-08-03,187349,1763828639.886359
GRIN,2021-01-29,52917,1763828640.9791186
GRIN,2021-02-12,77353,1763828642.1349158
GRND,2022-11-22,4142861,1763828645.6451347
GRNQ,2020-03-03,29560,1763828646.7560081
GRNQ,2020-03-16,24432,1763828648.1513631
GRNQ,2020-04-27,25420,1763828649.2434063
GRNQ,2020-05-11,80793,1763828650.3631654
GRNQ,2020-05-22,935309,1763828652.5001035
GRNQ,2020-05-26,202165,1763828653.953181
GRNQ,2020-05-27,10662335,1763828664.4358215
GRNQ,2020-06-22,260381,1763828665.8258927
GRNQ,2020-08-18,17090354,1763828687.967692
GRNQ,2020-09-29,2431840,1763828691.6739368
GRNQ,2020-10-05,18112965,1763828703.7380893
GRNQ,2020-12-16,648182,1763828705.2031262
GRNQ,2020-12-28,11130116,1763828711.5302596
GRNQ,2021-01-07,1527283,1763828713.3105311
GRNQ,2021-01-08,4758471,1763828716.453512
GRNQ,2021-02-11,1796426,1763828718.4917693
GRNQ,2021-02-17,3109736,1763828720.9098365
GRNQ,2021-07-09,728376,1763828722.413813
GRNQ,2021-07-26,427459,1763828723.7656922
GRNQ,2021-08-04,464277,1763828725.1144993
GRNQ,2021-08-20,12522275,1763828732.5500531
GRNQ,2021-08-23,15721083,1763828741.7104228
GRNQ,2021-10-25,18396630,1763828772.6538205
GRNQ,2022-08-04,2679525,1763828776.0575092
GRNQ,2022-08-23,214782,1763828777.3369913
GRNQ,2022-08-31,6350205,1763828782.5171595
GRNQ,2024-02-14,41739,1763828783.6536987
GRNQ,2024-07-15,2263198,1763828786.0050673
GRNQ,2024-11-12,55811,1763828787.1595733
GRNT,2022-10-26,352299,1763828788.6196468
GROV,2022-06-29,808652,1763828790.9516897
GROV,2022-07-07,11070940,1763828807.7682128
GROV,2022-08-10,1944162,1763828811.763092
GROV,2022-09-06,488648,1763828813.5001607
GROV,2022-09-27,3189849,1763828818.2799883
GROV,2022-12-27,2197451,1763828821.5829227
GROV,2022-12-30,1076265,1763828824.395617
GROV,2023-01-09,994388,1763828826.4708433
GROV,2023-02-07,2479578,1763828830.2057643
GROV,2023-04-04,907599,1763828832.3957658
GROV,2023-08-15,2007423,1763828835.666669
GROV,2024-11-27,312927,1763828837.0698087
GROW,2021-04-05,522157,1763828838.9086494
GRPN,2020-03-19,4110612,1763828845.9760962
GRPN,2020-03-24,4759938,1763828854.1477792
GRPN,2020-03-27,10399501,1763828872.5532203
GRPN,2020-08-07,12028836,1763828889.5730214
GRPN,2021-03-01,5597828,1763828896.0102062
GRPN,2024-05-10,3148347,1763828899.452035
GRRR,2022-07-15,246360,1763828900.698495
GRRR,2022-12-21,92491,1763828901.8655763
GRRR,2022-12-28,1615315,1763828903.5044248
GRRR,2022-12-30,511358,1763828904.9407563
GRRR,2023-01-03,1991375,1763828906.6586573
GRRR,2023-01-19,1344784,1763828908.2457025
GRRR,2023-03-27,354771,1763828909.4946795
GRRR,2023-07-07,29378700,1763828925.7258887
GRRR,2023-07-10,41321732,1763828948.2413254
GRRR,2023-07-20,11606384,1763828954.5941246
GRRR,2023-08-08,8399502,1763828959.1497686
GRRR,2024-02-05,10726120,1763828964.4966955
GRRR,2024-04-04,2582604,1763828966.5705786
GRRR,2024-09-12,3077198,1763828968.987133
GRRR,2024-12-30,5453705,1763828972.26106
GRRRW,2024-12-30,229508,1763828973.4924908
GRRRW,2024-12-31,290845,1763828974.8270032
GRWG,2020-08-13,5021238,1763828977.9333856
GRWG,2022-11-08,4513985,1763828980.9524362
GRWG,2023-05-10,1318827,1763828982.7416005
GRWG,2024-04-30,1458956,1763828984.4551024
GSAT,2020-03-24,803512,1763828985.881433
GSAT,2020-06-18,4369056,1763828988.5524452
GSAT,2020-07-06,7962655,1763828992.1723368
GSAT,2021-01-08,8848466,1763828996.6096902
GSAT,2021-01-12,12598352,1763829013.8320317
GSAT,2021-01-13,18792194,1763829041.702398
GSAT,2021-01-20,14857648,1763829054.438199
GSAT,2021-01-25,15072582,1763829062.354924
GSAT,2021-02-09,21331659,1763829075.016301
GSAT,2021-02-10,43898718,1763829124.401961
GSAT,2021-04-26,8108257,1763829132.2544332
GSAT,2021-08-30,33742624,1763829168.2051136
GSAT,2021-09-08,21645602,1763829181.4140117
GSAT,2022-09-07,12212501,1763829187.380235
GSAT,2023-08-29,4372621,1763829190.2083592
GSAT,2024-11-01,14893274,1763829198.183894
GSAT,2024-11-04,21394609,1763829209.434809
GSBD,2020-03-19,684208,1763829211.0453923
GSHD,2024-07-25,1696973,1763829212.8569427
GSIT,2023-03-31,47034,1763829213.99182
GSIT,2023-05-12,18303314,1763829224.8935375
GSIT,2023-05-15,32290118,1763829264.7485466
GSIT,2023-05-18,5522405,1763829268.4138787
GSIT,2023-06-01,2707388,1763829272.0901873
GSIT,2023-11-06,262343,1763829273.580363
GSIT,2023-12-07,487832,1763829275.5177443
GSIT,2024-02-27,348082,1763829277.217493
GSIT,2024-02-29,1054502,1763829279.5309677
GSIT,2024-04-02,1841464,1763829284.2181628
GSIW,2023-12-06,343540,1763829285.7188058
GSIW,2023-12-19,100629,1763829286.9349272
GSIW,2024-01-16,81427,1763829288.0688581
GSIW,2024-09-19,19289813,1763829321.8697245
GSIW,2024-09-30,5206429,1763829330.7423203
GSIW,2024-10-02,3259029,1763829337.550493
GSIW,2024-10-04,2188661,1763829341.6938815
GSIW,2024-10-07,5576190,1763829350.4369347
GSLpB,2020-03-19,49436,1763829351.6640885
GSLpB,2020-03-26,31245,1763829353.0549974
GSM,2020-01-14,360951,1763829355.1078928
GSM,2020-11-23,2043869,1763829358.7535233
GSM,2020-12-03,1350659,1763829361.2788973
GSM,2021-02-01,4662092,1763829370.5715418
GSM,2021-02-02,10127320,1763829387.0982103
GSUN,2022-06-23,791147,1763829389.3997738
GSUN,2022-08-03,255318,1763829390.838449
GSUN,2022-08-18,766824,1763829393.958523
GSUN,2022-08-19,977775,1763829396.4853723
GSUN,2022-08-24,925900,1763829399.0262282
GSUN,2022-08-25,1986829,1763829403.4999099
GSUN,2022-09-23,1490938,1763829407.0480409
GSUN,2022-09-29,735872,1763829408.9192712
GSUN,2022-11-18,1246124,1763829411.1553655
GSUN,2022-12-12,336901,1763829412.6068976
GSUN,2023-01-05,563654,1763829414.2529733
GSUN,2023-01-06,2954436,1763829418.8573363
GSUN,2023-01-10,3695964,1763829425.0974832
GSUN,2023-02-01,7796757,1763829435.4259014
GSUN,2023-02-07,7301979,1763829441.1007917
GSUN,2023-02-09,3852951,1763829444.0181293
GSUN,2023-04-28,4234589,1763829446.8135564
GSUN,2023-08-09,85602,1763829447.9700747
GSUN,2023-12-19,49646,1763829449.059075
GSUN,2024-01-24,139121,1763829450.2210007
GSUN,2024-02-02,146288,1763829451.4300432
GSUN,2024-05-07,15062753,1763829460.2832813
GSUN,2024-07-23,419171,1763829461.7140636
GSUN,2024-08-20,269932,1763829462.956198
GTBP,2021-03-09,1890370,1763829464.665727
GTBP,2023-06-06,292117,1763829465.9475029
GTBP,2023-06-08,186687,1763829467.1656995
GTBP,2023-06-16,407887,1763829468.4836705
GTBP,2024-03-22,92608,1763829469.6024132
GTBP,2024-05-20,21966165,1763829496.495885
GTBP,2024-09-30,41751,1763829497.758224
GTBP,2024-12-23,7848940,1763829508.153011
GTEC,2020-02-14,20218,1763829509.2864053
GTEC,2020-02-18,22925,1763829510.3555205
GTEC,2020-03-12,55331,1763829511.4729812
GTEC,2020-03-23,18256,1763829512.5757794
GTEC,2020-03-31,53851,1763829513.7268243
GTEC,2020-04-01,122721,1763829514.9435413
GTEC,2020-06-17,111158,1763829516.1317742
GTEC,2020-06-22,95091,1763829517.3304124
GTEC,2020-07-13,221606,1763829518.6595285
GTEC,2020-10-06,80331,1763829519.8085995
GTEC,2020-10-19,852128,1763829521.7838206
GTEC,2020-11-10,32948188,1763829542.0134566
GTEC,2020-11-12,5981892,1763829545.4861436
GTEC,2020-11-13,6180163,1763829549.0357444
GTEC,2020-11-23,2180818,1763829550.8974147
GTEC,2020-12-07,15613580,1763829559.8896692
GTEC,2021-02-18,21969005,1763829585.653342
GTEC,2021-11-19,32300320,1763829603.7042608
GTEC,2023-05-08,1040034,1763829605.4381065
GTEC,2023-05-19,438787,1763829606.754817
GTEC,2023-08-30,589387,1763829608.1665494
GTEC,2023-09-06,589054,1763829609.497014
GTEC,2023-09-15,307606,1763829610.8058605
GTEC,2024-07-10,72428,1763829611.9361508
GTEC,2024-08-16,7537926,1763829619.7468543
GTIM,2020-03-13,21801,1763829620.896046
GTIM,2020-03-18,127968,1763829622.071894
GTIM,2020-04-17,55421,1763829623.2387307
GTIM,2020-05-15,63228,1763829624.4121332
GTIM,2020-08-19,90758,1763829625.5579338
GTIM,2021-04-05,295391,1763829626.8586688
GTLB,2022-03-16,4839045,1763829630.3228374
GTLB,2022-03-18,4791499,1763829633.5290408
GTLB,2022-06-07,5455865,1763829639.5426543
GTLB,2023-06-06,11500637,1763829653.067912
GTLS,2020-03-24,1292019,1763829655.4033544
GTN.A,2023-11-02,23276,1763829656.54211
GTN.A,2024-04-22,20974,1763829657.6302712
GTN.A,2024-05-02,45879,1763829658.7458525
GTN.A,2024-11-14,431136,1763829660.1274774
GTN.A,2024-11-15,613474,1763829661.5371242
GTX,2020-04-08,875702,1763829663.1167881
GTX,2020-09-03,4074128,1763829668.104769
GTX,2021-05-03,30493,1763829669.1848903
GUTS,2024-10-28,398638,1763829670.68372
GV,2020-11-24,716621,1763829672.4620807
GV,2023-12-15,160138,1763829673.7128024
GV,2023-12-18,221456,1763829675.2849276
GV,2024-02-08,39556,1763829676.4067457
GV,2024-02-20,51120,1763829677.4789312
GV,2024-04-30,199757,1763829678.788364
GV,2024-05-09,623778,1763829681.5313036
GV,2024-05-10,676143,1763829683.5601273
GV,2024-05-13,190216,1763829684.9062583
GV,2024-05-28,5458752,1763829693.2804832
GV,2024-09-12,13925176,1763829717.2030141
GV,2024-11-07,371523,1763829718.7641606
GV,2024-11-08,6616115,1763829724.4895728
GV,2024-12-17,1118357,1763829726.144859
GV,2024-12-26,461807,1763829727.4107761
GVH,2023-11-09,1327713,1763829729.1501887
GVH,2024-01-08,76638,1763829730.2809417
GVH,2024-03-20,83709,1763829731.446588
GVH,2024-04-05,427183,1763829732.9869945
GVH,2024-04-11,137438,1763829734.1972044
GVH,2024-05-29,4717185,1763829738.9641337
GVH,2024-07-09,884337,1763829740.6045687
GVH,2024-08-22,130526,1763829741.8285441
GWAV,2023-02-06,190758,1763829743.098439
GWAV,2023-02-28,72154,1763829744.2184608
GWAV,2024-03-18,944254,1763829746.1556876
GWAV,2024-04-01,951542,1763829748.0071125
GWAV,2024-05-09,4749001,1763829752.7708895
GWAV,2024-05-15,16669288,1763829763.113104
GWAV,2024-05-16,43490001,1763829793.1628144
GWAV,2024-05-17,57007849,1763829828.3040855
GWAV,2024-05-22,28161871,1763829846.355378
GWAV,2024-05-23,37708295,1763829870.040212
GWAV,2024-08-12,839107,1763829872.3172576
GWAV,2024-10-17,957541,1763829874.7916622
GWAV,2024-12-03,16501048,1763829886.9423163
GWAV,2024-12-05,6975540,1763829891.198665
GWH,2021-10-12,24798592,1763829907.2554457
GWH.WS,2021-10-12,702403,1763829908.7465098
GWH.WS,2021-10-18,253583,1763829910.020024
GWH.WS,2021-10-29,74041,1763829911.1501799
GWH.WS,2021-11-05,150419,1763829912.355777
GXAI,2024-02-15,99070,1763829913.5605414
GXAI,2024-02-16,13290637,1763829920.4593267
GXAI,2024-02-22,1302602,1763829922.215132
GXAI,2024-02-26,1336564,1763829923.8371103
GXAI,2024-02-27,1519005,1763829925.753188
GXAI,2024-03-13,20284359,1763829936.3657863
GXAI,2024-08-21,2710654,1763829938.8404193
GXAI,2024-09-20,11085360,1763829944.9692256
GXAI,2024-11-14,14941415,1763829964.8954027
GXAI,2024-12-06,24193022,1763829999.0366735
GXAI,2024-12-09,42051577,1763830041.7275598
GXAI,2024-12-10,31084668,1763830071.7276323
GXAI,2024-12-17,3102321,1763830077.2250113
GXAI,2024-12-26,1378356,1763830080.2199814
GYRE,2023-11-15,107780,1763830081.4948757
GYRE,2023-11-22,250628,1763830082.893103
GYRE,2024-02-14,242636,1763830084.487261
GYRE,2024-02-23,346026,1763830086.3240726
GYRE,2024-05-29,227409,1763830088.4664485
HAIN,2024-08-27,5058314,1763830096.1860752
HAL,2020-03-24,15974188,1763830118.4863694
HAO,2024-01-30,394491,1763830120.1306946
HAO,2024-04-30,138540,1763830121.4494138
HAO,2024-05-02,146130,1763830122.7812347
HAO,2024-06-20,270090,1763830124.3871021
HAO,2024-07-09,617708,1763830126.3641758
HAO,2024-10-30,5556921,1763830131.13581
HAO,2024-11-08,1153103,1763830132.873197
HAO,2024-12-31,3173341,1763830135.805144
HAYW,2021-05-05,3339328,1763830138.3661156
HBANM,2021-06-11,54408,1763830139.499178
HBB,2020-03-25,91385,1763830140.7280507
HBB,2020-07-24,326729,1763830141.970783
HBB,2024-08-05,331504,1763830143.6231189
HBT,2020-03-24,128889,1763830144.9007933
HCAT,2022-11-09,1867166,1763830148.9039395
HCAT,2024-08-08,1596770,1763830152.9348195
HCI,2021-03-01,391466,1763830154.7132466
HCM,2022-03-16,846726,1763830157.0627651
HCMA,2024-03-06,206772,1763830158.3736694
HCMA,2024-03-15,98157,1763830159.577327
HCMAU,2024-03-15,16562,1763830160.6657858
HCTI,2022-05-26,264051,1763830162.0981407
HCTI,2022-06-21,2738656,1763830166.1777644
HCTI,2022-08-29,118024,1763830167.4131682
HCTI,2022-10-24,462714,1763830168.963701
HCTI,2022-10-25,584525,1763830170.6826477
HCTI,2022-11-28,100891,1763830171.894092
HCTI,2022-11-29,191427,1763830173.173075
HCTI,2022-12-12,4236239,1763830177.1920302
HCTI,2023-01-04,785682,1763830178.8732529
HCTI,2023-05-10,101380,1763830180.0442927
HCTI,2023-05-26,210127,1763830181.3262763
HCTI,2023-07-06,31375,1763830182.740273
HCTI,2023-07-12,14880123,1763830198.3098943
HCTI,2023-07-17,7537641,1763830203.0425496
HCTI,2023-08-15,178138,1763830204.2788858
HCTI,2024-02-08,182419,1763830205.4601471
HCTI,2024-03-01,755300,1763830206.894785
HCTI,2024-05-03,5386765,1763830211.3742807
HCTI,2024-07-19,327881,1763830212.6531632
HCTI,2024-09-17,2448518,1763830217.3288367
HCTI,2024-09-24,105919,1763830218.4945755
HCTI,2024-10-28,17489746,1763830238.699357
HCTI,2024-12-04,105319,1763830239.9791982
HCTI,2024-12-06,838967,1763830241.54818
HCTI,2024-12-31,613805,1763830242.969651
HCWB,2021-10-19,898526,1763830244.5410898
HCWB,2021-10-28,28666081,1763830263.1920667
HCWB,2022-06-14,80738,1763830265.337728
HCWB,2023-11-16,40848,1763830266.4389944
HCWB,2023-12-13,51524,1763830267.5555859
HCWB,2024-06-24,135337,1763830268.8059268
HCWB,2024-09-05,88489,1763830269.9616191
HCWB,2024-10-08,70963,1763830271.164178
HCWB,2024-11-18,36509706,1763830315.6838405
HDSN,2020-06-12,148213,1763830317.2017314
HDSN,2021-01-27,1655276,1763830320.5496738
HDSN,2021-02-02,777926,1763830322.6119363
HDSN,2022-03-09,1103390,1763830324.7653434
HE,2023-08-28,22502937,1763830344.5881815
HE,2024-07-19,10907074,1763830360.7287688
HELE,2023-04-27,3222944,1763830367.868606
HEPS,2023-03-23,975535,1763830369.8532543
HEPS,2024-10-18,9775812,1763830378.0626729
HESM,2020-04-02,429414,1763830379.4304366
HFFG,2020-03-19,171312,1763830380.6267464
HFFG,2020-03-20,514772,1763830382.0311172
HFFG,2020-06-08,648141,1763830383.415549
HFFG,2021-05-11,309987,1763830385.7844028
HFFG,2023-02-01,227442,1763830387.0243568
HGBL,2021-02-18,1742895,1763830388.8877225
HHH,2023-08-14,393543,1763830390.1358123
HHS,2020-04-09,33573,1763830391.2822685
HHS,2021-12-01,27369,1763830392.3601325
HIG,2020-03-19,6581381,1763830396.7192335
HIHO,2020-06-17,147614,1763830397.955856
HIHO,2020-06-23,75422,1763830399.224663
HIHO,2020-08-03,4397006,1763830401.939115
HIHO,2020-12-28,130062,1763830403.0838907
HIHO,2021-01-26,241566,1763830404.319053
HIHO,2022-08-05,668710,1763830405.7866423
HIHO,2023-05-01,89430,1763830406.9435468
HIHO,2024-10-22,1536164,1763830408.676986
HIMS,2021-01-28,3254294,1763830410.894873
HIMS,2024-02-27,13007910,1763830417.9818797
HIMS,2024-05-20,19193597,1763830446.1863747
HIMX,2020-06-30,1365779,1763830449.6951513
HIMX,2024-12-12,4825265,1763830459.2996519
HIPO,2021-09-07,8063084,1763830469.0225003
HIPO,2022-05-13,2293720,1763830471.8294632
HIPO,2023-11-03,402041,1763830473.2791257
HIPO,2024-03-06,1122304,1763830475.387854
HIVE,2023-01-12,1109684,1763830477.6337955
HKD,2022-07-18,1226139,1763830479.5927863
HKD,2022-07-22,2699465,1763830482.0597887
HKD,2022-07-26,2215288,1763830484.1836321
HKD,2022-07-27,2205568,1763830487.7318604
HKD,2022-07-28,5013138,1763830494.583642
HKD,2022-07-29,8302904,1763830506.9757235
HKD,2022-08-01,6858062,1763830516.5160365
HKD,2022-08-02,5902351,1763830523.0914361
HKD,2022-09-01,521489,1763830524.5654967
HKD,2022-09-14,6120239,1763830528.6584837
HKD,2022-09-15,13662270,1763830537.8770132
HKD,2022-09-16,13070412,1763830544.615032
HKD,2022-09-21,5773857,1763830548.3132372
HKD,2022-10-11,5757113,1763830551.800304
HKD,2023-01-05,26637893,1763830566.4311068
HKD,2023-01-18,9250556,1763830571.3210766
HKD,2023-04-11,4269192,1763830574.0657609
HKD,2023-04-28,5633892,1763830577.4035692
HKD,2023-08-22,12398563,1763830593.148434
HKD,2023-11-24,2074313,1763830598.3704655
HKD,2024-05-14,1793067,1763830603.037891
HKD,2024-10-03,17355119,1763830623.4993496
HKIT,2023-08-18,3161540,1763830626.1851876
HKIT,2023-08-22,857983,1763830627.900701
HKIT,2023-08-23,1481031,1763830629.7841027
HKIT,2023-09-01,335615,1763830631.1022403
HKIT,2023-09-07,9319218,1763830638.532289
HKIT,2024-02-07,3088172,1763830643.3512888
HKIT,2024-02-08,26006684,1763830661.9672425
HKIT,2024-02-13,3842052,1763830664.9862287
HKIT,2024-02-16,2235302,1763830667.1087801
HKIT,2024-03-01,275516,1763830668.4281468
HKIT,2024-04-23,152115,1763830669.6502745
HKIT,2024-06-04,869934,1763830671.0809083
HL,2020-03-19,3879571,1763830673.6748686
HL,2021-02-01,14932359,1763830681.7479334
HLIT,2020-08-04,2074472,1763830687.1290164
HLIT,2024-07-30,2975644,1763830693.2193408
HLLY,2023-03-09,2364682,1763830696.7558205
HLLY,2023-07-12,1741376,1763830700.345694
HLLY.WS,2021-07-22,148707,1763830701.5720055
HLLY.WS,2023-08-07,22811,1763830702.6962278
HLLY.WS,2023-08-10,42379,1763830703.8105311
HLP,2023-04-28,65832,1763830705.2540185
HLP,2023-05-01,7765215,1763830717.617673
HLP,2023-05-10,507819,1763830719.5164921
HLP,2023-10-16,149388,1763830721.1390865
HLP,2023-10-18,210175,1763830722.428254
HLP,2023-11-16,268659,1763830723.8451748
HLP,2023-12-15,2351113,1763830728.871418
HLP,2024-01-03,859659,1763830731.2580016
HLX,2020-04-09,3695866,1763830736.9411473
HLX,2020-04-29,2859197,1763830742.520577
HLX,2020-07-23,4704345,1763830750.3631654
HMY,2020-03-19,3877819,1763830757.0818565
HNNA,2021-02-08,141702,1763830758.338939
HNNA,2024-08-13,70239,1763830759.5004559
HNRG,2020-03-10,108545,1763830760.7084217
HNRG,2020-03-11,121346,1763830761.9676487
HNRG,2020-06-08,296333,1763830763.626027
HNRG,2022-04-13,1468273,1763830765.405749
HNST,2023-11-09,801028,1763830767.7050138
HNST,2024-03-07,2709897,1763830769.7516706
HNST,2024-11-13,5379435,1763830773.1026735
HOLO,2022-10-14,303445,1763830774.442165
HOLO,2023-01-06,293937,1763830775.7150517
HOLO,2023-01-10,515055,1763830777.0381253
HOLO,2023-01-20,361676,1763830778.358046
HOLO,2023-01-24,1564255,1763830780.0493362
HOLO,2023-01-27,607095,1763830781.5362585
HOLO,2023-04-24,2749131,1763830784.3335502
HOLO,2023-05-04,795465,1763830786.0559647
HOLO,2023-08-11,205308,1763830787.4629192
HOLO,2023-08-21,219379,1763830788.807093
HOLO,2023-08-22,354202,1763830790.5491023
HOLO,2023-08-23,615314,1763830792.3498774
HOLO,2023-08-28,451523,1763830793.8817587
HOLO,2023-10-30,527183,1763830795.4862664
HOLO,2023-11-03,330463,1763830796.9494166
HOLO,2024-01-09,1539589,1763830799.3811524
HOLO,2024-02-07,48728801,1763830834.7118456
HOLO,2024-02-08,60777332,1763830871.2009878
HOLO,2024-02-13,11788597,1763830888.8503413
HOLO,2024-02-14,12265583,1763830907.0343785
HOLO,2024-02-15,3899363,1763830914.0921082
HOLO,2024-02-16,12805469,1763830939.0904198
HOLO,2024-02-21,13791541,1763830961.6237056
HOLO,2024-02-26,21052926,1763830979.5102098
HOLO,2024-03-06,2829255,1763830984.7752337
HOLO,2024-03-12,4705621,1763830994.340878
HOLO,2024-03-13,15948665,1763831017.950086
HOLO,2024-04-18,9156238,1763831026.1125827
HOLO,2024-05-14,20007131,1763831039.9868107
HOLO,2024-06-04,8585451,1763831045.9379315
HOLO,2024-07-23,8521317,1763831055.10891
HOLO,2024-08-19,7354620,1763831061.5306451
HOLO,2024-08-20,15297490,1763831072.1920125
HOLO,2024-08-22,10197757,1763831077.9179225
HOLO,2024-09-19,4728489,1763831080.8741305
HOLO,2024-09-20,5741001,1763831084.4490528
HOLO,2024-09-30,5866657,1763831087.8779554
HOLO,2024-10-01,11144004,1763831103.6663175
HOLO,2024-10-09,12746030,1763831111.1828382
HOLO,2024-11-01,5731674,1763831114.935205
HOLO,2024-12-27,7214397,1763831119.5046887
HOLO,2024-12-30,36064640,1763831146.831291
HOLO,2024-12-31,56281904,1763831196.3396614
HOOD,2021-08-04,92413470,1763831272.7058337
HOTH,2020-02-12,365124,1763831274.5917537
HOTH,2020-03-20,26639,1763831275.678309
HOTH,2020-03-23,2731231,1763831277.7706478
HOTH,2020-04-22,295679,1763831279.0997603
HOTH,2020-07-17,966192,1763831280.5446286
HOTH,2020-12-31,13315499,1763831288.4227376
HOTH,2021-02-24,4001179,1763831291.4364552
HOTH,2021-03-23,10569369,1763831299.247286
HOTH,2021-04-20,3998388,1763831303.5466774
HOTH,2021-06-07,1841604,1763831307.4006498
HOTH,2022-01-04,17480577,1763831323.2865698
HOTH,2022-03-10,1020963,1763831326.601231
HOTH,2022-04-11,13312282,1763831337.4009926
HOTH,2022-07-12,1022512,1763831339.0765195
HOTH,2022-10-31,834454,1763831340.6773908
HOTH,2022-12-15,203197,1763831341.9581835
HOTH,2022-12-16,609379,1763831343.7709188
HOTH,2022-12-28,400785,1763831345.2304094
HOTH,2022-12-29,10220477,1763831383.585794
HOTH,2023-02-16,1837984,1763831385.7200985
HOTH,2023-02-22,3216043,1763831388.5424066
HOTH,2023-03-27,235084,1763831389.8113613
HOTH,2023-04-26,855842,1763831391.502196
HOTH,2023-06-06,18094921,1763831405.2496645
HOTH,2024-03-19,3520059,1763831408.4103408
HOTH,2024-07-24,6583042,1763831413.6988182
HOTH,2024-09-05,15098176,1763831428.0598643
HOTH,2024-10-29,2072900,1763831430.9621732
HOUR,2022-03-09,954606,1763831433.0082917
HOUR,2022-03-15,3063284,1763831436.7874353
HOUR,2022-03-17,1197457,1763831438.584974
HOUR,2022-04-26,1985387,1763831440.6329985
HOUR,2022-08-31,3748485,1763831444.0107062
HOUR,2023-05-02,12338987,1763831454.282759
HOUR,2024-02-14,161711,1763831455.552359
HOUR,2024-08-09,206848,1763831456.8193398
HOUR,2024-11-13,126392,1763831457.9900823
HOUR,2024-12-24,20848518,1763831473.4437754
HOV,2020-03-19,345207,1763831474.9420812
HOV,2020-03-24,280047,1763831476.3760464
HOV,2020-04-08,437361,1763831477.8959026
HOV,2020-06-04,408129,1763831479.4350834
HOV,2021-03-02,768261,1763831481.1648455
HOVNP,2020-07-27,15039,1763831482.2396185
HOVNP,2021-12-09,61590,1763831483.3518374
HOVR,2024-02-29,72529,1763831484.5172138
HOVR,2024-03-06,959566,1763831486.4508889
HOVR,2024-03-07,1248651,1763831488.691845
HOVR,2024-03-08,566457,1763831490.5122623
HOVR,2024-06-10,9837830,1763831499.2474399
HOVR,2024-07-25,919898,1763831500.798146
HOVR,2024-09-09,817252,1763831502.780522
HOVR,2024-12-26,1328161,1763831504.917385
HOVR,2024-12-27,2066712,1763831508.1795435
HOWL,2022-04-07,3149375,1763831511.7038295
HOWL,2022-04-28,455928,1763831513.407807
HOWL,2023-01-06,434431,1763831515.1562076
HOWL,2023-01-11,1396228,1763831517.4741614
HOWL,2023-01-12,1813664,1763831520.1051369
HOWL,2023-01-20,309134,1763831521.5555346
HOWL,2023-10-25,706438,1763831523.2831163
HOWL,2023-11-03,8312632,1763831532.1677177
HOWL,2024-10-21,2205337,1763831535.03503
HOWL,2024-10-22,4027459,1763831538.7402592
HP,2020-03-24,4327229,1763831543.775754
HPAI,2024-08-16,55751,1763831545.0270176
HPAI,2024-08-19,410591,1763831546.521817
HPAI,2024-10-31,198888,1763831547.9506738
HPK,2020-12-07,70031,1763831549.0843558
HPK,2020-12-08,133350,1763831550.570555
HPK,2020-12-10,180051,1763831551.8154676
HPK,2022-04-13,2641466,1763831555.683539
HROW,2022-09-27,554333,1763831557.0509877
HROW,2024-05-14,1503046,1763831558.821182
HROW,2024-08-08,2439045,1763831561.346283
HRTG,2022-08-05,306818,1763831562.6199527
HRTG,2023-03-03,331579,1763831563.9058237
HRTG,2024-08-09,879373,1763831565.6537304
HRTX,2024-03-13,2850996,1763831570.424358
HRTX,2024-12-04,10769412,1763831580.3254437
HRZN,2020-03-19,352745,1763831581.7300777
HRZN,2020-03-25,334156,1763831583.0347
HRZN,2020-03-26,405622,1763831584.9202218
HSAI,2024-11-26,8505518,1763831594.9716358
HSAI,2024-12-17,2954021,1763831597.7791824
HSCS,2022-06-16,1262938,1763831599.745076
HSCS,2022-08-03,5382107,1763831605.3594656
HSCS,2022-08-08,3722349,1763831609.8129246
HSCS,2022-08-10,980163,1763831611.9454072
HSCS,2022-08-11,1199626,1763831614.627928
HSCS,2022-10-05,72318,1763831615.946319
HSCS,2022-10-24,261358,1763831617.1902833
HSCS,2023-01-11,25042,1763831618.3400354
HSCS,2023-01-30,13295186,1763831628.808253
HSCS,2023-02-03,10765957,1763831638.8289354
HSCS,2023-05-11,122896,1763831640.1791155
HSCS,2023-05-25,92329,1763831641.5329244
HSCS,2023-11-08,9183686,1763831651.8996692
HSCS,2023-11-15,7767432,1763831659.0646968
HSCS,2023-11-22,5000475,1763831664.5066364
HSCS,2023-11-28,4329017,1763831669.444299
HSCS,2024-03-05,550084,1763831670.9697623
HSCS,2024-05-16,6536954,1763831675.6570506
HSCS,2024-09-24,7852291,1763831683.760312
HSCS,2024-12-05,75784,1763831684.9987614
HSCSW,2022-06-16,22077,1763831686.0963783
HSCSW,2022-06-23,12732,1763831687.2401843
HSCSW,2022-07-14,12483,1763831688.3167512
HSCSW,2022-07-19,11849,1763831689.4069326
HSCSW,2022-07-22,22844,1763831690.5022426
HSCSW,2022-07-26,24788,1763831691.617004
HSCSW,2022-08-03,25335,1763831692.7088637
HSCSW,2022-08-08,23056,1763831693.8234909
HSCSW,2022-08-10,35937,1763831694.932828
HSCSW,2022-08-16,27931,1763831696.1248
HSCSW,2022-09-01,19473,1763831697.2127793
HSCSW,2022-10-05,22819,1763831698.322778
HSCSW,2022-10-12,18103,1763831699.4137337
HSCSW,2022-10-19,11371,1763831700.4619687
HSCSW,2022-10-24,24986,1763831701.5357108
HSCSW,2022-10-26,25886,1763831702.657771
HSCSW,2022-10-27,23770,1763831703.776617
HSCSW,2022-10-28,18909,1763831704.914647
HSCSW,2022-10-31,19351,1763831706.046327
HSCSW,2022-11-02,19041,1763831707.1788619
HSCSW,2022-11-03,24648,1763831708.3075852
HSCSW,2022-11-04,23512,1763831709.5468006
HSCSW,2022-11-07,22852,1763831710.643856
HSCSW,2022-11-10,23350,1763831711.743802
HSCSW,2022-11-17,28074,1763831712.8736348
HSCSW,2022-11-23,33905,1763831714.187474
HSCSW,2022-11-25,14511,1763831715.2992382
HSCSW,2022-11-28,20467,1763831716.5285597
HSCSW,2022-12-19,12742,1763831717.6055706
HSCSW,2022-12-20,13323,1763831718.753147
HSCSW,2022-12-21,23329,1763831719.8829641
HSCSW,2022-12-22,29267,1763831720.9893389
HSCSW,2022-12-23,31648,1763831722.1993217
HSCSW,2022-12-27,25345,1763831723.5072057
HSCSW,2022-12-29,20551,1763831724.9415557
HSCSW,2023-01-09,21373,1763831726.0514598
HSCSW,2023-01-10,40534,1763831727.177286
HSCSW,2023-01-11,34654,1763831728.2757516
HSCSW,2023-01-12,24209,1763831729.3555644
HSCSW,2023-01-13,29693,1763831730.4662154
HSCSW,2023-01-17,13833,1763831731.546566
HSCSW,2023-01-30,54942,1763831732.7080243
HSCSW,2023-01-31,69302,1763831733.9020839
HSCSW,2023-02-01,32738,1763831735.070274
HSCSW,2023-02-03,48072,1763831736.3990724
HSCSW,2023-02-15,23672,1763831737.5229535
HSCSW,2023-02-17,15806,1763831738.6590636
HSCSW,2023-02-22,16781,1763831739.8072174
HSCSW,2023-02-28,14329,1763831740.8999684
HSCSW,2023-03-02,17283,1763831742.0364153
HSCSW,2023-03-03,16834,1763831743.136312
HSCSW,2023-03-06,19066,1763831744.2464623
HSCSW,2023-03-17,12463,1763831745.3518925
HSCSW,2023-03-20,16320,1763831746.4378464
HSCSW,2023-03-21,18393,1763831747.5719593
HSCSW,2023-03-22,23774,1763831748.679802
HSCSW,2023-03-28,11888,1763831749.766734
HSCSW,2023-03-30,13347,1763831750.89234
HSCSW,2023-04-05,23669,1763831752.0102975
HSCSW,2023-04-10,10825,1763831753.0837438
HSCSW,2023-04-12,20856,1763831754.174083
HSCSW,2023-04-14,12382,1763831755.2728403
HSCSW,2023-05-12,17340,1763831756.5977135
HSCSW,2023-05-17,13747,1763831757.663131
HSCSW,2023-05-18,15799,1763831758.7886355
HSCSW,2023-05-23,16643,1763831759.8829195
HSCSW,2023-06-05,16059,1763831761.0305922
HSCSW,2023-06-26,25638,1763831762.1453624
HSCSW,2023-08-29,16476,1763831763.2315269
HSCSW,2023-08-31,16723,1763831764.3385286
HSCSW,2023-09-06,14327,1763831765.449733
HSCSW,2023-09-25,11049,1763831766.5267582
HSCSW,2023-11-07,10899,1763831767.682804
HSCSW,2023-11-10,11883,1763831768.7764297
HSCSW,2023-12-14,10352,1763831769.8644283
HSCSW,2023-12-28,11104,1763831770.9781928
HSCSW,2024-01-02,10449,1763831772.0474064
HSCSW,2024-01-31,10308,1763831773.1121857
HSCSW,2024-02-05,11079,1763831774.1997077
HSCSW,2024-02-28,10469,1763831775.2635205
HSCSW,2024-03-06,10574,1763831776.3194592
HSCSW,2024-04-15,10783,1763831777.384122
HSCSW,2024-04-22,14216,1763831778.483456
HSCSW,2024-05-02,10429,1763831779.581569
HSCSW,2024-05-16,62030,1763831780.712407
HSDT,2020-04-28,258794,1763831782.0990553
HSDT,2020-05-12,1532022,1763831784.77251
HSDT,2020-06-08,554879,1763831786.4653933
HSDT,2021-01-05,1514433,1763831788.662616
HSDT,2021-03-26,1100090,1763831790.6004844
HSDT,2022-05-17,32421,1763831791.6886325
HSDT,2022-05-24,55599,1763831792.780039
HSDT,2022-05-31,66393,1763831793.9127033
HSDT,2022-06-01,7164787,1763831800.2273033
HSDT,2022-07-12,1640253,1763831802.8497343
HSDT,2022-08-03,6920366,1763831810.095507
HSDT,2022-08-23,4260880,1763831815.0332117
HSDT,2022-11-16,356125,1763831816.5332823
HSDT,2023-06-07,929584,1763831818.3240342
HSDT,2023-06-29,54772,1763831819.5297933
HSDT,2023-09-05,11084711,1763831830.216292
HSDT,2023-09-08,874863,1763831831.940554
HSDT,2024-02-06,5245835,1763831836.7920763
HSDT,2024-03-04,4307997,1763831841.802313
HSDT,2024-05-03,4763336,1763831846.2161045
HSDT,2024-09-06,746616,1763831847.874589
HSDT,2024-10-16,1095836,1763831849.5235085
HSDT,2024-12-02,81649,1763831850.679654
HSDT,2024-12-20,15399169,1763831861.4362893
HSPOR,2023-02-06,13337,1763831862.8279483
HST,2020-11-09,7400399,1763831869.9418826
HTCO,2024-10-17,99434,1763831871.167679
HTCO,2024-10-21,504164,1763831872.5899854
HTCO,2024-11-29,30183,1763831873.6804533
HTCO,2024-12-02,157712,1763831874.9433975
HTCO,2024-12-09,113098,1763831876.2426913
HTCO,2024-12-30,203666,1763831877.5290375
HTCR,2022-02-18,711631,1763831879.022398
HTCR,2022-06-08,14689850,1763831889.6054263
HTCR,2022-06-16,344620,1763831891.033715
HTCR,2022-10-27,4131117,1763831894.5726826
HTCR,2023-01-13,191368,1763831895.9892507
HTCR,2023-02-09,64678,1763831897.1818745
HTCR,2023-04-12,4971226,1763831902.3159647
HTCR,2023-05-23,15660557,1763831916.6979434
HTCR,2024-10-18,1207633,1763831918.4658096
HTHT,2022-03-16,4605922,1763831922.291846
HTLM,2024-11-26,227689,1763831924.0775082
HTLM,2024-11-27,228618,1763831925.338661
HTLM,2024-12-13,455267,1763831926.685443
HTLM,2024-12-20,438521,1763831928.0514183
HTLM,2024-12-24,441494,1763831929.4703572
HTOO,2020-12-23,578594,1763831930.8772652
HTOO,2023-04-03,125052,1763831932.3767645
HTOO,2023-11-27,211971,1763831933.7007797
HTOO,2023-11-28,537470,1763831935.522967
HTOO,2023-11-29,634498,1763831937.41436
HTOO,2023-12-04,303709,1763831938.8957846
HTOO,2024-02-16,24155437,1763831959.0542583
HTOO,2024-03-04,435893,1763831960.6227434
HTOO,2024-10-17,290262,1763831961.8495617
HTOO,2024-11-14,728789,1763831963.4017527
HTOO,2024-12-04,14963235,1763831973.7651997
HTOO,2024-12-06,1598046,1763831975.836563
HTOOW,2020-12-23,127945,1763831977.0076416
HTOOW,2020-12-24,149425,1763831978.2991087
HTOOW,2021-01-07,69843,1763831979.417277
HTOOW,2021-01-13,162233,1763831980.6359391
HTOOW,2021-01-14,226922,1763831981.9418516
HTOOW,2021-01-28,82030,1763831983.2713735
HTOOW,2022-01-03,16079,1763831984.643358
HTOOW,2022-02-28,21478,1763831985.7593794
HTOOW,2022-10-21,13291,1763831986.879375
HTOOW,2022-11-11,23348,1763831988.0568924
HTOOW,2022-11-16,19451,1763831989.1602829
HTOOW,2022-11-17,27363,1763831990.2484262
HTOOW,2022-11-18,28147,1763831991.337247
HTOOW,2023-01-09,22090,1763831992.5622365
HTZ,2020-03-19,7865299,1763831997.2398748
HTZ,2020-03-20,8846189,1763832003.9509964
HTZ,2020-03-23,9125551,1763832009.7711034
HTZ,2020-03-24,9171728,1763832015.150148
HTZ,2020-05-27,30323185,1763832034.797461
HTZ,2020-06-04,20050783,1763832047.5550652
HTZ,2020-06-05,47542788,1763832087.2434208
HTZ,2020-06-08,89831845,1763832143.4025455
HTZ,2020-06-12,37283559,1763832173.7908504
HTZ,2020-06-24,25189378,1763832199.3311417
HTZ,2020-07-22,6548493,1763832204.9771943
HTZ,2020-10-16,65766555,1763832262.955572
HTZ,2021-11-09,6460137,1763832270.8685236
HUBC,2023-03-03,8962072,1763832279.7862878
HUBC,2023-03-14,3350423,1763832284.416691
HUBC,2023-03-15,6701381,1763832292.4838789
HUBC,2023-07-31,199688,1763832294.0110903
HUBC,2023-08-01,407463,1763832295.7058992
HUBC,2023-09-29,170281,1763832297.130469
HUBC,2023-10-04,506372,1763832298.7586844
HUBC,2023-10-09,15016259,1763832319.3416364
HUBC,2023-10-19,1440463,1763832321.641898
HUBC,2023-10-20,6258188,1763832329.8007314
HUBC,2023-11-10,396206,1763832331.9588642
HUBC,2023-12-01,6104835,1763832342.5550697
HUBC,2024-04-04,2441324,1763832346.3105247
HUBC,2024-04-05,17022198,1763832369.0931063
HUBC,2024-04-10,1894588,1763832373.263969
HUBC,2024-04-12,5639912,1763832381.8705127
HUBC,2024-04-15,16518001,1763832405.4403515
HUBC,2024-12-18,362762,1763832406.961008
HUBC,2024-12-27,1674945,1763832409.9484766
HUBC,2024-12-30,2561067,1763832413.9752464
HUBCZ,2023-03-21,19876,1763832415.091928
HUBCZ,2023-03-24,20420,1763832416.2212489
HUDI,2021-07-15,3873745,1763832420.920324
HUDI,2021-10-08,294881,1763832422.538883
HUDI,2021-10-25,1401891,1763832425.4924605
HUDI,2021-10-26,1799042,1763832429.0199597
HUDI,2021-11-02,1177513,1763832431.6068954
HUDI,2021-11-03,3286309,1763832436.601633
HUDI,2021-12-06,285483,1763832438.1397336
HUDI,2022-10-21,418899,1763832439.703745
HUDI,2022-11-02,275577,1763832441.0882308
HUDI,2022-11-03,3344811,1763832446.6063192
HUDI,2022-11-04,6322036,1763832455.454435
HUDI,2023-01-05,1902894,1763832458.7610147
HUDI,2023-04-28,16065984,1763832479.1800964
HUDI,2023-05-03,2727293,1763832483.66999
HUDI,2023-05-10,1593257,1763832486.8399336
HUDI,2024-02-08,679659,1763832488.8055966
HUDI,2024-07-26,334156,1763832490.5795355
HUHU,2024-12-04,581604,1763832492.560162
HUIZ,2022-03-16,76964,1763832493.7613213
HUIZ,2022-03-18,1018648,1763832496.1028204
HUIZ,2023-05-02,4809837,1763832502.5270314
HUIZ,2024-06-03,44288,1763832503.6935725
HUIZ,2024-12-09,2589235,1763832508.6054077
HUIZ,2024-12-23,148050,1763832509.9105277
HUMA,2024-07-01,3156099,1763832514.898538
HUMA,2024-12-20,17306060,1763832538.6845589
HUMAW,2021-09-01,108822,1763832540.5608375
HUMAW,2021-09-13,79525,1763832542.0902112
HUMAW,2021-11-01,65873,1763832543.2187545
HUMAW,2022-02-09,19486,1763832544.293318
HUMAW,2024-05-14,27994,1763832545.3637643
HUMAW,2024-05-20,16208,1763832546.4387276
HUMAW,2024-05-22,22674,1763832547.5357327
HUMAW,2024-05-24,17193,1763832548.6597638
HUMAW,2024-05-30,60031,1763832549.78673
HUMAW,2024-07-01,22925,1763832550.8736393
HUMAW,2024-07-15,67587,1763832552.0567174
HUMAW,2024-09-05,19351,1763832553.1396427
HUMAW,2024-09-19,25070,1763832554.2185564
HUMAW,2024-12-20,54476,1763832555.35183
HURA,2024-11-27,1485291,1763832558.089442
HURA,2024-11-29,784088,1763832560.055537
HUYA,2022-03-16,3862827,1763832565.911383
HUYA,2022-11-15,2277699,1763832568.7269206
HUYA,2022-12-09,3497695,1763832573.7437847
HWBK,2020-03-17,40010,1763832574.857807
HWH,2024-01-23,141857,1763832576.1816285
HWH,2024-03-11,72423,1763832577.2937546
HWH,2024-04-02,1069244,1763832579.4331026
HWH,2024-04-04,6536853,1763832588.293241
HWH,2024-04-18,82979,1763832589.4495115
HWH,2024-04-19,160732,1763832590.6621928
HWH,2024-04-23,4583312,1763832593.804829
HWH,2024-04-26,2605323,1763832595.857067
HWH,2024-04-29,8247658,1763832600.0672443
HWH,2024-08-14,280225,1763832601.3507242
HWH,2024-08-15,849441,1763832603.3048663
HWH,2024-08-26,484251,1763832604.96406
HWH,2024-09-10,94022,1763832606.32416
HWH,2024-09-19,61125,1763832607.4517093
HWH,2024-09-26,42261,1763832608.615913
HWH,2024-11-27,5449188,1763832617.356351
HWH,2024-12-10,1933224,1763832621.0429118
HWH,2024-12-27,178112,1763832622.364909
HYAC.U,2024-10-28,25431,1763832623.445031
HYFM,2022-08-11,1165224,1763832625.600442
HYMC,2022-02-24,280253,1763832627.0766754
HYMC,2022-03-07,713583,1763832628.791306
HYMC,2022-03-08,12718202,1763832640.086191
HYMC,2022-03-10,13986779,1763832650.0119908
HYMC,2022-03-11,35174825,1763832690.559038
HYMC,2022-03-15,28075696,1763832707.8696604
HYMC,2022-03-28,26572001,1763832722.1275527
HYMC,2022-03-29,52651537,1763832749.5166578
HYMC,2022-05-05,7622221,1763832753.9798396
HYMC,2022-09-13,4659714,1763832757.3124957
HYMC,2023-03-13,3270386,1763832759.7413065
HYMC,2023-11-15,587534,1763832761.2043798
HYMC,2024-04-11,1285382,1763832762.8852909
HYPR,2021-12-27,444111,1763832764.2342508
HYPR,2022-07-25,269494,1763832765.5365853
HYPR,2022-10-25,118023,1763832766.7793338
HYPR,2022-12-12,715234,1763832768.137654
HYPR,2023-01-31,3971866,1763832770.8665109
HYPR,2023-02-14,3987783,1763832773.668286
HYPR,2023-03-06,524541,1763832775.2354517
HYPR,2023-07-18,2339862,1763832777.234469
IBEX,2020-09-25,289816,1763832778.5136178
IBG,2024-10-11,319395,1763832779.9163604
IBG,2024-11-14,806691,1763832781.6489613
IBG,2024-11-21,1951426,1763832786.7112885
IBIO,2020-01-21,1422090,1763832791.7565715
IBIO,2020-02-04,9080835,1763832801.9717846
IBIO,2020-02-27,12912994,1763832817.958808
IBIO,2020-02-28,33758459,1763832866.254337
IBIO,2020-03-04,15046467,1763832884.1496868
IBIO,2020-03-18,8306835,1763832894.3566525
IBIO,2020-04-28,10545073,1763832905.4143088
IBIO,2020-05-18,7820000,1763832915.4328208
IBIO,2020-06-26,17780385,1763832937.0745134
IBIO,2020-07-15,11886486,1763832946.6126072
IBIO,2020-07-20,44633571,1763832999.041216
IBIO,2020-08-24,16166994,1763833016.477738
IBIO,2021-05-05,14423782,1763833030.6765838
IBIO,2021-05-07,12178912,1763833045.7286155
IBIO,2021-11-29,2903795,1763833048.6844263
IBIO,2022-09-16,640438,1763833050.162237
IBIO,2022-12-20,278402,1763833051.4293532
IBIO,2023-01-03,238414,1763833052.6387484
IBIO,2023-02-06,822745,1763833054.3034985
IBIO,2023-02-07,1984199,1763833056.6423843
IBIO,2023-02-17,10769754,1763833066.9959064
IBIO,2023-02-21,5134266,1763833073.1658046
IBIO,2023-04-19,360012,1763833074.4247582
IBIO,2023-08-04,659647,1763833075.8757513
IBIO,2024-03-27,30595094,1763833092.3528395
IBIO,2024-03-28,38914348,1763833112.077555
IBIT,2024-01-11,9571360,1763833117.4502535
IBRX,2023-03-21,1944993,1763833119.4128258
IBRX,2023-04-13,2135762,1763833121.4836721
IBRX,2023-05-05,5221178,1763833124.813203
IBRX,2023-05-15,4462801,1763833127.8220384
IBRX,2023-10-24,4862890,1763833131.1022873
IBRX,2023-10-26,3906860,1763833135.3276353
IBRX,2023-10-27,8147914,1763833142.7780957
IBRX,2024-04-26,10565914,1763833153.853525
IBRX,2024-04-29,20817364,1763833177.4098363
IBRX,2024-10-25,14361233,1763833185.5177042
IBTA,2024-04-18,2760006,1763833187.616765
ICCC,2020-01-21,644889,1763833189.1300852
ICCC,2021-01-29,138500,1763833190.409654
ICCC,2022-04-25,50172,1763833191.7924125
ICCM,2021-12-27,1942595,1763833195.1404846
ICCM,2022-11-08,4061467,1763833199.4439306
ICCM,2022-12-20,20417147,1763833212.1066391
ICCM,2023-10-02,9209382,1763833217.4491143
ICCM,2023-10-05,2403148,1763833219.5187142
ICCM,2023-11-28,10950646,1763833225.8801856
ICG,2023-04-28,63667,1763833227.0928812
ICG,2024-08-16,50483,1763833228.223894
ICG,2024-08-30,104732,1763833229.4053607
ICG,2024-12-20,297859,1763833230.7426844
ICG,2024-12-27,258058,1763833232.0700164
ICHR,2020-04-06,529623,1763833233.4664
ICMB,2020-03-19,50752,1763833234.6111872
ICMB,2020-03-20,41794,1763833235.8112426
ICMB,2020-03-24,37357,1763833236.9446993
ICON,2020-04-15,180462,1763833238.1396272
ICON,2020-04-29,266281,1763833239.384284
ICON,2020-06-09,350615,1763833240.6942928
ICON,2020-07-14,2341023,1763833242.6966083
ICON,2020-08-04,1852900,1763833244.459811
ICON,2020-10-12,1768852,1763833246.1875393
ICON,2020-10-29,539199,1763833247.4967551
ICON,2020-12-04,3621162,1763833250.1589253
ICON,2021-01-29,2306413,1763833252.1047804
ICON,2021-02-03,606345,1763833254.0537558
ICON,2024-08-27,32629,1763833255.3563673
ICON,2024-11-22,176430,1763833257.1632566
ICU,2022-11-21,4144230,1763833260.4023001
ICU,2023-05-18,4117958,1763833263.7708888
ICU,2023-09-14,194682,1763833265.081529
ICU,2023-09-27,1160489,1763833266.665527
ICU,2023-09-29,3996329,1763833269.2548337
ICU,2023-10-02,7991481,1763833273.7328856
ICU,2023-10-03,16223248,1763833282.7830563
ICU,2023-10-18,12838482,1763833289.6407359
ICU,2023-10-19,21917266,1763833302.7133117
ICU,2023-10-27,6463222,1763833309.3910518
ICU,2023-11-27,534033,1763833310.8891463
ICU,2024-06-20,1399078,1763833312.7193701
ICU,2024-06-21,3289900,1763833314.8229773
ICU,2024-06-26,817348,1763833316.3495767
ICU,2024-07-01,568585,1763833317.752202
ICUI,2021-09-08,2173196,1763833319.6059253
IDAI,2022-01-19,16801,1763833320.7102005
IDAI,2022-04-12,89551,1763833322.1840594
IDAI,2022-04-28,13162720,1763833329.2040048
IDAI,2022-05-13,148879,1763833330.557516
IDAI,2022-06-24,37422,1763833331.664977
IDAI,2022-09-08,72528,1763833332.7952461
IDAI,2022-12-28,19378,1763833333.9296129
IDAI,2023-01-23,3166583,1763833336.3518405
IDAI,2023-02-03,109651,1763833337.5722406
IDAI,2023-04-12,964060,1763833339.0628104
IDAI,2023-04-13,4260839,1763833341.9573529
IDAI,2023-05-23,1649164,1763833343.6836874
IDAI,2023-05-31,4409064,1763833346.5596323
IDAI,2023-08-01,2742702,1763833348.7777514
IDAI,2023-08-02,17186532,1763833360.4341238
IDAI,2023-08-09,2314288,1763833362.4093378
IDAI,2023-08-17,1248351,1763833364.5974827
IDAI,2023-09-13,317889,1763833365.8946788
IDAI,2024-02-16,439883,1763833367.165063
IDAI,2024-03-13,783030,1763833368.5947585
IDAI,2024-05-23,505918,1763833370.0185294
IDAI,2024-07-11,286624,1763833371.330045
IDAI,2024-08-07,5612410,1763833374.8949053
IDAI,2024-11-04,1321930,1763833376.5491152
IDAI,2024-11-26,19500342,1763833387.1176028
IDAI,2024-11-27,34343964,1763833404.5945067
IDAI,2024-12-03,2584573,1763833406.9313624
IDAI,2024-12-04,2860383,1763833409.0033057
IDAI,2024-12-24,335486,1763833410.5482216
IDAI,2024-12-26,491677,1763833411.888159
IDAI,2024-12-27,6103086,1763833415.9758205
IDAI,2024-12-30,7938631,1763833420.3008318
IDN,2020-03-24,175713,1763833421.6381996
IDN,2020-04-06,200889,1763833422.9455917
IDN,2024-03-22,3067886,1763833425.5018
IDN,2024-03-25,5377425,1763833428.5731852
IDT,2020-10-02,4076456,1763833431.0990772
IDYA,2020-03-18,143274,1763833432.4574351
IDYA,2020-06-16,739491,1763833433.9360273
IDYA,2020-06-17,1448645,1763833435.7409587
IDYA,2022-09-12,1054427,1763833437.3574927
IDYA,2023-04-24,2154920,1763833439.2278936
IEP,2023-05-05,7131827,1763833444.30947
IFBD,2021-05-06,4144725,1763833447.072859
IFBD,2021-06-29,8281494,1763833452.0096626
IFBD,2022-02-09,2707043,1763833454.8515584
IFBD,2022-06-21,145797,1763833456.084575
IFBD,2022-09-09,2442820,1763833458.1570232
IFBD,2022-09-13,1884813,1763833460.052249
IFBD,2022-12-09,63711,1763833461.2054813
IFBD,2022-12-22,24993,1763833462.2935524
IFBD,2023-01-06,175766,1763833463.5436516
IFBD,2023-01-30,102332,1763833464.9776683
IFBD,2023-02-01,122420,1763833466.195689
IFBD,2023-05-18,3489124,1763833468.7201426
IFBD,2023-05-25,2807164,1763833471.0632944
IFBD,2023-06-12,7597029,1763833475.8494074
IFBD,2023-07-20,254743,1763833477.1377172
IFBD,2023-07-28,4651347,1763833480.0117347
IFBD,2023-08-31,4588943,1763833482.8916457
IFBD,2023-09-26,1976241,1763833485.4365208
IFBD,2023-10-19,1381995,1763833487.2680447
IFBD,2023-12-19,5377566,1763833490.9465494
IFBD,2023-12-29,1560384,1763833492.6177413
IFBD,2024-01-29,159208,1763833494.0286252
IFBD,2024-01-31,743866,1763833495.6819715
IFBD,2024-02-08,106047,1763833496.9688928
IFBD,2024-02-15,3878472,1763833499.7626452
IFBD,2024-02-16,5097446,1763833502.9314792
IFBD,2024-02-22,3013615,1763833505.6802125
IFBD,2024-02-23,3624979,1763833508.2638028
IFBD,2024-02-27,17351681,1763833520.0497713
IFBD,2024-03-06,7907155,1763833524.7430198
IFBD,2024-04-10,6978565,1763833529.082344
IFBD,2024-04-26,1356249,1763833530.8038158
IFBD,2024-11-27,6499507,1763833535.8986402
IFRX,2020-03-02,987798,1763833537.9523637
IFRX,2020-04-01,7158200,1763833542.3263953
IFRX,2020-04-30,736197,1763833543.923972
IFRX,2021-10-28,20508756,1763833556.9962437
IFRX,2022-06-27,310586,1763833558.5977354
IFRX,2022-06-28,992072,1763833560.3039072
IFRX,2022-07-26,1352449,1763833561.9103656
IFRX,2023-04-04,2887834,1763833564.2105725
IFRX,2023-04-05,19982550,1763833575.1859958
IFRX,2024-11-14,473068,1763833577.0109715
IGIC,2021-04-05,3129423,1763833579.6737578
IH,2020-10-12,3040404,1763833581.8519087
IH,2022-03-16,60986,1763833583.2431712
IH,2022-12-16,57941,1763833584.44452
IH,2023-01-06,78585,1763833585.6305573
IHRT,2020-03-13,557844,1763833587.16451
IHRT,2020-04-27,761802,1763833588.8468285
IHRT,2024-02-29,1339985,1763833590.5781472
IHRT,2024-11-07,1882834,1763833592.5153666
IINN,2021-10-26,24046897,1763833606.1010554
IINN,2021-10-28,9345971,1763833611.900228
IINN,2021-12-09,25168094,1763833626.7009103
IINN,2021-12-22,1405806,1763833629.2123768
IINN,2021-12-30,1759499,1763833631.980714
IINN,2022-01-31,11821850,1763833639.169003
IINN,2022-07-06,10526571,1763833645.1630313
IINN,2022-12-14,192850,1763833646.4769976
IINN,2023-01-23,484808,1763833647.8300996
IINN,2023-12-26,7070914,1763833651.728413
IINN,2024-02-14,8421825,1763833657.0958903
IINN,2024-12-23,130428,1763833658.8949528
IINNW,2021-10-26,857117,1763833660.359085
IINNW,2021-10-28,289207,1763833661.788701
IINNW,2021-12-09,277572,1763833663.175734
IINNW,2021-12-10,368709,1763833664.6038823
IINNW,2021-12-27,22046,1763833665.7476494
IKT,2022-08-08,224326,1763833667.1139574
IKT,2023-09-20,148064,1763833668.316618
IKT,2024-01-24,211293,1763833669.5672903
IKT,2024-01-26,451116,1763833670.9744563
IKT,2024-02-06,111291,1763833672.2573984
IKT,2024-05-15,127232,1763833673.4794931
IKT,2024-10-09,3125442,1763833677.0894425
IKT,2024-11-08,515869,1763833678.5692542
ILAG,2022-07-18,14067602,1763833686.7905953
ILAG,2022-08-02,7216700,1763833691.302162
ILAG,2022-08-05,9735995,1763833696.9065459
ILAG,2022-08-08,20195614,1763833708.6182768
ILAG,2022-08-15,3610047,1763833711.666389
ILAG,2022-09-27,3403867,1763833714.6203125
ILAG,2022-10-10,1797298,1763833716.5856779
ILAG,2022-10-14,7620428,1763833721.0695302
ILAG,2023-01-03,897149,1763833722.6071658
ILAG,2023-01-05,454250,1763833724.108556
ILAG,2023-04-28,976825,1763833725.827522
ILAG,2023-05-01,3887464,1763833728.8061068
ILAG,2024-02-13,817674,1763833730.509415
ILAG,2024-07-19,204302,1763833731.7792428
ILLR,2024-10-28,1036112,1763833733.66616
IMAX,2020-03-19,2331445,1763833735.9429824
IMCC,2021-11-24,413244,1763833737.4723673
IMCC,2023-01-05,67346,1763833738.774157
IMCC,2023-02-09,332709,1763833740.1274667
IMCC,2023-05-19,72830,1763833741.3712118
IMCC,2023-05-31,94082,1763833742.6122005
IMCC,2023-09-12,226094,1763833744.060017
IMCC,2024-01-26,512515,1763833745.525335
IMCC,2024-03-15,110199,1763833746.8065112
IMCC,2024-03-22,475166,1763833748.3606925
IMCC,2024-03-28,196813,1763833749.7653255
IMCC,2024-04-01,637601,1763833751.2113352
IMCC,2024-04-03,732183,1763833752.8769517
IMCC,2024-04-04,1045402,1763833754.6561863
IMCC,2024-04-30,1910789,1763833756.765407
IMCC,2024-05-01,8458287,1763833762.6513019
IMCC,2024-07-31,149220,1763833764.0848505
IMCC,2024-11-13,89452,1763833765.3293228
IMCC,2024-11-27,1085787,1763833767.056737
IMCR,2021-02-08,1645308,1763833769.025694
IMG,2024-11-26,14676252,1763833777.7275503
IMMP,2020-04-14,538580,1763833779.167529
IMMP,2020-04-23,627758,1763833780.5677962
IMMP,2020-07-15,6973459,1763833784.748618
IMMP,2020-12-10,42840124,1763833808.1236503
IMMP,2020-12-15,3392761,1763833810.5620437
IMMP,2021-03-25,16975456,1763833819.7011197
IMMP,2023-05-17,13404646,1763833826.949858
IMMR,2020-12-29,9574967,1763833831.7598524
IMMX,2021-12-17,2838947,1763833834.030548
IMMX,2022-01-03,29674655,1763833851.244064
IMMX,2022-01-04,44906464,1763833876.547939
IMMX,2022-01-12,9362885,1763833882.02317
IMMX,2022-05-20,13266937,1763833889.2061105
IMMX,2022-05-26,901976,1763833890.9270928
IMMX,2022-06-02,6322584,1763833894.8759532
IMMX,2022-12-09,56732,1763833896.186205
IMMX,2022-12-14,8315023,1763833900.7394745
IMMX,2023-10-02,428355,1763833902.1227205
IMMX,2023-12-14,713538,1763833903.6495214
IMMX,2023-12-15,1125028,1763833905.2952623
IMMX,2024-10-17,104072,1763833906.4932482
IMMX,2024-11-27,139952,1763833907.853708
IMNM,2021-02-18,6727597,1763833911.3047564
IMNM,2021-02-24,940249,1763833912.9918647
IMNM,2021-07-20,9097352,1763833917.9996214
IMNM,2022-03-18,90661,1763833919.2015815
IMNM,2022-03-28,254568,1763833920.4868186
IMNM,2022-05-19,97180,1763833921.727823
IMNM,2022-06-30,113044,1763833923.0266528
IMNM,2023-01-03,61619,1763833924.1171894
IMNM,2023-01-05,121393,1763833925.2898197
IMNM,2023-06-29,4905227,1763833928.3137238
IMNM,2024-02-06,1322427,1763833930.041304
IMNN,2024-02-28,694554,1763833931.4366212
IMNN,2024-03-26,71116,1763833932.5514803
IMNN,2024-03-28,296817,1763833933.9713633
IMNN,2024-07-30,28504525,1763833950.1768079
IMPP,2022-01-03,106354,1763833951.5826056
IMPP,2022-01-27,1152723,1763833953.1803522
IMPP,2022-01-28,15306031,1763833962.1135468
IMPP,2022-02-22,7291406,1763833966.2376244
IMPP,2022-02-23,15191615,1763833974.954466
IMPP,2022-02-24,16893289,1763833984.8325362
IMPP,2022-02-25,17803356,1763833994.7494855
IMPP,2022-02-28,19419964,1763834005.9155946
IMPP,2022-03-02,12356577,1763834012.4551241
IMPP,2022-03-04,20560189,1763834024.3733542
IMPP,2022-03-07,40551152,1763834050.0866654
IMPP,2022-03-09,28904027,1763834067.0817578
IMPP,2022-03-17,10647681,1763834073.3898473
IMPP,2022-03-23,11391175,1763834079.9094615
IMPP,2022-05-16,3204060,1763834082.4380252
IMPP,2022-05-27,5561686,1763834085.8405423
IMPP,2022-06-08,12000585,1763834092.4072201
IMPP,2023-02-13,1563285,1763834094.276783
IMPP,2023-03-27,2030817,1763834096.0676076
IMPP,2023-05-08,2467978,1763834098.0717483
IMRN,2020-02-27,58486,1763834099.2021716
IMRN,2020-04-08,15952,1763834100.3044906
IMRN,2020-04-20,260611,1763834101.568655
IMRN,2020-06-09,22485987,1763834112.7922935
IMRN,2020-06-12,6980307,1763834116.7376988
IMRN,2020-06-19,1902618,1763834118.6366222
IMRN,2020-07-20,20448878,1763834129.3974795
IMRN,2020-07-21,27310889,1763834143.9800322
IMRN,2020-11-11,1600203,1763834145.7477076
IMRN,2022-01-12,9173449,1763834150.9398685
IMRN,2022-12-23,3524880,1763834153.5095592
IMRN,2022-12-27,310757,1763834154.8564713
IMRN,2023-05-08,6015772,1763834159.0102012
IMRN,2024-03-07,14223832,1763834166.5314848
IMRX,2024-03-18,4345151,1763834169.4972658
IMRX,2024-06-11,284590,1763834170.8512585
IMRX,2024-08-01,11610410,1763834177.479663
IMRX,2024-09-13,17999300,1763834187.6535017
IMRX,2024-09-16,24079151,1763834201.1156979
IMRX,2024-09-20,4929240,1763834204.3526132
IMTE,2020-06-17,1779153,1763834206.2135203
IMTE,2020-12-29,1439158,1763834207.8474991
IMTE,2021-02-01,4281428,1763834210.773388
IMTE,2021-03-15,409987,1763834212.0778792
IMTE,2021-03-17,6079415,1763834217.258114
IMTE,2021-03-22,4454953,1763834220.4657638
IMTE,2021-06-04,1244268,1763834222.192231
IMTE,2021-07-09,1466792,1763834223.9398267
IMTE,2021-07-12,3739221,1763834226.548805
IMTE,2021-07-13,5989339,1763834230.875198
IMTE,2021-12-30,8047898,1763834235.589975
IMTE,2022-03-25,448807,1763834237.0178802
IMTE,2022-03-31,1680680,1763834238.8153803
IMTE,2022-08-02,465228,1763834240.2202613
IMTE,2022-09-16,2106875,1763834242.102571
IMTE,2023-04-28,63337,1763834243.2352307
IMTE,2023-10-02,36201,1763834244.3390038
IMTE,2023-10-27,120341,1763834245.5198355
IMTE,2024-04-22,26088,1763834246.6639044
IMTE,2024-04-30,159400,1763834247.7988393
IMTE,2024-10-24,138790,1763834248.972386
IMTE,2024-10-29,246878,1763834250.2229939
IMTE,2024-11-07,62704,1763834251.4007392
IMTE,2024-11-27,35013,1763834253.1042547
IMTX,2021-03-17,11171543,1763834259.3956828
IMTX,2023-05-02,1906792,1763834261.3351915
IMUX,2020-03-17,54906,1763834262.4784977
IMUX,2020-03-25,129069,1763834263.6566052
IMUX,2020-04-22,1026041,1763834265.1744187
IMUX,2020-08-03,1369273,1763834266.990457
IMUX,2021-02-16,289013,1763834268.245279
IMUX,2022-08-04,305938,1763834269.5749595
IMUX,2022-10-10,10366205,1763834276.072904
IMUX,2022-10-11,15769522,1763834286.0783193
IMUX,2023-07-05,885759,1763834287.5931652
IMVT,2021-03-08,5386461,1763834290.8899407
IMVT,2022-09-29,2551389,1763834293.0240724
IMVT,2022-10-04,4094435,1763834296.0165033
IMVT,2023-09-26,15466350,1763834304.8251812
IMXI,2020-05-01,624789,1763834306.3053632
INAB,2022-02-08,169706,1763834307.5714128
INAB,2022-03-21,56994,1763834308.7666228
INAB,2022-06-15,21222,1763834309.840785
INAB,2022-07-27,22963,1763834310.9145794
INAB,2022-08-17,238562,1763834312.1411214
INAB,2022-08-30,10504413,1763834318.0152588
INAB,2023-04-24,22791021,1763834331.08246
INAB,2023-12-12,4029602,1763834334.029425
INAB,2023-12-14,891299,1763834335.6184256
INAB,2024-10-21,2157780,1763834337.5504532
INAB,2024-11-04,513770,1763834338.9045613
INAB,2024-11-05,639907,1763834340.2949345
INAB,2024-12-02,379757,1763834341.6155615
INBS,2022-12-12,50686,1763834342.76485
INBS,2023-01-23,13898674,1763834350.7544584
INBS,2023-01-24,16990293,1763834362.475807
INBS,2023-05-02,522261,1763834364.0119913
INBS,2023-11-09,16576370,1763834372.756061
INBS,2023-11-10,22271816,1763834385.0932279
INBS,2023-11-30,1070303,1763834386.8789492
INBS,2023-12-19,6569663,1763834390.8410733
INBS,2024-01-29,2070115,1763834392.7510583
INBS,2024-02-02,22713668,1763834405.8117564
INBS,2024-02-09,22801520,1763834418.8789208
INBS,2024-09-09,17952454,1763834428.8825452
INBX,2021-10-12,1109896,1763834430.6722305
INBX,2022-10-04,3950564,1763834433.8882792
INCR,2024-11-18,190333,1763834435.2258701
INDI,2022-05-13,1751228,1763834437.3342605
INDI,2024-11-08,7880046,1763834442.1253545
INDP,2021-09-15,46872066,1763834470.8607185
INDP,2021-09-16,63481258,1763834507.415303
INDP,2023-11-06,88346,1763834509.1135497
INDP,2024-09-27,61143,1763834510.3026454
INDP,2024-10-22,931286,1763834511.757841
INGN,2023-12-07,803658,1763834513.699785
INGN,2024-08-07,746230,1763834515.571388
INHD,2024-04-29,3706875,1763834519.4275427
INHD,2024-06-06,468717,1763834520.9315426
INHD,2024-10-09,12380399,1763834528.5325358
INHD,2024-10-18,431533,1763834530.0677319
INHD,2024-10-25,2112363,1763834532.0128028
INHD,2024-11-06,189374,1763834533.2896452
INHD,2024-11-13,384202,1763834534.6334596
INKT,2022-04-12,200615,1763834535.8543904
INKT,2022-06-07,80381,1763834537.0194328
INKT,2022-08-10,400308,1763834538.3749614
INKT,2022-08-15,3187013,1763834540.9700508
INKT,2022-08-17,697743,1763834542.4251628
INKT,2022-11-11,62535,1763834543.6486697
INKT,2023-05-03,587820,1763834545.2832572
INKT,2023-06-15,219274,1763834546.5792487
INKT,2023-10-04,141791,1763834547.8934681
INKT,2024-04-04,176773,1763834549.1871195
INKT,2024-04-05,490441,1763834550.5886655
INM,2021-02-03,528020,1763834551.975075
INM,2021-09-29,702931,1763834553.5631213
INM,2021-11-17,13910577,1763834561.7040584
INM,2022-03-24,134795,1763834563.0024285
INM,2022-04-21,513413,1763834564.3963776
INM,2022-07-14,283023,1763834565.656574
INM,2022-09-01,97855,1763834566.8187914
INM,2022-09-06,691227,1763834568.1701946
INM,2022-09-07,1377912,1763834570.0871208
INM,2022-09-09,1673498,1763834571.854983
INM,2022-09-12,12553153,1763834578.0488312
INM,2022-09-27,2162168,1763834580.1493053
INM,2022-09-30,2119118,1763834582.297529
INM,2022-11-15,221347,1763834583.8169513
INM,2022-11-16,6628911,1763834587.4337966
INM,2022-12-29,173417,1763834588.8333826
INM,2022-12-30,590258,1763834590.2953992
INM,2023-01-03,709807,1763834591.6745865
INM,2023-01-04,3107762,1763834593.8673685
INM,2023-01-10,870892,1763834595.3442957
INM,2023-03-06,59653,1763834596.599244
INM,2023-03-13,243787,1763834597.8154933
INM,2023-03-20,3284921,1763834600.4204726
INM,2023-04-20,198165,1763834601.6191697
INM,2023-10-24,14892153,1763834610.5891132
INM,2023-11-17,129323,1763834611.9098513
INM,2024-03-07,148020,1763834613.1337738
INM,2024-03-12,62433,1763834614.367277
INM,2024-04-04,531560,1763834615.7581677
INM,2024-06-18,472984,1763834617.1515334
INM,2024-08-20,21633337,1763834628.377808
INM,2024-10-21,385515,1763834629.8330956
INMB,2020-03-11,187046,1763834631.0775206
INMB,2020-07-13,941132,1763834632.615652
INMB,2020-07-14,14780872,1763834640.2114966
INMB,2020-07-20,1218013,1763834641.8792307
INMB,2020-12-24,394961,1763834643.3441606
INN,2020-11-09,1270937,1763834644.8691814
INNpE,2020-03-19,86666,1763834646.02759
INNpE,2020-03-24,44697,1763834647.1150467
INNpE,2020-03-25,55413,1763834648.314273
INNpE,2020-03-26,57384,1763834649.407276
INO,2020-01-27,11126291,1763834655.859278
INO,2020-03-03,17722755,1763834665.786521
INO,2020-03-06,46819286,1763834702.408127
INO,2020-03-09,56684569,1763834732.8609588
INO,2020-03-11,27173781,1763834749.2660134
INO,2020-03-12,30019376,1763834766.5126247
INO,2020-06-23,31441074,1763834784.1443665
INO,2020-06-25,51746157,1763834811.3132796
INO,2020-09-16,27103368,1763834826.804835
INO,2020-11-10,11764602,1763834833.255683
INO,2021-02-01,25684480,1763834847.8288739
INO,2023-07-05,2245655,1763834849.969069
INO,2023-10-10,3998014,1763834852.712477
INO,2024-01-05,1721749,1763834854.6270213
INOD,2020-08-19,431566,1763834855.9326909
INOD,2020-09-29,414858,1763834857.213475
INOD,2020-11-12,586452,1763834858.5704415
INOD,2021-03-11,258369,1763834859.9867997
INOD,2022-03-17,220381,1763834861.2908123
INOD,2023-02-01,187757,1763834862.5012672
INOD,2023-05-08,405435,1763834863.9312453
INOD,2024-05-08,6402503,1763834867.7027135
INOD,2024-11-08,5945375,1763834871.6392922
INR,2020-01-07,35491,1763834872.8095217
INSE,2020-03-26,50812,1763834874.0598133
INSE,2020-04-17,681244,1763834875.4396906
INSE,2020-04-27,507232,1763834877.0278955
INSE,2020-06-01,405560,1763834878.3393328
INSE,2020-07-10,241996,1763834879.670329
INSG,2023-05-04,2515605,1763834881.5366318
INSG,2023-05-08,1927109,1763834884.7678914
INSG,2023-10-31,281670,1763834886.068164
INSG,2023-11-02,311896,1763834887.382447
INSG,2024-01-24,301944,1763834888.6895335
INSG,2024-02-29,280370,1763834890.0127983
INSG,2024-04-19,176917,1763834891.2698164
INSG,2024-05-10,738106,1763834892.7004197
INSG,2024-08-08,321475,1763834894.017002
INSM,2020-02-03,3541180,1763834896.601235
INSM,2024-05-28,11652602,1763834903.2321663
INSP,2020-11-03,1734641,1763834905.0348744
INTG,2021-03-04,33331,1763834906.1655295
INTG,2021-06-03,121858,1763834907.3308873
INTJ,2024-05-21,395723,1763834908.7320602
INTR,2022-07-01,368763,1763834910.0623612
INTR,2022-07-05,513683,1763834911.3498287
INTS,2023-11-28,20829,1763834912.4563637
INTS,2023-12-01,29811,1763834913.571939
INTS,2023-12-04,82908,1763834914.7708387
INTS,2023-12-08,14486798,1763834923.0018127
INTS,2023-12-13,665636,1763834924.6129484
INTZ,2021-02-26,566732,1763834926.0484133
INTZ,2021-03-31,453266,1763834927.4233286
INTZ,2021-05-14,481376,1763834928.9140854
INTZ,2021-07-27,13146764,1763834935.6162934
INTZ,2022-02-24,364797,1763834936.984525
INTZ,2022-07-12,117564,1763834938.1456225
INTZ,2023-05-11,84865,1763834939.4338536
INTZ,2023-10-10,3556557,1763834943.33381
INTZ,2023-10-16,219986,1763834944.6787362
INTZ,2023-11-08,540378,1763834946.0587163
INTZ,2024-04-02,212889,1763834947.3114965
INTZ,2024-04-17,1131925,1763834949.0550814
INTZ,2024-05-14,383357,1763834950.4456532
INTZ,2024-12-27,26429836,1763834968.8028524
INTZ,2024-12-30,52171193,1763835002.0831325
INVE,2020-03-19,44772,1763835003.5663655
INVE,2020-05-08,100744,1763835004.7486606
INVE,2023-05-05,198172,1763835005.9975226
INVZ,2023-12-11,3143735,1763835008.5237691
INVZ,2024-12-23,3020220,1763835010.696559
INVZW,2021-05-20,19979,1763835011.8176484
INVZW,2021-08-31,71017,1763835012.9369345
INVZW,2022-01-31,79551,1763835014.083465
INVZW,2022-02-25,35728,1763835015.2125778
INVZW,2022-04-21,18217,1763835016.4535089
INVZW,2022-04-27,60968,1763835017.5788648
INVZW,2022-05-02,97324,1763835018.7143059
INVZW,2022-05-13,13476,1763835019.8125455
INVZW,2022-12-28,22069,1763835020.9125288
INVZW,2023-03-16,21253,1763835022.0006714
INVZW,2023-03-31,30495,1763835023.099295
INVZW,2023-07-31,16860,1763835024.192377
INVZW,2023-08-03,20892,1763835025.2872825
INVZW,2023-08-30,33498,1763835026.438192
IOBT,2021-12-03,1516406,1763835028.1905024
IOBT,2022-04-04,64978,1763835029.3092046
IOBT,2022-11-28,47613,1763835030.4379797
IOBT,2023-06-15,1479185,1763835032.271531
IOBT,2024-09-17,1330305,1763835034.0468812
IONQ,2021-11-16,10922253,1763835042.8042202
IONQ,2022-08-16,8021010,1763835048.7459383
IONQ,2023-03-31,9790933,1763835054.290084
IONQ,2024-11-07,31863008,1763835070.4828136
IONQ.WS,2021-11-05,504085,1763835072.0553863
IONQ.WS,2021-11-16,592294,1763835073.4262197
IONQ.WS,2021-11-17,811231,1763835074.8144772
IONQ.WS,2021-12-07,189939,1763835076.2544599
IONQ.WS,2022-05-13,43957,1763835077.3706548
IONQ.WS,2022-05-17,34678,1763835078.4841309
IONQ.WS,2022-08-03,29998,1763835079.588897
IONQ.WS,2022-08-16,88446,1763835080.712218
IONQ.WS,2023-03-31,45403,1763835081.8142884
IONQ.WS,2023-05-22,128766,1763835082.9770823
IONQ.WS,2023-06-28,76766,1763835084.0921626
IONQ.WS,2023-07-28,83598,1763835085.2491665
IONQ.WS,2023-08-11,119813,1763835086.430299
IONQ.WS,2024-03-07,42685,1763835087.531197
IONQ.WS,2024-08-26,22013,1763835088.639076
IONQ.WS,2024-09-27,47307,1763835089.7820573
IONQ.WS,2024-10-16,54749,1763835090.914073
IONQ.WS,2024-11-07,508612,1763835092.309266
IONQ.WS,2024-11-08,727031,1763835094.23308
IONQ.WS,2024-11-13,320934,1763835095.6896646
IONQ.WS,2024-12-16,264688,1763835097.0181546
IONQ.WS,2024-12-20,207968,1763835098.3517864
IONR,2023-01-13,261180,1763835099.6843143
IOT,2023-06-02,8925452,1763835107.2840462
IOVA,2020-02-25,4045762,1763835112.247073
IOVA,2020-03-24,2617744,1763835114.6278522
IOVA,2024-02-20,13685364,1763835124.477662
IOVA,2024-02-21,24280193,1763835140.897625
IPDN,2020-06-25,2400423,1763835142.9845304
IPDN,2020-08-05,3747179,1763835145.4652314
IPDN,2020-09-25,356306,1763835146.7720323
IPDN,2020-10-07,464055,1763835148.089772
IPDN,2020-12-10,356331,1763835149.382377
IPDN,2020-12-30,16834747,1763835158.5925405
IPDN,2021-01-08,1763031,1763835160.445358
IPDN,2021-02-03,612793,1763835161.8595512
IPDN,2021-02-17,1026281,1763835163.3929746
IPDN,2021-03-01,250351,1763835164.6945367
IPDN,2021-03-18,2175301,1763835166.5974522
IPDN,2021-07-06,1406545,1763835168.1347198
IPDN,2022-12-16,75253,1763835169.2853546
IPDN,2023-11-27,49269,1763835170.409176
IPDN,2024-06-03,61098,1763835171.59655
IPDN,2024-06-18,83453,1763835172.7707455
IPDN,2024-10-02,340935,1763835174.1991768
IPDN,2024-10-03,550895,1763835175.730165
IPDN,2024-12-30,47169,1763835176.9090412
IPHA,2020-03-23,71134,1763835178.0894332
IPHA,2021-09-02,6014226,1763835184.8863225
IPHA,2021-09-03,14243606,1763835193.3618646
IPHA,2021-09-17,16117294,1763835205.6544347
IPHA,2022-06-21,76527,1763835206.8588881
IPHA,2022-09-21,47215,1763835207.9952512
IPHA,2022-12-19,564275,1763835209.3359625
IPHA,2022-12-27,192564,1763835210.4953926
IPHA,2024-12-09,4389290,1763835214.178148
IPHA,2024-12-13,3057560,1763835217.0349073
IPI,2020-12-31,1377483,1763835218.61414
IPSC,2023-12-06,291721,1763835219.8956766
IPW,2021-06-08,727311,1763835221.4393969
IPW,2021-06-30,2318899,1763835223.6646962
IPW,2021-07-07,2439793,1763835226.3629112
IPW,2021-12-09,1624852,1763835228.6274934
IPW,2022-02-15,3645126,1763835232.0085237
IPW,2022-03-10,168615,1763835233.246784
IPW,2023-01-04,25612,1763835234.3413382
IPW,2023-01-13,103873,1763835235.5313513
IPW,2023-01-17,74522,1763835236.6593258
IPW,2023-01-25,62553,1763835237.7991679
IPW,2023-06-12,104328,1763835238.92855
IPW,2023-06-16,47001,1763835240.0397892
IPW,2024-01-08,65784,1763835241.2007508
IPW,2024-05-14,89595,1763835242.3404982
IPW,2024-05-15,1652246,1763835244.024191
IPW,2024-05-17,2194819,1763835245.9028196
IPW,2024-05-24,434018,1763835247.2870538
IPW,2024-05-28,379536,1763835248.6641011
IPW,2024-06-13,469310,1763835250.1869104
IPW,2024-09-23,249201,1763835251.4950485
IPW,2024-12-09,86151,1763835252.701049
IPWR,2020-03-24,25885,1763835254.929535
IPWR,2020-04-24,154084,1763835256.4499602
IPWR,2020-06-10,125524,1763835258.0121555
IPWR,2020-06-11,315985,1763835259.736333
IPWR,2020-07-01,366835,1763835261.357124
IPWR,2020-11-18,653569,1763835262.9660087
IPWR,2021-01-21,3704111,1763835266.0215335
IPWR,2021-01-25,1479974,1763835268.1067271
IPWR,2021-02-03,1240944,1763835271.1617134
IPWR,2021-07-20,357382,1763835272.4765913
IPWR,2024-02-20,66799,1763835273.6005554
IPWR,2024-02-21,143808,1763835274.8456342
IPWR,2024-08-08,109275,1763835276.1239583
IPX,2022-09-09,45559,1763835277.2805731
IPX,2023-04-21,44574,1763835278.4045799
IPX,2023-06-13,8595829,1763835283.8754754
IQ,2020-06-16,15758950,1763835293.1683927
IQ,2022-03-01,8756017,1763835299.0612307
IQ,2022-03-16,8943604,1763835304.8054347
IQ,2022-03-18,7301931,1763835309.8521461
IQ,2022-03-22,7079602,1763835314.792928
IQST,2023-06-02,35956,1763835316.0594504
IQST,2023-07-05,56034,1763835317.1825671
IQST,2024-01-22,38851,1763835318.2548664
IQST,2024-02-05,41614,1763835319.3413286
IQST,2024-12-02,96629,1763835320.463771
IRBT,2021-01-25,5743654,1763835324.1289108
IRBT,2021-01-27,6280146,1763835327.805069
IRBT,2023-11-24,4003517,1763835330.7165568
IRD,2024-12-19,186104,1763835331.9459581
IREN,2023-02-14,2483689,1763835333.9153109
IREN,2023-02-15,4420066,1763835336.5684185
IREN,2023-12-21,4786260,1763835339.8204613
IREN,2024-11-27,11998924,1763835351.7123144
IRIX,2020-01-14,264279,1763835353.2861612
IRIX,2020-02-11,85008,1763835354.4672465
IRIX,2020-06-02,57470,1763835355.8159454
IRIX,2020-08-10,77364,1763835358.0820835
IRIX,2020-12-29,1294230,1763835359.7330413
IRIX,2021-01-12,2572472,1763835361.9229493
IRIX,2024-11-13,81652,1763835363.0556586
IRON,2024-11-04,1684354,1763835365.1880307
IRS,2020-07-06,129406,1763835366.3776104
IRS.WS,2021-06-08,20032,1763835367.4819834
IRS.WS,2021-06-09,32625,1763835368.5740397
IRS.WS,2024-11-07,13983,1763835369.6988156
IRTC,2020-08-04,1898560,1763835371.571834
IRTC,2021-09-13,3381056,1763835374.447198
IRTC,2021-11-03,5743052,1763835378.3003564
IRTC,2022-01-10,2125433,1763835380.2882166
IRWD,2024-12-20,2781601,1763835382.519844
ISPC,2021-11-22,24623867,1763835401.3470092
ISPC,2021-11-23,36357806,1763835428.4660685
ISPC,2021-11-26,25170327,1763835446.849504
ISPC,2021-11-29,43411262,1763835480.2917109
ISPC,2021-12-03,4328618,1763835484.8831291
ISPC,2021-12-21,3316962,1763835489.069894
ISPC,2021-12-30,3173372,1763835492.716713
ISPC,2022-07-07,513930,1763835494.235088
ISPC,2022-09-22,122992,1763835495.4313867
ISPC,2024-04-18,2469121,1763835497.7809062
ISPC,2024-05-06,376261,1763835499.120474
ISPC,2024-05-17,70431,1763835500.290186
ISPC,2024-05-22,1080843,1763835501.934052
ISPC,2024-05-30,1774368,1763835503.9234169
ISPC,2024-06-06,5910300,1763835508.2565286
ISPC,2024-06-14,1279969,1763835510.1528964
ISPC,2024-07-11,3070680,1763835512.9518213
ISPC,2024-07-16,908693,1763835514.6588552
ISPC,2024-08-06,193989,1763835515.8743234
ISPC,2024-09-23,727884,1763835517.4351268
ISPC,2024-10-21,4932067,1763835521.1600478
ISPC,2024-12-13,1286105,1763835522.9085116
ISPC,2024-12-18,262242,1763835524.211025
ISPC,2024-12-20,905536,1763835525.7498653
ISPO,2022-02-17,11932306,1763835532.7362053
ISPO,2022-02-25,2857741,1763835536.7802246
ISPO,2023-01-12,190552,1763835538.12478
ISPO,2023-01-17,264742,1763835539.459984
ISPO,2023-05-10,783980,1763835541.260656
ISPO,2024-07-29,2064309,1763835543.9376342
ISPO,2024-07-30,11276521,1763835551.0694766
ISPO,2024-08-16,336171,1763835552.4034505
ISPOW,2022-02-17,4039862,1763835555.7433567
ISPOW,2022-02-25,475049,1763835557.153446
ISPOW,2022-03-01,221875,1763835558.4851851
ISPOW,2022-03-03,659708,1763835560.0569084
ISPOW,2022-03-10,297615,1763835561.3716936
ISPOW,2022-03-31,384763,1763835562.7720625
ISPOW,2022-05-17,36749,1763835563.8777988
ISPOW,2022-05-25,57267,1763835565.0050685
ISPR,2023-06-27,626776,1763835566.467208
ISPR,2023-11-14,436963,1763835567.8741794
ISSC,2020-04-16,56647,1763835569.0151896
ISSC,2020-05-14,71583,1763835570.1479266
ISSC,2024-05-24,296871,1763835571.532178
ITRI,2020-03-19,664789,1763835573.1200056
ITRM,2020-03-25,37037,1763835574.2630582
ITRM,2020-05-19,467945,1763835575.6989176
ITRM,2020-09-30,20032300,1763835590.0257025
ITRM,2020-10-20,2854812,1763835592.6786199
ITRM,2020-11-24,2320080,1763835595.2451048
ITRM,2020-12-03,6616511,1763835600.065068
ITRM,2021-01-20,6886602,1763835605.192006
ITRM,2021-02-09,21618264,1763835619.89087
ITRM,2021-10-26,2152554,1763835621.938206
ITRM,2022-06-29,299736,1763835623.2360415
ITRM,2022-07-11,6197486,1763835627.3221796
ITRM,2023-03-16,131154,1763835628.5724828
ITRM,2023-11-16,177696,1763835629.7808168
ITRM,2023-11-17,305497,1763835631.0890007
ITRM,2023-11-21,132844,1763835632.2809854
ITRM,2023-12-26,77418,1763835633.4340544
ITRM,2024-01-30,5848897,1763835637.355175
ITRM,2024-10-25,13123978,1763835645.5149922
ITRN,2020-09-18,260230,1763835646.926873
IVA,2022-10-07,901035,1763835648.80927
IVA,2022-11-11,40286,1763835649.9269135
IVA,2023-05-31,216772,1763835651.252723
IVA,2023-06-14,2096757,1763835653.763827
IVA,2024-10-14,4384089,1763835656.6550615
IVDA,2022-03-01,14068,1763835657.8246784
IVDA,2022-04-11,8434607,1763835664.3951175
IVDA,2022-04-18,601160,1763835665.8030255
IVDA,2022-08-08,2987285,1763835668.6893554
IVDA,2022-09-28,25302,1763835669.7860627
IVDA,2023-01-30,350822,1763835671.064101
IVDA,2023-02-01,1055326,1763835672.7704587
IVDA,2023-02-06,1738472,1763835674.640923
IVDA,2024-02-13,77748,1763835675.828879
IVDA,2024-02-20,322279,1763835677.1555002
IVDA,2024-08-19,94573,1763835678.3067603
IVDA,2024-10-30,652436,1763835679.787589
IVDA,2024-12-17,428042,1763835681.1941292
IVDA,2024-12-20,276746,1763835682.6899831
IVDA,2024-12-23,427330,1763835684.0323298
IVDA,2024-12-26,131655,1763835685.1815703
IVDA,2024-12-27,438124,1763835686.5870466
IVDA,2024-12-30,863482,1763835688.385597
IVDAW,2022-04-11,62027,1763835689.4832795
IVP,2023-08-31,2002606,1763835691.7872186
IVP,2023-09-21,246120,1763835693.0912566
IVP,2023-11-21,330809,1763835694.4151084
IVP,2024-01-04,447213,1763835695.8282976
IVP,2024-01-25,573084,1763835697.2678113
IVP,2024-01-26,11694684,1763835704.5234413
IVP,2024-01-30,5147189,1763835707.8641722
IVP,2024-02-15,1998867,1763835710.06836
IVP,2024-02-21,4405349,1763835713.4510064
IVP,2024-03-11,1918757,1763835715.3437102
IVP,2024-05-08,6158266,1763835718.8853269
IVP,2024-05-09,9255473,1763835724.6429036
IVP,2024-06-27,763973,1763835726.257586
IVP,2024-07-03,4288448,1763835729.4654636
IVP,2024-07-05,1988065,1763835731.5157306
IVP,2024-07-08,15118097,1763835741.2013712
IVP,2024-07-10,11163692,1763835747.6415412
IVP,2024-07-12,14007935,1763835755.546844
IVP,2024-07-15,15805403,1763835764.5888307
IVP,2024-07-18,2447521,1763835766.6459084
IVP,2024-07-24,1914892,1763835768.5191712
IVP,2024-09-05,4713822,1763835771.6436584
IVP,2024-09-09,4834710,1763835774.9659007
IVP,2024-10-02,1852846,1763835776.9365437
IVP,2024-10-21,18410044,1763835786.1890924
IVP,2024-10-22,23422856,1763835800.055045
IVR,2020-03-26,10620470,1763835805.6141596
IVR,2020-04-06,5657083,1763835809.0036874
IVR,2020-04-07,8028208,1763835814.8834512
IVR,2020-04-08,10566074,1763835821.295707
IVR,2020-04-09,10855774,1763835827.7510505
IVR,2020-06-05,15056869,1763835835.6552265
IVR,2020-06-08,29581694,1763835849.874148
IVRpC,2020-03-19,103207,1763835851.2012706
IVRpC,2020-03-25,197205,1763835852.4045417
IVRpC,2020-03-26,202125,1763835853.7039845
IVRpC,2020-04-06,95100,1763835854.856802
IVRpC,2020-04-07,91013,1763835856.154595
IVRpC,2020-04-08,105159,1763835857.3061838
IVVD,2023-04-19,327828,1763835858.5636876
IVVD,2023-12-18,15187520,1763835867.1225584
IVVD,2024-03-22,1125412,1763835868.8655267
IVVD,2024-06-27,1030731,1763835870.555046
IXHL,2022-03-11,14772,1763835871.6599057
IXHL,2022-03-14,99224,1763835872.8187327
IXHL,2022-03-15,2192304,1763835875.0620818
IXHL,2022-08-05,45238,1763835876.3483696
IXHL,2023-07-06,1958557,1763835878.2093153
IXHL,2023-11-30,356114,1763835879.4657397
IXHL,2023-12-04,375588,1763835880.857456
IXHL,2023-12-05,997627,1763835882.5015333
IXHL,2024-02-21,411389,1763835883.875668
IXHL,2024-02-28,7950540,1763835890.3730457
IZEA,2020-03-31,959231,1763835892.107533
IZEA,2020-04-17,1163723,1763835894.001079
IZEA,2020-05-04,3978985,1763835897.000423
IZEA,2020-05-06,7393840,1763835901.9831128
IZEA,2020-05-07,7923735,1763835907.0299828
IZEA,2020-05-14,4507886,1763835912.03756
IZEA,2020-05-26,3285317,1763835916.3990684
IZEA,2020-06-08,3755950,1763835920.69645
IZEA,2020-06-09,17304807,1763835934.0463593
IZEA,2020-06-11,14222586,1763835942.6932364
IZEA,2020-07-31,3490363,1763835945.479083
IZEA,2020-08-05,7238464,1763835950.0816154
IZEA,2020-11-09,962589,1763835954.741299
IZEA,2020-12-14,2000550,1763835957.97004
IZEA,2020-12-21,2409504,1763835960.0315528
IZEA,2020-12-24,3769752,1763835962.661784
IZEA,2021-01-19,2291665,1763835964.5076897
IZEA,2021-01-25,5846241,1763835967.931937
IZEA,2021-10-22,3064795,1763835971.3818488
IZM,2023-04-12,80990,1763835972.5026736
IZM,2023-04-14,612729,1763835973.8672645
IZM,2023-04-18,62465,1763835974.9954896
IZM,2023-05-11,1023902,1763835976.4638004
IZM,2023-05-25,277010,1763835977.7534757
IZM,2023-07-07,68971,1763835978.8633864
IZM,2023-07-20,138161,1763835980.1135428
IZM,2023-08-04,90715,1763835981.2855709
IZM,2023-08-11,218205,1763835982.817289
IZM,2024-04-01,93526,1763835983.9546375
IZM,2024-04-09,700500,1763835985.367289
IZM,2024-05-20,332157,1763835986.695268
JACK,2020-03-19,1833733,1763835988.5020947
JAGX,2020-05-21,482738,1763835989.8222313
JAGX,2020-05-29,2801879,1763835991.8223486
JAGX,2020-09-10,3377551,1763835994.182306
JAGX,2020-10-06,2269351,1763835996.0989096
JAGX,2020-11-30,4715440,1763835998.8766088
JAGX,2020-12-01,14624054,1763836006.4544244
JAGX,2020-12-22,5014384,1763836009.4818716
JAGX,2020-12-23,27930535,1763836027.0102396
JAGX,2020-12-31,9434573,1763836032.3538978
JAGX,2021-01-04,18308333,1763836043.395424
JAGX,2021-01-05,43800664,1763836069.8752766
JAGX,2021-01-07,15515613,1763836078.661074
JAGX,2021-01-08,35402691,1763836100.6150658
JAGX,2021-03-08,7845856,1763836106.085204
JAGX,2021-10-26,3114006,1763836108.7042048
JAGX,2021-12-21,6612641,1763836113.7102492
JAGX,2022-03-15,1972215,1763836115.7747486
JAGX,2022-03-31,2158267,1763836118.044829
JAGX,2023-03-21,680550,1763836119.5269775
JAGX,2023-03-23,1161006,1763836121.2145202
JAGX,2023-05-10,905348,1763836122.7479224
JAGX,2023-05-11,8888550,1763836129.0037374
JAGX,2023-10-12,10869955,1763836135.7145035
JAGX,2024-02-27,1958898,1763836138.2378807
JAGX,2024-03-01,6476648,1763836143.4026637
JAGX,2024-03-04,14851946,1763836152.4179327
JAGX,2024-03-20,5513333,1763836156.3270757
JAGX,2024-04-10,6333485,1763836161.3873954
JAGX,2024-04-15,3600667,1763836164.8354256
JAGX,2024-04-16,15727976,1763836175.9426293
JAGX,2024-05-02,7088954,1763836181.3573654
JAGX,2024-12-11,382740,1763836182.8715186
JAKK,2020-03-30,398581,1763836184.4293828
JAKK,2020-04-13,147769,1763836185.6369615
JAKK,2020-04-27,149783,1763836186.903559
JAKK,2020-06-03,149643,1763836188.14365
JAKK,2020-06-08,494532,1763836189.719341
JAKK,2020-06-12,1510334,1763836192.001687
JAKK,2020-06-24,4498631,1763836196.2013164
JAKK,2020-10-12,3632133,1763836198.7660239
JAKK,2020-11-03,6206964,1763836202.52588
JAKK,2022-07-28,725759,1763836204.0386415
JAKK,2023-11-02,369158,1763836205.352547
JAMF,2020-07-22,7479349,1763836209.3260863
JANX,2024-02-21,534092,1763836210.7330616
JANX,2024-02-27,11645190,1763836217.3239477
JANX,2024-12-03,5607444,1763836220.969838
JBDI,2024-08-28,5685439,1763836224.1951797
JBDI,2024-09-06,233698,1763836225.6866713
JBDI,2024-09-09,426937,1763836227.2431686
JBDI,2024-09-12,759393,1763836228.7356944
JBDI,2024-09-13,1049898,1763836230.2942867
JBDI,2024-09-16,6703753,1763836234.122627
JBDI,2024-09-24,3961570,1763836237.4208848
JBDI,2024-10-04,3530352,1763836240.1748502
JBLU,2020-03-24,10537338,1763836246.1457012
JCSE,2022-05-10,406842,1763836247.5639238
JCSE,2022-05-27,65188,1763836248.746329
JCSE,2022-08-17,7891087,1763836253.835233
JCSE,2022-11-23,85315,1763836255.3587813
JCSE,2022-11-25,1787299,1763836258.8392155
JCSE,2023-02-09,617435,1763836260.539741
JCSE,2023-05-08,114969,1763836261.7915554
JCSE,2023-05-17,1120732,1763836264.1765661
JCSE,2023-08-24,796706,1763836266.2777896
JCSE,2023-08-31,123629,1763836267.4769542
JCSE,2024-05-30,7629498,1763836274.9012916
JCSE,2024-06-03,511122,1763836276.454836
JCSE,2024-07-18,634559,1763836278.0797734
JCSE,2024-10-21,408876,1763836279.5124526
JCSE,2024-11-04,88977,1763836280.7875507
JCSE,2024-12-02,5082113,1763836285.7003546
JD,2022-03-16,28995726,1763836311.2833304
JDZG,2024-05-16,4793149,1763836314.5904307
JDZG,2024-05-17,6493284,1763836318.2365067
JDZG,2024-06-12,906582,1763836319.7282815
JDZG,2024-10-15,3614761,1763836322.4078493
JDZG,2024-10-17,5889061,1763836327.031754
JDZG,2024-10-18,18704791,1763836337.9931576
JDZG,2024-10-23,1139705,1763836339.734264
JDZG,2024-12-23,3179348,1763836342.856554
JDZG,2024-12-30,1879172,1763836344.6915708
JELD,2020-03-24,1032910,1763836346.2783895
JFBR,2023-01-05,83946,1763836347.4306624
JFBR,2023-03-10,719972,1763836348.9344094
JFBR,2023-04-10,6530288,1763836352.9505618
JFBR,2023-06-15,722495,1763836354.3678355
JFBR,2023-11-10,148863,1763836355.587239
JFBR,2023-11-22,110438,1763836356.7959702
JFBR,2023-11-29,145786,1763836358.0015278
JFBR,2023-12-14,133354,1763836359.1592522
JFBR,2024-01-03,591826,1763836360.6129332
JFBR,2024-01-04,4725892,1763836363.5633688
JFBR,2024-05-03,1220267,1763836365.1058679
JFBR,2024-05-15,447445,1763836366.4194467
JFBR,2024-05-17,2863694,1763836368.4731774
JFBR,2024-05-22,590191,1763836369.9358685
JFBR,2024-05-30,1215418,1763836371.5140712
JFBR,2024-05-31,2244995,1763836373.4669552
JFBR,2024-06-03,1983621,1763836375.3498044
JFBR,2024-06-06,670766,1763836376.9689453
JFBR,2024-06-14,1700560,1763836378.6868832
JFBR,2024-07-02,1029213,1763836380.1775854
JFBR,2024-09-18,170797,1763836381.3806064
JFBR,2024-09-23,579479,1763836382.7888045
JFBR,2024-10-30,4637111,1763836385.7491972
JFBR,2024-12-03,2517725,1763836388.2755241
JFBR,2024-12-05,676352,1763836389.8397064
JFBR,2024-12-06,9088937,1763836398.5077598
JFIN,2020-03-17,37034,1763836399.6948354
JFIN,2020-03-23,300935,1763836401.0342267
JFIN,2020-03-24,476371,1763836402.5126667
JFIN,2020-03-25,297761,1763836403.7944515
JFIN,2020-06-09,50464,1763836404.9343789
JFIN,2020-06-10,16173493,1763836415.397625
JFIN,2020-06-12,5246509,1763836418.7804942
JFIN,2020-06-15,6635058,1763836423.3979983
JFIN,2020-08-25,685391,1763836424.7749743
JFIN,2020-09-30,2410375,1763836428.003986
JFIN,2020-11-25,1084779,1763836429.9298255
JFIN,2020-12-03,380609,1763836431.321789
JFIN,2021-02-05,448179,1763836432.8031974
JFIN,2021-03-17,430087,1763836434.2851334
JFIN,2021-03-18,29966700,1763836451.595219
JFIN,2021-03-22,20144297,1763836462.439131
JFIN,2021-03-30,1568430,1763836464.2172027
JFIN,2021-04-26,2792721,1763836466.2012455
JFIN,2021-08-25,3143310,1763836468.6334507
JFIN,2022-01-03,118167,1763836469.861402
JFU,2020-06-19,130320,1763836471.0374925
JFU,2020-06-30,851985,1763836472.5233781
JFU,2020-09-29,768986,1763836473.9272535
JFU,2020-10-19,582273,1763836475.3750627
JFU,2020-10-20,3338355,1763836478.2765863
JFU,2020-10-21,8969458,1763836483.3424852
JFU,2020-11-24,1239574,1763836484.9794054
JFU,2021-02-05,989849,1763836486.587443
JFU,2021-02-10,1666399,1763836488.4926028
JFU,2021-02-18,9185149,1763836494.5720189
JFU,2021-02-19,13667076,1763836502.9943912
JFU,2021-02-24,5127804,1763836506.3098853
JFU,2021-06-17,6485592,1763836511.0056095
JFU,2022-08-25,346100,1763836512.3174644
JFU,2022-10-12,752355,1763836513.7284815
JFU,2022-11-02,102774,1763836514.9329352
JFU,2023-04-14,53367,1763836516.1121547
JFU,2023-04-28,62338,1763836517.2632275
JFU,2023-05-03,71897,1763836518.4407547
JFU,2023-11-27,56077,1763836519.5580907
JFU,2024-09-27,878219,1763836520.9507754
JFU,2024-10-02,200484,1763836522.2482002
JG,2020-03-19,28514,1763836523.3416064
JG,2020-10-20,306802,1763836524.6349945
JG,2020-11-23,212997,1763836525.89884
JG,2020-11-24,670825,1763836527.3211095
JG,2020-11-27,2120483,1763836529.0893419
JG,2020-12-22,10412987,1763836534.779713
JG,2021-02-05,16789968,1763836543.5193892
JG,2021-02-08,19124703,1763836554.1054437
JG,2023-10-17,3936427,1763836557.9218864
JG,2023-12-12,148722,1763836562.237666
JG,2024-08-12,28843,1763836563.4144435
JG,2024-11-20,146396,1763836564.6758554
JHX,2020-03-19,199702,1763836565.9380834
JILL,2020-03-04,413101,1763836567.2273364
JILL,2020-04-27,351188,1763836568.5245373
JILL,2020-05-27,761765,1763836569.936948
JILL,2020-06-16,1026266,1763836571.480498
JILL,2020-07-16,3104960,1763836573.5291913
JILL,2020-09-01,8569280,1763836578.0021205
JILL,2020-09-02,10378168,1763836582.9981632
JILL,2020-09-14,1936899,1763836584.8502429
JILL,2020-10-13,5166432,1763836588.270639
JILL,2021-01-27,1959417,1763836590.1119306
JILL,2021-03-15,1368477,1763836591.8068426
JILL,2021-03-16,2484077,1763836593.827767
JL,2024-01-26,834606,1763836595.3441217
JL,2024-01-29,710328,1763836596.9012702
JL,2024-02-28,382781,1763836598.2660198
JL,2024-02-29,9190638,1763836604.012143
JL,2024-03-05,4155673,1763836607.3718278
JL,2024-04-24,456064,1763836608.8424757
JL,2024-09-20,282547,1763836610.1354752
JL,2024-10-29,3580574,1763836613.3948119
JL,2024-12-09,277601,1763836614.7424908
JL,2024-12-10,451701,1763836616.3074815
JMIA,2020-01-16,2075303,1763836618.0459852
JMIA,2020-07-08,4970483,1763836621.730325
JMIA,2020-08-03,18246141,1763836631.0967646
JMIA,2022-04-04,7660204,1763836637.1326437
JMIA,2022-05-17,6602867,1763836641.5763502
JMIA,2024-02-15,3943639,1763836644.707553
JMIA,2024-07-09,6062944,1763836648.3802247
JOBY,2023-06-28,13307671,1763836656.8583875
JOBY,2023-06-29,33726270,1763836676.8306491
JOBY,2024-10-02,14690295,1763836685.240106
JOBY.WS,2021-08-20,90026,1763836686.4237213
JOBY.WS,2021-09-23,74934,1763836687.568101
JOBY.WS,2022-05-13,50763,1763836688.6772225
JOBY.WS,2023-06-28,131346,1763836689.8383186
JOBY.WS,2023-06-29,352333,1763836691.0929708
JOBY.WS,2023-11-02,21686,1763836692.1863978
JOBY.WS,2024-07-16,64280,1763836693.3398917
JOBY.WS,2024-11-11,86415,1763836694.5318577
JOBY.WS,2024-11-21,76155,1763836695.6428902
JOBY.WS,2024-11-25,132318,1763836696.8038526
JRVR,2024-03-15,2804241,1763836699.2674983
JSM,2020-03-19,62415,1763836700.4177418
JSPR,2021-09-30,714494,1763836701.8484375
JSPR,2021-10-13,24515322,1763836715.2325056
JSPR,2021-10-15,12445613,1763836721.8360987
JSPR,2022-05-02,130003,1763836723.1033678
JSPR,2022-09-26,135209,1763836724.3205612
JSPR,2023-01-03,8613151,1763836729.039116
JSPR,2023-01-10,3488016,1763836731.7674944
JSPR,2023-01-13,8279524,1763836736.5660706
JSPR,2024-01-18,494900,1763836737.9955251
JSPR,2024-10-14,1156147,1763836739.6960251
JSPRW,2021-10-13,330886,1763836740.9949708
JSPRW,2021-11-17,42301,1763836742.1222105
JTAI,2023-08-18,2270793,1763836744.043029
JTAI,2023-11-14,40543,1763836745.1472611
JTAI,2023-11-16,79285,1763836746.2712538
JTAI,2023-12-11,16834718,1763836755.7294939
JTAI,2023-12-14,817448,1763836757.310809
JTAI,2023-12-15,1694462,1763836759.0866537
JTAI,2023-12-27,2155759,1763836761.128593
JTAI,2024-01-12,1066200,1763836762.7484045
JTAI,2024-01-31,473397,1763836764.0837467
JTAI,2024-02-16,768474,1763836765.485068
JTAI,2024-02-27,642577,1763836766.8815167
JTAI,2024-03-15,13251492,1763836774.961547
JTAI,2024-07-30,7454761,1763836779.4992063
JTAI,2024-10-10,20466821,1763836791.1805463
JTAI,2024-10-11,26379132,1763836804.8742177
JTAI,2024-10-17,3506685,1763836807.870501
JTAI,2024-10-18,9262920,1763836814.1960163
JTAI,2024-11-13,1320888,1763836816.0958674
JTAI,2024-11-22,7163006,1763836821.115274
JTAI,2024-12-10,2902676,1763836823.3811176
JTAI,2024-12-24,14193534,1763836832.1997845
JUNS,2024-12-10,770911,1763836833.815731
JUNS,2024-12-12,861967,1763836835.253315
JUNS,2024-12-19,459643,1763836836.681685
JVA,2020-03-20,47597,1763836837.876501
JVA,2024-09-16,342585,1763836839.1053197
JWEL,2021-11-17,358732,1763836840.444477
JWEL,2021-11-18,559363,1763836841.8777196
JWEL,2022-06-03,126444,1763836843.0675187
JWEL,2022-11-11,316099,1763836844.460289
JWEL,2023-04-05,5227400,1763836848.7810245
JWEL,2023-04-12,456178,1763836850.1974363
JWEL,2023-04-28,139005,1763836851.3741796
JWEL,2023-09-29,82551,1763836852.5400798
JWEL,2023-11-16,281607,1763836853.7802584
JWEL,2024-06-05,3175041,1763836856.4278245
JWEL,2024-06-07,403322,1763836857.7919579
JWEL,2024-09-30,34942,1763836858.9059691
JWEL,2024-10-01,169673,1763836860.0844355
JWEL,2024-10-22,37596,1763836861.1938438
JWEL,2024-11-18,3856434,1763836864.124467
JWEL,2024-11-20,346345,1763836865.415596
JXG,2024-12-31,60456,1763836866.5339434
JYD,2023-05-09,719110,1763836868.0385678
JYD,2023-07-11,188016,1763836869.2248616
JYD,2024-02-12,196153,1763836870.439607
JYD,2024-07-08,133550,1763836871.6075778
JYD,2024-10-02,50115,1763836872.768488
JYD,2024-11-07,28745,1763836873.8734488
JYD,2024-12-03,1692588,1763836876.4737585
JYD,2024-12-05,1517265,1763836878.7253137
JYD,2024-12-06,1775811,1763836880.9454932
JYNT,2024-03-08,615808,1763836882.497002
JZ,2022-09-14,1412598,1763836884.4281569
JZ,2022-11-04,987157,1763836886.185218
JZ,2023-01-05,386228,1763836887.5456145
JZ,2023-01-10,729411,1763836889.1256514
JZ,2023-01-11,995388,1763836890.9551337
JZ,2023-02-01,207807,1763836892.2512863
JZ,2023-03-03,114657,1763836893.4491103
JZ,2023-04-28,370726,1763836894.8184464
JZ,2023-05-01,2079441,1763836897.1750152
JZ,2024-02-20,158522,1763836898.3546364
JZ,2024-09-26,216549,1763836899.5788918
JZXN,2021-05-21,13122884,1763836908.6623878
JZXN,2021-06-03,1840576,1763836910.752787
JZXN,2021-07-14,5877828,1763836914.891065
JZXN,2021-07-27,995050,1763836916.4503276
JZXN,2021-12-07,1987484,1763836918.4919064
JZXN,2022-04-21,180342,1763836919.7015817
JZXN,2022-04-26,6569307,1763836924.7212262
JZXN,2022-06-23,539098,1763836926.1516461
JZXN,2022-09-09,1188943,1763836927.9314556
JZXN,2022-12-13,3698774,1763836930.9360197
JZXN,2023-01-26,628097,1763836932.352636
JZXN,2023-02-06,2254070,1763836934.444349
JZXN,2023-04-13,1473412,1763836936.3132668
JZXN,2023-04-28,2470617,1763836938.316545
JZXN,2023-05-01,4053427,1763836940.956101
JZXN,2023-06-21,378178,1763836942.2570548
JZXN,2023-07-13,13264882,1763836949.7732813
JZXN,2023-12-27,2019587,1763836951.6735194
JZXN,2024-03-12,199038,1763836952.8959997
JZXN,2024-03-13,274110,1763836954.1630225
JZXN,2024-04-03,3258928,1763836956.6674347
JZXN,2024-05-17,171941,1763836957.8930612
JZXN,2024-07-23,184929,1763836959.1051505
JZXN,2024-12-11,752686,1763836960.5123942
KALA,2020-01-06,688558,1763836961.939798
KALA,2020-03-09,1572327,1763836963.7357528
KALA,2022-03-08,2477563,1763836965.8050268
KALA,2022-03-10,2102510,1763836967.7756722
KALA,2022-03-11,3200917,1763836970.1596584
KALA,2022-05-02,480945,1763836971.5508137
KALA,2022-05-23,1230766,1763836973.1792848
KALA,2022-11-09,2526477,1763836975.2395542
KALA,2022-12-28,17163446,1763836984.819001
KALA,2022-12-29,26059508,1763836999.239253
KALA,2022-12-30,20077880,1763837010.349133
KALA,2023-01-04,11862350,1763837016.6369355
KALA,2023-01-26,1369087,1763837018.3757303
KALA,2023-03-03,2594665,1763837020.5327406
KALA,2023-03-06,7079133,1763837024.896629
KALA,2023-03-21,467259,1763837026.3415954
KALA,2023-12-05,907636,1763837027.8193374
KALA,2024-06-27,4100341,1763837030.8245268
KALV,2021-02-09,14213475,1763837040.2413206
KAR,2022-02-25,8774099,1763837044.5939665
KAVL,2021-09-07,113068,1763837045.7691717
KAVL,2021-09-09,341983,1763837047.0521734
KAVL,2021-10-19,17230780,1763837066.020176
KAVL,2021-10-27,11658769,1763837073.0614908
KAVL,2022-01-06,2054013,1763837075.1796575
KAVL,2022-02-03,3907498,1763837077.791593
KAVL,2022-02-07,4780119,1763837080.9075358
KAVL,2022-02-09,4999519,1763837084.1582043
KAVL,2022-02-11,14403692,1763837092.2293038
KAVL,2022-03-15,4655675,1763837095.795248
KAVL,2022-05-13,121604,1763837097.0484776
KAVL,2022-05-31,248137,1763837098.316545
KAVL,2022-06-13,1602410,1763837099.972164
KAVL,2022-06-14,7276597,1763837104.1809845
KAVL,2022-08-25,6035660,1763837108.6510935
KAVL,2022-12-27,56574,1763837109.998307
KAVL,2023-08-23,142292,1763837111.4766345
KAVL,2023-10-12,164035,1763837112.7699187
KAVL,2023-11-13,69930,1763837113.9192917
KAVL,2023-11-29,102545,1763837115.1020157
KAVL,2024-03-21,22777000,1763837133.4653907
KAVL,2024-04-15,15172134,1763837149.5374322
KAVL,2024-06-12,1578295,1763837151.9312017
KAVL,2024-06-14,20270403,1763837165.329551
KAVL,2024-06-26,3333897,1763837168.1504111
KAVL,2024-09-23,19172987,1763837181.1366694
KAVL,2024-12-30,193651,1763837182.5006168
KBH,2020-03-24,4534999,1763837185.093349
KC,2022-03-16,13942025,1763837193.5114195
KC,2022-03-18,9546444,1763837200.8672316
KC,2024-03-11,2464626,1763837203.4748018
KC,2024-11-20,3668558,1763837206.948974
KE,2020-11-02,377654,1763837208.323226
KELYB,2020-04-17,10951,1763837209.3831902
KELYB,2020-08-11,607556,1763837210.868718
KELYB,2020-08-21,932637,1763837212.4582822
KELYB,2020-08-24,1408281,1763837214.5536466
KELYB,2020-09-16,139746,1763837215.8649676
KELYB,2021-04-01,730913,1763837217.4474447
KELYB,2021-04-05,571934,1763837218.8461792
KELYB,2021-04-06,1090815,1763837220.6597557
KELYB,2021-04-14,389104,1763837222.0576904
KEQU,2020-04-22,34059,1763837223.1568544
KEQU,2023-12-07,53982,1763837224.4246914
KEYpI,2020-03-24,152472,1763837225.617047
KFRC,2020-08-11,667522,1763837227.2857032
KFS,2020-12-02,268580,1763837228.542666
KIM,2020-11-09,6758676,1763837233.4966753
KINS,2020-03-19,153255,1763837235.0357392
KINS,2022-12-12,94761,1763837236.5883427
KINS,2023-11-17,47394,1763837237.9376101
KITT,2022-10-05,12170753,1763837252.1366937
KITT,2024-01-10,8739229,1763837259.747423
KITT,2024-02-28,7049152,1763837264.1872818
KITT,2024-03-14,647169,1763837265.7414932
KITT,2024-03-28,329443,1763837267.0745332
KITT,2024-05-16,2258474,1763837269.4907694
KITT,2024-06-05,5065454,1763837273.2779243
KITT,2024-06-06,14022175,1763837285.5650923
KITT,2024-06-10,10344189,1763837293.8886547
KITT,2024-06-11,29310475,1763837314.335561
KITT,2024-06-14,8400904,1763837319.4441535
KITT,2024-07-18,3010477,1763837322.0519087
KITT,2024-07-26,2749429,1763837324.2089176
KITT,2024-08-09,7515206,1763837329.8543057
KITT,2024-12-26,2277421,1763837332.936304
KITT,2024-12-27,5547565,1763837338.6607494
KLTR,2024-11-06,237983,1763837340.0391865
KLXE,2020-03-10,389650,1763837341.3398433
KLXE,2020-04-03,1253013,1763837342.9688213
KLXE,2020-04-08,567638,1763837344.424036
KLXE,2020-04-09,763136,1763837346.017521
KLXE,2020-04-23,840964,1763837348.0160966
KLXE,2020-04-30,673473,1763837350.3081477
KLXE,2020-05-04,1988856,1763837352.9090695
KLXE,2020-06-08,847831,1763837355.0771463
KLXE,2020-10-08,225884,1763837356.6228137
KLXE,2021-08-24,375822,1763837358.1845582
KLXE,2022-09-28,328654,1763837359.6202445
KMDA,2020-03-19,157435,1763837360.9574249
KMDA,2020-08-14,1636646,1763837363.6011715
KMDA,2020-08-24,1643987,1763837366.3011672
KMDA,2023-12-06,969562,1763837368.021099
KNDI,2020-04-13,497442,1763837369.4778113
KNDI,2020-07-06,1263509,1763837371.676018
KNDI,2020-07-29,16795085,1763837386.9061224
KNDI,2020-07-30,42393647,1763837420.57062
KNDI,2020-11-04,9740361,1763837429.59294
KNDI,2020-11-17,8812010,1763837436.9833064
KNDI,2024-04-17,144583,1763837441.2569063
KNSA,2020-03-31,695723,1763837442.7611136
KNSA,2021-11-01,706641,1763837444.325991
KNSA,2023-07-25,2284291,1763837447.6981413
KNSA,2024-07-23,1863030,1763837450.0858958
KOD,2023-11-02,2532469,1763837453.1825235
KOD,2023-11-17,1146216,1763837455.4865787
KOD,2024-01-25,1171393,1763837457.7667582
KOD,2024-12-09,1085293,1763837459.3880525
KODK,2020-05-08,669167,1763837460.7906468
KODK,2020-07-28,63866657,1763837494.5245144
KODK,2020-07-29,138465259,1763837571.7694087
KODK,2020-07-30,113257604,1763837636.6144886
KODK,2020-08-18,16607662,1763837645.9034064
KODK,2020-09-01,23962838,1763837660.1608944
KODK,2020-09-16,36897371,1763837682.914791
KODK,2020-12-07,26046267,1763837700.742799
KODK,2021-01-27,13706086,1763837707.755703
KODK,2021-02-03,11277095,1763837714.0869796
KODK,2022-03-18,4024249,1763837718.8916168
KODK,2024-02-29,4000149,1763837723.2303784
KOP,2020-04-08,538182,1763837724.8669572
KOPN,2020-07-13,1045951,1763837726.9173007
KOPN,2020-12-21,1531929,1763837729.3947594
KOPN,2021-01-25,3002954,1763837732.5442533
KOPN,2021-02-02,3238027,1763837735.6972091
KOPN,2021-10-28,2369718,1763837738.8900764
KOPN,2024-02-02,4021884,1763837744.582353
KORE,2021-10-14,4144960,1763837748.4103403
KORE,2022-08-12,177340,1763837749.7113073
KORE,2023-03-27,219161,1763837751.0028644
KORE,2023-08-11,126487,1763837752.4388144
KORE,2023-11-10,141473,1763837753.88207
KORE,2023-11-13,200371,1763837755.4712234
KORE,2023-11-14,134722,1763837756.6618063
KORE,2023-11-15,102308,1763837757.8315701
KORE,2023-11-16,297928,1763837759.1154222
KORE,2023-12-06,52692,1763837760.2030504
KORE,2023-12-21,153389,1763837761.3504632
KORE,2023-12-29,489846,1763837762.7602558
KORE,2024-01-04,469139,1763837764.1718152
KORE,2024-06-25,4027145,1763837767.3751843
KORE,2024-06-28,3653840,1763837770.067496
KORE,2024-07-23,377307,1763837771.4332695
KORE,2024-07-24,603986,1763837772.915393
KORE,2024-12-24,199650,1763837774.1792748
KORE,2024-12-30,2767623,1763837776.7289095
KORE,2024-12-31,2977928,1763837779.2245798
KOS,2020-03-10,8855308,1763837784.8343277
KOS,2020-11-09,2662593,1763837787.227788
KOSS,2020-04-15,455037,1763837788.5483377
KOSS,2020-06-12,53425,1763837789.653998
KOSS,2020-06-16,99431,1763837790.8092053
KOSS,2020-07-09,152172,1763837792.0088253
KOSS,2020-12-29,3982915,1763837796.105817
KOSS,2021-01-19,188473,1763837797.4297361
KOSS,2021-01-25,2512773,1763837800.1149163
KOSS,2021-01-26,11963688,1763837810.3689892
KOSS,2021-01-27,19534130,1763837822.1951437
KOSS,2021-01-28,18916662,1763837833.4512177
KOSS,2021-01-29,17397269,1763837843.485083
KOSS,2021-02-03,7846395,1763837849.216724
KOSS,2021-02-05,4330651,1763837853.9861972
KOSS,2021-02-18,2437167,1763837856.9200604
KOSS,2021-02-24,5339494,1763837861.7187028
KOSS,2021-02-25,20209578,1763837875.0143228
KOSS,2021-03-08,3956052,1763837878.1883523
KOSS,2021-03-10,22784995,1763837894.241593
KOSS,2021-03-12,10268412,1763837900.4064436
KOSS,2021-03-25,8254362,1763837906.541929
KOSS,2021-06-02,8405692,1763837911.7949846
KOSS,2022-01-26,545273,1763837913.2228825
KOSS,2022-03-22,749285,1763837914.706594
KOSS,2022-07-25,2316013,1763837917.0250034
KOSS,2024-05-03,118974,1763837918.3010743
KOSS,2024-05-13,6181592,1763837922.3884113
KOSS,2024-05-14,11188085,1763837930.547155
KOSS,2024-07-03,21907274,1763837944.3225653
KOSS,2024-07-05,23934816,1763837961.2097352
KPLT,2021-08-30,13038150,1763837969.6389542
KPLT,2021-09-02,7988690,1763837975.5634534
KPLT,2021-09-03,21385175,1763837988.1401122
KPLT,2021-11-09,10464829,1763837994.0446854
KPLT,2022-03-15,974728,1763837995.6772833
KPLT,2022-06-08,591182,1763837997.1189902
KPLT,2022-10-20,358519,1763837998.4664426
KPLT,2024-04-26,65256,1763837999.6211414
KPLT,2024-05-15,197947,1763838000.8571215
KPLT,2024-12-30,165982,1763838002.1242466
KPLTW,2021-08-30,189911,1763838003.327721
KPLTW,2021-09-02,190350,1763838004.5530436
KPLTW,2021-09-03,291777,1763838005.8570797
KPLTW,2021-11-09,125686,1763838007.0581772
KPRX,2021-12-30,10414634,1763838014.6695325
KPRX,2022-03-01,195797,1763838015.9628706
KPRX,2022-03-17,481827,1763838017.3826504
KPRX,2022-06-08,490197,1763838018.7197757
KPRX,2022-08-25,8713686,1763838023.9589622
KPRX,2022-09-13,1994838,1763838026.34098
KPRX,2022-10-03,1044644,1763838027.9413092
KPRX,2022-10-18,3990421,1763838030.654336
KPRX,2023-02-07,7461228,1763838035.1007097
KPRX,2023-02-08,13660058,1763838043.3211436
KPRX,2024-02-01,8863002,1763838048.7952204
KPRX,2024-04-23,105788,1763838050.0086017
KPTI,2020-03-02,6244878,1763838054.1230874
KPTI,2021-11-03,6197742,1763838058.4074304
KPTI,2024-02-05,1603742,1763838060.3480217
KPTI,2024-02-06,3738978,1763838063.724201
KPTI,2024-10-31,1006282,1763838065.3918605
KREF,2020-03-26,1456647,1763838067.2634985
KRG,2020-11-09,699701,1763838068.720054
KRKR,2020-05-27,59002,1763838069.93576
KRKR,2021-01-20,1203081,1763838072.0401635
KRKR,2021-02-05,2565727,1763838074.6000323
KRKR,2022-03-18,209114,1763838075.791818
KRKR,2022-05-25,78746,1763838076.9108632
KRKR,2022-08-02,9281543,1763838084.0245507
KRKR,2022-09-14,531135,1763838085.525378
KRKR,2023-02-07,533576,1763838087.007525
KRKR,2024-06-21,7555706,1763838093.0498383
KRKR,2024-09-30,173913,1763838094.499211
KRMD,2020-02-27,481804,1763838095.843287
KRNT,2020-05-20,1901854,1763838098.0942707
KROS,2020-08-25,170678,1763838099.3658903
KROS,2021-09-27,1328703,1763838101.45522
KROS,2021-11-04,562800,1763838102.95569
KRP,2020-03-26,339567,1763838104.366164
KRRO,2023-11-07,376115,1763838105.8581138
KRRO,2023-11-08,809754,1763838107.5238762
KRRO,2023-12-04,527864,1763838109.0001225
KRRO,2024-02-05,124515,1763838110.2978334
KRRO,2024-08-15,331670,1763838111.692158
KRRO,2024-10-16,2169101,1763838114.065501
KRUS,2020-03-19,202044,1763838115.4710166
KRUS,2020-03-20,191885,1763838116.8159149
KRUS,2021-07-14,411402,1763838118.2379963
KRUS,2021-11-12,497015,1763838119.821858
KRUS,2022-07-08,713597,1763838121.3270035
KRYS,2021-11-29,6297853,1763838125.5829496
KRYS,2024-02-26,2391555,1763838128.1501925
KSCP,2022-01-28,8734394,1763838133.695607
KSCP,2022-01-31,19102967,1763838147.739513
KSCP,2022-02-14,12705402,1763838154.8264205
KSCP,2022-03-14,3383878,1763838157.5501485
KSCP,2022-12-21,211064,1763838158.841879
KSCP,2023-03-28,257656,1763838160.0901184
KSCP,2023-06-27,1100494,1763838161.7001982
KSCP,2023-06-28,2333985,1763838164.051956
KSCP,2023-07-11,1424057,1763838166.0113018
KSCP,2023-07-12,2135717,1763838168.449101
KSCP,2023-07-14,4976707,1763838172.3559785
KSCP,2023-07-24,2008769,1763838174.463667
KSCP,2024-08-14,936552,1763838176.0730066
KSCP,2024-09-16,726063,1763838177.6096475
KSCP,2024-10-21,1867468,1763838180.0379298
KSS,2020-04-07,12420770,1763838186.825625
KSS,2022-01-24,18576749,1763838200.2998147
KTCC,2020-04-09,48780,1763838201.5255873
KTCC,2020-08-05,389241,1763838202.9946935
KTTA,2021-10-27,1310678,1763838204.6477873
KTTA,2021-11-23,33837402,1763838227.1483045
KTTA,2021-11-29,5328561,1763838230.8807664
KTTA,2021-12-23,10926988,1763838238.9091122
KTTA,2023-06-05,167650,1763838240.1958637
KTTA,2023-06-29,107237,1763838241.389435
KTTA,2023-07-20,445349,1763838242.7486043
KTTA,2023-12-11,10544679,1763838258.517791
KTTA,2023-12-22,106066,1763838259.8844912
KTTA,2024-09-18,66590,1763838261.0324795
KTTAW,2021-11-23,1225559,1763845385.5901196
KURA,2020-04-28,3035120,1763845389.7233052
KURA,2024-01-24,6797173,1763845397.0199728
KVYO,2024-08-08,3587858,1763845399.5639489
KXIN,2020-03-20,24308,1763845400.5864174
KXIN,2020-03-24,17266,1763845401.6070786
KXIN,2020-04-30,97223,1763845402.726539
KXIN,2020-06-09,82312,1763845403.7295406
KXIN,2020-06-12,113448,1763845404.742539
KXIN,2020-07-08,343713,1763845405.8036203
KXIN,2020-07-29,123322,1763845406.8206213
KXIN,2020-09-09,273142,1763845408.0296173
KXIN,2020-10-14,8750772,1763845420.7367258
KXIN,2020-10-16,9703830,1763845429.1511483
KXIN,2020-10-19,50262598,1763845490.7212427
KXIN,2020-10-23,3651401,1763845496.0962455
KXIN,2020-11-05,9673258,1763845508.1653845
KXIN,2020-11-20,24534225,1763845540.773915
KXIN,2020-11-23,39387067,1763845578.8110206
KXIN,2020-12-01,4540251,1763845582.0303652
KXIN,2021-08-06,24174124,1763845596.041202
KXIN,2021-12-16,7557603,1763845600.5388997
KXIN,2022-03-28,3616553,1763845603.083935
KXIN,2022-09-21,194455,1763845604.1569815
KXIN,2023-06-01,162713,1763845605.1788652
KXIN,2023-06-02,1198527,1763845606.7311802
KXIN,2023-09-07,1377025,1763845608.2047124
KXIN,2023-10-30,1307592,1763845609.5802124
KXIN,2023-11-03,431495,1763845610.6833928
KXIN,2024-01-29,102171,1763845611.687696
KXIN,2024-02-12,341287,1763845612.8129933
KXIN,2024-05-16,1366104,1763845614.144825
KXIN,2024-05-17,5113839,1763845616.9329555
KXIN,2024-05-28,311307,1763845618.1289332
KXIN,2024-06-11,5683125,1763845624.9170341
KXIN,2024-09-23,2550481,1763845628.4556606
KXIN,2024-09-26,664090,1763845630.0472791
KXIN,2024-09-30,16972763,1763845652.6280122
KXIN,2024-10-02,19490991,1763845676.8892956
KXIN,2024-10-03,23411141,1763845704.7599497
KXIN,2024-10-09,7347591,1763845713.0945654
KXIN,2024-11-05,975660,1763845714.9410875
KXIN,2024-11-13,18193212,1763845736.4895065
KXIN,2024-12-30,708053,1763845737.9788804
KYMR,2022-12-14,4335472,1763845743.8834643
KYN,2020-03-19,1771608,1763845746.0970986
KYN,2020-03-20,1819202,1763845749.4274192
KZIA,2020-04-08,126804,1763845750.4725146
KZIA,2020-07-15,216348,1763845751.6659272
KZIA,2020-08-07,6289510,1763845758.9902656
KZIA,2020-11-13,525849,1763845760.6995435
KZIA,2020-11-18,5039566,1763845766.874887
KZIA,2022-08-05,2535495,1763845770.4749157
KZIA,2022-10-27,2156769,1763845774.296276
KZIA,2023-11-03,82884,1763845775.359289
KZIA,2023-11-07,85486,1763845776.4034624
KZIA,2024-04-17,65127,1763845777.467113
KZIA,2024-07-10,25922414,1763845799.4733422
KZIA,2024-07-11,44370119,1763845850.0232048
KZIA,2024-07-17,4460648,1763845855.6732664
KZIA,2024-10-17,1123660,1763845857.4074712
KZIA,2024-11-04,333822,1763845858.526773
KZR,2020-02-10,475980,1763845859.785288
KZR,2020-06-04,5537757,1763845866.3739753
KZR,2021-11-16,9995747,1763845877.5651796
KZR,2022-06-28,13658230,1763845895.2764325
KZR,2024-09-30,1327896,1763845897.396031
LAB,2022-05-23,869009,1763845899.1226146
LAC,2020-09-28,6967437,1763845905.4688435
LAC,2021-01-19,7205039,1763845912.5874636
LAC,2024-03-14,6452166,1763845920.6046216
LADR,2020-03-26,6923348,1763845927.8521855
LADR,2020-04-06,5238561,1763845933.964289
LADR,2020-04-07,5358970,1763845940.706693
LADR,2020-04-09,5768164,1763845947.2344375
LAES,2023-06-01,154561,1763845948.3275187
LAES,2023-06-14,1779071,1763845950.9579728
LAES,2023-12-07,187003,1763845952.1009715
LAES,2023-12-28,10729930,1763845962.6412282
LAES,2024-01-03,2121926,1763845965.7883081
LAES,2024-01-09,905799,1763845967.3694587
LAES,2024-01-10,8084577,1763845977.5009208
LAES,2024-01-11,17216964,1763845997.86263
LAES,2024-01-16,8745432,1763846008.042742
LAES,2024-02-07,2617219,1763846011.4662282
LAES,2024-12-11,19890745,1763846038.9518707
LAES,2024-12-12,37242287,1763846089.0685642
LAES,2024-12-16,26372947,1763846122.3478935
LAES,2024-12-17,32364566,1763846161.3432808
LAES,2024-12-20,13214441,1763846178.2150664
LAES,2024-12-23,27357878,1763846210.7686524
LAES,2024-12-26,26375749,1763846240.3401697
LAKE,2020-01-21,516387,1763846241.6739492
LAKE,2020-02-27,3550544,1763846243.9428244
LAKE,2020-02-28,5259918,1763846247.0284276
LAKE,2020-06-10,3643430,1763846249.5198598
LAMR,2020-05-07,1959147,1763846251.2435017
LANV,2022-12-16,1332144,1763846252.6495016
LANV,2022-12-27,875012,1763846253.7902932
LANV,2022-12-28,1406875,1763846255.235981
LANV,2023-11-14,50995,1763846256.2300112
LANV,2024-03-07,268543,1763846257.2694066
LANV,2024-06-12,107794,1763846258.291551
LASE,2022-10-11,9930896,1763846263.617364
LASE,2022-10-13,9749278,1763846269.3471591
LASE,2022-12-21,7559222,1763846274.016669
LASE,2023-01-11,3850603,1763846276.525337
LASE,2023-09-07,70149,1763846277.542586
LASE,2023-12-01,141111,1763846278.5608606
LASE,2023-12-15,125632,1763846279.565689
LASE,2024-02-29,1888494,1763846284.5371563
LASE,2024-03-05,420981,1763846285.624097
LASE,2024-03-07,415241,1763846286.704791
LASE,2024-03-21,2280181,1763846288.448066
LASE,2024-04-09,23094639,1763846305.284778
LASE,2024-08-08,300644,1763846306.6345997
LASE,2024-08-12,423769,1763846307.995
LASE,2024-08-28,764146,1763846309.7147684
LASE,2024-09-04,294672,1763846310.8451784
LASE,2024-09-06,1745238,1763846312.978883
LASE,2024-09-10,1781151,1763846314.8321102
LASE,2024-09-17,871104,1763846316.4009905
LASE,2024-09-23,7051100,1763846320.215419
LASE,2024-10-08,20935315,1763846331.2461734
LASR,2023-05-05,701952,1763846332.6065307
LASR,2024-10-28,1064326,1763846334.0325727
LAUR,2020-03-19,1697697,1763846335.7001562
LAZR,2020-12-04,25596171,1763846363.2400305
LAZR,2020-12-07,34089994,1763846397.62396
LAZR,2021-11-09,20058298,1763846410.471611
LAZR,2023-02-22,9486282,1763846415.7573845
LAZR,2024-05-08,7080844,1763846419.966495
LB,2020-03-24,7901342,1763846424.4245856
LB,2020-07-29,11963228,1763846431.3023176
LB,2024-07-05,466728,1763846432.4553201
LBRT,2020-04-29,1895053,1763846433.9226575
LBRT,2020-09-01,1593348,1763846435.4397683
LBTYB,2020-05-01,154360,1763846436.4678109
LBTYB,2020-05-04,488422,1763846437.6034977
LBTYB,2021-03-31,46818,1763846438.6005023
LBTYB,2021-04-01,91716,1763846439.617493
LC,2020-12-31,4487337,1763846442.1475546
LC,2021-07-29,13471347,1763846448.7276947
LC,2021-10-28,9519765,1763846453.8445184
LCFY,2022-03-28,2471912,1763846455.856656
LCFY,2022-04-27,913773,1763846457.286947
LCFY,2022-05-04,691635,1763846458.5115368
LCFY,2022-07-27,168481,1763846459.5505557
LCFY,2022-08-02,88282,1763846460.5799446
LCFY,2022-08-03,135159,1763846461.590714
LCFY,2022-09-28,162728,1763846462.6269362
LCFY,2022-10-04,885546,1763846463.9634829
LCFY,2023-06-22,2861136,1763846466.4764779
LCFY,2024-07-11,16059531,1763846477.586666
LCFY,2024-07-16,2291827,1763846479.8417153
LCFY,2024-07-17,10208891,1763846493.3218331
LCFYW,2022-03-28,55618,1763846494.424518
LCFYW,2022-04-27,17102,1763846495.4355204
LCFYW,2022-05-04,19092,1763846496.4387205
LCFYW,2022-05-09,16265,1763846497.4947207
LCFYW,2022-05-13,12584,1763846498.5073192
LCFYW,2022-07-08,10855,1763846499.478339
LCFYW,2022-07-28,12040,1763846500.473322
LCFYW,2022-08-09,11055,1763846501.445322
LCFYW,2022-09-13,11478,1763846502.4430597
LCFYW,2022-12-07,14542,1763846503.4330597
LCFYW,2022-12-13,12037,1763846504.478728
LCFYW,2022-12-14,14654,1763846505.4657257
LCFYW,2022-12-19,12414,1763846506.46078
LCFYW,2022-12-21,11287,1763846507.462909
LCFYW,2022-12-29,15777,1763846508.4553676
LCFYW,2022-12-30,16970,1763846509.44543
LCFYW,2023-01-10,13700,1763846510.4765074
LCFYW,2023-02-16,11561,1763846511.4644227
LCFYW,2023-04-28,16292,1763846512.4578257
LCFYW,2023-05-01,14609,1763846513.4559035
LCFYW,2023-05-09,15852,1763846514.4684582
LCFYW,2023-05-12,16147,1763846515.453921
LCFYW,2023-05-17,17051,1763846516.630922
LCFYW,2023-05-23,24605,1763846517.6473548
LCFYW,2023-06-01,18272,1763846518.65749
LCFYW,2023-06-06,15530,1763846519.6662624
LCFYW,2023-06-16,20958,1763846520.6762578
LCFYW,2023-07-03,24820,1763846521.6757283
LCFYW,2023-07-07,19570,1763846522.6880994
LCFYW,2023-09-05,15865,1763846523.6659975
LCFYW,2023-10-31,11954,1763846524.658011
LCFYW,2024-04-08,11886,1763846525.6546044
LCFYW,2024-04-18,11747,1763846526.64784
LCFYW,2024-06-11,15767,1763846527.6736324
LCFYW,2024-06-17,23596,1763846528.665632
LCFYW,2024-06-20,15415,1763846529.6569753
LCFYW,2024-06-24,21808,1763846530.671028
LCFYW,2024-07-18,12999,1763846531.6879692
LCFYW,2024-08-19,14122,1763846532.6773908
LCFYW,2024-08-20,32160,1763846533.6735456
LCFYW,2024-11-12,16523,1763846534.6701553
LCFYW,2024-12-11,34311,1763846535.6841557
LCFYW,2024-12-17,20287,1763846536.6845007
LCFYW,2024-12-23,37554,1763846537.6975012
LCFYW,2024-12-31,33744,1763846538.719645
LCID,2021-10-28,82995236,1763846626.4094267
LCID,2023-01-27,32264277,1763846667.9858184
LDI,2021-02-12,9734265,1763846678.3020387
LDI,2021-11-01,2407211,1763846680.8623483
LDI,2023-12-15,1400104,1763846683.634113
LDP,2020-03-19,254291,1763846684.7331128
LDWY,2023-08-25,959157,1763846686.3500404
LDWY,2023-08-28,1684960,1763846689.0579581
LDWY,2024-02-26,125730,1763846690.0823095
LE,2020-03-17,464036,1763846691.5903084
LE,2020-04-06,269041,1763846693.053309
LE,2023-06-01,882253,1763846695.2633219
LEDS,2020-02-27,306277,1763846696.3856251
LEDS,2020-05-20,1554013,1763846698.172534
LEDS,2020-08-06,1072210,1763846699.642533
LEDS,2020-12-28,310319,1763846700.7142155
LEDS,2021-02-09,2321163,1763846703.0508204
LEDS,2021-02-11,1827018,1763846705.382839
LEDS,2021-05-04,3605168,1763846710.1426594
LEDS,2021-05-06,33426928,1763846754.122212
LEDS,2021-05-10,18115503,1763846776.726171
LEDS,2021-05-14,4532970,1763846781.8251946
LEDS,2021-05-25,4525489,1763846785.985058
LEDS,2021-05-28,11329535,1763846798.730009
LEDS,2021-06-03,8952595,1763846807.8383718
LEDS,2021-06-04,20494939,1763846834.6249266
LEDS,2021-06-07,20318690,1763846858.261952
LEDS,2022-03-02,188773,1763846859.4750762
LEDS,2022-08-03,584089,1763846860.790173
LEDS,2023-01-03,33330,1763846861.7619112
LEDS,2023-05-25,1820224,1763846864.5401704
LEDS,2024-02-12,402276,1763846865.6953013
LEDS,2024-06-04,105474,1763846866.6990688
LEDS,2024-11-04,214638,1763846867.7850702
LEDS,2024-11-11,1306393,1763846869.379758
LEE,2020-01-29,7902243,1763846874.1175647
LEE,2021-02-01,757707,1763846875.357376
LEE,2024-10-09,429922,1763846876.4161081
LEGH,2022-08-04,117193,1763846877.4401083
LENZ,2024-03-27,208975,1763846878.4659753
LESL,2024-08-08,2876103,1763846880.8414564
LEXX,2021-02-03,987079,1763846882.164494
LEXX,2021-05-06,11292689,1763846888.419173
LEXX,2021-07-21,14399753,1763846896.1542892
LEXX,2022-04-14,8641514,1763846900.915642
LEXX,2023-11-27,116358,1763846901.983776
LEXX,2024-02-09,158937,1763846902.9843018
LEXX,2024-02-29,301426,1763846904.069304
LEXX,2024-03-06,534156,1763846905.2283416
LEXX,2024-08-30,397745,1763846906.3063562
LEXXW,2021-01-13,22073,1763846907.3068757
LEXXW,2021-01-14,22829,1763846908.3183136
LEXXW,2021-01-19,17315,1763846909.2959206
LEXXW,2021-01-20,21477,1763846910.308238
LEXXW,2021-01-29,12350,1763846911.3182375
LEXXW,2021-02-03,64604,1763846912.3492434
LEXXW,2021-03-02,15478,1763846913.3362863
LEXXW,2021-05-06,41305,1763846914.3581083
LEXXW,2021-07-21,138820,1763846915.3841069
LEXXW,2021-12-08,17300,1763846916.3769023
LEXXW,2022-02-14,10839,1763846917.3569012
LEXXW,2022-02-23,11232,1763846918.3744824
LEXXW,2022-04-14,34979,1763846919.3758042
LEXXW,2022-05-16,11388,1763846920.3601542
LEXXW,2022-05-17,11390,1763846921.38413
LEXXW,2022-07-05,11042,1763846922.3591285
LEXXW,2024-03-07,29950,1763846923.397122
LEXXW,2024-03-08,38072,1763846924.409156
LEXXW,2024-03-13,22484,1763846925.4218428
LEXXW,2024-03-19,13932,1763846926.4423673
LEXXW,2024-03-26,15269,1763846927.468596
LEXXW,2024-04-05,12031,1763846928.4671242
LEXXW,2024-04-19,11651,1763846929.5337315
LEXXW,2024-04-30,13241,1763846930.5177324
LEXXW,2024-05-07,12320,1763846931.4961414
LEXXW,2024-05-24,11229,1763846932.4921415
LEXXW,2024-06-28,13758,1763846933.5032973
LEXXW,2024-07-09,21065,1763846934.5167253
LEXXW,2024-08-06,14293,1763846935.5300984
LEXXW,2024-09-09,12624,1763846936.5543134
LEXXW,2024-10-04,11880,1763846937.580819
LEXXW,2024-10-21,14293,1763846938.5668187
LFCR,2023-03-20,5738194,1763846946.695445
LFCR,2023-05-23,4674637,1763846953.2758715
LFMD,2021-05-14,4165763,1763846958.7184045
LFMD,2023-07-21,601017,1763846960.1569235
LFST,2022-09-08,3058178,1763846964.0301166
LFST,2023-03-08,1661508,1763846966.4968078
LFST,2024-02-28,2513907,1763846969.218349
LFVN,2023-08-29,660805,1763846970.5423486
LFWD,2024-08-15,121940,1763846971.5583105
LGCB,2024-03-25,105515,1763846972.58235
LGCB,2024-06-07,69958,1763846973.5993526
LGCB,2024-06-12,29366,1763846974.6154182
LGCB,2024-07-16,93543,1763846975.646912
LGCB,2024-10-24,14086572,1763846985.3918486
LGCB,2024-11-08,708339,1763846986.7933478
LGCB,2024-11-11,787510,1763846988.4901414
LGCB,2024-12-20,888402,1763846990.3305054
LGCL,2024-08-15,418113,1763846991.6880212
LGCL,2024-08-16,3801841,1763846996.4780133
LGHL,2020-06-18,139987,1763846997.6245306
LGHL,2020-06-24,126347,1763846998.6548762
LGHL,2020-06-30,287589,1763846999.7698736
LGHL,2020-07-01,1200950,1763847001.9463112
LGHL,2020-07-16,6924672,1763847009.645267
LGHL,2020-10-16,96514,1763847010.8237846
LGHL,2021-01-08,5607463,1763847016.1706991
LGHL,2021-01-29,2514098,1763847019.8739064
LGHL,2021-02-12,1515844,1763847022.857342
LGHL,2021-09-17,591531,1763847024.451365
LGHL,2021-10-04,1309801,1763847027.0288832
LGHL,2023-04-28,3516044,1763847030.870397
LGHL,2023-05-16,3636059,1763847035.3989184
LGHL,2023-08-10,223334,1763847036.514202
LGHL,2023-08-31,543214,1763847038.1800358
LGHL,2023-12-06,843553,1763847040.0160868
LGHL,2024-02-20,158876,1763847041.013325
LGHL,2024-09-11,548151,1763847042.1782863
LGHL,2024-10-18,3866148,1763847044.553613
LGND,2020-03-17,1778565,1763847046.2061815
LGVN,2021-03-11,5550607,1763847049.5246317
LGVN,2021-04-13,5296768,1763847052.72186
LGVN,2021-05-21,510059,1763847053.910372
LGVN,2021-11-18,48487050,1763847104.0107996
LGVN,2021-11-19,71046885,1763847146.4026327
LGVN,2021-11-22,56945954,1763847181.4572244
LGVN,2021-11-24,42680519,1763847210.4531643
LGVN,2021-12-03,13630567,1763847218.8586085
LGVN,2022-03-09,651418,1763847220.2207959
LGVN,2022-03-31,29038757,1763847248.3139303
LGVN,2022-04-20,3605181,1763847251.270516
LGVN,2023-05-09,1977087,1763847253.2575269
LGVN,2023-08-31,1124718,1763847254.742509
LGVN,2024-04-08,17678220,1763847265.6117551
LGVN,2024-04-15,14556001,1763847275.7274473
LGVN,2024-04-16,16037909,1763847285.8393312
LGVN,2024-06-12,10242350,1763847294.070855
LGVN,2024-06-13,34980319,1763847317.8071268
LGVN,2024-06-14,46153448,1763847345.2206228
LGVN,2024-07-09,6774312,1763847349.3037822
LGVN,2024-07-10,27445055,1763847382.016859
LGVN,2024-07-17,8629615,1763847389.310221
LI,2020-08-26,11320792,1763847401.6113317
LI,2020-11-12,20574178,1763847425.5894606
LI,2022-03-16,16454830,1763847446.9063168
LICN,2023-03-08,140353,1763847448.078318
LICN,2023-04-28,1199573,1763847450.186118
LICN,2023-07-03,20564,1763847451.2081177
LICN,2024-02-08,33466,1763847452.2177122
LICN,2024-02-16,5515103,1763847458.5109494
LICN,2024-04-24,2386318,1763847462.1682856
LICN,2024-04-29,818064,1763847463.8872876
LICN,2024-12-12,3883411,1763847468.4835227
LICN,2024-12-26,4334331,1763847474.2517273
LICN,2024-12-27,6335646,1763847480.97241
LIDR,2021-09-16,3458666,1763847485.0344696
LIDR,2021-10-26,15300225,1763847502.7896085
LIDR,2022-11-25,1459975,1763847505.4099576
LIDR,2023-04-17,2030003,1763847508.1519861
LIDR,2023-07-28,2535143,1763847511.0335062
LIDR,2023-07-31,4154272,1763847516.3617113
LIDR,2023-08-01,4430148,1763847521.4333954
LIDR,2023-08-02,8085973,1763847530.5685375
LIDR,2023-12-27,3273768,1763847535.1327019
LIDR,2024-03-20,1181742,1763847537.1564195
LIDR,2024-03-21,1569612,1763847539.9306836
LIDR,2024-05-10,25999315,1763847574.6884007
LIDR,2024-05-15,8867757,1763847584.3990555
LIDR,2024-05-21,2890788,1763847588.9127803
LIDR,2024-05-24,1732694,1763847591.7378466
LIDR,2024-05-28,5871185,1763847598.7497766
LIDR,2024-08-21,248417,1763847599.8971972
LIDR,2024-12-17,591598,1763847601.2732272
LIDR,2024-12-27,4414829,1763847606.9666307
LIDRW,2021-09-16,104920,1763847608.0251434
LIDRW,2021-10-26,511253,1763847609.3491263
LIDRW,2022-04-25,34864,1763847610.3699977
LIDRW,2022-05-13,20967,1763847611.3795173
LINC,2020-05-21,70520,1763847612.3859916
LIND,2020-03-24,905211,1763847613.7864697
LIND,2020-03-25,1269805,1763847615.9357042
LIND,2020-11-09,511436,1763847617.4477966
LIND,2022-11-02,644529,1763847619.033499
LINK,2021-06-21,62829,1763847620.019867
LINK,2023-07-18,2378938,1763847623.5008345
LINK,2023-11-08,62207,1763847624.542617
LINK,2024-10-25,1170136,1763847626.4797986
LINK,2024-12-16,164861,1763847627.7411234
LION,2023-01-30,93019,1763847628.7871244
LION,2023-02-01,214018,1763847630.1871347
LION,2023-02-23,338621,1763847631.5601346
LION,2023-02-28,708814,1763847633.114107
LION,2024-05-14,152102,1763847634.1543262
LIQT,2020-05-11,225225,1763847635.235783
LITB,2020-03-27,910695,1763847636.8188493
LITB,2020-06-16,439500,1763847638.096522
LITB,2020-06-19,955107,1763847639.7439964
LITB,2020-08-04,271803,1763847640.9430194
LITB,2020-08-05,546352,1763847642.3003943
LITB,2020-08-10,1402945,1763847644.365562
LITB,2021-08-11,4545874,1763847649.3900158
LITB,2021-08-23,597838,1763847650.8188095
LITB,2024-06-06,73532,1763847651.8458076
LITB,2024-08-14,67426,1763847652.8593147
LITB,2024-08-27,227506,1763847654.030545
LITB,2024-09-10,76017,1763847655.052279
LITM,2021-11-29,2281458,1763847658.3363023
LITM,2022-03-30,2095373,1763847660.9953184
LITM,2022-09-23,11814783,1763847668.6711574
LITM,2022-09-30,2384629,1763847670.5725677
LITM,2022-10-21,632243,1763847671.959839
LITM,2023-12-14,56638,1763847672.9738536
LITM,2023-12-21,83451,1763847673.9881258
LITM,2023-12-22,182607,1763847675.0359056
LITM,2023-12-27,159808,1763847676.063442
LITM,2024-01-09,129681,1763847677.0824425
LITM,2024-07-23,110944,1763847678.1071644
LITM,2024-08-07,427014,1763847679.3463595
LITM,2024-09-11,617712,1763847680.589456
LITM,2024-12-03,732773,1763847681.8294559
LITM,2024-12-18,40257052,1763847705.6786516
LITM,2024-12-20,6434747,1763847709.3871145
LITM,2024-12-24,9028751,1763847714.1134923
LITM,2024-12-26,5379582,1763847717.3480117
LITM,2024-12-27,13898732,1763847724.936579
LIVE,2020-04-02,24472,1763847726.0405803
LIVE,2020-05-28,50722,1763847727.06248
LIVE,2020-06-17,38316,1763847728.0879984
LIVE,2020-07-15,27213,1763847729.0790293
LIVE,2021-01-13,2523205,1763847730.9375906
LIVE,2021-01-26,924513,1763847732.2756276
LIVE,2021-10-25,125358,1763847733.2869856
LIXT,2020-12-17,420724,1763847734.3639867
LIXT,2021-01-19,98835,1763847735.351021
LIXT,2021-02-26,13310162,1763847742.9083288
LIXT,2021-08-03,3340193,1763847745.372958
LIXT,2022-01-05,13738304,1763847753.3156447
LIXT,2022-03-21,79048,1763847754.4552393
LIXT,2022-04-12,24502568,1763847768.231948
LIXT,2023-01-04,30145,1763847769.5165765
LIXT,2023-02-07,6436493,1763847773.0211112
LIXT,2023-02-10,1769522,1763847774.7145786
LIXT,2023-06-27,123774,1763847775.7281656
LIXT,2023-07-17,1920023,1763847777.3492913
LIXT,2023-11-27,211642,1763847778.3944287
LIXT,2024-03-27,7835638,1763847785.4582725
LIXT,2024-06-14,359620,1763847786.7539442
LIXT,2024-10-29,9006636,1763847797.5323946
LIXT,2024-11-25,69900,1763847798.6311178
LIXTW,2020-11-27,68977,1763847799.6081157
LIXTW,2020-12-03,20952,1763847800.62546
LIXTW,2020-12-17,15626,1763847801.6144965
LIXTW,2020-12-18,27378,1763847802.6007192
LIXTW,2021-01-19,14038,1763847803.5732355
LIXTW,2021-02-26,150884,1763847804.676733
LIXTW,2021-03-12,26236,1763847805.671248
LIXTW,2021-05-05,72820,1763847806.6622853
LIXTW,2021-05-19,32861,1763847807.655284
LIXTW,2022-04-12,172580,1763847808.6922896
LMB,2020-08-14,138022,1763847809.7342916
LMFA,2020-01-13,219810,1763847810.9450665
LMFA,2020-02-04,83154,1763847811.9610674
LMFA,2020-03-19,20647,1763847812.9519162
LMFA,2020-03-20,137561,1763847814.331916
LMFA,2020-04-15,54153,1763847815.3348625
LMFA,2020-05-20,175143,1763847816.4518647
LMFA,2020-06-10,235808,1763847817.598802
LMFA,2020-06-17,11207948,1763847825.5809462
LMFA,2020-06-19,4380306,1763847828.516857
LMFA,2020-06-30,252798,1763847829.6143486
LMFA,2020-07-06,3410474,1763847831.9985561
LMFA,2020-09-28,1718028,1763847833.6445558
LMFA,2020-09-29,6681306,1763847837.1622474
LMFA,2021-01-08,16610949,1763847847.063436
LMFA,2021-01-11,32741124,1763847885.5482776
LMFA,2021-01-29,12033607,1763847897.1432998
LMFA,2021-05-07,1797613,1763847899.6588533
LMFA,2021-07-08,7410736,1763847906.6618645
LMFA,2021-10-15,12072293,1763847922.29533
LMFA,2022-08-17,611676,1763847923.813833
LMFA,2023-05-15,5516482,1763847930.5352716
LMFA,2023-10-25,374983,1763847931.8689997
LMFA,2023-12-27,617649,1763847933.665864
LMFA,2024-02-15,359965,1763847934.9329326
LMFA,2024-03-11,4211281,1763847939.7471528
LMFA,2024-05-16,213008,1763847940.8142922
LMND,2020-07-06,8632836,1763847948.3540523
LMND,2023-05-04,4918299,1763847952.5576894
LMND,2023-11-02,6126583,1763847958.9051485
LMND,2024-10-31,6696717,1763847966.6589236
LNC,2020-03-24,5438728,1763847971.9804435
LNC,2020-11-09,4683466,1763847976.6410198
LNKS,2024-12-11,127821,1763847977.8489695
LNKS,2024-12-12,436451,1763847979.822065
LNKS,2024-12-17,176265,1763847980.985869
LNSR,2020-10-05,223711,1763847982.1368384
LNSR,2020-10-30,92251,1763847983.1368132
LNSR,2024-11-07,131292,1763847984.2497766
LNTH,2022-02-24,3192168,1763847987.824005
LNTH,2024-07-10,4347310,1763847992.894455
LNZA,2023-02-21,849855,1763847994.5213025
LNZA,2024-12-23,845128,1763847995.9809113
LNZA,2024-12-26,1937168,1763847998.2410438
LNZAW,2023-09-11,128477,1763847999.316643
LNZAW,2023-09-22,95272,1763848000.3162212
LOBO,2024-04-02,176187,1763848001.4836729
LOBO,2024-06-20,126705,1763848002.4711936
LOBO,2024-10-07,481972,1763848003.815961
LOBO,2024-10-22,140068,1763848004.9546647
LOBO,2024-12-24,58913,1763848005.984073
LOCL,2021-11-24,967317,1763848007.6448476
LOCL,2023-03-17,265347,1763848008.9048927
LOCL,2023-03-27,245240,1763848009.9854224
LOCL,2023-03-29,2680689,1763848013.3672938
LOCL,2023-08-02,138026,1763848014.4060757
LOCL,2023-10-31,228452,1763848015.467553
LOCL,2023-11-01,253643,1763848016.6360075
LOCL,2023-11-03,119964,1763848017.6964886
LOCL,2023-11-07,143282,1763848018.7854989
LOCL,2023-11-08,387563,1763848020.173259
LOCL,2023-11-17,74062,1763848021.1997716
LOCL,2024-12-16,135613,1763848022.235187
LOCO,2024-05-03,1739870,1763848025.1584926
LOOP,2021-01-27,483039,1763848026.3977766
LOOP,2021-06-23,2817941,1763848028.5898044
LOOP,2023-03-27,185887,1763848029.6418061
LOOP,2024-07-26,89118,1763848030.7681336
LOOP,2024-12-13,14167176,1763848047.0761766
LOTWW,2024-05-29,98271,1763848048.2421756
LOVE,2020-03-19,280725,1763848049.7776275
LOVE,2020-04-09,381064,1763848051.153418
LOVE,2020-04-16,601948,1763848052.5779262
LOVE,2020-04-17,1541259,1763848054.7287388
LOVE,2020-06-09,2574870,1763848058.6180646
LOVE,2022-03-29,3277626,1763848063.2721157
LPCN,2020-02-24,1051894,1763848065.3987572
LPCN,2020-03-19,342326,1763848066.8978953
LPCN,2020-08-26,2733573,1763848070.1464002
LPCN,2021-03-17,4589585,1763848075.7246466
LPCN,2023-03-13,208228,1763848076.8871036
LPCN,2023-05-11,1158913,1763848078.6751313
LPCN,2023-05-23,105787,1763848079.715131
LPCN,2023-07-27,2975438,1763848083.6285472
LPRO,2023-05-10,1901279,1763848087.081295
LPSN,2020-05-06,4176106,1763848091.8499992
LPSN,2023-05-10,2462381,1763848094.183138
LPSN,2023-07-12,4403856,1763848098.1547825
LPSN,2023-08-09,3473288,1763848102.8360364
LPSN,2024-07-22,1801442,1763848105.4641638
LPSN,2024-12-30,2407982,1763848108.7911267
LPSN,2024-12-31,7280172,1763848117.4504778
LPTH,2020-02-07,917106,1763848119.0422914
LPTH,2020-03-09,743472,1763848120.4562922
LPTH,2020-04-21,359481,1763848121.5961356
LPTH,2020-12-22,495573,1763848122.949444
LPTH,2021-06-04,2965718,1763848126.735871
LPTH,2021-06-08,2952699,1763848130.3949544
LPTH,2022-08-18,151479,1763848131.4658654
LPTH,2023-07-05,1516527,1763848133.5826614
LQDA,2020-10-19,1450012,1763848135.847123
LQDA,2022-07-19,4958967,1763848142.8186054
LQDA,2022-08-12,3295200,1763848147.153841
LQDA,2022-08-31,4253320,1763848153.4480422
LQDA,2023-12-20,5218348,1763848161.0320628
LQDT,2020-12-08,769900,1763848162.6976886
LQDT,2021-05-06,1678882,1763848164.7854085
LQDT,2024-12-12,1291987,1763848166.8118615
LRE,2024-06-21,149291,1763848168.0368614
LRE,2024-06-24,1557207,1763848169.6158173
LRE,2024-07-16,293680,1763848170.6738174
LRE,2024-10-31,210303,1763848171.6857057
LRHC,2023-10-26,145136,1763848172.7177074
LRHC,2023-11-17,532051,1763848173.9493518
LRHC,2023-11-27,152834,1763848175.1793773
LRHC,2023-12-15,322415,1763848176.50343
LRHC,2024-01-17,30861,1763848177.4974682
LRHC,2024-02-22,10177638,1763848190.949792
LRHC,2024-04-18,188536,1763848192.0867927
LRHC,2024-06-03,70995,1763848193.101146
LRHC,2024-06-14,5937573,1763848200.3808947
LRHC,2024-06-18,10288116,1763848209.1603813
LRHC,2024-06-25,13795513,1763848217.8818464
LRHC,2024-10-23,18425560,1763848229.9997816
LRMR,2021-05-12,599254,1763848231.451968
LRMR,2022-08-12,1064284,1763848232.8168254
LRMR,2022-08-18,483885,1763848233.9298656
LRMR,2023-07-28,573280,1763848235.1698775
LRMR,2024-02-13,1256330,1763848237.1780832
LRMR,2024-02-14,1862281,1763848239.1372447
LRN,2022-01-26,3262369,1763848241.4008763
LRN,2023-01-25,2745646,1763848243.4274914
LRN,2024-10-23,6340827,1763848246.9254272
LSH,2024-07-31,7973855,1763848251.1097076
LSH,2024-09-30,48128,1763848252.1614783
LSH,2024-12-30,108096,1763848253.1658182
LSPD,2022-05-13,3270770,1763848258.0204642
LTBR,2020-04-23,89592,1763848259.0320358
LTBR,2020-05-04,75958,1763848260.0574021
LTBR,2020-05-05,222846,1763848261.101404
LTBR,2020-07-23,123851,1763848262.1036232
LTBR,2020-09-25,261170,1763848263.138562
LTBR,2021-01-05,320096,1763848264.1914058
LTBR,2021-01-25,530439,1763848265.3471367
LTBR,2021-03-25,942165,1763848266.716076
LTBR,2022-03-09,933605,1763848268.0010784
LTBR,2024-06-25,239111,1763848269.0178504
LTBR,2024-06-26,803427,1763848270.1800623
LTBR,2024-10-16,880571,1763848271.4994576
LTBR,2024-10-18,2537875,1763848273.4797342
LTBR,2024-10-21,6502416,1763848279.1790254
LTBR,2024-10-28,2652969,1763848283.2929022
LTBR,2024-10-29,6448462,1763848290.5096495
LTM,2020-03-19,1462041,1763848293.0086412
LTM,2020-03-20,1633846,1763848295.1756883
LTM,2020-06-02,7240733,1763848302.2651792
LTM,2020-06-03,14397048,1763848316.1046453
LTM,2020-06-08,10928138,1763848328.3808877
LTM,2024-07-25,1319472,1763848330.205886
LTRN,2020-12-10,79502,1763848331.2159247
LTRN,2023-11-09,178571,1763848332.331122
LTRN,2024-03-08,1120490,1763848334.3199656
LTRX,2020-04-08,105255,1763848335.352044
LTRX,2022-11-10,376876,1763848336.8121965
LTRYW,2021-11-05,349821,1763848338.0698538
LU,2022-03-16,7562265,1763848346.6986873
LU,2024-03-21,9199777,1763848356.8794446
LUCY,2022-10-03,114693,1763848357.9750712
LUCY,2022-10-07,11222155,1763848371.231661
LUCY,2022-12-28,4403350,1763848376.9634721
LUCY,2023-01-19,1058032,1763848378.8566954
LUCY,2023-02-02,10377472,1763848389.1397226
LUCY,2023-02-06,1073069,1763848391.3820498
LUCY,2023-02-07,5129518,1763848396.043485
LUCY,2023-04-11,16922667,1763848416.95623
LUCY,2023-12-11,1238180,1763848419.4983678
LUCY,2024-05-14,224957,1763848420.6552596
LUCY,2024-05-21,319122,1763848421.9982836
LUCY,2024-05-24,41482545,1763848455.613739
LUCY,2024-05-29,33698714,1763848494.70271
LUCY,2024-05-30,36096692,1763848535.868508
LUCY,2024-05-31,15315627,1763848553.1352904
LUCY,2024-06-28,20953738,1763848577.0921235
LUCY,2024-07-10,2352893,1763848579.946452
LUCY,2024-08-29,22633633,1763848604.4871075
LUCY,2024-09-16,422913,1763848605.9844728
LUCY,2024-09-17,681223,1763848607.4105055
LUCY,2024-10-02,230569,1763848608.5955439
LUCY,2024-10-29,6389740,1763848615.3039558
LUCYW,2023-04-11,54565,1763848616.3449562
LUCYW,2023-04-12,72586,1763848617.3579793
LUMN,2021-01-26,12140673,1763848630.84324
LUMN,2024-07-30,18392528,1763848653.0899181
LUMN,2024-08-01,21759803,1763848677.4619472
LUMN,2024-08-06,40663263,1763848722.272056
LUMN,2024-08-07,74428271,1763848807.349936
LUNG,2023-02-23,1028509,1763848809.830053
LUNR,2023-02-16,3078300,1763848813.7220802
LUNR,2023-02-22,5315259,1763848818.3620977
LUNR,2023-02-24,9557320,1763848826.6149685
LUNR,2023-03-09,6560480,1763848833.587898
LUNR,2023-04-26,3830209,1763848837.7281485
LUNR,2024-01-10,1131213,1763848839.9984043
LUNR,2024-02-09,2462040,1763848843.297188
LUNR,2024-02-12,8087327,1763848851.4558382
LUNR,2024-02-15,8780333,1763848858.3371181
LUNR,2024-02-16,12333862,1763848866.1943316
LUNR,2024-02-20,18214040,1763848876.1545625
LUNR,2024-02-23,40998861,1763848899.4540234
LUNR,2024-08-20,17987626,1763848909.2429204
LUNR,2024-09-18,29080721,1763848929.1079607
LVLU,2022-08-08,836363,1763848930.7762835
LVLU,2023-06-23,441713,1763848931.9784458
LVLU,2024-11-05,68760,1763848933.007466
LVO,2023-02-07,93128,1763848934.0571158
LVO,2023-04-10,354482,1763848935.1898544
LVRO,2023-03-03,657367,1763848936.5468557
LVRO,2023-03-14,128496,1763848937.5591729
LVRO,2023-03-20,105578,1763848938.5809126
LVTX,2021-08-03,2243938,1763848941.980099
LVTX,2021-12-31,128938,1763848943.0313787
LVTX,2022-06-21,17189,1763848944.0220766
LVTX,2022-09-26,11206351,1763848952.4845185
LVTX,2023-06-02,6978132,1763848960.8287466
LVTX,2024-01-25,8546842,1763848969.978402
LVTX,2024-02-29,8537168,1763848978.7880783
LVTX,2024-03-04,1909435,1763848981.1431658
LVWR,2022-10-03,2228563,1763848983.2941048
LVWR,2023-01-25,126418,1763848984.3209522
LWAC,2021-08-25,5234418,1763848990.7540324
LWACU,2021-08-25,213577,1763848991.9100196
LWACW,2021-08-25,986074,1763848993.545054
LWAY,2020-03-19,96605,1763848994.589928
LWAY,2020-04-15,272847,1763848995.653955
LWAY,2020-08-17,294451,1763848996.7789602
LWAY,2023-11-14,549262,1763848998.0439608
LWAY,2024-08-13,861482,1763848999.7165625
LWLG,2023-05-30,1321726,1763849001.7129953
LX,2021-06-01,2014939,1763849003.609638
LX,2022-03-16,1704126,1763849005.5646772
LX,2022-08-17,1101281,1763849007.196621
LX,2024-10-02,5024014,1763849012.4497554
LXEH,2020-10-05,42703,1763849013.4978688
LXEH,2021-06-10,22726,1763849014.5229053
LXEH,2021-06-14,127725,1763849015.6029744
LXEH,2022-05-23,203974,1763849016.7641897
LXEH,2022-06-28,17641,1763849017.7514703
LXEH,2022-08-02,15066,1763849018.753472
LXEH,2022-08-10,14994,1763849019.7710788
LXEH,2022-11-17,13485,1763849020.7780805
LXEH,2022-12-09,13193,1763849021.7880805
LXEH,2023-01-12,19034,1763849022.796602
LXEH,2023-01-13,22958,1763849023.7891085
LXEH,2023-03-14,26417,1763849024.7981057
LXEH,2023-03-17,1848402,1763849027.8142984
LXEH,2023-03-22,768253,1763849029.696451
LXEH,2023-04-04,86733,1763849030.7699785
LXEH,2023-04-28,51321,1763849031.779976
LXEH,2023-05-01,329724,1763849032.917204
LXEH,2023-05-02,7257525,1763849040.1037743
LXEH,2023-05-15,99736,1763849041.2147746
LXEH,2023-05-19,898230,1763849042.5528028
LXEH,2023-06-15,181970,1763849043.8422036
LXEH,2023-08-28,79361,1763849044.9833238
LXEH,2023-10-12,102045,1763849046.0623257
LXEH,2023-10-13,88017,1763849047.1026368
LXEH,2023-11-02,63484,1763849048.1086364
LXEH,2024-01-03,41082,1763849049.1010213
LXEH,2024-04-11,1381624,1763849051.4155838
LXEH,2024-04-29,75440,1763849052.4175832
LXEH,2024-06-12,154361,1763849053.524761
LXEH,2024-09-30,452639,1763849054.7868483
LXEH,2024-10-24,64245,1763849055.818267
LXEH,2024-12-18,87430,1763849056.824734
LXEH,2024-12-19,145939,1763849057.8732748
LXEH,2024-12-20,185780,1763849059.0202758
LXEO,2024-11-13,1686044,1763849061.6748445
LXRX,2020-07-21,3477507,1763849066.342652
LXRX,2020-11-17,11215240,1763849078.5639112
LXRX,2020-12-08,22401438,1763849104.8439684
LXRX,2021-01-14,21472253,1763849127.6833053
LXRX,2022-07-05,3901260,1763849131.7785456
LXRX,2023-03-03,582849,1763849133.0628214
LXRX,2024-12-11,1459243,1763849134.9448206
LXU,2020-04-09,201731,1763849136.028854
LXU,2020-06-08,454381,1763849137.2216928
LXU,2020-08-10,489529,1763849138.501251
LXU,2020-08-17,1210325,1763849140.3366148
LXU,2020-10-08,319763,1763849141.4284062
LXU,2020-12-31,403559,1763849142.5430136
LXU,2021-07-20,1605649,1763849144.4039252
LYFT,2020-03-19,9897308,1763849154.718973
LYFT,2024-02-14,25904601,1763849185.4452102
LYFT,2024-11-07,19045787,1763849210.086543
LYRA,2020-11-24,402056,1763849211.6048386
LYRA,2021-02-11,771830,1763849213.1708663
LYRA,2022-04-08,1162352,1763849215.015428
LYRA,2022-04-11,2056683,1763849217.9332058
LYRA,2022-12-21,54575,1763849218.9486296
LYTS,2020-04-15,482391,1763849220.226817
LZM,2023-09-22,700378,1763849221.799598
LZM.WS,2023-09-22,58164,1763849222.777599
LZM.WS,2023-09-25,82766,1763849223.8792222
LZM.WS,2024-12-04,12906,1763849224.8957434
M,2020-11-09,11661722,1763849236.2458024
M,2021-01-27,23008573,1763849260.1884615
MAC,2020-04-07,8166500,1763849269.2039418
MAC,2020-04-09,6904424,1763849275.219203
MAC,2020-11-09,5392158,1763849280.0296104
MAC,2021-01-25,5874463,1763849285.039033
MAC,2021-01-27,13669592,1763849297.2239742
MAIN,2020-03-26,2336217,1763849299.9011006
MAPS,2022-10-06,1424916,1763849302.1379647
MAPS,2023-06-12,302100,1763849303.3469653
MAPS,2024-04-30,762776,1763849304.8414712
MAPS,2024-11-14,743611,1763849306.3305478
MAPSW,2022-03-22,39807,1763849307.352544
MARA,2020-05-08,3395983,1763849311.4962795
MARA,2020-05-14,2175245,1763849314.1525893
MARA,2020-06-10,2805513,1763849318.2629445
MARA,2020-06-22,1143571,1763849320.1200585
MARA,2024-11-11,31657061,1763849360.9541361
MARPS,2020-03-10,15399,1763849362.2751062
MARPS,2020-03-17,17678,1763849363.278707
MARPS,2020-04-03,26316,1763849364.2847037
MARPS,2020-05-18,115740,1763849365.3110287
MARPS,2020-07-22,137414,1763849366.313236
MARPS,2020-07-29,26475,1763849367.3042946
MARPS,2020-10-09,1616835,1763849369.494771
MARPS,2020-10-19,1207639,1763849371.3135073
MARPS,2020-10-30,6585613,1763849379.1282792
MARPS,2020-12-28,1531742,1763849381.8133614
MARPS,2021-01-28,583508,1763849383.3910463
MARPS,2021-07-14,168783,1763849384.4456792
MARPS,2021-10-05,9250617,1763849395.0528514
MARPS,2022-03-04,360792,1763849396.3459988
MARPS,2022-03-07,2543644,1763849400.3859653
MARPS,2022-03-08,6154758,1763849407.9723535
MARPS,2022-03-17,520344,1763849409.4004035
MARPS,2022-04-14,374084,1763849410.5462215
MARPS,2022-05-31,160287,1763849411.5352647
MARPS,2024-04-12,94139,1763849412.5297568
MATH,2024-09-10,21953,1763849413.5153399
MATH,2024-11-21,39552,1763849414.5461063
MATV,2024-02-22,1549967,1763849416.6044147
MATX,2020-07-10,1733125,1763849418.8216507
MAX,2022-11-04,797712,1763849420.470861
MAX,2023-05-26,1053152,1763849422.3826294
MAX,2024-08-01,2226847,1763849425.3921518
MAXN,2022-03-08,1403796,1763849428.200523
MAXN,2023-03-08,4920980,1763849434.2273948
MAXN,2023-05-11,3389885,1763849438.9590192
MAXN,2024-05-13,1413536,1763849441.1791015
MAXN,2024-05-14,4239690,1763849446.3439865
MAXN,2024-05-22,2027899,1763849449.1324165
MAXN,2024-07-05,16925967,1763849470.963416
MAXN,2024-07-08,35388837,1763849514.9569724
MAXN,2024-08-19,14086602,1763849531.7053258
MAXN,2024-10-30,8038448,1763849541.798638
MAXN,2024-11-01,4050588,1763849549.9576378
MAXN,2024-11-11,1780837,1763849553.982643
MAYS,2021-01-22,15710,1763849555.0071602
MAYS,2022-08-08,21758,1763849555.9937353
MBI,2021-03-08,2735772,1763849560.3459315
MBI,2023-12-08,5578832,1763849569.9751635
MBIO,2020-03-17,274333,1763849571.456416
MBIO,2020-05-26,758463,1763849573.6646643
MBIO,2022-07-26,336268,1763849575.0202916
MBIO,2023-10-26,506124,1763849576.333206
MBIO,2024-05-22,5071822,1763849582.7831998
MBIO,2024-05-29,4310624,1763849587.080685
MBIO,2024-06-17,43834918,1763849649.8852508
MBIO,2024-06-18,63083858,1763849772.2380402
MBIO,2024-06-21,9074820,1763849790.6009867
MBIO,2024-06-27,1926031,1763849795.2951035
MBIO,2024-07-23,1724633,1763849799.7851894
MBIO,2024-10-21,320916,1763849801.4473536
MBIO,2024-10-23,4989310,1763849810.454129
MBOT,2020-04-24,3218041,1763849815.8246293
MBOT,2020-08-17,8706790,1763849832.2907896
MBOT,2021-12-27,18979338,1763849854.3603125
MBOT,2023-05-22,28551316,1763849888.5981705
MBOT,2023-10-17,232866,1763849889.9296412
MBOT,2023-12-28,7652035,1763849904.0579698
MBOT,2024-06-03,24921789,1763849949.19453
MBRX,2020-02-05,1139227,1763849951.0212295
MBRX,2020-03-17,1399286,1763849952.8524034
MBRX,2020-03-19,1493963,1763849954.894729
MBRX,2020-04-08,14125697,1763849980.1181443
MBRX,2020-07-15,5299412,1763849989.1581473
MBRX,2020-07-21,3947515,1763849997.6449113
MBRX,2020-12-01,4275172,1763850006.2965708
MBRX,2021-02-02,11336731,1763850026.0474255
MBRX,2023-04-18,1179771,1763850028.2972589
MBRX,2023-07-13,484739,1763850029.6151843
MBRX,2023-10-17,262276,1763850030.8271234
MBRX,2024-08-02,184000,1763850031.937123
MBRX,2024-09-23,130489,1763850032.967693
MBRX,2024-11-14,193500,1763850034.024694
MBRX,2024-12-11,112779,1763850035.0543754
MCB,2020-03-19,95391,1763850036.097376
MCB,2023-03-14,3723666,1763850039.9348514
MCB,2023-03-31,5508440,1763850045.9373088
MCFT,2020-04-09,474877,1763850047.3413012
MCFT,2024-11-06,664111,1763850048.9663537
MCHX,2020-04-27,101012,1763850050.003186
MCI,2020-03-24,59384,1763850051.0027037
MCRB,2020-08-10,30154321,1763850083.82845
MCRB,2020-08-13,9374991,1763850102.0661633
MCRB,2021-11-10,3619280,1763850110.3246026
MCRB,2023-11-03,5213851,1763850119.8756566
MCRB,2024-01-09,6796930,1763850133.835458
MCRB,2024-05-09,2571410,1763850139.7539792
MCRB,2024-06-10,3596421,1763850145.1467824
MCRB,2024-09-06,2566147,1763850148.6326568
MCS,2020-03-19,560417,1763850149.9545863
MCS,2020-11-09,1080901,1763850151.978646
MDAI,2023-09-28,357603,1763850153.4723027
MDAI,2023-10-02,275238,1763850154.7980165
MDAI,2023-10-04,1886843,1763850158.680401
MDAI,2023-10-19,12189775,1763850184.064946
MDAI,2024-01-12,6077838,1763850196.6925347
MDAI,2024-01-26,1229486,1763850199.5838718
MDAI,2024-01-29,4853298,1763850206.954425
MDAI,2024-01-30,5163409,1763850218.2788887
MDAI,2024-03-15,4927145,1763850224.6924126
MDAI,2024-11-20,686378,1763850226.579776
MDAI,2024-11-26,6258803,1763850234.9598093
MDAI,2024-11-29,1431200,1763850237.469128
MDAI,2024-12-02,3916840,1763850242.511621
MDB,2023-06-02,9907049,1763850255.2929232
MDBH,2023-09-25,159351,1763850256.4325755
MDBH,2023-12-22,45045,1763850257.4169123
MDBH,2024-07-19,74066,1763850258.3987372
MDCX,2024-12-03,32213,1763850259.4173265
MDGL,2022-12-19,7952795,1763850267.435627
MDIA,2020-01-24,35196,1763850268.5011532
MDIA,2020-05-11,84488,1763850269.510839
MDIA,2020-06-16,243616,1763850270.5417788
MDIA,2020-06-24,201690,1763850271.6617763
MDIA,2020-07-29,163899,1763850272.672382
MDIA,2020-08-05,146576,1763850273.8334262
MDIA,2020-09-02,585198,1763850275.0522952
MDIA,2020-12-16,106947,1763850276.0724251
MDIA,2021-06-14,4921677,1763850280.487588
MDIA,2021-07-09,260804,1763850281.6175897
MDIA,2021-07-12,18071751,1763850295.7185133
MDIA,2021-07-14,7737263,1763850301.326087
MDIA,2021-07-29,1595298,1763850304.0728004
MDIA,2021-08-02,1402218,1763850307.340844
MDIA,2021-08-10,6723160,1763850321.6469057
MDIA,2021-09-27,1599649,1763850325.6059184
MDIA,2022-07-06,49518,1763850326.6275847
MDIA,2022-08-01,1868824,1763850329.7049918
MDIA,2022-08-03,3361767,1763850333.941916
MDIA,2022-12-13,242646,1763850335.0959167
MDIA,2022-12-14,233091,1763850336.2522545
MDIA,2022-12-21,1091386,1763850338.7523851
MDIA,2023-06-13,125432,1763850339.7714798
MDIA,2024-04-03,1341784,1763850341.792446
MDIA,2024-04-04,2268773,1763850344.4221914
MDIA,2024-04-05,25451600,1763850372.468352
MDIA,2024-04-09,15172793,1763850397.996523
MDIA,2024-04-23,165781,1763850399.3445685
MDIA,2024-05-01,119583,1763850400.4817157
MDIA,2024-06-11,222628,1763850401.8898537
MDIA,2024-06-12,2167302,1763850406.640905
MDIA,2024-06-14,1108729,1763850409.22244
MDIA,2024-10-16,283153,1763850410.4564078
MDIA,2024-11-26,261358,1763850411.9771047
MDRR,2020-03-25,21919,1763850412.9848518
MDRR,2020-03-26,28125,1763850413.9975865
MDRR,2020-10-14,25493453,1763850457.427437
MDRR,2020-11-09,409937,1763850458.8787904
MDRR,2020-12-04,223409,1763850459.964026
MDRR,2021-03-11,1622740,1763850462.2190218
MDRR,2021-05-10,1843724,1763850465.291892
MDRR,2021-06-09,2673285,1763850468.9704924
MDRR,2021-12-31,5564122,1763850476.254295
MDV,2022-02-18,440951,1763850477.4720373
MDV,2022-03-15,175899,1763850478.4920104
MDV,2022-12-01,72467,1763850479.5053723
MDWD,2020-04-14,27924,1763850480.5001004
MDWD,2020-06-17,115099,1763850481.5233727
MDWD,2020-08-25,197369,1763850482.5243855
MDWD,2024-07-05,2586335,1763850484.760167
MDXG,2020-12-16,2232162,1763850488.0062876
MDXG,2023-05-03,1212227,1763850490.0765245
MDXH,2022-05-20,1434258,1763850492.0003595
MEC,2020-03-13,113352,1763850493.0295124
MEC,2021-09-13,616736,1763850494.2810829
MEDP,2022-10-25,3072987,1763850498.8746502
MEGL,2022-08-08,7346978,1763850507.7208753
MEGL,2022-08-15,25068068,1763850536.5134697
MEGL,2022-08-31,4249437,1763850542.8705218
MEGL,2022-09-14,3729160,1763850547.211092
MEGL,2022-09-15,8319619,1763850560.717751
MEGL,2022-11-15,773929,1763850563.4928644
MEGL,2023-01-05,5062376,1763850572.4916174
MEGL,2023-01-06,9431643,1763850588.5462089
MEGL,2023-01-18,1247507,1763850592.2398336
MEGL,2023-04-28,24260648,1763850629.204885
MEGL,2023-05-08,2193004,1763850633.7372782
MEGL,2023-05-16,744672,1763850635.8890917
MEGL,2023-12-29,1365379,1763850639.7821207
MEGL,2024-10-02,388405,1763850641.799333
MEGL,2024-10-24,318159,1763850643.2062025
MEI,2024-07-11,2902221,1763850646.499761
MEI,2024-12-05,1971850,1763850648.8958235
MEOH,2020-03-25,1218226,1763850650.7311897
MESA,2020-03-13,793701,1763850652.1434891
MESA,2020-03-20,770400,1763850653.595593
MESA,2020-03-26,960648,1763850655.1670856
MESA,2020-04-07,786121,1763850657.1194615
MESA,2020-06-05,1702023,1763850659.5112886
MESA,2021-02-10,1294963,1763850661.9475877
MESA,2023-12-04,148772,1763850663.0575755
MESA,2024-01-19,8408748,1763850672.6747346
MESA,2024-05-20,265809,1763850673.7928417
MESA,2024-06-18,639882,1763850675.1380131
MESO,2020-03-10,177270,1763850676.2475536
MESO,2020-03-18,272730,1763850677.3761816
MESO,2020-04-06,1012314,1763850678.9231405
MESO,2020-04-09,692064,1763850680.3400967
MESO,2020-04-24,11006182,1763850692.8147497
MESO,2020-08-14,8317297,1763850699.4663787
MESO,2021-01-11,4989303,1763850704.4056497
MESO,2023-03-08,363197,1763850705.6444843
MESO,2024-03-11,4273423,1763850710.082252
MESO,2024-03-26,12232775,1763850720.4697227
MESO,2024-03-28,4578172,1763850724.3708193
MESO,2024-04-01,4785093,1763850729.441084
MESO,2024-12-19,2234641,1763850732.2121084
META,2022-06-09,13249124,1763850743.9639893
METC,2020-03-13,73714,1763850745.0368733
METC,2023-11-09,2334722,1763850750.1853435
METpF,2020-03-19,386027,1763850751.384504
MFA,2020-03-25,23541569,1763850792.3640738
MFA,2020-03-26,44800573,1763850833.612819
MFA,2020-03-27,40674640,1763850896.3072915
MFA,2020-04-07,9807605,1763850910.3264809
MFA,2020-04-08,12926178,1763850927.2336056
MFA,2020-04-09,20337434,1763850953.3096356
MFA,2020-06-05,15709561,1763850975.8231573
MFApB,2020-03-19,132797,1763850977.095826
MFApB,2020-03-25,256625,1763850978.7735634
MFApB,2020-03-26,273456,1763850980.3955657
MFApB,2020-04-06,94249,1763850981.439973
MFApB,2020-04-07,95175,1763850982.4913306
MFApB,2020-04-09,176152,1763850983.5340042
MFApC,2020-03-19,215968,1763850984.6336806
MFApC,2020-03-25,348720,1763850986.4990606
MFApC,2020-03-26,346781,1763850987.7719083
MFApC,2020-04-06,119057,1763850988.8600934
MFApC,2020-04-07,124391,1763850989.9858286
MFApC,2020-04-08,117754,1763850991.1231763
MFI,2024-06-04,304482,1763850992.4460783
MFI,2024-06-05,12213652,1763851011.8136034
MFI,2024-09-17,590136,1763851013.656856
MFI,2024-12-31,275817,1763851015.1193593
MFIN,2020-03-24,182418,1763851016.3023303
MFIN,2020-04-07,208997,1763851017.4848456
MFIN,2020-04-08,236394,1763851018.7139342
MFIN,2020-06-05,215485,1763851019.870243
MG,2020-03-19,243125,1763851021.0436778
MG,2020-03-30,450735,1763851022.3472147
MG,2020-04-09,411398,1763851023.6658685
MGIH,2023-05-01,1179615,1763851026.7644944
MGIH,2023-06-12,289921,1763851028.2742894
MGIH,2023-06-13,6060089,1763851039.831878
MGIH,2023-08-07,725408,1763851041.7498813
MGIH,2023-08-09,2366598,1763851046.175389
MGIH,2023-08-10,3156623,1763851052.8722486
MGIH,2023-08-11,2033570,1763851057.2719247
MGIH,2023-12-04,454179,1763851059.1365337
MGIH,2024-02-12,22387037,1763851095.2271576
MGIH,2024-02-20,896786,1763851097.7451186
MGIH,2024-12-24,55675,1763851098.776745
MGIH,2024-12-26,22369190,1763851140.8425603
MGM,2020-03-20,21782281,1763851163.65874
MGM,2020-03-24,19887209,1763851179.9394891
MGNI,2021-02-05,6966996,1763851185.2743354
MGNI,2022-11-10,4358918,1763851191.0398088
MGNI,2024-05-16,6556161,1763851199.7878723
MGNX,2020-05-06,22527312,1763851223.435698
MGNX,2020-05-11,8357824,1763851237.2674797
MGNX,2022-06-21,805154,1763851239.3863513
MGNX,2023-11-07,1089304,1763851241.4915915
MGNX,2024-04-04,3391549,1763851245.4741588
MGNX,2024-05-13,11532278,1763851258.8599403
MGNX,2024-11-06,1448548,1763851261.5154865
MGRX,2023-04-03,275424,1763851262.7219188
MGRX,2023-04-04,327035,1763851263.8900461
MGRX,2023-04-14,93551,1763851265.0022736
MGRX,2023-04-21,17576737,1763851285.02816
MGRX,2023-04-24,19888936,1763851308.505104
MGRX,2023-05-03,197201,1763851309.8527868
MGRX,2023-06-05,668685,1763851311.4867773
MGRX,2023-06-08,8168582,1763851321.0992577
MGRX,2023-08-01,111193,1763851322.1709664
MGRX,2023-10-11,53852,1763851323.1555803
MGRX,2023-10-19,380004,1763851324.28752
MGRX,2024-05-21,17047381,1763851342.5118885
MGRX,2024-10-01,11715008,1763851354.3869214
MGTX,2021-10-18,2937984,1763851358.007792
MGTX,2023-10-30,3697897,1763851361.6008227
MGTX,2023-12-21,708677,1763851363.007824
MGX,2024-12-09,10751763,1763851378.6130767
MGY,2020-03-19,2329925,1763851381.3864012
MGYR,2020-08-11,37966,1763851382.3974338
MHO,2020-03-24,712720,1763851383.6994061
MHUA,2022-07-28,25528,1763851384.7113194
MHUA,2022-07-29,116041,1763851385.8316913
MHUA,2022-08-01,134162,1763851386.9503448
MHUA,2022-08-02,557722,1763851388.960342
MHUA,2022-09-01,46631,1763851389.9670737
MHUA,2022-12-16,58950,1763851391.0206034
MHUA,2023-02-21,174698,1763851392.4320886
MHUA,2023-03-17,158577,1763851393.6882374
MHUA,2023-05-01,1012883,1763851396.3903677
MHUA,2023-05-04,184492,1763851397.5035653
MHUA,2023-05-12,634313,1763851399.3102665
MHUA,2023-05-16,239336,1763851400.6301308
MHUA,2023-08-01,225471,1763851401.7409513
MHUA,2024-07-31,9998179,1763851419.4170072
MHUA,2024-08-27,301983,1763851420.8447688
MHUA,2024-10-18,645900,1763851422.7710073
MIGI,2022-01-31,324468,1763851423.829021
MIGI,2022-07-20,228318,1763851424.8980355
MIGI,2023-01-03,63677,1763851425.8745792
MIGI,2023-03-21,97748,1763851426.8885033
MIGI,2023-08-29,164452,1763851427.92015
MIGI,2023-10-02,116836,1763851428.9364748
MIGI,2023-12-01,121630,1763851429.978596
MIGI,2023-12-04,543191,1763851431.1461806
MIGI,2023-12-20,314398,1763851432.2329528
MIGI,2023-12-27,1331411,1763851433.8866467
MIGI,2024-01-26,276850,1763851435.133623
MIGI,2024-02-16,534279,1763851436.4723508
MIGI,2024-04-22,176334,1763851437.5050094
MIGI,2024-08-08,104872,1763851438.509597
MIGI,2024-08-12,1234487,1763851440.238587
MIGI,2024-08-13,2420465,1763851443.0937457
MIGI,2024-12-05,10291793,1763851454.1319966
MIND,2020-04-09,44818,1763851455.2261932
MIND,2020-04-15,51151,1763851456.235482
MIND,2020-05-22,207074,1763851457.2863154
MIND,2020-05-26,481220,1763851458.508727
MIND,2020-06-15,167512,1763851459.5150843
MIND,2020-07-13,118156,1763851460.5200174
MIND,2020-12-15,623220,1763851461.858051
MIND,2020-12-16,1562520,1763851463.4703674
MIND,2021-12-14,2835755,1763851467.4131982
MIND,2023-01-30,77590,1763851468.445553
MIND,2023-05-15,471968,1763851469.8913202
MIND,2023-05-18,76062,1763851470.90526
MIND,2023-10-23,398661,1763851472.1021466
MIND,2024-04-30,75814,1763851473.1114714
MIND,2024-12-11,1472372,1763851475.7145865
MIRA,2023-09-18,1104554,1763851477.9000797
MIRA,2023-11-15,499084,1763851479.4716938
MIRA,2023-11-20,1390755,1763851482.8338609
MIRA,2023-11-27,117123,1763851483.9285412
MIRA,2024-01-25,103427,1763851485.0392003
MIRA,2024-02-05,800335,1763851486.8163524
MIRA,2024-03-08,6597310,1763851498.466463
MIRA,2024-07-22,20065746,1763851534.940181
MIRA,2024-07-25,11758159,1763851556.5793972
MIRA,2024-08-26,7831467,1763851568.809355
MIRA,2024-10-28,4392337,1763851576.3551905
MIRA,2024-10-30,3440282,1763851582.5993924
MIST,2020-03-20,141302,1763851583.7655675
MIST,2020-03-25,4595374,1763851590.713521
MIST,2020-05-01,5770839,1763851600.7943802
MIST,2020-06-09,3404229,1763851606.0220187
MIST,2020-07-23,39455394,1763851675.6238742
MIST,2024-02-26,663553,1763851678.2938025
MITT,2020-03-19,1177304,1763851680.4348297
MITT,2020-03-20,1069310,1763851683.0083132
MITT,2020-03-25,2003602,1763851686.2084713
MITT,2020-03-26,5107856,1763851693.581975
MITT,2020-04-06,1607726,1763851695.9816782
MITT,2020-04-07,1987680,1763851699.2607012
MITT,2020-04-08,2823690,1763851704.3640325
MITT,2020-04-09,4506690,1763851710.5236657
MITT,2020-06-05,3821179,1763851715.1573448
MITT,2020-06-08,8919973,1763851726.9626102
MITT,2021-01-26,3663203,1763851733.4336977
MITTpA,2020-03-19,38423,1763851734.4828837
MITTpA,2020-03-25,74962,1763851735.5300314
MITTpA,2020-03-26,91929,1763851736.6936562
MITTpA,2020-04-06,60335,1763851737.6832
MITTpA,2020-04-07,74954,1763851738.696651
MITTpA,2020-04-08,83456,1763851739.727173
MITTpA,2020-04-09,98102,1763851740.7277648
MITTpB,2020-03-19,64226,1763851741.839188
MITTpB,2020-03-24,222415,1763851743.0609787
MITTpB,2020-03-25,166188,1763851744.162629
MITTpB,2020-03-26,237907,1763851745.2860923
MITTpB,2020-04-06,81446,1763851746.3766148
MITTpB,2020-04-07,84631,1763851747.4023232
MITTpB,2020-04-08,95168,1763851749.5519085
MITTpB,2020-04-09,145704,1763851750.575907
MITTpC,2020-03-19,72516,1763851751.6089199
MITTpC,2020-03-25,117374,1763851752.62492
MITTpC,2020-03-26,169854,1763851753.7015078
MITTpC,2020-04-06,101036,1763851754.7348545
MITTpC,2020-04-07,76298,1763851755.7328892
MITTpC,2020-04-08,102033,1763851756.748812
MITTpC,2020-04-09,150799,1763851758.1947935
MKDW,2024-08-02,8691008,1763851769.7333448
MKDW,2024-08-13,5902943,1763851779.3531551
MKDW,2024-09-16,190460,1763851780.4811091
MKDW,2024-12-13,1160972,1763851782.7080896
MKDW,2024-12-16,1393711,1763851786.1585257
MKTW,2022-06-14,252987,1763851787.695951
MKTW,2023-09-11,285963,1763851789.1238182
MKZR,2024-07-10,21086,1763851790.1264207
MKZR,2024-07-11,23596,1763851791.108721
MKZR,2024-08-01,17205,1763851792.09172
MKZR,2024-08-19,12834,1763851793.0752244
MKZR,2024-08-21,17575,1763851794.0647256
MKZR,2024-11-11,78454,1763851795.082996
MLCO,2022-09-26,7271463,1763851807.9872754
MLEC,2023-01-06,1539618,1763851810.737161
MLEC,2023-02-24,66792,1763851811.7892165
MLEC,2023-02-27,1512396,1763851814.5974963
MLEC,2023-03-15,1829843,1763851818.346692
MLEC,2024-01-11,7302675,1763851830.8902247
MLEC,2024-04-18,774847,1763851832.6272163
MLEC,2024-04-22,17278972,1763851861.9686072
MLGO,2022-12-14,7624791,1763851872.9317589
MLGO,2022-12-20,927761,1763851875.5788546
MLGO,2022-12-21,1383955,1763851878.4368308
MLGO,2023-01-11,554358,1763851879.8838947
MLGO,2023-01-26,17224355,1763851911.2656143
MLGO,2023-05-01,295024,1763851912.5770898
MLGO,2023-09-12,45535,1763851913.577082
MLGO,2023-09-22,19977747,1763851943.7753491
MLGO,2023-09-29,494609,1763851945.5021565
MLGO,2023-10-13,1859267,1763851949.7014241
MLGO,2023-11-10,147912,1763851950.7630537
MLGO,2023-12-06,20261588,1763851989.7918258
MLGO,2023-12-07,33163991,1763852055.7808704
MLGO,2023-12-08,21776937,1763852091.3040967
MLGO,2024-02-07,3072258,1763852097.4635277
MLGO,2024-02-08,14231146,1763852118.9082737
MLGO,2024-02-12,6154234,1763852128.8337932
MLGO,2024-02-13,6472870,1763852139.2843575
MLGO,2024-03-06,1179388,1763852141.6513307
MLGO,2024-03-25,11245887,1763852160.4282193
MLGO,2024-06-04,55224652,1763852253.866173
MLGO,2024-06-10,5180588,1763852260.2323318
MLGO,2024-06-18,7835030,1763852269.876553
MLGO,2024-06-24,30945151,1763852309.743777
MLGO,2024-06-25,43152690,1763852366.2635674
MLGO,2024-06-27,14722736,1763852385.8215382
MLGO,2024-07-11,6830059,1763852394.9929626
MLGO,2024-07-25,4859714,1763852400.8601289
MLGO,2024-08-20,7141523,1763852408.0118535
MLGO,2024-09-16,10022530,1763852421.064626
MLGO,2024-09-25,11392450,1763852435.2054179
MLGO,2024-10-03,10982357,1763852453.3629856
MLGO,2024-10-10,8847841,1763852467.4180777
MLGO,2024-11-22,1500418,1763852470.4197345
MLGO,2024-12-02,2501053,1763852476.2406077
MLGO,2024-12-13,3645480,1763852483.054516
MLGO,2024-12-26,1723538,1763852485.8303685
MLGO,2024-12-30,2680028,1763852491.6712556
MLGO,2024-12-31,9637673,1763852507.8083622
MLKN,2023-09-27,3432190,1763852513.9821928
MLTX,2022-05-31,570982,1763852515.6438468
MLTX,2022-07-21,201162,1763852516.6948493
MLTX,2023-06-26,7481912,1763852530.7413266
MMLP,2020-03-20,145057,1763852531.9467132
MMLP,2020-04-02,75132,1763852532.983667
MMLP,2020-04-17,167247,1763852534.1638803
MMLP,2020-04-23,221423,1763852535.5211945
MMLP,2020-07-01,666966,1763852537.19858
MNDR,2024-04-11,5189602,1763852545.24985
MNDR,2024-04-12,6754715,1763852558.5150788
MNDR,2024-04-15,7188569,1763852569.1007211
MNDR,2024-04-19,5612037,1763852578.1612852
MNDR,2024-05-21,1846858,1763852581.1801486
MNDR,2024-06-05,1241947,1763852583.755561
MNKD,2020-03-17,848808,1763852585.6775594
MNKD,2021-02-03,3483854,1763852592.6597984
MNMD,2022-01-25,3678616,1763852598.9918203
MNMD,2022-02-07,1273418,1763852601.5636215
MNMD,2022-08-18,14540610,1763852624.5473044
MNMD,2024-03-07,12496089,1763852641.337936
MNOV,2020-04-08,226889,1763852642.8965218
MNOV,2020-04-09,546840,1763852644.462157
MNOV,2020-07-27,21145845,1763852675.3982754
MNOV,2021-03-10,10133643,1763852689.5937197
MNOV,2021-06-21,4681853,1763852696.2824886
MNOV,2021-11-23,3283347,1763852702.126804
MNOV,2024-09-04,193668,1763852703.2958667
MNOV,2024-11-12,563039,1763852705.1714904
MNPR,2020-03-17,19357,1763852706.2872474
MNPR,2020-06-16,97005,1763852707.3782127
MNPR,2020-08-10,57336,1763852708.3981926
MNPR,2020-08-12,2346085,1763852712.1625583
MNPR,2021-01-28,939534,1763852714.2129
MNPR,2021-02-11,3251591,1763852719.1276627
MNPR,2021-03-30,994127,1763852720.905598
MNPR,2022-11-07,111452,1763852721.9315252
MNPR,2023-05-30,1382138,1763852724.11154
MNPR,2023-06-01,1246785,1763852726.096462
MNPR,2023-11-01,5951684,1763852731.7089317
MNPR,2023-12-15,403427,1763852732.949607
MNPR,2024-02-20,11859564,1763852748.461488
MNPR,2024-02-22,14011050,1763852769.9123385
MNPR,2024-02-23,18788413,1763852793.4444838
MNPR,2024-04-11,191719,1763852794.6759212
MNPR,2024-06-03,118697,1763852795.7326424
MNPR,2024-09-12,11802555,1763852811.0035796
MNPR,2024-10-24,13343985,1763852823.35252
MNSO,2022-06-08,1902490,1763852826.4515698
MNSO,2022-11-14,2148987,1763852831.6287487
MNTK,2023-11-13,1184175,1763852834.574052
MNTS,2022-04-07,24922294,1763852875.1365416
MNTS,2023-01-12,1767212,1763852878.4255502
MNTS,2023-05-12,990299,1763852880.482532
MNTS,2023-08-31,256603,1763852881.7614088
MNTS,2023-09-29,2585821,1763852886.7268367
MNTS,2023-10-02,13429826,1763852906.4243453
MNTS,2023-10-09,1222370,1763852908.229484
MNTS,2023-10-12,7920079,1763852919.7815502
MNTS,2023-10-13,11226159,1763852941.192875
MNTS,2023-10-16,15009749,1763852964.6037877
MNTS,2024-01-31,2859530,1763852968.45944
MNTS,2024-02-02,2598197,1763852973.305393
MNTS,2024-04-22,557959,1763852974.9029517
MNTS,2024-05-30,12733788,1763852995.776747
MNTS,2024-07-23,539854,1763852997.518048
MNTS,2024-08-23,23347142,1763853040.246235
MNTS,2024-08-26,26982773,1763853084.1455674
MNTS,2024-08-27,9603460,1763853098.7392447
MNTS,2024-10-09,25052340,1763853141.5029638
MNTS,2024-11-13,1800183,1763853145.11527
MNTS,2024-12-16,846964,1763853146.934988
MNTS,2024-12-17,2711913,1763853152.1589055
MNTS,2024-12-26,254216,1763853153.2916498
MNTSW,2021-09-22,47057,1763853154.294868
MNTSW,2021-11-24,115016,1763853155.3728528
MNY,2023-10-17,292504,1763853156.5191443
MNY,2023-11-20,1559222,1763853159.37218
MNY,2023-11-22,1675940,1763853162.0888848
MNY,2023-11-24,915694,1763853163.8518465
MNY,2023-11-27,2336187,1763853168.333049
MNY,2024-02-08,976303,1763853170.5587497
MNY,2024-02-09,2169597,1763853174.6078312
MNY,2024-02-16,2136771,1763853178.2282746
MNY,2024-02-20,5157299,1763853187.193463
MNY,2024-02-23,1118095,1763853190.8551965
MNY,2024-03-25,5505393,1763853202.9424484
MNY,2024-04-01,1047226,1763853205.2200518
MNY,2024-04-25,1758995,1763853208.9851968
MNY,2024-06-18,517712,1763853210.3838248
MNY,2024-08-30,1476953,1763853212.614114
MNY,2024-09-18,456782,1763853214.2937503
MOB,2022-08-31,7368293,1763853226.7736614
MOB,2023-02-21,5363090,1763853233.0558054
MOB,2023-07-10,17186421,1763853260.325887
MOB,2023-10-10,5432359,1763853266.5057673
MOB,2024-12-02,1624379,1763853268.9457285
MOBX,2023-12-26,726989,1763853270.4877336
MOBX,2024-01-04,1897502,1763853273.1261892
MOBX,2024-03-15,135510,1763853274.2343273
MOBX,2024-04-26,184864,1763853275.3808
MOBX,2024-08-22,4818707,1763853285.4193187
MOBX,2024-11-26,824241,1763853287.6050572
MOBX,2024-11-27,730373,1763853289.5118723
MOBX,2024-11-29,700544,1763853291.3003836
MOBX,2024-12-02,1478494,1763853294.5449255
MOBX,2024-12-05,475242,1763853296.2777932
MOBX,2024-12-17,450966,1763853297.7870662
MOBX,2024-12-18,1327657,1763853300.651222
MOBX,2024-12-24,940222,1763853302.9884367
MOD,2020-02-05,660599,1763853305.0526216
MOD,2020-11-06,1170446,1763853307.1763122
MOD,2022-05-26,863780,1763853309.3093755
MODD,2022-01-03,11780,1763853310.2886667
MODD,2022-02-11,4207709,1763853316.1230452
MODD,2023-02-02,16132,1763853317.1443112
MODD,2023-08-17,2692776,1763853320.8209784
MODD,2023-08-24,149377,1763853321.920774
MODD,2024-02-16,402260,1763853323.3007584
MODD,2024-09-05,4056578,1763853327.7458744
MOGO,2020-03-24,22478,1763853328.7665987
MOGO,2020-03-25,26650,1763853329.7795782
MOGO,2020-03-26,94366,1763853330.7771263
MOGO,2020-05-07,125546,1763853331.8465621
MOGO,2020-05-08,304608,1763853333.171398
MOGO,2020-07-15,3330185,1763853337.3217134
MOGO,2020-07-23,521667,1763853338.7246313
MOGO,2020-11-06,10911955,1763853354.5736334
MOGO,2020-12-01,1916029,1763853359.049411
MOGO,2021-02-08,1202656,1763853361.2198606
MOGO,2021-02-09,5768919,1763853371.3478045
MOGO,2023-07-13,168432,1763853372.4428053
MOGU,2020-03-19,47144,1763853373.464817
MOGU,2020-06-02,113794,1763853374.4833283
MOGU,2020-07-06,333749,1763853375.584166
MOGU,2020-07-07,6725061,1763853384.2195766
MOGU,2020-07-30,1377229,1763853386.137624
MOGU,2020-07-31,3764063,1763853389.5627658
MOGU,2020-08-18,2535436,1763853392.1690433
MOGU,2021-07-27,2488205,1763853395.016567
MOGU,2022-01-12,158425,1763853396.0539024
MOGU,2022-02-11,176564,1763853397.107207
MOGU,2022-05-19,54645,1763853398.1192257
MOGU,2022-05-26,44011,1763853399.1073093
MOGU,2022-09-09,5411249,1763853403.9652038
MOGU,2023-04-17,30123,1763853404.9930713
MOGU,2023-08-14,56624,1763853405.9941568
MOGU,2024-06-14,81373,1763853406.9945188
MOGU,2024-08-02,52816,1763853408.0183442
MOLN,2022-01-10,439651,1763853409.411121
MOLN,2024-06-20,292798,1763853410.5355384
MOLN,2024-07-31,401348,1763853411.7229278
MOLN,2024-10-21,344013,1763853412.8357184
MOMO,2022-03-16,5328165,1763853421.8907897
MOMO,2022-12-08,5427901,1763853431.113065
MOMO,2022-12-09,12976339,1763853451.993955
MOV,2020-04-09,594686,1763853453.9043791
MOVE,2024-05-24,65853,1763853454.943415
MOVE,2024-11-27,1073161,1763853457.4782495
MPB,2020-03-13,42533,1763853458.5602639
MPLX,2020-03-19,6574150,1763853468.9650114
MPV,2020-03-24,44176,1763853469.9979267
MPW,2024-04-15,9280278,1763853483.7277968
MPW,2024-05-13,10763014,1763853500.8034093
MPX,2020-03-17,113323,1763853501.8931942
MRAM,2020-03-12,355521,1763853503.158666
MRAM,2020-04-30,167561,1763853504.2928016
MRAM,2020-05-08,5177033,1763853512.28531
MRAM,2021-11-12,18585964,1763853539.170103
MRAM,2022-08-12,415702,1763853540.7806945
MRBK,2020-04-28,24112,1763853541.7770886
MRCC,2020-03-19,354685,1763853543.396629
MRCC,2020-03-25,226458,1763853544.646103
MRCC,2020-03-26,229433,1763853545.877952
MREO,2020-01-13,172707,1763853547.0133636
MREO,2020-02-10,223140,1763853548.1463332
MREO,2020-04-16,168372,1763853549.1945157
MREO,2020-06-02,379824,1763853550.6050856
MREO,2020-06-04,644450,1763853552.2213414
MREO,2020-06-11,141063,1763853553.316974
MREO,2020-06-19,497708,1763853555.0191875
MREO,2020-12-18,13711489,1763853577.4010575
MREO,2022-06-17,10539228,1763853593.3681674
MREO,2022-06-21,4735941,1763853600.6600714
MREO,2023-10-16,4487966,1763853607.4968984
MRKR,2020-04-30,863650,1763853609.0855296
MRKR,2020-12-16,762011,1763853611.0913522
MRKR,2021-01-05,540238,1763853612.5703373
MRKR,2021-02-08,457522,1763853613.8936412
MRKR,2021-03-19,8347350,1763853629.3618128
MRKR,2021-03-22,12207209,1763853643.051864
MRKR,2022-06-27,97363,1763853644.1416755
MRKR,2022-08-05,4454012,1763853648.7725115
MRKR,2022-09-08,606602,1763853650.4800708
MRKR,2022-10-14,146545,1763853651.5484903
MRKR,2022-10-17,181375,1763853652.6452434
MRKR,2023-04-17,317653,1763853653.9444685
MRKR,2023-05-01,263863,1763853655.0755603
MRKR,2023-05-03,224128,1763853656.166522
MRKR,2023-05-31,6640376,1763853662.5486472
MRKR,2023-06-12,398932,1763853663.7153568
MRKR,2023-06-16,221900,1763853664.7633562
MRKR,2023-07-24,368011,1763853665.9412284
MRKR,2023-08-15,106511,1763853667.0945249
MRKR,2023-12-11,920258,1763853669.2224865
MRKR,2023-12-28,81241,1763853670.2381947
MRKR,2024-10-14,152019,1763853671.4002128
MRKR,2024-10-22,101113,1763853672.449224
MRKR,2024-12-12,234203,1763853673.733911
MRKR,2024-12-17,359268,1763853675.0781493
MRM,2021-01-08,461657,1763853676.414317
MRM,2021-03-05,42591,1763853677.405275
MRM,2021-04-09,421166,1763853678.863003
MRM,2021-09-23,16857514,1763853705.0239778
MRM,2022-03-14,60656,1763853706.110574
MRM,2024-08-13,31406,1763853707.0960824
MRM,2024-08-26,16415270,1763853729.8905058
MRM,2024-10-15,310854,1763853731.2703984
MRM,2024-10-16,414677,1763853732.6560626
MRNA,2020-02-25,16450445,1763853759.8930702
MRNA,2020-03-16,15510719,1763853783.2790086
MRNA,2020-05-18,34444395,1763853842.982749
MRNO,2024-03-22,5409870,1763853848.7829733
MRNO,2024-04-30,30205,1763853849.8162496
MRNO,2024-09-13,148124,1763853850.8568723
MRNO,2024-10-31,28309,1763853851.8427365
MRSN,2020-04-07,864157,1763853854.0221498
MRSN,2020-05-27,11910241,1763853866.240519
MRSN,2020-09-14,2170319,1763853869.5999672
MRSN,2022-08-09,4245109,1763853876.2774792
MRSN,2023-05-03,4130421,1763853881.057941
MRSN,2023-07-28,17805590,1763853905.2410405
MRSN,2023-11-30,1872927,1763853908.5949938
MRUS,2020-03-13,77153,1763853909.6958165
MRUS,2021-10-07,6045664,1763853919.836589
MRUS,2022-05-27,646634,1763853922.1365
MRUS,2023-04-14,1433035,1763853925.3225257
MRUS,2024-05-24,3565203,1763853931.4829338
MRVI,2024-02-23,8519118,1763853944.8762028
MRVL,2023-05-26,34741468,1763854007.720287
MSAI,2023-12-21,9603458,1763854021.5200963
MSAI,2023-12-22,9820758,1763854034.1801264
MSAI,2024-02-15,979739,1763854036.551891
MSAI,2024-03-06,184957,1763854037.9654088
MSAI,2024-03-07,1725536,1763854041.5666628
MSAI,2024-04-03,459650,1763854043.0581095
MSB,2024-09-11,171157,1763854044.231117
MSC,2021-01-04,341208,1763854045.4303515
MSC,2021-07-21,354180,1763854046.740326
MSC,2021-07-22,1186474,1763854049.2443051
MSC,2021-07-26,750563,1763854050.9218285
MSC,2022-04-27,417994,1763854052.2057455
MSC,2022-05-31,705923,1763854054.222351
MSC,2022-09-26,182603,1763854055.2261865
MSC,2022-11-28,46215,1763854056.2316601
MSC,2022-12-06,346162,1763854057.3328173
MSC,2022-12-07,425121,1763854059.1119823
MSC,2022-12-09,224052,1763854060.2899766
MSGM,2022-03-18,152557,1763854061.366775
MSGM,2022-06-28,106824,1763854062.4599726
MSGM,2022-09-13,141351,1763854063.6667325
MSGM,2022-09-23,111555,1763854064.8109145
MSGM,2022-11-10,794520,1763854067.5842083
MSGM,2022-11-22,451409,1763854069.1490219
MSGM,2022-12-29,58914,1763854070.159668
MSGM,2022-12-30,104350,1763854071.2244678
MSGM,2023-01-03,1061834,1763854073.8992536
MSGM,2023-01-09,273635,1763854075.4130893
MSGM,2023-01-31,18721882,1763854105.8293045
MSGM,2023-02-01,28669953,1763854157.73424
MSGM,2023-02-08,3138457,1763854163.4219491
MSGM,2023-04-06,1368350,1763854165.8118508
MSGM,2023-05-02,480148,1763854167.2103856
MSGM,2023-08-01,5666621,1763854174.2622097
MSGM,2023-08-03,3215084,1763854178.6040688
MSGM,2023-10-05,279483,1763854180.1343138
MSGM,2023-12-21,83663,1763854181.1259687
MSGM,2023-12-27,68793,1763854182.1377056
MSGM,2024-02-15,59299,1763854183.1485624
MSGM,2024-04-09,2928962,1763854188.3515868
MSGM,2024-05-07,1664889,1763854191.5996706
MSGM,2024-09-03,3702609,1763854197.1464689
MSGM,2024-09-25,9218441,1763854206.3950021
MSPR,2022-06-14,1030146,1763854208.4054117
MSPR,2022-06-23,2595289,1763854211.881651
MSPR,2022-06-27,1356508,1763854214.483973
MSPR,2022-08-03,743856,1763854216.1920648
MSPR,2022-08-22,3074741,1763854221.3546774
MSPR,2022-08-25,1242951,1763854224.3523028
MSPR,2024-12-09,440622,1763854225.8397453
MSPRZ,2022-06-14,83594,1763854226.875048
MSPRZ,2022-06-23,112988,1763854227.9528708
MSPRZ,2022-06-27,50757,1763854228.9468942
MSPRZ,2022-08-03,20727,1763854230.059831
MSPRZ,2022-08-22,29849,1763854231.0500624
MSPRZ,2022-08-25,15386,1763854232.0722382
MSPRZ,2022-12-19,18651,1763854233.0567484
MSS,2023-10-19,395115,1763854234.2298148
MSS,2023-11-22,427117,1763854235.4643123
MSS,2023-11-28,1054687,1763854237.7806742
MSS,2024-02-09,662542,1763854239.4688015
MSS,2024-02-26,94357,1763854240.5875225
MSS,2024-03-20,105286,1763854241.7416112
MSS,2024-08-16,372422,1763854243.5102386
MSS,2024-08-30,577082,1763854245.1989214
MSS,2024-09-24,14497348,1763854262.4508748
MSS,2024-12-17,4580551,1763854272.1492777
MSTR,2021-02-08,4353503,1763854280.047767
MSTR,2024-11-11,41777528,1763854350.564631
MSTX,2024-11-11,5631103,1763854358.2224228
MSTX,2024-11-19,9431547,1763854369.7461312
MSTX,2024-11-20,14003563,1763854392.2168777
MSW,2024-12-03,160587,1763854393.4152317
MSW,2024-12-23,345311,1763854395.1087475
MTC,2020-01-17,114057,1763854396.1564448
MTC,2020-03-31,34509,1763854397.1556902
MTC,2020-04-16,57578,1763854398.1621659
MTC,2020-05-08,34308,1763854399.1868858
MTC,2020-05-26,4077413,1763854405.0189848
MTC,2020-06-02,167501,1763854406.306623
MTC,2020-06-05,171348,1763854407.5296392
MTC,2020-06-08,223102,1763854408.851726
MTC,2020-10-14,752098,1763854411.4642296
MTC,2020-10-15,5423422,1763854421.7722309
MTC,2020-10-16,5626890,1763854430.1139457
MTC,2020-11-25,17998503,1763854462.0945308
MTC,2020-12-02,932826,1763854464.1646285
MTC,2021-01-07,397029,1763854465.827407
MTC,2021-01-22,2518363,1763854470.2704349
MTC,2021-02-16,706846,1763854471.6406672
MTC,2021-02-17,4815215,1763854481.59929
MTC,2021-02-19,4113317,1763854489.5739095
MTC,2021-06-30,976795,1763854491.7862537
MTC,2021-12-08,127964,1763854492.818487
MTC,2022-05-17,393437,1763854493.9696426
MTC,2022-05-31,26291,1763854494.934991
MTC,2022-08-02,2768568,1763854497.0667925
MTC,2022-08-09,654928,1763854498.3840387
MTC,2022-10-04,261534,1763854499.4257753
MTC,2022-12-05,491373,1763854500.6695266
MTC,2023-01-23,138502,1763854501.6817577
MTC,2023-02-13,1544622,1763854504.2308633
MTC,2023-02-27,269910,1763854505.5042415
MTC,2023-02-28,1077169,1763854507.5939622
MTC,2023-03-01,1580285,1763854510.151685
MTC,2023-03-02,4241514,1763854517.671407
MTC,2023-03-14,525513,1763854519.437123
MTC,2023-03-15,849724,1763854521.632637
MTC,2023-05-01,1489644,1763854525.0685296
MTC,2023-05-02,2166388,1763854529.1218317
MTC,2023-10-16,2612354,1763854533.3973224
MTC,2023-10-18,677247,1763854535.0056126
MTC,2023-10-19,3485456,1763854541.962061
MTC,2023-10-20,10809284,1763854556.8502195
MTC,2023-11-24,1269692,1763854558.9404695
MTC,2024-01-03,1902959,1763854561.3271663
MTC,2024-01-19,154397,1763854562.4451108
MTC,2024-02-28,157997,1763854563.4795392
MTC,2024-03-01,16806119,1763854583.7249017
MTC,2024-03-15,261953,1763854584.960788
MTC,2024-04-23,1600027,1763854587.033414
MTC,2024-04-24,3928480,1763854590.52112
MTC,2024-04-29,412093,1763854591.6649387
MTC,2024-05-07,9581237,1763854599.8988934
MTC,2024-05-13,385446,1763854601.149717
MTC,2024-05-14,2220424,1763854603.3723576
MTC,2024-05-20,11121513,1763854614.4845972
MTC,2024-08-20,1029766,1763854616.4810803
MTC,2024-09-30,2815781,1763854620.4434426
MTC,2024-10-02,8519097,1763854628.1092257
MTC,2024-11-22,1931973,1763854630.3103318
MTC,2024-12-09,1068819,1763854632.223353
MTDR,2020-03-10,9616868,1763854639.602513
MTDR,2020-03-13,5524092,1763854644.558088
MTDR,2020-03-19,4092520,1763854647.8864698
MTDR,2020-03-24,4778519,1763854651.7466805
MTDR,2020-04-02,4308124,1763854656.5729654
MTDR,2020-04-09,4217079,1763854662.7508726
MTDR,2020-04-29,3779841,1763854667.751582
MTDR,2020-04-30,9377930,1763854680.2953355
MTDR,2020-11-09,3604850,1763854685.1079772
MTEK,2022-02-18,2602182,1763854688.3017244
MTEK,2022-07-05,8277204,1763854697.9058347
MTEK,2022-12-27,277193,1763854699.157565
MTEK,2023-05-09,2174599,1763854702.8089466
MTEK,2023-10-09,4757959,1763854711.277774
MTEK,2024-12-18,858328,1763854713.7087522
MTEKW,2024-12-19,80856,1763854714.7761834
MTEKW,2024-12-30,27031,1763854715.7821631
MTEN,2024-07-24,148459,1763854716.9936533
MTEN,2024-11-07,220344,1763854718.6384156
MTEX,2020-03-26,20431,1763854719.6706822
MTEX,2021-03-30,89042,1763854720.7756028
MTEX,2021-07-07,126407,1763854721.8939376
MTG,2020-03-19,5793910,1763854730.0400536
MTR,2020-03-20,21444,1763854731.0718076
MTR,2020-03-25,28307,1763854732.0874033
MTR,2020-07-22,99009,1763854733.0844414
MTR,2020-12-30,269049,1763854734.229404
MTR,2021-01-28,98918,1763854735.311669
MTR,2021-05-13,831032,1763854736.5478308
MTR,2021-05-21,115862,1763854737.554369
MTR,2022-05-23,110023,1763854738.582169
MUR,2020-04-02,4929681,1763854744.4488683
MURA,2023-11-17,2878100,1763854749.0344145
MUX,2020-03-17,1873619,1763854752.4693074
MUX,2021-01-28,3898184,1763854759.3881276
MUX,2021-02-01,7259205,1763854770.0747075
MVBF,2020-03-19,130377,1763854771.1801505
MVIS,2020-05-04,15800836,1763854797.1251676
MVIS,2020-05-05,30986309,1763854840.3246539
MVIS,2020-05-12,13823186,1763854863.3419313
MVIS,2020-05-19,6712452,1763854874.645469
MVIS,2020-06-09,3128779,1763854878.8886256
MVIS,2020-07-16,4705616,1763854884.2520788
MVIS,2020-07-17,12787995,1763854897.8291478
MVIS,2020-08-04,3347666,1763854901.9594593
MVIS,2020-12-15,6726429,1763854910.3468125
MVIS,2020-12-17,6466967,1763854917.635377
MVIS,2020-12-22,22120367,1763854946.256843
MVIS,2021-02-08,12826076,1763854959.6654136
MVIS,2021-02-11,16909147,1763854982.4065378
MVIS,2021-02-16,8424329,1763854995.3625245
MVIS,2021-03-31,15366404,1763855020.972491
MVIS,2021-04-23,32970945,1763855057.3076835
MVIS,2021-04-26,70410232,1763855142.9537494
MVIS,2022-03-29,6567361,1763855152.9638393
MVIS,2023-06-06,8157552,1763855167.8472397
MVIS,2024-05-14,1765989,1763855171.3074598
MVIS,2024-12-18,1978683,1763855175.6093848
MVO,2020-03-25,84231,1763855176.6360023
MVO,2020-04-02,93722,1763855177.6241977
MVO,2020-04-22,81796,1763855178.6115105
MVST,2022-10-19,7154156,1763855192.9867475
MVST,2023-05-10,7777486,1763855206.3020897
MVST,2024-11-13,36814374,1763855269.0580592
MVST,2024-12-02,2156230,1763855273.783075
MVST,2024-12-03,5791113,1763855284.191392
MVST,2024-12-04,8803237,1763855297.4511433
MVST,2024-12-19,2181892,1763855301.8718057
MVST,2024-12-23,3900044,1763855307.3918598
MVST,2024-12-26,3080964,1763855313.0923834
MVSTW,2021-08-05,233147,1763855314.1794267
MVSTW,2021-08-06,385710,1763855315.3503993
MVSTW,2022-03-07,53982,1763855316.3613942
MX,2020-03-31,1192519,1763855318.4565592
MX,2021-03-26,4706697,1763855324.8472214
MXCT,2024-05-08,1009693,1763855327.5279734
MXL,2020-04-06,996119,1763855329.5481358
MYE,2020-03-19,410495,1763855330.812013
MYNZ,2022-01-05,9807066,1763855348.4388266
MYNZ,2022-01-18,1264378,1763855350.9781637
MYNZ,2023-05-03,81230,1763855352.029428
MYNZ,2023-12-04,701396,1763855354.7686498
MYNZ,2024-05-28,62657,1763855355.7912583
MYNZ,2024-05-31,116109,1763855356.9080403
MYNZ,2024-07-08,397321,1763855358.6852555
MYNZ,2024-07-31,350221,1763855360.1963122
MYNZ,2024-10-09,484638,1763855361.9967499
MYNZ,2024-11-12,2301432,1763855365.054642
MYNZ,2024-12-20,415398,1763855366.450142
MYRG,2020-03-19,202336,1763855367.5293946
MYSZ,2020-01-09,328289,1763855368.647397
MYSZ,2020-03-19,115552,1763855369.650126
MYSZ,2020-04-14,173890,1763855370.6589277
MYSZ,2020-04-20,199516,1763855371.7158074
MYSZ,2020-04-21,645531,1763855373.3815787
MYSZ,2020-06-04,421709,1763855375.2362802
MYSZ,2020-06-09,1157078,1763855377.5275984
MYSZ,2020-06-17,646710,1763855379.3102398
MYSZ,2020-07-14,1484845,1763855382.5051312
MYSZ,2021-03-17,367033,1763855383.9210863
MYSZ,2021-05-05,452317,1763855385.2823083
MYSZ,2021-10-26,22410606,1763855420.7809842
MYSZ,2022-05-13,1572090,1763855424.2760808
MYSZ,2022-05-17,265214,1763855425.6033385
MYSZ,2022-06-09,141905,1763855426.7293074
MYSZ,2022-08-03,94142,1763855427.7767184
MYSZ,2022-08-16,2157579,1763855431.9299538
MYSZ,2022-09-14,512971,1763855433.7033694
MYSZ,2022-12-08,4788684,1763855441.9752839
MYSZ,2023-04-13,260981,1763855443.478031
MYSZ,2023-04-14,888870,1763855445.65186
MYSZ,2023-08-21,410939,1763855446.9951289
MYSZ,2023-10-30,878030,1763855448.478265
MYSZ,2023-11-02,132511,1763855449.503086
MYSZ,2024-01-09,144264,1763855450.5059564
MYSZ,2024-02-12,305002,1763855451.5364544
MYSZ,2024-04-23,2149443,1763855454.1127858
MYSZ,2024-11-22,168209,1763855455.1267056
MYSZ,2024-12-06,154640,1763855456.1299431
MYSZ,2024-12-20,33878795,1763855502.1228662
MYSZ,2024-12-27,13347067,1763855519.7238076
NA,2022-07-25,1575683,1763855522.682134
NA,2022-07-29,396240,1763855524.0854442
NA,2022-09-02,1501321,1763855526.3404007
NA,2023-05-15,144301,1763855527.38726
NA,2023-05-25,7442595,1763855536.1752143
NA,2023-06-08,356847,1763855537.52044
NA,2024-02-12,2432074,1763855541.8602917
NA,2024-04-10,8394184,1763855555.3087919
NA,2024-04-29,360078,1763855556.6110365
NA,2024-09-25,635395,1763855557.9610505
NA,2024-09-26,1191015,1763855559.548299
NA,2024-09-27,2942025,1763855563.4747884
NA,2024-10-01,1033904,1763855565.7408261
NA,2024-10-04,1005875,1763855567.8066287
NA,2024-10-07,1312716,1763855570.0503914
NA,2024-11-12,1129031,1763855573.2021737
NA,2024-11-22,2294478,1763855577.0242803
NA,2024-12-02,466411,1763855578.8626058
NA,2024-12-04,431325,1763855580.1869805
NAAS,2022-12-30,106572,1763855581.2453573
NAAS,2023-03-24,656528,1763855582.9326756
NAAS,2023-03-28,601345,1763855584.8394504
NAAS,2024-07-08,446606,1763855586.1932445
NAAS,2024-07-09,1715969,1763855590.1927648
NAAS,2024-07-10,13829152,1763855617.8266256
NAAS,2024-07-16,5569857,1763855628.7548127
NAAS,2024-07-18,11446752,1763855646.0212493
NAMS,2022-12-15,92874,1763855647.0919673
NAMS,2023-01-27,198977,1763855648.3509662
NAMS,2023-10-31,217403,1763855649.8399305
NAMS,2024-01-10,351393,1763855651.265073
NAMS,2024-12-10,3329677,1763855657.789568
NAMSW,2023-01-27,20989,1763855658.8079345
NAMSW,2023-05-16,81727,1763855659.8039107
NAMSW,2023-05-23,31053,1763855660.8262355
NAMSW,2023-05-24,44740,1763855661.8434143
NAMSW,2023-05-25,42196,1763855662.8368208
NAMSW,2023-10-31,13670,1763855663.8312538
NAMSW,2023-11-02,22443,1763855664.8117816
NAMSW,2024-01-10,18657,1763855665.8267927
NAMSW,2024-01-19,27240,1763855666.8439565
NAMSW,2024-06-24,26353,1763855667.840726
NAMSW,2024-08-12,23407,1763855668.8547213
NAMSW,2024-08-15,16955,1763855669.8726726
NAMSW,2024-08-27,16565,1763855670.8944995
NAMSW,2024-11-06,30399,1763855671.879283
NAMSW,2024-12-10,19771,1763855672.9095268
NAOV,2020-03-27,77159,1763855673.9549487
NAOV,2020-07-07,1637485,1763855676.6735418
NAOV,2020-09-22,17219318,1763855705.3148153
NAOV,2020-12-02,17512697,1763855736.543153
NAOV,2021-01-21,1933357,1763855739.974373
NAOV,2021-01-22,7297909,1763855752.0230317
NAOV,2021-04-05,3950895,1763855759.735684
NAOV,2021-07-23,11645941,1763855776.3997583
NAOV,2021-07-26,22425512,1763855818.4015334
NAOV,2021-07-28,12406746,1763855837.825196
NAOV,2021-07-29,28111203,1763855881.8204062
NAOV,2021-08-12,10478854,1763855893.551372
NAOV,2021-08-16,26912454,1763855927.55712
NAOV,2021-10-11,3729839,1763855933.812997
NAOV,2021-11-05,832939,1763855935.7410264
NAOV,2022-03-30,5165942,1763855946.496459
NAOV,2022-05-13,98404,1763855947.5941846
NAOV,2022-09-23,1068721,1763855950.3774695
NAOV,2022-11-28,2013449,1763855954.8723085
NAOV,2023-02-10,1231037,1763855957.2395744
NAOV,2023-08-30,20402008,1763855993.604996
NAOV,2023-11-06,55213,1763855994.7576034
NAOV,2024-10-14,629708,1763855996.3522801
NAT,2020-03-10,2095046,1763855999.6163766
NAUT,2021-08-05,6599213,1763856009.3173473
NAVI,2020-03-19,2706586,1763856013.3397837
NBN,2020-03-19,106218,1763856014.4242513
NBR,2020-03-17,3764882,1763856019.0283775
NBR,2020-03-24,3370965,1763856024.1292775
NBR,2020-05-21,2365028,1763856027.9852881
NBR,2020-06-05,2198510,1763856031.5942183
NBR,2020-06-08,3218627,1763856037.4280133
NBR,2020-06-12,2073841,1763856041.152537
NBR,2020-07-21,1461719,1763856044.240059
NBTX,2022-01-06,47671,1763856045.239599
NBTX,2022-08-01,46781,1763856046.2977524
NBTX,2023-01-06,13951,1763856047.2825484
NBTX,2023-05-05,14494502,1763856068.9108298
NBTX,2023-07-10,4427812,1763856072.404081
NCI,2024-04-25,3615164,1763856077.7429988
NCI,2024-06-13,5646312,1763856086.644531
NCI,2024-08-20,346118,1763856087.955245
NCI,2024-09-19,1402770,1763856090.4762602
NCI,2024-09-23,1183639,1763856092.6702745
NCI,2024-09-30,512101,1763856094.1679177
NCI,2024-10-01,1450104,1763856096.7696846
NCI,2024-10-21,3111199,1763856101.1415453
NCI,2024-10-28,315090,1763856102.3754895
NCI,2024-12-31,3352272,1763856108.8465755
NCLH,2020-03-13,19084222,1763856140.5783033
NCLH,2020-03-20,14896182,1763856162.1248426
NCLH,2020-03-24,21058271,1763856195.4377542
NCLH,2020-03-25,26439775,1763856237.2583284
NCLH,2020-11-09,20866553,1763856270.278592
NCMI,2020-03-19,880431,1763856273.5037346
NCMI,2020-09-04,2146789,1763856278.4006667
NCMI,2020-11-09,824360,1763856280.7011516
NCMI,2021-01-27,1249447,1763856283.7416198
NCMI,2022-11-08,1010485,1763856286.93577
NCMI,2023-03-20,955203,1763856289.2199914
NCMI,2023-03-23,693263,1763856291.159613
NCMI,2023-03-30,784848,1763856293.4903548
NCMI,2023-04-11,6512442,1763856303.3542106
NCMI,2023-04-12,19831646,1763856339.290837
NCMI,2023-04-13,21340248,1763856376.010802
NCMI,2023-06-05,649007,1763856377.735499
NCMI,2024-03-19,2444244,1763856382.1392684
NCNA,2020-03-02,503554,1763856383.7174902
NCNA,2020-03-03,976091,1763856385.8866014
NCNA,2020-03-04,897077,1763856387.9126527
NCNA,2020-07-24,211293,1763856389.147406
NCNA,2021-01-13,3413723,1763856393.8733842
NCNA,2021-09-29,11133080,1763856414.295762
NCNA,2022-07-13,480501,1763856416.2503462
NCNA,2022-07-25,220735,1763856417.4734132
NCNA,2023-01-05,94509,1763856418.4939125
NCNA,2023-03-21,135170,1763856419.519528
NCNA,2023-03-23,262114,1763856420.7063737
NCNA,2023-10-17,108585,1763856421.7645042
NCNA,2023-12-27,85024,1763856422.8495188
NCNA,2024-03-12,1847971,1763856426.1949463
NCNA,2024-03-13,8770207,1763856439.5033214
NCNA,2024-08-19,1873387,1763856443.0166605
NCNA,2024-09-16,20489925,1763856479.9376576
NCNO,2023-06-16,3809933,1763856487.8462584
NCPL,2022-07-12,11537,1763856488.865206
NCPL,2022-08-29,629572,1763856490.3957283
NCPL,2022-12-09,47309,1763856491.4131691
NCPL,2022-12-13,7352854,1763856502.5139933
NCPL,2023-04-24,1131339,1763856504.7638192
NCPL,2023-05-17,242565,1763856506.0229847
NCPL,2023-05-22,2362156,1763856511.0258257
NCPL,2023-10-20,117005,1763856512.0585802
NCPL,2023-10-24,281423,1763856513.4289815
NCPL,2023-11-20,49904,1763856514.4287574
NCPL,2023-12-01,48240,1763856515.4466271
NCPL,2024-05-16,797173,1763856516.8787694
NCPL,2024-05-23,3302650,1763856522.0942335
NCPL,2024-05-24,14159736,1763856545.8114321
NCPL,2024-07-22,6159549,1763856557.7740579
NCPL,2024-08-15,325958,1763856559.3388076
NCRA,2022-02-17,10514,1763856560.3281693
NCRA,2022-08-16,206719,1763856561.4819715
NCRA,2022-10-04,496095,1763856563.4888375
NCRA,2023-05-03,487465,1763856565.2055511
NCRA,2024-05-20,19303,1763856566.198776
NCRA,2024-10-25,71494,1763856567.2043848
NCRA,2024-11-25,27505,1763856568.216775
NCRA,2024-12-24,2522019,1763856572.84766
NCSM,2020-03-03,107207,1763856574.1798658
NCSM,2020-03-19,59441,1763856575.225616
NCSM,2020-04-06,92153,1763856576.3085797
NCSM,2020-04-13,60192,1763856577.2921672
NCSM,2020-06-08,211373,1763856578.597325
NCSM,2020-06-23,278563,1763856579.990106
NCSM,2021-04-09,563464,1763856582.1466825
NCSM,2023-12-15,52058,1763856583.3081918
NCTY,2020-03-31,50828,1763856584.3114545
NCTY,2020-04-20,52289,1763856585.3134708
NCTY,2020-05-20,139276,1763856586.3844118
NCTY,2020-06-04,235726,1763856587.9640372
NCTY,2020-06-15,752369,1763856590.4379208
NCTY,2020-06-24,1360308,1763856594.2536047
NCTY,2020-06-30,706014,1763856596.1321785
NCTY,2020-09-02,188831,1763856597.2063322
NCTY,2020-09-24,1915294,1763856601.6771095
NCTY,2020-11-23,2022488,1763856606.1750202
NCTY,2020-12-28,319403,1763856607.5768096
NCTY,2021-01-04,11835560,1763856624.8250096
NCTY,2021-01-05,16006576,1763856654.8330038
NCTY,2021-01-06,15833688,1763856684.1247413
NCTY,2021-01-07,19987487,1763856720.8077807
NCTY,2021-01-25,1533461,1763856724.302524
NCTY,2021-01-28,4257469,1763856729.8727071
NCTY,2021-02-02,1157445,1763856732.34935
NCTY,2021-02-09,2190296,1763856735.506669
NCTY,2021-02-16,1217635,1763856738.1945446
NCTY,2021-02-19,3399633,1763856744.0413618
NCTY,2021-03-01,3547027,1763856749.0940764
NCTY,2021-03-09,2898147,1763856754.230194
NCTY,2021-06-04,8197828,1763856766.537006
NCTY,2021-06-09,5737492,1763856778.5874567
NCTY,2021-07-26,4789999,1763856785.7635684
NCTY,2021-08-09,4929489,1763856794.8184874
NCTY,2022-06-23,1124440,1763856797.8451724
NCTY,2023-01-09,90542,1763856798.8504553
NCTY,2023-01-12,185104,1763856800.0895443
NCTY,2023-01-13,609189,1763856802.251248
NDRA,2020-04-28,259916,1763856803.6453557
NDRA,2021-01-19,1775088,1763856805.9442763
NDRA,2021-01-20,5948619,1763856813.0779016
NDRA,2022-04-08,3989244,1763856818.585538
NDRA,2022-12-12,255538,1763856819.8144019
NDRA,2023-04-28,155997,1763856820.859815
NDRA,2023-08-15,129786,1763856821.9269006
NDRA,2023-09-14,480611,1763856823.5657
NDRA,2023-12-20,129021,1763856824.610968
NDRA,2024-05-02,62635,1763856825.5911834
NDRA,2024-06-05,21721711,1763856864.0017395
NDRA,2024-06-17,9268158,1763856884.1635249
NDRA,2024-08-26,10219595,1763856904.7221365
NDRA,2024-10-22,16967923,1763856931.687727
NDRA,2024-11-08,1401783,1763856935.6340425
NDRA,2024-11-20,164598,1763856936.7893362
NE,2020-02-12,2106433,1763856940.683168
NE,2021-06-09,95212,1763856941.6692288
NE.WS,2024-11-06,12301,1763856942.6701634
NEGG,2021-06-30,4208822,1763856948.9765089
NEGG,2021-07-02,3086465,1763856954.765525
NEGG,2021-07-06,3500789,1763856961.0191514
NEGG,2021-07-07,38457223,1763857033.2558854
NEGG,2021-07-16,8648025,1763857048.38634
NEGG,2021-08-05,2454326,1763857053.8928885
NEGG,2021-11-08,8174401,1763857071.111298
NEGG,2022-03-28,7966671,1763857080.0069642
NEGG,2022-04-06,3254062,1763857084.734356
NEGG,2023-01-13,10377825,1763857097.0534277
NEGG,2023-11-13,393841,1763857099.1467297
NEGG,2023-11-15,942958,1763857100.9595973
NEGG,2023-12-01,1276221,1763857103.1825657
NEGG,2024-05-13,429629,1763857104.5692644
NEGG,2024-07-05,1922191,1763857107.706648
NEO,2022-11-08,1634013,1763857110.1226325
NEO,2023-02-23,3085681,1763857113.9345262
NEON,2020-01-13,61983,1763857114.9391217
NEON,2020-04-02,33808,1763857115.928893
NEON,2020-04-27,108184,1763857116.9404786
NEON,2020-04-28,404249,1763857118.1514125
NEON,2020-05-06,125973,1763857119.172483
NEON,2020-06-09,194375,1763857120.2048168
NEON,2020-06-18,906592,1763857121.7742708
NEON,2020-06-22,1102827,1763857123.857781
NEON,2021-09-29,2239298,1763857126.7653203
NEON,2022-03-17,116400,1763857127.801276
NEON,2022-05-23,155238,1763857128.812001
NEON,2022-12-01,993685,1763857130.3563075
NEON,2023-01-11,2375456,1763857132.8870833
NEON,2023-12-06,141562,1763857133.9312003
NEON,2023-12-18,134537,1763857134.9344728
NEON,2023-12-19,270860,1763857136.080441
NEON,2024-07-18,1868640,1763857140.4609156
NEON,2024-08-20,1410060,1763857144.337955
NEON,2024-08-21,3358652,1763857151.0792336
NEON,2024-08-26,2057213,1763857155.9222372
NEON,2024-09-17,1455692,1763857159.441659
NEOV,2023-06-16,77429,1763857160.4456542
NEOV,2024-04-03,150720,1763857161.517946
NEOV,2024-04-10,184866,1763857162.631734
NEOVW,2022-07-29,25658,1763857163.6554427
NEOVW,2022-08-01,17735,1763857164.673741
NEOVW,2022-08-26,11793,1763857165.6558757
NEOVW,2022-09-28,13046,1763857166.6356876
NEOVW,2022-09-29,12245,1763857167.6165144
NEOVW,2022-09-30,11916,1763857168.607692
NEOVW,2022-12-19,11514,1763857169.6216125
NEOVW,2023-01-17,11675,1763857170.6055453
NEOVW,2023-03-13,19705,1763857171.61567
NEOVW,2023-03-28,10965,1763857172.6215844
NEOVW,2023-07-26,11890,1763857173.6364255
NEOVW,2024-09-11,12924,1763857174.6276925
NEOVW,2024-09-12,14289,1763857175.7033894
NEOVW,2024-11-04,18309,1763857176.692689
NEOVW,2024-11-11,31286,1763857177.6974254
NEPH,2023-05-31,729605,1763857179.1364577
NEPH,2023-06-01,919670,1763857180.94165
NEPH,2023-12-26,67864,1763857181.9464455
NERV,2021-01-19,2135966,1763857185.7416883
NERV,2021-05-12,8527320,1763857204.1150525
NERV,2022-08-04,7655141,1763857218.9874127
NERV,2022-08-22,2832877,1763857224.4028242
NERV,2022-08-24,15847288,1763857252.0979493
NERV,2022-08-26,15786336,1763857283.03783
NERV,2022-08-29,27103076,1763857315.7060623
NERV,2022-11-09,471839,1763857317.4014277
NERV,2023-01-11,272480,1763857318.6192229
NERV,2023-04-11,150026,1763857319.865386
NERV,2023-05-01,919030,1763857322.1406596
NERV,2023-05-02,1192655,1763857325.2965815
NERV,2023-05-05,337673,1763857326.8452008
NERV,2023-06-28,15621838,1763857346.6016955
NERV,2023-11-30,89957,1763857347.713243
NERV,2024-02-05,123932,1763857348.7575803
NESR,2020-03-17,254777,1763857349.984293
NESR,2020-04-23,343232,1763857351.3252947
NESR,2023-12-28,13797,1763857352.3080742
NESR,2024-09-04,12458,1763857353.3114617
NEUP,2024-12-27,829399,1763857356.0979986
NEWT,2020-03-25,375511,1763857357.794778
NEWT,2020-03-26,596270,1763857359.6952674
NEXA,2020-03-24,174498,1763857360.8425345
NEXA,2020-04-06,223787,1763857362.036047
NEXA,2021-02-01,113934,1763857363.1084168
NEXT,2020-03-13,59442,1763857364.1435692
NEXT,2020-03-17,82791,1763857365.2098148
NEXT,2020-05-18,88655,1763857366.36247
NEXT,2020-06-08,169465,1763857367.5748248
NEXT,2020-07-15,497674,1763857369.1828065
NEXT,2020-09-08,1122963,1763857372.141465
NEXT,2020-09-14,463549,1763857373.7029645
NEXT,2020-09-15,1559543,1763857377.8470316
NEXT,2020-09-25,465875,1763857379.5348732
NEXT,2020-12-11,170304,1763857380.696076
NEXT,2021-03-26,3958252,1763857386.0224228
NEXT,2021-04-05,900462,1763857387.72743
NEXT,2021-06-07,4933214,1763857392.881319
NEXT,2021-06-08,22818471,1763857437.9641438
NEXT,2022-03-25,3994967,1763857445.962121
NEXT,2022-04-06,2935654,1763857451.6001801
NEXT,2023-06-14,9437853,1763857467.9881349
NFE,2021-03-16,2039140,1763857472.0569198
NGL,2020-03-10,2666929,1763857476.4345322
NGL,2020-03-19,1942236,1763857479.753732
NGL,2020-03-20,2718640,1763857483.5917416
NGL,2020-04-09,1434725,1763857486.5750697
NGL,2020-04-28,1738979,1763857489.6400318
NGL,2021-01-21,3982438,1763857493.971718
NGLpB,2020-03-19,84496,1763857495.0153928
NGLpB,2020-03-20,89589,1763857496.048518
NGLpB,2020-03-26,145204,1763857497.22659
NGLpB,2020-04-09,125246,1763857498.269913
NGLpB,2020-04-28,72802,1763857499.261139
NGLpC,2020-03-19,80646,1763857500.4306016
NGLpC,2020-03-20,81687,1763857501.5123906
NGLpC,2020-03-26,58791,1763857502.5041883
NGLpC,2020-04-09,47869,1763857503.5143013
NGLpC,2020-04-28,65969,1763857504.5212536
NGNE,2024-11-04,1015375,1763857507.2191298
NGNE,2024-11-22,1048741,1763857509.7652466
NGS,2020-03-19,192098,1763857511.0477931
NGVC,2020-05-08,941977,1763857513.747296
NHICW,2020-11-19,24788,1763857514.7370434
NHICW,2020-11-27,16400,1763857515.7085679
NHICW,2020-12-11,22930,1763857516.700472
NHICW,2020-12-14,24606,1763857517.723617
NHICW,2021-03-08,160044,1763857518.900105
NHICW,2021-03-09,261531,1763857520.2479029
NHICW,2021-03-23,41755,1763857521.2634904
NHICW,2021-04-05,17914,1763857522.2319233
NINE,2020-03-24,253388,1763857523.4399462
NINE,2020-04-30,593281,1763857525.0766418
NINE,2020-05-12,935054,1763857527.1123204
NINE,2020-06-08,1475916,1763857530.1096938
NINE,2020-06-12,345887,1763857531.3578074
NINE,2020-11-23,219861,1763857532.5075843
NINE,2021-12-30,275460,1763857533.8668633
NINE,2022-03-04,1170390,1763857536.3474655
NINE,2022-03-07,13138817,1763857551.4580712
NINE,2022-03-08,28584124,1763857594.276977
NINE,2024-11-06,583489,1763857596.0490854
NIO,2020-02-25,17902804,1763857625.4452543
NIO,2020-07-06,41165174,1763857695.347328
NIOBW,2023-03-23,19780,1763857696.5793035
NIPG,2024-07-29,3175961,1763857702.477566
NISN,2021-11-10,881311,1763857705.0676231
NISN,2022-05-17,276684,1763857706.2840407
NISN,2022-06-10,2388711,1763857709.3084605
NISN,2024-07-12,3420549,1763857713.5203657
NISN,2024-07-29,374837,1763857714.9198802
NITO,2024-04-10,120218,1763857715.9746988
NITO,2024-06-17,2263285,1763857719.045054
NITO,2024-08-27,7558938,1763857731.9530127
NITO,2024-09-10,809491,1763857733.5633793
NITO,2024-09-12,4997753,1763857740.1893692
NITO,2024-10-21,4680742,1763857747.6968095
NITO,2024-10-22,7054247,1763857763.1277254
NITO,2024-12-20,307988,1763857764.6720695
NITO,2024-12-26,278759,1763857765.920362
NITO,2024-12-30,328688,1763857767.5888357
NIU,2020-06-19,1758312,1763857770.8237636
NIVF,2024-04-22,13073845,1763857792.3163688
NIVF,2024-04-23,28719634,1763857841.367562
NIVF,2024-04-26,11356572,1763857862.7519164
NIVF,2024-05-08,4297607,1763857871.567494
NIVF,2024-06-21,541652,1763857873.1833642
NIVF,2024-07-24,2963829,1763857880.5100152
NIVF,2024-08-23,117700,1763857881.566576
NIVF,2024-10-11,8334644,1763857896.6609514
NIVF,2024-10-15,18634634,1763857924.3723962
NIVF,2024-10-17,2599397,1763857930.1958153
NIVF,2024-10-18,1661157,1763857933.8438432
NIVF,2024-11-18,6835708,1763857945.4355824
NIVF,2024-12-11,7527242,1763857957.7628162
NIVF,2024-12-17,728935,1763857959.3398724
NIXX,2024-10-17,18748042,1763857991.485968
NIXX,2024-10-21,1364570,1763857993.9181256
NKSH,2020-03-19,63127,1763857994.9869425
NKTR,2023-08-07,10536240,1763858013.623767
NKTR,2024-03-04,2596251,1763858018.9597967
NKTR,2024-04-04,1737260,1763858022.5405161
NKTR,2024-04-11,2699525,1763858027.7655144
NKTX,2020-12-07,632305,1763858029.723837
NKTX,2022-04-25,27753274,1763858085.070878
NKTX,2023-10-17,14753447,1763858112.2418253
NKTX,2024-01-08,13792458,1763858133.4319227
NLY,2020-04-08,11515016,1763858152.462495
NLYpF,2020-03-19,389321,1763858153.961302
NLYpG,2020-03-19,246780,1763858155.1132965
NLYpG,2020-03-26,249395,1763858156.4391637
NLYpI,2020-03-19,255131,1763858157.818123
NLYpI,2020-03-26,242179,1763858159.0488942
NMFC,2020-03-24,1219681,1763858161.6595478
NMFC,2020-03-25,1649805,1763858164.687972
NMG,2023-10-20,1129351,1763858168.0480509
NMG,2024-02-15,2986328,1763858173.2304718
NMRA,2023-12-22,789291,1763858175.1573858
NMRK,2020-03-19,1878546,1763858178.9207015
NMRK,2020-06-03,2247492,1763858183.5982673
NMTC,2021-08-23,784127,1763858185.4507084
NMTC,2021-09-03,743066,1763858187.2703369
NMTC,2021-09-07,2051669,1763858191.1466339
NMTC,2022-06-01,237780,1763858192.5926683
NMTC,2022-08-03,756369,1763858194.7554238
NMTC,2022-08-31,389046,1763858196.32905
NMTC,2022-11-21,687102,1763858198.0953288
NMTC,2022-11-23,640526,1763858200.4503977
NN,2023-08-11,912631,1763858201.9867518
NN,2024-03-11,1327707,1763858204.8286724
NNAVW,2021-11-01,92677,1763858205.9320643
NNAVW,2021-11-02,146499,1763858207.1531765
NNAVW,2022-05-05,13168,1763858208.1881814
NNAVW,2023-06-20,17675,1763858209.1679454
NNAVW,2023-08-11,14913,1763858210.1677964
NNAVW,2023-09-13,67113,1763858211.166232
NNAVW,2024-03-11,19811,1763858212.1500804
NNAVW,2024-03-21,25535,1763858213.1569107
NNAVW,2024-04-02,28163,1763858214.1621068
NNAVW,2024-08-06,28938,1763858215.163802
NNAVW,2024-08-21,24589,1763858216.15004
NNAVW,2024-08-26,51393,1763858217.1930258
NNAVW,2024-11-05,63263,1763858218.2157967
NNBR,2020-04-13,1869166,1763858222.1707768
NNBR,2020-04-17,808905,1763858224.6512165
NNBR,2020-04-27,511009,1763858226.3596025
NNBR,2023-05-09,135794,1763858227.5792856
NNDM,2020-03-30,534739,1763858229.1720486
NNDM,2020-04-09,258917,1763858230.3016708
NNDM,2020-04-15,426856,1763858231.7604556
NNDM,2020-05-08,618660,1763858233.4097095
NNDM,2020-05-19,31172004,1763858292.540747
NNDM,2020-05-20,49374831,1763858364.0195837
NNDM,2020-06-02,4514234,1763858370.271134
NNDM,2020-09-24,2278794,1763858373.5440955
NNDM,2020-09-29,1887328,1763858376.280778
NNDM,2020-09-30,14587579,1763858391.8067977
NNDM,2020-10-14,5125420,1763858398.1941965
NNDM,2020-10-16,19680179,1763858422.968176
NNDM,2020-11-05,4194105,1763858431.3020847
NNE,2024-05-28,1749992,1763858435.0833523
NNE,2024-05-29,2726462,1763858440.3433628
NNE,2024-05-30,2097902,1763858444.8569186
NNE,2024-06-14,801067,1763858447.4151828
NNE,2024-06-20,2405945,1763858451.5269392
NNE,2024-06-24,4532512,1763858460.3049057
NNE,2024-06-25,11888871,1763858481.3979025
NNE,2024-06-28,7903904,1763858491.6872277
NNE,2024-07-01,13477527,1763858506.935776
NNE,2024-08-14,2531190,1763858511.4247684
NNE,2024-08-19,1567123,1763858515.0204754
NNE,2024-09-11,2655443,1763858520.1163287
NNE,2024-09-13,3637358,1763858526.5806327
NNE,2024-10-16,6222349,1763858535.7563076
NNE,2024-10-21,8693681,1763858545.892037
NNE,2024-11-21,5879189,1763858553.1138182
NNOX,2020-09-01,2637667,1763858556.5830626
NNOX,2020-09-11,6402398,1763858565.424078
NNOX,2020-10-02,10638859,1763858583.3332076
NNOX,2021-01-21,3099801,1763858590.512563
NNOX,2021-04-05,14346291,1763858616.463863
NNOX,2023-05-01,10928777,1763858632.0253575
NNOX,2023-05-04,4998042,1763858640.9611368
NNOX,2024-02-15,17390315,1763858669.6028528
NNOX,2024-02-16,25671847,1763858687.6026106
NOA,2023-07-27,497166,1763858688.8997893
NOAH,2022-03-16,588117,1763858690.030521
NOG,2020-04-02,1603893,1763858691.4727256
NOG,2020-06-08,4216247,1763858694.0312223
NOK,2021-01-27,135527614,1763858752.5363896
NOTE,2022-08-03,570354,1763858754.5493371
NOTE,2022-08-22,305623,1763858755.574528
NOTE,2023-03-23,6051788,1763858758.3241644
NOTE,2023-05-10,2591683,1763858760.016078
NOTE,2023-11-20,1086568,1763858761.2605555
NOTE,2024-12-18,1929389,1763858762.7438416
NOTV,2021-09-21,463150,1763858763.8389347
NOTV,2022-05-13,932477,1763858765.0651944
NOTV,2022-08-11,509792,1763858766.1675286
NOTV,2023-01-11,2985654,1763858768.2453208
NOTV,2023-07-20,2062174,1763858770.0227451
NOTV,2024-11-20,779978,1763858771.2757666
NOTV,2024-12-10,679089,1763858772.5341372
NOTV,2024-12-13,2160073,1763858774.3518023
NOV,2020-11-09,4885322,1763858776.9629526
NPCE,2023-01-10,71164,1763858778.0112596
NPCE,2023-01-13,57431,1763858779.0315883
NPCE,2023-08-09,239154,1763858780.0864172
NPCE,2023-08-29,229292,1763858781.102339
NPCE,2024-11-13,358575,1763858782.1928198
NPWR.WS,2023-08-14,31302,1763858783.178669
NPWR.WS,2024-08-13,17389,1763858784.284693
NPWR.WS,2024-10-17,27225,1763858785.2888296
NPWR.WS,2024-11-13,185671,1763858786.3178835
NRDS,2022-11-03,1828040,1763858788.1633663
NRDS,2023-10-27,3289864,1763858790.5137913
NRDS,2024-10-30,3124554,1763858792.8489053
NRDY,2022-08-23,5788957,1763858795.8903453
NRDY,2023-02-03,1462592,1763858797.3631966
NRDY,2023-03-01,1799859,1763858800.0411627
NREF,2020-03-27,98817,1763858801.3573687
NREF,2020-04-07,103875,1763858802.3866384
NREF,2020-04-09,93509,1763858803.4243343
NRGV,2022-02-17,2079209,1763858806.5030458
NRGV,2022-02-18,11952648,1763858827.251433
NRGV,2022-11-15,798619,1763858829.6452887
NRGV,2023-01-18,6008891,1763858838.9347274
NRGV,2023-11-08,1581795,1763858842.541719
NRGV,2024-10-15,1082763,1763858844.5614414
NRGV,2024-10-30,1265868,1763858847.8292522
NRGV,2024-12-11,1336299,1763858851.373479
NRIM,2020-03-19,94919,1763858852.3955777
NRIX,2020-08-13,320370,1763858853.7347555
NRIX,2020-12-14,321077,1763858855.0099015
NRIX,2020-12-22,513685,1763858856.9602923
NRSN,2022-02-28,2926883,1763858862.6260743
NRSN,2022-03-21,24870565,1763858908.8730276
NRSN,2022-03-29,1109829,1763858911.6085289
NRSN,2022-06-27,14401366,1763858940.5105314
NRSN,2022-06-30,15482884,1763858968.5568202
NRSN,2023-01-19,12430691,1763858991.2423882
NRSN,2023-06-02,155854,1763858992.3717518
NRSN,2023-11-30,136198,1763858993.458663
NRSN,2024-02-27,484371,1763858995.1634533
NRSN,2024-03-01,230949,1763858996.40146
NRSN,2024-07-02,655765,1763858998.0778732
NRSN,2024-12-02,151518,1763858999.1962597
NRSNW,2022-01-24,13439,1763859000.182417
NRSNW,2022-03-21,361528,1763859001.4696896
NRSNW,2022-03-23,146724,1763859002.5408542
NRXP,2021-07-19,18315815,1763859037.8923013
NRXP,2021-07-22,17000622,1763859063.2060063
NRXP,2021-07-23,30619942,1763859095.7067597
NRXP,2021-08-18,3502835,1763859102.1306312
NRXP,2021-10-12,5663972,1763859112.9959455
NRXP,2021-10-14,16890114,1763859144.9730926
NRXP,2021-11-26,4715099,1763859150.4532778
NRXP,2021-11-29,21335612,1763859179.0467222
NRXP,2022-03-09,553695,1763859181.332032
NRXP,2022-06-02,1205262,1763859184.8519077
NRXP,2022-07-29,7833120,1763859198.8038948
NRXP,2023-06-02,382869,1763859200.2646296
NRXP,2023-12-18,2882470,1763859204.3213189
NRXP,2024-03-05,1162732,1763859207.3818264
NRXP,2024-05-06,2732689,1763859213.4255898
NRXP,2024-12-17,226898,1763859214.5514696
NRXP,2024-12-31,2331984,1763859218.796275
NRXPW,2021-07-19,145912,1763859219.929465
NRXPW,2021-07-22,190003,1763859221.085417
NRXPW,2021-07-23,374232,1763859222.7012217
NRXPW,2021-07-27,213005,1763859223.8591254
NRXPW,2021-08-10,50480,1763859224.8412616
NRXPW,2021-08-18,97482,1763859225.8835452
NRXPW,2021-10-12,71113,1763859226.8889651
NRXPW,2021-10-14,79411,1763859227.8961105
NRXPW,2021-11-26,340150,1763859229.2196195
NRXPW,2021-11-29,562127,1763859230.8290596
NSPR,2020-01-17,663167,1763859232.2921228
NSPR,2020-04-14,284997,1763859233.4935763
NSPR,2020-05-12,204379,1763859234.6470823
NSPR,2020-06-05,3173261,1763859241.2677064
NSPR,2020-06-10,5619703,1763859249.45436
NSPR,2020-09-08,1460607,1763859251.2029166
NSPR,2021-01-04,2745085,1763859254.2786524
NSPR,2021-01-05,5833539,1763859261.2055814
NSPR,2021-02-08,16083899,1763859290.2812097
NSPR,2021-03-15,2759540,1763859294.711017
NSPR,2021-07-21,3164259,1763859302.907295
NSPR,2023-05-01,83208,1763859303.9354267
NSPR,2023-05-15,637649,1763859306.5653625
NSPR,2023-07-12,327521,1763859308.1907625
NSYS,2020-08-28,6857827,1763859321.2493658
NSYS,2020-12-30,335833,1763859322.6190903
NSYS,2021-05-07,73799,1763859323.6325333
NSYS,2021-06-29,102223,1763859324.819125
NSYS,2021-07-02,157912,1763859326.1620388
NSYS,2021-07-26,78027,1763859327.4701474
NTGR,2024-09-12,2148033,1763859331.9207408
NTIC,2020-04-07,53995,1763859332.9411638
NTIC,2020-04-14,25821,1763859333.9211586
NTLA,2021-06-28,12496765,1763859358.3196447
NTLA,2021-06-30,15923247,1763859394.6243262
NTNX,2020-08-28,14614035,1763859426.6997895
NTNX,2022-09-01,8319579,1763859444.2040513
NTRA,2020-03-19,1409217,1763859449.294171
NTRB,2021-10-07,533692,1763859451.0762305
NTRB,2021-10-12,18119910,1763859476.0124767
NTRB,2021-12-31,29302806,1763859521.770399
NTRB,2022-01-11,2736152,1763859527.0850203
NTRB,2022-07-26,187959,1763859528.167056
NTRB,2023-07-14,425516,1763859529.7837245
NTRB,2024-03-27,181408,1763859530.8780649
NTRB,2024-03-28,361553,1763859532.1479478
NTRB,2024-05-15,93836,1763859533.1991389
NTRB,2024-09-17,67260,1763859534.2453341
NTRBW,2021-10-06,24762,1763859535.270879
NTRBW,2021-10-07,38188,1763859536.3801792
NTRBW,2021-10-08,42758,1763859537.4629781
NTRBW,2021-10-12,219642,1763859538.5487137
NTRBW,2021-10-21,20052,1763859539.556216
NTRBW,2021-11-01,25708,1763859540.547212
NTRBW,2021-12-31,613709,1763859543.1760478
NTRBW,2022-01-11,38099,1763859544.2391474
NTRBW,2022-01-24,22874,1763859545.4358635
NTRBW,2022-03-09,21683,1763859546.4219375
NTRBW,2022-03-30,16093,1763859547.4143631
NTRBW,2022-05-16,11372,1763859548.4288065
NTRBW,2022-06-13,11672,1763859549.4936712
NTRBW,2022-09-16,10937,1763859550.496073
NTRBW,2022-11-09,11409,1763859551.4809954
NTRBW,2023-01-17,11099,1763859552.455992
NTRBW,2023-01-26,13089,1763859553.8796449
NTRBW,2023-04-26,14090,1763859554.869946
NTRBW,2023-07-25,13383,1763859555.8575232
NTRBW,2024-03-28,38148,1763859556.8732655
NTRBW,2024-04-09,12737,1763859557.8638325
NTRBW,2024-05-15,13381,1763859558.8719728
NTRBW,2024-05-17,24616,1763859559.8585863
NTRBW,2024-05-20,30870,1763859560.8948421
NTRBW,2024-05-21,24801,1763859561.885794
NTRBW,2024-06-07,13069,1763859562.8875995
NTRBW,2024-06-28,10831,1763859563.8544512
NTRBW,2024-07-16,14249,1763859564.907737
NTRBW,2024-07-23,11432,1763859565.8950744
NTRBW,2024-07-24,12435,1763859566.8967195
NTRBW,2024-07-25,15199,1763859567.8983095
NTRBW,2024-08-15,19208,1763859568.9066994
NTRBW,2024-09-10,10527,1763859569.8778143
NTRBW,2024-09-20,10831,1763859570.8567202
NTRBW,2024-09-30,11575,1763859571.8276093
NTRBW,2024-10-07,14582,1763859572.8146658
NTRBW,2024-10-09,37686,1763859573.8165703
NTRBW,2024-10-25,17279,1763859574.8287568
NTRBW,2024-11-04,25418,1763859575.798555
NTRBW,2024-11-05,28190,1763859576.8693204
NTRBW,2024-12-02,33270,1763859577.844715
NTRP,2020-01-22,8677360,1763859597.3405795
NTRP,2020-09-30,1563566,1763859601.767658
NTRP,2024-03-14,413877,1763859603.8525527
NTRP,2024-07-10,93698,1763859604.9110098
NTRP,2024-07-11,124028,1763859605.9750915
NTRP,2024-09-05,61851,1763859606.9854388
NTRP,2024-11-25,329096,1763859608.5119152
NTRP,2024-11-27,116746,1763859609.5119767
NTRP,2024-11-29,139304,1763859610.54313
NTRP,2024-12-05,82047,1763859611.6430821
NTRP,2024-12-20,139719,1763859612.8294182
NTWK,2021-04-27,4380745,1763859618.281729
NTZ,2020-04-15,140612,1763859619.3250103
NTZ,2020-04-30,318972,1763859620.6572394
NTZ,2020-05-28,74733,1763859621.688645
NTZ,2020-06-09,711623,1763859623.2648203
NTZ,2020-06-17,121633,1763859624.4096336
NTZ,2020-06-18,378199,1763859625.94165
NTZ,2020-07-24,10913709,1763859637.81705
NTZ,2020-10-19,392169,1763859639.1903543
NTZ,2020-10-20,884976,1763859641.236134
NTZ,2024-12-20,42689,1763859642.2329443
NUKK,2022-01-14,16915,1763859643.2418528
NUKK,2022-01-21,14743,1763859644.2303886
NUKK,2022-03-23,14410,1763859645.3549023
NUKK,2022-03-30,11673,1763859646.3398235
NUKK,2022-04-18,12663,1763859647.3125224
NUKK,2022-04-22,11295,1763859648.2989116
NUKK,2022-05-03,11718,1763859649.2824123
NUKK,2022-05-09,12474,1763859650.2668989
NUKK,2022-05-16,12443,1763859651.249971
NUKK,2022-05-20,13589,1763859652.2429423
NUKK,2022-05-25,12455,1763859653.2372732
NUKK,2022-06-10,10535,1763859654.2148044
NUKK,2022-06-13,10868,1763859655.2003584
NUKK,2022-06-24,11337,1763859656.188825
NUKK,2022-06-30,10061,1763859657.1811714
NUKK,2022-07-05,9966,1763859658.1571524
NUKK,2022-07-12,10950,1763859659.136157
NUKK,2022-08-17,12910,1763859660.1172726
NUKK,2023-08-15,11794,1763859661.1017935
NUKK,2023-08-23,11609,1763859662.0949466
NUKK,2023-08-25,11443,1763859663.0829928
NUKK,2023-08-29,10087,1763859664.0744236
NUKK,2023-09-07,11709,1763859665.1990538
NUKK,2023-09-08,11318,1763859666.208389
NUKK,2023-09-18,10184,1763859667.1966014
NUKK,2023-10-26,10970,1763859668.1808748
NUKK,2023-10-31,10395,1763859669.1598248
NUKK,2023-11-03,10183,1763859670.1457636
NUKK,2023-11-13,10495,1763859671.1277628
NUKK,2023-11-20,11464,1763859672.1477797
NUKK,2023-11-21,11296,1763859673.131699
NUKK,2023-11-27,10759,1763859674.1173067
NUKK,2023-11-28,11094,1763859675.2526772
NUKK,2023-11-29,13655,1763859676.25928
NUKK,2023-12-18,10932,1763859677.2396355
NUKK,2023-12-21,11427,1763859678.2183237
NUKK,2023-12-26,175251,1763859679.4370186
NUKK,2024-02-12,303310,1763859680.9303885
NUKK,2024-02-13,711290,1763859682.6105454
NUKK,2024-03-11,940131,1763859685.110561
NUKK,2024-03-12,10520952,1763859703.3662095
NUKK,2024-07-22,2380119,1763859707.811018
NUKK,2024-08-02,416579,1763859709.307077
NUKK,2024-09-23,7267327,1763859722.0197148
NUKK,2024-09-24,8982192,1763859739.8009887
NUKK,2024-10-14,644326,1763859741.8438058
NUKK,2024-10-22,6848313,1763859752.759797
NUKK,2024-10-24,8267573,1763859768.2171972
NUKK,2024-11-11,516858,1763859769.655158
NUKK,2024-12-17,48612209,1763859882.4717662
NUKK,2024-12-18,76812071,1763860030.6564622
NUKK,2024-12-19,40764226,1763860094.0046885
NUS,2020-03-19,1763637,1763860096.561697
NUTX,2022-04-26,16211531,1763860120.0269058
NUTX,2022-04-27,24898076,1763860161.3373792
NUTX,2022-05-17,844909,1763860163.487635
NUTX,2022-08-02,921518,1763860165.877948
NUTX,2022-09-06,2723668,1763860169.7853916
NUTX,2022-10-13,3460014,1763860173.8764029
NUTX,2022-10-17,3044875,1763860178.9192054
NUTX,2022-10-25,1128962,1763860181.3064463
NUTX,2022-11-11,816088,1763860183.131322
NUTX,2022-11-28,1972747,1763860187.7370074
NUTX,2024-04-16,381301,1763860189.2096655
NUTX,2024-08-09,72836,1763860190.321922
NUTX,2024-08-12,386589,1763860192.1698005
NUTX,2024-11-12,539674,1763860194.2302177
NUVB,2024-03-26,2212686,1763860198.2775555
NUVB,2024-03-27,3930910,1763860206.73939
NUVB.WS,2021-08-31,13601,1763860207.7405915
NUVL,2022-10-28,3009301,1763860214.8166375
NUVL,2023-10-04,3950380,1763860223.0663812
NUWE,2021-06-01,943838,1763860225.2302608
NUWE,2022-04-11,326444,1763860226.410532
NUWE,2022-07-05,832982,1763860228.0608318
NUWE,2022-08-31,15653079,1763860259.41249
NUWE,2022-12-13,1277417,1763860261.9574256
NUWE,2022-12-28,426801,1763860263.4810686
NUWE,2022-12-29,2702908,1763860268.7195144
NUWE,2023-01-31,1003024,1763860271.3781834
NUWE,2023-06-20,2642808,1763860277.7422094
NUWE,2023-09-08,659179,1763860279.9250114
NUWE,2023-10-05,142828,1763860281.191087
NUWE,2023-10-16,314748,1763860282.5616467
NUWE,2023-12-21,743828,1763860284.929096
NUWE,2024-01-23,172510,1763860286.4564567
NUWE,2024-02-20,306386,1763860287.9356399
NUWE,2024-04-22,804336,1763860290.1147976
NUWE,2024-04-25,1370792,1763860293.3237836
NUWE,2024-05-02,3604833,1763860301.0580401
NUWE,2024-05-07,7709384,1763860315.313615
NUWE,2024-05-16,470537,1763860317.1329324
NUWE,2024-05-28,386627,1763860319.1484876
NUWE,2024-06-28,797205,1763860321.2817
NUWE,2024-07-08,532374,1763860322.9534342
NUWE,2024-07-29,2366312,1763860325.672667
NUWE,2024-07-31,1292836,1763860328.3023345
NUWE,2024-09-12,194873,1763860329.493894
NUWE,2024-10-01,597868,1763860331.4757674
NUWE,2024-10-09,2695777,1763860337.686182
NUWE,2024-10-21,480345,1763860339.687119
NUWE,2024-11-04,20512804,1763860381.042371
NUWE,2024-11-11,4640942,1763860390.5425584
NVAWW,2024-07-25,46713,1763860391.602325
NVAWW,2024-08-02,12317,1763860392.5972548
NVAWW,2024-08-13,19291,1763860393.5897098
NVAWW,2024-08-21,37651,1763860394.5849583
NVAWW,2024-08-26,17280,1763860395.5860758
NVAWW,2024-08-29,21669,1763860396.5888467
NVAWW,2024-10-04,15584,1763860397.5630107
NVAWW,2024-10-16,27626,1763860398.56854
NVAWW,2024-10-23,36982,1763860399.754699
NVAWW,2024-10-24,44851,1763860400.7732694
NVAWW,2024-10-25,62047,1763860401.8176098
NVAWW,2024-11-19,11426,1763860402.823053
NVAWW,2024-12-04,55757,1763860403.850028
NVAWW,2024-12-05,71931,1763860404.8658755
NVAWW,2024-12-09,29573,1763860405.8498936
NVAWW,2024-12-11,28333,1763860406.8482769
NVAX,2020-01-21,10210399,1763860423.4271626
NVAX,2020-02-26,5545009,1763860433.8083506
NVAX,2020-02-28,12975036,1763860459.0508647
NVAX,2020-03-17,4060438,1763860466.87648
NVAX,2020-03-24,6086204,1763860478.909796
NVAX,2020-04-20,9522565,1763860494.6014316
NVAX,2020-05-11,9375417,1763860512.8618429
NVAX,2020-05-12,28555655,1763860571.9544642
NVAX,2020-05-18,15306682,1763860596.7526605
NVAX,2020-07-07,15686572,1763860615.7373774
NVAX,2021-01-29,25958568,1763860671.2052803
NVAX,2023-05-09,11074887,1763860694.4685156
NVAX,2023-07-10,7311222,1763860709.408092
NVAX,2024-02-22,7725574,1763860725.226187
NVAX,2024-05-10,36486907,1763860784.6576726
NVAX,2024-05-13,61589692,1763860814.1949358
NVCR,2021-04-13,9940123,1763860818.958998
NVCR,2023-01-05,9219411,1763860823.3495386
NVCR,2024-12-02,7343237,1763860827.2991529
NVCT,2022-02-07,8518041,1763860831.151293
NVCT,2022-02-17,3517726,1763860833.3514566
NVCT,2022-02-22,2446860,1763860835.0918634
NVCT,2022-04-06,310863,1763860836.1462374
NVCT,2022-05-06,196940,1763860837.17902
NVD,2024-08-05,7650449,1763860840.744959
NVDA,2024-06-10,151177288,1763860905.022679
NVDL,2023-05-25,573502,1763860907.2227292
NVDL,2024-02-22,5957442,1763860909.6914673
NVEC,2020-03-24,83697,1763860910.7535324
NVGS,2020-05-29,299274,1763860911.7753637
NVGS,2020-06-01,1697020,1763860913.1178954
NVNI,2024-01-10,5721051,1763860915.8351884
NVNI,2024-01-18,828076,1763860916.9762726
NVNI,2024-07-05,15879,1763860917.9475436
NVNI,2024-07-16,24565,1763860918.9552295
NVNI,2024-07-25,950744,1763860920.1652257
NVNI,2024-08-06,36581,1763860921.1642723
NVNI,2024-11-13,38779,1763860922.1555858
NVNI,2024-12-18,1812713,1763860923.5777712
NVNI,2024-12-19,6963212,1763860926.599883
NVNI,2024-12-20,26530926,1763860937.9199061
NVNO,2023-07-19,286008,1763860939.1390226
NVTS,2022-08-16,2212196,1763860940.8108366
NVVE,2021-05-17,4600155,1763860943.1517444
NVVE,2022-12-14,261746,1763860944.379355
NVVE,2022-12-15,463782,1763860945.4734619
NVVE,2023-01-27,348320,1763860946.4988987
NVVE,2023-01-30,585868,1763860947.6466732
NVVE,2023-03-31,152172,1763860948.6518257
NVVE,2023-04-04,375174,1763860949.683109
NVVE,2023-06-23,2840111,1763860951.612456
NVVE,2023-08-02,417314,1763860952.681607
NVVE,2023-10-25,9444141,1763860957.2412252
NVVE,2024-01-12,3367073,1763860959.3387363
NVVE,2024-01-23,6461519,1763860962.46531
NVVE,2024-01-30,1933263,1763860964.0487463
NVVE,2024-04-30,433060,1763860965.1357026
NVVE,2024-06-05,19035021,1763860974.1267474
NVVE,2024-06-26,359899,1763860975.320649
NVVE,2024-07-23,491424,1763860976.439431
NVVE,2024-08-02,258147,1763860977.4740975
NVVE,2024-09-18,11525662,1763860982.3250587
NVVE,2024-09-23,14674029,1763860988.9975867
NVVEW,2021-04-12,57691,1763860990.2830877
NVVEW,2021-04-14,128466,1763860991.2879126
NVVEW,2021-05-14,69412,1763860992.290882
NVVEW,2021-05-17,131140,1763860993.2984383
NVVEW,2021-08-16,31479,1763860994.3037982
NVVEW,2021-11-04,141066,1763860995.30376
NVVEW,2021-11-08,218393,1763860996.336994
NVVEW,2022-04-06,25555,1763860997.331159
NVVEW,2022-04-22,28377,1763860998.3395076
NVVEW,2022-04-26,26992,1763860999.3714008
NVX,2022-10-24,141427,1763861000.3937955
NVX,2023-06-07,183638,1763861001.4470756
NVX,2023-09-15,1555460,1763861002.950618
NVX,2024-02-16,187932,1763861003.9517074
NVX,2024-11-25,231830,1763861004.9869812
NWGL,2024-02-15,36852,1763861005.9805858
NWGL,2024-02-29,62476,1763861006.9811027
NWGL,2024-07-05,53231,1763861007.9752505
NWL,2024-07-26,6894659,1763861012.071921
NXGL,2022-03-21,445103,1763861013.1764357
NXGL,2022-12-07,254232,1763861014.1982396
NXGL,2023-06-09,179530,1763861015.202082
NXL,2022-10-11,321705,1763861016.240389
NXL,2022-11-01,320661,1763861017.3069866
NXL,2022-11-21,808593,1763861018.4690022
NXL,2022-12-15,384820,1763861019.5390813
NXL,2024-03-28,1895623,1763861021.1513345
NXL,2024-04-01,549257,1763861022.2424955
NXL,2024-04-02,2316772,1763861023.9122357
NXL,2024-04-18,104050,1763861024.9296632
NXL,2024-06-13,1473248,1763861026.3574023
NXL,2024-06-18,1944672,1763861027.9541392
NXL,2024-06-21,13138242,1763861033.8872616
NXL,2024-06-24,16385322,1763861041.2575076
NXL,2024-06-26,4894026,1763861043.8831177
NXL,2024-06-27,5921029,1763861046.7397878
NXL,2024-10-16,132744,1763861047.7888038
NXL,2024-10-17,491005,1763861048.8982494
NXL,2024-10-24,5202481,1763861051.4716487
NXL,2024-10-25,8151008,1763861055.0596533
NXL,2024-11-01,1314832,1763861056.4496984
NXPL,2022-10-07,39834,1763861057.442267
NXPL,2022-12-20,66895,1763861058.44596
NXPL,2023-04-24,1249511,1763861059.7955658
NXPL,2024-04-12,10454620,1763861064.6110063
NXPL,2024-12-11,229948,1763861065.8176465
NXPL,2024-12-17,215474,1763861066.8316846
NXPLW,2022-04-28,11967,1763861067.8219197
NXPLW,2022-05-11,12085,1763861068.8190134
NXPLW,2022-05-31,10536,1763861069.793748
NXPLW,2022-06-22,11302,1763861070.7739935
NXPLW,2022-07-06,12036,1763861071.7578595
NXPLW,2023-04-05,11712,1763861072.740314
NXPLW,2023-04-24,12211,1763861073.7188478
NXPLW,2023-04-26,12008,1763861074.7239945
NXPLW,2023-05-09,11770,1763861075.7234912
NXPLW,2023-05-11,11760,1763861076.7043972
NXPLW,2023-06-01,59131,1763861077.6772168
NXTC,2024-03-21,193229,1763861078.6993763
NXTT,2024-04-03,253279,1763861079.7039664
NXTT,2024-05-02,61689,1763861080.70316
NXTT,2024-07-31,170811,1763861081.7142577
NXTT,2024-08-01,521960,1763861082.8199081
NXTT,2024-08-07,170355,1763861083.827467
NXTT,2024-11-12,1198355,1763861085.1890578
NXTT,2024-11-13,2186400,1763861086.8948333
NXTT,2024-11-19,1012861,1763861088.215579
NXTT,2024-11-20,1396905,1763861089.6288335
NYAX,2022-09-22,704940,1763861090.8011434
NYC,2021-12-30,638575,1763861091.904405
NYC,2021-12-31,1106239,1763861093.2593586
NYC,2023-09-27,972589,1763861094.3974135
NYC,2024-05-07,342028,1763861095.4268856
NYXH,2024-01-24,209470,1763861096.4590833
NYXH,2024-01-29,171847,1763861097.4613378
NYXH,2024-01-31,255647,1763861098.487844
OABI,2022-11-08,1606042,1763861099.9573932
OBIO,2023-03-06,144159,1763861100.9616227
OBIO,2023-08-21,335401,1763861102.051133
OBIO,2023-09-19,895325,1763861103.26378
OBIO,2024-05-28,126038,1763861104.2520897
OBLG,2020-03-23,57455,1763861105.236401
OBLG,2020-06-09,74028,1763861106.2487054
OBLG,2020-06-15,113564,1763861107.2426865
OBLG,2020-07-16,570546,1763861108.3560748
OBLG,2020-07-22,6687135,1763861111.1318257
OBLG,2020-08-24,320830,1763861112.1968238
OBLG,2020-10-16,627614,1763861113.260309
OBLG,2020-11-30,1805610,1763861114.5935435
OBLG,2022-03-29,115426,1763861115.597693
OBLG,2022-05-13,54940,1763861116.6232083
OBLG,2022-06-13,149400,1763861117.6497097
OBLG,2022-10-03,1377385,1763861118.984371
OBLG,2022-10-11,952660,1763861120.2278454
OBLG,2022-10-13,376127,1763861121.2885692
OBLG,2022-10-17,585315,1763861122.4384053
OBLG,2022-10-19,1126882,1763861123.6775577
OBLG,2022-12-01,215885,1763861124.7183568
OBLG,2022-12-27,52440,1763861125.6913369
OBLG,2022-12-30,112507,1763861126.71074
OBLG,2023-01-04,1821874,1763861128.1944191
OBLG,2023-01-05,2659840,1763861129.9336448
OBLG,2023-01-30,955598,1763861131.138203
OBLG,2023-04-14,1212331,1763861132.4112148
OBLG,2023-04-18,1233216,1763861133.7181158
OBLG,2023-10-12,625762,1763861134.8431647
OBLG,2023-10-13,9220045,1763861138.8528166
OBLG,2023-11-17,637087,1763861140.0444932
OBLG,2023-12-14,435624,1763861141.0972025
OBLG,2024-03-15,368438,1763861142.1420925
OBLG,2024-03-20,6933709,1763861145.3508894
OBLG,2024-05-15,982341,1763861146.6179273
OBLG,2024-05-22,2496113,1763861148.2256737
OBLG,2024-05-28,7759138,1763861151.7040155
OBLG,2024-06-04,3340207,1763861153.781938
OBLG,2024-06-26,524667,1763861154.8785233
OBLG,2024-09-05,655502,1763861156.002792
OBLG,2024-09-12,12500663,1763861161.4090836
OCC,2021-01-22,489583,1763861162.577114
OCC,2021-07-13,191947,1763861163.5928998
OCC,2024-12-23,10258874,1763861167.7749188
OCC,2024-12-26,207103,1763861168.8365114
OCCI,2020-03-25,33637,1763861169.8471816
OCFT,2020-06-15,1361368,1763861171.1265395
OCFT,2022-03-16,2614967,1763861172.6324787
OCFT,2022-03-21,1451245,1763861173.924605
OCFT,2022-06-08,1884618,1763861175.280702
OCFT,2022-10-26,700942,1763861176.3934305
OCFT,2022-11-04,951675,1763861177.4838302
OCFT,2023-01-17,285000,1763861178.474646
OCFT,2023-02-14,400432,1763861179.4972036
OCFT,2023-06-13,880028,1763861180.698341
OCFT,2024-09-27,206917,1763861181.7018135
OCFT,2024-09-30,598619,1763861182.7482617
OCFT,2024-10-04,250829,1763861183.7586527
OCFT,2024-10-07,831836,1763861184.9058242
OCG,2020-12-17,10280242,1763861189.188584
OCG,2021-02-12,2273378,1763861190.7346692
OCG,2021-03-15,8677667,1763861194.3773966
OCG,2021-03-17,18861125,1763861202.283105
OCG,2021-03-18,33205702,1763861216.174916
OCG,2021-05-26,730980,1763861217.5458543
OCG,2022-10-12,175026,1763861218.5617883
OCG,2022-12-09,33230,1763861219.5514975
OCG,2022-12-12,60863,1763861220.542941
OCG,2023-01-06,57558,1763861221.542713
OCG,2023-02-10,135601,1763861222.5528107
OCG,2023-05-01,72058,1763861223.5559912
OCG,2023-11-01,427560,1763861224.6703055
OCG,2023-12-22,22169,1763861225.6564445
OCG,2024-02-16,1118396,1763861226.8669457
OCG,2024-10-03,117847,1763861227.8624282
OCG,2024-10-18,37713,1763861228.8800688
OCG,2024-11-20,39447,1763861229.866938
OCG,2024-12-03,31282,1763861230.8497727
OCG,2024-12-17,58180,1763861231.8359444
OCGN,2020-12-23,76849196,1763861264.088032
OCGN,2020-12-28,11031149,1763861268.965619
OCGN,2021-01-04,17098768,1763861276.2670505
OCGN,2021-02-02,30358426,1763861289.2925746
OCGN,2021-02-04,13470781,1763861295.313998
OCGN,2021-02-05,39871929,1763861312.9160392
OCGN,2021-02-08,135417706,1763861372.4245217
OCGN,2021-02-11,35690813,1763861388.3030605
OCGN,2021-02-26,17377052,1763861395.9626207
OCGN,2021-03-03,34776895,1763861412.5206358
OCGN,2021-03-11,19719728,1763861421.6714628
OCGN,2021-04-22,43589460,1763861440.8531249
OCGN,2021-04-23,97906675,1763861482.4717405
OCGN,2021-04-26,107652427,1763861529.3064518
OCGN,2021-10-26,40577852,1763861547.850089
OCGN,2022-02-22,10708957,1763861553.0784726
OCGN,2024-02-20,4115633,1763861555.5699964
OCS,2023-03-22,136179,1763861556.5921552
OCSAW,2023-05-10,20721,1763861557.5911372
OCSAW,2023-05-17,19760,1763861558.5862038
OCSAW,2023-05-22,16634,1763861559.5801227
OCSAW,2023-08-22,14572,1763861560.5776157
OCSAW,2023-08-25,16958,1763861561.578423
OCSAW,2024-01-04,10542,1763861562.571514
OCSAW,2024-01-24,11472,1763861563.5498798
OCSAW,2024-01-25,15879,1763861564.5481522
OCSAW,2024-02-07,11129,1763861565.5193405
OCSAW,2024-04-11,12473,1763861566.498417
OCSAW,2024-10-21,25723,1763861567.477031
OCSAW,2024-11-15,18975,1763861568.4816613
OCSAW,2024-11-26,22998,1763861569.4639916
OCSL,2020-03-26,999562,1763861570.805089
OCUL,2020-03-04,2103182,1763861572.3342464
OCUL,2020-10-07,1860542,1763861573.7766857
OCUL,2023-02-13,5273792,1763861576.4976964
OCUL,2023-12-04,1030213,1763861577.7735612
OCUL,2024-02-22,3606196,1763861580.0303953
ODV,2024-11-21,448750,1763861581.0973623
ODVWZ,2023-11-20,18148,1763861582.094355
ODVWZ,2024-01-11,16785,1763861583.066719
ODVWZ,2024-01-19,13503,1763861584.0710456
ODVWZ,2024-01-23,19790,1763861585.063691
ODVWZ,2024-01-24,28499,1763861586.0692766
ODVWZ,2024-01-29,26295,1763861587.0568533
ODVWZ,2024-01-30,32682,1763861588.0730522
ODVWZ,2024-02-07,14052,1763861589.0866585
ODVWZ,2024-02-16,37002,1763861590.0723314
ODYS,2024-03-04,12580,1763861591.0487366
OFS,2020-03-13,124483,1763861592.0955548
OFS,2020-03-19,125222,1763861593.1415944
OFS,2020-03-26,125915,1763861594.1825292
OGI,2020-01-15,3666312,1763861596.428138
OGI,2020-11-06,4987804,1763861599.1175497
OGI,2021-02-08,10673622,1763861603.7618713
OGI,2021-02-09,23924443,1763861614.6156473
OGI,2021-02-10,40781936,1763861632.672029
OGI,2021-03-11,13166634,1763861638.5895731
OGI,2023-11-06,6943082,1763861642.186051
OHI,2020-03-19,4674831,1763861644.4738274
OII,2020-03-19,2646474,1763861646.0664363
OII,2020-03-24,1858839,1763861647.4996414
OII,2020-11-09,1210387,1763861648.7596197
OIS,2020-03-19,874485,1763861649.9541028
OIS,2020-04-09,1432964,1763861651.2386262
OIS,2022-03-07,2341979,1763861652.786417
OKE,2020-03-19,12168965,1763861657.3844051
OKLO,2024-05-24,4997381,1763861659.7160106
OKLO,2024-10-16,21468335,1763861667.9704182
OKLO,2024-10-18,21631890,1763861675.9679494
OKLO,2024-10-28,18337194,1763861682.8787582
OKYO,2022-07-29,166287,1763861683.9903736
OKYO,2023-01-12,20280,1763861684.9711878
OKYO,2023-01-17,21480,1763861685.9518065
OKYO,2023-02-17,5356879,1763861688.4237375
OKYO,2023-02-27,372562,1763861689.5283194
OKYO,2023-03-01,1856813,1763861690.9543822
OKYO,2023-05-08,698754,1763861692.1076
OKYO,2023-07-28,1149776,1763861693.26364
OKYO,2023-08-28,409586,1763861694.3146906
OKYO,2024-07-11,88223,1763861695.3066616
OKYO,2024-08-05,159732,1763861696.3085287
OKYO,2024-10-23,259787,1763861697.3157358
OLB,2020-10-22,705006,1763861698.4438539
OLB,2020-12-22,312919,1763861699.4522805
OLB,2021-02-10,7481951,1763861702.7179935
OLB,2021-03-02,991443,1763861704.0394588
OLB,2021-09-03,2605522,1763861705.74042
OLB,2021-11-02,39445032,1763861723.4603617
OLB,2022-02-02,9632943,1763861728.1395595
OLB,2022-07-13,1403524,1763861729.5677352
OLB,2022-07-20,397455,1763861730.6342719
OLB,2022-08-26,4905614,1763861733.267099
OLB,2022-08-29,12126262,1763861738.9960108
OLB,2023-06-13,3724198,1763861741.2287662
OLB,2023-06-21,290915,1763861742.2639012
OLB,2024-04-29,115401,1763861743.266559
OLB,2024-05-02,502084,1763861744.3417454
OLB,2024-11-12,326278,1763861745.400707
OLMA,2024-06-04,2948695,1763861747.3329678
OLN,2020-03-17,3857389,1763861749.303012
OLPX,2023-11-07,4379302,1763861751.7895474
OM,2022-08-01,2277891,1763861753.5716026
OM,2022-11-09,2078812,1763861755.2162168
OM,2024-02-22,789155,1763861757.324842
OM,2024-05-06,5198873,1763861759.941298
OM,2024-11-07,783843,1763861761.1448617
OM,2024-12-03,377366,1763861762.2264276
OMCL,2024-08-01,2106404,1763861763.8362067
OMCL,2024-10-30,2270319,1763861765.675914
OMER,2020-03-03,2418044,1763861767.335264
OMER,2020-08-10,6797479,1763861770.3693402
OMER,2022-06-22,1012285,1763861771.7318325
OMER,2022-07-01,2681017,1763861773.6208327
OMER,2022-12-23,1168820,1763861774.900335
OMER,2023-02-06,5801522,1763861777.957081
OMER,2024-11-14,4377745,1763861780.5204706
OMER,2024-11-21,722311,1763861781.767988
OMER,2024-11-22,1829299,1763861783.314355
OMER,2024-12-19,3264008,1763861785.501303
OMEX,2024-09-18,26454219,1763861797.671206
OMEX,2024-09-23,4221448,1763861800.1985855
OMF,2020-03-19,2732754,1763861801.909721
OMF,2020-03-20,2942792,1763861803.610901
OMH,2023-05-08,1395798,1763861805.0945623
OMH,2023-05-12,855566,1763861806.2717037
OMH,2023-05-15,8928780,1763861810.5445228
OMH,2023-05-22,4311255,1763861812.9356818
OMH,2023-09-22,687320,1763861814.1208658
OMH,2024-02-13,26244900,1763861825.4451241
OMH,2024-11-05,88742,1763861826.6146045
OMI,2020-03-30,6171654,1763861829.2487676
OMI,2020-07-21,13767108,1763861835.9049344
OMI,2020-09-24,6268747,1763861838.7640116
OMI,2021-02-24,4782447,1763861841.2013984
OMI,2021-05-26,7034913,1763861844.2600894
OMI,2023-05-05,2884456,1763861846.0665283
ONCO,2024-01-25,12607663,1763861851.5134592
ONCO,2024-04-08,284808,1763861852.607124
ONCO,2024-05-16,181715,1763861853.6314416
ONCO,2024-05-17,949888,1763861854.8526347
ONCO,2024-05-24,1804488,1763861856.328751
ONCO,2024-05-29,7142246,1763861859.502631
ONCO,2024-06-18,1184361,1763861860.8580468
ONCO,2024-06-27,2035120,1763861862.3514795
ONCO,2024-07-18,17739609,1763861869.7937884
ONCO,2024-08-16,2219981,1763861871.4869962
ONCO,2024-09-24,976408,1763861872.6584513
ONCO,2024-09-27,14017712,1763861878.7801497
ONCO,2024-12-30,436453,1763861879.9997633
ONCO,2024-12-31,24527723,1763861891.3918457
ONCY,2020-03-24,477941,1763861892.6631737
ONCY,2020-04-28,281998,1763861893.6785066
ONCY,2020-05-11,463946,1763861894.729721
ONCY,2020-05-18,1206143,1763861895.9608333
ONCY,2020-11-30,764100,1763861897.112566
ONCY,2021-02-17,3776198,1763861899.271266
ONCY,2023-06-22,747179,1763861900.4659364
ONCY,2023-06-23,3121655,1763861902.4752562
ONCY,2024-10-07,660485,1763861903.6829555
ONDS,2020-12-17,212763,1763861904.693864
ONDS,2020-12-23,703830,1763861905.8533978
ONDS,2020-12-30,386080,1763861906.910075
ONDS,2021-01-13,803376,1763861908.051804
ONDS,2023-05-05,252915,1763861909.0786245
ONDS,2023-07-19,443374,1763861910.1666813
ONDS,2023-07-21,968904,1763861911.3290875
ONDS,2024-04-01,191568,1763861912.3209262
ONDS,2024-07-22,296350,1763861913.3355217
ONDS,2024-11-29,1789201,1763861914.778507
ONDS,2024-12-10,601719,1763861915.9168818
ONDS,2024-12-13,1171172,1763861917.2383773
ONDS,2024-12-23,2015958,1763861918.9315078
ONDS,2024-12-26,1933094,1763861920.5325496
ONEW,2020-03-19,104978,1763861921.5807605
ONEW,2020-03-20,134151,1763861922.5813587
ONEW,2020-03-24,85574,1763861923.600376
ONFO,2023-05-26,12767473,1763861929.55568
ONFO,2023-08-23,200147,1763861930.6471615
ONFO,2024-05-22,1135614,1763861931.9017415
ONFO,2024-05-23,698125,1763861933.05776
ONFO,2024-05-28,1015911,1763861934.2497523
ONFO,2024-12-02,64822,1763861935.2658877
ONIT,2024-09-27,276392,1763861936.269965
ONMD,2023-11-10,102020,1763861937.2730918
ONMD,2023-12-21,450156,1763861938.3324869
ONMD,2024-01-03,120959,1763861939.3426933
ONMD,2024-01-29,13951474,1763861945.8745227
ONMD,2024-01-30,15703706,1763861953.2485638
ONMD,2024-01-31,5079473,1763861956.0872447
ONMD,2024-02-16,2420022,1763861957.7625184
ONMD,2024-02-20,434268,1763861958.808691
ONMD,2024-02-29,368498,1763861959.8696454
ONMD,2024-04-03,2513820,1763861961.6255522
ONMD,2024-05-23,23016593,1763861980.6833174
ONMD,2024-05-24,41993281,1763862003.2213283
ONMD,2024-05-30,12956726,1763862009.3735764
ONMD,2024-06-06,1932640,1763862010.9996896
ONMD,2024-07-09,257653,1763862012.0286486
ONMD,2024-07-26,1202372,1763862013.2900336
ONMD,2024-07-30,962763,1763862014.5400212
ONMD,2024-11-12,1068536,1763862015.7776308
ONMD,2024-12-20,278218,1763862016.7903883
OPAD,2021-09-07,2383603,1763862018.3055081
OPAD,2021-09-09,4834808,1763862020.5527945
OPAD,2021-09-16,30784631,1763862033.0703402
OPAD,2022-08-12,1655284,1763862034.5988371
OPAD,2023-01-10,332536,1763862035.643607
OPAD,2023-01-30,409343,1763862036.6722734
OPAD,2023-02-01,765696,1763862037.8403835
OPAD,2023-04-06,531315,1763862038.8805778
OPAL,2022-10-17,217210,1763862039.8911238
OPEN,2022-11-10,7066652,1763862043.4303803
OPEN,2023-05-05,3762362,1763862045.596211
OPFI,2024-04-09,1008535,1763862046.8085842
OPFI.WS,2022-01-11,162111,1763862047.8119981
OPFI.WS,2022-01-12,195345,1763862048.8425958
OPK,2020-03-05,5955347,1763862051.8409076
OPK,2020-03-06,14415076,1763862058.34219
OPK,2020-03-13,11534068,1763862063.3375638
OPK,2020-07-21,14886923,1763862070.1158762
OPRA,2020-05-19,619958,1763862071.3262925
OPRT,2022-11-08,794188,1763862072.4535055
OPRT,2023-08-09,450947,1763862073.5166373
OPRT,2024-04-23,2965182,1763862075.3990328
OPRX,2020-03-17,158661,1763862076.4284258
OPRX,2022-11-09,560950,1763862077.5411668
OPRX,2024-05-15,532386,1763862078.6985629
OPTX,2023-11-10,658346,1763862079.7703185
OPTX,2023-11-17,4063180,1763862081.8082755
OPTX,2024-06-26,15494609,1763862088.4365444
OPTX,2024-08-14,103917,1763862089.5209577
OPTX,2024-08-15,377655,1763862090.5760524
OPTX,2024-10-24,212689,1763862091.583851
OPTX,2024-12-11,1189061,1763862092.8500676
OPTX,2024-12-16,2925514,1763862094.6840203
OPTX,2024-12-17,28464033,1763862107.5138774
OPTX,2024-12-20,8887886,1763862111.5362215
OPTX,2024-12-27,1395614,1763862112.9605193
ORC,2020-03-19,1877157,1763862114.2867277
ORC,2020-03-20,1818182,1763862115.6199331
ORC,2020-03-26,2307934,1763862117.0940845
ORGN,2023-10-11,1025497,1763862118.503703
ORGN,2024-08-16,1542219,1763862119.9476216
ORGO,2020-03-12,661263,1763862121.0243921
ORGO,2020-05-28,1190062,1763862122.2528832
ORGO,2021-01-14,1620580,1763862123.6415293
ORGO,2023-05-11,1886100,1763862125.2765973
ORGO,2024-05-10,1264052,1763862126.6796985
ORGO,2024-11-13,995806,1763862127.938465
ORIC,2022-05-16,540117,1763862129.0447185
ORIC,2022-12-22,6492314,1763862132.038398
ORIC,2023-06-26,1346203,1763862133.4635034
ORIS,2024-10-18,988778,1763862134.7073443
ORIS,2024-10-22,286409,1763862135.770554
ORIS,2024-11-12,184515,1763862136.7916982
ORIS,2024-11-13,447169,1763862137.8436594
ORIS,2024-12-03,476515,1763862138.9159856
ORIS,2024-12-05,3594237,1763862141.0200896
ORKT,2024-08-12,104959,1763862142.0372193
ORKT,2024-11-05,784162,1763862143.186723
ORKT,2024-12-16,657438,1763862144.3443067
ORKT,2024-12-23,207611,1763862145.3769817
ORKT,2024-12-30,238666,1763862146.393035
ORMP,2020-11-27,1392866,1763862147.711486
ORMP,2021-01-25,929639,1763862148.9457262
ORMP,2021-03-22,1746744,1763862150.4133067
ORMP,2022-07-08,3803218,1763862152.6576886
ORMP,2022-07-12,6912722,1763862156.1355019
ORMP,2023-05-15,3696291,1763862158.3760085
ORN,2020-03-19,217281,1763862159.4144344
ORN,2024-10-31,1012409,1763862160.5853343
OSBC,2020-03-16,165413,1763862161.6227534
OSCR,2023-02-10,3954771,1763862163.736443
OSCR,2023-03-28,15902181,1763862169.9142494
OSCR,2024-02-08,5803464,1763862172.8036852
OSG,2020-03-05,545813,1763862173.9280393
OSG,2021-07-02,2848439,1763862175.5405867
OSPN,2024-05-03,1078213,1763862176.8915637
OSS,2020-01-22,862159,1763862178.0537093
OSS,2020-04-30,98494,1763862179.0605683
OSS,2020-06-22,691267,1763862180.2072752
OSS,2020-07-13,1115797,1763862181.4094646
OSS,2020-12-28,464448,1763862182.442581
OSS,2021-02-02,1284044,1763862183.7484267
OSS,2021-03-01,929058,1763862184.9798598
OSS,2023-08-23,130769,1763862185.9833863
OSS,2024-02-22,525202,1763862187.074363
OSS,2024-08-27,264528,1763862188.0786667
OST,2022-05-03,11476680,1763862193.0759866
OST,2022-06-23,286598,1763862194.1919107
OST,2022-08-02,5536617,1763862196.746837
OST,2022-08-08,2705990,1763862198.3979127
OST,2023-05-02,570769,1763862199.4842854
OST,2023-08-21,45359,1763862200.4681618
OST,2023-08-25,132484,1763862201.4770868
OST,2023-09-14,58250,1763862202.4657152
OST,2024-02-01,98119,1763862203.475105
OST,2024-04-23,77381,1763862204.4697456
OST,2024-06-13,69082,1763862205.452764
OST,2024-10-30,418874,1763862206.478057
OST,2024-12-26,424395,1763862207.4710934
OST,2024-12-31,1009767,1763862208.643543
OSUR,2020-03-13,1361522,1763862210.0301597
OSUR,2022-08-10,1894092,1763862211.514501
OSUR,2023-08-04,1362142,1763862212.8916996
OSW,2020-03-24,723181,1763862214.0152657
OSW,2020-04-06,517540,1763862215.092207
OSW,2020-04-30,1748035,1763862216.481245
OSW,2020-11-09,626887,1763862217.5758755
OTLK,2020-01-03,893555,1763862218.713762
OTLK,2021-02-03,2592708,1763862220.5859456
OTLK,2021-02-05,5962630,1763862223.588915
OTLK,2021-02-08,8563807,1763862227.3399105
OTLK,2021-08-03,11731796,1763862232.9725668
OTLK,2023-10-13,1364720,1763862234.4367766
OTLK,2023-10-18,2222716,1763862236.0586133
OTLK,2023-10-19,9972304,1763862240.2242436
OTLK,2024-01-23,2002184,1763862241.787934
OTLK,2024-03-15,1236873,1763862243.1263902
OTLK,2024-03-22,8321032,1763862246.9575617
OTLK,2024-03-28,980086,1763862248.2546628
OTLY,2023-11-16,1991168,1763862249.746411
OUST,2021-04-07,8561264,1763862253.1015868
OUST,2022-10-25,993161,1763862254.3249528
OUST,2023-08-11,2103846,1763862255.776767
OUST,2024-03-27,3717028,1763862257.7481322
OUST,2024-05-10,3080537,1763862259.452024
OUST,2024-11-11,3001486,1763862261.1718798
OUT,2020-03-24,3125477,1763862262.871593
OVID,2020-06-18,3358102,1763862264.8257816
OVID,2021-03-03,18058006,1763862273.3629932
OVV,2020-03-10,13255687,1763862278.6072223
OVV,2020-04-02,4462787,1763862280.7139018
OWLT,2022-12-16,142838,1763862281.7607374
OWLT,2023-02-21,1534015,1763862283.078821
OWLT,2023-06-20,3626756,1763862285.026604
OWLT,2023-11-13,167122,1763862286.0431755
OWLT,2024-06-05,114551,1763862287.049891
OXBR,2020-02-07,137048,1763862288.0416348
OXBR,2020-02-21,69300,1763862289.0298562
OXBR,2020-06-01,27444,1763862290.025447
OXBR,2020-06-11,110028,1763862291.0417876
OXBR,2020-06-17,142933,1763862292.0433269
OXBR,2020-06-19,2839440,1763862293.9263532
OXBR,2020-06-30,1197122,1763862295.2252839
OXBR,2020-08-11,11667978,1763862300.0464728
OXBR,2020-09-28,24209415,1763862310.3908396
OXBR,2020-10-01,2066556,1763862312.0402722
OXBR,2020-10-08,9119239,1763862315.81096
OXBR,2020-12-29,9699183,1763862320.0078824
OXBR,2021-01-26,13980943,1763862325.822742
OXBR,2021-01-27,17648478,1763862333.4904792
OXBR,2021-07-14,8840290,1763862337.5751734
OXBR,2023-01-06,55491,1763862338.6121328
OXBR,2023-08-07,48707,1763862339.6375146
OXBR,2024-05-08,85941,1763862340.655012
OXBR,2024-12-02,53514,1763862341.6605065
OXLC,2020-03-19,1049052,1763862342.9029143
OXLCP,2020-03-19,35210,1763862343.8966646
OXSQ,2020-03-26,341690,1763862344.94359
OXY,2020-06-05,28841713,1763862355.8388505
OXY.WS,2020-11-09,818957,1763862357.172166
OXY.WS,2020-11-23,881098,1763862358.2904513
OXY.WS,2022-03-04,1511433,1763862359.567396
PAA,2020-03-19,7599629,1763862362.7384336
PAA,2020-03-20,9039002,1763862366.4329555
PACB,2021-02-10,7018262,1763862369.9768324
PACB,2022-08-11,16844226,1763862377.8961804
PACB,2024-05-14,5292836,1763862380.947953
PACB,2024-07-16,4136345,1763862383.397682
PACB,2024-10-11,2770015,1763862385.200665
PACK,2024-03-12,3448526,1763862387.1713445
PAGP,2020-03-19,4408489,1763862389.338556
PAGP,2020-03-20,4772600,1763862391.6202543
PAGS,2022-05-13,6402900,1763862394.7322469
PAHC,2024-04-29,559076,1763862395.9184952
PALI,2022-02-02,3076700,1763862397.8236814
PALI,2022-03-22,4879209,1763862400.5763192
PALI,2022-10-04,542944,1763862401.7255046
PALI,2022-11-15,1514338,1763862402.991048
PALI,2022-11-17,535938,1763862404.0935342
PALI,2022-11-22,12160252,1763862409.1312754
PALI,2022-12-29,2668629,1763862410.7699218
PALI,2022-12-30,21595433,1763862419.9950826
PALI,2023-01-31,1678447,1763862421.5550642
PALI,2023-03-30,4435257,1763862424.0179117
PALI,2023-03-31,11134829,1763862429.167837
PALI,2023-09-06,18218351,1763862437.8310857
PALI,2024-01-29,16297386,1763862445.3845167
PALI,2024-04-08,347335,1763862446.5527523
PALI,2024-04-16,10527741,1763862451.0485368
PALI,2024-04-17,10929223,1763862455.8538394
PALI,2024-04-23,8102462,1763862459.6981483
PALI,2024-05-01,5010143,1763862462.2696571
PALI,2024-12-12,20278186,1763862472.353165
PAR,2020-05-08,783800,1763862473.6659884
PAR,2021-04-08,1435240,1763862474.927253
PARR,2020-03-19,839740,1763862476.0683234
PASG,2020-03-20,195441,1763862477.1023371
PASG,2020-03-24,220521,1763862478.1449363
PASG,2023-04-03,252812,1763862479.1718824
PASG,2024-02-15,192054,1763862480.1768622
PASG,2024-11-25,199493,1763862481.2150984
PASG,2024-11-29,1644629,1763862482.5741484
PATK,2020-04-06,428294,1763862483.6848972
PAVM,2020-02-14,612909,1763862484.8120098
PAVM,2020-03-24,219882,1763862485.8316202
PAVM,2021-02-11,3080475,1763862487.853361
PAVM,2021-02-16,2482781,1763862489.7936115
PAVM,2022-03-17,1012283,1763862491.1738596
PAVM,2023-08-30,145251,1763862492.1945443
PAVM,2023-12-12,483690,1763862493.276764
PAVM,2024-02-28,116789,1763862494.2975345
PAVM,2024-03-27,166125,1763862495.3127916
PAVM,2024-07-01,48492,1763862496.317654
PAVM,2024-09-03,82852,1763862497.290382
PAVM,2024-09-10,106334,1763862498.2992716
PAVS,2023-05-01,44581,1763862499.307283
PAVS,2023-08-11,123885,1763862500.3095295
PAVS,2023-08-14,241005,1763862501.335203
PAVS,2023-08-15,206279,1763862502.3720136
PAVS,2023-11-10,39767,1763862503.3794496
PAVS,2023-11-16,61414,1763862504.3684149
PAVS,2024-05-24,734201,1763862505.6887763
PAVS,2024-10-28,116540,1763862506.688221
PAY,2022-11-10,690759,1763862507.8096306
PAY,2023-08-08,954706,1763862508.981773
PAY,2024-11-13,2489337,1763862510.6533196
PAYO,2022-05-13,3393933,1763862513.0239172
PAYS,2020-03-25,433730,1763862514.132147
PAYS,2020-04-03,623003,1763862515.2477703
PAYS,2020-04-07,600714,1763862516.3692808
PAYS,2020-06-25,2864550,1763862518.32018
PAYS,2024-03-27,3658199,1763862520.46816
PBA,2020-03-24,3489843,1763862522.3705306
PBF,2020-03-13,4215101,1763862524.517056
PBF,2020-03-26,6513798,1763862527.6846528
PBF,2020-11-09,4743593,1763862530.1359096
PBF,2021-01-27,7403610,1763862533.4722786
PBI,2020-03-26,2235490,1763862535.112725
PBI,2020-08-03,8818133,1763862538.8177733
PBI,2021-01-26,9593902,1763862542.699775
PBI,2024-08-09,3455138,1763862544.574087
PBM,2024-03-05,903250,1763862545.7547274
PBM,2024-03-06,1546498,1763862547.1131754
PBM,2024-03-07,1468662,1763862548.5181615
PBM,2024-03-08,27238554,1763862560.2250135
PBM,2024-03-14,5220956,1763862562.8590765
PBM,2024-05-01,944831,1763862564.0768585
PBM,2024-07-25,12685589,1763862569.7132602
PBM,2024-11-05,783214,1763862570.9580958
PBM,2024-12-05,10799936,1763862575.776161
PBM,2024-12-10,6611549,1763862579.1150186
PBM,2024-12-19,17125397,1763862586.499452
PBM,2024-12-20,25215069,1763862597.6843743
PBYI,2020-02-04,1560427,1763862599.2467084
PBYI,2020-02-05,5898175,1763862602.1675024
PC,2024-10-21,82889,1763862603.2017143
PC,2024-10-23,1551113,1763862604.6026783
PC,2024-10-30,203598,1763862605.6359844
PCSA,2021-02-17,117754,1763862606.6634884
PCSA,2023-10-10,170668,1763862607.6928902
PCSA,2023-10-12,492334,1763862608.8145611
PCSA,2023-10-13,1190260,1763862610.2584083
PCSA,2023-10-16,8486382,1763862614.5878658
PCSA,2023-12-01,285773,1763862615.7043195
PCSA,2024-01-19,6623928,1763862618.7036698
PCSA,2024-01-25,18911685,1763862627.245308
PCSA,2024-04-02,599883,1763862628.486235
PCSA,2024-04-25,14932957,1763862635.4035199
PCSA,2024-07-30,12013177,1763862640.4551141
PCT,2023-03-16,5789141,1763862643.606355
PCT,2023-11-14,3148069,1763862645.6822498
PCT,2024-01-16,2023179,1763862647.23343
PCT,2024-09-11,3249920,1763862649.2622397
PCT,2024-10-24,4385511,1763862651.7647538
PCTTU,2021-05-17,12609,1763862652.776102
PCTTU,2021-07-28,14500,1763862653.908158
PCTTU,2022-09-28,40938,1763862654.9070544
PCTTU,2022-10-21,73247,1763862655.9204912
PCTTU,2023-03-15,39280,1763862656.9298248
PCTTU,2023-06-21,19547,1763862657.9340856
PCTTU,2024-02-16,11146,1763862658.9485295
PCTTU,2024-10-24,13733,1763862659.930348
PCTTW,2021-08-16,35788,1763862660.909336
PCTTW,2023-03-16,19572,1763862661.9118576
PCTTW,2023-11-03,30660,1763862662.9020839
PCTTW,2023-11-08,14202,1763862663.9015217
PCTTW,2023-11-20,12277,1763862664.8941255
PCTTW,2024-02-15,13466,1763862665.897465
PCTTW,2024-09-11,16433,1763862666.8993902
PCTTW,2024-09-13,21634,1763862667.8973608
PCTTW,2024-10-24,38183,1763862668.9055161
PCVX,2022-10-24,7210572,1763862672.707954
PCVX,2024-09-03,4705350,1763862675.6842713
PDD,2022-03-16,33829612,1763862692.097671
PDEX,2021-05-07,105163,1763862693.357046
PDEX,2024-11-01,1013639,1763862694.7869294
PDFS,2021-11-10,553972,1763862695.8971853
PDS,2020-03-10,511922,1763862696.9615028
PDSB,2020-04-16,2798348,1763862698.843047
PDSB,2020-06-26,339046,1763862699.9326584
PDSB,2020-06-29,6238695,1763862703.1060507
PDSB,2020-07-07,1078153,1763862704.3916576
PDSB,2020-07-15,786137,1763862705.5824106
PDSB,2020-07-17,659135,1763862706.6926215
PDSB,2020-07-20,1383647,1763862708.0265284
PDSB,2021-02-09,1456396,1763862709.424244
PDSB,2021-03-11,8004171,1763862713.2675068
PDSB,2021-05-20,7020922,1763862716.6569555
PDSB,2022-11-14,4187419,1763862719.018389
PDSB,2023-05-26,1792250,1763862720.5713563
PDYN,2024-09-13,94984,1763862721.5900295
PDYN,2024-10-08,4109829,1763862723.9095676
PDYN,2024-11-20,608786,1763862725.0747128
PDYN,2024-11-21,1638420,1763862726.5425422
PDYN,2024-11-22,15332673,1763862733.0043833
PDYN,2024-11-26,14174527,1763862739.3025155
PDYN,2024-12-24,3723335,1763862741.4932823
PDYN,2024-12-26,17464762,1763862749.2066245
PDYN,2024-12-27,32452541,1763862763.020164
PDYNW,2024-12-27,590931,1763862764.3770456
PDYNW,2024-12-30,581731,1763862765.526991
PEB,2020-11-09,3173533,1763862767.243481
PEBK,2020-03-17,34417,1763862768.2399719
PEBpE,2020-03-19,30979,1763862769.2584412
PEBpF,2020-03-19,31010,1763862770.2750075
PEGA,2024-02-15,2701321,1763862772.0438075
PENN,2020-03-19,11448056,1763862776.9344437
PENN,2020-03-20,14711744,1763862783.431729
PENN,2020-03-24,13858813,1763862789.4318187
PEPG,2022-09-28,3070154,1763862791.3230467
PEPG,2023-12-04,142642,1763862792.3552892
PEPG,2024-01-30,784850,1763862793.6360264
PERF,2022-11-04,368217,1763862794.6549056
PERF,2022-11-15,544245,1763862795.6992917
PERF,2022-11-17,599048,1763862796.839934
PERF,2022-11-23,1850615,1763862798.1589148
PERF,2024-03-04,216561,1763862799.169698
PERF,2024-11-29,141697,1763862800.149305
PERF,2024-12-30,502923,1763862801.2074552
PERI,2020-12-23,1385143,1763862802.5649478
PERI,2021-03-02,2341009,1763862804.1891637
PERI,2021-10-26,2677541,1763862806.191754
PETS,2021-01-27,3736738,1763862808.431772
PETS,2021-06-02,5185570,1763862811.366695
PETS,2024-11-07,1079861,1763862812.6991189
PETZ,2020-03-19,17099,1763862813.684195
PETZ,2020-05-20,36745,1763862814.69559
PETZ,2020-06-10,529343,1763862815.7929552
PETZ,2020-06-17,80227,1763862816.8046713
PETZ,2020-06-18,527422,1763862817.8943317
PETZ,2020-12-01,958740,1763862819.081519
PETZ,2021-01-14,135381,1763862820.1074586
PETZ,2021-02-16,1071645,1763862821.3528614
PETZ,2021-02-17,11037516,1763862825.9339442
PETZ,2021-02-25,753970,1763862827.3432353
PETZ,2021-04-19,1413136,1763862828.6848433
PETZ,2021-06-15,1803361,1763862830.18897
PETZ,2021-07-09,619960,1763862831.3339562
PETZ,2021-11-03,4032599,1763862833.585251
PETZ,2021-11-04,24849673,1763862845.8917506
PETZ,2021-11-08,8397844,1763862849.8611765
PETZ,2021-11-09,23324955,1763862860.5792336
PETZ,2022-02-24,1634889,1763862862.6307814
PETZ,2022-03-09,1906534,1763862864.1532836
PETZ,2022-06-09,2125355,1763862865.7365322
PETZ,2022-06-23,5133683,1763862868.3634343
PETZ,2022-07-13,8782898,1763862872.5704749
PETZ,2022-08-02,750638,1763862873.763197
PETZ,2022-08-08,1140229,1763862875.0186646
PETZ,2022-08-17,2225814,1763862876.652493
PETZ,2022-08-19,2468543,1763862878.3734045
PETZ,2022-08-29,674809,1763862879.5031486
PETZ,2022-08-30,3318913,1763862881.689567
PETZ,2023-05-01,368131,1763862882.7383733
PETZ,2024-02-22,125458,1763862883.7606392
PETZ,2024-06-27,138571,1763862884.7733407
PFGC,2020-03-19,4735705,1763862887.07685
PFGC,2020-03-24,2942449,1763862888.8513188
PFGC,2020-11-09,2184202,1763862890.3971896
PFH,2020-04-20,43927,1763862891.410524
PFH,2020-09-02,97184,1763862892.387519
PFIS,2020-03-17,39356,1763862893.3756108
PFLT,2020-03-19,415868,1763862894.515131
PGEN,2020-03-19,793062,1763862895.723133
PGEN,2020-03-24,1037701,1763862896.9876597
PGEN,2020-06-02,5267292,1763862899.8439097
PGEN,2020-06-08,1127120,1763862901.1934185
PGEN,2020-10-09,1428382,1763862902.581598
PGEN,2023-08-10,1085286,1763862903.8676977
PGJ,2022-03-16,278387,1763862904.9188979
PGNY,2020-05-13,2468586,1763862906.5788877
PGNY,2022-08-05,3277355,1763862908.6958847
PGY,2022-07-20,7515162,1763862912.2468255
PGY,2022-07-22,16323154,1763862919.5261297
PGY,2022-07-26,16947711,1763862927.51736
PGY,2022-07-27,25057708,1763862939.2171173
PGY,2022-07-29,7768666,1763862943.1065977
PGY,2022-08-01,9459125,1763862947.1447635
PGY,2022-08-05,2258616,1763862948.793546
PGY,2022-12-12,2137888,1763862950.654351
PGY,2022-12-20,676936,1763862951.8152955
PGY,2022-12-21,1103480,1763862953.038414
PGY,2023-02-13,1640030,1763862954.475646
PGYWW,2022-08-01,132970,1763862955.5009496
PGZ,2020-03-19,100488,1763862956.5149827
PHAR,2022-11-01,55270,1763862957.5260499
PHAR,2023-03-24,362423,1763862958.5772645
PHAR,2024-06-06,40303,1763862959.5742393
PHAT,2020-06-08,208209,1763862960.5968554
PHAT,2024-02-16,1989557,1763862962.152202
PHG,2024-04-29,5246429,1763862964.6254034
PHI,2024-03-11,695312,1763862965.7650323
PHIO,2020-01-09,675026,1763862966.8384311
PHIO,2020-03-11,1148195,1763862968.2300756
PHIO,2020-05-29,12284013,1763862973.5470667
PHIO,2020-09-17,889928,1763862974.7935996
PHIO,2020-12-10,856925,1763862975.9554353
PHIO,2021-05-07,2733229,1763862977.8106377
PHIO,2022-01-11,2032545,1763862979.3270924
PHIO,2022-04-08,11185723,1763862984.3590815
PHIO,2022-12-16,47202,1763862985.4274578
PHIO,2023-01-06,681902,1763862986.5561988
PHIO,2023-04-18,2298553,1763862988.06106
PHIO,2023-05-16,2512339,1763862989.8535643
PHIO,2023-05-18,4684015,1763862992.2094264
PHIO,2023-10-11,10448337,1763862996.6371875
PHIO,2023-11-30,79422,1763862997.6941726
PHIO,2023-12-06,5746085,1763863000.5789561
PHIO,2024-03-06,384826,1763863001.6474097
PHIO,2024-04-22,911168,1763863002.7901902
PHIO,2024-10-16,325037,1763863003.839144
PHIO,2024-12-23,5130549,1763863006.5770876
PHUN,2020-02-20,622654,1763863007.691905
PHUN,2020-02-25,419743,1763863008.922009
PHUN,2020-03-18,414778,1763863010.027479
PHUN,2020-03-19,649757,1763863011.145753
PHUN,2020-04-07,433825,1763863012.1755605
PHUN,2020-04-09,494999,1763863013.2387664
PHUN,2020-04-30,809064,1763863014.4157033
PHUN,2020-05-20,9281520,1763863019.0259066
PHUN,2020-06-16,1949976,1763863020.6397865
PHUN,2020-07-15,5055463,1763863023.3043356
PHUN,2020-10-07,1966937,1763863024.9116595
PHUN,2020-12-16,2396841,1763863026.587705
PHUN,2020-12-17,5591617,1763863029.2190943
PHUN,2020-12-30,1548798,1763863030.6505632
PHUN,2021-01-26,10477222,1763863035.582194
PHUN,2021-01-29,8188011,1763863039.5266352
PHUN,2021-02-01,17774461,1763863047.7587762
PHUN,2021-02-08,3225801,1763863049.9194112
PHUN,2021-03-11,17655713,1763863057.8296063
PHUN,2021-04-06,12091164,1763863063.117415
PHUN,2021-10-21,7704213,1763863066.7687035
PHUN,2021-10-22,105601677,1763863118.9021404
PHUN,2021-10-25,148049100,1763863182.730693
PHUN,2021-11-02,17567689,1763863190.7325692
PHUN,2022-02-07,13703060,1763863196.8449075
PHUN,2022-07-21,1999275,1763863198.5014403
PHUN,2022-11-07,5017186,1763863201.1310487
PHUN,2024-01-16,33951450,1763863214.9059076
PHUN,2024-01-18,28552624,1763863228.702009
PHUN,2024-01-22,34190863,1763863243.2784293
PHUN,2024-01-23,34952669,1763863258.003317
PHUN,2024-03-04,23981130,1763863268.4279332
PHUN,2024-03-05,33078059,1763863283.0696871
PHUN,2024-10-15,11523500,1763863287.9322124
PHUN,2024-10-22,18938476,1763863296.3276343
PHUN,2024-12-26,1056614,1763863297.6551335
PHVS,2022-08-15,39183,1763863298.6528783
PHVS,2022-12-06,48240,1763863299.6580684
PHVS,2022-12-08,18966515,1763863307.6628044
PHVS,2022-12-20,391793,1763863308.8413358
PHVS,2023-08-15,234753,1763863309.852115
PHVS,2023-12-06,841501,1763863310.992926
PI,2021-01-11,1198963,1763863312.2062647
PI,2023-10-26,2511676,1763863313.9616947
PIII,2023-05-03,1265465,1763863315.22479
PIII,2024-03-15,300352,1763863316.2813158
PIII,2024-10-17,417740,1763863317.330486
PIIIW,2021-12-08,131989,1763863318.3704562
PIIIW,2021-12-10,66805,1763863319.361875
PIIIW,2022-03-22,20592,1763863320.3426282
PIIIW,2022-04-29,14310,1763863321.349623
PIIIW,2022-05-02,12132,1763863322.3281472
PIIIW,2022-05-03,11636,1763863323.3341136
PIIIW,2022-09-19,22852,1763863324.3271263
PIIIW,2022-11-01,10853,1763863325.3333037
PINE,2020-03-20,149897,1763863326.3420072
PINS,2020-07-31,25732645,1763863336.4574015
PINS,2020-10-29,40305574,1763863351.9668036
PK,2020-03-26,7967555,1763863355.222458
PK,2020-11-09,7261174,1763863358.3811474
PKOH,2020-03-16,171916,1763863359.4473844
PKOH,2022-05-10,218955,1763863360.46542
PKST,2023-04-14,1108438,1763863361.634669
PKST,2023-04-17,1642094,1763863362.8696096
PKST,2023-04-18,1837424,1763863364.2170398
PKST,2023-04-19,1999687,1763863365.5942552
PL.WS,2022-05-16,27466,1763863366.5892408
PL.WS,2022-05-25,24162,1763863367.587072
PLAY,2020-03-19,4555776,1763863370.0489836
PLAY,2020-03-24,6969101,1763863373.134878
PLAY,2020-06-04,12781926,1763863378.7483494
PLAY,2020-11-09,5005685,1763863381.4708104
PLBY,2021-02-16,838024,1763863382.7557683
PLBY,2021-04-01,1658781,1763863384.122913
PLBY,2021-11-16,3750244,1763863386.31353
PLBY,2024-10-21,499033,1763863387.421076
PLBY,2024-10-31,11217640,1763863392.0594468
PLBY,2024-12-16,968808,1763863393.4124022
PLCE,2020-03-19,2709986,1763863395.3169422
PLCE,2020-04-06,1679789,1763863396.8519795
PLCE,2024-02-12,8230613,1763863401.075656
PLCE,2024-02-14,4475906,1763863403.703897
PLCE,2024-02-15,10334795,1763863408.3134954
PLCE,2024-02-29,1290125,1763863409.7691953
PLCE,2024-04-17,5923513,1763863412.708424
PLCE,2024-09-11,19879145,1763863421.3389952
PLCE,2024-09-12,24136460,1763863432.0114305
PLCE,2024-09-13,9883365,1763863436.3434782
PLCE,2024-09-17,6087859,1763863439.5035412
PLRX,2022-07-11,24307079,1763863451.2150338
PLRX,2023-01-23,6722526,1763863454.7301724
PLRZ,2024-12-02,183995,1763863455.8304996
PLRZ,2024-12-17,1309547,1763863457.2435603
PLRZ,2024-12-18,26937655,1763863470.579652
PLRZ,2024-12-24,311331,1763863471.8188727
PLRZ,2024-12-30,4727608,1763863474.5220993
PLSE,2020-03-17,162987,1763863475.6105552
PLSE,2020-05-08,212448,1763863476.640203
PLSE,2020-10-05,657130,1763863477.7996907
PLSE,2021-07-01,1137253,1763863479.0512018
PLSE,2022-05-16,364119,1763863480.167918
PLSE,2022-09-26,708983,1763863481.2737095
PLSE,2022-09-30,181887,1763863482.292432
PLSE,2022-10-04,326209,1763863483.3520267
PLSE,2023-03-31,145165,1763863484.360411
PLSE,2023-04-03,260090,1763863485.4327815
PLSE,2023-04-13,222703,1763863486.633417
PLSE,2023-12-19,599663,1763863487.8176703
PLSE,2024-07-08,1033987,1763863489.1290958
PLT,2020-03-19,1554162,1763863490.4901783
PLT,2021-02-05,1798999,1763863491.96914
PLTR,2024-02-06,79153713,1763863525.8950162
PLUG,2021-01-07,37258005,1763863542.8038876
PLUG,2024-01-23,16405086,1763863550.6715572
PLUG,2024-05-14,23310021,1763863562.2378027
PLUR,2023-01-13,81391,1763863563.3978064
PLUR,2023-07-11,220403,1763863564.4210303
PLUR,2023-11-07,36087,1763863570.4284127
PLUS,2023-08-08,477401,1763863571.5328684
PMCB,2021-08-13,3385388,1763863573.3458178
PMCB,2021-08-18,39087264,1763863590.1432023
PMCB,2024-09-23,86690,1763863591.42804
PMEC,2023-10-13,398475,1763863592.520771
PMEC,2023-10-30,594040,1763863593.6099398
PMEC,2024-02-23,147648,1763863594.6209779
PMEC,2024-03-08,24758,1763863595.6357355
PMEC,2024-03-18,45321,1763863596.6444468
PMEC,2024-07-31,12727363,1763863601.8141458
PMN,2023-07-17,6026222,1763863604.649463
PMN,2023-08-03,120767,1763863605.7064018
PMN,2023-08-17,115461,1763863606.7357447
PMN,2023-08-24,249608,1763863607.7905054
PMN,2024-01-12,210821,1763863608.7900085
PMN,2024-01-19,105943,1763863609.8027096
PMN,2024-10-31,243190,1763863613.8867514
PMT,2020-03-19,3614598,1763863615.8355546
PMT,2020-03-25,3710972,1763863617.7638178
PMT,2020-03-26,4915498,1763863619.986402
PMTpA,2020-03-19,97804,1763863621.9792597
PMTpA,2020-03-25,114902,1763863622.9784253
PMTpA,2020-04-06,84989,1763863623.9904401
PMTpB,2020-03-19,103677,1763863624.994386
PMTpB,2020-03-25,127724,1763863626.0146084
PMTpB,2020-03-26,109684,1763863627.033314
PMTS,2021-08-05,17913,1763863620.9784636
PMVP,2022-05-27,3794103,1763863629.4136767
PMVP,2023-11-01,748984,1763863630.7195425
PNBK,2020-06-17,41447,1763863631.7212594
PNBK,2020-08-06,203080,1763863632.816474
PNBK,2020-08-07,382492,1763863633.8858683
PNBK,2020-09-25,97529,1763863634.8936846
PNBK,2021-07-08,177782,1763863635.9124758
PNBK,2021-11-15,285399,1763863636.9514673
PNBK,2024-10-22,490323,1763863638.0178854
PNBK,2024-12-10,89176,1763863639.0435948
PNBK,2024-12-20,59455,1763863640.0616124
PNNT,2020-03-25,327521,1763863641.1795318
PNRG,2020-05-18,23987,1763863642.1850684
PNRG,2021-02-09,186543,1763863643.1941142
PNTG,2020-03-19,284972,1763863644.2625515
PNTG,2020-08-12,801245,1763863645.4296243
POAI,2020-01-24,84784,1763863646.4351916
POAI,2020-02-05,1138966,1763863647.7303193
POAI,2020-03-02,150565,1763863648.732263
POAI,2020-03-12,3697886,1763863650.925195
POAI,2020-03-30,372667,1763863652.0289588
POAI,2020-05-06,1535479,1763863653.4185462
POAI,2020-09-23,3199222,1763863655.4273057
POAI,2020-12-23,690412,1763863656.5818212
POAI,2021-02-10,1815298,1763863658.106892
POAI,2021-02-17,2525996,1763863659.8905237
POAI,2021-06-30,1687469,1763863661.366708
POAI,2022-05-23,1147587,1763863662.6590285
POAI,2022-07-12,328528,1763863663.7235482
POAI,2023-04-13,1009276,1763863664.9218383
POAI,2023-04-14,3555895,1763863667.0752206
POAI,2024-04-25,87447,1763863668.0938556
POAI,2024-05-28,16193791,1763863675.6756916
POAI,2024-07-25,24261455,1763863686.7907157
PODC,2023-10-19,255275,1763863687.9863074
PODC,2023-10-23,326217,1763863689.0108266
PODC,2024-02-29,69774,1763863690.0001953
POET,2023-01-10,100918,1763863691.0172684
POET,2023-11-22,115474,1763863692.043462
POET,2024-04-22,515487,1763863693.1748793
POET,2024-04-23,949833,1763863694.3575096
POET,2024-04-24,1646266,1763863695.7170856
POET,2024-04-26,1446806,1763863697.0877988
POET,2024-07-01,2571368,1763863698.7032483
POET,2024-09-23,2845806,1763863700.6009777
POET,2024-12-26,2631723,1763863702.471209
POLA,2020-04-22,188896,1763863703.4799519
POLA,2020-06-30,23683464,1763863713.5913613
POLA,2020-07-06,1325598,1763863714.9983385
POLA,2020-08-26,2322774,1763863716.5086687
POLA,2020-09-23,3719480,1763863718.4944277
POLA,2020-09-24,16457192,1763863725.6364026
POLA,2020-10-29,16506297,1763863732.7942858
POLA,2020-11-13,2190368,1763863734.358967
POLA,2020-11-23,2676705,1763863735.988929
POLA,2020-12-15,1256460,1763863737.2719755
POLA,2021-01-08,1498135,1763863738.6267555
POLA,2021-01-15,10456767,1763863742.9144158
POLA,2021-01-21,3818919,1763863745.2044396
POLA,2021-01-22,9092147,1763863749.209899
POLA,2021-01-25,9237243,1763863753.2014723
POLA,2021-10-28,667611,1763863754.429955
POLA,2021-11-08,3928185,1763863756.5085833
POLA,2022-03-07,726892,1763863757.655202
POLA,2022-03-08,3158601,1763863759.517623
POLA,2023-05-11,6576669,1763863762.7362468
POLA,2024-07-10,149178,1763863763.768027
POLA,2024-10-07,285591,1763863764.8425703
POLA,2024-12-30,261221,1763863765.8467097
POWL,2020-03-19,183586,1763863766.8726895
POWL,2023-08-02,978902,1763863768.0990276
POWL,2024-01-31,1973840,1763863769.8170364
POWL,2024-07-31,2785503,1763863771.591
POWW,2021-01-12,1766257,1763863772.9647205
POWW,2021-01-13,10255132,1763863777.128786
PPBT,2021-02-08,3899431,1763863779.220512
PPBT,2024-05-23,141909,1763863780.2907846
PPBT,2024-11-27,122477,1763863781.293703
PPBT,2024-12-02,16942489,1763863788.6445837
PPCB,2022-02-03,14073,1763863789.7326615
PPCB,2022-02-04,14570,1763863790.7137773
PPCB,2022-03-02,20980,1763863791.6942916
PPCB,2022-03-16,16562,1763863792.6798959
PPCB,2022-03-17,18221,1763863793.6620913
PPCB,2022-03-22,44956,1763863794.6507478
PPCB,2022-04-20,15497,1763863795.6322024
PPCB,2022-04-25,19743,1763863796.622197
PPCB,2022-05-11,33035,1763863797.6046648
PPCB,2022-06-14,18625,1763863798.5887146
PPCB,2022-06-22,20343,1763863799.5743127
PPCB,2022-06-24,93429,1763863800.5620859
PPCB,2022-06-28,45276,1763863801.5536146
PPCB,2022-06-29,42154,1763863802.5495574
PPCB,2022-07-01,30240,1763863803.5383482
PPCB,2022-07-05,43400,1763863804.5190375
PPCB,2022-07-12,35316,1763863805.5049949
PPCB,2022-07-25,58613,1763863806.4960365
PPCB,2022-09-08,140043,1763863807.4909706
PPCB,2022-09-12,83153,1763863808.4863093
PPCB,2022-11-10,15518,1763863809.4673064
PPCB,2022-11-15,20202,1763863810.455798
PPCB,2022-12-14,19250,1763863811.4384215
PPCB,2022-12-19,11550,1763863812.4243548
PPCB,2022-12-21,13785,1763863813.4130914
PPCB,2022-12-27,11810,1763863814.4038308
PPCB,2023-01-11,16584,1763863815.393889
PPCB,2023-01-18,14513,1763863816.382098
PPCB,2023-02-07,14693,1763863817.36624
PPCB,2023-02-16,17651,1763863818.3649404
PPCB,2023-02-22,22004,1763863819.3441203
PPCB,2023-02-23,49083,1763863820.3427384
PPCB,2023-03-07,18488,1763863821.3350189
PPCB,2023-03-08,27713,1763863822.3155222
PPCB,2023-03-16,28971,1763863823.3019557
PPCB,2023-03-28,27476,1763863824.2927186
PPCB,2023-04-17,18582,1763863825.273644
PPCB,2023-04-24,18565,1763863826.2556264
PPCB,2023-05-02,17393,1763863827.2526214
PPCB,2023-05-03,18362,1763863828.2488208
PPCB,2023-05-11,19994,1763863829.2403076
PPCB,2023-06-26,17077,1763863830.2320206
PPCB,2023-06-27,16781,1763863831.2240574
PPCB,2023-06-30,54387,1763863832.2175524
PPCB,2023-07-03,61346,1763863833.208497
PPCB,2023-07-10,22368,1763863834.1864202
PPCB,2023-07-18,28890,1763863835.1795743
PPCB,2023-08-23,17164,1763863836.1699967
PPCB,2023-08-25,13852,1763863838.0379462
PPCB,2023-08-28,17822,1763863839.0303624
PPCB,2023-08-30,15207,1763863840.0114398
PPCB,2023-09-12,14569,1763863840.9944406
PPCB,2023-09-15,13436,1763863841.982923
PPCB,2023-10-18,14112,1763863842.988054
PPCB,2023-10-24,12855,1763863843.968302
PPCB,2023-11-02,13523,1763863844.9452374
PPCB,2023-11-07,16879,1763863845.9294183
PPCB,2023-11-14,15414,1763863846.9183528
PPCB,2023-12-06,17248,1763863847.915196
PPCB,2023-12-07,23246,1763863848.9075675
PPCB,2023-12-13,36149,1763863849.9021573
PPCB,2023-12-15,27140,1763863850.8813734
PPCB,2023-12-19,24080,1763863851.8727496
PPCB,2023-12-20,26603,1763863852.8671296
PPCB,2024-01-02,12462,1763863853.843296
PPCB,2024-02-26,17254,1763863854.8284016
PPCB,2024-03-07,15632,1763863855.810189
PPCB,2024-03-14,16351,1763863856.7930934
PPCB,2024-03-27,24913,1763863857.7747838
PPCB,2024-04-09,13380,1763863858.7660806
PPCB,2024-04-19,17943,1763863859.757101
PPCB,2024-04-22,17236,1763863860.7587838
PPCB,2024-05-06,16504,1763863861.738935
PPCB,2024-05-07,17708,1763863862.7265773
PPCB,2024-05-21,23587,1763863863.7039762
PPCB,2024-05-24,22054,1763863864.699943
PPCB,2024-05-30,49019,1763863865.677745
PPCB,2024-05-31,50614,1763863866.694037
PPCB,2024-06-05,24449,1763863867.6888244
PPCB,2024-06-06,43826,1763863868.6928177
PPCB,2024-06-12,37834,1763863869.6917956
PPCB,2024-06-13,44015,1763863870.6869686
PPCB,2024-06-20,23304,1763863871.668349
PPCB,2024-06-25,24240,1763863872.6548307
PPCB,2024-08-12,35582,1763863873.64369
PPCB,2024-08-14,16965,1763863874.634838
PPCB,2024-08-19,17767,1763863875.6168666
PPCB,2024-10-07,15263,1763863876.59024
PPCB,2024-10-11,11535,1763863877.5759459
PPCB,2024-10-16,10847,1763863878.5626996
PPCB,2024-10-18,14045,1763863879.5547419
PPCB,2024-10-22,12954,1763863880.5390856
PPCB,2024-10-25,14356,1763863881.5265849
PPCB,2024-10-31,12630,1763863882.5114496
PPCB,2024-11-04,12028,1763863883.4932597
PPCB,2024-11-15,11451,1763863884.482654
PPCB,2024-11-18,12538,1763863885.4611197
PPCB,2024-11-21,11301,1763863886.4465642
PPCB,2024-11-25,14750,1763863887.429539
PPCB,2024-12-02,11838,1763863888.4224384
PPCB,2024-12-11,11726,1763863889.4080026
PPCB,2024-12-12,11938,1763863890.3892436
PPCB,2024-12-16,12372,1763863891.378808
PPCB,2024-12-23,12141,1763863892.3619697
PPCB,2024-12-26,10582,1763863893.3402731
PPCB,2024-12-27,10760,1763863894.3223927
PPCB,2024-12-30,11283,1763863895.306329
PPCB,2024-12-31,11655,1763863896.2938337
PPIH,2024-08-23,97813,1763863898.2849317
PPSI,2020-05-05,71860,1763863899.2900774
PPSI,2020-06-12,86917,1763863900.2757893
PPSI,2020-06-19,408930,1763863901.3742318
PPSI,2020-06-29,342993,1763863902.389499
PPSI,2020-06-30,825551,1763863903.6195917
PPSI,2020-08-04,636215,1763863904.711203
PPSI,2020-08-25,1981191,1763863906.3371522
PPSI,2020-09-23,381628,1763863907.4247165
PPSI,2020-09-24,1515723,1763863908.8158457
PPSI,2020-09-25,2343360,1763863910.5015066
PPSI,2020-10-06,52688060,1763863933.3835087
PPSI,2020-10-07,59931134,1763863958.648525
PPSI,2020-10-20,2414470,1763863960.6058013
PPSI,2020-11-16,2912884,1763863962.2999654
PPSI,2020-11-23,1214369,1763863963.542092
PPSI,2020-12-04,22113629,1763863973.4748135
PPSI,2021-01-15,2105352,1763863975.2350905
PPSI,2021-01-21,1694155,1763863976.710876
PPSI,2021-01-22,3718243,1763863978.8397388
PPSI,2021-11-08,50534120,1763864001.2873404
PPSI,2021-11-11,20002264,1763864009.8956597
PPSI,2021-11-29,4847018,1763864012.424654
PPSI,2021-11-30,19413321,1763864021.009854
PPSI,2021-12-08,8998271,1763864024.9627328
PPSI,2021-12-09,12218337,1763864030.1234276
PPSI,2021-12-21,4257626,1763864032.3966558
PPSI,2022-01-31,401574,1763864033.4825923
PPTA,2021-03-12,669021,1763864034.5530937
PPTA,2024-04-08,465525,1763864035.6823542
PRAA,2020-05-08,986005,1763864036.970825
PRAX,2022-05-10,696657,1763864038.1576202
PRAX,2023-01-13,4218574,1763864040.6103513
PRAX,2024-01-08,522298,1763864041.728344
PRAX,2024-03-26,816785,1763864042.9747953
PRCH,2022-05-11,2182109,1763864044.7897713
PRCH,2022-11-14,1386417,1763864046.2165923
PRCH,2022-11-23,1206562,1763864047.5820017
PRCH,2023-05-11,679431,1763864048.795199
PRCH,2024-10-28,4176890,1763864051.259252
PRCH,2024-11-08,4095019,1763864053.7211616
PRCH,2024-12-03,4317880,1763864056.2781723
PRCT,2024-08-21,3870783,1763864058.665777
PRCT,2024-10-28,4672520,1763864061.4002283
PRDO,2024-05-02,1638085,1763864062.9321756
PRE,2022-12-13,181308,1763864063.9394162
PRE,2022-12-16,137087,1763864064.924266
PRE,2023-01-10,8147349,1763864068.918871
PRE,2023-03-14,140683,1763864069.959061
PRE,2023-03-30,489298,1763864071.0351799
PRE,2024-04-22,46175,1763864072.0235944
PRE,2024-04-23,118861,1763864073.0262167
PRE,2024-04-24,1000544,1763864074.2682445
PRE,2024-04-30,48059,1763864075.286025
PRFX,2020-12-17,1198553,1763864076.5473714
PRFX,2021-02-09,276087,1763864077.5899117
PRFX,2021-05-25,540298,1763864078.6620338
PRFX,2021-07-20,502367,1763864079.7384508
PRFX,2021-07-21,2266808,1763864081.302889
PRFX,2021-07-22,9746377,1763864085.535632
PRFX,2021-07-29,1803527,1763864087.0697756
PRFX,2021-11-19,223554,1763864088.1057367
PRFX,2022-01-03,163230,1763864089.1437435
PRFX,2022-03-21,372195,1763864090.241175
PRFX,2022-12-09,36897,1763864091.2466228
PRFX,2022-12-28,15832,1763864092.2494612
PRFX,2023-02-08,2380687,1763864093.8495982
PRFX,2023-03-24,26141,1763864094.8675997
PRFX,2023-06-30,1669300,1763864096.2165983
PRFX,2023-07-03,2783840,1763864097.907516
PRFX,2023-07-11,6787734,1763864101.0147736
PRFX,2023-07-14,15457980,1763864107.775762
PRFX,2023-07-17,17184776,1763864115.507162
PRFX,2023-07-20,10076049,1763864120.260641
PRFX,2023-11-14,31231,1763864121.315357
PRFX,2024-04-09,1419745,1763864122.6408238
PRFX,2024-06-25,92310,1763864123.6439707
PRFX,2024-08-20,3959813,1763864125.8637903
PRFX,2024-09-06,5659751,1763864128.3443384
PRFX,2024-10-16,286012,1763864129.3694775
PRFX,2024-11-19,24366397,1763864140.47066
PRFX,2024-12-05,18684849,1763864149.332262
PRFX,2024-12-19,33856672,1763864164.3082166
PRLB,2023-11-03,737822,1763864165.7882931
PRLB,2024-11-01,2542346,1763864167.2635148
PRLD,2023-11-06,268475,1763864168.2958744
PRLD,2024-02-16,195563,1763864169.3112872
PRLD,2024-08-13,158465,1763864170.3522077
PRLD,2024-12-20,688332,1763864171.5619967
PRME,2024-09-30,8792755,1763864175.6061141
PROF,2021-08-05,450534,1763864176.7460215
PROK,2022-11-11,96563,1763864177.7671058
PROK,2022-12-29,152105,1763864178.7880225
PROK,2023-11-20,1718625,1763864180.3399415
PROK,2024-02-16,470950,1763864181.4495175
PROK,2024-04-15,910552,1763864182.6753144
PROK,2024-04-16,1184845,1763864183.9825761
PROK,2024-04-22,881943,1763864185.1638522
PROK,2024-05-14,946083,1763864186.431921
PROK,2024-06-12,1935415,1763864187.9418135
PROP,2023-12-21,29496,1763864188.9368083
PROP,2023-12-22,37893,1763864189.9247699
PROP,2024-01-25,67004,1763864190.9341922
PRPH,2020-04-15,58838,1763864191.920733
PRPH,2020-06-18,55118,1763864192.9084356
PRPH,2020-08-11,3256353,1763864194.8588254
PRPH,2020-10-02,223079,1763864195.8886604
PRPH,2020-10-05,403836,1763864196.9453585
PRPH,2020-10-16,157456,1763864197.959992
PRPH,2020-10-23,315814,1763864198.9972765
PRPH,2021-06-10,2042654,1763864200.5255792
PRPL,2020-03-19,424792,1763864201.7395523
PRPL,2021-03-05,7562086,1763864205.5666745
PRPL,2022-05-11,2720636,1763864207.533295
PRPL,2022-09-19,11395201,1763864213.2798624
PRPL,2022-11-10,1190780,1763864214.7206109
PRPL,2023-05-11,2179155,1763864216.3752773
PRPL,2023-12-06,1125160,1763864217.687256
PRPL,2024-01-24,481317,1763864218.766825
PRPO,2020-04-06,346369,1763864219.8121824
PRPO,2020-05-21,1180476,1763864221.0602
PRPO,2020-06-08,336445,1763864222.086895
PRPO,2020-06-24,1619976,1763864223.4672284
PRPO,2020-07-30,15577820,1763864230.0750625
PRPO,2020-08-03,5807092,1763864232.8256984
PRPO,2020-08-04,6790482,1763864235.8437767
PRPO,2020-08-20,1564667,1763864237.2439406
PRPO,2020-09-04,1097452,1763864238.4961622
PRPO,2021-05-03,37324040,1763864255.7666123
PRPO,2021-05-04,75930731,1763864290.7344334
PRPO,2021-05-10,13531268,1763864296.476055
PRPO,2021-06-08,3878559,1763864298.5379739
PRPO,2022-05-10,651959,1763864299.6078415
PRPO,2022-08-02,298853,1763864300.6259646
PRPO,2022-09-15,315256,1763864301.6466877
PRPO,2024-07-17,64533,1763864302.643659
PRQR,2021-01-21,1101276,1763864303.8969698
PRQR,2021-03-25,27521041,1763864315.504303
PRQR,2021-09-09,3423837,1763864317.7668254
PRQR,2022-12-22,12948707,1763864323.319286
PRQR,2024-01-17,982042,1763864324.6533902
PRQR,2024-10-16,10017069,1763864329.169808
PRSO,2023-04-03,113229,1763864330.2656605
PRSO,2023-05-22,214821,1763864331.2994864
PRSO,2023-05-25,532894,1763864332.3969083
PRSO,2023-05-26,853278,1763864333.5618548
PRSO,2023-05-30,420284,1763864334.5920944
PRSO,2023-05-31,1023357,1763864335.8052974
PRSO,2023-06-08,264932,1763864336.8201375
PRSO,2023-11-08,6275546,1763864339.698158
PRSO,2024-02-20,2810552,1763864341.5770614
PRSO,2024-04-16,11065389,1763864346.5800877
PRT,2020-03-24,50365,1763864347.6328342
PRT,2020-03-25,88628,1763864348.6678143
PRT,2020-06-03,76043,1763864349.6708765
PRT,2020-10-09,266053,1763864350.667664
PRT,2020-12-15,142190,1763864351.6911716
PRTA,2021-02-02,1001279,1763864352.9392686
PRTA,2021-02-12,1142238,1763864354.233501
PRTA,2021-06-07,946084,1763864355.5947473
PRTA,2022-09-28,7383186,1763864359.3639936
PRTA,2024-12-19,2042404,1763864361.1182413
PRTC,2022-08-08,24442,1763864362.1253512
PRTC,2022-10-06,35575,1763864363.1285248
PRTC,2023-12-22,29490,1763864364.1236863
PRTH,2020-02-18,27512,1763864365.095953
PRTH,2020-02-28,39907,1763864366.079338
PRTH,2020-03-10,47975,1763864367.0825725
PRTH,2020-06-05,57007,1763864368.084988
PRTH,2020-06-16,134551,1763864369.099514
PRTH,2020-07-20,95709,1763864370.1075058
PRTH,2020-08-20,256897,1763864371.1146407
PRTH,2020-09-14,225970,1763864372.1171715
PRTH,2020-09-15,274697,1763864373.2024205
PRTH,2020-12-01,234640,1763864374.2115684
PRTH,2020-12-03,702453,1763864375.351504
PRTH,2021-09-17,1248479,1763864376.686126
PRTS,2020-03-19,179191,1763864377.776345
PRTS,2021-01-26,9798511,1763864382.2719903
PRTS,2022-05-04,1861281,1763864383.8993669
PRTS,2022-11-10,1610421,1763864385.449107
PRZO,2023-08-07,4879802,1763864388.3061588
PRZO,2023-08-17,1545802,1763864389.9064376
PRZO,2023-09-08,4740916,1763864392.6535451
PRZO,2023-10-06,12908451,1763864398.5610723
PRZO,2023-10-09,33344913,1763864414.8592522
PRZO,2023-10-12,4866495,1763864417.580744
PRZO,2023-10-13,7488649,1763864421.117859
PRZO,2023-10-25,1172633,1763864422.4532945
PRZO,2023-12-20,15641410,1763864429.4487784
PRZO,2023-12-21,21260586,1763864438.8944964
PRZO,2024-04-10,773831,1763864440.225923
PRZO,2024-04-12,1577620,1763864441.5308807
PRZO,2024-11-29,18125355,1763864449.7556858
PRZO,2024-12-02,29291938,1763864463.36499
PRZO,2024-12-04,3485737,1763864465.4895842
PRZO,2024-12-18,12460990,1763864471.056477
PSHG,2020-07-30,284403,1763864472.1664941
PSHG,2020-10-12,2954332,1763864473.824562
PSHG,2020-11-11,5767208,1763864476.5851274
PSHG,2022-06-14,610202,1763864477.7603395
PSHG,2022-07-28,1038096,1763864478.9804175
PSHG,2022-08-01,902013,1763864480.14395
PSHG,2022-08-02,1573538,1763864481.5051272
PSHG,2022-08-10,1346571,1763864482.774354
PSHG,2022-09-29,381442,1763864483.818352
PSHG,2023-02-27,328668,1763864484.8459604
PSHG,2023-10-11,724888,1763864486.047227
PSIG,2024-08-06,175838,1763864487.0852976
PSIG,2024-08-09,459816,1763864488.128154
PSIG,2024-08-12,26057310,1763864499.4057002
PSIG,2024-09-11,170820,1763864500.7025533
PSIG,2024-11-29,41345,1763864501.6789443
PSIG,2024-12-27,71699,1763864502.6709943
PSIX,2022-05-20,10655,1763864503.6545868
PSIX,2022-06-28,9870,1763864504.629869
PSIX,2022-07-01,10388,1763864505.6168294
PSIX,2022-11-15,15187,1763864506.5981214
PSIX,2023-04-03,16317,1763864507.5958133
PSIX,2024-05-10,21488,1763864508.5808015
PSIX,2024-07-02,92632,1763864509.571064
PSIX,2024-12-20,188464,1763864510.5911694
PSNL,2023-02-03,2175076,1763864512.2917237
PSNL,2023-11-08,377992,1763864513.3595731
PSNL,2023-11-20,579143,1763864514.4658568
PSNL,2024-07-16,295205,1763864515.4911318
PSNL,2024-07-19,5373770,1763864518.4441915
PSNL,2024-08-12,1657393,1763864519.9501767
PSNL,2024-08-16,2154263,1763864521.714553
PSNL,2024-12-19,1945038,1763864523.279524
PSNL,2024-12-20,4055730,1763864525.8645048
PSNY,2024-02-28,2102272,1763864527.5378282
PSNYW,2022-10-21,38884,1763864528.5352297
PSNYW,2022-11-14,217329,1763864529.5670817
PSNYW,2022-11-15,226359,1763864530.619376
PSQH,2023-10-13,682133,1763864531.9287193
PSQH,2024-01-22,553485,1763864533.0317185
PSQH,2024-12-03,34631859,1763864547.0664659
PSQH.WS,2023-10-12,20859,1763864548.2859488
PSQH.WS,2023-10-13,32318,1763864549.280104
PSQH.WS,2024-12-03,656562,1763864550.4530313
PSTV,2020-03-17,42692,1763864551.4627097
PSTV,2020-03-24,101768,1763864552.4637697
PSTV,2020-03-30,3571341,1763864554.5359552
PSTV,2020-05-12,142169,1763864555.547416
PSTV,2020-06-09,529592,1763864556.621484
PSTV,2020-06-10,1391442,1763864557.9263368
PSTV,2020-09-15,6301194,1763864560.9468238
PSTV,2020-12-09,546090,1763864562.1359167
PSTV,2021-01-25,567151,1763864563.2070036
PSTV,2021-02-10,2830046,1763864565.1107492
PSTV,2021-05-04,4624810,1763864567.5197427
PSTV,2022-01-04,12257202,1763864573.1047719
PSTV,2022-08-15,5474155,1763864575.8643541
PSTV,2022-08-18,7961072,1763864579.4769788
PSTV,2022-10-07,1631519,1763864580.8714716
PSTV,2023-09-11,4406993,1763864583.2104053
PT,2020-06-17,139386,1763864584.259949
PT,2020-06-19,2594828,1763864586.074344
PT,2020-07-15,236779,1763864587.094625
PT,2020-09-18,183390,1763864588.0948339
PT,2021-01-22,630388,1763864589.2249434
PT,2021-01-29,345638,1763864590.239759
PT,2021-02-11,669807,1763864591.3843472
PT,2021-02-17,1049770,1763864592.5771377
PT,2021-04-07,1211138,1763864593.8573263
PT,2021-05-17,1546307,1763864595.1889043
PT,2022-01-12,232474,1763864596.2197778
PT,2022-01-18,121655,1763864597.198353
PT,2022-01-21,893056,1763864598.4183085
PT,2022-03-10,2384909,1763864599.9814017
PT,2022-07-21,66254,1763864600.985134
PT,2022-08-04,103110,1763864601.977048
PTEN,2020-03-10,3993399,1763864604.3480287
PTEN,2020-04-23,3359164,1763864606.443392
PTGX,2020-05-08,11773544,1763864611.290133
PTGX,2021-10-11,15936924,1763864618.497129
PTGX,2023-03-07,7980433,1763864622.4969244
PTIR,2024-11-05,958087,1763864623.824768
PTIX,2021-05-10,20522479,1763864632.5385065
PTIX,2021-05-25,867374,1763864633.846448
PTIX,2021-05-26,5087163,1763864636.3234322
PTIX,2021-06-10,767497,1763864637.5723817
PTIX,2021-06-11,4985969,1763864640.0370002
PTIX,2023-01-17,28433,1763864641.037825
PTIX,2023-03-22,572245,1763864642.1384265
PTIX,2023-03-24,220655,1763864643.1642945
PTIX,2023-12-12,46115,1763864644.157255
PTIX,2024-03-05,49469,1763864645.1594043
PTIX,2024-04-23,32818,1763864646.155632
PTIX,2024-08-19,19416,1763864647.183546
PTIX,2024-09-05,43508,1763864648.1675076
PTIX,2024-09-10,223755,1763864649.1802168
PTIX,2024-10-21,84246,1763864650.1892397
PTIX,2024-10-29,126342,1763864651.1829772
PTIX,2024-11-12,528416,1763864652.2481928
PTIX,2024-11-26,401940,1763864653.2763748
PTIX,2024-12-18,145262,1763864654.2992003
PTIX,2024-12-23,410834,1763864655.3834805
PTLE,2024-11-15,3019722,1763864657.2183354
PTLE,2024-11-22,485415,1763864658.372075
PTLE,2024-11-25,834224,1763864659.5429735
PTLO,2021-10-22,12588616,1763864664.8960397
PTON,2022-02-07,32876302,1763864680.7953484
PTON,2022-02-08,80638439,1763864717.7959013
PTON,2024-08-22,14058142,1763864724.3196301
PTON,2024-10-31,17119601,1763864732.216269
PUBM,2021-02-24,2023558,1763864733.8388317
PUBM,2021-11-10,6590648,1763864736.9622424
PUBM,2024-02-27,2384685,1763864738.7216144
PULM,2020-03-23,304289,1763864739.8150797
PULM,2020-04-01,295757,1763864740.846491
PULM,2021-02-10,1107330,1763864742.121027
PULM,2021-10-28,401990,1763864743.1608894
PULM,2022-08-05,547037,1763864744.2623856
PULM,2024-11-13,962295,1763864745.4123607
PULM,2024-11-14,5554456,1763864748.0143256
PULM,2024-11-15,6220457,1763864750.7932208
PUMP,2020-03-19,2755719,1763864752.4584398
PUMP,2020-03-31,1797282,1763864753.77496
PUMP,2020-04-02,2423835,1763864755.2886527
PUMP,2020-11-09,1435637,1763864756.7434895
PVH,2020-04-06,3504653,1763864758.4948466
PVL,2021-01-28,455418,1763864759.5535693
PVL,2024-07-19,238067,1763864760.580729
PXLW,2021-08-27,3201025,1763864762.5414102
PXLW,2023-10-04,906784,1763864763.7351546
PXLW,2024-01-30,10835171,1763864768.5634675
PXS,2020-03-04,80191,1763864769.6109111
PXS,2020-03-30,193908,1763864770.6162646
PXS,2020-04-21,413290,1763864771.6795628
PXS,2020-11-12,2818994,1763864773.4972537
PXS,2021-01-29,707221,1763864774.6370518
PXS,2021-02-16,5942380,1763864777.3271413
PXS,2021-03-10,735893,1763864778.4932039
PXS,2021-08-05,671621,1763864779.563558
PXS,2022-03-07,1411900,1763864780.8746197
PYPD,2020-10-15,102252,1763864781.8700445
PYPD,2022-09-12,4031999,1763864784.0159063
PYPD,2023-01-24,2617290,1763864785.826489
PYPD,2023-09-20,1687343,1763864787.1351447
PYPD,2024-01-02,78155,1763864788.115725
PYPD,2024-01-03,112614,1763864789.1399295
PYPD,2024-01-05,73507,1763864790.1479578
PYXS,2023-03-27,7755055,1763864793.5612204
PYXS,2023-03-28,14781872,1763864799.958366
PYXS,2023-03-30,14997384,1763864806.476652
PYXS,2024-02-27,1721508,1763864808.0192058
PZZA,2020-03-19,2069677,1763864809.7241764
QBTS,2023-01-13,4303771,1763864812.080229
QBTS,2023-02-03,1956810,1763864813.6101532
QBTS,2023-05-22,4449743,1763864815.8274822
QBTS,2023-05-26,4326792,1763864818.0265057
QBTS,2023-06-01,3078047,1763864819.8991275
QBTS,2023-06-06,4934043,1763864822.2597196
QBTS,2023-07-13,1704864,1763864823.7130914
QBTS,2024-02-12,2069015,1763864825.1889124
QBTS,2024-02-14,3851926,1763864827.1878295
QBTS,2024-11-07,2352086,1763864828.7499669
QBTS,2024-11-22,13590006,1763864834.2428472
QBTS,2024-12-05,10746824,1763864838.517413
QBTS,2024-12-06,18321987,1763864845.5031927
QBTS,2024-12-13,17864901,1763864852.40436
QBTS,2024-12-16,31592954,1763864865.292142
QBTS,2024-12-17,48347698,1763864884.6262932
QBTS,2024-12-23,30724086,1763864896.3508086
QD,2020-03-20,2457542,1763864898.102745
QD,2020-03-23,3466642,1763864899.8119056
QD,2020-07-06,1121407,1763864900.9377804
QD,2020-07-08,6773003,1763864903.5892873
QD,2022-06-14,2508723,1763864905.118166
QD,2022-07-18,11624837,1763864909.771341
QD,2024-11-26,792593,1763864911.0059955
QDEL,2020-03-17,1341302,1763864912.3532152
QDEL,2020-05-11,3593603,1763864914.4362867
QETAR,2024-09-05,22683,1763864915.4314847
QETAR,2024-10-23,49895,1763864916.417969
QETAR,2024-10-24,57650,1763864917.438152
QETAR,2024-10-29,17278,1763864918.427097
QETAR,2024-11-27,16905,1763864919.516331
QFIN,2022-03-16,3407463,1763864921.5419734
QH,2020-09-10,488089,1763864922.6374884
QH,2022-06-07,33777,1763864923.6261206
QH,2022-08-04,406553,1763864924.7087944
QH,2022-08-05,490506,1763864925.8156838
QH,2022-08-12,175516,1763864926.8422523
QH,2022-11-15,2724778,1763864928.7659307
QH,2023-03-14,40160,1763864929.796925
QH,2023-05-01,14945130,1763864936.522436
QH,2023-05-02,16557012,1763864943.9846916
QH,2023-05-26,1279966,1763864945.4126143
QH,2023-11-24,39939,1763864946.387549
QH,2024-02-16,70383,1763864947.3795774
QH,2024-07-08,134868,1763864948.411561
QH,2024-07-10,177069,1763864949.425539
QH,2024-08-14,265113,1763864950.4345481
QH,2024-09-10,27321716,1763864961.8892453
QH,2024-09-11,42791465,1763864981.316319
QH,2024-09-23,1469926,1763864982.9778
QH,2024-09-24,1901059,1763864984.3881724
QLYS,2024-11-06,4170999,1763864986.729839
QMCO,2020-03-19,291255,1763864987.8646276
QMCO,2023-12-14,148258,1763864988.89397
QMCO,2023-12-18,174756,1763864989.912987
QMCO,2024-02-14,1101481,1763864991.1170635
QMCO,2024-06-17,701403,1763864992.2515287
QMCO,2024-06-21,419681,1763864993.3306584
QMCO,2024-11-21,586675,1763864994.4119377
QMCO,2024-11-22,14421076,1763865000.3608973
QMCO,2024-11-25,27538089,1763865012.3552134
QMCO,2024-11-26,21657412,1763865021.7522516
QMCO,2024-11-27,10779873,1763865026.8814511
QMCO,2024-12-09,2125125,1763865028.6501489
QMCO,2024-12-10,3057837,1763865030.5831523
QMCO,2024-12-11,4346569,1763865032.9549742
QMCO,2024-12-16,2350828,1763865034.7740226
QMCO,2024-12-17,4928814,1763865037.521634
QMCO,2024-12-18,17250526,1763865045.6263883
QMCO,2024-12-20,11183580,1763865050.8641233
QMCO,2024-12-26,4157284,1763865053.1255524
QMCO,2024-12-27,9427027,1763865057.3659625
QMMM,2024-08-30,217523,1763865058.4214504
QMMM,2024-11-25,13847402,1763865064.4902966
QMMM,2024-12-27,1027049,1763865065.8775294
QMMM,2024-12-30,1163436,1763865067.189358
QMMM,2024-12-31,917492,1763865068.3455164
QNCX,2023-01-27,7463065,1763865071.8990853
QNCX,2023-03-21,5364050,1763865074.8055644
QNCX,2024-10-24,1102976,1763865076.0619738
QNCX,2024-10-30,2076977,1763865077.63396
QNRX,2021-11-12,312256,1763865078.67212
QNRX,2021-12-15,3736862,1763865080.866116
QNRX,2021-12-21,4679491,1763865083.7033963
QNRX,2022-01-07,5703910,1763865086.986962
QNRX,2022-04-25,2963800,1763865089.041027
QNRX,2022-06-06,2639735,1763865090.866637
QNRX,2022-07-01,5601718,1763865093.720725
QNRX,2022-08-02,1883955,1763865095.2808194
QNRX,2022-08-03,11219159,1763865100.2023606
QNRX,2022-09-07,8166728,1763865104.26987
QNRX,2022-10-18,2483212,1763865105.9548388
QNRX,2022-11-10,135160,1763865107.005111
QNRX,2022-12-29,337200,1763865108.044876
QNRX,2023-02-01,4375417,1763865110.3716278
QNRX,2023-06-21,355693,1763865111.4155033
QNRX,2023-07-21,2583150,1763865113.04117
QNRX,2024-03-04,10185882,1763865117.703397
QNRX,2024-09-09,633303,1763865118.887791
QNRX,2024-10-16,8995807,1763865122.919796
QNRX,2024-10-18,5132679,1763865125.542059
QNRX,2024-12-02,3907842,1763865127.7560544
QNRX,2024-12-03,4986762,1763865130.3038118
QNRX,2024-12-30,251933,1763865131.3852074
QNST,2021-11-04,1332197,1763865132.7285516
QNST,2024-11-05,2361213,1763865134.4342053
QNTM,2024-10-18,207435,1763865135.4622326
QNTM,2024-12-18,308938,1763865136.5021646
QNTM,2024-12-27,262403,1763865137.5451949
QRHC,2020-05-18,75148,1763865138.5639951
QRHC,2020-08-10,63453,1763865139.5709755
QRHC,2020-12-28,159015,1763865140.5576499
QS,2020-11-30,21854410,1763865148.3811846
QS,2020-12-08,15147055,1763865153.8718882
QS,2020-12-09,34132811,1763865166.3313527
QS,2020-12-22,34410349,1763865178.8467963
QS,2021-02-17,28433567,1763865189.943473
QS,2023-02-15,6461483,1763865192.8482404
QS,2023-07-27,15489940,1763865198.7388568
QS,2024-01-04,21502951,1763865207.4404502
QS,2024-07-11,16910735,1763865214.1555946
QS,2024-10-24,13526093,1763865219.3591518
QSI,2021-12-21,2001627,1763865220.9990456
QSI,2022-10-04,668972,1763865222.2104802
QSI,2023-07-17,3160136,1763865224.321032
QSI,2024-03-07,784655,1763865225.7013583
QSI,2024-11-20,22979890,1763865237.9074814
QSI,2024-11-22,5574958,1763865241.3484533
QSI,2024-12-09,5347299,1763865244.128522
QSI,2024-12-26,8470270,1763865248.1564426
QSI,2024-12-27,33957332,1763865264.2936866
QSIAW,2021-12-21,60002,1763865265.5508642
QSIAW,2022-02-10,35328,1763865266.5339365
QSIAW,2022-03-25,13938,1763865267.5429387
QSIAW,2022-03-29,15616,1763865268.5277512
QSIAW,2024-12-27,151129,1763865269.5338798
QSIAW,2024-12-30,200141,1763865270.547673
QTRX,2020-03-19,370144,1763865271.6151316
QTRX,2022-09-28,1927288,1763865273.1884933
QTRX,2023-05-03,870741,1763865274.3873334
QTRX,2023-08-08,1088357,1763865275.6631532
QUAD,2020-02-19,1082597,1763865276.8963015
QUAD,2020-12-15,1218083,1763865278.07403
QUBT,2021-07-20,750205,1763865279.2222736
QUBT,2021-11-09,6905405,1763865282.3179584
QUBT,2022-05-24,754453,1763865283.5033474
QUBT,2022-06-07,490480,1763865284.5772605
QUBT,2023-02-03,434808,1763865285.627231
QUBT,2023-02-06,2023406,1763865287.205999
QUBT,2023-02-08,4340850,1763865289.7919948
QUBT,2024-11-13,12981298,1763865295.6265337
QUBT,2024-11-14,37947562,1763865313.9608307
QUBT,2024-11-20,17050203,1763865321.7798698
QUBT,2024-11-21,29293312,1763865334.5594318
QUBT,2024-11-22,31485805,1763865348.843032
QUBT,2024-11-25,38322737,1763865367.1602385
QUBT,2024-12-16,25461175,1763865378.714988
QUBT,2024-12-17,67191093,1763865407.568085
QUBT,2024-12-18,105163760,1763865454.522863
QUBT,2024-12-20,61621196,1763865481.024902
QUIK,2020-01-06,148171,1763865482.4515157
QUIK,2020-03-24,44940,1763865483.4354496
QUIK,2020-04-23,64640,1763865484.4397862
QUIK,2021-02-12,1095734,1763865485.7012477
QUIK,2021-02-18,4015856,1763865487.7458613
QUIK,2024-12-30,950988,1763865489.050459
QURE,2024-07-09,12743712,1763865494.585694
QURE,2024-07-10,23704271,1763865506.0348415
QURE,2024-12-10,20648900,1763865515.8183947
QVCC,2020-03-19,132915,1763865516.9905167
QXO,2024-06-10,264164,1763865518.0194602
QXO,2024-07-12,89981,1763865519.0217307
QXO,2024-07-15,121928,1763865520.0550048
QXO,2024-07-17,161887,1763865521.08181
QXO,2024-07-23,188444,1763865522.0898383
QXO,2024-07-24,655466,1763865523.2348392
RADX,2024-12-06,339523,1763865524.2841368
RAIL,2020-06-08,164519,1763865525.3147566
RAIL,2020-11-27,5164786,1763865527.6755383
RAIL,2020-12-10,996995,1763865528.9487298
RAIL,2021-03-24,794861,1763865530.105758
RAIL,2021-03-25,4122403,1763865532.3146465
RAIL,2021-03-26,9655650,1763865536.666093
RAIL,2021-03-31,5926812,1763865539.7393749
RAIL,2021-04-23,3140010,1763865541.769816
RAIL,2021-06-24,2438187,1763865543.4272807
RAIL,2022-03-22,602864,1763865544.5613954
RAIN,2022-05-10,140165,1763865545.7313924
RAIN,2022-06-23,1053373,1763865547.044057
RAIN,2022-10-06,75318,1763865548.0673995
RAND,2020-03-20,411106,1763865549.1133437
RAND,2020-04-30,352910,1763865550.1609955
RAND,2020-06-17,46879,1763865551.1527338
RAND,2021-07-08,145058,1763865552.1577425
RANI,2021-08-11,4079718,1763865554.43511
RANI,2022-01-26,218198,1763865555.46819
RANI,2022-08-12,719145,1763865556.6401079
RANI,2022-10-11,152293,1763865557.6476629
RANI,2023-10-16,169772,1763865558.655622
RANI,2023-12-08,223729,1763865559.6717794
RANI,2024-08-13,67254,1763865560.6653795
RANI,2024-10-14,11548016,1763865566.271454
RANI,2024-10-16,6681104,1763865569.6003554
RAPT,2021-06-14,14191750,1763865575.8318708
RAPT,2024-02-21,9487316,1763865580.401871
RAPT,2024-11-06,785016,1763865581.6654658
RAPT,2024-12-23,17579165,1763865589.8502274
RARE,2020-01-10,2010225,1763865591.500332
RAVE,2020-03-13,28415,1763865592.5402668
RAVE,2020-03-17,118747,1763865593.61012
RAVE,2020-03-18,129466,1763865594.6442513
RAVE,2020-03-19,666592,1763865595.800334
RAVE,2020-04-15,241048,1763865596.8128624
RAVE,2020-10-07,8473816,1763865600.7211716
RAVE,2021-02-02,714844,1763865601.9461088
RAVE,2024-09-26,77440,1763865602.9438064
RAY,2024-05-16,956187,1763865604.1564808
RAY,2024-08-29,741779,1763865605.341087
RAY,2024-09-12,277362,1763865606.354919
RAY,2024-12-26,390300,1763865607.3653505
RAYA,2022-12-20,119745,1763865608.3701892
RAYA,2022-12-21,347101,1763865609.3965478
RAYA,2023-01-10,65401,1763865610.417179
RAYA,2023-03-24,72013,1763865611.4063997
RAYA,2023-09-21,28293,1763865612.3955674
RAYA,2023-12-27,38370,1763865613.3881135
RAYA,2024-02-08,135825,1763865614.3856335
RAYA,2024-02-14,1133625,1763865615.629817
RAYA,2024-03-13,535632,1763865616.734118
RAYA,2024-04-10,67019,1763865617.7368107
RAYA,2024-07-24,38031,1763865618.7309752
RAYA,2024-10-07,117681,1763865619.741014
RAYA,2024-10-11,30573,1763865620.7487204
RAYA,2024-10-16,101594,1763865621.7398574
RAYA,2024-10-22,80142,1763865622.733506
RBBN,2024-04-24,837238,1763865623.9807281
RBC,2022-09-26,441083,1763865625.0108743
RBKB,2021-02-18,66970,1763865626.0298576
RBLX,2021-11-09,45266194,1763865645.8732238
RBOT,2023-11-15,769896,1763865647.3323388
RBOT,2023-11-20,322544,1763865648.3926084
RBOT,2023-12-20,678222,1763865649.5160394
RBOT,2024-01-10,708375,1763865650.5936732
RBOT,2024-02-27,419585,1763865651.624164
RBOT,2024-05-17,347814,1763865652.6703417
RBOT,2024-07-02,231631,1763865653.7108436
RBOT,2024-11-11,135893,1763865654.7173352
RBOT.WS,2021-09-21,272219,1763865655.753771
RBOT.WS,2021-10-29,92344,1763865656.745277
RBOT.WS,2022-03-10,34832,1763865657.7603426
RBRK,2024-12-06,11358750,1763865662.8542795
RC,2020-03-25,801282,1763865664.070522
RC,2020-03-26,874285,1763865665.2293084
RC,2020-04-09,698874,1763865666.323546
RCAT,2021-07-06,2447574,1763865667.901728
RCAT,2021-07-13,11575177,1763865672.7129805
RCAT,2021-07-16,6180630,1763865675.581723
RCAT,2021-09-27,29339228,1763865689.429536
RCAT,2021-12-22,5972706,1763865692.9536197
RCAT,2022-03-14,7331196,1763865696.4460514
RCAT,2022-04-04,4338897,1763865698.9527118
RCAT,2023-02-06,194777,1763865699.992048
RCAT,2023-05-10,743005,1763865701.1534684
RCAT,2023-06-20,1775545,1763865702.555114
RCAT,2024-04-17,619715,1763865703.7088573
RCAT,2024-04-24,659951,1763865704.7980056
RCAT,2024-11-20,6144793,1763865707.765354
RCAT,2024-11-22,8017634,1763865711.5485342
RCAT,2024-12-16,15581878,1763865718.951005
RCB,2020-03-25,85653,1763865720.059238
RCB,2020-03-26,91510,1763865721.111127
RCEL,2020-06-30,256577,1763865722.1700253
RCEL,2023-02-24,490447,1763865723.2391229
RCKT,2020-03-19,624188,1763865724.3646412
RCKT,2020-12-09,3969783,1763865726.5996375
RCKT,2023-09-13,10946757,1763865731.534698
RCKY,2020-07-29,134678,1763865732.6027906
RCKY,2023-11-02,258379,1763865733.6306016
RCKY,2024-05-01,213458,1763865734.6639006
RCL,2020-03-24,20310178,1763865742.2407022
RCL,2020-03-25,24816888,1763865751.499334
RCL,2020-04-07,26933435,1763865761.8012934
RCL,2020-11-09,14845099,1763865767.2060409
RCMT,2020-06-03,271173,1763865768.3354223
RCMT,2020-10-06,607972,1763865769.4231553
RCMT,2020-12-28,757619,1763865770.5451646
RCMT,2021-02-10,1176224,1763865771.8274405
RCMT,2021-02-11,17388626,1763865779.7567084
RCMT,2021-02-24,1830489,1763865781.3109398
RCMT,2022-04-28,896764,1763865782.5635972
RCMT,2022-08-15,629273,1763865783.6472373
RCON,2020-03-04,79692,1763865784.677609
RCON,2020-03-19,24972,1763865785.6658547
RCON,2020-04-15,50278,1763865786.6466472
RCON,2020-05-01,185740,1763865787.6645994
RCON,2020-09-29,391993,1763865788.7208655
RCON,2020-10-08,214146,1763865789.7348306
RCON,2020-10-19,396775,1763865790.762225
RCON,2020-10-20,1780311,1763865792.186457
RCON,2020-12-09,5672877,1763865795.1430962
RCON,2021-01-25,3151246,1763865797.2430172
RCON,2021-01-28,799661,1763865798.4082587
RCON,2021-03-22,1422320,1763865799.7603607
RCON,2021-03-24,1931197,1763865801.281949
RCON,2021-06-11,18780476,1763865809.9103386
RCON,2022-04-05,2833095,1763865811.958506
RCON,2024-02-07,206874,1763865812.9815664
RCON,2024-04-12,591058,1763865814.0832624
RCON,2024-04-26,1324690,1763865815.3629
RCON,2024-08-06,281837,1763865816.3970745
RCUS,2020-02-19,764715,1763865817.4948893
RCUS,2020-04-16,3619585,1763865819.2357895
RCUS,2023-08-23,2843979,1763865820.979885
RDDT,2024-03-25,22071682,1763865829.56548
RDDT,2024-10-30,24826589,1763865839.5047648
RDHL,2020-03-19,251108,1763865840.6754231
RDHL,2020-04-06,521602,1763865841.796481
RDHL,2021-08-31,3338777,1763865843.7593217
RDHL,2022-03-17,322938,1763865844.819981
RDHL,2022-06-23,6332601,1763865847.7720506
RDHL,2022-10-19,6903399,1763865850.83089
RDHL,2023-01-03,1987016,1763865852.3606212
RDHL,2023-01-27,6586449,1763865855.5647027
RDHL,2023-07-12,499086,1763865856.6982133
RDHL,2023-07-14,551795,1763865857.7731776
RDHL,2023-10-12,326989,1763865858.8275113
RDHL,2023-10-13,3081612,1763865860.8561144
RDHL,2023-10-16,5877382,1763865863.8370857
RDHL,2023-10-17,5504344,1763865866.4923768
RDHL,2023-10-20,1135794,1763865867.8010745
RDHL,2023-11-27,16687809,1763865881.969641
RDHL,2023-11-28,36171473,1763865903.561839
RDHL,2023-11-29,35408273,1763865920.9562256
RDHL,2023-12-20,2657909,1763865923.1443028
RDHL,2024-01-24,1636105,1763865924.6418464
RDHL,2024-08-01,20714727,1763865934.0111763
RDI,2020-04-17,144737,1763865935.1689672
RDI,2020-11-09,148232,1763865936.194966
RDIB,2020-09-24,142648,1763865937.2050743
RDIB,2020-11-16,22057,1763865938.1907082
RDIB,2021-05-25,228449,1763865939.1976092
RDIB,2022-04-11,51595,1763865940.2049458
RDIB,2024-07-23,75774,1763865941.1898608
RDN,2020-03-19,3872775,1763865943.255953
RDNT,2020-03-19,767466,1763865944.515262
RDVT,2022-03-10,205017,1763865945.5348132
RDW,2021-10-25,5501150,1763865948.0407639
RDW,2023-02-15,5045931,1763865950.3381782
RDZN,2024-01-24,97421,1763865951.375877
RDZN,2024-06-24,2491547,1763865953.068416
RDZN,2024-07-02,19297675,1763865961.7744825
RDZN,2024-08-26,293784,1763865962.9655178
RDZN,2024-12-02,247378,1763865964.0220394
RDZN,2024-12-06,458622,1763865965.1565523
RDZN,2024-12-10,961521,1763865966.3864732
RDZN,2024-12-13,437115,1763865967.5249174
RDZN,2024-12-19,994159,1763865968.838561
REAL,2022-11-10,1683280,1763865970.4095287
REAL,2023-11-08,2437341,1763865972.2333486
REAL,2024-03-01,4742308,1763865974.9292605
REAL,2024-12-09,4864015,1763865977.766358
REBN,2022-08-16,1014984,1763865979.0081356
REBN,2022-12-09,179060,1763865980.042301
REBN,2022-12-12,850494,1763865981.225121
REBN,2023-03-13,153590,1763865982.241221
REBN,2023-11-15,39905,1763865983.2459567
REBN,2023-11-30,123485,1763865984.2572093
REBN,2024-01-23,1140965,1763865985.5621657
REBN,2024-03-28,76089,1763865986.5810063
REBN,2024-05-08,23651702,1763865998.902683
REBN,2024-05-15,333980,1763866000.1408184
REBN,2024-06-13,319054,1763866001.1627996
REBN,2024-06-14,449078,1763866002.2518747
REBN,2024-08-14,2381192,1763866003.9084733
REBN,2024-12-24,96052,1763866004.913738
REE,2021-12-23,1798002,1763866006.4440496
REE,2023-11-13,119875,1763866007.455992
REE,2023-11-28,190649,1763866008.5056853
REE,2023-12-19,106126,1763866009.5311406
REE,2024-09-16,3828595,1763866011.6924336
REE,2024-09-17,4334959,1763866014.049487
REFR,2021-01-13,688964,1763866015.2315571
REFR,2021-09-10,382496,1763866016.2624383
REG,2020-11-09,3646269,1763866018.5424948
REKR,2020-08-27,1262612,1763866019.8404515
REKR,2020-10-29,1377329,1763866021.208258
REKR,2021-01-15,1063088,1763866022.4994538
REKR,2022-06-08,1221299,1763866023.881461
REKR,2022-12-21,298106,1763866024.9084122
REKR,2022-12-22,664777,1763866026.0521393
REKR,2022-12-29,255794,1763866027.101421
REKR,2023-02-06,576438,1763866028.1982403
REKR,2023-07-03,287100,1763866029.2492669
REKR,2024-05-20,1867481,1763866030.8221793
REKR,2024-12-27,2743250,1763866032.6352837
REKR,2024-12-30,12884565,1763866038.8038938
RELI,2021-02-24,238770,1763866039.9050703
RELI,2021-05-13,9264799,1763866044.1755555
RELI,2021-11-22,2994987,1763866046.1120746
RELI,2021-12-13,885285,1763866047.3433678
RELI,2021-12-21,16330713,1763866054.84687
RELI,2021-12-27,2195038,1763866056.4858887
RELI,2021-12-28,11653197,1763866061.5104663
RELI,2022-01-03,5694060,1763866064.2144756
RELI,2022-01-04,12823012,1763866069.5740156
RELI,2022-01-10,3936235,1763866071.845585
RELI,2022-07-27,618221,1763866072.9871466
RELI,2022-08-02,1300890,1763866074.2624247
RELI,2023-04-18,409505,1763866075.323002
RELI,2023-09-01,655382,1763866076.4185734
RELI,2023-11-22,3606340,1763866078.379364
RELI,2023-12-06,518720,1763866079.4910238
RELI,2024-03-01,197842,1763866080.5242078
RELI,2024-03-04,729781,1763866081.6233969
RELI,2024-04-04,4871045,1763866084.039017
RELI,2024-05-15,2118492,1763866085.6093755
RELI,2024-06-18,26667125,1763866096.9812472
RELI,2024-06-20,11959614,1763866102.3106647
RELI,2024-12-23,28272041,1763866115.8342035
RELIW,2021-02-16,20880,1763866116.9981194
RELIW,2021-02-17,23711,1763866118.0085998
RELIW,2021-03-03,46899,1763866119.0134194
RELIW,2021-03-08,13309,1763866120.0170386
RELIW,2021-12-21,262613,1763866121.0226789
RELIW,2021-12-28,117779,1763866122.0295465
RELIW,2021-12-30,99239,1763866123.0248082
RELIW,2022-01-03,124585,1763866124.039462
RELIW,2022-01-04,241204,1763866125.0891047
RELIW,2022-01-10,89953,1763866126.0798979
RELIW,2022-01-11,97550,1763866127.1147592
RELIW,2022-01-14,70502,1763866128.12549
RELIW,2022-01-25,43754,1763866129.1315253
RELIW,2022-02-10,26230,1763866130.1137753
RELIW,2022-02-11,26829,1763866131.114263
RELIW,2022-02-14,37453,1763866132.0962725
RELL,2021-02-09,452754,1763866133.1602616
RELY,2023-08-03,3208749,1763866135.2491162
RELY,2024-10-31,3517264,1763866137.6956637
RENT,2022-03-18,1203448,1763866139.0617132
RENT,2022-12-08,7606938,1763866142.6118398
RENT,2023-12-11,488695,1763866143.7228398
RENT,2024-01-08,384219,1763866144.7651184
RENT,2024-01-09,1085327,1763866146.015273
RENT,2024-04-10,2149226,1763866147.5504472
RENT,2024-04-11,20372219,1763866156.4072776
RENT,2024-04-12,27116903,1763866168.5982535
RENT,2024-05-10,512792,1763866169.871653
RENT,2024-05-13,932276,1763866171.041556
RENT,2024-05-14,1190070,1763866172.3238218
RENT,2024-05-17,1270366,1763866173.6704884
RENT,2024-05-30,417707,1763866174.744466
REPL,2020-04-30,138766,1763866175.7425148
REPL,2020-10-14,4390014,1763866178.0207527
REPL,2024-06-06,2439079,1763866179.730848
REPL,2024-11-22,2960245,1763866181.7129035
RERE,2022-04-29,899540,1763866182.8776624
RERE,2024-03-12,4877707,1763866185.4532497
RETO,2020-01-13,39197,1763866186.4600532
RETO,2020-01-27,31366,1763866187.4588919
RETO,2020-01-29,41713,1763866188.4635706
RETO,2020-01-30,99577,1763866189.4675665
RETO,2020-03-31,22719,1763866190.4562447
RETO,2020-05-20,47233,1763866191.4737382
RETO,2020-05-21,156763,1763866192.4978366
RETO,2020-05-28,50606,1763866193.499421
RETO,2020-06-12,310339,1763866194.528757
RETO,2020-07-10,2528410,1763866196.287132
RETO,2020-08-27,255478,1763866197.3761084
RETO,2020-09-04,2853448,1763866199.2371082
RETO,2020-09-16,1028164,1763866200.4643598
RETO,2020-10-09,589467,1763866201.5912538
RETO,2021-02-22,18348583,1763866209.8218122
RETO,2021-03-04,11577301,1763866215.0277264
RETO,2021-05-05,225795,1763866216.1288304
RETO,2021-06-23,5200407,1763866218.7353654
RETO,2021-10-27,939969,1763866219.998438
RETO,2021-11-09,402392,1763866221.023216
RETO,2021-11-16,2088357,1763866222.6677527
RETO,2021-12-23,663377,1763866223.8012521
RETO,2022-08-09,3613053,1763866225.7873037
RETO,2022-10-13,42903,1763866226.8093112
RETO,2022-11-01,89321,1763866227.8196716
RETO,2023-07-12,205656,1763866228.842855
RETO,2023-08-03,1630494,1763866230.2244802
RETO,2023-08-15,916604,1763866231.4106336
RETO,2023-08-16,1082822,1763866232.6590707
RETO,2023-08-18,472803,1763866233.7293003
RETO,2023-08-30,1256579,1763866234.9999657
RETO,2023-10-11,255388,1763866236.0057971
RETO,2024-02-08,64921,1763866236.997135
RETO,2024-03-06,814454,1763866238.1732807
RETO,2024-03-21,519639,1763866239.241892
RETO,2024-04-10,517368,1763866240.2739635
RETO,2024-06-05,68761,1763866241.264283
RETO,2024-06-27,245111,1763866242.3014047
RETO,2024-08-23,765912,1763866243.4923155
RETO,2024-08-30,170201,1763866244.524075
REVB,2022-02-23,5232357,1763866247.2883122
REVB,2022-03-09,2430562,1763866248.881567
REVB,2022-03-15,2188969,1763866250.394855
REVB,2022-03-17,581524,1763866252.5922556
REVB,2022-03-23,3082749,1763866254.6550643
REVB,2022-04-20,152746,1763866255.6749065
REVB,2022-04-21,920280,1763866256.8718734
REVB,2022-06-14,213881,1763866257.8748233
REVB,2022-06-29,335632,1763866258.906955
REVB,2022-06-30,12939949,1763866264.9898593
REVB,2022-07-06,2515539,1763866266.7514086
REVB,2022-07-25,8523233,1763866270.9127316
REVB,2022-10-06,538606,1763866272.077296
REVB,2022-10-25,4016841,1763866274.2204027
REVB,2022-12-12,118675,1763866275.2534952
REVB,2022-12-27,77727,1763866276.233876
REVB,2023-04-14,452585,1763866277.2916493
REVB,2023-04-17,2253036,1763866278.8805802
REVB,2023-09-06,91144,1763866279.887661
REVB,2024-01-24,3953116,1763866281.8737788
REVB,2024-01-29,6372214,1763866284.912935
REVB,2024-01-31,2267843,1763866286.5464315
REVB,2024-06-24,8965649,1763866290.6587229
REVB,2024-08-21,18715439,1763866299.839923
REVB,2024-12-24,281776,1763866301.0331874
REVB,2024-12-31,549619,1763866302.1078486
REX,2023-11-30,386886,1763866303.1499708
REX,2024-03-28,931449,1763866304.2955158
REZI,2020-11-05,2196000,1763866305.7917318
RFpC,2020-03-19,102905,1763866306.8210504
RGC,2021-08-25,13542741,1763866312.4548936
RGC,2021-08-31,1510667,1763866313.9102511
RGNX,2021-09-13,1798725,1763866315.422618
RGNX,2024-03-05,2150293,1763866317.0574374
RGS,2020-03-24,540278,1763866318.2009277
RGS,2022-06-10,2407121,1763866319.728199
RGS,2022-06-22,907204,1763866320.9047968
RGS,2022-08-15,2867459,1763866322.5396564
RGS,2023-12-07,136365,1763866323.5476673
RGS,2023-12-26,174021,1763866324.5316007
RGS,2023-12-27,267236,1763866325.6787856
RGS,2023-12-28,203449,1763866326.7117734
RGS,2024-06-25,21823532,1763866336.0301435
RGTI,2023-02-03,788316,1763866337.388559
RGTI,2023-02-10,1637166,1763866338.7834432
RGTI,2023-05-26,928331,1763866340.1859734
RGTI,2023-06-06,1226610,1763866341.5685594
RGTI,2023-06-08,2392544,1763866343.4314425
RGTI,2023-08-01,5824245,1763866346.6614547
RGTI,2023-08-11,11205694,1763866352.0272253
RGTI,2024-07-10,2267066,1763866353.7942033
RGTI,2024-11-25,34611015,1763866370.148793
RGTI,2024-12-06,19973974,1763866379.8438413
RGTI,2024-12-10,50258477,1763866402.2896068
RGTI,2024-12-16,51276092,1763866425.9070773
RGTI,2024-12-17,70131647,1763866458.1113222
RGTI,2024-12-20,59044292,1763866484.8039947
RGTI,2024-12-23,70061094,1763866516.7327974
RGTI,2024-12-26,33555375,1763866532.2185936
RGTIW,2022-05-13,96714,1763866533.4861245
RGTIW,2022-06-16,25980,1763866534.4822378
RGTIW,2024-11-25,342727,1763866535.5313344
RGTIW,2024-12-10,628163,1763866536.678783
RGTIW,2024-12-11,970031,1763866537.9110217
RGTIW,2024-12-20,522835,1763866538.9969816
RGTIW,2024-12-23,518395,1763866540.067856
RGTIW,2024-12-26,318652,1763866541.0676255
RGTIW,2024-12-27,864410,1763866542.1922696
RH,2020-03-24,2851519,1763866543.708812
RHP,2020-03-19,2709947,1763866545.2275586
RHP,2020-03-24,2068573,1763866546.6171732
RHP,2020-11-09,1821442,1763866547.9901812
RICK,2020-04-29,417980,1763866549.0677445
RICK,2020-05-18,471664,1763866550.1167748
RICK,2021-02-10,332627,1763866551.1584668
RIG,2020-04-09,8828691,1763866554.6996927
RIG,2020-06-05,10043089,1763866558.4161124
RIG,2020-06-08,16143002,1763866564.3108416
RIG,2020-11-23,8386691,1763866567.5865517
RIG,2020-11-24,13971749,1763866572.6397467
RIG,2021-01-27,13365488,1763866577.7807806
RIGL,2020-07-13,1941662,1763866579.3639393
RIGL,2020-07-14,34189473,1763866594.567584
RIGL,2022-12-02,5107133,1763866597.289227
RIGL,2023-05-17,1924276,1763866598.881981
RIGL,2024-06-27,762439,1763866600.0710082
RIGL,2024-11-08,782645,1763866601.2558558
RILY,2023-05-05,1027434,1763866603.1575637
RILY,2024-02-22,2359373,1763866605.0712206
RILY,2024-03-04,2848939,1763866607.1595218
RILY,2024-04-24,6155574,1763866610.573493
RILY,2024-08-16,8141569,1763866614.8489845
RILY,2024-08-21,11782108,1763866620.2588246
RILY,2024-10-14,5005188,1763866623.009876
RILYG,2020-03-19,80813,1763866624.0660987
RILYG,2024-08-16,190223,1763866625.112915
RILYG,2024-10-14,132446,1763866626.1727457
RILYK,2024-08-22,197137,1763866627.185516
RILYL,2024-08-16,154949,1763866628.1830204
RILYL,2024-08-21,57923,1763866629.1690137
RILYL,2024-08-22,75218,1763866630.188311
RILYL,2024-10-14,52701,1763866631.2006297
RILYL,2024-10-16,68678,1763866632.221231
RILYN,2024-08-16,337912,1763866633.2645192
RILYN,2024-08-22,408195,1763866634.3265383
RILYP,2020-03-19,20924,1763866635.3432674
RILYP,2024-08-16,380918,1763866636.417673
RILYP,2024-08-21,113175,1763866637.4418533
RILYP,2024-08-22,192312,1763866638.4685318
RILYP,2024-10-14,102555,1763866639.489909
RILYT,2024-08-22,304341,1763866640.6996863
RILYZ,2020-03-19,70497,1763866641.7208476
RILYZ,2024-08-16,502626,1763866642.8176775
RIME,2024-09-16,59626,1763866643.8294594
RIME,2024-10-07,13284549,1763866649.3568861
RIME,2024-12-09,8805896,1763866653.2985778
RIME,2024-12-17,14751564,1763866659.4505687
RIME,2024-12-23,2519649,1763866661.2488847
RIME,2024-12-31,2080695,1763866662.853607
RITR,2024-08-26,970347,1763866664.1247528
RITR,2024-10-01,225251,1763866665.1633396
RITR,2024-11-05,201825,1763866666.1988401
RITR,2024-12-04,688829,1763866667.3423924
RIVN,2024-06-26,56873208,1763866692.8206942
RKDA,2020-01-30,872342,1763866694.3958085
RKDA,2021-02-10,3415359,1763866696.507218
RKDA,2021-03-31,12511176,1763866702.3899972
RKDA,2022-01-04,2010165,1763866704.0486178
RKDA,2022-03-10,4384562,1763866706.536933
RKDA,2022-03-24,1172051,1763866707.94686
RKDA,2022-12-13,85809,1763866708.9710195
RKDA,2023-03-02,3808462,1763866711.130579
RKDA,2023-09-01,105886,1763866712.1578248
RKDA,2023-12-28,226588,1763866713.159003
RKDA,2024-05-14,107837,1763866714.1508322
RKDA,2024-12-05,23566763,1763866724.766548
RKLB,2021-09-09,13398761,1763866730.4822388
RKLB,2023-12-22,9403516,1763866734.931118
RKLB,2024-11-13,34107390,1763866750.3226233
RKT,2021-03-02,97572726,1763866787.0817504
RLAY,2021-10-08,1970364,1763866789.2351213
RLAY,2022-09-08,2730134,1763866791.0011506
RLAY,2024-09-09,7251339,1763866794.3016877
RLJ,2020-03-24,3707633,1763866796.274343
RLJ,2020-03-25,3779677,1763866798.1309445
RLJ,2020-11-09,1722074,1763866799.49937
RLJpA,2020-03-20,113020,1763866800.5060825
RLMD,2021-07-27,1893962,1763866801.9725075
RLMD,2022-12-09,1808003,1763866803.488309
RLMD,2022-12-12,1343591,1763866804.9567854
RLMD,2023-12-27,281131,1763866806.0273662
RLX,2022-03-15,11196873,1763866810.4806945
RLX,2022-03-16,13714718,1763866816.0447948
RLX,2022-10-26,4819873,1763866818.3955674
RLYB,2021-07-30,1643698,1763866819.8214986
RLYB,2022-05-23,348780,1763866820.8503747
RLYB,2022-12-13,358623,1763866821.9107583
RLYB,2024-02-06,246770,1763866822.960887
RLYB,2024-04-11,19037554,1763866832.0755212
RM,2020-05-15,417948,1763866833.2680008
RMAX,2020-03-19,573743,1763866834.3434353
RMCF,2020-03-23,38902,1763866835.3730748
RMCF,2021-02-05,476775,1763866836.4190743
RMCF,2021-02-09,339565,1763866837.4506433
RMCO,2023-11-08,325840,1763866838.5123835
RMCO,2023-11-16,164452,1763866839.5240555
RMCO,2023-12-22,12368620,1763866844.9852197
RMCO,2024-02-29,2475672,1763866846.6445172
RMCO,2024-06-03,137245,1763866847.65801
RMNI,2022-03-03,1417465,1763866848.9955866
RMNI,2024-12-16,924966,1763866850.241074
RMSG,2024-12-11,296961,1763866851.321835
RMSG,2024-12-19,100478,1763866852.393925
RMTI,2020-01-15,557046,1763866853.6675165
RMTI,2020-03-17,901156,1763866854.9722815
RMTI,2020-09-10,2065000,1763866856.5083053
RMTI,2020-09-22,2239281,1763866858.146727
RMTI,2021-02-09,1867477,1763866859.7165473
RMTI,2021-11-17,2158729,1763866861.3682313
RMTI,2022-01-13,3255878,1763866863.4507065
RMTI,2023-02-02,1357214,1763866864.7616231
RMTI,2023-07-17,2126416,1763866866.4338572
RNA,2022-12-14,13496309,1763866872.3289745
RNA,2024-06-12,5771839,1763866875.5197513
RNAC,2023-12-01,629328,1763866876.916001
RNAZ,2021-09-23,32675804,1763866891.9382858
RNAZ,2022-06-14,142493,1763866893.2150948
RNAZ,2022-10-26,4709121,1763866895.8930345
RNAZ,2022-12-07,8238993,1763866899.4201405
RNAZ,2022-12-21,144510,1763866900.4849548
RNAZ,2022-12-28,444905,1763866902.650546
RNAZ,2022-12-29,1142452,1763866903.9324293
RNAZ,2023-02-01,2019849,1763866905.457981
RNAZ,2023-02-15,4821043,1763866907.8973038
RNAZ,2023-04-05,1408176,1763866909.3035939
RNAZ,2023-05-23,235885,1763866910.3251607
RNAZ,2023-06-02,265931,1763866911.374735
RNAZ,2023-09-20,3266498,1763866913.2504315
RNAZ,2023-09-25,14296779,1763866919.5378952
RNAZ,2023-10-24,4720424,1763866921.958087
RNAZ,2023-11-08,313974,1763866923.0323913
RNAZ,2023-11-30,1958262,1763866924.460455
RNAZ,2024-01-11,2716866,1763866926.1005652
RNAZ,2024-05-03,941513,1763866927.3564463
RNAZ,2024-05-07,911786,1763866928.5571263
RNAZ,2024-05-09,723956,1763866929.703776
RNAZ,2024-05-10,2608618,1763866931.3832104
RNAZ,2024-05-14,1169403,1763866932.658478
RNAZ,2024-05-17,595004,1763866933.7599752
RNAZ,2024-05-24,497623,1763866934.8552291
RNAZ,2024-09-17,366936,1763866935.9205592
RNAZ,2024-09-18,584043,1763866937.0011382
RNAZ,2024-09-24,498483,1763866938.0569093
RNAZ,2024-09-25,1406207,1763866939.3489099
RNAZ,2024-10-03,401418,1763866940.4993196
RNAZ,2024-10-10,671430,1763866941.588727
RNAZ,2024-11-26,786434,1763866942.713703
RNG,2021-11-10,6671627,1763866945.618263
RNG,2022-11-10,6654704,1763866948.711898
RNGR,2020-03-12,58006,1763866949.7410111
RNGR,2020-03-13,66769,1763866950.7471251
RNP,2020-03-19,596739,1763866951.947961
RNWWW,2022-01-28,29675,1763866952.931456
RNXT,2021-08-27,2616566,1763866954.5848975
RNXT,2021-08-30,10017211,1763866959.079517
RNXT,2021-09-07,6550403,1763866962.2333024
RNXT,2021-11-10,29764654,1763866975.5896068
RNXT,2021-11-30,3206464,1763866977.7593567
RNXT,2022-03-23,310169,1763866978.7991588
RNXT,2022-12-15,106200,1763866979.7904506
RNXT,2023-01-17,67824,1763866980.7704062
RNXT,2023-03-29,133286,1763866981.7710497
RNXT,2023-06-29,6816752,1763866985.2504952
RNXT,2023-12-28,137521,1763866986.3063073
RNXT,2023-12-29,364485,1763866987.3599236
RNXT,2024-01-29,56061,1763866988.3722658
RNXT,2024-04-08,295108,1763866989.4183743
RNXT,2024-09-20,43746,1763866990.4283462
RNXT,2024-11-22,105011,1763866991.427322
ROG,2021-11-02,2223292,1763866993.0352733
ROIV,2021-10-26,925189,1763866994.2675383
ROIV,2021-12-01,1742793,1763866995.7794175
ROIV,2021-12-20,2195409,1763866997.5302484
ROKU,2023-07-28,25093452,1763867009.6915584
ROKU,2023-11-02,19639003,1763867019.1811705
ROMA,2024-01-10,7147291,1763867022.5432303
ROMA,2024-01-11,14700360,1763867028.7680612
ROMA,2024-01-17,3668145,1763867030.9197032
ROMA,2024-02-02,1630232,1763867032.343464
ROMA,2024-02-08,1445025,1763867033.6787913
ROMA,2024-02-15,1438736,1763867035.0301418
ROMA,2024-02-22,1531049,1763867036.4493847
ROMA,2024-03-01,520347,1763867037.5193558
ROOT,2021-01-13,2772919,1763867039.30351
ROOT,2021-08-30,12287918,1763867044.810761
ROOT,2021-11-11,9153327,1763867049.0792193
ROOT,2023-06-21,1423184,1763867050.5307317
ROOT,2023-06-22,6391882,1763867053.528052
ROOT,2024-02-22,3280202,1763867055.566973
ROOT,2024-02-23,4753919,1763867058.0372334
ROOT,2024-02-26,3029271,1763867059.9393234
ROOT,2024-03-01,3358177,1763867061.89022
ROOT,2024-10-31,12948900,1763867067.4347458
RPAY,2022-11-10,3292727,1763867069.6699493
RPD,2023-02-01,4707620,1763867072.2388797
RPID,2022-06-30,1736376,1763867073.7224493
RPT,2020-11-09,742360,1763867074.837367
RPTX,2022-06-02,9519487,1763867079.1413567
RPTX,2023-11-15,530616,1763867080.3808987
RPTX,2024-12-11,406191,1763867081.500151
RR,2024-01-25,692992,1763867082.6427455
RR,2024-07-22,15418455,1763867089.4114377
RR,2024-07-29,3382914,1763867091.3872602
RR,2024-08-20,11413984,1763867096.0232482
RR,2024-08-26,8149838,1763867099.9584746
RR,2024-09-23,5147455,1763867102.5547757
RR,2024-12-09,1160464,1763867103.876341
RR,2024-12-17,3269099,1763867105.7538483
RR,2024-12-18,5508760,1763867108.5351012
RR,2024-12-23,4387518,1763867110.9806848
RR,2024-12-26,4918755,1763867114.0260923
RR,2024-12-27,9132253,1763867118.206819
RR,2024-12-30,8189865,1763867121.894277
RRBI,2020-03-17,48356,1763867122.9716644
RRC,2020-03-09,6183132,1763867125.6211457
RRC,2020-03-13,6607210,1763867128.5288682
RRGB,2020-03-19,911037,1763867129.8278518
RRGB,2020-03-23,1088724,1763867131.119236
RRGB,2020-03-25,1460940,1763867132.5491998
RRGB,2020-11-09,1226718,1763867133.8903708
RRGB,2023-03-01,1282328,1763867135.297547
RRR,2020-03-19,2799872,1763867137.2104244
RRR,2020-03-20,3206203,1763867139.1416059
RSI,2024-03-07,2739749,1763867140.8164086
RSI,2024-05-02,2702554,1763867142.4479258
RSVRW,2021-09-07,42417,1763867143.4316704
RSVRW,2022-01-13,15669,1763867144.4581628
RSVRW,2022-02-11,26889,1763867145.449159
RSVRW,2022-05-13,15188,1763867146.4604075
RSVRW,2022-10-03,32745,1763867147.4627736
RSVRW,2023-10-31,14976,1763867148.4430115
RSVRW,2023-11-02,21906,1763867149.4462953
RSVRW,2024-03-27,16615,1763867150.4363756
RSVRW,2024-04-22,13036,1763867151.4060977
RSVRW,2024-06-28,31518,1763867152.4123352
RSVRW,2024-07-31,20508,1763867153.4186327
RSVRW,2024-08-30,13986,1763867154.3982744
RSVRW,2024-09-30,14002,1763867155.3880298
RUM,2024-01-22,5874676,1763867158.503079
RUM,2024-01-23,22979325,1763867169.2845807
RUM,2024-12-23,20973275,1763867179.19357
RUM,2024-12-26,10601188,1763867184.0803027
RUMBW,2023-01-06,36130,1763867185.1405709
RUMBW,2024-01-22,40406,1763867186.1515515
RUMBW,2024-01-23,96588,1763867187.1601398
RUMBW,2024-07-15,34485,1763867188.1797996
RUMBW,2024-12-23,226063,1763867189.1913269
RUMBW,2024-12-26,81892,1763867190.1725578
RUN,2022-07-28,15395867,1763867197.4752676
RUN,2022-11-10,10981286,1763867203.1912365
RVLV,2020-05-08,1456646,1763867204.5498888
RVLV,2021-02-25,4099869,1763867206.6707222
RVLV,2024-08-07,3548768,1763867208.5970047
RVMDW,2023-12-05,36597,1763867209.6661277
RVPH,2021-04-26,17853624,1763867217.3980136
RVPH,2022-06-30,73546,1763867218.573024
RVPH,2022-08-22,297048,1763867219.61686
RVPH,2022-08-23,1142084,1763867220.8599048
RVPH,2022-08-29,3747323,1763867222.9329653
RVPH,2023-10-30,11986418,1763867228.5932586
RVPH,2024-07-23,363705,1763867229.722838
RVPH,2024-08-20,1199575,1763867230.9867132
RVPH,2024-11-12,720972,1763867232.1728587
RVPH,2024-12-09,4587056,1763867234.8420217
RVPH,2024-12-10,6121788,1763867237.9893763
RVPHW,2021-04-26,349917,1763867239.0659997
RVPHW,2022-11-07,78784,1763867240.0645483
RVPHW,2022-11-16,31599,1763867241.0695193
RVPHW,2023-04-25,50987,1763867242.061766
RVPHW,2023-05-03,38961,1763867243.0505047
RVPHW,2023-09-08,22759,1763867244.0480778
RVPHW,2023-10-30,73043,1763867245.0384467
RVPHW,2023-11-21,26221,1763867246.0660818
RVPHW,2023-11-22,16674,1763867247.062727
RVPHW,2023-12-22,23811,1763867248.071406
RVSN,2022-05-04,16511538,1763867255.8942077
RVSN,2022-05-12,215677,1763867257.037792
RVSN,2022-08-03,278073,1763867258.0522041
RVSN,2022-10-07,80021,1763867259.0671048
RVSN,2022-10-27,34898,1763867260.066111
RVSN,2023-02-02,226298,1763867261.21392
RVSN,2023-11-14,1918484,1763867262.61014
RVSN,2023-11-15,1499701,1763867263.8947954
RVSN,2024-01-16,6884747,1763867267.1331334
RVSN,2024-01-17,8070358,1763867270.8909626
RVSN,2024-01-22,8347183,1763867274.8834934
RVSN,2024-01-23,30421804,1763867288.708715
RVSN,2024-01-25,13743786,1763867294.5489876
RVSN,2024-01-26,14160752,1763867300.6983414
RVSN,2024-01-29,15167322,1763867307.1500375
RVSN,2024-01-30,19646384,1763867315.9285538
RVSN,2024-02-05,5280797,1763867318.4473934
RVSN,2024-02-29,4634479,1763867320.8709447
RVSN,2024-03-06,15996573,1763867328.17124
RVSN,2024-03-11,8289707,1763867331.8485694
RVSN,2024-04-09,6960622,1763867335.3459675
RVSN,2024-07-26,462673,1763867336.4738805
RVSN,2024-12-27,11568796,1763867341.5817907
RVSN,2024-12-30,14861603,1763867348.6299417
RVYL,2023-01-05,141679,1763867349.7519393
RVYL,2023-04-10,82440,1763867350.7255523
RVYL,2023-04-17,101643,1763867351.7274678
RVYL,2023-05-24,88751,1763867352.731223
RVYL,2023-06-27,631582,1763867353.8294427
RVYL,2023-07-13,156236,1763867354.8336325
RVYL,2023-09-11,493197,1763867355.923173
RVYL,2023-11-21,54632,1763867356.9404182
RVYL,2023-11-22,329314,1763867357.9568515
RVYL,2023-12-19,131625,1763867358.9763281
RVYL,2024-06-10,191381,1763867360.0069313
RVYL,2024-07-08,88456,1763867361.0434833
RVYL,2024-10-02,96954,1763867362.069295
RVYL,2024-10-10,91285,1763867363.070717
RVYL,2024-11-25,182591,1763867364.0763772
RWT,2020-03-25,6441240,1763867366.7104402
RWT,2020-03-26,10682020,1763867370.776227
RWT,2020-04-07,5462823,1763867373.357823
RXRX,2023-05-22,5369545,1763867376.2189884
RXRX,2023-07-12,20607910,1763867385.68163
RXST,2022-01-10,301960,1763867386.8798237
RXT,2022-11-10,1686220,1763867388.3735662
RXT,2023-05-22,1012665,1763867389.6385057
RXT,2023-06-30,3720706,1763867391.854295
RXT,2023-09-19,2955412,1763867393.8416255
RYAM,2020-03-13,562139,1763867394.9752843
RYAM,2020-03-20,679852,1763867396.0914643
RYAM,2020-04-29,800666,1763867397.2086406
RYAM,2020-06-03,668334,1763867398.3099716
RYAM,2020-11-24,898248,1763867399.4333386
RYAM,2022-11-02,1090129,1763867400.5990436
RYAM,2024-08-07,1140961,1763867401.8137605
RYTM,2022-07-12,1635490,1763867403.295008
RYTM,2022-07-13,7512854,1763867406.7401123
RYTM,2022-08-02,2157192,1763867408.4107685
RYTM,2023-08-01,2070922,1763867410.228665
RZLT,2021-03-08,26826,1763867411.2523327
RZLT,2021-05-03,111522,1763867412.2731524
RZLT,2021-05-27,829016,1763867413.423572
RZLT,2021-06-01,211343,1763867414.46927
RZLT,2022-03-18,61361,1763867415.5152943
RZLT,2024-06-05,602686,1763867416.72468
RZLV,2024-08-21,240832,1763867417.8062234
RZLV,2024-08-22,428037,1763867418.9127955
RZLV,2024-09-17,253001,1763867420.7578478
RZLV,2024-09-19,4822418,1763867423.795921
RZLV,2024-09-25,1519785,1763867425.2918506
RZLV,2024-10-03,2444134,1763867427.0410426
RZLV,2024-12-11,11897643,1763867433.1511636
RZLV,2024-12-17,12285456,1763867438.9703736
RZLV,2024-12-18,18181306,1763867448.0397184
RZLV,2024-12-26,8158371,1763867452.1765535
RZLVW,2024-12-30,100334,1763867453.261558
S,2020-02-11,24032094,1763867463.45055
S,2021-06-30,5652089,1763867466.605404
SA,2020-03-17,1113356,1763867467.9151103
SABR,2020-03-23,7004005,1763867471.6674776
SABR,2020-03-24,7500851,1763867475.5233488
SABR,2020-03-25,6744024,1763867479.1881034
SABR,2020-11-09,7519209,1763867483.2216873
SABR,2023-08-03,4397497,1763867486.0009634
SABS,2021-10-26,498738,1763867487.1339085
SABS,2021-11-02,1903005,1763867488.6055112
SABS,2022-03-31,1552911,1763867489.975599
SABS,2022-06-24,60397,1763867490.985714
SABS,2023-04-13,2820056,1763867492.8615458
SABS,2023-04-18,4239111,1763867495.14676
SABS,2023-04-27,211471,1763867496.1987586
SABS,2023-05-04,1490690,1763867497.654083
SABS,2024-10-16,158682,1763867498.6617372
SABS,2024-12-09,201135,1763867499.7022703
SABS,2024-12-19,108459,1763867500.7061818
SABSW,2021-10-26,77880,1763867501.7151096
SABSW,2021-11-02,248911,1763867502.7331333
SAH,2020-04-29,839181,1763867504.0228562
SAIH,2024-10-16,3852293,1763867506.129417
SAIH,2024-10-18,1084167,1763867507.4775224
SAIL,2021-11-10,3671028,1763867509.5549545
SAM,2024-05-31,2745467,1763867511.290894
SAMG,2020-03-17,60978,1763867512.301698
SANA,2023-04-13,1718390,1763867513.8526506
SANA,2024-01-10,14287942,1763867520.3911119
SANG,2024-05-20,29385,1763867521.4811554
SANM,2024-01-30,3326945,1763867523.613473
SAR,2020-03-19,386038,1763867524.6947322
SAR,2020-03-25,202198,1763867525.7287397
SAR,2020-03-26,241974,1763867526.7825534
SATL,2023-11-20,61445,1763867527.7767203
SATL,2023-11-27,59988,1763867528.7697294
SATL,2023-11-29,119384,1763867529.7731032
SATL,2023-12-07,502387,1763867530.8894186
SATL,2024-03-04,221681,1763867531.9001675
SATL,2024-05-08,105801,1763867532.918731
SATL,2024-07-12,96819,1763867533.9313154
SATL,2024-11-20,103941,1763867534.9630065
SATL,2024-11-29,200426,1763867535.9440126
SATL,2024-12-04,264301,1763867536.9629886
SATL,2024-12-05,1714016,1763867538.5816405
SATL,2024-12-06,3547096,1763867540.6229064
SATL,2024-12-09,5107308,1763867543.3818443
SATLW,2022-04-06,54255,1763867544.4198546
SATLW,2022-04-27,32357,1763867545.4054818
SATLW,2022-05-04,222868,1763867546.4194348
SATS,2024-01-10,7055065,1763867550.1081114
SAVA,2020-01-03,9522843,1763867554.3493521
SAVA,2020-01-28,2121975,1763867555.973494
SAVA,2020-04-23,1342909,1763867557.3838968
SAVA,2020-06-03,12207978,1763867562.8581722
SAVA,2020-07-13,2473619,1763867564.9244375
SAVA,2020-08-12,2093854,1763867566.8794277
SAVA,2020-09-14,29459393,1763867580.3054595
SAVA,2020-09-18,20804637,1763867589.2289195
SAVA,2020-11-04,10853995,1763867594.0972102
SAVA,2021-01-13,5055467,1763867596.712203
SAVA,2021-01-26,2929381,1763867598.5757494
SAVA,2021-02-02,31100484,1763867612.3652458
SAVA,2021-02-03,54914041,1763867635.1637485
SAVA,2021-02-04,50379633,1763867655.9220104
SAVA,2021-02-08,20986470,1763867665.885892
SAVA,2021-06-11,5381803,1763867668.6938193
SAVA,2021-07-21,7300408,1763867672.323953
SAVA,2021-11-02,13757439,1763867678.9119172
SAVA,2021-11-04,22782601,1763867690.4414864
SAVA,2021-12-21,13421690,1763867696.8193538
SAVA,2022-05-31,3988199,1763867699.209822
SAVA,2022-08-17,13054738,1763867704.8775334
SAVA,2022-09-20,3708264,1763867707.1500182
SAVA,2022-09-22,13195363,1763867712.9927099
SAVA,2023-12-21,2226792,1763867714.688342
SAVA,2024-07-22,4572505,1763867717.1266012
SAVA,2024-07-31,4586879,1763867719.6730795
SAVA,2024-08-05,9825285,1763867724.0712607
SAVA,2024-11-21,2887325,1763867725.9277864
SB,2020-03-17,304262,1763867727.0173051
SBC,2024-09-25,1070897,1763867728.2284575
SBET,2022-06-06,62307,1763867729.2230604
SBET,2022-06-09,107819,1763867730.335494
SBET,2023-01-31,155751,1763867731.351241
SBET,2023-02-01,2894311,1763867733.389323
SBET,2024-01-19,26783,1763867734.41729
SBET,2024-02-13,103959,1763867735.4109035
SBET,2024-07-08,162674,1763867736.4164934
SBET,2024-09-23,86413,1763867737.4362767
SBET,2024-11-08,828832,1763867738.6498892
SBET,2024-12-06,2943989,1763867740.5811925
SBFM,2022-01-03,26678,1763867741.5821803
SBFM,2022-01-25,32029,1763867742.5786643
SBFM,2022-03-09,12182428,1763867748.172804
SBFM,2022-03-15,1571851,1763867749.7665696
SBFM,2022-04-05,26701016,1763867762.7882223
SBFM,2022-04-06,37225417,1763867779.9993331
SBFM,2022-04-07,29443786,1763867793.427384
SBFM,2022-04-19,4760702,1763867795.9361167
SBFM,2022-04-25,8291493,1763867799.8007243
SBFM,2022-05-24,1471444,1763867801.2250185
SBFM,2022-07-26,3493326,1763867803.1908474
SBFM,2022-10-14,407328,1763867804.247583
SBFM,2022-10-19,687360,1763867805.328428
SBFM,2023-05-11,8142763,1763867809.132782
SBFM,2024-03-05,15037248,1763867815.272377
SBFM,2024-04-01,7635985,1763867818.629702
SBFM,2024-04-03,2014127,1763867820.2125788
SBFM,2024-04-05,1424896,1763867821.5731428
SBFM,2024-04-16,5506411,1763867823.9735217
SBFM,2024-04-26,7060442,1763867827.0998979
SBFM,2024-05-14,1200604,1763867828.4629054
SBFM,2024-06-13,1541992,1763867829.752592
SBFM,2024-06-18,641134,1763867830.883649
SBFM,2024-06-25,548487,1763867831.927819
SBFM,2024-11-22,6645443,1763867835.1863868
SBFMW,2022-03-15,37077,1763867836.2243602
SBFMW,2022-03-16,35394,1763867837.2857368
SBFMW,2022-03-17,18379,1763867838.277342
SBFMW,2022-03-21,16102,1763867839.2737508
SBFMW,2022-04-05,162181,1763867840.2672942
SBFMW,2022-04-06,262663,1763867841.3423133
SBFMW,2022-04-07,214919,1763867842.4152389
SBFMW,2022-04-12,91957,1763867843.4292724
SBFMW,2022-04-19,41244,1763867844.424262
SBFMW,2022-04-22,16677,1763867845.424976
SBFMW,2022-04-25,18923,1763867846.4124162
SBFMW,2022-04-27,17300,1763867847.4249544
SBFMW,2022-05-05,15098,1763867848.445323
SBFMW,2022-05-11,12238,1763867849.4432595
SBFMW,2022-05-17,15946,1763867850.4421444
SBFMW,2022-05-19,15645,1763867851.4310634
SBFMW,2022-07-26,15565,1763867852.4318085
SBFMW,2022-08-09,11945,1763867853.4200513
SBFMW,2023-05-11,30901,1763867854.405478
SBGI,2020-03-25,3027000,1763867856.42994
SBGI,2023-11-02,1476830,1763867857.9161737
SBRA,2020-03-19,2723910,1763867859.7561812
SCKT,2020-05-19,31466,1763867860.7706518
SCKT,2020-06-02,366709,1763867861.8280342
SCKT,2020-07-21,132668,1763867862.8244593
SCKT,2020-07-27,18875802,1763867871.8054988
SCKT,2020-10-23,29031834,1763867885.6746402
SCKT,2020-10-28,6299914,1763867888.92205
SCKT,2021-02-16,63272034,1763867916.148958
SCKT,2021-02-25,9059853,1763867920.33146
SCKT,2021-03-09,1480057,1763867921.71581
SCKT,2021-07-23,16567925,1763867928.8476655
SCLX,2022-11-23,120566,1763867929.9472134
SCLX,2023-01-03,211633,1763867931.1429887
SCLX,2023-01-26,972032,1763867932.3133874
SCLX,2023-04-05,3541263,1763867934.42907
SCLX,2023-05-15,640901,1763867935.6689644
SCLX,2023-11-24,250738,1763867936.665528
SCLX,2024-05-20,756218,1763867937.7793345
SCLX,2024-06-17,1267034,1763867939.1131124
SCLX,2024-10-16,971494,1763867940.3744223
SCLX,2024-11-25,473638,1763867941.4463072
SCLXW,2023-01-19,46066,1763867942.4453826
SCLXW,2023-01-26,40974,1763867943.4350545
SCLXW,2023-01-27,48707,1763867944.4353268
SCLXW,2023-02-06,34264,1763867945.4466734
SCLXW,2023-02-07,61791,1763867946.4467516
SCLXW,2023-04-05,92625,1763867947.465295
SCLXW,2023-04-10,63354,1763867948.4402196
SCLXW,2023-05-15,41334,1763867949.4173653
SCM,2020-03-19,367273,1763867950.5189152
SCM,2020-03-24,337137,1763867951.5578735
SCNI,2024-06-13,86852,1763867952.5682938
SCNI,2024-06-14,525130,1763867953.739323
SCNI,2024-06-17,13122947,1763867959.9515574
SCNI,2024-07-15,10885556,1763867965.138209
SCNI,2024-09-18,193516,1763867966.202346
SCOR,2020-03-19,399620,1763867967.3429215
SCOR,2021-01-07,381720,1763867968.3962123
SCOR,2023-12-19,211496,1763867969.4267943
SCOR,2024-11-13,169530,1763867970.451503
SCWO,2022-01-06,19011,1763867971.4391284
SCWO,2022-01-07,20837,1763867972.437163
SCWO,2022-06-14,161925,1763867973.4301748
SCWO,2022-06-30,418734,1763867974.491761
SCWO,2024-10-07,118112,1763867975.4950364
SCYX,2020-01-08,1142922,1763867976.8025222
SCYX,2020-10-08,126575,1763867977.7989047
SCYX,2021-11-15,634275,1763867978.9061086
SCYX,2023-03-01,210105,1763867979.9270542
SCYX,2023-03-21,202219,1763867980.9546502
SCYX,2023-03-22,2179386,1763867982.9975815
SCYX,2023-03-30,7090399,1763867986.5941577
SD,2020-03-20,304568,1763867987.6775188
SD,2020-03-25,223492,1763867988.712798
SD,2020-04-13,230264,1763867989.6940348
SD,2020-04-14,519578,1763867990.7679906
SD,2020-04-21,1219633,1763867991.9710672
SD,2020-04-27,554219,1763867993.0048826
SD,2020-08-03,370180,1763867994.03449
SD,2020-11-05,414159,1763867995.291329
SDA,2023-05-19,4905253,1763867997.9742858
SDA,2023-05-23,645822,1763867999.143684
SDA,2023-05-25,737187,1763868000.3302433
SDA,2023-05-31,5060325,1763868002.9825082
SDA,2023-06-12,682579,1763868004.246522
SDA,2023-06-15,940219,1763868005.4730616
SDA,2023-07-19,720284,1763868006.644613
SDA,2023-07-24,671197,1763868007.7311285
SDA,2023-08-04,584721,1763868008.8692966
SDGR,2020-02-20,2779705,1763868010.5890887
SDGR,2023-03-01,1552931,1763868012.0927987
SDOT,2024-06-14,504164,1763868013.2051513
SDOT,2024-07-15,168121,1763868014.3006022
SDOT,2024-11-20,148697,1763868015.3250725
SDOT,2024-11-29,128482,1763868016.313977
SDRL,2022-10-14,40687,1763868017.2789834
SDST,2024-07-12,190507,1763868018.3256269
SDST,2024-07-17,4000555,1763868020.571213
SDST,2024-07-31,510211,1763868021.7092412
SE,2022-11-15,21081986,1763868030.457271
SEATW,2022-05-26,92799,1763868031.594606
SEATW,2023-05-09,14385,1763868032.6774547
SEATW,2023-07-14,14118,1763868033.6676679
SEATW,2023-09-08,14857,1763868034.6602876
SEATW,2023-11-07,11714,1763868035.6536531
SEATW,2023-12-27,11787,1763868036.6281133
SEATW,2023-12-29,12805,1763868037.616579
SEATW,2024-02-02,10822,1763868038.5945768
SEATW,2024-02-23,15642,1763868039.5941515
SEED,2020-01-10,570395,1763868040.8245528
SEED,2020-06-12,145729,1763868041.8497167
SEED,2020-06-15,288277,1763868042.9332118
SEED,2020-07-02,406419,1763868043.9765399
SEED,2020-07-15,278657,1763868045.0214286
SEED,2020-07-27,272007,1763868046.0316381
SEED,2020-12-18,596236,1763868047.1249144
SEED,2021-07-08,1486000,1763868048.5279646
SEED,2021-07-12,4749977,1763868051.3373518
SEED,2022-02-07,2415983,1763868053.1303813
SEED,2022-03-04,712696,1763868054.4651322
SEED,2022-04-07,4183129,1763868056.936269
SEED,2023-11-20,42797,1763868057.985288
SEED,2024-02-21,5683657,1763868061.0384257
SEED,2024-05-09,287696,1763868065.0941267
SEED,2024-08-23,133083,1763868066.126059
SEER,2022-08-10,714163,1763868067.4942155
SEER,2023-03-03,1324645,1763868068.8942378
SELF,2024-05-07,613386,1763868070.0162675
SELX,2024-03-08,1575524,1763868071.3950655
SELX,2024-03-11,3376886,1763868073.4015229
SELX,2024-03-12,3307566,1763868075.4007363
SELX,2024-08-12,48715,1763868076.44126
SELX,2024-10-14,51571,1763868077.466554
SEMR,2021-06-24,2175172,1763868079.0663419
SENS,2020-03-25,1193140,1763868080.3328326
SENS,2020-12-23,4241987,1763868082.5027978
SENS,2020-12-24,12663179,1763868087.847035
SENS,2021-01-05,3502091,1763868089.7619298
SENS,2021-01-14,4771397,1763868092.1255622
SENS,2021-01-15,18952406,1763868099.8356774
SENS,2021-01-19,28601439,1763868111.4746983
SENS,2021-01-20,48365946,1763868131.5259366
SENS,2021-06-04,22676470,1763868140.2909558
SENS,2022-08-03,2008460,1763868141.9685092
SENS,2024-09-17,2913048,1763868143.5868447
SERA,2022-03-17,146431,1763868144.6199245
SERA,2022-03-21,225865,1763868145.6815288
SERA,2022-06-24,180970,1763868146.6936295
SERA,2023-02-15,8107327,1763868150.6756468
SERA,2023-02-16,10852285,1763868155.854879
SERA,2023-12-06,22065232,1763868166.0656304
SERA,2024-01-11,412355,1763868167.2958214
SERV,2024-05-29,518084,1763868168.362098
SERV,2024-05-30,1511168,1763868169.659279
SERV,2024-07-05,390055,1763868170.7041717
SERV,2024-07-19,54307663,1763868194.649467
SERV,2024-07-22,93558993,1763868235.343758
SERV,2024-07-25,16656720,1763868243.1301827
SERV,2024-07-26,30289107,1763868256.9216003
SERV,2024-07-29,40415704,1763868274.7275193
SERV,2024-08-06,12564305,1763868280.1674316
SERV,2024-08-14,15920739,1763868287.1183546
SERV,2024-10-28,5207147,1763868289.752268
SES,2020-04-23,64154,1763868290.7728634
SES,2020-04-24,146508,1763868291.7784388
SES,2022-02-04,271686,1763868292.7862442
SES,2022-03-07,821383,1763868293.932441
SES,2024-12-26,15553948,1763868299.9811704
SES,2024-12-27,28673100,1763868311.4464686
SES.WS,2022-03-24,254830,1763868312.6312306
SES.WS,2022-05-13,96654,1763868313.6523097
SES.WS,2022-09-06,13246,1763868314.6294465
SEV,2022-04-19,16192794,1763868321.5375009
SEV,2022-11-11,1365582,1763868323.0670905
SEV,2023-01-13,875946,1763868324.1868157
SEZL,2023-09-19,2238537,1763868325.750307
SEZL,2023-11-10,86768,1763868326.7572188
SEZL,2023-12-19,131975,1763868327.7770565
SEZL,2023-12-22,327214,1763868328.8000102
SEZL,2024-01-18,238057,1763868329.8316967
SEZL,2024-05-09,1159669,1763868331.1028068
SEZL,2024-08-08,382965,1763868332.1685977
SEZL,2024-11-08,1917590,1763868333.5592666
SFHG,2024-10-17,221853,1763868334.6310139
SFHG,2024-12-05,1169331,1763868335.9545977
SFHG,2024-12-26,683100,1763868337.0579798
SFHG,2024-12-27,1651060,1763868338.4190197
SFIX,2020-12-08,10871816,1763868343.2628634
SFIX,2022-11-10,2212360,1763868345.0296206
SFIX,2023-06-07,6675306,1763868348.4730642
SFIX,2024-06-05,5437926,1763868351.1875212
SFIX,2024-12-11,7653177,1763868354.7521846
SFpB,2020-03-19,54019,1763868381.8688016
SFWL,2023-04-10,378747,1763868355.8754573
SFWL,2023-05-09,8310250,1763868359.6484594
SFWL,2023-05-11,2107775,1763868361.2807999
SFWL,2023-05-31,376243,1763868362.3646443
SFWL,2023-06-26,1311316,1763868363.7697132
SFWL,2023-07-25,311160,1763868364.8027456
SFWL,2023-08-14,107301,1763868365.802106
SFWL,2023-09-05,160974,1763868366.7995296
SFWL,2023-09-12,1542190,1763868368.222398
SFWL,2023-10-12,324825,1763868369.2476563
SFWL,2023-12-21,6706556,1763868372.524308
SFWL,2023-12-22,7829405,1763868376.051554
SFWL,2024-01-04,1372725,1763868377.580939
SFWL,2024-04-05,232890,1763868378.5918896
SFWL,2024-04-26,1002078,1763868379.8551936
SFWL,2024-06-26,136652,1763868380.8768356
SG,2020-03-27,79469,1763868382.8857567
SG,2020-08-07,2095276,1763868384.3361063
SG,2021-11-18,5489142,1763868386.7406893
SG,2024-03-01,6106040,1763868389.5811841
SG,2024-05-10,9933683,1763868393.5474608
SG,2024-08-09,9274837,1763868397.6152432
SGA,2021-05-11,95465,1763868398.6649673
SGBX,2020-01-06,976067,1763868399.9709563
SGBX,2020-02-06,679821,1763868401.0754697
SGBX,2020-03-18,117073,1763868402.065797
SGBX,2020-03-31,6447549,1763868404.9795856
SGBX,2020-05-05,3304843,1763868406.8943832
SGBX,2020-09-25,9236335,1763868410.8423538
SGBX,2020-10-16,10993914,1763868415.914543
SGBX,2021-10-22,1391085,1763868417.392432
SGBX,2022-04-01,2829449,1763868419.216535
SGBX,2023-03-30,1477626,1763868420.6332614
SGBX,2023-09-21,1671937,1763868422.0264468
SGBX,2023-11-16,4287147,1763868424.182342
SGBX,2024-03-08,2544083,1763868425.7863224
SGBX,2024-04-25,7722530,1763868429.3606784
SGBX,2024-05-02,4887771,1763868431.780193
SGBX,2024-05-03,29588087,1763868445.0256279
SGBX,2024-05-17,758328,1763868446.379708
SGBX,2024-11-06,6720345,1763868449.7262373
SGBX,2024-11-29,1812472,1763868451.1746428
SGBX,2024-12-02,11637553,1763868456.0435998
SGC,2020-03-17,67645,1763868457.128132
SGC,2020-07-29,161874,1763868458.1277325
SGD,2023-11-10,742437,1763868459.314976
SGD,2023-11-16,4535088,1763868461.695632
SGD,2023-11-17,18213470,1763868469.6033485
SGD,2023-11-21,9968731,1763868473.9044328
SGD,2023-12-13,105759,1763868474.9823444
SGD,2024-01-05,12207553,1763868480.6849618
SGD,2024-03-08,11055494,1763868485.631743
SGD,2024-03-11,13677519,1763868491.8969352
SGD,2024-05-02,367528,1763868493.0688312
SGD,2024-05-08,6539955,1763868496.0220673
SGD,2024-05-09,14010034,1763868502.0616546
SGD,2024-07-22,5419434,1763868504.8793669
SGD,2024-08-14,3382406,1763868506.8202734
SGD,2024-10-15,6383404,1763868509.8365405
SGD,2024-10-17,2258378,1763868511.4331157
SGD,2024-10-23,534303,1763868512.5393038
SGHT,2022-11-11,537061,1763868513.6057312
SGHT,2023-12-26,1492409,1763868514.9291215
SGLY,2022-01-13,899045,1763868516.1381567
SGLY,2022-01-31,411613,1763868517.2062547
SGLY,2023-02-03,88403,1763868518.2165833
SGLY,2023-10-09,41330,1763868519.2335703
SGLY,2024-03-12,8512953,1763868523.017496
SGLY,2024-05-24,47254,1763868524.0764601
SGLY,2024-08-21,39193,1763868525.0647798
SGLY,2024-08-22,64549,1763868526.0734174
SGLY,2024-08-29,1244602,1763868527.387172
SGLY,2024-09-06,1053972,1763868528.6525521
SGLY,2024-09-18,263273,1763868529.6699116
SGLY,2024-09-27,159751,1763868530.7074614
SGMO,2020-02-28,2895249,1763868532.5232904
SGMO,2020-12-10,4513536,1763868534.9975684
SGMO,2024-02-15,954463,1763868536.2300074
SGMO,2024-02-16,2062423,1763868537.7413242
SGMO,2024-07-26,12277999,1763868543.0186498
SGMO,2024-07-29,13780671,1763868548.9731982
SGMO,2024-08-06,8392636,1763868552.6666179
SGMO,2024-10-22,5961124,1763868555.6900568
SGMO,2024-10-23,9303986,1763868559.9339364
SGMO,2024-10-28,2861734,1763868561.8031504
SGMO,2024-12-16,3811948,1763868564.1434448
SGMT,2023-11-17,119835,1763868565.1683643
SGMT,2023-12-12,150156,1763868566.174085
SGMT,2024-01-11,338963,1763868567.2366261
SGMT,2024-01-22,17273338,1763868574.878605
SGMT,2024-02-12,1164539,1763868576.3539927
SGMT,2024-09-09,1007033,1763868577.5240724
SGMT,2024-10-01,9167437,1763868581.6077673
SGMT,2024-12-16,1851744,1763868583.1377435
SGRP,2020-07-28,269900,1763868584.154921
SGRP,2020-12-31,475415,1763868585.2518632
SGRP,2021-01-29,506828,1763868586.2804213
SGRP,2021-07-26,16800914,1763868593.6678329
SGRP,2024-04-01,1979384,1763868595.2643876
SGRP,2024-09-03,522395,1763868596.341433
SGRY,2020-04-08,906651,1763868597.5917675
SGRY,2020-04-17,3717058,1763868599.695486
SHBI,2020-03-17,78407,1763868600.7350185
SHC,2022-11-21,7921342,1763868604.6219747
SHC,2023-01-10,12279198,1763868610.184734
SHCO,2024-12-19,2783106,1763868612.058826
SHFS,2022-10-05,2174095,1763868613.70741
SHFS,2022-11-10,1872432,1763868615.1951432
SHFS,2023-09-13,272781,1763868616.271692
SHFS,2023-09-15,343353,1763868617.310814
SHFS,2024-07-09,78473,1763868618.3267443
SHFS,2024-11-21,137511,1763868619.3469815
SHIM,2024-04-23,492748,1763868620.429207
SHIM,2024-04-25,700820,1763868621.5973432
SHIM,2024-07-17,11472942,1763868626.708528
SHIM,2024-08-02,249590,1763868627.8077884
SHIM,2024-11-12,143004,1763868628.817505
SHIM,2024-12-03,10422086,1763868633.8263423
SHIP,2020-02-13,288068,1763868634.9372575
SHIP,2020-03-04,362297,1763868635.9986274
SHIP,2020-03-10,99715,1763868637.0466235
SHIP,2020-03-17,132479,1763868638.1013162
SHIP,2020-03-25,216544,1763868639.1643224
SHIP,2020-03-27,453462,1763868640.2072792
SHIP,2020-03-30,1261554,1763868641.4982922
SHIP,2020-06-05,12162242,1763868646.569996
SHIP,2020-06-08,17772601,1763868654.489943
SHIP,2020-06-23,16455817,1763868661.1212986
SHIP,2020-06-24,22285297,1763868670.706183
SHIP,2020-12-04,3031438,1763868672.6368177
SHIP,2021-01-11,3812181,1763868674.6399672
SHIP,2021-02-12,12176823,1763868679.951395
SHLS,2022-11-15,5674667,1763868683.1190014
SHO,2020-11-09,3464521,1763868685.1873927
SHOO,2020-03-19,1261719,1763868686.4922836
SHPH,2022-09-01,5237744,1763868689.1038544
SHPH,2022-09-06,8683737,1763868692.9027507
SHPH,2022-09-07,13213826,1763868698.6231356
SHPH,2022-09-16,9115517,1763868702.5284474
SHPH,2022-12-02,2727904,1763868704.3658314
SHPH,2022-12-05,8535113,1763868708.2860248
SHPH,2022-12-08,691757,1763868709.4928534
SHPH,2022-12-13,1082961,1763868710.668527
SHPH,2023-01-13,3817309,1763868712.8717778
SHPH,2023-05-23,11324412,1763868717.7857609
SHPH,2024-01-19,288837,1763868718.8939342
SHPH,2024-09-05,6674714,1763868721.9613595
SHPH,2024-10-29,12707710,1763868727.6334553
SI,2020-03-13,213809,1763868728.7491596
SI,2020-04-17,297618,1763868729.7698438
SI,2023-02-02,17918174,1763868737.2523692
SI,2023-03-13,14631596,1763868743.3389213
SI,2023-03-24,15465732,1763868749.8186
SI,2023-03-27,26616299,1763868760.6551692
SI,2023-04-11,3220463,1763868762.471747
SI,2023-05-05,1925736,1763868763.9286332
SIDU,2022-01-27,393648,1763868765.0195234
SIDU,2022-05-06,14392344,1763868771.307123
SIDU,2022-06-15,14512655,1763868777.7029192
SIDU,2022-06-16,29115285,1763868791.0833683
SIDU,2022-07-19,14085966,1763868797.5202546
SIDU,2022-09-07,6310791,1763868800.9172852
SIDU,2023-01-10,2180479,1763868802.5582302
SIDU,2023-02-03,3830685,1763868804.7342463
SIDU,2023-02-07,2730355,1763868806.4632158
SIDU,2023-02-15,4492047,1763868808.9044118
SIDU,2023-03-01,3398751,1763868811.2699184
SIDU,2023-08-22,6238581,1763868814.3754797
SIDU,2023-11-02,2077203,1763868816.0032313
SIDU,2023-12-28,9598559,1763868820.4552329
SIDU,2024-01-03,7924422,1763868824.13284
SIDU,2024-02-29,11645756,1763868829.5623014
SIDU,2024-08-15,194985,1763868830.6511135
SIDU,2024-08-19,2668044,1763868832.343607
SIDU,2024-12-16,39661750,1763868850.9352129
SIDU,2024-12-17,56233019,1763868877.2621453
SIDU,2024-12-31,3284158,1763868879.6763241
SIEB,2020-04-17,64946,1763868880.688488
SIEB,2020-05-05,72753,1763868881.6956742
SIEB,2021-01-29,14743722,1763868887.795925
SIEB,2021-03-11,4371609,1763868890.141695
SIEB,2021-06-11,885838,1763868891.382242
SIEB,2021-08-23,2337163,1763868892.9320035
SIEB,2023-04-28,5580714,1763868895.7330663
SIFY,2020-07-15,273658,1763868896.7814634
SIFY,2021-01-11,6513762,1763868899.7545521
SIFY,2021-02-04,2163173,1763868901.3633263
SIFY,2021-02-11,1351318,1763868902.701202
SIFY,2021-03-05,5656970,1763868905.4876502
SIFY,2023-06-22,182651,1763868906.5383172
SIFY,2023-07-13,353580,1763868907.5935595
SIFY,2024-09-03,18276628,1763868915.484125
SIG,2020-01-16,9345872,1763868919.419402
SIG,2020-03-26,6483115,1763868922.5815594
SIGA,2022-05-19,9725578,1763868927.1331775
SIGA,2022-05-20,23924390,1763868938.1190674
SIGA,2022-05-27,23818218,1763868949.4751046
SIGA,2022-07-25,15385451,1763868956.5057948
SIGA,2023-07-28,6441583,1763868959.8576565
SIGA,2024-08-14,4363421,1763868962.3395762
SILO,2022-03-28,18724,1763868963.357764
SILO,2022-06-28,10899,1763868964.346029
SILO,2022-07-14,13325,1763868965.3313189
SILO,2022-09-02,19127,1763868966.3141768
SILO,2022-09-28,1260936,1763868967.743725
SILO,2022-12-30,7026907,1763868971.0129683
SILO,2023-02-02,817926,1763868972.3752491
SILO,2023-08-08,3481747,1763868974.3947432
SILO,2024-07-16,26024290,1763868987.041284
SILO,2024-07-18,19757887,1763868996.130045
SIMO,2023-07-26,9323813,1763869000.6663806
SINT,2020-01-28,342298,1763869001.748478
SINT,2020-01-30,3172204,1763869003.557875
SINT,2020-03-20,299647,1763869004.6404388
SINT,2020-03-27,497496,1763869005.694876
SINT,2020-05-27,903374,1763869006.8124013
SINT,2020-06-22,18970532,1763869015.1043448
SINT,2020-06-24,17289017,1763869022.7742689
SINT,2020-08-04,8374843,1763869026.8247874
SINT,2021-02-04,2728564,1763869028.7496037
SINT,2021-02-09,1887738,1763869030.3940015
SINT,2021-03-09,9092030,1763869034.6330771
SINT,2021-07-27,4030117,1763869036.806841
SINT,2022-07-06,170517,1763869037.8198357
SINT,2022-07-07,211313,1763869038.9120305
SINT,2022-10-26,2443569,1763869040.5275745
SINT,2022-12-19,1669895,1763869041.9109156
SINT,2022-12-21,7666430,1763869045.1621845
SINT,2023-01-09,259255,1763869046.4319656
SINT,2023-02-03,391976,1763869047.4717138
SINT,2023-11-10,129162,1763869048.4923584
SINT,2023-12-19,165096,1763869049.5331304
SINT,2023-12-22,218059,1763869050.538752
SINT,2024-02-21,1281279,1763869051.840114
SINT,2024-04-17,7056137,1763869054.9925094
SINT,2024-04-18,12135506,1763869060.126021
SINT,2024-04-29,4674731,1763869062.595007
SINT,2024-05-14,3094164,1763869064.6272347
SINT,2024-05-15,22384691,1763869074.0666103
SINT,2024-05-16,28748665,1763869087.922099
SINT,2024-05-20,8391034,1763869091.6097322
SINT,2024-06-17,543401,1763869092.7374647
SINT,2024-09-09,22347884,1763869103.1870825
SINT,2024-11-18,14369303,1763869109.6840606
SINT,2024-11-25,1169238,1763869111.0594623
SINT,2024-12-18,868844,1763869112.2984843
SIRI,2023-07-20,15208040,1763869119.3701248
SITC,2020-11-09,1789085,1763869120.8367052
SITM,2020-03-20,239483,1763869121.9235132
SITM,2020-03-24,127779,1763869122.9527578
SITM,2021-08-05,778084,1763869124.149435
SITM,2024-05-09,1107187,1763869125.353747
SJ,2020-08-13,309452,1763869126.3792088
SJ,2020-11-12,42580,1763869127.3892367
SJ,2021-03-31,41699,1763869128.4605181
SJ,2021-04-06,16355047,1763869135.2401266
SJ,2021-04-26,4649979,1763869137.6340635
SJ,2022-09-27,968282,1763869138.8678615
SKIL,2024-04-24,391588,1763869139.9079728
SKIL,2024-06-24,324242,1763869140.9343197
SKIL,2024-06-26,490472,1763869142.0190291
SKIL,2024-08-29,307870,1763869143.041983
SKIL,2024-12-11,421719,1763869144.059491
SKIN,2022-02-23,4887612,1763869146.8202639
SKIN,2023-09-12,3908228,1763869149.177956
SKIN,2023-11-15,10215418,1763869154.4813173
SKIN,2024-03-13,4922092,1763869157.4396317
SKK,2024-10-09,3651626,1763869159.4655437
SKK,2024-10-17,494487,1763869160.5362668
SKK,2024-10-23,240832,1763869161.5990274
SKK,2024-11-07,257475,1763869162.6176667
SKK,2024-11-21,8815770,1763869166.5298588
SKK,2024-11-22,22271529,1763869176.8136787
SKK,2024-12-26,6545792,1763869180.0576074
SKLZ,2021-04-21,22852193,1763869189.2478826
SKLZ,2021-06-02,17344083,1763869196.008677
SKM,2021-11-30,341490,1763869197.1978517
SKT,2020-04-06,2742256,1763869198.8308332
SKT,2020-04-07,4309714,1763869201.146847
SKT,2020-04-09,4014074,1763869203.2444766
SKT,2021-01-27,11895841,1763869207.917812
SKYE,2022-02-16,21976,1763869208.9613402
SKYE,2022-05-03,27622,1763869209.9467409
SKYE,2022-05-12,21632,1763869210.9378827
SKYE,2022-08-19,19414,1763869211.9306018
SKYE,2023-02-02,63858,1763869212.9144657
SKYE,2023-04-27,21557,1763869213.9052782
SKYE,2023-06-21,22297,1763869214.8808954
SKYE,2023-08-25,28083,1763869215.8725874
SKYE,2023-08-28,29662,1763869216.8564332
SKYE,2023-12-05,26710,1763869217.8440328
SKYE,2023-12-06,37302,1763869218.830582
SKYE,2024-01-31,18626,1763869219.815828
SKYE,2024-02-27,70507,1763869220.8094847
SKYE,2024-04-10,47143,1763869221.8033662
SKYE,2024-09-23,1135305,1763869223.1558988
SKYH,2022-02-18,6881718,1763869226.407045
SKYH,2022-03-01,1146672,1763869227.6758206
SKYH,2022-03-02,3234189,1763869229.4655912
SKYH,2022-03-07,802541,1763869230.7069452
SKYH,2022-03-16,361634,1763869231.7471788
SKYH,2022-03-18,713558,1763869232.844384
SKYH,2022-04-21,1776180,1763869234.3339655
SKYH,2022-04-22,5416926,1763869236.8741012
SKYH,2022-04-25,8308615,1763869240.3061752
SKYH,2022-04-26,10743165,1763869245.1064873
SKYH,2022-05-06,1800898,1763869246.5507476
SKYH,2022-08-10,311725,1763869247.5794327
SKYH,2023-02-28,680167,1763869248.63593
SKYH.WS,2022-03-07,96289,1763869249.630413
SKYH.WS,2022-03-08,145985,1763869250.637826
SKYH.WS,2022-03-16,52697,1763869251.6563828
SKYH.WS,2022-03-17,65263,1763869252.6572416
SKYH.WS,2022-03-18,106711,1763869253.675809
SKYH.WS,2022-04-07,61623,1763869254.7434032
SKYH.WS,2022-04-26,172353,1763869255.9036098
SKYH.WS,2023-12-01,22176,1763869256.9110713
SKYH.WS,2023-12-08,20922,1763869257.9047072
SKYH.WS,2024-04-02,21858,1763869258.916689
SKYH.WS,2024-04-22,18097,1763869259.9890077
SKYH.WS,2024-11-14,27137,1763869260.9974523
SKYH.WS,2024-12-11,46961,1763869261.9929838
SKYT,2021-08-24,1129253,1763869263.533393
SKYT,2022-08-16,1387305,1763869265.1270406
SKYT,2022-11-08,831233,1763869266.4597833
SKYT,2023-02-14,1492240,1763869268.0755634
SKYT,2024-08-08,1234454,1763869269.52132
SKYT,2024-12-17,2307577,1763869271.3944259
SKYT,2024-12-18,6151827,1763869274.9159536
SKYW,2020-03-19,1650137,1763869276.5318627
SKYW,2020-03-20,1674914,1763869278.1037686
SKYW,2020-03-24,1333406,1763869279.8293033
SKYX,2022-03-01,515525,1763869281.0183325
SKYX,2022-05-12,502375,1763869282.1351562
SKYX,2022-06-08,622196,1763869283.2577312
SKYX,2022-07-11,808925,1763869284.419216
SKYX,2022-07-18,2646593,1763869286.1179707
SKYX,2022-07-28,5639785,1763869289.0048616
SKYX,2023-11-14,163358,1763869290.0402143
SLDB,2020-10-01,33504313,1763869306.2057776
SLDB,2020-12-11,7307656,1763869309.5572166
SLDB,2020-12-15,5464065,1763869312.1657608
SLDB,2021-02-23,3275488,1763869314.2410724
SLDB,2022-03-11,734297,1763869315.4187307
SLDB,2023-11-02,49704,1763869316.4356425
SLDB,2023-11-15,3454257,1763869318.469067
SLDB,2023-12-07,3182523,1763869320.3581734
SLDB,2024-01-08,1946436,1763869321.9266858
SLDB,2024-01-09,2400462,1763869323.636802
SLDP,2024-01-23,1830476,1763869325.1465778
SLDP,2024-12-26,2088727,1763869326.7996929
SLDP,2024-12-27,11535221,1763869332.0242672
SLDPW,2021-12-14,291922,1763869333.1785307
SLDPW,2022-03-23,86123,1763869334.16686
SLDPW,2022-10-20,25885,1763869335.1692004
SLE,2023-09-13,5292828,1763869338.1171265
SLE,2024-07-22,202414,1763869339.1513536
SLE,2024-10-01,179194,1763869340.3112123
SLG,2020-11-09,4904545,1763869343.0339267
SLGL,2023-03-22,53821,1763869344.0443306
SLGL,2023-12-20,38464,1763869345.0461998
SLGL,2024-08-21,144440,1763869346.0700765
SLGL,2024-11-22,51007,1763869347.0651288
SLGL,2024-12-23,1921025,1763869348.584327
SLM,2020-01-23,5394608,1763869351.7168088
SLN,2022-04-28,117684,1763869352.7741477
SLN,2022-06-22,60441,1763869353.791726
SLN,2023-04-27,103322,1763869354.8008819
SLN,2023-05-18,379382,1763869355.8626783
SLN,2023-08-03,153288,1763869356.9268556
SLN,2023-11-01,162782,1763869357.9476137
SLNG,2022-09-21,7476560,1763869361.2817965
SLNG,2023-08-18,512060,1763869362.4103818
SLNH,2022-12-21,104020,1763869363.4329615
SLNH,2023-01-12,49119,1763869364.4298031
SLNH,2023-01-23,556907,1763869365.527119
SLNH,2023-03-23,571339,1763869366.6566684
SLNH,2023-04-28,170228,1763869367.6856282
SLNH,2023-07-26,677183,1763869368.8079944
SLNH,2023-09-14,85171,1763869369.8261733
SLNH,2023-10-10,338916,1763869370.9083116
SLNH,2023-11-20,91278,1763869372.0071898
SLNH,2023-12-27,284066,1763869373.0605307
SLNH,2024-06-20,295503,1763869374.0579436
SLNH,2024-06-24,533610,1763869375.136424
SLNHP,2022-12-21,28224,1763869376.131651
SLNHP,2023-03-17,13076,1763869377.1378489
SLNHP,2023-10-10,14428,1763869378.175453
SLNHP,2023-10-24,16480,1763869379.1554594
SLNHP,2023-11-24,27030,1763869380.1255221
SLNHP,2024-06-25,36497,1763869381.1172588
SLNHP,2024-10-21,69167,1763869382.1413698
SLNO,2020-09-30,936236,1763869383.535179
SLNO,2021-06-02,7632918,1763869387.5196512
SLNO,2022-06-10,200830,1763869388.5795875
SLNO,2022-06-14,1323082,1763869389.9343724
SLNO,2022-07-20,1803064,1763869391.4368382
SLNO,2022-11-16,155574,1763869392.4469528
SLNO,2022-12-19,12634027,1763869398.4043941
SLNO,2022-12-27,286080,1763869399.4720724
SLNO,2023-01-26,146712,1763869400.4699173
SLNO,2023-09-26,20558068,1763869410.476415
SLNO,2023-09-28,7628799,1763869414.0589101
SLNO,2024-04-29,1557041,1763869415.522185
SLQT,2022-09-06,1549294,1763869416.764024
SLQT,2022-09-07,4108637,1763869418.6894138
SLQT,2023-02-07,6479818,1763869421.488761
SLQT,2023-02-09,10255810,1763869425.356621
SLQT,2023-05-05,1027273,1763869426.68661
SLQT,2023-05-17,2582547,1763869428.179481
SLQT,2024-12-17,1153224,1763869429.403869
SLRC,2020-03-19,656844,1763869430.6063457
SLRC,2020-03-24,595303,1763869431.7474024
SLRX,2020-04-27,363227,1763869432.7731032
SLRX,2020-05-19,475168,1763869433.8303423
SLRX,2020-06-02,742986,1763869434.948419
SLRX,2020-12-03,1135612,1763869436.116782
SLRX,2021-02-08,1611432,1763869437.4687238
SLRX,2021-02-09,4523946,1763869439.7020624
SLRX,2021-02-24,2704703,1763869441.3922813
SLRX,2022-03-10,402812,1763869442.443872
SLRX,2022-05-12,731403,1763869443.5541422
SLRX,2022-09-15,211933,1763869444.5783494
SLRX,2022-10-05,76500,1763869445.571143
SLRX,2022-12-30,85056,1763869446.5596895
SLRX,2023-01-19,777906,1763869447.8157477
SLRX,2023-04-19,187339,1763869448.806289
SLRX,2023-08-17,40315,1763869449.7926621
SLRX,2023-10-03,214712,1763869450.8158562
SLRX,2023-11-30,38328,1763869451.8140888
SLRX,2024-02-16,36513,1763869452.8046358
SLRX,2024-07-18,5010235,1763869455.2865803
SLRX,2024-07-23,14961209,1763869461.6155686
SLRX,2024-07-25,9573903,1763869465.779936
SLRX,2024-07-29,2180139,1763869467.3831174
SLRX,2024-08-07,4273970,1763869469.565101
SLRX,2024-10-15,1663801,1763869470.979855
SLRX,2024-10-16,2837426,1763869472.7176836
SLRX,2024-12-19,69204,1763869473.7564385
SLRX,2024-12-31,195117,1763869474.7816281
SLS,2020-02-26,3118489,1763869476.6346264
SLS,2020-07-31,617747,1763869477.7605276
SLS,2020-12-09,3650718,1763869479.7732913
SLS,2020-12-10,30498547,1763869492.6637504
SLS,2021-02-02,4080624,1763869495.1528392
SLS,2021-02-03,13336398,1763869501.3486197
SLS,2022-10-19,590463,1763869502.5732155
SLXN,2024-08-19,1772378,1763869504.0387108
SLXN,2024-09-10,6985668,1763869507.5492501
SLXN,2024-10-01,6733406,1763869510.860474
SLXN,2024-10-22,980721,1763869512.1192086
SLXN,2024-11-20,13200946,1763869517.985032
SLXN,2024-12-19,2976064,1763869520.0133767
SM,2020-03-10,8159830,1763869523.5206723
SM,2020-03-13,3827736,1763869525.4576116
SM,2020-03-19,3282916,1763869527.222635
SM,2020-04-02,2468077,1763869528.8392913
SM,2020-04-09,4200233,1763869530.9915998
SM,2020-04-13,3562624,1763869532.9550254
SM,2020-04-29,6912595,1763869535.8845463
SM,2020-06-05,3862721,1763869537.9364765
SM,2020-11-09,2222201,1763869539.4554777
SMCI,2022-05-04,1692933,1763869540.9762657
SMCI,2023-05-03,6209966,1763869544.804649
SMCI,2024-01-19,19781639,1763869553.6539204
SMCI,2024-02-22,49692030,1763869574.8345146
SMCI,2024-11-19,92506852,1763869617.203703
SMCI,2024-12-02,74424132,1763869651.396209
SMCX,2024-10-07,753651,1763869653.1817608
SMCX,2024-11-18,2346811,1763869654.7035418
SMCX,2024-11-19,5155608,1763869657.1802154
SMCX,2024-11-21,3556396,1763869659.0858812
SMCX,2024-11-22,4437394,1763869661.3990278
SMCX,2024-11-25,5162367,1763869664.1150877
SMCX,2024-12-02,5804127,1763869666.8175135
SMHI,2020-03-24,104057,1763869667.8470578
SMHI,2020-06-03,487845,1763869668.9328246
SMHI,2020-06-04,879297,1763869670.0639465
SMHI,2020-06-05,1111439,1763869671.2419646
SMHI,2020-06-08,1141226,1763869672.4423337
SMLR,2024-05-28,958680,1763869673.570316
SMLR,2024-11-05,715561,1763869674.67531
SMLR,2024-11-11,1216732,1763869675.945599
SMLR,2024-11-20,2039915,1763869677.6907432
SMMT,2020-03-16,119167,1763869678.7049527
SMMT,2020-04-14,949848,1763869679.9409204
SMMT,2021-02-08,341693,1763869680.9804347
SMMT,2021-05-17,821331,1763869682.1897657
SMMT,2022-05-31,86082,1763869683.1887238
SMMT,2022-08-19,2394090,1763869684.7841165
SMMT,2022-08-22,8806778,1763869688.7331543
SMMT,2022-12-06,13964914,1763869695.1062765
SMMT,2022-12-07,21610239,1763869705.0407712
SMMT,2022-12-08,18431888,1763869713.1362398
SMMT,2022-12-13,6360703,1763869716.0516467
SMMT,2022-12-19,5373643,1763869718.692039
SMMT,2024-05-30,8871053,1763869722.6852803
SMMT,2024-09-09,17650988,1763869730.468791
SMR,2024-03-18,10121007,1763869734.8792398
SMR,2024-03-27,6694502,1763869737.6836424
SMR,2024-10-16,16562290,1763869744.081952
SMRT,2021-08-25,149605,1763869745.1565442
SMSI,2024-04-18,1295228,1763869746.4500284
SMSI,2024-09-17,16308231,1763869753.3725338
SMSI,2024-09-19,3030777,1763869755.2034304
SMSI,2024-12-23,249698,1763869756.26102
SMST,2024-11-21,7719331,1763869759.671086
SMST,2024-11-26,7152715,1763869763.2157745
SMTI,2021-02-16,93084,1763869764.2392063
SMTK,2022-02-04,10386,1763869765.2251666
SMTK,2022-05-19,11220,1763869766.203503
SMTK,2022-06-24,10206,1763869767.1820805
SMTK,2022-06-30,10301,1763869768.1612554
SMTK,2022-10-19,9870,1763869769.1342556
SMTK,2023-03-24,10037,1763869770.1090868
SMTK,2023-04-14,10011,1763869771.0854814
SMTK,2023-06-12,10117,1763869772.0785985
SMTK,2023-06-15,14216,1763869773.045094
SMTK,2023-06-22,10035,1763869774.0149255
SMTK,2023-08-30,11423,1763869775.0016165
SMTK,2024-01-02,10509,1763869775.980865
SMTK,2024-02-21,10746,1763869776.9530504
SMTK,2024-03-11,11859,1763869777.9614198
SMTK,2024-03-21,15067,1763869778.9439354
SMTK,2024-03-28,17263,1763869779.9278393
SMTK,2024-04-01,11513,1763869780.8996968
SMTK,2024-09-06,40818,1763869781.902418
SMTK,2024-11-19,187910,1763869783.003835
SMTK,2024-11-25,1386165,1763869784.3745227
SMTK,2024-11-26,4590046,1763869787.035561
SMTK,2024-12-18,173060,1763869788.1163669
SMX,2023-03-09,821055,1763869789.2716048
SMX,2023-03-14,325481,1763869790.3404458
SMX,2023-03-23,3688474,1763869792.5776825
SMX,2023-04-10,937289,1763869793.7926686
SMX,2023-04-13,810812,1763869794.9706483
SMX,2023-04-14,1383776,1763869796.310803
SMX,2023-05-05,823569,1763869797.594377
SMX,2023-05-08,7075855,1763869801.142603
SMX,2023-05-23,247859,1763869802.237482
SMX,2023-07-05,1708796,1763869803.7284036
SMX,2023-07-19,6063199,1763869806.6890101
SMX,2023-07-25,1879037,1763869808.5732057
SMX,2023-08-30,308786,1763869809.6254134
SMX,2023-10-09,563745,1763869810.747185
SMX,2023-10-10,14831045,1763869817.948542
SMX,2024-01-12,315418,1763869819.1002057
SMX,2024-01-26,932228,1763869820.2769926
SMX,2024-01-30,870908,1763869821.4434237
SMX,2024-02-07,9733242,1763869825.8361533
SMX,2024-02-27,759204,1763869827.0733778
SMX,2024-03-20,4472995,1763869829.3627264
SMX,2024-05-16,428622,1763869830.4816148
SMX,2024-05-24,2002500,1763869831.9758575
SMX,2024-06-20,9142026,1763869836.0120332
SMX,2024-08-06,1164658,1763869837.3707547
SMX,2024-09-10,10977300,1763869842.6425695
SMX,2024-09-13,16813803,1763869850.9364452
SMX,2024-12-04,23164085,1763869860.7038689
SMX,2024-12-06,19274668,1763869869.962904
SMX,2024-12-11,4124174,1763869872.3791847
SMX,2024-12-26,7837784,1763869876.07266
SMX,2024-12-30,15447980,1763869882.6649435
SMXT,2024-03-06,297479,1763869883.794967
SMXT,2024-03-12,699010,1763869884.9505131
SMXT,2024-04-22,291194,1763869886.006172
SMXT,2024-04-23,489435,1763869887.0627062
SMXT,2024-09-06,406754,1763869888.1288774
SMXT,2024-09-09,721884,1763869889.2433164
SMXT,2024-10-09,616424,1763869890.342868
SMXT,2024-12-03,843884,1763869891.6084719
SMXT,2024-12-30,196600,1763869892.6513803
SNAL,2022-11-11,5687910,1763869895.412642
SNAL,2023-05-03,41798,1763869896.4597294
SNAL,2023-07-13,4392791,1763869898.7477424
SNAL,2024-02-27,473000,1763869899.9432476
SNAL,2024-10-04,798910,1763869901.075413
SNAL,2024-10-07,2067101,1763869902.5796242
SNAL,2024-12-02,631347,1763869903.728459
SNAL,2024-12-04,122807,1763869904.933818
SNAL,2024-12-16,100919,1763869905.967422
SNAP,2020-04-22,34836888,1763869921.0980494
SNAP,2020-10-21,50424974,1763869942.171762
SNAP,2022-02-04,93278357,1763869979.7487383
SNAP,2024-04-26,32798088,1763869993.5382724
SNBR,2020-04-06,940901,1763869994.9668128
SNBR,2020-04-23,2320581,1763869996.522251
SNBR,2024-02-23,1737123,1763869997.9566185
SNCR,2021-01-20,864146,1763869999.1122458
SNCR,2021-06-25,4877953,1763870001.6658711
SNCR,2023-10-13,112010,1763870002.7104855
SNCR,2023-11-10,219295,1763870003.7443507
SNCR,2024-01-26,106601,1763870004.7412128
SNCR,2024-02-15,238446,1763870005.7795053
SNCR,2024-05-08,118797,1763870006.8061008
SND,2020-03-20,169412,1763870007.8615658
SND,2020-03-24,88069,1763870008.8897176
SND,2020-05-28,154481,1763870009.9128644
SND,2020-06-08,315233,1763870010.945415
SND,2021-02-09,491550,1763870012.0232532
SND,2021-06-04,1246952,1763870013.2309527
SNDA,2024-03-11,202895,1763870014.241055
SNDA,2024-03-15,239112,1763870015.2922928
SNDL,2020-03-20,305158,1763870016.3490748
SNDL,2020-05-15,1226011,1763870017.5313964
SNDL,2020-05-22,5076766,1763870020.2444177
SNDL,2020-06-08,1245076,1763870021.7112858
SNDL,2020-08-12,2311820,1763870023.3391314
SNDL,2020-08-13,6499561,1763870026.2754679
SNDL,2020-09-30,2592904,1763870027.995049
SNDL,2020-10-01,5565359,1763870030.5754259
SNDL,2020-11-05,6594981,1763870033.6004298
SNDL,2020-11-06,27448585,1763870045.339494
SNDL,2020-11-09,51877434,1763870066.77883
SNDL,2020-11-24,17492404,1763870074.1423163
SNDL,2020-11-27,9614329,1763870078.2493343
SNDL,2020-11-30,58249845,1763870101.613182
SNDL,2020-12-01,84882702,1763870135.490573
SNDL,2020-12-21,23849079,1763870145.323336
SNDL,2021-01-28,108544193,1763870192.82317
SNDL,2021-02-01,115920666,1763870242.104093
SNDL,2021-02-09,73955743,1763870273.9320362
SNDL,2021-02-10,150567557,1763870343.567048
SNDL,2021-02-11,199141957,1763870431.6390927
SNDL,2021-06-03,48717358,1763870452.8091908
SNDL,2021-11-12,29257895,1763870465.390408
SNDX,2020-01-31,1072272,1763870466.9994113
SNDX,2020-04-28,6222855,1763870469.8741
SNES,2020-02-05,226439,1763870470.9471655
SNES,2020-04-15,68813,1763870471.937799
SNES,2020-05-11,882198,1763870473.1225994
SNES,2020-07-17,986133,1763870474.2845528
SNES,2020-10-23,2144360,1763870475.7708533
SNES,2020-12-21,786017,1763870476.9968412
SNES,2021-03-19,12158563,1763870482.616535
SNES,2022-03-10,226270,1763870483.6902437
SNES,2022-03-22,406725,1763870484.756194
SNES,2022-09-01,23781,1763870485.7528942
SNES,2022-10-19,2613637,1763870487.5401382
SNES,2022-11-15,3223299,1763870489.502977
SNES,2022-12-13,95779,1763870490.5142286
SNES,2023-01-03,53014,1763870491.501791
SNES,2023-02-06,702974,1763870492.743822
SNES,2023-03-14,91676,1763870493.765933
SNES,2023-04-05,1094540,1763870495.0261376
SNES,2023-09-26,186560,1763870496.0426743
SNES,2023-10-17,64280,1763870497.0414987
SNES,2023-11-09,99905,1763870498.0559728
SNES,2023-11-13,2593987,1763870499.7390616
SNES,2023-11-17,948764,1763870500.9889684
SNES,2023-12-14,723423,1763870502.191339
SNES,2023-12-28,16310367,1763870510.4574778
SNES,2024-01-02,2425775,1763870512.3695974
SNES,2024-01-23,121738,1763870513.3861506
SNES,2024-05-22,245942,1763870514.417437
SNES,2024-09-18,257847,1763870515.43917
SNES,2024-12-13,1974151,1763870516.9164877
SNGX,2020-03-19,218669,1763870517.9690776
SNGX,2020-03-23,566299,1763870519.1166992
SNGX,2020-04-16,1998891,1763870520.608542
SNGX,2020-07-28,4701715,1763870523.324597
SNGX,2022-01-04,788172,1763870524.6132424
SNGX,2023-05-04,9919105,1763870528.979913
SNGX,2023-11-30,11894064,1763870534.0395057
SNGX,2024-01-02,6891144,1763870537.1873002
SNGX,2024-04-15,12723487,1763870542.6154149
SNGX,2024-07-09,40061103,1763870561.1453323
SNGX,2024-07-10,47216948,1763870582.2918062
SNGX,2024-08-19,306153,1763870583.722269
SNOA,2020-01-24,113109,1763870584.7528067
SNOA,2020-03-23,62521,1763870585.7709637
SNOA,2020-05-29,11459571,1763870590.3967333
SNOA,2020-07-29,8427999,1763870594.177866
SNOA,2020-12-11,16970078,1763870601.2035077
SNOA,2021-04-01,5300746,1763870604.2844534
SNOA,2021-07-13,308885,1763870605.3388088
SNOA,2021-08-19,26259392,1763870617.0224109
SNOA,2021-09-28,10354510,1763870622.010378
SNOA,2022-05-03,9974646,1763870626.5361104
SNOA,2022-11-01,163699,1763870627.6140413
SNOA,2022-11-02,8468007,1763870631.7120924
SNOA,2023-01-25,13443590,1763870637.979003
SNOA,2023-06-09,5201148,1763870640.9063134
SNOA,2023-12-05,3642752,1763870642.9635556
SNOA,2024-01-31,2401646,1763870644.7767036
SNOA,2024-05-16,646369,1763870645.9815445
SNOA,2024-05-29,2907113,1763870647.909531
SNOA,2024-06-18,6210314,1763870651.6082852
SNOA,2024-07-03,873445,1763870652.9497588
SNOA,2024-07-05,669568,1763870654.0697324
SNOA,2024-07-11,1908929,1763870655.6508727
SNOA,2024-07-22,452669,1763870656.7238445
SNOA,2024-07-30,340243,1763870657.8134394
SNOA,2024-09-17,916655,1763870659.055417
SNOA,2024-11-19,2855526,1763870661.0106342
SNOW,2024-11-21,36304542,1763870676.578789
SNSE,2021-05-20,784740,1763870677.9761531
SNSE,2023-10-31,103671,1763870679.0075688
SNSE,2024-05-02,680199,1763870680.0828867
SNSE,2024-10-21,1048179,1763870681.294738
SNT,2023-10-09,148879,1763870682.3014438
SNT,2023-10-10,405380,1763870683.4027185
SNT,2024-06-17,165450,1763870684.4039347
SNT,2024-11-12,131132,1763870685.407375
SNTG,2021-07-22,1590990,1763870686.7817283
SNTG,2021-07-30,653289,1763870687.9644876
SNTG,2021-08-20,526272,1763870689.0608525
SNTG,2021-08-24,1381239,1763870690.4281304
SNTG,2021-09-20,1207026,1763870691.7826283
SNTG,2022-03-08,153656,1763870692.8243768
SNTG,2022-03-09,1052960,1763870694.081213
SNTG,2022-03-11,1042533,1763870695.35373
SNTG,2022-06-23,147202,1763870696.3618767
SNTG,2022-07-14,791419,1763870697.5236256
SNTG,2022-08-02,185348,1763870698.5413902
SNTG,2022-08-05,236544,1763870699.567558
SNTG,2022-08-15,488245,1763870700.6339426
SNTG,2022-08-29,1488975,1763870701.9857895
SNTG,2022-11-03,194782,1763870703.0088608
SNTG,2022-11-04,9237326,1763870707.3233516
SNTG,2023-03-23,176112,1763870708.3984778
SNTG,2023-04-17,36593,1763870709.4025488
SNTG,2023-04-28,160465,1763870710.401729
SNTG,2023-05-01,14359708,1763870716.7092285
SNTG,2023-05-03,7631702,1763870720.2863958
SNTG,2023-06-08,218190,1763870721.340718
SNTG,2023-12-01,37464,1763870722.3645067
SNTG,2023-12-29,14989995,1763870728.965492
SNTG,2024-01-09,8884399,1763870733.145036
SNTG,2024-01-31,127825,1763870734.1934352
SNTG,2024-02-14,2922183,1763870735.996586
SNTG,2024-05-15,57187,1763870736.9994996
SNTG,2024-07-12,7084772,1763870740.2569203
SNTG,2024-12-24,751745,1763870741.474862
SNTI,2022-07-29,8628855,1763870745.4816482
SNTI,2022-09-19,7358364,1763870749.094796
SNTI,2022-09-29,10043915,1763870753.6322587
SNTI,2022-10-04,11222962,1763870758.2267394
SNTI,2022-10-06,12561462,1763870763.6800694
SNTI,2022-10-13,3193270,1763870765.7450225
SNTI,2022-12-14,977865,1763870766.9694233
SNTI,2023-11-07,9142032,1763870770.9578612
SNTI,2023-11-08,9741101,1763870775.143241
SNTI,2023-12-22,3731752,1763870777.6492007
SNTI,2024-04-30,246683,1763870783.5922077
SNTI,2024-06-25,4167492,1763870785.7945058
SNTI,2024-07-01,20652407,1763870794.5771253
SNTI,2024-08-08,101867,1763870795.7308404
SNTI,2024-12-02,41610845,1763870815.3532598
SNVpE,2020-03-19,122033,1763870816.673449
SNWV,2022-02-08,11110,1763870817.6586862
SNWV,2022-05-02,10241,1763870818.6825714
SNWV,2022-05-10,10263,1763870819.6514342
SNWV,2022-06-02,11407,1763870820.6416574
SNWV,2022-06-03,11192,1763870821.6343715
SNWV,2022-08-08,12028,1763870822.6097093
SNWV,2022-10-10,11765,1763870823.591321
SNWV,2022-10-31,10716,1763870824.5991936
SNWV,2022-11-07,10484,1763870825.595369
SNWV,2022-11-18,11505,1763870826.5813537
SNWV,2022-11-25,10228,1763870827.5593102
SNWV,2022-11-29,11034,1763870828.5441256
SNWV,2022-12-12,12594,1763870829.524902
SNWV,2022-12-15,11972,1763870830.5051842
SNWV,2022-12-16,11326,1763870831.4931588
SNWV,2023-01-03,10729,1763870832.4732296
SNWV,2023-01-04,12175,1763870833.488566
SNWV,2023-01-05,12314,1763870834.4801102
SNWV,2023-01-19,13156,1763870835.4623995
SNWV,2023-03-29,11963,1763870836.4509437
SNWV,2023-06-06,15149,1763870837.4549575
SNWV,2023-06-08,13104,1763870838.4370346
SNWV,2023-09-05,10770,1763870839.413014
SNWV,2023-09-13,11219,1763870840.3925061
SNWV,2023-09-21,11210,1763870841.3746119
SNWV,2023-09-26,11283,1763870842.3557217
SNWV,2023-11-14,11554,1763870843.3299377
SNWV,2023-11-24,10715,1763870844.3085036
SNWV,2023-11-30,14997,1763870845.2918613
SNWV,2024-01-02,13483,1763870846.2615268
SNWV,2024-04-10,14830,1763870847.2554545
SNWV,2024-09-19,12819,1763870848.2306383
SNWV,2024-11-15,13633,1763870849.2042046
SNYR,2024-06-28,9870,1763870850.1778328
SNYR,2024-08-23,9870,1763870851.1501546
SNYR,2024-09-10,10105,1763870852.1387665
SNYR,2024-10-23,64637,1763870853.1097605
SOBR,2022-01-19,11596,1763870854.0907617
SOBR,2022-02-28,10542,1763870855.0817902
SOBR,2022-06-24,103085,1763870856.07671
SOBR,2022-08-04,228234,1763870857.0888822
SOBR,2022-08-08,822018,1763870858.2666924
SOBR,2022-09-20,3827305,1763870860.457794
SOBR,2022-09-28,5527928,1763870863.440032
SOBR,2022-09-30,4115551,1763870865.8201668
SOBR,2022-10-03,7637321,1763870869.4384272
SOBR,2022-10-10,4514641,1763870872.0338602
SOBR,2022-10-13,808152,1763870873.2943404
SOBR,2022-12-08,389741,1763870874.3687778
SOBR,2023-01-31,3906470,1763870876.5971103
SOBR,2024-01-30,122077,1763870877.6621687
SOBR,2024-04-17,54327,1763870878.6503026
SOBR,2024-04-24,47666,1763870879.666381
SOBR,2024-05-28,9691445,1763870884.024303
SOBR,2024-05-30,9037449,1763870888.4106464
SOBR,2024-06-04,20294714,1763870897.686313
SOBR,2024-06-27,3223548,1763870899.9161277
SOBR,2024-09-20,449701,1763870900.998246
SOBR,2024-10-04,1027544,1763870902.1953862
SOBR,2024-10-07,9221457,1763870906.366115
SOBR,2024-10-18,7912351,1763870909.9623792
SOBR,2024-12-19,5248286,1763870912.8303316
SOBR,2024-12-26,4077139,1763870915.1573627
SOC,2024-09-03,3914791,1763870917.2621906
SOFI,2022-08-03,19982698,1763870926.624343
SOGP,2024-02-21,14679126,1763870932.9075406
SOHO,2020-03-10,122622,1763870934.0313406
SOHO,2020-03-13,226547,1763870935.0813892
SOHO,2020-03-17,159079,1763870936.128191
SOHO,2020-03-20,182878,1763870937.1545708
SOHO,2020-03-25,166089,1763870938.1861172
SOHO,2020-03-26,214347,1763870939.241177
SOHO,2020-05-27,224586,1763870940.2861466
SOHO,2020-11-09,619529,1763870941.3550997
SOHO,2020-12-04,495556,1763870942.5321338
SOHOB,2020-03-19,37610,1763870943.5252364
SOHOB,2020-03-20,30724,1763870944.5482106
SOHOB,2020-03-25,29854,1763870945.5709674
SOHOB,2020-04-09,26960,1763870946.563725
SOHOB,2020-05-28,97836,1763870947.563753
SOHOB,2020-11-09,24951,1763870948.5600605
SOHON,2020-03-13,28503,1763870949.5620475
SOHON,2020-03-19,34283,1763870950.5648828
SOHON,2020-03-20,25666,1763870951.5499423
SOHON,2020-03-24,17223,1763870952.5636275
SOHON,2020-03-25,21783,1763870953.5691938
SOHON,2020-03-26,25099,1763870954.5556471
SOHON,2020-04-09,26722,1763870956.9819944
SOHON,2020-11-09,26803,1763870957.9618201
SOHOO,2020-03-13,31955,1763870958.9667673
SOHOO,2020-03-20,38983,1763870959.9827514
SOHOO,2020-03-24,21931,1763870960.9717455
SOHOO,2020-03-25,29457,1763870961.9983468
SOHOO,2020-05-27,35322,1763870962.995719
SOHOO,2020-06-12,18746,1763870963.9771059
SOHOO,2020-11-09,23812,1763870964.979043
SOHU,2020-07-27,2032246,1763870966.4803743
SOL,2020-09-17,380176,1763870967.5283644
SOL,2020-09-18,1020807,1763870968.733652
SOL,2020-10-06,1238338,1763870970.162246
SOL,2020-10-07,3247187,1763870971.8549738
SOL,2020-10-09,2188650,1763870973.404696
SOL,2020-11-13,2123356,1763870974.8652532
SOL,2020-11-27,2813685,1763870976.477706
SOL,2020-12-14,3625645,1763870978.4716363
SOL,2021-01-07,8161320,1763870981.8319852
SOL,2021-03-09,4654800,1763870984.1202903
SOL,2022-03-08,3047185,1763870985.9081454
SOLS,2022-03-24,13923,1763870986.9062216
SOLS,2022-04-01,12700,1763870987.8968575
SOLS,2022-05-05,11891,1763870988.8810809
SOLS,2022-05-20,12425,1763870989.8691926
SOND,2022-05-23,1056205,1763870991.1515427
SOND,2022-08-11,986101,1763870992.439164
SOND,2023-05-16,653465,1763870993.6520267
SOND,2023-05-17,864305,1763870994.7905095
SOND,2023-05-18,1282950,1763870996.1178634
SOND,2023-06-09,538035,1763870997.2470465
SOND,2023-12-19,151414,1763870998.4916072
SOND,2024-02-27,161766,1763870999.5112956
SOND,2024-06-11,81958,1763871000.5251763
SOND,2024-08-12,167367,1763871001.6200457
SOND,2024-08-13,140488,1763871002.6475282
SOND,2024-08-14,379308,1763871003.8678584
SOND,2024-08-19,10492336,1763871008.437741
SOND,2024-11-08,552853,1763871009.681305
SONDW,2022-03-24,13439,1763871010.688812
SONM,2020-03-13,82181,1763871011.6949074
SONM,2020-03-20,157126,1763871012.7177567
SONM,2020-03-23,207510,1763871013.7646818
SONM,2020-03-25,108582,1763871014.7757168
SONM,2020-04-01,361891,1763871015.8176491
SONM,2020-04-22,1122600,1763871017.0683384
SONM,2020-05-21,2685767,1763871018.89779
SONM,2020-11-02,392019,1763871020.033929
SONM,2021-02-16,1493239,1763871021.319728
SONM,2021-06-08,3884013,1763871023.4234455
SONM,2021-10-25,7642067,1763871027.3701055
SONM,2022-03-15,6042171,1763871030.3620267
SONM,2022-05-05,2538929,1763871032.2704234
SONM,2022-06-14,1996717,1763871033.8034508
SONM,2022-07-15,1075392,1763871035.07234
SONM,2022-12-01,993933,1763871036.2770376
SONM,2023-03-20,135395,1763871037.304005
SONM,2023-03-24,105148,1763871038.300407
SONM,2024-05-30,288485,1763871039.8320713
SONM,2024-07-23,1143777,1763871041.0392427
SONM,2024-09-23,80747,1763871042.0332038
SONN,2020-04-06,531759,1763871043.129059
SONN,2020-04-14,9535238,1763871047.063125
SONN,2020-07-31,24503762,1763871057.838914
SONN,2020-08-24,14942668,1763871064.4374323
SONN,2021-08-19,17186575,1763871072.385775
SONN,2021-08-31,7739142,1763871075.7495291
SONN,2022-03-16,11901896,1763871080.9835029
SONN,2022-06-09,1619917,1763871082.4144533
SONN,2022-09-14,1285010,1763871083.7355855
SONN,2022-09-16,3720368,1763871085.8571846
SONN,2022-09-22,967541,1763871087.0997975
SONN,2022-10-31,12433240,1763871092.5567946
SONN,2022-11-01,22371273,1763871103.1441488
SONN,2022-11-07,1886225,1763871104.7076366
SONN,2023-01-09,2823026,1763871106.525396
SONN,2023-05-25,3246050,1763871108.4484355
SONN,2023-06-12,695922,1763871109.5795128
SONN,2023-06-15,1447144,1763871110.9451692
SONN,2023-08-16,1743507,1763871112.3998792
SONN,2024-11-06,11943157,1763871117.5445645
SONN,2024-12-09,13420592,1763871123.5548108
SONO,2020-11-19,12213724,1763871128.9152815
SOPA,2021-11-10,7049726,1763871131.9594808
SOPA,2021-11-24,4970100,1763871134.4947143
SOPA,2021-12-20,34428379,1763871150.2095726
SOPA,2021-12-22,31611289,1763871165.2610393
SOPA,2021-12-23,42428954,1763871184.4848187
SOPA,2022-02-08,12895284,1763871190.4086797
SOPA,2022-03-09,1160902,1763871191.7904456
SOPA,2022-03-22,4850243,1763871194.3476367
SOPA,2022-05-09,11158910,1763871199.4742453
SOPA,2022-08-04,11400043,1763871204.7161145
SOPA,2023-10-12,1203237,1763871206.0620246
SOPA,2024-05-07,734190,1763871207.2189124
SOPA,2024-07-22,698118,1763871208.3561113
SOPH,2022-10-06,137322,1763871209.3651307
SOPH,2023-03-14,217658,1763871210.3916962
SOPH,2024-03-05,189013,1763871211.4184422
SOS,2020-07-29,190489,1763871212.42402
SOS,2020-10-20,320962,1763871213.5559895
SOS,2021-01-06,3324189,1763871215.4598496
SOS,2021-01-07,18006723,1763871222.7546213
SOS,2021-01-14,6901397,1763871225.5517566
SOS,2021-01-27,6250624,1763871228.197065
SOS,2021-01-29,10342191,1763871232.0138433
SOS,2021-02-11,20379050,1763871239.7972558
SOS,2021-02-16,34142986,1763871253.3611107
SOS,2021-02-17,72327191,1763871280.7198844
SOS,2021-03-01,46474572,1763871299.151378
SOS,2021-03-03,65846978,1763871325.2905273
SOS,2021-03-15,29215722,1763871336.2692204
SOS,2021-04-07,48218842,1763871355.7710693
SOS,2022-02-16,5252084,1763871358.2349434
SOS,2022-05-02,8601947,1763871361.7250652
SOS,2022-07-18,1784115,1763871363.1570258
SOS,2022-08-08,2415972,1763871364.6366348
SOS,2023-07-11,6245605,1763871367.4376576
SOS,2023-08-21,2704548,1763871369.0210779
SOS,2023-12-20,540517,1763871370.1046183
SOS,2024-11-27,3132136,1763871371.7902498
SOS,2024-11-29,1103394,1763871372.9446404
SOTK,2021-10-13,545117,1763871373.9784791
SOTK,2024-12-30,95781,1763871374.9753082
SOUN,2022-05-02,5727269,1763871377.6636333
SOUN,2022-05-03,13630968,1763871383.619414
SOUN,2022-06-17,3622415,1763871385.64546
SOUN,2022-11-11,1245722,1763871386.926772
SOUN,2022-12-30,1476454,1763871388.2271762
SOUN,2023-01-17,1110771,1763871389.494845
SOUN,2023-01-27,4853057,1763871391.9474392
SOUN,2023-02-03,8509283,1763871395.924795
SOUN,2023-02-06,22450581,1763871406.4735248
SOUN,2023-02-08,18933812,1763871415.827624
SOUN,2023-03-21,2374729,1763871417.6569648
SOUN,2023-03-31,6481379,1763871420.745091
SOUN,2024-02-15,32390626,1763871436.2689228
SOUN,2024-02-26,22513262,1763871446.567312
SOUN,2024-02-27,58387249,1763871471.7384758
SOUN,2024-12-05,34364603,1763871487.7481122
SOUNW,2022-05-02,102185,1763871489.0237315
SOUNW,2022-05-03,257817,1763871490.0693161
SOUNW,2023-06-30,41730,1763871491.0789387
SOUNW,2024-02-15,203752,1763871492.0987782
SOUNW,2024-02-16,331907,1763871493.1415167
SOUNW,2024-02-20,204764,1763871494.1315582
SOUNW,2024-02-21,407483,1763871495.1871192
SOUNW,2024-02-22,458151,1763871496.2630527
SOUNW,2024-03-07,121693,1763871497.2856534
SOUNW,2024-03-13,236411,1763871498.335069
SOUNW,2024-03-14,390887,1763871499.4014878
SOUNW,2024-04-23,81434,1763871500.3996763
SOUNW,2024-04-24,92243,1763871501.4257555
SOUNW,2024-12-05,257708,1763871502.5016947
SOUNW,2024-12-09,364840,1763871503.595137
SOUNW,2024-12-13,212104,1763871504.641509
SOUNW,2024-12-18,501033,1763871505.7224948
SOUNW,2024-12-19,740271,1763871506.9254725
SOUNW,2024-12-26,192676,1763871507.9185603
SOWG,2022-02-03,10487,1763871508.8971415
SOWG,2022-05-02,10620,1763871509.8699248
SOWG,2022-05-05,10729,1763871510.8531818
SOWG,2022-05-11,10190,1763871511.841575
SOWG,2022-06-03,10838,1763871512.9355211
SOWG,2023-02-24,10475,1763871513.9098387
SOWG,2023-10-03,10824,1763871514.8970742
SOWG,2023-10-23,11324,1763871515.8742647
SOWG,2023-11-14,11457,1763871516.850291
SOWG,2023-11-28,16847,1763871517.846383
SOWG,2024-02-29,10716,1763871518.8338037
SOWG,2024-05-15,185222,1763871519.84009
SPAI,2024-09-18,428088,1763871520.8829143
SPAI,2024-09-26,1085748,1763871522.1312573
SPAI,2024-10-07,130433,1763871523.1526482
SPAI,2024-10-08,307118,1763871524.1771486
SPAI,2024-11-19,3570447,1763871526.3748224
SPAI,2024-11-20,13467046,1763871532.8725579
SPAI,2024-11-21,22677976,1763871544.1793013
SPAI,2024-12-13,663753,1763871545.5167289
SPAQ,2020-07-09,11779741,1763871549.6374779
SPAQ,2023-01-30,10642,1763871550.6717117
SPCB,2020-03-12,1132113,1763871551.9322405
SPCB,2020-03-19,424407,1763871552.9634922
SPCB,2020-03-25,493279,1763871554.2693594
SPCB,2020-03-26,576978,1763871555.399569
SPCB,2020-03-30,6747175,1763871558.3890352
SPCB,2020-06-08,4413505,1763871560.6949656
SPCB,2020-10-09,614538,1763871561.7861903
SPCB,2020-11-30,5359139,1763871564.3801131
SPCB,2021-02-03,2988449,1763871566.410373
SPCB,2021-02-05,2821726,1763871568.159542
SPCB,2021-03-19,15986865,1763871575.286491
SPCB,2021-10-25,1267876,1763871576.746825
SPCB,2021-12-30,2083167,1763871578.2028573
SPCB,2022-08-24,2829498,1763871580.0704122
SPCB,2023-10-10,17251553,1763871587.4756975
SPCB,2023-11-14,2946767,1763871589.4219427
SPCB,2024-02-12,6766893,1763871592.4778748
SPCB,2024-04-04,586387,1763871593.6726582
SPCB,2024-04-05,6570070,1763871596.6417012
SPCB,2024-04-15,10571469,1763871601.3513403
SPCB,2024-04-22,6604823,1763871604.6001642
SPCB,2024-04-25,3655714,1763871606.8769515
SPCB,2024-08-05,911485,1763871608.090507
SPCB,2024-08-15,3483010,1763871610.0539963
SPCB,2024-12-30,1636048,1763871611.4985156
SPCE,2020-02-18,27542254,1763871622.2298427
SPCE,2020-03-20,9637166,1763871625.973178
SPCE,2020-03-24,13488490,1763871631.077925
SPCE,2020-04-14,13168890,1763871635.7890925
SPCE,2021-01-27,52497533,1763871655.9803605
SPCE,2021-05-24,44806080,1763871674.4316163
SPCE,2021-06-25,78040001,1763871705.0657918
SPCE,2022-02-15,33627528,1763871719.2503755
SPCE,2023-06-16,25336290,1763871729.808992
SPCE,2023-11-09,6756323,1763871732.5458093
SPCE,2024-04-23,9051750,1763871735.9727633
SPCE,2024-05-14,9749685,1763871739.7649655
SPCE,2024-05-28,4565538,1763871741.883359
SPG,2020-03-19,10746276,1763871746.0682158
SPG,2020-11-09,13490520,1763871750.995046
SPIR,2021-09-03,758043,1763871752.2010617
SPIR,2021-09-16,1615806,1763871753.5247178
SPIR,2021-09-21,5324720,1763871755.8607569
SPIR,2024-03-19,3996535,1763871757.8365798
SPIR,2024-11-13,1143258,1763871759.0526664
SPOK,2020-03-17,229638,1763871760.0837567
SPOK,2023-07-27,566747,1763871761.1593275
SPPL,2024-08-07,40676,1763871762.1597018
SPPL,2024-11-04,23495763,1763871771.7209833
SPPL,2024-11-05,36328989,1763871787.1202533
SPPL,2024-11-08,1183961,1763871788.6453383
SPPL,2024-11-15,16028397,1763871795.5078728
SPPL,2024-12-26,215262,1763871796.5891082
SPR,2020-03-25,3620418,1763871798.6327324
SPRB,2020-11-27,57524,1763871799.6232452
SPRB,2021-12-17,15731960,1763871806.4258718
SPRB,2021-12-27,4037796,1763871808.7996147
SPRB,2022-06-02,916345,1763871810.0279891
SPRB,2023-01-06,12339869,1763871815.737142
SPRB,2023-12-21,211536,1763871816.824414
SPRC,2022-03-25,1786262,1763871818.265909
SPRC,2022-05-24,2833515,1763871819.9128852
SPRC,2022-05-26,4940904,1763871822.3425653
SPRC,2022-08-01,236544,1763871823.431074
SPRC,2022-08-22,635900,1763871824.5193927
SPRC,2022-08-24,7252672,1763871828.1291862
SPRC,2022-09-14,7609457,1763871831.7602212
SPRC,2022-10-28,1639484,1763871833.2939396
SPRC,2022-11-07,3668877,1763871835.3568318
SPRC,2023-01-13,209273,1763871836.4008453
SPRC,2023-01-23,262179,1763871837.412446
SPRC,2023-02-17,4377543,1763871839.8703623
SPRC,2023-04-11,735177,1763871841.0503526
SPRC,2023-08-09,2055867,1763871842.6745036
SPRC,2023-09-27,11434171,1763871847.716092
SPRC,2023-10-03,5036510,1763871850.2991035
SPRC,2023-10-17,11494895,1763871855.6749794
SPRC,2023-10-31,8211589,1763871859.7889197
SPRC,2023-11-15,6355587,1763871863.1407213
SPRC,2023-11-22,5407800,1763871866.23572
SPRC,2023-11-24,7587347,1763871869.9471955
SPRC,2023-12-13,3155653,1763871872.1622107
SPRC,2024-01-24,11183867,1763871877.183431
SPRC,2024-02-20,7001448,1763871880.5154684
SPRC,2024-03-19,1212300,1763871881.916109
SPRC,2024-07-15,136335,1763871882.942165
SPRC,2024-07-16,7381655,1763871886.5236042
SPRC,2024-08-15,9357630,1763871890.6105165
SPRC,2024-12-23,158087,1763871891.6964028
SPRC,2024-12-26,17915877,1763871899.5254805
SPRO,2020-09-08,1194163,1763871900.9221425
SPRO,2022-09-06,8747212,1763871905.0660331
SPRO,2022-09-07,13618511,1763871913.1232815
SPRO,2022-09-22,23022838,1763871924.6476464
SPRU,2023-04-14,555588,1763871925.8906736
SPRY,2023-05-12,13635488,1763871932.3629282
SPRY,2023-09-21,5646778,1763871935.5295274
SPT,2020-03-20,472882,1763871936.6354053
SPWH,2020-12-22,3905181,1763871939.151364
SPWH,2024-12-11,1365856,1763871940.5875986
SPWR,2024-05-14,26197327,1763871953.480664
SPWR,2024-05-22,9975320,1763871958.1462936
SPWR,2024-07-23,15444559,1763871964.7614489
SQFT,2020-12-17,737894,1763871966.0003386
SQFT,2020-12-18,11369503,1763871970.582204
SQFT,2020-12-21,11453544,1763871975.3091605
SQFT,2021-01-19,178916,1763871976.3648314
SQFT,2021-05-07,2549590,1763871977.9840314
SQFT,2022-01-24,93587,1763871979.015519
SQFT,2023-11-22,53675,1763871980.0051384
SQFT,2024-03-13,50780,1763871981.0191631
SQNS,2020-12-02,514584,1763871982.127801
SQNS,2023-08-07,653717,1763871983.2400515
SQNS,2024-04-04,236195,1763871984.2545123
SQNS,2024-05-21,142079,1763871985.2501504
SQNS,2024-08-23,12798430,1763871990.1878939
SQQQ,2020-03-16,35898724,1763872005.6097434
SRET,2020-03-26,636111,1763872007.0388532
SRFM,2023-12-11,263060,1763872008.0649092
SRFM,2023-12-28,252416,1763872009.1090503
SRFM,2024-04-03,259205,1763872010.1450448
SRFM,2024-04-18,234610,1763872011.1849966
SRFM,2024-04-19,259764,1763872012.22175
SRFM,2024-06-14,616390,1763872013.2892728
SRFM,2024-06-20,1254067,1763872014.5321937
SRFM,2024-08-13,936870,1763872015.6849399
SRFM,2024-09-10,264244,1763872016.712902
SRFM,2024-10-02,130448,1763872017.7460568
SRFM,2024-10-07,818898,1763872018.9035895
SRFM,2024-10-09,661462,1763872019.9787433
SRFM,2024-10-10,6612068,1763872022.8798668
SRFM,2024-11-21,343097,1763872023.9541812
SRFM,2024-11-25,715017,1763872025.0838783
SRFM,2024-12-12,1004578,1763872026.263355
SRFM,2024-12-26,1015955,1763872027.4260132
SRG,2020-03-25,1425197,1763872028.7171328
SRG,2020-03-31,1928257,1763872030.1663754
SRG,2020-04-09,3723778,1763872032.12969
SRG,2020-06-05,3131033,1763872033.886578
SRG,2020-06-08,5165621,1763872036.2865555
SRG,2020-11-09,1609463,1763872037.653512
SRG,2022-07-08,16854583,1763872044.9230144
SRGpA,2020-03-25,27964,1763872046.019172
SRGpA,2022-07-08,149734,1763872047.0320337
SRL,2020-10-05,181115,1763872048.0402079
SRL,2021-01-13,51623,1763872049.0953557
SRL,2021-05-03,167937,1763872050.117639
SRL,2023-11-28,64665,1763872051.1288981
SRL,2024-12-31,192251,1763872052.1739216
SRPT,2023-05-15,4421469,1763872054.8644416
SRPT,2024-06-21,8926791,1763872059.2551324
SRRK,2020-10-27,19403068,1763872067.8583863
SRRK,2020-10-28,31146507,1763872081.6568165
SRRK,2022-06-17,6971727,1763872085.3534358
SRRK,2022-06-27,1899763,1763872087.0137362
SRRK,2023-10-12,1604646,1763872088.4201028
SRRK,2024-10-07,18743910,1763872096.675009
SRRK,2024-11-25,4003106,1763872099.323091
SRTS,2020-06-01,76512,1763872100.3563397
SRTS,2020-08-04,88823,1763872101.3598623
SRTS,2021-02-26,6263735,1763872104.1653452
SRTS,2022-08-05,763646,1763872105.403695
SRTS,2024-01-23,208066,1763872106.4194617
SRTS,2024-05-10,5870782,1763872109.289165
SRV,2020-03-19,104383,1763872110.3441432
SRV,2020-03-20,88604,1763872111.3340766
SRV,2020-03-25,75111,1763872112.3501804
SRZN,2021-09-07,3157431,1763872114.2773411
SRZN,2021-11-11,121016,1763872115.3028872
SRZN,2022-03-09,79102,1763872116.2982104
SRZN,2022-12-15,1241421,1763872117.6066437
SRZN,2022-12-19,675578,1763872118.7130034
SRZN,2023-02-09,891054,1763872119.888278
SRZNW,2021-09-07,28143,1763872120.8699408
SRZNW,2021-11-11,14254,1763872121.8702433
SSII,2023-06-06,13170,1763872122.8569036
SSII,2024-02-13,11352,1763872123.8350089
SSII,2024-03-11,14379,1763872124.8199167
SSII,2024-03-20,12403,1763872125.8234968
SSII,2024-09-09,10541,1763872126.7978313
SSII,2024-12-23,11289,1763872127.782816
SSKN,2020-03-25,40933,1763872128.8358123
SSKN,2020-04-17,34420,1763872129.8208175
SSKN,2020-04-22,40746,1763872130.8218052
SSKN,2020-04-23,67891,1763872131.8298032
SSKN,2020-05-19,57683,1763872132.8182251
SSKN,2020-08-12,72668,1763872133.8213189
SSKN,2021-01-19,96386,1763872134.797753
SSKN,2021-03-02,1520036,1763872136.705135
SSKN,2021-03-17,3191954,1763872138.8703742
SSKN,2023-02-03,45241,1763872139.9090548
SSKN,2023-08-21,391188,1763872140.985224
SSKN,2023-09-15,31197,1763872141.9824016
SSKN,2023-11-16,60638,1763872142.9730103
SSKN,2023-11-17,47344,1763872143.9702008
SSKN,2023-12-07,40221,1763872144.9545507
SSL,2020-03-26,3354142,1763872146.865795
SSL,2020-04-07,4950819,1763872149.2896926
SSP,2020-04-06,608649,1763872150.5961776
SSP,2020-09-24,2678767,1763872152.3737445
SSP,2024-03-04,1709635,1763872153.9871361
SST,2022-04-05,14175197,1763872159.5705597
SST,2022-04-07,9857336,1763872163.581597
SST,2023-11-30,358296,1763872164.6737003
SST,2023-12-06,337915,1763872165.876425
SST,2023-12-20,1068009,1763872167.0531538
SST,2024-03-28,3494411,1763872169.0311427
SST,2024-04-01,1913702,1763872170.4774644
SST,2024-08-16,552461,1763872171.5718465
SSTI,2020-02-19,647132,1763872172.7156672
SSTI,2020-03-19,306192,1763872173.7749233
SSTI,2020-08-07,419155,1763872174.800932
SSYS,2021-01-07,3204834,1763872176.8851848
SSYS,2021-11-04,3852830,1763872179.2987645
STEC,2024-10-16,20269188,1763872192.0727084
STEC,2024-10-31,6198718,1763872195.7655706
STEC,2024-11-07,143612,1763872196.797938
STEC,2024-12-30,907858,1763872198.0245645
STEM,2024-10-03,1946047,1763872199.5334854
STEM,2024-12-27,4101283,1763872201.8424466
STEM,2024-12-30,8817256,1763872205.6820703
STFS,2024-10-17,72926,1763872206.741414
STG,2020-07-17,208831,1763872207.749856
STG,2021-02-05,6701370,1763872210.717584
STG,2021-03-04,1444654,1763872212.2454147
STG,2021-08-04,543511,1763872213.3252318
STG,2021-11-23,224897,1763872214.3372297
STG,2022-05-11,74740,1763872215.3421183
STG,2022-05-18,78080,1763872216.350603
STG,2022-12-02,169430,1763872217.3716328
STG,2023-11-29,40183,1763872218.3905456
STI,2024-02-26,356211,1763872219.4289472
STI,2024-03-07,412384,1763872220.445865
STI,2024-03-11,17283439,1763872228.298177
STI,2024-03-14,2735146,1763872230.1921966
STI,2024-03-15,7335042,1763872233.5957344
STI,2024-03-18,22310868,1763872244.2746744
STI,2024-04-08,728190,1763872245.5897946
STI,2024-04-24,290473,1763872246.6441822
STI,2024-04-26,563152,1763872247.750217
STI,2024-05-01,638856,1763872248.8693538
STI,2024-06-11,434464,1763872249.9294531
STI,2024-06-28,353544,1763872250.9970386
STI,2024-08-20,2820963,1763872252.8486001
STI,2024-08-22,397641,1763872253.9109042
STI,2024-10-30,16472627,1763872261.1412983
STI,2024-11-13,491779,1763872262.3349454
STI,2024-11-15,7719555,1763872265.7142253
STI,2024-12-27,4747220,1763872268.1407022
STI,2024-12-30,8858257,1763872271.982541
STIM,2020-03-06,769170,1763872273.2412012
STIM,2020-03-25,422543,1763872274.3305438
STIM,2020-03-30,368101,1763872275.356009
STIM,2020-06-23,2855694,1763872277.2676804
STIM,2020-07-15,3119713,1763872279.1800094
STIM,2021-05-04,2487512,1763872280.7777731
STIM,2023-05-09,393219,1763872281.8540826
STKH,2022-12-14,116777,1763872283.1391733
STKH,2022-12-15,184064,1763872284.1499891
STKH,2022-12-30,65127,1763872285.1556087
STKH,2023-01-03,57593,1763872286.129834
STKH,2023-01-09,99273,1763872287.1478975
STKH,2023-07-24,525681,1763872288.2839513
STKH,2023-07-25,1100064,1763872289.5033429
STKH,2023-07-31,387950,1763872290.5611482
STKH,2024-08-27,50371,1763872291.5507472
STKL,2020-03-19,207943,1763872292.7743251
STKL,2022-05-12,1611346,1763872294.3336947
STKL,2023-10-13,1599276,1763872295.8276632
STKL,2024-05-09,1635717,1763872297.338402
STKS,2020-03-19,133158,1763872298.3997622
STKS,2020-03-24,164559,1763872299.4677358
STKS,2020-03-25,78687,1763872300.4793482
STKS,2020-03-27,130852,1763872301.4985087
STKS,2020-04-06,99513,1763872302.5195286
STKS,2020-04-07,77276,1763872303.5345857
STKS,2020-04-29,113250,1763872304.5595522
STKS,2020-06-12,72939,1763872305.5915594
STKS,2021-03-23,446652,1763872306.6699507
STNE,2022-03-18,15512563,1763872314.2390957
STNG,2020-03-10,2848747,1763872316.0312567
STOK,2022-08-08,420584,1763872317.1369958
STOK,2024-02-14,303514,1763872318.1977458
STOK,2024-03-26,9999678,1763872322.7873034
STOK,2024-03-27,14428311,1763872329.5860753
STRC,2023-06-16,301186,1763872330.7146547
STRC,2023-07-26,1244885,1763872331.987886
STRC,2023-08-02,319980,1763872333.018417
STRC,2024-02-26,1511979,1763872334.455315
STRC,2024-02-27,3730324,1763872336.438741
STRC,2024-03-06,1269978,1763872337.692867
STRC,2024-03-19,1074138,1763872338.8948624
STRC,2024-04-05,399840,1763872339.941713
STRO,2020-03-13,61262,1763872340.9474654
STRO,2020-03-17,108619,1763872341.9731438
STRO,2020-12-04,1884517,1763872343.4697251
STRO,2022-06-28,3586975,1763872345.518217
STRR,2021-02-18,370322,1763872346.5717309
STRR,2021-07-13,516261,1763872347.6436794
STRR,2021-07-23,2251023,1763872349.1316733
STRR,2023-05-05,452618,1763872350.1706588
STRRP,2021-11-29,19388,1763872351.1626413
STRRP,2023-02-09,28028,1763872352.1653664
STRRP,2023-03-13,12878,1763872353.1509018
STRS,2020-03-19,44222,1763872354.137983
STRS,2020-04-17,60976,1763872355.1342914
STSS,2022-04-19,13360637,1763872360.8461497
STSS,2022-05-04,2140595,1763872362.452782
STSS,2022-12-14,40497,1763872363.4514804
STSS,2023-01-09,210953,1763872364.4559188
STSS,2023-01-30,305718,1763872365.4786153
STSS,2023-05-09,1010424,1763872366.9057236
STSS,2023-05-10,7731378,1763872370.678056
STSS,2023-09-26,1655853,1763872372.2072196
STSS,2024-05-28,23761956,1763872382.6238036
STSS,2024-05-30,12008420,1763872387.835626
STSS,2024-06-13,7343937,1763872391.0640283
STSS,2024-07-25,4326042,1763872393.410311
STTK,2022-07-06,311264,1763872394.5129693
STTK,2023-09-22,157665,1763872395.518897
STTK,2023-12-13,17345151,1763872403.5076654
STTK,2023-12-14,21525780,1763872413.3463674
STWD,2020-03-25,6813141,1763872416.5243044
STWD,2020-03-26,7444233,1763872419.8350787
SU,2020-11-09,6817020,1763872422.8782425
SUGP,2024-01-26,325224,1763872424.1312423
SUGP,2024-02-08,74184,1763872425.1325731
SUGP,2024-02-12,408916,1763872426.2378933
SUGP,2024-02-23,7526281,1763872430.6331913
SUGP,2024-09-10,297872,1763872431.742186
SUGP,2024-11-11,7260519,1763872435.603541
SUGP,2024-11-19,108161,1763872436.651113
SUGP,2024-12-19,61303,1763872437.6565142
SUGP,2024-12-26,1509036,1763872439.0580025
SUNS,2020-03-19,139906,1763872440.0909674
SUNS,2020-03-24,120305,1763872441.1109517
SUNS,2024-07-11,356044,1763872442.1708283
SUPV,2021-02-18,8633357,1763872445.81759
SURG,2021-11-09,9440323,1763872449.9461358
SURG,2022-01-12,173274,1763872451.052153
SURG,2024-11-21,3589851,1763872453.1570697
SUUN,2024-09-23,434401,1763872454.2410264
SVC,2020-03-19,2178978,1763872455.914946
SVC,2020-03-26,2174463,1763872457.5476637
SVC,2020-04-09,2132104,1763872459.2258859
SVC,2020-11-09,1901443,1763872460.7825806
SVC,2022-10-13,2226094,1763872462.4905374
SVRA,2021-02-23,783687,1763872463.8004985
SVRA,2021-03-16,15266726,1763872470.5461357
SVRE,2022-07-12,864477,1763872471.8314333
SVRE,2022-07-14,2963331,1763872473.5369346
SVRE,2022-08-19,436201,1763872474.608487
SVRE,2022-08-22,8334608,1763872478.4642558
SVRE,2023-03-08,3786771,1763872480.8807929
SVRE,2023-05-04,8971104,1763872484.9146569
SVRE,2023-05-17,1181244,1763872486.3170893
SVRE,2023-10-10,38281,1763872487.3370771
SVRE,2023-10-30,332588,1763872488.388517
SVRE,2023-11-27,448271,1763872489.4172752
SVRE,2023-12-11,1426081,1763872490.7386844
SVRE,2023-12-12,2306655,1763872492.2909873
SVRE,2023-12-20,250679,1763872493.3144157
SVRE,2023-12-26,458049,1763872494.3567793
SVRE,2023-12-27,853883,1763872495.5482502
SVRE,2024-01-30,101875,1763872496.553305
SVRE,2024-02-14,118424,1763872497.5645485
SVRE,2024-06-04,63157,1763872498.5667093
SVRE,2024-10-28,599279,1763872499.7181623
SVRE,2024-12-24,335233,1763872500.7394145
SVREW,2022-06-10,14394,1763872501.728988
SWIM,2021-11-10,1178562,1763872503.1371348
SWIM,2023-05-09,694974,1763872504.3573165
SWIM,2024-08-07,3560005,1763872506.6447623
SWKH,2020-03-24,11742,1763872507.6406722
SWVL,2022-04-21,5594891,1763872510.3416052
SWVL,2022-04-25,3282383,1763872512.3169818
SWVL,2022-04-28,7939939,1763872515.9005263
SWVL,2022-05-06,2532626,1763872517.6747553
SWVL,2022-06-17,234459,1763872518.6966152
SWVL,2022-10-13,507013,1763872519.7546442
SWVL,2022-11-22,328477,1763872520.8118753
SWVL,2022-12-30,2213335,1763872522.367689
SWVL,2023-01-03,4000132,1763872524.4927294
SWVL,2023-01-06,9087271,1763872528.3708482
SWVL,2023-12-27,84173,1763872529.422575
SWVL,2023-12-29,68517,1763872530.4375446
SWVL,2024-01-05,850026,1763872531.669845
SWVL,2024-01-08,1012301,1763872532.8882008
SWVL,2024-01-11,739638,1763872533.9992108
SWVL,2024-01-24,154369,1763872535.0232277
SWVL,2024-03-07,195544,1763872536.0531392
SWVL,2024-03-20,201579,1763872537.0922189
SWVL,2024-03-21,465391,1763872538.1994834
SWVL,2024-03-25,390768,1763872539.2965333
SWVL,2024-04-03,442240,1763872540.337551
SWVL,2024-04-04,534281,1763872541.454591
SWVL,2024-04-18,277988,1763872542.4721208
SWVL,2024-04-30,236895,1763872543.4939976
SWVL,2024-09-18,520498,1763872544.591056
SWVL,2024-11-15,295222,1763872545.5999649
SWVL,2024-11-18,385177,1763872546.702132
SXTC,2020-01-10,339568,1763872547.724378
SXTC,2020-01-16,1099968,1763872548.9298985
SXTC,2020-01-27,1345354,1763872550.2116632
SXTC,2020-02-03,1170768,1763872551.4581883
SXTC,2020-03-31,456571,1763872552.5133414
SXTC,2020-06-18,3104862,1763872554.3387978
SXTC,2020-12-03,1833696,1763872555.8085146
SXTC,2021-01-11,3593220,1763872557.783095
SXTC,2021-01-28,2743851,1763872559.4406
SXTC,2021-07-16,11025594,1763872564.0252054
SXTC,2021-10-26,643516,1763872565.2086058
SXTC,2022-01-14,1667098,1763872569.5130918
SXTC,2022-01-25,1615362,1763872570.8919644
SXTC,2022-02-28,849538,1763872572.0886524
SXTC,2022-03-02,3348772,1763872574.2554097
SXTC,2022-03-29,7483584,1763872577.5913978
SXTC,2022-06-23,124122,1763872578.6433902
SXTC,2022-08-31,401654,1763872579.6764734
SXTC,2022-09-01,1093172,1763872580.9218998
SXTC,2022-12-09,261317,1763872581.9397552
SXTC,2022-12-12,595964,1763872583.0369613
SXTC,2023-04-28,263234,1763872584.0595143
SXTC,2023-05-08,330195,1763872585.079431
SXTC,2023-08-21,9612216,1763872589.2679276
SXTC,2023-08-24,2166245,1763872590.9307928
SXTC,2023-09-07,2641681,1763872592.8378959
SXTC,2023-09-19,614976,1763872593.981392
SXTC,2023-10-13,375474,1763872595.018042
SXTC,2023-11-30,332211,1763872596.033988
SXTC,2023-12-29,11959571,1763872601.4401927
SXTC,2024-01-25,2969715,1763872603.6028662
SXTC,2024-02-08,4230525,1763872606.1518238
SXTC,2024-04-16,8272626,1763872610.187652
SXTC,2024-05-07,421305,1763872611.3324952
SXTC,2024-12-09,4047073,1763872613.4944367
SXTP,2023-07-13,8644304,1763872617.8176475
SXTP,2023-07-19,4306963,1763872620.2097218
SXTP,2023-12-20,371142,1763872621.2481403
SXTP,2023-12-26,3831291,1763872623.4509923
SXTP,2024-01-22,120586,1763872624.4689348
SXTP,2024-07-19,16020916,1763872632.2771719
SXTP,2024-08-12,5261958,1763872634.9052923
SXTP,2024-08-15,1442321,1763872636.3575215
SXTP,2024-08-23,954798,1763872637.5282552
SXTP,2024-10-16,97075,1763872638.53328
SXTP,2024-11-25,69815,1763872639.529215
SXTP,2024-12-10,2266923,1763872641.3304155
SXTPW,2023-07-13,130291,1763872642.3627563
SY,2022-12-16,188440,1763872643.3901286
SY,2022-12-21,193553,1763872644.4191728
SY,2023-03-21,295665,1763872645.6049445
SYBX,2020-03-17,226470,1763872646.62647
SYBX,2020-11-25,4709647,1763872649.0960207
SYBX,2020-12-14,4299025,1763872651.7490754
SYBX,2021-01-13,6028282,1763872654.7110145
SYBX,2021-03-25,999151,1763872656.1966283
SYBX,2023-06-06,163787,1763872657.2211013
SYBX,2023-07-07,113583,1763872658.259461
SYBX,2023-09-14,136872,1763872659.297589
SYBX,2023-09-28,325659,1763872660.397885
SYBX,2023-11-06,68047,1763872661.4114056
SYBX,2023-12-11,158498,1763872662.4134078
SYFpA,2020-03-19,235916,1763872663.4382477
SYFpA,2020-03-26,202308,1763872664.4507225
SYM,2022-06-14,756452,1763872665.6975677
SYM,2022-06-21,2542115,1763872667.3775342
SYM,2022-07-06,1301470,1763872668.72256
SYM,2023-07-31,3905538,1763872671.1610577
SYM,2023-11-21,6337110,1763872674.5315177
SYM,2024-11-19,6656208,1763872678.1696887
SYPR,2020-07-28,9266571,1763872682.53688
SYPR,2020-08-11,3868883,1763872684.767221
SYPR,2020-08-19,1604061,1763872686.2512267
SYPR,2020-09-25,4479108,1763872688.6073449
SYPR,2020-11-12,1272769,1763872689.9825757
SYPR,2021-01-21,726271,1763872691.2737656
SYPR,2021-02-08,525631,1763872692.3620923
SYPR,2021-02-24,29216446,1763872706.7017615
SYPR,2021-03-16,1560720,1763872708.3149683
SYPR,2021-04-23,22061520,1763872719.654283
SYPR,2022-03-07,415844,1763872720.9255302
SYPR,2024-12-18,106648,1763872721.9231448
SYPR,2024-12-19,198994,1763872722.9308157
SZZL,2024-02-21,71723,1763872723.9201975
SZZL,2024-02-27,130444,1763872724.9277146
SZZLU,2024-02-27,13330,1763872725.9035876
TACO,2020-03-18,755828,1763872727.0746744
TACO,2021-12-06,2045958,1763872728.6585379
TACT,2020-10-06,196584,1763872729.6601439
TACT,2022-11-11,104865,1763872730.6632228
TAL,2022-03-16,6748502,1763872733.838125
TAL,2024-09-26,9010086,1763872738.107863
TALK,2022-05-26,1203042,1763872739.5401692
TALK,2022-06-02,834933,1763872740.7562654
TALK,2024-09-17,3577734,1763872743.0251074
TANH,2020-06-29,195241,1763872744.0396864
TANH,2020-07-06,176140,1763872745.0282414
TANH,2020-07-08,726068,1763872746.1468594
TANH,2020-11-23,8520051,1763872750.3631322
TANH,2020-11-24,8213205,1763872754.3252208
TANH,2021-12-01,633378,1763872755.5245073
TANH,2022-04-05,3917104,1763872757.7027273
TANH,2022-04-14,1033640,1763872758.972425
TANH,2022-05-02,282294,1763872760.0263515
TANH,2022-06-09,1023739,1763872761.3056905
TANH,2022-06-10,1955317,1763872762.8316865
TANH,2022-06-21,631695,1763872763.919371
TANH,2022-07-18,3668591,1763872765.926816
TANH,2022-11-11,292398,1763872766.9534402
TANH,2022-12-06,224141,1763872767.949893
TANH,2023-01-06,218717,1763872768.9605057
TANH,2023-01-11,185108,1763872769.9664626
TANH,2023-05-01,1552891,1763872771.360669
TANH,2023-09-01,102858,1763872772.367292
TANH,2023-10-12,1448697,1763872773.7373707
TANH,2023-10-13,5070121,1763872776.2703712
TANH,2023-10-16,6126480,1763872779.205061
TANH,2023-12-28,444602,1763872780.2919211
TANH,2024-05-17,581190,1763872781.5270495
TANH,2024-05-20,9583268,1763872786.06258
TANH,2024-05-29,2106027,1763872787.6617959
TANH,2024-08-27,8282573,1763872791.7190738
TANH,2024-09-04,2473375,1763872793.4552138
TANH,2024-09-11,9993111,1763872798.1282837
TANH,2024-09-30,2751530,1763872800.0678337
TANH,2024-12-27,3384584,1763872802.195967
TAOP,2020-06-09,176580,1763872803.248254
TAOP,2020-07-30,25612428,1763872814.9109433
TAOP,2020-08-03,2928428,1763872816.780385
TAOP,2020-09-11,3584302,1763872818.9049704
TAOP,2021-01-07,1131174,1763872820.1702538
TAOP,2021-02-19,3943703,1763872822.4118853
TAOP,2021-02-22,22545735,1763872832.5745885
TAOP,2021-02-24,2150839,1763872834.2757738
TAOP,2021-03-17,936915,1763872835.4925122
TAOP,2021-03-25,789136,1763872836.8113253
TAOP,2021-03-31,5153477,1763872839.446115
TAOP,2021-07-28,1517264,1763872840.873494
TAOP,2021-07-30,4646820,1763872843.4307992
TAOP,2022-08-02,783066,1763872844.614247
TAOP,2022-08-05,291847,1763872845.6241336
TAOP,2022-08-22,389818,1763872846.6544921
TAOP,2023-07-11,3653933,1763872849.0246115
TAOP,2023-07-31,1978162,1763872850.5362248
TAOP,2023-09-01,6771982,1763872853.7061954
TAOP,2023-10-12,438783,1763872854.88408
TAOP,2024-01-02,712303,1763872856.009666
TAOP,2024-02-07,1061615,1763872857.330689
TAOP,2024-02-14,4110937,1763872859.492363
TAOP,2024-05-09,3172277,1763872861.5334196
TAOP,2024-06-10,2568785,1763872863.4328797
TAOP,2024-10-04,53710,1763872864.4446237
TAOP,2024-12-20,11746089,1763872869.6831646
TARA,2020-05-19,58587,1763872870.7541356
TARA,2020-07-28,159693,1763872871.7601032
TARA,2024-04-05,2849327,1763872873.6565204
TARA,2024-12-05,29956372,1763872889.3792257
TARS,2020-12-18,524491,1763872890.8235323
TASK,2022-11-08,2456807,1763872892.5325687
TATT,2020-09-25,5201548,1763872895.224415
TATT,2021-01-06,7736041,1763872898.598352
TATT,2021-07-02,10312198,1763872903.049272
TAYD,2020-03-25,20215,1763872904.1426842
TBBK,2020-03-19,607874,1763872905.3265574
TBI,2020-07-28,830724,1763872906.4705462
TBLA,2022-11-28,10789619,1763872911.4292407
TBLA,2023-05-10,1151460,1763872912.8169978
TBLAW,2023-02-27,11120,1763872913.8216696
TBLU,2024-09-30,13566,1763872914.79402
TC,2020-10-19,79150,1763872915.811264
TC,2020-10-22,1746141,1763872917.2103856
TC,2020-10-27,389429,1763872918.2441661
TC,2020-12-17,105559,1763872919.2600589
TC,2021-06-09,82646,1763872920.2506952
TC,2021-12-03,92708,1763872921.243145
TC,2022-08-29,42635,1763872922.24395
TC,2022-09-29,58836,1763872923.2631898
TC,2023-05-01,521234,1763872924.3528378
TC,2024-02-14,78237,1763872925.3498418
TC,2024-10-24,11885871,1763872930.414293
TCI,2020-11-09,23880,1763872931.4793975
TCI,2021-05-17,64118,1763872932.4813223
TCOM,2022-03-16,9968997,1763872937.4776006
TCPC,2020-03-19,759583,1763872938.7121217
TCRT,2022-04-29,868381,1763872939.892125
TCRT,2022-05-04,1230465,1763872941.1514773
TCRT,2022-08-03,761119,1763872942.366365
TCRT,2022-08-25,2922070,1763872944.169656
TCRT,2022-09-26,1747107,1763872945.6385653
TCRT,2023-08-21,1778705,1763872947.1536405
TCRT,2023-12-18,7199448,1763872950.2883046
TCRT,2024-01-04,1250424,1763872951.6495082
TCRT,2024-01-05,2849640,1763872953.359053
TCRT,2024-01-24,1069307,1763872954.5836763
TCRT,2024-02-23,90643,1763872955.5892043
TCRT,2024-08-20,66212,1763872956.581252
TCRT,2024-09-18,69143,1763872957.5745866
TCRX,2021-09-23,308886,1763872958.5951955
TCRX,2022-05-10,379639,1763872959.903727
TCRX,2022-09-06,64294,1763872960.8798568
TCRX,2022-12-23,31390,1763872961.86828
TCRX,2023-01-12,28449,1763872962.860136
TCRX,2023-05-02,62211,1763872963.869339
TCRX,2023-05-09,14002192,1763872971.0664165
TCRX,2023-05-10,18315940,1763872980.3783631
TCRX,2023-05-26,638146,1763872981.6493437
TCX,2023-05-10,919309,1763872982.8782861
TDACU,2020-11-30,12907,1763872983.8786643
TDACU,2021-02-19,14443,1763872984.855787
TDACU,2021-02-26,17139,1763872985.889297
TDACW,2020-11-19,372863,1763872986.9396634
TDACW,2021-10-22,305592,1763872987.9948175
TDC,2021-02-05,6497972,1763872991.1454537
TDC,2021-02-08,10759575,1763872995.6490486
TDC,2021-04-22,11289822,1763873000.0346696
TDS,2023-08-04,7184871,1763873003.2917054
TDS,2024-05-09,4304722,1763873005.586
TDTH,2024-10-24,74401,1763873006.7128265
TDTH,2024-11-29,237603,1763873007.7339928
TDUP,2021-03-29,2614978,1763873009.3382027
TDUP,2022-12-14,1493860,1763873010.6834133
TDUP,2023-03-07,8373628,1763873014.3353329
TEAM,2021-07-30,5314460,1763873017.0374074
TELA,2020-03-19,95056,1763873018.0661185
TELO,2024-02-12,113614,1763873019.1015573
TELO,2024-02-14,486047,1763873020.1711197
TELO,2024-04-04,57411,1763873021.1590486
TELO,2024-08-19,439619,1763873022.2740037
TELO,2024-09-09,232355,1763873023.291253
TELO,2024-11-19,215722,1763873024.3030136
TEM,2024-11-06,3492659,1763873026.3383305
TEM,2024-11-08,3444781,1763873028.2771046
TEN,2020-03-19,2126881,1763873029.7333064
TEN,2020-03-24,1701457,1763873031.0540748
TEN,2022-02-23,5506641,1763873033.5554807
TEN,2024-07-01,152016,1763873034.5701246
TENX,2020-03-17,45807,1763873035.5867653
TENX,2020-05-15,157689,1763873036.5828564
TENX,2020-05-28,249867,1763873037.6067686
TENX,2020-06-02,7617439,1763873041.042422
TENX,2020-07-17,492167,1763873042.3516645
TENX,2020-12-29,22415876,1763873051.9988587
TENX,2021-01-19,4894434,1763873054.6058693
TENX,2021-01-27,2295319,1763873056.1762667
TENX,2021-04-09,7520154,1763873059.7574954
TENX,2021-09-13,292648,1763873060.8122258
TENX,2022-01-04,207245,1763873061.839297
TENX,2022-06-27,415965,1763873062.8676498
TENX,2022-09-14,535933,1763873063.924859
TENX,2022-11-03,1148065,1763873065.152213
TENX,2022-11-15,2678433,1763873066.9461622
TENX,2022-11-18,1007456,1763873068.1935093
TENX,2023-02-02,8139529,1763873071.9172597
TENX,2023-03-10,3827382,1763873074.1300395
TENX,2023-03-13,7164789,1763873077.3340106
TENX,2023-05-31,692114,1763873078.5144508
TENX,2023-10-12,234213,1763873079.5217874
TENX,2023-11-13,18910569,1763873087.3290038
TENX,2024-01-29,186081,1763873088.478867
TENX,2024-02-06,7171209,1763873091.8213794
TENX,2024-02-07,8338637,1763873095.6186547
TENX,2024-08-06,9052083,1763873099.8175728
TERN,2022-08-12,667374,1763873100.9744525
TERN,2022-08-15,2024456,1763873102.4277363
TERN,2022-09-09,272998,1763873103.458874
TERN,2022-12-19,832937,1763873104.648554
TERN,2023-12-04,688578,1763873105.8264513
TFII,2021-01-25,874768,1763873107.0101688
TG,2020-03-17,323347,1763873108.0434072
TG,2020-12-02,1129709,1763873109.2147243
TGL,2023-01-10,1162253,1763873110.4257689
TGL,2023-04-03,327061,1763873111.4463773
TGL,2023-05-10,837186,1763873112.5917776
TGL,2023-09-29,84772,1763873113.604321
TGL,2023-10-18,7432584,1763873116.905266
TGL,2024-01-17,1200494,1763873118.2406569
TGL,2024-01-18,2081218,1763873119.752889
TGL,2024-02-05,767283,1763873120.905043
TGL,2024-02-14,4072408,1763873122.9912782
TGL,2024-03-20,14088443,1763873129.3847802
TGL,2024-05-08,82559,1763873130.4649596
TGL,2024-08-20,14779760,1763873136.94709
TGL,2024-09-23,15890866,1763873143.6841354
TGL,2024-11-27,395840,1763873144.826469
TGLS,2020-03-16,85352,1763873145.8296156
TGLS,2020-03-17,87331,1763873146.8340547
TGLS,2020-03-24,64252,1763873147.826431
TGLS,2021-05-10,1062111,1763873149.0629704
TGTX,2020-05-05,3341858,1763873150.9754758
TGTX,2020-12-10,6487700,1763873154.1199136
TGTX,2022-11-10,4402989,1763873156.6623852
TGTX,2022-12-28,7941954,1763873160.3107347
TGTX,2022-12-29,13801490,1763873166.6894972
TGTX,2023-11-01,14128252,1763873173.1379242
TGTX,2024-02-28,6167522,1763873176.3268566
TGTX,2024-05-01,6742451,1763873179.7531662
TH,2020-03-25,169656,1763873180.9030583
TH,2020-05-28,181256,1763873181.9234898
TH,2020-06-08,265333,1763873182.980513
TH,2020-11-05,513883,1763873184.053277
TH,2020-11-18,162094,1763873185.0587597
TH,2021-03-26,243805,1763873186.0756216
TH,2021-04-06,5036871,1763873188.8486805
TH,2021-04-07,7159359,1763873192.433957
TH,2022-07-08,2012709,1763873194.1533048
THAR,2023-09-26,3244574,1763873196.2870035
THAR,2023-10-24,1262534,1763873197.6547308
THAR,2023-11-07,4733888,1763873200.2700703
THAR,2023-11-27,7677592,1763873204.1866732
THAR,2024-10-30,19025711,1763873213.018737
THC,2020-03-25,3999566,1763873215.1488707
THC,2020-04-08,4832953,1763873217.6373348
THCH,2023-01-04,146362,1763873218.679349
THCH,2024-04-18,2823924,1763873220.5704384
THRY,2020-10-02,75047,1763873221.590288
THRY,2021-01-12,266316,1763873222.6055481
THRY,2021-05-27,1004358,1763873223.8986435
TIGR,2020-07-06,1976615,1763873225.4595919
TIGR,2020-07-08,2259818,1763873227.140937
TIGR,2020-11-19,1125701,1763873228.437127
TIGR,2020-12-22,1923774,1763873230.0680246
TIGR,2022-03-16,2689794,1763873232.2695048
TIGR,2022-03-18,4447463,1763873234.9327927
TIGR,2023-08-29,2833534,1763873237.0552423
TIGR,2024-09-30,4831957,1763873240.0772703
TIGR,2024-10-02,13627328,1763873246.536566
TIGR,2024-10-04,17620889,1763873254.9015677
TIGR,2024-12-09,7638970,1763873258.9001298
TIL,2022-12-28,1113145,1763873260.1819904
TIL,2022-12-29,1465097,1763873261.4565136
TIL,2024-07-12,261684,1763873262.4815395
TIL,2024-09-09,745957,1763873263.6298838
TIL,2024-09-11,559653,1763873264.7079744
TIL,2024-09-12,2039367,1763873266.2292476
TIL,2024-09-13,6579371,1763873269.245586
TILE,2024-11-01,1748447,1763873270.7832346
TIPT,2021-10-12,1350067,1763873272.2782896
TIRX,2021-01-28,581364,1763873273.3711207
TIRX,2021-02-04,292239,1763873274.4132285
TIRX,2021-02-08,200002,1763873275.4199488
TIRX,2021-02-16,57670,1763873276.396138
TIRX,2021-03-08,298899,1763873277.4432034
TIRX,2021-03-15,189274,1763873278.4731898
TIRX,2021-04-13,17397385,1763873286.5836577
TIRX,2021-04-16,7496273,1763873290.0213335
TIRX,2021-04-27,14371076,1763873296.3323069
TIRX,2021-08-02,645281,1763873297.5490894
TIRX,2021-08-13,2434559,1763873299.169817
TIRX,2022-03-15,557490,1763873300.3058004
TIRX,2022-06-23,676700,1763873301.4500086
TIRX,2022-08-02,95636,1763873302.4627717
TIRX,2022-08-05,179695,1763873303.4786563
TIRX,2022-12-15,44934,1763873304.489715
TIRX,2023-01-05,446187,1763873305.5543573
TIRX,2023-04-28,352428,1763873306.5934474
TIRX,2023-05-01,604879,1763873307.7152848
TIRX,2023-05-02,16420130,1763873315.5706017
TIRX,2023-05-03,16802526,1763873323.297937
TIRX,2023-05-11,380284,1763873324.4781992
TIRX,2023-06-12,216233,1763873325.480377
TIRX,2023-08-21,3310805,1763873327.490635
TIRX,2023-08-24,753909,1763873328.700453
TIRX,2023-10-12,492737,1763873329.7652059
TIRX,2023-12-28,80045,1763873330.7773368
TIRX,2024-02-16,1638144,1763873332.1538222
TIRX,2024-04-18,12248367,1763873337.8305807
TIRX,2024-05-14,4116605,1763873339.8770485
TIRX,2024-05-24,5511314,1763873342.4253922
TIRX,2024-07-24,6205163,1763873345.4277017
TIRX,2024-12-24,768792,1763873346.6590264
TISI,2020-08-05,2227428,1763873348.090029
TISI,2022-02-15,3544977,1763873350.185811
TISI,2022-03-08,1607504,1763873351.518668
TISI,2022-03-29,1209151,1763873352.7479289
TISI,2022-04-06,2634853,1763873354.3130646
TISI,2022-08-15,7912966,1763873357.657732
TISI,2023-05-25,1626372,1763873358.9886775
TIVC,2022-06-17,103515,1763873360.0214262
TIVC,2023-03-29,704529,1763873361.177091
TIVC,2023-04-18,546257,1763873362.2431343
TIVC,2023-05-09,436076,1763873363.2747529
TIVC,2023-05-11,1731982,1763873364.7298944
TIVC,2023-06-16,802760,1763873365.9436092
TIVC,2023-06-27,6716008,1763873368.9925594
TIVC,2023-08-16,6496870,1763873372.177339
TIVC,2023-08-17,18480383,1763873380.2860096
TIVC,2023-08-29,10798783,1763873385.3815167
TIVC,2023-09-01,856248,1763873386.6432197
TIVC,2023-11-13,12897045,1763873392.7594995
TIVC,2023-11-21,327677,1763873393.9149559
TIVC,2023-11-30,445951,1763873394.970281
TIVC,2024-01-30,122745,1763873395.9825108
TIVC,2024-02-29,1060575,1763873397.2214181
TIVC,2024-05-08,4815189,1763873399.734354
TIVC,2024-07-23,297684,1763873401.1643019
TIVC,2024-07-25,8750207,1763873405.236262
TIVC,2024-07-26,12489537,1763873410.537885
TIVC,2024-07-29,12770603,1763873415.8377752
TIVC,2024-07-30,12942859,1763873421.0572047
TIVC,2024-08-01,1400972,1763873422.5112393
TIVC,2024-10-16,435975,1763873423.568461
TIVC,2024-11-08,18533930,1763873431.3799665
TIVC,2024-11-14,1064374,1763873432.7426617
TIVC,2024-12-24,7020798,1763873435.9353898
TK,2020-03-10,1271242,1763873437.2300217
TKLF,2022-01-25,7691530,1763873440.747686
TKLF,2022-01-28,5024108,1763873443.254387
TKLF,2022-01-31,10566188,1763873447.7633355
TKLF,2022-06-30,1084766,1763873449.0892613
TKLF,2022-07-22,10389906,1763873453.7108014
TKLF,2022-08-26,488669,1763873454.8842707
TKLF,2023-04-06,84279,1763873455.8928878
TKLF,2024-05-24,5624868,1763873458.8276944
TKLF,2024-07-16,20517675,1763873467.5566971
TKLF,2024-07-18,4516281,1763873470.0051646
TKLF,2024-11-18,244615,1763873471.0737188
TKNO,2022-11-10,136857,1763873472.0840557
TKNO,2023-05-23,94465,1763873473.280889
TKNO,2023-07-06,127383,1763873474.2780354
TKNO,2023-09-22,201277,1763873475.28312
TKNO,2023-09-26,178263,1763873476.3047423
TKNO,2023-09-27,1177743,1763873477.571737
TKNO,2023-11-21,45259,1763873478.562102
TKNO,2024-07-17,2237286,1763873480.116109
TKNO,2024-07-22,1599611,1763873481.5203788
TKNO,2024-07-24,2329857,1763873483.1633816
TKNO,2024-11-20,394653,1763873484.241262
TLF,2022-09-07,1255016,1763873485.515303
TLF,2024-12-09,96466,1763873486.5483937
TLPH,2024-02-16,190587,1763873487.5492823
TLPH,2024-10-17,245717,1763873488.5556917
TLRY,2020-03-19,4742749,1763873490.9934921
TLRY,2020-03-20,7866107,1763873494.5267742
TLRY,2020-03-25,6454393,1763873497.594571
TLRY,2020-03-26,15719038,1763873504.5849047
TLRY,2020-03-27,20095072,1763873513.7958457
TLRY,2020-11-05,10796367,1763873518.7939813
TLRY,2020-11-06,26132019,1763873531.1137795
TLRY,2021-02-09,48473450,1763873552.4198573
TLRY,2021-02-10,107927317,1763873599.20878
TLRY,2022-10-06,10185168,1763873604.1943612
TLRY,2023-08-08,11223845,1763873609.0376484
TLRY,2024-04-30,10673921,1763873613.9332356
TLS,2022-11-11,4428354,1763873616.5580373
TLS,2023-11-10,991479,1763873617.8967042
TLS,2024-08-12,1787688,1763873619.536113
TLSA,2020-01-09,380689,1763873620.5577104
TLSA,2020-02-27,52400,1763873621.5529003
TLSA,2020-03-05,46604,1763873622.5558474
TLSA,2020-03-11,3358572,1763873624.4912868
TLSA,2020-03-12,4356170,1763873626.7118917
TLSA,2020-04-09,1832303,1763873628.1641848
TLSA,2020-06-19,499312,1763873629.258326
TLSA,2020-07-30,647987,1763873630.3445837
TLSA,2020-12-17,374398,1763873631.3740246
TLSA,2021-01-04,247188,1763873632.5091937
TLSA,2021-01-13,1389609,1763873634.512143
TLSA,2021-01-20,3554267,1763873636.6855617
TLSA,2021-02-02,1207190,1763873638.01349
TLSA,2022-03-10,770564,1763873639.1923075
TLSA,2024-08-07,230616,1763873640.235783
TLSA,2024-09-18,122479,1763873641.2542028
TLSA,2024-11-11,81496,1763873642.2687664
TLSI,2023-12-11,123474,1763873643.2999587
TLSI,2023-12-14,717946,1763873644.4719737
TLSIW,2023-12-29,13804,1763873645.464309
TLSIW,2024-01-23,19924,1763873646.4492602
TLSIW,2024-01-25,23082,1763873647.4534771
TLSIW,2024-02-20,11908,1763873648.4210594
TLSIW,2024-05-24,74283,1763873649.4058416
TLSIW,2024-08-01,10853,1763873650.4092872
TLSIW,2024-09-27,11363,1763873651.3906145
TMC,2021-09-13,3330128,1763873653.4701352
TMC,2021-09-16,13063352,1763873659.3777673
TMC,2022-03-07,544754,1763873660.6409447
TMC,2022-03-08,8983313,1763873664.9083278
TMC,2022-03-11,6981619,1763873668.4463205
TMC,2022-08-30,1936601,1763873670.20527
TMC,2023-07-05,2682615,1763873672.1247847
TMC,2023-08-14,3756822,1763873674.3638544
TMC,2023-11-03,383321,1763873675.456964
TMCI,2024-05-14,1651950,1763873677.0178697
TMCI,2024-11-06,1630559,1763873678.550696
TMCWW,2021-09-13,303296,1763873679.6234193
TMDX,2020-03-17,183222,1763873680.6740367
TMDX,2021-02-09,1385079,1763873682.0266776
TMDX,2022-02-24,661814,1763873683.209669
TMDX,2022-05-04,1422666,1763873684.5736027
TMDX,2022-11-04,1233389,1763873685.985961
TMDX,2023-11-07,6055578,1763873689.3534665
TMDX,2024-05-01,4622564,1763873692.0902476
TME,2022-11-15,5741819,1763873694.8699198
TNGX,2023-08-09,20583053,1763873704.0982358
TNGX,2023-08-11,4275668,1763873706.5780177
TNK,2020-03-10,1715571,1763873708.0049722
TNMG,2024-12-10,709123,1763873709.144556
TNMG,2024-12-19,68749,1763873710.1789198
TNMG,2024-12-30,54565,1763873711.1881185
TNON,2022-04-28,1006158,1763873712.6630516
TNON,2022-05-04,431377,1763873713.7542374
TNON,2022-05-27,534850,1763873714.8226874
TNON,2022-06-15,473450,1763873715.907438
TNON,2022-06-24,674732,1763873717.0223646
TNON,2022-07-26,479532,1763873718.073323
TNON,2023-02-15,4650816,1763873720.537218
TNON,2023-06-06,125544,1763873721.561932
TNON,2023-09-12,4397704,1763873723.9854283
TNON,2023-11-03,6779769,1763873727.3706663
TNON,2023-11-06,10943067,1763873732.2146451
TNON,2023-11-07,7078260,1763873735.4747062
TNON,2023-11-08,8830187,1763873739.3536735
TNON,2023-11-13,812259,1763873740.5823307
TNON,2023-12-21,84978,1763873741.5896
TNON,2024-02-14,195491,1763873742.5984807
TNON,2024-02-28,37900,1763873743.5834217
TNON,2024-09-05,10034201,1763873747.651597
TNON,2024-09-12,15438538,1763873754.5437403
TNON,2024-09-13,28978783,1763873767.4034424
TNON,2024-09-20,9188129,1763873771.432044
TNON,2024-09-25,8292790,1763873775.3486383
TNON,2024-10-18,6929843,1763873778.6678221
TNXP,2020-01-07,2020601,1763873780.178588
TNXP,2020-01-24,2027470,1763873781.7098722
TNXP,2020-02-26,11039129,1763873786.5566242
TNXP,2020-02-27,16396619,1763873793.6974585
TNXP,2020-03-17,547969,1763873794.9061232
TNXP,2020-03-20,6710958,1763873797.822566
TNXP,2020-07-17,7789039,1763873801.2156167
TNXP,2020-07-20,18868462,1763873809.5371273
TNXP,2020-07-21,28192626,1763873822.4835553
TNXP,2020-07-23,9565294,1763873826.8399584
TNXP,2020-08-13,2261129,1763873828.4773884
TNXP,2020-12-07,8583020,1763873832.2020607
TNXP,2021-01-11,11019871,1763873836.8107135
TNXP,2021-02-08,12277746,1763873841.9587765
TNXP,2021-02-11,13923922,1763873848.234463
TNXP,2022-03-03,12335258,1763873853.5814977
TNXP,2022-06-01,21647614,1763873863.3729515
TNXP,2022-07-25,4662333,1763873865.8176558
TNXP,2022-12-12,8318072,1763873869.3747814
TNXP,2023-01-06,1881631,1763873870.8974416
TNXP,2023-01-10,2216615,1763873872.3969278
TNXP,2023-01-13,2271978,1763873873.9882462
TNXP,2024-08-19,23813107,1763873884.288396
TNXP,2024-08-26,10863796,1763873888.9309013
TNXP,2024-09-09,13331945,1763873894.7317133
TNXP,2024-09-27,7686921,1763873898.0826938
TNXP,2024-11-20,18199185,1763873905.9372163
TNXP,2024-12-16,25000309,1763873916.1936085
TNXP,2024-12-17,61550303,1763873941.1659007
TNXP,2024-12-18,54311724,1763873963.842118
TNXP,2024-12-19,29515551,1763873976.2874033
TNYA,2022-11-11,158202,1763873977.5177128
TNYA,2023-04-20,929100,1763873978.7493286
TNYA,2023-04-21,1783252,1763873980.1918392
TNYA,2023-05-05,1273223,1763873981.5356119
TNYA,2024-01-22,1233038,1763873982.8819048
TNYA,2024-11-04,6646526,1763873986.2466242
TOI,2021-12-16,484339,1763873987.38073
TOI,2021-12-23,170430,1763873988.39761
TOI,2022-02-24,450782,1763873989.4537609
TOI,2022-12-21,177392,1763873990.475224
TOI,2023-09-11,228430,1763873991.4987087
TOI,2023-11-09,344433,1763873992.5375
TOIIW,2021-11-29,19587,1763873993.533682
TOIIW,2021-11-30,23547,1763873994.5289598
TOIIW,2021-12-27,47654,1763873995.503945
TOIIW,2022-02-10,33102,1763873996.498474
TOIIW,2022-02-22,13852,1763873997.463558
TOIIW,2022-04-04,15232,1763873998.574579
TOIIW,2022-06-03,16276,1763873999.5895805
TOIIW,2022-08-15,15553,1763874000.561426
TOIIW,2022-08-16,17864,1763874001.5455682
TOIIW,2022-08-26,14534,1763874002.5385053
TOIIW,2022-08-29,15115,1763874003.519037
TOIIW,2022-09-02,12333,1763874004.5204887
TOIIW,2022-09-06,11567,1763874005.49545
TOIIW,2022-09-15,11801,1763874006.47045
TOL,2020-03-24,5620557,1763874009.2938557
TOMZ,2020-10-06,252562,1763874010.367493
TOMZ,2021-11-30,1299499,1763874011.7063732
TOMZ,2022-06-02,1147061,1763874013.0603256
TOMZ,2022-08-08,4323745,1763874015.5166695
TOMZ,2023-02-07,371663,1763874016.6044312
TOMZ,2023-08-10,1174783,1763874017.898874
TOMZ,2023-10-05,80777,1763874018.9206593
TOMZ,2024-06-06,179549,1763874019.917909
TOMZ,2024-12-23,73055,1763874020.9173436
TOP,2022-06-15,1438755,1763874022.3872888
TOP,2022-08-08,3739414,1763874024.5826852
TOP,2022-08-11,1884228,1763874026.1242323
TOP,2022-10-14,4232679,1763874028.518567
TOP,2023-02-23,977302,1763874029.8007326
TOP,2023-04-27,16390778,1763874037.5524776
TOP,2023-04-28,26802079,1763874050.3070304
TOP,2023-05-02,8402199,1763874054.2094767
TOP,2023-05-03,9549812,1763874058.5430386
TOP,2023-05-05,20428305,1763874068.1397476
TOP,2023-05-30,6567086,1763874071.166202
TOP,2023-06-05,8173618,1763874074.7820356
TOP,2023-06-29,10342355,1763874079.3572438
TOP,2023-06-30,20752904,1763874088.9845736
TOP,2023-08-18,4395570,1763874091.3349566
TOP,2024-02-09,23797962,1763874102.5562809
TOP,2024-09-26,239158,1763874103.7208233
TOP,2024-10-02,7442682,1763874107.2675881
TORO,2023-03-09,4425310,1763874109.6306367
TORO,2023-03-29,3629882,1763874111.7592127
TORO,2023-03-30,5064297,1763874114.374741
TORO,2023-03-31,3533791,1763874116.3619368
TORO,2023-04-17,1132466,1763874117.6714437
TORO,2023-04-18,2332100,1763874119.276077
TORO,2024-12-12,197309,1763874120.2833238
TOUR,2020-05-28,412149,1763874121.344431
TOUR,2020-09-30,698214,1763874122.4789448
TOUR,2020-11-09,392996,1763874123.5254347
TOUR,2020-11-16,519184,1763874124.6069486
TOUR,2020-11-20,423166,1763874125.6661673
TOUR,2020-11-24,1249766,1763874126.9431648
TOUR,2020-11-25,5970065,1763874129.8029497
TOUR,2022-08-03,2057169,1763874131.6238754
TOUR,2022-12-08,1265844,1763874132.957762
TOUR,2024-09-30,776530,1763874134.145191
TOYO,2024-07-12,14545447,1763874140.8983433
TOYO,2024-08-12,272698,1763874142.0126657
TOYO,2024-08-16,182762,1763874143.0192685
TOYO,2024-09-17,80071,1763874144.0156293
TOYO,2024-11-26,16062175,1763874151.1921782
TPC,2020-02-28,3690480,1763874153.0176737
TPC,2020-03-18,2601424,1763874154.5981963
TPC,2020-03-19,2097181,1763874155.9707217
TPC,2020-05-07,2075489,1763874157.3661866
TPC,2024-02-29,897278,1763874158.5071695
TPCS,2024-04-08,244760,1763874159.5155463
TPR,2020-03-24,5718817,1763874161.9824836
TPST,2021-07-09,3385062,1763874163.9822705
TPST,2021-07-12,11238471,1763874168.8091452
TPST,2021-07-14,2511670,1763874170.5607579
TPST,2022-04-27,1624810,1763874171.8777225
TPST,2022-04-28,2297357,1763874173.535325
TPST,2023-01-11,68316,1763874174.5403123
TPST,2023-03-14,37224,1763874175.5482185
TPST,2023-03-29,123218,1763874176.5456724
TPST,2023-04-11,66221,1763874177.5502565
TPST,2023-04-28,2370863,1763874179.1020257
TPST,2023-09-12,128450,1763874180.1235638
TPST,2023-10-11,27143124,1763874193.3984532
TPST,2023-10-13,20237723,1763874202.8781753
TPST,2023-10-16,32900105,1763874217.4913168
TPST,2023-10-17,40608729,1763874235.341226
TPST,2023-11-09,11556197,1763874240.4776478
TPST,2024-04-01,3409982,1763874242.4189496
TPST,2024-08-13,1624690,1763874243.7658465
TPST,2024-08-15,12506105,1763874249.0221398
TPST,2024-10-16,5279440,1763874251.6857939
TPVG,2020-03-19,996448,1763874252.8933134
TPVG,2020-03-24,477826,1763874253.981022
TPVG,2020-03-25,420560,1763874255.0793393
TPVG,2020-03-26,506817,1763874256.1360223
TPZ,2020-03-19,63899,1763874257.1285877
TR,2021-01-27,4000813,1763874259.132635
TRAW,2024-12-23,15690691,1763874265.829659
TRAW,2024-12-27,470023,1763874267.0128152
TRDA,2022-06-07,254537,1763874268.0489428
TRDA,2022-06-27,459888,1763874270.106563
TREE,2024-04-30,1524019,1763874271.4526718
TRGP,2020-03-19,7785155,1763874274.6837802
TRIB,2020-01-21,71999,1763874275.6882813
TRIB,2020-01-23,177647,1763874276.7079432
TRIB,2020-02-26,108752,1763874277.7051096
TRIB,2020-02-28,636541,1763874278.799784
TRIB,2020-03-02,718469,1763874279.9704485
TRIB,2020-03-05,377756,1763874281.0020773
TRIB,2020-03-20,137735,1763874282.0447578
TRIB,2020-03-31,1673351,1763874283.4470146
TRIB,2020-04-30,531891,1763874284.5505416
TRIB,2020-06-09,703621,1763874285.6731267
TRIB,2021-01-29,1921275,1763874287.1267388
TRIB,2021-03-29,473542,1763874288.227497
TRIB,2021-05-13,754891,1763874289.337082
TRIB,2021-07-30,189536,1763874290.3539057
TRIB,2022-04-11,2404126,1763874291.868345
TRIB,2023-04-20,74207,1763874292.8729587
TRIB,2023-11-28,43488,1763874293.868696
TRIB,2024-01-31,2696117,1763874295.7659595
TRIB,2024-08-27,16189920,1763874303.2044547
TRIB,2024-10-24,151540,1763874304.306826
TRIL,2020-01-07,845854,1763874305.4853323
TRIL,2020-01-09,8436860,1763874309.0597181
TRIL,2020-01-10,11910191,1763874314.1704998
TRIL,2020-01-22,2390201,1763874315.8595715
TRIL,2020-01-23,4949639,1763874318.3288858
TRIL,2020-02-28,3407619,1763874320.3466241
TRIL,2020-03-02,5661796,1763874323.146543
TRIL,2020-03-20,1209406,1763874324.518329
TRIL,2020-09-09,9801085,1763874328.629153
TRIL,2021-08-23,9639340,1763874333.3216572
TRMD,2020-03-13,25821,1763874334.3529682
TRMD,2020-04-21,937996,1763874335.5716195
TRNR,2023-05-17,142098,1763874336.582434
TRNR,2023-07-31,213732,1763874337.5861442
TRNR,2024-02-26,5329786,1763874340.2974925
TRNR,2024-06-17,18132232,1763874348.1139417
TRNR,2024-07-19,458956,1763874349.329935
TRNR,2024-08-12,9411244,1763874353.292891
TRNR,2024-08-22,96008,1763874354.37285
TRNR,2024-09-24,6127109,1763874357.226812
TRNR,2024-10-22,2420512,1763874358.9079504
TRNR,2024-11-19,9937051,1763874363.541917
TRNR,2024-11-27,10234260,1763874368.0085118
TRON,2024-06-25,14057,1763874369.054461
TROO,2022-03-18,478172,1763874370.1708004
TROO,2022-04-12,1402594,1763874371.4531188
TROO,2022-07-22,137178,1763874372.474648
TROO,2023-01-11,46503,1763874373.48791
TROO,2023-01-31,72917,1763874374.479908
TROO,2023-02-22,98872,1763874375.4774423
TROO,2024-04-24,1795308,1763874376.9464083
TROO,2024-07-01,275798,1763874378.0026073
TROO,2024-07-11,59598,1763874378.9951012
TROO,2024-07-15,124439,1763874379.9956374
TROO,2024-12-10,406420,1763874381.0903122
TROX,2020-04-17,2070997,1763874382.5043867
TRSG,2024-04-22,3201467,1763874384.3540533
TRSG,2024-06-06,202582,1763874385.398638
TRSG,2024-08-23,145325,1763874386.420302
TRSG,2024-10-24,62595,1763874387.423229
TRSG,2024-11-26,65975,1763874388.4336498
TRTNpA,2020-03-19,55995,1763874389.4521708
TRTNpD,2020-03-19,76310,1763874390.4702227
TRTX,2020-03-19,1581974,1763874391.8486464
TRTX,2020-03-26,4344505,1763874393.7986214
TRTX,2020-04-06,4057860,1763874395.7149901
TRTX,2020-04-07,4821224,1763874397.84196
TRTX,2020-04-08,4759276,1763874399.9226532
TRTX,2020-04-09,5162942,1763874405.232731
TRUE,2020-06-10,1636021,1763874406.7070959
TRUE,2020-07-30,1216990,1763874408.0313852
TRUE,2020-08-07,4068143,1763874410.3027668
TRUE,2022-11-15,1346923,1763874411.6827693
TRUG,2024-02-02,2273565,1763874413.2588263
TRUG,2024-03-20,10957777,1763874418.3180954
TRUG,2024-04-09,103949,1763874419.393875
TRUG,2024-06-11,59567,1763874420.4039598
TRUG,2024-11-26,67739,1763874421.414574
TRUG,2024-12-12,6723641,1763874424.5356874
TRUG,2024-12-13,16149213,1763874431.8843937
TRUG,2024-12-19,592659,1763874433.1698098
TRUG,2024-12-26,2528178,1763874434.6689868
TRUP,2021-12-07,2417826,1763874436.402593
TRUP,2023-11-03,2469344,1763874438.2575123
TRVG,2020-11-09,635736,1763874439.4232242
TRVG,2021-01-27,6850362,1763874442.5833347
TRVG,2021-02-12,3756757,1763874444.879866
TRVI,2020-01-03,26043,1763874445.8950994
TRVI,2020-03-16,25725,1763874446.9181075
TRVI,2020-03-17,41379,1763874447.9340608
TRVI,2020-03-19,27174,1763874448.9227297
TRVI,2020-03-31,975229,1763874450.130113
TRVI,2020-04-03,45125,1763874451.1455808
TRVI,2020-06-01,191079,1763874452.1726446
TRVI,2020-08-11,885874,1763874453.3213208
TRVI,2021-10-11,1877939,1763874454.8408463
TRVI,2022-03-02,1744006,1763874456.2919137
TRVI,2022-04-07,3045192,1763874458.1532443
TRVI,2022-06-29,9745299,1763874462.737609
TRVI,2024-12-12,13707201,1763874468.8376648
TSAT,2023-08-11,10700717,1763874473.4796207
TSAT,2023-08-21,1119284,1763874474.8239732
TSBK,2020-03-24,46905,1763874475.8505166
TSE,2020-03-17,1179694,1763874477.1180508
TSE,2024-12-10,1417867,1763874478.484009
TSEM,2022-02-15,5543971,1763874481.436591
TSHA,2022-10-25,12962935,1763874487.3635538
TSHA,2023-08-14,19007373,1763874496.2758744
TSHA,2023-08-29,3022582,1763874498.4160953
TSHA,2023-11-15,4461979,1763874501.004506
TSHA,2024-03-20,5773238,1763874504.1619744
TSHA,2024-11-12,4120926,1763874506.709999
TSLL,2024-04-24,9452309,1763874511.1231203
TSLL,2024-04-29,14018246,1763874517.907791
TSLL,2024-10-24,24845502,1763874529.7691057
TSLL,2024-11-06,26069408,1763874544.0511754
TSLR,2024-04-24,441331,1763874545.3154924
TSLR,2024-04-29,447627,1763874546.380239
TSLR,2024-10-24,811961,1763874547.5169523
TSLR,2024-11-06,969926,1763874548.6951299
TSQ,2020-06-08,118698,1763874549.713861
TSSI,2024-05-14,20252,1763874550.6916995
TSSI,2024-05-16,57378,1763874551.6760414
TSSI,2024-05-24,49542,1763874552.6571426
TTD,2020-11-06,6843700,1763874555.7285447
TTD,2021-11-08,17387039,1763874563.5576088
TTD,2022-08-10,18677217,1763874572.1710207
TTD,2023-02-15,15186566,1763874579.1694064
TTEC,2024-09-30,6633289,1763874582.4800398
TTI,2021-01-29,1030490,1763874583.7012942
TTI,2021-02-02,3192988,1763874585.4111195
TURB,2024-02-12,58191,1763874586.4178586
TURB,2024-02-14,146501,1763874587.4144318
TURB,2024-10-08,1911299,1763874588.9068184
TURB,2024-10-10,1248703,1763874590.2611365
TURB,2024-10-11,1578186,1763874591.660352
TUSK,2020-03-20,201397,1763874592.713187
TUSK,2020-05-07,278853,1763874593.7283816
TUSK,2020-06-05,218978,1763874594.7646573
TUSK,2020-06-08,414498,1763874595.8190138
TUSK,2020-12-08,1938015,1763874597.2332537
TUSK,2020-12-10,454955,1763874598.323047
TUSK,2021-02-17,559550,1763874599.3792853
TUSK,2022-03-07,1260954,1763874600.6911452
TUSK,2024-07-23,1464611,1763874602.0538526
TUYA,2022-03-16,3186046,1763874603.839836
TUYA,2022-03-18,2801880,1763874605.5218067
TV,2021-04-14,13087968,1763874610.5748641
TVACW,2021-02-11,37911,1763874611.633806
TVGN,2024-04-04,7985542,1763874615.1888537
TVGN,2024-04-26,2802313,1763874617.0418901
TVGN,2024-05-13,5298280,1763874619.7806966
TVGN,2024-06-11,259238,1763874620.8628016
TVGN,2024-10-14,20067030,1763874629.4523962
TVGN,2024-10-15,22692171,1763874639.1211014
TVGN,2024-10-17,22744706,1763874650.4467862
TVGN,2024-10-18,32926354,1763874664.9646046
TVGN,2024-10-23,17607918,1763874672.880095
TVGN,2024-11-12,1719352,1763874674.433312
TVTX,2021-08-16,9919193,1763874679.014563
TVTX,2023-12-05,2457367,1763874680.742699
TWG,2024-04-19,8379370,1763874684.4505706
TWG,2024-08-01,491501,1763874685.6191695
TWG,2024-09-04,75233,1763874686.629504
TWG,2024-09-19,76416,1763874687.645985
TWG,2024-09-20,599575,1763874688.7535155
TWG,2024-10-07,455882,1763874689.8505704
TWG,2024-10-11,39031221,1763874708.040721
TWG,2024-10-16,1873971,1763874709.7854958
TWG,2024-10-17,1921797,1763874711.2292247
TWG,2024-10-22,846741,1763874712.3875585
TWG,2024-10-24,1085307,1763874713.595752
TWG,2024-10-28,19382555,1763874721.5824335
TWG,2024-11-15,2869307,1763874723.2908058
TWI,2024-12-09,2865311,1763874725.1001751
TWIN,2020-03-19,70018,1763874726.108778
TWLO,2020-05-07,18779620,1763874732.8767605
TWO,2020-03-25,8717873,1763874736.2591975
TWO,2020-04-06,9516575,1763874739.9350758
TWO,2020-04-07,10908123,1763874744.172923
TWOpA,2020-03-19,79338,1763874745.2574313
TWOpA,2020-03-25,148836,1763874746.2870607
TWOpA,2020-03-26,228564,1763874747.3263736
TWOpA,2020-04-06,260659,1763874748.3413947
TWOpA,2020-04-07,291669,1763874749.4148338
TWOpB,2020-03-19,133258,1763874750.4476862
TWOpB,2020-03-25,157932,1763874751.4535296
TWOpB,2020-03-26,187898,1763874752.461983
TWOpB,2020-04-06,273741,1763874753.5108533
TWOpC,2020-03-19,91387,1763874754.511258
TWOpC,2020-03-25,149555,1763874755.5071995
TWOpC,2020-03-26,214581,1763874756.519985
TWOpC,2020-04-06,164031,1763874757.539202
TWST,2023-11-17,3013162,1763874759.4241438
TWST,2024-05-03,3348516,1763874761.5128796
TXMD,2020-04-29,3178072,1763874763.6326845
TXMD,2020-06-08,2919803,1763874765.3151364
TXMD,2020-07-21,2604633,1763874766.9533157
TXMD,2022-01-04,3535303,1763874768.985129
TXMD,2022-03-07,2534675,1763874770.6547318
TXMD,2022-03-09,1682841,1763874772.0445826
TXMD,2022-05-20,4077600,1763874774.239869
TXMD,2022-05-31,2563341,1763874776.0988293
TXMD,2022-08-01,2506830,1763874777.8683603
TXMD,2022-12-05,1082455,1763874779.1900249
TXMD,2023-11-20,98017,1763874780.200956
TYG,2020-03-19,843197,1763874781.3672497
TYG,2020-03-20,849302,1763874782.4941006
TYGO,2023-06-01,1499350,1763874783.8726892
TYGO,2023-11-21,121611,1763874784.9086528
TYGO,2024-07-10,59626,1763874785.9002855
TYRA,2021-09-21,532649,1763874787.0505092
TYRA,2022-07-01,242682,1763874788.100575
TYRA,2022-09-30,182078,1763874789.1302526
TYRA,2023-02-01,172522,1763874790.1708395
TYRA,2024-02-02,602584,1763874791.3118284
TZOO,2020-03-25,241358,1763874792.362192
TZOO,2023-10-24,333108,1763874793.4271884
TZUP,2023-04-18,10578,1763874794.4142435
TZUP,2023-05-08,12884,1763874795.398589
TZUP,2023-05-12,10263,1763874796.3867915
TZUP,2023-07-24,10860,1763874797.369499
TZUP,2024-02-06,10471,1763874798.3511758
TZUP,2024-09-25,17842,1763874799.3316925
U,2022-11-10,18287883,1763874806.7374003
UA,2024-11-07,5863426,1763874809.520346
UAA,2024-11-07,11312806,1763874814.231044
UAL,2020-03-20,18197056,1763874822.7989366
UAL,2020-03-24,16498176,1763874830.5236473
UAN,2020-03-19,150308,1763874831.6643171
UBER,2020-03-19,34550905,1763874845.210036
UBFO,2020-03-17,74360,1763874846.4325442
UBXG,2024-06-10,87875,1763874847.4264817
UBXG,2024-06-11,936479,1763874848.7276912
UBXG,2024-06-21,207663,1763874849.9187343
UBXG,2024-07-09,237494,1763874850.9547534
UBXG,2024-08-07,152781,1763874851.9871724
UBXG,2024-08-15,290587,1763874853.0425382
UBXG,2024-08-26,17291568,1763874861.184016
UBXG,2024-09-10,915053,1763874862.4950285
UBXG,2024-10-14,571422,1763874863.626139
UBXG,2024-10-22,723863,1763874864.730494
UBXG,2024-12-16,2992356,1763874866.5840821
UCAR,2023-04-24,8037053,1763874870.0770414
UCAR,2023-04-27,8559989,1763874873.7180126
UCAR,2023-04-28,12689684,1763874879.1787214
UCAR,2023-05-10,986979,1763874880.4632194
UCAR,2023-06-01,30122450,1763874893.8802447
UCAR,2023-06-02,50875432,1763874916.095761
UCAR,2023-06-21,12603669,1763874921.6232266
UCAR,2023-08-14,2513452,1763874923.3774345
UCAR,2024-02-08,7632819,1763874926.7919643
UCAR,2024-02-23,2655804,1763874928.5694666
UCAR,2024-03-15,1423726,1763874929.921116
UCAR,2024-03-28,4937947,1763874932.356056
UCAR,2024-04-08,8438766,1763874936.4717996
UCL,2020-11-30,51843,1763874937.519866
UCL,2021-09-20,708057,1763874938.6667285
UCL,2021-12-03,516375,1763874939.7267058
UCL,2021-12-31,373366,1763874940.7907014
UCL,2022-02-08,1922164,1763874942.3106503
UCL,2022-03-24,340766,1763874943.3330917
UCL,2022-11-11,244402,1763874944.3632948
UCL,2022-11-17,122473,1763874945.3574016
UCL,2022-11-18,1061040,1763874946.6066728
UCL,2022-11-21,1557344,1763874947.9660957
UCL,2023-11-02,21434,1763874948.9540355
UCL,2024-12-17,142363,1763874949.962506
UCL,2024-12-18,1128677,1763874951.2372305
UDMY,2023-11-03,2712089,1763874953.1884434
UE,2020-11-09,1267459,1763874954.5131729
UEIC,2024-11-08,256411,1763874955.5724146
UFI,2020-10-27,320303,1763874956.6096342
UGRO,2023-07-07,408995,1763874957.6354315
UGRO,2023-09-01,244845,1763874958.6672697
UHGWW,2023-10-11,15653,1763874959.665336
UHGWW,2023-10-24,20556,1763874960.6503608
UHGWW,2024-01-10,11411,1763874961.6171854
UHGWW,2024-09-30,29900,1763874962.6273935
UHGWW,2024-10-02,17125,1763874963.635239
UHGWW,2024-10-03,27559,1763874964.6532402
UHGWW,2024-11-26,43968,1763874965.6666288
UHGWW,2024-11-27,60877,1763874966.659873
UHGWW,2024-12-02,35929,1763874967.6678307
UHGWW,2024-12-26,14968,1763874968.6376214
UIS,2020-02-06,2976959,1763874970.4098768
UIS,2024-10-30,1818434,1763874971.934261
UK,2021-12-01,107219,1763874972.9754906
UK,2022-01-13,322190,1763874974.068294
UK,2022-08-15,56817,1763874975.0830157
UK,2022-11-01,129431,1763874976.1067727
UK,2023-05-02,1140898,1763874977.4495153
UK,2023-06-05,291548,1763874978.4944603
UK,2023-07-25,252875,1763874979.5189805
UK,2023-08-21,200975,1763874980.6719503
UK,2023-11-29,1860351,1763874982.043632
UK,2023-12-28,573641,1763874983.1268537
UK,2024-01-03,517415,1763874984.2308998
UK,2024-01-10,501808,1763874985.2826045
UK,2024-02-08,207279,1763874986.3254356
UK,2024-03-07,1025516,1763874987.5654914
UK,2024-09-30,442312,1763874988.6307585
ULBI,2021-05-18,9357646,1763874992.6984763
ULBI,2023-07-27,2880613,1763874994.649551
ULBI,2023-08-22,330333,1763874995.685656
ULH,2024-04-26,496905,1763874996.7550206
ULY,2023-10-20,2511618,1763874998.3365815
ULY,2024-03-04,114419,1763874999.3558834
ULY,2024-10-22,3878568,1763875001.5405471
ULY,2024-11-22,73797,1763875002.5607164
UNCY,2021-07-26,1618252,1763875003.9789994
UNCY,2022-12-29,1484025,1763875005.3309598
UNCY,2023-03-06,11447049,1763875010.6694438
UNCY,2023-03-07,20134304,1763875020.732334
UNCY,2023-03-09,7614115,1763875024.3879123
UNCY,2023-03-10,14848413,1763875031.2309823
UNCY,2023-09-28,78513,1763875032.3499975
UNCY,2023-11-22,34007,1763875033.353731
UNCY,2023-12-28,115620,1763875034.3461328
UNCY,2024-08-14,1868219,1763875035.8406117
UNFI,2020-03-16,2765308,1763875037.5067449
UNFI,2020-03-17,3805279,1763875039.438509
UNFI,2020-05-12,2702829,1763875041.4328475
UNFI,2020-05-13,10235306,1763875045.1641622
UNFI,2024-10-01,4960093,1763875047.6307125
UNFI,2024-12-10,3238238,1763875049.4558606
UNIT,2020-05-12,2291992,1763875051.1114764
UNTY,2020-03-17,50935,1763875052.1583343
UNTY,2020-03-19,36007,1763875053.1889818
UOKA,2024-12-09,9209558,1763875057.3845048
UOKA,2024-12-17,626107,1763875058.5984275
UONE,2020-04-09,17501,1763875059.5882375
UONE,2020-06-04,136179,1763875060.6043887
UONE,2020-06-12,116287,1763875061.6056793
UONE,2020-06-15,7348914,1763875064.7137256
UONE,2020-06-16,21010197,1763875073.5092957
UONE,2020-06-18,24017399,1763875083.3751864
UONE,2020-06-19,32342769,1763875096.8352814
UONE,2020-06-23,10926958,1763875101.331992
UONE,2020-07-10,2920769,1763875103.0930052
UONE,2020-08-25,4580296,1763875105.308872
UONE,2020-09-02,2378919,1763875106.9037151
UONE,2020-09-25,2987002,1763875108.8586504
UONE,2021-01-06,3467310,1763875110.796062
UONE,2021-01-19,1384441,1763875112.0535216
UONE,2021-01-27,2639297,1763875113.6537747
UONE,2021-05-20,16282987,1763875120.604647
UONE,2021-06-02,7487435,1763875123.8176584
UONE,2021-06-07,7072352,1763875126.850854
UONE,2021-06-11,11336502,1763875131.3238409
UONE,2021-07-08,11975056,1763875136.6238432
UONE,2024-06-10,287462,1763875137.722905
UONEK,2020-03-26,18516,1763875138.7048688
UONEK,2020-06-04,50911,1763875139.6962306
UONEK,2020-06-15,415940,1763875140.7359235
UONEK,2020-06-16,5486968,1763875143.243995
UONEK,2020-06-17,20556983,1763875151.9647574
UONEK,2020-06-18,27958373,1763875164.149398
UONEK,2020-06-19,25131402,1763875175.2308958
UONEK,2020-06-30,1731893,1763875176.791895
UONEK,2020-09-25,2162884,1763875178.342169
UONEK,2021-01-06,875424,1763875179.516951
UONEK,2021-05-20,1771596,1763875180.9894066
UP,2022-06-15,2434019,1763875182.6311011
UP,2023-04-13,1108260,1763875183.8367488
UP,2023-06-15,735422,1763875184.9821055
UP,2023-07-19,1292263,1763875186.229884
UP,2023-08-15,1272029,1763875187.5004818
UP,2023-08-16,3623309,1763875189.360052
UP,2023-09-12,1285117,1763875190.6539192
UP,2023-12-26,1366817,1763875191.9175317
UP,2023-12-27,3669696,1763875193.7731185
UP,2024-07-02,3986256,1763875195.963704
UPC,2021-03-29,13922196,1763875202.0700753
UPC,2021-04-01,15254111,1763875209.0278368
UPC,2021-07-22,1883127,1763875210.5534582
UPC,2021-07-23,4580976,1763875213.0110314
UPC,2022-10-10,75919,1763875214.032822
UPC,2023-01-18,523675,1763875215.17369
UPC,2023-06-07,62624,1763875216.1678507
UPC,2023-08-11,410948,1763875217.2164996
UPC,2023-10-02,33539,1763875218.2243924
UPC,2023-10-12,369308,1763875219.2490153
UPC,2023-10-24,32060,1763875220.2558749
UPC,2023-10-26,32608,1763875221.381933
UPC,2023-11-20,58335,1763875222.376731
UPC,2023-12-04,30194,1763875223.3797574
UPC,2023-12-07,79652,1763875224.3842692
UPC,2023-12-19,50014,1763875225.3893435
UPC,2023-12-22,47258,1763875226.4000664
UPC,2023-12-26,40796,1763875227.3712516
UPC,2024-01-08,483904,1763875228.445191
UPC,2024-02-02,169667,1763875229.4445684
UPC,2024-02-16,227518,1763875230.4612005
UPC,2024-07-02,95245,1763875231.4531262
UPC,2024-10-11,791963,1763875232.5882225
UPC,2024-10-16,3083741,1763875234.327614
UPC,2024-12-02,798832,1763875235.509933
UPC,2024-12-06,27502605,1763875248.0814497
UPLD,2023-08-31,609911,1763875249.4139123
UPLD,2024-05-03,5626009,1763875252.281747
UPLD,2024-05-06,7040618,1763875255.6992917
UPLD,2024-11-18,328531,1763875256.781784
UPST,2020-12-17,7105790,1763875259.9471767
UPST,2020-12-18,7321553,1763875263.358987
UPST,2021-03-18,14638465,1763875270.00125
UPST,2021-03-22,10522988,1763875274.707558
UPST,2022-02-16,27985444,1763875288.2210321
UPST,2023-02-02,9149252,1763875292.561119
UPST,2023-02-15,13176254,1763875298.6012623
UPST,2023-05-10,13233514,1763875304.7623217
UPST,2024-08-07,17971245,1763875313.2723868
UPST,2024-11-08,20659741,1763875322.833155
UPWK,2020-11-05,7252775,1763875326.3634508
UPWK,2023-08-03,7496470,1763875329.8822749
UPXI,2024-02-13,212566,1763875330.9589157
UPXI,2024-07-02,142830,1763875332.0922225
UPXI,2024-08-05,4398363,1763875334.286061
UPXI,2024-10-07,4691775,1763875336.4348488
UPXI,2024-10-17,2176864,1763875337.9095237
UPXI,2024-10-24,1139700,1763875339.1681392
UPXI,2024-10-25,16179062,1763875346.3073483
UPXI,2024-10-29,5558820,1763875348.8477242
UPXI,2024-11-20,172818,1763875349.9109118
UPXI,2024-12-04,247475,1763875350.9399412
UPXI,2024-12-19,157041,1763875351.9583578
URBN,2020-11-09,2181326,1763875353.5378122
URGN,2022-03-08,213524,1763875354.5683484
URGN,2023-05-01,776440,1763875355.7610166
URGN,2023-07-27,4602582,1763875358.172484
URGN,2023-07-28,7801962,1763875361.856532
URGN,2024-06-13,2785227,1763875363.8540783
UROY,2021-09-13,1377114,1763875365.1704566
USAC,2020-03-19,591311,1763875366.248325
USAC,2020-04-17,680804,1763875367.3492744
USAU,2020-03-17,82122,1763875368.3905425
USAU,2020-03-24,278292,1763875369.4235406
USAU,2020-03-25,602736,1763875370.525473
USCB,2021-11-11,26540,1763875371.5302365
USEA,2022-07-07,10378911,1763875376.1620798
USEA,2022-07-15,17127442,1763875383.4929333
USEA,2022-07-26,3096188,1763875385.3821287
USEA,2022-09-02,2142384,1763875386.888777
USEG,2020-01-03,53589,1763875387.8832133
USEG,2020-01-06,83974,1763875388.8922412
USEG,2020-01-07,116438,1763875389.9035735
USEG,2020-03-23,13649,1763875390.8891034
USEG,2020-03-24,15206,1763875391.8820968
USEG,2020-03-25,26440,1763875392.901057
USEG,2020-04-02,21369,1763875393.9130397
USEG,2020-05-04,285402,1763875394.9498348
USEG,2020-05-15,81953,1763875395.9410076
USEG,2020-07-22,1387170,1763875397.2448993
USEG,2020-09-29,6881051,1763875400.350032
USEG,2020-10-08,764905,1763875401.586094
USEG,2021-01-28,2802067,1763875403.2259157
USEG,2021-07-14,13462212,1763875408.9539385
USEG,2022-03-07,3008932,1763875410.7749014
USEG,2022-03-08,13134979,1763875417.0608811
USEG,2023-04-03,3219371,1763875419.1682243
USFD,2020-03-19,7713124,1763875422.580324
USFD,2020-11-09,4261822,1763875424.8237789
USGO,2023-05-08,504782,1763875425.9301336
USGO,2024-09-30,217001,1763875426.953842
USGO,2024-10-01,421105,1763875428.0532753
USGO,2024-10-07,348505,1763875429.120453
USGO,2024-11-18,262446,1763875430.1615217
USGOW,2023-04-21,252211,1763875431.1950476
USGOW,2023-05-08,49816,1763875432.18646
USGOW,2023-05-09,90614,1763875433.1849632
USGOW,2023-05-10,89882,1763875434.186658
USGOW,2023-05-18,31892,1763875435.1672287
USGOW,2023-06-15,37139,1763875436.1592126
USGOW,2023-07-03,21558,1763875437.1542673
USGOW,2023-11-06,20541,1763875438.1614435
USGOW,2023-11-09,14843,1763875439.1571739
USGOW,2024-03-27,14380,1763875440.150692
USGOW,2024-04-04,11969,1763875441.145136
USGOW,2024-04-12,13029,1763875442.124138
USGOW,2024-10-01,59775,1763875443.1261199
USGOW,2024-10-07,29509,1763875444.1370842
USGOW,2024-10-14,19201,1763875445.1537917
USGOW,2024-11-04,24609,1763875446.1496894
USGOW,2024-11-05,28694,1763875447.1427047
USGOW,2024-11-14,18828,1763875448.145735
USGOW,2024-11-18,56954,1763875449.1272252
USGOW,2024-11-22,33084,1763875450.1106863
USGOW,2024-11-25,38750,1763875451.121745
USGOW,2024-12-19,15064,1763875452.133169
USGOW,2024-12-23,27192,1763875453.151011
USIO,2020-03-20,17964,1763875454.1579266
USIO,2020-03-26,26568,1763875455.1587937
USIO,2020-04-02,168820,1763875456.1498394
USIO,2020-04-03,260102,1763875457.2145426
USIO,2020-05-07,51775,1763875458.2179756
USIO,2020-05-27,314765,1763875459.2373164
USIO,2020-08-10,242334,1763875460.24954
USIO,2020-12-09,844361,1763875461.4096432
USIO,2020-12-22,431503,1763875462.52483
USIO,2022-10-04,68610,1763875463.5347297
UTSI,2020-08-31,6646008,1763875466.7626464
UTSI,2020-11-06,523022,1763875467.9174147
UTSI,2020-12-10,4597063,1763875470.3650687
UTSI,2021-04-14,3433092,1763875472.495041
UTSI,2021-07-09,206096,1763875473.5175188
UWMC,2021-03-03,26621721,1763875484.4004333
UWMC.WS,2021-03-02,174317,1763875485.565292
UWMC.WS,2021-03-03,399871,1763875486.6167724
UWMC.WS,2021-06-09,145712,1763875487.630102
UWMC.WS,2021-11-19,50153,1763875488.6255634
UXIN,2020-10-19,2213036,1763875490.1810002
UXIN,2020-10-20,7443613,1763875493.5993342
UXIN,2021-04-01,19259699,1763875502.3729978
UXIN,2021-04-23,7277980,1763875505.9159229
UXIN,2021-04-28,12892666,1763875511.4991944
UXIN,2021-06-01,1930504,1763875513.0616658
UXIN,2022-03-22,888505,1763875514.2567792
UXIN,2022-07-08,1531841,1763875515.568785
UXIN,2022-12-02,196235,1763875516.595136
UXIN,2023-04-28,376529,1763875517.624721
UXIN,2023-05-09,364870,1763875518.674718
UXIN,2023-12-26,267036,1763875519.6704197
UXIN,2024-05-07,199533,1763875520.6909726
UXIN,2024-05-13,280608,1763875521.7288694
UXIN,2024-09-23,3936189,1763875523.8386505
UXIN,2024-09-26,743300,1763875524.9745395
UXIN,2024-09-27,11331002,1763875529.8422873
UXIN,2024-09-30,16908861,1763875537.4137168
UXIN,2024-10-04,2876437,1763875539.2552412
VAC,2020-03-24,1864986,1763875541.6602356
VAC,2020-11-09,972502,1763875542.844004
VAL,2020-06-08,22945885,1763875551.688205
VAL,2020-06-12,6361169,1763875554.243173
VAL,2021-05-03,134043,1763875555.2489674
VAL.WS,2021-05-05,120965,1763875556.2492914
VAL.WS,2022-03-04,54373,1763875557.2387762
VALN,2021-08-30,429806,1763875558.3169217
VALN,2021-10-18,1285416,1763875559.5420382
VALN,2022-01-19,912009,1763875560.7264202
VALN,2022-06-21,495522,1763875561.7295454
VALN,2022-06-23,534850,1763875562.8289232
VALU,2022-08-25,56524,1763875563.839746
VALU,2022-10-04,64368,1763875564.869767
VALU,2022-10-05,70027,1763875565.8670764
VANI,2022-12-05,160935,1763875566.887788
VANI,2023-03-23,93985,1763875567.8795376
VANI,2023-05-02,348543,1763875568.9281578
VANI,2023-12-22,115171,1763875569.9591515
VANI,2024-02-28,34694501,1763875586.8830543
VATE,2022-10-06,344127,1763875588.168555
VATE,2022-12-30,788962,1763875589.2979338
VATE,2023-06-12,527795,1763875590.393019
VATE,2024-03-05,275441,1763875591.4363086
VATE,2024-07-24,721811,1763875592.4972835
VATE,2024-11-21,83411,1763875593.4943008
VATE,2024-11-22,220040,1763875594.5223014
VBIX,2022-01-18,10761,1763875595.5042286
VBIX,2022-02-09,11357,1763875596.4811368
VBIX,2022-03-11,11228,1763875597.4649277
VBIX,2022-03-28,10059,1763875598.4521446
VBIX,2022-05-02,10184,1763875599.4351914
VBIX,2022-05-12,10640,1763875600.4154873
VBIX,2022-07-11,9966,1763875601.3900638
VBIX,2022-07-21,10190,1763875602.3750672
VBIX,2022-07-28,9870,1763875603.4563258
VBIX,2022-09-02,15729,1763875604.4385853
VBIX,2022-10-07,10675,1763875605.4190116
VBIX,2022-11-23,9862,1763875606.395808
VBIX,2023-01-30,10596,1763875607.3632853
VBIX,2023-02-02,9870,1763875608.3326595
VBIX,2023-03-24,9870,1763875609.3089275
VBIX,2023-04-17,10281,1763875610.2973473
VBIX,2023-04-25,10341,1763875611.2774584
VBIX,2023-06-21,9870,1763875612.2539146
VBIX,2023-09-08,9966,1763875613.2283847
VBIX,2024-02-27,10355,1763875614.2081954
VBIX,2024-03-01,9870,1763875615.178893
VBIX,2024-07-18,10351,1763875616.1547804
VBIX,2024-07-19,11073,1763875617.1392853
VBIX,2024-07-22,11532,1763875618.1285973
VBIX,2024-07-23,11394,1763875619.1127634
VBIX,2024-08-01,11100,1763875620.0972645
VBIX,2024-08-12,10505,1763875621.0749888
VBIX,2024-10-07,11231,1763875622.1416936
VBIX,2024-10-10,12141,1763875623.1256375
VBIX,2024-10-31,11252,1763875624.1116765
VBIX,2024-12-02,10337,1763875625.0974257
VCIG,2023-04-20,150997,1763875626.0986233
VCIG,2023-04-21,863918,1763875627.2720528
VCIG,2023-04-26,131240,1763875628.4448233
VCIG,2023-05-02,1985798,1763875629.960549
VCIG,2023-05-05,576144,1763875631.0863068
VCIG,2023-05-08,1876709,1763875632.5405254
VCIG,2023-05-11,1310326,1763875633.8581603
VCIG,2023-06-16,2487283,1763875635.7319503
VCIG,2023-06-20,26733727,1763875647.8861299
VCIG,2023-06-22,9607988,1763875652.3495302
VCIG,2023-08-11,120373,1763875653.4336562
VCIG,2023-08-14,1162462,1763875654.7173092
VCIG,2023-08-23,18594695,1763875662.8940406
VCIG,2024-02-09,161393,1763875664.0209234
VCIG,2024-02-13,7447750,1763875667.6443517
VCIG,2024-08-15,328670,1763875668.7728257
VCIG,2024-10-29,7549978,1763875672.3204465
VCIG,2024-11-27,40124530,1763875690.9434812
VCIG,2024-11-29,7803192,1763875694.8478694
VCIG,2024-12-04,5351866,1763875697.6745276
VCIG,2024-12-13,12130336,1763875703.6055737
VCYT,2024-08-07,3063051,1763875705.6910453
VEEA,2024-09-18,4952493,1763875708.1650898
VEEA,2024-10-17,329162,1763875709.2538474
VEEE,2022-08-01,50495,1763875710.249523
VEEE,2022-08-12,16050555,1763875717.341448
VEEE,2024-06-25,48159,1763875718.4679081
VEEE,2024-09-16,91414,1763875719.4676661
VEEE,2024-10-24,2617740,1763875721.0302072
VEEE,2024-12-31,440188,1763875722.053724
VEL,2020-03-20,301110,1763875723.0578828
VEL,2020-03-25,212355,1763875724.1022627
VEL,2020-03-26,123605,1763875725.1397908
VEL,2020-04-06,255076,1763875726.1914766
VEL,2020-05-20,206099,1763875727.212952
VEL,2020-06-03,252322,1763875728.23718
VEL,2020-08-21,621022,1763875729.4906898
VEL,2021-05-07,624181,1763875730.6052682
VEON,2022-03-02,5536642,1763875733.526618
VEON,2022-03-04,15179462,1763875740.1334004
VEON,2022-03-07,16530136,1763875747.6966016
VEON,2022-03-08,11379245,1763875752.4798524
VEON,2022-03-16,5061405,1763875755.0399835
VEON,2022-03-18,9192991,1763875758.9246511
VEON,2022-11-25,511229,1763875760.0954564
VEON,2022-12-23,85895,1763875761.100458
VERA,2021-05-19,90032,1763875762.1013014
VERA,2021-05-20,490747,1763875763.197956
VERA,2021-06-08,174480,1763875764.2211802
VERA,2021-09-03,421413,1763875765.2726042
VERA,2023-06-14,2102142,1763875766.8380818
VERA,2024-01-25,4929503,1763875769.4455833
VERA,2024-01-26,6815512,1763875772.9547868
VERI,2020-03-17,202465,1763875774.0748742
VERI,2020-04-06,374336,1763875775.1219153
VERI,2020-05-04,847242,1763875776.3292766
VERI,2020-07-09,2949942,1763875778.244726
VERI,2020-11-30,5888710,1763875781.2405713
VERI,2021-03-09,1851624,1763875782.848146
VERI,2024-03-13,5059311,1763875785.6251056
VERI,2024-03-14,8887540,1763875790.111039
VERI,2024-03-15,7361459,1763875793.9014118
VERI,2024-03-22,2314686,1763875795.6751566
VERI,2024-05-08,1917016,1763875797.2661972
VERI,2024-12-26,1060791,1763875798.5876482
VERO,2020-03-25,32049,1763875799.6143045
VERO,2020-04-06,80152,1763875800.617522
VERO,2020-07-02,1813540,1763875802.0942204
VERO,2021-12-20,456397,1763875803.2066066
VERO,2022-05-13,72014,1763875804.2166398
VERO,2022-09-02,1416090,1763875805.5640786
VERO,2022-11-23,993007,1763875806.8044028
VERO,2022-12-21,4848590,1763875809.2419922
VERO,2023-02-13,132327,1763875810.292289
VERO,2023-03-17,69536,1763875811.306397
VERO,2023-05-09,238910,1763875812.3473887
VERO,2023-05-12,1499185,1763875813.706554
VERO,2024-01-08,53109,1763875814.7051618
VERO,2024-02-22,8038266,1763875818.9277093
VERO,2024-04-16,52931,1763875819.9715824
VERO,2024-06-04,61303,1763875820.9769003
VERO,2024-06-06,2072315,1763875822.4868915
VERO,2024-06-07,14417319,1763875829.6663911
VERO,2024-06-10,13567844,1763875836.6079226
VERO,2024-07-25,114523,1763875837.714831
VERO,2024-07-29,749116,1763875838.9102259
VERO,2024-09-11,61283,1763875839.912863
VERO,2024-09-19,4978476,1763875842.6163461
VERO,2024-09-27,1859297,1763875844.169433
VERO,2024-10-22,333086,1763875845.2358098
VERO,2024-10-30,2820382,1763875847.181785
VERU,2020-12-09,1117672,1763875848.454399
VERU,2020-12-10,11368217,1763875853.6958354
VERU,2020-12-14,26546092,1763875865.9279451
VERU,2021-02-04,6464776,1763875869.2703001
VERU,2021-02-08,7207805,1763875872.6465137
VERU,2021-02-09,14723836,1763875878.9432745
VERU,2022-04-11,58839855,1763875905.8468876
VERU,2022-04-13,45579597,1763875927.0255573
VERU,2022-05-13,22397798,1763875937.2764058
VERU,2022-08-11,15533883,1763875944.3239312
VERU,2022-11-07,16306989,1763875952.0714312
VERU,2024-04-11,2771228,1763875954.1062057
VERU,2024-12-31,891061,1763875955.2710116
VERX,2024-02-29,1939913,1763875956.8316214
VET,2020-03-25,2283080,1763875958.315108
VET,2020-04-02,3221772,1763875960.0479834
VFS,2023-08-22,13076764,1763875965.415054
VFS,2023-08-24,14124316,1763875971.4085414
VFS,2023-08-25,18818736,1763875979.7969394
VFS,2023-08-28,20819331,1763875989.200812
VFS,2024-05-13,2544639,1763875991.153183
VFS,2024-05-20,2650797,1763875992.818617
VFS,2024-12-04,1830784,1763875994.2931316
VFSWW,2023-08-24,221325,1763875995.325465
VFSWW,2023-08-25,787574,1763875996.4901013
VFSWW,2023-08-28,1421420,1763875997.8073456
VFSWW,2023-08-29,1444416,1763875999.0977387
VFSWW,2023-08-30,1133813,1763876000.380831
VFSWW,2023-08-31,1304347,1763876001.637919
VFSWW,2023-09-12,800392,1763876002.8150408
VFSWW,2023-09-29,223445,1763876003.9607563
VFSWW,2023-10-11,84515,1763876004.9773786
VFSWW,2023-10-27,31958,1763876005.9953635
VFSWW,2023-11-08,73154,1763876007.006148
VFSWW,2023-11-30,125620,1763876008.0138774
VGAS,2023-02-23,211073,1763876009.037321
VGAS,2023-03-22,138100,1763876010.0569348
VGAS,2023-03-24,264021,1763876011.0784605
VGAS,2023-05-22,67703,1763876012.0724587
VGAS,2023-05-30,129814,1763876013.0552156
VGAS,2023-06-02,204160,1763876014.1076183
VGAS,2024-02-13,169121,1763876015.1108043
VGAS,2024-03-27,71572,1763876016.0968275
VHC,2020-03-13,1172569,1763876017.3619404
VHC,2022-04-04,598657,1763876018.4728382
VHC,2023-03-30,7150254,1763876021.464851
VHC,2023-05-09,769088,1763876022.6332018
VHC,2023-06-16,224182,1763876023.649052
VHC,2023-11-07,103360,1763876024.6569588
VHC,2024-06-18,67106,1763876025.67
VHC,2024-12-30,205200,1763876026.6655736
VHI,2020-03-16,315038,1763876027.9349413
VHI,2020-03-19,168380,1763876028.9978652
VIA,2023-08-03,141554,1763876029.9972496
VICR,2023-07-26,3694298,1763876032.494676
VIOT,2021-02-18,1564531,1763876033.9774609
VIOT,2021-02-19,8767906,1763876038.0671346
VIOT,2022-03-18,187162,1763876039.147565
VIOT,2022-10-28,75202,1763876040.1347075
VIPS,2020-03-05,10704329,1763876044.80661
VIPS,2022-03-16,7908668,1763876048.8078742
VIR,2020-01-27,1400707,1763876050.1668897
VIR,2020-02-26,2223687,1763876051.7105746
VIR,2020-02-27,6377245,1763876054.5682282
VIR,2020-03-11,1273850,1763876055.897411
VIR,2020-04-06,1871847,1763876057.3164444
VIR,2020-05-18,2418448,1763876058.988213
VIR,2021-01-26,5620956,1763876061.7454007
VIR,2021-01-27,11508885,1763876066.6916833
VIR,2021-03-11,5582110,1763876069.55881
VIR,2021-11-30,5952333,1763876072.4750686
VIR,2024-11-01,3094325,1763876074.5249944
VIRC,2020-05-26,23144,1763876075.6360085
VIRC,2020-06-26,20158,1763876076.6400666
VIRC,2021-01-13,143461,1763876077.6540236
VIRC,2021-02-04,109409,1763876078.6484306
VIRC,2021-02-09,79147,1763876079.6382463
VIST,2020-04-29,146862,1763876080.6667166
VITL,2023-08-03,1155020,1763876082.0497715
VITL,2024-05-09,2549604,1763876083.8498647
VIVK,2022-02-07,13095,1763876084.8508303
VIVK,2022-03-07,429203,1763876086.001575
VIVK,2022-04-27,13019909,1763876091.6630056
VIVK,2022-06-16,5097414,1763876094.2885053
VIVK,2022-06-22,397050,1763876095.4157102
VIVK,2022-08-23,657636,1763876096.5455236
VIVK,2022-08-25,500614,1763876097.5994482
VIVK,2022-11-29,852922,1763876098.7514572
VIVK,2022-12-01,370379,1763876099.8046968
VIVK,2022-12-02,503490,1763876100.8637137
VIVK,2023-07-11,170502,1763876101.888546
VIVK,2024-03-04,600746,1763876102.98349
VIVK,2024-04-22,119597,1763876103.9874606
VIVK,2024-07-02,267444,1763876105.0241532
VKTX,2022-12-19,17012947,1763876113.0097196
VKTX,2023-03-28,15123671,1763876120.376586
VKTX,2024-02-27,26226449,1763876132.346481
VKTX,2024-07-25,11266218,1763876137.4013138
VLO,2020-11-09,10330206,1763876141.4690237
VLYPO,2020-03-20,35594,1763876142.535593
VLYPP,2020-03-19,31741,1763876143.522002
VMAR,2021-06-02,474676,1763876144.6439078
VMAR,2022-08-12,384564,1763876145.6601443
VMAR,2023-12-06,97819,1763876146.6596367
VMAR,2024-06-20,139172,1763876147.6326208
VMAR,2024-08-14,27135,1763876148.625717
VMAR,2024-09-13,10969090,1763876153.4502015
VMAR,2024-09-19,2431860,1763876155.0960584
VMAR,2024-10-14,2005432,1763876156.544178
VMAR,2024-11-08,10743037,1763876161.5001075
VMD,2020-03-17,172039,1763876162.5719995
VMD,2020-03-20,457117,1763876166.741406
VMEO,2022-11-03,2940384,1763876168.857406
VMEO,2024-11-05,4595550,1763876171.4305074
VNCE,2020-04-06,107043,1763876172.4755564
VNCE,2020-12-03,349551,1763876173.4981246
VNCE,2023-12-26,72171,1763876174.4804933
VNCE,2023-12-27,386515,1763876175.5091088
VNCE,2024-05-29,53830,1763876176.5240617
VNCE,2024-12-18,551464,1763876177.6092417
VNCE,2024-12-19,767121,1763876178.767622
VNCE,2024-12-20,642155,1763876179.8971617
VNCE,2024-12-23,919542,1763876181.0365267
VNCE,2024-12-30,487682,1763876182.0879455
VNDA,2024-04-03,12589050,1763876187.9532783
VNDA,2024-04-17,6697547,1763876191.2708867
VNET,2022-03-16,3754724,1763876193.767461
VNET,2022-04-11,3069861,1763876195.8790822
VNET,2022-09-13,2974260,1763876197.872793
VNO,2020-11-09,5230876,1763876200.343916
VNOM,2020-03-19,1184110,1763876201.7028303
VNOM,2020-04-02,1097394,1763876203.0128498
VOC,2020-06-08,87157,1763876204.0376174
VOC,2020-09-29,1204450,1763876205.3946214
VOC,2020-10-08,138167,1763876206.4167266
VOLT,2020-03-16,27099,1763876207.4309065
VOLT,2020-03-17,34825,1763876208.438471
VOLT,2020-04-24,194526,1763876209.4436333
VOLT,2020-05-05,53253,1763876210.453331
VOLT,2020-05-28,141381,1763876211.4654787
VOLT,2020-06-22,460602,1763876212.4853783
VOLT,2020-07-02,1156082,1763876213.7728648
VOLT,2020-12-30,431782,1763876214.8039563
VOLT,2021-01-13,1041610,1763876216.0096753
VOLT,2022-03-14,920058,1763876217.2001238
VOLT,2024-12-04,11604,1763876218.1748848
VOR,2022-12-07,1049303,1763876219.4623413
VOR,2024-09-06,4043031,1763876221.7785525
VOR,2024-12-09,341943,1763876222.8695803
VOR,2024-12-27,835516,1763876224.073028
VRA,2020-03-19,331978,1763876225.1249976
VRA,2020-09-02,3915164,1763876227.3918476
VRAR,2021-10-28,5409860,1763876230.2252226
VRAR,2021-11-02,1511284,1763876231.659713
VRAR,2023-02-07,590548,1763876232.7648506
VRAR,2023-08-24,402121,1763876233.806174
VRAR,2024-01-08,75660,1763876234.7949698
VRAR,2024-12-10,3879022,1763876237.187667
VRAR,2024-12-11,5961046,1763876239.938089
VRAR,2024-12-17,751997,1763876241.1703336
VRAR,2024-12-18,10623457,1763876246.0867145
VRAR,2024-12-19,15817991,1763876253.2394826
VRAX,2022-07-25,473833,1763876254.488716
VRAX,2022-07-26,2450566,1763876255.9663308
VRAX,2022-07-29,3963501,1763876257.997853
VRAX,2022-08-01,16018140,1763876264.8109343
VRAX,2022-08-30,1206620,1763876266.1773427
VRAX,2022-09-01,3720548,1763876268.2605526
VRAX,2022-09-20,12091635,1763876274.02379
VRAX,2022-11-03,8117435,1763876277.873701
VRAX,2022-12-12,441807,1763876278.9965868
VRAX,2022-12-27,170996,1763876279.9795442
VRAX,2023-01-03,341741,1763876280.9784846
VRAX,2023-02-07,387964,1763876282.0107615
VRAX,2023-03-07,8810871,1763876286.5997553
VRAX,2023-04-19,1882483,1763876288.1550887
VRAX,2023-06-14,360245,1763876289.214068
VRAX,2023-12-27,456500,1763876290.299661
VRAX,2024-06-06,20539378,1763876300.7430494
VRAX,2024-08-01,72198,1763876301.8966913
VRAX,2024-08-14,761259,1763876303.1101854
VRAX,2024-08-16,1855573,1763876304.5943182
VRAX,2024-08-19,25110373,1763876316.052545
VRAX,2024-08-21,12844707,1763876321.6243916
VRAX,2024-08-28,16319194,1763876328.6890936
VRAX,2024-09-16,4154526,1763876331.0387843
VRAX,2024-10-02,365558,1763876332.1550817
VRAX,2024-10-23,18008125,1763876340.4364545
VRAX,2024-12-18,949047,1763876341.7699707
VRCA,2020-03-17,117952,1763876342.9249406
VRCA,2020-03-19,116291,1763876343.954935
VRCA,2020-03-24,103567,1763876344.9489863
VRCA,2023-12-15,13443742,1763876350.978737
VRCA,2024-10-03,1970076,1763876352.526838
VRDN,2021-09-21,2762712,1763876354.4123602
VRDN,2022-05-13,556706,1763876355.581514
VRDN,2022-08-15,5431565,1763876358.5081155
VRDN,2024-09-10,6023594,1763876361.797827
VRDN,2024-12-16,4485117,1763876364.5060003
VRM,2022-05-10,12023433,1763876369.7973166
VRM,2022-06-23,7433708,1763876373.3685422
VRM,2024-02-23,477705,1763876374.4935853
VRM,2024-02-26,548711,1763876375.5995078
VRM,2024-03-13,2738948,1763876377.4936297
VRM,2024-05-06,240643,1763876378.51335
VRM,2024-08-16,176987,1763876379.5368865
VRM,2024-11-19,532725,1763876380.6240427
VRME,2022-07-01,1737800,1763876382.0415318
VRME,2022-08-11,165909,1763876383.0777245
VRME,2023-01-11,122654,1763876384.0945637
VRME,2023-12-08,5218793,1763876386.7791562
VRME,2024-12-31,16102490,1763876394.018644
VRNT,2024-12-05,5100364,1763876396.7790575
VRT,2023-08-02,14845276,1763876402.6063228
VS,2021-10-18,122874,1763876403.6768515
VS,2021-12-16,63720,1763876404.6852627
VS,2022-06-02,46917,1763876405.6824818
VS,2022-06-24,44397,1763876406.672709
VS,2022-07-08,53099,1763876407.6765637
VS,2022-07-12,1338915,1763876408.9186249
VS,2022-07-22,496364,1763876409.9667277
VS,2022-07-25,3107322,1763876411.6396873
VS,2022-07-26,3772555,1763876413.5795796
VS,2022-09-19,1530871,1763876414.9063272
VS,2022-10-05,361016,1763876415.9463167
VS,2022-11-10,329464,1763876416.9801743
VS,2022-11-11,2326760,1763876418.5077817
VS,2022-12-13,281579,1763876419.547423
VS,2022-12-27,260961,1763876420.535562
VS,2023-01-10,878300,1763876421.677629
VS,2023-02-01,10178277,1763876426.506347
VS,2023-02-07,5351613,1763876429.2742932
VS,2023-02-21,583180,1763876430.405201
VS,2023-03-10,1065464,1763876431.622296
VS,2023-04-17,665596,1763876432.729601
VS,2023-05-10,2162653,1763876434.2536783
VS,2023-08-01,156500,1763876435.29432
VS,2023-09-11,1402092,1763876436.6312296
VS,2023-10-12,16033286,1763876443.6744294
VS,2023-10-13,22072389,1763876453.617636
VS,2023-10-20,1160874,1763876455.091407
VS,2023-11-24,7925031,1763876458.816129
VS,2023-12-28,1521571,1763876460.195304
VS,2024-06-06,346541,1763876461.2337284
VS,2024-07-02,13510891,1763876467.960026
VS,2024-10-16,32316474,1763876482.6023314
VS,2024-12-02,233267,1763876483.8521726
VSAT,2020-03-24,1148970,1763876485.2393363
VSAT,2022-10-03,4246257,1763876488.0150928
VSAT,2024-08-08,4388207,1763876490.8974063
VSCO,2021-08-09,5765838,1763876493.686136
VSEE,2024-06-26,228975,1763876494.7569199
VSEE,2024-07-01,598834,1763876495.880741
VSEE,2024-07-02,667076,1763876497.078037
VSEE,2024-07-29,447153,1763876498.159381
VSEE,2024-08-02,16903309,1763876506.2953804
VSEE,2024-08-06,7043163,1763876509.8395717
VSEE,2024-10-21,6427664,1763876513.0243876
VSEE,2024-11-26,16860772,1763876520.7493894
VSEE,2024-12-06,5628191,1763876524.0109024
VSME,2023-09-29,3895885,1763876526.2663853
VSME,2023-10-04,1757232,1763876527.7494357
VSME,2023-10-05,10987202,1763876532.264156
VSME,2023-10-31,2805795,1763876534.238766
VSME,2023-11-02,1103998,1763876535.4836297
VSME,2024-01-24,5749540,1763876538.211737
VSME,2024-01-26,1653001,1763876539.6448061
VSME,2024-02-13,464563,1763876540.7047048
VSME,2024-02-14,1172405,1763876541.9116771
VSME,2024-04-19,97168,1763876542.9121084
VSME,2024-07-03,154023,1763876543.922018
VSME,2024-07-16,1138151,1763876545.2043338
VSME,2024-08-15,8907805,1763876549.2915401
VSME,2024-09-24,983410,1763876550.5693927
VSME,2024-09-25,4687004,1763876552.9974792
VSME,2024-10-16,5589168,1763876555.9537513
VSME,2024-10-17,15686202,1763876562.8459828
VSME,2024-11-08,151958,1763876563.9845197
VSME,2024-12-31,449552,1763876565.0714157
VSSYW,2021-01-19,77346,1763876566.0494502
VSSYW,2021-02-03,19244,1763876567.0557542
VSSYW,2021-06-01,12050,1763876568.0246115
VSSYW,2021-08-05,21924,1763876569.0295365
VSSYW,2021-09-02,48161,1763876570.01882
VSSYW,2021-09-09,13217,1763876571.0120342
VSSYW,2021-10-18,12265,1763876572.0351365
VSSYW,2021-10-25,11808,1763876573.0283494
VSSYW,2021-11-10,15132,1763876574.0315447
VSSYW,2021-12-16,11430,1763876575.0140982
VSSYW,2024-06-07,939116,1763876576.2667232
VSTA,2021-12-10,1728972,1763876577.6554537
VSTM,2020-01-08,1970424,1763876579.2444632
VSTM,2020-02-28,1743065,1763876580.8282268
VSTM,2022-04-14,3572401,1763876583.0233452
VSTM,2023-05-26,6334852,1763876585.9548268
VSTM,2024-12-31,4583862,1763876588.42639
VTGN,2020-03-10,81084,1763876589.4754488
VTGN,2020-03-25,75688,1763876590.5001652
VTGN,2020-05-18,416356,1763876591.5576339
VTGN,2020-06-09,418595,1763876592.5963528
VTGN,2020-07-20,537375,1763876593.694476
VTGN,2020-12-18,2550222,1763876595.2908092
VTGN,2021-01-25,2294505,1763876596.8572364
VTGN,2021-02-18,4573471,1763876599.2668724
VTGN,2022-09-08,2077588,1763876600.7987874
VTGN,2022-12-06,1944607,1763876602.3139262
VTGN,2022-12-16,854718,1763876603.459987
VTGN,2023-01-03,442670,1763876604.4720106
VTGN,2023-02-10,1787544,1763876605.9070172
VTGN,2023-03-22,1821429,1763876607.3722217
VTGN,2023-05-31,3017617,1763876609.1043844
VTGN,2023-08-07,23809535,1763876619.7388375
VTR,2020-03-19,9364571,1763876623.64962
VTR,2020-03-20,10129189,1763876627.9670231
VTR,2020-11-09,5090553,1763876630.4092066
VTSI,2020-06-01,222447,1763876631.4532816
VTSI,2020-06-08,99509,1763876632.4444442
VTSI,2021-03-30,31020174,1763876646.024821
VTSI,2023-04-03,127691,1763876647.3007045
VTSI,2024-04-02,1445422,1763876648.6937797
VTVT,2020-01-15,393461,1763876649.7270498
VTVT,2020-02-10,4489125,1763876652.0358207
VTVT,2020-07-27,1065668,1763876653.3271916
VTVT,2020-10-29,958787,1763876654.4771433
VTVT,2020-12-11,15830127,1763876661.7552798
VTVT,2021-02-02,4319179,1763876664.1430032
VTVT,2021-04-13,25456039,1763876675.2657385
VTVT,2022-06-01,2797490,1763876677.304588
VTVT,2023-10-05,123427,1763876678.3225155
VTVT,2023-11-29,466112,1763876679.370517
VTVT,2023-12-29,124750,1763876680.3758447
VTVT,2024-02-28,2371236,1763876681.9402766
VTVT,2024-03-20,84810,1763876682.9626522
VTYX,2022-08-16,927271,1763876684.2056553
VTYX,2022-09-12,8275119,1763876688.1140661
VTYX,2024-02-21,18226641,1763876695.8735497
VTYX,2024-02-28,5002305,1763876698.588087
VTYX,2024-05-01,1118407,1763876699.9579606
VTYX,2024-12-06,1974937,1763876701.5009782
VUZI,2020-03-31,499903,1763876702.5596585
VUZI,2020-05-07,2524383,1763876704.168456
VUZI,2020-05-08,6236750,1763876707.0235505
VUZI,2020-05-22,1441772,1763876708.4049802
VUZI,2020-12-18,6202223,1763876711.278924
VUZI,2021-02-22,8283506,1763876714.9790697
VUZI,2021-11-01,7495615,1763876718.4192326
VUZI,2024-05-14,1418174,1763876719.827046
VUZI,2024-09-03,2070241,1763876721.388535
VUZI,2024-11-22,1000335,1763876722.610559
VUZI,2024-11-25,2140555,1763876724.2138886
VVOS,2020-12-17,4552050,1763876726.434164
VVOS,2021-04-05,714799,1763876727.6228788
VVOS,2021-08-13,571299,1763876728.7019837
VVOS,2021-08-17,369575,1763876729.762726
VVOS,2021-08-23,29808072,1763876743.8912709
VVOS,2022-01-19,11128320,1763876748.785796
VVOS,2022-12-19,60372,1763876749.8650815
VVOS,2022-12-20,120240,1763876750.891043
VVOS,2023-01-03,202942,1763876751.8872426
VVOS,2023-01-04,14685457,1763876758.4226487
VVOS,2023-03-01,3154573,1763876760.7134247
VVOS,2023-08-08,7660287,1763876764.1779265
VVOS,2023-10-04,13973800,1763876770.2805073
VVOS,2023-11-29,23322312,1763876781.3134305
VVOS,2023-12-18,481369,1763876782.5889156
VVOS,2023-12-20,391934,1763876783.6497138
VVOS,2024-01-29,363448,1763876784.6828527
VVOS,2024-01-30,629337,1763876785.7783923
VVOS,2024-09-18,15275856,1763876792.19398
VVPR,2020-02-25,2172888,1763876793.8207414
VVPR,2020-04-22,63135,1763876794.8188035
VVPR,2020-05-06,468566,1763876795.9148357
VVPR,2020-06-03,511433,1763876796.9772263
VVPR,2020-06-17,1374916,1763876798.2581966
VVPR,2020-07-01,201515,1763876799.286095
VVPR,2020-07-02,386217,1763876800.371713
VVPR,2020-08-19,902274,1763876801.5304487
VVPR,2020-08-24,1300836,1763876802.8172028
VVPR,2020-08-25,8845160,1763876806.6679974
VVPR,2020-08-28,8735868,1763876810.5087645
VVPR,2020-09-04,5437782,1763876813.1031165
VVPR,2020-09-21,3165138,1763876814.9518535
VVPR,2020-10-09,27564780,1763876827.443124
VVPR,2020-12-23,4663089,1763876829.9768164
VVPR,2021-01-25,2753013,1763876831.766542
VVPR,2021-03-30,1711236,1763876833.2316806
VVPR,2022-03-07,243028,1763876834.2524705
VVPR,2022-05-19,1762528,1763876835.668051
VVPR,2022-06-08,248311,1763876836.688059
VVPR,2022-11-08,358899,1763876837.7444303
VVPR,2022-12-13,67849,1763876838.7693782
VVPR,2023-01-05,63788,1763876839.7596774
VVPR,2023-01-17,115520,1763876840.7393177
VVPR,2023-01-27,562853,1763876841.899278
VVPR,2023-01-31,582774,1763876843.005055
VVPR,2023-02-03,385578,1763876844.0681438
VVPR,2023-02-28,260960,1763876845.1053548
VVPR,2023-05-08,830847,1763876846.2311442
VVPR,2023-05-16,3296415,1763876848.2272825
VVPR,2023-06-27,381577,1763876849.3023372
VVPR,2024-04-02,26604186,1763876861.2856283
VVPR,2024-04-03,37166361,1763876877.6736856
VVPR,2024-07-03,14691275,1763876884.5274096
VVPR,2024-07-10,14241474,1763876890.8183756
VVPR,2024-11-14,956046,1763876892.1814554
VVPR,2024-12-05,1604303,1763876893.5985022
VVPR,2024-12-09,529959,1763876894.7853575
VVR,2020-03-19,915973,1763876895.9247155
VVV,2020-03-24,2493334,1763876897.461193
VVX,2022-08-10,290335,1763876898.4932666
VYGR,2021-10-06,21814122,1763876908.283751
VYGR,2021-10-08,10902186,1763876913.6376553
VYGR,2022-03-08,1141264,1763876914.9912095
VYGR,2023-05-09,1429238,1763876916.3820424
VYGR,2024-01-02,5033843,1763876919.1114814
VYNE,2021-01-25,12379125,1763876925.3457503
VYNE,2021-12-06,2885847,1763876927.3323846
VYNE,2023-01-04,829738,1763876928.5285366
VYNE,2023-01-10,2755257,1763876930.1826413
VYNE,2023-04-19,9089648,1763876934.321561
VYNE,2023-10-30,5579874,1763876937.1494212
VYNE,2024-03-25,258910,1763876938.1925373
W,2020-03-24,5605752,1763876940.7528894
W,2020-04-06,8108863,1763876944.3694994
W,2020-05-05,13006160,1763876949.464283
W,2022-11-10,8180021,1763876953.1371963
WAFU,2020-01-08,1936679,1763876954.6740882
WAFU,2020-02-05,326527,1763876955.717168
WAFU,2020-02-26,56978,1763876956.7029097
WAFU,2020-02-27,107391,1763876957.7144766
WAFU,2020-03-04,38444,1763876958.7378893
WAFU,2020-03-10,76713,1763876959.7325056
WAFU,2020-03-19,37015,1763876960.7251768
WAFU,2020-05-26,78385,1763876961.7000587
WAFU,2020-06-11,18506059,1763876969.552228
WAFU,2020-06-16,2377577,1763876971.2582927
WAFU,2020-07-10,6253678,1763876974.1154058
WAFU,2020-08-19,315726,1763876975.1708002
WAFU,2020-10-12,4267053,1763876977.3763168
WAFU,2020-12-28,158361,1763876978.3914845
WAFU,2020-12-29,904299,1763876979.5757105
WAFU,2021-01-29,1331682,1763876980.8432076
WAFU,2021-02-04,1362600,1763876982.1431801
WAFU,2021-02-12,1629236,1763876983.5176377
WAFU,2021-03-26,22175865,1763876992.712406
WAFU,2021-03-31,17520840,1763877000.2428422
WAFU,2021-04-15,1733018,1763877001.7818367
WAFU,2021-05-21,2062503,1763877003.2626894
WAFU,2021-06-14,1641058,1763877004.774895
WAFU,2021-06-18,1707281,1763877006.1421046
WAFU,2022-03-16,1038048,1763877007.3640726
WAFU,2022-08-05,455061,1763877008.4043174
WAFU,2023-05-01,1321169,1763877009.6791432
WAFU,2023-05-02,3999782,1763877011.9208684
WAFU,2023-10-12,136927,1763877012.9344218
WAFU,2024-10-25,780183,1763877014.0936615
WAI,2024-10-23,130407,1763877015.1130629
WAI,2024-11-27,10163715,1763877019.172682
WAL,2020-03-19,2286088,1763877020.8441231
WAL,2023-03-14,42224010,1763877037.6989977
WAL,2023-03-16,30318387,1763877050.2663317
WAL,2023-05-05,31173230,1763877063.5394132
WALD,2023-08-21,473069,1763877064.8128786
WALD,2024-08-28,2368592,1763877066.3669264
WALDW,2021-05-12,13100,1763877067.3670259
WALDW,2021-05-13,13837,1763877068.3753376
WALDW,2021-05-14,13343,1763877069.382371
WALDW,2021-05-17,15204,1763877070.3657942
WALDW,2021-05-18,19785,1763877071.362962
WALDW,2021-06-01,13690,1763877072.3304765
WALDW,2021-08-25,18354,1763877073.3269274
WALDW,2021-11-15,164387,1763877074.342107
WALDW,2023-08-21,46172,1763877075.318854
WALDW,2023-09-15,19217,1763877076.291871
WALDW,2023-09-20,30559,1763877077.2711878
WALDW,2023-10-11,10495,1763877078.237006
WALDW,2023-12-15,28187,1763877079.2360394
WALpA,2023-03-14,1269967,1763877080.811379
WALpA,2023-05-05,578556,1763877081.9334655
WATT,2020-04-21,17678255,1763877090.0178585
WATT,2020-06-09,1834744,1763877091.6251836
WATT,2020-06-17,4258635,1763877093.9007778
WATT,2020-12-23,5079228,1763877096.4345455
WATT,2021-01-07,2241431,1763877098.1185334
WATT,2021-01-11,3307228,1763877100.1565132
WATT,2021-01-25,2783195,1763877101.9152112
WATT,2021-02-19,24434651,1763877112.8255973
WATT,2021-06-09,2533045,1763877115.22329
WATT,2021-10-19,8729551,1763877119.3290703
WATT,2024-02-15,243224,1763877120.3855138
WATT,2024-12-30,22474486,1763877130.563776
WAVE,2021-07-02,9704517,1763877134.8285234
WAVE,2021-08-17,529960,1763877135.991629
WAVE,2022-01-03,469648,1763877137.074879
WAVE,2022-01-21,200219,1763877138.0927556
WAVE,2022-03-08,400838,1763877139.124702
WAVE,2022-03-10,1741202,1763877140.5013041
WAVE,2023-06-29,3567196,1763877142.508394
WAVE,2023-07-06,172615,1763877143.5439115
WAVE,2024-04-08,6811910,1763877146.6183734
WAVE,2024-04-10,4518058,1763877148.915671
WAVE,2024-10-14,223795,1763877149.9747405
WAVE,2024-10-15,575242,1763877151.0830822
WAVE,2024-11-18,383114,1763877152.142438
WBUY,2023-10-23,1447349,1763877153.562079
WBUY,2023-12-06,3143761,1763877155.7073655
WBUY,2023-12-07,6091365,1763877158.8527663
WBX,2021-10-26,13223921,1763877164.1662283
WBX,2021-10-28,2185868,1763877165.6899238
WCT,2024-10-07,307123,1763877166.748146
WCT,2024-11-22,9958219,1763877171.5687108
WCT,2024-12-11,276230,1763877172.6840131
WCT,2024-12-26,88943,1763877173.6666012
WDH,2021-08-17,1571037,1763877174.978189
WDH,2021-11-29,1309940,1763877176.2253013
WDH,2022-03-18,598988,1763877177.2966099
WDH,2022-12-05,660720,1763877178.3527849
WELL,2020-11-09,4721823,1763877180.7055113
WEN,2020-03-19,6289542,1763877183.937569
WES,2020-03-10,4398210,1763877186.02854
WES,2020-03-19,3478732,1763877188.118308
WES,2020-03-20,3834341,1763877190.0337057
WES,2020-04-07,3122982,1763877191.9539735
WETH,2022-03-18,9966,1763877192.9446535
WETH,2022-04-27,9950,1763877193.922724
WETH,2022-07-15,9870,1763877194.8916543
WETH,2022-07-29,10309,1763877195.8671787
WETH,2022-08-04,9870,1763877196.8385499
WETH,2022-10-20,10697,1763877197.8212838
WETH,2022-10-26,10339,1763877198.80291
WETH,2023-01-03,10685,1763877199.7743392
WETH,2023-03-10,11575,1763877200.7599692
WETH,2023-03-14,10593,1763877201.7447116
WETH,2023-04-11,10190,1763877202.7252126
WETH,2023-06-16,10726,1763877203.6974263
WETH,2023-06-23,11015,1763877204.6908126
WETH,2023-08-08,12176,1763877205.6671436
WETH,2023-08-28,12119,1763877206.6533697
WETH,2024-02-12,10797,1763877207.6316912
WETH,2024-02-22,433152,1763877208.6976266
WETH,2024-05-06,169782,1763877209.7234676
WETH,2024-05-16,163228,1763877210.7266243
WETH,2024-06-07,73082,1763877211.722425
WETH,2024-06-10,226494,1763877212.7475052
WETH,2024-08-14,113362,1763877213.745679
WETH,2024-10-07,1275320,1763877215.077211
WEX,2020-03-24,1748124,1763877216.4522798
WFCF,2021-11-17,155232,1763877217.5734143
WGO,2020-03-25,1858028,1763877218.9950476
WGS,2023-03-20,1370078,1763877220.5101016
WGS,2023-11-24,872925,1763877221.7012277
WGS,2023-12-21,603813,1763877222.7900903
WGS,2024-01-08,492149,1763877223.8518085
WGS,2024-02-21,589336,1763877224.946488
WGS,2024-04-30,4152677,1763877227.2030132
WGS,2024-10-29,3650844,1763877229.4313564
WHD,2020-03-19,1307459,1763877230.7509098
WHF,2020-03-17,267396,1763877231.7947166
WHF,2020-03-19,249256,1763877232.8297603
WHG,2020-03-20,291978,1763877233.8825023
WHLR,2020-03-31,46185,1763877234.8927
WHLR,2020-05-14,57476,1763877235.8988943
WHLR,2020-06-12,28609,1763877236.9028072
WHLR,2021-02-05,2233746,1763877238.4815996
WHLR,2021-08-04,8593679,1763877242.5202887
WHLR,2022-09-02,439522,1763877243.640187
WHLR,2023-05-10,214803,1763877244.646021
WHLR,2023-06-15,120685,1763877245.661275
WHLR,2023-06-16,130787,1763877246.6926186
WHLR,2023-08-18,638555,1763877247.799909
WHLR,2023-09-07,10491470,1763877252.5879533
WHLR,2023-09-27,145829,1763877253.655488
WHLR,2023-10-11,7335770,1763877257.1682863
WHLR,2023-10-18,658822,1763877258.327577
WHLR,2023-10-20,6595783,1763877261.534854
WHLR,2023-11-14,796680,1763877262.7313607
WHLR,2023-11-27,1166818,1763877263.9517615
WHLR,2023-11-28,6707737,1763877266.885488
WHLR,2023-11-29,12620351,1763877272.4127526
WHLR,2023-12-05,1970661,1763877273.9636986
WHLR,2023-12-18,1148383,1763877275.147453
WHLR,2024-06-11,2679894,1763877277.0370245
WHLR,2024-06-12,5478076,1763877279.692793
WHLR,2024-06-13,5179178,1763877282.2659645
WHLR,2024-06-28,858411,1763877283.4424317
WHLR,2024-07-23,191464,1763877284.4589162
WHLR,2024-07-24,331409,1763877285.5407066
WHLR,2024-08-12,1952470,1763877287.0138135
WHLR,2024-09-05,20747831,1763877295.8134494
WHLR,2024-09-06,51906496,1763877318.7549536
WHLR,2024-09-10,15267316,1763877325.5529983
WHLR,2024-09-13,6155872,1763877328.6157498
WHLR,2024-09-16,10456272,1763877333.562023
WHLR,2024-09-17,11212543,1763877338.4821136
WHLR,2024-10-02,11485428,1763877343.4372807
WHLR,2024-10-03,15702771,1763877350.2845392
WHLR,2024-10-10,4503661,1763877352.7415133
WHLR,2024-12-12,3446704,1763877354.777693
WHLR,2024-12-13,6670395,1763877357.995557
WHLRD,2020-03-19,16624,1763877359.0424798
WHLRD,2023-10-06,30549,1763877360.1800036
WHLRL,2021-11-01,10939,1763877361.1556542
WHLRL,2023-01-27,11537,1763877362.1251755
WHLRL,2023-04-24,10734,1763877363.0945363
WHLRL,2024-09-09,10806,1763877364.0657501
WHLRL,2024-09-17,14445,1763877365.0384736
WHLRP,2020-03-19,17455,1763877366.0583284
WHLRP,2023-06-02,17257,1763877367.0454926
WHLRP,2023-12-22,18412,1763877368.0324612
WHLRP,2024-01-03,17444,1763877369.030336
WHLRP,2024-06-28,23563,1763877370.0317423
WHLRP,2024-09-05,28933,1763877371.0323412
WHR,2020-03-24,3201688,1763877372.7044218
WIMI,2020-07-10,31685561,1763877386.1744833
WIMI,2020-07-13,45722339,1763877405.1743352
WIMI,2020-08-04,6013806,1763877408.192247
WIMI,2020-10-12,12242907,1763877413.6853206
WIMI,2021-01-13,7957924,1763877417.6723056
WIMI,2021-09-22,11013236,1763877422.8417978
WIMI,2022-11-15,1105800,1763877424.1752367
WIMI,2022-12-13,1057830,1763877425.4020448
WIMI,2024-02-07,925811,1763877426.612247
WIMI,2024-02-08,4465815,1763877428.9886608
WIMI,2024-02-16,935380,1763877430.2581148
WIMI,2024-03-14,6967979,1763877433.6620014
WIMI,2024-04-24,2121015,1763877435.2984657
WIMI,2024-06-04,7643499,1763877439.03762
WIMI,2024-08-22,124538,1763877440.1054795
WIMI,2024-12-18,3320787,1763877442.0344667
WIMI,2024-12-19,4550903,1763877444.5205543
WIMI,2024-12-23,1294788,1763877445.9055946
WIMI,2024-12-27,15994572,1763877453.020267
WING,2022-07-28,3176724,1763877454.9677298
WKEY,2020-05-08,28826,1763877455.9740286
WKEY,2020-06-09,25093,1763877456.9766307
WKEY,2020-06-10,72520,1763877458.8616738
WKEY,2020-06-12,76061,1763877459.856774
WKEY,2020-07-15,921853,1763877461.0395622
WKEY,2020-07-24,431355,1763877462.0975828
WKEY,2020-08-05,775604,1763877463.2085762
WKEY,2020-12-29,1811235,1763877464.6481946
WKEY,2021-03-18,11819606,1763877469.4807465
WKEY,2021-03-24,22654047,1763877479.4929078
WKEY,2021-03-26,13075091,1763877484.941105
WKEY,2022-04-25,1088840,1763877486.2916996
WKEY,2022-10-06,1077283,1763877487.512546
WKEY,2023-05-15,1826742,1763877488.9040022
WKEY,2023-05-19,5691415,1763877491.6631591
WKEY,2024-01-11,353928,1763877492.7309446
WKEY,2024-08-12,152533,1763877493.7273893
WKEY,2024-08-13,728050,1763877494.83388
WKEY,2024-12-12,2241878,1763877496.367968
WKEY,2024-12-13,20425311,1763877505.172868
WKEY,2024-12-16,34423763,1763877520.1464322
WKEY,2024-12-20,3631498,1763877522.4977272
WKEY,2024-12-23,4191605,1763877524.776313
WKEY,2024-12-26,1045793,1763877526.0035233
WKHS,2020-03-25,744832,1763877527.1664422
WKHS,2020-06-24,20763206,1763877536.0578177
WKHS,2020-06-29,31349910,1763877549.8465085
WKHS,2020-06-30,59532436,1763877574.149295
WKHS,2021-01-26,26533527,1763877585.9992695
WKHS,2021-02-25,40008151,1763877603.712621
WKHS,2021-06-03,41628861,1763877622.5338433
WKHS,2024-05-06,2674190,1763877624.4432707
WKHS,2024-07-16,1992703,1763877626.6058576
WKHS,2024-09-09,2604204,1763877628.189311
WKHS,2024-11-11,1670867,1763877629.5513272
WKHS,2024-11-12,6552568,1763877632.6290395
WKSP,2021-08-06,1421404,1763877634.025795
WKSP,2022-06-22,1707734,1763877635.4194663
WKSP,2023-01-27,87293,1763877636.4244013
WKSP,2024-04-26,192750,1763877637.4502096
WKSP,2024-04-29,245727,1763877638.735209
WKSP,2024-04-30,476748,1763877639.8320363
WKSP,2024-10-18,121255,1763877640.8390403
WKSP,2024-11-21,475045,1763877641.9224293
WLDN,2024-03-08,250711,1763877642.935068
WLDS,2022-10-03,3038167,1763877644.9423778
WLDS,2022-12-01,264544,1763877645.983045
WLDS,2023-01-27,361730,1763877647.0100985
WLDS,2023-01-31,194127,1763877648.0235057
WLDS,2023-02-09,6917172,1763877651.4116974
WLDS,2023-05-25,14117723,1763877658.1017234
WLDS,2023-05-30,6522624,1763877661.3713596
WLDS,2023-06-01,8489864,1763877665.6188855
WLDS,2023-11-07,220227,1763877666.696483
WLDS,2024-01-05,327158,1763877667.7382073
WLDS,2024-03-18,3895000,1763877669.9749224
WLDS,2024-05-29,198564,1763877671.0207117
WLDS,2024-06-10,3155542,1763877673.0708945
WLDS,2024-11-22,482751,1763877674.1695216
WLDS,2024-11-25,11696878,1763877679.918385
WLDS,2024-12-31,508956,1763877681.4716504
WLDSW,2022-09-27,17514,1763877682.497335
WLDSW,2022-09-29,17461,1763877683.5023007
WLDSW,2022-10-03,18688,1763877684.507531
WLDSW,2022-10-06,14027,1763877685.504336
WLDSW,2022-10-07,13789,1763877686.5049088
WLDSW,2022-10-14,12891,1763877687.4922266
WLDSW,2022-10-28,11665,1763877688.5081985
WLDSW,2022-11-07,13428,1763877689.51422
WLDSW,2022-12-02,13075,1763877690.5004644
WLDSW,2022-12-12,27142,1763877691.498143
WLDSW,2022-12-14,27844,1763877692.4922123
WLDSW,2022-12-16,17745,1763877693.481067
WLDSW,2022-12-21,17280,1763877694.4665475
WLDSW,2022-12-27,16279,1763877695.4439688
WLDSW,2023-01-04,12162,1763877696.4510736
WLDSW,2023-01-09,11832,1763877697.4562721
WLDSW,2023-01-30,15931,1763877698.4546278
WLDSW,2023-02-09,16920,1763877699.4499967
WLDSW,2023-03-03,11806,1763877700.4516585
WLDSW,2023-03-16,11705,1763877701.4656997
WLDSW,2023-03-29,12633,1763877702.4601624
WLDSW,2023-03-30,12170,1763877703.4420376
WLDSW,2023-04-05,11530,1763877704.4311066
WLDSW,2023-04-14,11095,1763877705.4217825
WLDSW,2023-04-17,10848,1763877706.428898
WLDSW,2023-05-25,60062,1763877707.4172213
WLDSW,2023-05-30,37626,1763877708.3849
WLDSW,2023-06-01,26868,1763877709.379845
WLDSW,2023-06-06,20728,1763877710.3686519
WLDSW,2023-06-07,29191,1763877711.3868353
WLDSW,2023-06-09,26698,1763877712.3789117
WLDSW,2023-06-29,15869,1763877713.3840165
WLDSW,2023-10-02,11876,1763877714.3818638
WLDSW,2023-10-18,12134,1763877715.384863
WLDSW,2023-10-31,14360,1763877716.3930285
WLDSW,2023-11-07,21526,1763877717.3959131
WLDSW,2024-01-05,13547,1763877718.3991034
WLDSW,2024-02-28,21120,1763877719.4106655
WLDSW,2024-03-14,11576,1763877720.4017806
WLDSW,2024-03-18,23801,1763877721.4106169
WLDSW,2024-04-03,14279,1763877722.4115813
WLDSW,2024-06-05,11482,1763877723.418594
WLDSW,2024-06-17,11634,1763877724.3968272
WLDSW,2024-09-10,13596,1763877725.412976
WLDSW,2024-09-13,20181,1763877726.4121058
WLDSW,2024-09-18,16619,1763877727.3974519
WLDSW,2024-09-19,20053,1763877728.3868232
WLDSW,2024-09-20,17624,1763877729.386419
WLDSW,2024-09-23,12675,1763877730.4034095
WLDSW,2024-10-16,15419,1763877731.4209259
WLDSW,2024-10-21,12450,1763877732.4043639
WLDSW,2024-11-29,23595,1763877733.376104
WLDSW,2024-12-02,32076,1763877734.3963556
WLDSW,2024-12-03,22731,1763877735.4070566
WLDSW,2024-12-10,19944,1763877736.408633
WLDSW,2024-12-31,22502,1763877737.420187
WLFC,2020-03-26,55792,1763877738.412302
WLFC,2020-06-05,91159,1763877739.4472291
WLFC,2020-08-05,61177,1763877740.47285
WLFC,2021-03-17,94434,1763877741.543247
WLKP,2020-03-19,219669,1763877742.7276516
WNEB,2020-03-17,92092,1763877743.771542
WNEB,2020-03-24,97054,1763877744.802217
WNW,2020-12-16,2805070,1763877746.7153497
WNW,2020-12-17,6421904,1763877749.875045
WNW,2020-12-23,2519503,1763877751.6260245
WNW,2021-02-12,10479322,1763877756.1957088
WNW,2021-02-18,4301544,1763877758.4999788
WNW,2021-03-18,3812536,1763877760.5343225
WNW,2021-07-01,5720384,1763877763.335822
WNW,2021-11-12,8140168,1763877766.952889
WNW,2022-02-17,2144827,1763877768.7660854
WNW,2022-02-28,1535969,1763877770.1673625
WNW,2022-03-01,2457713,1763877771.8295658
WNW,2022-03-16,487308,1763877772.9469578
WNW,2022-03-22,805570,1763877774.1069994
WNW,2022-10-11,926494,1763877775.2775004
WNW,2022-12-14,380238,1763877776.3305314
WNW,2022-12-19,414499,1763877777.4057355
WNW,2023-10-05,7283857,1763877780.7174778
WNW,2023-10-31,1647861,1763877782.166881
WNW,2023-12-05,8802453,1763877786.024763
WNW,2024-01-19,142050,1763877787.0774605
WNW,2024-01-22,190434,1763877788.1043081
WNW,2024-01-26,207915,1763877789.1452894
WNW,2024-02-06,1336803,1763877790.4539857
WNW,2024-02-08,1355322,1763877791.798882
WNW,2024-03-18,284418,1763877792.8277915
WNW,2024-04-10,13919063,1763877799.546707
WNW,2024-07-16,3593144,1763877801.850915
WNW,2024-07-17,5393931,1763877804.6700163
WNW,2024-12-20,158938,1763877805.7068381
WNW,2024-12-27,915774,1763877806.9039907
WNW,2024-12-30,426933,1763877808.0003269
WOK,2024-08-29,465780,1763877809.0499654
WOK,2024-08-30,1270243,1763877810.309245
WOK,2024-09-03,402391,1763877811.3628614
WOK,2024-12-11,234672,1763877812.3650787
WOLF,2021-10-28,6808945,1763877815.4972968
WOLF,2022-08-18,10213722,1763877819.5868745
WOLF,2024-10-15,22606585,1763877828.9971278
WOLF,2024-11-22,10673077,1763877833.4803686
WOOF,2024-05-22,5301189,1763877836.3945174
WOOF,2024-09-11,5592356,1763877839.3843474
WORX,2020-02-13,472647,1763877840.5377643
WORX,2020-03-17,31628,1763877841.5609775
WORX,2020-03-20,69589,1763877842.553265
WORX,2020-03-27,452844,1763877843.6302671
WORX,2020-03-30,601766,1763877844.7822251
WORX,2020-04-13,22520602,1763877854.4395204
WORX,2020-08-13,646596,1763877855.7089877
WORX,2020-08-26,14176357,1763877861.5471408
WORX,2020-09-08,2556740,1763877863.185504
WORX,2020-11-27,11919221,1763877868.3667898
WORX,2021-01-08,3443286,1763877870.280126
WORX,2021-03-11,1126277,1763877871.493089
WORX,2021-06-09,1285275,1763877872.750665
WORX,2021-07-12,8202428,1763877876.4179206
WORX,2021-07-13,21683710,1763877885.9733555
WORX,2021-07-30,3739719,1763877888.12035
WORX,2021-08-04,2820429,1763877889.859123
WORX,2021-08-06,3325648,1763877891.8136916
WORX,2021-08-09,19754365,1763877900.0985813
WORX,2022-03-22,280556,1763877901.270183
WORX,2022-04-14,791450,1763877902.439386
WORX,2022-04-21,174013,1763877903.4633112
WORX,2022-07-06,2837784,1763877905.2960873
WORX,2022-07-19,578378,1763877906.5505695
WORX,2022-08-30,182050,1763877907.5766487
WORX,2022-12-02,60201,1763877908.566708
WORX,2023-01-04,39131,1763877909.556988
WORX,2023-06-15,9104289,1763877913.5065584
WORX,2023-06-16,15109565,1763877920.2848184
WORX,2023-06-23,5072662,1763877922.9838638
WORX,2023-07-07,1514775,1763877924.4039025
WORX,2023-07-26,2468767,1763877926.2275238
WORX,2023-09-01,253740,1763877927.3051167
WORX,2023-09-18,8361082,1763877931.0666502
WORX,2023-11-30,64894,1763877932.1006572
WORX,2023-12-26,1322888,1763877933.396384
WORX,2024-03-12,1421610,1763877934.7662606
WORX,2024-03-19,19446480,1763877943.3702438
WORX,2024-03-20,27521127,1763877955.78965
WORX,2024-04-25,231090,1763877956.9976532
WORX,2024-05-24,1012906,1763877958.3572304
WORX,2024-07-24,2884427,1763877960.5970345
WORX,2024-08-21,110583,1763877961.622997
WORX,2024-09-05,92675,1763877962.6326108
WORX,2024-11-21,23734885,1763877973.8536227
WORX,2024-11-25,1819646,1763877975.5043287
WOW,2020-04-17,735909,1763877976.6400592
WOW,2024-05-03,2234011,1763877978.0831022
WPRT,2020-03-13,306352,1763877979.1759057
WPRT,2020-03-26,449704,1763877980.2976632
WPRT,2020-04-29,484015,1763877981.3416545
WPRT,2020-05-11,588570,1763877982.40487
WPRT,2020-07-27,797337,1763877983.5650094
WPRT,2020-09-18,9168158,1763877988.0148323
WPRT,2021-02-08,8171305,1763877991.9014814
WPRT,2021-08-06,3920247,1763877994.1501656
WPRT,2022-03-08,4453070,1763877996.6356514
WRAP,2022-06-24,5006271,1763877999.1394362
WRAP,2023-11-03,277524,1763878000.2088683
WRAP,2024-01-09,755722,1763878001.5236175
WRAP,2024-02-05,678423,1763878002.7292645
WRBY,2022-08-11,3501704,1763878004.7309008
WRBY,2022-11-10,3576488,1763878006.817135
WRD,2024-11-11,463803,1763878007.9154255
WRLD,2021-01-27,475617,1763878008.9761183
WRLD,2023-01-26,593815,1763878010.1703176
WSM,2024-11-20,9835039,1763878014.610222
WTI,2020-03-19,1985192,1763878016.1706555
WTI,2020-11-09,1495576,1763878017.48642
WTI,2021-03-05,10131401,1763878021.5103688
WTO,2024-04-08,3039743,1763878023.4441757
WTO,2024-06-24,137813,1763878024.4852421
WTO,2024-08-29,28010484,1763878037.3104463
WTO,2024-11-11,625283,1763878038.6288784
WTO,2024-12-12,298903,1763878039.6501348
WTTR,2020-03-19,672738,1763878040.7918515
WTTR,2020-04-23,730003,1763878041.8914917
WULF,2022-03-11,2295166,1763878043.4450572
WULF,2022-11-11,177773,1763878044.4986317
WULF,2022-12-08,237434,1763878045.534425
WULF,2023-12-27,5239000,1763878048.2479112
WULF,2024-03-20,3195800,1763878050.3627782
WVE,2020-03-17,919178,1763878051.6145864
WVE,2020-03-19,875863,1763878052.7847908
WVE,2020-05-11,447017,1763878053.8672614
WVE,2022-04-04,537565,1763878054.9765713
WVE,2022-06-22,735083,1763878056.1487246
WVE,2022-08-11,1565131,1763878087.3966014
WVE,2022-12-13,1888024,1763878088.990234
WVE,2022-12-14,3446230,1763878090.9758646
WVE,2024-03-06,1763803,1763878092.5215416
WVE,2024-09-24,5233243,1763878095.3714566
WVE,2024-10-16,5838435,1763878098.4442818
WVVI,2021-04-29,8004963,1763878101.8073373
WVVIP,2021-08-30,23337,1763878102.8573818
WVVIP,2024-08-23,90330,1763878103.8463788
WW,2020-03-19,1954467,1763878105.4530468
WW,2023-03-07,13168211,1763878111.5744584
WW,2023-04-11,13633475,1763878117.9794438
WW,2024-03-15,5055308,1763878121.065708
WW,2024-08-09,2040465,1763878122.717948
WW,2024-10-08,3275892,1763878124.7848895
WW,2024-10-09,18726096,1763878134.18273
WW,2024-10-10,22544898,1763878145.2859106
WWW,2024-11-07,4453770,1763878147.7575257
WYNN,2020-11-09,9491302,1763878152.1892335
XAIR,2020-03-16,407822,1763878153.3516753
XAIR,2020-03-17,540716,1763878154.483174
XAIR,2020-03-20,596332,1763878155.5860286
XAIR,2021-07-21,1006134,1763878156.76805
XAIR,2022-10-18,500242,1763878157.878257
XAIR,2023-11-15,741520,1763878159.025988
XAIR,2024-04-22,243538,1763878160.0494711
XAIR,2024-08-09,147772,1763878161.083202
XAIR,2024-08-16,269648,1763878162.1531966
XAIR,2024-10-02,429169,1763878163.2356956
XAIR,2024-10-09,334647,1763878164.3400803
XBIO,2020-03-19,51384,1763878165.333229
XBIO,2020-03-25,75899,1763878166.3654082
XBIO,2020-04-15,161796,1763878167.3775454
XBIO,2020-05-19,341549,1763878168.4138234
XBIO,2020-07-20,1364261,1763878169.666981
XBIO,2020-12-09,27693100,1763878181.4070988
XBIO,2021-01-06,453729,1763878182.6983056
XBIO,2021-07-13,1890547,1763878184.1219244
XBIO,2021-07-23,32693893,1763878197.940488
XBIO,2021-07-26,45295657,1763878217.483904
XBIO,2021-07-29,8777244,1763878221.5778556
XBIO,2021-08-02,7028413,1763878224.7880356
XBIO,2021-08-12,4836586,1763878227.3900783
XBIO,2023-05-15,1329870,1763878228.6838427
XBIO,2023-07-12,158260,1763878229.6905072
XBIO,2024-09-30,90272,1763878230.6960008
XBIT,2020-01-14,2337552,1763878232.3367016
XBIT,2023-05-17,459454,1763878233.4162393
XBP,2023-12-01,406573,1763878234.4926288
XBP,2023-12-04,545242,1763878235.5975382
XBP,2023-12-14,4772143,1763878237.9029274
XBP,2024-02-07,107152,1763878238.937386
XBP,2024-03-08,130861,1763878239.9528978
XBP,2024-04-26,115603,1763878240.9727893
XBP,2024-05-02,4390184,1763878243.264454
XBP,2024-05-06,15821092,1763878250.7039418
XBP,2024-06-27,2535493,1763878252.4616337
XBP,2024-11-12,6213242,1763878255.6851933
XBP,2024-12-19,716847,1763878256.8888974
XBP,2024-12-26,74932,1763878257.865376
XCH,2024-09-17,164880,1763878258.9083478
XCH,2024-09-18,742678,1763878260.016303
XCH,2024-09-19,1615255,1763878261.3823051
XCH,2024-10-01,300221,1763878262.4602113
XCH,2024-10-16,256548,1763878263.5176406
XCH,2024-12-11,495785,1763878264.6808813
XCUR,2021-03-11,480252,1763878265.7465632
XCUR,2021-08-02,9490178,1763878270.2841313
XCUR,2021-12-14,2786094,1763878272.080182
XCUR,2022-03-02,2778950,1763878273.7923174
XCUR,2022-05-11,2482767,1763878275.4879825
XCUR,2022-06-08,2103286,1763878277.036779
XCUR,2022-08-03,910587,1763878278.2483125
XCUR,2022-08-04,3438088,1763878280.9195697
XCUR,2022-12-20,1026726,1763878282.2113895
XCUR,2022-12-21,1430615,1763878283.5003624
XCUR,2022-12-22,918412,1763878284.6788504
XCUR,2023-12-08,4574874,1763878286.9459083
XCUR,2023-12-15,192553,1763878288.0027792
XCUR,2024-02-06,1691747,1763878289.4052587
XCUR,2024-05-28,834303,1763878290.5318131
XCUR,2024-05-31,78387,1763878291.5608032
XCUR,2024-06-03,905518,1763878292.794626
XCUR,2024-07-19,1570285,1763878294.1607
XCUR,2024-07-25,2660590,1763878295.7515461
XCUR,2024-08-02,7696228,1763878299.1103601
XCUR,2024-08-28,7975725,1763878302.3404465
XCUR,2024-09-16,7293633,1763878305.8068426
XCUR,2024-09-19,11794675,1763878310.9263244
XCUR,2024-10-15,849437,1763878312.253252
XCUR,2024-10-16,957818,1763878313.5147166
XCUR,2024-11-18,1163246,1763878314.7752757
XCUR,2024-11-19,2656703,1763878316.491528
XCUR,2024-11-20,10630574,1763878320.959411
XCUR,2024-11-22,3505254,1763878323.1223419
XCUR,2024-11-25,5035775,1763878325.5938802
XCUR,2024-11-27,874468,1763878326.8405006
XCUR,2024-12-04,1212119,1763878328.1308975
XELB,2020-03-17,27672,1763878329.1560104
XELB,2020-03-20,25752,1763878330.137043
XELB,2020-03-25,32096,1763878331.1399553
XELB,2020-04-28,42260,1763878332.1263926
XELB,2020-04-30,44093,1763878333.1355493
XELB,2020-05-01,140065,1763878334.150154
XELB,2020-05-20,1125906,1763878335.4276738
XELB,2020-06-09,466741,1763878336.4893506
XELB,2020-08-20,1103642,1763878337.6877003
XELB,2020-10-12,140397,1763878338.6914823
XELB,2020-10-14,1082119,1763878339.865123
XELB,2020-10-22,573376,1763878341.062808
XELB,2020-11-24,272473,1763878342.0746732
XELB,2021-01-29,788689,1763878343.2178385
XELB,2021-02-22,3775013,1763878345.3253825
XELB,2021-04-05,19726190,1763878353.7892125
XELB,2021-11-02,2975195,1763878355.8072846
XELB,2022-05-31,384838,1763878357.0331
XELB,2023-06-22,115033,1763878358.0396547
XELB,2024-12-26,420722,1763878359.0619602
XENE,2021-10-04,19089562,1763878367.1421938
XERS,2020-03-13,328112,1763878368.2948003
XERS,2020-05-08,519108,1763878369.3546126
XERS,2021-08-23,9546662,1763878373.7261465
XERS,2021-12-31,6174055,1763878376.9677966
XERS,2022-05-16,1464403,1763878378.4744096
XFOR,2020-03-19,90023,1763878379.5030541
XFOR,2021-12-17,4345633,1763878381.853152
XFOR,2022-09-27,1130954,1763878383.1230202
XFOR,2023-04-12,1298550,1763878384.4188793
XFOR,2024-11-14,3345151,1763878386.2897904
XFOR,2024-12-09,552060,1763878387.4125898
XFOR,2024-12-10,1352560,1763878388.7124271
XFOR,2024-12-11,1802634,1763878390.1547503
XFOR,2024-12-26,525590,1763878391.2128315
XGN,2020-03-17,125250,1763878392.2383883
XGN,2020-03-26,78566,1763878393.2376103
XGN,2021-08-10,385840,1763878394.2727933
XGN,2022-11-15,116640,1763878395.2913947
XGN,2022-11-16,543411,1763878396.3735206
XGN,2022-11-23,159706,1763878397.3902795
XGN,2023-05-16,131987,1763878398.3798268
XGN,2023-11-30,87440,1763878399.3768177
XHG,2024-05-31,7228768,1763878402.950747
XHG,2024-07-05,9969093,1763878407.345538
XHG,2024-09-24,5292470,1763878410.1311078
XHG,2024-09-30,22124806,1763878420.066476
XHG,2024-10-01,25934413,1763878431.7405245
XHG,2024-10-10,11932770,1763878436.9269552
XHG,2024-10-16,1469125,1763878438.329917
XHG,2024-12-09,168846,1763878439.3636248
XHG,2024-12-19,9705920,1763878443.8595495
XHR,2020-11-09,1209189,1763878445.14316
XLO,2022-07-05,220414,1763878446.1337564
XLO,2023-01-25,121192,1763878447.1336865
XLO,2023-11-13,34616,1763878448.164744
XLO,2024-03-28,6421537,1763878451.2197144
XLO,2024-04-01,3949719,1763878453.5389462
XLO,2024-10-30,517882,1763878454.6127708
XLO,2024-12-20,1671440,1763878456.0180652
XMTR,2022-08-10,1760339,1763878457.5565538
XMTR,2023-05-10,1430658,1763878458.9912329
XMTR,2024-08-08,1828416,1763878460.5076854
XNCR,2020-03-17,1107520,1763878461.8244267
XNET,2020-08-06,1719910,1763878463.2579303
XNET,2020-12-01,2981773,1763878465.0471942
XNET,2021-01-07,9429151,1763878469.1618128
XNET,2021-02-16,1849380,1763878470.6542764
XNET,2021-02-19,2788518,1763878472.3672235
XNET,2022-03-16,174561,1763878473.4202807
XNET,2023-06-06,1245897,1763878474.7028089
XOS,2023-08-01,410042,1763878475.7752428
XOS,2023-11-10,221865,1763878476.8029294
XOS,2023-11-13,642837,1763878477.9167054
XOS,2023-12-14,132053,1763878478.939191
XOS,2024-03-04,118470,1763878479.946089
XOSWW,2021-10-28,39239,1763878480.9326582
XP,2020-03-25,1384257,1763878482.32723
XPEL,2020-08-12,1047236,1763878483.6079166
XPEL,2024-08-08,1452561,1763878485.0709105
XPER,2022-10-03,1044863,1763878486.2872548
XPEV,2020-11-05,32986056,1763878498.7721536
XPEV,2020-11-12,43077056,1763878514.6989193
XPEV,2020-11-23,51070243,1763878533.986878
XPEV,2022-03-16,18281205,1763878541.3201425
XPEV,2022-11-30,30256694,1763878553.7993138
XPEV,2023-07-26,33335116,1763878567.752333
XPOF,2024-03-01,3976171,1763878569.9999435
XPOF,2024-06-17,2107222,1763878571.4124095
XPOF,2024-11-08,2196953,1763878572.9487946
XPON,2022-11-25,301658,1763878573.9508264
XPON,2022-12-23,10376701,1763878578.3769062
XPON,2022-12-29,588502,1763878579.5391467
XPON,2023-01-12,6198985,1763878582.4687278
XPON,2023-01-30,130757,1763878583.5057602
XPON,2023-02-10,11491562,1763878588.7787461
XPON,2023-02-13,13180459,1763878594.7585974
XPON,2023-02-23,433761,1763878595.897923
XPON,2024-04-18,3942614,1763878598.034283
XPON,2024-07-24,145815,1763878599.0696585
XPON,2024-09-06,4762864,1763878601.4978168
XPON,2024-09-20,24098821,1763878611.5720515
XPON,2024-09-23,32707103,1763878624.9553978
XPON,2024-09-27,7544162,1763878628.439005
XPON,2024-10-08,14861567,1763878634.4263353
XPON,2024-10-14,12121159,1763878639.5442655
XPON,2024-10-17,874922,1763878640.7849722
XPON,2024-10-21,5357527,1763878643.32594
XPON,2024-10-25,12357832,1763878648.7332046
XPON,2024-12-30,402149,1763878649.8914335
XRTX,2021-11-03,4310245,1763878652.265864
XRTX,2021-11-04,9464521,1763878656.6440327
XRTX,2022-03-23,693366,1763878657.8820171
XRTX,2022-05-03,767832,1763878659.050528
XRTX,2022-07-13,4183874,1763878661.4795034
XRTX,2023-01-19,5915496,1763878664.7496057
XRTX,2023-08-25,31244,1763878665.7749083
XRTX,2023-10-11,115270,1763878666.7838075
XRTX,2023-10-19,1199762,1763878668.0354135
XRTX,2023-10-20,9915588,1763878672.3661573
XRTX,2023-11-17,110332,1763878673.4429834
XRTX,2024-01-03,124209,1763878674.454443
XRTX,2024-01-04,272966,1763878675.478907
XRTX,2024-03-05,155859,1763878676.489262
XRTX,2024-03-06,179897,1763878677.552484
XRTX,2024-07-12,932508,1763878678.75356
XRTX,2024-08-29,25384853,1763878690.3804772
XRTX,2024-10-15,456659,1763878691.6726086
XTIA,2024-04-01,303955,1763878692.8099868
XTIA,2024-04-02,16423098,1763878700.6109684
XTIA,2024-04-03,20718678,1763878710.2477322
XTIA,2024-06-05,9798766,1763878714.918926
XTIA,2024-06-12,3586590,1763878717.1892664
XTIA,2024-07-01,6187685,1763878720.2790673
XTIA,2024-11-05,5596152,1763878723.1260803
XTIA,2024-11-07,6908239,1763878727.6738696
XTIA,2024-11-13,2640174,1763878729.955572
XTIA,2024-11-14,8206992,1763878735.5214887
XTKG,2024-03-28,402671,1763878749.3228142
XTKG,2024-06-07,155424,1763878750.3961654
XTKG,2024-12-19,117858,1763878751.4469616
XTKG,2024-12-23,91059,1763878752.5186517
XTLB,2020-03-30,15363,1763878753.5001163
XTLB,2020-04-08,14528,1763878754.4813573
XTLB,2020-06-15,50980,1763878755.4710546
XTLB,2020-07-28,48759,1763878756.449215
XTLB,2020-10-29,48440,1763878757.4598978
XTLB,2021-03-05,5255310,1763878760.1322126
XTLB,2021-07-23,1022015,1763878761.369359
XTLB,2021-08-20,486519,1763878762.4387333
XTLB,2022-08-09,29274,1763878763.4337404
XTLB,2023-08-28,25541,1763878764.433786
XTLB,2024-03-18,22828,1763878765.444724
XTLB,2024-03-20,4213886,1763878767.6326976
XTLB,2024-03-25,5849070,1763878770.8875961
XTLB,2024-10-28,670348,1763878772.8213413
XWEL,2023-07-13,205769,1763878774.4435093
XWEL,2024-07-24,141131,1763878776.0856943
XWEL,2024-12-16,699003,1763878778.0248365
XXII,2020-06-08,1118909,1763878779.3224115
XXII,2020-11-18,1897263,1763878781.1639163
XXII,2020-12-11,3070938,1763878783.478489
XXII,2021-02-10,3875770,1763878788.167966
XXII,2021-04-23,4592728,1763878791.1174965
XXII,2021-12-23,9040043,1763878796.8781302
XXII,2022-06-22,3183841,1763878801.0614326
XXII,2022-06-23,3909719,1763878805.556065
XXII,2023-07-20,1874266,1763878822.8524284
XXII,2023-07-21,8844474,1763878826.9318097
XXII,2023-09-05,952141,1763878828.2426207
XXII,2023-11-29,817757,1763878829.3980992
XXII,2024-04-05,14503614,1763878835.62721
XXII,2024-06-14,988341,1763878836.9524064
XXII,2024-06-26,316869,1763878837.968672
XXII,2024-09-13,13116813,1763878843.2712464
XYF,2020-06-16,99945,1763878844.360201
XYF,2020-07-09,114403,1763878845.3733346
XYF,2020-08-13,252512,1763878846.4086246
XYF,2020-10-20,1756255,1763878847.7297564
XYF,2020-12-30,141737,1763878848.7240987
XYF,2021-02-05,669984,1763878849.7996063
XYF,2021-03-17,296933,1763878850.8240552
XYF,2021-03-18,531753,1763878851.9040277
XYF,2021-04-26,419579,1763878852.9311838
XYF,2021-06-15,1962634,1763878854.3149898
XYF,2021-06-24,754645,1763878855.4647121
XYF,2021-06-25,2590965,1763878857.0426128
XYF,2021-07-07,1419422,1763878858.361665
XYF,2021-10-20,932823,1763878859.5224538
YALA,2020-11-30,2519672,1763878861.0261898
YALA,2021-01-25,2929589,1763878862.752187
YALA,2021-11-09,3475284,1763878864.542045
YETI,2022-11-10,4448454,1763878866.7888799
YEXT,2023-06-07,8600315,1763878870.166624
YGMZ,2020-12-17,7396393,1763878873.3086324
YGMZ,2020-12-22,1196380,1763878874.6604433
YGMZ,2021-01-22,86430,1763878875.6650803
YGMZ,2021-01-25,238495,1763878876.6872306
YGMZ,2021-02-01,1923731,1763878878.0805483
YGMZ,2021-03-03,2751231,1763878879.7222934
YGMZ,2021-04-01,1004991,1763878880.9667797
YGMZ,2022-12-22,2551435,1763878882.7314708
YGMZ,2023-04-28,153665,1763878883.8184547
YGMZ,2023-05-02,1377789,1763878885.108922
YGMZ,2023-10-16,6537956,1763878888.0696852
YGMZ,2024-02-12,149021,1763878889.1443415
YGMZ,2024-03-04,976126,1763878890.846425
YGMZ,2024-03-06,340267,1763878892.1163428
YGMZ,2024-06-03,4223682,1763878895.003168
YGMZ,2024-10-21,84585,1763878896.603742
YHC,2024-12-18,262312,1763878898.6101363
YHC,2024-12-26,559362,1763878899.7643385
YI,2021-01-22,1901957,1763878901.2554576
YI,2021-02-09,1014957,1763878904.334123
YI,2021-02-10,2464177,1763878906.8116393
YI,2021-02-11,6978986,1763878913.0453196
YI,2021-02-16,1500396,1763878914.7817223
YI,2021-08-24,710104,1763878916.00111
YI,2022-03-18,536705,1763878917.5229645
YI,2024-09-30,371525,1763878918.9987485
YI,2024-11-27,201902,1763878920.0687344
YIBO,2024-07-26,115821,1763878921.1099823
YIBO,2024-07-29,10743943,1763878927.3707552
YIBO,2024-08-30,199911,1763878929.4562504
YIBO,2024-10-07,49429,1763878930.7455292
YIBO,2024-10-08,95959,1763878932.3451078
YIBO,2024-12-04,112896,1763878933.6444895
YJ,2020-11-24,15901625,1763878941.5874012
YJ,2020-11-25,21615468,1763878950.7205894
YJ,2021-02-04,622831,1763878951.977688
YJ,2021-02-11,1128169,1763878953.224117
YJ,2021-12-29,152263,1763878954.2440982
YJ,2023-05-22,193829,1763878955.2561238
YJ,2023-05-24,132027,1763878956.2640302
YJ,2023-06-02,7900513,1763878959.841961
YJ,2023-06-09,2439779,1763878961.4442067
YJ,2023-08-15,124353,1763878962.4534242
YJ,2023-09-25,62386,1763878963.4477568
YJ,2024-02-16,660881,1763878964.5804582
YJ,2024-02-21,122260,1763878965.596585
YJ,2024-08-15,39285,1763878966.597169
YJ,2024-12-11,963167,1763878967.789737
YMM,2022-03-16,8369192,1763878971.577112
YMM,2022-03-18,8388737,1763878975.2643523
YOU,2021-07-01,11716769,1763878979.5665228
YPF,2023-11-20,8110936,1763878982.8931222
YQ,2020-12-09,7426925,1763878986.1492126
YQ,2021-01-20,3345693,1763878988.2380104
YQ,2021-07-27,3442573,1763878990.2134056
YQ,2022-03-16,238749,1763878991.2514787
YQ,2022-06-08,229268,1763878992.2717917
YQ,2022-12-16,148751,1763878993.2703562
YQ,2022-12-19,378189,1763878994.3228736
YQ,2023-06-06,52852,1763878995.329294
YQ,2023-12-28,77925,1763878996.3322754
YRD,2020-03-26,515465,1763878997.417585
YRD,2021-02-10,671842,1763878998.4752069
YRD,2021-06-10,2735134,1763878999.93688
YRD,2022-08-31,446363,1763879000.988648
YRD,2022-11-14,162784,1763879002.0047848
YRD,2024-10-01,442298,1763879003.0532153
YSG,2022-03-18,2078880,1763879004.4342005
YSG,2022-04-04,2609982,1763879005.9582665
YSXT,2024-12-30,259568,1763879006.9751046
YTRA,2020-03-19,70984,1763879008.0007856
YTRA,2020-10-22,525314,1763879009.1097474
YTRA,2022-11-18,1252926,1763879010.3572862
YXT,2024-09-26,72658,1763879011.3745456
YXT,2024-11-25,260684,1763879012.3759794
YYAI,2024-04-24,921865,1763879013.5765338
YYAI,2024-10-07,404292,1763879014.6560183
YYAI,2024-10-16,315218,1763879015.7342722
YYAI,2024-11-01,458503,1763879016.7750866
YYGH,2024-04-25,3991791,1763879018.8938782
YYGH,2024-05-13,237488,1763879019.9360542
YYGH,2024-06-13,350720,1763879020.983465
YYGH,2024-09-04,394577,1763879022.0061839
YYGH,2024-09-05,2588811,1763879023.6479347
ZBAO,2024-05-31,36763,1763879024.666902
ZBAO,2024-12-06,6978468,1763879027.910517
ZBIO,2024-09-13,488901,1763879029.0106745
ZCMD,2020-03-12,26400,1763879030.0231948
ZCMD,2020-03-23,83071,1763879031.0169442
ZCMD,2020-08-04,4129156,1763879033.1772902
ZCMD,2020-11-12,3029935,1763879035.024175
ZCMD,2021-03-17,18196094,1763879043.1277826
ZCMD,2022-03-14,737319,1763879044.4123652
ZCMD,2024-02-08,51008,1763879045.4071765
ZCMD,2024-02-15,33508,1763879046.3974512
ZCMD,2024-03-12,2799911,1763879048.2350683
ZCMD,2024-04-04,3937387,1763879050.4251964
ZCMD,2024-04-19,10135829,1763879055.124211
ZCMD,2024-06-05,160616,1763879056.1998804
ZCMD,2024-08-07,6879852,1763879059.3845818
ZCMD,2024-09-30,10349903,1763879064.4630017
ZENA,2024-10-11,14010736,1763879070.778891
ZENA,2024-10-24,12712993,1763879077.0277567
ZENA,2024-11-25,21368013,1763879086.4346776
ZENA,2024-11-26,47171392,1763879106.8176312
ZENA,2024-12-12,7584357,1763879110.6880982
ZENA,2024-12-19,3647302,1763879112.8375685
ZENV,2022-03-21,118290,1763879113.8590784
ZENV,2022-07-26,178445,1763879114.9055655
ZENV,2023-04-27,47230,1763879115.8910177
ZENV,2023-05-15,247171,1763879116.9251344
ZENV,2024-02-06,1177681,1763879118.1851976
ZENV,2024-02-07,1496352,1763879119.5247717
ZENV,2024-05-20,135118,1763879120.5225582
ZENV,2024-11-19,175850,1763879121.5414588
ZEO,2024-03-15,925461,1763879122.707554
ZEO,2024-07-15,198477,1763879123.7347147
ZEO,2024-08-22,57146,1763879124.864269
ZEO,2024-08-29,38094,1763879125.873775
ZEO,2024-09-19,16445166,1763879133.1382577
ZEO,2024-12-05,443481,1763879134.2927625
ZEO,2024-12-09,14231290,1763879140.789709
ZEO,2024-12-20,414650,1763879141.9502614
ZEO,2024-12-26,185435,1763879142.9397962
ZEPP,2022-03-16,200994,1763879143.9482007
ZETA,2021-10-05,2707397,1763879145.554497
ZH,2022-03-16,9335025,1763879149.348809
ZH,2022-03-18,8270914,1763879152.7974844
ZH,2022-11-15,1947656,1763879154.2743535
ZH,2022-12-02,2799132,1763879155.8552477
ZH,2023-02-07,2636457,1763879157.4366486
ZIONP,2020-03-20,12616,1763879158.4232202
ZIONP,2020-03-24,18160,1763879159.4397285
ZJK,2024-10-07,262594,1763879160.4802382
ZJK,2024-12-03,18082473,1763879168.2976344
ZJK,2024-12-06,6491874,1763879171.3999634
ZJYL,2023-06-12,4416697,1763879173.9810777
ZJYL,2023-11-21,180045,1763879175.0218267
ZJYL,2023-12-18,652148,1763879176.1711864
ZJYL,2023-12-19,1834119,1763879177.621802
ZJYL,2023-12-22,617737,1763879178.721063
ZJYL,2023-12-28,533431,1763879179.818673
ZJYL,2023-12-29,765561,1763879180.958009
ZJYL,2024-01-16,204661,1763879181.946764
ZJYL,2024-01-23,343742,1763879182.984631
ZJYL,2024-01-24,458214,1763879184.0797248
ZJYL,2024-01-25,323890,1763879185.1647773
ZJYL,2024-01-31,274531,1763879186.2058756
ZJYL,2024-02-08,1933622,1763879187.6285386
ZJYL,2024-02-13,1422694,1763879188.993612
ZJYL,2024-03-04,429509,1763879190.0638578
ZJYL,2024-04-16,600271,1763879191.148986
ZJYL,2024-07-16,469231,1763879192.2533915
ZJYL,2024-08-08,287383,1763879193.2834954
ZJYL,2024-09-20,310507,1763879194.301698
ZJYL,2024-12-26,312924,1763879195.2999725
ZKIN,2020-02-11,201085,1763879196.3134735
ZKIN,2020-03-26,79667,1763879197.3482664
ZKIN,2020-05-11,826973,1763879198.540529
ZKIN,2020-06-12,1151610,1763879199.8122942
ZKIN,2020-11-25,5750915,1763879202.671335
ZKIN,2021-02-03,780702,1763879203.8518713
ZKIN,2021-02-16,512618,1763879204.8579905
ZKIN,2021-02-22,2474592,1763879206.4663682
ZKIN,2021-03-01,1092763,1763879207.704738
ZKIN,2021-03-15,2223407,1763879209.2717862
ZKIN,2021-03-19,21770207,1763879219.2732792
ZKIN,2021-03-24,9148392,1763879223.509442
ZKIN,2022-05-31,335700,1763879224.5958638
ZKIN,2022-08-09,2149790,1763879226.1429193
ZKIN,2023-01-04,45646,1763879227.1673489
ZKIN,2023-01-12,88722,1763879228.158351
ZKIN,2023-04-28,54261,1763879229.1618547
ZKIN,2023-09-18,56245,1763879230.1530936
ZKIN,2023-11-15,57764,1763879231.137911
ZKIN,2024-05-07,630675,1763879232.3018997
ZKIN,2024-12-10,85744,1763879233.3267975
ZLAB,2022-03-16,2489099,1763879235.1090424
ZLAB,2023-01-05,3192110,1763879237.188511
ZM,2020-09-01,54335746,1763879259.2256384
ZNTL,2024-06-20,2663692,1763879261.3163457
ZNTL,2024-09-16,12156007,1763879266.6968741
ZOOZ,2024-05-29,49602,1763879267.7562368
ZSPC,2024-12-09,755061,1763879268.9101915
ZSPC,2024-12-26,385942,1763879269.9034872
ZTEK,2022-03-23,3579003,1763879271.90932
ZTEK,2024-11-15,84090,1763879272.9360797
ZUMZ,2020-03-13,1192070,1763879274.2015865
ZURA,2023-03-22,2924655,1763879276.0739508
ZURA,2023-05-05,166167,1763879277.090817
ZURA,2023-05-10,130802,1763879278.1089125
ZURA,2023-05-11,3492445,1763879280.0540743
ZURA,2023-05-24,5106896,1763879282.859828
ZURA,2023-06-06,3186031,1763879284.885959
ZURA,2023-06-20,571631,1763879285.9386
ZURA,2024-03-25,1811741,1763879287.399402
ZURA,2024-04-26,481403,1763879288.5015016
ZVIA,2022-07-06,726416,1763879289.5687096
ZVIA,2022-08-11,308022,1763879290.584638
ZVIA,2024-06-05,263358,1763879291.5934083
ZVIA,2024-11-08,489548,1763879292.6612682
ZVIA,2024-11-11,627295,1763879293.7702796
ZVIA,2024-12-02,498214,1763879294.8115888
ZVRA,2024-07-31,1750363,1763879296.3273377
ZVRA,2024-08-05,3548349,1763879298.5511494
ZYME,2022-04-29,10393900,1763879302.792554
ZYME,2022-12-19,2528406,1763879304.87445
