dest_dir,ticker,date,schema_ok,n_trades,unit_guess,unit_ok,pct_whole_second,granularity_ok,rows_ok,min_ts,max_ts,error,PASS
ACFN_2023-02-23_36.13,ACFN,2023-02-23,True,12,ns,True,0.0,True,True,1677077994993000000,1677184462396000000,,True
ACON_2022-04-27_65.31,ACON,2022-04-27,True,44029,ns,True,0.0013854504985350564,True,True,1650960007920000000,1651103995327000000,,True
ACON_2022-05-04_45.93,ACON,2022-05-04,True,87793,ns,True,0.0012073855546569773,True,True,1651565022141000000,1651708796219000000,,True
ACON_2022-06-22_35.12,ACON,2022-06-22,True,1270,ns,True,0.0007874015748031496,True,True,1655818200261000000,1655939248545000000,,True
ACON_2022-07-12_31.36,ACON,2022-07-12,True,3526,ns,True,0.0008508224617129892,True,True,1657526620038000000,1657670381179000000,,True
ACON_2022-08-02_66.51,ACON,2022-08-02,True,11822,ns,True,0.0009304686178311623,True,True,1659341588612000000,1659484104258000000,,True
ACON_2022-08-18_100.68,ACON,2022-08-18,True,13915,ns,True,0.0005030542579949694,True,True,1660734846643000000,1660867178110000000,,True
ACON_2022-08-22_72.40,ACON,2022-08-22,True,12047,ns,True,0.0015771561384577072,True,True,1660896003486000000,1661212669142000000,,True
ACON_2022-12-23_34.02,ACON,2022-12-23,True,304,ns,True,0.0,True,True,1671714003498000000,1671829200846000000,,True
ACON_2022-12-29_36.84,ACON,2022-12-29,True,288,ns,True,0.0,True,True,1672234239530000000,1672359116070000000,,True
ACON_2023-01-11_66.65,ACON,2023-01-11,True,1560,ns,True,0.000641025641025641,True,True,1673361003468000000,1673484368026000000,,True
ACON_2023-02-06_41.17,ACON,2023-02-06,True,486,ns,True,0.00411522633744856,True,True,1675434911601000000,1675730999431000000,,True
ACON_2023-03-17_39.70,ACON,2023-03-17,True,425,ns,True,0.0,True,True,1678973400859000000,1679083200891000000,,True
ACON_2023-04-24_220.31,ACON,2023-04-24,True,295071,ns,True,0.0007150821327748237,True,True,1682071299704000000,1682380799008000000,,True
ACON_2023-05-30_157.63,ACON,2023-05-30,True,155874,ns,True,0.001000808345201894,True,True,1685446288441000000,1685491196966000000,,True
ACON_2023-06-08_53.85,ACON,2023-06-08,True,109737,ns,True,0.0008201427048306405,True,True,1686125463596000000,1686268793595000000,,True
ACON_2023-10-02_38.25,ACON,2023-10-02,True,440,ns,True,0.0,True,True,1695988801216000000,1696290516514000000,,True
ACON_2023-10-25_52.17,ACON,2023-10-25,True,2971,ns,True,0.0006731740154830024,True,True,1698135080522000000,1698276515508000000,,True
ACON_2023-12-19_31.15,ACON,2023-12-19,True,15825,ns,True,0.0009478672985781991,True,True,1702909267378000000,1703033998324000000,,True
ACON_2023-12-20_59.45,ACON,2023-12-20,True,149426,ns,True,0.0011577637091269256,True,True,1702978860508000000,1703120387665000000,,True
ACON_2024-01-04_46.23,ACON,2024-01-04,True,54680,ns,True,0.0008046817849305047,True,True,1704272462695000000,1704416396141000000,,True
ACON_2024-01-05_40.45,ACON,2024-01-05,True,47487,ns,True,0.0007791606123781245,True,True,1704376800001000000,1704502789391000000,,True
ADTX_2020-08-06_143.77,ADTX,2020-08-06,True,391869,ns,True,0.0009161224797062283,True,True,1596614400056000000,1596758397269000000,,True
ADTX_2020-12-11_38.91,ADTX,2020-12-11,True,50291,ns,True,0.0015708576087172656,True,True,1607591155047000000,1607734786616000000,,True
ADTX_2021-01-21_157.85,ADTX,2021-01-21,True,396168,ns,True,0.0008986086710688395,True,True,1611134795903000000,1611277197818000000,,True
ADTX_2021-02-11_36.34,ADTX,2021-02-11,True,51854,ns,True,0.0011763798356925212,True,True,1612948856239000000,1613091566353000000,,True
ADTX_2021-08-25_99.49,ADTX,2021-08-25,True,502282,ns,True,0.0010093931297557946,True,True,1629804203638000000,1629935998910000000,,True
ADTX_2021-10-05_39.49,ADTX,2021-10-05,True,219992,ns,True,0.0006727517364267791,True,True,1633334966302000000,1633478390741000000,,True
ADTX_2021-11-04_47.83,ADTX,2021-11-04,True,45372,ns,True,0.0010358811601868993,True,True,1635926598700000000,1636070394310000000,,True
ADTX_2022-06-14_57.75,ADTX,2022-06-14,True,7367,ns,True,0.0009501832496267137,True,True,1655107994072000000,1655250973472000000,,True
ADTX_2022-06-29_84.49,ADTX,2022-06-29,True,18444,ns,True,0.0003795272175233138,True,True,1656404846019000000,1656547185708000000,,True
ADTX_2022-07-08_115.00,ADTX,2022-07-08,True,139097,ns,True,0.0008914642299977714,True,True,1657180801805000000,1657324799394000000,,True
ADTX_2022-09-09_57.14,ADTX,2022-09-09,True,21335,ns,True,0.0010780407780642137,True,True,1662624437718000000,1662767969386000000,,True
ADTX_2022-09-13_133.39,ADTX,2022-09-13,True,210446,ns,True,0.0007888009275538618,True,True,1662969600028000000,1663113599935000000,,True
ADTX_2022-09-14_54.00,ADTX,2022-09-14,True,299632,ns,True,0.0010012281732258237,True,True,1663056001747000000,1663199998691000000,,True
ADTX_2022-09-26_36.47,ADTX,2022-09-26,True,106719,ns,True,0.0008995586540353639,True,True,1663920326075000000,1664236788222000000,,True
ADTX_2022-09-29_34.64,ADTX,2022-09-29,True,89399,ns,True,0.001029094285170975,True,True,1664352000029000000,1664495988800000000,,True
ADTX_2022-10-07_35.05,ADTX,2022-10-07,True,141093,ns,True,0.0009639032411246482,True,True,1665043202968000000,1665187199812000000,,True
ADTX_2023-01-03_60.23,ADTX,2023-01-03,True,6595,ns,True,0.00030326004548900684,True,True,1672738563587000000,1672793919332000000,,True
ADTX_2023-04-20_122.09,ADTX,2023-04-20,True,100088,ns,True,0.001138997682039805,True,True,1681903046165000000,1682035189738000000,,True
ADTX_2023-08-17_62.94,ADTX,2023-08-17,True,56120,ns,True,0.0010869565217391304,True,True,1692190619654000000,1692316781626000000,,True
ADTX_2023-08-18_65.89,ADTX,2023-08-18,True,128284,ns,True,0.0009120389136603161,True,True,1692274375987000000,1692403152373000000,,True
ADTX_2023-08-23_44.46,ADTX,2023-08-23,True,11476,ns,True,0.0009585221331474381,True,True,1692691601162000000,1692835178107000000,,True
ADTX_2023-08-29_34.12,ADTX,2023-08-29,True,4327,ns,True,0.0013866420152530623,True,True,1693209756793000000,1693352719454000000,,True
ADTX_2023-08-30_57.13,ADTX,2023-08-30,True,6518,ns,True,0.00046026388462718626,True,True,1693296011426000000,1693439858161000000,,True
ADTX_2023-08-31_594.69,ADTX,2023-08-31,True,55709,ns,True,0.0008795706259311781,True,True,1693384814409000000,1693526399550000000,,True
ADTX_2023-09-28_84.05,ADTX,2023-09-28,True,11238,ns,True,0.000800854244527496,True,True,1695801604792000000,1695945550360000000,,True
ADTX_2023-10-18_30.52,ADTX,2023-10-18,True,5283,ns,True,0.0005678591709256105,True,True,1697533620183000000,1697673001301000000,,True
ADTX_2023-11-14_67.87,ADTX,2023-11-14,True,11584,ns,True,0.0012948895027624309,True,True,1699867206094000000,1700009657428000000,,True
ADTX_2023-11-30_51.43,ADTX,2023-11-30,True,84503,ns,True,0.0007692034602321811,True,True,1701262683194000000,1701392384881000000,,True
ADTX_2023-12-12_150.00,ADTX,2023-12-12,True,310172,ns,True,0.0010832699276530442,True,True,1702285497449000000,1702429177286000000,,True
ADTX_2023-12-29_75.73,ADTX,2023-12-29,True,208411,ns,True,0.0011563689056719654,True,True,1703760086396000000,1703897981783000000,,True
ADTX_2024-04-02_71.38,ADTX,2024-04-02,True,99192,ns,True,0.0008367610291152512,True,True,1711958402783000000,1712102229787000000,,True
ADTX_2024-07-17_70.01,ADTX,2024-07-17,True,156696,ns,True,0.0009381222239240312,True,True,1721131201158000000,1721260794629000000,,True
ADTX_2024-07-23_36.43,ADTX,2024-07-23,True,9263,ns,True,0.0012954766274425131,True,True,1721635393922000000,1721779110255000000,,True
ADTX_2024-08-07_114.64,ADTX,2024-08-07,True,316045,ns,True,0.0010631397427581515,True,True,1722931525818000000,1723075179580000000,,True
ADTX_2024-10-15_69.08,ADTX,2024-10-15,True,108270,ns,True,0.0011729934423201256,True,True,1728892800002000000,1729036799158000000,,True
ADXN_2020-06-17_64.56,ADXN,2020-06-17,True,63,ns,True,0.0,True,True,1592400600753000000,1592431145073000000,,True
ADXN_2020-07-24_64.29,ADXN,2020-07-24,True,337,ns,True,0.002967359050445104,True,True,1595512569373000000,1595620800349000000,,True
ADXN_2020-08-07_222.83,ADXN,2020-08-07,True,476,ns,True,0.0021008403361344537,True,True,1596710978693000000,1596844551811000000,,True
ADXN_2020-09-04_30.64,ADXN,2020-09-04,True,241,ns,True,0.004149377593360996,True,True,1599136433796000000,1599249600454000000,,True
ADXN_2020-12-11_30.90,ADXN,2020-12-11,True,183,ns,True,0.0,True,True,1607590815779000000,1607720400377000000,,True
AEHL_2022-02-01_30.97,AEHL,2022-02-01,True,559,ns,True,0.0,True,True,1643633022851000000,1643761620871000000,,True
AEHL_2022-08-02_36.00,AEHL,2022-08-02,True,835,ns,True,0.0,True,True,1659360601002000000,1659484783884000000,,True
AEMD_2020-03-17_30.08,AEMD,2020-03-17,True,2608,ns,True,0.0003834355828220859,True,True,1584351946031000000,1584486870573000000,,True
AHT_2020-03-19_157.31,AHT,2020-03-19,True,10169,ns,True,0.0012783951224309175,True,True,1584533645724000000,1584662172149000000,,True
AIHS_2020-03-11_31.26,AIHS,2020-03-11,True,272,ns,True,0.0,True,True,1583844191724000000,1583959601416000000,,True
AIHS_2020-03-20_67.70,AIHS,2020-03-20,True,350,ns,True,0.0,True,True,1584609276970000000,1584741304504000000,,True
AIMD_2022-01-04_44.66,AIMD,2022-01-04,True,17,ns,True,0.0,True,True,1641230198139000000,1641324243081000000,,True
AIMD_2022-01-14_31.99,AIMD,2022-01-14,True,52,ns,True,0.0,True,True,1642093671524000000,1642193895468000000,,True
AIMD_2022-03-10_83.78,AIMD,2022-03-10,True,4,ns,True,0.0,True,True,1646938321234000000,1646945274573000000,,True
AIMD_2022-04-19_30.15,AIMD,2022-04-19,True,21,ns,True,0.0,True,True,1650288611222000000,1650396922569000000,,True
AIMD_2022-04-29_30.00,AIMD,2022-04-29,True,5,ns,True,0.0,True,True,1651161534538000000,1651262430507000000,,True
AIMD_2022-05-16_62.76,AIMD,2022-05-16,True,6,ns,True,0.0,True,True,1652448600386000000,1652730206968000000,,True
AIMD_2022-05-18_57.52,AIMD,2022-05-18,True,8,ns,True,0.0,True,True,1652799514828000000,1652902357640000000,,True
AIMD_2022-05-19_79.96,AIMD,2022-05-19,True,9,ns,True,0.0,True,True,1652886326880000000,1652967318928000000,,True
AIMD_2022-05-23_179.03,AIMD,2022-05-23,True,37,ns,True,0.0,True,True,1653060612704000000,1653334652672000000,,True
AIMD_2022-05-27_192.94,AIMD,2022-05-27,True,9,ns,True,0.0,True,True,1653578527326000000,1653679232140000000,,True
AIMD_2022-06-01_64.76,AIMD,2022-06-01,True,5,ns,True,0.0,True,True,1654003809799000000,1654112641397000000,,True
AIMD_2022-06-02_51.72,AIMD,2022-06-02,True,12,ns,True,0.0,True,True,1654091760344000000,1654194552410000000,,True
AIMD_2022-06-22_40.85,AIMD,2022-06-22,True,20,ns,True,0.0,True,True,1655821380521000000,1655927894676000000,,True
AIMD_2022-06-30_182.81,AIMD,2022-06-30,True,19,ns,True,0.0,True,True,1656510927665000000,1656601636676000000,,True
AIMD_2022-07-05_107.33,AIMD,2022-07-05,True,45,ns,True,0.0,True,True,1657031124568000000,1657051036345000000,,True
AIMD_2022-07-07_32.32,AIMD,2022-07-07,True,51,ns,True,0.0196078431372549,True,True,1657117477617000000,1657223860927000000,,True
AIMD_2022-07-14_55.62,AIMD,2022-07-14,True,20,ns,True,0.0,True,True,1657721146650000000,1657828691548000000,,True
AIMD_2022-07-18_40.00,AIMD,2022-07-18,True,83,ns,True,0.0,True,True,1657891809873000000,1658174326087000000,,True
AIMD_2022-08-04_53.85,AIMD,2022-08-04,True,419,ns,True,0.0,True,True,1659533574586000000,1659643096984000000,,True
AKAN_2022-03-21_55.14,AKAN,2022-03-21,True,20853,ns,True,0.0009111398839495516,True,True,1647590487912000000,1647904165235000000,,True
AKAN_2022-06-14_35.10,AKAN,2022-06-14,True,2810,ns,True,0.002491103202846975,True,True,1655113848717000000,1655250032873000000,,True
AKAN_2022-12-28_32.42,AKAN,2022-12-28,True,1047,ns,True,0.0009551098376313276,True,True,1672134730112000000,1672272579475000000,,True
ALF_2024-08-01_8927.90,ALF,2024-08-01,True,61,ns,True,0.0,True,True,1722519000709000000,1722542402031000000,,True
ALLR_2021-12-22_42.38,ALLR,2021-12-22,True,3873,ns,True,0.0023237800154918666,True,True,1640097052455000000,1640219290301000000,,True
ALLR_2022-03-21_34.72,ALLR,2022-03-21,True,3819,ns,True,0.0015710919088766694,True,True,1647610202316000000,1647907163606000000,,True
ALLR_2022-05-20_46.34,ALLR,2022-05-20,True,3077,ns,True,0.0006499837504062399,True,True,1652967001854000000,1653091145363000000,,True
ALLR_2022-05-27_60.19,ALLR,2022-05-27,True,12199,ns,True,0.0007377653906057873,True,True,1653571468818000000,1653695989582000000,,True
ALLR_2022-07-27_37.07,ALLR,2022-07-27,True,3707,ns,True,0.0016185594820609657,True,True,1658842201127000000,1658963271789000000,,True
ALLR_2022-08-18_88.71,ALLR,2022-08-18,True,23166,ns,True,0.0013381680048346715,True,True,1660743002268000000,1660867175610000000,,True
ALLR_2022-11-02_38.89,ALLR,2022-11-02,True,1890,ns,True,0.0005291005291005291,True,True,1667300431101000000,1667432641959000000,,True
ALLR_2022-12-16_409.43,ALLR,2022-12-16,True,56194,ns,True,0.0009965476741289107,True,True,1671114601943000000,1671238793825000000,,True
ALLR_2022-12-29_58.55,ALLR,2022-12-29,True,8981,ns,True,0.0008907694020710388,True,True,1672232402487000000,1672361975227000000,,True
ALLR_2022-12-30_69.86,ALLR,2022-12-30,True,22843,ns,True,0.0006128792190167666,True,True,1672305308990000000,1672448399046000000,,True
ALLR_2023-01-23_85.15,ALLR,2023-01-23,True,68563,ns,True,0.0009480331957469773,True,True,1674213810987000000,1674521999329000000,,True
ALLR_2023-03-20_118.10,ALLR,2023-03-20,True,78072,ns,True,0.001139973357926017,True,True,1679054401026000000,1679356787412000000,,True
ALLR_2023-04-03_44.05,ALLR,2023-04-03,True,6502,ns,True,0.001076591817902184,True,True,1680252748751000000,1680566372685000000,,True
ALLR_2023-04-14_254.13,ALLR,2023-04-14,True,78302,ns,True,0.0008684324793747286,True,True,1681373000298000000,1681516798326000000,,True
ALLR_2023-06-12_61.79,ALLR,2023-06-12,True,11905,ns,True,0.0018479630407391852,True,True,1686297806751000000,1686614379204000000,,True
ALMU_2023-02-22_42.86,ALMU,2023-02-22,True,2,ns,True,0.0,True,True,1677081249447000000,1677097689511000000,,True
ALMU_2023-03-20_99.00,ALMU,2023-03-20,True,12,ns,True,0.0,True,True,1679059819773000000,1679336078643000000,,True
ALVOW_2024-06-20_30.00,ALVOW,2024-06-20,True,34,ns,True,0.0,True,True,1718891830952000000,1718913731728000000,,True
AMPGW_2021-08-26_33.94,AMPGW,2021-08-26,True,16,ns,True,0.0,True,True,1629914607450000000,1630008000413000000,,True
AMPGW_2022-01-03_32.01,AMPGW,2022-01-03,True,26,ns,True,0.0,True,True,1640979324553000000,1641243600163000000,,True
AMPGW_2022-03-28_43.75,AMPGW,2022-03-28,True,22,ns,True,0.0,True,True,1648225091660000000,1648497600823000000,,True
AMPGW_2022-04-18_39.37,AMPGW,2022-04-18,True,2,ns,True,0.0,True,True,1650310686091000000,1650312000111000000,,True
APVO_2020-02-28_49.40,APVO,2020-02-28,True,6998,ns,True,0.0005715918833952558,True,True,1582812517890000000,1582937932270000000,,True
APVO_2020-03-11_55.02,APVO,2020-03-11,True,18010,ns,True,0.000999444752915047,True,True,1583845149615000000,1583971028000000000,,True
APVO_2020-03-16_35.49,APVO,2020-03-16,True,5171,ns,True,0.0009669309611293754,True,True,1584088051175000000,1584402792869000000,,True
APVO_2020-05-11_45.47,APVO,2020-05-11,True,10479,ns,True,0.0007634316251550721,True,True,1588926675824000000,1589240839776000000,,True
APVO_2020-06-25_104.00,APVO,2020-06-25,True,182856,ns,True,0.0012578203613772586,True,True,1593003486296000000,1593129597367000000,,True
APVO_2020-11-03_81.27,APVO,2020-11-03,True,186317,ns,True,0.0010305017792257283,True,True,1604323356082000000,1604451598863000000,,True
APVO_2020-11-04_61.89,APVO,2020-11-04,True,367176,ns,True,0.0011220776957099592,True,True,1604412089502000000,1604537999442000000,,True
APVO_2020-11-05_55.48,APVO,2020-11-05,True,353897,ns,True,0.0011867859857529169,True,True,1604480400040000000,1604624396986000000,,True
APVO_2020-11-06_36.91,APVO,2020-11-06,True,236091,ns,True,0.0013723521862332745,True,True,1604566808554000000,1604710799969000000,,True
APVO_2020-11-09_153.16,APVO,2020-11-09,True,151263,ns,True,0.001401532430270456,True,True,1604653200537000000,1604969989799000000,,True
APVO_2020-11-10_55.26,APVO,2020-11-10,True,127145,ns,True,0.0011561602894333241,True,True,1604912427381000000,1605056390533000000,,True
APVO_2020-11-19_33.60,APVO,2020-11-19,True,13228,ns,True,0.00725733293014817,True,True,1605696842423000000,1605833898646000000,,True
APVO_2022-03-24_37.40,APVO,2022-03-24,True,27524,ns,True,0.001525940996948118,True,True,1648023575237000000,1648166386450000000,,True
APVO_2022-12-12_107.30,APVO,2022-12-12,True,220261,ns,True,0.0010669160677559803,True,True,1670581310207000000,1670893198833000000,,True
APVO_2023-10-12_54.33,APVO,2023-10-12,True,12598,ns,True,0.000555643752976663,True,True,1697026407995000000,1697155191451000000,,True
APVO_2024-03-13_39.04,APVO,2024-03-13,True,3601,ns,True,0.0013885031935573452,True,True,1710233622492000000,1710374343050000000,,True
APVO_2024-04-08_34.16,APVO,2024-04-08,True,7555,ns,True,0.0006618133686300463,True,True,1712323071499000000,1712620179878000000,,True
AREB_2022-02-08_90.05,AREB,2022-02-08,True,89458,ns,True,0.0009166312683046793,True,True,1644239570759000000,1644368390382000000,,True
AREB_2022-02-10_77.67,AREB,2022-02-10,True,288551,ns,True,0.0010916614393989277,True,True,1644397207492000000,1644541197089000000,,True
AREB_2022-03-01_33.83,AREB,2022-03-01,True,54870,ns,True,0.0016037907782030254,True,True,1646038800050000000,1646182728442000000,,True
AREB_2022-03-09_46.09,AREB,2022-03-09,True,23378,ns,True,0.0006416288818547352,True,True,1646730325266000000,1646873995798000000,,True
AREB_2022-03-16_76.39,AREB,2022-03-16,True,63841,ns,True,0.0012531132031139863,True,True,1647333509257000000,1647475199125000000,,True
AREB_2022-07-07_105.28,AREB,2022-07-07,True,129672,ns,True,0.0008791412178419396,True,True,1657109418892000000,1657238384243000000,,True
AREB_2022-08-03_113.17,AREB,2022-08-03,True,19877,ns,True,0.0005030940282738844,True,True,1659427231010000000,1659571195640000000,,True
AREB_2022-09-12_32.92,AREB,2022-09-12,True,4601,ns,True,0.0019560965007607042,True,True,1662710688574000000,1663027196746000000,,True
AREB_2022-09-13_30.81,AREB,2022-09-13,True,17335,ns,True,0.0016152293048745314,True,True,1662984542265000000,1663113542679000000,,True
AREB_2022-10-17_32.12,AREB,2022-10-17,True,4563,ns,True,0.00021915406530791147,True,True,1665734901853000000,1666051163035000000,,True
AREB_2022-10-20_49.09,AREB,2022-10-20,True,52646,ns,True,0.0011966721118413554,True,True,1666166400036000000,1666310391325000000,,True
AREB_2022-12-23_34.23,AREB,2022-12-23,True,2476,ns,True,0.0008077544426494346,True,True,1671703075046000000,1671842793375000000,,True
AREB_2023-04-06_41.90,AREB,2023-04-06,True,2892,ns,True,0.0024204702627939143,True,True,1680695283716000000,1680825587820000000,,True
AREB_2023-04-10_41.50,AREB,2023-04-10,True,10670,ns,True,0.0008434864104967198,True,True,1681113789348000000,1681171176106000000,,True
AREB_2023-04-18_46.44,AREB,2023-04-18,True,4226,ns,True,0.002602934216753431,True,True,1681720521692000000,1681861547985000000,,True
AREB_2023-04-26_51.99,AREB,2023-04-26,True,5085,ns,True,0.0007866273352999017,True,True,1682416697062000000,1682553574526000000,,True
AREB_2023-06-26_32.43,AREB,2023-06-26,True,25093,ns,True,0.0009962937871119436,True,True,1687510092527000000,1687823998777000000,,True
ASNS_2022-10-11_30.26,ASNS,2022-10-11,True,185,ns,True,0.0,True,True,1665408601395000000,1665519620515000000,,True
ASNS_2023-01-17_34.01,ASNS,2023-01-17,True,243,ns,True,0.0,True,True,1673965800872000000,1673995085280000000,,True
ASNS_2023-03-13_31.71,ASNS,2023-03-13,True,236,ns,True,0.0,True,True,1678457855020000000,1678737600553000000,,True
ASTI_2022-01-03_68.00,ASTI,2022-01-03,True,1040,ns,True,0.0,True,True,1640963393874000000,1641243597224000000,,True
ASTI_2022-01-04_66.67,ASTI,2022-01-04,True,1818,ns,True,0.0,True,True,1641220200171000000,1641329993081000000,,True
ASTI_2022-08-17_122.35,ASTI,2022-08-17,True,1200,ns,True,0.0,True,True,1660656600089000000,1660766390410000000,,True
ASTI_2022-08-23_32.30,ASTI,2022-08-23,True,547,ns,True,0.0,True,True,1661175000459000000,1661284779012000000,,True
ASTI_2022-10-20_129.85,ASTI,2022-10-20,True,25597,ns,True,0.0014064148142360433,True,True,1666175762946000000,1666310395761000000,,True
ASTI_2022-10-21_34.38,ASTI,2022-10-21,True,35028,ns,True,0.001056297818887747,True,True,1666267254303000000,1666396759225000000,,True
ASTI_2022-11-07_30.49,ASTI,2022-11-07,True,2468,ns,True,0.0008103727714748784,True,True,1667567991778000000,1667866603886000000,,True
ASTI_2023-04-20_32.01,ASTI,2023-04-20,True,19012,ns,True,0.0015253524090048391,True,True,1681897803185000000,1682035159148000000,,True
AUUD_2022-11-10_48.15,AUUD,2022-11-10,True,568,ns,True,0.0,True,True,1668004200485000000,1668127486084000000,,True
AVTX_2022-05-17_31.98,AVTX,2022-05-17,True,3411,ns,True,0.003518029903254178,True,True,1652698800088000000,1652828080468000000,,True
AVTX_2022-06-03_46.62,AVTX,2022-06-03,True,5721,ns,True,0.0005243838489774515,True,True,1654171218121000000,1654300785076000000,,True
AVTX_2022-08-12_30.83,AVTX,2022-08-12,True,2553,ns,True,0.005483744614179397,True,True,1660215401114000000,1660345900656000000,,True
AVTX_2023-04-10_45.60,AVTX,2023-04-10,True,984,ns,True,0.0,True,True,1681133401880000000,1681169229546000000,,True
AVTX_2023-04-11_37.39,AVTX,2023-04-11,True,1968,ns,True,0.0,True,True,1681133401880000000,1681257534323000000,,True
AVTX_2023-06-07_30.23,AVTX,2023-06-07,True,578,ns,True,0.0,True,True,1686058135873000000,1686182035493000000,,True
AVTX_2023-06-15_32.07,AVTX,2023-06-15,True,1483,ns,True,0.0006743088334457181,True,True,1686740400033000000,1686871639297000000,,True
BBLG_2022-03-09_48.84,BBLG,2022-03-09,True,4935,ns,True,0.0,True,True,1646732922833000000,1646873965072000000,,True
BBLG_2022-03-17_31.43,BBLG,2022-03-17,True,1469,ns,True,0.0,True,True,1647437401344000000,1647561094890000000,,True
BBLG_2022-08-04_33.58,BBLG,2022-08-04,True,656,ns,True,0.0,True,True,1659528643742000000,1659657472635000000,,True
BBLG_2022-09-21_32.38,BBLG,2022-09-21,True,1597,ns,True,0.0,True,True,1663680601364000000,1663803829452000000,,True
BBLG_2022-11-15_31.12,BBLG,2022-11-15,True,1505,ns,True,0.000664451827242525,True,True,1668431210902000000,1668558118169000000,,True
BBLG_2022-12-27_61.90,BBLG,2022-12-27,True,2308,ns,True,0.0012998266897746968,True,True,1672148163375000000,1672185031971000000,,True
BBLGW_2022-02-02_30.95,BBLGW,2022-02-02,True,29,ns,True,0.0,True,True,1643730817862000000,1643835601116000000,,True
BBLGW_2022-03-04_35.19,BBLGW,2022-03-04,True,21,ns,True,0.0,True,True,1646406541015000000,1646427600929000000,,True
BBLGW_2022-03-16_50.75,BBLGW,2022-03-16,True,8,ns,True,0.0,True,True,1647460373527000000,1647472050780000000,,True
BBLGW_2022-05-23_59.87,BBLGW,2022-05-23,True,54,ns,True,0.0,True,True,1653053400503000000,1653336000526000000,,True
BBLGW_2022-06-16_37.98,BBLGW,2022-06-16,True,27,ns,True,0.0,True,True,1655308636660000000,1655409600348000000,,True
BBLGW_2022-09-29_60.66,BBLGW,2022-09-29,True,20,ns,True,0.0,True,True,1664469785497000000,1664481600980000000,,True
BBLGW_2022-11-18_33.64,BBLGW,2022-11-18,True,12,ns,True,0.0,True,True,1668712304227000000,1668805200972000000,,True
BBLGW_2022-11-28_48.70,BBLGW,2022-11-28,True,11,ns,True,0.0,True,True,1669647472508000000,1669669200055000000,,True
BBLGW_2022-12-12_150.00,BBLGW,2022-12-12,True,121,ns,True,0.0,True,True,1670596341887000000,1670878800334000000,,True
BBLGW_2022-12-15_61.67,BBLGW,2022-12-15,True,6,ns,True,0.0,True,True,1671135921095000000,1671138001154000000,,True
BBLGW_2022-12-23_108.89,BBLGW,2022-12-23,True,13,ns,True,0.0,True,True,1671724920699000000,1671829201140000000,,True
BBLGW_2023-01-03_135.03,BBLGW,2023-01-03,True,5,ns,True,0.0,True,True,1672758574334000000,1672779600058000000,,True
BBLGW_2023-01-19_53.39,BBLGW,2023-01-19,True,15,ns,True,0.0,True,True,1674144680312000000,1674162000327000000,,True
BBLGW_2023-01-25_60.64,BBLGW,2023-01-25,True,8,ns,True,0.0,True,True,1674663682862000000,1674680400412000000,,True
BBLGW_2023-02-01_30.25,BBLGW,2023-02-01,True,7,ns,True,0.0,True,True,1675279627766000000,1675285200117000000,,True
BBLGW_2023-03-06_31.25,BBLGW,2023-03-06,True,11,ns,True,0.0,True,True,1677872966957000000,1678136400136000000,,True
BBLGW_2023-04-11_55.00,BBLGW,2023-04-11,True,10,ns,True,0.0,True,True,1681229524986000000,1681243200203000000,,True
BBLGW_2023-09-26_30.61,BBLGW,2023-09-26,True,67,ns,True,0.0,True,True,1695647426010000000,1695758400134000000,,True
BBLGW_2024-01-22_56.41,BBLGW,2024-01-22,True,53,ns,True,0.0,True,True,1705674970844000000,1705957200128000000,,True
BBLGW_2024-03-05_58.05,BBLGW,2024-03-05,True,140,ns,True,0.0,True,True,1709562753575000000,1709672400208000000,,True
BBLGW_2024-04-18_31.63,BBLGW,2024-04-18,True,67,ns,True,0.0,True,True,1713361430627000000,1713470464814000000,,True
BBLGW_2024-07-09_61.93,BBLGW,2024-07-09,True,7,ns,True,0.0,True,True,1720537684543000000,1720555200137000000,,True
BBLGW_2024-10-21_245.45,BBLGW,2024-10-21,True,168,ns,True,0.0,True,True,1729257619332000000,1729540800242000000,,True
BCDA_2020-03-19_35.90,BCDA,2020-03-19,True,110,ns,True,0.0,True,True,1584538200778000000,1584648000671000000,,True
BCDA_2020-03-24_35.98,BCDA,2020-03-24,True,74,ns,True,0.0,True,True,1584970200919000000,1585080000485000000,,True
BDRX_2023-03-28_75.42,BDRX,2023-03-28,True,96411,ns,True,0.0008401530945638983,True,True,1679920425712000000,1680047997920000000,,True
BEAG_2024-12-16_4929900.00,BEAG,2024-12-16,True,40,ns,True,0.0,True,True,1734359675164000000,1734382800278000000,,True
BGLC_2022-01-06_73.87,BGLC,2022-01-06,True,13,ns,True,0.0,True,True,1641413992369000000,1641499919554000000,,True
BGLC_2022-01-07_71.57,BGLC,2022-01-07,True,15,ns,True,0.0,True,True,1641479707834000000,1641583917730000000,,True
BGLC_2022-03-11_34.85,BGLC,2022-03-11,True,10,ns,True,0.0,True,True,1646938506643000000,1647025673662000000,,True
BGLC_2022-12-12_38.89,BGLC,2022-12-12,True,8,ns,True,0.0,True,True,1670596243859000000,1670857238344000000,,True
BGLC_2023-02-22_72.55,BGLC,2023-02-22,True,18,ns,True,0.0,True,True,1676990050583000000,1677088108369000000,,True
BGLC_2023-02-23_43.02,BGLC,2023-02-23,True,18,ns,True,0.0,True,True,1677076569661000000,1677185937998000000,,True
BGLC_2023-03-13_146.08,BGLC,2023-03-13,True,26,ns,True,0.0,True,True,1678466109343000000,1678735514935000000,,True
BGLC_2023-04-19_62.42,BGLC,2023-04-19,True,11,ns,True,0.0,True,True,1681824687381000000,1681932593805000000,,True
BGLC_2023-05-09_49.39,BGLC,2023-05-09,True,13,ns,True,0.0,True,True,1683639001781000000,1683660181694000000,,True
BGLC_2023-05-17_31.96,BGLC,2023-05-17,True,23,ns,True,0.0,True,True,1684247117416000000,1684353507469000000,,True
BGLC_2023-05-18_89.87,BGLC,2023-05-18,True,2016,ns,True,0.000496031746031746,True,True,1684331516880000000,1684439979524000000,,True
BGLC_2023-06-07_40.21,BGLC,2023-06-07,True,33,ns,True,0.0,True,True,1686061446828000000,1686167581051000000,,True
BGLC_2023-06-20_129.18,BGLC,2023-06-20,True,75,ns,True,0.0,True,True,1687267800684000000,1687294001153000000,,True
BGLC_2023-06-29_47.06,BGLC,2023-06-29,True,32,ns,True,0.0,True,True,1687959052577000000,1688066432163000000,,True
BGLC_2023-07-03_57.92,BGLC,2023-07-03,True,19,ns,True,0.0,True,True,1688132499327000000,1688402679451000000,,True
BGLC_2023-07-05_40.40,BGLC,2023-07-05,True,141,ns,True,0.0,True,True,1688563802613000000,1688587182062000000,,True
BHAT_2020-02-06_35.20,BHAT,2020-02-06,True,2335,ns,True,0.001284796573875803,True,True,1580913000979000000,1581037167516000000,,True
BHAT_2020-03-19_41.39,BHAT,2020-03-19,True,770,ns,True,0.0012987012987012987,True,True,1584538200297000000,1584654613853000000,,True
BHAT_2020-03-23_35.67,BHAT,2020-03-23,True,2073,ns,True,0.0,True,True,1584699530260000000,1585006327951000000,,True
BHRB_2022-11-15_159.26,BHRB,2022-11-15,True,36,ns,True,0.0,True,True,1668437269847000000,1668545827891000000,,True
BIAFW_2024-11-08_51.39,BIAFW,2024-11-08,True,121,ns,True,0.0,True,True,1730989800785000000,1731099600237000000,,True
BJDX_2023-01-04_35.41,BJDX,2023-01-04,True,438,ns,True,0.0,True,True,1672744244632000000,1672878710538000000,,True
BJDX_2023-02-08_60.09,BJDX,2023-02-08,True,5652,ns,True,0.0007077140835102619,True,True,1675780200553000000,1675904370861000000,,True
BJDX_2023-06-30_44.86,BJDX,2023-06-30,True,1162,ns,True,0.0008605851979345956,True,True,1688033632920000000,1688169580970000000,,True
BNTC_2020-04-15_40.91,BNTC,2020-04-15,True,211,ns,True,0.004739336492890996,True,True,1586871001013000000,1586992521556000000,,True
BON_2022-06-02_34.08,BON,2022-06-02,True,1563,ns,True,0.0012795905310300703,True,True,1654090201280000000,1654213757777000000,,True
BON_2023-01-30_31.62,BON,2023-01-30,True,921,ns,True,0.0,True,True,1674826485287000000,1675126021368000000,,True
BTTC_2022-07-18_46.96,BTTC,2022-07-18,True,31,ns,True,0.0,True,True,1657910850457000000,1658173879051000000,,True
BTTC_2022-11-14_32.06,BTTC,2022-11-14,True,8,ns,True,0.0,True,True,1668191214023000000,1668457340566000000,,True
BTTC_2022-12-22_45.83,BTTC,2022-12-22,True,7,ns,True,0.0,True,True,1671645558104000000,1671734772155000000,,True
BTTC_2023-01-19_31.11,BTTC,2023-01-19,True,7,ns,True,0.0,True,True,1674057204262000000,1674144452781000000,,True
BTTC_2023-02-14_61.67,BTTC,2023-02-14,True,29,ns,True,0.0,True,True,1676298607078000000,1676405699534000000,,True
BTTC_2023-07-06_30.44,BTTC,2023-07-06,True,5,ns,True,0.0,True,True,1688659973527000000,1688667646226000000,,True
BTTC_2023-07-11_47.50,BTTC,2023-07-11,True,18,ns,True,0.0,True,True,1688995800491000000,1689104490985000000,,True
BTTC_2023-07-25_41.11,BTTC,2023-07-25,True,6,ns,True,0.0,True,True,1690211836486000000,1690312561213000000,,True
BTTC_2023-08-01_42.17,BTTC,2023-08-01,True,16,ns,True,0.0,True,True,1690810306691000000,1690908768149000000,,True
BTTC_2023-11-27_33.57,BTTC,2023-11-27,True,6,ns,True,0.0,True,True,1701106282393000000,1701118016285000000,,True
BTTC_2023-11-28_47.24,BTTC,2023-11-28,True,12,ns,True,0.0,True,True,1701106282393000000,1701200442386000000,,True
CALI_2024-10-10_5049999900.00,CALI,2024-10-10,True,12,ns,True,0.0,True,True,1728572442964000000,1728591300017000000,,True
CAPS_2022-04-08_46.00,CAPS,2022-04-08,True,1,ns,True,0.0,True,True,1649446071965000000,1649446071965000000,,True
CCM_2024-02-29_33.76,CCM,2024-02-29,True,152,ns,True,0.0,True,True,1709130600805000000,1709251200003000000,,True
CDT_2023-10-04_81.16,CDT,2023-10-04,True,40479,ns,True,0.0013587292176190124,True,True,1696339801351000000,1696463995978000000,,True
CDT_2023-10-30_49.52,CDT,2023-10-30,True,89917,ns,True,0.0009675589710510805,True,True,1698396404449000000,1698710387373000000,,True
CDT_2023-11-22_41.54,CDT,2023-11-22,True,2157,ns,True,0.0004636068613815484,True,True,1700558520620000000,1700701020773000000,,True
CDT_2023-11-29_120.34,CDT,2023-11-29,True,14679,ns,True,0.0008174943797261394,True,True,1701163358081000000,1701305994103000000,,True
CDT_2023-12-08_69.49,CDT,2023-12-08,True,14057,ns,True,0.0012093618837589813,True,True,1701952495125000000,1702083556082000000,,True
CDT_2023-12-20_45.93,CDT,2023-12-20,True,5695,ns,True,0.000877963125548727,True,True,1702977743393000000,1703120075418000000,,True
CDT_2024-03-11_32.55,CDT,2024-03-11,True,2194,ns,True,0.0009115770282588879,True,True,1709906783334000000,1710201593202000000,,True
CDT_2024-06-13_45.12,CDT,2024-06-13,True,4371,ns,True,0.00022878059940517045,True,True,1718193600158000000,1718316931873000000,,True
CETX_2020-01-15_133.05,CETX,2020-01-15,True,171995,ns,True,0.0008837466205412948,True,True,1579012200653000000,1579136399918000000,,True
CETX_2020-01-16_81.87,CETX,2020-01-16,True,226420,ns,True,0.0008700644819362247,True,True,1579083455919000000,1579222789180000000,,True
CETX_2020-02-05_34.62,CETX,2020-02-05,True,10299,ns,True,0.0007767744441207885,True,True,1580822015113000000,1580950792708000000,,True
CETX_2020-02-24_47.48,CETX,2020-02-24,True,31952,ns,True,0.0009076114171256885,True,True,1582281298655000000,1582592395976000000,,True
CETX_2020-03-17_37.40,CETX,2020-03-17,True,2454,ns,True,0.003667481662591687,True,True,1584356400075000000,1584488190037000000,,True
CETX_2020-05-13_45.34,CETX,2020-05-13,True,19547,ns,True,0.0007162224382258147,True,True,1589284806618000000,1589414378399000000,,True
CETX_2020-06-01_235.80,CETX,2020-06-01,True,589385,ns,True,0.001029887085691017,True,True,1590753601717000000,1591055999346000000,,True
CETX_2020-06-04_32.02,CETX,2020-06-04,True,41381,ns,True,0.0022474082308305745,True,True,1591171200965000000,1591315172312000000,,True
CETX_2020-06-09_84.73,CETX,2020-06-09,True,96578,ns,True,0.0011907473751786122,True,True,1591603200737000000,1591747189665000000,,True
CETX_2020-07-13_36.36,CETX,2020-07-13,True,24696,ns,True,0.0012147716229348883,True,True,1594368000419000000,1594684622567000000,,True
CETX_2021-01-22_30.49,CETX,2021-01-22,True,24769,ns,True,0.0013726835964310226,True,True,1611220419132000000,1611363585062000000,,True
CETX_2021-03-10_151.50,CETX,2021-03-10,True,456938,ns,True,0.0011226906057276917,True,True,1615280960550000000,1615424399605000000,,True
CETX_2021-07-12_71.77,CETX,2021-07-12,True,330867,ns,True,0.0011908108091771015,True,True,1625818974429000000,1626134396692000000,,True
CETX_2021-10-14_35.27,CETX,2021-10-14,True,111912,ns,True,0.000938237186360712,True,True,1634112825679000000,1634255983702000000,,True
CETX_2021-10-27_63.21,CETX,2021-10-27,True,117486,ns,True,0.0010980031663347122,True,True,1635235200040000000,1635379130163000000,,True
CETX_2022-05-02_56.25,CETX,2022-05-02,True,7398,ns,True,0.0012165450121654502,True,True,1651233602904000000,1651534348888000000,,True
CETX_2022-07-15_64.79,CETX,2022-07-15,True,23585,ns,True,0.00105999576001696,True,True,1657800120793000000,1657929560047000000,,True
CETX_2022-12-13_37.02,CETX,2022-12-13,True,484,ns,True,0.0,True,True,1670846427620000000,1670972932544000000,,True
CETX_2022-12-15_90.07,CETX,2022-12-15,True,7851,ns,True,0.002165329257419437,True,True,1671018175702000000,1671150905959000000,,True
CETX_2023-02-01_76.75,CETX,2023-02-01,True,13510,ns,True,0.0005921539600296077,True,True,1675160387575000000,1675299599170000000,,True
CETX_2023-02-10_41.07,CETX,2023-02-10,True,10608,ns,True,0.000942684766214178,True,True,1675934385867000000,1676077199130000000,,True
CETX_2023-09-20_33.76,CETX,2023-09-20,True,8956,ns,True,0.0013398838767306833,True,True,1695124800248000000,1695254147212000000,,True
CETX_2023-09-22_31.56,CETX,2023-09-22,True,8835,ns,True,0.002150537634408602,True,True,1695283512391000000,1695426938896000000,,True
CETX_2024-03-06_64.57,CETX,2024-03-06,True,6365,ns,True,0.0009426551453260016,True,True,1709645843586000000,1709772800030000000,,True
CETX_2024-03-20_32.17,CETX,2024-03-20,True,2577,ns,True,0.00038804811796662784,True,True,1710852842934000000,1710977484470000000,,True
CETX_2024-05-17_52.22,CETX,2024-05-17,True,30466,ns,True,0.0011159981618853805,True,True,1715847185792000000,1715990399896000000,,True
CETX_2024-05-30_42.13,CETX,2024-05-30,True,29634,ns,True,0.0009786056556657893,True,True,1716969655251000000,1717113564607000000,,True
CIIT_2022-02-25_64.47,CIIT,2022-02-25,True,4,ns,True,0.0,True,True,1645813133477000000,1645814038276000000,,True
CIIT_2022-07-26_83.44,CIIT,2022-07-26,True,1,ns,True,0.0,True,True,1658843533236000000,1658843533236000000,,True
CIIT_2023-02-01_34.43,CIIT,2023-02-01,True,6,ns,True,0.0,True,True,1675197766863000000,1675276764479000000,,True
CIIT_2023-07-18_36.04,CIIT,2023-07-18,True,2,ns,True,0.0,True,True,1689606918208000000,1689691125080000000,,True
CIIT_2024-06-07_37.00,CIIT,2024-06-07,True,7,ns,True,0.0,True,True,1717692666777000000,1717787178351000000,,True
CIIT_2024-07-22_65.61,CIIT,2024-07-22,True,14,ns,True,0.0,True,True,1721398264758000000,1721665216051000000,,True
CING_2022-05-13_35.19,CING,2022-05-13,True,958,ns,True,0.0,True,True,1652357709283000000,1652484293288000000,,True
CISO_2022-01-05_100.00,CISO,2022-01-05,True,12,ns,True,0.0,True,True,1641306605397000000,1641422901760000000,,True
CISO_2022-01-12_63.33,CISO,2022-01-12,True,37,ns,True,0.0,True,True,1641911614492000000,1642020825816000000,,True
CISS_2023-11-06_39.72,CISS,2023-11-06,True,10479,ns,True,0.00038171581257753605,True,True,1699012802926000000,1699318592313000000,,True
CJET_2023-07-12_39.22,CJET,2023-07-12,True,6930,ns,True,0.0007215007215007215,True,True,1689062406065000000,1689206398809000000,,True
CJET_2023-10-19_30.26,CJET,2023-10-19,True,4883,ns,True,0.0012287528158918697,True,True,1697622690054000000,1697758660606000000,,True
CJET_2024-01-18_53.70,CJET,2024-01-18,True,1361,ns,True,0.002204261572373255,True,True,1705496404332000000,1705625837094000000,,True
CJET_2024-03-15_70.28,CJET,2024-03-15,True,2370,ns,True,0.0016877637130801688,True,True,1710409399770000000,1710547166514000000,,True
CJET_2024-03-18_50.22,CJET,2024-03-18,True,4036,ns,True,0.001238850346878097,True,True,1710505391264000000,1710805387399000000,,True
CJET_2024-05-23_48.23,CJET,2024-05-23,True,8551,ns,True,0.0003508361595135072,True,True,1716364800004000000,1716508673518000000,,True
CLNNW_2021-04-12_34.26,CLNNW,2021-04-12,True,84,ns,True,0.0,True,True,1617976188017000000,1618257600897000000,,True
CNEY_2021-02-10_35.15,CNEY,2021-02-10,True,4335,ns,True,0.0011534025374855825,True,True,1612863952496000000,1613005182699000000,,True
CNF_2020-04-27_30.51,CNF,2020-04-27,True,126,ns,True,0.0,True,True,1587737292535000000,1588029897819000000,,True
CNSP_2020-03-20_44.64,CNSP,2020-03-20,True,412,ns,True,0.0048543689320388345,True,True,1584622741135000000,1584734400470000000,,True
CNSP_2020-03-23_41.13,CNSP,2020-03-23,True,948,ns,True,0.0010548523206751054,True,True,1584711001061000000,1584996875289000000,,True
CNSP_2020-03-24_45.83,CNSP,2020-03-24,True,2995,ns,True,0.000667779632721202,True,True,1584965781568000000,1585089094033000000,,True
CNSP_2020-04-08_53.50,CNSP,2020-04-08,True,2254,ns,True,0.00044365572315882877,True,True,1586264359756000000,1586389500556000000,,True
CNSP_2020-04-09_104.36,CNSP,2020-04-09,True,20533,ns,True,0.0012175522329907953,True,True,1586349215892000000,1586476754830000000,,True
CNSP_2020-06-10_32.54,CNSP,2020-06-10,True,2711,ns,True,0.0011066027296200663,True,True,1591708134940000000,1591833514884000000,,True
CNSP_2020-08-24_44.51,CNSP,2020-08-24,True,4756,ns,True,0.0006307821698906644,True,True,1598016600376000000,1598313575131000000,,True
CNSP_2020-08-26_30.73,CNSP,2020-08-26,True,4614,ns,True,0.0008669267446900737,True,True,1598347268647000000,1598486299170000000,,True
CNSP_2020-12-17_36.70,CNSP,2020-12-17,True,36026,ns,True,0.0012490978737578415,True,True,1608123594489000000,1608253091339000000,,True
CNSP_2020-12-18_51.60,CNSP,2020-12-18,True,191636,ns,True,0.0010279905654469932,True,True,1608210350603000000,1608339595661000000,,True
CNSP_2021-02-04_76.92,CNSP,2021-02-04,True,64329,ns,True,0.0009482504002860297,True,True,1612342946664000000,1612486793857000000,,True
CNSP_2021-02-08_32.74,CNSP,2021-02-08,True,63785,ns,True,0.0011758250372344596,True,True,1612515600104000000,1612832374937000000,,True
CNSP_2021-06-29_33.33,CNSP,2021-06-29,True,44149,ns,True,0.0013816847493714466,True,True,1624876288765000000,1625011126805000000,,True
CNSP_2021-11-16_30.97,CNSP,2021-11-16,True,7185,ns,True,0.0011134307585247043,True,True,1636976347766000000,1637110444265000000,,True
CNSP_2022-01-05_72.65,CNSP,2022-01-05,True,38185,ns,True,0.0009427785779756449,True,True,1641292705656000000,1641430794692000000,,True
CNSP_2022-03-01_41.03,CNSP,2022-03-01,True,10309,ns,True,0.00048501309535357455,True,True,1646041251698000000,1646182097983000000,,True
CNSP_2022-06-23_34.57,CNSP,2022-06-23,True,16010,ns,True,0.0013741411617738913,True,True,1655896510496000000,1656028689498000000,,True
CNSP_2023-02-28_36.88,CNSP,2023-02-28,True,1576,ns,True,0.0012690355329949238,True,True,1677508201022000000,1677631161401000000,,True
CNSP_2023-04-06_62.82,CNSP,2023-04-06,True,35457,ns,True,0.0010717206757480892,True,True,1680701401957000000,1680825536071000000,,True
CNSP_2023-04-14_400.73,CNSP,2023-04-14,True,181345,ns,True,0.0012241859439190493,True,True,1681383823163000000,1681516799363000000,,True
CNSP_2023-04-17_87.23,CNSP,2023-04-17,True,419439,ns,True,0.0011110077985118218,True,True,1681464591014000000,1681775991256000000,,True
CNSP_2023-05-03_48.03,CNSP,2023-05-03,True,35272,ns,True,0.0008221819006577455,True,True,1683014837749000000,1683158393063000000,,True
CNSP_2023-05-22_37.11,CNSP,2023-05-22,True,37107,ns,True,0.0007276255154014067,True,True,1684483292198000000,1684799926133000000,,True
CNSP_2023-06-02_64.64,CNSP,2023-06-02,True,26637,ns,True,0.0010887111912002102,True,True,1685607501499000000,1685750384712000000,,True
CNSP_2023-08-22_50.82,CNSP,2023-08-22,True,12680,ns,True,0.0012618296529968455,True,True,1692609518083000000,1692748765813000000,,True
CNSP_2023-12-21_31.31,CNSP,2023-12-21,True,2593,ns,True,0.0,True,True,1703063680352000000,1703198499977000000,,True
CNSP_2024-05-24_48.70,CNSP,2024-05-24,True,7269,ns,True,0.0004127115146512588,True,True,1716453543547000000,1716595173607000000,,True
COEP_2022-01-11_133.33,COEP,2022-01-11,True,118,ns,True,0.0,True,True,1641823999040000000,1641931918443000000,,True
COEP_2022-01-12_43.94,COEP,2022-01-12,True,86,ns,True,0.0,True,True,1641911402441000000,1642019053608000000,,True
COEP_2022-03-11_32.63,COEP,2022-03-11,True,62,ns,True,0.0,True,True,1646922601443000000,1647032282520000000,,True
COEP_2022-04-22_33.33,COEP,2022-04-22,True,152,ns,True,0.0,True,True,1650547800319000000,1650655549534000000,,True
COSO_2022-02-25_50.51,COSO,2022-02-25,True,8,ns,True,0.0,True,True,1645717767579000000,1645803885439000000,,True
CREX_2020-04-02_30.04,CREX,2020-04-02,True,46,ns,True,0.0,True,True,1585747800970000000,1585857600249000000,,True
CRWG_2022-01-05_33.33,CRWG,2022-01-05,True,13,ns,True,0.0,True,True,1641306601188000000,1641415520692000000,,True
CRWG_2022-01-14_35.71,CRWG,2022-01-14,True,16,ns,True,0.0,True,True,1642084200927000000,1642188967040000000,,True
CRWG_2022-01-31_40.85,CRWG,2022-01-31,True,18,ns,True,0.0,True,True,1643378394768000000,1643661094567000000,,True
CRWG_2022-02-02_42.86,CRWG,2022-02-02,True,10,ns,True,0.0,True,True,1643725816985000000,1643835530403000000,,True
CRWG_2022-02-04_40.00,CRWG,2022-02-04,True,10,ns,True,0.0,True,True,1643896636985000000,1644007603455000000,,True
CRWG_2022-03-14_62.83,CRWG,2022-03-14,True,11,ns,True,0.0,True,True,1647009000281000000,1647283806917000000,,True
CRWG_2022-03-21_37.25,CRWG,2022-03-21,True,2,ns,True,0.0,True,True,1647874248789000000,1647884822982000000,,True
CRWG_2022-03-30_32.76,CRWG,2022-03-30,True,15,ns,True,0.06666666666666667,True,True,1648560601075000000,1648661461068000000,,True
CRWG_2022-04-04_30.54,CRWG,2022-04-04,True,4,ns,True,0.0,True,True,1649082022883000000,1649082498872000000,,True
CRWG_2022-04-11_32.50,CRWG,2022-04-11,True,10,ns,True,0.0,True,True,1649424609928000000,1649692260349000000,,True
CRWG_2022-04-21_34.29,CRWG,2022-04-21,True,27,ns,True,0.0,True,True,1650552760078000000,1650570562796000000,,True
CRWG_2022-05-06_106.90,CRWG,2022-05-06,True,7,ns,True,0.0,True,True,1651757400628000000,1651852079540000000,,True
CRWG_2022-05-20_38.89,CRWG,2022-05-20,True,2,ns,True,0.0,True,True,1653069875352000000,1653072570061000000,,True
CRWG_2022-06-21_42.86,CRWG,2022-06-21,True,4,ns,True,0.0,True,True,1655818200592000000,1655838248747000000,,True
CRWG_2022-06-28_38.89,CRWG,2022-06-28,True,18,ns,True,0.0,True,True,1656353727228000000,1656437589060000000,,True
CRWG_2022-07-01_33.33,CRWG,2022-07-01,True,35,ns,True,0.0,True,True,1656600104687000000,1656682200617000000,,True
CRWG_2022-07-06_33.33,CRWG,2022-07-06,True,4,ns,True,0.0,True,True,1657027800744000000,1657134215470000000,,True
CRWG_2022-07-20_40.00,CRWG,2022-07-20,True,5,ns,True,0.0,True,True,1658247524425000000,1658330176504000000,,True
CRWG_2022-07-25_33.33,CRWG,2022-07-25,True,6,ns,True,0.0,True,True,1658496600333000000,1658762629736000000,,True
CRWG_2022-09-12_83.33,CRWG,2022-09-12,True,3,ns,True,0.0,True,True,1662989718766000000,1663012231795000000,,True
CRWG_2022-09-27_30.00,CRWG,2022-09-27,True,2,ns,True,0.0,True,True,1664294780427000000,1664308316267000000,,True
CRWG_2022-10-13_76.47,CRWG,2022-10-13,True,10,ns,True,0.0,True,True,1665673245144000000,1665690392697000000,,True
CRWG_2022-10-21_66.67,CRWG,2022-10-21,True,8,ns,True,0.0,True,True,1666272600342000000,1666373631040000000,,True
CRWG_2022-10-25_40.35,CRWG,2022-10-25,True,383,ns,True,0.0,True,True,1666618200706000000,1666727851667000000,,True
CYN_2022-07-01_31.30,CYN,2022-07-01,True,11737,ns,True,0.0010224077702990543,True,True,1656577170924000000,1656719975340000000,,True
CYN_2023-02-02_35.94,CYN,2023-02-02,True,10023,ns,True,0.0006983936945026439,True,True,1675243885512000000,1675385984991000000,,True
CYN_2023-11-13_35.00,CYN,2023-11-13,True,1861,ns,True,0.0005373455131649651,True,True,1699607005693000000,1699921990533000000,,True
DBGI_2021-05-17_50.00,DBGI,2021-05-17,True,181237,ns,True,0.0008552337546968886,True,True,1621003535681000000,1621295993663000000,,True
DBGI_2021-06-10_41.59,DBGI,2021-06-10,True,28582,ns,True,0.0008746763697431951,True,True,1623225609639000000,1623369591322000000,,True
DBGI_2021-06-24_82.64,DBGI,2021-06-24,True,251191,ns,True,0.0008001879048214307,True,True,1624435200217000000,1624579165284000000,,True
DBGI_2021-06-29_36.61,DBGI,2021-06-29,True,94717,ns,True,0.0009290834802622549,True,True,1624867200063000000,1625011182585000000,,True
DBGI_2021-07-08_66.98,DBGI,2021-07-08,True,201774,ns,True,0.0010853727437628237,True,True,1625645822331000000,1625788792691000000,,True
DBGI_2021-07-13_34.32,DBGI,2021-07-13,True,28842,ns,True,0.0010748214409541641,True,True,1626076975032000000,1626220792443000000,,True
DBGI_2021-09-28_65.08,DBGI,2021-09-28,True,369384,ns,True,0.0008527710999935027,True,True,1632729645454000000,1632873598501000000,,True
DBGI_2021-10-28_119.14,DBGI,2021-10-28,True,422780,ns,True,0.0010430956998911964,True,True,1635321600096000000,1635465595466000000,,True
DBGI_2022-01-20_30.83,DBGI,2022-01-20,True,22196,ns,True,0.0012164353937646423,True,True,1642595952787000000,1642726598924000000,,True
DBGI_2022-03-07_54.14,DBGI,2022-03-07,True,12535,ns,True,0.0008775428799361788,True,True,1646387634293000000,1646701192808000000,,True
DBGI_2022-03-11_40.14,DBGI,2022-03-11,True,5224,ns,True,0.00038284839203675346,True,True,1646910631733000000,1647046782866000000,,True
DBGI_2022-06-09_31.75,DBGI,2022-06-09,True,11671,ns,True,0.0012852369120041128,True,True,1654675381077000000,1654819167052000000,,True
DBGI_2022-10-13_55.60,DBGI,2022-10-13,True,15934,ns,True,0.0006275888038157399,True,True,1665572549512000000,1665705596675000000,,True
DBGI_2022-10-18_54.32,DBGI,2022-10-18,True,25267,ns,True,0.0011873194285035818,True,True,1665993600004000000,1666137597075000000,,True
DBGI_2022-10-21_41.75,DBGI,2022-10-21,True,58831,ns,True,0.0011728510479169145,True,True,1666253122388000000,1666396787883000000,,True
DBGI_2022-11-03_34.97,DBGI,2022-11-03,True,75105,ns,True,0.0009719725717329073,True,True,1667376002350000000,1667519978147000000,,True
DBGI_2023-03-27_30.34,DBGI,2023-03-27,True,3113,ns,True,0.00064246707356248,True,True,1679645300676000000,1679961456905000000,,True
DBGI_2023-05-08_30.10,DBGI,2023-05-08,True,6209,ns,True,0.0003221130616846513,True,True,1683273749970000000,1683589150875000000,,True
DGLY_2020-02-04_110.42,DGLY,2020-02-04,True,66636,ns,True,0.0008403865778257998,True,True,1580730686122000000,1580864298131000000,,True
DGLY_2020-02-14_51.75,DGLY,2020-02-14,True,17842,ns,True,0.0012330456226880395,True,True,1581591617736000000,1581728393083000000,,True
DGLY_2020-02-19_31.82,DGLY,2020-02-19,True,8715,ns,True,0.0011474469305794606,True,True,1582021798275000000,1582159828172000000,,True
DGLY_2020-03-19_30.77,DGLY,2020-03-19,True,698,ns,True,0.0014326647564469914,True,True,1584537829685000000,1584653781883000000,,True
DGLY_2020-04-06_35.42,DGLY,2020-04-06,True,4633,ns,True,0.0004316857327865314,True,True,1585918692342000000,1586217551288000000,,True
DGLY_2020-04-08_33.77,DGLY,2020-04-08,True,4461,ns,True,0.0006724949562878278,True,True,1586247635499000000,1586389691072000000,,True
DGLY_2020-04-14_42.18,DGLY,2020-04-14,True,4764,ns,True,0.0008396305625524769,True,True,1586768518182000000,1586908371003000000,,True
DGLY_2020-04-16_33.60,DGLY,2020-04-16,True,3275,ns,True,0.000916030534351145,True,True,1586949171713000000,1587079830292000000,,True
DGLY_2020-05-29_39.30,DGLY,2020-05-29,True,12705,ns,True,0.0007083825265643448,True,True,1590667201897000000,1590796772173000000,,True
DGLY_2020-06-01_149.11,DGLY,2020-06-01,True,272304,ns,True,0.001131088783124743,True,True,1590753601208000000,1591055999306000000,,True
DGLY_2020-06-05_42.51,DGLY,2020-06-05,True,96814,ns,True,0.0011052120561075877,True,True,1591257600142000000,1591401595996000000,,True
DGLY_2020-08-27_31.22,DGLY,2020-08-27,True,42448,ns,True,0.0015077271013946476,True,True,1598432587212000000,1598572659690000000,,True
DGLY_2020-09-23_54.45,DGLY,2020-09-23,True,46863,ns,True,0.0013016665599726864,True,True,1600769493391000000,1600905588042000000,,True
DGLY_2022-06-24_32.14,DGLY,2022-06-24,True,10931,ns,True,0.0005488976305918946,True,True,1655985603616000000,1656115198068000000,,True
DGLY_2022-11-07_36.99,DGLY,2022-11-07,True,2088,ns,True,0.0014367816091954023,True,True,1667557219727000000,1667869185301000000,,True
DGLY_2023-02-15_42.72,DGLY,2023-02-15,True,10744,ns,True,0.0014892032762472078,True,True,1676376000099000000,1676509152502000000,,True
DGLY_2024-11-20_31.95,DGLY,2024-11-20,True,16197,ns,True,0.0011113169105389886,True,True,1732021200235000000,1732150783224000000,,True
DGLY_2024-11-21_34.25,DGLY,2024-11-21,True,7362,ns,True,0.0009508285791904374,True,True,1732093909123000000,1732236970019000000,,True
DRMA_2022-03-21_45.00,DRMA,2022-03-21,True,6398,ns,True,0.0007814942169427947,True,True,1647607717171000000,1647907190730000000,,True
DRMA_2022-06-10_40.65,DRMA,2022-06-10,True,1140,ns,True,0.0,True,True,1654770518886000000,1654897801659000000,,True
DRMA_2022-12-27_59.98,DRMA,2022-12-27,True,2731,ns,True,0.0,True,True,1672144450020000000,1672185190844000000,,True
DRMAW_2021-10-01_31.31,DRMAW,2021-10-01,True,15,ns,True,0.0,True,True,1633011739274000000,1633118400495000000,,True
DUO_2020-03-19_33.91,DUO,2020-03-19,True,71,ns,True,0.0,True,True,1584538335478000000,1584651170535000000,,True
DUO_2020-06-09_1256.89,DUO,2020-06-09,True,10326,ns,True,0.0010652721286073987,True,True,1591622059064000000,1591747168210000000,,True
DUO_2020-06-10_59.37,DUO,2020-06-10,True,61030,ns,True,0.0009175815172865803,True,True,1591708457145000000,1591833574319000000,,True
DUO_2020-06-24_48.42,DUO,2020-06-24,True,20663,ns,True,0.0010163093452064077,True,True,1592903001884000000,1593043027696000000,,True
EDBL_2022-08-18_99.07,EDBL,2022-08-18,True,28359,ns,True,0.0013047004478296132,True,True,1660733685529000000,1660867095552000000,,True
EDBL_2022-10-24_66.34,EDBL,2022-10-24,True,3600,ns,True,0.0008333333333333334,True,True,1666352875341000000,1666655363791000000,,True
EDBL_2022-11-07_48.79,EDBL,2022-11-07,True,4391,ns,True,0.0004554771122751082,True,True,1667568609512000000,1667869157495000000,,True
EDBL_2022-11-30_45.26,EDBL,2022-11-30,True,2271,ns,True,0.00044033465433729633,True,True,1669721882312000000,1669853831848000000,,True
EDBL_2022-12-12_145.17,EDBL,2022-12-12,True,13630,ns,True,0.000586940572267058,True,True,1670593285861000000,1670892763962000000,,True
EDBL_2023-01-04_37.44,EDBL,2023-01-04,True,5460,ns,True,0.0009157509157509158,True,True,1672748595301000000,1672880396582000000,,True
EDBL_2023-01-19_36.96,EDBL,2023-01-19,True,2238,ns,True,0.00044682752457551384,True,True,1674040176952000000,1674176399003000000,,True
EDBL_2023-01-23_42.49,EDBL,2023-01-23,True,6711,ns,True,0.00014900908955446283,True,True,1674205512111000000,1674520668691000000,,True
EJH_2021-05-17_49.87,EJH,2021-05-17,True,52067,ns,True,0.0015556878637140608,True,True,1621011209947000000,1621295984735000000,,True
EJH_2021-05-21_32.68,EJH,2021-05-21,True,4450,ns,True,0.0029213483146067415,True,True,1621501533340000000,1621641549300000000,,True
EJH_2022-03-04_41.25,EJH,2022-03-04,True,69121,ns,True,0.0008969777636318919,True,True,1646298217331000000,1646441999554000000,,True
EJH_2022-07-27_53.92,EJH,2022-07-27,True,35664,ns,True,0.001009421265141319,True,True,1658824151797000000,1658966399289000000,,True
EJH_2022-12-12_33.46,EJH,2022-12-12,True,4062,ns,True,0.0009847365829640572,True,True,1670578427381000000,1670893134860000000,,True
EJH_2022-12-20_50.71,EJH,2022-12-20,True,4928,ns,True,0.0012175324675324675,True,True,1671440475643000000,1671584318124000000,,True
EJH_2022-12-21_55.36,EJH,2022-12-21,True,13853,ns,True,0.0008662383599220385,True,True,1671527089600000000,1671670631098000000,,True
EJH_2022-12-22_98.86,EJH,2022-12-22,True,26427,ns,True,0.0009838422825140954,True,True,1671613200029000000,1671757172684000000,,True
EJH_2023-03-29_41.59,EJH,2023-03-29,True,24685,ns,True,0.0005266356086692323,True,True,1679990497915000000,1680134399910000000,,True
EJH_2023-05-01_36.31,EJH,2023-05-01,True,23518,ns,True,0.00042520622501913426,True,True,1682668901102000000,1682985597354000000,,True
ELAB_2023-12-15_32.97,ELAB,2023-12-15,True,1673,ns,True,0.002390914524805738,True,True,1702561704246000000,1702677572085000000,,True
ENGNW_2024-08-30_53.33,ENGNW,2024-08-30,True,20,ns,True,0.0,True,True,1724961600038000000,1725048000470000000,,True
ENVB_2021-01-06_34.10,ENVB,2021-01-06,True,8035,ns,True,0.0013690105787181083,True,True,1609837207703000000,1609979550740000000,,True
ENVB_2022-06-29_35.34,ENVB,2022-06-29,True,7406,ns,True,0.000945179584120983,True,True,1656410508955000000,1656547183295000000,,True
ENVB_2022-12-29_31.59,ENVB,2022-12-29,True,1254,ns,True,0.0007974481658692185,True,True,1672229700687000000,1672361305366000000,,True
ETEC_2023-03-30_17300.00,ETEC,2023-03-30,True,2,ns,True,0.0,True,True,1680206400389000000,1680207300019000000,,True
EYEG_2023-12-13_1725.01,EYEG,2023-12-13,True,6,ns,True,0.0,True,True,1702480854428000000,1702502100016000000,,True
EZGO_2022-03-01_41.13,EZGO,2022-03-01,True,2119,ns,True,0.00047192071731949034,True,True,1646058366117000000,1646179891453000000,,True
EZGO_2022-12-13_39.87,EZGO,2022-12-13,True,535,ns,True,0.0,True,True,1670838758196000000,1670978952831000000,,True
EZGO_2022-12-30_89.25,EZGO,2022-12-30,True,1441,ns,True,0.004857737682165163,True,True,1672318802630000000,1672447136668000000,,True
EZGO_2023-03-22_41.23,EZGO,2023-03-22,True,9630,ns,True,0.001557632398753894,True,True,1679403857010000000,1679529581067000000,,True
FBYDW_2024-09-23_30.61,FBYDW,2024-09-23,True,6,ns,True,0.0,True,True,1727109138550000000,1727121600341000000,,True
FEAM_2022-03-16_49.95,FEAM,2022-03-16,True,238,ns,True,0.0,True,True,1647351205400000000,1647460801227000000,,True
FRGT_2022-10-25_33.72,FRGT,2022-10-25,True,1242,ns,True,0.0,True,True,1666612802715000000,1666734425634000000,,True
FRGT_2022-10-26_100.00,FRGT,2022-10-26,True,19853,ns,True,0.0009570342013801441,True,True,1666699203241000000,1666828647384000000,,True
FRGT_2022-11-04_116.00,FRGT,2022-11-04,True,26402,ns,True,0.0013256571471858194,True,True,1667467109651000000,1667606395071000000,,True
FRGT_2022-11-16_32.86,FRGT,2022-11-16,True,32296,ns,True,0.0009289076046569235,True,True,1668502800014000000,1668646708546000000,,True
FRGT_2022-11-21_42.06,FRGT,2022-11-21,True,17506,ns,True,0.0004569861761681709,True,True,1668762670922000000,1669078794314000000,,True
FRGT_2022-12-29_36.40,FRGT,2022-12-29,True,12875,ns,True,0.0007766990291262136,True,True,1672225596749000000,1672361862291000000,,True
FRGT_2023-01-04_56.40,FRGT,2023-01-04,True,2600,ns,True,0.0015384615384615385,True,True,1672736913439000000,1672880241961000000,,True
FRGT_2023-01-26_41.34,FRGT,2023-01-26,True,16025,ns,True,0.0015600624024961,True,True,1674637203314000000,1674781115243000000,,True
GCTK_2022-04-04_32.50,GCTK,2022-04-04,True,3700,ns,True,0.0018918918918918919,True,True,1648804963886000000,1649112596836000000,,True
GCTK_2022-07-22_39.53,GCTK,2022-07-22,True,221,ns,True,0.004524886877828055,True,True,1658410546796000000,1658520000672000000,,True
GCTK_2023-03-24_59.81,GCTK,2023-03-24,True,523,ns,True,0.0,True,True,1679579068337000000,1679696676081000000,,True
GCTK_2023-04-05_42.81,GCTK,2023-04-05,True,264,ns,True,0.003787878787878788,True,True,1680609612246000000,1680737799687000000,,True
GCTK_2023-05-03_60.43,GCTK,2023-05-03,True,9071,ns,True,0.000992172858560247,True,True,1683014416093000000,1683158303759000000,,True
GCTK_2023-05-04_36.90,GCTK,2023-05-04,True,16544,ns,True,0.0010275628626692456,True,True,1683100899116000000,1683244778223000000,,True
GCTK_2023-11-10_45.00,GCTK,2023-11-10,True,4651,ns,True,0.0006450225757901526,True,True,1699530098168000000,1699664354383000000,,True
GCTK_2024-01-02_41.41,GCTK,2024-01-02,True,2817,ns,True,0.0003549875754348598,True,True,1704188069809000000,1704243263104000000,,True
GCTK_2024-04-16_33.33,GCTK,2024-04-16,True,1304,ns,True,0.0,True,True,1713170074252000000,1713311840998000000,,True
GCTK_2024-04-17_37.22,GCTK,2024-04-17,True,2196,ns,True,0.0031876138433515485,True,True,1713268800525000000,1713398342752000000,,True
GCTK_2024-04-29_30.68,GCTK,2024-04-29,True,1152,ns,True,0.0,True,True,1714119961227000000,1714433212843000000,,True
GCTK_2024-05-31_40.18,GCTK,2024-05-31,True,888,ns,True,0.0,True,True,1717075800960000000,1717196539635000000,,True
GCTK_2024-11-08_32.00,GCTK,2024-11-08,True,1809,ns,True,0.000552791597567717,True,True,1730978350682000000,1731113586760000000,,True
GCTK_2024-12-20_32.39,GCTK,2024-12-20,True,1140,ns,True,0.0017543859649122807,True,True,1734598831523000000,1734742553961000000,,True
GDEV_2023-09-27_31.03,GDEV,2023-09-27,True,476,ns,True,0.008403361344537815,True,True,1695735001130000000,1695847361496000000,,True
GDHG_2023-04-28_33.33,GDHG,2023-04-28,True,1200,ns,True,0.0,True,True,1682597874843000000,1682724881116000000,,True
GDHG_2023-09-08_50.00,GDHG,2023-09-08,True,6062,ns,True,0.0008248102936324645,True,True,1694093401381000000,1694217591838000000,,True
GDHG_2023-09-25_40.95,GDHG,2023-09-25,True,8419,ns,True,0.0002375579047392802,True,True,1695373815191000000,1695686055172000000,,True
GDHG_2023-11-02_46.60,GDHG,2023-11-02,True,6983,ns,True,0.0008592295574967779,True,True,1698826511229000000,1698967221668000000,,True
GDHG_2024-01-29_37.47,GDHG,2024-01-29,True,4046,ns,True,0.0009886307464162135,True,True,1706259602360000000,1706576337582000000,,True
GDHG_2024-02-08_35.39,GDHG,2024-02-08,True,10827,ns,True,0.0008312551953449709,True,True,1707310605001000000,1707440335333000000,,True
GDHG_2024-04-30_30.48,GDHG,2024-04-30,True,7097,ns,True,0.0009863322530646753,True,True,1714377600033000000,1714521552568000000,,True
GDHG_2024-08-16_45.07,GDHG,2024-08-16,True,20277,ns,True,0.0011342900823593234,True,True,1723708885264000000,1723852797719000000,,True
GLOW_2024-06-21_1100.57,GLOW,2024-06-21,True,3,ns,True,0.0,True,True,1718980189534000000,1719000900014000000,,True
GNLN_2020-03-19_49.61,GNLN,2020-03-19,True,2940,ns,True,0.0020408163265306124,True,True,1584538081050000000,1584652821307000000,,True
GNLN_2020-04-27_31.58,GNLN,2020-04-27,True,3439,ns,True,0.002907822041291073,True,True,1587726479384000000,1588031933360000000,,True
GNLN_2021-01-06_30.18,GNLN,2021-01-06,True,9463,ns,True,0.0015851209975694812,True,True,1609852868724000000,1609981064946000000,,True
GNLN_2021-03-31_40.59,GNLN,2021-03-31,True,79794,ns,True,0.0007519362358072035,True,True,1617103163284000000,1617235177791000000,,True
GNLN_2022-03-25_33.73,GNLN,2022-03-25,True,53981,ns,True,0.0007039513903039958,True,True,1648116594566000000,1648252782623000000,,True
GNLN_2022-06-24_59.55,GNLN,2022-06-24,True,31225,ns,True,0.0007686148919135308,True,True,1655982278934000000,1656115177313000000,,True
GNLN_2022-12-09_32.45,GNLN,2022-12-09,True,3641,ns,True,0.0005492996429552321,True,True,1670503038321000000,1670632508552000000,,True
GNLN_2024-03-18_35.55,GNLN,2024-03-18,True,604,ns,True,0.0016556291390728477,True,True,1710508827906000000,1710806393055000000,,True
GNLN_2024-12-23_30.28,GNLN,2024-12-23,True,2867,ns,True,0.002441576560865016,True,True,1734692784580000000,1735001996468000000,,True
GNPX_2024-01-08_51.90,GNPX,2024-01-08,True,3018,ns,True,0.0016567263088137839,True,True,1704456032963000000,1704761049832000000,,True
GPOR_2021-05-18_53934.71,GPOR,2021-05-18,True,82,ns,True,0.0,True,True,1621360117447000000,1621378800002000000,,True
GRI_2023-04-27_38.82,GRI,2023-04-27,True,3243,ns,True,0.0,True,True,1682496060887000000,1682639969046000000,,True
GRI_2023-09-01_62.99,GRI,2023-09-01,True,10846,ns,True,0.0007375991148810622,True,True,1693473925417000000,1693612698033000000,,True
GRI_2024-01-29_42.28,GRI,2024-01-29,True,3465,ns,True,0.0008658008658008658,True,True,1706262869087000000,1706575339241000000,,True
GVH_2024-01-08_41.51,GVH,2024-01-08,True,1246,ns,True,0.0008025682182985554,True,True,1704462779702000000,1704759202796000000,,True
GWAV_2023-02-06_36.28,GWAV,2023-02-06,True,3565,ns,True,0.0,True,True,1675429204248000000,1675731558228000000,,True
GWAV_2023-02-28_30.60,GWAV,2023-02-28,True,1136,ns,True,0.0,True,True,1677505358823000000,1677630509016000000,,True
GWAV_2024-03-18_96.90,GWAV,2024-03-18,True,18051,ns,True,0.001107971857514819,True,True,1710501064647000000,1710806395460000000,,True
HCTI_2022-05-26_67.14,HCTI,2022-05-26,True,4857,ns,True,0.0012353304508956147,True,True,1653489090559000000,1653608829508000000,,True
HCTI_2022-08-29_36.03,HCTI,2022-08-29,True,2134,ns,True,0.0032802249297094657,True,True,1661517312433000000,1661816980668000000,,True
HCTI_2022-10-25_30.56,HCTI,2022-10-25,True,11015,ns,True,0.0009078529278256923,True,True,1666614847722000000,1666742346403000000,,True
HCTI_2022-11-28_32.87,HCTI,2022-11-28,True,1703,ns,True,0.0017615971814445098,True,True,1669371083518000000,1669683548721000000,,True
HCTI_2022-11-29_48.90,HCTI,2022-11-29,True,3539,ns,True,0.00028256569652444194,True,True,1669637910284000000,1669769904144000000,,True
HCTI_2023-05-10_48.00,HCTI,2023-05-10,True,1655,ns,True,0.0006042296072507553,True,True,1683619378444000000,1683761925672000000,,True
HCTI_2023-07-06_32.05,HCTI,2023-07-06,True,379,ns,True,0.0,True,True,1688544000027000000,1688685828813000000,,True
HOLO_2022-10-14_32.17,HOLO,2022-10-14,True,5677,ns,True,0.0010568962480183195,True,True,1665658904864000000,1665791785864000000,,True
HOLO_2023-01-06_58.00,HOLO,2023-01-06,True,5476,ns,True,0.0007304601899196494,True,True,1672927254513000000,1673053193389000000,,True
HOLO_2023-01-10_48.47,HOLO,2023-01-10,True,9695,ns,True,0.0007220216606498195,True,True,1673254800569000000,1673398675040000000,,True
HOLO_2023-01-20_38.09,HOLO,2023-01-20,True,6480,ns,True,0.000462962962962963,True,True,1674126676162000000,1674262730705000000,,True
HOLO_2023-01-24_36.03,HOLO,2023-01-24,True,30904,ns,True,0.0013590473725084132,True,True,1674464401118000000,1674607781642000000,,True
HOLO_2023-01-27_39.77,HOLO,2023-01-27,True,11529,ns,True,0.0011275912915257177,True,True,1674723658307000000,1674866105973000000,,True
HOLO_2023-05-04_47.97,HOLO,2023-05-04,True,16053,ns,True,0.0011212857409829938,True,True,1683101292817000000,1683244789399000000,,True
HOLO_2023-08-11_36.43,HOLO,2023-08-11,True,3972,ns,True,0.0010070493454179255,True,True,1691659294900000000,1691798208087000000,,True
HOLO_2023-08-21_37.68,HOLO,2023-08-21,True,4346,ns,True,0.0009203865623561896,True,True,1692345879087000000,1692662132157000000,,True
HOLO_2023-08-22_32.74,HOLO,2023-08-22,True,6968,ns,True,0.0015786452353616532,True,True,1692605129884000000,1692748717318000000,,True
HOLO_2023-08-23_43.34,HOLO,2023-08-23,True,11346,ns,True,0.0016745989776132558,True,True,1692691200028000000,1692835173421000000,,True
HOLO_2023-08-28_32.89,HOLO,2023-08-28,True,8858,ns,True,0.0007902461052156243,True,True,1692957878354000000,1693267129723000000,,True
HOLO_2023-10-30_40.71,HOLO,2023-10-30,True,9679,ns,True,0.0015497468746771361,True,True,1698393966040000000,1698710356248000000,,True
HOLO_2023-11-03_33.12,HOLO,2023-11-03,True,6441,ns,True,0.0004657661853749418,True,True,1698912220480000000,1699055221059000000,,True
HOTH_2020-03-20_46.30,HOTH,2020-03-20,True,318,ns,True,0.0031446540880503146,True,True,1584624600971000000,1584734400954000000,,True
HSCS_2023-01-11_40.38,HSCS,2023-01-11,True,245,ns,True,0.0,True,True,1673361000183000000,1673471023239000000,,True
HSCSW_2022-06-16_108.55,HSCSW,2022-06-16,True,247,ns,True,0.0,True,True,1655320955612000000,1655409600769000000,,True
HSCSW_2022-06-23_138.68,HSCSW,2022-06-23,True,42,ns,True,0.0,True,True,1655904864318000000,1656014400509000000,,True
HSCSW_2022-07-14_48.00,HSCSW,2022-07-14,True,50,ns,True,0.0,True,True,1657720818131000000,1657828800132000000,,True
HSCSW_2022-07-19_114.29,HSCSW,2022-07-19,True,27,ns,True,0.0,True,True,1658153996977000000,1658260801079000000,,True
HSCSW_2022-07-22_49.26,HSCSW,2022-07-22,True,226,ns,True,0.022123893805309734,True,True,1658410200048000000,1658520000708000000,,True
HSCSW_2022-07-26_38.09,HSCSW,2022-07-26,True,271,ns,True,0.0,True,True,1658755801945000000,1658865600662000000,,True
HSCSW_2022-08-03_133.33,HSCSW,2022-08-03,True,289,ns,True,0.0,True,True,1659536786076000000,1659556801744000000,,True
HSCSW_2022-08-08_33.51,HSCSW,2022-08-08,True,253,ns,True,0.0,True,True,1659723590849000000,1659988800354000000,,True
HSCSW_2022-08-10_41.51,HSCSW,2022-08-10,True,480,ns,True,0.0,True,True,1660052051390000000,1660161600336000000,,True
HSCSW_2022-08-16_44.29,HSCSW,2022-08-16,True,335,ns,True,0.0,True,True,1660570202017000000,1660680000378000000,,True
HSCSW_2022-09-01_47.73,HSCSW,2022-09-01,True,168,ns,True,0.0,True,True,1661957073184000000,1662062400655000000,,True
HSCSW_2022-10-05_80.32,HSCSW,2022-10-05,True,220,ns,True,0.0,True,True,1664903862265000000,1665000000944000000,,True
HSCSW_2022-10-12_35.29,HSCSW,2022-10-12,True,128,ns,True,0.0,True,True,1665589956944000000,1665604800338000000,,True
HSCSW_2022-10-19_105.47,HSCSW,2022-10-19,True,21,ns,True,0.0,True,True,1666187442819000000,1666209600238000000,,True
HSCSW_2022-10-24_88.35,HSCSW,2022-10-24,True,268,ns,True,0.0,True,True,1666365362500000000,1666641600182000000,,True
HSCSW_2022-10-26_96.97,HSCSW,2022-10-26,True,280,ns,True,0.0,True,True,1666710922850000000,1666814400897000000,,True
HSCSW_2022-10-27_63.33,HSCSW,2022-10-27,True,238,ns,True,0.0,True,True,1666791521504000000,1666900800653000000,,True
HSCSW_2022-10-28_37.50,HSCSW,2022-10-28,True,147,ns,True,0.0,True,True,1666878510904000000,1666987200145000000,,True
HSCSW_2022-10-31_34.38,HSCSW,2022-10-31,True,159,ns,True,0.0,True,True,1666972494763000000,1667246400138000000,,True
HSCSW_2022-11-02_93.92,HSCSW,2022-11-02,True,148,ns,True,0.006756756756756757,True,True,1667310369274000000,1667419200135000000,,True
HSCSW_2022-11-03_48.61,HSCSW,2022-11-03,True,255,ns,True,0.00392156862745098,True,True,1667396476572000000,1667505600973000000,,True
HSCSW_2022-11-04_38.55,HSCSW,2022-11-04,True,246,ns,True,0.0,True,True,1667484275726000000,1667592000965000000,,True
HSCSW_2022-11-07_43.60,HSCSW,2022-11-07,True,225,ns,True,0.0,True,True,1667569452147000000,1667854801206000000,,True
HSCSW_2022-11-10_56.89,HSCSW,2022-11-10,True,234,ns,True,0.0,True,True,1668013237591000000,1668114000370000000,,True
HSCSW_2022-11-17_69.05,HSCSW,2022-11-17,True,331,ns,True,0.0030211480362537764,True,True,1668610411324000000,1668718800597000000,,True
HSCSW_2022-11-23_48.72,HSCSW,2022-11-23,True,417,ns,True,0.0,True,True,1669134577194000000,1669237200682000000,,True
HSCSW_2022-11-25_38.38,HSCSW,2022-11-25,True,69,ns,True,0.0,True,True,1669386934370000000,1669399200651000000,,True
HSCSW_2022-11-28_37.93,HSCSW,2022-11-28,True,174,ns,True,0.0,True,True,1669386934370000000,1669669200797000000,,True
HSCSW_2022-12-19_32.50,HSCSW,2022-12-19,True,40,ns,True,0.0,True,True,1671462772963000000,1671483601318000000,,True
HSCSW_2022-12-20_73.73,HSCSW,2022-12-20,True,49,ns,True,0.0,True,True,1671462772963000000,1671570000958000000,,True
HSCSW_2022-12-21_37.42,HSCSW,2022-12-21,True,251,ns,True,0.0,True,True,1671547174137000000,1671656400430000000,,True
HSCSW_2022-12-22_48.55,HSCSW,2022-12-22,True,368,ns,True,0.0,True,True,1671638890176000000,1671742800430000000,,True
HSCSW_2022-12-23_96.05,HSCSW,2022-12-23,True,394,ns,True,0.0,True,True,1671719824521000000,1671829200612000000,,True
HSCSW_2022-12-27_69.90,HSCSW,2022-12-27,True,268,ns,True,0.0,True,True,1672152000004000000,1672174800531000000,,True
HSCSW_2022-12-29_260.70,HSCSW,2022-12-29,True,206,ns,True,0.0,True,True,1672239919899000000,1672347601119000000,,True
HSCSW_2023-01-09_71.84,HSCSW,2023-01-09,True,224,ns,True,0.0,True,True,1673023801227000000,1673298000877000000,,True
HSCSW_2023-01-10_69.39,HSCSW,2023-01-10,True,615,ns,True,0.0,True,True,1673281216547000000,1673384400325000000,,True
HSCSW_2023-01-11_42.78,HSCSW,2023-01-11,True,471,ns,True,0.0,True,True,1673365713554000000,1673470800520000000,,True
HSCSW_2023-01-12_76.14,HSCSW,2023-01-12,True,260,ns,True,0.0,True,True,1673450102120000000,1673557200416000000,,True
HSCSW_2023-01-13_47.00,HSCSW,2023-01-13,True,364,ns,True,0.0,True,True,1673541671069000000,1673643600880000000,,True
HSCSW_2023-01-17_32.56,HSCSW,2023-01-17,True,67,ns,True,0.0,True,True,1673965962371000000,1673989200343000000,,True
HSCSW_2023-01-30_256.76,HSCSW,2023-01-30,True,948,ns,True,0.0,True,True,1674839773315000000,1675112400463000000,,True
HSCSW_2023-01-31_42.72,HSCSW,2023-01-31,True,1234,ns,True,0.0,True,True,1675087012340000000,1675198801211000000,,True
HSCSW_2023-02-01_99.70,HSCSW,2023-02-01,True,445,ns,True,0.0,True,True,1675175403167000000,1675285200835000000,,True
HSCSW_2023-02-15_35.32,HSCSW,2023-02-15,True,288,ns,True,0.020833333333333332,True,True,1676404116618000000,1676494800107000000,,True
HSCSW_2023-02-17_53.64,HSCSW,2023-02-17,True,105,ns,True,0.0,True,True,1676552482373000000,1676667601347000000,,True
HSCSW_2023-02-22_128.17,HSCSW,2023-02-22,True,142,ns,True,0.0,True,True,1676999721253000000,1677099601135000000,,True
HSCSW_2023-02-28_95.60,HSCSW,2023-02-28,True,92,ns,True,0.0,True,True,1677513090634000000,1677618000524000000,,True
HSCSW_2023-03-02_74.14,HSCSW,2023-03-02,True,143,ns,True,0.0,True,True,1677687858651000000,1677790800430000000,,True
HSCSW_2023-03-03_63.45,HSCSW,2023-03-03,True,125,ns,True,0.0,True,True,1677768127674000000,1677877200065000000,,True
HSCSW_2023-03-06_73.13,HSCSW,2023-03-06,True,190,ns,True,0.0,True,True,1677854777514000000,1678136401716000000,,True
HSCSW_2023-03-17_46.20,HSCSW,2023-03-17,True,41,ns,True,0.0,True,True,1678989078802000000,1679083201058000000,,True
HSCSW_2023-03-20_43.10,HSCSW,2023-03-20,True,123,ns,True,0.0,True,True,1679066993897000000,1679351802165000000,,True
HSCSW_2023-03-21_150.00,HSCSW,2023-03-21,True,163,ns,True,0.0,True,True,1679320211775000000,1679428801050000000,,True
HSCSW_2023-03-22_181.03,HSCSW,2023-03-22,True,281,ns,True,0.0035587188612099642,True,True,1679405400544000000,1679515200438000000,,True
HSCSW_2023-03-28_49.83,HSCSW,2023-03-28,True,39,ns,True,0.0,True,True,1679927226801000000,1680033600107000000,,True
HSCSW_2023-03-30_31.43,HSCSW,2023-03-30,True,66,ns,True,0.0,True,True,1680098109727000000,1680206400120000000,,True
HSCSW_2023-04-05_94.65,HSCSW,2023-04-05,True,302,ns,True,0.0,True,True,1680623161807000000,1680724800393000000,,True
HSCSW_2023-04-10_79.55,HSCSW,2023-04-10,True,9,ns,True,0.0,True,True,1681133369662000000,1681156800346000000,,True
HSCSW_2023-04-12_107.66,HSCSW,2023-04-12,True,227,ns,True,0.0,True,True,1681230658730000000,1681329600401000000,,True
HSCSW_2023-04-14_54.17,HSCSW,2023-04-14,True,39,ns,True,0.0,True,True,1681396018256000000,1681502400371000000,,True
HSCSW_2023-05-12_44.69,HSCSW,2023-05-12,True,139,ns,True,0.0,True,True,1683818185775000000,1683921600300000000,,True
HSCSW_2023-05-17_66.33,HSCSW,2023-05-17,True,77,ns,True,0.0,True,True,1684327038085000000,1684353600567000000,,True
HSCSW_2023-05-18_48.43,HSCSW,2023-05-18,True,126,ns,True,0.0,True,True,1684327038085000000,1684440000219000000,,True
HSCSW_2023-05-23_73.50,HSCSW,2023-05-23,True,126,ns,True,0.0,True,True,1684772317892000000,1684872000159000000,,True
HSCSW_2023-06-05_58.80,HSCSW,2023-06-05,True,111,ns,True,0.0,True,True,1685703826369000000,1685995200328000000,,True
HSCSW_2023-06-26_190.70,HSCSW,2023-06-26,True,320,ns,True,0.0,True,True,1687522162532000000,1687809600464000000,,True
HSCSW_2023-08-29_77.67,HSCSW,2023-08-29,True,139,ns,True,0.0,True,True,1693330133278000000,1693339200448000000,,True
HSCSW_2023-08-31_42.67,HSCSW,2023-08-31,True,116,ns,True,0.0,True,True,1693410909502000000,1693512000059000000,,True
HSCSW_2023-09-06_42.86,HSCSW,2023-09-06,True,81,ns,True,0.0,True,True,1693926854181000000,1694030400454000000,,True
HSCSW_2023-09-25_45.49,HSCSW,2023-09-25,True,12,ns,True,0.0,True,True,1695660672607000000,1695672000057000000,,True
HSCSW_2023-11-07_309.84,HSCSW,2023-11-07,True,9,ns,True,0.0,True,True,1699272006995000000,1699390966871000000,,True
HSCSW_2023-11-10_50.00,HSCSW,2023-11-10,True,25,ns,True,0.0,True,True,1699540200400000000,1699650000197000000,,True
HSCSW_2023-12-14_100.00,HSCSW,2023-12-14,True,3,ns,True,0.0,True,True,1702585160195000000,1702587600057000000,,True
HSCSW_2023-12-28_59.68,HSCSW,2023-12-28,True,15,ns,True,0.0,True,True,1703688773860000000,1703797200060000000,,True
HSCSW_2024-01-02_79.80,HSCSW,2024-01-02,True,4,ns,True,0.0,True,True,1704205800107000000,1704229200426000000,,True
HSCSW_2024-01-31_70.00,HSCSW,2024-01-31,True,2,ns,True,0.0,True,True,1706733781328000000,1706734800059000000,,True
HSCSW_2024-02-05_41.27,HSCSW,2024-02-05,True,11,ns,True,0.0,True,True,1706904942434000000,1707166800191000000,,True
HSCSW_2024-02-28_70.00,HSCSW,2024-02-28,True,4,ns,True,0.0,True,True,1709133441790000000,1709154000063000000,,True
HSCSW_2024-03-06_60.00,HSCSW,2024-03-06,True,6,ns,True,0.0,True,True,1709754824877000000,1709758800144000000,,True
HSCSW_2024-04-15_81.03,HSCSW,2024-04-15,True,17,ns,True,0.0,True,True,1713195109588000000,1713211200160000000,,True
HSCSW_2024-04-22_78.00,HSCSW,2024-04-22,True,70,ns,True,0.0,True,True,1713555424258000000,1713816000225000000,,True
HSCSW_2024-05-02_100.00,HSCSW,2024-05-02,True,3,ns,True,0.0,True,True,1714571748077000000,1714680000066000000,,True
HSCSW_2024-05-16_139.00,HSCSW,2024-05-16,True,1101,ns,True,0.0,True,True,1715794593142000000,1715898511005000000,,True
HSDT_2020-04-28_33.14,HSDT,2020-04-28,True,4924,ns,True,0.0006092607636068237,True,True,1587994199355000000,1588118271211000000,,True
HSDT_2020-05-12_100.00,HSDT,2020-05-12,True,29081,ns,True,0.001237921667067845,True,True,1589197770709000000,1589327905139000000,,True
HSDT_2020-06-08_36.19,HSDT,2020-06-08,True,10609,ns,True,0.00037703836365350174,True,True,1591358401682000000,1591660782814000000,,True
HSDT_2021-01-05_202.76,HSDT,2021-01-05,True,26511,ns,True,0.0010561653653200559,True,True,1609766159820000000,1609894715802000000,,True
HSDT_2021-03-26_50.18,HSDT,2021-03-26,True,20794,ns,True,0.00048090795421756275,True,True,1616679001030000000,1616803195168000000,,True
HSDT_2022-05-17_31.44,HSDT,2022-05-17,True,429,ns,True,0.0,True,True,1652707800599000000,1652817600808000000,,True
HSDT_2022-05-24_32.14,HSDT,2022-05-24,True,817,ns,True,0.0,True,True,1653312601409000000,1653425801410000000,,True
HSDT_2022-05-31_36.57,HSDT,2022-05-31,True,1074,ns,True,0.006517690875232775,True,True,1653991044888000000,1654031679505000000,,True
HSDT_2022-06-01_80.82,HSDT,2022-06-01,True,142228,ns,True,0.001124954298731614,True,True,1653991044888000000,1654127996631000000,,True
HSDT_2022-07-12_80.99,HSDT,2022-07-12,True,31374,ns,True,0.0008605851979345956,True,True,1657526400026000000,1657670398012000000,,True
HSDT_2022-08-03_328.57,HSDT,2022-08-03,True,144768,ns,True,0.0010223253757736517,True,True,1659436247065000000,1659571179986000000,,True
HSDT_2022-11-16_41.37,HSDT,2022-11-16,True,6482,ns,True,0.000617093489663684,True,True,1668513642013000000,1668646672374000000,,True
HSDT_2023-06-07_82.67,HSDT,2023-06-07,True,18381,ns,True,0.0003808280289429302,True,True,1686054393567000000,1686182385842000000,,True
HSDT_2023-06-29_30.76,HSDT,2023-06-29,True,808,ns,True,0.0,True,True,1687940527172000000,1688083042344000000,,True
HSDT_2024-12-02_33.06,HSDT,2024-12-02,True,1283,ns,True,0.000779423226812159,True,True,1732878710698000000,1733186673032000000,,True
IDAI_2022-01-19_40.81,IDAI,2022-01-19,True,182,ns,True,0.0,True,True,1642516200684000000,1642619227447000000,,True
IDAI_2022-06-24_38.06,IDAI,2022-06-24,True,476,ns,True,0.0021008403361344537,True,True,1655985604118000000,1656114406812000000,,True
IDAI_2022-12-28_33.98,IDAI,2022-12-28,True,156,ns,True,0.0,True,True,1672151401057000000,1672261201100000000,,True
IFBD_2022-06-21_54.94,IFBD,2022-06-21,True,2442,ns,True,0.0,True,True,1655818200719000000,1655855148769000000,,True
IFBD_2022-12-09_46.27,IFBD,2022-12-09,True,993,ns,True,0.0030211480362537764,True,True,1670504020029000000,1670628181959000000,,True
IFBD_2022-12-22_32.50,IFBD,2022-12-22,True,275,ns,True,0.0,True,True,1671631142434000000,1671756184738000000,,True
IFBD_2023-01-06_68.83,IFBD,2023-01-06,True,3074,ns,True,0.0035783994795055302,True,True,1672929000382000000,1673040512232000000,,True
IFBD_2023-01-30_33.66,IFBD,2023-01-30,True,1739,ns,True,0.0023001725129384704,True,True,1674818084605000000,1675125243449000000,,True
IFBD_2023-02-01_32.77,IFBD,2023-02-01,True,2258,ns,True,0.0008857395925597874,True,True,1675156535278000000,1675298209375000000,,True
INBS_2022-12-12_43.06,INBS,2022-12-12,True,750,ns,True,0.0013333333333333333,True,True,1670590800841000000,1670892952086000000,,True
IVDA_2022-03-01_33.61,IVDA,2022-03-01,True,64,ns,True,0.0,True,True,1646058600583000000,1646168189992000000,,True
IVP_2023-09-21_35.20,IVP,2023-09-21,True,5860,ns,True,0.0011945392491467576,True,True,1695197913405000000,1695338820690000000,,True
IVP_2023-11-21_57.87,IVP,2023-11-21,True,6378,ns,True,0.0007839448102853559,True,True,1700472088908000000,1700614786296000000,,True
IXHL_2022-03-11_32.95,IXHL,2022-03-11,True,79,ns,True,0.0,True,True,1646922604360000000,1647045235078000000,,True
JAGX_2020-05-21_34.65,JAGX,2020-05-21,True,9365,ns,True,0.0008542445274959958,True,True,1589967232174000000,1590105491128000000,,True
JAGX_2020-05-29_41.94,JAGX,2020-05-29,True,52883,ns,True,0.001304767127432256,True,True,1590655848638000000,1590796782386000000,,True
JAGX_2020-09-10_56.62,JAGX,2020-09-10,True,64446,ns,True,0.0009310120100549297,True,True,1599644966532000000,1599782366959000000,,True
JAGX_2020-10-06_31.29,JAGX,2020-10-06,True,44891,ns,True,0.0012920184446771068,True,True,1601885875812000000,1602028798815000000,,True
JAGX_2020-11-30_85.71,JAGX,2020-11-30,True,90390,ns,True,0.0011063170704723973,True,True,1606468072069000000,1606784398829000000,,True
JAGX_2020-12-01_108.35,JAGX,2020-12-01,True,314095,ns,True,0.0010506375459653926,True,True,1606726809644000000,1606870797612000000,,True
JAGX_2020-12-22_33.54,JAGX,2020-12-22,True,95964,ns,True,0.0010733191613521737,True,True,1608541204332000000,1608685199384000000,,True
JAGX_2020-12-23_225.92,JAGX,2020-12-23,True,653088,ns,True,0.0009095252094664119,True,True,1608627612199000000,1608771599929000000,,True
JAGX_2020-12-31_44.51,JAGX,2020-12-31,True,176944,ns,True,0.001017271000994665,True,True,1609318916924000000,1609462799746000000,,True
JAGX_2021-01-04_126.99,JAGX,2021-01-04,True,402875,ns,True,0.001077257213775985,True,True,1609750800044000000,1609808399793000000,,True
JAGX_2021-01-05_67.98,JAGX,2021-01-05,True,1070448,ns,True,0.0010724481712329791,True,True,1609750800044000000,1609894798929000000,,True
JAGX_2021-01-07_46.77,JAGX,2021-01-07,True,346393,ns,True,0.0008747289927914248,True,True,1609923600043000000,1610067597035000000,,True
JAGX_2021-01-08_66.79,JAGX,2021-01-08,True,886760,ns,True,0.0008266047183003293,True,True,1610010000043000000,1610153995904000000,,True
JAGX_2021-03-08_55.00,JAGX,2021-03-08,True,163638,ns,True,0.0013016536501301655,True,True,1614934841758000000,1615251571403000000,,True
JAGX_2021-10-26_31.68,JAGX,2021-10-26,True,69867,ns,True,0.0015171683341205432,True,True,1635148800058000000,1635292797523000000,,True
JAGX_2021-12-21_63.91,JAGX,2021-12-21,True,148700,ns,True,0.0008002689979825151,True,True,1639990800051000000,1640134792862000000,,True
JAGX_2022-03-15_52.45,JAGX,2022-03-15,True,37668,ns,True,0.001194647977062759,True,True,1647244885771000000,1647388793990000000,,True
JAGX_2022-03-31_52.17,JAGX,2022-03-31,True,42094,ns,True,0.0019480210956430845,True,True,1648627340760000000,1648771194926000000,,True
JFBR_2023-01-05_34.43,JFBR,2023-01-05,True,1333,ns,True,0.0007501875468867217,True,True,1672842600987000000,1672966775592000000,,True
JFBR_2023-11-22_38.09,JFBR,2023-11-22,True,1784,ns,True,0.0,True,True,1700568555942000000,1700686800330000000,,True
JFBR_2023-12-14_35.38,JFBR,2023-12-14,True,2471,ns,True,0.0004046944556859571,True,True,1702473060071000000,1702601898120000000,,True
JTAI_2023-11-14_30.48,JTAI,2023-11-14,True,522,ns,True,0.0,True,True,1699866157554000000,1700007722563000000,,True
JTAI_2023-11-16_36.76,JTAI,2023-11-16,True,1256,ns,True,0.0007961783439490446,True,True,1700052095937000000,1700171265154000000,,True
KELYB_2020-04-17_30.43,KELYB,2020-04-17,True,10,ns,True,0.0,True,True,1587130357742000000,1587156915020000000,,True
KXIN_2020-03-20_38.73,KXIN,2020-03-20,True,240,ns,True,0.004166666666666667,True,True,1584624600930000000,1584734400594000000,,True
KXIN_2020-03-24_45.07,KXIN,2020-03-24,True,113,ns,True,0.0,True,True,1584970200922000000,1585094150393000000,,True
KXIN_2020-04-30_54.68,KXIN,2020-04-30,True,1610,ns,True,0.0,True,True,1588147538127000000,1588288058572000000,,True
KXIN_2020-06-09_33.26,KXIN,2020-06-09,True,1358,ns,True,0.0,True,True,1591617603959000000,1591744143419000000,,True
KXIN_2020-06-12_42.22,KXIN,2020-06-12,True,1852,ns,True,0.0032397408207343412,True,True,1591873354107000000,1592005010903000000,,True
KXIN_2020-07-29_43.48,KXIN,2020-07-29,True,2100,ns,True,0.0004761904761904762,True,True,1595932445765000000,1596065203027000000,,True
LCFYW_2022-05-04_38.89,LCFYW,2022-05-04,True,163,ns,True,0.0,True,True,1651600819240000000,1651694400805000000,,True
LCFYW_2022-05-09_57.45,LCFYW,2022-05-09,True,114,ns,True,0.008771929824561403,True,True,1651852054731000000,1652126400439000000,,True
LCFYW_2022-05-13_50.00,LCFYW,2022-05-13,True,47,ns,True,0.0,True,True,1652368413214000000,1652472000123000000,,True
LCFYW_2022-07-08_50.10,LCFYW,2022-07-08,True,10,ns,True,0.0,True,True,1657307192201000000,1657310401875000000,,True
LCFYW_2022-07-28_34.94,LCFYW,2022-07-28,True,47,ns,True,0.0,True,True,1658948060865000000,1659038400441000000,,True
LCFYW_2022-08-09_37.11,LCFYW,2022-08-09,True,13,ns,True,0.0,True,True,1660074189199000000,1660075200883000000,,True
LCFYW_2022-09-13_32.33,LCFYW,2022-09-13,True,21,ns,True,0.0,True,True,1662991643263000000,1663099201111000000,,True
LCFYW_2022-12-07_222.11,LCFYW,2022-12-07,True,74,ns,True,0.0,True,True,1670340639025000000,1670455927598000000,,True
LCFYW_2022-12-13_440.00,LCFYW,2022-12-13,True,28,ns,True,0.0,True,True,1670858672223000000,1670965200601000000,,True
LCFYW_2022-12-14_321.90,LCFYW,2022-12-14,True,74,ns,True,0.0,True,True,1670944934388000000,1671051600977000000,,True
LCFYW_2022-12-19_234.88,LCFYW,2022-12-19,True,34,ns,True,0.0,True,True,1671203083430000000,1671483600348000000,,True
LCFYW_2022-12-21_134.31,LCFYW,2022-12-21,True,20,ns,True,0.0,True,True,1671546600914000000,1671656400950000000,,True
LCFYW_2022-12-30_102.21,LCFYW,2022-12-30,True,124,ns,True,0.0,True,True,1672329699584000000,1672434000998000000,,True
LCFYW_2023-05-01_32.81,LCFYW,2023-05-01,True,74,ns,True,0.0,True,True,1682688916684000000,1682973410054000000,,True
LCFYW_2023-06-01_572.55,LCFYW,2023-06-01,True,125,ns,True,0.0,True,True,1685530805389000000,1685649600515000000,,True
LCFYW_2023-10-31_46.04,LCFYW,2023-10-31,True,25,ns,True,0.0,True,True,1698663625028000000,1698782400055000000,,True
LCFYW_2024-04-08_38.80,LCFYW,2024-04-08,True,26,ns,True,0.0,True,True,1712323800754000000,1712606400295000000,,True
LCFYW_2024-04-18_32.72,LCFYW,2024-04-18,True,24,ns,True,0.0,True,True,1713360201534000000,1713470400216000000,,True
LCFYW_2024-07-18_38.77,LCFYW,2024-07-18,True,50,ns,True,0.0,True,True,1721223000056000000,1721332800107000000,,True
LEXXW_2022-02-23_53.12,LEXXW,2022-02-23,True,18,ns,True,0.0,True,True,1645553178758000000,1645650000096000000,,True
LEXXW_2022-05-16_72.91,LEXXW,2022-05-16,True,20,ns,True,0.0,True,True,1652448949917000000,1652731200102000000,,True
LEXXW_2022-07-05_58.58,LEXXW,2022-07-05,True,12,ns,True,0.0,True,True,1657035459571000000,1657051200376000000,,True
LEXXW_2024-04-19_63.16,LEXXW,2024-04-19,True,27,ns,True,0.0,True,True,1713447000929000000,1713556800404000000,,True
LEXXW_2024-10-04_39.15,LEXXW,2024-10-04,True,26,ns,True,0.0,True,True,1727962201160000000,1728072000348000000,,True
LGHL_2020-06-18_32.00,LGHL,2020-06-18,True,2463,ns,True,0.0008120178643930166,True,True,1592396224209000000,1592524730598000000,,True
LGHL_2020-06-24_38.10,LGHL,2020-06-24,True,2283,ns,True,0.001314060446780552,True,True,1592918178842000000,1593043195723000000,,True
LGHL_2020-06-30_72.00,LGHL,2020-06-30,True,5330,ns,True,0.0009380863039399625,True,True,1593436218802000000,1593561551390000000,,True
LGHL_2020-10-16_30.25,LGHL,2020-10-16,True,1705,ns,True,0.002932551319648094,True,True,1602757265988000000,1602890243545000000,,True
LICN_2023-07-03_30.30,LICN,2023-07-03,True,189,ns,True,0.0,True,True,1688126930210000000,1688407906561000000,,True
LICN_2024-02-08_30.19,LICN,2024-02-08,True,415,ns,True,0.0,True,True,1707316200182000000,1707426000360000000,,True
LMFA_2020-03-19_33.18,LMFA,2020-03-19,True,184,ns,True,0.0,True,True,1584538201227000000,1584648000514000000,,True
LXEH_2022-06-28_35.98,LXEH,2022-06-28,True,118,ns,True,0.0,True,True,1656327946129000000,1656449080334000000,,True
LXEH_2022-08-02_67.31,LXEH,2022-08-02,True,84,ns,True,0.0,True,True,1659353535438000000,1659484775138000000,,True
LXEH_2022-08-10_54.02,LXEH,2022-08-10,True,79,ns,True,0.0,True,True,1660049929851000000,1660161600808000000,,True
LXEH_2022-11-17_37.27,LXEH,2022-11-17,True,53,ns,True,0.0,True,True,1668609000738000000,1668727212168000000,,True
LXEH_2022-12-09_42.22,LXEH,2022-12-09,True,49,ns,True,0.0,True,True,1670509800522000000,1670619600821000000,,True
LXEH_2023-01-12_46.51,LXEH,2023-01-12,True,146,ns,True,0.0,True,True,1673448648792000000,1673557200532000000,,True
LXEH_2023-01-13_46.18,LXEH,2023-01-13,True,213,ns,True,0.0,True,True,1673533705710000000,1673643600598000000,,True
LXEH_2023-03-14_68.10,LXEH,2023-03-14,True,279,ns,True,0.0035842293906810036,True,True,1678714200510000000,1678826030367000000,,True
MBIO_2020-03-17_35.85,MBIO,2020-03-17,True,5585,ns,True,0.00035810205908683976,True,True,1584355582341000000,1584489108364000000,,True
MLGO_2022-12-20_36.31,MLGO,2022-12-20,True,17326,ns,True,0.0010966177998383933,True,True,1671440400005000000,1671584351227000000,,True
MLGO_2022-12-21_35.00,MLGO,2022-12-21,True,26732,ns,True,0.0007855753404159808,True,True,1671527345972000000,1671670791042000000,,True
MLGO_2023-01-11_41.61,MLGO,2023-01-11,True,10254,ns,True,0.0012677979325141408,True,True,1673343955820000000,1673485127311000000,,True
MLGO_2023-05-01_41.84,MLGO,2023-05-01,True,5495,ns,True,0.0012738853503184713,True,True,1682670126794000000,1682985372045000000,,True
MLGO_2023-09-12_42.98,MLGO,2023-09-12,True,674,ns,True,0.0,True,True,1694433781926000000,1694562842524000000,,True
MLGO_2023-09-29_37.72,MLGO,2023-09-29,True,9089,ns,True,0.0006601386291121135,True,True,1695888390497000000,1696031916753000000,,True
MLGO_2023-10-13_56.96,MLGO,2023-10-13,True,37808,ns,True,0.0013224714346170123,True,True,1697098746562000000,1697241589877000000,,True
MLGO_2023-11-10_35.40,MLGO,2023-11-10,True,2869,ns,True,0.0006971070059254096,True,True,1699534800145000000,1699662520812000000,,True
MNPR_2020-03-17_37.94,MNPR,2020-03-17,True,146,ns,True,0.0,True,True,1584363551904000000,1584475200381000000,,True
NAAS_2022-12-30_36.79,NAAS,2022-12-30,True,2057,ns,True,0.0,True,True,1672315200108000000,1672439717354000000,,True
NAOV_2020-03-27_41.63,NAOV,2020-03-27,True,1295,ns,True,0.0,True,True,1585230692163000000,1585342782238000000,,True
NAOV_2022-05-13_30.00,NAOV,2022-05-13,True,1723,ns,True,0.0,True,True,1652346011335000000,1652484879502000000,,True
NAOV_2023-11-06_38.68,NAOV,2023-11-06,True,827,ns,True,0.0036275695284159614,True,True,1699000479626000000,1699318230565000000,,True
NCNA_2020-03-02_157.66,NCNA,2020-03-02,True,9138,ns,True,0.000984898227183191,True,True,1582891200058000000,1583196983459000000,,True
NCNA_2020-03-03_51.42,NCNA,2020-03-03,True,18450,ns,True,0.0009214092140921409,True,True,1583153715639000000,1583281340121000000,,True
NCNA_2020-03-04_33.76,NCNA,2020-03-04,True,16835,ns,True,0.0007128007128007127,True,True,1583227525270000000,1583369585918000000,,True
NCNA_2020-07-24_32.04,NCNA,2020-07-24,True,3974,ns,True,0.0,True,True,1595509084531000000,1595635142424000000,,True
NCNA_2022-07-13_49.65,NCNA,2022-07-13,True,8700,ns,True,0.0005747126436781609,True,True,1657620999118000000,1657756760672000000,,True
NCNA_2022-07-25_30.23,NCNA,2022-07-25,True,4079,ns,True,0.001225790634959549,True,True,1658488566510000000,1658793534968000000,,True
NCNA_2023-01-05_30.86,NCNA,2023-01-05,True,1658,ns,True,0.0024125452352231603,True,True,1672833897052000000,1672966680162000000,,True
NCNA_2023-03-21_37.80,NCNA,2023-03-21,True,2223,ns,True,0.002699055330634278,True,True,1679303935702000000,1679443171627000000,,True
NCNA_2023-03-23_30.86,NCNA,2023-03-23,True,4763,ns,True,0.0010497585555322277,True,True,1679472000037000000,1679615963979000000,,True
NCNA_2023-10-17_32.68,NCNA,2023-10-17,True,1854,ns,True,0.0016181229773462784,True,True,1697443351714000000,1697579513135000000,,True
NCNA_2023-12-27_31.49,NCNA,2023-12-27,True,1640,ns,True,0.003658536585365854,True,True,1703581221788000000,1703722928023000000,,True
NCPL_2022-07-12_58.57,NCPL,2022-07-12,True,22,ns,True,0.0,True,True,1657547533301000000,1657655251280000000,,True
NCRA_2022-02-17_30.71,NCRA,2022-02-17,True,12,ns,True,0.0,True,True,1645108760550000000,1645123892944000000,,True
NDRA_2020-04-28_55.17,NDRA,2020-04-28,True,4692,ns,True,0.0008525149190110827,True,True,1587994200500000000,1588117047688000000,,True
NDRA_2021-01-19_66.67,NDRA,2021-01-19,True,34266,ns,True,0.0005836689429755443,True,True,1611046800046000000,1611104398128000000,,True
NDRA_2021-01-20_48.28,NDRA,2021-01-20,True,118421,ns,True,0.0010133337837039038,True,True,1611046800046000000,1611190770663000000,,True
NDRA_2022-12-12_55.95,NDRA,2022-12-12,True,4395,ns,True,0.0027303754266211604,True,True,1670577530302000000,1670892852284000000,,True
NDRA_2023-04-28_36.43,NDRA,2023-04-28,True,3087,ns,True,0.0006478781988986071,True,True,1682601551452000000,1682724700305000000,,True
NDRA_2023-08-15_30.68,NDRA,2023-08-15,True,2430,ns,True,0.0,True,True,1692018913731000000,1692138282435000000,,True
NDRA_2023-12-20_45.61,NDRA,2023-12-20,True,2319,ns,True,0.00129366106080207,True,True,1702996200076000000,1703120202166000000,,True
NDRA_2024-05-02_32.14,NDRA,2024-05-02,True,944,ns,True,0.0,True,True,1714558071493000000,1714691812602000000,,True
NE.WS_2024-11-06_48.26,NE.WS,2024-11-06,True,29,ns,True,0.0,True,True,1730821635968000000,1730937600003000000,,True
NEOVW_2022-08-26_438.55,NEOVW,2022-08-26,True,28,ns,True,0.0,True,True,1661435141299000000,1661544000920000000,,True
NEOVW_2022-09-30_34.11,NEOVW,2022-09-30,True,29,ns,True,0.0,True,True,1664466321129000000,1664568000899000000,,True
NEOVW_2022-12-19_33.78,NEOVW,2022-12-19,True,21,ns,True,0.0,True,True,1671206609341000000,1671483600396000000,,True
NEOVW_2023-01-17_39.93,NEOVW,2023-01-17,True,22,ns,True,0.0,True,True,1673966302811000000,1673989201052000000,,True
NEOVW_2023-03-28_33.33,NEOVW,2023-03-28,True,13,ns,True,0.0,True,True,1679925757216000000,1680033600819000000,,True
NEOVW_2023-07-26_63.61,NEOVW,2023-07-26,True,29,ns,True,0.0,True,True,1690292560135000000,1690401600250000000,,True
NIVF_2024-08-23_32.26,NIVF,2024-08-23,True,1997,ns,True,0.000500751126690035,True,True,1724317810374000000,1724457585814000000,,True
NTRBW_2022-06-13_31.31,NTRBW,2022-06-13,True,22,ns,True,0.0,True,True,1654872266499000000,1655150400930000000,,True
NTRBW_2022-09-16_39.70,NTRBW,2022-09-16,True,10,ns,True,0.0,True,True,1663248934076000000,1663358400109000000,,True
NTRBW_2022-11-09_59.86,NTRBW,2022-11-09,True,19,ns,True,0.0,True,True,1667924828170000000,1668027600449000000,,True
NTRBW_2024-04-09_87.27,NTRBW,2024-04-09,True,50,ns,True,0.0,True,True,1712582234081000000,1712692800055000000,,True
NTRBW_2024-06-28_74.65,NTRBW,2024-06-28,True,11,ns,True,0.0,True,True,1719587976119000000,1719604801996000000,,True
NTRBW_2024-07-23_35.14,NTRBW,2024-07-23,True,18,ns,True,0.0,True,True,1721678282083000000,1721767793033000000,,True
NTRBW_2024-09-10_40.31,NTRBW,2024-09-10,True,5,ns,True,0.0,True,True,1725987826270000000,1725998400368000000,,True
NTRBW_2024-09-20_31.82,NTRBW,2024-09-20,True,10,ns,True,0.0,True,True,1726762374823000000,1726862400054000000,,True
NTRBW_2024-10-25_33.33,NTRBW,2024-10-25,True,135,ns,True,0.0,True,True,1729776601212000000,1729886400653000000,,True
NUKK_2022-03-30_36.06,NUKK,2022-03-30,True,23,ns,True,0.0,True,True,1648559968805000000,1648660446990000000,,True
NUKK_2022-04-22_30.44,NUKK,2022-04-22,True,22,ns,True,0.0,True,True,1650548717446000000,1650657423652000000,,True
NUKK_2022-05-03_38.85,NUKK,2022-05-03,True,24,ns,True,0.0,True,True,1651499203385000000,1651600620100000000,,True
NUKK_2022-06-10_33.22,NUKK,2022-06-10,True,7,ns,True,0.0,True,True,1654868927210000000,1654879392224000000,,True
NUKK_2022-06-13_32.23,NUKK,2022-06-13,True,11,ns,True,0.0,True,True,1654868927210000000,1655135315052000000,,True
NUKK_2022-06-30_46.12,NUKK,2022-06-30,True,3,ns,True,0.0,True,True,1656532449429000000,1656617074696000000,,True
NUKK_2022-07-05_41.30,NUKK,2022-07-05,True,2,ns,True,0.0,True,True,1657035554540000000,1657035556041000000,,True
NUKK_2023-08-25_51.91,NUKK,2023-08-25,True,19,ns,True,0.0,True,True,1692883800388000000,1692985537212000000,,True
NUKK_2023-08-29_77.11,NUKK,2023-08-29,True,4,ns,True,0.0,True,True,1693326955206000000,1693338326383000000,,True
NUKK_2023-09-08_99.50,NUKK,2023-09-08,True,20,ns,True,0.0,True,True,1694097255457000000,1694202669543000000,,True
NUKK_2023-10-26_44.14,NUKK,2023-10-26,True,14,ns,True,0.0,True,True,1698251737411000000,1698340269668000000,,True
NUKK_2023-10-31_44.66,NUKK,2023-10-31,True,8,ns,True,0.0,True,True,1698687805906000000,1698782253198000000,,True
NUKK_2023-11-03_35.45,NUKK,2023-11-03,True,6,ns,True,0.0,True,True,1698953606077000000,1699025525786000000,,True
NUKK_2023-11-13_47.06,NUKK,2023-11-13,True,6,ns,True,0.0,True,True,1699632384985000000,1699894957655000000,,True
NUKK_2023-11-21_49.50,NUKK,2023-11-21,True,18,ns,True,0.0,True,True,1700494744288000000,1700594888655000000,,True
NUKK_2023-12-21_370.81,NUKK,2023-12-21,True,22,ns,True,0.0,True,True,1703092717486000000,1703191151063000000,,True
NUWE_2021-06-01_34.08,NUWE,2021-06-01,True,17628,ns,True,0.0009643748581801679,True,True,1622545263513000000,1622591458742000000,,True
NUWE_2022-04-11_37.44,NUWE,2022-04-11,True,6044,ns,True,0.0009927200529450694,True,True,1649421109722000000,1649721532345000000,,True
NUWE_2022-07-05_78.22,NUWE,2022-07-05,True,15625,ns,True,0.000704,True,True,1657023157708000000,1657065329390000000,,True
NUWE_2022-08-31_193.60,NUWE,2022-08-31,True,374005,ns,True,0.0008422347294822262,True,True,1661863325856000000,1661990397733000000,,True
NUWE_2022-12-28_57.42,NUWE,2022-12-28,True,7562,ns,True,0.0023803226659613857,True,True,1672131733469000000,1672275595365000000,,True
NUWE_2023-10-05_30.29,NUWE,2023-10-05,True,2658,ns,True,0.0007524454477050414,True,True,1696420800290000000,1696550322974000000,,True
NUWE_2023-10-16_35.50,NUWE,2023-10-16,True,6188,ns,True,0.0003232062055591467,True,True,1697184008635000000,1697500487124000000,,True
NUWE_2024-01-23_42.71,NUWE,2024-01-23,True,3130,ns,True,0.0019169329073482429,True,True,1705928403663000000,1706057885793000000,,True
NVAWW_2024-08-26_31.82,NVAWW,2024-08-26,True,135,ns,True,0.0,True,True,1724419964530000000,1724702400622000000,,True
NVAWW_2024-11-19_33.87,NVAWW,2024-11-19,True,19,ns,True,0.0,True,True,1731943064429000000,1732050000238000000,,True
NVNI_2024-07-05_50.51,NVNI,2024-07-05,True,95,ns,True,0.0,True,True,1720186200906000000,1720214396571000000,,True
NXPLW_2022-05-31_45.43,NXPLW,2022-05-31,True,5,ns,True,0.0,True,True,1654025472439000000,1654027200105000000,,True
NXPLW_2023-04-05_36.02,NXPLW,2023-04-05,True,28,ns,True,0.0,True,True,1680615001928000000,1680724800099000000,,True
NXPLW_2023-05-09_36.08,NXPLW,2023-05-09,True,28,ns,True,0.0,True,True,1683553111656000000,1683662400316000000,,True
NXTT_2024-05-02_36.57,NXTT,2024-05-02,True,894,ns,True,0.0022371364653243847,True,True,1714570200757000000,1714694070925000000,,True
OBLG_2020-03-23_30.53,OBLG,2020-03-23,True,651,ns,True,0.0,True,True,1584711000063000000,1585008000037000000,,True
OBLG_2020-06-09_37.93,OBLG,2020-06-09,True,891,ns,True,0.0,True,True,1591620571840000000,1591747200036000000,,True
OBLG_2020-06-15_48.44,OBLG,2020-06-15,True,1492,ns,True,0.0006702412868632708,True,True,1591968600061000000,1592265600034000000,,True
OBLG_2022-05-13_49.94,OBLG,2022-05-13,True,832,ns,True,0.004807692307692308,True,True,1652360043215000000,1652486246191000000,,True
OCSAW_2024-01-04_60.54,OCSAW,2024-01-04,True,6,ns,True,0.0,True,True,1704309534480000000,1704402000080000000,,True
OCSAW_2024-01-24_39.13,OCSAW,2024-01-24,True,29,ns,True,0.0,True,True,1706042028354000000,1706130000120000000,,True
ONCO_2024-05-16_39.78,ONCO,2024-05-16,True,3266,ns,True,0.000612369871402327,True,True,1715766081101000000,1715903997846000000,,True
OST_2023-08-21_37.48,OST,2023-08-21,True,670,ns,True,0.0,True,True,1692360001231000000,1692658313771000000,,True
OST_2024-04-23_44.50,OST,2024-04-23,True,1182,ns,True,0.0,True,True,1713773376318000000,1713916696290000000,,True
PCTTU_2024-02-16_41.31,PCTTU,2024-02-16,True,16,ns,True,0.0,True,True,1708007403354000000,1708117200200000000,,True
PCTTW_2023-11-20_32.65,PCTTW,2023-11-20,True,39,ns,True,0.0,True,True,1700235855553000000,1700514000071000000,,True
PETZ_2020-03-19_45.33,PETZ,2020-03-19,True,110,ns,True,0.0,True,True,1584538201408000000,1584648000554000000,,True
PIIIW_2022-11-01_68.82,PIIIW,2022-11-01,True,12,ns,True,0.0,True,True,1667246400729000000,1667332800753000000,,True
PMTS_2021-08-05_2259.44,PMTS,2021-08-05,True,110,ns,True,0.0,True,True,1628170201526000000,1628193600838000000,,True
POAI_2020-01-24_40.44,POAI,2020-01-24,True,1384,ns,True,0.000722543352601156,True,True,1579789800351000000,1579912973264000000,,True
PPCB_2022-02-03_61.62,PPCB,2022-02-03,True,60,ns,True,0.0,True,True,1643813098136000000,1643921930248000000,,True
PPCB_2022-02-04_92.31,PPCB,2022-02-04,True,66,ns,True,0.0,True,True,1643904609019000000,1644008589451000000,,True
PPCB_2022-03-02_132.14,PPCB,2022-03-02,True,173,ns,True,0.0,True,True,1646145709138000000,1646256219696000000,,True
PPCB_2022-03-16_43.70,PPCB,2022-03-16,True,99,ns,True,0.0,True,True,1647351002308000000,1647460638355000000,,True
PPCB_2022-03-17_39.43,PPCB,2022-03-17,True,127,ns,True,0.0,True,True,1647437409619000000,1647547457401000000,,True
PPCB_2022-03-22_133.79,PPCB,2022-03-22,True,581,ns,True,0.0017211703958691911,True,True,1647869405965000000,1647979590936000000,,True
PPCB_2022-04-20_30.43,PPCB,2022-04-20,True,80,ns,True,0.0,True,True,1650375000180000000,1650483464426000000,,True
PPCB_2022-04-25_41.34,PPCB,2022-04-25,True,146,ns,True,0.0,True,True,1650640841907000000,1650917228929000000,,True
PPCB_2022-05-11_64.77,PPCB,2022-05-11,True,390,ns,True,0.0,True,True,1652189400103000000,1652299167046000000,,True
PPCB_2022-06-14_43.55,PPCB,2022-06-14,True,131,ns,True,0.0,True,True,1655127000591000000,1655237042745000000,,True
PPCB_2022-06-22_42.86,PPCB,2022-06-22,True,168,ns,True,0.0,True,True,1655818219945000000,1655927760001000000,,True
PPCB_2022-06-24_223.81,PPCB,2022-06-24,True,1484,ns,True,0.0006738544474393531,True,True,1655991000206000000,1656100796176000000,,True
PPCB_2022-06-28_33.33,PPCB,2022-06-28,True,589,ns,True,0.003395585738539898,True,True,1656336600247000000,1656446374252000000,,True
PPCB_2022-06-29_74.42,PPCB,2022-06-29,True,530,ns,True,0.0018867924528301887,True,True,1656417603186000000,1656533431973000000,,True
PPCB_2022-07-01_38.78,PPCB,2022-07-01,True,333,ns,True,0.0,True,True,1656595838685000000,1656705529446000000,,True
PPCB_2022-07-05_43.88,PPCB,2022-07-05,True,570,ns,True,0.0017543859649122807,True,True,1657027387306000000,1657051914004000000,,True
PPCB_2022-07-12_42.31,PPCB,2022-07-12,True,435,ns,True,0.0,True,True,1657546207867000000,1657656115534000000,,True
PPCB_2022-07-25_55.88,PPCB,2022-07-25,True,835,ns,True,0.0,True,True,1658497628965000000,1658779611222000000,,True
PPCB_2022-09-08_145.00,PPCB,2022-09-08,True,2351,ns,True,0.0012760527435133986,True,True,1662557703619000000,1662667204733000000,,True
PPCB_2022-09-12_30.43,PPCB,2022-09-12,True,1274,ns,True,0.0,True,True,1662729872055000000,1663012730904000000,,True
PPCB_2022-11-10_50.00,PPCB,2022-11-10,True,89,ns,True,0.0,True,True,1668090835409000000,1668113982779000000,,True
PPCB_2022-11-15_33.33,PPCB,2022-11-15,True,169,ns,True,0.0,True,True,1668436201453000000,1668545938492000000,,True
PPCB_2022-12-14_57.14,PPCB,2022-12-14,True,154,ns,True,0.006493506493506494,True,True,1670941800153000000,1671051159539000000,,True
PPCB_2022-12-19_33.33,PPCB,2022-12-19,True,27,ns,True,0.0,True,True,1671202450696000000,1671483494405000000,,True
PPCB_2022-12-21_40.00,PPCB,2022-12-21,True,67,ns,True,0.0,True,True,1671546619616000000,1671656376795000000,,True
PPCB_2022-12-27_40.00,PPCB,2022-12-27,True,27,ns,True,0.0,True,True,1672151420082000000,1672167037568000000,,True
PPCB_2023-01-11_40.00,PPCB,2023-01-11,True,111,ns,True,0.0,True,True,1673361954611000000,1673470992830000000,,True
PPCB_2023-01-18_50.00,PPCB,2023-01-18,True,71,ns,True,0.0,True,True,1673965800186000000,1674075902128000000,,True
PPCB_2023-02-07_33.33,PPCB,2023-02-07,True,79,ns,True,0.0,True,True,1675693800151000000,1675803997101000000,,True
PPCB_2023-02-16_33.33,PPCB,2023-02-16,True,152,ns,True,0.006578947368421052,True,True,1676471400326000000,1676581146278000000,,True
PPCB_2023-02-22_75.00,PPCB,2023-02-22,True,220,ns,True,0.004545454545454545,True,True,1676990144021000000,1677099557762000000,,True
PPCB_2023-02-23_69.23,PPCB,2023-02-23,True,691,ns,True,0.001447178002894356,True,True,1677076200109000000,1677185956011000000,,True
PPCB_2023-03-07_33.33,PPCB,2023-03-07,True,150,ns,True,0.0,True,True,1678113000197000000,1678221718869000000,,True
PPCB_2023-03-08_50.00,PPCB,2023-03-08,True,302,ns,True,0.0,True,True,1678199400174000000,1678309122878000000,,True
PPCB_2023-03-16_45.45,PPCB,2023-03-16,True,332,ns,True,0.0,True,True,1678887087602000000,1678996592469000000,,True
PPCB_2023-03-28_55.56,PPCB,2023-03-28,True,309,ns,True,0.003236245954692557,True,True,1679922625528000000,1680032232754000000,,True
PPCB_2023-04-17_33.33,PPCB,2023-04-17,True,150,ns,True,0.0,True,True,1681479000106000000,1681761578424000000,,True
PPCB_2023-04-24_33.33,PPCB,2023-04-24,True,140,ns,True,0.0,True,True,1682083800084000000,1682366023288000000,,True
PPCB_2023-05-02_33.33,PPCB,2023-05-02,True,126,ns,True,0.0,True,True,1682947800141000000,1683057555906000000,,True
PPCB_2023-05-03_33.33,PPCB,2023-05-03,True,137,ns,True,0.0,True,True,1683034200177000000,1683143992662000000,,True
PPCB_2023-05-11_50.00,PPCB,2023-05-11,True,189,ns,True,0.0,True,True,1683725400085000000,1683834977788000000,,True
PPCB_2023-06-26_45.83,PPCB,2023-06-26,True,107,ns,True,0.0,True,True,1687527000096000000,1687809356907000000,,True
PPCB_2023-06-27_79.53,PPCB,2023-06-27,True,100,ns,True,0.0,True,True,1687786200879000000,1687895960692000000,,True
PPCB_2023-06-30_304.47,PPCB,2023-06-30,True,751,ns,True,0.0,True,True,1688045403657000000,1688155160586000000,,True
PPCB_2023-07-03_33.33,PPCB,2023-07-03,True,865,ns,True,0.0,True,True,1688131800100000000,1688403595455000000,,True
PPCB_2023-07-10_38.00,PPCB,2023-07-10,True,196,ns,True,0.0,True,True,1688736600084000000,1689019178315000000,,True
PPCB_2023-07-18_71.46,PPCB,2023-07-18,True,305,ns,True,0.0,True,True,1689600616853000000,1689709753920000000,,True
PPCB_2023-08-23_33.33,PPCB,2023-08-23,True,110,ns,True,0.00909090909090909,True,True,1692711162702000000,1692820768574000000,,True
PPCB_2023-08-25_40.00,PPCB,2023-08-25,True,57,ns,True,0.0,True,True,1692883800111000000,1692992423919000000,,True
PPCB_2023-08-28_95.72,PPCB,2023-08-28,True,120,ns,True,0.0,True,True,1692970683405000000,1693252694360000000,,True
PPCB_2023-08-30_33.33,PPCB,2023-08-30,True,78,ns,True,0.0,True,True,1693315800097000000,1693423633619000000,,True
PPCB_2023-09-12_30.00,PPCB,2023-09-12,True,66,ns,True,0.0,True,True,1694439303355000000,1694547311683000000,,True
PPCB_2023-09-15_30.00,PPCB,2023-09-15,True,55,ns,True,0.0,True,True,1694698450623000000,1694807907010000000,,True
PPCB_2023-10-18_30.00,PPCB,2023-10-18,True,65,ns,True,0.0,True,True,1697551076372000000,1697659165953000000,,True
PPCB_2023-10-24_32.73,PPCB,2023-10-24,True,42,ns,True,0.0,True,True,1698067800305000000,1698177541899000000,,True
PPCB_2023-11-02_31.58,PPCB,2023-11-02,True,52,ns,True,0.0,True,True,1698845534681000000,1698955181979000000,,True
PPCB_2023-11-07_62.70,PPCB,2023-11-07,True,106,ns,True,0.0,True,True,1699281405506000000,1699390750196000000,,True
PPCB_2023-11-14_92.66,PPCB,2023-11-14,True,78,ns,True,0.0,True,True,1699885800151000000,1699994156116000000,,True
PPCB_2023-12-06_72.92,PPCB,2023-12-06,True,111,ns,True,0.0,True,True,1701786610174000000,1701896034850000000,,True
PPCB_2023-12-07_76.19,PPCB,2023-12-07,True,205,ns,True,0.0,True,True,1701873450924000000,1701983043571000000,,True
PPCB_2023-12-13_116.52,PPCB,2023-12-13,True,438,ns,True,0.00228310502283105,True,True,1702391468419000000,1702501460115000000,,True
PPCB_2023-12-15_57.89,PPCB,2023-12-15,True,274,ns,True,0.0,True,True,1702564200160000000,1702674172963000000,,True
PPCB_2023-12-19_77.89,PPCB,2023-12-19,True,223,ns,True,0.0,True,True,1702909800184000000,1703019026492000000,,True
PPCB_2023-12-20_39.29,PPCB,2023-12-20,True,263,ns,True,0.0,True,True,1702996200432000000,1703105829066000000,,True
PPCB_2024-01-02_30.72,PPCB,2024-01-02,True,33,ns,True,0.0,True,True,1704205800488000000,1704228525544000000,,True
PPCB_2024-02-26_120.69,PPCB,2024-02-26,True,114,ns,True,0.0,True,True,1708698618934000000,1708980960075000000,,True
PPCB_2024-03-07_47.90,PPCB,2024-03-07,True,85,ns,True,0.011764705882352941,True,True,1709735419128000000,1709844709542000000,,True
PPCB_2024-03-14_48.15,PPCB,2024-03-14,True,98,ns,True,0.0,True,True,1710336601218000000,1710446344648000000,,True
PPCB_2024-03-27_66.67,PPCB,2024-03-27,True,249,ns,True,0.0,True,True,1711459803129000000,1711569637302000000,,True
PPCB_2024-04-09_33.33,PPCB,2024-04-09,True,52,ns,True,0.0,True,True,1712583000662000000,1712692509321000000,,True
PPCB_2024-04-19_30.00,PPCB,2024-04-19,True,136,ns,True,0.0,True,True,1713447220331000000,1713554612336000000,,True
PPCB_2024-04-22_36.36,PPCB,2024-04-22,True,118,ns,True,0.0,True,True,1713533401191000000,1713815868801000000,,True
PPCB_2024-05-06_37.50,PPCB,2024-05-06,True,111,ns,True,0.0,True,True,1714743984411000000,1715025282518000000,,True
PPCB_2024-05-07_32.65,PPCB,2024-05-07,True,130,ns,True,0.0,True,True,1715002209382000000,1715111916395000000,,True
PPCB_2024-05-21_100.00,PPCB,2024-05-21,True,233,ns,True,0.0,True,True,1716211800135000000,1716321131457000000,,True
PPCB_2024-05-24_62.50,PPCB,2024-05-24,True,206,ns,True,0.0,True,True,1716471000156000000,1716578518506000000,,True
PPCB_2024-05-30_236.36,PPCB,2024-05-30,True,679,ns,True,0.0,True,True,1716989400085000000,1717099165972000000,,True
PPCB_2024-05-31_36.84,PPCB,2024-05-31,True,698,ns,True,0.0,True,True,1717075819081000000,1717185521999000000,,True
PPCB_2024-06-05_60.00,PPCB,2024-06-05,True,243,ns,True,0.0,True,True,1717507803713000000,1717617643256000000,,True
PPCB_2024-06-06_175.00,PPCB,2024-06-06,True,585,ns,True,0.0,True,True,1717594213719000000,1717703969949000000,,True
PPCB_2024-06-12_76.92,PPCB,2024-06-12,True,474,ns,True,0.002109704641350211,True,True,1718112621618000000,1718221612702000000,,True
PPCB_2024-06-13_38.10,PPCB,2024-06-13,True,581,ns,True,0.0017211703958691911,True,True,1718199000080000000,1718308758788000000,,True
PPCB_2024-06-20_38.46,PPCB,2024-06-20,True,240,ns,True,0.004166666666666667,True,True,1718890200387000000,1718913578187000000,,True
PPCB_2024-06-25_54.55,PPCB,2024-06-25,True,247,ns,True,0.0,True,True,1719235804466000000,1719345085061000000,,True
PPCB_2024-08-12_33.33,PPCB,2024-08-12,True,485,ns,True,0.0,True,True,1723210200083000000,1723492210895000000,,True
PPCB_2024-08-14_62.50,PPCB,2024-08-14,True,122,ns,True,0.0,True,True,1723555800140000000,1723661596492000000,,True
PPCB_2024-08-19_33.33,PPCB,2024-08-19,True,135,ns,True,0.0,True,True,1723815000073000000,1724097291188000000,,True
PPCB_2024-10-07_100.00,PPCB,2024-10-07,True,94,ns,True,0.010638297872340425,True,True,1728053491769000000,1728328724936000000,,True
PPCB_2024-10-11_33.33,PPCB,2024-10-11,True,24,ns,True,0.0,True,True,1728567131795000000,1728676878966000000,,True
PPCB_2024-10-16_33.33,PPCB,2024-10-16,True,11,ns,True,0.0,True,True,1728999534766000000,1729099522345000000,,True
PPCB_2024-10-18_33.33,PPCB,2024-10-18,True,71,ns,True,0.0,True,True,1729172661257000000,1729281247378000000,,True
PPCB_2024-10-22_33.33,PPCB,2024-10-22,True,57,ns,True,0.0,True,True,1729517400123000000,1729625987704000000,,True
PPCB_2024-10-25_33.33,PPCB,2024-10-25,True,74,ns,True,0.0,True,True,1729776600166000000,1729885711986000000,,True
PPCB_2024-10-31_33.33,PPCB,2024-10-31,True,42,ns,True,0.0,True,True,1730295543327000000,1730397597689000000,,True
PPCB_2024-11-04_33.33,PPCB,2024-11-04,True,33,ns,True,0.0,True,True,1730467980637000000,1730748254014000000,,True
PPCB_2024-11-15_33.33,PPCB,2024-11-15,True,23,ns,True,0.0,True,True,1731600714871000000,1731694743540000000,,True
PPCB_2024-11-18_33.33,PPCB,2024-11-18,True,44,ns,True,0.0,True,True,1731682916093000000,1731961445991000000,,True
PPCB_2024-11-21_33.33,PPCB,2024-11-21,True,20,ns,True,0.0,True,True,1732114077620000000,1732211081516000000,,True
PPCB_2024-11-25_33.33,PPCB,2024-11-25,True,81,ns,True,0.0,True,True,1732287497325000000,1732560356917000000,,True
PPCB_2024-12-02_60.00,PPCB,2024-12-02,True,29,ns,True,0.0,True,True,1732892531401000000,1733170814956000000,,True
PPCB_2024-12-11_50.00,PPCB,2024-12-11,True,33,ns,True,0.0,True,True,1733844543950000000,1733945667958000000,,True
PPCB_2024-12-12_50.00,PPCB,2024-12-12,True,41,ns,True,0.0,True,True,1733927400103000000,1734037112583000000,,True
PPCB_2024-12-16_50.00,PPCB,2024-12-16,True,44,ns,True,0.0,True,True,1734100200368000000,1734380730761000000,,True
PPCB_2024-12-23_50.00,PPCB,2024-12-23,True,35,ns,True,0.0,True,True,1734705291895000000,1734986658118000000,,True
PPCB_2024-12-26_50.00,PPCB,2024-12-26,True,11,ns,True,0.0,True,True,1735223400135000000,1735240675045000000,,True
PPCB_2024-12-27_50.00,PPCB,2024-12-27,True,14,ns,True,0.0,True,True,1735223400135000000,1735309804739000000,,True
PPCB_2024-12-30_50.00,PPCB,2024-12-30,True,20,ns,True,0.0,True,True,1735309800631000000,1735587416460000000,,True
PPCB_2024-12-31_50.00,PPCB,2024-12-31,True,25,ns,True,0.0,True,True,1735569000152000000,1735673990650000000,,True
PRFX_2022-12-09_59.99,PRFX,2022-12-09,True,450,ns,True,0.0022222222222222222,True,True,1670497706313000000,1670632883127000000,,True
PRFX_2022-12-28_57.21,PRFX,2022-12-28,True,83,ns,True,0.0,True,True,1672151400957000000,1672261200291000000,,True
PRFX_2023-03-24_35.88,PRFX,2023-03-24,True,319,ns,True,0.0,True,True,1679581247081000000,1679701438090000000,,True
PSIX_2022-06-28_31.58,PSIX,2022-06-28,True,1,ns,True,0.0,True,True,1656428374848000000,1656428374848000000,,True
PSIX_2022-07-01_32.35,PSIX,2022-07-01,True,5,ns,True,0.0,True,True,1656595895127000000,1656682206268000000,,True
PTIX_2024-08-19_31.54,PTIX,2024-08-19,True,150,ns,True,0.0,True,True,1723815000948000000,1724097600231000000,,True
QH_2022-06-07_50.14,QH,2022-06-07,True,435,ns,True,0.0,True,True,1654514338815000000,1654645463624000000,,True
QNRX_2021-11-12_39.26,QNRX,2021-11-12,True,5966,ns,True,0.0008380824673147837,True,True,1636621871852000000,1636763315132000000,,True
RAYA_2022-12-20_47.54,RAYA,2022-12-20,True,1980,ns,True,0.0015151515151515152,True,True,1671440545946000000,1671584396932000000,,True
RAYA_2023-01-10_32.54,RAYA,2023-01-10,True,1079,ns,True,0.0018535681186283596,True,True,1673262234079000000,1673398772790000000,,True
RAYA_2023-03-24_32.90,RAYA,2023-03-24,True,1126,ns,True,0.0017761989342806395,True,True,1679578684675000000,1679691043580000000,,True
RAYA_2023-09-21_31.68,RAYA,2023-09-21,True,315,ns,True,0.0,True,True,1695216600876000000,1695340562999000000,,True
RAYA_2023-12-27_50.73,RAYA,2023-12-27,True,533,ns,True,0.00375234521575985,True,True,1703600209712000000,1703724194762000000,,True
RAYA_2024-04-10_33.93,RAYA,2024-04-10,True,1008,ns,True,0.0,True,True,1712649810555000000,1712791256218000000,,True
RAYA_2024-07-24_30.33,RAYA,2024-07-24,True,502,ns,True,0.0,True,True,1721740935347000000,1721855360626000000,,True
RAYA_2024-10-11_31.60,RAYA,2024-10-11,True,405,ns,True,0.0,True,True,1728558000929000000,1728688676213000000,,True
RAYA_2024-10-22_38.32,RAYA,2024-10-22,True,1263,ns,True,0.000791765637371338,True,True,1729517305377000000,1729641408117000000,,True
RDHL_2020-03-19_44.63,RDHL,2020-03-19,True,5023,ns,True,0.001990842126219391,True,True,1584526989886000000,1584648000515000000,,True
RDHL_2022-03-17_30.05,RDHL,2022-03-17,True,6949,ns,True,0.001439055979277594,True,True,1647424094120000000,1647561051030000000,,True
RETO_2020-01-13_41.76,RETO,2020-01-13,True,527,ns,True,0.0018975332068311196,True,True,1578667570431000000,1578955675389000000,,True
RETO_2020-01-27_30.95,RETO,2020-01-27,True,394,ns,True,0.0,True,True,1579876200665000000,1580163278090000000,,True
RETO_2020-01-29_31.89,RETO,2020-01-29,True,568,ns,True,0.0,True,True,1580221800918000000,1580345873312000000,,True
RETO_2020-01-30_43.48,RETO,2020-01-30,True,1662,ns,True,0.0024067388688327317,True,True,1580308200194000000,1580430944057000000,,True
RETO_2020-03-31_41.46,RETO,2020-03-31,True,228,ns,True,0.0,True,True,1585575000572000000,1585684800414000000,,True
RETO_2020-05-20_48.34,RETO,2020-05-20,True,614,ns,True,0.0016286644951140066,True,True,1589895181607000000,1590011990453000000,,True
RETO_2020-05-21_83.38,RETO,2020-05-21,True,2715,ns,True,0.0011049723756906078,True,True,1589977728876000000,1590105153799000000,,True
RETO_2020-05-28_36.84,RETO,2020-05-28,True,732,ns,True,0.0,True,True,1590586200288000000,1590706836831000000,,True
RETO_2020-06-12_60.15,RETO,2020-06-12,True,5754,ns,True,0.0006951685783802572,True,True,1591880282965000000,1592005726755000000,,True
RETO_2020-08-27_50.77,RETO,2020-08-27,True,4576,ns,True,0.0015297202797202797,True,True,1598448191471000000,1598572192625000000,,True
RETO_2021-05-05_31.82,RETO,2021-05-05,True,4232,ns,True,0.0011814744801512287,True,True,1620117271879000000,1620259189035000000,,True
RETO_2021-11-09_30.97,RETO,2021-11-09,True,7669,ns,True,0.0015647411657321686,True,True,1636363492678000000,1636505977519000000,,True
RETO_2021-12-23_43.69,RETO,2021-12-23,True,13608,ns,True,0.0006613756613756613,True,True,1640164486349000000,1640307597398000000,,True
RETO_2022-10-13_30.12,RETO,2022-10-13,True,571,ns,True,0.0,True,True,1665578017217000000,1665703618801000000,,True
RETO_2022-11-01_45.42,RETO,2022-11-01,True,1363,ns,True,0.0,True,True,1667213530053000000,1667344031166000000,,True
RETO_2024-02-08_47.06,RETO,2024-02-08,True,1032,ns,True,0.0,True,True,1707307205866000000,1707436253397000000,,True
REVB_2022-02-23_43.51,REVB,2022-02-23,True,112257,ns,True,0.0013184033066980232,True,True,1645520400507000000,1645664390267000000,,True
REVB_2022-03-09_127.08,REVB,2022-03-09,True,46926,ns,True,0.001022887098836466,True,True,1646732449331000000,1646873926819000000,,True
REVB_2022-03-15_79.41,REVB,2022-03-15,True,44299,ns,True,0.0011512675229689159,True,True,1647246556724000000,1647388772920000000,,True
REVB_2022-03-17_33.06,REVB,2022-03-17,True,12180,ns,True,0.0011494252873563218,True,True,1647417610098000000,1647561598108000000,,True
REVB_2022-03-23_76.69,REVB,2022-03-23,True,58916,ns,True,0.0012220788919818045,True,True,1647936516885000000,1648079996871000000,,True
REVB_2022-04-20_37.14,REVB,2022-04-20,True,2680,ns,True,0.00037313432835820896,True,True,1650365401904000000,1650499074955000000,,True
REVB_2022-04-21_43.27,REVB,2022-04-21,True,17233,ns,True,0.0010445076307085243,True,True,1650451845889000000,1650585599430000000,,True
REVB_2022-06-14_66.04,REVB,2022-06-14,True,3742,ns,True,0.0010689470871191875,True,True,1655124439189000000,1655249074017000000,,True
REVB_2022-06-29_60.20,REVB,2022-06-29,True,5945,ns,True,0.001009251471825063,True,True,1656417601120000000,1656547198548000000,,True
REVB_2022-06-30_210.05,REVB,2022-06-30,True,292771,ns,True,0.000881234821754887,True,True,1656509400858000000,1656633589731000000,,True
REVB_2022-07-06_88.91,REVB,2022-07-06,True,51772,ns,True,0.0008498802441474156,True,True,1657008000031000000,1657151975363000000,,True
REVB_2022-07-25_180.00,REVB,2022-07-25,True,187125,ns,True,0.0015657982631930528,True,True,1658488662007000000,1658793598324000000,,True
REVB_2022-10-06_42.52,REVB,2022-10-06,True,10256,ns,True,0.00078003120124805,True,True,1664957520299000000,1665100732124000000,,True
REVB_2022-10-25_100.80,REVB,2022-10-25,True,75408,ns,True,0.0013261192446424783,True,True,1666609674191000000,1666742398661000000,,True
REVB_2022-12-12_30.61,REVB,2022-12-12,True,2041,ns,True,0.0,True,True,1670578219715000000,1670893126565000000,,True
REVB_2022-12-27_44.61,REVB,2022-12-27,True,1332,ns,True,0.0007507507507507507,True,True,1672133228800000000,1672183530301000000,,True
REVB_2023-09-06_32.58,REVB,2023-09-06,True,1504,ns,True,0.0019946808510638296,True,True,1693915200229000000,1694040106072000000,,True
RNAZ_2021-09-23_101.47,RNAZ,2021-09-23,True,865817,ns,True,0.0008373593958076591,True,True,1632298868228000000,1632441598120000000,,True
RNAZ_2022-06-14_34.05,RNAZ,2022-06-14,True,2595,ns,True,0.0,True,True,1655122915626000000,1655243669079000000,,True
RNAZ_2022-10-26_43.52,RNAZ,2022-10-26,True,109015,ns,True,0.000981516305095629,True,True,1666704601394000000,1666828782971000000,,True
RNAZ_2022-12-07_178.70,RNAZ,2022-12-07,True,158925,ns,True,0.0012018247601069687,True,True,1670326173557000000,1670461195105000000,,True
RNAZ_2022-12-21_32.63,RNAZ,2022-12-21,True,2597,ns,True,0.0003850596842510589,True,True,1671526810040000000,1671670798922000000,,True
RNAZ_2022-12-28_76.70,RNAZ,2022-12-28,True,8095,ns,True,0.0008647313156269302,True,True,1672131937712000000,1672275563113000000,,True
RNAZ_2022-12-29_37.95,RNAZ,2022-12-29,True,21875,ns,True,0.001142857142857143,True,True,1672228913747000000,1672361922188000000,,True
RNAZ_2023-02-01_42.51,RNAZ,2023-02-01,True,42178,ns,True,0.0005690170230926075,True,True,1675156795238000000,1675299590509000000,,True
RNAZ_2023-02-15_93.62,RNAZ,2023-02-15,True,93181,ns,True,0.0009336667346347431,True,True,1676366535589000000,1676509177582000000,,True
RNAZ_2023-04-05_48.22,RNAZ,2023-04-05,True,27278,ns,True,0.0008065107412566903,True,True,1680598226124000000,1680739163052000000,,True
RNAZ_2023-05-23_43.81,RNAZ,2023-05-23,True,4313,ns,True,0.001159285879897983,True,True,1684750156440000000,1684885776345000000,,True
RNAZ_2023-06-02_41.52,RNAZ,2023-06-02,True,4844,ns,True,0.0008257638315441783,True,True,1685620415490000000,1685750006225000000,,True
RNAZ_2023-09-20_63.81,RNAZ,2023-09-20,True,62542,ns,True,0.0008794090371270506,True,True,1695110578450000000,1695254395372000000,,True
RNAZ_2023-09-25_381.93,RNAZ,2023-09-25,True,314132,ns,True,0.0010282301707562427,True,True,1695369931482000000,1695686396180000000,,True
RNAZ_2023-11-08_38.74,RNAZ,2023-11-08,True,6325,ns,True,0.005375494071146245,True,True,1699347600088000000,1699491488971000000,,True
RNAZ_2023-11-30_87.39,RNAZ,2023-11-30,True,38868,ns,True,0.0012864052691159823,True,True,1701248402587000000,1701392396172000000,,True
RNAZ_2024-01-11_45.93,RNAZ,2024-01-11,True,45758,ns,True,0.0005244984483587569,True,True,1704877210391000000,1705021180312000000,,True
RSVRW_2023-11-02_41.58,RSVRW,2023-11-02,True,227,ns,True,0.0,True,True,1698845400606000000,1698955200349000000,,True
SBFM_2022-01-03_32.59,SBFM,2022-01-03,True,258,ns,True,0.003875968992248062,True,True,1640963257672000000,1641243586958000000,,True
SBFM_2022-01-25_31.91,SBFM,2022-01-25,True,351,ns,True,0.0,True,True,1643034601186000000,1643144389434000000,,True
SBFMW_2022-05-17_59.74,SBFMW,2022-05-17,True,114,ns,True,0.0,True,True,1652706844350000000,1652817600397000000,,True
SBFMW_2022-08-09_101.56,SBFMW,2022-08-09,True,30,ns,True,0.0,True,True,1659970986163000000,1660075200830000000,,True
SGBX_2020-01-06_41.39,SGBX,2020-01-06,True,18481,ns,True,0.0011363021481521562,True,True,1578043212719000000,1578358346820000000,,True
SGBX_2020-02-06_33.57,SGBX,2020-02-06,True,12445,ns,True,0.0012856568903173965,True,True,1580906398432000000,1581037149178000000,,True
SGBX_2020-03-18_67.70,SGBX,2020-03-18,True,1920,ns,True,0.0,True,True,1584450524105000000,1584572563619000000,,True
SILO_2022-06-28_33.05,SILO,2022-06-28,True,16,ns,True,0.0,True,True,1656336600776000000,1656446303556000000,,True
SINT_2020-01-28_37.75,SINT,2020-01-28,True,6312,ns,True,0.0009505703422053232,True,True,1580133978706000000,1580258974327000000,,True
SINT_2020-01-30_121.92,SINT,2020-01-30,True,60107,ns,True,0.0010980418254113499,True,True,1580302193422000000,1580432397296000000,,True
SINT_2020-03-20_32.69,SINT,2020-03-20,True,5764,ns,True,0.0006939625260235947,True,True,1584617096803000000,1584748599646000000,,True
SINT_2020-03-27_85.02,SINT,2020-03-27,True,9650,ns,True,0.0008290155440414508,True,True,1585215474579000000,1585353500287000000,,True
SINT_2020-05-27_32.47,SINT,2020-05-27,True,17060,ns,True,0.0011137162954279016,True,True,1590480621039000000,1590623993833000000,,True
SINT_2021-02-09_30.64,SINT,2021-02-09,True,42252,ns,True,0.0009940357852882703,True,True,1612775042447000000,1612918792116000000,,True
SINT_2022-07-06_72.51,SINT,2022-07-06,True,3040,ns,True,0.000986842105263158,True,True,1657027690464000000,1657150756434000000,,True
SINT_2022-07-07_38.28,SINT,2022-07-07,True,3811,ns,True,0.0013119916032537393,True,True,1657114467267000000,1657237176096000000,,True
SLRX_2020-04-27_58.15,SLRX,2020-04-27,True,6563,ns,True,0.001066585403016913,True,True,1587733407530000000,1588031880242000000,,True
SLRX_2022-09-15_39.37,SLRX,2022-09-15,True,3771,ns,True,0.002386634844868735,True,True,1663143241651000000,1663285377506000000,,True
SLRX_2022-10-05_31.44,SLRX,2022-10-05,True,1377,ns,True,0.0007262164124909223,True,True,1664884800166000000,1665014379847000000,,True
SLRX_2023-08-17_31.72,SLRX,2023-08-17,True,541,ns,True,0.012939001848428836,True,True,1692187204647000000,1692311670236000000,,True
SMTK_2022-02-04_40.00,SMTK,2022-02-04,True,5,ns,True,0.0,True,True,1643905198403000000,1643989467439000000,,True
SMTK_2022-05-19_60.00,SMTK,2022-05-19,True,19,ns,True,0.0,True,True,1652886125588000000,1652988763046000000,,True
SMTK_2022-06-24_42.86,SMTK,2022-06-24,True,2,ns,True,0.0,True,True,1656086538596000000,1656088468460000000,,True
SMTK_2022-06-30_63.40,SMTK,2022-06-30,True,4,ns,True,0.0,True,True,1656611396803000000,1656614605421000000,,True
SMTK_2022-10-19_100.00,SMTK,2022-10-19,True,1,ns,True,0.0,True,True,1666191997528000000,1666191997528000000,,True
SMTK_2023-03-24_34.62,SMTK,2023-03-24,True,3,ns,True,0.0,True,True,1679670799530000000,1679673439998000000,,True
SMTK_2023-04-14_66.67,SMTK,2023-04-14,True,3,ns,True,0.0,True,True,1681491452435000000,1681491794384000000,,True
SMTK_2023-06-12_66.67,SMTK,2023-06-12,True,4,ns,True,0.0,True,True,1686592564256000000,1686599981492000000,,True
SMTK_2023-06-22_32.67,SMTK,2023-06-22,True,3,ns,True,0.0,True,True,1687442466636000000,1687461680529000000,,True
SMX_2023-03-09_30.77,SMX,2023-03-09,True,14617,ns,True,0.0009577888759663406,True,True,1678276730746000000,1678409978364000000,,True
SMX_2023-03-14_34.34,SMX,2023-03-14,True,5518,ns,True,0.0007249003262051468,True,True,1678698860828000000,1678838393842000000,,True
SMX_2023-03-23_57.89,SMX,2023-03-23,True,79500,ns,True,0.001169811320754717,True,True,1679472181212000000,1679615986503000000,,True
SMX_2023-04-10_91.69,SMX,2023-04-10,True,17805,ns,True,0.0008424599831508003,True,True,1681114433544000000,1681171196378000000,,True
SMX_2023-04-13_41.21,SMX,2023-04-13,True,15401,ns,True,0.0011038244269852607,True,True,1681286936410000000,1681430383047000000,,True
SMX_2023-04-14_50.44,SMX,2023-04-14,True,26207,ns,True,0.001144732323425039,True,True,1681373053881000000,1681516759346000000,,True
SMX_2023-05-05_69.31,SMX,2023-05-05,True,15250,ns,True,0.0017049180327868853,True,True,1683187205536000000,1683331198510000000,,True
SMX_2023-05-08_87.60,SMX,2023-05-08,True,141242,ns,True,0.0014160094023024314,True,True,1683273843069000000,1683590399732000000,,True
SMX_2023-05-23_33.18,SMX,2023-05-23,True,4490,ns,True,0.00022271714922048998,True,True,1684742403134000000,1684886393123000000,,True
SMX_2023-07-05_30.81,SMX,2023-07-05,True,33648,ns,True,0.0009807417974322396,True,True,1688544009874000000,1688601599024000000,,True
SMX_2023-07-19_67.74,SMX,2023-07-19,True,118487,ns,True,0.0010549680555672774,True,True,1689667732207000000,1689811196686000000,,True
SMX_2023-07-25_37.81,SMX,2023-07-25,True,38592,ns,True,0.0010364842454394694,True,True,1690185600031000000,1690329595712000000,,True
SMX_2023-08-30_39.04,SMX,2023-08-30,True,5804,ns,True,0.00034458993797381116,True,True,1693296192503000000,1693439751238000000,,True
SMX_2023-10-09_51.41,SMX,2023-10-09,True,10786,ns,True,0.0008344149823845726,True,True,1696579325174000000,1696895997970000000,,True
SMX_2023-10-10_124.85,SMX,2023-10-10,True,332274,ns,True,0.0009088884474861108,True,True,1696849309816000000,1696982398229000000,,True
SMX_2024-01-12_32.27,SMX,2024-01-12,True,5964,ns,True,0.001006036217303823,True,True,1704963640692000000,1705107524098000000,,True
SMX_2024-01-26_137.79,SMX,2024-01-26,True,18214,ns,True,0.0008235423300757659,True,True,1706174256037000000,1706317167900000000,,True
SMX_2024-01-30_65.78,SMX,2024-01-30,True,16653,ns,True,0.00030024620188554615,True,True,1706518875068000000,1706662765057000000,,True
SMX_2024-02-07_165.45,SMX,2024-02-07,True,192593,ns,True,0.0009657671878001797,True,True,1707211001916000000,1707353991271000000,,True
SMX_2024-02-27_31.63,SMX,2024-02-27,True,15038,ns,True,0.0007979784545817263,True,True,1708938320706000000,1709081998167000000,,True
SMX_2024-03-20_111.71,SMX,2024-03-20,True,86209,ns,True,0.0009627765082531986,True,True,1710835735335000000,1710979199235000000,,True
SMX_2024-05-16_33.06,SMX,2024-05-16,True,8412,ns,True,0.0003566333808844508,True,True,1715760896214000000,1715903985500000000,,True
SMX_2024-05-24_91.67,SMX,2024-05-24,True,39557,ns,True,0.0014156786409485046,True,True,1716451232410000000,1716595197241000000,,True
SMX_2024-06-20_72.02,SMX,2024-06-20,True,184119,ns,True,0.0011242728887295717,True,True,1718870400011000000,1718927982567000000,,True
SMX_2024-08-06_80.92,SMX,2024-08-06,True,23414,ns,True,0.001409413171606731,True,True,1722856025559000000,1722988536296000000,,True
SMX_2024-09-10_104.97,SMX,2024-09-10,True,237998,ns,True,0.0007983260363532466,True,True,1725882730671000000,1726012786024000000,,True
SMX_2024-09-13_193.88,SMX,2024-09-13,True,380280,ns,True,0.0009834858525297149,True,True,1726128264835000000,1726271998081000000,,True
SMX_2024-12-11_35.85,SMX,2024-12-11,True,78691,ns,True,0.0014359964926103366,True,True,1733821201143000000,1733965194629000000,,True
SNES_2020-02-05_70.99,SNES,2020-02-05,True,3829,ns,True,0.0005223295899712719,True,True,1580825118351000000,1580950131594000000,,True
SNES_2020-04-15_30.95,SNES,2020-04-15,True,1089,ns,True,0.0009182736455463728,True,True,1586867095228000000,1586980800320000000,,True
SNES_2022-09-01_107.11,SNES,2022-09-01,True,248,ns,True,0.0,True,True,1661952600497000000,1662076419708000000,,True
SNES_2023-01-03_32.69,SNES,2023-01-03,True,773,ns,True,0.0,True,True,1672756151557000000,1672787759354000000,,True
SNWV_2022-02-08_37.50,SNWV,2022-02-08,True,19,ns,True,0.0,True,True,1644244281216000000,1644353550037000000,,True
SNWV_2022-05-02_400.00,SNWV,2022-05-02,True,7,ns,True,0.0,True,True,1651262324759000000,1651506667112000000,,True
SNWV_2022-05-10_7042.86,SNWV,2022-05-10,True,3,ns,True,0.0,True,True,1652189433662000000,1652200575632000000,,True
SNWV_2022-06-02_33.33,SNWV,2022-06-02,True,23,ns,True,0.0,True,True,1654090200608000000,1654193090332000000,,True
SNWV_2022-06-03_33.33,SNWV,2022-06-03,True,23,ns,True,0.0,True,True,1654177273380000000,1654285084447000000,,True
SNWV_2022-08-08_41.43,SNWV,2022-08-08,True,34,ns,True,0.0,True,True,1659706234114000000,1659988586348000000,,True
SNWV_2022-10-31_36.61,SNWV,2022-10-31,True,9,ns,True,0.0,True,True,1667223164867000000,1667246609466000000,,True
SNWV_2022-11-07_99.34,SNWV,2022-11-07,True,10,ns,True,0.0,True,True,1667843924522000000,1667849588748000000,,True
SNWV_2022-11-18_30.59,SNWV,2022-11-18,True,26,ns,True,0.0,True,True,1668695961628000000,1668805187852000000,,True
SNWV_2022-11-25_50.59,SNWV,2022-11-25,True,6,ns,True,0.0,True,True,1669386751664000000,1669398820768000000,,True
SNWV_2022-11-29_34.15,SNWV,2022-11-29,True,18,ns,True,0.0,True,True,1669650435206000000,1669754476008000000,,True
SNWV_2022-12-16_59.60,SNWV,2022-12-16,True,22,ns,True,0.0,True,True,1671119464495000000,1671221948204000000,,True
SNWV_2023-01-04_66.67,SNWV,2023-01-04,True,36,ns,True,0.0,True,True,1672756200973000000,1672865990789000000,,True
SNWV_2023-01-19_39.69,SNWV,2023-01-19,True,49,ns,True,0.0,True,True,1674052200609000000,1674153320564000000,,True
SNWV_2023-09-05_34.12,SNWV,2023-09-05,True,14,ns,True,0.0,True,True,1693920602674000000,1693943232215000000,,True
SNWV_2023-09-13_43.58,SNWV,2023-09-13,True,21,ns,True,0.0,True,True,1694525400099000000,1694635041232000000,,True
SNWV_2023-09-21_78.57,SNWV,2023-09-21,True,21,ns,True,0.0,True,True,1695218632360000000,1695316397615000000,,True
SNWV_2023-09-26_33.99,SNWV,2023-09-26,True,24,ns,True,0.0,True,True,1695661779261000000,1695757335831000000,,True
SNWV_2023-11-14_49.25,SNWV,2023-11-14,True,26,ns,True,0.0,True,True,1699885800872000000,1699985651551000000,,True
SNWV_2023-11-24_40.50,SNWV,2023-11-24,True,13,ns,True,0.0,True,True,1700837964141000000,1700848736725000000,,True
SNWV_2024-04-10_49.00,SNWV,2024-04-10,True,83,ns,True,0.0,True,True,1712669400095000000,1712770666355000000,,True
SNYR_2024-06-28_1500.00,SNYR,2024-06-28,True,1,ns,True,0.0,True,True,1719601122336000000,1719601122336000000,,True
SNYR_2024-08-23_233.33,SNYR,2024-08-23,True,1,ns,True,0.0,True,True,1724435914893000000,1724435914893000000,,True
SOBR_2022-01-19_30.83,SOBR,2022-01-19,True,49,ns,True,0.0,True,True,1642528611516000000,1642625994875000000,,True
SOBR_2022-02-28_34.78,SOBR,2022-02-28,True,8,ns,True,0.0,True,True,1645800940161000000,1646079844092000000,,True
SOBR_2022-06-24_40.20,SOBR,2022-06-24,True,1726,ns,True,0.0,True,True,1655980418714000000,1656112315957000000,,True
SOBR_2024-01-30_38.30,SOBR,2024-01-30,True,2063,ns,True,0.001454192922927775,True,True,1706536167583000000,1706661669534000000,,True
SOBR_2024-04-17_34.57,SOBR,2024-04-17,True,817,ns,True,0.0012239902080783353,True,True,1713269217290000000,1713394897413000000,,True
SOBR_2024-04-24_35.37,SOBR,2024-04-24,True,680,ns,True,0.0,True,True,1713869551054000000,1714002818252000000,,True
SONM_2020-03-13_30.88,SONM,2020-03-13,True,1261,ns,True,0.008723235527359239,True,True,1584011637667000000,1584143955460000000,,True
SONM_2020-03-20_169.97,SONM,2020-03-20,True,2728,ns,True,0.002932551319648094,True,True,1584624600505000000,1584739257632000000,,True
SONM_2020-03-23_40.89,SONM,2020-03-23,True,3857,ns,True,0.0010370754472387865,True,True,1584705694467000000,1585002531832000000,,True
SONM_2020-03-25_36.63,SONM,2020-03-25,True,1773,ns,True,0.0011280315848843769,True,True,1585056600886000000,1585172343518000000,,True
SONM_2020-04-01_85.71,SONM,2020-04-01,True,6733,ns,True,0.0016337442447645924,True,True,1585661400196000000,1585785497856000000,,True
SONN_2020-04-06_50.09,SONN,2020-04-06,True,9439,ns,True,0.0010594342621040365,True,True,1585913293045000000,1586217493604000000,,True
SOS_2020-07-29_34.74,SOS,2020-07-29,True,2670,ns,True,0.000749063670411985,True,True,1595943000735000000,1596063600002000000,,True
SOWG_2022-02-03_33.92,SOWG,2022-02-03,True,7,ns,True,0.0,True,True,1643899134022000000,1643921959280000000,,True
SOWG_2022-05-11_33.33,SOWG,2022-05-11,True,2,ns,True,0.0,True,True,1652212555610000000,1652296013559000000,,True
SOWG_2023-02-24_30.00,SOWG,2023-02-24,True,6,ns,True,0.0,True,True,1677162600070000000,1677266975749000000,,True
SOWG_2024-02-29_31.23,SOWG,2024-02-29,True,10,ns,True,0.0,True,True,1709133985650000000,1709232926513000000,,True
SPAQ_2023-01-30_1365.02,SPAQ,2023-01-30,True,6,ns,True,0.0,True,True,1675109132035000000,1675113300018000000,,True
SPRB_2020-11-27_36.92,SPRB,2020-11-27,True,899,ns,True,0.0,True,True,1606487400507000000,1606511589751000000,,True
SSII_2024-09-09_1146.88,SSII,2024-09-09,True,7,ns,True,0.0,True,True,1725889276406000000,1725910482656000000,,True
STKH_2022-12-30_41.89,STKH,2022-12-30,True,1014,ns,True,0.0009861932938856016,True,True,1672321703124000000,1672448398425000000,,True
STKH_2023-01-03_31.37,STKH,2023-01-03,True,893,ns,True,0.0033594624860022394,True,True,1672739452866000000,1672792856341000000,,True
STKH_2023-01-09_33.96,STKH,2023-01-09,True,1863,ns,True,0.0,True,True,1673006400007000000,1673299746906000000,,True
STRRP_2023-03-13_498.62,STRRP,2023-03-13,True,40,ns,True,0.0,True,True,1678458601622000000,1678737601163000000,,True
STSS_2022-12-14_32.74,STSS,2022-12-14,True,571,ns,True,0.0,True,True,1670937892221000000,1671063310219000000,,True
STSS_2023-01-09_36.36,STSS,2023-01-09,True,3740,ns,True,0.001336898395721925,True,True,1673010004017000000,1673312306918000000,,True
STSS_2023-01-30_42.65,STSS,2023-01-30,True,5594,ns,True,0.0010725777618877368,True,True,1674811869705000000,1675126286057000000,,True
STSS_2023-05-09_41.90,STSS,2023-05-09,True,19245,ns,True,0.000831384775266303,True,True,1683547202400000000,1683676799900000000,,True
SVRE_2023-10-10_36.84,SVRE,2023-10-10,True,480,ns,True,0.0,True,True,1696858200214000000,1696973985297000000,,True
SVRE_2024-01-30_32.65,SVRE,2024-01-30,True,1901,ns,True,0.0,True,True,1706529815846000000,1706661705646000000,,True
SVRE_2024-02-14_32.18,SVRE,2024-02-14,True,2035,ns,True,0.0,True,True,1707826416141000000,1707958572034000000,,True
SVRE_2024-06-04_35.16,SVRE,2024-06-04,True,1067,ns,True,0.0,True,True,1717416057334000000,1717544452415000000,,True
SWKH_2020-03-24_38.09,SWKH,2020-03-24,True,24,ns,True,0.0,True,True,1584970201460000000,1585080000690000000,,True
SXTC_2020-01-10_59.77,SXTC,2020-01-10,True,6192,ns,True,0.0017764857881136951,True,True,1578580200892000000,1578703677419000000,,True
SXTC_2020-01-16_55.41,SXTC,2020-01-16,True,20845,ns,True,0.0023027104821300073,True,True,1579097431363000000,1579222686641000000,,True
SXTC_2020-01-27_45.19,SXTC,2020-01-27,True,25723,ns,True,0.0006997628581425183,True,True,1579856628525000000,1580173193808000000,,True
SXTC_2020-02-03_50.87,SXTC,2020-02-03,True,22447,ns,True,0.0012919321067403216,True,True,1580465996703000000,1580777991784000000,,True
SXTC_2020-03-31_33.33,SXTC,2020-03-31,True,8512,ns,True,0.0009398496240601503,True,True,1585569411113000000,1585698090153000000,,True
SZZLU_2024-02-27_122.13,SZZLU,2024-02-27,True,46,ns,True,0.0,True,True,1709044760411000000,1709067600126000000,,True
TANH_2020-06-29_30.28,TANH,2020-06-29,True,3565,ns,True,0.0005610098176718093,True,True,1593171064803000000,1593475052991000000,,True
TANH_2020-07-06_32.94,TANH,2020-07-06,True,3244,ns,True,0.0015413070283600493,True,True,1594037220307000000,1594079843609000000,,True
TANH_2020-07-08_42.75,TANH,2020-07-08,True,13826,ns,True,0.0005062924924056126,True,True,1594109745729000000,1594252789718000000,,True
TANH_2021-12-01_58.59,TANH,2021-12-01,True,12543,ns,True,0.0009567089213106913,True,True,1638265138218000000,1638406777104000000,,True
TBLU_2024-09-30_47.75,TBLU,2024-09-30,True,40,ns,True,0.0,True,True,1727702040652000000,1727740800079000000,,True
TC_2020-10-19_36.76,TC,2020-10-19,True,1304,ns,True,0.0007668711656441718,True,True,1602853295705000000,1603151913010000000,,True
TC_2020-12-17_41.69,TC,2020-12-17,True,1779,ns,True,0.004496908375491849,True,True,1608125299681000000,1608252133799000000,,True
TC_2021-12-03_44.74,TC,2021-12-03,True,1584,ns,True,0.0006313131313131314,True,True,1638455402248000000,1638579418892000000,,True
TC_2022-08-29_34.62,TC,2022-08-29,True,603,ns,True,0.001658374792703151,True,True,1661520601690000000,1661815214239000000,,True
TENX_2020-03-17_33.34,TENX,2020-03-17,True,691,ns,True,0.0,True,True,1584364091360000000,1584482968460000000,,True
TGL_2023-01-10_85.96,TGL,2023-01-10,True,22575,ns,True,0.00115171650055371,True,True,1673272093621000000,1673398738034000000,,True
TGL_2023-04-03_44.58,TGL,2023-04-03,True,6115,ns,True,0.001635322976287817,True,True,1680264749292000000,1680566016122000000,,True
TGL_2023-05-10_54.36,TGL,2023-05-10,True,16452,ns,True,0.0004862630683199611,True,True,1683639000555000000,1683763110595000000,,True
TGL_2023-09-29_30.64,TGL,2023-09-29,True,1463,ns,True,0.0,True,True,1695902400342000000,1696030704240000000,,True
TIRX_2021-02-16_30.01,TIRX,2021-02-16,True,813,ns,True,0.0012300123001230013,True,True,1613477024057000000,1613523534639000000,,True
TIRX_2021-03-08_31.05,TIRX,2021-03-08,True,4964,ns,True,0.0012087026591458502,True,True,1614942516785000000,1615241862707000000,,True
TIRX_2021-03-15_34.47,TIRX,2021-03-15,True,3057,ns,True,0.0013084723585214263,True,True,1615558258826000000,1615852793303000000,,True
TIVC_2022-06-17_30.00,TIVC,2022-06-17,True,1816,ns,True,0.0011013215859030838,True,True,1655380434026000000,1655510069750000000,,True
TLSIW_2024-01-25_30.61,TLSIW,2024-01-25,True,251,ns,True,0.0,True,True,1706108913660000000,1706216400072000000,,True
TLSIW_2024-08-01_35.34,TLSIW,2024-08-01,True,10,ns,True,0.0,True,True,1722451392235000000,1722542402014000000,,True
TNXP_2020-01-07_40.65,TNXP,2020-01-07,True,41648,ns,True,0.0012245485977718017,True,True,1578312000087000000,1578444752035000000,,True
TNXP_2020-01-24_42.45,TNXP,2020-01-24,True,40842,ns,True,0.0008079917731746731,True,True,1579781804674000000,1579913943219000000,,True
TNXP_2020-02-26_204.15,TNXP,2020-02-26,True,224380,ns,True,0.0010295035208129067,True,True,1582632000087000000,1582765197797000000,,True
TNXP_2020-02-27_120.00,TNXP,2020-02-27,True,379071,ns,True,0.001107971857514819,True,True,1582718411212000000,1582851596425000000,,True
TNXP_2020-03-17_33.96,TNXP,2020-03-17,True,10198,ns,True,0.0014708766424789174,True,True,1584353456450000000,1584489092605000000,,True
TNXP_2020-03-20_130.05,TNXP,2020-03-20,True,127027,ns,True,0.0007951065521503302,True,True,1584605133895000000,1584748773142000000,,True
TNXP_2020-07-17_37.58,TNXP,2020-07-17,True,148733,ns,True,0.0011228173976185513,True,True,1594886487574000000,1595030397274000000,,True
TNXP_2020-07-20_129.63,TNXP,2020-07-20,True,450349,ns,True,0.000850451538695545,True,True,1594972800190000000,1595289598709000000,,True
TNXP_2020-07-21_58.71,TNXP,2020-07-21,True,730571,ns,True,0.0009403603482755269,True,True,1595232000049000000,1595375998087000000,,True
TNXP_2020-07-23_30.00,TNXP,2020-07-23,True,195800,ns,True,0.001118488253319714,True,True,1595404800046000000,1595548784541000000,,True
TNXP_2020-08-13_30.23,TNXP,2020-08-13,True,42157,ns,True,0.0011860426500936974,True,True,1597219200116000000,1597363146055000000,,True
TNXP_2020-12-07_61.90,TNXP,2020-12-07,True,172401,ns,True,0.0011600860783870163,True,True,1607072541037000000,1607389192019000000,,True
TNXP_2021-01-11_37.23,TNXP,2021-01-11,True,221549,ns,True,0.0012006373307936393,True,True,1610096400038000000,1610413196885000000,,True
TNXP_2021-02-08_30.71,TNXP,2021-02-08,True,254212,ns,True,0.0013571349896936416,True,True,1612515600049000000,1612832399035000000,,True
TNXP_2021-02-11_30.06,TNXP,2021-02-11,True,300440,ns,True,0.0011050459326321395,True,True,1612947600050000000,1613091596886000000,,True
TNXP_2022-03-03_88.38,TNXP,2022-03-03,True,266824,ns,True,0.0009257038347375049,True,True,1646211832097000000,1646355599716000000,,True
TNXP_2023-01-06_36.55,TNXP,2023-01-06,True,34907,ns,True,0.0005443034348411493,True,True,1672910541253000000,1673053179893000000,,True
TNXP_2023-01-10_31.71,TNXP,2023-01-10,True,41929,ns,True,0.0006677955591595316,True,True,1673254800045000000,1673398793058000000,,True
TNXP_2023-01-13_30.83,TNXP,2023-01-13,True,45490,ns,True,0.0007254341613541438,True,True,1673514367281000000,1673657998792000000,,True
TRNR_2023-05-17_30.12,TRNR,2023-05-17,True,2447,ns,True,0.0032693093583980384,True,True,1684236952679000000,1684359998341000000,,True
TRNR_2023-07-31_48.96,TRNR,2023-07-31,True,3756,ns,True,0.00825346112886049,True,True,1690545600100000000,1690845644559000000,,True
TRNR_2024-02-26_85.94,TRNR,2024-02-26,True,106505,ns,True,0.000948312285808178,True,True,1708698600504000000,1708995591200000000,,True
TRNR_2024-08-22_32.25,TRNR,2024-08-22,True,1533,ns,True,0.0006523157208088715,True,True,1724227306289000000,1724371019931000000,,True
TZUP_2023-04-18_33.33,TZUP,2023-04-18,True,8,ns,True,0.0,True,True,1681738365146000000,1681837999266000000,,True
TZUP_2023-05-12_69.32,TZUP,2023-05-12,True,3,ns,True,0.0,True,True,1683811815689000000,1683916448576000000,,True
TZUP_2024-02-06_35.00,TZUP,2024-02-06,True,7,ns,True,0.0,True,True,1707164059318000000,1707237793505000000,,True
UPC_2022-10-10_34.00,UPC,2022-10-10,True,1171,ns,True,0.0008539709649871904,True,True,1665130008745000000,1665441073713000000,,True
UPC_2023-01-18_45.69,UPC,2023-01-18,True,9911,ns,True,0.000807183937039653,True,True,1673946777190000000,1674087258645000000,,True
UPC_2023-06-07_38.03,UPC,2023-06-07,True,1120,ns,True,0.0017857142857142857,True,True,1686043508667000000,1686181697166000000,,True
UPC_2023-08-11_40.12,UPC,2023-08-11,True,6832,ns,True,0.000585480093676815,True,True,1691656992681000000,1691797984347000000,,True
UPC_2023-10-02_47.36,UPC,2023-10-02,True,434,ns,True,0.002304147465437788,True,True,1695989437917000000,1696288719563000000,,True
UPC_2023-10-24_32.91,UPC,2023-10-24,True,397,ns,True,0.0025188916876574307,True,True,1698049669791000000,1698191364516000000,,True
UPC_2023-10-26_31.73,UPC,2023-10-26,True,416,ns,True,0.0,True,True,1698232621721000000,1698353700713000000,,True
UPC_2023-11-20_50.53,UPC,2023-11-20,True,891,ns,True,0.0,True,True,1700226000173000000,1700527360884000000,,True
UPC_2023-12-04_36.68,UPC,2023-12-04,True,365,ns,True,0.0027397260273972603,True,True,1701441000719000000,1701728126651000000,,True
UPC_2023-12-07_33.04,UPC,2023-12-07,True,1279,ns,True,0.0023455824863174357,True,True,1701870028218000000,1701995970083000000,,True
UPC_2023-12-19_37.61,UPC,2023-12-19,True,723,ns,True,0.0,True,True,1702905298756000000,1703028029919000000,,True
UPC_2023-12-22_30.22,UPC,2023-12-22,True,685,ns,True,0.00145985401459854,True,True,1703163603740000000,1703292266723000000,,True
UPC_2023-12-26_33.03,UPC,2023-12-26,True,552,ns,True,0.0036231884057971015,True,True,1703581322335000000,1703638546169000000,,True
UPC_2024-02-02_48.48,UPC,2024-02-02,True,3135,ns,True,0.0,True,True,1706797224350000000,1706921306475000000,,True
UPC_2024-02-16_44.77,UPC,2024-02-16,True,4118,ns,True,0.0014570179698882952,True,True,1708003414941000000,1708131564875000000,,True
UPC_2024-07-02_30.61,UPC,2024-07-02,True,1774,ns,True,0.0,True,True,1719840470071000000,1719963457680000000,,True
VBIX_2022-01-18_39.47,VBIX,2022-01-18,True,9,ns,True,0.0,True,True,1642516200721000000,1642538496587000000,,True
VBIX_2022-02-09_37.40,VBIX,2022-02-09,True,20,ns,True,0.0,True,True,1644330600568000000,1644440028137000000,,True
VBIX_2022-03-11_30.43,VBIX,2022-03-11,True,19,ns,True,0.0,True,True,1646934189741000000,1647031940301000000,,True
VBIX_2022-03-28_30.11,VBIX,2022-03-28,True,3,ns,True,0.0,True,True,1648218570431000000,1648497019781000000,,True
VBIX_2022-05-02_54.50,VBIX,2022-05-02,True,5,ns,True,0.0,True,True,1651239002229000000,1651513584545000000,,True
VBIX_2022-05-12_31.90,VBIX,2022-05-12,True,11,ns,True,0.0,True,True,1652285301271000000,1652382706916000000,,True
VBIX_2022-07-11_36.36,VBIX,2022-07-11,True,2,ns,True,0.0,True,True,1657546200256000000,1657554563646000000,,True
VBIX_2022-07-21_48.51,VBIX,2022-07-21,True,2,ns,True,0.0,True,True,1658346822003000000,1658417245366000000,,True
VBIX_2022-07-28_52.94,VBIX,2022-07-28,True,1,ns,True,0.0,True,True,1659033432598000000,1659033432598000000,,True
VBIX_2022-09-02_33.93,VBIX,2022-09-02,True,123,ns,True,0.0,True,True,1662138111687000000,1662148799644000000,,True
VBIX_2022-10-07_42.86,VBIX,2022-10-07,True,9,ns,True,0.0,True,True,1665149402519000000,1665163731170000000,,True
VBIX_2022-11-23_73.73,VBIX,2022-11-23,True,1,ns,True,0.0,True,True,1669233834976000000,1669233834976000000,,True
VBIX_2023-01-30_75.44,VBIX,2023-01-30,True,8,ns,True,0.0,True,True,1675098089883000000,1675112333583000000,,True
VBIX_2023-02-02_35.71,VBIX,2023-02-02,True,1,ns,True,0.0,True,True,1675348386718000000,1675348386718000000,,True
VBIX_2023-03-24_66.67,VBIX,2023-03-24,True,1,ns,True,0.0,True,True,1679687707979000000,1679687707979000000,,True
VBIX_2023-04-17_225.00,VBIX,2023-04-17,True,3,ns,True,0.0,True,True,1681479004925000000,1681758485648000000,,True
VBIX_2023-04-25_38.46,VBIX,2023-04-25,True,8,ns,True,0.0,True,True,1682345891530000000,1682439571692000000,,True
VBIX_2023-06-21_216.13,VBIX,2023-06-21,True,1,ns,True,0.0,True,True,1687375281418000000,1687375281418000000,,True
VBIX_2023-09-08_100.00,VBIX,2023-09-08,True,2,ns,True,0.0,True,True,1694201209977000000,1694201223434000000,,True
VBIX_2024-02-27_606.19,VBIX,2024-02-27,True,4,ns,True,0.0,True,True,1708965259672000000,1709060179461000000,,True
VBIX_2024-03-01_470.99,VBIX,2024-03-01,True,1,ns,True,0.0,True,True,1709314031905000000,1709314031905000000,,True
VBIX_2024-07-18_218.00,VBIX,2024-07-18,True,4,ns,True,0.0,True,True,1721316201883000000,1721323204988000000,,True
VBIX_2024-08-01_50.00,VBIX,2024-08-01,True,15,ns,True,0.0,True,True,1722432602780000000,1722533092092000000,,True
VBIX_2024-08-12_61.49,VBIX,2024-08-12,True,9,ns,True,0.0,True,True,1723212639176000000,1723491433090000000,,True
VBIX_2024-10-07_33.33,VBIX,2024-10-07,True,17,ns,True,0.0,True,True,1728048822112000000,1728330481907000000,,True
VBIX_2024-10-31_165.49,VBIX,2024-10-31,True,17,ns,True,0.0,True,True,1730316072306000000,1730396615557000000,,True
VBIX_2024-12-02_36.72,VBIX,2024-12-02,True,4,ns,True,0.0,True,True,1733157503216000000,1733163490433000000,,True
VCIG_2023-04-20_30.30,VCIG,2023-04-20,True,2552,ns,True,0.0007836990595611285,True,True,1681899219147000000,1682035049160000000,,True
VCIG_2023-04-21_41.91,VCIG,2023-04-21,True,16299,ns,True,0.0007362414872078042,True,True,1681977600009000000,1682120014328000000,,True
VCIG_2023-04-26_32.63,VCIG,2023-04-26,True,2201,ns,True,0.0009086778736937755,True,True,1682409711623000000,1682553554336000000,,True
VCIG_2023-05-02_820.33,VCIG,2023-05-02,True,40409,ns,True,0.0010393724170358089,True,True,1682930399963000000,1683071993714000000,,True
VCIG_2023-05-05_31.18,VCIG,2023-05-05,True,11494,ns,True,0.0013050287106316338,True,True,1683187201201000000,1683331117493000000,,True
VCIG_2023-05-08_66.33,VCIG,2023-05-08,True,37157,ns,True,0.0012379901499044595,True,True,1683273603611000000,1683590350084000000,,True
VCIG_2023-05-11_80.31,VCIG,2023-05-11,True,25946,ns,True,0.001194789177522547,True,True,1683705972849000000,1683849598092000000,,True
VCIG_2023-06-16_33.33,VCIG,2023-06-16,True,51933,ns,True,0.0013864017098954421,True,True,1686816945073000000,1686959980184000000,,True
VCIG_2023-06-22_58.06,VCIG,2023-06-22,True,206055,ns,True,0.001019145373807964,True,True,1687334400009000000,1687478398148000000,,True
VCIG_2023-08-11_31.48,VCIG,2023-08-11,True,2190,ns,True,0.0013698630136986301,True,True,1691672833604000000,1691798379968000000,,True
VCIG_2023-08-14_41.57,VCIG,2023-08-14,True,22566,ns,True,0.0007090312860054949,True,True,1691754198207000000,1692057564416000000,,True
VCIG_2023-08-23_149.06,VCIG,2023-08-23,True,413999,ns,True,0.0008357508109922971,True,True,1692691686636000000,1692835194556000000,,True
VCIG_2024-02-09_34.76,VCIG,2024-02-09,True,2981,ns,True,0.0006709158000670916,True,True,1707382808472000000,1707524975633000000,,True
VCIG_2024-02-13_99.32,VCIG,2024-02-13,True,152535,ns,True,0.0009506015012947848,True,True,1707728400039000000,1707872392112000000,,True
VCIG_2024-08-15_43.44,VCIG,2024-08-15,True,6437,ns,True,0.0021749262078608047,True,True,1723627672954000000,1723766208014000000,,True
VERO_2020-03-25_50.70,VERO,2020-03-25,True,378,ns,True,0.0026455026455026454,True,True,1585056601091000000,1585166400251000000,,True
VERO_2020-04-06_51.28,VERO,2020-04-06,True,1358,ns,True,0.0,True,True,1585920600641000000,1586203200279000000,,True
VERO_2023-03-17_43.14,VERO,2023-03-17,True,1199,ns,True,0.0016680567139282735,True,True,1678968001574000000,1679097250845000000,,True
VMAR_2021-06-02_38.16,VMAR,2021-06-02,True,9095,ns,True,0.0006597031335898846,True,True,1622538968387000000,1622678287022000000,,True
VMAR_2022-08-12_37.45,VMAR,2022-08-12,True,6747,ns,True,0.0034089224840669926,True,True,1660224601456000000,1660348448805000000,,True
VMAR_2023-12-06_35.71,VMAR,2023-12-06,True,1787,ns,True,0.001119194180190263,True,True,1701775427579000000,1701910052317000000,,True
VMAR_2024-06-20_31.38,VMAR,2024-06-20,True,2248,ns,True,0.0,True,True,1718874086187000000,1718926904231000000,,True
VMAR_2024-08-14_30.75,VMAR,2024-08-14,True,285,ns,True,0.0,True,True,1723555800691000000,1723679272316000000,,True
VOLT_2024-12-04_323.21,VOLT,2024-12-04,True,19,ns,True,0.0,True,True,1733328094218000000,1733346900014000000,,True
VS_2021-12-16_30.10,VS,2021-12-16,True,1090,ns,True,0.0,True,True,1639577946255000000,1639695717751000000,,True
VS_2022-06-02_42.84,VS,2022-06-02,True,653,ns,True,0.0,True,True,1654090200775000000,1654200007713000000,,True
VS_2022-06-24_52.17,VS,2022-06-24,True,590,ns,True,0.0,True,True,1655991001756000000,1656114619558000000,,True
VSSYW_2021-12-16_37.92,VSSYW,2021-12-16,True,19,ns,True,0.0,True,True,1639601222044000000,1639688400647000000,,True
WALDW_2021-05-17_400.00,WALDW,2021-05-17,True,80,ns,True,0.0,True,True,1621006798686000000,1621284956939000000,,True
WALDW_2023-10-11_53.07,WALDW,2023-10-11,True,5,ns,True,0.0,True,True,1697037318090000000,1697054400348000000,,True
WETH_2022-03-18_31.15,WETH,2022-03-18,True,2,ns,True,0.0,True,True,1647544328677000000,1647632592250000000,,True
WETH_2022-04-27_31.15,WETH,2022-04-27,True,2,ns,True,0.0,True,True,1651078948340000000,1651083799435000000,,True
WETH_2022-07-15_45.76,WETH,2022-07-15,True,1,ns,True,0.0,True,True,1657893071120000000,1657893071120000000,,True
WETH_2022-07-29_37.25,WETH,2022-07-29,True,4,ns,True,0.0,True,True,1659015116657000000,1659123470270000000,,True
WETH_2022-08-04_45.59,WETH,2022-08-04,True,1,ns,True,0.0,True,True,1659623118071000000,1659623118071000000,,True
WETH_2022-10-20_46.16,WETH,2022-10-20,True,14,ns,True,0.0,True,True,1666197049878000000,1666273239538000000,,True
WETH_2022-10-26_31.58,WETH,2022-10-26,True,4,ns,True,0.0,True,True,1666716026150000000,1666798371166000000,,True
WETH_2023-03-14_156.92,WETH,2023-03-14,True,11,ns,True,0.0,True,True,1678736579219000000,1678805673151000000,,True
WETH_2023-04-11_32.35,WETH,2023-04-11,True,2,ns,True,0.0,True,True,1681147047498000000,1681228236306000000,,True
WETH_2023-08-08_75.00,WETH,2023-08-08,True,34,ns,True,0.0,True,True,1691415000017000000,1691509955933000000,,True
WETH_2023-08-28_33.36,WETH,2023-08-28,True,33,ns,True,0.0,True,True,1692972824437000000,1693231728786000000,,True
WETH_2024-02-12_32.11,WETH,2024-02-12,True,11,ns,True,0.0,True,True,1707750696151000000,1707764642955000000,,True
WHLR_2020-03-31_71.56,WHLR,2020-03-31,True,610,ns,True,0.0,True,True,1585575001039000000,1585693105597000000,,True
WHLR_2020-05-14_42.86,WHLR,2020-05-14,True,895,ns,True,0.0,True,True,1589376601301000000,1589495597323000000,,True
WHLR_2020-06-12_32.47,WHLR,2020-06-12,True,341,ns,True,0.002932551319648094,True,True,1591880301180000000,1592004485171000000,,True
WHLR_2021-02-05_161.92,WHLR,2021-02-05,True,42230,ns,True,0.0011129528771015866,True,True,1612449001570000000,1612573173562000000,,True
WHLR_2021-08-04_41.54,WHLR,2021-08-04,True,184024,ns,True,0.000880319958266313,True,True,1627997400314000000,1628121506934000000,,True
WHLR_2022-09-02_61.24,WHLR,2022-09-02,True,8106,ns,True,0.0008635578583765112,True,True,1662030001045000000,1662163192451000000,,True
WHLR_2023-05-10_66.24,WHLR,2023-05-10,True,4032,ns,True,0.000744047619047619,True,True,1683638880045000000,1683763096115000000,,True
WHLR_2023-06-15_42.05,WHLR,2023-06-15,True,2073,ns,True,0.000482392667631452,True,True,1686729704612000000,1686873084891000000,,True
WHLR_2023-06-16_39.37,WHLR,2023-06-16,True,2192,ns,True,0.0013686131386861315,True,True,1686823811971000000,1686959924057000000,,True
WHLR_2023-08-18_49.22,WHLR,2023-08-18,True,12058,ns,True,0.000829324929507381,True,True,1692259200017000000,1692402761276000000,,True
WHLR_2023-09-07_107.49,WHLR,2023-09-07,True,213623,ns,True,0.0010111270790130276,True,True,1693987231344000000,1694131186432000000,,True
WHLR_2023-09-27_33.45,WHLR,2023-09-27,True,2502,ns,True,0.0007993605115907274,True,True,1695715203829000000,1695858343145000000,,True
WHLR_2023-10-11_87.64,WHLR,2023-10-11,True,154195,ns,True,0.0007652647621518207,True,True,1696924805450000000,1697068751378000000,,True
WHLR_2023-10-18_32.14,WHLR,2023-10-18,True,12683,ns,True,0.0007096112907040921,True,True,1697529718076000000,1697673599584000000,,True
WHLR_2023-10-20_97.96,WHLR,2023-10-20,True,135870,ns,True,0.0009494369618017223,True,True,1697702400420000000,1697846381893000000,,True
WHLR_2023-11-14_49.08,WHLR,2023-11-14,True,15495,ns,True,0.000968054211035818,True,True,1699866107114000000,1700009882424000000,,True
WHLR_2023-11-27_58.30,WHLR,2023-11-27,True,23542,ns,True,0.0011893636904256222,True,True,1700816400050000000,1701133197222000000,,True
WHLR_2023-11-28_102.88,WHLR,2023-11-28,True,130873,ns,True,0.0010162523973623284,True,True,1701075610261000000,1701219597337000000,,True
WHLR_2023-11-29_81.39,WHLR,2023-11-29,True,266015,ns,True,0.0009097231359133884,True,True,1701162000014000000,1701305999805000000,,True
WHLR_2023-12-05_35.71,WHLR,2023-12-05,True,38503,ns,True,0.0011687400981741682,True,True,1701680400014000000,1701824397620000000,,True
WHLR_2023-12-18_40.62,WHLR,2023-12-18,True,22193,ns,True,0.0009011850583517325,True,True,1702631107583000000,1702947594480000000,,True
WHLR_2024-06-11_94.27,WHLR,2024-06-11,True,51427,ns,True,0.001225037431699302,True,True,1718009501484000000,1718150389606000000,,True
WHLR_2024-06-12_32.83,WHLR,2024-06-12,True,108308,ns,True,0.001024855043025446,True,True,1718092995022000000,1718236776184000000,,True
WHLR_2024-06-13_81.12,WHLR,2024-06-13,True,102222,ns,True,0.0007141319872434505,True,True,1718179200020000000,1718323164380000000,,True
WHLR_2024-06-28_125.66,WHLR,2024-06-28,True,16106,ns,True,0.0008071526139326959,True,True,1719475544188000000,1719619175517000000,,True
WHLR_2024-07-23_31.39,WHLR,2024-07-23,True,3910,ns,True,0.0,True,True,1721645972706000000,1721778074422000000,,True
WHLR_2024-07-24_39.97,WHLR,2024-07-24,True,6739,ns,True,0.0005935598753524262,True,True,1721725002765000000,1721865311570000000,,True
WHLR_2024-08-12_86.27,WHLR,2024-08-12,True,36414,ns,True,0.0006865491294557038,True,True,1723191179762000000,1723507179552000000,,True
WHLRL_2023-04-24_30.12,WHLRL,2023-04-24,True,9,ns,True,0.0,True,True,1682363191276000000,1682366400272000000,,True
WLDSW_2022-09-27_31.11,WLDSW,2022-09-27,True,132,ns,True,0.0,True,True,1664199127103000000,1664308800983000000,,True
WLDSW_2022-09-29_31.82,WLDSW,2022-09-29,True,137,ns,True,0.0,True,True,1664372598005000000,1664491269697000000,,True
WLDSW_2022-10-03_67.54,WLDSW,2022-10-03,True,143,ns,True,0.006993006993006993,True,True,1664544678628000000,1664827200407000000,,True
WLDSW_2022-10-06_215.32,WLDSW,2022-10-06,True,61,ns,True,0.0,True,True,1664979688254000000,1665086400982000000,,True
WLDSW_2022-10-07_30.00,WLDSW,2022-10-07,True,59,ns,True,0.0,True,True,1665063001288000000,1665172801348000000,,True
WLDSW_2022-10-14_36.06,WLDSW,2022-10-14,True,54,ns,True,0.037037037037037035,True,True,1665667801383000000,1665777601113000000,,True
WLDSW_2022-10-28_60.00,WLDSW,2022-10-28,True,27,ns,True,0.0,True,True,1666885375098000000,1666987200439000000,,True
WLDSW_2022-11-07_56.25,WLDSW,2022-11-07,True,75,ns,True,0.0,True,True,1667574638031000000,1667854800252000000,,True
WLDSW_2022-12-02_141.67,WLDSW,2022-12-02,True,68,ns,True,0.0,True,True,1669906765654000000,1670014800962000000,,True
WLDSW_2022-12-12_130.69,WLDSW,2022-12-12,True,317,ns,True,0.0,True,True,1670599729837000000,1670878800498000000,,True
WLDSW_2022-12-14_70.53,WLDSW,2022-12-14,True,317,ns,True,0.0,True,True,1670947176416000000,1671051600724000000,,True
WLDSW_2022-12-16_39.69,WLDSW,2022-12-16,True,132,ns,True,0.0,True,True,1671114600820000000,1671224400605000000,,True
WLDSW_2022-12-21_37.71,WLDSW,2022-12-21,True,129,ns,True,0.0,True,True,1671550083982000000,1671656400330000000,,True
WLDSW_2022-12-27_47.65,WLDSW,2022-12-27,True,97,ns,True,0.0,True,True,1672163968898000000,1672174801424000000,,True
WLDSW_2023-01-04_73.91,WLDSW,2023-01-04,True,31,ns,True,0.0,True,True,1672761072353000000,1672866000436000000,,True
WLDSW_2023-01-09_53.85,WLDSW,2023-01-09,True,29,ns,True,0.0,True,True,1673017963352000000,1673298001493000000,,True
WLDSW_2023-01-30_33.33,WLDSW,2023-01-30,True,120,ns,True,0.0,True,True,1674829801239000000,1675112400749000000,,True
WLDSW_2023-02-09_52.94,WLDSW,2023-02-09,True,122,ns,True,0.0,True,True,1675874803136000000,1675976400096000000,,True
WLDSW_2023-03-03_33.93,WLDSW,2023-03-03,True,25,ns,True,0.0,True,True,1677767643444000000,1677877200289000000,,True
WLDSW_2023-03-16_66.67,WLDSW,2023-03-16,True,31,ns,True,0.0,True,True,1678894300973000000,1678996800669000000,,True
WLDSW_2023-03-29_55.00,WLDSW,2023-03-29,True,43,ns,True,0.0,True,True,1680013889193000000,1680120001496000000,,True
WLDSW_2023-03-30_39.29,WLDSW,2023-03-30,True,37,ns,True,0.0,True,True,1680096601182000000,1680206400364000000,,True
WLDSW_2023-04-05_43.54,WLDSW,2023-04-05,True,19,ns,True,0.0,True,True,1680617753213000000,1680724800387000000,,True
WLDSW_2023-04-14_33.07,WLDSW,2023-04-14,True,14,ns,True,0.0,True,True,1681396054539000000,1681502400346000000,,True
WLDSW_2023-04-17_70.34,WLDSW,2023-04-17,True,9,ns,True,0.0,True,True,1681487106837000000,1681761600106000000,,True
WLDSW_2023-06-29_30.88,WLDSW,2023-06-29,True,122,ns,True,0.0,True,True,1687960493892000000,1688068800169000000,,True
WLDSW_2023-10-02_33.08,WLDSW,2023-10-02,True,25,ns,True,0.0,True,True,1695994200105000000,1696276800283000000,,True
WLDSW_2023-10-18_33.33,WLDSW,2023-10-18,True,32,ns,True,0.0,True,True,1697547420846000000,1697659200057000000,,True
WLDSW_2023-10-31_37.29,WLDSW,2023-10-31,True,82,ns,True,0.0,True,True,1698674736748000000,1698782400140000000,,True
WLDSW_2023-11-07_69.39,WLDSW,2023-11-07,True,241,ns,True,0.012448132780082987,True,True,1699281000678000000,1699390800069000000,,True
WLDSW_2024-01-05_30.93,WLDSW,2024-01-05,True,56,ns,True,0.0,True,True,1704375345854000000,1704488400078000000,,True
WLDSW_2024-03-14_66.50,WLDSW,2024-03-14,True,24,ns,True,0.0,True,True,1710350197512000000,1710446400254000000,,True
WLDSW_2024-04-03_54.10,WLDSW,2024-04-03,True,70,ns,True,0.0,True,True,1712081530289000000,1712184159884000000,,True
WLDSW_2024-06-05_30.00,WLDSW,2024-06-05,True,19,ns,True,0.0,True,True,1717516979099000000,1717617600297000000,,True
WLDSW_2024-06-17_57.89,WLDSW,2024-06-17,True,27,ns,True,0.0,True,True,1718382721424000000,1718654401207000000,,True
WLDSW_2024-09-10_49.25,WLDSW,2024-09-10,True,60,ns,True,0.0,True,True,1725894206147000000,1725998400068000000,,True
WLDSW_2024-09-13_34.53,WLDSW,2024-09-13,True,192,ns,True,0.0,True,True,1726148255542000000,1726257600113000000,,True
WLDSW_2024-09-18_62.25,WLDSW,2024-09-18,True,115,ns,True,0.0,True,True,1726579800368000000,1726689600348000000,,True
WLDSW_2024-09-19_97.58,WLDSW,2024-09-19,True,176,ns,True,0.0,True,True,1726666200846000000,1726776000182000000,,True
WLDSW_2024-09-20_97.00,WLDSW,2024-09-20,True,138,ns,True,0.0,True,True,1726752675346000000,1726862400220000000,,True
WLDSW_2024-09-23_87.74,WLDSW,2024-09-23,True,48,ns,True,0.0,True,True,1726839380798000000,1727127267992000000,,True
WLDSW_2024-10-21_50.08,WLDSW,2024-10-21,True,45,ns,True,0.0,True,True,1729266896393000000,1729540800242000000,,True
WNW_2020-12-16_459.09,WNW,2020-12-16,True,52658,ns,True,0.0012723612746401306,True,True,1608046029900000000,1608166799285000000,,True
WTO_2024-04-08_91.89,WTO,2024-04-08,True,55579,ns,True,0.0009535975818204717,True,True,1712319218735000000,1712620511954000000,,True
WTO_2024-06-24_30.51,WTO,2024-06-24,True,2389,ns,True,0.0004185851820845542,True,True,1718958147128000000,1719273206265000000,,True
XXII_2020-06-08_31.55,XXII,2020-06-08,True,16510,ns,True,0.0023016353725015142,True,True,1591360437397000000,1591660800003000000,,True
XXII_2020-11-18_44.76,XXII,2020-11-18,True,29682,ns,True,0.0007074994946432181,True,True,1605615866582000000,1605747600002000000,,True
XXII_2020-12-11_31.63,XXII,2020-12-11,True,46993,ns,True,0.0026599706339242015,True,True,1607599141771000000,1607734800002000000,,True
XXII_2021-02-10_32.51,XXII,2021-02-10,True,66346,ns,True,0.0008591324269737437,True,True,1612872000012000000,1613005200001000000,,True
XXII_2021-04-23_30.35,XXII,2021-04-23,True,79738,ns,True,0.0006395946725526098,True,True,1619078400013000000,1619222400001000000,,True
XXII_2021-12-23_60.00,XXII,2021-12-23,True,208648,ns,True,0.0011454698822897895,True,True,1640178001228000000,1640307598780000000,,True
XXII_2022-06-22_42.33,XXII,2022-06-22,True,72071,ns,True,0.0012348933690388645,True,True,1655802288530000000,1655942388667000000,,True
XXII_2022-06-23_31.63,XXII,2022-06-23,True,87777,ns,True,0.0012189981430215204,True,True,1655895600033000000,1656028792026000000,,True
XXII_2023-07-20_45.99,XXII,2023-07-20,True,37312,ns,True,0.0006164236706689537,True,True,1689753765965000000,1689897596563000000,,True
XXII_2023-07-21_86.22,XXII,2023-07-21,True,177673,ns,True,0.000810477675279868,True,True,1689851068080000000,1689983975161000000,,True
XXII_2023-09-05_34.10,XXII,2023-09-05,True,19357,ns,True,0.0008265743658624787,True,True,1693900802510000000,1693957844046000000,,True
XXII_2023-11-29_50.33,XXII,2023-11-29,True,16685,ns,True,0.0006592747977225053,True,True,1701162002051000000,1701305986635000000,,True
XXII_2024-06-26_39.60,XXII,2024-06-26,True,5369,ns,True,0.001490035388340473,True,True,1719302400826000000,1719446394097000000,,True
YGMZ_2021-01-22_40.17,YGMZ,2021-01-22,True,1402,ns,True,0.0,True,True,1611232770332000000,1611363557643000000,,True
ZIONP_2020-03-20_31.59,ZIONP,2020-03-20,True,37,ns,True,0.0,True,True,1584624600908000000,1584734400309000000,,True
