ticker,date,momentum_pct_str,dest_dir,source_file,migrated
ACFN,2023-02-23,36.13,ACFN_2023-02-23_36.13,data/minute/trades/ACFN/2023-02-23.parquet,True
ACON,2022-04-27,65.31,ACON_2022-04-27_65.31,data/minute/trades/ACON/2022-04-27.parquet,True
ACON,2022-05-04,45.93,ACON_2022-05-04_45.93,data/minute/trades/ACON/2022-05-04.parquet,True
ACON,2022-06-22,35.12,ACON_2022-06-22_35.12,data/minute/trades/ACON/2022-06-22.parquet,True
ACON,2022-07-12,31.36,ACON_2022-07-12_31.36,data/minute/trades/ACON/2022-07-12.parquet,True
ACON,2022-08-02,66.51,ACON_2022-08-02_66.51,data/minute/trades/ACON/2022-08-02.parquet,True
ACON,2022-08-18,100.68,ACON_2022-08-18_100.68,data/minute/trades/ACON/2022-08-18.parquet,True
ACON,2022-08-22,72.40,ACON_2022-08-22_72.40,data/minute/trades/ACON/2022-08-22.parquet,True
ACON,2022-12-23,34.02,ACON_2022-12-23_34.02,data/minute/trades/ACON/2022-12-23.parquet,True
ACON,2022-12-29,36.84,ACON_2022-12-29_36.84,data/minute/trades/ACON/2022-12-29.parquet,True
ACON,2023-01-11,66.65,ACON_2023-01-11_66.65,data/minute/trades/ACON/2023-01-11.parquet,True
ACON,2023-02-06,41.17,ACON_2023-02-06_41.17,data/minute/trades/ACON/2023-02-06.parquet,True
ACON,2023-03-17,39.70,ACON_2023-03-17_39.70,data/minute/trades/ACON/2023-03-17.parquet,True
ACON,2023-04-24,220.31,ACON_2023-04-24_220.31,data/minute/trades/ACON/2023-04-24.parquet,True
ACON,2023-05-30,157.63,ACON_2023-05-30_157.63,data/minute/trades/ACON/2023-05-30.parquet,True
ACON,2023-06-08,53.85,ACON_2023-06-08_53.85,data/minute/trades/ACON/2023-06-08.parquet,True
ACON,2023-10-02,38.25,ACON_2023-10-02_38.25,data/minute/trades/ACON/2023-10-02.parquet,True
ACON,2023-10-25,52.17,ACON_2023-10-25_52.17,data/minute/trades/ACON/2023-10-25.parquet,True
ACON,2023-12-19,31.15,ACON_2023-12-19_31.15,data/minute/trades/ACON/2023-12-19.parquet,True
ACON,2023-12-20,59.45,ACON_2023-12-20_59.45,data/minute/trades/ACON/2023-12-20.parquet,True
ACON,2024-01-04,46.23,ACON_2024-01-04_46.23,data/minute/trades/ACON/2024-01-04.parquet,True
ACON,2024-01-05,40.45,ACON_2024-01-05_40.45,data/minute/trades/ACON/2024-01-05.parquet,True
ADTX,2020-08-06,143.77,ADTX_2020-08-06_143.77,data/minute/trades/ADTX/2020-08-06.parquet,True
ADTX,2020-12-11,38.91,ADTX_2020-12-11_38.91,data/minute/trades/ADTX/2020-12-11.parquet,True
ADTX,2021-01-21,157.85,ADTX_2021-01-21_157.85,data/minute/trades/ADTX/2021-01-21.parquet,True
ADTX,2021-02-11,36.34,ADTX_2021-02-11_36.34,data/minute/trades/ADTX/2021-02-11.parquet,True
ADTX,2021-08-25,99.49,ADTX_2021-08-25_99.49,data/minute/trades/ADTX/2021-08-25.parquet,True
ADTX,2021-10-05,39.49,ADTX_2021-10-05_39.49,data/minute/trades/ADTX/2021-10-05.parquet,True
ADTX,2021-11-04,47.83,ADTX_2021-11-04_47.83,data/minute/trades/ADTX/2021-11-04.parquet,True
ADTX,2022-06-14,57.75,ADTX_2022-06-14_57.75,data/minute/trades/ADTX/2022-06-14.parquet,True
ADTX,2022-06-29,84.49,ADTX_2022-06-29_84.49,data/minute/trades/ADTX/2022-06-29.parquet,True
ADTX,2022-07-08,115.00,ADTX_2022-07-08_115.00,data/minute/trades/ADTX/2022-07-08.parquet,True
ADTX,2022-09-09,57.14,ADTX_2022-09-09_57.14,data/minute/trades/ADTX/2022-09-09.parquet,True
ADTX,2022-09-13,133.39,ADTX_2022-09-13_133.39,data/minute/trades/ADTX/2022-09-13.parquet,True
ADTX,2022-09-14,54.00,ADTX_2022-09-14_54.00,data/minute/trades/ADTX/2022-09-14.parquet,True
ADTX,2022-09-26,36.47,ADTX_2022-09-26_36.47,data/minute/trades/ADTX/2022-09-26.parquet,True
ADTX,2022-09-29,34.64,ADTX_2022-09-29_34.64,data/minute/trades/ADTX/2022-09-29.parquet,True
ADTX,2022-10-07,35.05,ADTX_2022-10-07_35.05,data/minute/trades/ADTX/2022-10-07.parquet,True
ADTX,2023-01-03,60.23,ADTX_2023-01-03_60.23,data/minute/trades/ADTX/2023-01-03.parquet,True
ADTX,2023-04-20,122.09,ADTX_2023-04-20_122.09,data/minute/trades/ADTX/2023-04-20.parquet,True
ADTX,2023-08-17,62.94,ADTX_2023-08-17_62.94,data/minute/trades/ADTX/2023-08-17.parquet,True
ADTX,2023-08-18,65.89,ADTX_2023-08-18_65.89,data/minute/trades/ADTX/2023-08-18.parquet,True
ADTX,2023-08-23,44.46,ADTX_2023-08-23_44.46,data/minute/trades/ADTX/2023-08-23.parquet,True
ADTX,2023-08-29,34.12,ADTX_2023-08-29_34.12,data/minute/trades/ADTX/2023-08-29.parquet,True
ADTX,2023-08-30,57.13,ADTX_2023-08-30_57.13,data/minute/trades/ADTX/2023-08-30.parquet,True
ADTX,2023-08-31,594.69,ADTX_2023-08-31_594.69,data/minute/trades/ADTX/2023-08-31.parquet,True
ADTX,2023-09-28,84.05,ADTX_2023-09-28_84.05,data/minute/trades/ADTX/2023-09-28.parquet,True
ADTX,2023-10-18,30.52,ADTX_2023-10-18_30.52,data/minute/trades/ADTX/2023-10-18.parquet,True
ADTX,2023-11-14,67.87,ADTX_2023-11-14_67.87,data/minute/trades/ADTX/2023-11-14.parquet,True
ADTX,2023-11-30,51.43,ADTX_2023-11-30_51.43,data/minute/trades/ADTX/2023-11-30.parquet,True
ADTX,2023-12-12,150.00,ADTX_2023-12-12_150.00,data/minute/trades/ADTX/2023-12-12.parquet,True
ADTX,2023-12-29,75.73,ADTX_2023-12-29_75.73,data/minute/trades/ADTX/2023-12-29.parquet,True
ADTX,2024-04-02,71.38,ADTX_2024-04-02_71.38,data/minute/trades/ADTX/2024-04-02.parquet,True
ADTX,2024-07-17,70.01,ADTX_2024-07-17_70.01,data/minute/trades/ADTX/2024-07-17.parquet,True
ADTX,2024-07-23,36.43,ADTX_2024-07-23_36.43,data/minute/trades/ADTX/2024-07-23.parquet,True
ADTX,2024-08-07,114.64,ADTX_2024-08-07_114.64,data/minute/trades/ADTX/2024-08-07.parquet,True
ADTX,2024-10-15,69.08,ADTX_2024-10-15_69.08,data/minute/trades/ADTX/2024-10-15.parquet,True
ADXN,2020-06-17,64.56,ADXN_2020-06-17_64.56,data/minute/trades/ADXN/2020-06-17.parquet,True
ADXN,2020-07-24,64.29,ADXN_2020-07-24_64.29,data/minute/trades/ADXN/2020-07-24.parquet,True
ADXN,2020-08-07,222.83,ADXN_2020-08-07_222.83,data/minute/trades/ADXN/2020-08-07.parquet,True
ADXN,2020-09-04,30.64,ADXN_2020-09-04_30.64,data/minute/trades/ADXN/2020-09-04.parquet,True
ADXN,2020-12-11,30.90,ADXN_2020-12-11_30.90,data/minute/trades/ADXN/2020-12-11.parquet,True
AEHL,2022-02-01,30.97,AEHL_2022-02-01_30.97,data/minute/trades/AEHL/2022-02-01.parquet,True
AEHL,2022-08-02,36.00,AEHL_2022-08-02_36.00,data/minute/trades/AEHL/2022-08-02.parquet,True
AEMD,2020-03-17,30.08,AEMD_2020-03-17_30.08,data/minute/trades/AEMD/2020-03-17.parquet,True
AHT,2020-03-19,157.31,AHT_2020-03-19_157.31,data/minute/trades/AHT/2020-03-19.parquet,True
AIHS,2020-03-11,31.26,AIHS_2020-03-11_31.26,data/minute/trades/AIHS/2020-03-11.parquet,True
AIHS,2020-03-20,67.70,AIHS_2020-03-20_67.70,data/minute/trades/AIHS/2020-03-20.parquet,True
AIMD,2022-01-04,44.66,AIMD_2022-01-04_44.66,data/minute/trades/AIMD/2022-01-04.parquet,True
AIMD,2022-01-14,31.99,AIMD_2022-01-14_31.99,data/minute/trades/AIMD/2022-01-14.parquet,True
AIMD,2022-03-10,83.78,AIMD_2022-03-10_83.78,data/minute/trades/AIMD/2022-03-10.parquet,True
AIMD,2022-04-19,30.15,AIMD_2022-04-19_30.15,data/minute/trades/AIMD/2022-04-19.parquet,True
AIMD,2022-04-29,30.00,AIMD_2022-04-29_30.00,data/minute/trades/AIMD/2022-04-29.parquet,True
AIMD,2022-05-16,62.76,AIMD_2022-05-16_62.76,data/minute/trades/AIMD/2022-05-16.parquet,True
AIMD,2022-05-18,57.52,AIMD_2022-05-18_57.52,data/minute/trades/AIMD/2022-05-18.parquet,True
AIMD,2022-05-19,79.96,AIMD_2022-05-19_79.96,data/minute/trades/AIMD/2022-05-19.parquet,True
AIMD,2022-05-23,179.03,AIMD_2022-05-23_179.03,data/minute/trades/AIMD/2022-05-23.parquet,True
AIMD,2022-05-27,192.94,AIMD_2022-05-27_192.94,data/minute/trades/AIMD/2022-05-27.parquet,True
AIMD,2022-06-01,64.76,AIMD_2022-06-01_64.76,data/minute/trades/AIMD/2022-06-01.parquet,True
AIMD,2022-06-02,51.72,AIMD_2022-06-02_51.72,data/minute/trades/AIMD/2022-06-02.parquet,True
AIMD,2022-06-22,40.85,AIMD_2022-06-22_40.85,data/minute/trades/AIMD/2022-06-22.parquet,True
AIMD,2022-06-30,182.81,AIMD_2022-06-30_182.81,data/minute/trades/AIMD/2022-06-30.parquet,True
AIMD,2022-07-05,107.33,AIMD_2022-07-05_107.33,data/minute/trades/AIMD/2022-07-05.parquet,True
AIMD,2022-07-07,32.32,AIMD_2022-07-07_32.32,data/minute/trades/AIMD/2022-07-07.parquet,True
AIMD,2022-07-14,55.62,AIMD_2022-07-14_55.62,data/minute/trades/AIMD/2022-07-14.parquet,True
AIMD,2022-07-18,40.00,AIMD_2022-07-18_40.00,data/minute/trades/AIMD/2022-07-18.parquet,True
AIMD,2022-08-04,53.85,AIMD_2022-08-04_53.85,data/minute/trades/AIMD/2022-08-04.parquet,True
AKAN,2022-03-21,55.14,AKAN_2022-03-21_55.14,data/minute/trades/AKAN/2022-03-21.parquet,True
AKAN,2022-06-14,35.10,AKAN_2022-06-14_35.10,data/minute/trades/AKAN/2022-06-14.parquet,True
AKAN,2022-12-28,32.42,AKAN_2022-12-28_32.42,data/minute/trades/AKAN/2022-12-28.parquet,True
ALF,2024-08-01,8927.90,ALF_2024-08-01_8927.90,data/minute/trades/ALF/2024-08-01.parquet,True
ALLR,2021-12-22,42.38,ALLR_2021-12-22_42.38,data/minute/trades/ALLR/2021-12-22.parquet,True
ALLR,2022-03-21,34.72,ALLR_2022-03-21_34.72,data/minute/trades/ALLR/2022-03-21.parquet,True
ALLR,2022-05-20,46.34,ALLR_2022-05-20_46.34,data/minute/trades/ALLR/2022-05-20.parquet,True
ALLR,2022-05-27,60.19,ALLR_2022-05-27_60.19,data/minute/trades/ALLR/2022-05-27.parquet,True
ALLR,2022-07-27,37.07,ALLR_2022-07-27_37.07,data/minute/trades/ALLR/2022-07-27.parquet,True
ALLR,2022-08-18,88.71,ALLR_2022-08-18_88.71,data/minute/trades/ALLR/2022-08-18.parquet,True
ALLR,2022-11-02,38.89,ALLR_2022-11-02_38.89,data/minute/trades/ALLR/2022-11-02.parquet,True
ALLR,2022-12-16,409.43,ALLR_2022-12-16_409.43,data/minute/trades/ALLR/2022-12-16.parquet,True
ALLR,2022-12-29,58.55,ALLR_2022-12-29_58.55,data/minute/trades/ALLR/2022-12-29.parquet,True
ALLR,2022-12-30,69.86,ALLR_2022-12-30_69.86,data/minute/trades/ALLR/2022-12-30.parquet,True
ALLR,2023-01-23,85.15,ALLR_2023-01-23_85.15,data/minute/trades/ALLR/2023-01-23.parquet,True
ALLR,2023-03-20,118.10,ALLR_2023-03-20_118.10,data/minute/trades/ALLR/2023-03-20.parquet,True
ALLR,2023-04-03,44.05,ALLR_2023-04-03_44.05,data/minute/trades/ALLR/2023-04-03.parquet,True
ALLR,2023-04-14,254.13,ALLR_2023-04-14_254.13,data/minute/trades/ALLR/2023-04-14.parquet,True
ALLR,2023-06-12,61.79,ALLR_2023-06-12_61.79,data/minute/trades/ALLR/2023-06-12.parquet,True
ALMU,2023-02-22,42.86,ALMU_2023-02-22_42.86,data/minute/trades/ALMU/2023-02-22.parquet,True
ALMU,2023-03-20,99.00,ALMU_2023-03-20_99.00,data/minute/trades/ALMU/2023-03-20.parquet,True
ALVOW,2024-06-20,30.00,ALVOW_2024-06-20_30.00,data/minute/trades/ALVOW/2024-06-20.parquet,True
AMPGW,2021-08-26,33.94,AMPGW_2021-08-26_33.94,data/minute/trades/AMPGW/2021-08-26.parquet,True
AMPGW,2022-01-03,32.01,AMPGW_2022-01-03_32.01,data/minute/trades/AMPGW/2022-01-03.parquet,True
AMPGW,2022-03-28,43.75,AMPGW_2022-03-28_43.75,data/minute/trades/AMPGW/2022-03-28.parquet,True
AMPGW,2022-04-18,39.37,AMPGW_2022-04-18_39.37,data/minute/trades/AMPGW/2022-04-18.parquet,True
APVO,2020-02-28,49.40,APVO_2020-02-28_49.40,data/minute/trades/APVO/2020-02-28.parquet,True
APVO,2020-03-11,55.02,APVO_2020-03-11_55.02,data/minute/trades/APVO/2020-03-11.parquet,True
APVO,2020-03-16,35.49,APVO_2020-03-16_35.49,data/minute/trades/APVO/2020-03-16.parquet,True
APVO,2020-05-11,45.47,APVO_2020-05-11_45.47,data/minute/trades/APVO/2020-05-11.parquet,True
APVO,2020-06-25,104.00,APVO_2020-06-25_104.00,data/minute/trades/APVO/2020-06-25.parquet,True
APVO,2020-11-03,81.27,APVO_2020-11-03_81.27,data/minute/trades/APVO/2020-11-03.parquet,True
APVO,2020-11-04,61.89,APVO_2020-11-04_61.89,data/minute/trades/APVO/2020-11-04.parquet,True
APVO,2020-11-05,55.48,APVO_2020-11-05_55.48,data/minute/trades/APVO/2020-11-05.parquet,True
APVO,2020-11-06,36.91,APVO_2020-11-06_36.91,data/minute/trades/APVO/2020-11-06.parquet,True
APVO,2020-11-09,153.16,APVO_2020-11-09_153.16,data/minute/trades/APVO/2020-11-09.parquet,True
APVO,2020-11-10,55.26,APVO_2020-11-10_55.26,data/minute/trades/APVO/2020-11-10.parquet,True
APVO,2020-11-19,33.60,APVO_2020-11-19_33.60,data/minute/trades/APVO/2020-11-19.parquet,True
APVO,2022-03-24,37.40,APVO_2022-03-24_37.40,data/minute/trades/APVO/2022-03-24.parquet,True
APVO,2022-12-12,107.30,APVO_2022-12-12_107.30,data/minute/trades/APVO/2022-12-12.parquet,True
APVO,2023-10-12,54.33,APVO_2023-10-12_54.33,data/minute/trades/APVO/2023-10-12.parquet,True
APVO,2024-03-13,39.04,APVO_2024-03-13_39.04,data/minute/trades/APVO/2024-03-13.parquet,True
APVO,2024-04-08,34.16,APVO_2024-04-08_34.16,data/minute/trades/APVO/2024-04-08.parquet,True
AREB,2022-02-08,90.05,AREB_2022-02-08_90.05,data/minute/trades/AREB/2022-02-08.parquet,True
AREB,2022-02-10,77.67,AREB_2022-02-10_77.67,data/minute/trades/AREB/2022-02-10.parquet,True
AREB,2022-03-01,33.83,AREB_2022-03-01_33.83,data/minute/trades/AREB/2022-03-01.parquet,True
AREB,2022-03-09,46.09,AREB_2022-03-09_46.09,data/minute/trades/AREB/2022-03-09.parquet,True
AREB,2022-03-16,76.39,AREB_2022-03-16_76.39,data/minute/trades/AREB/2022-03-16.parquet,True
AREB,2022-07-07,105.28,AREB_2022-07-07_105.28,data/minute/trades/AREB/2022-07-07.parquet,True
AREB,2022-08-03,113.17,AREB_2022-08-03_113.17,data/minute/trades/AREB/2022-08-03.parquet,True
AREB,2022-09-12,32.92,AREB_2022-09-12_32.92,data/minute/trades/AREB/2022-09-12.parquet,True
AREB,2022-09-13,30.81,AREB_2022-09-13_30.81,data/minute/trades/AREB/2022-09-13.parquet,True
AREB,2022-10-17,32.12,AREB_2022-10-17_32.12,data/minute/trades/AREB/2022-10-17.parquet,True
AREB,2022-10-20,49.09,AREB_2022-10-20_49.09,data/minute/trades/AREB/2022-10-20.parquet,True
AREB,2022-12-23,34.23,AREB_2022-12-23_34.23,data/minute/trades/AREB/2022-12-23.parquet,True
AREB,2023-04-06,41.90,AREB_2023-04-06_41.90,data/minute/trades/AREB/2023-04-06.parquet,True
AREB,2023-04-10,41.50,AREB_2023-04-10_41.50,data/minute/trades/AREB/2023-04-10.parquet,True
AREB,2023-04-18,46.44,AREB_2023-04-18_46.44,data/minute/trades/AREB/2023-04-18.parquet,True
AREB,2023-04-26,51.99,AREB_2023-04-26_51.99,data/minute/trades/AREB/2023-04-26.parquet,True
AREB,2023-06-26,32.43,AREB_2023-06-26_32.43,data/minute/trades/AREB/2023-06-26.parquet,True
ASNS,2022-10-11,30.26,ASNS_2022-10-11_30.26,data/minute/trades/ASNS/2022-10-11.parquet,True
ASNS,2023-01-17,34.01,ASNS_2023-01-17_34.01,data/minute/trades/ASNS/2023-01-17.parquet,True
ASNS,2023-03-13,31.71,ASNS_2023-03-13_31.71,data/minute/trades/ASNS/2023-03-13.parquet,True
ASTI,2022-01-03,68.00,ASTI_2022-01-03_68.00,data/minute/trades/ASTI/2022-01-03.parquet,True
ASTI,2022-01-04,66.67,ASTI_2022-01-04_66.67,data/minute/trades/ASTI/2022-01-04.parquet,True
ASTI,2022-08-17,122.35,ASTI_2022-08-17_122.35,data/minute/trades/ASTI/2022-08-17.parquet,True
ASTI,2022-08-23,32.30,ASTI_2022-08-23_32.30,data/minute/trades/ASTI/2022-08-23.parquet,True
ASTI,2022-10-20,129.85,ASTI_2022-10-20_129.85,data/minute/trades/ASTI/2022-10-20.parquet,True
ASTI,2022-10-21,34.38,ASTI_2022-10-21_34.38,data/minute/trades/ASTI/2022-10-21.parquet,True
ASTI,2022-11-07,30.49,ASTI_2022-11-07_30.49,data/minute/trades/ASTI/2022-11-07.parquet,True
ASTI,2023-04-20,32.01,ASTI_2023-04-20_32.01,data/minute/trades/ASTI/2023-04-20.parquet,True
AUUD,2022-11-10,48.15,AUUD_2022-11-10_48.15,data/minute/trades/AUUD/2022-11-10.parquet,True
AVTX,2022-05-17,31.98,AVTX_2022-05-17_31.98,data/minute/trades/AVTX/2022-05-17.parquet,True
AVTX,2022-06-03,46.62,AVTX_2022-06-03_46.62,data/minute/trades/AVTX/2022-06-03.parquet,True
AVTX,2022-08-12,30.83,AVTX_2022-08-12_30.83,data/minute/trades/AVTX/2022-08-12.parquet,True
AVTX,2023-04-10,45.60,AVTX_2023-04-10_45.60,data/minute/trades/AVTX/2023-04-10.parquet,True
AVTX,2023-04-11,37.39,AVTX_2023-04-11_37.39,data/minute/trades/AVTX/2023-04-11.parquet,True
AVTX,2023-06-07,30.23,AVTX_2023-06-07_30.23,data/minute/trades/AVTX/2023-06-07.parquet,True
AVTX,2023-06-15,32.07,AVTX_2023-06-15_32.07,data/minute/trades/AVTX/2023-06-15.parquet,True
BBLG,2022-03-09,48.84,BBLG_2022-03-09_48.84,data/minute/trades/BBLG/2022-03-09.parquet,True
BBLG,2022-03-17,31.43,BBLG_2022-03-17_31.43,data/minute/trades/BBLG/2022-03-17.parquet,True
BBLG,2022-08-04,33.58,BBLG_2022-08-04_33.58,data/minute/trades/BBLG/2022-08-04.parquet,True
BBLG,2022-09-21,32.38,BBLG_2022-09-21_32.38,data/minute/trades/BBLG/2022-09-21.parquet,True
BBLG,2022-11-15,31.12,BBLG_2022-11-15_31.12,data/minute/trades/BBLG/2022-11-15.parquet,True
BBLG,2022-12-27,61.90,BBLG_2022-12-27_61.90,data/minute/trades/BBLG/2022-12-27.parquet,True
BBLGW,2022-02-02,30.95,BBLGW_2022-02-02_30.95,data/minute/trades/BBLGW/2022-02-02.parquet,True
BBLGW,2022-03-04,35.19,BBLGW_2022-03-04_35.19,data/minute/trades/BBLGW/2022-03-04.parquet,True
BBLGW,2022-03-16,50.75,BBLGW_2022-03-16_50.75,data/minute/trades/BBLGW/2022-03-16.parquet,True
BBLGW,2022-05-23,59.87,BBLGW_2022-05-23_59.87,data/minute/trades/BBLGW/2022-05-23.parquet,True
BBLGW,2022-06-16,37.98,BBLGW_2022-06-16_37.98,data/minute/trades/BBLGW/2022-06-16.parquet,True
BBLGW,2022-09-29,60.66,BBLGW_2022-09-29_60.66,data/minute/trades/BBLGW/2022-09-29.parquet,True
BBLGW,2022-11-18,33.64,BBLGW_2022-11-18_33.64,data/minute/trades/BBLGW/2022-11-18.parquet,True
BBLGW,2022-11-28,48.70,BBLGW_2022-11-28_48.70,data/minute/trades/BBLGW/2022-11-28.parquet,True
BBLGW,2022-12-12,150.00,BBLGW_2022-12-12_150.00,data/minute/trades/BBLGW/2022-12-12.parquet,True
BBLGW,2022-12-15,61.67,BBLGW_2022-12-15_61.67,data/minute/trades/BBLGW/2022-12-15.parquet,True
BBLGW,2022-12-23,108.89,BBLGW_2022-12-23_108.89,data/minute/trades/BBLGW/2022-12-23.parquet,True
BBLGW,2023-01-03,135.03,BBLGW_2023-01-03_135.03,data/minute/trades/BBLGW/2023-01-03.parquet,True
BBLGW,2023-01-19,53.39,BBLGW_2023-01-19_53.39,data/minute/trades/BBLGW/2023-01-19.parquet,True
BBLGW,2023-01-25,60.64,BBLGW_2023-01-25_60.64,data/minute/trades/BBLGW/2023-01-25.parquet,True
BBLGW,2023-02-01,30.25,BBLGW_2023-02-01_30.25,data/minute/trades/BBLGW/2023-02-01.parquet,True
BBLGW,2023-03-06,31.25,BBLGW_2023-03-06_31.25,data/minute/trades/BBLGW/2023-03-06.parquet,True
BBLGW,2023-04-11,55.00,BBLGW_2023-04-11_55.00,data/minute/trades/BBLGW/2023-04-11.parquet,True
BBLGW,2023-09-26,30.61,BBLGW_2023-09-26_30.61,data/minute/trades/BBLGW/2023-09-26.parquet,True
BBLGW,2024-01-22,56.41,BBLGW_2024-01-22_56.41,data/minute/trades/BBLGW/2024-01-22.parquet,True
BBLGW,2024-03-05,58.05,BBLGW_2024-03-05_58.05,data/minute/trades/BBLGW/2024-03-05.parquet,True
BBLGW,2024-04-18,31.63,BBLGW_2024-04-18_31.63,data/minute/trades/BBLGW/2024-04-18.parquet,True
BBLGW,2024-07-09,61.93,BBLGW_2024-07-09_61.93,data/minute/trades/BBLGW/2024-07-09.parquet,True
BBLGW,2024-10-21,245.45,BBLGW_2024-10-21_245.45,data/minute/trades/BBLGW/2024-10-21.parquet,True
BCDA,2020-03-19,35.90,BCDA_2020-03-19_35.90,data/minute/trades/BCDA/2020-03-19.parquet,True
BCDA,2020-03-24,35.98,BCDA_2020-03-24_35.98,data/minute/trades/BCDA/2020-03-24.parquet,True
BDRX,2023-03-28,75.42,BDRX_2023-03-28_75.42,data/minute/trades/BDRX/2023-03-28.parquet,True
BEAG,2024-12-16,4929900.00,BEAG_2024-12-16_4929900.00,data/minute/trades/BEAG/2024-12-16.parquet,True
BGLC,2022-01-06,73.87,BGLC_2022-01-06_73.87,data/minute/trades/BGLC/2022-01-06.parquet,True
BGLC,2022-01-07,71.57,BGLC_2022-01-07_71.57,data/minute/trades/BGLC/2022-01-07.parquet,True
BGLC,2022-03-11,34.85,BGLC_2022-03-11_34.85,data/minute/trades/BGLC/2022-03-11.parquet,True
BGLC,2022-12-12,38.89,BGLC_2022-12-12_38.89,data/minute/trades/BGLC/2022-12-12.parquet,True
BGLC,2023-02-22,72.55,BGLC_2023-02-22_72.55,data/minute/trades/BGLC/2023-02-22.parquet,True
BGLC,2023-02-23,43.02,BGLC_2023-02-23_43.02,data/minute/trades/BGLC/2023-02-23.parquet,True
BGLC,2023-03-13,146.08,BGLC_2023-03-13_146.08,data/minute/trades/BGLC/2023-03-13.parquet,True
BGLC,2023-04-19,62.42,BGLC_2023-04-19_62.42,data/minute/trades/BGLC/2023-04-19.parquet,True
BGLC,2023-05-09,49.39,BGLC_2023-05-09_49.39,data/minute/trades/BGLC/2023-05-09.parquet,True
BGLC,2023-05-17,31.96,BGLC_2023-05-17_31.96,data/minute/trades/BGLC/2023-05-17.parquet,True
BGLC,2023-05-18,89.87,BGLC_2023-05-18_89.87,data/minute/trades/BGLC/2023-05-18.parquet,True
BGLC,2023-06-07,40.21,BGLC_2023-06-07_40.21,data/minute/trades/BGLC/2023-06-07.parquet,True
BGLC,2023-06-20,129.18,BGLC_2023-06-20_129.18,data/minute/trades/BGLC/2023-06-20.parquet,True
BGLC,2023-06-29,47.06,BGLC_2023-06-29_47.06,data/minute/trades/BGLC/2023-06-29.parquet,True
BGLC,2023-07-03,57.92,BGLC_2023-07-03_57.92,data/minute/trades/BGLC/2023-07-03.parquet,True
BGLC,2023-07-05,40.40,BGLC_2023-07-05_40.40,data/minute/trades/BGLC/2023-07-05.parquet,True
BHAT,2020-02-06,35.20,BHAT_2020-02-06_35.20,data/minute/trades/BHAT/2020-02-06.parquet,True
BHAT,2020-03-19,41.39,BHAT_2020-03-19_41.39,data/minute/trades/BHAT/2020-03-19.parquet,True
BHAT,2020-03-23,35.67,BHAT_2020-03-23_35.67,data/minute/trades/BHAT/2020-03-23.parquet,True
BHRB,2022-11-15,159.26,BHRB_2022-11-15_159.26,data/minute/trades/BHRB/2022-11-15.parquet,True
BIAFW,2024-11-08,51.39,BIAFW_2024-11-08_51.39,data/minute/trades/BIAFW/2024-11-08.parquet,True
BJDX,2023-01-04,35.41,BJDX_2023-01-04_35.41,data/minute/trades/BJDX/2023-01-04.parquet,True
BJDX,2023-02-08,60.09,BJDX_2023-02-08_60.09,data/minute/trades/BJDX/2023-02-08.parquet,True
BJDX,2023-06-30,44.86,BJDX_2023-06-30_44.86,data/minute/trades/BJDX/2023-06-30.parquet,True
BNTC,2020-04-15,40.91,BNTC_2020-04-15_40.91,data/minute/trades/BNTC/2020-04-15.parquet,True
BON,2022-06-02,34.08,BON_2022-06-02_34.08,data/minute/trades/BON/2022-06-02.parquet,True
BON,2023-01-30,31.62,BON_2023-01-30_31.62,data/minute/trades/BON/2023-01-30.parquet,True
BTTC,2022-07-18,46.96,BTTC_2022-07-18_46.96,data/minute/trades/BTTC/2022-07-18.parquet,True
BTTC,2022-11-14,32.06,BTTC_2022-11-14_32.06,data/minute/trades/BTTC/2022-11-14.parquet,True
BTTC,2022-12-22,45.83,BTTC_2022-12-22_45.83,data/minute/trades/BTTC/2022-12-22.parquet,True
BTTC,2023-01-19,31.11,BTTC_2023-01-19_31.11,data/minute/trades/BTTC/2023-01-19.parquet,True
BTTC,2023-02-14,61.67,BTTC_2023-02-14_61.67,data/minute/trades/BTTC/2023-02-14.parquet,True
BTTC,2023-07-06,30.44,BTTC_2023-07-06_30.44,data/minute/trades/BTTC/2023-07-06.parquet,True
BTTC,2023-07-11,47.50,BTTC_2023-07-11_47.50,data/minute/trades/BTTC/2023-07-11.parquet,True
BTTC,2023-07-25,41.11,BTTC_2023-07-25_41.11,data/minute/trades/BTTC/2023-07-25.parquet,True
BTTC,2023-08-01,42.17,BTTC_2023-08-01_42.17,data/minute/trades/BTTC/2023-08-01.parquet,True
BTTC,2023-11-27,33.57,BTTC_2023-11-27_33.57,data/minute/trades/BTTC/2023-11-27.parquet,True
BTTC,2023-11-28,47.24,BTTC_2023-11-28_47.24,data/minute/trades/BTTC/2023-11-28.parquet,True
CALI,2024-10-10,5049999900.00,CALI_2024-10-10_5049999900.00,data/minute/trades/CALI/2024-10-10.parquet,True
CAPS,2022-04-08,46.00,CAPS_2022-04-08_46.00,data/minute/trades/CAPS/2022-04-08.parquet,True
CCM,2024-02-29,33.76,CCM_2024-02-29_33.76,data/minute/trades/CCM/2024-02-29.parquet,True
CDT,2023-10-04,81.16,CDT_2023-10-04_81.16,data/minute/trades/CDT/2023-10-04.parquet,True
CDT,2023-10-30,49.52,CDT_2023-10-30_49.52,data/minute/trades/CDT/2023-10-30.parquet,True
CDT,2023-11-22,41.54,CDT_2023-11-22_41.54,data/minute/trades/CDT/2023-11-22.parquet,True
CDT,2023-11-29,120.34,CDT_2023-11-29_120.34,data/minute/trades/CDT/2023-11-29.parquet,True
CDT,2023-12-08,69.49,CDT_2023-12-08_69.49,data/minute/trades/CDT/2023-12-08.parquet,True
CDT,2023-12-20,45.93,CDT_2023-12-20_45.93,data/minute/trades/CDT/2023-12-20.parquet,True
CDT,2024-03-11,32.55,CDT_2024-03-11_32.55,data/minute/trades/CDT/2024-03-11.parquet,True
CDT,2024-06-13,45.12,CDT_2024-06-13_45.12,data/minute/trades/CDT/2024-06-13.parquet,True
CETX,2020-01-15,133.05,CETX_2020-01-15_133.05,data/minute/trades/CETX/2020-01-15.parquet,True
CETX,2020-01-16,81.87,CETX_2020-01-16_81.87,data/minute/trades/CETX/2020-01-16.parquet,True
CETX,2020-02-05,34.62,CETX_2020-02-05_34.62,data/minute/trades/CETX/2020-02-05.parquet,True
CETX,2020-02-24,47.48,CETX_2020-02-24_47.48,data/minute/trades/CETX/2020-02-24.parquet,True
CETX,2020-03-17,37.40,CETX_2020-03-17_37.40,data/minute/trades/CETX/2020-03-17.parquet,True
CETX,2020-05-13,45.34,CETX_2020-05-13_45.34,data/minute/trades/CETX/2020-05-13.parquet,True
CETX,2020-06-01,235.80,CETX_2020-06-01_235.80,data/minute/trades/CETX/2020-06-01.parquet,True
CETX,2020-06-04,32.02,CETX_2020-06-04_32.02,data/minute/trades/CETX/2020-06-04.parquet,True
CETX,2020-06-09,84.73,CETX_2020-06-09_84.73,data/minute/trades/CETX/2020-06-09.parquet,True
CETX,2020-07-13,36.36,CETX_2020-07-13_36.36,data/minute/trades/CETX/2020-07-13.parquet,True
CETX,2021-01-22,30.49,CETX_2021-01-22_30.49,data/minute/trades/CETX/2021-01-22.parquet,True
CETX,2021-03-10,151.50,CETX_2021-03-10_151.50,data/minute/trades/CETX/2021-03-10.parquet,True
CETX,2021-07-12,71.77,CETX_2021-07-12_71.77,data/minute/trades/CETX/2021-07-12.parquet,True
CETX,2021-10-14,35.27,CETX_2021-10-14_35.27,data/minute/trades/CETX/2021-10-14.parquet,True
CETX,2021-10-27,63.21,CETX_2021-10-27_63.21,data/minute/trades/CETX/2021-10-27.parquet,True
CETX,2022-05-02,56.25,CETX_2022-05-02_56.25,data/minute/trades/CETX/2022-05-02.parquet,True
CETX,2022-07-15,64.79,CETX_2022-07-15_64.79,data/minute/trades/CETX/2022-07-15.parquet,True
CETX,2022-12-13,37.02,CETX_2022-12-13_37.02,data/minute/trades/CETX/2022-12-13.parquet,True
CETX,2022-12-15,90.07,CETX_2022-12-15_90.07,data/minute/trades/CETX/2022-12-15.parquet,True
CETX,2023-02-01,76.75,CETX_2023-02-01_76.75,data/minute/trades/CETX/2023-02-01.parquet,True
CETX,2023-02-10,41.07,CETX_2023-02-10_41.07,data/minute/trades/CETX/2023-02-10.parquet,True
CETX,2023-09-20,33.76,CETX_2023-09-20_33.76,data/minute/trades/CETX/2023-09-20.parquet,True
CETX,2023-09-22,31.56,CETX_2023-09-22_31.56,data/minute/trades/CETX/2023-09-22.parquet,True
CETX,2024-03-06,64.57,CETX_2024-03-06_64.57,data/minute/trades/CETX/2024-03-06.parquet,True
CETX,2024-03-20,32.17,CETX_2024-03-20_32.17,data/minute/trades/CETX/2024-03-20.parquet,True
CETX,2024-05-17,52.22,CETX_2024-05-17_52.22,data/minute/trades/CETX/2024-05-17.parquet,True
CETX,2024-05-30,42.13,CETX_2024-05-30_42.13,data/minute/trades/CETX/2024-05-30.parquet,True
CIIT,2022-02-25,64.47,CIIT_2022-02-25_64.47,data/minute/trades/CIIT/2022-02-25.parquet,True
CIIT,2022-07-26,83.44,CIIT_2022-07-26_83.44,data/minute/trades/CIIT/2022-07-26.parquet,True
CIIT,2023-02-01,34.43,CIIT_2023-02-01_34.43,data/minute/trades/CIIT/2023-02-01.parquet,True
CIIT,2023-07-18,36.04,CIIT_2023-07-18_36.04,data/minute/trades/CIIT/2023-07-18.parquet,True
CIIT,2024-06-07,37.00,CIIT_2024-06-07_37.00,data/minute/trades/CIIT/2024-06-07.parquet,True
CIIT,2024-07-22,65.61,CIIT_2024-07-22_65.61,data/minute/trades/CIIT/2024-07-22.parquet,True
CING,2022-05-13,35.19,CING_2022-05-13_35.19,data/minute/trades/CING/2022-05-13.parquet,True
CISO,2022-01-05,100.00,CISO_2022-01-05_100.00,data/minute/trades/CISO/2022-01-05.parquet,True
CISO,2022-01-12,63.33,CISO_2022-01-12_63.33,data/minute/trades/CISO/2022-01-12.parquet,True
CISS,2023-11-06,39.72,CISS_2023-11-06_39.72,data/minute/trades/CISS/2023-11-06.parquet,True
CJET,2023-07-12,39.22,CJET_2023-07-12_39.22,data/minute/trades/CJET/2023-07-12.parquet,True
CJET,2023-10-19,30.26,CJET_2023-10-19_30.26,data/minute/trades/CJET/2023-10-19.parquet,True
CJET,2024-01-18,53.70,CJET_2024-01-18_53.70,data/minute/trades/CJET/2024-01-18.parquet,True
CJET,2024-03-15,70.28,CJET_2024-03-15_70.28,data/minute/trades/CJET/2024-03-15.parquet,True
CJET,2024-03-18,50.22,CJET_2024-03-18_50.22,data/minute/trades/CJET/2024-03-18.parquet,True
CJET,2024-05-23,48.23,CJET_2024-05-23_48.23,data/minute/trades/CJET/2024-05-23.parquet,True
CLNNW,2021-04-12,34.26,CLNNW_2021-04-12_34.26,data/minute/trades/CLNNW/2021-04-12.parquet,True
CNEY,2021-02-10,35.15,CNEY_2021-02-10_35.15,data/minute/trades/CNEY/2021-02-10.parquet,True
CNF,2020-04-27,30.51,CNF_2020-04-27_30.51,data/minute/trades/CNF/2020-04-27.parquet,True
CNSP,2020-03-20,44.64,CNSP_2020-03-20_44.64,data/minute/trades/CNSP/2020-03-20.parquet,True
CNSP,2020-03-23,41.13,CNSP_2020-03-23_41.13,data/minute/trades/CNSP/2020-03-23.parquet,True
CNSP,2020-03-24,45.83,CNSP_2020-03-24_45.83,data/minute/trades/CNSP/2020-03-24.parquet,True
CNSP,2020-04-08,53.50,CNSP_2020-04-08_53.50,data/minute/trades/CNSP/2020-04-08.parquet,True
CNSP,2020-04-09,104.36,CNSP_2020-04-09_104.36,data/minute/trades/CNSP/2020-04-09.parquet,True
CNSP,2020-06-10,32.54,CNSP_2020-06-10_32.54,data/minute/trades/CNSP/2020-06-10.parquet,True
CNSP,2020-08-24,44.51,CNSP_2020-08-24_44.51,data/minute/trades/CNSP/2020-08-24.parquet,True
CNSP,2020-08-26,30.73,CNSP_2020-08-26_30.73,data/minute/trades/CNSP/2020-08-26.parquet,True
CNSP,2020-12-17,36.70,CNSP_2020-12-17_36.70,data/minute/trades/CNSP/2020-12-17.parquet,True
CNSP,2020-12-18,51.60,CNSP_2020-12-18_51.60,data/minute/trades/CNSP/2020-12-18.parquet,True
CNSP,2021-02-04,76.92,CNSP_2021-02-04_76.92,data/minute/trades/CNSP/2021-02-04.parquet,True
CNSP,2021-02-08,32.74,CNSP_2021-02-08_32.74,data/minute/trades/CNSP/2021-02-08.parquet,True
CNSP,2021-06-29,33.33,CNSP_2021-06-29_33.33,data/minute/trades/CNSP/2021-06-29.parquet,True
CNSP,2021-11-16,30.97,CNSP_2021-11-16_30.97,data/minute/trades/CNSP/2021-11-16.parquet,True
CNSP,2022-01-05,72.65,CNSP_2022-01-05_72.65,data/minute/trades/CNSP/2022-01-05.parquet,True
CNSP,2022-03-01,41.03,CNSP_2022-03-01_41.03,data/minute/trades/CNSP/2022-03-01.parquet,True
CNSP,2022-06-23,34.57,CNSP_2022-06-23_34.57,data/minute/trades/CNSP/2022-06-23.parquet,True
CNSP,2023-02-28,36.88,CNSP_2023-02-28_36.88,data/minute/trades/CNSP/2023-02-28.parquet,True
CNSP,2023-04-06,62.82,CNSP_2023-04-06_62.82,data/minute/trades/CNSP/2023-04-06.parquet,True
CNSP,2023-04-14,400.73,CNSP_2023-04-14_400.73,data/minute/trades/CNSP/2023-04-14.parquet,True
CNSP,2023-04-17,87.23,CNSP_2023-04-17_87.23,data/minute/trades/CNSP/2023-04-17.parquet,True
CNSP,2023-05-03,48.03,CNSP_2023-05-03_48.03,data/minute/trades/CNSP/2023-05-03.parquet,True
CNSP,2023-05-22,37.11,CNSP_2023-05-22_37.11,data/minute/trades/CNSP/2023-05-22.parquet,True
CNSP,2023-06-02,64.64,CNSP_2023-06-02_64.64,data/minute/trades/CNSP/2023-06-02.parquet,True
CNSP,2023-08-22,50.82,CNSP_2023-08-22_50.82,data/minute/trades/CNSP/2023-08-22.parquet,True
CNSP,2023-12-21,31.31,CNSP_2023-12-21_31.31,data/minute/trades/CNSP/2023-12-21.parquet,True
CNSP,2024-05-24,48.70,CNSP_2024-05-24_48.70,data/minute/trades/CNSP/2024-05-24.parquet,True
COEP,2022-01-11,133.33,COEP_2022-01-11_133.33,data/minute/trades/COEP/2022-01-11.parquet,True
COEP,2022-01-12,43.94,COEP_2022-01-12_43.94,data/minute/trades/COEP/2022-01-12.parquet,True
COEP,2022-03-11,32.63,COEP_2022-03-11_32.63,data/minute/trades/COEP/2022-03-11.parquet,True
COEP,2022-04-22,33.33,COEP_2022-04-22_33.33,data/minute/trades/COEP/2022-04-22.parquet,True
COSO,2022-02-25,50.51,COSO_2022-02-25_50.51,data/minute/trades/COSO/2022-02-25.parquet,True
CREX,2020-04-02,30.04,CREX_2020-04-02_30.04,data/minute/trades/CREX/2020-04-02.parquet,True
CRWG,2022-01-05,33.33,CRWG_2022-01-05_33.33,data/minute/trades/CRWG/2022-01-05.parquet,True
CRWG,2022-01-14,35.71,CRWG_2022-01-14_35.71,data/minute/trades/CRWG/2022-01-14.parquet,True
CRWG,2022-01-31,40.85,CRWG_2022-01-31_40.85,data/minute/trades/CRWG/2022-01-31.parquet,True
CRWG,2022-02-02,42.86,CRWG_2022-02-02_42.86,data/minute/trades/CRWG/2022-02-02.parquet,True
CRWG,2022-02-04,40.00,CRWG_2022-02-04_40.00,data/minute/trades/CRWG/2022-02-04.parquet,True
CRWG,2022-03-14,62.83,CRWG_2022-03-14_62.83,data/minute/trades/CRWG/2022-03-14.parquet,True
CRWG,2022-03-21,37.25,CRWG_2022-03-21_37.25,data/minute/trades/CRWG/2022-03-21.parquet,True
CRWG,2022-03-30,32.76,CRWG_2022-03-30_32.76,data/minute/trades/CRWG/2022-03-30.parquet,True
CRWG,2022-04-04,30.54,CRWG_2022-04-04_30.54,data/minute/trades/CRWG/2022-04-04.parquet,True
CRWG,2022-04-11,32.50,CRWG_2022-04-11_32.50,data/minute/trades/CRWG/2022-04-11.parquet,True
CRWG,2022-04-21,34.29,CRWG_2022-04-21_34.29,data/minute/trades/CRWG/2022-04-21.parquet,True
CRWG,2022-05-06,106.90,CRWG_2022-05-06_106.90,data/minute/trades/CRWG/2022-05-06.parquet,True
CRWG,2022-05-20,38.89,CRWG_2022-05-20_38.89,data/minute/trades/CRWG/2022-05-20.parquet,True
CRWG,2022-06-21,42.86,CRWG_2022-06-21_42.86,data/minute/trades/CRWG/2022-06-21.parquet,True
CRWG,2022-06-28,38.89,CRWG_2022-06-28_38.89,data/minute/trades/CRWG/2022-06-28.parquet,True
CRWG,2022-07-01,33.33,CRWG_2022-07-01_33.33,data/minute/trades/CRWG/2022-07-01.parquet,True
CRWG,2022-07-06,33.33,CRWG_2022-07-06_33.33,data/minute/trades/CRWG/2022-07-06.parquet,True
CRWG,2022-07-20,40.00,CRWG_2022-07-20_40.00,data/minute/trades/CRWG/2022-07-20.parquet,True
CRWG,2022-07-25,33.33,CRWG_2022-07-25_33.33,data/minute/trades/CRWG/2022-07-25.parquet,True
CRWG,2022-09-12,83.33,CRWG_2022-09-12_83.33,data/minute/trades/CRWG/2022-09-12.parquet,True
CRWG,2022-09-27,30.00,CRWG_2022-09-27_30.00,data/minute/trades/CRWG/2022-09-27.parquet,True
CRWG,2022-10-13,76.47,CRWG_2022-10-13_76.47,data/minute/trades/CRWG/2022-10-13.parquet,True
CRWG,2022-10-21,66.67,CRWG_2022-10-21_66.67,data/minute/trades/CRWG/2022-10-21.parquet,True
CRWG,2022-10-25,40.35,CRWG_2022-10-25_40.35,data/minute/trades/CRWG/2022-10-25.parquet,True
CYN,2022-07-01,31.30,CYN_2022-07-01_31.30,data/minute/trades/CYN/2022-07-01.parquet,True
CYN,2023-02-02,35.94,CYN_2023-02-02_35.94,data/minute/trades/CYN/2023-02-02.parquet,True
CYN,2023-11-13,35.00,CYN_2023-11-13_35.00,data/minute/trades/CYN/2023-11-13.parquet,True
DBGI,2021-05-17,50.00,DBGI_2021-05-17_50.00,data/minute/trades/DBGI/2021-05-17.parquet,True
DBGI,2021-06-10,41.59,DBGI_2021-06-10_41.59,data/minute/trades/DBGI/2021-06-10.parquet,True
DBGI,2021-06-24,82.64,DBGI_2021-06-24_82.64,data/minute/trades/DBGI/2021-06-24.parquet,True
DBGI,2021-06-29,36.61,DBGI_2021-06-29_36.61,data/minute/trades/DBGI/2021-06-29.parquet,True
DBGI,2021-07-08,66.98,DBGI_2021-07-08_66.98,data/minute/trades/DBGI/2021-07-08.parquet,True
DBGI,2021-07-13,34.32,DBGI_2021-07-13_34.32,data/minute/trades/DBGI/2021-07-13.parquet,True
DBGI,2021-09-28,65.08,DBGI_2021-09-28_65.08,data/minute/trades/DBGI/2021-09-28.parquet,True
DBGI,2021-10-28,119.14,DBGI_2021-10-28_119.14,data/minute/trades/DBGI/2021-10-28.parquet,True
DBGI,2022-01-20,30.83,DBGI_2022-01-20_30.83,data/minute/trades/DBGI/2022-01-20.parquet,True
DBGI,2022-03-07,54.14,DBGI_2022-03-07_54.14,data/minute/trades/DBGI/2022-03-07.parquet,True
DBGI,2022-03-11,40.14,DBGI_2022-03-11_40.14,data/minute/trades/DBGI/2022-03-11.parquet,True
DBGI,2022-06-09,31.75,DBGI_2022-06-09_31.75,data/minute/trades/DBGI/2022-06-09.parquet,True
DBGI,2022-10-13,55.60,DBGI_2022-10-13_55.60,data/minute/trades/DBGI/2022-10-13.parquet,True
DBGI,2022-10-18,54.32,DBGI_2022-10-18_54.32,data/minute/trades/DBGI/2022-10-18.parquet,True
DBGI,2022-10-21,41.75,DBGI_2022-10-21_41.75,data/minute/trades/DBGI/2022-10-21.parquet,True
DBGI,2022-11-03,34.97,DBGI_2022-11-03_34.97,data/minute/trades/DBGI/2022-11-03.parquet,True
DBGI,2023-03-27,30.34,DBGI_2023-03-27_30.34,data/minute/trades/DBGI/2023-03-27.parquet,True
DBGI,2023-05-08,30.10,DBGI_2023-05-08_30.10,data/minute/trades/DBGI/2023-05-08.parquet,True
DGLY,2020-02-04,110.42,DGLY_2020-02-04_110.42,data/minute/trades/DGLY/2020-02-04.parquet,True
DGLY,2020-02-14,51.75,DGLY_2020-02-14_51.75,data/minute/trades/DGLY/2020-02-14.parquet,True
DGLY,2020-02-19,31.82,DGLY_2020-02-19_31.82,data/minute/trades/DGLY/2020-02-19.parquet,True
DGLY,2020-03-19,30.77,DGLY_2020-03-19_30.77,data/minute/trades/DGLY/2020-03-19.parquet,True
DGLY,2020-04-06,35.42,DGLY_2020-04-06_35.42,data/minute/trades/DGLY/2020-04-06.parquet,True
DGLY,2020-04-08,33.77,DGLY_2020-04-08_33.77,data/minute/trades/DGLY/2020-04-08.parquet,True
DGLY,2020-04-14,42.18,DGLY_2020-04-14_42.18,data/minute/trades/DGLY/2020-04-14.parquet,True
DGLY,2020-04-16,33.60,DGLY_2020-04-16_33.60,data/minute/trades/DGLY/2020-04-16.parquet,True
DGLY,2020-05-29,39.30,DGLY_2020-05-29_39.30,data/minute/trades/DGLY/2020-05-29.parquet,True
DGLY,2020-06-01,149.11,DGLY_2020-06-01_149.11,data/minute/trades/DGLY/2020-06-01.parquet,True
DGLY,2020-06-05,42.51,DGLY_2020-06-05_42.51,data/minute/trades/DGLY/2020-06-05.parquet,True
DGLY,2020-08-27,31.22,DGLY_2020-08-27_31.22,data/minute/trades/DGLY/2020-08-27.parquet,True
DGLY,2020-09-23,54.45,DGLY_2020-09-23_54.45,data/minute/trades/DGLY/2020-09-23.parquet,True
DGLY,2022-06-24,32.14,DGLY_2022-06-24_32.14,data/minute/trades/DGLY/2022-06-24.parquet,True
DGLY,2022-11-07,36.99,DGLY_2022-11-07_36.99,data/minute/trades/DGLY/2022-11-07.parquet,True
DGLY,2023-02-15,42.72,DGLY_2023-02-15_42.72,data/minute/trades/DGLY/2023-02-15.parquet,True
DGLY,2024-11-20,31.95,DGLY_2024-11-20_31.95,data/minute/trades/DGLY/2024-11-20.parquet,True
DGLY,2024-11-21,34.25,DGLY_2024-11-21_34.25,data/minute/trades/DGLY/2024-11-21.parquet,True
DRMA,2022-03-21,45.00,DRMA_2022-03-21_45.00,data/minute/trades/DRMA/2022-03-21.parquet,True
DRMA,2022-06-10,40.65,DRMA_2022-06-10_40.65,data/minute/trades/DRMA/2022-06-10.parquet,True
DRMA,2022-12-27,59.98,DRMA_2022-12-27_59.98,data/minute/trades/DRMA/2022-12-27.parquet,True
DRMAW,2021-10-01,31.31,DRMAW_2021-10-01_31.31,data/minute/trades/DRMAW/2021-10-01.parquet,True
DUO,2020-03-19,33.91,DUO_2020-03-19_33.91,data/minute/trades/DUO/2020-03-19.parquet,True
DUO,2020-06-09,1256.89,DUO_2020-06-09_1256.89,data/minute/trades/DUO/2020-06-09.parquet,True
DUO,2020-06-10,59.37,DUO_2020-06-10_59.37,data/minute/trades/DUO/2020-06-10.parquet,True
DUO,2020-06-24,48.42,DUO_2020-06-24_48.42,data/minute/trades/DUO/2020-06-24.parquet,True
EDBL,2022-08-18,99.07,EDBL_2022-08-18_99.07,data/minute/trades/EDBL/2022-08-18.parquet,True
EDBL,2022-10-24,66.34,EDBL_2022-10-24_66.34,data/minute/trades/EDBL/2022-10-24.parquet,True
EDBL,2022-11-07,48.79,EDBL_2022-11-07_48.79,data/minute/trades/EDBL/2022-11-07.parquet,True
EDBL,2022-11-30,45.26,EDBL_2022-11-30_45.26,data/minute/trades/EDBL/2022-11-30.parquet,True
EDBL,2022-12-12,145.17,EDBL_2022-12-12_145.17,data/minute/trades/EDBL/2022-12-12.parquet,True
EDBL,2023-01-04,37.44,EDBL_2023-01-04_37.44,data/minute/trades/EDBL/2023-01-04.parquet,True
EDBL,2023-01-19,36.96,EDBL_2023-01-19_36.96,data/minute/trades/EDBL/2023-01-19.parquet,True
EDBL,2023-01-23,42.49,EDBL_2023-01-23_42.49,data/minute/trades/EDBL/2023-01-23.parquet,True
EJH,2021-05-17,49.87,EJH_2021-05-17_49.87,data/minute/trades/EJH/2021-05-17.parquet,True
EJH,2021-05-21,32.68,EJH_2021-05-21_32.68,data/minute/trades/EJH/2021-05-21.parquet,True
EJH,2022-03-04,41.25,EJH_2022-03-04_41.25,data/minute/trades/EJH/2022-03-04.parquet,True
EJH,2022-07-27,53.92,EJH_2022-07-27_53.92,data/minute/trades/EJH/2022-07-27.parquet,True
EJH,2022-12-12,33.46,EJH_2022-12-12_33.46,data/minute/trades/EJH/2022-12-12.parquet,True
EJH,2022-12-20,50.71,EJH_2022-12-20_50.71,data/minute/trades/EJH/2022-12-20.parquet,True
EJH,2022-12-21,55.36,EJH_2022-12-21_55.36,data/minute/trades/EJH/2022-12-21.parquet,True
EJH,2022-12-22,98.86,EJH_2022-12-22_98.86,data/minute/trades/EJH/2022-12-22.parquet,True
EJH,2023-03-29,41.59,EJH_2023-03-29_41.59,data/minute/trades/EJH/2023-03-29.parquet,True
EJH,2023-05-01,36.31,EJH_2023-05-01_36.31,data/minute/trades/EJH/2023-05-01.parquet,True
ELAB,2023-12-15,32.97,ELAB_2023-12-15_32.97,data/minute/trades/ELAB/2023-12-15.parquet,True
ENGNW,2024-08-30,53.33,ENGNW_2024-08-30_53.33,data/minute/trades/ENGNW/2024-08-30.parquet,True
ENVB,2021-01-06,34.10,ENVB_2021-01-06_34.10,data/minute/trades/ENVB/2021-01-06.parquet,True
ENVB,2022-06-29,35.34,ENVB_2022-06-29_35.34,data/minute/trades/ENVB/2022-06-29.parquet,True
ENVB,2022-12-29,31.59,ENVB_2022-12-29_31.59,data/minute/trades/ENVB/2022-12-29.parquet,True
ETEC,2023-03-30,17300.00,ETEC_2023-03-30_17300.00,data/minute/trades/ETEC/2023-03-30.parquet,True
EYEG,2023-12-13,1725.01,EYEG_2023-12-13_1725.01,data/minute/trades/EYEG/2023-12-13.parquet,True
EZGO,2022-03-01,41.13,EZGO_2022-03-01_41.13,data/minute/trades/EZGO/2022-03-01.parquet,True
EZGO,2022-12-13,39.87,EZGO_2022-12-13_39.87,data/minute/trades/EZGO/2022-12-13.parquet,True
EZGO,2022-12-30,89.25,EZGO_2022-12-30_89.25,data/minute/trades/EZGO/2022-12-30.parquet,True
EZGO,2023-03-22,41.23,EZGO_2023-03-22_41.23,data/minute/trades/EZGO/2023-03-22.parquet,True
FBYDW,2024-09-23,30.61,FBYDW_2024-09-23_30.61,data/minute/trades/FBYDW/2024-09-23.parquet,True
FEAM,2022-03-16,49.95,FEAM_2022-03-16_49.95,data/minute/trades/FEAM/2022-03-16.parquet,True
FRGT,2022-10-25,33.72,FRGT_2022-10-25_33.72,data/minute/trades/FRGT/2022-10-25.parquet,True
FRGT,2022-10-26,100.00,FRGT_2022-10-26_100.00,data/minute/trades/FRGT/2022-10-26.parquet,True
FRGT,2022-11-04,116.00,FRGT_2022-11-04_116.00,data/minute/trades/FRGT/2022-11-04.parquet,True
FRGT,2022-11-16,32.86,FRGT_2022-11-16_32.86,data/minute/trades/FRGT/2022-11-16.parquet,True
FRGT,2022-11-21,42.06,FRGT_2022-11-21_42.06,data/minute/trades/FRGT/2022-11-21.parquet,True
FRGT,2022-12-29,36.40,FRGT_2022-12-29_36.40,data/minute/trades/FRGT/2022-12-29.parquet,True
FRGT,2023-01-04,56.40,FRGT_2023-01-04_56.40,data/minute/trades/FRGT/2023-01-04.parquet,True
FRGT,2023-01-26,41.34,FRGT_2023-01-26_41.34,data/minute/trades/FRGT/2023-01-26.parquet,True
GCTK,2022-04-04,32.50,GCTK_2022-04-04_32.50,data/minute/trades/GCTK/2022-04-04.parquet,True
GCTK,2022-07-22,39.53,GCTK_2022-07-22_39.53,data/minute/trades/GCTK/2022-07-22.parquet,True
GCTK,2023-03-24,59.81,GCTK_2023-03-24_59.81,data/minute/trades/GCTK/2023-03-24.parquet,True
GCTK,2023-04-05,42.81,GCTK_2023-04-05_42.81,data/minute/trades/GCTK/2023-04-05.parquet,True
GCTK,2023-05-03,60.43,GCTK_2023-05-03_60.43,data/minute/trades/GCTK/2023-05-03.parquet,True
GCTK,2023-05-04,36.90,GCTK_2023-05-04_36.90,data/minute/trades/GCTK/2023-05-04.parquet,True
GCTK,2023-11-10,45.00,GCTK_2023-11-10_45.00,data/minute/trades/GCTK/2023-11-10.parquet,True
GCTK,2024-01-02,41.41,GCTK_2024-01-02_41.41,data/minute/trades/GCTK/2024-01-02.parquet,True
GCTK,2024-04-16,33.33,GCTK_2024-04-16_33.33,data/minute/trades/GCTK/2024-04-16.parquet,True
GCTK,2024-04-17,37.22,GCTK_2024-04-17_37.22,data/minute/trades/GCTK/2024-04-17.parquet,True
GCTK,2024-04-29,30.68,GCTK_2024-04-29_30.68,data/minute/trades/GCTK/2024-04-29.parquet,True
GCTK,2024-05-31,40.18,GCTK_2024-05-31_40.18,data/minute/trades/GCTK/2024-05-31.parquet,True
GCTK,2024-11-08,32.00,GCTK_2024-11-08_32.00,data/minute/trades/GCTK/2024-11-08.parquet,True
GCTK,2024-12-20,32.39,GCTK_2024-12-20_32.39,data/minute/trades/GCTK/2024-12-20.parquet,True
GDEV,2023-09-27,31.03,GDEV_2023-09-27_31.03,data/minute/trades/GDEV/2023-09-27.parquet,True
GDHG,2023-04-28,33.33,GDHG_2023-04-28_33.33,data/minute/trades/GDHG/2023-04-28.parquet,True
GDHG,2023-09-08,50.00,GDHG_2023-09-08_50.00,data/minute/trades/GDHG/2023-09-08.parquet,True
GDHG,2023-09-25,40.95,GDHG_2023-09-25_40.95,data/minute/trades/GDHG/2023-09-25.parquet,True
GDHG,2023-11-02,46.60,GDHG_2023-11-02_46.60,data/minute/trades/GDHG/2023-11-02.parquet,True
GDHG,2024-01-29,37.47,GDHG_2024-01-29_37.47,data/minute/trades/GDHG/2024-01-29.parquet,True
GDHG,2024-02-08,35.39,GDHG_2024-02-08_35.39,data/minute/trades/GDHG/2024-02-08.parquet,True
GDHG,2024-04-30,30.48,GDHG_2024-04-30_30.48,data/minute/trades/GDHG/2024-04-30.parquet,True
GDHG,2024-08-16,45.07,GDHG_2024-08-16_45.07,data/minute/trades/GDHG/2024-08-16.parquet,True
GLOW,2024-06-21,1100.57,GLOW_2024-06-21_1100.57,data/minute/trades/GLOW/2024-06-21.parquet,True
GNLN,2020-03-19,49.61,GNLN_2020-03-19_49.61,data/minute/trades/GNLN/2020-03-19.parquet,True
GNLN,2020-04-27,31.58,GNLN_2020-04-27_31.58,data/minute/trades/GNLN/2020-04-27.parquet,True
GNLN,2021-01-06,30.18,GNLN_2021-01-06_30.18,data/minute/trades/GNLN/2021-01-06.parquet,True
GNLN,2021-03-31,40.59,GNLN_2021-03-31_40.59,data/minute/trades/GNLN/2021-03-31.parquet,True
GNLN,2022-03-25,33.73,GNLN_2022-03-25_33.73,data/minute/trades/GNLN/2022-03-25.parquet,True
GNLN,2022-06-24,59.55,GNLN_2022-06-24_59.55,data/minute/trades/GNLN/2022-06-24.parquet,True
GNLN,2022-12-09,32.45,GNLN_2022-12-09_32.45,data/minute/trades/GNLN/2022-12-09.parquet,True
GNLN,2024-03-18,35.55,GNLN_2024-03-18_35.55,data/minute/trades/GNLN/2024-03-18.parquet,True
GNLN,2024-12-23,30.28,GNLN_2024-12-23_30.28,data/minute/trades/GNLN/2024-12-23.parquet,True
GNPX,2024-01-08,51.90,GNPX_2024-01-08_51.90,data/minute/trades/GNPX/2024-01-08.parquet,True
GPOR,2021-05-18,53934.71,GPOR_2021-05-18_53934.71,data/minute/trades/GPOR/2021-05-18.parquet,True
GRI,2023-04-27,38.82,GRI_2023-04-27_38.82,data/minute/trades/GRI/2023-04-27.parquet,True
GRI,2023-09-01,62.99,GRI_2023-09-01_62.99,data/minute/trades/GRI/2023-09-01.parquet,True
GRI,2024-01-29,42.28,GRI_2024-01-29_42.28,data/minute/trades/GRI/2024-01-29.parquet,True
GVH,2024-01-08,41.51,GVH_2024-01-08_41.51,data/minute/trades/GVH/2024-01-08.parquet,True
GWAV,2023-02-06,36.28,GWAV_2023-02-06_36.28,data/minute/trades/GWAV/2023-02-06.parquet,True
GWAV,2023-02-28,30.60,GWAV_2023-02-28_30.60,data/minute/trades/GWAV/2023-02-28.parquet,True
GWAV,2024-03-18,96.90,GWAV_2024-03-18_96.90,data/minute/trades/GWAV/2024-03-18.parquet,True
HCTI,2022-05-26,67.14,HCTI_2022-05-26_67.14,data/minute/trades/HCTI/2022-05-26.parquet,True
HCTI,2022-08-29,36.03,HCTI_2022-08-29_36.03,data/minute/trades/HCTI/2022-08-29.parquet,True
HCTI,2022-10-25,30.56,HCTI_2022-10-25_30.56,data/minute/trades/HCTI/2022-10-25.parquet,True
HCTI,2022-11-28,32.87,HCTI_2022-11-28_32.87,data/minute/trades/HCTI/2022-11-28.parquet,True
HCTI,2022-11-29,48.90,HCTI_2022-11-29_48.90,data/minute/trades/HCTI/2022-11-29.parquet,True
HCTI,2023-05-10,48.00,HCTI_2023-05-10_48.00,data/minute/trades/HCTI/2023-05-10.parquet,True
HCTI,2023-07-06,32.05,HCTI_2023-07-06_32.05,data/minute/trades/HCTI/2023-07-06.parquet,True
HOLO,2022-10-14,32.17,HOLO_2022-10-14_32.17,data/minute/trades/HOLO/2022-10-14.parquet,True
HOLO,2023-01-06,58.00,HOLO_2023-01-06_58.00,data/minute/trades/HOLO/2023-01-06.parquet,True
HOLO,2023-01-10,48.47,HOLO_2023-01-10_48.47,data/minute/trades/HOLO/2023-01-10.parquet,True
HOLO,2023-01-20,38.09,HOLO_2023-01-20_38.09,data/minute/trades/HOLO/2023-01-20.parquet,True
HOLO,2023-01-24,36.03,HOLO_2023-01-24_36.03,data/minute/trades/HOLO/2023-01-24.parquet,True
HOLO,2023-01-27,39.77,HOLO_2023-01-27_39.77,data/minute/trades/HOLO/2023-01-27.parquet,True
HOLO,2023-05-04,47.97,HOLO_2023-05-04_47.97,data/minute/trades/HOLO/2023-05-04.parquet,True
HOLO,2023-08-11,36.43,HOLO_2023-08-11_36.43,data/minute/trades/HOLO/2023-08-11.parquet,True
HOLO,2023-08-21,37.68,HOLO_2023-08-21_37.68,data/minute/trades/HOLO/2023-08-21.parquet,True
HOLO,2023-08-22,32.74,HOLO_2023-08-22_32.74,data/minute/trades/HOLO/2023-08-22.parquet,True
HOLO,2023-08-23,43.34,HOLO_2023-08-23_43.34,data/minute/trades/HOLO/2023-08-23.parquet,True
HOLO,2023-08-28,32.89,HOLO_2023-08-28_32.89,data/minute/trades/HOLO/2023-08-28.parquet,True
HOLO,2023-10-30,40.71,HOLO_2023-10-30_40.71,data/minute/trades/HOLO/2023-10-30.parquet,True
HOLO,2023-11-03,33.12,HOLO_2023-11-03_33.12,data/minute/trades/HOLO/2023-11-03.parquet,True
HOTH,2020-03-20,46.30,HOTH_2020-03-20_46.30,data/minute/trades/HOTH/2020-03-20.parquet,True
HSCS,2023-01-11,40.38,HSCS_2023-01-11_40.38,data/minute/trades/HSCS/2023-01-11.parquet,True
HSCSW,2022-06-16,108.55,HSCSW_2022-06-16_108.55,data/minute/trades/HSCSW/2022-06-16.parquet,True
HSCSW,2022-06-23,138.68,HSCSW_2022-06-23_138.68,data/minute/trades/HSCSW/2022-06-23.parquet,True
HSCSW,2022-07-14,48.00,HSCSW_2022-07-14_48.00,data/minute/trades/HSCSW/2022-07-14.parquet,True
HSCSW,2022-07-19,114.29,HSCSW_2022-07-19_114.29,data/minute/trades/HSCSW/2022-07-19.parquet,True
HSCSW,2022-07-22,49.26,HSCSW_2022-07-22_49.26,data/minute/trades/HSCSW/2022-07-22.parquet,True
HSCSW,2022-07-26,38.09,HSCSW_2022-07-26_38.09,data/minute/trades/HSCSW/2022-07-26.parquet,True
HSCSW,2022-08-03,133.33,HSCSW_2022-08-03_133.33,data/minute/trades/HSCSW/2022-08-03.parquet,True
HSCSW,2022-08-08,33.51,HSCSW_2022-08-08_33.51,data/minute/trades/HSCSW/2022-08-08.parquet,True
HSCSW,2022-08-10,41.51,HSCSW_2022-08-10_41.51,data/minute/trades/HSCSW/2022-08-10.parquet,True
HSCSW,2022-08-16,44.29,HSCSW_2022-08-16_44.29,data/minute/trades/HSCSW/2022-08-16.parquet,True
HSCSW,2022-09-01,47.73,HSCSW_2022-09-01_47.73,data/minute/trades/HSCSW/2022-09-01.parquet,True
HSCSW,2022-10-05,80.32,HSCSW_2022-10-05_80.32,data/minute/trades/HSCSW/2022-10-05.parquet,True
HSCSW,2022-10-12,35.29,HSCSW_2022-10-12_35.29,data/minute/trades/HSCSW/2022-10-12.parquet,True
HSCSW,2022-10-19,105.47,HSCSW_2022-10-19_105.47,data/minute/trades/HSCSW/2022-10-19.parquet,True
HSCSW,2022-10-24,88.35,HSCSW_2022-10-24_88.35,data/minute/trades/HSCSW/2022-10-24.parquet,True
HSCSW,2022-10-26,96.97,HSCSW_2022-10-26_96.97,data/minute/trades/HSCSW/2022-10-26.parquet,True
HSCSW,2022-10-27,63.33,HSCSW_2022-10-27_63.33,data/minute/trades/HSCSW/2022-10-27.parquet,True
HSCSW,2022-10-28,37.50,HSCSW_2022-10-28_37.50,data/minute/trades/HSCSW/2022-10-28.parquet,True
HSCSW,2022-10-31,34.38,HSCSW_2022-10-31_34.38,data/minute/trades/HSCSW/2022-10-31.parquet,True
HSCSW,2022-11-02,93.92,HSCSW_2022-11-02_93.92,data/minute/trades/HSCSW/2022-11-02.parquet,True
HSCSW,2022-11-03,48.61,HSCSW_2022-11-03_48.61,data/minute/trades/HSCSW/2022-11-03.parquet,True
HSCSW,2022-11-04,38.55,HSCSW_2022-11-04_38.55,data/minute/trades/HSCSW/2022-11-04.parquet,True
HSCSW,2022-11-07,43.60,HSCSW_2022-11-07_43.60,data/minute/trades/HSCSW/2022-11-07.parquet,True
HSCSW,2022-11-10,56.89,HSCSW_2022-11-10_56.89,data/minute/trades/HSCSW/2022-11-10.parquet,True
HSCSW,2022-11-17,69.05,HSCSW_2022-11-17_69.05,data/minute/trades/HSCSW/2022-11-17.parquet,True
HSCSW,2022-11-23,48.72,HSCSW_2022-11-23_48.72,data/minute/trades/HSCSW/2022-11-23.parquet,True
HSCSW,2022-11-25,38.38,HSCSW_2022-11-25_38.38,data/minute/trades/HSCSW/2022-11-25.parquet,True
HSCSW,2022-11-28,37.93,HSCSW_2022-11-28_37.93,data/minute/trades/HSCSW/2022-11-28.parquet,True
HSCSW,2022-12-19,32.50,HSCSW_2022-12-19_32.50,data/minute/trades/HSCSW/2022-12-19.parquet,True
HSCSW,2022-12-20,73.73,HSCSW_2022-12-20_73.73,data/minute/trades/HSCSW/2022-12-20.parquet,True
HSCSW,2022-12-21,37.42,HSCSW_2022-12-21_37.42,data/minute/trades/HSCSW/2022-12-21.parquet,True
HSCSW,2022-12-22,48.55,HSCSW_2022-12-22_48.55,data/minute/trades/HSCSW/2022-12-22.parquet,True
HSCSW,2022-12-23,96.05,HSCSW_2022-12-23_96.05,data/minute/trades/HSCSW/2022-12-23.parquet,True
HSCSW,2022-12-27,69.90,HSCSW_2022-12-27_69.90,data/minute/trades/HSCSW/2022-12-27.parquet,True
HSCSW,2022-12-29,260.70,HSCSW_2022-12-29_260.70,data/minute/trades/HSCSW/2022-12-29.parquet,True
HSCSW,2023-01-09,71.84,HSCSW_2023-01-09_71.84,data/minute/trades/HSCSW/2023-01-09.parquet,True
HSCSW,2023-01-10,69.39,HSCSW_2023-01-10_69.39,data/minute/trades/HSCSW/2023-01-10.parquet,True
HSCSW,2023-01-11,42.78,HSCSW_2023-01-11_42.78,data/minute/trades/HSCSW/2023-01-11.parquet,True
HSCSW,2023-01-12,76.14,HSCSW_2023-01-12_76.14,data/minute/trades/HSCSW/2023-01-12.parquet,True
HSCSW,2023-01-13,47.00,HSCSW_2023-01-13_47.00,data/minute/trades/HSCSW/2023-01-13.parquet,True
HSCSW,2023-01-17,32.56,HSCSW_2023-01-17_32.56,data/minute/trades/HSCSW/2023-01-17.parquet,True
HSCSW,2023-01-30,256.76,HSCSW_2023-01-30_256.76,data/minute/trades/HSCSW/2023-01-30.parquet,True
HSCSW,2023-01-31,42.72,HSCSW_2023-01-31_42.72,data/minute/trades/HSCSW/2023-01-31.parquet,True
HSCSW,2023-02-01,99.70,HSCSW_2023-02-01_99.70,data/minute/trades/HSCSW/2023-02-01.parquet,True
HSCSW,2023-02-15,35.32,HSCSW_2023-02-15_35.32,data/minute/trades/HSCSW/2023-02-15.parquet,True
HSCSW,2023-02-17,53.64,HSCSW_2023-02-17_53.64,data/minute/trades/HSCSW/2023-02-17.parquet,True
HSCSW,2023-02-22,128.17,HSCSW_2023-02-22_128.17,data/minute/trades/HSCSW/2023-02-22.parquet,True
HSCSW,2023-02-28,95.60,HSCSW_2023-02-28_95.60,data/minute/trades/HSCSW/2023-02-28.parquet,True
HSCSW,2023-03-02,74.14,HSCSW_2023-03-02_74.14,data/minute/trades/HSCSW/2023-03-02.parquet,True
HSCSW,2023-03-03,63.45,HSCSW_2023-03-03_63.45,data/minute/trades/HSCSW/2023-03-03.parquet,True
HSCSW,2023-03-06,73.13,HSCSW_2023-03-06_73.13,data/minute/trades/HSCSW/2023-03-06.parquet,True
HSCSW,2023-03-17,46.20,HSCSW_2023-03-17_46.20,data/minute/trades/HSCSW/2023-03-17.parquet,True
HSCSW,2023-03-20,43.10,HSCSW_2023-03-20_43.10,data/minute/trades/HSCSW/2023-03-20.parquet,True
HSCSW,2023-03-21,150.00,HSCSW_2023-03-21_150.00,data/minute/trades/HSCSW/2023-03-21.parquet,True
HSCSW,2023-03-22,181.03,HSCSW_2023-03-22_181.03,data/minute/trades/HSCSW/2023-03-22.parquet,True
HSCSW,2023-03-28,49.83,HSCSW_2023-03-28_49.83,data/minute/trades/HSCSW/2023-03-28.parquet,True
HSCSW,2023-03-30,31.43,HSCSW_2023-03-30_31.43,data/minute/trades/HSCSW/2023-03-30.parquet,True
HSCSW,2023-04-05,94.65,HSCSW_2023-04-05_94.65,data/minute/trades/HSCSW/2023-04-05.parquet,True
HSCSW,2023-04-10,79.55,HSCSW_2023-04-10_79.55,data/minute/trades/HSCSW/2023-04-10.parquet,True
HSCSW,2023-04-12,107.66,HSCSW_2023-04-12_107.66,data/minute/trades/HSCSW/2023-04-12.parquet,True
HSCSW,2023-04-14,54.17,HSCSW_2023-04-14_54.17,data/minute/trades/HSCSW/2023-04-14.parquet,True
HSCSW,2023-05-12,44.69,HSCSW_2023-05-12_44.69,data/minute/trades/HSCSW/2023-05-12.parquet,True
HSCSW,2023-05-17,66.33,HSCSW_2023-05-17_66.33,data/minute/trades/HSCSW/2023-05-17.parquet,True
HSCSW,2023-05-18,48.43,HSCSW_2023-05-18_48.43,data/minute/trades/HSCSW/2023-05-18.parquet,True
HSCSW,2023-05-23,73.50,HSCSW_2023-05-23_73.50,data/minute/trades/HSCSW/2023-05-23.parquet,True
HSCSW,2023-06-05,58.80,HSCSW_2023-06-05_58.80,data/minute/trades/HSCSW/2023-06-05.parquet,True
HSCSW,2023-06-26,190.70,HSCSW_2023-06-26_190.70,data/minute/trades/HSCSW/2023-06-26.parquet,True
HSCSW,2023-08-29,77.67,HSCSW_2023-08-29_77.67,data/minute/trades/HSCSW/2023-08-29.parquet,True
HSCSW,2023-08-31,42.67,HSCSW_2023-08-31_42.67,data/minute/trades/HSCSW/2023-08-31.parquet,True
HSCSW,2023-09-06,42.86,HSCSW_2023-09-06_42.86,data/minute/trades/HSCSW/2023-09-06.parquet,True
HSCSW,2023-09-25,45.49,HSCSW_2023-09-25_45.49,data/minute/trades/HSCSW/2023-09-25.parquet,True
HSCSW,2023-11-07,309.84,HSCSW_2023-11-07_309.84,data/minute/trades/HSCSW/2023-11-07.parquet,True
HSCSW,2023-11-10,50.00,HSCSW_2023-11-10_50.00,data/minute/trades/HSCSW/2023-11-10.parquet,True
HSCSW,2023-12-14,100.00,HSCSW_2023-12-14_100.00,data/minute/trades/HSCSW/2023-12-14.parquet,True
HSCSW,2023-12-28,59.68,HSCSW_2023-12-28_59.68,data/minute/trades/HSCSW/2023-12-28.parquet,True
HSCSW,2024-01-02,79.80,HSCSW_2024-01-02_79.80,data/minute/trades/HSCSW/2024-01-02.parquet,True
HSCSW,2024-01-31,70.00,HSCSW_2024-01-31_70.00,data/minute/trades/HSCSW/2024-01-31.parquet,True
HSCSW,2024-02-05,41.27,HSCSW_2024-02-05_41.27,data/minute/trades/HSCSW/2024-02-05.parquet,True
HSCSW,2024-02-28,70.00,HSCSW_2024-02-28_70.00,data/minute/trades/HSCSW/2024-02-28.parquet,True
HSCSW,2024-03-06,60.00,HSCSW_2024-03-06_60.00,data/minute/trades/HSCSW/2024-03-06.parquet,True
HSCSW,2024-04-15,81.03,HSCSW_2024-04-15_81.03,data/minute/trades/HSCSW/2024-04-15.parquet,True
HSCSW,2024-04-22,78.00,HSCSW_2024-04-22_78.00,data/minute/trades/HSCSW/2024-04-22.parquet,True
HSCSW,2024-05-02,100.00,HSCSW_2024-05-02_100.00,data/minute/trades/HSCSW/2024-05-02.parquet,True
HSCSW,2024-05-16,139.00,HSCSW_2024-05-16_139.00,data/minute/trades/HSCSW/2024-05-16.parquet,True
HSDT,2020-04-28,33.14,HSDT_2020-04-28_33.14,data/minute/trades/HSDT/2020-04-28.parquet,True
HSDT,2020-05-12,100.00,HSDT_2020-05-12_100.00,data/minute/trades/HSDT/2020-05-12.parquet,True
HSDT,2020-06-08,36.19,HSDT_2020-06-08_36.19,data/minute/trades/HSDT/2020-06-08.parquet,True
HSDT,2021-01-05,202.76,HSDT_2021-01-05_202.76,data/minute/trades/HSDT/2021-01-05.parquet,True
HSDT,2021-03-26,50.18,HSDT_2021-03-26_50.18,data/minute/trades/HSDT/2021-03-26.parquet,True
HSDT,2022-05-17,31.44,HSDT_2022-05-17_31.44,data/minute/trades/HSDT/2022-05-17.parquet,True
HSDT,2022-05-24,32.14,HSDT_2022-05-24_32.14,data/minute/trades/HSDT/2022-05-24.parquet,True
HSDT,2022-05-31,36.57,HSDT_2022-05-31_36.57,data/minute/trades/HSDT/2022-05-31.parquet,True
HSDT,2022-06-01,80.82,HSDT_2022-06-01_80.82,data/minute/trades/HSDT/2022-06-01.parquet,True
HSDT,2022-07-12,80.99,HSDT_2022-07-12_80.99,data/minute/trades/HSDT/2022-07-12.parquet,True
HSDT,2022-08-03,328.57,HSDT_2022-08-03_328.57,data/minute/trades/HSDT/2022-08-03.parquet,True
HSDT,2022-11-16,41.37,HSDT_2022-11-16_41.37,data/minute/trades/HSDT/2022-11-16.parquet,True
HSDT,2023-06-07,82.67,HSDT_2023-06-07_82.67,data/minute/trades/HSDT/2023-06-07.parquet,True
HSDT,2023-06-29,30.76,HSDT_2023-06-29_30.76,data/minute/trades/HSDT/2023-06-29.parquet,True
HSDT,2024-12-02,33.06,HSDT_2024-12-02_33.06,data/minute/trades/HSDT/2024-12-02.parquet,True
IDAI,2022-01-19,40.81,IDAI_2022-01-19_40.81,data/minute/trades/IDAI/2022-01-19.parquet,True
IDAI,2022-06-24,38.06,IDAI_2022-06-24_38.06,data/minute/trades/IDAI/2022-06-24.parquet,True
IDAI,2022-12-28,33.98,IDAI_2022-12-28_33.98,data/minute/trades/IDAI/2022-12-28.parquet,True
IFBD,2022-06-21,54.94,IFBD_2022-06-21_54.94,data/minute/trades/IFBD/2022-06-21.parquet,True
IFBD,2022-12-09,46.27,IFBD_2022-12-09_46.27,data/minute/trades/IFBD/2022-12-09.parquet,True
IFBD,2022-12-22,32.50,IFBD_2022-12-22_32.50,data/minute/trades/IFBD/2022-12-22.parquet,True
IFBD,2023-01-06,68.83,IFBD_2023-01-06_68.83,data/minute/trades/IFBD/2023-01-06.parquet,True
IFBD,2023-01-30,33.66,IFBD_2023-01-30_33.66,data/minute/trades/IFBD/2023-01-30.parquet,True
IFBD,2023-02-01,32.77,IFBD_2023-02-01_32.77,data/minute/trades/IFBD/2023-02-01.parquet,True
INBS,2022-12-12,43.06,INBS_2022-12-12_43.06,data/minute/trades/INBS/2022-12-12.parquet,True
IVDA,2022-03-01,33.61,IVDA_2022-03-01_33.61,data/minute/trades/IVDA/2022-03-01.parquet,True
IVP,2023-09-21,35.20,IVP_2023-09-21_35.20,data/minute/trades/IVP/2023-09-21.parquet,True
IVP,2023-11-21,57.87,IVP_2023-11-21_57.87,data/minute/trades/IVP/2023-11-21.parquet,True
IXHL,2022-03-11,32.95,IXHL_2022-03-11_32.95,data/minute/trades/IXHL/2022-03-11.parquet,True
JAGX,2020-05-21,34.65,JAGX_2020-05-21_34.65,data/minute/trades/JAGX/2020-05-21.parquet,True
JAGX,2020-05-29,41.94,JAGX_2020-05-29_41.94,data/minute/trades/JAGX/2020-05-29.parquet,True
JAGX,2020-09-10,56.62,JAGX_2020-09-10_56.62,data/minute/trades/JAGX/2020-09-10.parquet,True
JAGX,2020-10-06,31.29,JAGX_2020-10-06_31.29,data/minute/trades/JAGX/2020-10-06.parquet,True
JAGX,2020-11-30,85.71,JAGX_2020-11-30_85.71,data/minute/trades/JAGX/2020-11-30.parquet,True
JAGX,2020-12-01,108.35,JAGX_2020-12-01_108.35,data/minute/trades/JAGX/2020-12-01.parquet,True
JAGX,2020-12-22,33.54,JAGX_2020-12-22_33.54,data/minute/trades/JAGX/2020-12-22.parquet,True
JAGX,2020-12-23,225.92,JAGX_2020-12-23_225.92,data/minute/trades/JAGX/2020-12-23.parquet,True
JAGX,2020-12-31,44.51,JAGX_2020-12-31_44.51,data/minute/trades/JAGX/2020-12-31.parquet,True
JAGX,2021-01-04,126.99,JAGX_2021-01-04_126.99,data/minute/trades/JAGX/2021-01-04.parquet,True
JAGX,2021-01-05,67.98,JAGX_2021-01-05_67.98,data/minute/trades/JAGX/2021-01-05.parquet,True
JAGX,2021-01-07,46.77,JAGX_2021-01-07_46.77,data/minute/trades/JAGX/2021-01-07.parquet,True
JAGX,2021-01-08,66.79,JAGX_2021-01-08_66.79,data/minute/trades/JAGX/2021-01-08.parquet,True
JAGX,2021-03-08,55.00,JAGX_2021-03-08_55.00,data/minute/trades/JAGX/2021-03-08.parquet,True
JAGX,2021-10-26,31.68,JAGX_2021-10-26_31.68,data/minute/trades/JAGX/2021-10-26.parquet,True
JAGX,2021-12-21,63.91,JAGX_2021-12-21_63.91,data/minute/trades/JAGX/2021-12-21.parquet,True
JAGX,2022-03-15,52.45,JAGX_2022-03-15_52.45,data/minute/trades/JAGX/2022-03-15.parquet,True
JAGX,2022-03-31,52.17,JAGX_2022-03-31_52.17,data/minute/trades/JAGX/2022-03-31.parquet,True
JFBR,2023-01-05,34.43,JFBR_2023-01-05_34.43,data/minute/trades/JFBR/2023-01-05.parquet,True
JFBR,2023-11-22,38.09,JFBR_2023-11-22_38.09,data/minute/trades/JFBR/2023-11-22.parquet,True
JFBR,2023-12-14,35.38,JFBR_2023-12-14_35.38,data/minute/trades/JFBR/2023-12-14.parquet,True
JTAI,2023-11-14,30.48,JTAI_2023-11-14_30.48,data/minute/trades/JTAI/2023-11-14.parquet,True
JTAI,2023-11-16,36.76,JTAI_2023-11-16_36.76,data/minute/trades/JTAI/2023-11-16.parquet,True
KELYB,2020-04-17,30.43,KELYB_2020-04-17_30.43,data/minute/trades/KELYB/2020-04-17.parquet,True
KXIN,2020-03-20,38.73,KXIN_2020-03-20_38.73,data/minute/trades/KXIN/2020-03-20.parquet,True
KXIN,2020-03-24,45.07,KXIN_2020-03-24_45.07,data/minute/trades/KXIN/2020-03-24.parquet,True
KXIN,2020-04-30,54.68,KXIN_2020-04-30_54.68,data/minute/trades/KXIN/2020-04-30.parquet,True
KXIN,2020-06-09,33.26,KXIN_2020-06-09_33.26,data/minute/trades/KXIN/2020-06-09.parquet,True
KXIN,2020-06-12,42.22,KXIN_2020-06-12_42.22,data/minute/trades/KXIN/2020-06-12.parquet,True
KXIN,2020-07-29,43.48,KXIN_2020-07-29_43.48,data/minute/trades/KXIN/2020-07-29.parquet,True
LCFYW,2022-05-04,38.89,LCFYW_2022-05-04_38.89,data/minute/trades/LCFYW/2022-05-04.parquet,True
LCFYW,2022-05-09,57.45,LCFYW_2022-05-09_57.45,data/minute/trades/LCFYW/2022-05-09.parquet,True
LCFYW,2022-05-13,50.00,LCFYW_2022-05-13_50.00,data/minute/trades/LCFYW/2022-05-13.parquet,True
LCFYW,2022-07-08,50.10,LCFYW_2022-07-08_50.10,data/minute/trades/LCFYW/2022-07-08.parquet,True
LCFYW,2022-07-28,34.94,LCFYW_2022-07-28_34.94,data/minute/trades/LCFYW/2022-07-28.parquet,True
LCFYW,2022-08-09,37.11,LCFYW_2022-08-09_37.11,data/minute/trades/LCFYW/2022-08-09.parquet,True
LCFYW,2022-09-13,32.33,LCFYW_2022-09-13_32.33,data/minute/trades/LCFYW/2022-09-13.parquet,True
LCFYW,2022-12-07,222.11,LCFYW_2022-12-07_222.11,data/minute/trades/LCFYW/2022-12-07.parquet,True
LCFYW,2022-12-13,440.00,LCFYW_2022-12-13_440.00,data/minute/trades/LCFYW/2022-12-13.parquet,True
LCFYW,2022-12-14,321.90,LCFYW_2022-12-14_321.90,data/minute/trades/LCFYW/2022-12-14.parquet,True
LCFYW,2022-12-19,234.88,LCFYW_2022-12-19_234.88,data/minute/trades/LCFYW/2022-12-19.parquet,True
LCFYW,2022-12-21,134.31,LCFYW_2022-12-21_134.31,data/minute/trades/LCFYW/2022-12-21.parquet,True
LCFYW,2022-12-30,102.21,LCFYW_2022-12-30_102.21,data/minute/trades/LCFYW/2022-12-30.parquet,True
LCFYW,2023-05-01,32.81,LCFYW_2023-05-01_32.81,data/minute/trades/LCFYW/2023-05-01.parquet,True
LCFYW,2023-06-01,572.55,LCFYW_2023-06-01_572.55,data/minute/trades/LCFYW/2023-06-01.parquet,True
LCFYW,2023-10-31,46.04,LCFYW_2023-10-31_46.04,data/minute/trades/LCFYW/2023-10-31.parquet,True
LCFYW,2024-04-08,38.80,LCFYW_2024-04-08_38.80,data/minute/trades/LCFYW/2024-04-08.parquet,True
LCFYW,2024-04-18,32.72,LCFYW_2024-04-18_32.72,data/minute/trades/LCFYW/2024-04-18.parquet,True
LCFYW,2024-07-18,38.77,LCFYW_2024-07-18_38.77,data/minute/trades/LCFYW/2024-07-18.parquet,True
LEXXW,2022-02-23,53.12,LEXXW_2022-02-23_53.12,data/minute/trades/LEXXW/2022-02-23.parquet,True
LEXXW,2022-05-16,72.91,LEXXW_2022-05-16_72.91,data/minute/trades/LEXXW/2022-05-16.parquet,True
LEXXW,2022-07-05,58.58,LEXXW_2022-07-05_58.58,data/minute/trades/LEXXW/2022-07-05.parquet,True
LEXXW,2024-04-19,63.16,LEXXW_2024-04-19_63.16,data/minute/trades/LEXXW/2024-04-19.parquet,True
LEXXW,2024-10-04,39.15,LEXXW_2024-10-04_39.15,data/minute/trades/LEXXW/2024-10-04.parquet,True
LGHL,2020-06-18,32.00,LGHL_2020-06-18_32.00,data/minute/trades/LGHL/2020-06-18.parquet,True
LGHL,2020-06-24,38.10,LGHL_2020-06-24_38.10,data/minute/trades/LGHL/2020-06-24.parquet,True
LGHL,2020-06-30,72.00,LGHL_2020-06-30_72.00,data/minute/trades/LGHL/2020-06-30.parquet,True
LGHL,2020-10-16,30.25,LGHL_2020-10-16_30.25,data/minute/trades/LGHL/2020-10-16.parquet,True
LICN,2023-07-03,30.30,LICN_2023-07-03_30.30,data/minute/trades/LICN/2023-07-03.parquet,True
LICN,2024-02-08,30.19,LICN_2024-02-08_30.19,data/minute/trades/LICN/2024-02-08.parquet,True
LMFA,2020-03-19,33.18,LMFA_2020-03-19_33.18,data/minute/trades/LMFA/2020-03-19.parquet,True
LXEH,2022-06-28,35.98,LXEH_2022-06-28_35.98,data/minute/trades/LXEH/2022-06-28.parquet,True
LXEH,2022-08-02,67.31,LXEH_2022-08-02_67.31,data/minute/trades/LXEH/2022-08-02.parquet,True
LXEH,2022-08-10,54.02,LXEH_2022-08-10_54.02,data/minute/trades/LXEH/2022-08-10.parquet,True
LXEH,2022-11-17,37.27,LXEH_2022-11-17_37.27,data/minute/trades/LXEH/2022-11-17.parquet,True
LXEH,2022-12-09,42.22,LXEH_2022-12-09_42.22,data/minute/trades/LXEH/2022-12-09.parquet,True
LXEH,2023-01-12,46.51,LXEH_2023-01-12_46.51,data/minute/trades/LXEH/2023-01-12.parquet,True
LXEH,2023-01-13,46.18,LXEH_2023-01-13_46.18,data/minute/trades/LXEH/2023-01-13.parquet,True
LXEH,2023-03-14,68.10,LXEH_2023-03-14_68.10,data/minute/trades/LXEH/2023-03-14.parquet,True
MBIO,2020-03-17,35.85,MBIO_2020-03-17_35.85,data/minute/trades/MBIO/2020-03-17.parquet,True
MLGO,2022-12-20,36.31,MLGO_2022-12-20_36.31,data/minute/trades/MLGO/2022-12-20.parquet,True
MLGO,2022-12-21,35.00,MLGO_2022-12-21_35.00,data/minute/trades/MLGO/2022-12-21.parquet,True
MLGO,2023-01-11,41.61,MLGO_2023-01-11_41.61,data/minute/trades/MLGO/2023-01-11.parquet,True
MLGO,2023-05-01,41.84,MLGO_2023-05-01_41.84,data/minute/trades/MLGO/2023-05-01.parquet,True
MLGO,2023-09-12,42.98,MLGO_2023-09-12_42.98,data/minute/trades/MLGO/2023-09-12.parquet,True
MLGO,2023-09-29,37.72,MLGO_2023-09-29_37.72,data/minute/trades/MLGO/2023-09-29.parquet,True
MLGO,2023-10-13,56.96,MLGO_2023-10-13_56.96,data/minute/trades/MLGO/2023-10-13.parquet,True
MLGO,2023-11-10,35.40,MLGO_2023-11-10_35.40,data/minute/trades/MLGO/2023-11-10.parquet,True
MNPR,2020-03-17,37.94,MNPR_2020-03-17_37.94,data/minute/trades/MNPR/2020-03-17.parquet,True
NAAS,2022-12-30,36.79,NAAS_2022-12-30_36.79,data/minute/trades/NAAS/2022-12-30.parquet,True
NAOV,2020-03-27,41.63,NAOV_2020-03-27_41.63,data/minute/trades/NAOV/2020-03-27.parquet,True
NAOV,2022-05-13,30.00,NAOV_2022-05-13_30.00,data/minute/trades/NAOV/2022-05-13.parquet,True
NAOV,2023-11-06,38.68,NAOV_2023-11-06_38.68,data/minute/trades/NAOV/2023-11-06.parquet,True
NCNA,2020-03-02,157.66,NCNA_2020-03-02_157.66,data/minute/trades/NCNA/2020-03-02.parquet,True
NCNA,2020-03-03,51.42,NCNA_2020-03-03_51.42,data/minute/trades/NCNA/2020-03-03.parquet,True
NCNA,2020-03-04,33.76,NCNA_2020-03-04_33.76,data/minute/trades/NCNA/2020-03-04.parquet,True
NCNA,2020-07-24,32.04,NCNA_2020-07-24_32.04,data/minute/trades/NCNA/2020-07-24.parquet,True
NCNA,2022-07-13,49.65,NCNA_2022-07-13_49.65,data/minute/trades/NCNA/2022-07-13.parquet,True
NCNA,2022-07-25,30.23,NCNA_2022-07-25_30.23,data/minute/trades/NCNA/2022-07-25.parquet,True
NCNA,2023-01-05,30.86,NCNA_2023-01-05_30.86,data/minute/trades/NCNA/2023-01-05.parquet,True
NCNA,2023-03-21,37.80,NCNA_2023-03-21_37.80,data/minute/trades/NCNA/2023-03-21.parquet,True
NCNA,2023-03-23,30.86,NCNA_2023-03-23_30.86,data/minute/trades/NCNA/2023-03-23.parquet,True
NCNA,2023-10-17,32.68,NCNA_2023-10-17_32.68,data/minute/trades/NCNA/2023-10-17.parquet,True
NCNA,2023-12-27,31.49,NCNA_2023-12-27_31.49,data/minute/trades/NCNA/2023-12-27.parquet,True
NCPL,2022-07-12,58.57,NCPL_2022-07-12_58.57,data/minute/trades/NCPL/2022-07-12.parquet,True
NCRA,2022-02-17,30.71,NCRA_2022-02-17_30.71,data/minute/trades/NCRA/2022-02-17.parquet,True
NDRA,2020-04-28,55.17,NDRA_2020-04-28_55.17,data/minute/trades/NDRA/2020-04-28.parquet,True
NDRA,2021-01-19,66.67,NDRA_2021-01-19_66.67,data/minute/trades/NDRA/2021-01-19.parquet,True
NDRA,2021-01-20,48.28,NDRA_2021-01-20_48.28,data/minute/trades/NDRA/2021-01-20.parquet,True
NDRA,2022-12-12,55.95,NDRA_2022-12-12_55.95,data/minute/trades/NDRA/2022-12-12.parquet,True
NDRA,2023-04-28,36.43,NDRA_2023-04-28_36.43,data/minute/trades/NDRA/2023-04-28.parquet,True
NDRA,2023-08-15,30.68,NDRA_2023-08-15_30.68,data/minute/trades/NDRA/2023-08-15.parquet,True
NDRA,2023-12-20,45.61,NDRA_2023-12-20_45.61,data/minute/trades/NDRA/2023-12-20.parquet,True
NDRA,2024-05-02,32.14,NDRA_2024-05-02_32.14,data/minute/trades/NDRA/2024-05-02.parquet,True
NE.WS,2024-11-06,48.26,NE.WS_2024-11-06_48.26,data/minute/trades/NE.WS/2024-11-06.parquet,True
NEOVW,2022-08-26,438.55,NEOVW_2022-08-26_438.55,data/minute/trades/NEOVW/2022-08-26.parquet,True
NEOVW,2022-09-30,34.11,NEOVW_2022-09-30_34.11,data/minute/trades/NEOVW/2022-09-30.parquet,True
NEOVW,2022-12-19,33.78,NEOVW_2022-12-19_33.78,data/minute/trades/NEOVW/2022-12-19.parquet,True
NEOVW,2023-01-17,39.93,NEOVW_2023-01-17_39.93,data/minute/trades/NEOVW/2023-01-17.parquet,True
NEOVW,2023-03-28,33.33,NEOVW_2023-03-28_33.33,data/minute/trades/NEOVW/2023-03-28.parquet,True
NEOVW,2023-07-26,63.61,NEOVW_2023-07-26_63.61,data/minute/trades/NEOVW/2023-07-26.parquet,True
NIVF,2024-08-23,32.26,NIVF_2024-08-23_32.26,data/minute/trades/NIVF/2024-08-23.parquet,True
NTRBW,2022-06-13,31.31,NTRBW_2022-06-13_31.31,data/minute/trades/NTRBW/2022-06-13.parquet,True
NTRBW,2022-09-16,39.70,NTRBW_2022-09-16_39.70,data/minute/trades/NTRBW/2022-09-16.parquet,True
NTRBW,2022-11-09,59.86,NTRBW_2022-11-09_59.86,data/minute/trades/NTRBW/2022-11-09.parquet,True
NTRBW,2024-04-09,87.27,NTRBW_2024-04-09_87.27,data/minute/trades/NTRBW/2024-04-09.parquet,True
NTRBW,2024-06-28,74.65,NTRBW_2024-06-28_74.65,data/minute/trades/NTRBW/2024-06-28.parquet,True
NTRBW,2024-07-23,35.14,NTRBW_2024-07-23_35.14,data/minute/trades/NTRBW/2024-07-23.parquet,True
NTRBW,2024-09-10,40.31,NTRBW_2024-09-10_40.31,data/minute/trades/NTRBW/2024-09-10.parquet,True
NTRBW,2024-09-20,31.82,NTRBW_2024-09-20_31.82,data/minute/trades/NTRBW/2024-09-20.parquet,True
NTRBW,2024-10-25,33.33,NTRBW_2024-10-25_33.33,data/minute/trades/NTRBW/2024-10-25.parquet,True
NUKK,2022-03-30,36.06,NUKK_2022-03-30_36.06,data/minute/trades/NUKK/2022-03-30.parquet,True
NUKK,2022-04-22,30.44,NUKK_2022-04-22_30.44,data/minute/trades/NUKK/2022-04-22.parquet,True
NUKK,2022-05-03,38.85,NUKK_2022-05-03_38.85,data/minute/trades/NUKK/2022-05-03.parquet,True
NUKK,2022-06-10,33.22,NUKK_2022-06-10_33.22,data/minute/trades/NUKK/2022-06-10.parquet,True
NUKK,2022-06-13,32.23,NUKK_2022-06-13_32.23,data/minute/trades/NUKK/2022-06-13.parquet,True
NUKK,2022-06-30,46.12,NUKK_2022-06-30_46.12,data/minute/trades/NUKK/2022-06-30.parquet,True
NUKK,2022-07-05,41.30,NUKK_2022-07-05_41.30,data/minute/trades/NUKK/2022-07-05.parquet,True
NUKK,2023-08-25,51.91,NUKK_2023-08-25_51.91,data/minute/trades/NUKK/2023-08-25.parquet,True
NUKK,2023-08-29,77.11,NUKK_2023-08-29_77.11,data/minute/trades/NUKK/2023-08-29.parquet,True
NUKK,2023-09-08,99.50,NUKK_2023-09-08_99.50,data/minute/trades/NUKK/2023-09-08.parquet,True
NUKK,2023-10-26,44.14,NUKK_2023-10-26_44.14,data/minute/trades/NUKK/2023-10-26.parquet,True
NUKK,2023-10-31,44.66,NUKK_2023-10-31_44.66,data/minute/trades/NUKK/2023-10-31.parquet,True
NUKK,2023-11-03,35.45,NUKK_2023-11-03_35.45,data/minute/trades/NUKK/2023-11-03.parquet,True
NUKK,2023-11-13,47.06,NUKK_2023-11-13_47.06,data/minute/trades/NUKK/2023-11-13.parquet,True
NUKK,2023-11-21,49.50,NUKK_2023-11-21_49.50,data/minute/trades/NUKK/2023-11-21.parquet,True
NUKK,2023-12-21,370.81,NUKK_2023-12-21_370.81,data/minute/trades/NUKK/2023-12-21.parquet,True
NUWE,2021-06-01,34.08,NUWE_2021-06-01_34.08,data/minute/trades/NUWE/2021-06-01.parquet,True
NUWE,2022-04-11,37.44,NUWE_2022-04-11_37.44,data/minute/trades/NUWE/2022-04-11.parquet,True
NUWE,2022-07-05,78.22,NUWE_2022-07-05_78.22,data/minute/trades/NUWE/2022-07-05.parquet,True
NUWE,2022-08-31,193.60,NUWE_2022-08-31_193.60,data/minute/trades/NUWE/2022-08-31.parquet,True
NUWE,2022-12-28,57.42,NUWE_2022-12-28_57.42,data/minute/trades/NUWE/2022-12-28.parquet,True
NUWE,2023-10-05,30.29,NUWE_2023-10-05_30.29,data/minute/trades/NUWE/2023-10-05.parquet,True
NUWE,2023-10-16,35.50,NUWE_2023-10-16_35.50,data/minute/trades/NUWE/2023-10-16.parquet,True
NUWE,2024-01-23,42.71,NUWE_2024-01-23_42.71,data/minute/trades/NUWE/2024-01-23.parquet,True
NVAWW,2024-08-26,31.82,NVAWW_2024-08-26_31.82,data/minute/trades/NVAWW/2024-08-26.parquet,True
NVAWW,2024-11-19,33.87,NVAWW_2024-11-19_33.87,data/minute/trades/NVAWW/2024-11-19.parquet,True
NVNI,2024-07-05,50.51,NVNI_2024-07-05_50.51,data/minute/trades/NVNI/2024-07-05.parquet,True
NXPLW,2022-05-31,45.43,NXPLW_2022-05-31_45.43,data/minute/trades/NXPLW/2022-05-31.parquet,True
NXPLW,2023-04-05,36.02,NXPLW_2023-04-05_36.02,data/minute/trades/NXPLW/2023-04-05.parquet,True
NXPLW,2023-05-09,36.08,NXPLW_2023-05-09_36.08,data/minute/trades/NXPLW/2023-05-09.parquet,True
NXTT,2024-05-02,36.57,NXTT_2024-05-02_36.57,data/minute/trades/NXTT/2024-05-02.parquet,True
OBLG,2020-03-23,30.53,OBLG_2020-03-23_30.53,data/minute/trades/OBLG/2020-03-23.parquet,True
OBLG,2020-06-09,37.93,OBLG_2020-06-09_37.93,data/minute/trades/OBLG/2020-06-09.parquet,True
OBLG,2020-06-15,48.44,OBLG_2020-06-15_48.44,data/minute/trades/OBLG/2020-06-15.parquet,True
OBLG,2022-05-13,49.94,OBLG_2022-05-13_49.94,data/minute/trades/OBLG/2022-05-13.parquet,True
OCSAW,2024-01-04,60.54,OCSAW_2024-01-04_60.54,data/minute/trades/OCSAW/2024-01-04.parquet,True
OCSAW,2024-01-24,39.13,OCSAW_2024-01-24_39.13,data/minute/trades/OCSAW/2024-01-24.parquet,True
ONCO,2024-05-16,39.78,ONCO_2024-05-16_39.78,data/minute/trades/ONCO/2024-05-16.parquet,True
OST,2023-08-21,37.48,OST_2023-08-21_37.48,data/minute/trades/OST/2023-08-21.parquet,True
OST,2024-04-23,44.50,OST_2024-04-23_44.50,data/minute/trades/OST/2024-04-23.parquet,True
PCTTU,2024-02-16,41.31,PCTTU_2024-02-16_41.31,data/minute/trades/PCTTU/2024-02-16.parquet,True
PCTTW,2023-11-20,32.65,PCTTW_2023-11-20_32.65,data/minute/trades/PCTTW/2023-11-20.parquet,True
PETZ,2020-03-19,45.33,PETZ_2020-03-19_45.33,data/minute/trades/PETZ/2020-03-19.parquet,True
PIIIW,2022-11-01,68.82,PIIIW_2022-11-01_68.82,data/minute/trades/PIIIW/2022-11-01.parquet,True
PMTS,2021-08-05,2259.44,PMTS_2021-08-05_2259.44,data/minute/trades/PMTS/2021-08-05.parquet,True
POAI,2020-01-24,40.44,POAI_2020-01-24_40.44,data/minute/trades/POAI/2020-01-24.parquet,True
PPCB,2022-02-03,61.62,PPCB_2022-02-03_61.62,data/minute/trades/PPCB/2022-02-03.parquet,True
PPCB,2022-02-04,92.31,PPCB_2022-02-04_92.31,data/minute/trades/PPCB/2022-02-04.parquet,True
PPCB,2022-03-02,132.14,PPCB_2022-03-02_132.14,data/minute/trades/PPCB/2022-03-02.parquet,True
PPCB,2022-03-16,43.70,PPCB_2022-03-16_43.70,data/minute/trades/PPCB/2022-03-16.parquet,True
PPCB,2022-03-17,39.43,PPCB_2022-03-17_39.43,data/minute/trades/PPCB/2022-03-17.parquet,True
PPCB,2022-03-22,133.79,PPCB_2022-03-22_133.79,data/minute/trades/PPCB/2022-03-22.parquet,True
PPCB,2022-04-20,30.43,PPCB_2022-04-20_30.43,data/minute/trades/PPCB/2022-04-20.parquet,True
PPCB,2022-04-25,41.34,PPCB_2022-04-25_41.34,data/minute/trades/PPCB/2022-04-25.parquet,True
PPCB,2022-05-11,64.77,PPCB_2022-05-11_64.77,data/minute/trades/PPCB/2022-05-11.parquet,True
PPCB,2022-06-14,43.55,PPCB_2022-06-14_43.55,data/minute/trades/PPCB/2022-06-14.parquet,True
PPCB,2022-06-22,42.86,PPCB_2022-06-22_42.86,data/minute/trades/PPCB/2022-06-22.parquet,True
PPCB,2022-06-24,223.81,PPCB_2022-06-24_223.81,data/minute/trades/PPCB/2022-06-24.parquet,True
PPCB,2022-06-28,33.33,PPCB_2022-06-28_33.33,data/minute/trades/PPCB/2022-06-28.parquet,True
PPCB,2022-06-29,74.42,PPCB_2022-06-29_74.42,data/minute/trades/PPCB/2022-06-29.parquet,True
PPCB,2022-07-01,38.78,PPCB_2022-07-01_38.78,data/minute/trades/PPCB/2022-07-01.parquet,True
PPCB,2022-07-05,43.88,PPCB_2022-07-05_43.88,data/minute/trades/PPCB/2022-07-05.parquet,True
PPCB,2022-07-12,42.31,PPCB_2022-07-12_42.31,data/minute/trades/PPCB/2022-07-12.parquet,True
PPCB,2022-07-25,55.88,PPCB_2022-07-25_55.88,data/minute/trades/PPCB/2022-07-25.parquet,True
PPCB,2022-09-08,145.00,PPCB_2022-09-08_145.00,data/minute/trades/PPCB/2022-09-08.parquet,True
PPCB,2022-09-12,30.43,PPCB_2022-09-12_30.43,data/minute/trades/PPCB/2022-09-12.parquet,True
PPCB,2022-11-10,50.00,PPCB_2022-11-10_50.00,data/minute/trades/PPCB/2022-11-10.parquet,True
PPCB,2022-11-15,33.33,PPCB_2022-11-15_33.33,data/minute/trades/PPCB/2022-11-15.parquet,True
PPCB,2022-12-14,57.14,PPCB_2022-12-14_57.14,data/minute/trades/PPCB/2022-12-14.parquet,True
PPCB,2022-12-19,33.33,PPCB_2022-12-19_33.33,data/minute/trades/PPCB/2022-12-19.parquet,True
PPCB,2022-12-21,40.00,PPCB_2022-12-21_40.00,data/minute/trades/PPCB/2022-12-21.parquet,True
PPCB,2022-12-27,40.00,PPCB_2022-12-27_40.00,data/minute/trades/PPCB/2022-12-27.parquet,True
PPCB,2023-01-11,40.00,PPCB_2023-01-11_40.00,data/minute/trades/PPCB/2023-01-11.parquet,True
PPCB,2023-01-18,50.00,PPCB_2023-01-18_50.00,data/minute/trades/PPCB/2023-01-18.parquet,True
PPCB,2023-02-07,33.33,PPCB_2023-02-07_33.33,data/minute/trades/PPCB/2023-02-07.parquet,True
PPCB,2023-02-16,33.33,PPCB_2023-02-16_33.33,data/minute/trades/PPCB/2023-02-16.parquet,True
PPCB,2023-02-22,75.00,PPCB_2023-02-22_75.00,data/minute/trades/PPCB/2023-02-22.parquet,True
PPCB,2023-02-23,69.23,PPCB_2023-02-23_69.23,data/minute/trades/PPCB/2023-02-23.parquet,True
PPCB,2023-03-07,33.33,PPCB_2023-03-07_33.33,data/minute/trades/PPCB/2023-03-07.parquet,True
PPCB,2023-03-08,50.00,PPCB_2023-03-08_50.00,data/minute/trades/PPCB/2023-03-08.parquet,True
PPCB,2023-03-16,45.45,PPCB_2023-03-16_45.45,data/minute/trades/PPCB/2023-03-16.parquet,True
PPCB,2023-03-28,55.56,PPCB_2023-03-28_55.56,data/minute/trades/PPCB/2023-03-28.parquet,True
PPCB,2023-04-17,33.33,PPCB_2023-04-17_33.33,data/minute/trades/PPCB/2023-04-17.parquet,True
PPCB,2023-04-24,33.33,PPCB_2023-04-24_33.33,data/minute/trades/PPCB/2023-04-24.parquet,True
PPCB,2023-05-02,33.33,PPCB_2023-05-02_33.33,data/minute/trades/PPCB/2023-05-02.parquet,True
PPCB,2023-05-03,33.33,PPCB_2023-05-03_33.33,data/minute/trades/PPCB/2023-05-03.parquet,True
PPCB,2023-05-11,50.00,PPCB_2023-05-11_50.00,data/minute/trades/PPCB/2023-05-11.parquet,True
PPCB,2023-06-26,45.83,PPCB_2023-06-26_45.83,data/minute/trades/PPCB/2023-06-26.parquet,True
PPCB,2023-06-27,79.53,PPCB_2023-06-27_79.53,data/minute/trades/PPCB/2023-06-27.parquet,True
PPCB,2023-06-30,304.47,PPCB_2023-06-30_304.47,data/minute/trades/PPCB/2023-06-30.parquet,True
PPCB,2023-07-03,33.33,PPCB_2023-07-03_33.33,data/minute/trades/PPCB/2023-07-03.parquet,True
PPCB,2023-07-10,38.00,PPCB_2023-07-10_38.00,data/minute/trades/PPCB/2023-07-10.parquet,True
PPCB,2023-07-18,71.46,PPCB_2023-07-18_71.46,data/minute/trades/PPCB/2023-07-18.parquet,True
PPCB,2023-08-23,33.33,PPCB_2023-08-23_33.33,data/minute/trades/PPCB/2023-08-23.parquet,True
PPCB,2023-08-25,40.00,PPCB_2023-08-25_40.00,data/minute/trades/PPCB/2023-08-25.parquet,True
PPCB,2023-08-28,95.72,PPCB_2023-08-28_95.72,data/minute/trades/PPCB/2023-08-28.parquet,True
PPCB,2023-08-30,33.33,PPCB_2023-08-30_33.33,data/minute/trades/PPCB/2023-08-30.parquet,True
PPCB,2023-09-12,30.00,PPCB_2023-09-12_30.00,data/minute/trades/PPCB/2023-09-12.parquet,True
PPCB,2023-09-15,30.00,PPCB_2023-09-15_30.00,data/minute/trades/PPCB/2023-09-15.parquet,True
PPCB,2023-10-18,30.00,PPCB_2023-10-18_30.00,data/minute/trades/PPCB/2023-10-18.parquet,True
PPCB,2023-10-24,32.73,PPCB_2023-10-24_32.73,data/minute/trades/PPCB/2023-10-24.parquet,True
PPCB,2023-11-02,31.58,PPCB_2023-11-02_31.58,data/minute/trades/PPCB/2023-11-02.parquet,True
PPCB,2023-11-07,62.70,PPCB_2023-11-07_62.70,data/minute/trades/PPCB/2023-11-07.parquet,True
PPCB,2023-11-14,92.66,PPCB_2023-11-14_92.66,data/minute/trades/PPCB/2023-11-14.parquet,True
PPCB,2023-12-06,72.92,PPCB_2023-12-06_72.92,data/minute/trades/PPCB/2023-12-06.parquet,True
PPCB,2023-12-07,76.19,PPCB_2023-12-07_76.19,data/minute/trades/PPCB/2023-12-07.parquet,True
PPCB,2023-12-13,116.52,PPCB_2023-12-13_116.52,data/minute/trades/PPCB/2023-12-13.parquet,True
PPCB,2023-12-15,57.89,PPCB_2023-12-15_57.89,data/minute/trades/PPCB/2023-12-15.parquet,True
PPCB,2023-12-19,77.89,PPCB_2023-12-19_77.89,data/minute/trades/PPCB/2023-12-19.parquet,True
PPCB,2023-12-20,39.29,PPCB_2023-12-20_39.29,data/minute/trades/PPCB/2023-12-20.parquet,True
PPCB,2024-01-02,30.72,PPCB_2024-01-02_30.72,data/minute/trades/PPCB/2024-01-02.parquet,True
PPCB,2024-02-26,120.69,PPCB_2024-02-26_120.69,data/minute/trades/PPCB/2024-02-26.parquet,True
PPCB,2024-03-07,47.90,PPCB_2024-03-07_47.90,data/minute/trades/PPCB/2024-03-07.parquet,True
PPCB,2024-03-14,48.15,PPCB_2024-03-14_48.15,data/minute/trades/PPCB/2024-03-14.parquet,True
PPCB,2024-03-27,66.67,PPCB_2024-03-27_66.67,data/minute/trades/PPCB/2024-03-27.parquet,True
PPCB,2024-04-09,33.33,PPCB_2024-04-09_33.33,data/minute/trades/PPCB/2024-04-09.parquet,True
PPCB,2024-04-19,30.00,PPCB_2024-04-19_30.00,data/minute/trades/PPCB/2024-04-19.parquet,True
PPCB,2024-04-22,36.36,PPCB_2024-04-22_36.36,data/minute/trades/PPCB/2024-04-22.parquet,True
PPCB,2024-05-06,37.50,PPCB_2024-05-06_37.50,data/minute/trades/PPCB/2024-05-06.parquet,True
PPCB,2024-05-07,32.65,PPCB_2024-05-07_32.65,data/minute/trades/PPCB/2024-05-07.parquet,True
PPCB,2024-05-21,100.00,PPCB_2024-05-21_100.00,data/minute/trades/PPCB/2024-05-21.parquet,True
PPCB,2024-05-24,62.50,PPCB_2024-05-24_62.50,data/minute/trades/PPCB/2024-05-24.parquet,True
PPCB,2024-05-30,236.36,PPCB_2024-05-30_236.36,data/minute/trades/PPCB/2024-05-30.parquet,True
PPCB,2024-05-31,36.84,PPCB_2024-05-31_36.84,data/minute/trades/PPCB/2024-05-31.parquet,True
PPCB,2024-06-05,60.00,PPCB_2024-06-05_60.00,data/minute/trades/PPCB/2024-06-05.parquet,True
PPCB,2024-06-06,175.00,PPCB_2024-06-06_175.00,data/minute/trades/PPCB/2024-06-06.parquet,True
PPCB,2024-06-12,76.92,PPCB_2024-06-12_76.92,data/minute/trades/PPCB/2024-06-12.parquet,True
PPCB,2024-06-13,38.10,PPCB_2024-06-13_38.10,data/minute/trades/PPCB/2024-06-13.parquet,True
PPCB,2024-06-20,38.46,PPCB_2024-06-20_38.46,data/minute/trades/PPCB/2024-06-20.parquet,True
PPCB,2024-06-25,54.55,PPCB_2024-06-25_54.55,data/minute/trades/PPCB/2024-06-25.parquet,True
PPCB,2024-08-12,33.33,PPCB_2024-08-12_33.33,data/minute/trades/PPCB/2024-08-12.parquet,True
PPCB,2024-08-14,62.50,PPCB_2024-08-14_62.50,data/minute/trades/PPCB/2024-08-14.parquet,True
PPCB,2024-08-19,33.33,PPCB_2024-08-19_33.33,data/minute/trades/PPCB/2024-08-19.parquet,True
PPCB,2024-10-07,100.00,PPCB_2024-10-07_100.00,data/minute/trades/PPCB/2024-10-07.parquet,True
PPCB,2024-10-11,33.33,PPCB_2024-10-11_33.33,data/minute/trades/PPCB/2024-10-11.parquet,True
PPCB,2024-10-16,33.33,PPCB_2024-10-16_33.33,data/minute/trades/PPCB/2024-10-16.parquet,True
PPCB,2024-10-18,33.33,PPCB_2024-10-18_33.33,data/minute/trades/PPCB/2024-10-18.parquet,True
PPCB,2024-10-22,33.33,PPCB_2024-10-22_33.33,data/minute/trades/PPCB/2024-10-22.parquet,True
PPCB,2024-10-25,33.33,PPCB_2024-10-25_33.33,data/minute/trades/PPCB/2024-10-25.parquet,True
PPCB,2024-10-31,33.33,PPCB_2024-10-31_33.33,data/minute/trades/PPCB/2024-10-31.parquet,True
PPCB,2024-11-04,33.33,PPCB_2024-11-04_33.33,data/minute/trades/PPCB/2024-11-04.parquet,True
PPCB,2024-11-15,33.33,PPCB_2024-11-15_33.33,data/minute/trades/PPCB/2024-11-15.parquet,True
PPCB,2024-11-18,33.33,PPCB_2024-11-18_33.33,data/minute/trades/PPCB/2024-11-18.parquet,True
PPCB,2024-11-21,33.33,PPCB_2024-11-21_33.33,data/minute/trades/PPCB/2024-11-21.parquet,True
PPCB,2024-11-25,33.33,PPCB_2024-11-25_33.33,data/minute/trades/PPCB/2024-11-25.parquet,True
PPCB,2024-12-02,60.00,PPCB_2024-12-02_60.00,data/minute/trades/PPCB/2024-12-02.parquet,True
PPCB,2024-12-11,50.00,PPCB_2024-12-11_50.00,data/minute/trades/PPCB/2024-12-11.parquet,True
PPCB,2024-12-12,50.00,PPCB_2024-12-12_50.00,data/minute/trades/PPCB/2024-12-12.parquet,True
PPCB,2024-12-16,50.00,PPCB_2024-12-16_50.00,data/minute/trades/PPCB/2024-12-16.parquet,True
PPCB,2024-12-23,50.00,PPCB_2024-12-23_50.00,data/minute/trades/PPCB/2024-12-23.parquet,True
PPCB,2024-12-26,50.00,PPCB_2024-12-26_50.00,data/minute/trades/PPCB/2024-12-26.parquet,True
PPCB,2024-12-27,50.00,PPCB_2024-12-27_50.00,data/minute/trades/PPCB/2024-12-27.parquet,True
PPCB,2024-12-30,50.00,PPCB_2024-12-30_50.00,data/minute/trades/PPCB/2024-12-30.parquet,True
PPCB,2024-12-31,50.00,PPCB_2024-12-31_50.00,data/minute/trades/PPCB/2024-12-31.parquet,True
PRFX,2022-12-09,59.99,PRFX_2022-12-09_59.99,data/minute/trades/PRFX/2022-12-09.parquet,True
PRFX,2022-12-28,57.21,PRFX_2022-12-28_57.21,data/minute/trades/PRFX/2022-12-28.parquet,True
PRFX,2023-03-24,35.88,PRFX_2023-03-24_35.88,data/minute/trades/PRFX/2023-03-24.parquet,True
PSIX,2022-06-28,31.58,PSIX_2022-06-28_31.58,data/minute/trades/PSIX/2022-06-28.parquet,True
PSIX,2022-07-01,32.35,PSIX_2022-07-01_32.35,data/minute/trades/PSIX/2022-07-01.parquet,True
PTIX,2024-08-19,31.54,PTIX_2024-08-19_31.54,data/minute/trades/PTIX/2024-08-19.parquet,True
QH,2022-06-07,50.14,QH_2022-06-07_50.14,data/minute/trades/QH/2022-06-07.parquet,True
QNRX,2021-11-12,39.26,QNRX_2021-11-12_39.26,data/minute/trades/QNRX/2021-11-12.parquet,True
RAYA,2022-12-20,47.54,RAYA_2022-12-20_47.54,data/minute/trades/RAYA/2022-12-20.parquet,True
RAYA,2023-01-10,32.54,RAYA_2023-01-10_32.54,data/minute/trades/RAYA/2023-01-10.parquet,True
RAYA,2023-03-24,32.90,RAYA_2023-03-24_32.90,data/minute/trades/RAYA/2023-03-24.parquet,True
RAYA,2023-09-21,31.68,RAYA_2023-09-21_31.68,data/minute/trades/RAYA/2023-09-21.parquet,True
RAYA,2023-12-27,50.73,RAYA_2023-12-27_50.73,data/minute/trades/RAYA/2023-12-27.parquet,True
RAYA,2024-04-10,33.93,RAYA_2024-04-10_33.93,data/minute/trades/RAYA/2024-04-10.parquet,True
RAYA,2024-07-24,30.33,RAYA_2024-07-24_30.33,data/minute/trades/RAYA/2024-07-24.parquet,True
RAYA,2024-10-11,31.60,RAYA_2024-10-11_31.60,data/minute/trades/RAYA/2024-10-11.parquet,True
RAYA,2024-10-22,38.32,RAYA_2024-10-22_38.32,data/minute/trades/RAYA/2024-10-22.parquet,True
RDHL,2020-03-19,44.63,RDHL_2020-03-19_44.63,data/minute/trades/RDHL/2020-03-19.parquet,True
RDHL,2022-03-17,30.05,RDHL_2022-03-17_30.05,data/minute/trades/RDHL/2022-03-17.parquet,True
RETO,2020-01-13,41.76,RETO_2020-01-13_41.76,data/minute/trades/RETO/2020-01-13.parquet,True
RETO,2020-01-27,30.95,RETO_2020-01-27_30.95,data/minute/trades/RETO/2020-01-27.parquet,True
RETO,2020-01-29,31.89,RETO_2020-01-29_31.89,data/minute/trades/RETO/2020-01-29.parquet,True
RETO,2020-01-30,43.48,RETO_2020-01-30_43.48,data/minute/trades/RETO/2020-01-30.parquet,True
RETO,2020-03-31,41.46,RETO_2020-03-31_41.46,data/minute/trades/RETO/2020-03-31.parquet,True
RETO,2020-05-20,48.34,RETO_2020-05-20_48.34,data/minute/trades/RETO/2020-05-20.parquet,True
RETO,2020-05-21,83.38,RETO_2020-05-21_83.38,data/minute/trades/RETO/2020-05-21.parquet,True
RETO,2020-05-28,36.84,RETO_2020-05-28_36.84,data/minute/trades/RETO/2020-05-28.parquet,True
RETO,2020-06-12,60.15,RETO_2020-06-12_60.15,data/minute/trades/RETO/2020-06-12.parquet,True
RETO,2020-08-27,50.77,RETO_2020-08-27_50.77,data/minute/trades/RETO/2020-08-27.parquet,True
RETO,2021-05-05,31.82,RETO_2021-05-05_31.82,data/minute/trades/RETO/2021-05-05.parquet,True
RETO,2021-11-09,30.97,RETO_2021-11-09_30.97,data/minute/trades/RETO/2021-11-09.parquet,True
RETO,2021-12-23,43.69,RETO_2021-12-23_43.69,data/minute/trades/RETO/2021-12-23.parquet,True
RETO,2022-10-13,30.12,RETO_2022-10-13_30.12,data/minute/trades/RETO/2022-10-13.parquet,True
RETO,2022-11-01,45.42,RETO_2022-11-01_45.42,data/minute/trades/RETO/2022-11-01.parquet,True
RETO,2024-02-08,47.06,RETO_2024-02-08_47.06,data/minute/trades/RETO/2024-02-08.parquet,True
REVB,2022-02-23,43.51,REVB_2022-02-23_43.51,data/minute/trades/REVB/2022-02-23.parquet,True
REVB,2022-03-09,127.08,REVB_2022-03-09_127.08,data/minute/trades/REVB/2022-03-09.parquet,True
REVB,2022-03-15,79.41,REVB_2022-03-15_79.41,data/minute/trades/REVB/2022-03-15.parquet,True
REVB,2022-03-17,33.06,REVB_2022-03-17_33.06,data/minute/trades/REVB/2022-03-17.parquet,True
REVB,2022-03-23,76.69,REVB_2022-03-23_76.69,data/minute/trades/REVB/2022-03-23.parquet,True
REVB,2022-04-20,37.14,REVB_2022-04-20_37.14,data/minute/trades/REVB/2022-04-20.parquet,True
REVB,2022-04-21,43.27,REVB_2022-04-21_43.27,data/minute/trades/REVB/2022-04-21.parquet,True
REVB,2022-06-14,66.04,REVB_2022-06-14_66.04,data/minute/trades/REVB/2022-06-14.parquet,True
REVB,2022-06-29,60.20,REVB_2022-06-29_60.20,data/minute/trades/REVB/2022-06-29.parquet,True
REVB,2022-06-30,210.05,REVB_2022-06-30_210.05,data/minute/trades/REVB/2022-06-30.parquet,True
REVB,2022-07-06,88.91,REVB_2022-07-06_88.91,data/minute/trades/REVB/2022-07-06.parquet,True
REVB,2022-07-25,180.00,REVB_2022-07-25_180.00,data/minute/trades/REVB/2022-07-25.parquet,True
REVB,2022-10-06,42.52,REVB_2022-10-06_42.52,data/minute/trades/REVB/2022-10-06.parquet,True
REVB,2022-10-25,100.80,REVB_2022-10-25_100.80,data/minute/trades/REVB/2022-10-25.parquet,True
REVB,2022-12-12,30.61,REVB_2022-12-12_30.61,data/minute/trades/REVB/2022-12-12.parquet,True
REVB,2022-12-27,44.61,REVB_2022-12-27_44.61,data/minute/trades/REVB/2022-12-27.parquet,True
REVB,2023-09-06,32.58,REVB_2023-09-06_32.58,data/minute/trades/REVB/2023-09-06.parquet,True
RNAZ,2021-09-23,101.47,RNAZ_2021-09-23_101.47,data/minute/trades/RNAZ/2021-09-23.parquet,True
RNAZ,2022-06-14,34.05,RNAZ_2022-06-14_34.05,data/minute/trades/RNAZ/2022-06-14.parquet,True
RNAZ,2022-10-26,43.52,RNAZ_2022-10-26_43.52,data/minute/trades/RNAZ/2022-10-26.parquet,True
RNAZ,2022-12-07,178.70,RNAZ_2022-12-07_178.70,data/minute/trades/RNAZ/2022-12-07.parquet,True
RNAZ,2022-12-21,32.63,RNAZ_2022-12-21_32.63,data/minute/trades/RNAZ/2022-12-21.parquet,True
RNAZ,2022-12-28,76.70,RNAZ_2022-12-28_76.70,data/minute/trades/RNAZ/2022-12-28.parquet,True
RNAZ,2022-12-29,37.95,RNAZ_2022-12-29_37.95,data/minute/trades/RNAZ/2022-12-29.parquet,True
RNAZ,2023-02-01,42.51,RNAZ_2023-02-01_42.51,data/minute/trades/RNAZ/2023-02-01.parquet,True
RNAZ,2023-02-15,93.62,RNAZ_2023-02-15_93.62,data/minute/trades/RNAZ/2023-02-15.parquet,True
RNAZ,2023-04-05,48.22,RNAZ_2023-04-05_48.22,data/minute/trades/RNAZ/2023-04-05.parquet,True
RNAZ,2023-05-23,43.81,RNAZ_2023-05-23_43.81,data/minute/trades/RNAZ/2023-05-23.parquet,True
RNAZ,2023-06-02,41.52,RNAZ_2023-06-02_41.52,data/minute/trades/RNAZ/2023-06-02.parquet,True
RNAZ,2023-09-20,63.81,RNAZ_2023-09-20_63.81,data/minute/trades/RNAZ/2023-09-20.parquet,True
RNAZ,2023-09-25,381.93,RNAZ_2023-09-25_381.93,data/minute/trades/RNAZ/2023-09-25.parquet,True
RNAZ,2023-11-08,38.74,RNAZ_2023-11-08_38.74,data/minute/trades/RNAZ/2023-11-08.parquet,True
RNAZ,2023-11-30,87.39,RNAZ_2023-11-30_87.39,data/minute/trades/RNAZ/2023-11-30.parquet,True
RNAZ,2024-01-11,45.93,RNAZ_2024-01-11_45.93,data/minute/trades/RNAZ/2024-01-11.parquet,True
RSVRW,2023-11-02,41.58,RSVRW_2023-11-02_41.58,data/minute/trades/RSVRW/2023-11-02.parquet,True
SBFM,2022-01-03,32.59,SBFM_2022-01-03_32.59,data/minute/trades/SBFM/2022-01-03.parquet,True
SBFM,2022-01-25,31.91,SBFM_2022-01-25_31.91,data/minute/trades/SBFM/2022-01-25.parquet,True
SBFMW,2022-05-17,59.74,SBFMW_2022-05-17_59.74,data/minute/trades/SBFMW/2022-05-17.parquet,True
SBFMW,2022-08-09,101.56,SBFMW_2022-08-09_101.56,data/minute/trades/SBFMW/2022-08-09.parquet,True
SGBX,2020-01-06,41.39,SGBX_2020-01-06_41.39,data/minute/trades/SGBX/2020-01-06.parquet,True
SGBX,2020-02-06,33.57,SGBX_2020-02-06_33.57,data/minute/trades/SGBX/2020-02-06.parquet,True
SGBX,2020-03-18,67.70,SGBX_2020-03-18_67.70,data/minute/trades/SGBX/2020-03-18.parquet,True
SILO,2022-06-28,33.05,SILO_2022-06-28_33.05,data/minute/trades/SILO/2022-06-28.parquet,True
SINT,2020-01-28,37.75,SINT_2020-01-28_37.75,data/minute/trades/SINT/2020-01-28.parquet,True
SINT,2020-01-30,121.92,SINT_2020-01-30_121.92,data/minute/trades/SINT/2020-01-30.parquet,True
SINT,2020-03-20,32.69,SINT_2020-03-20_32.69,data/minute/trades/SINT/2020-03-20.parquet,True
SINT,2020-03-27,85.02,SINT_2020-03-27_85.02,data/minute/trades/SINT/2020-03-27.parquet,True
SINT,2020-05-27,32.47,SINT_2020-05-27_32.47,data/minute/trades/SINT/2020-05-27.parquet,True
SINT,2021-02-09,30.64,SINT_2021-02-09_30.64,data/minute/trades/SINT/2021-02-09.parquet,True
SINT,2022-07-06,72.51,SINT_2022-07-06_72.51,data/minute/trades/SINT/2022-07-06.parquet,True
SINT,2022-07-07,38.28,SINT_2022-07-07_38.28,data/minute/trades/SINT/2022-07-07.parquet,True
SLRX,2020-04-27,58.15,SLRX_2020-04-27_58.15,data/minute/trades/SLRX/2020-04-27.parquet,True
SLRX,2022-09-15,39.37,SLRX_2022-09-15_39.37,data/minute/trades/SLRX/2022-09-15.parquet,True
SLRX,2022-10-05,31.44,SLRX_2022-10-05_31.44,data/minute/trades/SLRX/2022-10-05.parquet,True
SLRX,2023-08-17,31.72,SLRX_2023-08-17_31.72,data/minute/trades/SLRX/2023-08-17.parquet,True
SMTK,2022-02-04,40.00,SMTK_2022-02-04_40.00,data/minute/trades/SMTK/2022-02-04.parquet,True
SMTK,2022-05-19,60.00,SMTK_2022-05-19_60.00,data/minute/trades/SMTK/2022-05-19.parquet,True
SMTK,2022-06-24,42.86,SMTK_2022-06-24_42.86,data/minute/trades/SMTK/2022-06-24.parquet,True
SMTK,2022-06-30,63.40,SMTK_2022-06-30_63.40,data/minute/trades/SMTK/2022-06-30.parquet,True
SMTK,2022-10-19,100.00,SMTK_2022-10-19_100.00,data/minute/trades/SMTK/2022-10-19.parquet,True
SMTK,2023-03-24,34.62,SMTK_2023-03-24_34.62,data/minute/trades/SMTK/2023-03-24.parquet,True
SMTK,2023-04-14,66.67,SMTK_2023-04-14_66.67,data/minute/trades/SMTK/2023-04-14.parquet,True
SMTK,2023-06-12,66.67,SMTK_2023-06-12_66.67,data/minute/trades/SMTK/2023-06-12.parquet,True
SMTK,2023-06-22,32.67,SMTK_2023-06-22_32.67,data/minute/trades/SMTK/2023-06-22.parquet,True
SMX,2023-03-09,30.77,SMX_2023-03-09_30.77,data/minute/trades/SMX/2023-03-09.parquet,True
SMX,2023-03-14,34.34,SMX_2023-03-14_34.34,data/minute/trades/SMX/2023-03-14.parquet,True
SMX,2023-03-23,57.89,SMX_2023-03-23_57.89,data/minute/trades/SMX/2023-03-23.parquet,True
SMX,2023-04-10,91.69,SMX_2023-04-10_91.69,data/minute/trades/SMX/2023-04-10.parquet,True
SMX,2023-04-13,41.21,SMX_2023-04-13_41.21,data/minute/trades/SMX/2023-04-13.parquet,True
SMX,2023-04-14,50.44,SMX_2023-04-14_50.44,data/minute/trades/SMX/2023-04-14.parquet,True
SMX,2023-05-05,69.31,SMX_2023-05-05_69.31,data/minute/trades/SMX/2023-05-05.parquet,True
SMX,2023-05-08,87.60,SMX_2023-05-08_87.60,data/minute/trades/SMX/2023-05-08.parquet,True
SMX,2023-05-23,33.18,SMX_2023-05-23_33.18,data/minute/trades/SMX/2023-05-23.parquet,True
SMX,2023-07-05,30.81,SMX_2023-07-05_30.81,data/minute/trades/SMX/2023-07-05.parquet,True
SMX,2023-07-19,67.74,SMX_2023-07-19_67.74,data/minute/trades/SMX/2023-07-19.parquet,True
SMX,2023-07-25,37.81,SMX_2023-07-25_37.81,data/minute/trades/SMX/2023-07-25.parquet,True
SMX,2023-08-30,39.04,SMX_2023-08-30_39.04,data/minute/trades/SMX/2023-08-30.parquet,True
SMX,2023-10-09,51.41,SMX_2023-10-09_51.41,data/minute/trades/SMX/2023-10-09.parquet,True
SMX,2023-10-10,124.85,SMX_2023-10-10_124.85,data/minute/trades/SMX/2023-10-10.parquet,True
SMX,2024-01-12,32.27,SMX_2024-01-12_32.27,data/minute/trades/SMX/2024-01-12.parquet,True
SMX,2024-01-26,137.79,SMX_2024-01-26_137.79,data/minute/trades/SMX/2024-01-26.parquet,True
SMX,2024-01-30,65.78,SMX_2024-01-30_65.78,data/minute/trades/SMX/2024-01-30.parquet,True
SMX,2024-02-07,165.45,SMX_2024-02-07_165.45,data/minute/trades/SMX/2024-02-07.parquet,True
SMX,2024-02-27,31.63,SMX_2024-02-27_31.63,data/minute/trades/SMX/2024-02-27.parquet,True
SMX,2024-03-20,111.71,SMX_2024-03-20_111.71,data/minute/trades/SMX/2024-03-20.parquet,True
SMX,2024-05-16,33.06,SMX_2024-05-16_33.06,data/minute/trades/SMX/2024-05-16.parquet,True
SMX,2024-05-24,91.67,SMX_2024-05-24_91.67,data/minute/trades/SMX/2024-05-24.parquet,True
SMX,2024-06-20,72.02,SMX_2024-06-20_72.02,data/minute/trades/SMX/2024-06-20.parquet,True
SMX,2024-08-06,80.92,SMX_2024-08-06_80.92,data/minute/trades/SMX/2024-08-06.parquet,True
SMX,2024-09-10,104.97,SMX_2024-09-10_104.97,data/minute/trades/SMX/2024-09-10.parquet,True
SMX,2024-09-13,193.88,SMX_2024-09-13_193.88,data/minute/trades/SMX/2024-09-13.parquet,True
SMX,2024-12-11,35.85,SMX_2024-12-11_35.85,data/minute/trades/SMX/2024-12-11.parquet,True
SNES,2020-02-05,70.99,SNES_2020-02-05_70.99,data/minute/trades/SNES/2020-02-05.parquet,True
SNES,2020-04-15,30.95,SNES_2020-04-15_30.95,data/minute/trades/SNES/2020-04-15.parquet,True
SNES,2022-09-01,107.11,SNES_2022-09-01_107.11,data/minute/trades/SNES/2022-09-01.parquet,True
SNES,2023-01-03,32.69,SNES_2023-01-03_32.69,data/minute/trades/SNES/2023-01-03.parquet,True
SNWV,2022-02-08,37.50,SNWV_2022-02-08_37.50,data/minute/trades/SNWV/2022-02-08.parquet,True
SNWV,2022-05-02,400.00,SNWV_2022-05-02_400.00,data/minute/trades/SNWV/2022-05-02.parquet,True
SNWV,2022-05-10,7042.86,SNWV_2022-05-10_7042.86,data/minute/trades/SNWV/2022-05-10.parquet,True
SNWV,2022-06-02,33.33,SNWV_2022-06-02_33.33,data/minute/trades/SNWV/2022-06-02.parquet,True
SNWV,2022-06-03,33.33,SNWV_2022-06-03_33.33,data/minute/trades/SNWV/2022-06-03.parquet,True
SNWV,2022-08-08,41.43,SNWV_2022-08-08_41.43,data/minute/trades/SNWV/2022-08-08.parquet,True
SNWV,2022-10-31,36.61,SNWV_2022-10-31_36.61,data/minute/trades/SNWV/2022-10-31.parquet,True
SNWV,2022-11-07,99.34,SNWV_2022-11-07_99.34,data/minute/trades/SNWV/2022-11-07.parquet,True
SNWV,2022-11-18,30.59,SNWV_2022-11-18_30.59,data/minute/trades/SNWV/2022-11-18.parquet,True
SNWV,2022-11-25,50.59,SNWV_2022-11-25_50.59,data/minute/trades/SNWV/2022-11-25.parquet,True
SNWV,2022-11-29,34.15,SNWV_2022-11-29_34.15,data/minute/trades/SNWV/2022-11-29.parquet,True
SNWV,2022-12-16,59.60,SNWV_2022-12-16_59.60,data/minute/trades/SNWV/2022-12-16.parquet,True
SNWV,2023-01-04,66.67,SNWV_2023-01-04_66.67,data/minute/trades/SNWV/2023-01-04.parquet,True
SNWV,2023-01-19,39.69,SNWV_2023-01-19_39.69,data/minute/trades/SNWV/2023-01-19.parquet,True
SNWV,2023-09-05,34.12,SNWV_2023-09-05_34.12,data/minute/trades/SNWV/2023-09-05.parquet,True
SNWV,2023-09-13,43.58,SNWV_2023-09-13_43.58,data/minute/trades/SNWV/2023-09-13.parquet,True
SNWV,2023-09-21,78.57,SNWV_2023-09-21_78.57,data/minute/trades/SNWV/2023-09-21.parquet,True
SNWV,2023-09-26,33.99,SNWV_2023-09-26_33.99,data/minute/trades/SNWV/2023-09-26.parquet,True
SNWV,2023-11-14,49.25,SNWV_2023-11-14_49.25,data/minute/trades/SNWV/2023-11-14.parquet,True
SNWV,2023-11-24,40.50,SNWV_2023-11-24_40.50,data/minute/trades/SNWV/2023-11-24.parquet,True
SNWV,2024-04-10,49.00,SNWV_2024-04-10_49.00,data/minute/trades/SNWV/2024-04-10.parquet,True
SNYR,2024-06-28,1500.00,SNYR_2024-06-28_1500.00,data/minute/trades/SNYR/2024-06-28.parquet,True
SNYR,2024-08-23,233.33,SNYR_2024-08-23_233.33,data/minute/trades/SNYR/2024-08-23.parquet,True
SOBR,2022-01-19,30.83,SOBR_2022-01-19_30.83,data/minute/trades/SOBR/2022-01-19.parquet,True
SOBR,2022-02-28,34.78,SOBR_2022-02-28_34.78,data/minute/trades/SOBR/2022-02-28.parquet,True
SOBR,2022-06-24,40.20,SOBR_2022-06-24_40.20,data/minute/trades/SOBR/2022-06-24.parquet,True
SOBR,2024-01-30,38.30,SOBR_2024-01-30_38.30,data/minute/trades/SOBR/2024-01-30.parquet,True
SOBR,2024-04-17,34.57,SOBR_2024-04-17_34.57,data/minute/trades/SOBR/2024-04-17.parquet,True
SOBR,2024-04-24,35.37,SOBR_2024-04-24_35.37,data/minute/trades/SOBR/2024-04-24.parquet,True
SONM,2020-03-13,30.88,SONM_2020-03-13_30.88,data/minute/trades/SONM/2020-03-13.parquet,True
SONM,2020-03-20,169.97,SONM_2020-03-20_169.97,data/minute/trades/SONM/2020-03-20.parquet,True
SONM,2020-03-23,40.89,SONM_2020-03-23_40.89,data/minute/trades/SONM/2020-03-23.parquet,True
SONM,2020-03-25,36.63,SONM_2020-03-25_36.63,data/minute/trades/SONM/2020-03-25.parquet,True
SONM,2020-04-01,85.71,SONM_2020-04-01_85.71,data/minute/trades/SONM/2020-04-01.parquet,True
SONN,2020-04-06,50.09,SONN_2020-04-06_50.09,data/minute/trades/SONN/2020-04-06.parquet,True
SOS,2020-07-29,34.74,SOS_2020-07-29_34.74,data/minute/trades/SOS/2020-07-29.parquet,True
SOWG,2022-02-03,33.92,SOWG_2022-02-03_33.92,data/minute/trades/SOWG/2022-02-03.parquet,True
SOWG,2022-05-11,33.33,SOWG_2022-05-11_33.33,data/minute/trades/SOWG/2022-05-11.parquet,True
SOWG,2023-02-24,30.00,SOWG_2023-02-24_30.00,data/minute/trades/SOWG/2023-02-24.parquet,True
SOWG,2024-02-29,31.23,SOWG_2024-02-29_31.23,data/minute/trades/SOWG/2024-02-29.parquet,True
SPAQ,2023-01-30,1365.02,SPAQ_2023-01-30_1365.02,data/minute/trades/SPAQ/2023-01-30.parquet,True
SPRB,2020-11-27,36.92,SPRB_2020-11-27_36.92,data/minute/trades/SPRB/2020-11-27.parquet,True
SSII,2024-09-09,1146.88,SSII_2024-09-09_1146.88,data/minute/trades/SSII/2024-09-09.parquet,True
STKH,2022-12-30,41.89,STKH_2022-12-30_41.89,data/minute/trades/STKH/2022-12-30.parquet,True
STKH,2023-01-03,31.37,STKH_2023-01-03_31.37,data/minute/trades/STKH/2023-01-03.parquet,True
STKH,2023-01-09,33.96,STKH_2023-01-09_33.96,data/minute/trades/STKH/2023-01-09.parquet,True
STRRP,2023-03-13,498.62,STRRP_2023-03-13_498.62,data/minute/trades/STRRP/2023-03-13.parquet,True
STSS,2022-12-14,32.74,STSS_2022-12-14_32.74,data/minute/trades/STSS/2022-12-14.parquet,True
STSS,2023-01-09,36.36,STSS_2023-01-09_36.36,data/minute/trades/STSS/2023-01-09.parquet,True
STSS,2023-01-30,42.65,STSS_2023-01-30_42.65,data/minute/trades/STSS/2023-01-30.parquet,True
STSS,2023-05-09,41.90,STSS_2023-05-09_41.90,data/minute/trades/STSS/2023-05-09.parquet,True
SVRE,2023-10-10,36.84,SVRE_2023-10-10_36.84,data/minute/trades/SVRE/2023-10-10.parquet,True
SVRE,2024-01-30,32.65,SVRE_2024-01-30_32.65,data/minute/trades/SVRE/2024-01-30.parquet,True
SVRE,2024-02-14,32.18,SVRE_2024-02-14_32.18,data/minute/trades/SVRE/2024-02-14.parquet,True
SVRE,2024-06-04,35.16,SVRE_2024-06-04_35.16,data/minute/trades/SVRE/2024-06-04.parquet,True
SWKH,2020-03-24,38.09,SWKH_2020-03-24_38.09,data/minute/trades/SWKH/2020-03-24.parquet,True
SXTC,2020-01-10,59.77,SXTC_2020-01-10_59.77,data/minute/trades/SXTC/2020-01-10.parquet,True
SXTC,2020-01-16,55.41,SXTC_2020-01-16_55.41,data/minute/trades/SXTC/2020-01-16.parquet,True
SXTC,2020-01-27,45.19,SXTC_2020-01-27_45.19,data/minute/trades/SXTC/2020-01-27.parquet,True
SXTC,2020-02-03,50.87,SXTC_2020-02-03_50.87,data/minute/trades/SXTC/2020-02-03.parquet,True
SXTC,2020-03-31,33.33,SXTC_2020-03-31_33.33,data/minute/trades/SXTC/2020-03-31.parquet,True
SZZLU,2024-02-27,122.13,SZZLU_2024-02-27_122.13,data/minute/trades/SZZLU/2024-02-27.parquet,True
TANH,2020-06-29,30.28,TANH_2020-06-29_30.28,data/minute/trades/TANH/2020-06-29.parquet,True
TANH,2020-07-06,32.94,TANH_2020-07-06_32.94,data/minute/trades/TANH/2020-07-06.parquet,True
TANH,2020-07-08,42.75,TANH_2020-07-08_42.75,data/minute/trades/TANH/2020-07-08.parquet,True
TANH,2021-12-01,58.59,TANH_2021-12-01_58.59,data/minute/trades/TANH/2021-12-01.parquet,True
TBLU,2024-09-30,47.75,TBLU_2024-09-30_47.75,data/minute/trades/TBLU/2024-09-30.parquet,True
TC,2020-10-19,36.76,TC_2020-10-19_36.76,data/minute/trades/TC/2020-10-19.parquet,True
TC,2020-12-17,41.69,TC_2020-12-17_41.69,data/minute/trades/TC/2020-12-17.parquet,True
TC,2021-12-03,44.74,TC_2021-12-03_44.74,data/minute/trades/TC/2021-12-03.parquet,True
TC,2022-08-29,34.62,TC_2022-08-29_34.62,data/minute/trades/TC/2022-08-29.parquet,True
TENX,2020-03-17,33.34,TENX_2020-03-17_33.34,data/minute/trades/TENX/2020-03-17.parquet,True
TGL,2023-01-10,85.96,TGL_2023-01-10_85.96,data/minute/trades/TGL/2023-01-10.parquet,True
TGL,2023-04-03,44.58,TGL_2023-04-03_44.58,data/minute/trades/TGL/2023-04-03.parquet,True
TGL,2023-05-10,54.36,TGL_2023-05-10_54.36,data/minute/trades/TGL/2023-05-10.parquet,True
TGL,2023-09-29,30.64,TGL_2023-09-29_30.64,data/minute/trades/TGL/2023-09-29.parquet,True
TIRX,2021-02-16,30.01,TIRX_2021-02-16_30.01,data/minute/trades/TIRX/2021-02-16.parquet,True
TIRX,2021-03-08,31.05,TIRX_2021-03-08_31.05,data/minute/trades/TIRX/2021-03-08.parquet,True
TIRX,2021-03-15,34.47,TIRX_2021-03-15_34.47,data/minute/trades/TIRX/2021-03-15.parquet,True
TIVC,2022-06-17,30.00,TIVC_2022-06-17_30.00,data/minute/trades/TIVC/2022-06-17.parquet,True
TLSIW,2024-01-25,30.61,TLSIW_2024-01-25_30.61,data/minute/trades/TLSIW/2024-01-25.parquet,True
TLSIW,2024-08-01,35.34,TLSIW_2024-08-01_35.34,data/minute/trades/TLSIW/2024-08-01.parquet,True
TNXP,2020-01-07,40.65,TNXP_2020-01-07_40.65,data/minute/trades/TNXP/2020-01-07.parquet,True
TNXP,2020-01-24,42.45,TNXP_2020-01-24_42.45,data/minute/trades/TNXP/2020-01-24.parquet,True
TNXP,2020-02-26,204.15,TNXP_2020-02-26_204.15,data/minute/trades/TNXP/2020-02-26.parquet,True
TNXP,2020-02-27,120.00,TNXP_2020-02-27_120.00,data/minute/trades/TNXP/2020-02-27.parquet,True
TNXP,2020-03-17,33.96,TNXP_2020-03-17_33.96,data/minute/trades/TNXP/2020-03-17.parquet,True
TNXP,2020-03-20,130.05,TNXP_2020-03-20_130.05,data/minute/trades/TNXP/2020-03-20.parquet,True
TNXP,2020-07-17,37.58,TNXP_2020-07-17_37.58,data/minute/trades/TNXP/2020-07-17.parquet,True
TNXP,2020-07-20,129.63,TNXP_2020-07-20_129.63,data/minute/trades/TNXP/2020-07-20.parquet,True
TNXP,2020-07-21,58.71,TNXP_2020-07-21_58.71,data/minute/trades/TNXP/2020-07-21.parquet,True
TNXP,2020-07-23,30.00,TNXP_2020-07-23_30.00,data/minute/trades/TNXP/2020-07-23.parquet,True
TNXP,2020-08-13,30.23,TNXP_2020-08-13_30.23,data/minute/trades/TNXP/2020-08-13.parquet,True
TNXP,2020-12-07,61.90,TNXP_2020-12-07_61.90,data/minute/trades/TNXP/2020-12-07.parquet,True
TNXP,2021-01-11,37.23,TNXP_2021-01-11_37.23,data/minute/trades/TNXP/2021-01-11.parquet,True
TNXP,2021-02-08,30.71,TNXP_2021-02-08_30.71,data/minute/trades/TNXP/2021-02-08.parquet,True
TNXP,2021-02-11,30.06,TNXP_2021-02-11_30.06,data/minute/trades/TNXP/2021-02-11.parquet,True
TNXP,2022-03-03,88.38,TNXP_2022-03-03_88.38,data/minute/trades/TNXP/2022-03-03.parquet,True
TNXP,2023-01-06,36.55,TNXP_2023-01-06_36.55,data/minute/trades/TNXP/2023-01-06.parquet,True
TNXP,2023-01-10,31.71,TNXP_2023-01-10_31.71,data/minute/trades/TNXP/2023-01-10.parquet,True
TNXP,2023-01-13,30.83,TNXP_2023-01-13_30.83,data/minute/trades/TNXP/2023-01-13.parquet,True
TRNR,2023-05-17,30.12,TRNR_2023-05-17_30.12,data/minute/trades/TRNR/2023-05-17.parquet,True
TRNR,2023-07-31,48.96,TRNR_2023-07-31_48.96,data/minute/trades/TRNR/2023-07-31.parquet,True
TRNR,2024-02-26,85.94,TRNR_2024-02-26_85.94,data/minute/trades/TRNR/2024-02-26.parquet,True
TRNR,2024-08-22,32.25,TRNR_2024-08-22_32.25,data/minute/trades/TRNR/2024-08-22.parquet,True
TZUP,2023-04-18,33.33,TZUP_2023-04-18_33.33,data/minute/trades/TZUP/2023-04-18.parquet,True
TZUP,2023-05-12,69.32,TZUP_2023-05-12_69.32,data/minute/trades/TZUP/2023-05-12.parquet,True
TZUP,2024-02-06,35.00,TZUP_2024-02-06_35.00,data/minute/trades/TZUP/2024-02-06.parquet,True
UPC,2022-10-10,34.00,UPC_2022-10-10_34.00,data/minute/trades/UPC/2022-10-10.parquet,True
UPC,2023-01-18,45.69,UPC_2023-01-18_45.69,data/minute/trades/UPC/2023-01-18.parquet,True
UPC,2023-06-07,38.03,UPC_2023-06-07_38.03,data/minute/trades/UPC/2023-06-07.parquet,True
UPC,2023-08-11,40.12,UPC_2023-08-11_40.12,data/minute/trades/UPC/2023-08-11.parquet,True
UPC,2023-10-02,47.36,UPC_2023-10-02_47.36,data/minute/trades/UPC/2023-10-02.parquet,True
UPC,2023-10-24,32.91,UPC_2023-10-24_32.91,data/minute/trades/UPC/2023-10-24.parquet,True
UPC,2023-10-26,31.73,UPC_2023-10-26_31.73,data/minute/trades/UPC/2023-10-26.parquet,True
UPC,2023-11-20,50.53,UPC_2023-11-20_50.53,data/minute/trades/UPC/2023-11-20.parquet,True
UPC,2023-12-04,36.68,UPC_2023-12-04_36.68,data/minute/trades/UPC/2023-12-04.parquet,True
UPC,2023-12-07,33.04,UPC_2023-12-07_33.04,data/minute/trades/UPC/2023-12-07.parquet,True
UPC,2023-12-19,37.61,UPC_2023-12-19_37.61,data/minute/trades/UPC/2023-12-19.parquet,True
UPC,2023-12-22,30.22,UPC_2023-12-22_30.22,data/minute/trades/UPC/2023-12-22.parquet,True
UPC,2023-12-26,33.03,UPC_2023-12-26_33.03,data/minute/trades/UPC/2023-12-26.parquet,True
UPC,2024-02-02,48.48,UPC_2024-02-02_48.48,data/minute/trades/UPC/2024-02-02.parquet,True
UPC,2024-02-16,44.77,UPC_2024-02-16_44.77,data/minute/trades/UPC/2024-02-16.parquet,True
UPC,2024-07-02,30.61,UPC_2024-07-02_30.61,data/minute/trades/UPC/2024-07-02.parquet,True
VBIX,2022-01-18,39.47,VBIX_2022-01-18_39.47,data/minute/trades/VBIX/2022-01-18.parquet,True
VBIX,2022-02-09,37.40,VBIX_2022-02-09_37.40,data/minute/trades/VBIX/2022-02-09.parquet,True
VBIX,2022-03-11,30.43,VBIX_2022-03-11_30.43,data/minute/trades/VBIX/2022-03-11.parquet,True
VBIX,2022-03-28,30.11,VBIX_2022-03-28_30.11,data/minute/trades/VBIX/2022-03-28.parquet,True
VBIX,2022-05-02,54.50,VBIX_2022-05-02_54.50,data/minute/trades/VBIX/2022-05-02.parquet,True
VBIX,2022-05-12,31.90,VBIX_2022-05-12_31.90,data/minute/trades/VBIX/2022-05-12.parquet,True
VBIX,2022-07-11,36.36,VBIX_2022-07-11_36.36,data/minute/trades/VBIX/2022-07-11.parquet,True
VBIX,2022-07-21,48.51,VBIX_2022-07-21_48.51,data/minute/trades/VBIX/2022-07-21.parquet,True
VBIX,2022-07-28,52.94,VBIX_2022-07-28_52.94,data/minute/trades/VBIX/2022-07-28.parquet,True
VBIX,2022-09-02,33.93,VBIX_2022-09-02_33.93,data/minute/trades/VBIX/2022-09-02.parquet,True
VBIX,2022-10-07,42.86,VBIX_2022-10-07_42.86,data/minute/trades/VBIX/2022-10-07.parquet,True
VBIX,2022-11-23,73.73,VBIX_2022-11-23_73.73,data/minute/trades/VBIX/2022-11-23.parquet,True
VBIX,2023-01-30,75.44,VBIX_2023-01-30_75.44,data/minute/trades/VBIX/2023-01-30.parquet,True
VBIX,2023-02-02,35.71,VBIX_2023-02-02_35.71,data/minute/trades/VBIX/2023-02-02.parquet,True
VBIX,2023-03-24,66.67,VBIX_2023-03-24_66.67,data/minute/trades/VBIX/2023-03-24.parquet,True
VBIX,2023-04-17,225.00,VBIX_2023-04-17_225.00,data/minute/trades/VBIX/2023-04-17.parquet,True
VBIX,2023-04-25,38.46,VBIX_2023-04-25_38.46,data/minute/trades/VBIX/2023-04-25.parquet,True
VBIX,2023-06-21,216.13,VBIX_2023-06-21_216.13,data/minute/trades/VBIX/2023-06-21.parquet,True
VBIX,2023-09-08,100.00,VBIX_2023-09-08_100.00,data/minute/trades/VBIX/2023-09-08.parquet,True
VBIX,2024-02-27,606.19,VBIX_2024-02-27_606.19,data/minute/trades/VBIX/2024-02-27.parquet,True
VBIX,2024-03-01,470.99,VBIX_2024-03-01_470.99,data/minute/trades/VBIX/2024-03-01.parquet,True
VBIX,2024-07-18,218.00,VBIX_2024-07-18_218.00,data/minute/trades/VBIX/2024-07-18.parquet,True
VBIX,2024-08-01,50.00,VBIX_2024-08-01_50.00,data/minute/trades/VBIX/2024-08-01.parquet,True
VBIX,2024-08-12,61.49,VBIX_2024-08-12_61.49,data/minute/trades/VBIX/2024-08-12.parquet,True
VBIX,2024-10-07,33.33,VBIX_2024-10-07_33.33,data/minute/trades/VBIX/2024-10-07.parquet,True
VBIX,2024-10-31,165.49,VBIX_2024-10-31_165.49,data/minute/trades/VBIX/2024-10-31.parquet,True
VBIX,2024-12-02,36.72,VBIX_2024-12-02_36.72,data/minute/trades/VBIX/2024-12-02.parquet,True
VCIG,2023-04-20,30.30,VCIG_2023-04-20_30.30,data/minute/trades/VCIG/2023-04-20.parquet,True
VCIG,2023-04-21,41.91,VCIG_2023-04-21_41.91,data/minute/trades/VCIG/2023-04-21.parquet,True
VCIG,2023-04-26,32.63,VCIG_2023-04-26_32.63,data/minute/trades/VCIG/2023-04-26.parquet,True
VCIG,2023-05-02,820.33,VCIG_2023-05-02_820.33,data/minute/trades/VCIG/2023-05-02.parquet,True
VCIG,2023-05-05,31.18,VCIG_2023-05-05_31.18,data/minute/trades/VCIG/2023-05-05.parquet,True
VCIG,2023-05-08,66.33,VCIG_2023-05-08_66.33,data/minute/trades/VCIG/2023-05-08.parquet,True
VCIG,2023-05-11,80.31,VCIG_2023-05-11_80.31,data/minute/trades/VCIG/2023-05-11.parquet,True
VCIG,2023-06-16,33.33,VCIG_2023-06-16_33.33,data/minute/trades/VCIG/2023-06-16.parquet,True
VCIG,2023-06-22,58.06,VCIG_2023-06-22_58.06,data/minute/trades/VCIG/2023-06-22.parquet,True
VCIG,2023-08-11,31.48,VCIG_2023-08-11_31.48,data/minute/trades/VCIG/2023-08-11.parquet,True
VCIG,2023-08-14,41.57,VCIG_2023-08-14_41.57,data/minute/trades/VCIG/2023-08-14.parquet,True
VCIG,2023-08-23,149.06,VCIG_2023-08-23_149.06,data/minute/trades/VCIG/2023-08-23.parquet,True
VCIG,2024-02-09,34.76,VCIG_2024-02-09_34.76,data/minute/trades/VCIG/2024-02-09.parquet,True
VCIG,2024-02-13,99.32,VCIG_2024-02-13_99.32,data/minute/trades/VCIG/2024-02-13.parquet,True
VCIG,2024-08-15,43.44,VCIG_2024-08-15_43.44,data/minute/trades/VCIG/2024-08-15.parquet,True
VERO,2020-03-25,50.70,VERO_2020-03-25_50.70,data/minute/trades/VERO/2020-03-25.parquet,True
VERO,2020-04-06,51.28,VERO_2020-04-06_51.28,data/minute/trades/VERO/2020-04-06.parquet,True
VERO,2023-03-17,43.14,VERO_2023-03-17_43.14,data/minute/trades/VERO/2023-03-17.parquet,True
VMAR,2021-06-02,38.16,VMAR_2021-06-02_38.16,data/minute/trades/VMAR/2021-06-02.parquet,True
VMAR,2022-08-12,37.45,VMAR_2022-08-12_37.45,data/minute/trades/VMAR/2022-08-12.parquet,True
VMAR,2023-12-06,35.71,VMAR_2023-12-06_35.71,data/minute/trades/VMAR/2023-12-06.parquet,True
VMAR,2024-06-20,31.38,VMAR_2024-06-20_31.38,data/minute/trades/VMAR/2024-06-20.parquet,True
VMAR,2024-08-14,30.75,VMAR_2024-08-14_30.75,data/minute/trades/VMAR/2024-08-14.parquet,True
VOLT,2024-12-04,323.21,VOLT_2024-12-04_323.21,data/minute/trades/VOLT/2024-12-04.parquet,True
VS,2021-12-16,30.10,VS_2021-12-16_30.10,data/minute/trades/VS/2021-12-16.parquet,True
VS,2022-06-02,42.84,VS_2022-06-02_42.84,data/minute/trades/VS/2022-06-02.parquet,True
VS,2022-06-24,52.17,VS_2022-06-24_52.17,data/minute/trades/VS/2022-06-24.parquet,True
VSSYW,2021-12-16,37.92,VSSYW_2021-12-16_37.92,data/minute/trades/VSSYW/2021-12-16.parquet,True
WALDW,2021-05-17,400.00,WALDW_2021-05-17_400.00,data/minute/trades/WALDW/2021-05-17.parquet,True
WALDW,2023-10-11,53.07,WALDW_2023-10-11_53.07,data/minute/trades/WALDW/2023-10-11.parquet,True
WETH,2022-03-18,31.15,WETH_2022-03-18_31.15,data/minute/trades/WETH/2022-03-18.parquet,True
WETH,2022-04-27,31.15,WETH_2022-04-27_31.15,data/minute/trades/WETH/2022-04-27.parquet,True
WETH,2022-07-15,45.76,WETH_2022-07-15_45.76,data/minute/trades/WETH/2022-07-15.parquet,True
WETH,2022-07-29,37.25,WETH_2022-07-29_37.25,data/minute/trades/WETH/2022-07-29.parquet,True
WETH,2022-08-04,45.59,WETH_2022-08-04_45.59,data/minute/trades/WETH/2022-08-04.parquet,True
WETH,2022-10-20,46.16,WETH_2022-10-20_46.16,data/minute/trades/WETH/2022-10-20.parquet,True
WETH,2022-10-26,31.58,WETH_2022-10-26_31.58,data/minute/trades/WETH/2022-10-26.parquet,True
WETH,2023-03-14,156.92,WETH_2023-03-14_156.92,data/minute/trades/WETH/2023-03-14.parquet,True
WETH,2023-04-11,32.35,WETH_2023-04-11_32.35,data/minute/trades/WETH/2023-04-11.parquet,True
WETH,2023-08-08,75.00,WETH_2023-08-08_75.00,data/minute/trades/WETH/2023-08-08.parquet,True
WETH,2023-08-28,33.36,WETH_2023-08-28_33.36,data/minute/trades/WETH/2023-08-28.parquet,True
WETH,2024-02-12,32.11,WETH_2024-02-12_32.11,data/minute/trades/WETH/2024-02-12.parquet,True
WHLR,2020-03-31,71.56,WHLR_2020-03-31_71.56,data/minute/trades/WHLR/2020-03-31.parquet,True
WHLR,2020-05-14,42.86,WHLR_2020-05-14_42.86,data/minute/trades/WHLR/2020-05-14.parquet,True
WHLR,2020-06-12,32.47,WHLR_2020-06-12_32.47,data/minute/trades/WHLR/2020-06-12.parquet,True
WHLR,2021-02-05,161.92,WHLR_2021-02-05_161.92,data/minute/trades/WHLR/2021-02-05.parquet,True
WHLR,2021-08-04,41.54,WHLR_2021-08-04_41.54,data/minute/trades/WHLR/2021-08-04.parquet,True
WHLR,2022-09-02,61.24,WHLR_2022-09-02_61.24,data/minute/trades/WHLR/2022-09-02.parquet,True
WHLR,2023-05-10,66.24,WHLR_2023-05-10_66.24,data/minute/trades/WHLR/2023-05-10.parquet,True
WHLR,2023-06-15,42.05,WHLR_2023-06-15_42.05,data/minute/trades/WHLR/2023-06-15.parquet,True
WHLR,2023-06-16,39.37,WHLR_2023-06-16_39.37,data/minute/trades/WHLR/2023-06-16.parquet,True
WHLR,2023-08-18,49.22,WHLR_2023-08-18_49.22,data/minute/trades/WHLR/2023-08-18.parquet,True
WHLR,2023-09-07,107.49,WHLR_2023-09-07_107.49,data/minute/trades/WHLR/2023-09-07.parquet,True
WHLR,2023-09-27,33.45,WHLR_2023-09-27_33.45,data/minute/trades/WHLR/2023-09-27.parquet,True
WHLR,2023-10-11,87.64,WHLR_2023-10-11_87.64,data/minute/trades/WHLR/2023-10-11.parquet,True
WHLR,2023-10-18,32.14,WHLR_2023-10-18_32.14,data/minute/trades/WHLR/2023-10-18.parquet,True
WHLR,2023-10-20,97.96,WHLR_2023-10-20_97.96,data/minute/trades/WHLR/2023-10-20.parquet,True
WHLR,2023-11-14,49.08,WHLR_2023-11-14_49.08,data/minute/trades/WHLR/2023-11-14.parquet,True
WHLR,2023-11-27,58.30,WHLR_2023-11-27_58.30,data/minute/trades/WHLR/2023-11-27.parquet,True
WHLR,2023-11-28,102.88,WHLR_2023-11-28_102.88,data/minute/trades/WHLR/2023-11-28.parquet,True
WHLR,2023-11-29,81.39,WHLR_2023-11-29_81.39,data/minute/trades/WHLR/2023-11-29.parquet,True
WHLR,2023-12-05,35.71,WHLR_2023-12-05_35.71,data/minute/trades/WHLR/2023-12-05.parquet,True
WHLR,2023-12-18,40.62,WHLR_2023-12-18_40.62,data/minute/trades/WHLR/2023-12-18.parquet,True
WHLR,2024-06-11,94.27,WHLR_2024-06-11_94.27,data/minute/trades/WHLR/2024-06-11.parquet,True
WHLR,2024-06-12,32.83,WHLR_2024-06-12_32.83,data/minute/trades/WHLR/2024-06-12.parquet,True
WHLR,2024-06-13,81.12,WHLR_2024-06-13_81.12,data/minute/trades/WHLR/2024-06-13.parquet,True
WHLR,2024-06-28,125.66,WHLR_2024-06-28_125.66,data/minute/trades/WHLR/2024-06-28.parquet,True
WHLR,2024-07-23,31.39,WHLR_2024-07-23_31.39,data/minute/trades/WHLR/2024-07-23.parquet,True
WHLR,2024-07-24,39.97,WHLR_2024-07-24_39.97,data/minute/trades/WHLR/2024-07-24.parquet,True
WHLR,2024-08-12,86.27,WHLR_2024-08-12_86.27,data/minute/trades/WHLR/2024-08-12.parquet,True
WHLRL,2023-04-24,30.12,WHLRL_2023-04-24_30.12,data/minute/trades/WHLRL/2023-04-24.parquet,True
WLDSW,2022-09-27,31.11,WLDSW_2022-09-27_31.11,data/minute/trades/WLDSW/2022-09-27.parquet,True
WLDSW,2022-09-29,31.82,WLDSW_2022-09-29_31.82,data/minute/trades/WLDSW/2022-09-29.parquet,True
WLDSW,2022-10-03,67.54,WLDSW_2022-10-03_67.54,data/minute/trades/WLDSW/2022-10-03.parquet,True
WLDSW,2022-10-06,215.32,WLDSW_2022-10-06_215.32,data/minute/trades/WLDSW/2022-10-06.parquet,True
WLDSW,2022-10-07,30.00,WLDSW_2022-10-07_30.00,data/minute/trades/WLDSW/2022-10-07.parquet,True
WLDSW,2022-10-14,36.06,WLDSW_2022-10-14_36.06,data/minute/trades/WLDSW/2022-10-14.parquet,True
WLDSW,2022-10-28,60.00,WLDSW_2022-10-28_60.00,data/minute/trades/WLDSW/2022-10-28.parquet,True
WLDSW,2022-11-07,56.25,WLDSW_2022-11-07_56.25,data/minute/trades/WLDSW/2022-11-07.parquet,True
WLDSW,2022-12-02,141.67,WLDSW_2022-12-02_141.67,data/minute/trades/WLDSW/2022-12-02.parquet,True
WLDSW,2022-12-12,130.69,WLDSW_2022-12-12_130.69,data/minute/trades/WLDSW/2022-12-12.parquet,True
WLDSW,2022-12-14,70.53,WLDSW_2022-12-14_70.53,data/minute/trades/WLDSW/2022-12-14.parquet,True
WLDSW,2022-12-16,39.69,WLDSW_2022-12-16_39.69,data/minute/trades/WLDSW/2022-12-16.parquet,True
WLDSW,2022-12-21,37.71,WLDSW_2022-12-21_37.71,data/minute/trades/WLDSW/2022-12-21.parquet,True
WLDSW,2022-12-27,47.65,WLDSW_2022-12-27_47.65,data/minute/trades/WLDSW/2022-12-27.parquet,True
WLDSW,2023-01-04,73.91,WLDSW_2023-01-04_73.91,data/minute/trades/WLDSW/2023-01-04.parquet,True
WLDSW,2023-01-09,53.85,WLDSW_2023-01-09_53.85,data/minute/trades/WLDSW/2023-01-09.parquet,True
WLDSW,2023-01-30,33.33,WLDSW_2023-01-30_33.33,data/minute/trades/WLDSW/2023-01-30.parquet,True
WLDSW,2023-02-09,52.94,WLDSW_2023-02-09_52.94,data/minute/trades/WLDSW/2023-02-09.parquet,True
WLDSW,2023-03-03,33.93,WLDSW_2023-03-03_33.93,data/minute/trades/WLDSW/2023-03-03.parquet,True
WLDSW,2023-03-16,66.67,WLDSW_2023-03-16_66.67,data/minute/trades/WLDSW/2023-03-16.parquet,True
WLDSW,2023-03-29,55.00,WLDSW_2023-03-29_55.00,data/minute/trades/WLDSW/2023-03-29.parquet,True
WLDSW,2023-03-30,39.29,WLDSW_2023-03-30_39.29,data/minute/trades/WLDSW/2023-03-30.parquet,True
WLDSW,2023-04-05,43.54,WLDSW_2023-04-05_43.54,data/minute/trades/WLDSW/2023-04-05.parquet,True
WLDSW,2023-04-14,33.07,WLDSW_2023-04-14_33.07,data/minute/trades/WLDSW/2023-04-14.parquet,True
WLDSW,2023-04-17,70.34,WLDSW_2023-04-17_70.34,data/minute/trades/WLDSW/2023-04-17.parquet,True
WLDSW,2023-06-29,30.88,WLDSW_2023-06-29_30.88,data/minute/trades/WLDSW/2023-06-29.parquet,True
WLDSW,2023-10-02,33.08,WLDSW_2023-10-02_33.08,data/minute/trades/WLDSW/2023-10-02.parquet,True
WLDSW,2023-10-18,33.33,WLDSW_2023-10-18_33.33,data/minute/trades/WLDSW/2023-10-18.parquet,True
WLDSW,2023-10-31,37.29,WLDSW_2023-10-31_37.29,data/minute/trades/WLDSW/2023-10-31.parquet,True
WLDSW,2023-11-07,69.39,WLDSW_2023-11-07_69.39,data/minute/trades/WLDSW/2023-11-07.parquet,True
WLDSW,2024-01-05,30.93,WLDSW_2024-01-05_30.93,data/minute/trades/WLDSW/2024-01-05.parquet,True
WLDSW,2024-03-14,66.50,WLDSW_2024-03-14_66.50,data/minute/trades/WLDSW/2024-03-14.parquet,True
WLDSW,2024-04-03,54.10,WLDSW_2024-04-03_54.10,data/minute/trades/WLDSW/2024-04-03.parquet,True
WLDSW,2024-06-05,30.00,WLDSW_2024-06-05_30.00,data/minute/trades/WLDSW/2024-06-05.parquet,True
WLDSW,2024-06-17,57.89,WLDSW_2024-06-17_57.89,data/minute/trades/WLDSW/2024-06-17.parquet,True
WLDSW,2024-09-10,49.25,WLDSW_2024-09-10_49.25,data/minute/trades/WLDSW/2024-09-10.parquet,True
WLDSW,2024-09-13,34.53,WLDSW_2024-09-13_34.53,data/minute/trades/WLDSW/2024-09-13.parquet,True
WLDSW,2024-09-18,62.25,WLDSW_2024-09-18_62.25,data/minute/trades/WLDSW/2024-09-18.parquet,True
WLDSW,2024-09-19,97.58,WLDSW_2024-09-19_97.58,data/minute/trades/WLDSW/2024-09-19.parquet,True
WLDSW,2024-09-20,97.00,WLDSW_2024-09-20_97.00,data/minute/trades/WLDSW/2024-09-20.parquet,True
WLDSW,2024-09-23,87.74,WLDSW_2024-09-23_87.74,data/minute/trades/WLDSW/2024-09-23.parquet,True
WLDSW,2024-10-21,50.08,WLDSW_2024-10-21_50.08,data/minute/trades/WLDSW/2024-10-21.parquet,True
WNW,2020-12-16,459.09,WNW_2020-12-16_459.09,data/minute/trades/WNW/2020-12-16.parquet,True
WTO,2024-04-08,91.89,WTO_2024-04-08_91.89,data/minute/trades/WTO/2024-04-08.parquet,True
WTO,2024-06-24,30.51,WTO_2024-06-24_30.51,data/minute/trades/WTO/2024-06-24.parquet,True
XXII,2020-06-08,31.55,XXII_2020-06-08_31.55,data/minute/trades/XXII/2020-06-08.parquet,True
XXII,2020-11-18,44.76,XXII_2020-11-18_44.76,data/minute/trades/XXII/2020-11-18.parquet,True
XXII,2020-12-11,31.63,XXII_2020-12-11_31.63,data/minute/trades/XXII/2020-12-11.parquet,True
XXII,2021-02-10,32.51,XXII_2021-02-10_32.51,data/minute/trades/XXII/2021-02-10.parquet,True
XXII,2021-04-23,30.35,XXII_2021-04-23_30.35,data/minute/trades/XXII/2021-04-23.parquet,True
XXII,2021-12-23,60.00,XXII_2021-12-23_60.00,data/minute/trades/XXII/2021-12-23.parquet,True
XXII,2022-06-22,42.33,XXII_2022-06-22_42.33,data/minute/trades/XXII/2022-06-22.parquet,True
XXII,2022-06-23,31.63,XXII_2022-06-23_31.63,data/minute/trades/XXII/2022-06-23.parquet,True
XXII,2023-07-20,45.99,XXII_2023-07-20_45.99,data/minute/trades/XXII/2023-07-20.parquet,True
XXII,2023-07-21,86.22,XXII_2023-07-21_86.22,data/minute/trades/XXII/2023-07-21.parquet,True
XXII,2023-09-05,34.10,XXII_2023-09-05_34.10,data/minute/trades/XXII/2023-09-05.parquet,True
XXII,2023-11-29,50.33,XXII_2023-11-29_50.33,data/minute/trades/XXII/2023-11-29.parquet,True
XXII,2024-06-26,39.60,XXII_2024-06-26_39.60,data/minute/trades/XXII/2024-06-26.parquet,True
YGMZ,2021-01-22,40.17,YGMZ_2021-01-22_40.17,data/minute/trades/YGMZ/2021-01-22.parquet,True
ZIONP,2020-03-20,31.59,ZIONP_2020-03-20_31.59,data/minute/trades/ZIONP/2020-03-20.parquet,True
