ticker,date,status
AA,2020-03-24,unchanged
AACG,2020-02-18,unchanged
AACG,2020-03-20,unchanged
AACG,2020-06-11,unchanged
AACG,2020-06-16,unchanged
AACG,2020-08-03,unchanged
AACG,2020-10-12,unchanged
AACG,2021-02-04,unchanged
AACG,2021-03-26,unchanged
AACG,2021-07-15,unchanged
AACG,2022-01-04,unchanged
AACG,2022-01-07,unchanged
AACG,2023-12-27,unchanged
AACG,nan,unchanged
AAL,2020-03-24,unchanged
AAL,2020-06-04,unchanged
AAL,2020-06-05,unchanged
AAL,2021-01-28,unchanged
AAME,2020-06-17,unchanged
AAME,2020-08-11,unchanged
AAME,2020-08-19,unchanged
AAME,2021-01-05,unchanged
AAME,2021-02-05,unchanged
AAME,2021-02-08,unchanged
AAME,2021-02-12,unchanged
AAME,2021-03-19,unchanged
AAME,nan,unchanged
AAOI,2022-09-16,unchanged
AAOI,2023-08-04,unchanged
AAOI,2024-11-08,unchanged
AAOI,nan,unchanged
AAP,nan,unchanged
AAPB,nan,unchanged
AAPU,nan,unchanged
AARD,nan,unchanged
AB,2020-03-19,unchanged
ABAT,2024-12-18,unchanged
ABAT,2024-12-19,unchanged
ABAT,2024-12-23,unchanged
ABAT,2024-12-24,unchanged
ABAT,2024-12-26,unchanged
ABAT,2024-12-27,unchanged
ABAT,nan,unchanged
ABCL,2021-03-31,unchanged
ABEO,2020-03-17,unchanged
ABEO,2021-02-08,unchanged
ABEO,2022-10-07,unchanged
ABEO,nan,unchanged
ABL,2023-08-28,unchanged
ABLLL,nan,unchanged
ABLV,2023-11-17,unchanged
ABLV,2024-01-16,unchanged
ABLV,2024-08-07,unchanged
ABLV,2024-08-12,unchanged
ABLV,nan,unchanged
ABOS,2022-09-28,unchanged
ABOS,2023-05-05,unchanged
ABOS,2023-07-17,unchanged
ABP,2024-12-19,unchanged
ABP,2024-12-20,unchanged
ABP,2024-12-27,unchanged
ABP,nan,unchanged
ABR,2020-03-20,unchanged
ABR,2020-03-25,unchanged
ABR,2020-03-26,unchanged
ABR,2020-04-06,unchanged
ABSI,2022-01-07,unchanged
ABSI,2022-08-11,unchanged
ABSI,2023-05-22,unchanged
ABSI,2023-12-04,unchanged
ABSI,2023-12-26,unchanged
ABSI,2023-12-27,unchanged
ABSI,nan,unchanged
ABTS,2023-12-27,unchanged
ABTS,2024-12-31,unchanged
ABTS,nan,unchanged
ABUS,2020-03-19,unchanged
ABUS,2020-05-19,unchanged
ABUS,2020-07-20,unchanged
ABUS,2020-07-23,unchanged
ABUS,2020-07-24,unchanged
ABUS,2020-12-14,unchanged
ABUS,2021-12-01,unchanged
ABVC,2021-08-10,unchanged
ABVC,2021-08-23,unchanged
ABVC,2021-09-01,unchanged
ABVC,2021-09-28,unchanged
ABVC,2021-10-15,unchanged
ABVC,2021-11-01,unchanged
ABVC,2022-03-09,unchanged
ABVC,2022-06-13,unchanged
ABVC,2023-01-05,unchanged
ABVC,2023-03-14,unchanged
ABVC,2023-07-26,unchanged
ABVC,2023-08-01,unchanged
ABVC,2023-10-26,unchanged
ABVC,2023-11-16,unchanged
ABVC,2023-11-21,unchanged
ABVC,2024-01-03,unchanged
ABVC,2024-03-26,unchanged
ABVC,2024-04-23,unchanged
ABVC,nan,unchanged
ABVE,2024-08-02,unchanged
ABVE,2024-08-09,unchanged
ABVE,2024-11-27,unchanged
ABVE,nan,unchanged
ABVEW,nan,unchanged
ABVX,nan,unchanged
ACAD,2023-12-13,unchanged
ACAD,nan,unchanged
ACB,2020-03-26,unchanged
ACB,2020-05-15,unchanged
ACB,2020-05-18,unchanged
ACB,2020-05-21,unchanged
ACB,2020-11-05,unchanged
ACB,2020-11-06,unchanged
ACB,2020-11-09,unchanged
ACB,2020-11-24,unchanged
ACB,2023-09-11,unchanged
ACB,2024-04-03,unchanged
ACB,2024-04-30,unchanged
ACB,nan,unchanged
ACCL,nan,unchanged
ACEL,2020-03-24,unchanged
ACET,2020-09-18,unchanged
ACET,2020-09-23,unchanged
ACET,2021-02-10,unchanged
ACET,2021-12-06,unchanged
ACET,2024-01-04,unchanged
ACET,2024-01-09,unchanged
ACFN,2023-08-10,unchanged
ACFN,2023-09-07,unchanged
ACFN,2024-05-06,unchanged
ACHC,2020-03-26,unchanged
ACHR,2023-07-31,unchanged
ACHR,2024-11-25,unchanged
ACHR.WS,2021-11-01,unchanged
ACHR.WS,2023-06-29,unchanged
ACHR.WS,2023-07-31,unchanged
ACHR.WS,2023-08-11,unchanged
ACHR.WS,2023-11-14,unchanged
ACHR.WS,2023-11-15,unchanged
ACHR.WS,2024-01-22,unchanged
ACHR.WS,2024-11-21,unchanged
ACHR.WS,2024-11-25,unchanged
ACHR.WS,2024-11-27,unchanged
ACHR.WS,2024-12-13,unchanged
ACHR.WS,nan,unchanged
ACHV,2020-07-29,unchanged
ACHV,2020-07-31,unchanged
ACHV,2021-01-21,unchanged
ACHV,2023-01-10,unchanged
ACHV,nan,unchanged
ACIC,2021-02-10,unchanged
ACIC,2023-11-14,unchanged
ACIU,2020-07-16,unchanged
ACIU,2021-02-04,unchanged
ACIU,2021-02-11,unchanged
ACIU,2021-06-07,unchanged
ACIU,2021-08-31,unchanged
ACIU,2023-06-27,unchanged
ACIU,2024-05-13,unchanged
ACLX,2022-06-08,unchanged
ACLX,2022-12-09,unchanged
ACMR,2022-11-07,unchanged
ACMR,2023-01-03,unchanged
ACMR,2024-02-28,unchanged
ACOG,nan,unchanged
ACON,2024-01-08,unchanged
ACON,2024-01-26,unchanged
ACON,2024-03-15,unchanged
ACON,2024-04-25,unchanged
ACON,nan,unchanged
ACONW,2022-05-06,unchanged
ACRE,2020-03-19,unchanged
ACRE,2020-03-26,unchanged
ACRE,2020-04-07,unchanged
ACRE,2020-04-08,unchanged
ACRS,2020-06-17,unchanged
ACRS,2020-07-20,unchanged
ACRS,2020-12-16,unchanged
ACRS,2021-01-19,unchanged
ACRS,2024-01-16,unchanged
ACRS,2024-10-25,unchanged
ACRS,2024-11-18,unchanged
ACRS,2024-11-19,unchanged
ACRV,2023-02-06,unchanged
ACRV,2024-03-15,unchanged
ACRV,2024-04-09,unchanged
ACRV,nan,unchanged
ACTG,2020-06-03,unchanged
ACXP,2023-10-09,unchanged
ACXP,2023-10-12,unchanged
ACXP,2023-10-13,unchanged
ACXP,2023-10-18,unchanged
ACXP,nan,unchanged
ADAG,2023-06-26,unchanged
ADAG,2024-12-10,unchanged
ADAG,nan,unchanged
ADCT,2023-12-01,unchanged
ADCT,2023-12-13,unchanged
ADCT,2024-12-06,unchanged
ADCT,nan,unchanged
ADGM,2024-08-08,unchanged
ADGM,2024-10-01,unchanged
ADGM,2024-11-14,unchanged
ADGM,2024-12-31,unchanged
ADGM,nan,unchanged
ADIL,2020-03-03,unchanged
ADIL,2020-03-17,unchanged
ADIL,2020-04-15,unchanged
ADIL,2020-04-16,unchanged
ADIL,2020-05-27,unchanged
ADIL,2020-06-08,unchanged
ADIL,2020-08-06,unchanged
ADIL,2020-09-29,unchanged
ADIL,2021-06-22,unchanged
ADIL,2022-07-12,unchanged
ADIL,2023-01-06,unchanged
ADIL,2023-01-31,unchanged
ADIL,2023-03-07,unchanged
ADIL,2023-04-21,unchanged
ADIL,2023-04-24,unchanged
ADIL,2023-07-11,unchanged
ADIL,2023-07-31,unchanged
ADIL,2023-09-26,unchanged
ADIL,2023-12-29,unchanged
ADIL,2024-02-14,unchanged
ADIL,2024-02-28,unchanged
ADIL,2024-02-29,unchanged
ADIL,2024-03-01,unchanged
ADIL,2024-04-10,unchanged
ADIL,2024-04-11,unchanged
ADIL,2024-04-15,unchanged
ADIL,2024-07-23,unchanged
ADIL,nan,unchanged
ADMA,2020-03-19,unchanged
ADMA,2020-03-23,unchanged
ADMA,2020-07-30,unchanged
ADMA,2020-08-24,unchanged
ADMA,2021-04-28,unchanged
ADMA,2024-05-10,unchanged
ADMA,2024-08-09,unchanged
ADNT,2020-01-31,unchanged
ADNT,2020-03-19,unchanged
ADNT,2020-03-24,unchanged
ADPT,2024-09-26,unchanged
ADPT,nan,unchanged
ADSE,2023-05-12,unchanged
ADSEW,2022-01-11,unchanged
ADSEW,2022-01-12,unchanged
ADSEW,2022-08-22,unchanged
ADSEW,2022-08-24,unchanged
ADSEW,2022-08-29,unchanged
ADSEW,2024-02-29,unchanged
ADSEW,nan,unchanged
ADT,2020-08-03,unchanged
ADTX,2024-10-04,unchanged
ADTX,nan,unchanged
ADUS,2020-03-18,unchanged
ADVB,nan,unchanged
ADVM,2020-02-10,unchanged
ADVM,2020-03-13,unchanged
ADVM,2020-05-05,unchanged
ADVM,2024-02-05,unchanged
ADVM,2024-02-06,unchanged
ADVM,nan,unchanged
ADXN,2020-08-28,unchanged
ADXN,2020-12-24,unchanged
ADXN,2021-01-21,unchanged
ADXN,2022-07-21,unchanged
ADXN,2023-02-03,unchanged
ADXN,2023-02-16,unchanged
ADXN,2023-04-19,unchanged
ADXN,2023-05-10,unchanged
ADXN,2024-04-03,unchanged
ADXN,2024-08-27,unchanged
ADXN,nan,unchanged
AEBI,nan,unchanged
AEFC,2020-03-20,unchanged
AEHL,2021-01-29,unchanged
AEHL,2021-02-05,unchanged
AEHL,2021-02-19,unchanged
AEHL,2021-03-10,unchanged
AEHL,2021-03-24,unchanged
AEHL,2021-06-08,unchanged
AEHL,2021-06-09,unchanged
AEHL,2021-07-12,unchanged
AEHL,2021-10-15,unchanged
AEHL,2022-03-22,unchanged
AEHL,2022-09-27,unchanged
AEHL,2023-08-25,unchanged
AEHL,2024-02-13,unchanged
AEHL,2024-07-10,unchanged
AEHL,2024-08-20,unchanged
AEHL,2024-09-13,unchanged
AEHL,2024-11-05,unchanged
AEHL,nan,unchanged
AEHR,2020-12-03,unchanged
AEHR,2021-07-16,unchanged
AEHR,2021-07-19,unchanged
AEHR,2021-07-21,unchanged
AEHR,2021-09-24,unchanged
AEHR,2022-07-20,unchanged
AEHR,2023-01-06,unchanged
AEHR,2024-07-10,unchanged
AEHR,2024-12-16,unchanged
AEHR,nan,unchanged
AEI,2021-02-08,unchanged
AEI,2021-02-11,unchanged
AEI,2021-02-12,unchanged
AEI,2021-02-16,unchanged
AEI,2021-03-05,unchanged
AEI,2021-03-17,unchanged
AEI,2021-06-21,unchanged
AEI,2022-03-11,unchanged
AEI,2022-03-23,unchanged
AEI,2022-09-30,unchanged
AEI,2022-11-30,unchanged
AEI,2022-12-20,unchanged
AEI,2023-05-30,unchanged
AEI,2024-06-05,unchanged
AEI,2024-06-27,unchanged
AEI,2024-08-23,unchanged
AEI,2024-09-27,unchanged
AEI,2024-12-30,unchanged
AEI,nan,unchanged
AEMD,2020-01-13,unchanged
AEMD,2020-01-16,unchanged
AEMD,2020-01-21,unchanged
AEMD,2020-01-27,unchanged
AEMD,2020-02-27,unchanged
AEMD,2020-03-18,unchanged
AEMD,2020-05-28,unchanged
AEMD,2020-06-09,unchanged
AEMD,2020-06-18,unchanged
AEMD,2020-10-13,unchanged
AEMD,2020-12-16,unchanged
AEMD,2020-12-31,unchanged
AEMD,2021-01-29,unchanged
AEMD,2021-06-01,unchanged
AEMD,2021-06-09,unchanged
AEMD,2021-07-19,unchanged
AEMD,2021-09-22,unchanged
AEMD,2022-05-20,unchanged
AEMD,2022-05-23,unchanged
AEMD,2022-06-29,unchanged
AEMD,2022-08-01,unchanged
AEMD,2022-08-02,unchanged
AEMD,2023-01-06,unchanged
AEMD,2023-01-30,unchanged
AEMD,2023-04-20,unchanged
AEMD,2023-07-06,unchanged
AEMD,2024-05-10,unchanged
AEMD,2024-06-06,unchanged
AEMD,2024-06-13,unchanged
AEMD,2024-08-16,unchanged
AEMD,2024-08-19,unchanged
AEMD,2024-09-23,unchanged
AEMD,2024-12-18,unchanged
AEMD,2024-12-20,unchanged
AEMD,2024-12-31,unchanged
AEMD,nan,unchanged
AENT,2023-07-14,unchanged
AENT,2024-01-16,unchanged
AENT,2024-02-09,unchanged
AENT,2024-03-07,unchanged
AENT,2024-09-16,unchanged
AENT,2024-09-20,unchanged
AEO,nan,unchanged
AER,2020-03-20,unchanged
AER,2020-03-24,unchanged
AER,2020-11-09,unchanged
AERT,2024-09-10,unchanged
AERT,2024-12-30,unchanged
AERT,nan,unchanged
AEVA,2024-01-03,unchanged
AEVA,nan,unchanged
AEVAW,nan,unchanged
AEYE,2020-03-23,unchanged
AEYE,2021-02-08,unchanged
AEYE,2022-06-03,unchanged
AEYE,2024-04-09,unchanged
AEYE,2024-07-26,unchanged
AFL,2020-03-25,unchanged
AFRI,2022-06-13,unchanged
AFRIW,2024-12-18,unchanged
AFRIW,2024-12-19,unchanged
AFRIW,nan,unchanged
AFRM,2021-01-14,unchanged
AFRM,2021-08-30,unchanged
AFRM,2021-09-10,unchanged
AFRM,2022-05-12,unchanged
AFRM,2022-05-13,unchanged
AFRM,2023-08-25,unchanged
AFRM,2024-08-29,unchanged
AG,2021-01-28,unchanged
AG,2021-02-01,unchanged
AGAE,2024-06-26,unchanged
AGAE,nan,unchanged
AGCC,nan,unchanged
AGEN,2020-05-29,unchanged
AGEN,2021-02-04,unchanged
AGEN,2021-05-18,unchanged
AGEN,2022-06-29,unchanged
AGEN,2024-04-23,unchanged
AGEN,2024-04-26,unchanged
AGEN,nan,unchanged
AGH,nan,unchanged
AGIO,2020-12-21,unchanged
AGL,nan,unchanged
AGMH,2021-06-17,unchanged
AGMH,2022-03-24,unchanged
AGMH,2022-07-05,unchanged
AGMH,2024-02-12,unchanged
AGMH,2024-07-26,unchanged
AGMH,2024-07-29,unchanged
AGMH,nan,unchanged
AGNCM,2020-03-19,unchanged
AGNCN,2020-03-19,unchanged
AGNCO,2020-03-19,unchanged
AGNCP,2020-03-19,unchanged
AGRZ,nan,unchanged
AGX,2024-09-06,unchanged
AGX,nan,unchanged
AHCO,2022-05-10,unchanged
AHCO,2024-02-27,unchanged
AHG,2022-03-18,unchanged
AHG,2022-05-25,unchanged
AHG,2022-06-17,unchanged
AHG,2022-08-03,unchanged
AHG,2023-09-05,unchanged
AHG,2023-10-06,unchanged
AHG,2024-01-02,unchanged
AHG,2024-01-12,unchanged
AHG,2024-01-16,unchanged
AHG,2024-01-24,unchanged
AHG,2024-02-01,unchanged
AHG,2024-02-02,unchanged
AHG,2024-03-18,unchanged
AHG,2024-05-22,unchanged
AHG,2024-07-01,unchanged
AHG,2024-07-03,unchanged
AHG,2024-08-08,unchanged
AHG,2024-11-14,unchanged
AHG,2024-12-09,unchanged
AHG,2024-12-16,unchanged
AHG,2024-12-17,unchanged
AHG,2024-12-30,unchanged
AHG,nan,unchanged
AHHpA,2020-03-19,unchanged
AHLpD,2020-03-20,unchanged
AHLpE,2020-03-20,unchanged
AHMA,nan,unchanged
AHT,2020-06-05,unchanged
AHT,2020-06-08,unchanged
AHT,2020-06-29,unchanged
AHT,2020-07-17,unchanged
AHT,2020-09-28,unchanged
AHT,2020-10-22,unchanged
AHT,2020-11-09,unchanged
AHT,2020-11-13,unchanged
AHT,2020-11-16,unchanged
AHT,2020-11-18,unchanged
AHT,2020-11-24,unchanged
AHT,2020-12-28,unchanged
AHT,2021-04-28,unchanged
AHT,2023-05-03,unchanged
AHT,2024-01-31,unchanged
AHT,2024-11-07,unchanged
AHT,2024-11-08,unchanged
AHT,2024-11-12,unchanged
AHT,nan,unchanged
AHTpD,2020-03-25,unchanged
AHTpD,2020-04-14,unchanged
AHTpD,2020-06-05,unchanged
AHTpD,2020-07-21,unchanged
AHTpD,2020-08-04,unchanged
AHTpD,2020-11-09,unchanged
AHTpD,2020-11-19,unchanged
AHTpD,2020-12-28,unchanged
AHTpF,2020-03-19,unchanged
AHTpF,2020-03-25,unchanged
AHTpF,2020-03-26,unchanged
AHTpF,2020-04-09,unchanged
AHTpF,2020-07-21,unchanged
AHTpF,2020-09-09,unchanged
AHTpF,2020-11-09,unchanged
AHTpF,2020-11-19,unchanged
AHTpG,2020-03-19,unchanged
AHTpG,2020-03-25,unchanged
AHTpG,2020-03-26,unchanged
AHTpG,2020-04-09,unchanged
AHTpG,2020-07-21,unchanged
AHTpG,2020-09-09,unchanged
AHTpG,2020-11-09,unchanged
AHTpH,2020-03-19,unchanged
AHTpH,2020-03-25,unchanged
AHTpH,2020-07-21,unchanged
AHTpH,2020-09-09,unchanged
AHTpH,2020-11-09,unchanged
AHTpI,2020-03-19,unchanged
AHTpI,2020-03-20,unchanged
AHTpI,2020-03-25,unchanged
AHTpI,2020-03-26,unchanged
AHTpI,2020-07-21,unchanged
AHTpI,2020-08-04,unchanged
AHTpI,2020-09-09,unchanged
AHTpI,2020-11-09,unchanged
AI,2020-03-19,unchanged
AI,2020-03-25,unchanged
AI,2020-03-26,unchanged
AI,2020-12-09,unchanged
AI,2020-12-10,unchanged
AI,2023-01-31,unchanged
AI,2023-03-03,unchanged
AI,nan,unchanged
AIFF,2024-08-19,unchanged
AIFF,2024-10-16,unchanged
AIFF,2024-10-18,unchanged
AIFF,nan,unchanged
AIFU,nan,unchanged
AIHS,2020-02-18,unchanged
AIHS,2020-03-31,unchanged
AIHS,2020-05-28,unchanged
AIHS,2020-06-10,unchanged
AIHS,2020-06-11,unchanged
AIHS,2020-06-18,unchanged
AIHS,2020-07-08,unchanged
AIHS,2020-07-09,unchanged
AIHS,2020-08-03,unchanged
AIHS,2020-09-24,unchanged
AIHS,2020-09-25,unchanged
AIHS,2020-10-14,unchanged
AIHS,2020-10-19,unchanged
AIHS,2020-10-20,unchanged
AIHS,2020-11-02,unchanged
AIHS,2020-11-23,unchanged
AIHS,2021-01-21,unchanged
AIHS,2022-02-28,unchanged
AIHS,2022-05-25,unchanged
AIHS,2022-08-08,unchanged
AIHS,2023-12-05,unchanged
AIHS,2023-12-12,unchanged
AIHS,2024-01-31,unchanged
AIHS,2024-02-15,unchanged
AIHS,2024-02-26,unchanged
AIHS,2024-06-12,unchanged
AIHS,nan,unchanged
AIIO,nan,unchanged
AIMD,2022-09-30,unchanged
AIMD,2023-03-14,unchanged
AIMD,2023-03-16,unchanged
AIMD,2023-07-14,unchanged
AIMD,2023-09-15,unchanged
AIMD,2024-01-05,unchanged
AIMD,2024-03-04,unchanged
AIMD,2024-03-08,unchanged
AIMD,2024-05-23,unchanged
AIMD,2024-06-14,unchanged
AIMD,2024-07-03,unchanged
AIMD,nan,unchanged
AIOT,nan,unchanged
AIP,2021-10-29,unchanged
AIP,2024-05-03,unchanged
AIP,nan,unchanged
AIR,2020-03-19,unchanged
AIRE,2023-10-26,unchanged
AIRE,2023-11-06,unchanged
AIRE,2023-11-13,unchanged
AIRE,2023-11-14,unchanged
AIRE,2023-11-16,unchanged
AIRE,2023-12-20,unchanged
AIRE,2024-02-26,unchanged
AIRE,2024-03-08,unchanged
AIRE,2024-04-24,unchanged
AIRE,2024-04-25,unchanged
AIRE,2024-05-07,unchanged
AIRE,2024-12-19,unchanged
AIRE,2024-12-26,unchanged
AIRE,nan,unchanged
AIRG,2021-01-19,unchanged
AIRG,nan,unchanged
AIRJ,2024-05-28,unchanged
AIRJ,2024-09-13,unchanged
AIRJ,2024-09-16,unchanged
AIRJW,2024-05-28,unchanged
AIRJW,2024-06-04,unchanged
AIRJW,2024-12-13,unchanged
AIRJW,2024-12-16,unchanged
AIRJW,2024-12-18,unchanged
AIRJW,nan,unchanged
AIRO,nan,unchanged
AIRS,2022-08-12,unchanged
AIRS,2023-05-12,unchanged
AIRS,nan,unchanged
AIRT,2020-12-24,unchanged
AIRT,2020-12-31,unchanged
AIRT,2021-02-01,unchanged
AIRT,2021-02-08,unchanged
AIRT,2024-11-13,unchanged
AISP,2024-01-03,unchanged
AISP,2024-03-05,unchanged
AISP,2024-03-06,unchanged
AISP,2024-03-13,unchanged
AISP,2024-06-11,unchanged
AISP,2024-08-16,unchanged
AISP,2024-11-13,unchanged
AISP,2024-12-18,unchanged
AISP,2024-12-19,unchanged
AISP,2024-12-23,unchanged
AISPW,2024-03-15,unchanged
AISPW,2024-03-18,unchanged
AISPW,2024-04-03,unchanged
AISPW,2024-12-19,unchanged
AISPW,2024-12-23,unchanged
AISPW,2024-12-30,unchanged
AISPW,2024-12-31,unchanged
AISPW,nan,unchanged
AIXI,2024-07-16,unchanged
AIXI,2024-08-19,unchanged
AIXI,2024-08-20,unchanged
AIXI,2024-08-23,unchanged
AIXI,2024-08-26,unchanged
AIXI,2024-09-24,unchanged
AKA,2022-11-11,unchanged
AKA,2023-03-17,unchanged
AKA,2023-04-19,unchanged
AKA,2023-04-24,unchanged
AKA,2023-10-16,unchanged
AKA,2024-05-01,unchanged
AKA,2024-05-13,unchanged
AKA,2024-09-04,unchanged
AKA,nan,unchanged
AKAN,2022-03-16,unchanged
AKAN,2022-06-16,unchanged
AKAN,2022-07-12,unchanged
AKAN,2022-08-09,unchanged
AKAN,2023-01-20,unchanged
AKAN,2023-01-26,unchanged
AKAN,2023-01-27,unchanged
AKAN,2023-01-31,unchanged
AKAN,2023-02-10,unchanged
AKAN,2023-04-10,unchanged
AKAN,2023-04-14,unchanged
AKAN,2023-05-03,unchanged
AKAN,2023-05-15,unchanged
AKAN,2023-08-30,unchanged
AKAN,2023-09-11,unchanged
AKAN,2023-10-12,unchanged
AKAN,2024-02-02,unchanged
AKAN,2024-02-08,unchanged
AKAN,2024-03-28,unchanged
AKAN,2024-04-11,unchanged
AKAN,2024-05-01,unchanged
AKAN,2024-05-16,unchanged
AKAN,2024-05-17,unchanged
AKAN,2024-05-24,unchanged
AKAN,2024-08-02,unchanged
AKAN,2024-10-18,unchanged
AKAN,nan,unchanged
AKBA,2020-03-19,unchanged
AKBA,2020-05-05,unchanged
AKBA,2023-05-22,unchanged
AKBA,2024-03-15,unchanged
AKBA,nan,unchanged
AKR,2020-11-09,unchanged
AKRO,2020-03-31,unchanged
AKRO,2020-07-01,unchanged
AKRO,2022-09-13,unchanged
AKRO,2024-03-04,unchanged
AKRO,nan,unchanged
AKTX,2020-01-10,unchanged
AKTX,2021-04-12,unchanged
AKTX,2024-06-11,unchanged
AKTX,2024-07-01,unchanged
AKTX,2024-11-01,unchanged
AKTX,nan,unchanged
AL,2020-03-19,unchanged
AL,2020-03-20,unchanged
AL,2020-03-24,unchanged
AL,2020-03-25,unchanged
ALAB,2024-11-05,unchanged
ALAB,nan,unchanged
ALAR,2023-04-04,unchanged
ALAR,2023-05-26,unchanged
ALAR,2023-08-28,unchanged
ALAR,2023-08-30,unchanged
ALAR,2024-10-16,unchanged
ALAR,nan,unchanged
ALBT,2022-12-12,unchanged
ALBT,2022-12-29,unchanged
ALBT,2023-01-18,unchanged
ALBT,2023-03-06,unchanged
ALBT,2023-10-18,unchanged
ALBT,2024-05-28,unchanged
ALBT,2024-06-03,unchanged
ALBT,2024-07-31,unchanged
ALBT,2024-08-14,unchanged
ALBT,2024-10-21,unchanged
ALBT,2024-10-28,unchanged
ALBT,2024-11-05,unchanged
ALBT,2024-12-06,unchanged
ALBT,2024-12-19,unchanged
ALBT,nan,unchanged
ALCYW,2023-10-23,unchanged
ALCYW,2023-12-06,unchanged
ALDFW,nan,unchanged
ALDX,2020-03-13,unchanged
ALDX,2020-03-17,unchanged
ALDX,2020-04-14,unchanged
ALDX,2020-05-12,unchanged
ALDX,2021-04-27,unchanged
ALDX,2023-11-01,unchanged
ALDX,2024-08-08,unchanged
ALDX,nan,unchanged
ALEC,2021-07-02,unchanged
ALEC,2023-08-04,unchanged
ALEC,nan,unchanged
ALF,2021-05-06,unchanged
ALF,2021-05-10,unchanged
ALF,2021-06-15,unchanged
ALF,2021-06-16,unchanged
ALF,2021-06-18,unchanged
ALF,2021-06-22,unchanged
ALF,2021-06-25,unchanged
ALF,2021-06-28,unchanged
ALF,2021-07-07,unchanged
ALF,2021-07-19,unchanged
ALF,2021-08-17,unchanged
ALGN,2020-10-22,unchanged
ALGN,2023-02-02,unchanged
ALGS,2020-12-23,unchanged
ALGS,2023-01-06,unchanged
ALGS,2023-01-17,unchanged
ALGS,2023-11-01,unchanged
ALGS,2024-09-09,unchanged
ALGS,2024-10-24,unchanged
ALGS,2024-11-11,unchanged
ALGT,2020-03-24,unchanged
ALK,2020-03-24,unchanged
ALLO,2020-05-14,unchanged
ALLO,nan,unchanged
ALLR,2023-04-18,unchanged
ALLR,2023-07-05,unchanged
ALLR,2023-07-31,unchanged
ALLR,2023-12-05,unchanged
ALLR,2024-04-12,unchanged
ALLR,2024-05-02,unchanged
ALLR,2024-07-23,unchanged
ALLR,2024-07-24,unchanged
ALLR,2024-09-13,unchanged
ALLR,2024-10-22,unchanged
ALLR,2024-12-19,unchanged
ALLR,nan,unchanged
ALLT,2020-02-04,unchanged
ALMS,nan,unchanged
ALMU,2023-06-06,unchanged
ALMU,2024-01-04,unchanged
ALMU,2024-05-14,unchanged
ALMU,2024-12-11,unchanged
ALMU,2024-12-13,unchanged
ALMU,2024-12-16,unchanged
ALMU,2024-12-17,unchanged
ALMU,nan,unchanged
ALNY,2020-03-16,unchanged
ALNY,2022-08-03,unchanged
ALNY,2024-06-24,unchanged
ALPS,2023-04-11,unchanged
ALT,2020-02-28,unchanged
ALT,2020-03-11,unchanged
ALT,2020-05-14,unchanged
ALT,2020-05-20,unchanged
ALT,2020-05-26,unchanged
ALT,2020-07-08,unchanged
ALT,2020-07-09,unchanged
ALT,2020-07-14,unchanged
ALT,2021-06-16,unchanged
ALT,2022-06-09,unchanged
ALT,2022-08-12,unchanged
ALT,2023-12-01,unchanged
ALT,2023-12-04,unchanged
ALT,2023-12-06,unchanged
ALT,2024-02-26,unchanged
ALT,2024-06-24,unchanged
ALT,2024-11-12,unchanged
ALTG,2020-03-23,unchanged
ALTG,2020-05-15,unchanged
ALTI,2023-01-25,unchanged
ALTI,2023-06-02,unchanged
ALTI,2024-01-25,unchanged
ALTS,2024-08-09,unchanged
ALTS,2024-08-16,unchanged
ALTS,2024-08-19,unchanged
ALUR,2024-04-04,unchanged
ALUR,2024-06-20,unchanged
ALUR,2024-08-29,unchanged
ALUR,2024-09-06,unchanged
ALUR,nan,unchanged
ALVOW,2022-10-24,unchanged
ALVOW,2022-12-12,unchanged
ALVOW,2022-12-16,unchanged
ALVOW,2022-12-22,unchanged
ALVOW,2023-01-09,unchanged
ALVOW,2023-02-27,unchanged
ALVOW,2023-03-10,unchanged
ALVOW,2023-06-15,unchanged
ALVOW,2023-06-20,unchanged
ALVOW,2023-06-30,unchanged
ALVOW,2023-07-27,unchanged
ALVOW,2023-11-24,unchanged
ALVOW,2024-01-19,unchanged
ALVOW,2024-02-26,unchanged
ALVOW,2024-04-12,unchanged
ALVOW,2024-08-15,unchanged
ALVOW,nan,unchanged
ALXO,2020-08-05,unchanged
ALXO,2020-11-17,unchanged
ALXO,2020-12-10,unchanged
ALXO,2023-10-03,unchanged
ALXO,2023-10-06,unchanged
ALXO,2023-12-08,unchanged
ALXO,nan,unchanged
ALZN,2021-06-28,unchanged
ALZN,2021-07-23,unchanged
ALZN,2021-07-28,unchanged
ALZN,2021-09-30,unchanged
ALZN,2021-11-05,unchanged
ALZN,2021-12-14,unchanged
ALZN,2022-03-22,unchanged
ALZN,2024-03-05,unchanged
ALZN,2024-05-14,unchanged
ALZN,2024-08-19,unchanged
ALZN,nan,unchanged
AMBA,nan,unchanged
AMBP,nan,unchanged
AMBQ,nan,unchanged
AMC,2020-03-19,unchanged
AMC,2020-04-06,unchanged
AMC,2020-04-17,unchanged
AMC,2020-04-28,unchanged
AMC,2020-04-29,unchanged
AMC,2020-05-11,unchanged
AMC,2020-11-09,unchanged
AMC,2020-11-24,unchanged
AMC,2021-01-19,unchanged
AMC,2021-01-25,unchanged
AMC,2021-01-27,unchanged
AMC,2021-01-29,unchanged
AMC,2021-02-01,unchanged
AMC,2021-05-13,unchanged
AMC,2021-05-27,unchanged
AMC,2021-05-28,unchanged
AMC,2021-06-02,unchanged
AMC,2021-08-24,unchanged
AMC,2022-03-28,unchanged
AMC,2022-05-12,unchanged
AMC,2023-02-27,unchanged
AMC,2023-07-24,unchanged
AMC,2024-05-13,unchanged
AMC,2024-05-14,unchanged
AMC,2024-06-03,unchanged
AMCX,2021-02-26,unchanged
AMCX,2023-02-17,unchanged
AMCX,nan,unchanged
AMD,nan,unchanged
AMDG,nan,unchanged
AMDL,nan,unchanged
AMDU,nan,unchanged
AMIX,2024-02-16,unchanged
AMIX,2024-03-14,unchanged
AMIX,2024-07-03,unchanged
AMIX,2024-07-15,unchanged
AMIX,2024-07-17,unchanged
AMIX,2024-07-19,unchanged
AMIX,2024-08-30,unchanged
AMIX,2024-10-28,unchanged
AMIX,2024-10-31,unchanged
AMIX,2024-12-30,unchanged
AMIX,nan,unchanged
AMLX,2022-06-03,unchanged
AMLX,2022-09-08,unchanged
AMLX,2024-10-18,unchanged
AMLX,nan,unchanged
AMOD,2024-12-19,unchanged
AMOD,2024-12-20,unchanged
AMOD,nan,unchanged
AMPG,2024-11-22,unchanged
AMPG,2024-12-11,unchanged
AMPG,2024-12-12,unchanged
AMPG,2024-12-13,unchanged
AMPG,2024-12-24,unchanged
AMPG,2024-12-26,unchanged
AMPGW,2021-02-18,unchanged
AMPGW,2021-02-19,unchanged
AMPGW,2021-02-23,unchanged
AMPGW,2021-03-01,unchanged
AMPGW,2021-03-05,unchanged
AMPGW,2021-03-08,unchanged
AMPGW,2021-03-12,unchanged
AMPGW,2021-03-29,unchanged
AMPGW,2021-05-13,unchanged
AMPGW,2021-07-28,unchanged
AMPGW,2021-11-19,unchanged
AMPGW,2021-11-24,unchanged
AMPGW,2021-12-10,unchanged
AMPGW,2022-03-10,unchanged
AMPGW,2024-12-24,unchanged
AMPGW,2024-12-26,unchanged
AMPGW,2024-12-27,unchanged
AMPGW,nan,unchanged
AMPX,2022-09-16,unchanged
AMPX,2022-09-20,unchanged
AMPX,2022-09-22,unchanged
AMPX,2022-09-23,unchanged
AMPX,2022-10-19,unchanged
AMPX,2022-10-21,unchanged
AMPX,2023-03-23,unchanged
AMPX,2023-09-18,unchanged
AMPX,2023-11-10,unchanged
AMPX,2024-09-23,unchanged
AMPX,2024-11-08,unchanged
AMPX,2024-11-11,unchanged
AMPX,nan,unchanged
AMPX.WS,nan,unchanged
AMPY,2020-04-29,unchanged
AMPY,2020-06-04,unchanged
AMPY,2020-06-15,unchanged
AMPY,2020-07-15,unchanged
AMPY,2020-07-22,unchanged
AMPY,2020-09-29,unchanged
AMPY,2021-01-12,unchanged
AMRC,2024-05-08,unchanged
AMRC,nan,unchanged
AMRK,2020-03-26,unchanged
AMRN,2020-04-01,unchanged
AMRN,2024-01-10,unchanged
AMRN,nan,unchanged
AMRX,2020-05-11,unchanged
AMSC,2021-06-04,unchanged
AMSC,2023-07-28,unchanged
AMSC,2023-08-01,unchanged
AMSC,2024-01-25,unchanged
AMSC,2024-05-30,unchanged
AMSC,nan,unchanged
AMST,2021-01-29,unchanged
AMST,2021-02-16,unchanged
AMST,2021-06-10,unchanged
AMST,2021-06-11,unchanged
AMST,2021-06-29,unchanged
AMST,2022-05-10,unchanged
AMST,2022-08-23,unchanged
AMST,2022-12-12,unchanged
AMST,2022-12-13,unchanged
AMST,2023-01-19,unchanged
AMST,2023-01-26,unchanged
AMST,2023-01-27,unchanged
AMST,2023-02-14,unchanged
AMST,2023-04-03,unchanged
AMST,2023-04-06,unchanged
AMST,2023-04-13,unchanged
AMST,2023-12-21,unchanged
AMST,2024-04-24,unchanged
AMST,2024-08-12,unchanged
AMST,2024-12-02,unchanged
AMST,nan,unchanged
AMTD,2022-02-23,unchanged
AMTD,2022-07-22,unchanged
AMTD,2022-07-28,unchanged
AMTD,2022-07-29,unchanged
AMTD,2022-08-01,unchanged
AMTD,2022-08-02,unchanged
AMTD,2022-08-03,unchanged
AMTD,2022-08-05,unchanged
AMTD,2022-08-16,unchanged
AMTD,2022-09-14,unchanged
AMTD,2023-01-05,unchanged
AMTD,nan,unchanged
AMTX,2020-01-28,unchanged
AMTX,2020-03-20,unchanged
AMTX,2020-05-01,unchanged
AMTX,2020-07-27,unchanged
AMTX,2020-07-30,unchanged
AMTX,2020-08-03,unchanged
AMTX,2020-08-05,unchanged
AMTX,2020-08-06,unchanged
AMTX,2020-08-11,unchanged
AMTX,2020-08-12,unchanged
AMTX,2020-09-01,unchanged
AMTX,2020-12-03,unchanged
AMTX,2020-12-22,unchanged
AMTX,2021-01-25,unchanged
AMTX,2021-03-01,unchanged
AMTX,2021-03-02,unchanged
AMTX,2021-03-09,unchanged
AMTX,2023-05-19,unchanged
AMTX,2023-05-22,unchanged
AMTX,2024-03-21,unchanged
AMTX,2024-03-22,unchanged
AMTX,2024-11-12,unchanged
AMUU,nan,unchanged
AMWD,2020-03-24,unchanged
AMWL,2024-02-15,unchanged
AMWL,2024-07-02,unchanged
AMWL,2024-07-11,unchanged
AMWL,2024-08-01,unchanged
ANAB,2020-10-14,unchanged
ANAB,nan,unchanged
ANEB,2022-06-22,unchanged
ANEB,2022-10-25,unchanged
ANEB,2022-12-05,unchanged
ANEB,2022-12-19,unchanged
ANEB,2023-09-12,unchanged
ANEB,2023-10-17,unchanged
ANEB,2023-12-21,unchanged
ANEB,2024-06-21,unchanged
ANEB,2024-09-20,unchanged
ANEB,2024-12-23,unchanged
ANEB,2024-12-24,unchanged
ANEB,nan,unchanged
ANF,2023-05-24,unchanged
ANF,nan,unchanged
ANGH,2022-02-07,unchanged
ANGH,2022-02-10,unchanged
ANGH,2022-02-17,unchanged
ANGH,2022-02-25,unchanged
ANGH,2022-04-05,unchanged
ANGH,2022-07-27,unchanged
ANGH,2023-03-07,unchanged
ANGH,2023-05-02,unchanged
ANGH,2023-11-20,unchanged
ANGH,2023-11-21,unchanged
ANGH,2024-03-20,unchanged
ANGH,2024-03-21,unchanged
ANGH,nan,unchanged
ANGHW,2022-02-07,unchanged
ANGHW,2022-02-17,unchanged
ANGI,2024-08-07,unchanged
ANGI,nan,unchanged
ANGO,2024-12-09,unchanged
ANGO,nan,unchanged
ANGX,nan,unchanged
ANIP,2020-03-17,unchanged
ANIP,2021-11-01,unchanged
ANIP,2023-05-08,unchanged
ANIX,2020-06-30,unchanged
ANIX,2020-12-10,unchanged
ANIX,2021-03-12,unchanged
ANL,2024-04-08,unchanged
ANL,2024-09-04,unchanged
ANL,2024-11-08,unchanged
ANNA,2024-12-20,unchanged
ANNA,nan,unchanged
ANNX,2023-05-26,unchanged
ANNX,2023-12-21,unchanged
ANNX,2024-03-13,unchanged
ANNX,2024-06-04,unchanged
ANNX,nan,unchanged
ANPA,nan,unchanged
ANRO,nan,unchanged
ANTX,2022-05-16,unchanged
ANTX,2022-05-26,unchanged
ANTX,2022-08-12,unchanged
ANTX,2022-09-27,unchanged
ANTX,2023-05-16,unchanged
ANVS,2020-02-13,unchanged
ANVS,2020-03-24,unchanged
ANVS,2020-04-03,unchanged
ANVS,2020-05-18,unchanged
ANVS,2020-06-16,unchanged
ANVS,2020-07-07,unchanged
ANVS,2021-02-02,unchanged
ANVS,2021-02-04,unchanged
ANVS,2021-02-17,unchanged
ANVS,2021-03-16,unchanged
ANVS,2021-05-21,unchanged
ANVS,2021-06-01,unchanged
ANVS,2021-06-07,unchanged
ANVS,2022-06-08,unchanged
ANVS,2022-09-12,unchanged
ANVS,2023-12-22,unchanged
ANVS,2023-12-27,unchanged
ANVS,2024-03-20,unchanged
ANVS,2024-04-26,unchanged
ANVS,2024-05-09,unchanged
ANVS,2024-07-02,unchanged
ANVS,2024-07-05,unchanged
ANVS,2024-07-08,unchanged
ANVS,nan,unchanged
ANY,2020-03-25,unchanged
ANY,2020-04-16,unchanged
ANY,2020-05-05,unchanged
ANY,2020-05-11,unchanged
ANY,2020-06-26,unchanged
ANY,2020-07-10,unchanged
ANY,2020-07-13,unchanged
ANY,2020-08-28,unchanged
ANY,2021-01-07,unchanged
ANY,2021-01-25,unchanged
ANY,2021-06-03,unchanged
ANY,2021-06-10,unchanged
ANY,2021-08-06,unchanged
ANY,2021-08-09,unchanged
ANY,2021-08-30,unchanged
ANY,2021-09-02,unchanged
ANY,2021-09-15,unchanged
ANY,2022-02-04,unchanged
ANY,2022-03-28,unchanged
ANY,2022-04-05,unchanged
ANY,2022-07-07,unchanged
ANY,2023-01-10,unchanged
ANY,2023-01-12,unchanged
ANY,2023-12-01,unchanged
ANY,2023-12-04,unchanged
ANY,2023-12-05,unchanged
ANY,2023-12-20,unchanged
ANY,2023-12-27,unchanged
ANY,2024-05-20,unchanged
ANY,2024-11-11,unchanged
AOSL,2020-08-12,unchanged
AOSL,2024-11-21,unchanged
AP,2020-03-12,unchanged
AP,2020-04-02,unchanged
AP,2024-07-10,unchanged
APA,2020-03-24,unchanged
APA,2020-04-02,unchanged
APA,2020-04-09,unchanged
APACU,2024-03-28,unchanged
APACU,2024-04-02,unchanged
APED,nan,unchanged
APEI,2020-08-11,unchanged
APEI,2023-11-08,unchanged
APEI,2024-03-06,unchanged
APEI,2024-05-08,unchanged
APEI,nan,unchanged
APGE,2024-03-05,unchanged
API,2021-02-01,unchanged
API,2022-03-16,unchanged
API,2024-10-02,unchanged
API,2024-11-08,unchanged
API,2024-11-27,unchanged
APLD,2022-03-28,unchanged
APLD,2022-03-29,unchanged
APLD,2022-05-20,unchanged
APLD,2022-07-19,unchanged
APLD,2022-07-20,unchanged
APLD,2023-05-16,unchanged
APLD,2024-09-05,unchanged
APLD,2024-09-09,unchanged
APLD,nan,unchanged
APLM,2023-04-11,unchanged
APLM,2023-04-25,unchanged
APLM,2023-05-01,unchanged
APLM,2023-06-01,unchanged
APLM,2023-06-02,unchanged
APLM,2023-10-27,unchanged
APLM,2023-11-16,unchanged
APLM,2024-05-29,unchanged
APLM,2024-07-17,unchanged
APLM,2024-08-13,unchanged
APLM,2024-11-18,unchanged
APLM,2024-12-02,unchanged
APLM,nan,unchanged
APLS,2020-01-07,unchanged
APLS,2023-08-23,unchanged
APLT,2020-01-08,unchanged
APLT,2021-02-01,unchanged
APLT,2022-03-24,unchanged
APLT,2022-11-30,unchanged
APLT,2023-04-24,unchanged
APLT,2023-04-27,unchanged
APLT,2023-09-06,unchanged
APLT,2023-09-26,unchanged
APLT,2024-02-15,unchanged
APLT,2024-02-16,unchanged
APLT,2024-02-28,unchanged
APLT,2024-09-18,unchanged
APLT,nan,unchanged
APM,2020-03-31,unchanged
APM,2020-06-09,unchanged
APM,2020-09-29,unchanged
APM,2021-01-20,unchanged
APM,2021-05-24,unchanged
APM,2022-01-20,unchanged
APM,2022-01-25,unchanged
APM,2022-11-03,unchanged
APM,2022-12-30,unchanged
APM,2023-04-14,unchanged
APM,2023-05-03,unchanged
APM,2023-08-25,unchanged
APM,2024-01-26,unchanged
APM,2024-03-06,unchanged
APM,2024-03-08,unchanged
APM,2024-03-14,unchanged
APM,2024-03-19,unchanged
APM,2024-12-31,unchanged
APM,nan,unchanged
APO,2020-03-25,unchanged
APOpA,2023-08-16,unchanged
APP,2022-05-12,unchanged
APP,2023-02-09,unchanged
APP,2023-08-10,unchanged
APP,2024-11-07,unchanged
APP,nan,unchanged
APPF,2020-03-17,unchanged
APPF,2024-01-26,unchanged
APPN,2020-11-25,unchanged
APPN,2022-05-10,unchanged
APPS,2020-06-03,unchanged
APPS,2020-08-06,unchanged
APPS,2021-02-04,unchanged
APPS,2022-11-10,unchanged
APPS,2024-08-08,unchanged
APPS,nan,unchanged
APPX,nan,unchanged
APRE,2021-06-16,unchanged
APRE,2022-07-08,unchanged
APRE,2022-09-13,unchanged
APRE,2023-01-05,unchanged
APRE,2023-07-18,unchanged
APRE,2023-12-29,unchanged
APRE,2024-10-16,unchanged
APRE,nan,unchanged
APTV,2020-03-19,unchanged
APVO,2021-11-23,unchanged
APVO,2024-03-07,unchanged
APVO,2024-05-01,unchanged
APVO,2024-05-02,unchanged
APVO,2024-07-01,unchanged
APVO,2024-07-17,unchanged
APVO,2024-10-21,unchanged
APVO,2024-10-22,unchanged
APVO,2024-10-29,unchanged
APVO,2024-11-20,unchanged
APVO,2024-12-12,unchanged
APVO,nan,unchanged
APWC,2020-06-17,unchanged
APWC,2020-06-30,unchanged
APWC,2020-09-24,unchanged
APWC,2020-09-25,unchanged
APWC,2020-10-06,unchanged
APWC,2020-11-13,unchanged
APWC,2021-01-12,unchanged
APWC,2021-01-22,unchanged
APWC,2022-03-08,unchanged
APWC,2022-08-03,unchanged
APXT,2020-11-27,unchanged
APXTU,2020-11-24,unchanged
APXTU,2020-11-27,unchanged
APXTU,2020-11-30,unchanged
APXTW,2020-06-03,unchanged
APXTW,2020-06-30,unchanged
APXTW,2020-09-17,unchanged
APXTW,2020-11-23,unchanged
APXTW,2020-11-27,unchanged
APXTW,2020-11-30,unchanged
APYX,2022-05-26,unchanged
APYX,2023-05-12,unchanged
APYX,2023-11-16,unchanged
APYX,2024-05-09,unchanged
APYX,nan,unchanged
AQB,2020-03-02,unchanged
AQB,2020-11-30,unchanged
AQB,2020-12-04,unchanged
AQB,2020-12-07,unchanged
AQB,2022-03-10,unchanged
AQB,2023-10-04,unchanged
AQB,2023-11-22,unchanged
AQB,2023-12-04,unchanged
AQB,2024-01-22,unchanged
AQB,2024-09-19,unchanged
AQB,nan,unchanged
AQMS,2020-10-06,unchanged
AQMS,2020-11-24,unchanged
AQMS,2020-12-18,unchanged
AQMS,2020-12-22,unchanged
AQMS,2020-12-28,unchanged
AQMS,2021-01-19,unchanged
AQMS,2021-02-17,unchanged
AQMS,2022-03-08,unchanged
AQMS,2022-06-16,unchanged
AQMS,2022-12-29,unchanged
AQMS,2023-06-29,unchanged
AQMS,2024-04-01,unchanged
AQMS,2024-11-21,unchanged
AQMS,2024-11-22,unchanged
AQMS,2024-11-25,unchanged
AQMS,2024-12-20,unchanged
AQMS,nan,unchanged
AQST,2020-04-08,unchanged
AQST,2022-08-09,unchanged
AR,2020-03-13,unchanged
AR,2020-04-08,unchanged
AR,2020-04-20,unchanged
ARAI,nan,unchanged
ARAY,2024-08-15,unchanged
ARBB,2023-07-14,unchanged
ARBB,2023-12-26,unchanged
ARBB,2024-02-06,unchanged
ARBB,2024-02-13,unchanged
ARBB,2024-04-19,unchanged
ARBB,2024-09-16,unchanged
ARBB,2024-10-25,unchanged
ARBB,2024-11-06,unchanged
ARBB,nan,unchanged
ARBE,2021-11-08,unchanged
ARBE,2023-02-21,unchanged
ARBE,2024-03-19,unchanged
ARBE,2024-03-21,unchanged
ARBE,nan,unchanged
ARBEW,2021-11-05,unchanged
ARBEW,2021-11-08,unchanged
ARBEW,2021-11-11,unchanged
ARBEW,2021-11-29,unchanged
ARBEW,2022-02-09,unchanged
ARBEW,2022-04-25,unchanged
ARBEW,nan,unchanged
ARBK,2022-10-25,unchanged
ARBK,2022-10-26,unchanged
ARBK,2022-12-30,unchanged
ARBK,2023-01-05,unchanged
ARBK,2023-01-12,unchanged
ARBK,2023-02-06,unchanged
ARBK,2023-06-21,unchanged
ARBK,2023-06-23,unchanged
ARBK,2023-07-12,unchanged
ARBK,2023-12-04,unchanged
ARBK,2023-12-22,unchanged
ARBK,2024-03-28,unchanged
ARBKL,2022-11-23,unchanged
ARBKL,2022-12-28,unchanged
ARBKL,2022-12-29,unchanged
ARBKL,2023-01-17,unchanged
ARBKL,nan,unchanged
ARCO,2020-03-24,unchanged
ARCT,2020-03-16,unchanged
ARCT,2020-04-27,unchanged
ARCT,2020-11-27,unchanged
ARCT,2021-01-07,unchanged
ARCT,2021-08-03,unchanged
ARCT,2021-08-10,unchanged
ARCT,2022-11-02,unchanged
ARCT,2023-03-29,unchanged
ARCT,2023-11-15,unchanged
ARCT,nan,unchanged
ARDX,2021-11-30,unchanged
ARDX,2021-12-01,unchanged
ARDX,2021-12-02,unchanged
ARDX,2022-04-25,unchanged
ARDX,2022-11-14,unchanged
ARDX,2022-11-17,unchanged
ARDX,2023-03-03,unchanged
ARDX,2024-01-08,unchanged
ARDX,2024-05-03,unchanged
ARDX,nan,unchanged
AREB,2023-06-27,unchanged
AREB,2023-09-07,unchanged
AREB,2024-01-25,unchanged
AREB,2024-02-26,unchanged
AREB,2024-06-21,unchanged
AREB,2024-07-15,unchanged
AREB,2024-07-17,unchanged
AREB,2024-09-30,unchanged
AREB,2024-10-29,unchanged
AREB,2024-11-06,unchanged
AREB,2024-12-20,unchanged
AREB,nan,unchanged
AREC,2020-07-06,unchanged
AREC,2020-07-24,unchanged
AREC,2020-10-07,unchanged
AREC,2020-11-24,unchanged
AREC,2021-02-02,unchanged
AREC,2021-02-03,unchanged
AREC,2021-02-05,unchanged
AREC,2021-03-17,unchanged
AREC,2021-10-04,unchanged
AREC,2023-11-15,unchanged
AREC,2024-06-14,unchanged
AREC,nan,unchanged
ARGX,2020-05-26,unchanged
ARGX,2023-07-17,unchanged
ARHS,2022-08-11,unchanged
ARHS,nan,unchanged
ARI,2020-03-25,unchanged
ARI,2020-03-26,unchanged
ARKOW,2021-02-02,unchanged
ARKOW,2024-01-31,unchanged
ARKOW,2024-08-16,unchanged
ARKR,2020-03-24,unchanged
ARKR,2020-04-14,unchanged
ARKR,2020-11-24,unchanged
ARL,2021-07-15,unchanged
ARLO,2020-02-25,unchanged
ARLO,2020-07-21,unchanged
ARLO,2020-07-29,unchanged
ARLO,2020-08-06,unchanged
ARLO,2020-12-01,unchanged
ARLO,2020-12-03,unchanged
ARLO,2022-03-02,unchanged
ARLO,2023-03-08,unchanged
ARLO,2023-05-12,unchanged
ARLP,2020-03-19,unchanged
ARLP,2020-06-08,unchanged
ARM,2024-02-08,unchanged
ARM,2024-02-12,unchanged
ARMG,nan,unchanged
ARMK,2020-03-19,unchanged
AROC,2020-03-19,unchanged
ARQ,2024-03-13,unchanged
ARQQ,2021-09-08,unchanged
ARQQ,2021-09-16,unchanged
ARQQ,2021-09-20,unchanged
ARQQ,2021-09-21,unchanged
ARQQ,2022-09-12,unchanged
ARQQ,2022-11-07,unchanged
ARQQ,2023-02-06,unchanged
ARQQ,2023-11-14,unchanged
ARQQ,2024-10-16,unchanged
ARQQ,2024-10-22,unchanged
ARQQ,2024-11-21,unchanged
ARQQ,2024-11-22,unchanged
ARQQ,2024-11-25,unchanged
ARQQ,2024-12-02,unchanged
ARQQ,2024-12-26,unchanged
ARQQ,nan,unchanged
ARQQW,2021-09-08,unchanged
ARQQW,2021-09-16,unchanged
ARQQW,2021-09-21,unchanged
ARQQW,2021-09-22,unchanged
ARQQW,2021-10-26,unchanged
ARQQW,2021-11-17,unchanged
ARQQW,2021-12-22,unchanged
ARQQW,2022-02-24,unchanged
ARQQW,2022-03-14,unchanged
ARQQW,2022-03-15,unchanged
ARQQW,2022-05-11,unchanged
ARQQW,2022-09-12,unchanged
ARQQW,2022-09-14,unchanged
ARQQW,2022-11-07,unchanged
ARQQW,2022-11-08,unchanged
ARQQW,2022-12-01,unchanged
ARQQW,2024-12-19,unchanged
ARQQW,2024-12-20,unchanged
ARQQW,2024-12-23,unchanged
ARQQW,2024-12-26,unchanged
ARQQW,2024-12-27,unchanged
ARQQW,nan,unchanged
ARQT,2020-03-19,unchanged
ARQT,2020-03-20,unchanged
ARQT,2020-06-19,unchanged
ARQT,2021-02-01,unchanged
ARQT,2023-12-18,unchanged
ARQT,nan,unchanged
ARR,2020-03-20,unchanged
ARR,2020-03-26,unchanged
ARR,2020-04-06,unchanged
ARRY,2022-07-28,unchanged
ARRY,2023-08-09,unchanged
ARRpC,2020-03-19,unchanged
ARRpC,2020-03-26,unchanged
ARTL,2020-02-03,unchanged
ARTL,2020-03-02,unchanged
ARTL,2020-03-20,unchanged
ARTL,2020-03-25,unchanged
ARTL,2020-04-14,unchanged
ARTL,2020-04-22,unchanged
ARTL,2020-05-04,unchanged
ARTL,2020-06-02,unchanged
ARTL,2020-07-02,unchanged
ARTL,2020-08-26,unchanged
ARTL,2020-09-08,unchanged
ARTL,2020-09-29,unchanged
ARTL,2020-10-01,unchanged
ARTL,2020-10-05,unchanged
ARTL,2021-02-02,unchanged
ARTL,2021-02-10,unchanged
ARTL,2021-02-12,unchanged
ARTL,2021-03-09,unchanged
ARTL,2021-03-10,unchanged
ARTL,2021-11-01,unchanged
ARTL,2022-04-13,unchanged
ARTL,2022-08-16,unchanged
ARTL,2023-09-06,unchanged
ARTL,nan,unchanged
ARTV,nan,unchanged
ARTW,2020-01-23,unchanged
ARTW,2020-02-04,unchanged
ARTW,2020-02-11,unchanged
ARTW,2020-04-13,unchanged
ARTW,2020-05-20,unchanged
ARTW,2020-06-12,unchanged
ARTW,2020-06-17,unchanged
ARTW,2020-09-18,unchanged
ARTW,2021-02-17,unchanged
ARTW,2024-12-26,unchanged
ARTW,2024-12-30,unchanged
ARVN,2020-12-14,unchanged
ARVN,2023-12-06,unchanged
ARWR,2020-03-19,unchanged
ARWR,2020-09-16,unchanged
ASAN,2022-09-08,unchanged
ASAN,2024-12-06,unchanged
ASLE,2020-12-28,unchanged
ASMB,2023-10-17,unchanged
ASMG,nan,unchanged
ASNS,2023-04-19,unchanged
ASNS,2023-05-02,unchanged
ASNS,2023-05-04,unchanged
ASNS,2023-05-09,unchanged
ASNS,2023-09-12,unchanged
ASNS,2023-10-17,unchanged
ASNS,2023-11-03,unchanged
ASNS,2024-05-23,unchanged
ASNS,2024-06-05,unchanged
ASNS,2024-06-18,unchanged
ASNS,2024-06-28,unchanged
ASNS,2024-08-20,unchanged
ASNS,2024-12-31,unchanged
ASNS,nan,unchanged
ASPCU,2024-11-08,unchanged
ASPI,2022-11-25,unchanged
ASPI,2023-07-28,unchanged
ASPI,2023-08-01,unchanged
ASPI,2024-10-30,unchanged
ASPI,nan,unchanged
ASPN,2020-10-01,unchanged
ASPN,2022-06-30,unchanged
ASPN,2024-05-02,unchanged
ASPN,2024-08-08,unchanged
ASPS,2021-05-05,unchanged
ASPS,2024-10-23,unchanged
ASPS,nan,unchanged
ASRT,2020-02-07,unchanged
ASRT,2020-05-11,unchanged
ASRT,2020-05-28,unchanged
ASRT,2021-01-21,unchanged
ASRT,2021-02-09,unchanged
ASRT,2021-11-05,unchanged
ASST,2023-02-13,unchanged
ASST,2023-02-27,unchanged
ASST,2023-03-03,unchanged
ASST,2023-04-21,unchanged
ASST,2023-06-12,unchanged
ASST,2023-06-21,unchanged
ASST,2023-10-11,unchanged
ASST,2023-11-07,unchanged
ASST,2023-11-27,unchanged
ASST,2023-11-28,unchanged
ASST,2023-12-20,unchanged
ASST,2023-12-21,unchanged
ASST,2023-12-22,unchanged
ASST,2023-12-28,unchanged
ASST,2024-02-01,unchanged
ASST,2024-02-02,unchanged
ASST,2024-03-21,unchanged
ASST,2024-06-05,unchanged
ASST,2024-08-26,unchanged
ASST,2024-08-28,unchanged
ASST,2024-09-03,unchanged
ASST,2024-09-04,unchanged
ASST,2024-12-09,unchanged
ASST,nan,unchanged
ASTC,2020-03-25,unchanged
ASTC,2020-03-27,unchanged
ASTC,2020-04-02,unchanged
ASTC,2020-04-09,unchanged
ASTC,2020-09-09,unchanged
ASTC,2020-10-21,unchanged
ASTC,2020-10-28,unchanged
ASTC,2021-04-07,unchanged
ASTC,nan,unchanged
ASTE,2020-08-05,unchanged
ASTH,nan,unchanged
ASTI,2023-09-12,unchanged
ASTI,2023-10-24,unchanged
ASTI,2024-02-26,unchanged
ASTI,2024-03-08,unchanged
ASTI,2024-05-16,unchanged
ASTI,2024-05-22,unchanged
ASTI,2024-05-23,unchanged
ASTI,2024-06-03,unchanged
ASTI,2024-06-21,unchanged
ASTI,2024-12-30,unchanged
ASTI,nan,unchanged
ASTLW,2022-06-15,unchanged
ASTLW,2022-11-18,unchanged
ASTLW,nan,unchanged
ASTS,2021-06-08,unchanged
ASTS,2021-06-30,unchanged
ASTS,2022-03-09,unchanged
ASTS,2022-08-11,unchanged
ASTS,2023-11-15,unchanged
ASTS,2024-05-16,unchanged
ASTS,2024-05-29,unchanged
ASTS,2024-08-15,unchanged
ASYS,2024-02-12,unchanged
ATAI,2024-04-03,unchanged
ATAI,nan,unchanged
ATAT,2022-11-17,unchanged
ATEC,2020-03-24,unchanged
ATEC,2020-10-08,unchanged
ATEC,2024-10-31,unchanged
ATEC,nan,unchanged
ATEN,2021-10-29,unchanged
ATER,2021-08-27,unchanged
ATER,2021-08-30,unchanged
ATER,2021-09-01,unchanged
ATER,2021-09-08,unchanged
ATER,2021-09-10,unchanged
ATER,2021-09-13,unchanged
ATER,2021-09-22,unchanged
ATER,2021-11-09,unchanged
ATER,2022-04-04,unchanged
ATER,2022-04-13,unchanged
ATER,2023-01-17,unchanged
ATER,2023-08-11,unchanged
ATER,2024-04-09,unchanged
ATER,2024-06-27,unchanged
ATER,nan,unchanged
ATEX,2020-12-21,unchanged
ATEX,nan,unchanged
ATGL,2023-11-03,unchanged
ATGL,2023-11-15,unchanged
ATGL,2023-11-16,unchanged
ATGL,2023-12-26,unchanged
ATGL,2024-01-05,unchanged
ATGL,2024-04-22,unchanged
ATGL,2024-04-23,unchanged
ATGL,2024-04-29,unchanged
ATGL,2024-05-07,unchanged
ATGL,2024-07-16,unchanged
ATGL,2024-09-16,unchanged
ATGL,2024-09-25,unchanged
ATGL,2024-09-26,unchanged
ATGL,2024-09-30,unchanged
ATGL,2024-10-04,unchanged
ATGL,2024-10-24,unchanged
ATGL,2024-10-28,unchanged
ATGL,2024-11-18,unchanged
ATGL,2024-12-13,unchanged
ATGL,2024-12-26,unchanged
ATGL,nan,unchanged
ATHA,2020-11-04,unchanged
ATHA,2024-07-09,unchanged
ATHA,2024-11-01,unchanged
ATHE,2020-03-11,unchanged
ATHE,2020-03-23,unchanged
ATHE,2020-03-26,unchanged
ATHE,2020-04-22,unchanged
ATHE,2020-05-21,unchanged
ATHE,2020-06-30,unchanged
ATHE,2020-07-01,unchanged
ATHE,2020-08-04,unchanged
ATHE,2020-11-16,unchanged
ATHE,2021-02-02,unchanged
ATHE,2021-07-01,unchanged
ATHE,2021-07-08,unchanged
ATHE,2021-08-04,unchanged
ATHE,2022-01-06,unchanged
ATHE,2023-12-04,unchanged
ATHE,2024-11-29,unchanged
ATHE,2024-12-04,unchanged
ATHE,nan,unchanged
ATHR,nan,unchanged
ATHpA,2020-03-25,unchanged
ATHpB,2020-03-19,unchanged
ATHpB,2020-03-24,unchanged
ATI,2020-03-25,unchanged
ATKR,2020-03-19,unchanged
ATLC,2020-03-24,unchanged
ATLC,2020-03-25,unchanged
ATLN,2024-06-24,unchanged
ATLN,2024-06-26,unchanged
ATLN,2024-07-17,unchanged
ATLN,nan,unchanged
ATLX,2022-11-08,unchanged
ATLX,2023-01-18,unchanged
ATLX,2023-02-21,unchanged
ATLX,2023-02-23,unchanged
ATLX,2023-04-24,unchanged
ATLX,2023-05-05,unchanged
ATLX,2023-05-16,unchanged
ATLX,2024-10-28,unchanged
ATLX,nan,unchanged
ATMV,nan,unchanged
ATMVU,nan,unchanged
ATNI,2020-03-19,unchanged
ATNI,2024-02-23,unchanged
ATOM,2020-02-10,unchanged
ATOM,2020-02-11,unchanged
ATOM,2021-01-05,unchanged
ATOM,2023-04-27,unchanged
ATOM,nan,unchanged
ATON,nan,unchanged
ATOS,2020-03-30,unchanged
ATOS,2020-04-06,unchanged
ATOS,2020-04-16,unchanged
ATOS,2020-05-20,unchanged
ATOS,2020-06-05,unchanged
ATOS,2020-06-22,unchanged
ATOS,2020-07-15,unchanged
ATOS,2020-08-03,unchanged
ATOS,2021-01-21,unchanged
ATOS,2021-01-25,unchanged
ATOS,2021-02-02,unchanged
ATOS,2021-02-04,unchanged
ATOS,2021-06-07,unchanged
ATOS,2021-06-22,unchanged
ATPC,2023-10-13,unchanged
ATPC,2023-11-02,unchanged
ATPC,2024-01-30,unchanged
ATPC,2024-06-03,unchanged
ATPC,2024-07-23,unchanged
ATPC,2024-07-30,unchanged
ATPC,2024-08-01,unchanged
ATPC,2024-08-06,unchanged
ATPC,2024-08-30,unchanged
ATPC,2024-09-13,unchanged
ATPC,2024-09-16,unchanged
ATPC,2024-12-20,unchanged
ATPC,nan,unchanged
ATRA,2020-05-20,unchanged
ATRA,2022-08-09,unchanged
ATRA,2023-11-14,unchanged
ATRA,2023-11-16,unchanged
ATRA,2024-02-01,unchanged
ATRA,2024-02-02,unchanged
ATRA,2024-09-04,unchanged
ATRA,nan,unchanged
ATRO,2020-11-09,unchanged
ATRO,2023-01-20,unchanged
ATXG,2022-09-14,unchanged
ATXG,2022-09-15,unchanged
ATXG,2022-10-06,unchanged
ATXG,2022-11-23,unchanged
ATXG,2023-01-05,unchanged
ATXG,2023-04-28,unchanged
ATXG,2023-05-01,unchanged
ATXG,2023-05-02,unchanged
ATXG,2023-06-30,unchanged
ATXG,2023-08-22,unchanged
ATXG,2023-09-05,unchanged
ATXG,2023-11-24,unchanged
ATXG,2024-03-20,unchanged
ATXG,nan,unchanged
ATXS,2022-01-31,unchanged
ATXS,nan,unchanged
ATYR,nan,unchanged
AU,2020-03-16,unchanged
AUBN,2020-03-19,unchanged
AUDC,2023-11-02,unchanged
AUID,2021-12-17,unchanged
AUID,2022-03-21,unchanged
AUID,2022-06-30,unchanged
AUID,2022-12-16,unchanged
AUID,2023-01-30,unchanged
AUID,2023-02-27,unchanged
AUID,2023-03-09,unchanged
AUID,2023-03-20,unchanged
AUID,2023-03-21,unchanged
AUID,2023-05-23,unchanged
AUID,2024-12-20,unchanged
AUID,nan,unchanged
AUPH,2021-01-25,unchanged
AUPH,2023-01-03,unchanged
AUR,2021-11-19,unchanged
AUR,2022-09-02,unchanged
AUR,nan,unchanged
AURA,2021-11-02,unchanged
AURA,2022-08-17,unchanged
AUROW,2021-11-18,unchanged
AUROW,2021-11-19,unchanged
AUROW,2022-01-26,unchanged
AUROW,2022-02-04,unchanged
AUROW,2022-02-11,unchanged
AUROW,2022-04-11,unchanged
AUROW,2022-09-02,unchanged
AUROW,2024-11-18,unchanged
AUROW,2024-12-06,unchanged
AUROW,nan,unchanged
AUTL,2021-05-12,unchanged
AUTL,2021-11-08,unchanged
AUTL,2022-10-04,unchanged
AUUD,2021-06-22,unchanged
AUUD,2021-06-23,unchanged
AUUD,2021-06-25,unchanged
AUUD,2021-06-28,unchanged
AUUD,2021-06-29,unchanged
AUUD,2021-07-01,unchanged
AUUD,2021-08-16,unchanged
AUUD,2021-09-29,unchanged
AUUD,2021-10-28,unchanged
AUUD,2022-07-15,unchanged
AUUD,2023-04-13,unchanged
AUUD,2023-04-18,unchanged
AUUD,2023-06-12,unchanged
AUUD,2023-09-28,unchanged
AUUD,2024-02-05,unchanged
AUUD,2024-02-15,unchanged
AUUD,2024-04-08,unchanged
AUUD,2024-04-16,unchanged
AUUD,2024-08-20,unchanged
AUUD,2024-09-03,unchanged
AUUD,nan,unchanged
AUUDW,2021-02-24,unchanged
AUUDW,2021-06-23,unchanged
AUUDW,2021-06-25,unchanged
AUUDW,2021-06-28,unchanged
AUUDW,2021-06-29,unchanged
AUUDW,2021-07-01,unchanged
AUUDW,2022-01-06,unchanged
AVAH,2022-10-17,unchanged
AVAH,2023-01-13,unchanged
AVAH,2023-03-08,unchanged
AVAH,2023-06-23,unchanged
AVAH,2024-08-08,unchanged
AVAH,nan,unchanged
AVAV,2021-01-14,unchanged
AVAV,2023-09-06,unchanged
AVAV,2024-03-05,unchanged
AVD,2024-03-15,unchanged
AVDL,2020-02-21,unchanged
AVDL,2020-03-19,unchanged
AVDL,2020-04-27,unchanged
AVDL,2022-04-26,unchanged
AVDL,2022-05-27,unchanged
AVDL,2022-07-05,unchanged
AVDL,2022-10-05,unchanged
AVDL,2022-11-11,unchanged
AVGG,nan,unchanged
AVGU,nan,unchanged
AVGX,2024-12-13,unchanged
AVGX,nan,unchanged
AVIR,2021-01-29,unchanged
AVIR,2021-10-01,unchanged
AVIR,2023-05-22,unchanged
AVL,2024-12-13,unchanged
AVL,nan,unchanged
AVNW,2020-05-13,unchanged
AVNW,2021-02-04,unchanged
AVNW,2024-10-07,unchanged
AVNW,nan,unchanged
AVR,nan,unchanged
AVTR,2020-03-19,unchanged
AVTX,2022-08-09,unchanged
AVTX,2023-09-12,unchanged
AVTX,2023-09-13,unchanged
AVTX,2023-09-14,unchanged
AVTX,2023-09-22,unchanged
AVTX,2023-09-25,unchanged
AVTX,2023-09-26,unchanged
AVTX,2023-10-11,unchanged
AVTX,2023-12-13,unchanged
AVTX,2023-12-14,unchanged
AVTX,2023-12-21,unchanged
AVTX,2024-03-28,unchanged
AVTX,nan,unchanged
AVXL,2021-02-03,unchanged
AVXL,2021-02-04,unchanged
AVXL,2021-06-14,unchanged
AVXL,2022-12-02,unchanged
AVXL,2024-12-23,unchanged
AVXL,2024-12-26,unchanged
AWRE,2023-11-02,unchanged
AXGN,2020-07-01,unchanged
AXGN,2022-05-05,unchanged
AXGN,2023-11-07,unchanged
AXGN,2024-08-08,unchanged
AXL,2020-03-24,unchanged
AXL,2020-05-08,unchanged
AXON,2024-11-08,unchanged
AXSM,2020-03-20,unchanged
AXSM,2020-04-27,unchanged
AXSM,2022-06-27,unchanged
AXSM,2022-08-19,unchanged
AXSM,2022-11-28,unchanged
AXTI,2021-02-19,unchanged
AXTI,2024-02-23,unchanged
AXTI,2024-05-03,unchanged
AXTI,nan,unchanged
AYTU,2020-03-10,unchanged
AYTU,2020-03-12,unchanged
AYTU,2020-03-16,unchanged
AYTU,2020-03-23,unchanged
AYTU,2020-04-27,unchanged
AYTU,2020-12-10,unchanged
AYTU,2022-06-30,unchanged
AYTU,2023-09-28,unchanged
AYTU,nan,unchanged
AZ,2022-05-13,unchanged
AZ,2022-10-13,unchanged
AZ,2024-03-27,unchanged
AZ,2024-07-09,unchanged
AZ,2024-07-12,unchanged
AZ,2024-10-10,unchanged
AZI,2024-08-29,unchanged
AZI,2024-09-30,unchanged
AZI,2024-11-01,unchanged
AZI,2024-11-04,unchanged
AZI,2024-11-08,unchanged
AZI,2024-11-18,unchanged
AZI,2024-12-09,unchanged
AZI,nan,unchanged
AZTA,2022-11-15,unchanged
BA,2020-03-25,unchanged
BABA,2022-03-16,unchanged
BACQR,nan,unchanged
BAER,2023-02-24,unchanged
BAER,2023-03-14,unchanged
BAER,2023-05-19,unchanged
BAER,2023-06-07,unchanged
BAER,2023-10-24,unchanged
BAER,2024-09-09,unchanged
BAER,2024-10-18,unchanged
BAER,nan,unchanged
BAIG,nan,unchanged
BAK,2020-03-25,unchanged
BAK,2020-03-26,unchanged
BAK,2023-05-05,unchanged
BALY,2020-11-20,unchanged
BALY,nan,unchanged
BAND,2022-11-02,unchanged
BAND,2024-02-28,unchanged
BANFP,2023-01-04,unchanged
BANL,2023-03-27,unchanged
BANL,2023-03-28,unchanged
BANL,2023-03-29,unchanged
BANL,2023-04-13,unchanged
BANL,2023-04-21,unchanged
BANL,2024-01-16,unchanged
BANL,2024-07-17,unchanged
BANL,2024-08-26,unchanged
BANX,2020-03-19,unchanged
BANX,2020-03-24,unchanged
BAOS,2021-03-15,unchanged
BAOS,2021-06-11,unchanged
BAOS,2021-06-29,unchanged
BAOS,2021-07-12,unchanged
BAOS,2021-07-13,unchanged
BAOS,2021-08-05,unchanged
BAOS,2021-11-02,unchanged
BAOS,2022-01-07,unchanged
BAOS,2022-02-28,unchanged
BAOS,2022-03-18,unchanged
BAOS,2022-03-29,unchanged
BAOS,2022-04-19,unchanged
BAOS,2022-04-20,unchanged
BAOS,2022-05-05,unchanged
BAOS,2022-05-10,unchanged
BAOS,2022-06-23,unchanged
BAOS,2022-07-22,unchanged
BAOS,2022-08-04,unchanged
BAOS,2023-03-22,unchanged
BAOS,2023-03-23,unchanged
BAOS,2023-03-28,unchanged
BAOS,2023-04-28,unchanged
BAOS,2023-05-01,unchanged
BAOS,2023-05-02,unchanged
BAOS,2023-05-05,unchanged
BAOS,2023-05-15,unchanged
BAOS,2023-06-08,unchanged
BAOS,2023-06-28,unchanged
BAOS,2023-08-16,unchanged
BAOS,2023-12-26,unchanged
BAOS,2024-02-08,unchanged
BAOS,2024-02-14,unchanged
BAOS,2024-07-12,unchanged
BAOS,2024-09-23,unchanged
BAOS,2024-12-06,unchanged
BAOS,2024-12-24,unchanged
BAOS,2024-12-27,unchanged
BAOS,2024-12-30,unchanged
BAOS,nan,unchanged
BARK,2022-01-11,unchanged
BARK,2024-01-09,unchanged
BARK.WS,2021-06-09,unchanged
BB,2020-12-01,unchanged
BB,2021-01-25,unchanged
BB,2021-01-27,unchanged
BB,2021-06-02,unchanged
BB,2021-06-03,unchanged
BBAI,2022-04-06,unchanged
BBAI,2022-08-05,unchanged
BBAI,2022-09-29,unchanged
BBAI,2022-10-27,unchanged
BBAI,2023-01-12,unchanged
BBAI,2023-01-30,unchanged
BBAI,2023-02-03,unchanged
BBAI,2023-02-06,unchanged
BBAI,2023-03-21,unchanged
BBAI,2023-04-03,unchanged
BBAI,2024-02-27,unchanged
BBAI,2024-03-04,unchanged
BBAI,2024-08-21,unchanged
BBAI,2024-12-03,unchanged
BBAI,2024-12-09,unchanged
BBAI,nan,unchanged
BBAI.WS,2022-02-25,unchanged
BBAI.WS,2022-04-05,unchanged
BBAI.WS,2022-04-06,unchanged
BBAI.WS,2024-03-04,unchanged
BBAI.WS,2024-12-09,unchanged
BBAI.WS,2024-12-30,unchanged
BBAI.WS,nan,unchanged
BBAR,nan,unchanged
BBBY,2020-04-27,unchanged
BBBY,2020-10-01,unchanged
BBBY,2021-01-25,unchanged
BBBY,2021-01-27,unchanged
BBBY,2021-06-02,unchanged
BBBY,2021-06-30,unchanged
BBBY,2021-11-03,unchanged
BBBY,2022-03-07,unchanged
BBBY,2022-07-07,unchanged
BBBY,2022-08-05,unchanged
BBBY,2022-08-08,unchanged
BBBY,2022-08-15,unchanged
BBBY,2022-08-16,unchanged
BBBY,2022-08-17,unchanged
BBBY,2022-08-24,unchanged
BBBY,2022-08-29,unchanged
BBBY,2023-01-09,unchanged
BBBY,2023-01-10,unchanged
BBBY,2023-01-11,unchanged
BBBY,2023-01-12,unchanged
BBBY,2023-02-06,unchanged
BBBY,nan,unchanged
BBCP,2020-04-23,unchanged
BBCP,2020-06-26,unchanged
BBDO,2020-03-24,unchanged
BBGI,2020-06-16,unchanged
BBGI,2020-06-19,unchanged
BBGI,2020-11-03,unchanged
BBGI,2024-08-05,unchanged
BBIO,2020-03-19,unchanged
BBIO,2020-03-20,unchanged
BBIO,2023-03-06,unchanged
BBIO,2023-07-17,unchanged
BBIO,2024-11-25,unchanged
BBLG,2021-11-15,unchanged
BBLG,2021-11-16,unchanged
BBLG,2022-01-10,unchanged
BBLG,2022-03-21,unchanged
BBLG,2022-09-01,unchanged
BBLG,2022-12-12,unchanged
BBLG,2023-04-11,unchanged
BBLG,2023-05-10,unchanged
BBLG,2023-05-16,unchanged
BBLG,2023-06-21,unchanged
BBLG,2023-08-17,unchanged
BBLG,2023-08-25,unchanged
BBLG,2023-11-16,unchanged
BBLG,2023-12-27,unchanged
BBLG,2023-12-28,unchanged
BBLG,2024-01-03,unchanged
BBLG,2024-01-22,unchanged
BBLG,2024-02-09,unchanged
BBLG,2024-02-22,unchanged
BBLG,2024-05-15,unchanged
BBLG,2024-07-23,unchanged
BBLG,2024-07-24,unchanged
BBLG,2024-07-31,unchanged
BBLG,2024-08-01,unchanged
BBLG,2024-09-16,unchanged
BBLG,2024-09-18,unchanged
BBLG,2024-09-20,unchanged
BBLG,2024-10-03,unchanged
BBLG,2024-10-16,unchanged
BBLG,2024-11-25,unchanged
BBLG,nan,unchanged
BBLGW,2021-11-02,unchanged
BBLGW,2021-11-15,unchanged
BBLGW,2021-11-16,unchanged
BBLGW,2021-12-02,unchanged
BBLGW,2022-01-10,unchanged
BBLGW,2022-03-09,unchanged
BBLGW,2022-03-21,unchanged
BBLGW,2023-06-21,unchanged
BBLGW,2023-06-22,unchanged
BBLGW,2023-06-23,unchanged
BBLGW,2023-07-07,unchanged
BBLGW,2023-08-21,unchanged
BBLGW,2023-08-28,unchanged
BBLGW,2023-09-11,unchanged
BBLGW,2023-09-15,unchanged
BBLGW,2023-09-20,unchanged
BBLGW,2023-09-25,unchanged
BBLGW,2023-09-28,unchanged
BBLGW,2023-10-31,unchanged
BBLGW,2023-11-07,unchanged
BBLGW,2023-11-08,unchanged
BBLGW,2023-12-18,unchanged
BBLGW,2023-12-19,unchanged
BBLGW,2023-12-21,unchanged
BBLGW,2023-12-28,unchanged
BBLGW,2024-01-05,unchanged
BBLGW,2024-01-09,unchanged
BBLGW,2024-01-16,unchanged
BBLGW,2024-01-31,unchanged
BBLGW,2024-02-26,unchanged
BBLGW,2024-03-04,unchanged
BBLGW,2024-04-09,unchanged
BBLGW,2024-05-15,unchanged
BBLGW,2024-12-31,unchanged
BBLGW,nan,unchanged
BBW,2020-04-20,unchanged
BBW,2020-10-30,unchanged
BBW,2021-01-27,unchanged
BBW,2021-01-29,unchanged
BBW,2021-05-26,unchanged
BBW,2021-12-01,unchanged
BCAB,2020-12-17,unchanged
BCAB,2022-08-10,unchanged
BCAB,2022-08-11,unchanged
BCAB,2022-08-16,unchanged
BCAB,2022-11-04,unchanged
BCAB,2023-12-27,unchanged
BCAB,2024-05-01,unchanged
BCAB,2024-10-01,unchanged
BCAB,2024-10-02,unchanged
BCAB,2024-11-22,unchanged
BCAX,nan,unchanged
BCDA,2020-01-13,unchanged
BCDA,2020-04-28,unchanged
BCDA,2020-06-24,unchanged
BCDA,2020-12-10,unchanged
BCDA,2020-12-14,unchanged
BCDA,2020-12-15,unchanged
BCDA,2022-01-31,unchanged
BCDA,2022-02-03,unchanged
BCDA,2022-04-12,unchanged
BCDA,2023-10-11,unchanged
BCDA,2023-11-14,unchanged
BCDA,2024-08-29,unchanged
BCDA,nan,unchanged
BCG,2024-03-28,unchanged
BCG,2024-04-08,unchanged
BCG,2024-05-22,unchanged
BCG,2024-05-23,unchanged
BCG,2024-08-13,unchanged
BCG,2024-08-14,unchanged
BCG,2024-11-11,unchanged
BCG,2024-11-12,unchanged
BCG,2024-12-06,unchanged
BCG,2024-12-26,unchanged
BCG,nan,unchanged
BCML,2020-03-19,unchanged
BCO,2020-07-29,unchanged
BCRX,2020-03-19,unchanged
BCRX,2020-04-13,unchanged
BCRX,2021-02-01,unchanged
BCSF,2020-03-24,unchanged
BCSF,2020-03-26,unchanged
BCTX,2021-06-02,unchanged
BCTX,2021-07-09,unchanged
BCTX,2024-09-11,unchanged
BCTX,2024-09-27,unchanged
BCTX,2024-09-30,unchanged
BCTX,2024-11-21,unchanged
BCTX,2024-12-09,unchanged
BCTX,nan,unchanged
BCTXW,2021-03-01,unchanged
BCTXW,2021-04-07,unchanged
BCTXW,2021-05-05,unchanged
BCTXW,2021-06-02,unchanged
BCTXW,2021-06-03,unchanged
BCTXW,2021-06-16,unchanged
BCTXW,2021-06-28,unchanged
BCTXW,2021-09-22,unchanged
BCTXW,2021-09-23,unchanged
BCTXW,2021-09-24,unchanged
BCTXW,2021-12-01,unchanged
BCTXW,2023-11-03,unchanged
BCTXW,2023-11-24,unchanged
BCTXW,2023-12-20,unchanged
BCTXW,2023-12-27,unchanged
BCTXW,2024-02-06,unchanged
BCTXW,2024-02-14,unchanged
BCYC,2021-01-14,unchanged
BCYC,2022-04-08,unchanged
BCYC,2024-09-09,unchanged
BDMD,2024-11-26,unchanged
BDMD,2024-12-19,unchanged
BDMD,2024-12-23,unchanged
BDMD,2024-12-31,unchanged
BDMD,nan,unchanged
BDRX,2023-06-16,unchanged
BDRX,2023-07-11,unchanged
BDRX,2023-07-14,unchanged
BDRX,2023-07-19,unchanged
BDRX,2023-07-21,unchanged
BDRX,2023-07-24,unchanged
BDRX,2023-08-04,unchanged
BDRX,2023-08-08,unchanged
BDRX,2023-08-31,unchanged
BDRX,2023-09-07,unchanged
BDRX,2023-11-07,unchanged
BDRX,2023-11-27,unchanged
BDRX,2024-02-06,unchanged
BDRX,2024-02-07,unchanged
BDRX,2024-02-13,unchanged
BDRX,2024-03-28,unchanged
BDRX,2024-04-26,unchanged
BDRX,2024-05-21,unchanged
BDRX,2024-07-11,unchanged
BDRX,2024-10-16,unchanged
BDRX,2024-11-21,unchanged
BDRX,nan,unchanged
BDSX,2022-01-31,unchanged
BDSX,2022-04-12,unchanged
BDSX,2022-06-07,unchanged
BDSX,2022-09-09,unchanged
BDSX,2022-10-04,unchanged
BDSX,2022-11-30,unchanged
BDSX,nan,unchanged
BDTX,2020-03-20,unchanged
BDTX,2022-12-28,unchanged
BDTX,2023-03-09,unchanged
BDTX,2023-03-13,unchanged
BDTX,2023-06-27,unchanged
BDTX,nan,unchanged
BE,2020-03-19,unchanged
BE,2020-03-24,unchanged
BE,2020-06-30,unchanged
BE,2020-07-15,unchanged
BE,2021-10-25,unchanged
BE,2024-11-15,unchanged
BE,nan,unchanged
BEAM,2020-03-20,unchanged
BEAM,2024-02-27,unchanged
BEAT,2021-12-01,unchanged
BEAT,2022-04-20,unchanged
BEAT,2022-09-15,unchanged
BEAT,2022-09-22,unchanged
BEAT,2022-09-26,unchanged
BEAT,2022-09-28,unchanged
BEAT,2022-09-29,unchanged
BEAT,2022-10-03,unchanged
BEAT,2022-10-06,unchanged
BEAT,2023-05-30,unchanged
BEAT,2023-12-21,unchanged
BEAT,2023-12-22,unchanged
BEAT,2024-03-07,unchanged
BEAT,2024-07-02,unchanged
BEAT,nan,unchanged
BEATW,2021-11-12,unchanged
BEATW,2021-12-20,unchanged
BEATW,2022-10-03,unchanged
BEATW,2022-10-06,unchanged
BEATW,2022-10-11,unchanged
BEATW,2022-12-13,unchanged
BEATW,2023-02-15,unchanged
BEATW,2024-05-30,unchanged
BEDU,2021-09-08,unchanged
BEDU,2022-07-20,unchanged
BEDU,2023-12-13,unchanged
BEDU,2024-02-06,unchanged
BEDU,2024-02-29,unchanged
BEDU,2024-07-31,unchanged
BEEM,2020-11-23,unchanged
BEEM,nan,unchanged
BEEP,2023-12-06,unchanged
BEEP,2023-12-12,unchanged
BEEP,nan,unchanged
BEKE,2022-03-16,unchanged
BELFA,2020-05-22,unchanged
BELFA,2020-10-30,unchanged
BELFA,2021-04-30,unchanged
BELFB,2020-05-01,unchanged
BELFB,2020-06-05,unchanged
BELFB,2021-04-30,unchanged
BENF,2023-06-28,unchanged
BENF,2023-08-10,unchanged
BENF,2023-08-30,unchanged
BENF,2024-03-07,unchanged
BENF,2024-04-08,unchanged
BENF,2024-04-12,unchanged
BENF,2024-04-22,unchanged
BENF,2024-05-03,unchanged
BENF,2024-05-06,unchanged
BENF,2024-06-11,unchanged
BENF,2024-07-05,unchanged
BENF,2024-09-06,unchanged
BENF,2024-10-04,unchanged
BENF,2024-11-15,unchanged
BENF,nan,unchanged
BETR,nan,unchanged
BETRW,nan,unchanged
BFLY,2022-08-11,unchanged
BFLY,2023-04-04,unchanged
BFLY,2024-01-08,unchanged
BFLY,2024-02-26,unchanged
BFLY,2024-09-04,unchanged
BFLY,nan,unchanged
BFLY.WS,2021-02-17,unchanged
BFLY.WS,2021-08-09,unchanged
BFLY.WS,2021-11-16,unchanged
BFLY.WS,2022-01-11,unchanged
BFLY.WS,2022-03-24,unchanged
BFLY.WS,2022-08-11,unchanged
BFRG,2023-02-28,unchanged
BFRG,2023-03-03,unchanged
BFRG,2023-04-03,unchanged
BFRG,2023-04-04,unchanged
BFRG,2023-04-12,unchanged
BFRG,2023-04-14,unchanged
BFRG,2023-04-20,unchanged
BFRG,2023-07-25,unchanged
BFRG,2023-09-26,unchanged
BFRG,2024-01-17,unchanged
BFRG,2024-01-19,unchanged
BFRG,2024-01-22,unchanged
BFRG,2024-07-11,unchanged
BFRG,2024-07-25,unchanged
BFRG,2024-09-23,unchanged
BFRG,nan,unchanged
BFRGW,2023-03-10,unchanged
BFRGW,2023-04-04,unchanged
BFRGW,2023-04-12,unchanged
BFRGW,2023-04-13,unchanged
BFRGW,2023-04-14,unchanged
BFRGW,2023-04-20,unchanged
BFRGW,2024-01-22,unchanged
BFRGW,2024-01-23,unchanged
BFRGW,2024-02-22,unchanged
BFRGW,2024-03-15,unchanged
BFRGW,nan,unchanged
BFRI,2021-11-24,unchanged
BFRI,2021-11-26,unchanged
BFRI,2021-11-29,unchanged
BFRI,2021-12-02,unchanged
BFRI,2021-12-08,unchanged
BFRI,2021-12-10,unchanged
BFRI,2021-12-13,unchanged
BFRI,2021-12-15,unchanged
BFRI,2021-12-21,unchanged
BFRI,2021-12-23,unchanged
BFRI,2022-02-01,unchanged
BFRI,2022-04-07,unchanged
BFRI,2022-04-08,unchanged
BFRI,2022-04-13,unchanged
BFRI,2023-06-20,unchanged
BFRI,2023-07-20,unchanged
BFRI,2023-10-19,unchanged
BFRI,2024-01-04,unchanged
BFRI,2024-02-20,unchanged
BFRI,2024-03-07,unchanged
BFRI,2024-03-28,unchanged
BFRI,2024-04-01,unchanged
BFRI,2024-10-31,unchanged
BFRI,nan,unchanged
BFRIW,2021-11-04,unchanged
BFRIW,2021-11-24,unchanged
BFRIW,2021-11-26,unchanged
BFRIW,2021-11-29,unchanged
BFRIW,2021-12-02,unchanged
BFRIW,2021-12-08,unchanged
BFRIW,2021-12-10,unchanged
BFRIW,2021-12-13,unchanged
BFRIW,2021-12-14,unchanged
BFRIW,2021-12-15,unchanged
BFRIW,2021-12-17,unchanged
BFRIW,2021-12-20,unchanged
BFRIW,2021-12-21,unchanged
BFRIW,2021-12-23,unchanged
BFRIW,2022-01-10,unchanged
BFRIW,2022-02-01,unchanged
BFRIW,2022-02-24,unchanged
BFRIW,2022-04-08,unchanged
BFRIW,2022-04-13,unchanged
BFRIW,2022-05-12,unchanged
BFRIW,2022-05-24,unchanged
BFRIW,2022-07-20,unchanged
BFRIW,2022-07-25,unchanged
BFST,2020-03-26,unchanged
BFST,2023-07-28,unchanged
BFSpE,2020-03-26,unchanged
BGL,nan,unchanged
BGLC,2023-07-12,unchanged
BGLC,2023-07-13,unchanged
BGLC,2023-07-21,unchanged
BGLC,2023-07-28,unchanged
BGLC,2023-08-09,unchanged
BGLC,2023-08-17,unchanged
BGLC,2023-08-21,unchanged
BGLC,2023-08-22,unchanged
BGLC,2023-08-23,unchanged
BGLC,2023-08-28,unchanged
BGLC,2023-09-19,unchanged
BGLC,2023-11-24,unchanged
BGLC,2023-11-29,unchanged
BGLC,2023-11-30,unchanged
BGLC,2023-12-07,unchanged
BGLC,2024-02-13,unchanged
BGLC,2024-03-01,unchanged
BGLC,2024-03-04,unchanged
BGLC,2024-04-18,unchanged
BGLC,2024-06-04,unchanged
BGLC,2024-06-06,unchanged
BGLC,2024-07-24,unchanged
BGLC,2024-09-11,unchanged
BGLC,2024-09-12,unchanged
BGLC,2024-12-02,unchanged
BGLC,nan,unchanged
BGM,2024-11-29,unchanged
BGM,2024-12-02,unchanged
BGM,nan,unchanged
BGMSP,nan,unchanged
BGS,2021-01-25,unchanged
BGS,2023-03-01,unchanged
BGSF,nan,unchanged
BHAT,2020-02-20,unchanged
BHAT,2020-03-05,unchanged
BHAT,2020-05-01,unchanged
BHAT,2020-05-28,unchanged
BHAT,2020-06-11,unchanged
BHAT,2020-06-16,unchanged
BHAT,2021-01-29,unchanged
BHAT,2021-03-12,unchanged
BHAT,2021-10-27,unchanged
BHAT,2021-12-06,unchanged
BHAT,2022-01-19,unchanged
BHAT,2022-06-22,unchanged
BHAT,2022-06-23,unchanged
BHAT,2022-06-24,unchanged
BHAT,2022-06-29,unchanged
BHAT,2022-07-12,unchanged
BHAT,2023-01-31,unchanged
BHAT,2023-02-01,unchanged
BHAT,2023-04-28,unchanged
BHAT,2023-05-01,unchanged
BHAT,2023-10-23,unchanged
BHAT,2023-10-25,unchanged
BHAT,2024-08-14,unchanged
BHAT,2024-09-27,unchanged
BHAT,2024-10-02,unchanged
BHAT,2024-10-29,unchanged
BHAT,2024-12-31,unchanged
BHAT,nan,unchanged
BHC,2023-05-17,unchanged
BHF,2020-03-24,unchanged
BHF,nan,unchanged
BHFAP,2020-03-24,unchanged
BHR,2020-03-19,unchanged
BHR,2020-03-25,unchanged
BHR,2020-03-26,unchanged
BHR,2020-04-02,unchanged
BHR,2020-04-06,unchanged
BHR,2020-04-07,unchanged
BHR,2020-04-09,unchanged
BHR,2020-11-09,unchanged
BHR,nan,unchanged
BHRpB,2020-03-19,unchanged
BHRpB,2020-04-09,unchanged
BHRpB,2020-05-26,unchanged
BHRpD,2020-03-13,unchanged
BHRpD,2020-03-20,unchanged
BHRpD,2020-03-24,unchanged
BHRpD,2020-03-25,unchanged
BHST,nan,unchanged
BHVN,2022-05-10,unchanged
BHVN,2022-10-05,unchanged
BHVN,2023-09-27,unchanged
BIAF,2022-09-02,unchanged
BIAF,2022-09-07,unchanged
BIAF,2022-09-14,unchanged
BIAF,2022-09-28,unchanged
BIAF,2023-01-24,unchanged
BIAF,2023-01-26,unchanged
BIAF,2024-02-23,unchanged
BIAF,2024-03-05,unchanged
BIAF,2024-03-11,unchanged
BIAF,2024-04-04,unchanged
BIAF,2024-05-16,unchanged
BIAF,2024-08-06,unchanged
BIAF,2024-09-11,unchanged
BIAF,nan,unchanged
BIAFW,2022-09-02,unchanged
BIAFW,2022-09-07,unchanged
BIAFW,2022-09-14,unchanged
BIAFW,2022-12-05,unchanged
BIAFW,2024-08-12,unchanged
BIAFW,2024-08-14,unchanged
BIAFW,2024-08-19,unchanged
BIAFW,2024-08-21,unchanged
BIAFW,2024-08-23,unchanged
BIAFW,2024-08-26,unchanged
BIAFW,2024-08-27,unchanged
BIAFW,2024-09-04,unchanged
BIAFW,2024-09-13,unchanged
BIAFW,2024-10-04,unchanged
BIAFW,2024-10-15,unchanged
BIAFW,2024-10-16,unchanged
BIAFW,2024-10-22,unchanged
BIAFW,2024-10-24,unchanged
BIAFW,2024-11-04,unchanged
BIAFW,2024-11-05,unchanged
BIAFW,2024-11-15,unchanged
BIDU,2022-03-16,unchanged
BIIB,2020-02-05,unchanged
BIIB,2020-11-04,unchanged
BIIB,2021-06-07,unchanged
BIIB,2022-09-28,unchanged
BILI,2022-03-16,unchanged
BILI,2022-11-15,unchanged
BILL,2020-03-19,unchanged
BILL,2020-05-08,unchanged
BILL,2021-02-05,unchanged
BILL,2021-08-27,unchanged
BILL,2022-02-04,unchanged
BIOA,2024-12-20,unchanged
BIOA,nan,unchanged
BIOX,2021-03-16,unchanged
BIOX,nan,unchanged
BIRD,2023-08-09,unchanged
BIRD,2024-08-07,unchanged
BIRD,2024-09-11,unchanged
BITF,2021-07-26,unchanged
BITF,2023-01-12,unchanged
BIVI,2021-01-15,unchanged
BIVI,2021-03-08,unchanged
BIVI,2021-03-09,unchanged
BIVI,2021-04-21,unchanged
BIVI,2021-04-23,unchanged
BIVI,2021-10-26,unchanged
BIVI,2022-06-23,unchanged
BIVI,2022-12-07,unchanged
BIVI,2022-12-08,unchanged
BIVI,2022-12-14,unchanged
BIVI,2023-02-23,unchanged
BIVI,2023-03-06,unchanged
BIVI,2023-10-31,unchanged
BIVI,2023-11-16,unchanged
BIVI,2023-11-22,unchanged
BIVI,2024-03-01,unchanged
BIVI,2024-08-16,unchanged
BIVI,2024-10-18,unchanged
BIVI,2024-10-21,unchanged
BIVI,2024-10-22,unchanged
BIVI,2024-10-23,unchanged
BIVI,nan,unchanged
BIYA,nan,unchanged
BJDX,2022-06-09,unchanged
BJDX,2023-05-31,unchanged
BJDX,2023-07-07,unchanged
BJDX,2023-07-24,unchanged
BJDX,2023-07-28,unchanged
BJDX,2023-08-03,unchanged
BJDX,2023-09-20,unchanged
BJDX,2024-06-03,unchanged
BJDX,2024-08-02,unchanged
BJDX,2024-08-07,unchanged
BJDX,2024-08-19,unchanged
BJDX,2024-11-05,unchanged
BJDX,2024-11-12,unchanged
BJDX,2024-12-05,unchanged
BJDX,nan,unchanged
BJRI,2020-03-24,unchanged
BJRI,2020-11-09,unchanged
BKD,2020-03-24,unchanged
BKD,2020-04-06,unchanged
BKD,2020-11-09,unchanged
BKD,2023-04-11,unchanged
BKHAR,2024-05-14,unchanged
BKHAR,2024-05-24,unchanged
BKHAR,2024-06-10,unchanged
BKHAR,2024-06-13,unchanged
BKHAR,2024-08-26,unchanged
BKHAR,2024-08-27,unchanged
BKHAR,nan,unchanged
BKKT,2021-10-25,unchanged
BKKT,2021-10-29,unchanged
BKKT,2021-12-08,unchanged
BKKT,2022-02-07,unchanged
BKKT,2022-02-09,unchanged
BKKT,2022-05-12,unchanged
BKKT,2023-01-12,unchanged
BKKT,2023-03-13,unchanged
BKKT,2023-03-17,unchanged
BKKT,2023-11-14,unchanged
BKKT,2023-11-20,unchanged
BKKT,2023-12-27,unchanged
BKKT,2024-05-20,unchanged
BKKT,2024-11-11,unchanged
BKKT,2024-11-18,unchanged
BKKT,nan,unchanged
BKKT.WS,2021-10-25,unchanged
BKKT.WS,2021-10-27,unchanged
BKKT.WS,2021-10-29,unchanged
BKKT.WS,2021-11-19,unchanged
BKKT.WS,2021-12-08,unchanged
BKKT.WS,2022-01-19,unchanged
BKKT.WS,2022-01-26,unchanged
BKKT.WS,2022-02-07,unchanged
BKKT.WS,2022-02-09,unchanged
BKKT.WS,2022-04-26,unchanged
BKKT.WS,2022-05-18,unchanged
BKKT.WS,2022-05-24,unchanged
BKKT.WS,2024-11-18,unchanged
BKSY,2022-05-25,unchanged
BKSY,2022-05-31,unchanged
BKSY,2022-06-21,unchanged
BKSY,nan,unchanged
BKSY.WS,2021-10-25,unchanged
BKYI,2020-01-29,unchanged
BKYI,2020-02-03,unchanged
BKYI,2020-03-11,unchanged
BKYI,2020-03-18,unchanged
BKYI,2020-03-24,unchanged
BKYI,2020-03-27,unchanged
BKYI,2020-03-31,unchanged
BKYI,2020-04-16,unchanged
BKYI,2020-04-27,unchanged
BKYI,2020-07-16,unchanged
BKYI,2020-10-08,unchanged
BKYI,2022-03-08,unchanged
BKYI,2023-10-25,unchanged
BKYI,2023-10-27,unchanged
BKYI,2023-11-30,unchanged
BKYI,2023-12-28,unchanged
BKYI,2024-09-10,unchanged
BKYI,2024-09-12,unchanged
BKYI,2024-09-24,unchanged
BKYI,2024-10-29,unchanged
BKYI,2024-12-02,unchanged
BKYI,2024-12-27,unchanged
BKYI,2024-12-30,unchanged
BKYI,nan,unchanged
BLBD,2021-02-24,unchanged
BLBD,2023-02-09,unchanged
BLBD,2023-05-12,unchanged
BLBD,2024-05-09,unchanged
BLBX,2021-11-19,unchanged
BLBX,2022-03-29,unchanged
BLBX,2022-04-01,unchanged
BLBX,2022-10-17,unchanged
BLBX,2023-01-05,unchanged
BLBX,2023-01-30,unchanged
BLBX,2023-02-02,unchanged
BLBX,2023-02-27,unchanged
BLBX,2023-02-28,unchanged
BLBX,2023-03-01,unchanged
BLBX,2023-04-17,unchanged
BLBX,2023-05-17,unchanged
BLBX,2023-11-15,unchanged
BLBX,2023-11-20,unchanged
BLBX,2024-12-30,unchanged
BLBX,nan,unchanged
BLFS,2022-11-10,unchanged
BLIN,2020-03-11,unchanged
BLIN,2020-04-16,unchanged
BLIN,2020-04-28,unchanged
BLIN,2020-05-15,unchanged
BLIN,2020-07-22,unchanged
BLIN,2020-08-03,unchanged
BLIN,2021-06-29,unchanged
BLIN,2021-06-30,unchanged
BLIN,2021-07-01,unchanged
BLIN,2021-07-02,unchanged
BLIN,2021-07-06,unchanged
BLIN,2021-07-13,unchanged
BLIN,2021-11-24,unchanged
BLIN,2024-12-19,unchanged
BLIN,nan,unchanged
BLIV,nan,unchanged
BLMN,2020-03-24,unchanged
BLMZ,2024-07-25,unchanged
BLMZ,2024-09-06,unchanged
BLMZ,2024-09-09,unchanged
BLMZ,2024-09-10,unchanged
BLMZ,2024-10-10,unchanged
BLMZ,nan,unchanged
BLND,2022-08-16,unchanged
BLND,2023-03-21,unchanged
BLND,2023-05-10,unchanged
BLND,2023-08-10,unchanged
BLND,2024-08-09,unchanged
BLNE,nan,unchanged
BLNK,2020-02-04,unchanged
BLNK,2020-02-06,unchanged
BLNK,2020-02-14,unchanged
BLNK,2020-06-29,unchanged
BLNK,2020-06-30,unchanged
BLNK,2020-07-06,unchanged
BLNK,2020-07-22,unchanged
BLNK,2020-07-29,unchanged
BLNK,2020-07-30,unchanged
BLNK,2020-11-20,unchanged
BLNK,2020-11-23,unchanged
BLNK,2021-01-26,unchanged
BLNK,2023-11-10,unchanged
BLNK,2024-02-14,unchanged
BLRX,2020-04-07,unchanged
BLRX,2020-10-30,unchanged
BLRX,2020-11-03,unchanged
BLRX,2020-12-14,unchanged
BLRX,2021-01-28,unchanged
BLRX,2021-05-04,unchanged
BLRX,2021-12-10,unchanged
BLRX,2023-08-31,unchanged
BLRX,nan,unchanged
BLTE,2022-05-03,unchanged
BLTE,2022-06-13,unchanged
BLUW,2021-08-26,unchanged
BLUW,2021-09-08,unchanged
BLUWU,2021-08-26,unchanged
BLUWU,2021-09-08,unchanged
BLUWW,2021-08-26,unchanged
BLUWW,2021-09-08,unchanged
BLZE,2024-02-16,unchanged
BLZE,2024-08-09,unchanged
BMA,nan,unchanged
BMBL,2022-03-09,unchanged
BMBL,2022-05-12,unchanged
BMEA,2021-09-16,unchanged
BMEA,2022-05-17,unchanged
BMEA,2022-06-07,unchanged
BMEA,2023-03-28,unchanged
BMEA,2023-11-29,unchanged
BMEA,2023-12-04,unchanged
BMEA,2024-06-13,unchanged
BMEA,2024-08-01,unchanged
BMEA,nan,unchanged
BMGL,nan,unchanged
BMR,2023-03-28,unchanged
BMR,2023-04-14,unchanged
BMR,2023-04-17,unchanged
BMR,2023-05-25,unchanged
BMR,2023-06-06,unchanged
BMR,2023-12-28,unchanged
BMR,2024-01-02,unchanged
BMR,2024-01-05,unchanged
BMR,2024-02-07,unchanged
BMR,2024-02-12,unchanged
BMR,2024-02-13,unchanged
BMR,2024-02-14,unchanged
BMR,2024-02-16,unchanged
BMR,2024-03-13,unchanged
BMR,2024-03-14,unchanged
BMR,2024-04-09,unchanged
BMR,2024-06-12,unchanged
BMR,2024-12-30,unchanged
BMRA,2020-03-18,unchanged
BMRA,2020-03-19,unchanged
BMRA,2020-03-23,unchanged
BMRA,2020-04-02,unchanged
BMRA,2020-04-16,unchanged
BMRA,2020-06-22,unchanged
BMRA,2021-01-12,unchanged
BMRA,2021-10-01,unchanged
BMRA,2021-10-05,unchanged
BMRA,2022-07-14,unchanged
BMRA,2022-10-14,unchanged
BMRA,2023-12-18,unchanged
BMRA,2024-10-30,unchanged
BMRA,2024-11-29,unchanged
BMRA,nan,unchanged
BNAI,2024-03-18,unchanged
BNAI,2024-04-03,unchanged
BNAI,2024-05-29,unchanged
BNAI,2024-05-31,unchanged
BNAI,2024-06-06,unchanged
BNAI,2024-08-26,unchanged
BNAI,2024-12-30,unchanged
BNAI,2024-12-31,unchanged
BNAI,nan,unchanged
BNBX,nan,unchanged
BNC,nan,unchanged
BNED,2020-04-06,unchanged
BNED,2020-04-09,unchanged
BNED,2020-06-05,unchanged
BNED,2020-07-10,unchanged
BNED,2020-07-15,unchanged
BNED,2021-01-27,unchanged
BNED,2023-03-10,unchanged
BNED,2023-07-03,unchanged
BNED,2023-07-06,unchanged
BNED,2023-12-07,unchanged
BNED,2024-02-02,unchanged
BNED,2024-05-08,unchanged
BNED,2024-05-09,unchanged
BNED,2024-05-17,unchanged
BNED,2024-05-21,unchanged
BNED,2024-05-22,unchanged
BNED,2024-06-13,unchanged
BNED,2024-07-18,unchanged
BNED,2024-11-08,unchanged
BNGO,2020-03-20,unchanged
BNGO,2020-03-31,unchanged
BNGO,2020-07-17,unchanged
BNGO,2020-07-21,unchanged
BNGO,2020-07-22,unchanged
BNGO,2020-07-24,unchanged
BNGO,2020-12-23,unchanged
BNGO,2020-12-28,unchanged
BNGO,2020-12-29,unchanged
BNGO,2020-12-30,unchanged
BNGO,2020-12-31,unchanged
BNGO,2021-01-04,unchanged
BNGO,2021-01-14,unchanged
BNGO,2021-01-15,unchanged
BNGO,2021-01-25,unchanged
BNGO,2022-08-10,unchanged
BNGO,2022-08-11,unchanged
BNGO,2024-12-30,unchanged
BNGO,nan,unchanged
BNR,2022-03-16,unchanged
BNR,2022-08-31,unchanged
BNR,2022-11-15,unchanged
BNR,2024-10-04,unchanged
BNR,nan,unchanged
BNRG,2023-04-10,unchanged
BNRG,2023-04-11,unchanged
BNRG,2023-07-26,unchanged
BNRG,2024-04-05,unchanged
BNRG,2024-05-17,unchanged
BNRG,2024-05-31,unchanged
BNRG,2024-06-06,unchanged
BNRG,2024-08-30,unchanged
BNRG,2024-09-04,unchanged
BNRG,2024-09-09,unchanged
BNRG,2024-12-31,unchanged
BNRG,nan,unchanged
BNTC,2020-02-05,unchanged
BNTC,2020-02-07,unchanged
BNTC,2020-04-17,unchanged
BNTC,2020-04-20,unchanged
BNTC,2020-04-21,unchanged
BNTC,2020-06-19,unchanged
BNTC,2020-12-09,unchanged
BNTC,2021-01-26,unchanged
BNTC,2021-03-23,unchanged
BNTC,2021-03-31,unchanged
BNTC,2021-05-13,unchanged
BNTC,2022-06-24,unchanged
BNTC,2022-06-27,unchanged
BNTC,2022-06-28,unchanged
BNTC,2022-09-08,unchanged
BNTC,2022-12-12,unchanged
BNTC,2023-02-27,unchanged
BNTC,2023-04-20,unchanged
BNTC,2023-05-25,unchanged
BNTC,2023-06-26,unchanged
BNTC,2023-07-26,unchanged
BNTC,2023-08-09,unchanged
BNTC,2024-02-21,unchanged
BNTC,2024-04-18,unchanged
BNTC,2024-10-01,unchanged
BNTX,2020-03-16,unchanged
BNTX,2020-03-17,unchanged
BNTX,2020-03-18,unchanged
BNTX,2020-04-22,unchanged
BNZI,2024-01-03,unchanged
BNZI,2024-01-05,unchanged
BNZI,2024-05-24,unchanged
BNZI,2024-05-29,unchanged
BNZI,2024-08-06,unchanged
BNZI,2024-09-20,unchanged
BNZI,2024-09-24,unchanged
BNZI,2024-10-09,unchanged
BNZI,2024-10-15,unchanged
BNZI,2024-12-10,unchanged
BNZI,2024-12-18,unchanged
BNZI,nan,unchanged
BODI,nan,unchanged
BOF,2023-06-20,unchanged
BOF,2023-08-07,unchanged
BOF,2024-02-12,unchanged
BOF,2024-02-14,unchanged
BOF,2024-02-26,unchanged
BOF,2024-04-24,unchanged
BOF,2024-04-26,unchanged
BOF,2024-04-29,unchanged
BOF,2024-08-28,unchanged
BOF,2024-08-29,unchanged
BOF,2024-09-03,unchanged
BOF,2024-10-08,unchanged
BOF,nan,unchanged
BOLT,2022-07-07,unchanged
BOLT,nan,unchanged
BON,2021-07-06,unchanged
BON,2021-07-07,unchanged
BON,2021-07-14,unchanged
BON,2021-08-17,unchanged
BON,2021-10-19,unchanged
BON,2021-10-20,unchanged
BON,2022-01-21,unchanged
BON,2022-05-05,unchanged
BON,2022-08-22,unchanged
BON,2022-11-28,unchanged
BON,2023-12-08,unchanged
BON,nan,unchanged
BORR,2020-03-20,unchanged
BORR,2020-03-26,unchanged
BORR,2020-04-03,unchanged
BORR,2020-04-06,unchanged
BORR,2020-04-07,unchanged
BORR,2020-04-09,unchanged
BORR,2020-04-22,unchanged
BORR,2020-04-30,unchanged
BORR,2020-05-21,unchanged
BORR,2020-06-05,unchanged
BORR,2020-06-08,unchanged
BORR,2020-06-12,unchanged
BORR,2020-11-09,unchanged
BORR,2020-11-10,unchanged
BORR,2020-11-23,unchanged
BORR,2020-11-24,unchanged
BORR,2022-03-07,unchanged
BORR,2022-07-25,unchanged
BOSC,2020-03-30,unchanged
BOSC,2020-04-22,unchanged
BOSC,2021-02-05,unchanged
BOSC,2021-05-19,unchanged
BOSC,2022-03-28,unchanged
BOSC,nan,unchanged
BOTJ,2024-07-22,unchanged
BOXL,2020-03-13,unchanged
BOXL,2020-03-25,unchanged
BOXL,2020-03-31,unchanged
BOXL,2020-04-01,unchanged
BOXL,2020-04-07,unchanged
BOXL,2020-05-19,unchanged
BOXL,2020-05-20,unchanged
BOXL,2020-06-04,unchanged
BOXL,2020-06-18,unchanged
BOXL,2020-06-29,unchanged
BOXL,2020-07-13,unchanged
BOXL,2020-07-14,unchanged
BOXL,2020-07-15,unchanged
BOXL,2020-07-16,unchanged
BOXL,2020-08-12,unchanged
BOXL,2020-09-22,unchanged
BOXL,2021-08-13,unchanged
BOXL,2023-02-14,unchanged
BOXL,nan,unchanged
BPYPN,2020-03-19,unchanged
BPYPN,2020-03-24,unchanged
BPYPO,2020-03-19,unchanged
BRAG,2022-02-08,unchanged
BRBI,nan,unchanged
BRCC,2022-02-17,unchanged
BRCC,2022-04-04,unchanged
BRCC,2024-05-09,unchanged
BRFH,2022-12-08,unchanged
BRFH,2023-06-22,unchanged
BRFH,2023-08-07,unchanged
BRFH,2024-04-25,unchanged
BRFH,2024-06-14,unchanged
BRFH,nan,unchanged
BRID,2020-03-26,unchanged
BRID,2021-05-11,unchanged
BRLS,2024-02-21,unchanged
BRLS,2024-05-21,unchanged
BRLS,nan,unchanged
BRLT,2021-11-12,unchanged
BRLT,2022-08-12,unchanged
BRLT,2022-10-14,unchanged
BRLT,nan,unchanged
BRNS,2024-04-04,unchanged
BRNS,2024-12-18,unchanged
BRNS,nan,unchanged
BROS,2021-09-16,unchanged
BROS,2024-11-07,unchanged
BROS,nan,unchanged
BRRWW,nan,unchanged
BRTX,2021-12-22,unchanged
BRTX,2022-02-01,unchanged
BRTX,2022-09-28,unchanged
BRTX,2023-03-02,unchanged
BRTX,2024-02-01,unchanged
BRTX,2024-02-02,unchanged
BRTX,2024-02-05,unchanged
BRTX,2024-06-13,unchanged
BRTX,2024-06-17,unchanged
BRX,2020-11-09,unchanged
BRY,2020-05-07,unchanged
BSET,2022-01-31,unchanged
BSLK,2024-08-28,unchanged
BSLK,2024-11-01,unchanged
BSLK,2024-11-08,unchanged
BSLK,2024-11-21,unchanged
BSLK,2024-11-29,unchanged
BSLK,2024-12-27,unchanged
BSLK,nan,unchanged
BSVN,2020-03-13,unchanged
BSVN,2020-03-19,unchanged
BSVN,2020-04-30,unchanged
BTAI,2020-01-03,unchanged
BTAI,2020-02-13,unchanged
BTAI,2020-02-14,unchanged
BTAI,2020-07-20,unchanged
BTAI,2022-11-10,unchanged
BTAI,2023-07-05,unchanged
BTAI,2023-10-04,unchanged
BTAI,2023-10-10,unchanged
BTAI,2023-10-25,unchanged
BTAI,2023-10-30,unchanged
BTAI,2024-02-13,unchanged
BTAI,2024-02-14,unchanged
BTAI,2024-06-26,unchanged
BTAI,2024-12-09,unchanged
BTAI,nan,unchanged
BTBD,2022-01-12,unchanged
BTBD,2022-01-24,unchanged
BTBD,2022-03-21,unchanged
BTBD,2022-04-05,unchanged
BTBD,2023-12-15,unchanged
BTBD,2024-01-09,unchanged
BTBD,nan,unchanged
BTBDW,2021-12-13,unchanged
BTBDW,2022-01-12,unchanged
BTBT,2020-11-17,unchanged
BTBT,2020-12-28,unchanged
BTBT,2020-12-30,unchanged
BTBT,2020-12-31,unchanged
BTBT,2021-01-04,unchanged
BTBT,2021-02-08,unchanged
BTBT,2021-03-09,unchanged
BTBT,2021-06-14,unchanged
BTBT,2021-07-26,unchanged
BTBT,2021-07-28,unchanged
BTBT,2021-08-04,unchanged
BTBT,2021-10-05,unchanged
BTBT,2021-10-29,unchanged
BTBT,2023-01-09,unchanged
BTBT,2024-06-25,unchanged
BTBT,nan,unchanged
BTCS,2022-01-05,unchanged
BTCS,2022-01-11,unchanged
BTCS,2022-01-12,unchanged
BTCS,2022-01-13,unchanged
BTCS,2022-01-19,unchanged
BTCS,2022-05-17,unchanged
BTCS,2023-05-11,unchanged
BTCS,2023-12-04,unchanged
BTCS,2023-12-27,unchanged
BTCS,2024-03-25,unchanged
BTCS,2024-11-11,unchanged
BTCS,2024-11-12,unchanged
BTCS,2024-11-13,unchanged
BTCS,nan,unchanged
BTCT,2024-09-26,unchanged
BTCT,2024-11-11,unchanged
BTCT,2024-11-12,unchanged
BTCT,2024-11-13,unchanged
BTCT,2024-11-14,unchanged
BTCT,2024-11-19,unchanged
BTCT,2024-12-31,unchanged
BTCT,nan,unchanged
BTDR,2023-06-16,unchanged
BTDR,2023-08-11,unchanged
BTDR,2023-11-14,unchanged
BTDR,nan,unchanged
BTE,2023-02-23,unchanged
BTM,2023-12-27,unchanged
BTM,2024-11-11,unchanged
BTM,nan,unchanged
BTMD,2022-06-03,unchanged
BTMD,2022-06-14,unchanged
BTMD,2022-07-21,unchanged
BTMD,2024-02-12,unchanged
BTOC,2024-10-22,unchanged
BTOC,nan,unchanged
BTOG,2022-11-03,unchanged
BTOG,2023-02-07,unchanged
BTOG,2023-05-05,unchanged
BTOG,2023-05-30,unchanged
BTOG,2023-11-10,unchanged
BTOG,2024-01-26,unchanged
BTOG,2024-01-30,unchanged
BTOG,2024-01-31,unchanged
BTOG,2024-02-06,unchanged
BTOG,2024-02-16,unchanged
BTOG,2024-04-29,unchanged
BTOG,nan,unchanged
BTQ,nan,unchanged
BTTC,2023-02-10,unchanged
BTTC,2023-05-08,unchanged
BTTC,2023-06-28,unchanged
BTTC,2023-12-20,unchanged
BTTC,2024-01-08,unchanged
BTTC,2024-05-06,unchanged
BTTC,nan,unchanged
BTU,2020-02-05,unchanged
BTU,2020-03-13,unchanged
BTU,2020-03-17,unchanged
BTU,2020-05-08,unchanged
BTU,2020-06-05,unchanged
BTU,2020-12-08,unchanged
BTU,2020-12-10,unchanged
BTU,2020-12-28,unchanged
BTU,2021-01-27,unchanged
BTU,2021-05-17,unchanged
BTU,2021-07-07,unchanged
BTX,2021-04-06,unchanged
BTX,2021-04-09,unchanged
BTX,2021-04-16,unchanged
BTX,2021-04-20,unchanged
BTX,2021-04-22,unchanged
BTX,2021-04-23,unchanged
BTX,2021-04-27,unchanged
BTX,2021-04-28,unchanged
BTX,2021-04-30,unchanged
BTX,2021-05-03,unchanged
BULL,nan,unchanged
BULLW,nan,unchanged
BUR,2023-03-31,unchanged
BUUU,nan,unchanged
BV,2020-03-19,unchanged
BVN,2020-03-19,unchanged
BVS,2022-11-10,unchanged
BVS,2023-02-28,unchanged
BVS,2023-05-19,unchanged
BVS,2023-08-08,unchanged
BVS,2024-05-07,unchanged
BW,2020-03-19,unchanged
BW,2020-03-25,unchanged
BW,2020-05-11,unchanged
BW,2020-05-12,unchanged
BW,2023-11-14,unchanged
BW,2023-11-15,unchanged
BW,2024-07-01,unchanged
BW,nan,unchanged
BWAY,2021-01-21,unchanged
BWAY,2021-08-18,unchanged
BWEN,2020-04-28,unchanged
BWEN,2020-12-28,unchanged
BWEN,2021-01-25,unchanged
BWEN,2023-01-11,unchanged
BWEN,2024-05-17,unchanged
BWMX,2020-03-23,unchanged
BWMX,2020-07-31,unchanged
BWNB,nan,unchanged
BWSN,nan,unchanged
BWpA,nan,unchanged
BXC,2020-02-20,unchanged
BXC,2020-03-13,unchanged
BXC,2020-04-08,unchanged
BXC,2021-11-03,unchanged
BXMT,2020-03-25,unchanged
BXMT,2020-03-26,unchanged
BXP,2020-11-09,unchanged
BYD,2020-03-19,unchanged
BYD,2020-03-20,unchanged
BYFC,2020-06-17,unchanged
BYFC,2020-06-19,unchanged
BYFC,2020-06-22,unchanged
BYFC,2020-06-30,unchanged
BYFC,2020-07-02,unchanged
BYFC,2020-07-06,unchanged
BYFC,2020-09-25,unchanged
BYFC,2021-01-26,unchanged
BYFC,2021-06-11,unchanged
BYFC,2021-07-08,unchanged
BYFC,2021-12-17,unchanged
BYND,2021-01-26,unchanged
BYND,2022-04-27,unchanged
BYND,2023-02-24,unchanged
BYND,2024-02-28,unchanged
BYND,2024-08-09,unchanged
BYND,nan,unchanged
BYRN,2024-09-04,unchanged
BYSI,2021-08-04,unchanged
BYSI,2021-08-06,unchanged
BYSI,2022-05-27,unchanged
BYSI,2022-12-13,unchanged
BYSI,2022-12-15,unchanged
BYSI,2022-12-16,unchanged
BYSI,2022-12-19,unchanged
BYSI,2023-10-12,unchanged
BYSI,2024-02-09,unchanged
BYSI,2024-03-05,unchanged
BYSI,2024-03-06,unchanged
BYSI,2024-05-23,unchanged
BYSI,nan,unchanged
BZ,2022-03-16,unchanged
BZAI,nan,unchanged
BZAIW,nan,unchanged
BZFD,2023-01-26,unchanged
BZFD,2023-01-27,unchanged
BZFD,2023-02-15,unchanged
BZFD,2023-05-03,unchanged
BZFD,2024-02-15,unchanged
BZFD,2024-02-22,unchanged
BZFD,2024-05-09,unchanged
BZFD,2024-05-22,unchanged
BZFD,nan,unchanged
BZUN,2021-01-26,unchanged
BZUN,2024-12-09,unchanged
BZUN,2024-12-16,unchanged
CAAP,2020-11-09,unchanged
CAAP,2020-12-01,unchanged
CAAS,2020-06-22,unchanged
CAAS,2020-11-23,unchanged
CAAS,2020-11-30,unchanged
CAAS,2020-12-01,unchanged
CAAS,2021-02-16,unchanged
CABA,2021-12-16,unchanged
CABA,2022-04-25,unchanged
CABA,2022-08-22,unchanged
CABA,2022-10-19,unchanged
CABA,2022-10-20,unchanged
CABA,2022-11-01,unchanged
CABA,2022-11-14,unchanged
CABA,2022-12-14,unchanged
CABA,2024-11-25,unchanged
CABA,2024-11-29,unchanged
CABA,2024-12-02,unchanged
CABA,nan,unchanged
CADE,2021-10-29,unchanged
CADL,2021-09-07,unchanged
CADL,2021-09-08,unchanged
CADL,2021-09-21,unchanged
CADL,2022-10-20,unchanged
CADL,2022-10-21,unchanged
CADL,2023-10-18,unchanged
CADL,2023-12-12,unchanged
CADL,2024-02-13,unchanged
CADL,2024-04-04,unchanged
CADL,2024-04-05,unchanged
CADL,2024-04-11,unchanged
CADL,2024-05-15,unchanged
CADL,2024-11-22,unchanged
CADL,2024-12-11,unchanged
CADL,2024-12-12,unchanged
CADL,2024-12-19,unchanged
CADL,nan,unchanged
CAI,2021-06-18,unchanged
CAL,2020-03-18,unchanged
CAL,2020-03-19,unchanged
CAL,2020-03-24,unchanged
CAL,2020-04-07,unchanged
CAL,2020-04-29,unchanged
CAL,2022-05-25,unchanged
CALC,2023-04-14,unchanged
CALC,2023-06-14,unchanged
CALC,2023-06-27,unchanged
CALC,2024-07-30,unchanged
CALC,2024-09-04,unchanged
CALC,2024-10-30,unchanged
CALC,nan,unchanged
CALX,2020-04-24,unchanged
CALX,2020-10-21,unchanged
CAMP,2020-03-17,unchanged
CAMP,2023-09-22,unchanged
CAMP,2024-02-05,unchanged
CAMP,2024-06-05,unchanged
CAMP,2024-06-06,unchanged
CAMP,2024-10-11,unchanged
CAMP,2024-12-05,unchanged
CAMP,2024-12-23,unchanged
CAMP,nan,unchanged
CAN,2020-02-12,unchanged
CAN,2020-04-13,unchanged
CAN,2020-06-02,unchanged
CAN,2020-07-21,unchanged
CAN,2020-11-16,unchanged
CAN,2020-11-25,unchanged
CAN,2020-12-31,unchanged
CAN,2021-02-11,unchanged
CAN,2021-02-16,unchanged
CAN,2021-02-19,unchanged
CAN,2021-03-01,unchanged
CAN,2021-03-09,unchanged
CAN,2021-03-11,unchanged
CAN,2021-06-01,unchanged
CAN,2022-03-16,unchanged
CAN,2023-12-14,unchanged
CAN,2023-12-20,unchanged
CAN,2023-12-22,unchanged
CAN,2024-02-14,unchanged
CAN,2024-11-11,unchanged
CAN,2024-12-06,unchanged
CAN,nan,unchanged
CANG,2020-11-23,unchanged
CANG,2020-11-24,unchanged
CANG,2020-12-29,unchanged
CANG,2021-01-27,unchanged
CANG,2021-01-28,unchanged
CANG,2022-04-25,unchanged
CANG,2024-11-08,unchanged
CANG,2024-12-18,unchanged
CAPL,2020-03-19,unchanged
CAPR,2020-01-09,unchanged
CAPR,2020-03-17,unchanged
CAPR,2020-03-24,unchanged
CAPR,2020-04-03,unchanged
CAPR,2020-04-08,unchanged
CAPR,2020-04-24,unchanged
CAPR,2020-04-29,unchanged
CAPR,2020-07-20,unchanged
CAPR,2020-09-17,unchanged
CAPR,2021-01-12,unchanged
CAPR,2021-01-25,unchanged
CAPR,2021-04-29,unchanged
CAPR,2024-09-24,unchanged
CAPR,2024-09-25,unchanged
CAPR,2024-09-30,unchanged
CAPS,2024-12-13,unchanged
CAPS,2024-12-16,unchanged
CAPS,nan,unchanged
CAPT,2023-11-21,unchanged
CAPT,2023-11-24,unchanged
CAPT,2023-11-27,unchanged
CAPT,2024-06-04,unchanged
CAPT,2024-11-26,unchanged
CAPT,nan,unchanged
CAR,2020-03-19,unchanged
CAR,2020-03-20,unchanged
CAR,2020-03-23,unchanged
CAR,2020-03-24,unchanged
CAR,2020-11-09,unchanged
CAR,2021-11-02,unchanged
CARG,2022-02-25,unchanged
CARS,2020-03-30,unchanged
CARS,2020-05-06,unchanged
CARV,2020-06-11,unchanged
CARV,2020-06-16,unchanged
CARV,2020-06-17,unchanged
CARV,2020-06-18,unchanged
CARV,2020-06-19,unchanged
CARV,2020-06-30,unchanged
CARV,2020-07-01,unchanged
CARV,2020-08-07,unchanged
CARV,2020-09-25,unchanged
CARV,2020-10-08,unchanged
CARV,2021-01-27,unchanged
CARV,2021-06-11,unchanged
CARV,2021-06-28,unchanged
CARV,2021-07-08,unchanged
CARV,2021-07-09,unchanged
CARV,2023-11-20,unchanged
CARV,nan,unchanged
CASH,2020-03-19,unchanged
CASI,2022-05-26,unchanged
CASI,2022-06-01,unchanged
CASI,2022-08-11,unchanged
CASI,2024-01-24,unchanged
CASI,2024-01-25,unchanged
CASI,2024-03-05,unchanged
CASI,2024-06-20,unchanged
CASI,2024-06-27,unchanged
CASI,2024-10-09,unchanged
CASI,2024-12-06,unchanged
CASI,nan,unchanged
CATO,nan,unchanged
CBAT,2020-07-06,unchanged
CBAT,2020-07-30,unchanged
CBAT,2020-09-15,unchanged
CBAT,2020-09-23,unchanged
CBAT,2020-09-24,unchanged
CBAT,2020-09-25,unchanged
CBAT,2020-10-01,unchanged
CBAT,2020-10-02,unchanged
CBAT,2020-10-05,unchanged
CBAT,2020-11-13,unchanged
CBAT,2020-11-16,unchanged
CBAT,2020-11-19,unchanged
CBAT,2021-01-06,unchanged
CBAT,2021-01-07,unchanged
CBAT,2021-11-08,unchanged
CBAT,2022-03-08,unchanged
CBAT,2024-12-27,unchanged
CBIO,2022-05-23,unchanged
CBIO,2023-02-28,unchanged
CBIO,2023-06-21,unchanged
CBIO,2023-10-20,unchanged
CBIO,nan,unchanged
CBL,2021-11-02,unchanged
CBLL,nan,unchanged
CBNK,2020-03-17,unchanged
CBRL,2020-03-24,unchanged
CBUS,2023-07-05,unchanged
CBUS,2023-09-05,unchanged
CBUS,2023-12-13,unchanged
CBUS,nan,unchanged
CCAP,2020-03-26,unchanged
CCCC,2023-12-12,unchanged
CCCC,2023-12-13,unchanged
CCCC,2023-12-14,unchanged
CCCC,nan,unchanged
CCCXW,nan,unchanged
CCG,2023-09-22,unchanged
CCG,2023-11-29,unchanged
CCG,2024-02-14,unchanged
CCG,2024-05-29,unchanged
CCG,nan,unchanged
CCHH,nan,unchanged
CCIIW,nan,unchanged
CCIXW,nan,unchanged
CCL,2020-03-20,unchanged
CCL,2020-03-24,unchanged
CCL,2020-11-09,unchanged
CCLD,2023-12-20,unchanged
CCLD,2023-12-21,unchanged
CCLD,2023-12-26,unchanged
CCLD,2024-01-02,unchanged
CCLD,2024-05-09,unchanged
CCLD,2024-05-13,unchanged
CCLD,2024-05-15,unchanged
CCLD,2024-05-16,unchanged
CCLD,2024-11-12,unchanged
CCLD,nan,unchanged
CCLDO,2023-12-20,unchanged
CCLDO,2024-05-07,unchanged
CCLDO,2024-05-13,unchanged
CCLDO,2024-11-12,unchanged
CCM,2020-03-13,unchanged
CCM,2020-06-10,unchanged
CCM,2020-06-15,unchanged
CCM,2020-12-15,unchanged
CCM,2021-03-23,unchanged
CCM,2022-04-06,unchanged
CCM,2023-02-27,unchanged
CCM,2023-03-24,unchanged
CCM,2024-03-26,unchanged
CCM,2024-03-27,unchanged
CCM,2024-06-03,unchanged
CCM,2024-06-04,unchanged
CCM,2024-06-24,unchanged
CCM,2024-07-31,unchanged
CCM,nan,unchanged
CCO,2020-04-23,unchanged
CCO,2020-06-05,unchanged
CCO,2020-06-08,unchanged
CCO,2020-06-12,unchanged
CCO,nan,unchanged
CCRN,2020-03-19,unchanged
CCRN,2021-11-04,unchanged
CCRN,2024-12-04,unchanged
CCSI,2024-05-09,unchanged
CCTG,2024-01-19,unchanged
CCTG,2024-01-24,unchanged
CCTG,2024-01-25,unchanged
CCTG,2024-01-31,unchanged
CCTG,2024-02-02,unchanged
CCTG,2024-02-08,unchanged
CCTG,2024-02-14,unchanged
CCTG,2024-03-14,unchanged
CCTG,2024-10-24,unchanged
CCTG,2024-12-26,unchanged
CCTG,2024-12-30,unchanged
CCTG,nan,unchanged
CD,2021-02-26,unchanged
CD,2022-03-16,unchanged
CDE,2020-03-17,unchanged
CDE,2020-03-19,unchanged
CDE,2021-02-01,unchanged
CDIO,2022-10-28,unchanged
CDIO,2022-11-04,unchanged
CDIO,2022-11-21,unchanged
CDIO,2023-01-10,unchanged
CDIO,2023-02-06,unchanged
CDIO,2023-02-28,unchanged
CDIO,2023-03-01,unchanged
CDIO,2023-03-14,unchanged
CDIO,2023-10-12,unchanged
CDIO,2023-10-19,unchanged
CDIO,2023-10-26,unchanged
CDIO,2023-10-31,unchanged
CDIO,2023-11-06,unchanged
CDIO,2023-11-07,unchanged
CDIO,2023-11-08,unchanged
CDIO,2023-11-10,unchanged
CDIO,2023-11-20,unchanged
CDIO,2023-11-28,unchanged
CDIO,2023-12-15,unchanged
CDIO,2024-01-02,unchanged
CDIO,2024-05-10,unchanged
CDIO,2024-06-21,unchanged
CDIO,2024-10-28,unchanged
CDIO,2024-11-06,unchanged
CDIO,2024-12-05,unchanged
CDIO,2024-12-06,unchanged
CDIO,2024-12-09,unchanged
CDIO,2024-12-10,unchanged
CDIO,2024-12-11,unchanged
CDIO,2024-12-18,unchanged
CDIO,2024-12-19,unchanged
CDIO,nan,unchanged
CDLX,2020-03-24,unchanged
CDLX,2020-05-12,unchanged
CDLX,2022-11-10,unchanged
CDLX,2023-01-27,unchanged
CDLX,2023-04-04,unchanged
CDLX,2023-05-01,unchanged
CDLX,2023-08-02,unchanged
CDLX,2024-01-29,unchanged
CDLX,2024-03-15,unchanged
CDLX,2024-08-09,unchanged
CDLX,nan,unchanged
CDNA,2024-05-10,unchanged
CDNA,2024-08-01,unchanged
CDRO,2022-08-08,unchanged
CDROW,2024-07-31,unchanged
CDRpB,2020-03-26,unchanged
CDRpB,2020-04-09,unchanged
CDRpB,2022-10-17,unchanged
CDRpC,2020-03-19,unchanged
CDRpC,2020-03-25,unchanged
CDRpC,2020-03-26,unchanged
CDRpC,2020-04-09,unchanged
CDT,2024-07-16,unchanged
CDT,2024-08-08,unchanged
CDT,2024-08-14,unchanged
CDT,2024-10-11,unchanged
CDT,2024-10-18,unchanged
CDT,2024-11-21,unchanged
CDT,2024-12-30,unchanged
CDT,nan,unchanged
CDTG,2024-04-19,unchanged
CDTG,2024-11-07,unchanged
CDTG,nan,unchanged
CDTX,2020-11-12,unchanged
CDTX,2022-06-08,unchanged
CDTX,2023-01-25,unchanged
CDTX,2023-03-01,unchanged
CDTX,2023-09-06,unchanged
CDTX,2024-11-21,unchanged
CDTX,nan,unchanged
CDXS,2021-10-01,unchanged
CDXS,2023-12-14,unchanged
CDXS,2024-02-27,unchanged
CDXS,2024-02-29,unchanged
CDZI,2022-03-21,unchanged
CDZI,2024-11-26,unchanged
CELC,2020-11-12,unchanged
CELC,2021-04-09,unchanged
CELC,2022-12-19,unchanged
CELC,nan,unchanged
CELH,2020-03-17,unchanged
CELH,2020-05-12,unchanged
CELH,2020-08-06,unchanged
CELH,2020-11-12,unchanged
CELH,nan,unchanged
CELU,2022-05-13,unchanged
CELU,2023-01-11,unchanged
CELU,2023-04-03,unchanged
CELU,2023-10-11,unchanged
CELU,2023-12-29,unchanged
CELU,2024-01-18,unchanged
CELU,2024-01-31,unchanged
CELU,2024-02-01,unchanged
CELU,2024-05-14,unchanged
CELU,2024-11-07,unchanged
CELU,2024-11-15,unchanged
CELU,nan,unchanged
CELUW,2021-07-28,unchanged
CELZ,2021-12-10,unchanged
CELZ,2021-12-21,unchanged
CELZ,2022-01-03,unchanged
CELZ,2022-02-18,unchanged
CELZ,2022-03-23,unchanged
CELZ,2022-03-28,unchanged
CELZ,2022-03-31,unchanged
CELZ,2022-06-14,unchanged
CELZ,2022-11-03,unchanged
CELZ,2022-12-12,unchanged
CELZ,2023-02-08,unchanged
CELZ,2023-04-12,unchanged
CELZ,2023-06-15,unchanged
CELZ,2023-12-20,unchanged
CELZ,2024-03-06,unchanged
CELZ,2024-03-07,unchanged
CELZ,2024-08-12,unchanged
CELZ,2024-10-09,unchanged
CELZ,nan,unchanged
CENN,2022-03-07,unchanged
CENN,2022-03-21,unchanged
CENN,2022-03-23,unchanged
CENN,2022-12-21,unchanged
CENN,2022-12-27,unchanged
CENN,2022-12-28,unchanged
CENX,nan,unchanged
CEP,nan,unchanged
CEPU,nan,unchanged
CETX,2024-10-16,unchanged
CETX,2024-11-20,unchanged
CETX,nan,unchanged
CETY,2022-01-04,unchanged
CETY,2022-01-05,unchanged
CETY,2022-01-12,unchanged
CETY,2022-01-24,unchanged
CETY,2023-04-06,unchanged
CETY,2023-07-12,unchanged
CETY,2024-02-14,unchanged
CETY,2024-04-03,unchanged
CETY,nan,unchanged
CEVA,2024-08-07,unchanged
CFGpE,2020-03-19,unchanged
CFLT,2024-02-08,unchanged
CGBD,2020-03-19,unchanged
CGBD,2020-03-26,unchanged
CGC,2022-10-25,unchanged
CGC,2023-07-03,unchanged
CGC,2023-08-31,unchanged
CGC,2023-09-05,unchanged
CGC,2023-09-11,unchanged
CGC,2024-03-18,unchanged
CGC,2024-03-22,unchanged
CGC,2024-03-26,unchanged
CGC,2024-03-27,unchanged
CGC,2024-04-03,unchanged
CGC,2024-04-30,unchanged
CGC,nan,unchanged
CGEM,2022-05-12,unchanged
CGEM,2024-04-26,unchanged
CGEN,2023-12-19,unchanged
CGEN,2024-05-22,unchanged
CGON,nan,unchanged
CGTL,2024-12-13,unchanged
CGTL,2024-12-16,unchanged
CGTL,nan,unchanged
CGTX,2022-04-04,unchanged
CGTX,2022-06-29,unchanged
CGTX,2022-08-04,unchanged
CGTX,2022-11-25,unchanged
CGTX,2022-11-30,unchanged
CGTX,2023-12-11,unchanged
CGTX,2023-12-14,unchanged
CGTX,2024-12-18,unchanged
CGTX,nan,unchanged
CHCI,2020-04-15,unchanged
CHCI,2020-05-29,unchanged
CHCI,2020-06-17,unchanged
CHCI,2020-06-19,unchanged
CHCI,2020-08-26,unchanged
CHCI,2020-10-06,unchanged
CHCI,2020-10-14,unchanged
CHCI,2021-02-09,unchanged
CHCI,2021-05-05,unchanged
CHCI,2023-05-04,unchanged
CHCT,2020-03-19,unchanged
CHEF,2020-03-19,unchanged
CHEF,2020-03-24,unchanged
CHEF,2020-11-09,unchanged
CHEK,2020-01-09,unchanged
CHEK,2020-03-20,unchanged
CHEK,2020-07-21,unchanged
CHEK,2021-01-04,unchanged
CHEK,2021-01-05,unchanged
CHEK,2021-01-25,unchanged
CHEK,2021-02-17,unchanged
CHEK,2021-03-15,unchanged
CHEK,2021-11-02,unchanged
CHEK,2022-11-03,unchanged
CHEK,2022-11-30,unchanged
CHEK,2023-01-12,unchanged
CHEK,2023-02-03,unchanged
CHEK,2023-02-06,unchanged
CHEK,2023-05-10,unchanged
CHEK,2023-06-07,unchanged
CHEK,2024-03-26,unchanged
CHEK,2024-12-23,unchanged
CHEK,nan,unchanged
CHGG,2020-05-05,unchanged
CHGG,2022-11-02,unchanged
CHGG,2023-08-08,unchanged
CHGG,nan,unchanged
CHMI,2020-03-19,unchanged
CHMI,2020-03-25,unchanged
CHMI,2020-03-26,unchanged
CHMI,2020-04-06,unchanged
CHMI,2020-04-07,unchanged
CHMI,2020-04-08,unchanged
CHMIpA,2020-03-19,unchanged
CHMIpA,2020-03-25,unchanged
CHMIpA,2020-03-26,unchanged
CHMIpA,2020-04-08,unchanged
CHMIpB,2020-03-19,unchanged
CHMIpB,2020-03-25,unchanged
CHMIpB,2020-03-26,unchanged
CHMIpB,2020-04-07,unchanged
CHMIpB,2020-04-08,unchanged
CHNR,2020-03-13,unchanged
CHNR,2020-04-15,unchanged
CHNR,2020-06-09,unchanged
CHNR,2020-06-10,unchanged
CHNR,2020-06-12,unchanged
CHNR,2020-06-15,unchanged
CHNR,2020-06-24,unchanged
CHNR,2020-07-21,unchanged
CHNR,2020-09-14,unchanged
CHNR,2020-10-06,unchanged
CHNR,2021-01-19,unchanged
CHNR,2021-02-17,unchanged
CHNR,2022-01-06,unchanged
CHNR,2022-02-22,unchanged
CHNR,2022-03-08,unchanged
CHNR,2023-04-14,unchanged
CHNR,2023-04-28,unchanged
CHNR,2023-05-01,unchanged
CHNR,2023-07-31,unchanged
CHNR,2023-08-02,unchanged
CHNR,2024-02-14,unchanged
CHNR,2024-02-15,unchanged
CHNR,2024-09-11,unchanged
CHNR,2024-09-13,unchanged
CHNR,2024-10-07,unchanged
CHNR,nan,unchanged
CHR,2023-11-10,unchanged
CHR,2024-02-15,unchanged
CHR,2024-03-14,unchanged
CHR,nan,unchanged
CHRS,2023-12-27,unchanged
CHRS,2024-11-20,unchanged
CHRS,2024-12-03,unchanged
CHSCM,2020-03-19,unchanged
CHSCN,2020-03-19,unchanged
CHSN,2023-03-31,unchanged
CHSN,2023-04-20,unchanged
CHSN,2023-05-01,unchanged
CHSN,2023-05-10,unchanged
CHSN,2023-07-12,unchanged
CHSN,2023-08-25,unchanged
CHSN,2023-08-30,unchanged
CHSN,2023-12-04,unchanged
CHSN,2023-12-05,unchanged
CHSN,2023-12-06,unchanged
CHSN,2023-12-07,unchanged
CHSN,2023-12-12,unchanged
CHSN,2023-12-13,unchanged
CHSN,2024-06-06,unchanged
CHSN,2024-09-16,unchanged
CHSN,2024-10-04,unchanged
CHSN,2024-11-19,unchanged
CHSN,nan,unchanged
CHWY,2024-05-29,unchanged
CHWY,2024-06-27,unchanged
CIB,2020-03-25,unchanged
CIFR,2022-10-26,unchanged
CIFR,2023-02-02,unchanged
CIFR,2023-03-13,unchanged
CIFR,2023-03-14,unchanged
CIFR,2023-12-26,unchanged
CIFR,2024-03-06,unchanged
CIFR,2024-11-06,unchanged
CIFR,nan,unchanged
CIFRW,2023-12-18,unchanged
CIFRW,2023-12-19,unchanged
CIFRW,2023-12-27,unchanged
CIFRW,2024-03-06,unchanged
CIFRW,2024-06-13,unchanged
CIFRW,2024-06-17,unchanged
CIFRW,2024-06-25,unchanged
CIFRW,2024-09-25,unchanged
CIFRW,2024-11-06,unchanged
CIFRW,nan,unchanged
CIG.C,2020-06-22,unchanged
CIGI,2020-03-25,unchanged
CIGL,nan,unchanged
CIIT,2022-06-28,unchanged
CIIT,2022-06-29,unchanged
CIIT,2022-12-30,unchanged
CIIT,2023-01-12,unchanged
CIIT,2023-01-17,unchanged
CIIT,nan,unchanged
CIM,2020-03-25,unchanged
CIM,2020-03-26,unchanged
CIMpA,2020-03-19,unchanged
CIMpA,2020-03-25,unchanged
CIMpA,2020-03-26,unchanged
CIMpA,2020-04-07,unchanged
CIMpB,2020-03-19,unchanged
CIMpB,2020-03-25,unchanged
CIMpB,2020-03-26,unchanged
CIMpB,2020-04-06,unchanged
CIMpB,2020-04-07,unchanged
CIMpC,2020-03-19,unchanged
CIMpC,2020-03-25,unchanged
CIMpC,2020-03-26,unchanged
CIMpC,2020-04-07,unchanged
CIMpD,2020-03-19,unchanged
CIMpD,2020-03-25,unchanged
CIMpD,2020-03-26,unchanged
CIMpD,2020-04-07,unchanged
CING,2022-03-17,unchanged
CING,2022-11-22,unchanged
CING,2023-02-13,unchanged
CING,2023-02-24,unchanged
CING,2023-12-27,unchanged
CING,2023-12-28,unchanged
CING,2024-01-03,unchanged
CING,2024-01-09,unchanged
CING,2024-01-24,unchanged
CING,2024-02-01,unchanged
CING,2024-07-01,unchanged
CING,2024-07-10,unchanged
CING,2024-08-12,unchanged
CING,2024-08-15,unchanged
CING,2024-08-16,unchanged
CING,2024-08-30,unchanged
CING,2024-11-11,unchanged
CIOpA,nan,unchanged
CISO,2022-02-25,unchanged
CISO,2022-03-03,unchanged
CISO,2022-03-23,unchanged
CISO,2022-06-06,unchanged
CISO,2022-06-13,unchanged
CISO,2023-02-15,unchanged
CISO,2023-03-17,unchanged
CISO,2023-03-21,unchanged
CISO,2023-04-13,unchanged
CISO,2023-05-01,unchanged
CISO,2023-10-10,unchanged
CISO,2023-11-15,unchanged
CISO,2024-01-05,unchanged
CISO,2024-02-20,unchanged
CISO,2024-03-13,unchanged
CISO,2024-12-09,unchanged
CISO,2024-12-27,unchanged
CISO,nan,unchanged
CISS,2023-09-01,unchanged
CISS,2023-10-13,unchanged
CISS,2024-01-25,unchanged
CISS,2024-01-30,unchanged
CISS,2024-03-26,unchanged
CISS,2024-04-03,unchanged
CISS,2024-04-17,unchanged
CISS,nan,unchanged
CJET,2023-06-05,unchanged
CJET,2023-06-07,unchanged
CJET,2023-07-14,unchanged
CJET,2024-05-21,unchanged
CJET,2024-06-14,unchanged
CJET,2024-07-02,unchanged
CJET,2024-07-09,unchanged
CJET,2024-07-12,unchanged
CJET,2024-07-23,unchanged
CJET,nan,unchanged
CJMB,nan,unchanged
CLB,2020-03-19,unchanged
CLB,nan,unchanged
CLBT,2021-09-16,unchanged
CLDT,2020-03-19,unchanged
CLDX,2020-02-21,unchanged
CLDX,2020-06-10,unchanged
CLDX,2020-06-11,unchanged
CLDX,2020-06-15,unchanged
CLDX,2020-06-19,unchanged
CLDX,2021-07-12,unchanged
CLGN,2020-12-01,unchanged
CLGN,2021-12-27,unchanged
CLGN,nan,unchanged
CLH,2020-03-19,unchanged
CLIK,2024-10-24,unchanged
CLIK,2024-11-22,unchanged
CLIK,2024-12-03,unchanged
CLIK,2024-12-24,unchanged
CLIK,nan,unchanged
CLIR,2020-06-16,unchanged
CLIR,2020-06-17,unchanged
CLIR,2021-11-18,unchanged
CLIR,2023-11-27,unchanged
CLIR,2024-11-21,unchanged
CLIR,nan,unchanged
CLLS,2020-05-14,unchanged
CLLS,2023-11-01,unchanged
CLLS,nan,unchanged
CLMT,2020-03-19,unchanged
CLMT,2020-04-09,unchanged
CLMT,2020-04-13,unchanged
CLMT,2022-08-05,unchanged
CLNE,2020-03-13,unchanged
CLNE,2020-07-08,unchanged
CLNE,2020-12-22,unchanged
CLNE,2020-12-23,unchanged
CLNE,2021-02-08,unchanged
CLNE,2021-06-09,unchanged
CLNN,2021-02-03,unchanged
CLNN,2021-02-16,unchanged
CLNN,2021-05-07,unchanged
CLNN,2021-07-13,unchanged
CLNN,2022-06-27,unchanged
CLNN,2022-07-14,unchanged
CLNN,2022-12-16,unchanged
CLNN,2023-02-13,unchanged
CLNN,2023-09-26,unchanged
CLNN,2023-10-05,unchanged
CLNN,2024-05-29,unchanged
CLNN,2024-06-07,unchanged
CLNN,2024-08-06,unchanged
CLNN,nan,unchanged
CLNNW,2021-02-03,unchanged
CLNNW,2021-02-16,unchanged
CLNNW,2021-03-08,unchanged
CLNNW,2021-04-19,unchanged
CLNNW,2021-05-03,unchanged
CLNNW,2021-05-07,unchanged
CLNNW,2021-07-12,unchanged
CLNNW,2021-07-13,unchanged
CLNNW,2021-07-15,unchanged
CLOV,2021-04-16,unchanged
CLOV,2021-06-07,unchanged
CLOV,2021-06-08,unchanged
CLOV,2021-06-09,unchanged
CLOV,2024-06-21,unchanged
CLOV,2024-10-02,unchanged
CLPR,2024-12-16,unchanged
CLPS,2020-02-04,unchanged
CLPS,2020-03-06,unchanged
CLPS,2020-06-10,unchanged
CLPS,2020-06-12,unchanged
CLPS,2020-07-15,unchanged
CLPS,2020-08-17,unchanged
CLPS,2020-08-21,unchanged
CLPS,2020-10-23,unchanged
CLPS,2020-11-16,unchanged
CLPS,2020-12-08,unchanged
CLPS,2021-01-22,unchanged
CLPS,2021-02-17,unchanged
CLPS,2021-03-05,unchanged
CLPS,2021-03-12,unchanged
CLPS,2021-03-17,unchanged
CLPS,2022-08-08,unchanged
CLPS,nan,unchanged
CLPT,2020-07-17,unchanged
CLPT,2024-08-08,unchanged
CLPT,nan,unchanged
CLRB,2020-12-01,unchanged
CLRB,2020-12-02,unchanged
CLRB,2022-04-14,unchanged
CLRB,2022-07-20,unchanged
CLRB,2023-09-05,unchanged
CLRB,2024-01-08,unchanged
CLRB,nan,unchanged
CLRO,2020-03-05,unchanged
CLRO,2020-03-24,unchanged
CLRO,2020-06-16,unchanged
CLRO,2020-08-17,unchanged
CLRO,2020-09-11,unchanged
CLRO,2020-12-10,unchanged
CLRO,2021-03-31,unchanged
CLRO,2022-01-25,unchanged
CLRO,2022-12-09,unchanged
CLRO,2023-05-09,unchanged
CLRO,2023-12-28,unchanged
CLRO,2024-03-12,unchanged
CLRO,2024-05-01,unchanged
CLRO,2024-06-13,unchanged
CLRO,2024-08-16,unchanged
CLRO,2024-12-31,unchanged
CLRO,nan,unchanged
CLSD,2020-12-31,unchanged
CLSD,2021-06-15,unchanged
CLSD,2021-06-17,unchanged
CLSD,2021-07-06,unchanged
CLSD,2022-03-11,unchanged
CLSD,2023-04-04,unchanged
CLSD,nan,unchanged
CLSK,2020-03-03,unchanged
CLSK,2020-04-09,unchanged
CLSK,2020-05-05,unchanged
CLSK,2020-05-21,unchanged
CLSK,2020-06-29,unchanged
CLSK,2020-07-06,unchanged
CLSK,2020-07-09,unchanged
CLSK,2020-07-29,unchanged
CLSK,2020-08-10,unchanged
CLSK,2020-09-21,unchanged
CLSK,2021-01-06,unchanged
CLSK,2021-02-18,unchanged
CLSK,2024-02-09,unchanged
CLSK,2024-11-11,unchanged
CLSKW,2024-11-21,unchanged
CLSKW,2024-11-22,unchanged
CLSKW,2024-11-25,unchanged
CLW,2020-03-19,unchanged
CLW,2022-08-03,unchanged
CLWT,2020-06-12,unchanged
CLWT,2020-06-17,unchanged
CLWT,2020-12-28,unchanged
CLWT,2021-04-01,unchanged
CLWT,2021-05-20,unchanged
CLWT,2021-07-12,unchanged
CLWT,2021-12-16,unchanged
CLWT,2022-08-05,unchanged
CLWT,2022-08-10,unchanged
CLWT,2023-04-18,unchanged
CMBM,2020-07-08,unchanged
CMBM,2024-07-10,unchanged
CMBM,nan,unchanged
CMCM,2020-05-20,unchanged
CMCM,2020-07-08,unchanged
CMCM,2021-02-05,unchanged
CMCM,2022-09-02,unchanged
CMCM,2023-11-03,unchanged
CMCM,2024-05-20,unchanged
CMCT,2020-03-20,unchanged
CMCT,2023-04-17,unchanged
CMCT,2024-12-31,unchanged
CMCT,nan,unchanged
CMMB,2021-04-08,unchanged
CMMB,2021-04-19,unchanged
CMMB,2021-05-18,unchanged
CMMB,2021-06-11,unchanged
CMMB,2021-11-01,unchanged
CMMB,2021-12-21,unchanged
CMMB,2023-01-03,unchanged
CMMB,2023-02-21,unchanged
CMMB,2023-06-26,unchanged
CMMB,2023-11-15,unchanged
CMMB,2023-12-19,unchanged
CMND,2022-11-30,unchanged
CMND,2022-12-13,unchanged
CMND,2022-12-15,unchanged
CMND,2023-01-09,unchanged
CMND,2023-03-13,unchanged
CMND,2023-04-11,unchanged
CMND,2023-04-19,unchanged
CMND,2023-04-26,unchanged
CMND,2023-05-12,unchanged
CMND,2023-06-23,unchanged
CMND,2023-10-11,unchanged
CMND,2023-11-28,unchanged
CMND,2023-11-29,unchanged
CMND,2023-11-30,unchanged
CMND,2023-12-01,unchanged
CMND,2023-12-05,unchanged
CMND,2024-01-10,unchanged
CMND,2024-01-25,unchanged
CMND,2024-02-01,unchanged
CMND,2024-05-07,unchanged
CMND,2024-06-21,unchanged
CMND,2024-06-28,unchanged
CMND,2024-07-15,unchanged
CMND,2024-10-18,unchanged
CMND,2024-12-24,unchanged
CMND,nan,unchanged
CMP,2024-09-17,unchanged
CMP,2024-11-15,unchanged
CMPO,2024-03-07,unchanged
CMPO,2024-08-08,unchanged
CMPOW,2022-02-01,unchanged
CMPOW,2022-05-16,unchanged
CMPOW,2022-06-07,unchanged
CMPOW,2022-10-26,unchanged
CMPOW,2022-10-27,unchanged
CMPOW,2022-11-03,unchanged
CMPOW,2024-08-08,unchanged
CMPOW,2024-08-09,unchanged
CMPOW,nan,unchanged
CMPR,2020-03-24,unchanged
CMPR,2020-07-30,unchanged
CMPR,2023-03-27,unchanged
CMPR,2024-02-01,unchanged
CMPS,2020-09-22,unchanged
CMPX,2022-04-05,unchanged
CMPX,2022-05-12,unchanged
CMPX,2022-05-13,unchanged
CMPX,nan,unchanged
CMTL,2023-10-13,unchanged
CMTL,2024-05-20,unchanged
CMTL,2024-06-18,unchanged
CMTL,2024-12-20,unchanged
CNCK,nan,unchanged
CNCKW,2024-12-12,unchanged
CNCKW,2024-12-26,unchanged
CNCKW,nan,unchanged
CNDT,2020-06-08,unchanged
CNDT,2020-08-07,unchanged
CNET,2020-03-31,unchanged
CNET,2020-05-20,unchanged
CNET,2020-06-09,unchanged
CNET,2020-07-30,unchanged
CNET,2020-09-30,unchanged
CNET,2020-12-09,unchanged
CNET,2021-01-07,unchanged
CNET,2021-01-08,unchanged
CNET,2021-01-14,unchanged
CNET,2021-02-17,unchanged
CNET,2022-03-18,unchanged
CNET,2022-07-05,unchanged
CNET,2022-08-04,unchanged
CNET,2022-08-05,unchanged
CNET,2022-09-15,unchanged
CNET,2022-11-04,unchanged
CNET,2022-12-08,unchanged
CNET,2023-12-05,unchanged
CNET,2024-01-26,unchanged
CNET,2024-02-15,unchanged
CNET,2024-09-11,unchanged
CNET,2024-09-26,unchanged
CNET,2024-09-27,unchanged
CNET,2024-09-30,unchanged
CNET,nan,unchanged
CNEY,2021-06-14,unchanged
CNEY,2021-12-15,unchanged
CNEY,2023-01-20,unchanged
CNEY,2023-01-23,unchanged
CNEY,2023-04-05,unchanged
CNEY,2023-12-28,unchanged
CNEY,2024-01-17,unchanged
CNEY,2024-02-21,unchanged
CNEY,2024-04-12,unchanged
CNEY,2024-05-20,unchanged
CNEY,2024-07-10,unchanged
CNEY,2024-07-24,unchanged
CNEY,2024-09-11,unchanged
CNEY,2024-09-16,unchanged
CNEY,2024-09-25,unchanged
CNEY,2024-09-26,unchanged
CNEY,2024-09-27,unchanged
CNEY,2024-10-10,unchanged
CNEY,2024-10-31,unchanged
CNEY,2024-12-04,unchanged
CNEY,nan,unchanged
CNF,2024-10-01,unchanged
CNF,2024-10-02,unchanged
CNF,nan,unchanged
CNK,2020-03-19,unchanged
CNK,2020-11-09,unchanged
CNK,2021-01-27,unchanged
CNR,2020-03-24,unchanged
CNSP,2023-04-20,unchanged
CNSP,2024-06-14,unchanged
CNSP,2024-06-25,unchanged
CNSP,2024-07-03,unchanged
CNSP,2024-07-11,unchanged
CNSP,2024-07-31,unchanged
CNSP,2024-08-20,unchanged
CNSP,2024-10-23,unchanged
CNSP,2024-10-24,unchanged
CNSP,nan,unchanged
CNTB,2021-10-14,unchanged
CNTB,2022-03-18,unchanged
CNTB,2022-08-08,unchanged
CNTB,2023-03-20,unchanged
CNTB,2023-06-02,unchanged
CNTB,2023-10-18,unchanged
CNTB,2023-11-07,unchanged
CNTB,2023-11-17,unchanged
CNTB,2023-12-15,unchanged
CNTB,2024-02-09,unchanged
CNTB,2024-04-01,unchanged
CNTB,2024-05-14,unchanged
CNTB,2024-06-28,unchanged
CNTB,2024-08-29,unchanged
CNTB,nan,unchanged
CNTX,2021-10-21,unchanged
CNTX,2021-11-19,unchanged
CNTX,2021-12-01,unchanged
CNTX,2021-12-09,unchanged
CNTX,2023-01-09,unchanged
CNTX,2023-01-31,unchanged
CNTX,2024-05-02,unchanged
CNTY,2020-03-20,unchanged
CNTY,2020-03-23,unchanged
CNTY,2020-03-24,unchanged
CNTY,2020-03-25,unchanged
CNVS,2024-02-14,unchanged
CNVS,2024-10-08,unchanged
CNVS,2024-11-15,unchanged
CNX,2020-03-13,unchanged
CNXC,nan,unchanged
COCH,2023-10-27,unchanged
COCH,2023-11-28,unchanged
COCH,2023-11-29,unchanged
COCH,2024-02-05,unchanged
COCH,2024-02-28,unchanged
COCH,2024-02-29,unchanged
COCH,2024-03-01,unchanged
COCH,2024-03-04,unchanged
COCH,2024-04-03,unchanged
COCH,nan,unchanged
COCP,2020-02-13,unchanged
COCP,2020-02-24,unchanged
COCP,2020-02-25,unchanged
COCP,2020-03-09,unchanged
COCP,2020-04-14,unchanged
COCP,2020-06-12,unchanged
COCP,2020-08-03,unchanged
COCP,2020-11-24,unchanged
COCP,2020-11-25,unchanged
COCP,2021-01-19,unchanged
COCP,2021-05-04,unchanged
COCP,2021-07-29,unchanged
COCP,nan,unchanged
CODA,2021-02-01,unchanged
CODX,2020-01-10,unchanged
CODX,2020-01-23,unchanged
CODX,2020-01-27,unchanged
CODX,2020-01-31,unchanged
CODX,2020-02-10,unchanged
CODX,2020-02-24,unchanged
CODX,2020-02-26,unchanged
CODX,2020-02-27,unchanged
CODX,2020-02-28,unchanged
CODX,2020-03-02,unchanged
CODX,2020-03-11,unchanged
CODX,2020-03-17,unchanged
CODX,2020-04-06,unchanged
CODX,2020-04-16,unchanged
CODX,2020-05-13,unchanged
CODX,2020-09-08,unchanged
CODX,2020-11-25,unchanged
CODX,2023-12-27,unchanged
CODX,2024-06-06,unchanged
CODX,2024-08-19,unchanged
CODX,2024-08-23,unchanged
CODX,nan,unchanged
COEP,2022-04-19,unchanged
COEP,2022-04-28,unchanged
COEP,2022-10-31,unchanged
COEP,2023-01-03,unchanged
COEP,2023-03-27,unchanged
COEP,2024-02-15,unchanged
COEP,2024-12-26,unchanged
COEP,2024-12-31,unchanged
COEP,nan,unchanged
COGT,2020-11-09,unchanged
COGT,2022-06-10,unchanged
COGT,2024-02-14,unchanged
COGT,nan,unchanged
COHR,2021-01-19,unchanged
COIG,nan,unchanged
COIN,2022-08-04,unchanged
COIN,2023-02-02,unchanged
COIN,2024-11-06,unchanged
COMM,2024-07-18,unchanged
COMM,2024-08-08,unchanged
COMM,nan,unchanged
COMP,2022-11-10,unchanged
COMP,2022-11-11,unchanged
COMP,2023-05-10,unchanged
CONI,nan,unchanged
CONL,2023-02-02,unchanged
CONL,2023-07-13,unchanged
CONL,2024-02-16,unchanged
CONL,2024-02-26,unchanged
CONL,2024-11-06,unchanged
CONL,2024-11-11,unchanged
CONL,nan,unchanged
COOK,2023-08-03,unchanged
COOK,2024-08-07,unchanged
COOK,nan,unchanged
COOT,2024-06-21,unchanged
COOT,nan,unchanged
CORT,2020-09-02,unchanged
CORT,nan,unchanged
CORZ,2024-01-24,unchanged
CORZ,2024-06-04,unchanged
CORZ,nan,unchanged
CORZW,2022-01-25,unchanged
CORZW,2022-08-16,unchanged
CORZW,2024-01-24,unchanged
CORZW,2024-02-06,unchanged
CORZW,2024-02-28,unchanged
CORZW,2024-06-04,unchanged
CORZW,2024-06-06,unchanged
CORZW,nan,unchanged
CORZZ,2024-01-29,unchanged
CORZZ,2024-06-06,unchanged
CORZZ,nan,unchanged
COSM,2022-04-27,unchanged
COSM,2022-06-14,unchanged
COSM,2022-07-01,unchanged
COSM,2022-07-12,unchanged
COSM,2022-08-25,unchanged
COSM,2022-09-22,unchanged
COSM,2022-10-13,unchanged
COSM,2022-10-20,unchanged
COSM,2022-10-26,unchanged
COSM,2022-11-10,unchanged
COSM,2022-11-11,unchanged
COSM,2022-11-14,unchanged
COSM,2022-11-17,unchanged
COSM,2022-11-18,unchanged
COSM,2022-11-22,unchanged
COSM,2022-11-23,unchanged
COSM,2022-11-25,unchanged
COSM,2022-11-28,unchanged
COSM,2022-11-29,unchanged
COSM,2022-12-02,unchanged
COSM,2022-12-16,unchanged
COSM,2023-01-03,unchanged
COSM,2023-01-20,unchanged
COSM,2023-01-24,unchanged
COSM,2023-08-07,unchanged
COSM,2023-09-12,unchanged
COSM,2023-09-18,unchanged
COSM,2023-12-01,unchanged
COSM,2023-12-19,unchanged
COSM,2024-06-28,unchanged
COSM,2024-07-01,unchanged
COSM,2024-08-21,unchanged
COSM,nan,unchanged
COTY,2020-03-26,unchanged
COTY,2020-04-07,unchanged
COUR,2024-07-26,unchanged
COUR,nan,unchanged
COYA,2023-05-16,unchanged
COYA,2023-12-01,unchanged
CPA,2020-03-20,unchanged
CPA,2020-11-09,unchanged
CPHC,2020-08-13,unchanged
CPHC,2023-12-14,unchanged
CPIX,2021-11-30,unchanged
CPIX,2021-12-06,unchanged
CPIX,2024-11-27,unchanged
CPIX,2024-12-10,unchanged
CPIX,2024-12-13,unchanged
CPIX,nan,unchanged
CPNG,2022-05-12,unchanged
CPOP,2021-07-01,unchanged
CPOP,2021-10-29,unchanged
CPOP,2021-12-28,unchanged
CPOP,2021-12-29,unchanged
CPOP,2021-12-31,unchanged
CPOP,2022-03-10,unchanged
CPOP,2022-05-19,unchanged
CPOP,2022-08-05,unchanged
CPOP,2023-05-01,unchanged
CPOP,2023-10-31,unchanged
CPOP,2024-02-08,unchanged
CPOP,2024-02-16,unchanged
CPOP,2024-02-20,unchanged
CPOP,2024-02-21,unchanged
CPOP,2024-03-18,unchanged
CPOP,2024-05-09,unchanged
CPOP,2024-06-25,unchanged
CPOP,nan,unchanged
CPRI,2020-03-19,unchanged
CPRI,2020-04-06,unchanged
CPRI,2020-04-07,unchanged
CPRI,2023-08-10,unchanged
CPRI,nan,unchanged
CPS,2020-04-29,unchanged
CPS,2020-11-06,unchanged
CPS,2022-08-05,unchanged
CPS,2023-11-03,unchanged
CPS,2024-11-01,unchanged
CPS,nan,unchanged
CPSH,2020-01-31,unchanged
CPSH,2020-05-06,unchanged
CPSH,2020-06-30,unchanged
CPSH,2020-07-07,unchanged
CPSH,2020-09-24,unchanged
CPSH,2020-11-13,unchanged
CPSH,2021-01-08,unchanged
CPSH,2021-01-12,unchanged
CPSH,2021-01-14,unchanged
CPSH,2021-02-03,unchanged
CPSH,2021-02-04,unchanged
CPSH,2021-12-14,unchanged
CPSH,2022-03-09,unchanged
CPSS,2020-03-20,unchanged
CPSS,2020-04-16,unchanged
CPSS,2020-10-08,unchanged
CPSS,2022-11-10,unchanged
CQP,2020-03-20,unchanged
CRBP,2020-12-01,unchanged
CRBP,2021-01-21,unchanged
CRBP,2022-03-21,unchanged
CRBP,2022-05-16,unchanged
CRBP,2022-10-13,unchanged
CRBP,2022-10-20,unchanged
CRBP,2022-11-30,unchanged
CRBP,2023-03-14,unchanged
CRBP,2023-03-16,unchanged
CRBP,2023-03-17,unchanged
CRBP,2023-11-30,unchanged
CRBP,2024-01-26,unchanged
CRBP,2024-01-30,unchanged
CRBU,2022-05-12,unchanged
CRBU,2023-07-06,unchanged
CRC,2020-03-16,unchanged
CRC,2020-03-19,unchanged
CRC,2020-04-03,unchanged
CRC,2020-04-09,unchanged
CRC,2020-04-23,unchanged
CRC,2020-06-05,unchanged
CRC,2020-06-08,unchanged
CRC,2020-10-28,unchanged
CRCG,nan,unchanged
CRCL,nan,unchanged
CRCT,2023-05-22,unchanged
CRCT,2024-05-08,unchanged
CRDF,2020-05-15,unchanged
CRDF,2020-06-02,unchanged
CRDF,2020-09-17,unchanged
CRDF,2020-09-21,unchanged
CRDF,2022-06-09,unchanged
CRDF,2022-06-23,unchanged
CRDF,2023-08-08,unchanged
CRDF,2024-03-01,unchanged
CRDF,2024-03-04,unchanged
CRDF,2024-03-13,unchanged
CRDF,2024-12-10,unchanged
CRDF,2024-12-17,unchanged
CRDL,2024-02-15,unchanged
CRDL,2024-03-26,unchanged
CRDO,2022-06-02,unchanged
CRDO,2024-12-03,unchanged
CRE,nan,unchanged
CREG,2020-03-31,unchanged
CREG,2020-04-15,unchanged
CREG,2020-04-17,unchanged
CREG,2020-05-04,unchanged
CREG,2020-06-11,unchanged
CREG,2020-08-14,unchanged
CREG,2020-09-23,unchanged
CREG,2020-09-25,unchanged
CREG,2020-09-28,unchanged
CREG,2020-11-23,unchanged
CREG,2020-12-28,unchanged
CREG,2021-01-26,unchanged
CREG,2024-02-15,unchanged
CREG,nan,unchanged
CRESW,nan,unchanged
CRESY,2020-03-25,unchanged
CRESY,2020-07-06,unchanged
CRESY,nan,unchanged
CREV,2023-11-06,unchanged
CREV,2023-11-07,unchanged
CREV,2023-11-28,unchanged
CREV,2023-12-05,unchanged
CREV,2024-03-06,unchanged
CREV,2024-03-18,unchanged
CREV,2024-07-24,unchanged
CREV,2024-07-26,unchanged
CREV,2024-12-23,unchanged
CREV,2024-12-24,unchanged
CREV,nan,unchanged
CREX,2020-03-13,unchanged
CREX,2020-03-30,unchanged
CREX,2020-04-28,unchanged
CREX,2020-04-30,unchanged
CREX,2020-05-11,unchanged
CREX,2020-05-13,unchanged
CREX,2020-06-16,unchanged
CREX,2020-12-14,unchanged
CREX,2021-01-04,unchanged
CREX,2021-05-24,unchanged
CREX,2021-05-27,unchanged
CREX,2021-11-15,unchanged
CREX,2022-02-01,unchanged
CREX,2022-03-23,unchanged
CRGO,2023-01-27,unchanged
CRGO,2023-01-30,unchanged
CRGO,2023-06-12,unchanged
CRGO,2023-06-21,unchanged
CRGO,2024-11-11,unchanged
CRGO,nan,unchanged
CRIS,2020-06-09,unchanged
CRIS,2020-06-10,unchanged
CRIS,2020-12-02,unchanged
CRIS,2020-12-08,unchanged
CRIS,2021-01-29,unchanged
CRIS,2021-05-12,unchanged
CRIS,2022-06-03,unchanged
CRIS,2022-08-18,unchanged
CRIS,2023-09-29,unchanged
CRIS,2023-11-17,unchanged
CRIS,2024-04-04,unchanged
CRIS,2024-08-21,unchanged
CRIS,2024-08-22,unchanged
CRMD,2020-09-21,unchanged
CRMD,2021-02-02,unchanged
CRMD,2021-02-03,unchanged
CRMD,2023-11-15,unchanged
CRMD,2024-08-14,unchanged
CRMD,nan,unchanged
CRML,2024-03-04,unchanged
CRML,2024-03-19,unchanged
CRML,2024-03-20,unchanged
CRML,2024-04-18,unchanged
CRML,2024-04-22,unchanged
CRML,2024-05-17,unchanged
CRML,nan,unchanged
CRMLW,nan,unchanged
CRMT,2022-05-24,unchanged
CRNC,2024-08-08,unchanged
CRNC,2024-10-07,unchanged
CRNC,2024-11-21,unchanged
CRNC,2024-11-22,unchanged
CRNC,nan,unchanged
CRNT,2020-04-06,unchanged
CRNT,2021-01-15,unchanged
CRNT,2021-01-19,unchanged
CRNX,2020-03-17,unchanged
CRNX,2023-09-11,unchanged
CRNX,nan,unchanged
CRON,2020-11-06,unchanged
CROX,2020-03-25,unchanged
CRSR,2021-06-14,unchanged
CRTO,2020-04-02,unchanged
CRTO,2020-07-06,unchanged
CRTO,2021-02-10,unchanged
CRTO,2021-11-03,unchanged
CRVO,2023-09-07,unchanged
CRVO,2023-10-20,unchanged
CRVO,2024-02-12,unchanged
CRVO,2024-08-05,unchanged
CRVO,2024-12-06,unchanged
CRVO,nan,unchanged
CRVS,2020-05-05,unchanged
CRVS,2020-07-07,unchanged
CRVS,2020-10-05,unchanged
CRVS,2021-09-17,unchanged
CRVS,2021-09-21,unchanged
CRVS,2023-05-10,unchanged
CRVS,2023-05-15,unchanged
CRVS,2023-05-17,unchanged
CRVS,nan,unchanged
CRWG,nan,unchanged
CRWL,nan,unchanged
CRWV,nan,unchanged
CSAI,nan,unchanged
CSBR,2020-03-13,unchanged
CSBR,2020-03-19,unchanged
CSBR,2022-12-15,unchanged
CSBR,nan,unchanged
CSGP,2020-07-29,unchanged
CSGS,2023-08-03,unchanged
CSPI,2024-02-22,unchanged
CSTE,2021-05-05,unchanged
CSTL,2023-06-06,unchanged
CSTL,2023-07-07,unchanged
CSTL,nan,unchanged
CSTM,2020-03-24,unchanged
CTBB,2020-03-19,unchanged
CTDD,2020-03-19,unchanged
CTEV,nan,unchanged
CTKB,2024-11-06,unchanged
CTMX,2020-03-24,unchanged
CTMX,2022-11-17,unchanged
CTMX,2023-01-06,unchanged
CTMX,2024-02-27,unchanged
CTMX,2024-05-01,unchanged
CTMX,nan,unchanged
CTNM,nan,unchanged
CTNT,2023-08-23,unchanged
CTNT,2023-09-01,unchanged
CTNT,2023-11-03,unchanged
CTNT,2023-11-06,unchanged
CTNT,2023-11-13,unchanged
CTNT,2023-12-15,unchanged
CTNT,2024-02-16,unchanged
CTNT,2024-03-14,unchanged
CTNT,2024-05-14,unchanged
CTNT,2024-05-16,unchanged
CTNT,2024-05-17,unchanged
CTNT,2024-05-20,unchanged
CTNT,2024-07-02,unchanged
CTNT,2024-07-11,unchanged
CTNT,2024-08-23,unchanged
CTNT,2024-10-04,unchanged
CTNT,2024-10-28,unchanged
CTNT,2024-12-03,unchanged
CTNT,2024-12-18,unchanged
CTNT,nan,unchanged
CTOR,2024-12-02,unchanged
CTOR,2024-12-03,unchanged
CTOR,nan,unchanged
CTOS,nan,unchanged
CTRA,2020-03-13,unchanged
CTRA,2020-03-25,unchanged
CTRA,2020-03-31,unchanged
CTRA,2020-04-08,unchanged
CTRA,2020-09-18,unchanged
CTRA,2021-10-04,unchanged
CTRE,2020-03-19,unchanged
CTRM,2020-03-04,unchanged
CTRM,2020-03-13,unchanged
CTRM,2020-03-17,unchanged
CTRM,2020-03-26,unchanged
CTRM,2020-03-27,unchanged
CTRM,2020-03-30,unchanged
CTRM,2020-08-26,unchanged
CTRM,2020-09-11,unchanged
CTRM,2020-12-04,unchanged
CTRM,2020-12-24,unchanged
CTRM,2020-12-30,unchanged
CTRM,2021-01-05,unchanged
CTRM,2021-01-11,unchanged
CTRM,2021-01-12,unchanged
CTRM,2021-01-13,unchanged
CTRM,2021-01-21,unchanged
CTRM,2021-01-27,unchanged
CTRM,2021-01-28,unchanged
CTRM,2021-02-08,unchanged
CTRM,2021-02-11,unchanged
CTRM,2021-06-03,unchanged
CTRM,2021-08-05,unchanged
CTRM,2024-01-02,unchanged
CTRN,2020-03-13,unchanged
CTSO,2020-02-28,unchanged
CTSO,2020-03-25,unchanged
CTSO,2020-04-13,unchanged
CTSO,2022-06-07,unchanged
CTSO,2022-08-18,unchanged
CTSO,2023-03-07,unchanged
CTW,nan,unchanged
CTXR,2020-01-16,unchanged
CTXR,2020-04-01,unchanged
CTXR,2020-04-27,unchanged
CTXR,2020-04-28,unchanged
CTXR,2020-06-26,unchanged
CTXR,2021-02-16,unchanged
CTXR,2021-02-19,unchanged
CTXR,2021-02-22,unchanged
CTXR,2024-11-25,unchanged
CTXR,2024-12-31,unchanged
CTXR,nan,unchanged
CUB,2020-09-21,unchanged
CUBB,2020-03-25,unchanged
CUBIpF,2020-03-25,unchanged
CUE,2021-05-10,unchanged
CUE,2024-04-30,unchanged
CUE,2024-10-04,unchanged
CUE,2024-10-21,unchanged
CUE,nan,unchanged
CUK,2020-03-20,unchanged
CUK,2020-03-24,unchanged
CUK,2020-11-09,unchanged
CUPR,nan,unchanged
CURI,2020-12-21,unchanged
CURI,2024-03-21,unchanged
CURI,2024-06-11,unchanged
CURI,2024-09-12,unchanged
CURI,nan,unchanged
CURR,2024-09-03,unchanged
CURR,2024-09-13,unchanged
CURR,2024-09-18,unchanged
CURR,2024-12-18,unchanged
CURR,2024-12-19,unchanged
CURR,2024-12-26,unchanged
CURR,nan,unchanged
CURV,2021-09-09,unchanged
CURV,2023-03-24,unchanged
CURV,2023-09-28,unchanged
CURV,2023-12-08,unchanged
CURX,nan,unchanged
CV,nan,unchanged
CVAC,2020-08-17,unchanged
CVAC,2023-01-06,unchanged
CVAC,2023-01-09,unchanged
CVAC,2024-05-22,unchanged
CVAC,nan,unchanged
CVE,2020-03-10,unchanged
CVE,2020-04-02,unchanged
CVE.WS,2021-01-19,unchanged
CVE.WS,nan,unchanged
CVEO,2020-03-10,unchanged
CVEO,2020-04-29,unchanged
CVEO,2020-05-26,unchanged
CVEO,2020-07-29,unchanged
CVEO,2020-10-28,unchanged
CVGI,2020-03-19,unchanged
CVGI,2020-03-25,unchanged
CVGI,2020-03-26,unchanged
CVGI,2020-04-29,unchanged
CVGI,2020-08-10,unchanged
CVGI,nan,unchanged
CVI,2020-03-13,unchanged
CVI,2020-11-09,unchanged
CVKD,2023-01-23,unchanged
CVKD,2023-07-12,unchanged
CVKD,2023-11-15,unchanged
CVKD,2023-11-20,unchanged
CVKD,2023-12-28,unchanged
CVKD,2024-08-20,unchanged
CVKD,2024-09-12,unchanged
CVKD,nan,unchanged
CVNA,2020-03-24,unchanged
CVNA,2020-09-22,unchanged
CVNA,2022-05-12,unchanged
CVNA,2022-08-05,unchanged
CVNA,2022-11-10,unchanged
CVNA,2022-12-08,unchanged
CVNA,2023-01-11,unchanged
CVNA,2023-01-12,unchanged
CVNA,2023-01-30,unchanged
CVNA,2023-02-01,unchanged
CVNA,2023-02-02,unchanged
CVNA,2023-05-05,unchanged
CVNA,2023-05-08,unchanged
CVNA,2023-06-01,unchanged
CVNA,2023-06-08,unchanged
CVNA,2023-07-19,unchanged
CVNA,2024-02-23,unchanged
CVNA,2024-05-02,unchanged
CVNX,nan,unchanged
CVRX,2022-04-28,unchanged
CVRX,2023-02-22,unchanged
CVRX,2023-04-28,unchanged
CVRX,2023-11-03,unchanged
CVRX,2024-06-05,unchanged
CVRX,2024-10-30,unchanged
CVV,2020-03-24,unchanged
CVV,2020-07-14,unchanged
CVV,2020-10-07,unchanged
CVV,2021-02-11,unchanged
CVV,2021-08-13,unchanged
CVV,2023-01-11,unchanged
CVV,2023-08-21,unchanged
CWBC,2024-04-01,unchanged
CWCO,2020-03-17,unchanged
CWD,2023-05-18,unchanged
CWD,nan,unchanged
CWH,2020-03-24,unchanged
CWH,2020-05-08,unchanged
CWH,2023-11-02,unchanged
CWK,2020-03-19,unchanged
CWT,2020-03-17,unchanged
CXAI,2023-03-16,unchanged
CXAI,2023-03-23,unchanged
CXAI,2023-03-31,unchanged
CXAI,2023-04-13,unchanged
CXAI,2023-04-14,unchanged
CXAI,2023-04-25,unchanged
CXAI,2023-04-27,unchanged
CXAI,2023-04-28,unchanged
CXAI,2023-05-30,unchanged
CXAI,2023-05-31,unchanged
CXAI,2023-06-05,unchanged
CXAI,2023-09-05,unchanged
CXAI,2024-01-22,unchanged
CXAI,2024-02-27,unchanged
CXAI,2024-02-29,unchanged
CXAI,2024-03-13,unchanged
CXAI,2024-04-01,unchanged
CXAI,2024-04-08,unchanged
CXAI,2024-04-17,unchanged
CXAI,2024-08-13,unchanged
CXAI,2024-12-06,unchanged
CXAI,2024-12-26,unchanged
CXAI,nan,unchanged
CXDO,2023-12-18,unchanged
CXW,2024-11-06,unchanged
CYCN,2020-02-05,unchanged
CYCN,2020-02-19,unchanged
CYCN,2020-06-23,unchanged
CYCN,2021-02-04,unchanged
CYCN,2021-05-07,unchanged
CYCN,2021-06-08,unchanged
CYCN,2021-11-24,unchanged
CYCN,2022-06-24,unchanged
CYCN,2022-08-08,unchanged
CYCN,2022-10-24,unchanged
CYCN,2022-11-22,unchanged
CYCN,2023-03-27,unchanged
CYCN,2023-05-16,unchanged
CYCN,2023-12-01,unchanged
CYCN,2023-12-18,unchanged
CYCN,2023-12-19,unchanged
CYCN,2024-02-08,unchanged
CYCN,2024-06-14,unchanged
CYCN,2024-07-10,unchanged
CYCN,2024-07-17,unchanged
CYCN,2024-10-29,unchanged
CYCN,2024-11-15,unchanged
CYCN,2024-11-27,unchanged
CYCN,2024-12-04,unchanged
CYCN,2024-12-09,unchanged
CYCN,nan,unchanged
CYCU,nan,unchanged
CYD,2024-12-26,unchanged
CYD,nan,unchanged
CYH,2020-02-20,unchanged
CYH,2020-03-23,unchanged
CYH,2020-10-28,unchanged
CYH,2023-02-16,unchanged
CYH,nan,unchanged
CYN,2021-10-25,unchanged
CYN,2022-04-21,unchanged
CYN,2022-04-22,unchanged
CYN,2022-04-26,unchanged
CYN,2022-04-29,unchanged
CYN,2022-05-05,unchanged
CYN,2022-05-27,unchanged
CYN,2022-06-13,unchanged
CYN,2023-12-07,unchanged
CYN,2024-01-23,unchanged
CYN,2024-01-24,unchanged
CYN,2024-01-25,unchanged
CYN,2024-01-26,unchanged
CYN,2024-03-19,unchanged
CYN,2024-04-23,unchanged
CYN,2024-05-16,unchanged
CYN,2024-05-17,unchanged
CYN,2024-06-12,unchanged
CYN,2024-07-11,unchanged
CYN,2024-07-15,unchanged
CYN,2024-11-07,unchanged
CYN,2024-11-13,unchanged
CYN,2024-12-23,unchanged
CYN,2024-12-30,unchanged
CYN,nan,unchanged
CYRX,2020-08-26,unchanged
CYRX,2024-07-11,unchanged
CYRX,nan,unchanged
CYTK,2020-05-11,unchanged
CYTK,2021-07-19,unchanged
CYTK,2023-12-27,unchanged
CYTK,nan,unchanged
CZR,2020-03-19,unchanged
CZR,2020-03-20,unchanged
CZR,2020-07-21,unchanged
CZR,2020-11-09,unchanged
CZWI,2020-04-29,unchanged
DAC,2020-03-17,unchanged
DAC,2020-08-04,unchanged
DAIC,nan,unchanged
DAKT,2023-07-12,unchanged
DAL,2020-03-24,unchanged
DAN,2020-03-19,unchanged
DAO,2020-02-10,unchanged
DAO,2021-07-28,unchanged
DAO,2022-03-16,unchanged
DAO,2022-06-08,unchanged
DAO,2024-10-02,unchanged
DAO,nan,unchanged
DARE,2020-01-13,unchanged
DARE,2020-07-14,unchanged
DARE,2020-12-18,unchanged
DARE,2021-01-19,unchanged
DARE,2021-01-20,unchanged
DARE,2021-06-30,unchanged
DARE,2021-07-07,unchanged
DARE,2023-10-16,unchanged
DARE,2024-02-23,unchanged
DARE,2024-04-30,unchanged
DARE,nan,unchanged
DAVE,2022-01-13,unchanged
DAVE,2022-01-21,unchanged
DAVE,2022-01-28,unchanged
DAVE,2022-03-18,unchanged
DAVE,2022-03-29,unchanged
DAVE,2022-05-13,unchanged
DAVE,2022-07-20,unchanged
DAVE,2022-07-27,unchanged
DAVE,2022-11-22,unchanged
DAVE,2024-03-05,unchanged
DAVE,2024-03-07,unchanged
DAVE,2024-05-07,unchanged
DAVE,2024-11-13,unchanged
DAVE,nan,unchanged
DAVEW,2022-01-24,unchanged
DAVEW,2022-01-28,unchanged
DAVEW,2022-02-01,unchanged
DAVEW,2022-03-21,unchanged
DAVEW,2022-03-28,unchanged
DAVEW,2022-03-29,unchanged
DAVEW,nan,unchanged
DAWN,2022-06-13,unchanged
DBD,2020-03-17,unchanged
DBD,2020-04-06,unchanged
DBD,2020-04-28,unchanged
DBD,2022-05-12,unchanged
DBD,2023-08-14,unchanged
DBGI,2022-11-22,unchanged
DBGI,2022-11-23,unchanged
DBGI,2022-11-28,unchanged
DBGI,2022-12-05,unchanged
DBGI,2022-12-30,unchanged
DBGI,2023-01-23,unchanged
DBGI,2023-03-09,unchanged
DBGI,2023-05-04,unchanged
DBGI,2023-08-16,unchanged
DBGI,2023-08-21,unchanged
DBGI,2023-08-23,unchanged
DBGI,2023-08-29,unchanged
DBGI,2023-08-30,unchanged
DBGI,2023-09-05,unchanged
DBGI,2023-11-06,unchanged
DBGI,2023-11-30,unchanged
DBGI,2024-02-13,unchanged
DBGI,2024-07-11,unchanged
DBGI,2024-10-15,unchanged
DBGI,2024-10-21,unchanged
DBGI,2024-10-22,unchanged
DBGI,2024-10-24,unchanged
DBGI,2024-11-01,unchanged
DBGI,2024-11-12,unchanged
DBGI,2024-11-13,unchanged
DBGI,2024-11-20,unchanged
DBGI,2024-12-26,unchanged
DBGI,2024-12-31,unchanged
DBGI,nan,unchanged
DBI,2020-03-19,unchanged
DBI,2020-03-24,unchanged
DBI,2020-11-09,unchanged
DBI,2021-01-25,unchanged
DBVT,2020-03-18,unchanged
DBVT,2020-03-19,unchanged
DBVT,2020-03-20,unchanged
DBVT,2020-11-02,unchanged
DBVT,2021-01-15,unchanged
DBVT,2021-01-19,unchanged
DBVT,2022-03-03,unchanged
DBVT,2022-06-09,unchanged
DBVT,2022-12-23,unchanged
DBVT,2024-10-23,unchanged
DBVT,2024-10-24,unchanged
DBVT,nan,unchanged
DCGO,2024-08-08,unchanged
DCGO,nan,unchanged
DCO,2020-02-21,unchanged
DCOM,2021-02-01,unchanged
DCTH,2023-08-15,unchanged
DCTH,2024-05-14,unchanged
DDD,2021-01-07,unchanged
DDD,2021-01-08,unchanged
DDD,2021-01-14,unchanged
DDD,2021-05-11,unchanged
DDD,2021-06-22,unchanged
DDD,2021-08-10,unchanged
DDD,nan,unchanged
DDI,2024-03-08,unchanged
DDL,2021-06-30,unchanged
DDL,2021-12-31,unchanged
DDL,2022-03-16,unchanged
DDL,2022-04-04,unchanged
DDL,2022-04-05,unchanged
DDOG,2023-11-07,unchanged
DDS,2020-03-19,unchanged
DDS,2020-03-24,unchanged
DDS,2020-04-06,unchanged
DDS,2020-10-12,unchanged
DELL,2024-03-01,unchanged
DENN,2020-03-24,unchanged
DENN,2020-03-25,unchanged
DENN,2020-11-09,unchanged
DERM,2022-12-30,unchanged
DERM,2023-01-11,unchanged
DERM,2023-05-19,unchanged
DERM,2023-06-13,unchanged
DERM,2023-07-10,unchanged
DERM,2024-03-26,unchanged
DERM,2024-04-04,unchanged
DERM,nan,unchanged
DEVS,2024-11-08,unchanged
DEVS,2024-11-22,unchanged
DEVS,2024-11-26,unchanged
DEVS,2024-11-29,unchanged
DEVS,2024-12-19,unchanged
DEVS,2024-12-23,unchanged
DEVS,nan,unchanged
DFDV,nan,unchanged
DFIN,2020-03-26,unchanged
DFLI,2022-10-11,unchanged
DFLI,2022-12-12,unchanged
DFLI,2022-12-19,unchanged
DFLI,2022-12-20,unchanged
DFLI,2023-02-28,unchanged
DFLI,2023-03-17,unchanged
DFLI,2023-04-17,unchanged
DFLI,2023-06-12,unchanged
DFLI,2023-07-24,unchanged
DFLI,2024-04-16,unchanged
DFLI,2024-04-18,unchanged
DFLI,2024-11-22,unchanged
DFLI,nan,unchanged
DFSC,nan,unchanged
DGLY,2020-06-08,unchanged
DGLY,2020-06-09,unchanged
DGLY,2020-07-16,unchanged
DGLY,2020-11-02,unchanged
DGLY,2021-01-06,unchanged
DGLY,2023-06-02,unchanged
DGLY,2024-08-14,unchanged
DGLY,2024-11-19,unchanged
DGLY,nan,unchanged
DGNX,nan,unchanged
DGXX,nan,unchanged
DH,nan,unchanged
DHC,2020-06-03,unchanged
DHC,2020-11-09,unchanged
DHC,2023-03-02,unchanged
DHC,nan,unchanged
DHCNI,2020-03-19,unchanged
DHCNI,2020-03-20,unchanged
DHCNL,2020-03-19,unchanged
DHCNL,2020-03-20,unchanged
DHX,2020-03-19,unchanged
DHX,nan,unchanged
DIBS,2021-06-30,unchanged
DIN,2020-03-24,unchanged
DIN,2020-03-25,unchanged
DIN,2020-04-06,unchanged
DJT,2024-06-24,unchanged
DJT,2024-07-15,unchanged
DJT,2024-11-06,unchanged
DJTWW,2024-04-17,unchanged
DJTWW,2024-04-18,unchanged
DJTWW,2024-06-24,unchanged
DJTWW,2024-07-15,unchanged
DJTWW,2024-09-13,unchanged
DJTWW,2024-10-28,unchanged
DJTWW,2024-11-06,unchanged
DJTWW,nan,unchanged
DK,2020-03-20,unchanged
DK,2020-11-09,unchanged
DKI,nan,unchanged
DKL,2020-03-19,unchanged
DKL,2020-04-22,unchanged
DLHC,2020-07-28,unchanged
DLHC,nan,unchanged
DLLL,nan,unchanged
DLNG,2020-06-05,unchanged
DLNG,2020-06-16,unchanged
DLNG,2022-03-25,unchanged
DLO,2021-08-19,unchanged
DLO,2022-03-16,unchanged
DLO,2022-05-18,unchanged
DLO,2023-08-16,unchanged
DLO,2024-11-14,unchanged
DLO,nan,unchanged
DLPN,2020-01-16,unchanged
DLPN,2020-03-25,unchanged
DLPN,2020-05-20,unchanged
DLPN,2020-06-03,unchanged
DLPN,2020-06-04,unchanged
DLPN,2020-06-19,unchanged
DLPN,2020-07-09,unchanged
DLPN,2020-07-13,unchanged
DLPN,2021-01-12,unchanged
DLPN,2021-02-11,unchanged
DLPN,2021-03-23,unchanged
DLPN,2021-03-24,unchanged
DLPN,2021-03-29,unchanged
DLPN,2021-04-23,unchanged
DLPN,2021-08-02,unchanged
DLPN,2024-07-12,unchanged
DLPN,nan,unchanged
DLTH,2020-06-09,unchanged
DLTH,2024-08-29,unchanged
DLTH,nan,unchanged
DMAC,2020-05-14,unchanged
DMAC,2020-06-19,unchanged
DMAC,2023-05-15,unchanged
DMAC,2024-06-26,unchanged
DMAC,2024-12-20,unchanged
DMRC,2020-09-29,unchanged
DMRC,2022-11-04,unchanged
DMRC,2023-05-11,unchanged
DNA,2022-08-11,unchanged
DNA,2024-04-29,unchanged
DNLI,2020-01-14,unchanged
DNLI,2020-08-06,unchanged
DNLI,2024-02-27,unchanged
DNOW,nan,unchanged
DNTH,2023-12-22,unchanged
DNTH,2024-01-22,unchanged
DNUT,2024-03-26,unchanged
DNUT,nan,unchanged
DOC,2024-03-04,unchanged
DOCN,nan,unchanged
DOCS,2021-08-11,unchanged
DOCS,2022-11-11,unchanged
DOCS,2024-08-09,unchanged
DOCS,2024-11-08,unchanged
DOCS,nan,unchanged
DOGZ,2020-05-04,unchanged
DOGZ,2020-06-03,unchanged
DOGZ,2020-07-14,unchanged
DOGZ,2020-10-19,unchanged
DOGZ,2020-10-23,unchanged
DOGZ,2021-01-14,unchanged
DOGZ,2021-02-17,unchanged
DOGZ,2021-04-08,unchanged
DOGZ,2021-06-10,unchanged
DOGZ,2022-01-07,unchanged
DOGZ,2023-05-05,unchanged
DOGZ,2023-12-07,unchanged
DOGZ,2023-12-27,unchanged
DOGZ,2024-01-02,unchanged
DOGZ,2024-01-08,unchanged
DOGZ,2024-02-22,unchanged
DOGZ,2024-03-08,unchanged
DOGZ,2024-04-05,unchanged
DOGZ,2024-05-21,unchanged
DOGZ,2024-06-03,unchanged
DOGZ,2024-08-14,unchanged
DOGZ,nan,unchanged
DOMH,nan,unchanged
DOMO,nan,unchanged
DOUG,2024-07-26,unchanged
DOUG,nan,unchanged
DOYU,2022-03-16,unchanged
DOYU,2024-07-03,unchanged
DOYU,nan,unchanged
DPG,2020-03-19,unchanged
DPRO,2021-09-03,unchanged
DPRO,2022-03-16,unchanged
DPRO,2022-03-22,unchanged
DPRO,2022-11-17,unchanged
DPRO,2023-01-18,unchanged
DPRO,2023-01-31,unchanged
DPRO,2024-04-01,unchanged
DPRO,2024-08-12,unchanged
DPRO,2024-11-29,unchanged
DPRO,nan,unchanged
DQ,2020-03-24,unchanged
DRCT,2022-02-18,unchanged
DRCT,2022-03-09,unchanged
DRCT,2022-03-30,unchanged
DRCT,2022-07-20,unchanged
DRCT,2022-08-03,unchanged
DRCT,2022-08-11,unchanged
DRCT,2022-11-10,unchanged
DRCT,2023-04-19,unchanged
DRCT,2023-11-10,unchanged
DRCT,2023-11-13,unchanged
DRCT,2023-11-17,unchanged
DRCT,2023-11-21,unchanged
DRCT,2023-11-27,unchanged
DRCT,2024-06-12,unchanged
DRCT,2024-10-11,unchanged
DRCT,2024-10-14,unchanged
DRCT,2024-12-23,unchanged
DRCT,nan,unchanged
DRD,2020-04-13,unchanged
DRH,2020-03-19,unchanged
DRH,2020-03-24,unchanged
DRH,2020-11-09,unchanged
DRI,2020-03-19,unchanged
DRI,2020-03-24,unchanged
DRIO,2020-03-24,unchanged
DRIO,2020-07-31,unchanged
DRIO,2020-08-05,unchanged
DRIO,2021-03-22,unchanged
DRIO,2022-11-15,unchanged
DRIO,2023-11-03,unchanged
DRIO,nan,unchanged
DRMA,2022-02-10,unchanged
DRMA,2022-06-30,unchanged
DRMA,2022-07-07,unchanged
DRMA,2022-12-16,unchanged
DRMA,2022-12-30,unchanged
DRMA,2023-03-16,unchanged
DRMA,2023-03-21,unchanged
DRMA,2023-03-23,unchanged
DRMA,2023-03-24,unchanged
DRMA,2023-04-14,unchanged
DRMA,2023-04-17,unchanged
DRMA,2023-04-18,unchanged
DRMA,2023-04-20,unchanged
DRMA,2023-05-03,unchanged
DRMA,2023-05-11,unchanged
DRMA,2023-05-12,unchanged
DRMA,2023-08-30,unchanged
DRMA,2023-11-03,unchanged
DRMA,2023-11-16,unchanged
DRMA,2024-01-05,unchanged
DRMA,2024-05-21,unchanged
DRMA,2024-07-11,unchanged
DRMA,2024-07-23,unchanged
DRMA,2024-07-24,unchanged
DRMA,2024-08-01,unchanged
DRMA,2024-08-02,unchanged
DRMA,2024-09-16,unchanged
DRMA,2024-11-20,unchanged
DRMA,nan,unchanged
DRMAW,2021-08-30,unchanged
DRMAW,2021-09-20,unchanged
DRMAW,2021-09-21,unchanged
DRMAW,2021-11-03,unchanged
DRTS,2022-03-23,unchanged
DRTS,2022-03-24,unchanged
DRTS,2022-05-13,unchanged
DRTS,2022-06-10,unchanged
DRTS,2022-07-05,unchanged
DRTS,2023-01-12,unchanged
DRTSW,2022-03-24,unchanged
DRTSW,2022-06-10,unchanged
DRUG,2021-11-15,unchanged
DRUG,2022-04-19,unchanged
DRUG,2022-05-16,unchanged
DRUG,2022-07-20,unchanged
DRUG,2022-08-18,unchanged
DRUG,2022-08-22,unchanged
DRUG,2022-08-24,unchanged
DRUG,2022-08-25,unchanged
DRUG,2022-08-26,unchanged
DRUG,2022-09-02,unchanged
DRUG,2022-09-16,unchanged
DRUG,2022-10-18,unchanged
DRUG,2023-04-18,unchanged
DRUG,2023-04-19,unchanged
DRUG,2023-05-23,unchanged
DRUG,2023-07-14,unchanged
DRUG,2023-08-08,unchanged
DRUG,2024-01-02,unchanged
DRUG,2024-07-16,unchanged
DRUG,2024-08-26,unchanged
DRUG,2024-10-14,unchanged
DRUG,2024-10-15,unchanged
DRUG,2024-10-18,unchanged
DRUG,2024-10-21,unchanged
DSGN,2024-05-07,unchanged
DSGN,2024-09-10,unchanged
DSL,2020-03-19,unchanged
DSP,2021-03-10,unchanged
DSP,2021-03-12,unchanged
DSP,2023-08-08,unchanged
DSX,2020-04-14,unchanged
DSXpB,2020-03-13,unchanged
DSXpB,2020-03-20,unchanged
DSY,2024-06-10,unchanged
DSY,2024-06-12,unchanged
DSY,2024-08-09,unchanged
DSY,2024-08-15,unchanged
DSY,2024-08-19,unchanged
DSY,2024-08-26,unchanged
DSY,2024-09-30,unchanged
DSY,2024-10-02,unchanged
DSY,2024-10-14,unchanged
DSY,2024-12-09,unchanged
DSY,nan,unchanged
DTCK,2023-11-01,unchanged
DTCK,2023-11-06,unchanged
DTCK,2024-02-13,unchanged
DTCK,2024-04-12,unchanged
DTCK,2024-05-03,unchanged
DTCK,2024-05-08,unchanged
DTCK,2024-08-12,unchanged
DTCK,2024-12-10,unchanged
DTCK,nan,unchanged
DTIL,2021-01-19,unchanged
DTIL,nan,unchanged
DTSS,2020-01-30,unchanged
DTSS,2020-02-12,unchanged
DTSS,2020-02-28,unchanged
DTSS,2020-04-01,unchanged
DTSS,2020-06-10,unchanged
DTSS,2020-06-12,unchanged
DTSS,2020-08-03,unchanged
DTSS,2020-11-09,unchanged
DTSS,2020-11-27,unchanged
DTSS,2021-01-14,unchanged
DTSS,2021-07-09,unchanged
DTSS,2021-07-12,unchanged
DTSS,2021-07-14,unchanged
DTSS,2021-07-15,unchanged
DTSS,2021-09-13,unchanged
DTSS,2023-08-07,unchanged
DTSS,2023-08-17,unchanged
DTSS,2023-09-11,unchanged
DTSS,2024-01-23,unchanged
DTSS,2024-02-05,unchanged
DTSS,2024-02-14,unchanged
DTSS,2024-02-15,unchanged
DTSS,2024-02-26,unchanged
DTSS,2024-03-05,unchanged
DTSS,2024-07-01,unchanged
DTSS,2024-09-17,unchanged
DTSS,2024-09-26,unchanged
DTSS,nan,unchanged
DTST,2021-07-06,unchanged
DTST,2021-07-07,unchanged
DTST,2021-07-22,unchanged
DTST,2021-09-02,unchanged
DTST,2021-09-08,unchanged
DTST,2022-01-05,unchanged
DTST,2022-02-24,unchanged
DTST,2022-05-16,unchanged
DTST,nan,unchanged
DTSTW,2021-06-29,unchanged
DTSTW,2021-07-06,unchanged
DTSTW,2021-07-07,unchanged
DTSTW,2021-07-14,unchanged
DTSTW,2021-07-22,unchanged
DTSTW,2021-08-30,unchanged
DTSTW,2021-10-04,unchanged
DTSTW,2021-10-25,unchanged
DTSTW,2022-01-05,unchanged
DTSTW,2024-03-13,unchanged
DTSTW,2024-03-18,unchanged
DTSTW,2024-03-20,unchanged
DTSTW,2024-03-26,unchanged
DTSTW,2024-06-20,unchanged
DTSTW,2024-06-27,unchanged
DUO,2020-12-04,unchanged
DUO,2021-05-27,unchanged
DUO,2021-10-20,unchanged
DUO,2021-10-21,unchanged
DUO,2022-03-16,unchanged
DUO,2022-04-29,unchanged
DUO,2022-06-08,unchanged
DUO,2022-08-02,unchanged
DUO,2022-10-25,unchanged
DUO,2022-10-27,unchanged
DUO,2022-10-28,unchanged
DUO,2022-11-04,unchanged
DUO,2023-03-16,unchanged
DUO,2023-03-20,unchanged
DUO,2023-03-22,unchanged
DUO,2023-03-24,unchanged
DUO,2023-05-26,unchanged
DUO,2023-06-29,unchanged
DUO,2023-08-03,unchanged
DUO,2023-10-27,unchanged
DUO,2024-02-14,unchanged
DUO,2024-03-11,unchanged
DUO,2024-05-17,unchanged
DUO,2024-05-21,unchanged
DUO,2024-09-26,unchanged
DUO,2024-09-27,unchanged
DUO,2024-09-30,unchanged
DUO,2024-10-02,unchanged
DUO,2024-10-16,unchanged
DUO,2024-11-07,unchanged
DUO,2024-12-09,unchanged
DUO,nan,unchanged
DUOL,2022-05-13,unchanged
DUOL,nan,unchanged
DUOT,2022-12-30,unchanged
DUOT,2023-01-13,unchanged
DUOT,2023-04-03,unchanged
DUOT,2024-06-25,unchanged
DUOT,2024-11-20,unchanged
DVAX,2020-03-18,unchanged
DVAX,2020-05-06,unchanged
DVAX,2020-05-19,unchanged
DVAX,2020-05-29,unchanged
DVAX,2020-06-01,unchanged
DVAX,2021-02-01,unchanged
DVAX,2021-09-22,unchanged
DVLT,nan,unchanged
DVN,2020-04-02,unchanged
DWSN,2020-04-09,unchanged
DWSN,2020-07-13,unchanged
DWSN,2021-01-05,unchanged
DWSN,2021-02-23,unchanged
DWSN,2022-09-14,unchanged
DWSN,2024-05-14,unchanged
DWSN,nan,unchanged
DWTX,2024-10-11,unchanged
DWTX,2024-10-16,unchanged
DWTX,2024-11-19,unchanged
DWTX,nan,unchanged
DX,2020-03-19,unchanged
DX,2020-03-25,unchanged
DX,2020-03-26,unchanged
DXC,2020-03-19,unchanged
DXC,2020-03-24,unchanged
DXLG,2021-09-08,unchanged
DXR,2020-03-02,unchanged
DXR,2020-03-20,unchanged
DXR,2020-07-17,unchanged
DXR,2021-06-04,unchanged
DXR,2021-07-22,unchanged
DXST,nan,unchanged
DXYZ,2024-03-27,unchanged
DXYZ,2024-03-28,unchanged
DXYZ,2024-04-03,unchanged
DXYZ,2024-04-04,unchanged
DXYZ,2024-04-05,unchanged
DXYZ,2024-04-08,unchanged
DXYZ,2024-04-15,unchanged
DXYZ,2024-06-27,unchanged
DXYZ,2024-10-14,unchanged
DXYZ,2024-11-06,unchanged
DXYZ,2024-11-07,unchanged
DXYZ,2024-11-08,unchanged
DXYZ,2024-11-11,unchanged
DXYZ,2024-12-06,unchanged
DXYZ,nan,unchanged
DXpC,2020-03-19,unchanged
DYAI,2020-03-02,unchanged
DYAI,2020-03-19,unchanged
DYAI,2020-06-10,unchanged
DYAI,2020-12-09,unchanged
DYAI,2021-03-22,unchanged
DYAI,2021-07-27,unchanged
DYAI,2021-08-11,unchanged
DYAI,2024-11-20,unchanged
DYAI,2024-12-18,unchanged
DYN,2024-01-03,unchanged
DYN,2024-01-04,unchanged
DYN,2024-01-26,unchanged
DYN,nan,unchanged
EAF,2022-11-21,unchanged
EAF,nan,unchanged
EARN,2020-03-25,unchanged
EARN,2020-03-26,unchanged
EARN,2020-04-08,unchanged
EAT,2020-03-19,unchanged
EAT,2020-03-24,unchanged
EAT,2020-04-29,unchanged
EB,2020-11-09,unchanged
EBON,2020-07-02,unchanged
EBON,2020-07-14,unchanged
EBON,2020-07-16,unchanged
EBON,2020-08-14,unchanged
EBON,2020-09-17,unchanged
EBON,2020-12-31,unchanged
EBON,2021-01-04,unchanged
EBON,2021-01-07,unchanged
EBON,2021-02-17,unchanged
EBON,2021-02-18,unchanged
EBON,2021-03-12,unchanged
EBON,2022-01-26,unchanged
EBON,2022-02-01,unchanged
EBON,2022-02-10,unchanged
EBON,2022-07-07,unchanged
EBON,2023-01-09,unchanged
EBON,2023-01-10,unchanged
EBON,2023-12-20,unchanged
EBON,2023-12-26,unchanged
EBON,2024-02-28,unchanged
EBON,nan,unchanged
EBS,2024-02-21,unchanged
EBS,2024-05-02,unchanged
EBS,2024-08-08,unchanged
EBS,2024-08-16,unchanged
EBS,2024-11-07,unchanged
EBS,nan,unchanged
ECC,2020-03-19,unchanged
ECC,2020-03-25,unchanged
ECCX,2020-03-19,unchanged
ECDA,2023-12-18,unchanged
ECDA,2023-12-19,unchanged
ECDA,2024-01-03,unchanged
ECDA,2024-04-11,unchanged
ECDA,2024-06-28,unchanged
ECDA,nan,unchanged
ECOR,2020-03-19,unchanged
ECOR,2020-03-30,unchanged
ECOR,2020-04-03,unchanged
ECOR,2020-04-17,unchanged
ECOR,2020-06-05,unchanged
ECOR,2020-07-13,unchanged
ECOR,2020-07-31,unchanged
ECOR,2021-01-20,unchanged
ECOR,2021-03-01,unchanged
ECOR,2022-01-12,unchanged
ECOR,2022-06-02,unchanged
ECOR,2022-11-02,unchanged
ECOR,2022-11-17,unchanged
ECOR,2023-03-24,unchanged
ECOR,nan,unchanged
ECPG,2020-03-20,unchanged
ECPG,2020-03-24,unchanged
ECPG,2020-03-25,unchanged
ECX,2023-02-22,unchanged
ECX,2023-12-20,unchanged
ECX,2024-06-26,unchanged
ECX,2024-12-20,unchanged
ECX,nan,unchanged
EDAP,2020-07-15,unchanged
EDAP,nan,unchanged
EDBL,2023-01-26,unchanged
EDBL,2023-01-31,unchanged
EDBL,2023-02-01,unchanged
EDBL,2023-03-08,unchanged
EDBL,2023-04-19,unchanged
EDBL,2023-08-10,unchanged
EDBL,2023-09-01,unchanged
EDBL,2024-04-03,unchanged
EDBL,2024-04-05,unchanged
EDBL,2024-04-17,unchanged
EDBL,2024-04-22,unchanged
EDBL,2024-05-15,unchanged
EDBL,2024-05-21,unchanged
EDBL,2024-08-14,unchanged
EDBL,2024-10-22,unchanged
EDBL,2024-10-25,unchanged
EDBL,2024-12-20,unchanged
EDBL,2024-12-23,unchanged
EDBL,nan,unchanged
EDF,2020-03-19,unchanged
EDHL,nan,unchanged
EDIT,2020-12-10,unchanged
EDIT,2020-12-21,unchanged
EDIT,2024-02-28,unchanged
EDIT,nan,unchanged
EDN,nan,unchanged
EDRY,2020-04-02,unchanged
EDRY,2020-06-08,unchanged
EDRY,2020-06-11,unchanged
EDRY,2020-06-18,unchanged
EDRY,2020-08-03,unchanged
EDRY,2020-10-12,unchanged
EDRY,2020-11-12,unchanged
EDRY,2021-01-29,unchanged
EDRY,2021-02-12,unchanged
EDRY,2021-06-02,unchanged
EDSA,2020-04-20,unchanged
EDSA,2020-06-15,unchanged
EDSA,2020-07-30,unchanged
EDSA,2020-08-28,unchanged
EDSA,2020-10-19,unchanged
EDSA,2021-01-20,unchanged
EDSA,2021-01-26,unchanged
EDSA,2021-02-02,unchanged
EDSA,2021-09-20,unchanged
EDSA,2022-12-20,unchanged
EDSA,2022-12-21,unchanged
EDSA,2022-12-22,unchanged
EDSA,2022-12-23,unchanged
EDSA,2023-10-12,unchanged
EDSA,2023-12-12,unchanged
EDSA,nan,unchanged
EDTK,2020-10-12,unchanged
EDTK,2021-02-18,unchanged
EDTK,2021-03-26,unchanged
EDU,2021-08-24,unchanged
EDU,2022-10-26,unchanged
EDUC,2020-08-07,unchanged
EDUC,2023-07-24,unchanged
EDUC,2023-10-13,unchanged
EDUC,2024-01-16,unchanged
EDUC,2024-04-03,unchanged
EDUC,nan,unchanged
EEIQ,2021-03-26,unchanged
EEIQ,2021-03-29,unchanged
EEIQ,2021-04-08,unchanged
EEIQ,2021-04-15,unchanged
EEIQ,2021-04-27,unchanged
EEIQ,2021-09-10,unchanged
EEIQ,2021-09-16,unchanged
EEIQ,2021-10-05,unchanged
EEIQ,2022-03-16,unchanged
EEIQ,2022-03-23,unchanged
EEIQ,2022-08-05,unchanged
EEIQ,2022-11-02,unchanged
EEIQ,2022-11-10,unchanged
EEIQ,2023-01-03,unchanged
EEIQ,2023-05-01,unchanged
EEIQ,2023-05-24,unchanged
EEIQ,2023-09-05,unchanged
EEIQ,2024-03-11,unchanged
EEIQ,nan,unchanged
EEX,2020-03-19,unchanged
EEX,2020-04-29,unchanged
EEX,2020-05-26,unchanged
EEX,2020-06-04,unchanged
EEX,2020-09-28,unchanged
EFC,2020-03-25,unchanged
EFC,2020-04-08,unchanged
EFCpA,2020-03-19,unchanged
EFCpA,2020-03-25,unchanged
EFCpA,2020-03-26,unchanged
EFCpA,2020-04-06,unchanged
EFCpA,2020-04-07,unchanged
EFCpA,2020-04-08,unchanged
EFOI,2020-01-06,unchanged
EFOI,2020-01-09,unchanged
EFOI,2020-04-16,unchanged
EFOI,2020-05-07,unchanged
EFOI,2020-05-11,unchanged
EFOI,2020-05-13,unchanged
EFOI,2020-05-26,unchanged
EFOI,2020-06-08,unchanged
EFOI,2020-10-14,unchanged
EFOI,2021-02-09,unchanged
EFOI,2021-05-06,unchanged
EFOI,2021-06-03,unchanged
EFOI,2021-06-14,unchanged
EFOI,2021-07-02,unchanged
EFOI,2021-12-08,unchanged
EFOI,2021-12-13,unchanged
EFOI,2021-12-30,unchanged
EFOI,2022-03-08,unchanged
EFOI,2022-06-01,unchanged
EFOI,2022-06-03,unchanged
EFOI,2022-06-07,unchanged
EFOI,2022-06-08,unchanged
EFOI,2022-10-21,unchanged
EFOI,2023-03-07,unchanged
EFOI,2023-11-22,unchanged
EFOI,2024-02-21,unchanged
EFOI,2024-11-13,unchanged
EFOI,nan,unchanged
EGHT,2020-12-10,unchanged
EGHT,2023-11-02,unchanged
EGO,2020-02-21,unchanged
EGY,2020-03-26,unchanged
EGY,2020-06-05,unchanged
EGY,2020-10-09,unchanged
EGY,2020-11-18,unchanged
EGY,2020-11-19,unchanged
EH,2020-11-13,unchanged
EH,2020-12-07,unchanged
EH,2020-12-08,unchanged
EH,2020-12-21,unchanged
EH,2021-01-14,unchanged
EH,2021-01-19,unchanged
EH,2021-02-17,unchanged
EH,2021-03-09,unchanged
EH,2021-06-04,unchanged
EH,2022-12-05,unchanged
EH,2022-12-12,unchanged
EH,2023-01-13,unchanged
EH,2023-10-13,unchanged
EH,2024-10-07,unchanged
EHAB,2024-03-07,unchanged
EHGO,2024-07-12,unchanged
EHGO,2024-11-07,unchanged
EHGO,2024-12-02,unchanged
EHLD,nan,unchanged
EHTH,2020-01-24,unchanged
EHTH,2022-05-04,unchanged
EHTH,2022-11-08,unchanged
EHTH,2022-12-01,unchanged
EHTH,2023-01-25,unchanged
EHTH,2024-12-17,unchanged
EHTH,nan,unchanged
EIC,2020-03-19,unchanged
EJH,2023-07-31,unchanged
EJH,2024-01-11,unchanged
EJH,2024-04-04,unchanged
EJH,2024-04-05,unchanged
EJH,2024-06-11,unchanged
EJH,2024-06-13,unchanged
EJH,2024-12-19,unchanged
EJH,nan,unchanged
EKSO,2020-03-27,unchanged
EKSO,2020-06-25,unchanged
EKSO,2020-06-26,unchanged
EKSO,2020-06-30,unchanged
EKSO,2021-01-11,unchanged
EKSO,2021-02-08,unchanged
EKSO,2022-06-13,unchanged
EKSO,2023-12-29,unchanged
EKSO,nan,unchanged
ELAB,2024-01-16,unchanged
ELAB,2024-02-01,unchanged
ELAB,2024-08-23,unchanged
ELAB,2024-09-03,unchanged
ELAB,2024-10-03,unchanged
ELAB,2024-10-21,unchanged
ELAB,2024-10-25,unchanged
ELAB,2024-11-13,unchanged
ELAB,2024-11-14,unchanged
ELAB,2024-12-10,unchanged
ELAB,2024-12-19,unchanged
ELAB,nan,unchanged
ELBM,2022-09-22,unchanged
ELBM,2023-05-18,unchanged
ELBM,2023-07-24,unchanged
ELBM,2023-07-25,unchanged
ELBM,2024-02-09,unchanged
ELBM,2024-08-19,unchanged
ELBM,2024-09-10,unchanged
ELBM,2024-12-30,unchanged
ELBM,nan,unchanged
ELDN,2021-02-09,unchanged
ELDN,2023-12-26,unchanged
ELF,nan,unchanged
ELIL,nan,unchanged
ELP,2021-04-28,unchanged
ELPW,2024-12-19,unchanged
ELPW,nan,unchanged
ELSE,2020-08-11,unchanged
ELSE,2020-10-06,unchanged
ELSE,2020-12-31,unchanged
ELSE,2021-01-22,unchanged
ELSE,2021-02-16,unchanged
ELTK,2020-07-02,unchanged
ELTK,2020-10-16,unchanged
ELTK,2021-05-06,unchanged
ELTK,2023-05-18,unchanged
ELTX,2023-12-27,unchanged
ELTX,2024-01-03,unchanged
ELTX,2024-03-18,unchanged
ELTX,2024-09-18,unchanged
ELUT,2023-09-19,unchanged
ELUT,2024-12-20,unchanged
ELVN,2024-03-19,unchanged
ELVN,2024-04-11,unchanged
ELWS,2023-11-16,unchanged
ELWS,2023-12-27,unchanged
ELWS,2024-01-02,unchanged
ELWS,2024-01-31,unchanged
ELWS,2024-02-14,unchanged
ELWS,2024-02-27,unchanged
ELWS,2024-03-11,unchanged
ELWS,2024-03-12,unchanged
ELWS,2024-04-26,unchanged
ELWS,2024-08-13,unchanged
ELWS,2024-09-19,unchanged
ELWS,2024-11-01,unchanged
ELWS,2024-11-04,unchanged
ELWS,2024-11-06,unchanged
ELWS,2024-11-07,unchanged
ELWS,nan,unchanged
EM,2021-09-29,unchanged
EM,2022-01-03,unchanged
EM,2022-03-18,unchanged
EM,nan,unchanged
EMBC,2024-05-09,unchanged
EMBC,2024-11-26,unchanged
EMO,2020-03-20,unchanged
EMO,2020-04-02,unchanged
EMPG,nan,unchanged
ENGN,2023-11-02,unchanged
ENGN,2023-11-28,unchanged
ENGN,2023-12-04,unchanged
ENGN,2024-02-14,unchanged
ENGNW,2023-11-28,unchanged
ENGNW,2024-01-03,unchanged
ENGNW,2024-01-04,unchanged
ENGNW,2024-01-26,unchanged
ENGNW,2024-02-05,unchanged
ENGNW,2024-02-14,unchanged
ENGNW,2024-02-15,unchanged
ENGNW,2024-06-06,unchanged
ENGNW,2024-06-12,unchanged
ENGNW,2024-07-01,unchanged
ENGNW,2024-09-11,unchanged
ENGNW,2024-09-18,unchanged
ENGNW,2024-10-17,unchanged
ENGNW,nan,unchanged
ENGS,nan,unchanged
ENLV,2020-02-24,unchanged
ENLV,2020-10-01,unchanged
ENLV,2020-10-05,unchanged
ENLV,2020-12-03,unchanged
ENLV,2021-02-08,unchanged
ENLV,2023-11-03,unchanged
ENLV,2023-12-20,unchanged
ENLV,2023-12-22,unchanged
ENLV,2024-01-02,unchanged
ENPH,2020-02-19,unchanged
ENSC,2021-07-30,unchanged
ENSC,2021-08-05,unchanged
ENSC,2021-08-19,unchanged
ENSC,2021-09-21,unchanged
ENSC,2021-12-07,unchanged
ENSC,2021-12-09,unchanged
ENSC,2021-12-22,unchanged
ENSC,2021-12-23,unchanged
ENSC,2022-06-30,unchanged
ENSC,2022-08-17,unchanged
ENSC,2022-09-13,unchanged
ENSC,2022-11-14,unchanged
ENSC,2022-11-16,unchanged
ENSC,2022-11-25,unchanged
ENSC,2022-12-30,unchanged
ENSC,2023-01-12,unchanged
ENSC,2023-01-25,unchanged
ENSC,2023-04-19,unchanged
ENSC,2023-05-09,unchanged
ENSC,2023-07-03,unchanged
ENSC,2023-11-30,unchanged
ENSC,2024-01-23,unchanged
ENSC,2024-01-24,unchanged
ENSC,2024-01-31,unchanged
ENSC,2024-08-27,unchanged
ENSC,2024-10-22,unchanged
ENSC,2024-10-29,unchanged
ENSC,2024-10-30,unchanged
ENSC,2024-11-01,unchanged
ENSC,2024-11-07,unchanged
ENSC,2024-12-16,unchanged
ENSC,2024-12-19,unchanged
ENSC,2024-12-24,unchanged
ENSC,nan,unchanged
ENTA,nan,unchanged
ENTO,2024-08-12,unchanged
ENTO,2024-08-21,unchanged
ENTO,2024-10-04,unchanged
ENTO,2024-10-16,unchanged
ENTO,2024-12-05,unchanged
ENTO,nan,unchanged
ENTX,2020-03-19,unchanged
ENTX,2020-04-24,unchanged
ENTX,2020-07-23,unchanged
ENTX,2020-12-10,unchanged
ENTX,2021-02-08,unchanged
ENTX,2021-03-11,unchanged
ENTX,2021-03-12,unchanged
ENTX,2021-06-23,unchanged
ENTX,2023-01-03,unchanged
ENTX,2023-03-06,unchanged
ENTX,2023-03-29,unchanged
ENTX,2024-01-12,unchanged
ENTX,2024-02-28,unchanged
ENVB,2021-03-10,unchanged
ENVB,2021-09-03,unchanged
ENVB,2022-03-01,unchanged
ENVB,2022-07-11,unchanged
ENVB,2022-07-22,unchanged
ENVB,2022-08-03,unchanged
ENVB,2023-05-18,unchanged
ENVB,2023-05-24,unchanged
ENVB,2023-08-07,unchanged
ENVB,2023-12-28,unchanged
ENVB,2024-02-06,unchanged
ENVB,2024-02-23,unchanged
ENVB,2024-02-29,unchanged
ENVB,2024-03-01,unchanged
ENVB,2024-03-19,unchanged
ENVB,2024-04-02,unchanged
ENVB,2024-07-30,unchanged
ENVB,nan,unchanged
ENVX,2022-05-03,unchanged
ENVX,2022-08-11,unchanged
ENVX,2024-05-02,unchanged
ENVX,2024-06-25,unchanged
ENVX,nan,unchanged
EOLS,2020-05-22,unchanged
EOLS,2020-12-17,unchanged
EOLS,2021-01-25,unchanged
EOLS,2021-02-19,unchanged
EOLS,2023-07-27,unchanged
EOLS,nan,unchanged
EOSE,2020-12-23,unchanged
EOSE,2022-03-03,unchanged
EOSE,2022-05-17,unchanged
EOSE,2022-07-06,unchanged
EOSE,2022-09-14,unchanged
EOSE,2023-02-17,unchanged
EOSE,2023-04-10,unchanged
EOSE,2023-09-01,unchanged
EOSE,2023-12-13,unchanged
EOSE,2024-06-24,unchanged
EOSE,nan,unchanged
EPOW,2022-09-02,unchanged
EPOW,2022-09-06,unchanged
EPOW,2023-04-26,unchanged
EPOW,2023-05-17,unchanged
EPOW,2023-11-10,unchanged
EPOW,2024-06-24,unchanged
EPOW,2024-11-29,unchanged
EPOW,nan,unchanged
EPR,2020-03-19,unchanged
EPR,2020-03-25,unchanged
EPR,2020-11-09,unchanged
EPRT,2020-03-19,unchanged
EPRX,2024-11-01,unchanged
EPRpC,2020-03-19,unchanged
EPRpE,2020-03-19,unchanged
EPRpG,2020-03-19,unchanged
EPRpG,2020-03-20,unchanged
EPSM,nan,unchanged
EPWK,nan,unchanged
EQ,2020-01-24,unchanged
EQ,2020-03-17,unchanged
EQ,2020-03-19,unchanged
EQ,2020-03-25,unchanged
EQ,2020-07-13,unchanged
EQ,2020-07-15,unchanged
EQ,2020-09-15,unchanged
EQ,2020-11-11,unchanged
EQ,2020-12-29,unchanged
EQ,2021-08-23,unchanged
EQ,2022-09-27,unchanged
EQ,2024-02-06,unchanged
EQ,2024-02-07,unchanged
EQ,2024-02-16,unchanged
EQ,nan,unchanged
EQHpA,2020-03-19,unchanged
EQR,2020-11-09,unchanged
EQS,2020-07-20,unchanged
EQS,2020-11-09,unchanged
EQS,2020-12-11,unchanged
EQS,nan,unchanged
EQT,2020-03-13,unchanged
ERAS,nan,unchanged
ERNA,2022-10-18,unchanged
ERNA,2022-12-06,unchanged
ERNA,2022-12-07,unchanged
ERNA,2023-05-26,unchanged
ERNA,2023-12-01,unchanged
ERNA,2023-12-06,unchanged
ERNA,2023-12-14,unchanged
ERNA,2024-09-26,unchanged
ERNA,2024-12-04,unchanged
ERNA,2024-12-30,unchanged
ERNA,nan,unchanged
ESEA,2020-02-12,unchanged
ESEA,2020-03-02,unchanged
ESEA,2020-03-04,unchanged
ESEA,2020-03-16,unchanged
ESEA,2020-03-30,unchanged
ESEA,2020-04-20,unchanged
ESEA,2020-05-27,unchanged
ESEA,2020-06-05,unchanged
ESEA,2020-06-18,unchanged
ESEA,2020-08-03,unchanged
ESEA,2021-05-03,unchanged
ESEA,2021-06-07,unchanged
ESGL,2023-08-18,unchanged
ESGL,2023-08-24,unchanged
ESGL,2023-09-25,unchanged
ESGL,2023-11-27,unchanged
ESGL,2023-11-28,unchanged
ESGL,2024-05-20,unchanged
ESGL,nan,unchanged
ESHAR,2023-09-05,unchanged
ESLA,2023-11-21,unchanged
ESLA,2023-11-29,unchanged
ESLA,2024-03-12,unchanged
ESLA,2024-07-26,unchanged
ESLA,2024-09-12,unchanged
ESLA,2024-09-27,unchanged
ESLA,nan,unchanged
ESNT,2020-03-19,unchanged
ESNT,2020-03-26,unchanged
ESOA,2022-03-24,unchanged
ESOA,2023-12-18,unchanged
ESOA,2024-08-13,unchanged
ESPR,2021-11-23,unchanged
ESPR,nan,unchanged
ESRT,2020-11-09,unchanged
ESTA,2020-03-19,unchanged
ESTC,2023-12-01,unchanged
ETON,2020-03-27,unchanged
ETON,2020-08-10,unchanged
ETON,2023-08-11,unchanged
EUDA,2022-11-21,unchanged
EUDA,2022-11-25,unchanged
EUDA,2023-01-13,unchanged
EUDA,2023-02-02,unchanged
EUDA,2023-03-06,unchanged
EUDA,2023-03-07,unchanged
EUDA,2023-03-10,unchanged
EUDA,2023-03-13,unchanged
EUDA,2023-04-24,unchanged
EUDA,2023-04-26,unchanged
EUDA,2023-08-22,unchanged
EUDA,nan,unchanged
EUDAW,2022-11-21,unchanged
EVAX,2021-06-10,unchanged
EVAX,2021-09-01,unchanged
EVAX,2021-11-04,unchanged
EVAX,2022-05-10,unchanged
EVAX,2022-09-21,unchanged
EVAX,2023-09-20,unchanged
EVAX,2023-09-21,unchanged
EVAX,2023-10-31,unchanged
EVAX,2024-01-23,unchanged
EVAX,2024-01-24,unchanged
EVAX,2024-02-01,unchanged
EVAX,2024-12-27,unchanged
EVAX,nan,unchanged
EVC,2020-06-16,unchanged
EVC,2020-06-19,unchanged
EVER,2020-05-05,unchanged
EVER,nan,unchanged
EVEX,2022-05-11,unchanged
EVEX,2022-05-17,unchanged
EVEX,2022-05-20,unchanged
EVEX.WS,2022-05-11,unchanged
EVEX.WS,2023-06-23,unchanged
EVGN,2020-06-03,unchanged
EVGN,2020-06-23,unchanged
EVGN,2020-08-25,unchanged
EVGN,2020-09-01,unchanged
EVGN,2020-09-14,unchanged
EVGN,2020-09-18,unchanged
EVGN,2020-09-28,unchanged
EVGN,2020-12-23,unchanged
EVGN,2020-12-28,unchanged
EVGN,2022-07-20,unchanged
EVGN,2022-12-21,unchanged
EVGN,2023-06-14,unchanged
EVGN,nan,unchanged
EVGO,2021-11-08,unchanged
EVGO,2021-11-09,unchanged
EVGO,2023-03-30,unchanged
EVGO,2023-08-03,unchanged
EVGO,2024-10-03,unchanged
EVGO,nan,unchanged
EVGOW,2021-10-22,unchanged
EVGOW,2021-11-08,unchanged
EVGOW,2021-11-09,unchanged
EVGOW,2021-11-11,unchanged
EVGOW,2022-05-12,unchanged
EVGOW,2024-10-04,unchanged
EVGOW,2024-10-09,unchanged
EVGOW,2024-11-12,unchanged
EVGOW,2024-11-18,unchanged
EVH,2020-03-26,unchanged
EVH,2024-08-09,unchanged
EVLV,2021-07-23,unchanged
EVLV,2022-11-10,unchanged
EVLV,2023-08-11,unchanged
EVLV,2024-03-28,unchanged
EVLV,nan,unchanged
EVLVW,2021-07-23,unchanged
EVLVW,2021-08-27,unchanged
EVLVW,2021-11-18,unchanged
EVLVW,2023-05-11,unchanged
EVLVW,2023-08-11,unchanged
EVLVW,2024-01-22,unchanged
EVLVW,nan,unchanged
EVOK,2020-06-22,unchanged
EVOK,2021-01-13,unchanged
EVOK,2021-02-09,unchanged
EVOK,2021-08-13,unchanged
EVOK,2021-12-09,unchanged
EVOK,2022-04-26,unchanged
EVOK,2022-06-15,unchanged
EVOK,2022-12-07,unchanged
EVOK,2022-12-22,unchanged
EVOK,2023-09-29,unchanged
EVOK,2024-08-01,unchanged
EVOK,2024-08-20,unchanged
EVOK,2024-10-28,unchanged
EVOK,2024-12-19,unchanged
EVOK,nan,unchanged
EVTL,2021-12-22,unchanged
EVTL,2022-01-05,unchanged
EVTL,2022-01-20,unchanged
EVTL,2022-04-12,unchanged
EVTL,2022-07-15,unchanged
EVTL,2022-07-21,unchanged
EVTL,2022-09-23,unchanged
EVTL,2023-03-28,unchanged
EVTL,2024-03-18,unchanged
EVTL,2024-03-22,unchanged
EVTL,2024-09-12,unchanged
EVTL,2024-11-12,unchanged
EVTL,2024-11-25,unchanged
EVTL,2024-12-26,unchanged
EVTL,2024-12-27,unchanged
EVTL,nan,unchanged
EVTV,2022-02-18,unchanged
EVTV,2022-02-22,unchanged
EVTV,2022-03-10,unchanged
EVTV,2022-03-11,unchanged
EVTV,2023-03-21,unchanged
EVTV,2023-07-14,unchanged
EVTV,2023-11-13,unchanged
EVTV,2024-01-31,unchanged
EVTV,2024-02-01,unchanged
EVTV,2024-06-17,unchanged
EVTV,2024-06-28,unchanged
EVTV,nan,unchanged
EWTX,2021-03-29,unchanged
EWTX,2022-01-05,unchanged
EWTX,2023-12-27,unchanged
EWTX,2024-01-19,unchanged
EWTX,2024-09-19,unchanged
EXAS,2020-03-19,unchanged
EXAS,2020-10-27,unchanged
EXFY,2022-05-13,unchanged
EXFY,2024-07-09,unchanged
EXFY,2024-08-09,unchanged
EXFY,2024-11-08,unchanged
EXK,2021-02-01,unchanged
EXOZ,nan,unchanged
EXPI,2021-08-04,unchanged
EYE,2020-03-24,unchanged
EYEG,2020-03-31,unchanged
EYEG,2020-08-12,unchanged
EYEG,2020-12-21,unchanged
EYEG,2021-01-11,unchanged
EYEG,2021-07-27,unchanged
EYPT,2020-06-19,unchanged
EYPT,2020-08-21,unchanged
EYPT,2021-01-04,unchanged
EYPT,2021-11-15,unchanged
EYPT,2021-11-17,unchanged
EYPT,2023-01-12,unchanged
EYPT,2023-04-21,unchanged
EYPT,2023-04-26,unchanged
EYPT,2023-12-04,unchanged
EYPT,2024-10-28,unchanged
EZGO,2021-07-26,unchanged
EZGO,2022-01-04,unchanged
EZGO,2023-01-06,unchanged
EZGO,2023-03-21,unchanged
EZGO,2023-09-08,unchanged
EZGO,2023-09-11,unchanged
EZGO,2024-04-12,unchanged
EZGO,2024-04-17,unchanged
EZGO,nan,unchanged
FACT,2023-07-17,unchanged
FAMI,2020-02-06,unchanged
FAMI,2020-06-12,unchanged
FAMI,2020-06-18,unchanged
FAMI,2020-08-14,unchanged
FAMI,2020-09-11,unchanged
FAMI,2021-02-10,unchanged
FAMI,2021-03-15,unchanged
FAMI,2021-05-03,unchanged
FAMI,2021-09-10,unchanged
FAMI,2021-09-29,unchanged
FAMI,2021-09-30,unchanged
FAMI,2023-05-03,unchanged
FAMI,2023-12-22,unchanged
FAMI,2024-02-13,unchanged
FAMI,2024-10-23,unchanged
FAMI,nan,unchanged
FANG,2020-04-02,unchanged
FANG,2020-11-09,unchanged
FARM,2023-06-07,unchanged
FARM,nan,unchanged
FAT,2020-03-19,unchanged
FAT,2020-03-26,unchanged
FAT,2020-08-13,unchanged
FAT,2020-12-11,unchanged
FAT,2021-02-12,unchanged
FAT,nan,unchanged
FATBB,2021-08-25,unchanged
FATBB,2021-11-03,unchanged
FATBB,2021-11-04,unchanged
FATBB,2021-11-05,unchanged
FATBB,2022-03-29,unchanged
FATBB,2022-08-01,unchanged
FATBB,2022-11-16,unchanged
FATBB,2023-05-04,unchanged
FATBB,2024-10-10,unchanged
FATBB,nan,unchanged
FATE,2020-03-17,unchanged
FATE,2020-12-07,unchanged
FATE,2023-01-09,unchanged
FATE,2024-01-29,unchanged
FATE,2024-11-18,unchanged
FATE,2024-11-26,unchanged
FATE,nan,unchanged
FATN,nan,unchanged
FBGL,nan,unchanged
FBIO,2021-03-02,unchanged
FBIO,2022-07-05,unchanged
FBIO,2023-02-27,unchanged
FBIO,2023-11-02,unchanged
FBIO,2023-11-17,unchanged
FBIO,2023-11-20,unchanged
FBIO,nan,unchanged
FBIOP,2023-08-21,unchanged
FBL,2023-02-02,unchanged
FBL,2024-02-02,unchanged
FBL,nan,unchanged
FBLG,2024-02-01,unchanged
FBLG,2024-02-05,unchanged
FBLG,2024-02-13,unchanged
FBLG,2024-03-19,unchanged
FBLG,2024-06-06,unchanged
FBLG,2024-06-28,unchanged
FBLG,2024-08-19,unchanged
FBLG,2024-08-21,unchanged
FBLG,2024-09-09,unchanged
FBLG,2024-09-10,unchanged
FBLG,nan,unchanged
FBNC,2020-03-24,unchanged
FBRX,2020-07-22,unchanged
FBRX,2020-10-29,unchanged
FBRX,2024-11-20,unchanged
FBRX,2024-11-27,unchanged
FBRX,nan,unchanged
FBYD,2023-10-18,unchanged
FBYD,2023-10-24,unchanged
FBYD,2024-12-10,unchanged
FBYD,nan,unchanged
FBYDW,2024-02-14,unchanged
FBYDW,2024-02-15,unchanged
FBYDW,2024-02-16,unchanged
FBYDW,2024-05-16,unchanged
FBYDW,2024-06-28,unchanged
FBYDW,2024-08-21,unchanged
FBYDW,2024-08-28,unchanged
FBYDW,2024-09-27,unchanged
FBYDW,2024-11-14,unchanged
FBYDW,2024-12-10,unchanged
FBYDW,2024-12-16,unchanged
FBYDW,nan,unchanged
FCEL,2020-06-10,unchanged
FCEL,2020-11-16,unchanged
FCEL,2020-11-18,unchanged
FCEL,2020-11-23,unchanged
FCEL,2020-11-24,unchanged
FCEL,2021-09-14,unchanged
FCEL,2024-05-14,unchanged
FCEL,2024-11-15,unchanged
FCEL,2024-11-18,unchanged
FCEL,2024-11-25,unchanged
FCEL,nan,unchanged
FCNCA,2023-03-27,unchanged
FCUV,2021-09-01,unchanged
FCUV,2021-09-02,unchanged
FCUV,2024-04-17,unchanged
FCUV,2024-04-26,unchanged
FCUV,2024-08-30,unchanged
FCUV,2024-09-13,unchanged
FCUV,2024-12-27,unchanged
FCUV,2024-12-30,unchanged
FCUV,nan,unchanged
FCX,2020-03-24,unchanged
FDMT,2022-10-27,unchanged
FDMT,2022-11-15,unchanged
FDMT,2024-02-05,unchanged
FDMT,nan,unchanged
FDUS,2020-03-19,unchanged
FDUS,2020-03-24,unchanged
FDUS,2020-03-25,unchanged
FDUS,2020-03-26,unchanged
FEAM,2022-08-11,unchanged
FEAM,2024-02-27,unchanged
FEAM,2024-02-28,unchanged
FEAM,2024-10-01,unchanged
FEAM,2024-12-26,unchanged
FEAM,2024-12-27,unchanged
FEAM,2024-12-30,unchanged
FEAM,nan,unchanged
FEBO,2024-04-29,unchanged
FEBO,2024-08-13,unchanged
FEBO,2024-08-16,unchanged
FEBO,2024-08-22,unchanged
FEBO,2024-08-27,unchanged
FEBO,2024-09-26,unchanged
FEBO,2024-10-15,unchanged
FEBO,2024-10-24,unchanged
FEBO,nan,unchanged
FEDU,2020-02-03,unchanged
FEDU,2020-06-11,unchanged
FEDU,2020-12-10,unchanged
FEDU,2021-01-29,unchanged
FEDU,2021-02-04,unchanged
FEDU,2021-02-12,unchanged
FEDU,2021-03-26,unchanged
FEDU,2021-05-20,unchanged
FEDU,2021-09-23,unchanged
FEDU,2022-03-23,unchanged
FEDU,2022-04-12,unchanged
FEDU,2022-05-23,unchanged
FEDU,2022-08-05,unchanged
FEDU,2024-06-03,unchanged
FEDU,2024-07-24,unchanged
FEDU,2024-08-26,unchanged
FEDU,nan,unchanged
FEIM,2020-07-02,unchanged
FEIM,2024-07-23,unchanged
FEIM,2024-12-11,unchanged
FEMY,2021-06-30,unchanged
FEMY,2021-07-20,unchanged
FEMY,2021-11-24,unchanged
FEMY,2022-04-27,unchanged
FEMY,2022-06-24,unchanged
FEMY,2022-06-27,unchanged
FEMY,2022-10-07,unchanged
FEMY,2022-10-26,unchanged
FEMY,2023-03-08,unchanged
FEMY,2023-04-18,unchanged
FEMY,2023-05-03,unchanged
FEMY,2023-07-27,unchanged
FEMY,2023-09-26,unchanged
FEMY,2023-09-28,unchanged
FEMY,2023-09-29,unchanged
FEMY,2023-10-02,unchanged
FEMY,2023-11-15,unchanged
FEMY,2024-02-07,unchanged
FEMY,2024-06-20,unchanged
FENC,2020-04-06,unchanged
FENG,2020-11-19,unchanged
FENG,2021-02-11,unchanged
FENG,2021-03-24,unchanged
FENG,2023-05-02,unchanged
FENG,2024-03-05,unchanged
FENG,2024-03-28,unchanged
FENG,2024-05-07,unchanged
FENG,2024-05-30,unchanged
FENG,2024-07-10,unchanged
FENG,nan,unchanged
FET,2020-03-10,unchanged
FET,2020-03-13,unchanged
FET,2020-03-17,unchanged
FET,2020-04-09,unchanged
FET,2020-04-23,unchanged
FET,2020-04-30,unchanged
FET,2020-05-11,unchanged
FET,2020-06-05,unchanged
FET,2020-06-08,unchanged
FET,2020-07-10,unchanged
FET,2020-07-20,unchanged
FET,2020-07-30,unchanged
FF,2024-03-14,unchanged
FFAI,nan,unchanged
FFC,2020-03-19,unchanged
FFWM,2023-10-26,unchanged
FG,2022-12-01,unchanged
FGBI,2020-03-13,unchanged
FGEN,2022-05-10,unchanged
FGEN,2024-01-29,unchanged
FGEN,2024-05-07,unchanged
FGEN,nan,unchanged
FGI,2022-01-31,unchanged
FGI,2022-03-17,unchanged
FGI,2024-06-27,unchanged
FGI,2024-11-13,unchanged
FGI,nan,unchanged
FGIWW,2022-01-31,unchanged
FGL,2024-10-30,unchanged
FGL,2024-11-11,unchanged
FGL,2024-11-12,unchanged
FGL,2024-12-02,unchanged
FGL,2024-12-18,unchanged
FGL,nan,unchanged
FGNX,nan,unchanged
FHN,2022-02-28,unchanged
FHTX,2021-03-19,unchanged
FHTX,2021-12-13,unchanged
FHTX,2023-01-12,unchanged
FHTX,2024-02-08,unchanged
FHTX,nan,unchanged
FICO,2022-11-10,unchanged
FICO,nan,unchanged
FIEE,nan,unchanged
FIG,nan,unchanged
FIGS,2022-03-09,unchanged
FINS,2020-03-19,unchanged
FINV,2020-08-20,unchanged
FINV,2021-02-16,unchanged
FINV,2021-03-11,unchanged
FINV,2022-03-16,unchanged
FIZZ,2021-01-25,unchanged
FIZZ,2021-01-27,unchanged
FLD,nan,unchanged
FLDDW,2024-12-26,unchanged
FLDDW,nan,unchanged
FLEX,2020-03-19,unchanged
FLGC,2021-07-26,unchanged
FLGC,2021-07-28,unchanged
FLGC,2021-08-03,unchanged
FLGC,2021-08-05,unchanged
FLGC,2021-08-13,unchanged
FLGC,2021-08-20,unchanged
FLGC,2021-09-24,unchanged
FLGC,2022-06-16,unchanged
FLGC,2022-08-03,unchanged
FLGC,2023-02-01,unchanged
FLGC,2023-05-17,unchanged
FLGC,2023-07-11,unchanged
FLGC,2023-08-31,unchanged
FLGC,2023-09-05,unchanged
FLGC,2024-03-22,unchanged
FLGC,2024-03-25,unchanged
FLGC,2024-03-28,unchanged
FLGC,2024-04-03,unchanged
FLGC,2024-04-30,unchanged
FLGC,2024-09-19,unchanged
FLGC,nan,unchanged
FLGT,2020-03-17,unchanged
FLGT,2020-07-27,unchanged
FLGT,2020-08-05,unchanged
FLGT,2021-02-01,unchanged
FLGT,2021-03-05,unchanged
FLL,2020-03-20,unchanged
FLL,2020-03-25,unchanged
FLNC,2022-12-13,unchanged
FLNC,2023-11-29,unchanged
FLNC,nan,unchanged
FLNG,2020-03-26,unchanged
FLNT,2020-01-15,unchanged
FLNT,2020-08-26,unchanged
FLNT,2022-03-09,unchanged
FLNT,nan,unchanged
FLR,2020-03-19,unchanged
FLS,nan,unchanged
FLUX,2020-09-29,unchanged
FLUX,2020-12-28,unchanged
FLUX,2021-03-19,unchanged
FLUX,nan,unchanged
FLWS,nan,unchanged
FLX,2024-12-02,unchanged
FLX,nan,unchanged
FLXS,2024-10-22,unchanged
FLXS,nan,unchanged
FLY,2020-03-24,unchanged
FLY,2020-03-25,unchanged
FLY,2020-04-07,unchanged
FLY,2020-05-26,unchanged
FLY,2020-12-23,unchanged
FLYE,2024-06-24,unchanged
FLYE,2024-08-13,unchanged
FLYE,2024-08-14,unchanged
FLYE,2024-10-24,unchanged
FLYE,2024-12-30,unchanged
FLYE,2024-12-31,unchanged
FLYE,nan,unchanged
FMFC,nan,unchanged
FMST,nan,unchanged
FMSTW,2023-09-06,unchanged
FMSTW,nan,unchanged
FN,2023-08-22,unchanged
FNB,2020-03-16,unchanged
FNGR,2022-06-09,unchanged
FNGR,2022-06-24,unchanged
FNGR,2022-08-11,unchanged
FNGR,2022-09-27,unchanged
FNGR,2022-09-28,unchanged
FNGR,2022-09-30,unchanged
FNGR,2022-10-03,unchanged
FNGR,2022-10-05,unchanged
FNGR,2022-10-20,unchanged
FNGR,2023-01-06,unchanged
FNGR,2023-05-01,unchanged
FNGR,2023-06-14,unchanged
FNGR,nan,unchanged
FNKO,2020-05-08,unchanged
FNKO,2020-12-04,unchanged
FNKO,2021-03-24,unchanged
FNKO,2023-11-03,unchanged
FNKO,nan,unchanged
FNLC,2020-03-17,unchanged
FOA,2021-06-15,unchanged
FOA,2023-04-05,unchanged
FOA,2023-04-06,unchanged
FOA,2024-11-11,unchanged
FOFO,nan,unchanged
FORA,2021-03-04,unchanged
FORA,2022-12-21,unchanged
FORA,nan,unchanged
FORTY,2020-03-27,unchanged
FOSL,2020-06-08,unchanged
FOSL,2020-11-12,unchanged
FOSL,2021-01-27,unchanged
FOSL,2021-11-11,unchanged
FOSL,2022-11-10,unchanged
FOSL,2024-12-02,unchanged
FOSL,nan,unchanged
FOXX,2024-11-25,unchanged
FOXX,2024-12-05,unchanged
FOXX,nan,unchanged
FPF,2020-03-19,unchanged
FPH,2020-03-19,unchanged
FPH,nan,unchanged
FRBA,2020-03-17,unchanged
FRD,2021-02-23,unchanged
FRD,2021-05-25,unchanged
FRGE,2022-03-25,unchanged
FRGE,2022-03-30,unchanged
FRGE,2022-04-18,unchanged
FRGE,2022-04-22,unchanged
FRGE,2022-04-26,unchanged
FRGE,2022-05-02,unchanged
FRGE,2022-05-17,unchanged
FRGE,2022-08-04,unchanged
FRGE,2022-08-30,unchanged
FRGE,2022-12-05,unchanged
FRGE,2024-03-25,unchanged
FRGE,nan,unchanged
FRGT,2022-07-26,unchanged
FRGT,2022-11-14,unchanged
FRGT,2023-01-27,unchanged
FRGT,2023-01-30,unchanged
FRGT,2023-03-24,unchanged
FRGT,2023-04-03,unchanged
FRGT,2023-04-05,unchanged
FRGT,2023-04-12,unchanged
FRGT,2023-07-05,unchanged
FRGT,2023-08-14,unchanged
FRGT,2023-12-14,unchanged
FRGT,2024-04-26,unchanged
FRGT,2024-06-06,unchanged
FRGT,2024-09-11,unchanged
FRGT,2024-09-13,unchanged
FRGT,2024-09-19,unchanged
FRGT,2024-09-25,unchanged
FRGT,nan,unchanged
FRO,2020-03-10,unchanged
FROG,2024-02-15,unchanged
FRSX,2020-03-30,unchanged
FRSX,2020-04-01,unchanged
FRSX,2020-05-04,unchanged
FRSX,2020-05-11,unchanged
FRSX,2020-06-05,unchanged
FRSX,2020-10-15,unchanged
FRSX,2020-11-23,unchanged
FRSX,2020-12-04,unchanged
FRSX,2020-12-11,unchanged
FRSX,2020-12-22,unchanged
FRSX,2020-12-23,unchanged
FRSX,2021-01-13,unchanged
FRSX,2021-01-15,unchanged
FRSX,2021-01-19,unchanged
FRSX,2021-03-01,unchanged
FRSX,2021-05-17,unchanged
FRSX,2022-11-16,unchanged
FRSX,2024-01-29,unchanged
FRSX,2024-03-22,unchanged
FRSX,2024-12-18,unchanged
FRSX,2024-12-19,unchanged
FRSX,2024-12-20,unchanged
FRSX,2024-12-23,unchanged
FRSX,2024-12-24,unchanged
FRT,2020-11-09,unchanged
FSBC,2021-05-05,unchanged
FSK,2020-03-24,unchanged
FSLY,2020-05-07,unchanged
FSLY,2023-02-13,unchanged
FSM,2020-03-16,unchanged
FTAI,2020-03-19,unchanged
FTCI,2022-06-06,unchanged
FTCI,2023-11-09,unchanged
FTCI,2024-08-13,unchanged
FTCI,2024-09-11,unchanged
FTCI,2024-12-27,unchanged
FTCI,nan,unchanged
FTEK,2020-05-08,unchanged
FTEK,2020-06-29,unchanged
FTEK,2020-07-07,unchanged
FTEK,2020-11-11,unchanged
FTEK,2020-11-20,unchanged
FTEK,2020-11-23,unchanged
FTEK,2020-11-24,unchanged
FTEK,2021-06-04,unchanged
FTEK,2021-10-19,unchanged
FTEK,2023-04-24,unchanged
FTEK,nan,unchanged
FTEL,2023-11-09,unchanged
FTEL,2023-11-10,unchanged
FTEL,2023-11-29,unchanged
FTEL,2023-12-07,unchanged
FTEL,2023-12-27,unchanged
FTEL,2024-01-17,unchanged
FTEL,2024-01-18,unchanged
FTEL,2024-01-22,unchanged
FTEL,2024-02-07,unchanged
FTEL,2024-02-22,unchanged
FTEL,2024-05-03,unchanged
FTEL,2024-05-09,unchanged
FTEL,2024-05-30,unchanged
FTEL,2024-08-02,unchanged
FTEL,2024-09-11,unchanged
FTEL,2024-09-13,unchanged
FTEL,2024-09-16,unchanged
FTEL,2024-10-21,unchanged
FTEL,2024-10-25,unchanged
FTEL,2024-11-15,unchanged
FTEL,2024-12-23,unchanged
FTEL,nan,unchanged
FTFT,2020-01-30,unchanged
FTFT,2020-06-10,unchanged
FTFT,2020-07-14,unchanged
FTFT,2020-07-16,unchanged
FTFT,2020-11-25,unchanged
FTFT,2021-01-04,unchanged
FTFT,2021-01-07,unchanged
FTFT,2021-01-08,unchanged
FTFT,2021-02-12,unchanged
FTFT,2021-04-01,unchanged
FTFT,2021-08-06,unchanged
FTFT,2021-12-27,unchanged
FTFT,2021-12-30,unchanged
FTFT,2022-05-27,unchanged
FTFT,2023-12-20,unchanged
FTFT,2023-12-27,unchanged
FTFT,2023-12-28,unchanged
FTFT,2024-11-11,unchanged
FTFT,nan,unchanged
FTHM,nan,unchanged
FTK,2020-03-17,unchanged
FTK,2020-05-19,unchanged
FTK,2020-06-08,unchanged
FTK,2020-06-29,unchanged
FTK,2021-12-28,unchanged
FTK,2021-12-29,unchanged
FTK,2022-02-17,unchanged
FTK,2024-03-13,unchanged
FTK,nan,unchanged
FTRE,2024-11-08,unchanged
FTRE,nan,unchanged
FTRK,nan,unchanged
FUBO,2020-11-11,unchanged
FUBO,2020-12-21,unchanged
FUBO,2021-01-12,unchanged
FUBO,2021-01-27,unchanged
FUBO,2022-08-16,unchanged
FUBO,2023-05-05,unchanged
FUBO,2024-08-19,unchanged
FUBO,nan,unchanged
FUFU,2024-03-04,unchanged
FUFU,2024-03-19,unchanged
FUFU,2024-06-21,unchanged
FUFU,2024-06-25,unchanged
FUFU,nan,unchanged
FULC,2020-03-13,unchanged
FULC,2020-05-13,unchanged
FULC,2021-08-10,unchanged
FULC,2021-08-11,unchanged
FULC,2023-08-22,unchanged
FULC,2024-09-26,unchanged
FULC,nan,unchanged
FUN,2020-03-24,unchanged
FUN,2020-03-25,unchanged
FUTU,2021-01-25,unchanged
FUTU,2021-02-10,unchanged
FUTU,2021-02-16,unchanged
FUTU,2022-03-16,unchanged
FUTU,2022-06-06,unchanged
FVCB,2020-03-17,unchanged
FVRR,2020-03-19,unchanged
FVRR,2024-10-30,unchanged
FWRD,nan,unchanged
FYBR,2024-09-04,unchanged
FpB,2020-03-19,unchanged
FpB,2020-04-09,unchanged
FpC,2020-03-19,unchanged
FpC,2020-04-09,unchanged
GAIA,2020-03-19,unchanged
GAIA,2023-03-07,unchanged
GALT,2020-04-29,unchanged
GALT,2020-04-30,unchanged
GALT,2020-09-28,unchanged
GALT,2021-04-06,unchanged
GALT,2021-04-14,unchanged
GALT,2021-04-22,unchanged
GALT,2021-07-09,unchanged
GALT,2022-06-01,unchanged
GALT,2024-12-27,unchanged
GALT,nan,unchanged
GAMB,2021-08-26,unchanged
GAMB,2021-08-27,unchanged
GAME,2021-11-24,unchanged
GAME,2022-07-06,unchanged
GAME,2022-12-12,unchanged
GAME,2022-12-14,unchanged
GAME,2022-12-15,unchanged
GAME,2023-02-01,unchanged
GAME,2023-04-10,unchanged
GAME,2024-01-23,unchanged
GAME,2024-10-17,unchanged
GAME,nan,unchanged
GANX,2022-04-12,unchanged
GANX,2024-01-02,unchanged
GANX,2024-10-16,unchanged
GANX,nan,unchanged
GAUZ,2024-07-15,unchanged
GAUZ,nan,unchanged
GBIO,2023-01-04,unchanged
GBIO,2023-03-23,unchanged
GBIO,2023-11-03,unchanged
GBIO,2023-12-01,unchanged
GBIO,2024-05-14,unchanged
GBIO,nan,unchanged
GBLI,2020-03-17,unchanged
GBLI,2020-08-28,unchanged
GBX,2020-04-07,unchanged
GBX,2023-06-29,unchanged
GCBC,2020-03-13,unchanged
GCBC,2020-03-16,unchanged
GCL,nan,unchanged
GCO,2020-03-19,unchanged
GCT,2022-08-19,unchanged
GCT,2022-08-24,unchanged
GCT,2022-09-01,unchanged
GCT,2022-11-07,unchanged
GCT,2022-11-28,unchanged
GCT,2023-05-24,unchanged
GCT,nan,unchanged
GCTK,2023-04-06,unchanged
GCTK,2023-04-10,unchanged
GCTK,2023-04-12,unchanged
GCTK,2023-04-25,unchanged
GCTK,2024-11-05,unchanged
GCTK,nan,unchanged
GCTS,2024-04-05,unchanged
GCTS,nan,unchanged
GDC,2023-01-12,unchanged
GDC,2023-02-06,unchanged
GDC,2023-04-13,unchanged
GDC,2023-05-01,unchanged
GDC,2023-05-03,unchanged
GDC,2023-05-04,unchanged
GDC,2023-05-15,unchanged
GDC,2023-05-16,unchanged
GDC,2023-05-30,unchanged
GDC,2023-08-28,unchanged
GDC,2023-09-05,unchanged
GDC,2023-11-20,unchanged
GDC,2023-12-13,unchanged
GDC,2024-07-05,unchanged
GDC,2024-08-21,unchanged
GDC,2024-08-22,unchanged
GDC,2024-08-23,unchanged
GDC,2024-11-11,unchanged
GDC,2024-11-12,unchanged
GDC,nan,unchanged
GDEN,2020-03-24,unchanged
GDEN,2020-03-25,unchanged
GDEV,2021-09-17,unchanged
GDEV,2023-03-29,unchanged
GDEV,2023-03-31,unchanged
GDEV,2023-04-19,unchanged
GDEV,2024-09-09,unchanged
GDEV,2024-10-01,unchanged
GDEV,nan,unchanged
GDEVW,2021-09-17,unchanged
GDHG,2024-06-12,unchanged
GDHG,2024-07-01,unchanged
GDHG,2024-09-20,unchanged
GDHG,2024-12-30,unchanged
GDHG,nan,unchanged
GDOT,2020-03-13,unchanged
GDOT,nan,unchanged
GDRX,2022-08-09,unchanged
GDRX,2023-07-31,unchanged
GDRX,nan,unchanged
GDS,2022-03-16,unchanged
GDS,2024-03-11,unchanged
GDTC,2023-07-11,unchanged
GDTC,2023-07-13,unchanged
GDTC,2024-10-23,unchanged
GDTC,2024-12-04,unchanged
GDTC,nan,unchanged
GDYN,2021-11-05,unchanged
GDYN,2022-03-16,unchanged
GDYN,2022-03-29,unchanged
GEG,2021-03-02,unchanged
GEG,nan,unchanged
GEL,2020-03-10,unchanged
GEL,2020-03-13,unchanged
GEL,2020-03-19,unchanged
GEL,2020-03-20,unchanged
GEL,2020-03-31,unchanged
GELS,2024-12-02,unchanged
GELS,2024-12-09,unchanged
GELS,2024-12-10,unchanged
GELS,2024-12-19,unchanged
GELS,nan,unchanged
GEN,2020-03-13,unchanged
GEN,2020-05-22,unchanged
GEN,2020-05-26,unchanged
GEN,2022-11-08,unchanged
GENI,2023-07-06,unchanged
GENK,nan,unchanged
GENVR,nan,unchanged
GEO,2021-06-09,unchanged
GEO,2024-11-06,unchanged
GEOS,2020-03-17,unchanged
GEOS,nan,unchanged
GERN,2020-05-18,unchanged
GERN,2021-06-18,unchanged
GERN,2022-08-04,unchanged
GERN,2023-01-04,unchanged
GERN,2024-03-15,unchanged
GERN,2024-06-07,unchanged
GES,2020-03-19,unchanged
GES,2020-03-24,unchanged
GES,2023-08-24,unchanged
GES,nan,unchanged
GETY,2022-07-29,unchanged
GETY,2022-10-31,unchanged
GETY,2022-11-14,unchanged
GETY,2023-01-31,unchanged
GETY,2023-04-24,unchanged
GETY,nan,unchanged
GEVO,2020-04-28,unchanged
GEVO,2020-08-20,unchanged
GEVO,2020-08-28,unchanged
GEVO,2020-09-29,unchanged
GEVO,2020-11-23,unchanged
GEVO,2020-11-24,unchanged
GEVO,2020-12-24,unchanged
GEVO,2020-12-28,unchanged
GEVO,2021-01-19,unchanged
GEVO,2021-01-25,unchanged
GEVO,2021-09-09,unchanged
GEVO,2022-03-08,unchanged
GEVO,2024-09-12,unchanged
GEVO,2024-09-13,unchanged
GEVO,2024-09-17,unchanged
GEVO,2024-10-17,unchanged
GEVO,2024-12-26,unchanged
GEVO,nan,unchanged
GFAI,2021-10-29,unchanged
GFAI,2021-11-30,unchanged
GFAI,2022-01-14,unchanged
GFAI,2022-02-22,unchanged
GFAI,2022-02-25,unchanged
GFAI,2022-03-11,unchanged
GFAI,2022-03-14,unchanged
GFAI,2022-03-15,unchanged
GFAI,2022-03-21,unchanged
GFAI,2022-03-25,unchanged
GFAI,2022-03-29,unchanged
GFAI,2022-04-21,unchanged
GFAI,2022-05-17,unchanged
GFAI,2022-05-24,unchanged
GFAI,2022-07-22,unchanged
GFAI,2022-08-31,unchanged
GFAI,2022-09-01,unchanged
GFAI,2023-01-03,unchanged
GFAI,2023-01-12,unchanged
GFAI,2023-01-13,unchanged
GFAI,2023-01-26,unchanged
GFAI,2023-01-27,unchanged
GFAI,2023-02-03,unchanged
GFAI,2023-02-06,unchanged
GFAI,2023-02-08,unchanged
GFAI,2023-03-03,unchanged
GFAI,2023-03-31,unchanged
GFAI,2023-04-03,unchanged
GFAI,2023-04-06,unchanged
GFAI,2023-04-10,unchanged
GFAI,2023-04-12,unchanged
GFAI,2023-05-04,unchanged
GFAI,2023-07-20,unchanged
GFAI,2023-07-21,unchanged
GFAI,2024-02-27,unchanged
GFAI,2024-12-26,unchanged
GFAI,nan,unchanged
GFAIW,2021-10-05,unchanged
GFAIW,2021-10-29,unchanged
GFAIW,2023-04-12,unchanged
GFAIW,2023-04-13,unchanged
GFF,2020-07-31,unchanged
GFI,2020-03-16,unchanged
GGAL,nan,unchanged
GGR,2022-05-31,unchanged
GGR,2024-05-06,unchanged
GGR,2024-10-03,unchanged
GGR,nan,unchanged
GGROW,2022-06-23,unchanged
GGROW,2022-06-24,unchanged
GGT,2020-03-24,unchanged
GH,2024-11-07,unchanged
GH,nan,unchanged
GHRS,2021-10-29,unchanged
GHRS,2022-11-22,unchanged
GHRS,2023-03-24,unchanged
GHRS,nan,unchanged
GIBO,nan,unchanged
GIFI,2024-03-08,unchanged
GIFT,nan,unchanged
GIGGW,2021-04-19,unchanged
GIGGW,2021-11-15,unchanged
GIGGW,nan,unchanged
GIGM,2020-05-20,unchanged
GIGM,2020-12-08,unchanged
GIGM,2021-03-24,unchanged
GIGM,2022-08-15,unchanged
GIII,2020-03-19,unchanged
GIII,2020-04-06,unchanged
GIII,2020-04-07,unchanged
GILT,2021-01-19,unchanged
GILT,2021-01-25,unchanged
GIPR,nan,unchanged
GIPRW,2021-10-12,unchanged
GIPRW,2022-12-02,unchanged
GIPRW,2023-04-18,unchanged
GIPRW,nan,unchanged
GITS,2024-12-19,unchanged
GITS,nan,unchanged
GKOS,nan,unchanged
GLAD,2020-03-25,unchanged
GLAD,2020-03-26,unchanged
GLBS,2020-03-04,unchanged
GLBS,2020-03-13,unchanged
GLBS,2020-03-17,unchanged
GLBS,2020-03-25,unchanged
GLBS,2020-03-27,unchanged
GLBS,2020-03-30,unchanged
GLBS,2020-06-12,unchanged
GLBS,2020-09-28,unchanged
GLBS,2020-10-22,unchanged
GLBS,2021-02-16,unchanged
GLBZ,2023-05-03,unchanged
GLDD,2024-05-07,unchanged
GLE,nan,unchanged
GLMD,2020-07-15,unchanged
GLMD,2021-02-11,unchanged
GLMD,2021-08-02,unchanged
GLMD,2022-06-28,unchanged
GLMD,2022-12-21,unchanged
GLMD,2022-12-22,unchanged
GLMD,2023-01-03,unchanged
GLMD,2023-05-05,unchanged
GLMD,2023-07-12,unchanged
GLMD,2023-10-02,unchanged
GLMD,2024-08-21,unchanged
GLMD,2024-09-17,unchanged
GLMD,2024-09-19,unchanged
GLMD,2024-09-20,unchanged
GLMD,nan,unchanged
GLNG,2020-03-10,unchanged
GLOPpA,2020-03-13,unchanged
GLOPpA,2020-03-19,unchanged
GLOPpB,2020-03-13,unchanged
GLOPpB,2020-03-19,unchanged
GLOPpB,2020-04-08,unchanged
GLOPpC,2020-03-13,unchanged
GLOPpC,2020-03-19,unchanged
GLOW,2020-03-03,unchanged
GLP,2020-03-19,unchanged
GLSI,2020-11-16,unchanged
GLSI,2020-12-09,unchanged
GLSI,2020-12-10,unchanged
GLSI,2020-12-15,unchanged
GLSI,2021-01-07,unchanged
GLSI,2021-03-08,unchanged
GLSI,2021-04-06,unchanged
GLSI,2021-04-09,unchanged
GLSI,2022-06-09,unchanged
GLSI,2022-07-12,unchanged
GLSI,2024-02-14,unchanged
GLTO,2021-06-10,unchanged
GLTO,2022-06-03,unchanged
GLTO,2023-07-25,unchanged
GLTO,2023-09-27,unchanged
GLTO,nan,unchanged
GLUE,2024-10-28,unchanged
GLUE,nan,unchanged
GLXG,2024-09-18,unchanged
GLXG,2024-10-10,unchanged
GLXG,2024-12-06,unchanged
GLXG,2024-12-09,unchanged
GLXG,nan,unchanged
GME,2020-04-14,unchanged
GME,2020-08-31,unchanged
GME,2020-10-08,unchanged
GME,2021-01-13,unchanged
GME,2021-01-14,unchanged
GME,2021-01-22,unchanged
GME,2021-01-25,unchanged
GME,2021-01-26,unchanged
GME,2021-01-27,unchanged
GME,2021-01-28,unchanged
GME,2021-01-29,unchanged
GME,2021-02-05,unchanged
GME,2021-02-24,unchanged
GME,2021-02-25,unchanged
GME,2021-02-26,unchanged
GME,2021-03-01,unchanged
GME,2021-03-08,unchanged
GME,2021-03-10,unchanged
GME,2021-03-25,unchanged
GME,2021-08-24,unchanged
GME,2022-03-22,unchanged
GME,2022-05-12,unchanged
GME,2023-03-22,unchanged
GME,2023-11-29,unchanged
GME,2024-05-03,unchanged
GME,2024-05-13,unchanged
GME,2024-05-14,unchanged
GME,2024-05-28,unchanged
GME,2024-06-03,unchanged
GME,2024-06-06,unchanged
GMGI,2022-03-15,unchanged
GMGI,2023-01-05,unchanged
GMGI,2023-06-29,unchanged
GMGI,2023-08-22,unchanged
GMGI,nan,unchanged
GMHS,nan,unchanged
GMM,2023-10-23,unchanged
GMM,2023-10-30,unchanged
GMM,2024-03-11,unchanged
GMM,2024-04-30,unchanged
GMM,2024-07-02,unchanged
GMM,2024-10-28,unchanged
GMM,2024-11-27,unchanged
GMM,nan,unchanged
GNLN,2024-08-07,unchanged
GNLN,2024-08-12,unchanged
GNLN,2024-08-14,unchanged
GNLN,2024-09-16,unchanged
GNLN,2024-10-28,unchanged
GNLN,2024-11-07,unchanged
GNLN,nan,unchanged
GNLX,2023-03-06,unchanged
GNLX,2023-03-07,unchanged
GNLX,2023-03-14,unchanged
GNLX,2023-03-16,unchanged
GNLX,nan,unchanged
GNLpA,2020-03-19,unchanged
GNPX,2020-01-07,unchanged
GNPX,2020-01-21,unchanged
GNPX,2020-01-22,unchanged
GNPX,2020-01-29,unchanged
GNPX,2020-02-11,unchanged
GNPX,2020-02-13,unchanged
GNPX,2020-02-14,unchanged
GNPX,2020-03-17,unchanged
GNPX,2020-04-22,unchanged
GNPX,2020-05-05,unchanged
GNPX,2020-12-22,unchanged
GNPX,2022-01-03,unchanged
GNPX,2024-01-29,unchanged
GNPX,2024-02-05,unchanged
GNPX,2024-03-06,unchanged
GNPX,2024-05-31,unchanged
GNPX,2024-08-14,unchanged
GNPX,2024-09-09,unchanged
GNPX,2024-10-21,unchanged
GNPX,2024-10-22,unchanged
GNPX,2024-10-28,unchanged
GNPX,2024-11-12,unchanged
GNPX,nan,unchanged
GNSS,2020-03-16,unchanged
GNSS,2024-02-12,unchanged
GNTA,2024-04-18,unchanged
GNTA,2024-07-18,unchanged
GNTA,nan,unchanged
GNW,2020-08-31,unchanged
GO,nan,unchanged
GOCO,2022-08-12,unchanged
GOCO,2023-05-08,unchanged
GOCO,2024-08-23,unchanged
GOGO,2020-03-13,unchanged
GOGO,2020-03-20,unchanged
GOGO,2020-09-01,unchanged
GOGO,2020-09-02,unchanged
GOGO,2021-09-28,unchanged
GOGO,2024-11-05,unchanged
GOGO,nan,unchanged
GOOD,2020-03-19,unchanged
GOODN,2020-03-19,unchanged
GORV,2024-09-16,unchanged
GORV,2024-11-14,unchanged
GORV,2024-11-15,unchanged
GORV,nan,unchanged
GOSS,2022-07-13,unchanged
GOSS,2022-12-16,unchanged
GOSS,2023-03-20,unchanged
GOSS,2024-06-25,unchanged
GOSS,2024-12-12,unchanged
GOTU,2021-09-22,unchanged
GOTU,2021-10-11,unchanged
GOTU,2021-12-30,unchanged
GOTU,2022-03-16,unchanged
GOTU,2022-06-08,unchanged
GOTU,2022-11-15,unchanged
GOTU,2023-01-03,unchanged
GOTU,2024-02-27,unchanged
GOTU,2024-09-26,unchanged
GOTU,nan,unchanged
GOVX,2020-10-26,unchanged
GOVX,2020-12-09,unchanged
GOVX,2020-12-15,unchanged
GOVX,2021-01-11,unchanged
GOVX,2021-02-08,unchanged
GOVX,2021-04-09,unchanged
GOVX,2021-08-20,unchanged
GOVX,2021-11-16,unchanged
GOVX,2022-04-26,unchanged
GOVX,2022-05-20,unchanged
GOVX,2022-05-23,unchanged
GOVX,2022-05-24,unchanged
GOVX,2022-06-14,unchanged
GOVX,2022-07-25,unchanged
GOVX,2022-07-26,unchanged
GOVX,2022-07-29,unchanged
GOVX,2022-08-01,unchanged
GOVX,2022-08-04,unchanged
GOVX,2022-09-09,unchanged
GOVX,2023-01-25,unchanged
GOVX,2024-06-18,unchanged
GOVX,2024-06-21,unchanged
GOVX,2024-06-24,unchanged
GOVX,2024-06-27,unchanged
GOVX,2024-07-10,unchanged
GOVX,2024-08-14,unchanged
GOVX,2024-08-16,unchanged
GOVX,2024-08-19,unchanged
GOVX,2024-08-21,unchanged
GOVX,2024-11-11,unchanged
GOVX,nan,unchanged
GP,2020-11-16,unchanged
GP,2020-12-28,unchanged
GP,2022-10-26,unchanged
GP,2023-01-17,unchanged
GP,2023-07-17,unchanged
GP,2024-09-24,unchanged
GP,2024-10-25,unchanged
GP,nan,unchanged
GPCR,2023-09-29,unchanged
GPCR,2024-06-03,unchanged
GPCR,nan,unchanged
GPI,2020-03-19,unchanged
GPMT,2020-03-26,unchanged
GPMT,2020-04-06,unchanged
GPMT,2020-04-07,unchanged
GPMT,2020-04-08,unchanged
GPMT,2020-04-09,unchanged
GPOR,2020-03-13,unchanged
GPOR,2020-04-21,unchanged
GPOR,2020-06-08,unchanged
GPRE,2020-05-20,unchanged
GPRO,2020-03-19,unchanged
GPRO,2020-10-07,unchanged
GPRO,2020-11-06,unchanged
GPRO,nan,unchanged
GRAB,2022-05-19,unchanged
GRABW,2022-03-15,unchanged
GRABW,2022-03-16,unchanged
GRAL,nan,unchanged
GRAN,nan,unchanged
GREE,2021-09-29,unchanged
GREE,2021-10-29,unchanged
GREE,2022-04-01,unchanged
GREE,2022-12-19,unchanged
GREE,2022-12-28,unchanged
GREE,2023-01-04,unchanged
GREE,2023-01-09,unchanged
GREE,2023-01-12,unchanged
GREE,2023-01-13,unchanged
GREE,2023-04-11,unchanged
GREE,2023-04-13,unchanged
GREE,2023-06-14,unchanged
GREE,2023-06-16,unchanged
GREE,2023-07-03,unchanged
GREE,2023-07-07,unchanged
GREE,2023-07-10,unchanged
GREE,2023-07-13,unchanged
GREE,2023-12-27,unchanged
GREE,2024-02-08,unchanged
GREE,2024-11-15,unchanged
GREE,nan,unchanged
GREEL,2022-11-22,unchanged
GREEL,2023-01-04,unchanged
GREEL,2023-01-09,unchanged
GREEL,2023-01-12,unchanged
GREEL,2023-01-17,unchanged
GREEL,2023-02-02,unchanged
GRI,2023-08-23,unchanged
GRI,2023-12-01,unchanged
GRI,2023-12-04,unchanged
GRI,2024-01-30,unchanged
GRI,2024-02-01,unchanged
GRI,2024-06-25,unchanged
GRI,2024-07-23,unchanged
GRI,2024-09-24,unchanged
GRI,2024-10-16,unchanged
GRI,2024-10-18,unchanged
GRI,2024-10-21,unchanged
GRI,2024-10-30,unchanged
GRI,2024-10-31,unchanged
GRI,2024-11-01,unchanged
GRI,nan,unchanged
GRIN,2020-03-27,unchanged
GRIN,2020-03-31,unchanged
GRIN,2020-08-03,unchanged
GRIN,2021-01-29,unchanged
GRIN,2021-02-12,unchanged
GRND,2022-11-22,unchanged
GRNQ,2020-03-03,unchanged
GRNQ,2020-03-16,unchanged
GRNQ,2020-04-27,unchanged
GRNQ,2020-05-11,unchanged
GRNQ,2020-05-22,unchanged
GRNQ,2020-05-26,unchanged
GRNQ,2020-05-27,unchanged
GRNQ,2020-06-22,unchanged
GRNQ,2020-08-18,unchanged
GRNQ,2020-09-29,unchanged
GRNQ,2020-10-05,unchanged
GRNQ,2020-12-16,unchanged
GRNQ,2020-12-28,unchanged
GRNQ,2021-01-07,unchanged
GRNQ,2021-01-08,unchanged
GRNQ,2021-02-11,unchanged
GRNQ,2021-02-17,unchanged
GRNQ,2021-07-09,unchanged
GRNQ,2021-07-26,unchanged
GRNQ,2021-08-04,unchanged
GRNQ,2021-08-20,unchanged
GRNQ,2021-08-23,unchanged
GRNQ,2021-10-25,unchanged
GRNQ,2022-08-04,unchanged
GRNQ,2022-08-23,unchanged
GRNQ,2022-08-31,unchanged
GRNQ,2024-02-14,unchanged
GRNQ,2024-07-15,unchanged
GRNQ,2024-11-12,unchanged
GRNQ,nan,unchanged
GRNT,2022-10-26,unchanged
GROV,2022-06-29,unchanged
GROV,2022-07-07,unchanged
GROV,2022-08-10,unchanged
GROV,2022-09-06,unchanged
GROV,2022-09-27,unchanged
GROV,2022-12-27,unchanged
GROV,2022-12-30,unchanged
GROV,2023-01-09,unchanged
GROV,2023-02-07,unchanged
GROV,2023-04-04,unchanged
GROV,2023-08-15,unchanged
GROV,2024-11-27,unchanged
GROV,nan,unchanged
GROW,2021-04-05,unchanged
GRPN,2020-03-19,unchanged
GRPN,2020-03-24,unchanged
GRPN,2020-03-27,unchanged
GRPN,2020-08-07,unchanged
GRPN,2021-03-01,unchanged
GRPN,2024-05-10,unchanged
GRPN,nan,unchanged
GRRR,2022-07-15,unchanged
GRRR,2022-12-21,unchanged
GRRR,2022-12-28,unchanged
GRRR,2022-12-30,unchanged
GRRR,2023-01-03,unchanged
GRRR,2023-01-19,unchanged
GRRR,2023-03-27,unchanged
GRRR,2023-07-07,unchanged
GRRR,2023-07-10,unchanged
GRRR,2023-07-20,unchanged
GRRR,2023-08-08,unchanged
GRRR,2024-02-05,unchanged
GRRR,2024-04-04,unchanged
GRRR,2024-09-12,unchanged
GRRR,2024-12-30,unchanged
GRRR,nan,unchanged
GRRRW,2024-12-30,unchanged
GRRRW,2024-12-31,unchanged
GRRRW,nan,unchanged
GRWG,2020-08-13,unchanged
GRWG,2022-11-08,unchanged
GRWG,2023-05-10,unchanged
GRWG,2024-04-30,unchanged
GSAT,2020-03-24,unchanged
GSAT,2020-06-18,unchanged
GSAT,2020-07-06,unchanged
GSAT,2021-01-08,unchanged
GSAT,2021-01-12,unchanged
GSAT,2021-01-13,unchanged
GSAT,2021-01-20,unchanged
GSAT,2021-01-25,unchanged
GSAT,2021-02-09,unchanged
GSAT,2021-02-10,unchanged
GSAT,2021-04-26,unchanged
GSAT,2021-08-30,unchanged
GSAT,2021-09-08,unchanged
GSAT,2022-09-07,unchanged
GSAT,2023-08-29,unchanged
GSAT,2024-11-01,unchanged
GSAT,2024-11-04,unchanged
GSAT,nan,unchanged
GSBD,2020-03-19,unchanged
GSHD,2024-07-25,unchanged
GSIT,2023-03-31,unchanged
GSIT,2023-05-12,unchanged
GSIT,2023-05-15,unchanged
GSIT,2023-05-18,unchanged
GSIT,2023-06-01,unchanged
GSIT,2023-11-06,unchanged
GSIT,2023-12-07,unchanged
GSIT,2024-02-27,unchanged
GSIT,2024-02-29,unchanged
GSIT,2024-04-02,unchanged
GSIT,nan,unchanged
GSIW,2023-12-06,unchanged
GSIW,2023-12-19,unchanged
GSIW,2024-01-16,unchanged
GSIW,2024-09-19,unchanged
GSIW,2024-09-30,unchanged
GSIW,2024-10-02,unchanged
GSIW,2024-10-04,unchanged
GSIW,2024-10-07,unchanged
GSIW,nan,unchanged
GSLpB,2020-03-19,unchanged
GSLpB,2020-03-26,unchanged
GSM,2020-01-14,unchanged
GSM,2020-11-23,unchanged
GSM,2020-12-03,unchanged
GSM,2021-02-01,unchanged
GSM,2021-02-02,unchanged
GSRFR,nan,unchanged
GSUN,2022-06-23,unchanged
GSUN,2022-08-03,unchanged
GSUN,2022-08-18,unchanged
GSUN,2022-08-19,unchanged
GSUN,2022-08-24,unchanged
GSUN,2022-08-25,unchanged
GSUN,2022-09-23,unchanged
GSUN,2022-09-29,unchanged
GSUN,2022-11-18,unchanged
GSUN,2022-12-12,unchanged
GSUN,2023-01-05,unchanged
GSUN,2023-01-06,unchanged
GSUN,2023-01-10,unchanged
GSUN,2023-02-01,unchanged
GSUN,2023-02-07,unchanged
GSUN,2023-02-09,unchanged
GSUN,2023-04-28,unchanged
GSUN,2023-08-09,unchanged
GSUN,2023-12-19,unchanged
GSUN,2024-01-24,unchanged
GSUN,2024-02-02,unchanged
GSUN,2024-05-07,unchanged
GSUN,2024-07-23,unchanged
GSUN,2024-08-20,unchanged
GSUN,nan,unchanged
GTBP,2021-03-09,unchanged
GTBP,2023-06-06,unchanged
GTBP,2023-06-08,unchanged
GTBP,2023-06-16,unchanged
GTBP,2024-03-22,unchanged
GTBP,2024-05-20,unchanged
GTBP,2024-09-30,unchanged
GTBP,2024-12-23,unchanged
GTBP,nan,unchanged
GTEC,2020-02-14,unchanged
GTEC,2020-02-18,unchanged
GTEC,2020-03-12,unchanged
GTEC,2020-03-23,unchanged
GTEC,2020-03-31,unchanged
GTEC,2020-04-01,unchanged
GTEC,2020-06-17,unchanged
GTEC,2020-06-22,unchanged
GTEC,2020-07-13,unchanged
GTEC,2020-10-06,unchanged
GTEC,2020-10-19,unchanged
GTEC,2020-11-10,unchanged
GTEC,2020-11-12,unchanged
GTEC,2020-11-13,unchanged
GTEC,2020-11-23,unchanged
GTEC,2020-12-07,unchanged
GTEC,2021-02-18,unchanged
GTEC,2021-11-19,unchanged
GTEC,2023-05-08,unchanged
GTEC,2023-05-19,unchanged
GTEC,2023-08-30,unchanged
GTEC,2023-09-06,unchanged
GTEC,2023-09-15,unchanged
GTEC,2024-07-10,unchanged
GTEC,2024-08-16,unchanged
GTEC,nan,unchanged
GTENW,nan,unchanged
GTIM,2020-03-13,unchanged
GTIM,2020-03-18,unchanged
GTIM,2020-04-17,unchanged
GTIM,2020-05-15,unchanged
GTIM,2020-08-19,unchanged
GTIM,2021-04-05,unchanged
GTIM,nan,unchanged
GTLB,2022-03-16,unchanged
GTLB,2022-03-18,unchanged
GTLB,2022-06-07,unchanged
GTLB,2023-06-06,unchanged
GTLS,2020-03-24,unchanged
GTN.A,2023-11-02,unchanged
GTN.A,2024-04-22,unchanged
GTN.A,2024-05-02,unchanged
GTN.A,2024-11-14,unchanged
GTN.A,2024-11-15,unchanged
GTN.A,nan,unchanged
GTX,2020-04-08,unchanged
GTX,2020-09-03,unchanged
GTX,2021-05-03,unchanged
GUTS,2024-10-28,unchanged
GUTS,nan,unchanged
GV,2020-11-24,unchanged
GV,2023-12-15,unchanged
GV,2023-12-18,unchanged
GV,2024-02-08,unchanged
GV,2024-02-20,unchanged
GV,2024-04-30,unchanged
GV,2024-05-09,unchanged
GV,2024-05-10,unchanged
GV,2024-05-13,unchanged
GV,2024-05-28,unchanged
GV,2024-09-12,unchanged
GV,2024-11-07,unchanged
GV,2024-11-08,unchanged
GV,2024-12-17,unchanged
GV,2024-12-26,unchanged
GV,nan,unchanged
GVH,2023-11-09,unchanged
GVH,2024-03-20,unchanged
GVH,2024-04-05,unchanged
GVH,2024-04-11,unchanged
GVH,2024-05-29,unchanged
GVH,2024-07-09,unchanged
GVH,2024-08-22,unchanged
GVH,nan,unchanged
GWAV,2024-04-01,unchanged
GWAV,2024-05-09,unchanged
GWAV,2024-05-15,unchanged
GWAV,2024-05-16,unchanged
GWAV,2024-05-17,unchanged
GWAV,2024-05-22,unchanged
GWAV,2024-05-23,unchanged
GWAV,2024-08-12,unchanged
GWAV,2024-10-17,unchanged
GWAV,2024-12-03,unchanged
GWAV,2024-12-05,unchanged
GWAV,nan,unchanged
GWH,2021-10-12,unchanged
GWH,nan,unchanged
GWH.WS,2021-10-12,unchanged
GWH.WS,2021-10-18,unchanged
GWH.WS,2021-10-29,unchanged
GWH.WS,2021-11-05,unchanged
GXAI,2024-02-15,unchanged
GXAI,2024-02-16,unchanged
GXAI,2024-02-22,unchanged
GXAI,2024-02-26,unchanged
GXAI,2024-02-27,unchanged
GXAI,2024-03-13,unchanged
GXAI,2024-08-21,unchanged
GXAI,2024-09-20,unchanged
GXAI,2024-11-14,unchanged
GXAI,2024-12-06,unchanged
GXAI,2024-12-09,unchanged
GXAI,2024-12-10,unchanged
GXAI,2024-12-17,unchanged
GXAI,2024-12-26,unchanged
GXAI,nan,unchanged
GYRE,2023-11-15,unchanged
GYRE,2023-11-22,unchanged
GYRE,2024-02-14,unchanged
GYRE,2024-02-23,unchanged
GYRE,2024-05-29,unchanged
GYRE,nan,unchanged
HAIN,2024-08-27,unchanged
HAL,2020-03-24,unchanged
HAO,2024-01-30,unchanged
HAO,2024-04-30,unchanged
HAO,2024-05-02,unchanged
HAO,2024-06-20,unchanged
HAO,2024-07-09,unchanged
HAO,2024-10-30,unchanged
HAO,2024-11-08,unchanged
HAO,2024-12-31,unchanged
HAO,nan,unchanged
HAYW,2021-05-05,unchanged
HBANM,2021-06-11,unchanged
HBB,2020-03-25,unchanged
HBB,2020-07-24,unchanged
HBB,2024-08-05,unchanged
HBI,nan,unchanged
HBT,2020-03-24,unchanged
HCAI,nan,unchanged
HCAT,2022-11-09,unchanged
HCAT,2024-08-08,unchanged
HCI,2021-03-01,unchanged
HCM,2022-03-16,unchanged
HCMA,2024-03-06,unchanged
HCMA,2024-03-15,unchanged
HCMAU,2024-03-15,unchanged
HCTI,2022-06-21,unchanged
HCTI,2022-10-24,unchanged
HCTI,2022-12-12,unchanged
HCTI,2023-01-04,unchanged
HCTI,2023-05-26,unchanged
HCTI,2023-07-12,unchanged
HCTI,2023-07-17,unchanged
HCTI,2023-08-15,unchanged
HCTI,2024-02-08,unchanged
HCTI,2024-03-01,unchanged
HCTI,2024-05-03,unchanged
HCTI,2024-07-19,unchanged
HCTI,2024-09-17,unchanged
HCTI,2024-09-24,unchanged
HCTI,2024-10-28,unchanged
HCTI,2024-12-04,unchanged
HCTI,2024-12-06,unchanged
HCTI,2024-12-31,unchanged
HCTI,nan,unchanged
HCWB,2021-10-19,unchanged
HCWB,2021-10-28,unchanged
HCWB,2022-06-14,unchanged
HCWB,2023-11-16,unchanged
HCWB,2023-12-13,unchanged
HCWB,2024-06-24,unchanged
HCWB,2024-09-05,unchanged
HCWB,2024-10-08,unchanged
HCWB,2024-11-18,unchanged
HCWB,nan,unchanged
HDSN,2020-06-12,unchanged
HDSN,2021-01-27,unchanged
HDSN,2021-02-02,unchanged
HDSN,2022-03-09,unchanged
HE,2023-08-28,unchanged
HE,2024-07-19,unchanged
HELE,2023-04-27,unchanged
HEPS,2023-03-23,unchanged
HEPS,2024-10-18,unchanged
HESM,2020-04-02,unchanged
HFFG,2020-03-19,unchanged
HFFG,2020-03-20,unchanged
HFFG,2020-06-08,unchanged
HFFG,2021-05-11,unchanged
HFFG,2023-02-01,unchanged
HFFG,nan,unchanged
HGBL,2021-02-18,unchanged
HHH,2023-08-14,unchanged
HHS,2020-04-09,unchanged
HHS,2021-12-01,unchanged
HHS,nan,unchanged
HIG,2020-03-19,unchanged
HIHO,2020-06-17,unchanged
HIHO,2020-06-23,unchanged
HIHO,2020-08-03,unchanged
HIHO,2020-12-28,unchanged
HIHO,2021-01-26,unchanged
HIHO,2022-08-05,unchanged
HIHO,2023-05-01,unchanged
HIHO,2024-10-22,unchanged
HIMS,2021-01-28,unchanged
HIMS,2024-02-27,unchanged
HIMS,2024-05-20,unchanged
HIMS,nan,unchanged
HIMX,2020-06-30,unchanged
HIMX,2024-12-12,unchanged
HIMZ,nan,unchanged
HIND,nan,unchanged
HIPO,2021-09-07,unchanged
HIPO,2022-05-13,unchanged
HIPO,2023-11-03,unchanged
HIPO,2024-03-06,unchanged
HIT,nan,unchanged
HIVE,2023-01-12,unchanged
HKD,2022-07-18,unchanged
HKD,2022-07-22,unchanged
HKD,2022-07-26,unchanged
HKD,2022-07-27,unchanged
HKD,2022-07-28,unchanged
HKD,2022-07-29,unchanged
HKD,2022-08-01,unchanged
HKD,2022-08-02,unchanged
HKD,2022-09-01,unchanged
HKD,2022-09-14,unchanged
HKD,2022-09-15,unchanged
HKD,2022-09-16,unchanged
HKD,2022-09-21,unchanged
HKD,2022-10-11,unchanged
HKD,2023-01-05,unchanged
HKD,2023-01-18,unchanged
HKD,2023-04-11,unchanged
HKD,2023-04-28,unchanged
HKD,2023-08-22,unchanged
HKD,2023-11-24,unchanged
HKD,2024-05-14,unchanged
HKD,2024-10-03,unchanged
HKD,nan,unchanged
HKIT,2023-08-18,unchanged
HKIT,2023-08-22,unchanged
HKIT,2023-08-23,unchanged
HKIT,2023-09-01,unchanged
HKIT,2023-09-07,unchanged
HKIT,2024-02-07,unchanged
HKIT,2024-02-08,unchanged
HKIT,2024-02-13,unchanged
HKIT,2024-02-16,unchanged
HKIT,2024-03-01,unchanged
HKIT,2024-04-23,unchanged
HKIT,2024-06-04,unchanged
HKPD,nan,unchanged
HL,2020-03-19,unchanged
HL,2021-02-01,unchanged
HLF,nan,unchanged
HLIO,nan,unchanged
HLIT,2020-08-04,unchanged
HLIT,2024-07-30,unchanged
HLLY,2023-03-09,unchanged
HLLY,2023-07-12,unchanged
HLLY,nan,unchanged
HLLY.WS,2021-07-22,unchanged
HLLY.WS,2023-08-07,unchanged
HLLY.WS,2023-08-10,unchanged
HLP,2023-04-28,unchanged
HLP,2023-05-01,unchanged
HLP,2023-05-10,unchanged
HLP,2023-10-16,unchanged
HLP,2023-10-18,unchanged
HLP,2023-11-16,unchanged
HLP,2023-12-15,unchanged
HLP,2024-01-03,unchanged
HLX,2020-04-09,unchanged
HLX,2020-04-29,unchanged
HLX,2020-07-23,unchanged
HMR,nan,unchanged
HMY,2020-03-19,unchanged
HNNA,2021-02-08,unchanged
HNNA,2024-08-13,unchanged
HNRG,2020-03-10,unchanged
HNRG,2020-03-11,unchanged
HNRG,2020-06-08,unchanged
HNRG,2022-04-13,unchanged
HNST,2023-11-09,unchanged
HNST,2024-03-07,unchanged
HNST,2024-11-13,unchanged
HOLO,2023-04-24,unchanged
HOLO,2024-01-09,unchanged
HOLO,2024-02-07,unchanged
HOLO,2024-02-08,unchanged
HOLO,2024-02-13,unchanged
HOLO,2024-02-14,unchanged
HOLO,2024-02-15,unchanged
HOLO,2024-02-16,unchanged
HOLO,2024-02-21,unchanged
HOLO,2024-02-26,unchanged
HOLO,2024-03-06,unchanged
HOLO,2024-03-12,unchanged
HOLO,2024-03-13,unchanged
HOLO,2024-04-18,unchanged
HOLO,2024-05-14,unchanged
HOLO,2024-06-04,unchanged
HOLO,2024-07-23,unchanged
HOLO,2024-08-19,unchanged
HOLO,2024-08-20,unchanged
HOLO,2024-08-22,unchanged
HOLO,2024-09-19,unchanged
HOLO,2024-09-20,unchanged
HOLO,2024-09-30,unchanged
HOLO,2024-10-01,unchanged
HOLO,2024-10-09,unchanged
HOLO,2024-11-01,unchanged
HOLO,2024-12-27,unchanged
HOLO,2024-12-30,unchanged
HOLO,2024-12-31,unchanged
HOLO,nan,unchanged
HOOD,2021-08-04,unchanged
HOOG,nan,unchanged
HOOX,nan,unchanged
HOTH,2020-02-12,unchanged
HOTH,2020-03-23,unchanged
HOTH,2020-04-22,unchanged
HOTH,2020-07-17,unchanged
HOTH,2020-12-31,unchanged
HOTH,2021-02-24,unchanged
HOTH,2021-03-23,unchanged
HOTH,2021-04-20,unchanged
HOTH,2021-06-07,unchanged
HOTH,2022-01-04,unchanged
HOTH,2022-03-10,unchanged
HOTH,2022-04-11,unchanged
HOTH,2022-07-12,unchanged
HOTH,2022-10-31,unchanged
HOTH,2022-12-15,unchanged
HOTH,2022-12-16,unchanged
HOTH,2022-12-28,unchanged
HOTH,2022-12-29,unchanged
HOTH,2023-02-16,unchanged
HOTH,2023-02-22,unchanged
HOTH,2023-03-27,unchanged
HOTH,2023-04-26,unchanged
HOTH,2023-06-06,unchanged
HOTH,2024-03-19,unchanged
HOTH,2024-07-24,unchanged
HOTH,2024-09-05,unchanged
HOTH,2024-10-29,unchanged
HOTH,nan,unchanged
HOUR,2022-03-09,unchanged
HOUR,2022-03-15,unchanged
HOUR,2022-03-17,unchanged
HOUR,2022-04-26,unchanged
HOUR,2022-08-31,unchanged
HOUR,2023-05-02,unchanged
HOUR,2024-02-14,unchanged
HOUR,2024-08-09,unchanged
HOUR,2024-11-13,unchanged
HOUR,2024-12-24,unchanged
HOUR,nan,unchanged
HOUS,nan,unchanged
HOV,2020-03-19,unchanged
HOV,2020-03-24,unchanged
HOV,2020-04-08,unchanged
HOV,2020-06-04,unchanged
HOV,2021-03-02,unchanged
HOVNP,2020-07-27,unchanged
HOVNP,2021-12-09,unchanged
HOVR,2024-02-29,unchanged
HOVR,2024-03-06,unchanged
HOVR,2024-03-07,unchanged
HOVR,2024-03-08,unchanged
HOVR,2024-06-10,unchanged
HOVR,2024-07-25,unchanged
HOVR,2024-09-09,unchanged
HOVR,2024-12-26,unchanged
HOVR,2024-12-27,unchanged
HOVR,nan,unchanged
HOWL,2022-04-07,unchanged
HOWL,2022-04-28,unchanged
HOWL,2023-01-06,unchanged
HOWL,2023-01-11,unchanged
HOWL,2023-01-12,unchanged
HOWL,2023-01-20,unchanged
HOWL,2023-10-25,unchanged
HOWL,2023-11-03,unchanged
HOWL,2024-10-21,unchanged
HOWL,2024-10-22,unchanged
HP,2020-03-24,unchanged
HPAI,2024-08-16,unchanged
HPAI,2024-08-19,unchanged
HPAI,2024-10-31,unchanged
HPAI,nan,unchanged
HPK,2020-12-07,unchanged
HPK,2020-12-08,unchanged
HPK,2020-12-10,unchanged
HPK,2022-04-13,unchanged
HROW,2022-09-27,unchanged
HROW,2024-05-14,unchanged
HROW,2024-08-08,unchanged
HROW,nan,unchanged
HRTG,2022-08-05,unchanged
HRTG,2023-03-03,unchanged
HRTG,2024-08-09,unchanged
HRTX,2024-03-13,unchanged
HRTX,2024-12-04,unchanged
HRZN,2020-03-19,unchanged
HRZN,2020-03-25,unchanged
HRZN,2020-03-26,unchanged
HSAI,2024-11-26,unchanged
HSAI,2024-12-17,unchanged
HSAI,nan,unchanged
HSCS,2022-06-16,unchanged
HSCS,2022-08-03,unchanged
HSCS,2022-08-08,unchanged
HSCS,2022-08-10,unchanged
HSCS,2022-08-11,unchanged
HSCS,2022-10-05,unchanged
HSCS,2022-10-24,unchanged
HSCS,2023-01-30,unchanged
HSCS,2023-02-03,unchanged
HSCS,2023-05-11,unchanged
HSCS,2023-05-25,unchanged
HSCS,2023-11-08,unchanged
HSCS,2023-11-15,unchanged
HSCS,2023-11-22,unchanged
HSCS,2023-11-28,unchanged
HSCS,2024-03-05,unchanged
HSCS,2024-05-16,unchanged
HSCS,2024-09-24,unchanged
HSCS,2024-12-05,unchanged
HSCS,nan,unchanged
HSCSW,2023-02-03,unchanged
HSDT,2022-08-23,unchanged
HSDT,2023-09-05,unchanged
HSDT,2023-09-08,unchanged
HSDT,2024-02-06,unchanged
HSDT,2024-03-04,unchanged
HSDT,2024-05-03,unchanged
HSDT,2024-09-06,unchanged
HSDT,2024-10-16,unchanged
HSDT,2024-12-20,unchanged
HSDT,nan,unchanged
HSPOR,2023-02-06,unchanged
HST,2020-11-09,unchanged
HTCO,2024-10-17,unchanged
HTCO,2024-10-21,unchanged
HTCO,2024-11-29,unchanged
HTCO,2024-12-02,unchanged
HTCO,2024-12-09,unchanged
HTCO,2024-12-30,unchanged
HTCO,nan,unchanged
HTCR,2022-02-18,unchanged
HTCR,2022-06-08,unchanged
HTCR,2022-06-16,unchanged
HTCR,2022-10-27,unchanged
HTCR,2023-01-13,unchanged
HTCR,2023-02-09,unchanged
HTCR,2023-04-12,unchanged
HTCR,2023-05-23,unchanged
HTCR,2024-10-18,unchanged
HTCR,nan,unchanged
HTHT,2022-03-16,unchanged
HTLM,2024-11-26,unchanged
HTLM,2024-11-27,unchanged
HTLM,2024-12-13,unchanged
HTLM,2024-12-20,unchanged
HTLM,2024-12-24,unchanged
HTOO,2020-12-23,unchanged
HTOO,2023-04-03,unchanged
HTOO,2023-11-27,unchanged
HTOO,2023-11-28,unchanged
HTOO,2023-11-29,unchanged
HTOO,2023-12-04,unchanged
HTOO,2024-02-16,unchanged
HTOO,2024-03-04,unchanged
HTOO,2024-10-17,unchanged
HTOO,2024-11-14,unchanged
HTOO,2024-12-04,unchanged
HTOO,2024-12-06,unchanged
HTOO,nan,unchanged
HTOOW,2020-12-23,unchanged
HTOOW,2020-12-24,unchanged
HTOOW,2021-01-07,unchanged
HTOOW,2021-01-13,unchanged
HTOOW,2021-01-14,unchanged
HTOOW,2021-01-28,unchanged
HTOOW,2022-01-03,unchanged
HTOOW,2022-02-28,unchanged
HTOOW,2022-10-21,unchanged
HTOOW,2022-11-11,unchanged
HTOOW,2022-11-16,unchanged
HTOOW,2022-11-17,unchanged
HTOOW,2022-11-18,unchanged
HTOOW,2023-01-09,unchanged
HTZ,2020-03-19,unchanged
HTZ,2020-03-20,unchanged
HTZ,2020-03-23,unchanged
HTZ,2020-03-24,unchanged
HTZ,2020-05-27,unchanged
HTZ,2020-06-04,unchanged
HTZ,2020-06-05,unchanged
HTZ,2020-06-08,unchanged
HTZ,2020-06-12,unchanged
HTZ,2020-06-24,unchanged
HTZ,2020-07-22,unchanged
HTZ,2020-10-16,unchanged
HTZ,2021-11-09,unchanged
HTZ,nan,unchanged
HTZWW,nan,unchanged
HUBC,2023-03-03,unchanged
HUBC,2023-03-14,unchanged
HUBC,2023-03-15,unchanged
HUBC,2023-07-31,unchanged
HUBC,2023-08-01,unchanged
HUBC,2023-09-29,unchanged
HUBC,2023-10-04,unchanged
HUBC,2023-10-09,unchanged
HUBC,2023-10-19,unchanged
HUBC,2023-10-20,unchanged
HUBC,2023-11-10,unchanged
HUBC,2023-12-01,unchanged
HUBC,2024-04-04,unchanged
HUBC,2024-04-05,unchanged
HUBC,2024-04-10,unchanged
HUBC,2024-04-12,unchanged
HUBC,2024-04-15,unchanged
HUBC,2024-12-18,unchanged
HUBC,2024-12-27,unchanged
HUBC,2024-12-30,unchanged
HUBC,nan,unchanged
HUBCZ,2023-03-21,unchanged
HUBCZ,2023-03-24,unchanged
HUDI,2021-07-15,unchanged
HUDI,2021-10-08,unchanged
HUDI,2021-10-25,unchanged
HUDI,2021-10-26,unchanged
HUDI,2021-11-02,unchanged
HUDI,2021-11-03,unchanged
HUDI,2021-12-06,unchanged
HUDI,2022-10-21,unchanged
HUDI,2022-11-02,unchanged
HUDI,2022-11-03,unchanged
HUDI,2022-11-04,unchanged
HUDI,2023-01-05,unchanged
HUDI,2023-04-28,unchanged
HUDI,2023-05-03,unchanged
HUDI,2023-05-10,unchanged
HUDI,2024-02-08,unchanged
HUDI,2024-07-26,unchanged
HUDI,nan,unchanged
HUHU,2024-12-04,unchanged
HUHU,nan,unchanged
HUIZ,2022-03-16,unchanged
HUIZ,2022-03-18,unchanged
HUIZ,2023-05-02,unchanged
HUIZ,2024-06-03,unchanged
HUIZ,2024-12-09,unchanged
HUIZ,2024-12-23,unchanged
HUIZ,nan,unchanged
HUMA,2024-07-01,unchanged
HUMA,2024-12-20,unchanged
HUMA,nan,unchanged
HUMAW,2021-09-01,unchanged
HUMAW,2021-09-13,unchanged
HUMAW,2021-11-01,unchanged
HUMAW,2022-02-09,unchanged
HUMAW,2024-05-14,unchanged
HUMAW,2024-05-20,unchanged
HUMAW,2024-05-22,unchanged
HUMAW,2024-05-24,unchanged
HUMAW,2024-05-30,unchanged
HUMAW,2024-07-01,unchanged
HUMAW,2024-07-15,unchanged
HUMAW,2024-09-05,unchanged
HUMAW,2024-09-19,unchanged
HUMAW,2024-12-20,unchanged
HURA,2024-11-27,unchanged
HURA,2024-11-29,unchanged
HURA,nan,unchanged
HUYA,2022-03-16,unchanged
HUYA,2022-11-15,unchanged
HUYA,2022-12-09,unchanged
HWBK,2020-03-17,unchanged
HWH,2024-01-23,unchanged
HWH,2024-03-11,unchanged
HWH,2024-04-02,unchanged
HWH,2024-04-04,unchanged
HWH,2024-04-18,unchanged
HWH,2024-04-19,unchanged
HWH,2024-04-23,unchanged
HWH,2024-04-26,unchanged
HWH,2024-04-29,unchanged
HWH,2024-08-14,unchanged
HWH,2024-08-15,unchanged
HWH,2024-08-26,unchanged
HWH,2024-09-10,unchanged
HWH,2024-09-19,unchanged
HWH,2024-09-26,unchanged
HWH,2024-11-27,unchanged
HWH,2024-12-10,unchanged
HWH,2024-12-27,unchanged
HWH,nan,unchanged
HXHX,nan,unchanged
HYAC.U,2024-10-28,unchanged
HYAC.WS,nan,unchanged
HYFM,2022-08-11,unchanged
HYFM,nan,unchanged
HYMC,2022-02-24,unchanged
HYMC,2022-03-07,unchanged
HYMC,2022-03-08,unchanged
HYMC,2022-03-10,unchanged
HYMC,2022-03-11,unchanged
HYMC,2022-03-15,unchanged
HYMC,2022-03-28,unchanged
HYMC,2022-03-29,unchanged
HYMC,2022-05-05,unchanged
HYMC,2022-09-13,unchanged
HYMC,2023-03-13,unchanged
HYMC,2023-11-15,unchanged
HYMC,2024-04-11,unchanged
HYPD,nan,unchanged
HYPR,2021-12-27,unchanged
HYPR,2022-07-25,unchanged
HYPR,2022-10-25,unchanged
HYPR,2022-12-12,unchanged
HYPR,2023-01-31,unchanged
HYPR,2023-02-14,unchanged
HYPR,2023-03-06,unchanged
HYPR,2023-07-18,unchanged
HYPR,nan,unchanged
IBEX,2020-09-25,unchanged
IBEX,nan,unchanged
IBG,2024-10-11,unchanged
IBG,2024-11-14,unchanged
IBG,2024-11-21,unchanged
IBG,nan,unchanged
IBIO,2020-01-21,unchanged
IBIO,2020-02-04,unchanged
IBIO,2020-02-27,unchanged
IBIO,2020-02-28,unchanged
IBIO,2020-03-04,unchanged
IBIO,2020-03-18,unchanged
IBIO,2020-04-28,unchanged
IBIO,2020-05-18,unchanged
IBIO,2020-06-26,unchanged
IBIO,2020-07-15,unchanged
IBIO,2020-07-20,unchanged
IBIO,2020-08-24,unchanged
IBIO,2021-05-05,unchanged
IBIO,2021-05-07,unchanged
IBIO,2021-11-29,unchanged
IBIO,2022-09-16,unchanged
IBIO,2022-12-20,unchanged
IBIO,2023-01-03,unchanged
IBIO,2023-02-06,unchanged
IBIO,2023-02-07,unchanged
IBIO,2023-02-17,unchanged
IBIO,2023-02-21,unchanged
IBIO,2023-04-19,unchanged
IBIO,2023-08-04,unchanged
IBIO,2024-03-27,unchanged
IBIO,2024-03-28,unchanged
IBIO,nan,unchanged
IBIT,2024-01-11,unchanged
IBRX,2023-03-21,unchanged
IBRX,2023-04-13,unchanged
IBRX,2023-05-05,unchanged
IBRX,2023-05-15,unchanged
IBRX,2023-10-24,unchanged
IBRX,2023-10-26,unchanged
IBRX,2023-10-27,unchanged
IBRX,2024-04-26,unchanged
IBRX,2024-04-29,unchanged
IBRX,2024-10-25,unchanged
IBTA,2024-04-18,unchanged
ICCC,2020-01-21,unchanged
ICCC,2021-01-29,unchanged
ICCC,2022-04-25,unchanged
ICCM,2021-12-27,unchanged
ICCM,2022-11-08,unchanged
ICCM,2022-12-20,unchanged
ICCM,2023-10-02,unchanged
ICCM,2023-10-05,unchanged
ICCM,2023-11-28,unchanged
ICCM,nan,unchanged
ICG,2023-04-28,unchanged
ICG,2024-08-16,unchanged
ICG,2024-08-30,unchanged
ICG,2024-12-20,unchanged
ICG,2024-12-27,unchanged
ICG,nan,unchanged
ICHR,2020-04-06,unchanged
ICMB,2020-03-19,unchanged
ICMB,2020-03-20,unchanged
ICMB,2020-03-24,unchanged
ICON,2020-04-15,unchanged
ICON,2020-04-29,unchanged
ICON,2020-06-09,unchanged
ICON,2020-07-14,unchanged
ICON,2020-08-04,unchanged
ICON,2020-10-12,unchanged
ICON,2020-10-29,unchanged
ICON,2020-12-04,unchanged
ICON,2021-01-29,unchanged
ICON,2021-02-03,unchanged
ICON,2024-08-27,unchanged
ICON,2024-11-22,unchanged
ICON,nan,unchanged
ICU,2022-11-21,unchanged
ICU,2023-05-18,unchanged
ICU,2023-09-14,unchanged
ICU,2023-09-27,unchanged
ICU,2023-09-29,unchanged
ICU,2023-10-02,unchanged
ICU,2023-10-03,unchanged
ICU,2023-10-18,unchanged
ICU,2023-10-19,unchanged
ICU,2023-10-27,unchanged
ICU,2023-11-27,unchanged
ICU,2024-06-20,unchanged
ICU,2024-06-21,unchanged
ICU,2024-06-26,unchanged
ICU,2024-07-01,unchanged
ICU,nan,unchanged
ICUI,2021-09-08,unchanged
IDAI,2022-04-12,unchanged
IDAI,2022-04-28,unchanged
IDAI,2022-05-13,unchanged
IDAI,2022-09-08,unchanged
IDAI,2023-01-23,unchanged
IDAI,2023-02-03,unchanged
IDAI,2023-04-12,unchanged
IDAI,2023-04-13,unchanged
IDAI,2023-05-23,unchanged
IDAI,2023-05-31,unchanged
IDAI,2023-08-01,unchanged
IDAI,2023-08-02,unchanged
IDAI,2023-08-09,unchanged
IDAI,2023-08-17,unchanged
IDAI,2023-09-13,unchanged
IDAI,2024-02-16,unchanged
IDAI,2024-03-13,unchanged
IDAI,2024-05-23,unchanged
IDAI,2024-07-11,unchanged
IDAI,2024-08-07,unchanged
IDAI,2024-11-04,unchanged
IDAI,2024-11-26,unchanged
IDAI,2024-11-27,unchanged
IDAI,2024-12-03,unchanged
IDAI,2024-12-04,unchanged
IDAI,2024-12-24,unchanged
IDAI,2024-12-26,unchanged
IDAI,2024-12-27,unchanged
IDAI,2024-12-30,unchanged
IDAI,nan,unchanged
IDN,2020-03-24,unchanged
IDN,2020-04-06,unchanged
IDN,2024-03-22,unchanged
IDN,2024-03-25,unchanged
IDN,nan,unchanged
IDT,2020-10-02,unchanged
IDYA,2020-03-18,unchanged
IDYA,2020-06-16,unchanged
IDYA,2020-06-17,unchanged
IDYA,2022-09-12,unchanged
IDYA,2023-04-24,unchanged
IEP,2023-05-05,unchanged
IFBD,2021-05-06,unchanged
IFBD,2021-06-29,unchanged
IFBD,2022-02-09,unchanged
IFBD,2022-09-09,unchanged
IFBD,2022-09-13,unchanged
IFBD,2023-05-18,unchanged
IFBD,2023-05-25,unchanged
IFBD,2023-06-12,unchanged
IFBD,2023-07-20,unchanged
IFBD,2023-07-28,unchanged
IFBD,2023-08-31,unchanged
IFBD,2023-09-26,unchanged
IFBD,2023-10-19,unchanged
IFBD,2023-12-19,unchanged
IFBD,2023-12-29,unchanged
IFBD,2024-01-29,unchanged
IFBD,2024-01-31,unchanged
IFBD,2024-02-08,unchanged
IFBD,2024-02-15,unchanged
IFBD,2024-02-16,unchanged
IFBD,2024-02-22,unchanged
IFBD,2024-02-23,unchanged
IFBD,2024-02-27,unchanged
IFBD,2024-03-06,unchanged
IFBD,2024-04-10,unchanged
IFBD,2024-04-26,unchanged
IFBD,2024-11-27,unchanged
IFBD,nan,unchanged
IFRX,2020-03-02,unchanged
IFRX,2020-04-01,unchanged
IFRX,2020-04-30,unchanged
IFRX,2021-10-28,unchanged
IFRX,2022-06-27,unchanged
IFRX,2022-06-28,unchanged
IFRX,2022-07-26,unchanged
IFRX,2023-04-04,unchanged
IFRX,2023-04-05,unchanged
IFRX,2024-11-14,unchanged
IFRX,nan,unchanged
IGIC,2021-04-05,unchanged
IH,2020-10-12,unchanged
IH,2022-03-16,unchanged
IH,2022-12-16,unchanged
IH,2023-01-06,unchanged
IH,nan,unchanged
IHRT,2020-03-13,unchanged
IHRT,2020-04-27,unchanged
IHRT,2024-02-29,unchanged
IHRT,2024-11-07,unchanged
IHRT,nan,unchanged
IINN,2021-10-26,unchanged
IINN,2021-10-28,unchanged
IINN,2021-12-09,unchanged
IINN,2021-12-22,unchanged
IINN,2021-12-30,unchanged
IINN,2022-01-31,unchanged
IINN,2022-07-06,unchanged
IINN,2022-12-14,unchanged
IINN,2023-01-23,unchanged
IINN,2023-12-26,unchanged
IINN,2024-02-14,unchanged
IINN,2024-12-23,unchanged
IINN,nan,unchanged
IINNW,2021-10-26,unchanged
IINNW,2021-10-28,unchanged
IINNW,2021-12-09,unchanged
IINNW,2021-12-10,unchanged
IINNW,2021-12-27,unchanged
IKT,2022-08-08,unchanged
IKT,2023-09-20,unchanged
IKT,2024-01-24,unchanged
IKT,2024-01-26,unchanged
IKT,2024-02-06,unchanged
IKT,2024-05-15,unchanged
IKT,2024-10-09,unchanged
IKT,2024-11-08,unchanged
ILAG,2022-07-18,unchanged
ILAG,2022-08-02,unchanged
ILAG,2022-08-05,unchanged
ILAG,2022-08-08,unchanged
ILAG,2022-08-15,unchanged
ILAG,2022-09-27,unchanged
ILAG,2022-10-10,unchanged
ILAG,2022-10-14,unchanged
ILAG,2023-01-03,unchanged
ILAG,2023-01-05,unchanged
ILAG,2023-04-28,unchanged
ILAG,2023-05-01,unchanged
ILAG,2024-02-13,unchanged
ILAG,2024-07-19,unchanged
ILLR,2024-10-28,unchanged
ILLR,nan,unchanged
ILPT,nan,unchanged
IMAX,2020-03-19,unchanged
IMCC,2021-11-24,unchanged
IMCC,2023-01-05,unchanged
IMCC,2023-02-09,unchanged
IMCC,2023-05-19,unchanged
IMCC,2023-05-31,unchanged
IMCC,2023-09-12,unchanged
IMCC,2024-01-26,unchanged
IMCC,2024-03-15,unchanged
IMCC,2024-03-22,unchanged
IMCC,2024-03-28,unchanged
IMCC,2024-04-01,unchanged
IMCC,2024-04-03,unchanged
IMCC,2024-04-04,unchanged
IMCC,2024-04-30,unchanged
IMCC,2024-05-01,unchanged
IMCC,2024-07-31,unchanged
IMCC,2024-11-13,unchanged
IMCC,2024-11-27,unchanged
IMCC,nan,unchanged
IMCR,2021-02-08,unchanged
IMDX,nan,unchanged
IMG,2024-11-26,unchanged
IMG,nan,unchanged
IMMP,2020-04-14,unchanged
IMMP,2020-04-23,unchanged
IMMP,2020-07-15,unchanged
IMMP,2020-12-10,unchanged
IMMP,2020-12-15,unchanged
IMMP,2021-03-25,unchanged
IMMP,2023-05-17,unchanged
IMMP,nan,unchanged
IMMR,2020-12-29,unchanged
IMMX,2021-12-17,unchanged
IMMX,2022-01-03,unchanged
IMMX,2022-01-04,unchanged
IMMX,2022-01-12,unchanged
IMMX,2022-05-20,unchanged
IMMX,2022-05-26,unchanged
IMMX,2022-06-02,unchanged
IMMX,2022-12-09,unchanged
IMMX,2022-12-14,unchanged
IMMX,2023-10-02,unchanged
IMMX,2023-12-14,unchanged
IMMX,2023-12-15,unchanged
IMMX,2024-10-17,unchanged
IMMX,2024-11-27,unchanged
IMNM,2021-02-18,unchanged
IMNM,2021-02-24,unchanged
IMNM,2021-07-20,unchanged
IMNM,2022-03-18,unchanged
IMNM,2022-03-28,unchanged
IMNM,2022-05-19,unchanged
IMNM,2022-06-30,unchanged
IMNM,2023-01-03,unchanged
IMNM,2023-01-05,unchanged
IMNM,2023-06-29,unchanged
IMNM,2024-02-06,unchanged
IMNN,2024-02-28,unchanged
IMNN,2024-03-26,unchanged
IMNN,2024-03-28,unchanged
IMNN,2024-07-30,unchanged
IMNN,nan,unchanged
IMPP,2022-01-03,unchanged
IMPP,2022-01-27,unchanged
IMPP,2022-01-28,unchanged
IMPP,2022-02-22,unchanged
IMPP,2022-02-23,unchanged
IMPP,2022-02-24,unchanged
IMPP,2022-02-25,unchanged
IMPP,2022-02-28,unchanged
IMPP,2022-03-02,unchanged
IMPP,2022-03-04,unchanged
IMPP,2022-03-07,unchanged
IMPP,2022-03-09,unchanged
IMPP,2022-03-17,unchanged
IMPP,2022-03-23,unchanged
IMPP,2022-05-16,unchanged
IMPP,2022-05-27,unchanged
IMPP,2022-06-08,unchanged
IMPP,2023-02-13,unchanged
IMPP,2023-03-27,unchanged
IMPP,2023-05-08,unchanged
IMRN,2020-02-27,unchanged
IMRN,2020-04-08,unchanged
IMRN,2020-04-20,unchanged
IMRN,2020-06-09,unchanged
IMRN,2020-06-12,unchanged
IMRN,2020-06-19,unchanged
IMRN,2020-07-20,unchanged
IMRN,2020-07-21,unchanged
IMRN,2020-11-11,unchanged
IMRN,2022-01-12,unchanged
IMRN,2022-12-23,unchanged
IMRN,2022-12-27,unchanged
IMRN,2023-05-08,unchanged
IMRN,2024-03-07,unchanged
IMRX,2024-03-18,unchanged
IMRX,2024-06-11,unchanged
IMRX,2024-08-01,unchanged
IMRX,2024-09-13,unchanged
IMRX,2024-09-16,unchanged
IMRX,2024-09-20,unchanged
IMRX,nan,unchanged
IMTE,2020-06-17,unchanged
IMTE,2020-12-29,unchanged
IMTE,2021-02-01,unchanged
IMTE,2021-03-15,unchanged
IMTE,2021-03-17,unchanged
IMTE,2021-03-22,unchanged
IMTE,2021-06-04,unchanged
IMTE,2021-07-09,unchanged
IMTE,2021-07-12,unchanged
IMTE,2021-07-13,unchanged
IMTE,2021-12-30,unchanged
IMTE,2022-03-25,unchanged
IMTE,2022-03-31,unchanged
IMTE,2022-08-02,unchanged
IMTE,2022-09-16,unchanged
IMTE,2023-04-28,unchanged
IMTE,2023-10-02,unchanged
IMTE,2023-10-27,unchanged
IMTE,2024-04-22,unchanged
IMTE,2024-04-30,unchanged
IMTE,2024-10-24,unchanged
IMTE,2024-10-29,unchanged
IMTE,2024-11-07,unchanged
IMTE,2024-11-27,unchanged
IMTE,nan,unchanged
IMTX,2021-03-17,unchanged
IMTX,2023-05-02,unchanged
IMUX,2020-03-17,unchanged
IMUX,2020-03-25,unchanged
IMUX,2020-04-22,unchanged
IMUX,2020-08-03,unchanged
IMUX,2021-02-16,unchanged
IMUX,2022-08-04,unchanged
IMUX,2022-10-10,unchanged
IMUX,2022-10-11,unchanged
IMUX,2023-07-05,unchanged
IMVT,2021-03-08,unchanged
IMVT,2022-09-29,unchanged
IMVT,2022-10-04,unchanged
IMVT,2023-09-26,unchanged
IMXI,2020-05-01,unchanged
IMXI,nan,unchanged
INAB,2022-02-08,unchanged
INAB,2022-03-21,unchanged
INAB,2022-06-15,unchanged
INAB,2022-07-27,unchanged
INAB,2022-08-17,unchanged
INAB,2022-08-30,unchanged
INAB,2023-04-24,unchanged
INAB,2023-12-12,unchanged
INAB,2023-12-14,unchanged
INAB,2024-10-21,unchanged
INAB,2024-11-04,unchanged
INAB,2024-11-05,unchanged
INAB,2024-12-02,unchanged
INAB,nan,unchanged
INBS,2023-01-23,unchanged
INBS,2023-01-24,unchanged
INBS,2023-05-02,unchanged
INBS,2023-11-09,unchanged
INBS,2023-11-10,unchanged
INBS,2023-11-30,unchanged
INBS,2023-12-19,unchanged
INBS,2024-01-29,unchanged
INBS,2024-02-02,unchanged
INBS,2024-02-09,unchanged
INBS,2024-09-09,unchanged
INBX,2021-10-12,unchanged
INBX,2022-10-04,unchanged
INBX,nan,unchanged
INCR,2024-11-18,unchanged
INDI,2022-05-13,unchanged
INDI,2024-11-08,unchanged
INDP,2021-09-15,unchanged
INDP,2021-09-16,unchanged
INDP,2023-11-06,unchanged
INDP,2024-09-27,unchanged
INDP,2024-10-22,unchanged
INDP,nan,unchanged
INEO,nan,unchanged
INGN,2023-12-07,unchanged
INGN,2024-08-07,unchanged
INHD,2024-04-29,unchanged
INHD,2024-06-06,unchanged
INHD,2024-10-09,unchanged
INHD,2024-10-18,unchanged
INHD,2024-10-25,unchanged
INHD,2024-11-06,unchanged
INHD,2024-11-13,unchanged
INHD,nan,unchanged
INKT,2022-04-12,unchanged
INKT,2022-06-07,unchanged
INKT,2022-08-10,unchanged
INKT,2022-08-15,unchanged
INKT,2022-08-17,unchanged
INKT,2022-11-11,unchanged
INKT,2023-05-03,unchanged
INKT,2023-06-15,unchanged
INKT,2023-10-04,unchanged
INKT,2024-04-04,unchanged
INKT,2024-04-05,unchanged
INKT,nan,unchanged
INLF,nan,unchanged
INM,2021-02-03,unchanged
INM,2021-09-29,unchanged
INM,2021-11-17,unchanged
INM,2022-03-24,unchanged
INM,2022-04-21,unchanged
INM,2022-07-14,unchanged
INM,2022-09-01,unchanged
INM,2022-09-06,unchanged
INM,2022-09-07,unchanged
INM,2022-09-09,unchanged
INM,2022-09-12,unchanged
INM,2022-09-27,unchanged
INM,2022-09-30,unchanged
INM,2022-11-15,unchanged
INM,2022-11-16,unchanged
INM,2022-12-29,unchanged
INM,2022-12-30,unchanged
INM,2023-01-03,unchanged
INM,2023-01-04,unchanged
INM,2023-01-10,unchanged
INM,2023-03-06,unchanged
INM,2023-03-13,unchanged
INM,2023-03-20,unchanged
INM,2023-04-20,unchanged
INM,2023-10-24,unchanged
INM,2023-11-17,unchanged
INM,2024-03-07,unchanged
INM,2024-03-12,unchanged
INM,2024-04-04,unchanged
INM,2024-06-18,unchanged
INM,2024-08-20,unchanged
INM,2024-10-21,unchanged
INM,nan,unchanged
INMB,2020-03-11,unchanged
INMB,2020-07-13,unchanged
INMB,2020-07-14,unchanged
INMB,2020-07-20,unchanged
INMB,2020-12-24,unchanged
INMB,nan,unchanged
INN,2020-11-09,unchanged
INNpE,2020-03-19,unchanged
INNpE,2020-03-24,unchanged
INNpE,2020-03-25,unchanged
INNpE,2020-03-26,unchanged
INO,2020-01-27,unchanged
INO,2020-03-03,unchanged
INO,2020-03-06,unchanged
INO,2020-03-09,unchanged
INO,2020-03-11,unchanged
INO,2020-03-12,unchanged
INO,2020-06-23,unchanged
INO,2020-06-25,unchanged
INO,2020-09-16,unchanged
INO,2020-11-10,unchanged
INO,2021-02-01,unchanged
INO,2023-07-05,unchanged
INO,2023-10-10,unchanged
INO,2024-01-05,unchanged
INOD,2020-08-19,unchanged
INOD,2020-09-29,unchanged
INOD,2020-11-12,unchanged
INOD,2021-03-11,unchanged
INOD,2022-03-17,unchanged
INOD,2023-02-01,unchanged
INOD,2023-05-08,unchanged
INOD,2024-05-08,unchanged
INOD,2024-11-08,unchanged
INOD,nan,unchanged
INR,2020-01-07,unchanged
INSE,2020-03-26,unchanged
INSE,2020-04-17,unchanged
INSE,2020-04-27,unchanged
INSE,2020-06-01,unchanged
INSE,2020-07-10,unchanged
INSG,2023-05-04,unchanged
INSG,2023-05-08,unchanged
INSG,2023-10-31,unchanged
INSG,2023-11-02,unchanged
INSG,2024-01-24,unchanged
INSG,2024-02-29,unchanged
INSG,2024-04-19,unchanged
INSG,2024-05-10,unchanged
INSG,2024-08-08,unchanged
INSM,2020-02-03,unchanged
INSM,2024-05-28,unchanged
INSP,2020-11-03,unchanged
INTC,nan,unchanged
INTG,2021-03-04,unchanged
INTG,2021-06-03,unchanged
INTG,nan,unchanged
INTJ,2024-05-21,unchanged
INTR,2022-07-01,unchanged
INTR,2022-07-05,unchanged
INTS,2023-11-28,unchanged
INTS,2023-12-01,unchanged
INTS,2023-12-04,unchanged
INTS,2023-12-08,unchanged
INTS,2023-12-13,unchanged
INTS,nan,unchanged
INTW,nan,unchanged
INTZ,2021-02-26,unchanged
INTZ,2021-03-31,unchanged
INTZ,2021-05-14,unchanged
INTZ,2021-07-27,unchanged
INTZ,2022-02-24,unchanged
INTZ,2022-07-12,unchanged
INTZ,2023-05-11,unchanged
INTZ,2023-10-10,unchanged
INTZ,2023-10-16,unchanged
INTZ,2023-11-08,unchanged
INTZ,2024-04-02,unchanged
INTZ,2024-04-17,unchanged
INTZ,2024-05-14,unchanged
INTZ,2024-12-27,unchanged
INTZ,2024-12-30,unchanged
INTZ,nan,unchanged
INV,nan,unchanged
INVE,2020-03-19,unchanged
INVE,2020-05-08,unchanged
INVE,2023-05-05,unchanged
INVZ,2023-12-11,unchanged
INVZ,2024-12-23,unchanged
INVZ,nan,unchanged
INVZW,2021-05-20,unchanged
INVZW,2021-08-31,unchanged
INVZW,2022-01-31,unchanged
INVZW,2022-02-25,unchanged
INVZW,2022-04-21,unchanged
INVZW,2022-04-27,unchanged
INVZW,2022-05-02,unchanged
INVZW,2022-05-13,unchanged
INVZW,2022-12-28,unchanged
INVZW,2023-03-16,unchanged
INVZW,2023-03-31,unchanged
INVZW,2023-07-31,unchanged
INVZW,2023-08-03,unchanged
INVZW,2023-08-30,unchanged
IOBT,2021-12-03,unchanged
IOBT,2022-04-04,unchanged
IOBT,2022-11-28,unchanged
IOBT,2023-06-15,unchanged
IOBT,2024-09-17,unchanged
IOBT,nan,unchanged
IONL,nan,unchanged
IONQ,2021-11-16,unchanged
IONQ,2022-08-16,unchanged
IONQ,2023-03-31,unchanged
IONQ,2024-11-07,unchanged
IONQ,nan,unchanged
IONQ.WS,2021-11-05,unchanged
IONQ.WS,2021-11-16,unchanged
IONQ.WS,2021-11-17,unchanged
IONQ.WS,2021-12-07,unchanged
IONQ.WS,2022-05-13,unchanged
IONQ.WS,2022-05-17,unchanged
IONQ.WS,2022-08-03,unchanged
IONQ.WS,2022-08-16,unchanged
IONQ.WS,2023-03-31,unchanged
IONQ.WS,2023-05-22,unchanged
IONQ.WS,2023-06-28,unchanged
IONQ.WS,2023-07-28,unchanged
IONQ.WS,2023-08-11,unchanged
IONQ.WS,2024-03-07,unchanged
IONQ.WS,2024-08-26,unchanged
IONQ.WS,2024-09-27,unchanged
IONQ.WS,2024-10-16,unchanged
IONQ.WS,2024-11-07,unchanged
IONQ.WS,2024-11-08,unchanged
IONQ.WS,2024-11-13,unchanged
IONQ.WS,2024-12-16,unchanged
IONQ.WS,2024-12-20,unchanged
IONQ.WS,nan,unchanged
IONR,2023-01-13,unchanged
IONR,nan,unchanged
IONS,nan,unchanged
IONX,nan,unchanged
IOT,2023-06-02,unchanged
IOTR,nan,unchanged
IOVA,2020-02-25,unchanged
IOVA,2020-03-24,unchanged
IOVA,2024-02-20,unchanged
IOVA,2024-02-21,unchanged
IOVA,nan,unchanged
IPDN,2020-06-25,unchanged
IPDN,2020-08-05,unchanged
IPDN,2020-09-25,unchanged
IPDN,2020-10-07,unchanged
IPDN,2020-12-10,unchanged
IPDN,2020-12-30,unchanged
IPDN,2021-01-08,unchanged
IPDN,2021-02-03,unchanged
IPDN,2021-02-17,unchanged
IPDN,2021-03-01,unchanged
IPDN,2021-03-18,unchanged
IPDN,2021-07-06,unchanged
IPDN,2022-12-16,unchanged
IPDN,2023-11-27,unchanged
IPDN,2024-06-03,unchanged
IPDN,2024-06-18,unchanged
IPDN,2024-10-02,unchanged
IPDN,2024-10-03,unchanged
IPDN,2024-12-30,unchanged
IPDN,nan,unchanged
IPHA,2020-03-23,unchanged
IPHA,2021-09-02,unchanged
IPHA,2021-09-03,unchanged
IPHA,2021-09-17,unchanged
IPHA,2022-06-21,unchanged
IPHA,2022-09-21,unchanged
IPHA,2022-12-19,unchanged
IPHA,2022-12-27,unchanged
IPHA,2024-12-09,unchanged
IPHA,2024-12-13,unchanged
IPI,2020-12-31,unchanged
IPM,nan,unchanged
IPSC,2023-12-06,unchanged
IPW,2021-06-08,unchanged
IPW,2021-06-30,unchanged
IPW,2021-07-07,unchanged
IPW,2021-12-09,unchanged
IPW,2022-02-15,unchanged
IPW,2022-03-10,unchanged
IPW,2023-01-04,unchanged
IPW,2023-01-13,unchanged
IPW,2023-01-17,unchanged
IPW,2023-01-25,unchanged
IPW,2023-06-12,unchanged
IPW,2023-06-16,unchanged
IPW,2024-01-08,unchanged
IPW,2024-05-14,unchanged
IPW,2024-05-15,unchanged
IPW,2024-05-17,unchanged
IPW,2024-05-24,unchanged
IPW,2024-05-28,unchanged
IPW,2024-06-13,unchanged
IPW,2024-09-23,unchanged
IPW,2024-12-09,unchanged
IPW,nan,unchanged
IPWR,2020-03-24,unchanged
IPWR,2020-04-24,unchanged
IPWR,2020-06-10,unchanged
IPWR,2020-06-11,unchanged
IPWR,2020-07-01,unchanged
IPWR,2020-11-18,unchanged
IPWR,2021-01-21,unchanged
IPWR,2021-01-25,unchanged
IPWR,2021-02-03,unchanged
IPWR,2021-07-20,unchanged
IPWR,2024-02-20,unchanged
IPWR,2024-02-21,unchanged
IPWR,2024-08-08,unchanged
IPWR,nan,unchanged
IPX,2022-09-09,unchanged
IPX,2023-04-21,unchanged
IPX,2023-06-13,unchanged
IQ,2020-06-16,unchanged
IQ,2022-03-01,unchanged
IQ,2022-03-16,unchanged
IQ,2022-03-18,unchanged
IQ,2022-03-22,unchanged
IQST,2023-06-02,unchanged
IQST,2023-07-05,unchanged
IQST,2024-01-22,unchanged
IQST,2024-02-05,unchanged
IQST,2024-12-02,unchanged
IQST,nan,unchanged
IRBT,2021-01-25,unchanged
IRBT,2021-01-27,unchanged
IRBT,2023-11-24,unchanged
IRBT,nan,unchanged
IRD,2024-12-19,unchanged
IRD,nan,unchanged
IREN,2023-02-14,unchanged
IREN,2023-02-15,unchanged
IREN,2023-12-21,unchanged
IREN,2024-11-27,unchanged
IRIX,2020-01-14,unchanged
IRIX,2020-02-11,unchanged
IRIX,2020-06-02,unchanged
IRIX,2020-08-10,unchanged
IRIX,2020-12-29,unchanged
IRIX,2021-01-12,unchanged
IRIX,2024-11-13,unchanged
IRIX,nan,unchanged
IRON,2024-11-04,unchanged
IRS,2020-07-06,unchanged
IRS,nan,unchanged
IRS.WS,2021-06-08,unchanged
IRS.WS,2021-06-09,unchanged
IRS.WS,2024-11-07,unchanged
IRS.WS,nan,unchanged
IRTC,2020-08-04,unchanged
IRTC,2021-09-13,unchanged
IRTC,2021-11-03,unchanged
IRTC,2022-01-10,unchanged
IRWD,2024-12-20,unchanged
IRWD,nan,unchanged
ISPC,2021-11-22,unchanged
ISPC,2021-11-23,unchanged
ISPC,2021-11-26,unchanged
ISPC,2021-11-29,unchanged
ISPC,2021-12-03,unchanged
ISPC,2021-12-21,unchanged
ISPC,2021-12-30,unchanged
ISPC,2022-07-07,unchanged
ISPC,2022-09-22,unchanged
ISPC,2024-04-18,unchanged
ISPC,2024-05-06,unchanged
ISPC,2024-05-17,unchanged
ISPC,2024-05-22,unchanged
ISPC,2024-05-30,unchanged
ISPC,2024-06-06,unchanged
ISPC,2024-06-14,unchanged
ISPC,2024-07-11,unchanged
ISPC,2024-07-16,unchanged
ISPC,2024-08-06,unchanged
ISPC,2024-09-23,unchanged
ISPC,2024-10-21,unchanged
ISPC,2024-12-13,unchanged
ISPC,2024-12-18,unchanged
ISPC,2024-12-20,unchanged
ISPC,nan,unchanged
ISPO,2022-02-17,unchanged
ISPO,2022-02-25,unchanged
ISPO,2023-01-12,unchanged
ISPO,2023-01-17,unchanged
ISPO,2023-05-10,unchanged
ISPO,2024-07-29,unchanged
ISPO,2024-07-30,unchanged
ISPO,2024-08-16,unchanged
ISPO,nan,unchanged
ISPOW,2022-02-17,unchanged
ISPOW,2022-02-25,unchanged
ISPOW,2022-03-01,unchanged
ISPOW,2022-03-03,unchanged
ISPOW,2022-03-10,unchanged
ISPOW,2022-03-31,unchanged
ISPOW,2022-05-17,unchanged
ISPOW,2022-05-25,unchanged
ISPR,2023-06-27,unchanged
ISPR,2023-11-14,unchanged
ISPR,nan,unchanged
ISSC,2020-04-16,unchanged
ISSC,2020-05-14,unchanged
ISSC,2024-05-24,unchanged
ISSC,nan,unchanged
ISUL,nan,unchanged
ITRI,2020-03-19,unchanged
ITRM,2020-03-25,unchanged
ITRM,2020-05-19,unchanged
ITRM,2020-09-30,unchanged
ITRM,2020-10-20,unchanged
ITRM,2020-11-24,unchanged
ITRM,2020-12-03,unchanged
ITRM,2021-01-20,unchanged
ITRM,2021-02-09,unchanged
ITRM,2021-10-26,unchanged
ITRM,2022-06-29,unchanged
ITRM,2022-07-11,unchanged
ITRM,2023-03-16,unchanged
ITRM,2023-11-16,unchanged
ITRM,2023-11-17,unchanged
ITRM,2023-11-21,unchanged
ITRM,2023-12-26,unchanged
ITRM,2024-01-30,unchanged
ITRM,2024-10-25,unchanged
ITRN,2020-09-18,unchanged
IVA,2022-10-07,unchanged
IVA,2022-11-11,unchanged
IVA,2023-05-31,unchanged
IVA,2023-06-14,unchanged
IVA,2024-10-14,unchanged
IVDA,2022-04-11,unchanged
IVDA,2022-04-18,unchanged
IVDA,2022-08-08,unchanged
IVDA,2022-09-28,unchanged
IVDA,2023-01-30,unchanged
IVDA,2023-02-01,unchanged
IVDA,2023-02-06,unchanged
IVDA,2024-02-13,unchanged
IVDA,2024-02-20,unchanged
IVDA,2024-08-19,unchanged
IVDA,2024-10-30,unchanged
IVDA,2024-12-17,unchanged
IVDA,2024-12-20,unchanged
IVDA,2024-12-23,unchanged
IVDA,2024-12-26,unchanged
IVDA,2024-12-27,unchanged
IVDA,2024-12-30,unchanged
IVDA,nan,unchanged
IVDAW,2022-04-11,unchanged
IVF,nan,unchanged
IVP,2023-08-31,unchanged
IVP,2024-01-04,unchanged
IVP,2024-01-25,unchanged
IVP,2024-01-26,unchanged
IVP,2024-01-30,unchanged
IVP,2024-02-15,unchanged
IVP,2024-02-21,unchanged
IVP,2024-03-11,unchanged
IVP,2024-05-08,unchanged
IVP,2024-05-09,unchanged
IVP,2024-06-27,unchanged
IVP,2024-07-03,unchanged
IVP,2024-07-05,unchanged
IVP,2024-07-08,unchanged
IVP,2024-07-10,unchanged
IVP,2024-07-12,unchanged
IVP,2024-07-15,unchanged
IVP,2024-07-18,unchanged
IVP,2024-07-24,unchanged
IVP,2024-09-05,unchanged
IVP,2024-09-09,unchanged
IVP,2024-10-02,unchanged
IVP,2024-10-21,unchanged
IVP,2024-10-22,unchanged
IVP,nan,unchanged
IVR,2020-03-26,unchanged
IVR,2020-04-06,unchanged
IVR,2020-04-07,unchanged
IVR,2020-04-08,unchanged
IVR,2020-04-09,unchanged
IVR,2020-06-05,unchanged
IVR,2020-06-08,unchanged
IVRpC,2020-03-19,unchanged
IVRpC,2020-03-25,unchanged
IVRpC,2020-03-26,unchanged
IVRpC,2020-04-06,unchanged
IVRpC,2020-04-07,unchanged
IVRpC,2020-04-08,unchanged
IVVD,2023-04-19,unchanged
IVVD,2023-12-18,unchanged
IVVD,2024-03-22,unchanged
IVVD,2024-06-27,unchanged
IVVD,nan,unchanged
IXHL,2022-03-14,unchanged
IXHL,2022-03-15,unchanged
IXHL,2022-08-05,unchanged
IXHL,2023-07-06,unchanged
IXHL,2023-11-30,unchanged
IXHL,2023-12-04,unchanged
IXHL,2023-12-05,unchanged
IXHL,2024-02-21,unchanged
IXHL,2024-02-28,unchanged
IXHL,nan,unchanged
IZEA,2020-03-31,unchanged
IZEA,2020-04-17,unchanged
IZEA,2020-05-04,unchanged
IZEA,2020-05-06,unchanged
IZEA,2020-05-07,unchanged
IZEA,2020-05-14,unchanged
IZEA,2020-05-26,unchanged
IZEA,2020-06-08,unchanged
IZEA,2020-06-09,unchanged
IZEA,2020-06-11,unchanged
IZEA,2020-07-31,unchanged
IZEA,2020-08-05,unchanged
IZEA,2020-11-09,unchanged
IZEA,2020-12-14,unchanged
IZEA,2020-12-21,unchanged
IZEA,2020-12-24,unchanged
IZEA,2021-01-19,unchanged
IZEA,2021-01-25,unchanged
IZEA,2021-10-22,unchanged
IZEA,nan,unchanged
IZM,2023-04-12,unchanged
IZM,2023-04-14,unchanged
IZM,2023-04-18,unchanged
IZM,2023-05-11,unchanged
IZM,2023-05-25,unchanged
IZM,2023-07-07,unchanged
IZM,2023-07-20,unchanged
IZM,2023-08-04,unchanged
IZM,2023-08-11,unchanged
IZM,2024-04-01,unchanged
IZM,2024-04-09,unchanged
IZM,2024-05-20,unchanged
JACK,2020-03-19,unchanged
JAGX,2023-03-21,unchanged
JAGX,2023-03-23,unchanged
JAGX,2023-05-10,unchanged
JAGX,2023-05-11,unchanged
JAGX,2023-10-12,unchanged
JAGX,2024-02-27,unchanged
JAGX,2024-03-01,unchanged
JAGX,2024-03-04,unchanged
JAGX,2024-03-20,unchanged
JAGX,2024-04-10,unchanged
JAGX,2024-04-15,unchanged
JAGX,2024-04-16,unchanged
JAGX,2024-05-02,unchanged
JAGX,2024-12-11,unchanged
JAGX,nan,unchanged
JAKK,2020-03-30,unchanged
JAKK,2020-04-13,unchanged
JAKK,2020-04-27,unchanged
JAKK,2020-06-03,unchanged
JAKK,2020-06-08,unchanged
JAKK,2020-06-12,unchanged
JAKK,2020-06-24,unchanged
JAKK,2020-10-12,unchanged
JAKK,2020-11-03,unchanged
JAKK,2022-07-28,unchanged
JAKK,2023-11-02,unchanged
JAMF,2020-07-22,unchanged
JANX,2024-02-21,unchanged
JANX,2024-02-27,unchanged
JANX,2024-12-03,unchanged
JBDI,2024-08-28,unchanged
JBDI,2024-09-06,unchanged
JBDI,2024-09-09,unchanged
JBDI,2024-09-12,unchanged
JBDI,2024-09-13,unchanged
JBDI,2024-09-16,unchanged
JBDI,2024-09-24,unchanged
JBDI,2024-10-04,unchanged
JBDI,nan,unchanged
JBIO,nan,unchanged
JBLU,2020-03-24,unchanged
JCSE,2022-05-10,unchanged
JCSE,2022-05-27,unchanged
JCSE,2022-08-17,unchanged
JCSE,2022-11-23,unchanged
JCSE,2022-11-25,unchanged
JCSE,2023-02-09,unchanged
JCSE,2023-05-08,unchanged
JCSE,2023-05-17,unchanged
JCSE,2023-08-24,unchanged
JCSE,2023-08-31,unchanged
JCSE,2024-05-30,unchanged
JCSE,2024-06-03,unchanged
JCSE,2024-07-18,unchanged
JCSE,2024-10-21,unchanged
JCSE,2024-11-04,unchanged
JCSE,2024-12-02,unchanged
JCSE,nan,unchanged
JD,2022-03-16,unchanged
JDZG,2024-05-16,unchanged
JDZG,2024-05-17,unchanged
JDZG,2024-06-12,unchanged
JDZG,2024-10-15,unchanged
JDZG,2024-10-17,unchanged
JDZG,2024-10-18,unchanged
JDZG,2024-10-23,unchanged
JDZG,2024-12-23,unchanged
JDZG,2024-12-30,unchanged
JDZG,nan,unchanged
JELD,2020-03-24,unchanged
JEM,nan,unchanged
JFB,nan,unchanged
JFBR,2023-03-10,unchanged
JFBR,2023-04-10,unchanged
JFBR,2023-06-15,unchanged
JFBR,2023-11-10,unchanged
JFBR,2023-11-29,unchanged
JFBR,2024-01-03,unchanged
JFBR,2024-01-04,unchanged
JFBR,2024-05-03,unchanged
JFBR,2024-05-15,unchanged
JFBR,2024-05-17,unchanged
JFBR,2024-05-22,unchanged
JFBR,2024-05-30,unchanged
JFBR,2024-05-31,unchanged
JFBR,2024-06-03,unchanged
JFBR,2024-06-06,unchanged
JFBR,2024-06-14,unchanged
JFBR,2024-07-02,unchanged
JFBR,2024-09-18,unchanged
JFBR,2024-09-23,unchanged
JFBR,2024-10-30,unchanged
JFBR,2024-12-03,unchanged
JFBR,2024-12-05,unchanged
JFBR,2024-12-06,unchanged
JFBR,nan,unchanged
JFIN,2020-03-17,unchanged
JFIN,2020-03-23,unchanged
JFIN,2020-03-24,unchanged
JFIN,2020-03-25,unchanged
JFIN,2020-06-09,unchanged
JFIN,2020-06-10,unchanged
JFIN,2020-06-12,unchanged
JFIN,2020-06-15,unchanged
JFIN,2020-08-25,unchanged
JFIN,2020-09-30,unchanged
JFIN,2020-11-25,unchanged
JFIN,2020-12-03,unchanged
JFIN,2021-02-05,unchanged
JFIN,2021-03-17,unchanged
JFIN,2021-03-18,unchanged
JFIN,2021-03-22,unchanged
JFIN,2021-03-30,unchanged
JFIN,2021-04-26,unchanged
JFIN,2021-08-25,unchanged
JFIN,2022-01-03,unchanged
JFIN,nan,unchanged
JFU,2020-06-19,unchanged
JFU,2020-06-30,unchanged
JFU,2020-09-29,unchanged
JFU,2020-10-19,unchanged
JFU,2020-10-20,unchanged
JFU,2020-10-21,unchanged
JFU,2020-11-24,unchanged
JFU,2021-02-05,unchanged
JFU,2021-02-10,unchanged
JFU,2021-02-18,unchanged
JFU,2021-02-19,unchanged
JFU,2021-02-24,unchanged
JFU,2021-06-17,unchanged
JFU,2022-08-25,unchanged
JFU,2022-10-12,unchanged
JFU,2022-11-02,unchanged
JFU,2023-04-14,unchanged
JFU,2023-04-28,unchanged
JFU,2023-05-03,unchanged
JFU,2023-11-27,unchanged
JFU,2024-09-27,unchanged
JFU,2024-10-02,unchanged
JFU,nan,unchanged
JG,2020-03-19,unchanged
JG,2020-10-20,unchanged
JG,2020-11-23,unchanged
JG,2020-11-24,unchanged
JG,2020-11-27,unchanged
JG,2020-12-22,unchanged
JG,2021-02-05,unchanged
JG,2021-02-08,unchanged
JG,2023-10-17,unchanged
JG,2023-12-12,unchanged
JG,2024-08-12,unchanged
JG,2024-11-20,unchanged
JG,nan,unchanged
JHX,2020-03-19,unchanged
JILL,2020-03-04,unchanged
JILL,2020-04-27,unchanged
JILL,2020-05-27,unchanged
JILL,2020-06-16,unchanged
JILL,2020-07-16,unchanged
JILL,2020-09-01,unchanged
JILL,2020-09-02,unchanged
JILL,2020-09-14,unchanged
JILL,2020-10-13,unchanged
JILL,2021-01-27,unchanged
JILL,2021-03-15,unchanged
JILL,2021-03-16,unchanged
JL,2024-01-26,unchanged
JL,2024-01-29,unchanged
JL,2024-02-28,unchanged
JL,2024-02-29,unchanged
JL,2024-03-05,unchanged
JL,2024-04-24,unchanged
JL,2024-09-20,unchanged
JL,2024-10-29,unchanged
JL,2024-12-09,unchanged
JL,2024-12-10,unchanged
JL,nan,unchanged
JMIA,2020-01-16,unchanged
JMIA,2020-07-08,unchanged
JMIA,2020-08-03,unchanged
JMIA,2022-04-04,unchanged
JMIA,2022-05-17,unchanged
JMIA,2024-02-15,unchanged
JMIA,2024-07-09,unchanged
JMIA,nan,unchanged
JOBY,2023-06-28,unchanged
JOBY,2023-06-29,unchanged
JOBY,2024-10-02,unchanged
JOBY,nan,unchanged
JOBY.WS,2021-08-20,unchanged
JOBY.WS,2021-09-23,unchanged
JOBY.WS,2022-05-13,unchanged
JOBY.WS,2023-06-28,unchanged
JOBY.WS,2023-06-29,unchanged
JOBY.WS,2023-11-02,unchanged
JOBY.WS,2024-07-16,unchanged
JOBY.WS,2024-11-11,unchanged
JOBY.WS,2024-11-21,unchanged
JOBY.WS,2024-11-25,unchanged
JOBY.WS,nan,unchanged
JRVR,2024-03-15,unchanged
JSM,2020-03-19,unchanged
JSPR,2021-09-30,unchanged
JSPR,2021-10-13,unchanged
JSPR,2021-10-15,unchanged
JSPR,2022-05-02,unchanged
JSPR,2022-09-26,unchanged
JSPR,2023-01-03,unchanged
JSPR,2023-01-10,unchanged
JSPR,2023-01-13,unchanged
JSPR,2024-01-18,unchanged
JSPR,2024-10-14,unchanged
JSPR,nan,unchanged
JSPRW,2021-10-13,unchanged
JSPRW,2021-11-17,unchanged
JTAI,2023-08-18,unchanged
JTAI,2023-12-11,unchanged
JTAI,2023-12-14,unchanged
JTAI,2023-12-15,unchanged
JTAI,2023-12-27,unchanged
JTAI,2024-01-12,unchanged
JTAI,2024-01-31,unchanged
JTAI,2024-02-16,unchanged
JTAI,2024-02-27,unchanged
JTAI,2024-03-15,unchanged
JTAI,2024-07-30,unchanged
JTAI,2024-10-10,unchanged
JTAI,2024-10-11,unchanged
JTAI,2024-10-17,unchanged
JTAI,2024-10-18,unchanged
JTAI,2024-11-13,unchanged
JTAI,2024-11-22,unchanged
JTAI,2024-12-10,unchanged
JTAI,2024-12-24,unchanged
JTAI,nan,unchanged
JUNS,2024-12-10,unchanged
JUNS,2024-12-12,unchanged
JUNS,2024-12-19,unchanged
JUNS,nan,unchanged
JVA,2020-03-20,unchanged
JVA,2024-09-16,unchanged
JVA,nan,unchanged
JWEL,2021-11-17,unchanged
JWEL,2021-11-18,unchanged
JWEL,2022-06-03,unchanged
JWEL,2022-11-11,unchanged
JWEL,2023-04-05,unchanged
JWEL,2023-04-12,unchanged
JWEL,2023-04-28,unchanged
JWEL,2023-09-29,unchanged
JWEL,2023-11-16,unchanged
JWEL,2024-06-05,unchanged
JWEL,2024-06-07,unchanged
JWEL,2024-09-30,unchanged
JWEL,2024-10-01,unchanged
JWEL,2024-10-22,unchanged
JWEL,2024-11-18,unchanged
JWEL,2024-11-20,unchanged
JWEL,nan,unchanged
JXG,2024-12-31,unchanged
JXG,nan,unchanged
JYD,2023-05-09,unchanged
JYD,2023-07-11,unchanged
JYD,2024-02-12,unchanged
JYD,2024-07-08,unchanged
JYD,2024-10-02,unchanged
JYD,2024-11-07,unchanged
JYD,2024-12-03,unchanged
JYD,2024-12-05,unchanged
JYD,2024-12-06,unchanged
JYD,nan,unchanged
JYNT,2024-03-08,unchanged
JZ,2022-09-14,unchanged
JZ,2022-11-04,unchanged
JZ,2023-01-05,unchanged
JZ,2023-01-10,unchanged
JZ,2023-01-11,unchanged
JZ,2023-02-01,unchanged
JZ,2023-03-03,unchanged
JZ,2023-04-28,unchanged
JZ,2023-05-01,unchanged
JZ,2024-02-20,unchanged
JZ,2024-09-26,unchanged
JZ,nan,unchanged
JZXN,2021-05-21,unchanged
JZXN,2021-06-03,unchanged
JZXN,2021-07-14,unchanged
JZXN,2021-07-27,unchanged
JZXN,2021-12-07,unchanged
JZXN,2022-04-21,unchanged
JZXN,2022-04-26,unchanged
JZXN,2022-06-23,unchanged
JZXN,2022-09-09,unchanged
JZXN,2022-12-13,unchanged
JZXN,2023-01-26,unchanged
JZXN,2023-02-06,unchanged
JZXN,2023-04-13,unchanged
JZXN,2023-04-28,unchanged
JZXN,2023-05-01,unchanged
JZXN,2023-06-21,unchanged
JZXN,2023-07-13,unchanged
JZXN,2023-12-27,unchanged
JZXN,2024-03-12,unchanged
JZXN,2024-03-13,unchanged
JZXN,2024-04-03,unchanged
JZXN,2024-05-17,unchanged
JZXN,2024-07-23,unchanged
JZXN,2024-12-11,unchanged
JZXN,nan,unchanged
KALA,2020-01-06,unchanged
KALA,2020-03-09,unchanged
KALA,2022-03-08,unchanged
KALA,2022-03-10,unchanged
KALA,2022-03-11,unchanged
KALA,2022-05-02,unchanged
KALA,2022-05-23,unchanged
KALA,2022-11-09,unchanged
KALA,2022-12-28,unchanged
KALA,2022-12-29,unchanged
KALA,2022-12-30,unchanged
KALA,2023-01-04,unchanged
KALA,2023-01-26,unchanged
KALA,2023-03-03,unchanged
KALA,2023-03-06,unchanged
KALA,2023-03-21,unchanged
KALA,2023-12-05,unchanged
KALA,2024-06-27,unchanged
KALA,nan,unchanged
KALV,2021-02-09,unchanged
KALV,nan,unchanged
KAR,2022-02-25,unchanged
KAVL,2021-09-07,unchanged
KAVL,2021-09-09,unchanged
KAVL,2021-10-19,unchanged
KAVL,2021-10-27,unchanged
KAVL,2022-01-06,unchanged
KAVL,2022-02-03,unchanged
KAVL,2022-02-07,unchanged
KAVL,2022-02-09,unchanged
KAVL,2022-02-11,unchanged
KAVL,2022-03-15,unchanged
KAVL,2022-05-13,unchanged
KAVL,2022-05-31,unchanged
KAVL,2022-06-13,unchanged
KAVL,2022-06-14,unchanged
KAVL,2022-08-25,unchanged
KAVL,2022-12-27,unchanged
KAVL,2023-08-23,unchanged
KAVL,2023-10-12,unchanged
KAVL,2023-11-13,unchanged
KAVL,2023-11-29,unchanged
KAVL,2024-03-21,unchanged
KAVL,2024-04-15,unchanged
KAVL,2024-06-12,unchanged
KAVL,2024-06-14,unchanged
KAVL,2024-06-26,unchanged
KAVL,2024-09-23,unchanged
KAVL,2024-12-30,unchanged
KAVL,nan,unchanged
KBH,2020-03-24,unchanged
KBSX,nan,unchanged
KC,2022-03-16,unchanged
KC,2022-03-18,unchanged
KC,2024-03-11,unchanged
KC,2024-11-20,unchanged
KDKRW,nan,unchanged
KE,2020-11-02,unchanged
KELYB,2020-08-11,unchanged
KELYB,2020-08-21,unchanged
KELYB,2020-08-24,unchanged
KELYB,2020-09-16,unchanged
KELYB,2021-04-01,unchanged
KELYB,2021-04-05,unchanged
KELYB,2021-04-06,unchanged
KELYB,2021-04-14,unchanged
KEQU,2020-04-22,unchanged
KEQU,2023-12-07,unchanged
KEQU,nan,unchanged
KEYpI,2020-03-24,unchanged
KFRC,2020-08-11,unchanged
KFS,2020-12-02,unchanged
KIDZ,nan,unchanged
KIM,2020-11-09,unchanged
KINS,2020-03-19,unchanged
KINS,2022-12-12,unchanged
KINS,2023-11-17,unchanged
KITT,2022-10-05,unchanged
KITT,2024-01-10,unchanged
KITT,2024-02-28,unchanged
KITT,2024-03-14,unchanged
KITT,2024-03-28,unchanged
KITT,2024-05-16,unchanged
KITT,2024-06-05,unchanged
KITT,2024-06-06,unchanged
KITT,2024-06-10,unchanged
KITT,2024-06-11,unchanged
KITT,2024-06-14,unchanged
KITT,2024-07-18,unchanged
KITT,2024-07-26,unchanged
KITT,2024-08-09,unchanged
KITT,2024-12-26,unchanged
KITT,2024-12-27,unchanged
KITT,nan,unchanged
KLRS,nan,unchanged
KLTO,nan,unchanged
KLTR,2024-11-06,unchanged
KLXE,2020-03-10,unchanged
KLXE,2020-04-03,unchanged
KLXE,2020-04-08,unchanged
KLXE,2020-04-09,unchanged
KLXE,2020-04-23,unchanged
KLXE,2020-04-30,unchanged
KLXE,2020-05-04,unchanged
KLXE,2020-06-08,unchanged
KLXE,2020-10-08,unchanged
KLXE,2021-08-24,unchanged
KLXE,2022-09-28,unchanged
KMDA,2020-03-19,unchanged
KMDA,2020-08-14,unchanged
KMDA,2020-08-24,unchanged
KMDA,2023-12-06,unchanged
KMRK,nan,unchanged
KNDI,2020-04-13,unchanged
KNDI,2020-07-06,unchanged
KNDI,2020-07-29,unchanged
KNDI,2020-07-30,unchanged
KNDI,2020-11-04,unchanged
KNDI,2020-11-17,unchanged
KNDI,2024-04-17,unchanged
KNSA,2020-03-31,unchanged
KNSA,2021-11-01,unchanged
KNSA,2023-07-25,unchanged
KNSA,2024-07-23,unchanged
KOD,2023-11-02,unchanged
KOD,2023-11-17,unchanged
KOD,2024-01-25,unchanged
KOD,2024-12-09,unchanged
KOD,nan,unchanged
KODK,2020-05-08,unchanged
KODK,2020-07-28,unchanged
KODK,2020-07-29,unchanged
KODK,2020-07-30,unchanged
KODK,2020-08-18,unchanged
KODK,2020-09-01,unchanged
KODK,2020-09-16,unchanged
KODK,2020-12-07,unchanged
KODK,2021-01-27,unchanged
KODK,2021-02-03,unchanged
KODK,2022-03-18,unchanged
KODK,2024-02-29,unchanged
KOP,2020-04-08,unchanged
KOPN,2020-07-13,unchanged
KOPN,2020-12-21,unchanged
KOPN,2021-01-25,unchanged
KOPN,2021-02-02,unchanged
KOPN,2021-10-28,unchanged
KOPN,2024-02-02,unchanged
KOPN,nan,unchanged
KORE,2021-10-14,unchanged
KORE,2022-08-12,unchanged
KORE,2023-03-27,unchanged
KORE,2023-08-11,unchanged
KORE,2023-11-10,unchanged
KORE,2023-11-13,unchanged
KORE,2023-11-14,unchanged
KORE,2023-11-15,unchanged
KORE,2023-11-16,unchanged
KORE,2023-12-06,unchanged
KORE,2023-12-21,unchanged
KORE,2023-12-29,unchanged
KORE,2024-01-04,unchanged
KORE,2024-06-25,unchanged
KORE,2024-06-28,unchanged
KORE,2024-07-23,unchanged
KORE,2024-07-24,unchanged
KORE,2024-12-24,unchanged
KORE,2024-12-30,unchanged
KORE,2024-12-31,unchanged
KOS,2020-03-10,unchanged
KOS,2020-11-09,unchanged
KOSS,2020-04-15,unchanged
KOSS,2020-06-12,unchanged
KOSS,2020-06-16,unchanged
KOSS,2020-07-09,unchanged
KOSS,2020-12-29,unchanged
KOSS,2021-01-19,unchanged
KOSS,2021-01-25,unchanged
KOSS,2021-01-26,unchanged
KOSS,2021-01-27,unchanged
KOSS,2021-01-28,unchanged
KOSS,2021-01-29,unchanged
KOSS,2021-02-03,unchanged
KOSS,2021-02-05,unchanged
KOSS,2021-02-18,unchanged
KOSS,2021-02-24,unchanged
KOSS,2021-02-25,unchanged
KOSS,2021-03-08,unchanged
KOSS,2021-03-10,unchanged
KOSS,2021-03-12,unchanged
KOSS,2021-03-25,unchanged
KOSS,2021-06-02,unchanged
KOSS,2022-01-26,unchanged
KOSS,2022-03-22,unchanged
KOSS,2022-07-25,unchanged
KOSS,2024-05-03,unchanged
KOSS,2024-05-13,unchanged
KOSS,2024-05-14,unchanged
KOSS,2024-07-03,unchanged
KOSS,2024-07-05,unchanged
KOSS,nan,unchanged
KPLT,2021-08-30,unchanged
KPLT,2021-09-02,unchanged
KPLT,2021-09-03,unchanged
KPLT,2021-11-09,unchanged
KPLT,2022-03-15,unchanged
KPLT,2022-06-08,unchanged
KPLT,2022-10-20,unchanged
KPLT,2024-04-26,unchanged
KPLT,2024-05-15,unchanged
KPLT,2024-12-30,unchanged
KPLT,nan,unchanged
KPLTW,2021-08-30,unchanged
KPLTW,2021-09-02,unchanged
KPLTW,2021-09-03,unchanged
KPLTW,2021-11-09,unchanged
KPRX,2021-12-30,unchanged
KPRX,2022-03-01,unchanged
KPRX,2022-03-17,unchanged
KPRX,2022-06-08,unchanged
KPRX,2022-08-25,unchanged
KPRX,2022-09-13,unchanged
KPRX,2022-10-03,unchanged
KPRX,2022-10-18,unchanged
KPRX,2023-02-07,unchanged
KPRX,2023-02-08,unchanged
KPRX,2024-02-01,unchanged
KPRX,2024-04-23,unchanged
KPRX,nan,unchanged
KPTI,2020-03-02,unchanged
KPTI,2021-11-03,unchanged
KPTI,2024-02-05,unchanged
KPTI,2024-02-06,unchanged
KPTI,2024-10-31,unchanged
KPTI,nan,unchanged
KREF,2020-03-26,unchanged
KRG,2020-11-09,unchanged
KRKR,2020-05-27,unchanged
KRKR,2021-01-20,unchanged
KRKR,2021-02-05,unchanged
KRKR,2022-03-18,unchanged
KRKR,2022-05-25,unchanged
KRKR,2022-08-02,unchanged
KRKR,2022-09-14,unchanged
KRKR,2023-02-07,unchanged
KRKR,2024-06-21,unchanged
KRKR,2024-09-30,unchanged
KRKR,nan,unchanged
KRMD,2020-02-27,unchanged
KRNT,2020-05-20,unchanged
KROS,2020-08-25,unchanged
KROS,2021-09-27,unchanged
KROS,2021-11-04,unchanged
KRP,2020-03-26,unchanged
KRRO,2023-11-07,unchanged
KRRO,2023-11-08,unchanged
KRRO,2023-12-04,unchanged
KRRO,2024-02-05,unchanged
KRRO,2024-08-15,unchanged
KRRO,2024-10-16,unchanged
KRUS,2020-03-19,unchanged
KRUS,2020-03-20,unchanged
KRUS,2021-07-14,unchanged
KRUS,2021-11-12,unchanged
KRUS,2022-07-08,unchanged
KRUS,nan,unchanged
KRYS,2021-11-29,unchanged
KRYS,2024-02-26,unchanged
KSCP,2022-01-28,unchanged
KSCP,2022-01-31,unchanged
KSCP,2022-02-14,unchanged
KSCP,2022-03-14,unchanged
KSCP,2022-12-21,unchanged
KSCP,2023-03-28,unchanged
KSCP,2023-06-27,unchanged
KSCP,2023-06-28,unchanged
KSCP,2023-07-11,unchanged
KSCP,2023-07-12,unchanged
KSCP,2023-07-14,unchanged
KSCP,2023-07-24,unchanged
KSCP,2024-08-14,unchanged
KSCP,2024-09-16,unchanged
KSCP,2024-10-21,unchanged
KSCP,nan,unchanged
KSS,2020-04-07,unchanged
KSS,2022-01-24,unchanged
KSS,nan,unchanged
KTCC,2020-04-09,unchanged
KTCC,2020-08-05,unchanged
KTTA,2021-10-27,unchanged
KTTA,2021-11-23,unchanged
KTTA,2021-11-29,unchanged
KTTA,2021-12-23,unchanged
KTTA,2023-06-05,unchanged
KTTA,2023-06-29,unchanged
KTTA,2023-07-20,unchanged
KTTA,2023-12-11,unchanged
KTTA,2023-12-22,unchanged
KTTA,2024-09-18,unchanged
KTTA,2024-09-26,unchanged
KTTA,nan,unchanged
KTTAW,2021-11-23,unchanged
KURA,2020-04-28,unchanged
KURA,2024-01-24,unchanged
KVYO,2024-08-08,unchanged
KWM,nan,unchanged
KXIN,2020-07-08,unchanged
KXIN,2020-09-09,unchanged
KXIN,2020-10-14,unchanged
KXIN,2020-10-16,unchanged
KXIN,2020-10-19,unchanged
KXIN,2020-10-23,unchanged
KXIN,2020-11-05,unchanged
KXIN,2020-11-20,unchanged
KXIN,2020-11-23,unchanged
KXIN,2020-12-01,unchanged
KXIN,2021-08-06,unchanged
KXIN,2021-12-16,unchanged
KXIN,2022-03-28,unchanged
KXIN,2022-09-21,unchanged
KXIN,2023-06-01,unchanged
KXIN,2023-06-02,unchanged
KXIN,2023-09-07,unchanged
KXIN,2023-10-30,unchanged
KXIN,2023-11-03,unchanged
KXIN,2024-01-29,unchanged
KXIN,2024-02-12,unchanged
KXIN,2024-05-16,unchanged
KXIN,2024-05-17,unchanged
KXIN,2024-05-28,unchanged
KXIN,2024-06-11,unchanged
KXIN,2024-09-23,unchanged
KXIN,2024-09-26,unchanged
KXIN,2024-09-30,unchanged
KXIN,2024-10-02,unchanged
KXIN,2024-10-03,unchanged
KXIN,2024-10-09,unchanged
KXIN,2024-11-05,unchanged
KXIN,2024-11-13,unchanged
KXIN,2024-12-30,unchanged
KXIN,nan,unchanged
KYIV,nan,unchanged
KYMR,2022-12-14,unchanged
KYMR,nan,unchanged
KYN,2020-03-19,unchanged
KYN,2020-03-20,unchanged
KYTX,nan,unchanged
KZIA,2020-04-08,unchanged
KZIA,2020-07-15,unchanged
KZIA,2020-08-07,unchanged
KZIA,2020-11-13,unchanged
KZIA,2020-11-18,unchanged
KZIA,2022-08-05,unchanged
KZIA,2022-10-27,unchanged
KZIA,2023-11-03,unchanged
KZIA,2023-11-07,unchanged
KZIA,2024-04-17,unchanged
KZIA,2024-07-10,unchanged
KZIA,2024-07-11,unchanged
KZIA,2024-07-17,unchanged
KZIA,2024-10-17,unchanged
KZIA,2024-11-04,unchanged
KZIA,nan,unchanged
KZR,2020-02-10,unchanged
KZR,2020-06-04,unchanged
KZR,2021-11-16,unchanged
KZR,2022-06-28,unchanged
KZR,2024-09-30,unchanged
KZR,nan,unchanged
LAB,2022-05-23,unchanged
LAB,nan,unchanged
LAC,2020-09-28,unchanged
LAC,2021-01-19,unchanged
LAC,2024-03-14,unchanged
LAC,nan,unchanged
LADR,2020-03-26,unchanged
LADR,2020-04-06,unchanged
LADR,2020-04-07,unchanged
LADR,2020-04-09,unchanged
LAES,2023-06-01,unchanged
LAES,2023-06-14,unchanged
LAES,2023-12-07,unchanged
LAES,2023-12-28,unchanged
LAES,2024-01-03,unchanged
LAES,2024-01-09,unchanged
LAES,2024-01-10,unchanged
LAES,2024-01-11,unchanged
LAES,2024-01-16,unchanged
LAES,2024-02-07,unchanged
LAES,2024-12-11,unchanged
LAES,2024-12-12,unchanged
LAES,2024-12-16,unchanged
LAES,2024-12-17,unchanged
LAES,2024-12-20,unchanged
LAES,2024-12-23,unchanged
LAES,2024-12-26,unchanged
LAES,nan,unchanged
LAKE,2020-01-21,unchanged
LAKE,2020-02-27,unchanged
LAKE,2020-02-28,unchanged
LAKE,2020-06-10,unchanged
LAMR,2020-05-07,unchanged
LANV,2022-12-16,unchanged
LANV,2022-12-27,unchanged
LANV,2022-12-28,unchanged
LANV,2023-11-14,unchanged
LANV,2024-03-07,unchanged
LANV,2024-06-12,unchanged
LANV,nan,unchanged
LAR,nan,unchanged
LASE,2022-10-11,unchanged
LASE,2022-10-13,unchanged
LASE,2022-12-21,unchanged
LASE,2023-01-11,unchanged
LASE,2023-09-07,unchanged
LASE,2023-12-01,unchanged
LASE,2023-12-15,unchanged
LASE,2024-02-29,unchanged
LASE,2024-03-05,unchanged
LASE,2024-03-07,unchanged
LASE,2024-03-21,unchanged
LASE,2024-04-09,unchanged
LASE,2024-08-08,unchanged
LASE,2024-08-12,unchanged
LASE,2024-08-28,unchanged
LASE,2024-09-04,unchanged
LASE,2024-09-06,unchanged
LASE,2024-09-10,unchanged
LASE,2024-09-17,unchanged
LASE,2024-09-23,unchanged
LASE,2024-10-08,unchanged
LASE,nan,unchanged
LASR,2023-05-05,unchanged
LASR,2024-10-28,unchanged
LASR,nan,unchanged
LAUR,2020-03-19,unchanged
LAWR,nan,unchanged
LAYS,nan,unchanged
LAZR,2020-12-04,unchanged
LAZR,2020-12-07,unchanged
LAZR,2021-11-09,unchanged
LAZR,2023-02-22,unchanged
LAZR,2024-05-08,unchanged
LAZR,nan,unchanged
LB,2020-03-24,unchanged
LB,2020-07-29,unchanged
LB,2024-07-05,unchanged
LBGJ,nan,unchanged
LBRT,2020-04-29,unchanged
LBRT,2020-09-01,unchanged
LBRT,nan,unchanged
LBTYB,2020-05-01,unchanged
LBTYB,2020-05-04,unchanged
LBTYB,2021-03-31,unchanged
LBTYB,2021-04-01,unchanged
LC,2020-12-31,unchanged
LC,2021-07-29,unchanged
LC,2021-10-28,unchanged
LC,nan,unchanged
LCDL,nan,unchanged
LCFY,2022-03-28,unchanged
LCFY,2022-04-27,unchanged
LCFY,2022-05-04,unchanged
LCFY,2022-07-27,unchanged
LCFY,2022-08-02,unchanged
LCFY,2022-08-03,unchanged
LCFY,2022-09-28,unchanged
LCFY,2022-10-04,unchanged
LCFY,2023-06-22,unchanged
LCFY,2024-07-11,unchanged
LCFY,2024-07-16,unchanged
LCFY,2024-07-17,unchanged
LCFY,nan,unchanged
LCFYW,2022-03-28,unchanged
LCFYW,2022-04-27,unchanged
LCFYW,2022-12-29,unchanged
LCFYW,2023-01-10,unchanged
LCFYW,2023-02-16,unchanged
LCFYW,2023-04-28,unchanged
LCFYW,2023-05-09,unchanged
LCFYW,2023-05-12,unchanged
LCFYW,2023-05-17,unchanged
LCFYW,2023-05-23,unchanged
LCFYW,2023-06-06,unchanged
LCFYW,2023-06-16,unchanged
LCFYW,2023-07-03,unchanged
LCFYW,2023-07-07,unchanged
LCFYW,2023-09-05,unchanged
LCFYW,2024-06-11,unchanged
LCFYW,2024-06-17,unchanged
LCFYW,2024-06-20,unchanged
LCFYW,2024-06-24,unchanged
LCFYW,2024-08-19,unchanged
LCFYW,2024-08-20,unchanged
LCFYW,2024-11-12,unchanged
LCFYW,2024-12-11,unchanged
LCFYW,2024-12-17,unchanged
LCFYW,2024-12-23,unchanged
LCFYW,2024-12-31,unchanged
LCFYW,nan,unchanged
LCID,2021-10-28,unchanged
LCID,2023-01-27,unchanged
LCID,nan,unchanged
LDI,2021-02-12,unchanged
LDI,2021-11-01,unchanged
LDI,2023-12-15,unchanged
LDI,nan,unchanged
LDP,2020-03-19,unchanged
LDWY,2023-08-25,unchanged
LDWY,2023-08-28,unchanged
LDWY,2024-02-26,unchanged
LE,2020-03-17,unchanged
LE,2020-04-06,unchanged
LE,2023-06-01,unchanged
LEDS,2020-02-27,unchanged
LEDS,2020-05-20,unchanged
LEDS,2020-08-06,unchanged
LEDS,2020-12-28,unchanged
LEDS,2021-02-09,unchanged
LEDS,2021-02-11,unchanged
LEDS,2021-05-04,unchanged
LEDS,2021-05-06,unchanged
LEDS,2021-05-10,unchanged
LEDS,2021-05-14,unchanged
LEDS,2021-05-25,unchanged
LEDS,2021-05-28,unchanged
LEDS,2021-06-03,unchanged
LEDS,2021-06-04,unchanged
LEDS,2021-06-07,unchanged
LEDS,2022-03-02,unchanged
LEDS,2022-08-03,unchanged
LEDS,2023-01-03,unchanged
LEDS,2023-05-25,unchanged
LEDS,2024-02-12,unchanged
LEDS,2024-06-04,unchanged
LEDS,2024-11-04,unchanged
LEDS,2024-11-11,unchanged
LEDS,nan,unchanged
LEE,2020-01-29,unchanged
LEE,2021-02-01,unchanged
LEE,2024-10-09,unchanged
LEE,nan,unchanged
LEG,nan,unchanged
LEGH,2022-08-04,unchanged
LENZ,2024-03-27,unchanged
LESL,2024-08-08,unchanged
LEXX,2021-02-03,unchanged
LEXX,2021-05-06,unchanged
LEXX,2021-07-21,unchanged
LEXX,2022-04-14,unchanged
LEXX,2023-11-27,unchanged
LEXX,2024-02-09,unchanged
LEXX,2024-02-29,unchanged
LEXX,2024-03-06,unchanged
LEXX,2024-08-30,unchanged
LEXX,nan,unchanged
LEXXW,2021-01-13,unchanged
LEXXW,2021-01-14,unchanged
LEXXW,2021-01-19,unchanged
LEXXW,2021-01-20,unchanged
LEXXW,2021-01-29,unchanged
LEXXW,2021-02-03,unchanged
LEXXW,2021-03-02,unchanged
LEXXW,2021-05-06,unchanged
LEXXW,2021-07-21,unchanged
LEXXW,2021-12-08,unchanged
LEXXW,2022-02-14,unchanged
LEXXW,2022-04-14,unchanged
LEXXW,2022-05-17,unchanged
LEXXW,2024-03-07,unchanged
LEXXW,2024-03-08,unchanged
LEXXW,2024-03-13,unchanged
LEXXW,2024-03-19,unchanged
LEXXW,2024-03-26,unchanged
LEXXW,2024-04-05,unchanged
LEXXW,2024-04-30,unchanged
LEXXW,2024-05-07,unchanged
LEXXW,2024-05-24,unchanged
LEXXW,2024-06-28,unchanged
LEXXW,2024-07-09,unchanged
LEXXW,2024-08-06,unchanged
LEXXW,2024-09-09,unchanged
LEXXW,2024-10-21,unchanged
LEXXW,nan,unchanged
LFCR,2023-03-20,unchanged
LFCR,2023-05-23,unchanged
LFMD,2021-05-14,unchanged
LFMD,2023-07-21,unchanged
LFMD,nan,unchanged
LFS,nan,unchanged
LFST,2022-09-08,unchanged
LFST,2023-03-08,unchanged
LFST,2024-02-28,unchanged
LFVN,2023-08-29,unchanged
LFVN,nan,unchanged
LFWD,2024-08-15,unchanged
LFWD,nan,unchanged
LGCB,2024-03-25,unchanged
LGCB,2024-06-07,unchanged
LGCB,2024-06-12,unchanged
LGCB,2024-07-16,unchanged
LGCB,2024-10-24,unchanged
LGCB,2024-11-08,unchanged
LGCB,2024-11-11,unchanged
LGCB,2024-12-20,unchanged
LGCB,nan,unchanged
LGCL,2024-08-15,unchanged
LGCL,2024-08-16,unchanged
LGCL,nan,unchanged
LGHL,2020-07-01,unchanged
LGHL,2020-07-16,unchanged
LGHL,2021-01-08,unchanged
LGHL,2021-01-29,unchanged
LGHL,2021-02-12,unchanged
LGHL,2021-09-17,unchanged
LGHL,2021-10-04,unchanged
LGHL,2023-04-28,unchanged
LGHL,2023-05-16,unchanged
LGHL,2023-08-10,unchanged
LGHL,2023-08-31,unchanged
LGHL,2023-12-06,unchanged
LGHL,2024-02-20,unchanged
LGHL,2024-09-11,unchanged
LGHL,2024-10-18,unchanged
LGHL,nan,unchanged
LGND,2020-03-17,unchanged
LGO,nan,unchanged
LGVN,2021-03-11,unchanged
LGVN,2021-04-13,unchanged
LGVN,2021-05-21,unchanged
LGVN,2021-11-18,unchanged
LGVN,2021-11-19,unchanged
LGVN,2021-11-22,unchanged
LGVN,2021-11-24,unchanged
LGVN,2021-12-03,unchanged
LGVN,2022-03-09,unchanged
LGVN,2022-03-31,unchanged
LGVN,2022-04-20,unchanged
LGVN,2023-05-09,unchanged
LGVN,2023-08-31,unchanged
LGVN,2024-04-08,unchanged
LGVN,2024-04-15,unchanged
LGVN,2024-04-16,unchanged
LGVN,2024-06-12,unchanged
LGVN,2024-06-13,unchanged
LGVN,2024-06-14,unchanged
LGVN,2024-07-09,unchanged
LGVN,2024-07-10,unchanged
LGVN,2024-07-17,unchanged
LGVN,nan,unchanged
LHAI,nan,unchanged
LHSW,nan,unchanged
LI,2020-08-26,unchanged
LI,2020-11-12,unchanged
LI,2022-03-16,unchanged
LICN,2023-03-08,unchanged
LICN,2023-04-28,unchanged
LICN,2024-02-16,unchanged
LICN,2024-04-24,unchanged
LICN,2024-04-29,unchanged
LICN,2024-12-12,unchanged
LICN,2024-12-26,unchanged
LICN,2024-12-27,unchanged
LICN,nan,unchanged
LIDR,2021-09-16,unchanged
LIDR,2021-10-26,unchanged
LIDR,2022-11-25,unchanged
LIDR,2023-04-17,unchanged
LIDR,2023-07-28,unchanged
LIDR,2023-07-31,unchanged
LIDR,2023-08-01,unchanged
LIDR,2023-08-02,unchanged
LIDR,2023-12-27,unchanged
LIDR,2024-03-20,unchanged
LIDR,2024-03-21,unchanged
LIDR,2024-05-10,unchanged
LIDR,2024-05-15,unchanged
LIDR,2024-05-21,unchanged
LIDR,2024-05-24,unchanged
LIDR,2024-05-28,unchanged
LIDR,2024-08-21,unchanged
LIDR,2024-12-17,unchanged
LIDR,2024-12-27,unchanged
LIDR,nan,unchanged
LIDRW,2021-09-16,unchanged
LIDRW,2021-10-26,unchanged
LIDRW,2022-04-25,unchanged
LIDRW,2022-05-13,unchanged
LIMN,nan,unchanged
LINC,2020-05-21,unchanged
LIND,2020-03-24,unchanged
LIND,2020-03-25,unchanged
LIND,2020-11-09,unchanged
LIND,2022-11-02,unchanged
LINK,2021-06-21,unchanged
LINK,2023-07-18,unchanged
LINK,2023-11-08,unchanged
LINK,2024-10-25,unchanged
LINK,2024-12-16,unchanged
LINK,nan,unchanged
LION,2023-01-30,unchanged
LION,2023-02-01,unchanged
LION,2023-02-23,unchanged
LION,2023-02-28,unchanged
LION,2024-05-14,unchanged
LIQT,2020-05-11,unchanged
LIQT,nan,unchanged
LITB,2020-03-27,unchanged
LITB,2020-06-16,unchanged
LITB,2020-06-19,unchanged
LITB,2020-08-04,unchanged
LITB,2020-08-05,unchanged
LITB,2020-08-10,unchanged
LITB,2021-08-11,unchanged
LITB,2021-08-23,unchanged
LITB,2024-06-06,unchanged
LITB,2024-08-14,unchanged
LITB,2024-08-27,unchanged
LITB,2024-09-10,unchanged
LITB,nan,unchanged
LITM,2021-11-29,unchanged
LITM,2022-03-30,unchanged
LITM,2022-09-23,unchanged
LITM,2022-09-30,unchanged
LITM,2022-10-21,unchanged
LITM,2023-12-14,unchanged
LITM,2023-12-21,unchanged
LITM,2023-12-22,unchanged
LITM,2023-12-27,unchanged
LITM,2024-01-09,unchanged
LITM,2024-07-23,unchanged
LITM,2024-08-07,unchanged
LITM,2024-09-11,unchanged
LITM,2024-12-03,unchanged
LITM,2024-12-18,unchanged
LITM,2024-12-20,unchanged
LITM,2024-12-24,unchanged
LITM,2024-12-26,unchanged
LITM,2024-12-27,unchanged
LITM,nan,unchanged
LIVE,2020-04-02,unchanged
LIVE,2020-05-28,unchanged
LIVE,2020-06-17,unchanged
LIVE,2020-07-15,unchanged
LIVE,2021-01-13,unchanged
LIVE,2021-01-26,unchanged
LIVE,2021-10-25,unchanged
LIVE,nan,unchanged
LIXT,2020-12-17,unchanged
LIXT,2021-01-19,unchanged
LIXT,2021-02-26,unchanged
LIXT,2021-08-03,unchanged
LIXT,2022-01-05,unchanged
LIXT,2022-03-21,unchanged
LIXT,2022-04-12,unchanged
LIXT,2023-01-04,unchanged
LIXT,2023-02-07,unchanged
LIXT,2023-02-10,unchanged
LIXT,2023-06-27,unchanged
LIXT,2023-07-17,unchanged
LIXT,2023-11-27,unchanged
LIXT,2024-03-27,unchanged
LIXT,2024-06-14,unchanged
LIXT,2024-10-29,unchanged
LIXT,2024-11-25,unchanged
LIXT,nan,unchanged
LIXTW,2020-11-27,unchanged
LIXTW,2020-12-03,unchanged
LIXTW,2020-12-17,unchanged
LIXTW,2020-12-18,unchanged
LIXTW,2021-01-19,unchanged
LIXTW,2021-02-26,unchanged
LIXTW,2021-03-12,unchanged
LIXTW,2021-05-05,unchanged
LIXTW,2021-05-19,unchanged
LIXTW,2022-04-12,unchanged
LMB,2020-08-14,unchanged
LMFA,2020-01-13,unchanged
LMFA,2020-02-04,unchanged
LMFA,2020-03-20,unchanged
LMFA,2020-04-15,unchanged
LMFA,2020-05-20,unchanged
LMFA,2020-06-10,unchanged
LMFA,2020-06-17,unchanged
LMFA,2020-06-19,unchanged
LMFA,2020-06-30,unchanged
LMFA,2020-07-06,unchanged
LMFA,2020-09-28,unchanged
LMFA,2020-09-29,unchanged
LMFA,2021-01-08,unchanged
LMFA,2021-01-11,unchanged
LMFA,2021-01-29,unchanged
LMFA,2021-05-07,unchanged
LMFA,2021-07-08,unchanged
LMFA,2021-10-15,unchanged
LMFA,2022-08-17,unchanged
LMFA,2023-05-15,unchanged
LMFA,2023-10-25,unchanged
LMFA,2023-12-27,unchanged
LMFA,2024-02-15,unchanged
LMFA,2024-03-11,unchanged
LMFA,2024-05-16,unchanged
LMFA,nan,unchanged
LMND,2020-07-06,unchanged
LMND,2023-05-04,unchanged
LMND,2023-11-02,unchanged
LMND,2024-10-31,unchanged
LMND,nan,unchanged
LNC,2020-03-24,unchanged
LNC,2020-11-09,unchanged
LNKS,2024-12-11,unchanged
LNKS,2024-12-12,unchanged
LNKS,2024-12-17,unchanged
LNKS,nan,unchanged
LNSR,2020-10-05,unchanged
LNSR,2020-10-30,unchanged
LNSR,2024-11-07,unchanged
LNSR,nan,unchanged
LNTH,2022-02-24,unchanged
LNTH,2024-07-10,unchanged
LNZA,2023-02-21,unchanged
LNZA,2024-12-23,unchanged
LNZA,2024-12-26,unchanged
LNZA,nan,unchanged
LNZAW,2023-09-11,unchanged
LNZAW,2023-09-22,unchanged
LOBO,2024-04-02,unchanged
LOBO,2024-06-20,unchanged
LOBO,2024-10-07,unchanged
LOBO,2024-10-22,unchanged
LOBO,2024-12-24,unchanged
LOBO,nan,unchanged
LOCL,2021-11-24,unchanged
LOCL,2023-03-17,unchanged
LOCL,2023-03-27,unchanged
LOCL,2023-03-29,unchanged
LOCL,2023-08-02,unchanged
LOCL,2023-10-31,unchanged
LOCL,2023-11-01,unchanged
LOCL,2023-11-03,unchanged
LOCL,2023-11-07,unchanged
LOCL,2023-11-08,unchanged
LOCL,2023-11-17,unchanged
LOCL,2024-12-16,unchanged
LOCL,nan,unchanged
LOCO,2024-05-03,unchanged
LOMA,nan,unchanged
LOOP,2021-01-27,unchanged
LOOP,2021-06-23,unchanged
LOOP,2023-03-27,unchanged
LOOP,2024-07-26,unchanged
LOOP,2024-12-13,unchanged
LOOP,nan,unchanged
LOT,nan,unchanged
LOTWW,2024-05-29,unchanged
LOVE,2020-03-19,unchanged
LOVE,2020-04-09,unchanged
LOVE,2020-04-16,unchanged
LOVE,2020-04-17,unchanged
LOVE,2020-06-09,unchanged
LOVE,2022-03-29,unchanged
LPCN,2020-02-24,unchanged
LPCN,2020-03-19,unchanged
LPCN,2020-08-26,unchanged
LPCN,2021-03-17,unchanged
LPCN,2023-03-13,unchanged
LPCN,2023-05-11,unchanged
LPCN,2023-05-23,unchanged
LPCN,2023-07-27,unchanged
LPRO,2023-05-10,unchanged
LPSN,2020-05-06,unchanged
LPSN,2023-05-10,unchanged
LPSN,2023-07-12,unchanged
LPSN,2023-08-09,unchanged
LPSN,2024-07-22,unchanged
LPSN,2024-12-30,unchanged
LPSN,2024-12-31,unchanged
LPSN,nan,unchanged
LPTH,2020-02-07,unchanged
LPTH,2020-03-09,unchanged
LPTH,2020-04-21,unchanged
LPTH,2020-12-22,unchanged
LPTH,2021-06-04,unchanged
LPTH,2021-06-08,unchanged
LPTH,2022-08-18,unchanged
LPTH,2023-07-05,unchanged
LPTH,nan,unchanged
LQDA,2020-10-19,unchanged
LQDA,2022-07-19,unchanged
LQDA,2022-08-12,unchanged
LQDA,2022-08-31,unchanged
LQDA,2023-12-20,unchanged
LQDT,2020-12-08,unchanged
LQDT,2021-05-06,unchanged
LQDT,2024-12-12,unchanged
LRE,2024-06-21,unchanged
LRE,2024-06-24,unchanged
LRE,2024-07-16,unchanged
LRE,2024-10-31,unchanged
LRE,nan,unchanged
LRHC,2023-10-26,unchanged
LRHC,2023-11-17,unchanged
LRHC,2023-11-27,unchanged
LRHC,2023-12-15,unchanged
LRHC,2024-01-17,unchanged
LRHC,2024-02-22,unchanged
LRHC,2024-04-18,unchanged
LRHC,2024-06-03,unchanged
LRHC,2024-06-14,unchanged
LRHC,2024-06-18,unchanged
LRHC,2024-06-25,unchanged
LRHC,2024-10-23,unchanged
LRHC,nan,unchanged
LRMR,2021-05-12,unchanged
LRMR,2022-08-12,unchanged
LRMR,2022-08-18,unchanged
LRMR,2023-07-28,unchanged
LRMR,2024-02-13,unchanged
LRMR,2024-02-14,unchanged
LRMR,nan,unchanged
LRN,2022-01-26,unchanged
LRN,2023-01-25,unchanged
LRN,2024-10-23,unchanged
LSE,nan,unchanged
LSH,2024-07-31,unchanged
LSH,2024-09-30,unchanged
LSH,2024-12-30,unchanged
LSH,nan,unchanged
LSPD,2022-05-13,unchanged
LTBR,2020-04-23,unchanged
LTBR,2020-05-04,unchanged
LTBR,2020-05-05,unchanged
LTBR,2020-07-23,unchanged
LTBR,2020-09-25,unchanged
LTBR,2021-01-05,unchanged
LTBR,2021-01-25,unchanged
LTBR,2021-03-25,unchanged
LTBR,2022-03-09,unchanged
LTBR,2024-06-25,unchanged
LTBR,2024-06-26,unchanged
LTBR,2024-10-16,unchanged
LTBR,2024-10-18,unchanged
LTBR,2024-10-21,unchanged
LTBR,2024-10-28,unchanged
LTBR,2024-10-29,unchanged
LTBR,nan,unchanged
LTM,2020-03-19,unchanged
LTM,2020-03-20,unchanged
LTM,2020-06-02,unchanged
LTM,2020-06-03,unchanged
LTM,2020-06-08,unchanged
LTM,2024-07-25,unchanged
LTRN,2020-12-10,unchanged
LTRN,2023-11-09,unchanged
LTRN,2024-03-08,unchanged
LTRN,nan,unchanged
LTRX,2020-04-08,unchanged
LTRX,2022-11-10,unchanged
LTRYW,2021-11-05,unchanged
LU,2022-03-16,unchanged
LU,2024-03-21,unchanged
LUCD,nan,unchanged
LUCY,2022-10-03,unchanged
LUCY,2022-10-07,unchanged
LUCY,2022-12-28,unchanged
LUCY,2023-01-19,unchanged
LUCY,2023-02-02,unchanged
LUCY,2023-02-06,unchanged
LUCY,2023-02-07,unchanged
LUCY,2023-04-11,unchanged
LUCY,2023-12-11,unchanged
LUCY,2024-05-14,unchanged
LUCY,2024-05-21,unchanged
LUCY,2024-05-24,unchanged
LUCY,2024-05-29,unchanged
LUCY,2024-05-30,unchanged
LUCY,2024-05-31,unchanged
LUCY,2024-06-28,unchanged
LUCY,2024-07-10,unchanged
LUCY,2024-08-29,unchanged
LUCY,2024-09-16,unchanged
LUCY,2024-09-17,unchanged
LUCY,2024-10-02,unchanged
LUCY,2024-10-29,unchanged
LUCY,nan,unchanged
LUCYW,2023-04-11,unchanged
LUCYW,2023-04-12,unchanged
LUMN,2021-01-26,unchanged
LUMN,2024-07-30,unchanged
LUMN,2024-08-01,unchanged
LUMN,2024-08-06,unchanged
LUMN,2024-08-07,unchanged
LUNG,2023-02-23,unchanged
LUNG,nan,unchanged
LUNR,2023-02-16,unchanged
LUNR,2023-02-22,unchanged
LUNR,2023-02-24,unchanged
LUNR,2023-03-09,unchanged
LUNR,2023-04-26,unchanged
LUNR,2024-01-10,unchanged
LUNR,2024-02-09,unchanged
LUNR,2024-02-12,unchanged
LUNR,2024-02-15,unchanged
LUNR,2024-02-16,unchanged
LUNR,2024-02-20,unchanged
LUNR,2024-02-23,unchanged
LUNR,2024-08-20,unchanged
LUNR,2024-09-18,unchanged
LUNR,nan,unchanged
LVLU,2022-08-08,unchanged
LVLU,2023-06-23,unchanged
LVLU,2024-11-05,unchanged
LVLU,nan,unchanged
LVO,2023-02-07,unchanged
LVO,2023-04-10,unchanged
LVO,nan,unchanged
LVRO,2023-03-03,unchanged
LVRO,2023-03-14,unchanged
LVRO,2023-03-20,unchanged
LVRO,nan,unchanged
LVTX,2021-08-03,unchanged
LVTX,2021-12-31,unchanged
LVTX,2022-06-21,unchanged
LVTX,2022-09-26,unchanged
LVTX,2023-06-02,unchanged
LVTX,2024-01-25,unchanged
LVTX,2024-02-29,unchanged
LVTX,2024-03-04,unchanged
LVWR,2022-10-03,unchanged
LVWR,2023-01-25,unchanged
LVWR,nan,unchanged
LWAC,2021-08-25,unchanged
LWACU,2021-08-25,unchanged
LWACW,2021-08-25,unchanged
LWAY,2020-03-19,unchanged
LWAY,2020-04-15,unchanged
LWAY,2020-08-17,unchanged
LWAY,2023-11-14,unchanged
LWAY,2024-08-13,unchanged
LWLG,2023-05-30,unchanged
LWLG,nan,unchanged
LX,2021-06-01,unchanged
LX,2022-03-16,unchanged
LX,2022-08-17,unchanged
LX,2024-10-02,unchanged
LXEH,2020-10-05,unchanged
LXEH,2021-06-10,unchanged
LXEH,2021-06-14,unchanged
LXEH,2022-05-23,unchanged
LXEH,2023-03-17,unchanged
LXEH,2023-03-22,unchanged
LXEH,2023-04-04,unchanged
LXEH,2023-04-28,unchanged
LXEH,2023-05-01,unchanged
LXEH,2023-05-02,unchanged
LXEH,2023-05-15,unchanged
LXEH,2023-05-19,unchanged
LXEH,2023-06-15,unchanged
LXEH,2023-08-28,unchanged
LXEH,2023-10-12,unchanged
LXEH,2023-10-13,unchanged
LXEH,2023-11-02,unchanged
LXEH,2024-01-03,unchanged
LXEH,2024-04-11,unchanged
LXEH,2024-04-29,unchanged
LXEH,2024-06-12,unchanged
LXEH,2024-09-30,unchanged
LXEH,2024-10-24,unchanged
LXEH,2024-12-18,unchanged
LXEH,2024-12-19,unchanged
LXEH,2024-12-20,unchanged
LXEH,nan,unchanged
LXEO,2024-11-13,unchanged
LXEO,nan,unchanged
LXRX,2020-07-21,unchanged
LXRX,2020-11-17,unchanged
LXRX,2020-12-08,unchanged
LXRX,2021-01-14,unchanged
LXRX,2022-07-05,unchanged
LXRX,2023-03-03,unchanged
LXRX,2024-12-11,unchanged
LXU,2020-04-09,unchanged
LXU,2020-06-08,unchanged
LXU,2020-08-10,unchanged
LXU,2020-08-17,unchanged
LXU,2020-10-08,unchanged
LXU,2020-12-31,unchanged
LXU,2021-07-20,unchanged
LYEL,nan,unchanged
LYFT,2020-03-19,unchanged
LYFT,2024-02-14,unchanged
LYFT,2024-11-07,unchanged
LYRA,2020-11-24,unchanged
LYRA,2021-02-11,unchanged
LYRA,2022-04-08,unchanged
LYRA,2022-04-11,unchanged
LYRA,2022-12-21,unchanged
LYRA,nan,unchanged
LYTS,2020-04-15,unchanged
LZ,nan,unchanged
LZM,2023-09-22,unchanged
LZM.WS,2023-09-22,unchanged
LZM.WS,2023-09-25,unchanged
LZM.WS,2024-12-04,unchanged
LZMH,nan,unchanged
M,2020-11-09,unchanged
M,2021-01-27,unchanged
MAC,2020-04-07,unchanged
MAC,2020-04-09,unchanged
MAC,2020-11-09,unchanged
MAC,2021-01-25,unchanged
MAC,2021-01-27,unchanged
MAGH,nan,unchanged
MAIN,2020-03-26,unchanged
MAMK,nan,unchanged
MAPS,2022-10-06,unchanged
MAPS,2023-06-12,unchanged
MAPS,2024-04-30,unchanged
MAPS,2024-11-14,unchanged
MAPS,nan,unchanged
MAPSW,2022-03-22,unchanged
MARA,2020-05-08,unchanged
MARA,2020-05-14,unchanged
MARA,2020-06-10,unchanged
MARA,2020-06-22,unchanged
MARA,2020-07-27,unchanged
MARA,2020-07-28,unchanged
MARA,2020-08-03,unchanged
MARA,2020-08-05,unchanged
MARA,2020-11-23,unchanged
MARA,2020-11-30,unchanged
MARA,2020-12-28,unchanged
MARA,2021-01-07,unchanged
MARA,2021-02-08,unchanged
MARA,2021-03-09,unchanged
MARA,2022-07-18,unchanged
MARA,2022-07-19,unchanged
MARA,2023-01-12,unchanged
MARA,2023-03-13,unchanged
MARA,2023-08-29,unchanged
MARA,2024-11-11,unchanged
MARPS,2020-03-10,unchanged
MARPS,2020-03-17,unchanged
MARPS,2020-04-03,unchanged
MARPS,2020-05-18,unchanged
MARPS,2020-07-22,unchanged
MARPS,2020-07-29,unchanged
MARPS,2020-10-09,unchanged
MARPS,2020-10-19,unchanged
MARPS,2020-10-30,unchanged
MARPS,2020-12-28,unchanged
MARPS,2021-01-28,unchanged
MARPS,2021-07-14,unchanged
MARPS,2021-10-05,unchanged
MARPS,2022-03-04,unchanged
MARPS,2022-03-07,unchanged
MARPS,2022-03-08,unchanged
MARPS,2022-03-17,unchanged
MARPS,2022-04-14,unchanged
MARPS,2022-05-31,unchanged
MARPS,2024-04-12,unchanged
MARPS,nan,unchanged
MASK,nan,unchanged
MASS,nan,unchanged
MATH,2024-09-10,unchanged
MATH,2024-11-21,unchanged
MATV,2024-02-22,unchanged
MATV,nan,unchanged
MATX,2020-07-10,unchanged
MAX,2022-11-04,unchanged
MAX,2023-05-26,unchanged
MAX,2024-08-01,unchanged
MAXI,nan,unchanged
MAXN,2022-03-08,unchanged
MAXN,2023-03-08,unchanged
MAXN,2023-05-11,unchanged
MAXN,2024-05-13,unchanged
MAXN,2024-05-14,unchanged
MAXN,2024-05-22,unchanged
MAXN,2024-07-05,unchanged
MAXN,2024-07-08,unchanged
MAXN,2024-08-19,unchanged
MAXN,2024-10-30,unchanged
MAXN,2024-11-01,unchanged
MAXN,2024-11-11,unchanged
MAYS,2021-01-22,unchanged
MAYS,2022-08-08,unchanged
MAZE,nan,unchanged
MB,nan,unchanged
MBAVW,nan,unchanged
MBI,2021-03-08,unchanged
MBI,2023-12-08,unchanged
MBIO,2020-05-26,unchanged
MBIO,2022-07-26,unchanged
MBIO,2023-10-26,unchanged
MBIO,2024-05-22,unchanged
MBIO,2024-05-29,unchanged
MBIO,2024-06-17,unchanged
MBIO,2024-06-18,unchanged
MBIO,2024-06-21,unchanged
MBIO,2024-06-27,unchanged
MBIO,2024-07-23,unchanged
MBIO,2024-10-21,unchanged
MBIO,2024-10-23,unchanged
MBIO,nan,unchanged
MBOT,2020-04-24,unchanged
MBOT,2020-08-17,unchanged
MBOT,2021-12-27,unchanged
MBOT,2023-05-22,unchanged
MBOT,2023-10-17,unchanged
MBOT,2023-12-28,unchanged
MBOT,2024-06-03,unchanged
MBOT,nan,unchanged
MBRX,2020-02-05,unchanged
MBRX,2020-03-17,unchanged
MBRX,2020-03-19,unchanged
MBRX,2020-04-08,unchanged
MBRX,2020-07-15,unchanged
MBRX,2020-07-21,unchanged
MBRX,2020-12-01,unchanged
MBRX,2021-02-02,unchanged
MBRX,2023-04-18,unchanged
MBRX,2023-07-13,unchanged
MBRX,2023-10-17,unchanged
MBRX,2024-08-02,unchanged
MBRX,2024-09-23,unchanged
MBRX,2024-11-14,unchanged
MBRX,2024-12-11,unchanged
MBRX,nan,unchanged
MBVIW,nan,unchanged
MBX,nan,unchanged
MCB,2020-03-19,unchanged
MCB,2023-03-14,unchanged
MCB,2023-03-31,unchanged
MCFT,2020-04-09,unchanged
MCFT,2024-11-06,unchanged
MCHX,2020-04-27,unchanged
MCI,2020-03-24,unchanged
MCRB,2020-08-10,unchanged
MCRB,2020-08-13,unchanged
MCRB,2021-11-10,unchanged
MCRB,2023-11-03,unchanged
MCRB,2024-01-09,unchanged
MCRB,2024-05-09,unchanged
MCRB,2024-06-10,unchanged
MCRB,2024-09-06,unchanged
MCRB,nan,unchanged
MCRI,nan,unchanged
MCS,2020-03-19,unchanged
MCS,2020-11-09,unchanged
MCTA,nan,unchanged
MCTR,nan,unchanged
MDAI,2023-09-28,unchanged
MDAI,2023-10-02,unchanged
MDAI,2023-10-04,unchanged
MDAI,2023-10-19,unchanged
MDAI,2024-01-12,unchanged
MDAI,2024-01-26,unchanged
MDAI,2024-01-29,unchanged
MDAI,2024-01-30,unchanged
MDAI,2024-03-15,unchanged
MDAI,2024-11-20,unchanged
MDAI,2024-11-26,unchanged
MDAI,2024-11-29,unchanged
MDAI,2024-12-02,unchanged
MDB,2023-06-02,unchanged
MDB,nan,unchanged
MDBH,2023-09-25,unchanged
MDBH,2023-12-22,unchanged
MDBH,2024-07-19,unchanged
MDCX,2024-12-03,unchanged
MDCX,nan,unchanged
MDCXW,nan,unchanged
MDGL,2022-12-19,unchanged
MDIA,2020-01-24,unchanged
MDIA,2020-05-11,unchanged
MDIA,2020-06-16,unchanged
MDIA,2020-06-24,unchanged
MDIA,2020-07-29,unchanged
MDIA,2020-08-05,unchanged
MDIA,2020-09-02,unchanged
MDIA,2020-12-16,unchanged
MDIA,2021-06-14,unchanged
MDIA,2021-07-09,unchanged
MDIA,2021-07-12,unchanged
MDIA,2021-07-14,unchanged
MDIA,2021-07-29,unchanged
MDIA,2021-08-02,unchanged
MDIA,2021-08-10,unchanged
MDIA,2021-09-27,unchanged
MDIA,2022-07-06,unchanged
MDIA,2022-08-01,unchanged
MDIA,2022-08-03,unchanged
MDIA,2022-12-13,unchanged
MDIA,2022-12-14,unchanged
MDIA,2022-12-21,unchanged
MDIA,2023-06-13,unchanged
MDIA,2024-04-03,unchanged
MDIA,2024-04-04,unchanged
MDIA,2024-04-05,unchanged
MDIA,2024-04-09,unchanged
MDIA,2024-04-23,unchanged
MDIA,2024-05-01,unchanged
MDIA,2024-06-11,unchanged
MDIA,2024-06-12,unchanged
MDIA,2024-06-14,unchanged
MDIA,2024-10-16,unchanged
MDIA,2024-11-26,unchanged
MDIA,nan,unchanged
MDRR,2020-03-25,unchanged
MDRR,2020-03-26,unchanged
MDRR,2020-10-14,unchanged
MDRR,2020-11-09,unchanged
MDRR,2020-12-04,unchanged
MDRR,2021-03-11,unchanged
MDRR,2021-05-10,unchanged
MDRR,2021-06-09,unchanged
MDRR,2021-12-31,unchanged
MDV,2022-02-18,unchanged
MDV,2022-03-15,unchanged
MDV,2022-12-01,unchanged
MDWD,2020-04-14,unchanged
MDWD,2020-06-17,unchanged
MDWD,2020-08-25,unchanged
MDWD,2024-07-05,unchanged
MDXG,2020-12-16,unchanged
MDXG,2023-05-03,unchanged
MDXH,2022-05-20,unchanged
MEC,2020-03-13,unchanged
MEC,2021-09-13,unchanged
MEDP,2022-10-25,unchanged
MEDP,nan,unchanged
MEG,nan,unchanged
MEGL,2022-08-08,unchanged
MEGL,2022-08-15,unchanged
MEGL,2022-08-31,unchanged
MEGL,2022-09-14,unchanged
MEGL,2022-09-15,unchanged
MEGL,2022-11-15,unchanged
MEGL,2023-01-05,unchanged
MEGL,2023-01-06,unchanged
MEGL,2023-01-18,unchanged
MEGL,2023-04-28,unchanged
MEGL,2023-05-08,unchanged
MEGL,2023-05-16,unchanged
MEGL,2023-12-29,unchanged
MEGL,2024-10-02,unchanged
MEGL,2024-10-24,unchanged
MEGL,nan,unchanged
MEI,2024-07-11,unchanged
MEI,2024-12-05,unchanged
MENS,nan,unchanged
MEOH,2020-03-25,unchanged
MESA,2020-03-13,unchanged
MESA,2020-03-20,unchanged
MESA,2020-03-26,unchanged
MESA,2020-04-07,unchanged
MESA,2020-06-05,unchanged
MESA,2021-02-10,unchanged
MESA,2023-12-04,unchanged
MESA,2024-01-19,unchanged
MESA,2024-05-20,unchanged
MESA,2024-06-18,unchanged
MESO,2020-03-10,unchanged
MESO,2020-03-18,unchanged
MESO,2020-04-06,unchanged
MESO,2020-04-09,unchanged
MESO,2020-04-24,unchanged
MESO,2020-08-14,unchanged
MESO,2021-01-11,unchanged
MESO,2023-03-08,unchanged
MESO,2024-03-11,unchanged
MESO,2024-03-26,unchanged
MESO,2024-03-28,unchanged
MESO,2024-04-01,unchanged
MESO,2024-12-19,unchanged
MESO,nan,unchanged
META,2022-06-09,unchanged
METC,2020-03-13,unchanged
METC,2023-11-09,unchanged
METC,nan,unchanged
METCB,nan,unchanged
METU,nan,unchanged
METpF,2020-03-19,unchanged
MFA,2020-03-25,unchanged
MFA,2020-03-26,unchanged
MFA,2020-03-27,unchanged
MFA,2020-04-07,unchanged
MFA,2020-04-08,unchanged
MFA,2020-04-09,unchanged
MFA,2020-06-05,unchanged
MFApB,2020-03-19,unchanged
MFApB,2020-03-25,unchanged
MFApB,2020-03-26,unchanged
MFApB,2020-04-06,unchanged
MFApB,2020-04-07,unchanged
MFApB,2020-04-09,unchanged
MFApC,2020-03-19,unchanged
MFApC,2020-03-25,unchanged
MFApC,2020-03-26,unchanged
MFApC,2020-04-06,unchanged
MFApC,2020-04-07,unchanged
MFApC,2020-04-08,unchanged
MFI,2024-06-04,unchanged
MFI,2024-06-05,unchanged
MFI,2024-09-17,unchanged
MFI,2024-12-31,unchanged
MFI,nan,unchanged
MFIN,2020-03-24,unchanged
MFIN,2020-04-07,unchanged
MFIN,2020-04-08,unchanged
MFIN,2020-06-05,unchanged
MG,2020-03-19,unchanged
MG,2020-03-30,unchanged
MG,2020-04-09,unchanged
MGIH,2023-05-01,unchanged
MGIH,2023-06-12,unchanged
MGIH,2023-06-13,unchanged
MGIH,2023-08-07,unchanged
MGIH,2023-08-09,unchanged
MGIH,2023-08-10,unchanged
MGIH,2023-08-11,unchanged
MGIH,2023-12-04,unchanged
MGIH,2024-02-12,unchanged
MGIH,2024-02-20,unchanged
MGIH,2024-12-24,unchanged
MGIH,2024-12-26,unchanged
MGIH,nan,unchanged
MGM,2020-03-20,unchanged
MGM,2020-03-24,unchanged
MGNI,2021-02-05,unchanged
MGNI,2022-11-10,unchanged
MGNI,2024-05-16,unchanged
MGNX,2020-05-06,unchanged
MGNX,2020-05-11,unchanged
MGNX,2022-06-21,unchanged
MGNX,2023-11-07,unchanged
MGNX,2024-04-04,unchanged
MGNX,2024-05-13,unchanged
MGNX,2024-11-06,unchanged
MGNX,nan,unchanged
MGRT,nan,unchanged
MGRX,2023-04-03,unchanged
MGRX,2023-04-04,unchanged
MGRX,2023-04-14,unchanged
MGRX,2023-04-21,unchanged
MGRX,2023-04-24,unchanged
MGRX,2023-05-03,unchanged
MGRX,2023-06-05,unchanged
MGRX,2023-06-08,unchanged
MGRX,2023-08-01,unchanged
MGRX,2023-10-11,unchanged
MGRX,2023-10-19,unchanged
MGRX,2024-05-21,unchanged
MGRX,2024-10-01,unchanged
MGRX,nan,unchanged
MGTX,2021-10-18,unchanged
MGTX,2023-10-30,unchanged
MGTX,2023-12-21,unchanged
MGTX,nan,unchanged
MGX,2024-12-09,unchanged
MGX,nan,unchanged
MGY,2020-03-19,unchanged
MGYR,2020-08-11,unchanged
MHO,2020-03-24,unchanged
MHUA,2022-07-28,unchanged
MHUA,2022-07-29,unchanged
MHUA,2022-08-01,unchanged
MHUA,2022-08-02,unchanged
MHUA,2022-09-01,unchanged
MHUA,2022-12-16,unchanged
MHUA,2023-02-21,unchanged
MHUA,2023-03-17,unchanged
MHUA,2023-05-01,unchanged
MHUA,2023-05-04,unchanged
MHUA,2023-05-12,unchanged
MHUA,2023-05-16,unchanged
MHUA,2023-08-01,unchanged
MHUA,2024-07-31,unchanged
MHUA,2024-08-27,unchanged
MHUA,2024-10-18,unchanged
MHUA,nan,unchanged
MIGI,2022-01-31,unchanged
MIGI,2022-07-20,unchanged
MIGI,2023-01-03,unchanged
MIGI,2023-03-21,unchanged
MIGI,2023-08-29,unchanged
MIGI,2023-10-02,unchanged
MIGI,2023-12-01,unchanged
MIGI,2023-12-04,unchanged
MIGI,2023-12-20,unchanged
MIGI,2023-12-27,unchanged
MIGI,2024-01-26,unchanged
MIGI,2024-02-16,unchanged
MIGI,2024-04-22,unchanged
MIGI,2024-08-08,unchanged
MIGI,2024-08-12,unchanged
MIGI,2024-08-13,unchanged
MIGI,2024-12-05,unchanged
MIGI,nan,unchanged
MIMI,nan,unchanged
MIND,2020-04-09,unchanged
MIND,2020-04-15,unchanged
MIND,2020-05-22,unchanged
MIND,2020-05-26,unchanged
MIND,2020-06-15,unchanged
MIND,2020-07-13,unchanged
MIND,2020-12-15,unchanged
MIND,2020-12-16,unchanged
MIND,2021-12-14,unchanged
MIND,2023-01-30,unchanged
MIND,2023-05-15,unchanged
MIND,2023-05-18,unchanged
MIND,2023-10-23,unchanged
MIND,2024-04-30,unchanged
MIND,2024-12-11,unchanged
MIND,nan,unchanged
MIRA,2023-09-18,unchanged
MIRA,2023-11-15,unchanged
MIRA,2023-11-20,unchanged
MIRA,2023-11-27,unchanged
MIRA,2024-01-25,unchanged
MIRA,2024-02-05,unchanged
MIRA,2024-03-08,unchanged
MIRA,2024-07-22,unchanged
MIRA,2024-07-25,unchanged
MIRA,2024-08-26,unchanged
MIRA,2024-10-28,unchanged
MIRA,2024-10-30,unchanged
MIRA,nan,unchanged
MIST,2020-03-20,unchanged
MIST,2020-03-25,unchanged
MIST,2020-05-01,unchanged
MIST,2020-06-09,unchanged
MIST,2020-07-23,unchanged
MIST,2024-02-26,unchanged
MITT,2020-03-19,unchanged
MITT,2020-03-20,unchanged
MITT,2020-03-25,unchanged
MITT,2020-03-26,unchanged
MITT,2020-04-06,unchanged
MITT,2020-04-07,unchanged
MITT,2020-04-08,unchanged
MITT,2020-04-09,unchanged
MITT,2020-06-05,unchanged
MITT,2020-06-08,unchanged
MITT,2021-01-26,unchanged
MITTpA,2020-03-19,unchanged
MITTpA,2020-03-25,unchanged
MITTpA,2020-03-26,unchanged
MITTpA,2020-04-06,unchanged
MITTpA,2020-04-07,unchanged
MITTpA,2020-04-08,unchanged
MITTpA,2020-04-09,unchanged
MITTpB,2020-03-19,unchanged
MITTpB,2020-03-24,unchanged
MITTpB,2020-03-25,unchanged
MITTpB,2020-03-26,unchanged
MITTpB,2020-04-06,unchanged
MITTpB,2020-04-07,unchanged
MITTpB,2020-04-08,unchanged
MITTpB,2020-04-09,unchanged
MITTpC,2020-03-19,unchanged
MITTpC,2020-03-25,unchanged
MITTpC,2020-03-26,unchanged
MITTpC,2020-04-06,unchanged
MITTpC,2020-04-07,unchanged
MITTpC,2020-04-08,unchanged
MITTpC,2020-04-09,unchanged
MKDW,2024-08-02,unchanged
MKDW,2024-08-13,unchanged
MKDW,2024-09-16,unchanged
MKDW,2024-12-13,unchanged
MKDW,2024-12-16,unchanged
MKDW,nan,unchanged
MKTW,2022-06-14,unchanged
MKTW,2023-09-11,unchanged
MKTW,nan,unchanged
MKZR,2024-07-10,unchanged
MKZR,2024-07-11,unchanged
MKZR,2024-08-01,unchanged
MKZR,2024-08-19,unchanged
MKZR,2024-08-21,unchanged
MKZR,2024-11-11,unchanged
MKZR,nan,unchanged
MLCO,2022-09-26,unchanged
MLEC,2023-01-06,unchanged
MLEC,2023-02-24,unchanged
MLEC,2023-02-27,unchanged
MLEC,2023-03-15,unchanged
MLEC,2024-01-11,unchanged
MLEC,2024-04-18,unchanged
MLEC,2024-04-22,unchanged
MLEC,nan,unchanged
MLGO,2022-12-14,unchanged
MLGO,2023-01-26,unchanged
MLGO,2023-09-22,unchanged
MLGO,2023-12-06,unchanged
MLGO,2023-12-07,unchanged
MLGO,2023-12-08,unchanged
MLGO,2024-02-07,unchanged
MLGO,2024-02-08,unchanged
MLGO,2024-02-12,unchanged
MLGO,2024-02-13,unchanged
MLGO,2024-03-06,unchanged
MLGO,2024-03-25,unchanged
MLGO,2024-06-04,unchanged
MLGO,2024-06-10,unchanged
MLGO,2024-06-18,unchanged
MLGO,2024-06-24,unchanged
MLGO,2024-06-25,unchanged
MLGO,2024-06-27,unchanged
MLGO,2024-07-11,unchanged
MLGO,2024-07-25,unchanged
MLGO,2024-08-20,unchanged
MLGO,2024-09-16,unchanged
MLGO,2024-09-25,unchanged
MLGO,2024-10-03,unchanged
MLGO,2024-10-10,unchanged
MLGO,2024-11-22,unchanged
MLGO,2024-12-02,unchanged
MLGO,2024-12-13,unchanged
MLGO,2024-12-26,unchanged
MLGO,2024-12-30,unchanged
MLGO,2024-12-31,unchanged
MLGO,nan,unchanged
MLKN,2023-09-27,unchanged
MLTX,2022-05-31,unchanged
MLTX,2022-07-21,unchanged
MLTX,2023-06-26,unchanged
MLYS,nan,unchanged
MMLP,2020-03-20,unchanged
MMLP,2020-04-02,unchanged
MMLP,2020-04-17,unchanged
MMLP,2020-04-23,unchanged
MMLP,2020-07-01,unchanged
MNDR,2024-04-11,unchanged
MNDR,2024-04-12,unchanged
MNDR,2024-04-15,unchanged
MNDR,2024-04-19,unchanged
MNDR,2024-05-21,unchanged
MNDR,2024-06-05,unchanged
MNDR,nan,unchanged
MNDY,nan,unchanged
MNKD,2020-03-17,unchanged
MNKD,2021-02-03,unchanged
MNKD,nan,unchanged
MNMD,2022-01-25,unchanged
MNMD,2022-02-07,unchanged
MNMD,2022-08-18,unchanged
MNMD,2024-03-07,unchanged
MNOV,2020-04-08,unchanged
MNOV,2020-04-09,unchanged
MNOV,2020-07-27,unchanged
MNOV,2021-03-10,unchanged
MNOV,2021-06-21,unchanged
MNOV,2021-11-23,unchanged
MNOV,2024-09-04,unchanged
MNOV,2024-11-12,unchanged
MNOV,nan,unchanged
MNPR,2020-06-16,unchanged
MNPR,2020-08-10,unchanged
MNPR,2020-08-12,unchanged
MNPR,2021-01-28,unchanged
MNPR,2021-02-11,unchanged
MNPR,2021-03-30,unchanged
MNPR,2022-11-07,unchanged
MNPR,2023-05-30,unchanged
MNPR,2023-06-01,unchanged
MNPR,2023-11-01,unchanged
MNPR,2023-12-15,unchanged
MNPR,2024-02-20,unchanged
MNPR,2024-02-22,unchanged
MNPR,2024-02-23,unchanged
MNPR,2024-04-11,unchanged
MNPR,2024-06-03,unchanged
MNPR,2024-09-12,unchanged
MNPR,2024-10-24,unchanged
MNRO,nan,unchanged
MNSO,2022-06-08,unchanged
MNSO,2022-11-14,unchanged
MNTK,2023-11-13,unchanged
MNTN,nan,unchanged
MNTS,2022-04-07,unchanged
MNTS,2023-01-12,unchanged
MNTS,2023-05-12,unchanged
MNTS,2023-08-31,unchanged
MNTS,2023-09-29,unchanged
MNTS,2023-10-02,unchanged
MNTS,2023-10-09,unchanged
MNTS,2023-10-12,unchanged
MNTS,2023-10-13,unchanged
MNTS,2023-10-16,unchanged
MNTS,2024-01-31,unchanged
MNTS,2024-02-02,unchanged
MNTS,2024-04-22,unchanged
MNTS,2024-05-30,unchanged
MNTS,2024-07-23,unchanged
MNTS,2024-08-23,unchanged
MNTS,2024-08-26,unchanged
MNTS,2024-08-27,unchanged
MNTS,2024-10-09,unchanged
MNTS,2024-11-13,unchanged
MNTS,2024-12-16,unchanged
MNTS,2024-12-17,unchanged
MNTS,2024-12-26,unchanged
MNTS,nan,unchanged
MNTSW,2021-09-22,unchanged
MNTSW,2021-11-24,unchanged
MNY,2023-10-17,unchanged
MNY,2023-11-20,unchanged
MNY,2023-11-22,unchanged
MNY,2023-11-24,unchanged
MNY,2023-11-27,unchanged
MNY,2024-02-08,unchanged
MNY,2024-02-09,unchanged
MNY,2024-02-16,unchanged
MNY,2024-02-20,unchanged
MNY,2024-02-23,unchanged
MNY,2024-03-25,unchanged
MNY,2024-04-01,unchanged
MNY,2024-04-25,unchanged
MNY,2024-06-18,unchanged
MNY,2024-08-30,unchanged
MNY,2024-09-18,unchanged
MNY,nan,unchanged
MOB,2022-08-31,unchanged
MOB,2023-02-21,unchanged
MOB,2023-07-10,unchanged
MOB,2023-10-10,unchanged
MOB,2024-12-02,unchanged
MOBBW,nan,unchanged
MOBX,2023-12-26,unchanged
MOBX,2024-01-04,unchanged
MOBX,2024-03-15,unchanged
MOBX,2024-04-26,unchanged
MOBX,2024-08-22,unchanged
MOBX,2024-11-26,unchanged
MOBX,2024-11-27,unchanged
MOBX,2024-11-29,unchanged
MOBX,2024-12-02,unchanged
MOBX,2024-12-05,unchanged
MOBX,2024-12-17,unchanged
MOBX,2024-12-18,unchanged
MOBX,2024-12-24,unchanged
MOBX,nan,unchanged
MOD,2020-02-05,unchanged
MOD,2020-11-06,unchanged
MOD,2022-05-26,unchanged
MODD,2022-01-03,unchanged
MODD,2022-02-11,unchanged
MODD,2023-02-02,unchanged
MODD,2023-08-17,unchanged
MODD,2023-08-24,unchanged
MODD,2024-02-16,unchanged
MODD,2024-09-05,unchanged
MODD,nan,unchanged
MOFG,nan,unchanged
MOGO,2020-03-24,unchanged
MOGO,2020-03-25,unchanged
MOGO,2020-03-26,unchanged
MOGO,2020-05-07,unchanged
MOGO,2020-05-08,unchanged
MOGO,2020-07-15,unchanged
MOGO,2020-07-23,unchanged
MOGO,2020-11-06,unchanged
MOGO,2020-12-01,unchanged
MOGO,2021-02-08,unchanged
MOGO,2021-02-09,unchanged
MOGO,2023-07-13,unchanged
MOGO,nan,unchanged
MOGU,2020-03-19,unchanged
MOGU,2020-06-02,unchanged
MOGU,2020-07-06,unchanged
MOGU,2020-07-07,unchanged
MOGU,2020-07-30,unchanged
MOGU,2020-07-31,unchanged
MOGU,2020-08-18,unchanged
MOGU,2021-07-27,unchanged
MOGU,2022-01-12,unchanged
MOGU,2022-02-11,unchanged
MOGU,2022-05-19,unchanged
MOGU,2022-05-26,unchanged
MOGU,2022-09-09,unchanged
MOGU,2023-04-17,unchanged
MOGU,2023-08-14,unchanged
MOGU,2024-06-14,unchanged
MOGU,2024-08-02,unchanged
MOGU,nan,unchanged
MOLN,2022-01-10,unchanged
MOLN,2024-06-20,unchanged
MOLN,2024-07-31,unchanged
MOLN,2024-10-21,unchanged
MOLN,nan,unchanged
MOMO,2022-03-16,unchanged
MOMO,2022-12-08,unchanged
MOMO,2022-12-09,unchanged
MOV,2020-04-09,unchanged
MOVE,2024-05-24,unchanged
MOVE,2024-11-27,unchanged
MOVE,nan,unchanged
MP,nan,unchanged
MPAA,nan,unchanged
MPB,2020-03-13,unchanged
MPLX,2020-03-19,unchanged
MPV,2020-03-24,unchanged
MPW,2024-04-15,unchanged
MPW,2024-05-13,unchanged
MPX,2020-03-17,unchanged
MRAL,nan,unchanged
MRAM,2020-03-12,unchanged
MRAM,2020-04-30,unchanged
MRAM,2020-05-08,unchanged
MRAM,2021-11-12,unchanged
MRAM,2022-08-12,unchanged
MRBK,2020-04-28,unchanged
MRCC,2020-03-19,unchanged
MRCC,2020-03-25,unchanged
MRCC,2020-03-26,unchanged
MREO,2020-01-13,unchanged
MREO,2020-02-10,unchanged
MREO,2020-04-16,unchanged
MREO,2020-06-02,unchanged
MREO,2020-06-04,unchanged
MREO,2020-06-11,unchanged
MREO,2020-06-19,unchanged
MREO,2020-12-18,unchanged
MREO,2022-06-17,unchanged
MREO,2022-06-21,unchanged
MREO,2023-10-16,unchanged
MRKR,2020-04-30,unchanged
MRKR,2020-12-16,unchanged
MRKR,2021-01-05,unchanged
MRKR,2021-02-08,unchanged
MRKR,2021-03-19,unchanged
MRKR,2021-03-22,unchanged
MRKR,2022-06-27,unchanged
MRKR,2022-08-05,unchanged
MRKR,2022-09-08,unchanged
MRKR,2022-10-14,unchanged
MRKR,2022-10-17,unchanged
MRKR,2023-04-17,unchanged
MRKR,2023-05-01,unchanged
MRKR,2023-05-03,unchanged
MRKR,2023-05-31,unchanged
MRKR,2023-06-12,unchanged
MRKR,2023-06-16,unchanged
MRKR,2023-07-24,unchanged
MRKR,2023-08-15,unchanged
MRKR,2023-12-11,unchanged
MRKR,2023-12-28,unchanged
MRKR,2024-10-14,unchanged
MRKR,2024-10-22,unchanged
MRKR,2024-12-12,unchanged
MRKR,2024-12-17,unchanged
MRKR,nan,unchanged
MRM,2021-01-08,unchanged
MRM,2021-03-05,unchanged
MRM,2021-04-09,unchanged
MRM,2021-09-23,unchanged
MRM,2022-03-14,unchanged
MRM,2024-08-13,unchanged
MRM,2024-08-26,unchanged
MRM,2024-10-15,unchanged
MRM,2024-10-16,unchanged
MRM,nan,unchanged
MRNA,2020-02-25,unchanged
MRNA,2020-03-16,unchanged
MRNA,2020-05-18,unchanged
MRNO,2024-03-22,unchanged
MRNO,2024-04-30,unchanged
MRNO,2024-09-13,unchanged
MRNO,2024-10-31,unchanged
MRSN,2020-04-07,unchanged
MRSN,2020-05-27,unchanged
MRSN,2020-09-14,unchanged
MRSN,2022-08-09,unchanged
MRSN,2023-05-03,unchanged
MRSN,2023-07-28,unchanged
MRSN,2023-11-30,unchanged
MRSN,nan,unchanged
MRUS,2020-03-13,unchanged
MRUS,2021-10-07,unchanged
MRUS,2022-05-27,unchanged
MRUS,2023-04-14,unchanged
MRUS,2024-05-24,unchanged
MRUS,nan,unchanged
MRVI,2024-02-23,unchanged
MRVI,nan,unchanged
MRVL,2023-05-26,unchanged
MSAI,2023-12-21,unchanged
MSAI,2023-12-22,unchanged
MSAI,2024-02-15,unchanged
MSAI,2024-03-06,unchanged
MSAI,2024-03-07,unchanged
MSAI,2024-04-03,unchanged
MSAI,nan,unchanged
MSB,2024-09-11,unchanged
MSC,2021-01-04,unchanged
MSC,2021-07-21,unchanged
MSC,2021-07-22,unchanged
MSC,2021-07-26,unchanged
MSC,2022-04-27,unchanged
MSC,2022-05-31,unchanged
MSC,2022-09-26,unchanged
MSC,2022-11-28,unchanged
MSC,2022-12-06,unchanged
MSC,2022-12-07,unchanged
MSC,2022-12-09,unchanged
MSC,nan,unchanged
MSGM,2022-03-18,unchanged
MSGM,2022-06-28,unchanged
MSGM,2022-09-13,unchanged
MSGM,2022-09-23,unchanged
MSGM,2022-11-10,unchanged
MSGM,2022-11-22,unchanged
MSGM,2022-12-29,unchanged
MSGM,2022-12-30,unchanged
MSGM,2023-01-03,unchanged
MSGM,2023-01-09,unchanged
MSGM,2023-01-31,unchanged
MSGM,2023-02-01,unchanged
MSGM,2023-02-08,unchanged
MSGM,2023-04-06,unchanged
MSGM,2023-05-02,unchanged
MSGM,2023-08-01,unchanged
MSGM,2023-08-03,unchanged
MSGM,2023-10-05,unchanged
MSGM,2023-12-21,unchanged
MSGM,2023-12-27,unchanged
MSGM,2024-02-15,unchanged
MSGM,2024-04-09,unchanged
MSGM,2024-05-07,unchanged
MSGM,2024-09-03,unchanged
MSGM,2024-09-25,unchanged
MSGM,nan,unchanged
MSGY,nan,unchanged
MSPR,2022-06-14,unchanged
MSPR,2022-06-23,unchanged
MSPR,2022-06-27,unchanged
MSPR,2022-08-03,unchanged
MSPR,2022-08-22,unchanged
MSPR,2022-08-25,unchanged
MSPR,2024-12-09,unchanged
MSPR,nan,unchanged
MSPRZ,2022-06-14,unchanged
MSPRZ,2022-06-23,unchanged
MSPRZ,2022-06-27,unchanged
MSPRZ,2022-08-03,unchanged
MSPRZ,2022-08-22,unchanged
MSPRZ,2022-08-25,unchanged
MSPRZ,2022-12-19,unchanged
MSS,2023-10-19,unchanged
MSS,2023-11-22,unchanged
MSS,2023-11-28,unchanged
MSS,2024-02-09,unchanged
MSS,2024-02-26,unchanged
MSS,2024-03-20,unchanged
MSS,2024-08-16,unchanged
MSS,2024-08-30,unchanged
MSS,2024-09-24,unchanged
MSS,2024-12-17,unchanged
MSS,nan,unchanged
MSTR,2021-02-08,unchanged
MSTR,2024-11-11,unchanged
MSTX,2024-11-11,unchanged
MSTX,2024-11-19,unchanged
MSTX,2024-11-20,unchanged
MSTX,nan,unchanged
MSW,2024-12-03,unchanged
MSW,2024-12-23,unchanged
MSW,nan,unchanged
MTC,2020-01-17,unchanged
MTC,2020-03-31,unchanged
MTC,2020-04-16,unchanged
MTC,2020-05-08,unchanged
MTC,2020-05-26,unchanged
MTC,2020-06-02,unchanged
MTC,2020-06-05,unchanged
MTC,2020-06-08,unchanged
MTC,2020-10-14,unchanged
MTC,2020-10-15,unchanged
MTC,2020-10-16,unchanged
MTC,2020-11-25,unchanged
MTC,2020-12-02,unchanged
MTC,2021-01-07,unchanged
MTC,2021-01-22,unchanged
MTC,2021-02-16,unchanged
MTC,2021-02-17,unchanged
MTC,2021-02-19,unchanged
MTC,2021-06-30,unchanged
MTC,2021-12-08,unchanged
MTC,2022-05-17,unchanged
MTC,2022-05-31,unchanged
MTC,2022-08-02,unchanged
MTC,2022-08-09,unchanged
MTC,2022-10-04,unchanged
MTC,2022-12-05,unchanged
MTC,2023-01-23,unchanged
MTC,2023-02-13,unchanged
MTC,2023-02-27,unchanged
MTC,2023-02-28,unchanged
MTC,2023-03-01,unchanged
MTC,2023-03-02,unchanged
MTC,2023-03-14,unchanged
MTC,2023-03-15,unchanged
MTC,2023-05-01,unchanged
MTC,2023-05-02,unchanged
MTC,2023-10-16,unchanged
MTC,2023-10-18,unchanged
MTC,2023-10-19,unchanged
MTC,2023-10-20,unchanged
MTC,2023-11-24,unchanged
MTC,2024-01-03,unchanged
MTC,2024-01-19,unchanged
MTC,2024-02-28,unchanged
MTC,2024-03-01,unchanged
MTC,2024-03-15,unchanged
MTC,2024-04-23,unchanged
MTC,2024-04-24,unchanged
MTC,2024-04-29,unchanged
MTC,2024-05-07,unchanged
MTC,2024-05-13,unchanged
MTC,2024-05-14,unchanged
MTC,2024-05-20,unchanged
MTC,2024-08-20,unchanged
MTC,2024-09-30,unchanged
MTC,2024-10-02,unchanged
MTC,2024-11-22,unchanged
MTC,2024-12-09,unchanged
MTC,nan,unchanged
MTDR,2020-03-10,unchanged
MTDR,2020-03-13,unchanged
MTDR,2020-03-19,unchanged
MTDR,2020-03-24,unchanged
MTDR,2020-04-02,unchanged
MTDR,2020-04-09,unchanged
MTDR,2020-04-29,unchanged
MTDR,2020-04-30,unchanged
MTDR,2020-11-09,unchanged
MTEK,2022-02-18,unchanged
MTEK,2022-07-05,unchanged
MTEK,2022-12-27,unchanged
MTEK,2023-05-09,unchanged
MTEK,2023-10-09,unchanged
MTEK,2024-12-18,unchanged
MTEKW,2024-12-19,unchanged
MTEKW,2024-12-30,unchanged
MTEKW,nan,unchanged
MTEN,2024-07-24,unchanged
MTEN,2024-11-07,unchanged
MTEN,nan,unchanged
MTEX,2020-03-26,unchanged
MTEX,2021-03-30,unchanged
MTEX,2021-07-07,unchanged
MTEX,nan,unchanged
MTG,2020-03-19,unchanged
MTR,2020-03-20,unchanged
MTR,2020-03-25,unchanged
MTR,2020-07-22,unchanged
MTR,2020-12-30,unchanged
MTR,2021-01-28,unchanged
MTR,2021-05-13,unchanged
MTR,2021-05-21,unchanged
MTR,2022-05-23,unchanged
MTR,nan,unchanged
MTVA,nan,unchanged
MULL,nan,unchanged
MUR,2020-04-02,unchanged
MURA,2023-11-17,unchanged
MURA,nan,unchanged
MUU,nan,unchanged
MUX,2020-03-17,unchanged
MUX,2021-01-28,unchanged
MUX,2021-02-01,unchanged
MVBF,2020-03-19,unchanged
MVIS,2020-05-04,unchanged
MVIS,2020-05-05,unchanged
MVIS,2020-05-12,unchanged
MVIS,2020-05-19,unchanged
MVIS,2020-06-09,unchanged
MVIS,2020-07-16,unchanged
MVIS,2020-07-17,unchanged
MVIS,2020-08-04,unchanged
MVIS,2020-12-15,unchanged
MVIS,2020-12-17,unchanged
MVIS,2020-12-22,unchanged
MVIS,2021-02-08,unchanged
MVIS,2021-02-11,unchanged
MVIS,2021-02-16,unchanged
MVIS,2021-03-31,unchanged
MVIS,2021-04-23,unchanged
MVIS,2021-04-26,unchanged
MVIS,2022-03-29,unchanged
MVIS,2023-06-06,unchanged
MVIS,2024-05-14,unchanged
MVIS,2024-12-18,unchanged
MVIS,nan,unchanged
MVLL,nan,unchanged
MVO,2020-03-25,unchanged
MVO,2020-04-02,unchanged
MVO,2020-04-22,unchanged
MVST,2022-10-19,unchanged
MVST,2023-05-10,unchanged
MVST,2024-11-13,unchanged
MVST,2024-12-02,unchanged
MVST,2024-12-03,unchanged
MVST,2024-12-04,unchanged
MVST,2024-12-19,unchanged
MVST,2024-12-23,unchanged
MVST,2024-12-26,unchanged
MVST,nan,unchanged
MVSTW,2021-08-05,unchanged
MVSTW,2021-08-06,unchanged
MVSTW,2022-03-07,unchanged
MWYN,nan,unchanged
MX,2020-03-31,unchanged
MX,2021-03-26,unchanged
MXCT,2024-05-08,unchanged
MXL,2020-04-06,unchanged
MXL,nan,unchanged
MYE,2020-03-19,unchanged
MYE,nan,unchanged
MYGN,nan,unchanged
MYNZ,2022-01-05,unchanged
MYNZ,2022-01-18,unchanged
MYNZ,2023-05-03,unchanged
MYNZ,2023-12-04,unchanged
MYNZ,2024-05-28,unchanged
MYNZ,2024-05-31,unchanged
MYNZ,2024-07-08,unchanged
MYNZ,2024-07-31,unchanged
MYNZ,2024-10-09,unchanged
MYNZ,2024-11-12,unchanged
MYNZ,2024-12-20,unchanged
MYNZ,nan,unchanged
MYRG,2020-03-19,unchanged
MYSZ,2020-01-09,unchanged
MYSZ,2020-03-19,unchanged
MYSZ,2020-04-14,unchanged
MYSZ,2020-04-20,unchanged
MYSZ,2020-04-21,unchanged
MYSZ,2020-06-04,unchanged
MYSZ,2020-06-09,unchanged
MYSZ,2020-06-17,unchanged
MYSZ,2020-07-14,unchanged
MYSZ,2021-03-17,unchanged
MYSZ,2021-05-05,unchanged
MYSZ,2021-10-26,unchanged
MYSZ,2022-05-13,unchanged
MYSZ,2022-05-17,unchanged
MYSZ,2022-06-09,unchanged
MYSZ,2022-08-03,unchanged
MYSZ,2022-08-16,unchanged
MYSZ,2022-09-14,unchanged
MYSZ,2022-12-08,unchanged
MYSZ,2023-04-13,unchanged
MYSZ,2023-04-14,unchanged
MYSZ,2023-08-21,unchanged
MYSZ,2023-10-30,unchanged
MYSZ,2023-11-02,unchanged
MYSZ,2024-01-09,unchanged
MYSZ,2024-02-12,unchanged
MYSZ,2024-04-23,unchanged
MYSZ,2024-11-22,unchanged
MYSZ,2024-12-06,unchanged
MYSZ,2024-12-20,unchanged
MYSZ,2024-12-27,unchanged
MYSZ,nan,unchanged
NA,2022-07-25,unchanged
NA,2022-07-29,unchanged
NA,2022-09-02,unchanged
NA,2023-05-15,unchanged
NA,2023-05-25,unchanged
NA,2023-06-08,unchanged
NA,2024-02-12,unchanged
NA,2024-04-10,unchanged
NA,2024-04-29,unchanged
NA,2024-09-25,unchanged
NA,2024-09-26,unchanged
NA,2024-09-27,unchanged
NA,2024-10-01,unchanged
NA,2024-10-04,unchanged
NA,2024-10-07,unchanged
NA,2024-11-12,unchanged
NA,2024-11-22,unchanged
NA,2024-12-02,unchanged
NA,2024-12-04,unchanged
NA,nan,unchanged
NAAS,2023-03-24,unchanged
NAAS,2023-03-28,unchanged
NAAS,2024-07-08,unchanged
NAAS,2024-07-09,unchanged
NAAS,2024-07-10,unchanged
NAAS,2024-07-16,unchanged
NAAS,2024-07-18,unchanged
NAAS,nan,unchanged
NAKA,nan,unchanged
NAMI,nan,unchanged
NAMM,nan,unchanged
NAMS,2022-12-15,unchanged
NAMS,2023-01-27,unchanged
NAMS,2023-10-31,unchanged
NAMS,2024-01-10,unchanged
NAMS,2024-12-10,unchanged
NAMSW,2023-01-27,unchanged
NAMSW,2023-05-16,unchanged
NAMSW,2023-05-23,unchanged
NAMSW,2023-05-24,unchanged
NAMSW,2023-05-25,unchanged
NAMSW,2023-10-31,unchanged
NAMSW,2023-11-02,unchanged
NAMSW,2024-01-10,unchanged
NAMSW,2024-01-19,unchanged
NAMSW,2024-06-24,unchanged
NAMSW,2024-08-12,unchanged
NAMSW,2024-08-15,unchanged
NAMSW,2024-08-27,unchanged
NAMSW,2024-11-06,unchanged
NAMSW,2024-12-10,unchanged
NAOV,2020-07-07,unchanged
NAOV,2020-09-22,unchanged
NAOV,2020-12-02,unchanged
NAOV,2021-01-21,unchanged
NAOV,2021-01-22,unchanged
NAOV,2021-04-05,unchanged
NAOV,2021-07-23,unchanged
NAOV,2021-07-26,unchanged
NAOV,2021-07-28,unchanged
NAOV,2021-07-29,unchanged
NAOV,2021-08-12,unchanged
NAOV,2021-08-16,unchanged
NAOV,2021-10-11,unchanged
NAOV,2021-11-05,unchanged
NAOV,2022-03-30,unchanged
NAOV,2022-09-23,unchanged
NAOV,2022-11-28,unchanged
NAOV,2023-02-10,unchanged
NAOV,2023-08-30,unchanged
NAOV,2024-10-14,unchanged
NAOV,nan,unchanged
NAT,2020-03-10,unchanged
NAUT,2021-08-05,unchanged
NAUT,nan,unchanged
NAVI,2020-03-19,unchanged
NB,nan,unchanged
NBIS,nan,unchanged
NBN,2020-03-19,unchanged
NBR,2020-03-17,unchanged
NBR,2020-03-24,unchanged
NBR,2020-05-21,unchanged
NBR,2020-06-05,unchanged
NBR,2020-06-08,unchanged
NBR,2020-06-12,unchanged
NBR,2020-07-21,unchanged
NBTX,2022-01-06,unchanged
NBTX,2022-08-01,unchanged
NBTX,2023-01-06,unchanged
NBTX,2023-05-05,unchanged
NBTX,2023-07-10,unchanged
NBTX,nan,unchanged
NCEW,nan,unchanged
NCI,2024-04-25,unchanged
NCI,2024-06-13,unchanged
NCI,2024-08-20,unchanged
NCI,2024-09-19,unchanged
NCI,2024-09-23,unchanged
NCI,2024-09-30,unchanged
NCI,2024-10-01,unchanged
NCI,2024-10-21,unchanged
NCI,2024-10-28,unchanged
NCI,2024-12-31,unchanged
NCI,nan,unchanged
NCLH,2020-03-13,unchanged
NCLH,2020-03-20,unchanged
NCLH,2020-03-24,unchanged
NCLH,2020-03-25,unchanged
NCLH,2020-11-09,unchanged
NCMI,2020-03-19,unchanged
NCMI,2020-09-04,unchanged
NCMI,2020-11-09,unchanged
NCMI,2021-01-27,unchanged
NCMI,2022-11-08,unchanged
NCMI,2023-03-20,unchanged
NCMI,2023-03-23,unchanged
NCMI,2023-03-30,unchanged
NCMI,2023-04-11,unchanged
NCMI,2023-04-12,unchanged
NCMI,2023-04-13,unchanged
NCMI,2023-06-05,unchanged
NCMI,2024-03-19,unchanged
NCNA,2021-01-13,unchanged
NCNA,2021-09-29,unchanged
NCNA,2024-03-12,unchanged
NCNA,2024-03-13,unchanged
NCNA,2024-08-19,unchanged
NCNA,2024-09-16,unchanged
NCNA,nan,unchanged
NCNO,2023-06-16,unchanged
NCPL,2022-08-29,unchanged
NCPL,2022-12-09,unchanged
NCPL,2022-12-13,unchanged
NCPL,2023-04-24,unchanged
NCPL,2023-05-17,unchanged
NCPL,2023-05-22,unchanged
NCPL,2023-10-20,unchanged
NCPL,2023-10-24,unchanged
NCPL,2023-11-20,unchanged
NCPL,2023-12-01,unchanged
NCPL,2024-05-16,unchanged
NCPL,2024-05-23,unchanged
NCPL,2024-05-24,unchanged
NCPL,2024-07-22,unchanged
NCPL,2024-08-15,unchanged
NCPL,nan,unchanged
NCRA,2022-08-16,unchanged
NCRA,2022-10-04,unchanged
NCRA,2023-05-03,unchanged
NCRA,2024-05-20,unchanged
NCRA,2024-10-25,unchanged
NCRA,2024-11-25,unchanged
NCRA,2024-12-24,unchanged
NCRA,nan,unchanged
NCSM,2020-03-03,unchanged
NCSM,2020-03-19,unchanged
NCSM,2020-04-06,unchanged
NCSM,2020-04-13,unchanged
NCSM,2020-06-08,unchanged
NCSM,2020-06-23,unchanged
NCSM,2021-04-09,unchanged
NCSM,2023-12-15,unchanged
NCSM,nan,unchanged
NCT,nan,unchanged
NCTY,2020-03-31,unchanged
NCTY,2020-04-20,unchanged
NCTY,2020-05-20,unchanged
NCTY,2020-06-04,unchanged
NCTY,2020-06-15,unchanged
NCTY,2020-06-24,unchanged
NCTY,2020-06-30,unchanged
NCTY,2020-09-02,unchanged
NCTY,2020-09-24,unchanged
NCTY,2020-11-23,unchanged
NCTY,2020-12-28,unchanged
NCTY,2021-01-04,unchanged
NCTY,2021-01-05,unchanged
NCTY,2021-01-06,unchanged
NCTY,2021-01-07,unchanged
NCTY,2021-01-25,unchanged
NCTY,2021-01-28,unchanged
NCTY,2021-02-02,unchanged
NCTY,2021-02-09,unchanged
NCTY,2021-02-16,unchanged
NCTY,2021-02-19,unchanged
NCTY,2021-03-01,unchanged
NCTY,2021-03-09,unchanged
NCTY,2021-06-04,unchanged
NCTY,2021-06-09,unchanged
NCTY,2021-07-26,unchanged
NCTY,2021-08-09,unchanged
NCTY,2022-06-23,unchanged
NCTY,2023-01-09,unchanged
NCTY,2023-01-12,unchanged
NCTY,2023-01-13,unchanged
NDLS,nan,unchanged
NDRA,2022-04-08,unchanged
NDRA,2023-09-14,unchanged
NDRA,2024-06-05,unchanged
NDRA,2024-06-17,unchanged
NDRA,2024-08-26,unchanged
NDRA,2024-10-22,unchanged
NDRA,2024-11-08,unchanged
NDRA,2024-11-20,unchanged
NDRA,nan,unchanged
NE,2020-02-12,unchanged
NE,2021-06-09,unchanged
NE.WS,nan,unchanged
NE.WS.A,nan,unchanged
NEGG,2021-06-30,unchanged
NEGG,2021-07-02,unchanged
NEGG,2021-07-06,unchanged
NEGG,2021-07-07,unchanged
NEGG,2021-07-16,unchanged
NEGG,2021-08-05,unchanged
NEGG,2021-11-08,unchanged
NEGG,2022-03-28,unchanged
NEGG,2022-04-06,unchanged
NEGG,2023-01-13,unchanged
NEGG,2023-11-13,unchanged
NEGG,2023-11-15,unchanged
NEGG,2023-12-01,unchanged
NEGG,2024-05-13,unchanged
NEGG,2024-07-05,unchanged
NEGG,nan,unchanged
NEO,2022-11-08,unchanged
NEO,2023-02-23,unchanged
NEON,2020-01-13,unchanged
NEON,2020-04-02,unchanged
NEON,2020-04-27,unchanged
NEON,2020-04-28,unchanged
NEON,2020-05-06,unchanged
NEON,2020-06-09,unchanged
NEON,2020-06-18,unchanged
NEON,2020-06-22,unchanged
NEON,2021-09-29,unchanged
NEON,2022-03-17,unchanged
NEON,2022-05-23,unchanged
NEON,2022-12-01,unchanged
NEON,2023-01-11,unchanged
NEON,2023-12-06,unchanged
NEON,2023-12-18,unchanged
NEON,2023-12-19,unchanged
NEON,2024-07-18,unchanged
NEON,2024-08-20,unchanged
NEON,2024-08-21,unchanged
NEON,2024-08-26,unchanged
NEON,2024-09-17,unchanged
NEON,nan,unchanged
NEOV,2023-06-16,unchanged
NEOV,2024-04-03,unchanged
NEOV,2024-04-10,unchanged
NEOVW,2022-07-29,unchanged
NEOVW,2022-08-01,unchanged
NEOVW,2022-09-28,unchanged
NEOVW,2022-09-29,unchanged
NEOVW,2023-03-13,unchanged
NEOVW,2024-09-11,unchanged
NEOVW,2024-09-12,unchanged
NEOVW,2024-11-04,unchanged
NEOVW,2024-11-11,unchanged
NEOVW,nan,unchanged
NEPH,2023-05-31,unchanged
NEPH,2023-06-01,unchanged
NEPH,2023-12-26,unchanged
NEPH,nan,unchanged
NERV,2021-01-19,unchanged
NERV,2021-05-12,unchanged
NERV,2022-08-04,unchanged
NERV,2022-08-22,unchanged
NERV,2022-08-24,unchanged
NERV,2022-08-26,unchanged
NERV,2022-08-29,unchanged
NERV,2022-11-09,unchanged
NERV,2023-01-11,unchanged
NERV,2023-04-11,unchanged
NERV,2023-05-01,unchanged
NERV,2023-05-02,unchanged
NERV,2023-05-05,unchanged
NERV,2023-06-28,unchanged
NERV,2023-11-30,unchanged
NERV,2024-02-05,unchanged
NERV,nan,unchanged
NESR,2020-03-17,unchanged
NESR,2020-04-23,unchanged
NESR,2023-12-28,unchanged
NESR,2024-09-04,unchanged
NEUP,2024-12-27,unchanged
NEUP,nan,unchanged
NEWT,2020-03-25,unchanged
NEWT,2020-03-26,unchanged
NEXA,2020-03-24,unchanged
NEXA,2020-04-06,unchanged
NEXA,2021-02-01,unchanged
NEXN,nan,unchanged
NEXT,2020-03-13,unchanged
NEXT,2020-03-17,unchanged
NEXT,2020-05-18,unchanged
NEXT,2020-06-08,unchanged
NEXT,2020-07-15,unchanged
NEXT,2020-09-08,unchanged
NEXT,2020-09-14,unchanged
NEXT,2020-09-15,unchanged
NEXT,2020-09-25,unchanged
NEXT,2020-12-11,unchanged
NEXT,2021-03-26,unchanged
NEXT,2021-04-05,unchanged
NEXT,2021-06-07,unchanged
NEXT,2021-06-08,unchanged
NEXT,2022-03-25,unchanged
NEXT,2022-04-06,unchanged
NEXT,2023-06-14,unchanged
NFE,2021-03-16,unchanged
NFE,nan,unchanged
NGL,2020-03-10,unchanged
NGL,2020-03-19,unchanged
NGL,2020-03-20,unchanged
NGL,2020-04-09,unchanged
NGL,2020-04-28,unchanged
NGL,2021-01-21,unchanged
NGLpB,2020-03-19,unchanged
NGLpB,2020-03-20,unchanged
NGLpB,2020-03-26,unchanged
NGLpB,2020-04-09,unchanged
NGLpB,2020-04-28,unchanged
NGLpC,2020-03-19,unchanged
NGLpC,2020-03-20,unchanged
NGLpC,2020-03-26,unchanged
NGLpC,2020-04-09,unchanged
NGLpC,2020-04-28,unchanged
NGNE,2024-11-04,unchanged
NGNE,2024-11-22,unchanged
NGNE,nan,unchanged
NGS,2020-03-19,unchanged
NGVC,2020-05-08,unchanged
NGVC,nan,unchanged
NHICW,2020-11-19,unchanged
NHICW,2020-11-27,unchanged
NHICW,2020-12-11,unchanged
NHICW,2020-12-14,unchanged
NHICW,2021-03-08,unchanged
NHICW,2021-03-09,unchanged
NHICW,2021-03-23,unchanged
NHICW,2021-04-05,unchanged
NINE,2020-03-24,unchanged
NINE,2020-04-30,unchanged
NINE,2020-05-12,unchanged
NINE,2020-06-08,unchanged
NINE,2020-06-12,unchanged
NINE,2020-11-23,unchanged
NINE,2021-12-30,unchanged
NINE,2022-03-04,unchanged
NINE,2022-03-07,unchanged
NINE,2022-03-08,unchanged
NINE,2024-11-06,unchanged
NINE,nan,unchanged
NIO,2020-02-25,unchanged
NIO,2020-07-06,unchanged
NIOBW,2023-03-23,unchanged
NIOBW,nan,unchanged
NIPG,2024-07-29,unchanged
NIPG,nan,unchanged
NISN,2021-11-10,unchanged
NISN,2022-05-17,unchanged
NISN,2022-06-10,unchanged
NISN,2024-07-12,unchanged
NISN,2024-07-29,unchanged
NITO,2024-04-10,unchanged
NITO,2024-06-17,unchanged
NITO,2024-08-27,unchanged
NITO,2024-09-10,unchanged
NITO,2024-09-12,unchanged
NITO,2024-10-21,unchanged
NITO,2024-10-22,unchanged
NITO,2024-12-20,unchanged
NITO,2024-12-26,unchanged
NITO,2024-12-30,unchanged
NITO,nan,unchanged
NIU,2020-06-19,unchanged
NIVF,2024-04-22,unchanged
NIVF,2024-04-23,unchanged
NIVF,2024-04-26,unchanged
NIVF,2024-05-08,unchanged
NIVF,2024-06-21,unchanged
NIVF,2024-07-24,unchanged
NIVF,2024-10-11,unchanged
NIVF,2024-10-15,unchanged
NIVF,2024-10-17,unchanged
NIVF,2024-10-18,unchanged
NIVF,2024-11-18,unchanged
NIVF,2024-12-11,unchanged
NIVF,2024-12-17,unchanged
NIVF,nan,unchanged
NIXX,2024-10-17,unchanged
NIXX,2024-10-21,unchanged
NIXX,nan,unchanged
NKSH,2020-03-19,unchanged
NKTR,2023-08-07,unchanged
NKTR,2024-03-04,unchanged
NKTR,2024-04-04,unchanged
NKTR,2024-04-11,unchanged
NKTR,nan,unchanged
NKTX,2020-12-07,unchanged
NKTX,2022-04-25,unchanged
NKTX,2023-10-17,unchanged
NKTX,2024-01-08,unchanged
NKTX,nan,unchanged
NLY,2020-04-08,unchanged
NLYpF,2020-03-19,unchanged
NLYpG,2020-03-19,unchanged
NLYpG,2020-03-26,unchanged
NLYpI,2020-03-19,unchanged
NLYpI,2020-03-26,unchanged
NMAX,nan,unchanged
NMFC,2020-03-24,unchanged
NMFC,2020-03-25,unchanged
NMG,2023-10-20,unchanged
NMG,2024-02-15,unchanged
NMG,nan,unchanged
NMRA,2023-12-22,unchanged
NMRA,nan,unchanged
NMRK,2020-03-19,unchanged
NMRK,2020-06-03,unchanged
NMTC,2021-08-23,unchanged
NMTC,2021-09-03,unchanged
NMTC,2021-09-07,unchanged
NMTC,2022-06-01,unchanged
NMTC,2022-08-03,unchanged
NMTC,2022-08-31,unchanged
NMTC,2022-11-21,unchanged
NMTC,2022-11-23,unchanged
NN,2023-08-11,unchanged
NN,2024-03-11,unchanged
NNAVW,2021-11-01,unchanged
NNAVW,2021-11-02,unchanged
NNAVW,2022-05-05,unchanged
NNAVW,2023-06-20,unchanged
NNAVW,2023-08-11,unchanged
NNAVW,2023-09-13,unchanged
NNAVW,2024-03-11,unchanged
NNAVW,2024-03-21,unchanged
NNAVW,2024-04-02,unchanged
NNAVW,2024-08-06,unchanged
NNAVW,2024-08-21,unchanged
NNAVW,2024-08-26,unchanged
NNAVW,2024-11-05,unchanged
NNAVW,nan,unchanged
NNBR,2020-04-13,unchanged
NNBR,2020-04-17,unchanged
NNBR,2020-04-27,unchanged
NNBR,2023-05-09,unchanged
NNBR,nan,unchanged
NNDM,2020-03-30,unchanged
NNDM,2020-04-09,unchanged
NNDM,2020-04-15,unchanged
NNDM,2020-05-08,unchanged
NNDM,2020-05-19,unchanged
NNDM,2020-05-20,unchanged
NNDM,2020-06-02,unchanged
NNDM,2020-09-24,unchanged
NNDM,2020-09-29,unchanged
NNDM,2020-09-30,unchanged
NNDM,2020-10-14,unchanged
NNDM,2020-10-16,unchanged
NNDM,2020-11-05,unchanged
NNE,2024-05-28,unchanged
NNE,2024-05-29,unchanged
NNE,2024-05-30,unchanged
NNE,2024-06-14,unchanged
NNE,2024-06-20,unchanged
NNE,2024-06-24,unchanged
NNE,2024-06-25,unchanged
NNE,2024-06-28,unchanged
NNE,2024-07-01,unchanged
NNE,2024-08-14,unchanged
NNE,2024-08-19,unchanged
NNE,2024-09-11,unchanged
NNE,2024-09-13,unchanged
NNE,2024-10-16,unchanged
NNE,2024-10-21,unchanged
NNE,2024-11-21,unchanged
NNE,nan,unchanged
NNNN,nan,unchanged
NNOX,2020-09-01,unchanged
NNOX,2020-09-11,unchanged
NNOX,2020-10-02,unchanged
NNOX,2021-01-21,unchanged
NNOX,2021-04-05,unchanged
NNOX,2023-05-01,unchanged
NNOX,2023-05-04,unchanged
NNOX,2024-02-15,unchanged
NNOX,2024-02-16,unchanged
NOA,2023-07-27,unchanged
NOAH,2022-03-16,unchanged
NOG,2020-04-02,unchanged
NOG,2020-06-08,unchanged
NOK,2021-01-27,unchanged
NOTE,2022-08-03,unchanged
NOTE,2022-08-22,unchanged
NOTE,2023-03-23,unchanged
NOTE,2023-05-10,unchanged
NOTE,2023-11-20,unchanged
NOTE,2024-12-18,unchanged
NOTE,nan,unchanged
NOTV,2021-09-21,unchanged
NOTV,2022-05-13,unchanged
NOTV,2022-08-11,unchanged
NOTV,2023-01-11,unchanged
NOTV,2023-07-20,unchanged
NOTV,2024-11-20,unchanged
NOTV,2024-12-10,unchanged
NOTV,2024-12-13,unchanged
NOV,2020-11-09,unchanged
NPACW,nan,unchanged
NPCE,2023-01-10,unchanged
NPCE,2023-01-13,unchanged
NPCE,2023-08-09,unchanged
NPCE,2023-08-29,unchanged
NPCE,2024-11-13,unchanged
NPT,nan,unchanged
NPWR,nan,unchanged
NPWR.WS,2023-08-14,unchanged
NPWR.WS,2024-08-13,unchanged
NPWR.WS,2024-10-17,unchanged
NPWR.WS,2024-11-13,unchanged
NPWR.WS,nan,unchanged
NRDS,2022-11-03,unchanged
NRDS,2023-10-27,unchanged
NRDS,2024-10-30,unchanged
NRDS,nan,unchanged
NRDY,2022-08-23,unchanged
NRDY,2023-02-03,unchanged
NRDY,2023-03-01,unchanged
NREF,2020-03-27,unchanged
NREF,2020-04-07,unchanged
NREF,2020-04-09,unchanged
NRGV,2022-02-17,unchanged
NRGV,2022-02-18,unchanged
NRGV,2022-11-15,unchanged
NRGV,2023-01-18,unchanged
NRGV,2023-11-08,unchanged
NRGV,2024-10-15,unchanged
NRGV,2024-10-30,unchanged
NRGV,2024-12-11,unchanged
NRGV,nan,unchanged
NRIM,2020-03-19,unchanged
NRIX,2020-08-13,unchanged
NRIX,2020-12-14,unchanged
NRIX,2020-12-22,unchanged
NRSN,2022-02-28,unchanged
NRSN,2022-03-21,unchanged
NRSN,2022-03-29,unchanged
NRSN,2022-06-27,unchanged
NRSN,2022-06-30,unchanged
NRSN,2023-01-19,unchanged
NRSN,2023-06-02,unchanged
NRSN,2023-11-30,unchanged
NRSN,2024-02-27,unchanged
NRSN,2024-03-01,unchanged
NRSN,2024-07-02,unchanged
NRSN,2024-12-02,unchanged
NRSN,nan,unchanged
NRSNW,2022-01-24,unchanged
NRSNW,2022-03-21,unchanged
NRSNW,2022-03-23,unchanged
NRSNW,nan,unchanged
NRXP,2021-07-19,unchanged
NRXP,2021-07-22,unchanged
NRXP,2021-07-23,unchanged
NRXP,2021-08-18,unchanged
NRXP,2021-10-12,unchanged
NRXP,2021-10-14,unchanged
NRXP,2021-11-26,unchanged
NRXP,2021-11-29,unchanged
NRXP,2022-03-09,unchanged
NRXP,2022-06-02,unchanged
NRXP,2022-07-29,unchanged
NRXP,2023-06-02,unchanged
NRXP,2023-12-18,unchanged
NRXP,2024-03-05,unchanged
NRXP,2024-05-06,unchanged
NRXP,2024-12-17,unchanged
NRXP,2024-12-31,unchanged
NRXP,nan,unchanged
NRXPW,2021-07-19,unchanged
NRXPW,2021-07-22,unchanged
NRXPW,2021-07-23,unchanged
NRXPW,2021-07-27,unchanged
NRXPW,2021-08-10,unchanged
NRXPW,2021-08-18,unchanged
NRXPW,2021-10-12,unchanged
NRXPW,2021-10-14,unchanged
NRXPW,2021-11-26,unchanged
NRXPW,2021-11-29,unchanged
NSPR,2020-01-17,unchanged
NSPR,2020-04-14,unchanged
NSPR,2020-05-12,unchanged
NSPR,2020-06-05,unchanged
NSPR,2020-06-10,unchanged
NSPR,2020-09-08,unchanged
NSPR,2021-01-04,unchanged
NSPR,2021-01-05,unchanged
NSPR,2021-02-08,unchanged
NSPR,2021-03-15,unchanged
NSPR,2021-07-21,unchanged
NSPR,2023-05-01,unchanged
NSPR,2023-05-15,unchanged
NSPR,2023-07-12,unchanged
NSYS,2020-08-28,unchanged
NSYS,2020-12-30,unchanged
NSYS,2021-05-07,unchanged
NSYS,2021-06-29,unchanged
NSYS,2021-07-02,unchanged
NSYS,2021-07-26,unchanged
NSYS,nan,unchanged
NTCL,nan,unchanged
NTGR,2024-09-12,unchanged
NTHI,nan,unchanged
NTIC,2020-04-07,unchanged
NTIC,2020-04-14,unchanged
NTLA,2021-06-28,unchanged
NTLA,2021-06-30,unchanged
NTLA,nan,unchanged
NTNX,2020-08-28,unchanged
NTNX,2022-09-01,unchanged
NTRA,2020-03-19,unchanged
NTRB,2021-10-07,unchanged
NTRB,2021-10-12,unchanged
NTRB,2021-12-31,unchanged
NTRB,2022-01-11,unchanged
NTRB,2022-07-26,unchanged
NTRB,2023-07-14,unchanged
NTRB,2024-03-27,unchanged
NTRB,2024-03-28,unchanged
NTRB,2024-05-15,unchanged
NTRB,2024-09-17,unchanged
NTRB,nan,unchanged
NTRBW,2021-10-06,unchanged
NTRBW,2021-10-07,unchanged
NTRBW,2021-10-08,unchanged
NTRBW,2021-10-12,unchanged
NTRBW,2021-10-21,unchanged
NTRBW,2021-11-01,unchanged
NTRBW,2021-12-31,unchanged
NTRBW,2022-01-11,unchanged
NTRBW,2022-01-24,unchanged
NTRBW,2022-03-09,unchanged
NTRBW,2022-03-30,unchanged
NTRBW,2022-05-16,unchanged
NTRBW,2023-01-17,unchanged
NTRBW,2023-01-26,unchanged
NTRBW,2023-04-26,unchanged
NTRBW,2023-07-25,unchanged
NTRBW,2024-03-28,unchanged
NTRBW,2024-05-15,unchanged
NTRBW,2024-05-17,unchanged
NTRBW,2024-05-20,unchanged
NTRBW,2024-05-21,unchanged
NTRBW,2024-06-07,unchanged
NTRBW,2024-07-16,unchanged
NTRBW,2024-07-24,unchanged
NTRBW,2024-07-25,unchanged
NTRBW,2024-08-15,unchanged
NTRBW,2024-09-30,unchanged
NTRBW,2024-10-07,unchanged
NTRBW,2024-10-09,unchanged
NTRBW,2024-11-04,unchanged
NTRBW,2024-11-05,unchanged
NTRBW,2024-12-02,unchanged
NTRBW,nan,unchanged
NTRP,2020-01-22,unchanged
NTRP,2020-09-30,unchanged
NTRP,2024-03-14,unchanged
NTRP,2024-07-10,unchanged
NTRP,2024-07-11,unchanged
NTRP,2024-09-05,unchanged
NTRP,2024-11-25,unchanged
NTRP,2024-11-27,unchanged
NTRP,2024-11-29,unchanged
NTRP,2024-12-05,unchanged
NTRP,2024-12-20,unchanged
NTRP,nan,unchanged
NTWK,2021-04-27,unchanged
NTZ,2020-04-15,unchanged
NTZ,2020-04-30,unchanged
NTZ,2020-05-28,unchanged
NTZ,2020-06-09,unchanged
NTZ,2020-06-17,unchanged
NTZ,2020-06-18,unchanged
NTZ,2020-07-24,unchanged
NTZ,2020-10-19,unchanged
NTZ,2020-10-20,unchanged
NTZ,2024-12-20,unchanged
NTZ,nan,unchanged
NUAI,nan,unchanged
NUAIW,nan,unchanged
NUKK,2022-01-14,unchanged
NUKK,2022-01-21,unchanged
NUKK,2022-03-23,unchanged
NUKK,2022-04-18,unchanged
NUKK,2022-05-09,unchanged
NUKK,2022-05-16,unchanged
NUKK,2022-05-20,unchanged
NUKK,2022-05-25,unchanged
NUKK,2022-06-24,unchanged
NUKK,2022-07-12,unchanged
NUKK,2022-08-17,unchanged
NUKK,2023-08-15,unchanged
NUKK,2023-08-23,unchanged
NUKK,2023-09-07,unchanged
NUKK,2023-09-18,unchanged
NUKK,2023-11-20,unchanged
NUKK,2023-11-27,unchanged
NUKK,2023-11-28,unchanged
NUKK,2023-11-29,unchanged
NUKK,2023-12-18,unchanged
NUKK,2023-12-26,unchanged
NUKK,2024-02-12,unchanged
NUKK,2024-02-13,unchanged
NUKK,2024-03-11,unchanged
NUKK,2024-03-12,unchanged
NUKK,2024-07-22,unchanged
NUKK,2024-08-02,unchanged
NUKK,2024-09-23,unchanged
NUKK,2024-09-24,unchanged
NUKK,2024-10-14,unchanged
NUKK,2024-10-22,unchanged
NUKK,2024-10-24,unchanged
NUKK,2024-11-11,unchanged
NUKK,2024-12-17,unchanged
NUKK,2024-12-18,unchanged
NUKK,2024-12-19,unchanged
NUKK,nan,unchanged
NUS,2020-03-19,unchanged
NUS,nan,unchanged
NUTX,2022-04-26,unchanged
NUTX,2022-04-27,unchanged
NUTX,2022-05-17,unchanged
NUTX,2022-08-02,unchanged
NUTX,2022-09-06,unchanged
NUTX,2022-10-13,unchanged
NUTX,2022-10-17,unchanged
NUTX,2022-10-25,unchanged
NUTX,2022-11-11,unchanged
NUTX,2022-11-28,unchanged
NUTX,2024-04-16,unchanged
NUTX,2024-08-09,unchanged
NUTX,2024-08-12,unchanged
NUTX,2024-11-12,unchanged
NUTX,nan,unchanged
NUVB,2024-03-26,unchanged
NUVB,2024-03-27,unchanged
NUVB.WS,2021-08-31,unchanged
NUVL,2022-10-28,unchanged
NUVL,2023-10-04,unchanged
NUWE,2022-12-13,unchanged
NUWE,2022-12-29,unchanged
NUWE,2023-01-31,unchanged
NUWE,2023-06-20,unchanged
NUWE,2023-09-08,unchanged
NUWE,2023-12-21,unchanged
NUWE,2024-02-20,unchanged
NUWE,2024-04-22,unchanged
NUWE,2024-04-25,unchanged
NUWE,2024-05-02,unchanged
NUWE,2024-05-07,unchanged
NUWE,2024-05-16,unchanged
NUWE,2024-05-28,unchanged
NUWE,2024-06-28,unchanged
NUWE,2024-07-08,unchanged
NUWE,2024-07-29,unchanged
NUWE,2024-07-31,unchanged
NUWE,2024-09-12,unchanged
NUWE,2024-10-01,unchanged
NUWE,2024-10-09,unchanged
NUWE,2024-10-21,unchanged
NUWE,2024-11-04,unchanged
NUWE,2024-11-11,unchanged
NUWE,nan,unchanged
NVA,nan,unchanged
NVAWW,2024-07-25,unchanged
NVAWW,2024-08-02,unchanged
NVAWW,2024-08-13,unchanged
NVAWW,2024-08-21,unchanged
NVAWW,2024-08-29,unchanged
NVAWW,2024-10-04,unchanged
NVAWW,2024-10-16,unchanged
NVAWW,2024-10-23,unchanged
NVAWW,2024-10-24,unchanged
NVAWW,2024-10-25,unchanged
NVAWW,2024-12-04,unchanged
NVAWW,2024-12-05,unchanged
NVAWW,2024-12-09,unchanged
NVAWW,2024-12-11,unchanged
NVAWW,nan,unchanged
NVAX,2020-01-21,unchanged
NVAX,2020-02-26,unchanged
NVAX,2020-02-28,unchanged
NVAX,2020-03-17,unchanged
NVAX,2020-03-24,unchanged
NVAX,2020-04-20,unchanged
NVAX,2020-05-11,unchanged
NVAX,2020-05-12,unchanged
NVAX,2020-05-18,unchanged
NVAX,2020-07-07,unchanged
NVAX,2021-01-29,unchanged
NVAX,2023-05-09,unchanged
NVAX,2023-07-10,unchanged
NVAX,2024-02-22,unchanged
NVAX,2024-05-10,unchanged
NVAX,2024-05-13,unchanged
NVAX,nan,unchanged
NVCR,2021-04-13,unchanged
NVCR,2023-01-05,unchanged
NVCR,2024-12-02,unchanged
NVCT,2022-02-07,unchanged
NVCT,2022-02-17,unchanged
NVCT,2022-02-22,unchanged
NVCT,2022-04-06,unchanged
NVCT,2022-05-06,unchanged
NVD,2024-08-05,unchanged
NVD,nan,unchanged
NVDA,2024-06-10,unchanged
NVDG,nan,unchanged
NVDL,2023-05-25,unchanged
NVDL,2024-02-22,unchanged
NVDL,nan,unchanged
NVDU,nan,unchanged
NVEC,2020-03-24,unchanged
NVGS,2020-05-29,unchanged
NVGS,2020-06-01,unchanged
NVNI,2024-01-10,unchanged
NVNI,2024-01-18,unchanged
NVNI,2024-07-16,unchanged
NVNI,2024-07-25,unchanged
NVNI,2024-08-06,unchanged
NVNI,2024-11-13,unchanged
NVNI,2024-12-18,unchanged
NVNI,2024-12-19,unchanged
NVNI,2024-12-20,unchanged
NVNI,nan,unchanged
NVNO,2023-07-19,unchanged
NVNO,nan,unchanged
NVTS,2022-08-16,unchanged
NVTS,nan,unchanged
NVVE,2021-05-17,unchanged
NVVE,2022-12-14,unchanged
NVVE,2022-12-15,unchanged
NVVE,2023-01-27,unchanged
NVVE,2023-01-30,unchanged
NVVE,2023-03-31,unchanged
NVVE,2023-04-04,unchanged
NVVE,2023-06-23,unchanged
NVVE,2023-08-02,unchanged
NVVE,2023-10-25,unchanged
NVVE,2024-01-12,unchanged
NVVE,2024-01-23,unchanged
NVVE,2024-01-30,unchanged
NVVE,2024-04-30,unchanged
NVVE,2024-06-05,unchanged
NVVE,2024-06-26,unchanged
NVVE,2024-07-23,unchanged
NVVE,2024-08-02,unchanged
NVVE,2024-09-18,unchanged
NVVE,2024-09-23,unchanged
NVVE,nan,unchanged
NVVEW,2021-04-12,unchanged
NVVEW,2021-04-14,unchanged
NVVEW,2021-05-14,unchanged
NVVEW,2021-05-17,unchanged
NVVEW,2021-08-16,unchanged
NVVEW,2021-11-04,unchanged
NVVEW,2021-11-08,unchanged
NVVEW,2022-04-06,unchanged
NVVEW,2022-04-22,unchanged
NVVEW,2022-04-26,unchanged
NVX,2022-10-24,unchanged
NVX,2023-06-07,unchanged
NVX,2023-09-15,unchanged
NVX,2024-02-16,unchanged
NVX,2024-11-25,unchanged
NVX,nan,unchanged
NWGL,2024-02-15,unchanged
NWGL,2024-02-29,unchanged
NWGL,2024-07-05,unchanged
NWGL,nan,unchanged
NWL,2024-07-26,unchanged
NWTG,nan,unchanged
NXGL,2022-03-21,unchanged
NXGL,2022-12-07,unchanged
NXGL,2023-06-09,unchanged
NXGLW,nan,unchanged
NXL,2022-10-11,unchanged
NXL,2022-11-01,unchanged
NXL,2022-11-21,unchanged
NXL,2022-12-15,unchanged
NXL,2024-03-28,unchanged
NXL,2024-04-01,unchanged
NXL,2024-04-02,unchanged
NXL,2024-04-18,unchanged
NXL,2024-06-13,unchanged
NXL,2024-06-18,unchanged
NXL,2024-06-21,unchanged
NXL,2024-06-24,unchanged
NXL,2024-06-26,unchanged
NXL,2024-06-27,unchanged
NXL,2024-10-16,unchanged
NXL,2024-10-17,unchanged
NXL,2024-10-24,unchanged
NXL,2024-10-25,unchanged
NXL,2024-11-01,unchanged
NXL,nan,unchanged
NXPL,2022-10-07,unchanged
NXPL,2022-12-20,unchanged
NXPL,2023-04-24,unchanged
NXPL,2024-04-12,unchanged
NXPL,2024-12-11,unchanged
NXPL,2024-12-17,unchanged
NXPL,nan,unchanged
NXPLW,2022-04-28,unchanged
NXPLW,2022-05-11,unchanged
NXPLW,2022-06-22,unchanged
NXPLW,2022-07-06,unchanged
NXPLW,2023-04-24,unchanged
NXPLW,2023-04-26,unchanged
NXPLW,2023-05-11,unchanged
NXPLW,2023-06-01,unchanged
NXTC,2024-03-21,unchanged
NXTC,nan,unchanged
NXTT,2024-04-03,unchanged
NXTT,2024-07-31,unchanged
NXTT,2024-08-01,unchanged
NXTT,2024-08-07,unchanged
NXTT,2024-11-12,unchanged
NXTT,2024-11-13,unchanged
NXTT,2024-11-19,unchanged
NXTT,2024-11-20,unchanged
NXTT,nan,unchanged
NXXT,nan,unchanged
NYAX,2022-09-22,unchanged
NYC,2021-12-30,unchanged
NYC,2021-12-31,unchanged
NYC,2023-09-27,unchanged
NYC,2024-05-07,unchanged
NYXH,2024-01-24,unchanged
NYXH,2024-01-29,unchanged
NYXH,2024-01-31,unchanged
OABI,2022-11-08,unchanged
OACCW,nan,unchanged
OBIO,2023-03-06,unchanged
OBIO,2023-08-21,unchanged
OBIO,2023-09-19,unchanged
OBIO,2024-05-28,unchanged
OBLG,2020-07-16,unchanged
OBLG,2020-07-22,unchanged
OBLG,2020-08-24,unchanged
OBLG,2020-10-16,unchanged
OBLG,2020-11-30,unchanged
OBLG,2022-03-29,unchanged
OBLG,2022-06-13,unchanged
OBLG,2022-10-03,unchanged
OBLG,2022-10-11,unchanged
OBLG,2022-10-13,unchanged
OBLG,2022-10-17,unchanged
OBLG,2022-10-19,unchanged
OBLG,2022-12-01,unchanged
OBLG,2022-12-27,unchanged
OBLG,2022-12-30,unchanged
OBLG,2023-01-04,unchanged
OBLG,2023-01-05,unchanged
OBLG,2023-01-30,unchanged
OBLG,2023-04-14,unchanged
OBLG,2023-04-18,unchanged
OBLG,2023-10-12,unchanged
OBLG,2023-10-13,unchanged
OBLG,2023-11-17,unchanged
OBLG,2023-12-14,unchanged
OBLG,2024-03-15,unchanged
OBLG,2024-03-20,unchanged
OBLG,2024-05-15,unchanged
OBLG,2024-05-22,unchanged
OBLG,2024-05-28,unchanged
OBLG,2024-06-04,unchanged
OBLG,2024-06-26,unchanged
OBLG,2024-09-05,unchanged
OBLG,2024-09-12,unchanged
OBLG,nan,unchanged
OCC,2021-01-22,unchanged
OCC,2021-07-13,unchanged
OCC,2024-12-23,unchanged
OCC,2024-12-26,unchanged
OCC,nan,unchanged
OCCI,2020-03-25,unchanged
OCFT,2020-06-15,unchanged
OCFT,2022-03-16,unchanged
OCFT,2022-03-21,unchanged
OCFT,2022-06-08,unchanged
OCFT,2022-10-26,unchanged
OCFT,2022-11-04,unchanged
OCFT,2023-01-17,unchanged
OCFT,2023-02-14,unchanged
OCFT,2023-06-13,unchanged
OCFT,2024-09-27,unchanged
OCFT,2024-09-30,unchanged
OCFT,2024-10-04,unchanged
OCFT,2024-10-07,unchanged
OCG,2020-12-17,unchanged
OCG,2021-02-12,unchanged
OCG,2021-03-15,unchanged
OCG,2021-03-17,unchanged
OCG,2021-03-18,unchanged
OCG,2021-05-26,unchanged
OCG,2022-10-12,unchanged
OCG,2022-12-09,unchanged
OCG,2022-12-12,unchanged
OCG,2023-01-06,unchanged
OCG,2023-02-10,unchanged
OCG,2023-05-01,unchanged
OCG,2023-11-01,unchanged
OCG,2023-12-22,unchanged
OCG,2024-02-16,unchanged
OCG,2024-10-03,unchanged
OCG,2024-10-18,unchanged
OCG,2024-11-20,unchanged
OCG,2024-12-03,unchanged
OCG,2024-12-17,unchanged
OCG,nan,unchanged
OCGN,2020-12-23,unchanged
OCGN,2020-12-28,unchanged
OCGN,2021-01-04,unchanged
OCGN,2021-02-02,unchanged
OCGN,2021-02-04,unchanged
OCGN,2021-02-05,unchanged
OCGN,2021-02-08,unchanged
OCGN,2021-02-11,unchanged
OCGN,2021-02-26,unchanged
OCGN,2021-03-03,unchanged
OCGN,2021-03-11,unchanged
OCGN,2021-04-22,unchanged
OCGN,2021-04-23,unchanged
OCGN,2021-04-26,unchanged
OCGN,2021-10-26,unchanged
OCGN,2022-02-22,unchanged
OCGN,2024-02-20,unchanged
OCS,2023-03-22,unchanged
OCSAW,2023-05-10,unchanged
OCSAW,2023-05-17,unchanged
OCSAW,2023-05-22,unchanged
OCSAW,2023-08-22,unchanged
OCSAW,2023-08-25,unchanged
OCSAW,2024-01-25,unchanged
OCSAW,2024-02-07,unchanged
OCSAW,2024-04-11,unchanged
OCSAW,2024-10-21,unchanged
OCSAW,2024-11-15,unchanged
OCSAW,2024-11-26,unchanged
OCSAW,nan,unchanged
OCSL,2020-03-26,unchanged
OCUL,2020-03-04,unchanged
OCUL,2020-10-07,unchanged
OCUL,2023-02-13,unchanged
OCUL,2023-12-04,unchanged
OCUL,2024-02-22,unchanged
ODD,nan,unchanged
ODP,nan,unchanged
ODV,2024-11-21,unchanged
ODVWZ,2023-11-20,unchanged
ODVWZ,2024-01-11,unchanged
ODVWZ,2024-01-19,unchanged
ODVWZ,2024-01-23,unchanged
ODVWZ,2024-01-24,unchanged
ODVWZ,2024-01-29,unchanged
ODVWZ,2024-01-30,unchanged
ODVWZ,2024-02-07,unchanged
ODVWZ,2024-02-16,unchanged
ODYS,2024-03-04,unchanged
ODYS,nan,unchanged
OESX,nan,unchanged
OFAL,nan,unchanged
OFS,2020-03-13,unchanged
OFS,2020-03-19,unchanged
OFS,2020-03-26,unchanged
OGI,2020-01-15,unchanged
OGI,2020-11-06,unchanged
OGI,2021-02-08,unchanged
OGI,2021-02-09,unchanged
OGI,2021-02-10,unchanged
OGI,2021-03-11,unchanged
OGI,2023-11-06,unchanged
OHI,2020-03-19,unchanged
OII,2020-03-19,unchanged
OII,2020-03-24,unchanged
OII,2020-11-09,unchanged
OIS,2020-03-19,unchanged
OIS,2020-04-09,unchanged
OIS,2022-03-07,unchanged
OKE,2020-03-19,unchanged
OKLL,nan,unchanged
OKLO,2024-05-24,unchanged
OKLO,2024-10-16,unchanged
OKLO,2024-10-18,unchanged
OKLO,2024-10-28,unchanged
OKLO,nan,unchanged
OKYO,2022-07-29,unchanged
OKYO,2023-01-12,unchanged
OKYO,2023-01-17,unchanged
OKYO,2023-02-17,unchanged
OKYO,2023-02-27,unchanged
OKYO,2023-03-01,unchanged
OKYO,2023-05-08,unchanged
OKYO,2023-07-28,unchanged
OKYO,2023-08-28,unchanged
OKYO,2024-07-11,unchanged
OKYO,2024-08-05,unchanged
OKYO,2024-10-23,unchanged
OKYO,nan,unchanged
OLB,2020-10-22,unchanged
OLB,2020-12-22,unchanged
OLB,2021-02-10,unchanged
OLB,2021-03-02,unchanged
OLB,2021-09-03,unchanged
OLB,2021-11-02,unchanged
OLB,2022-02-02,unchanged
OLB,2022-07-13,unchanged
OLB,2022-07-20,unchanged
OLB,2022-08-26,unchanged
OLB,2022-08-29,unchanged
OLB,2023-06-13,unchanged
OLB,2023-06-21,unchanged
OLB,2024-04-29,unchanged
OLB,2024-05-02,unchanged
OLB,2024-11-12,unchanged
OLB,nan,unchanged
OLMA,2024-06-04,unchanged
OLMA,nan,unchanged
OLN,2020-03-17,unchanged
OLPX,2023-11-07,unchanged
OM,2022-08-01,unchanged
OM,2022-11-09,unchanged
OM,2024-02-22,unchanged
OM,2024-05-06,unchanged
OM,2024-11-07,unchanged
OM,2024-12-03,unchanged
OM,nan,unchanged
OMCL,2024-08-01,unchanged
OMCL,2024-10-30,unchanged
OMER,2020-03-03,unchanged
OMER,2020-08-10,unchanged
OMER,2022-06-22,unchanged
OMER,2022-07-01,unchanged
OMER,2022-12-23,unchanged
OMER,2023-02-06,unchanged
OMER,2024-11-14,unchanged
OMER,2024-11-21,unchanged
OMER,2024-11-22,unchanged
OMER,2024-12-19,unchanged
OMER,nan,unchanged
OMEX,2024-09-18,unchanged
OMEX,2024-09-23,unchanged
OMEX,nan,unchanged
OMF,2020-03-19,unchanged
OMF,2020-03-20,unchanged
OMH,2023-05-08,unchanged
OMH,2023-05-12,unchanged
OMH,2023-05-15,unchanged
OMH,2023-05-22,unchanged
OMH,2023-09-22,unchanged
OMH,2024-02-13,unchanged
OMH,2024-11-05,unchanged
OMH,nan,unchanged
OMI,2020-03-30,unchanged
OMI,2020-07-21,unchanged
OMI,2020-09-24,unchanged
OMI,2021-02-24,unchanged
OMI,2021-05-26,unchanged
OMI,2023-05-05,unchanged
OMI,nan,unchanged
OMSE,nan,unchanged
ONCHW,nan,unchanged
ONCO,2024-01-25,unchanged
ONCO,2024-04-08,unchanged
ONCO,2024-05-17,unchanged
ONCO,2024-05-24,unchanged
ONCO,2024-05-29,unchanged
ONCO,2024-06-18,unchanged
ONCO,2024-06-27,unchanged
ONCO,2024-07-18,unchanged
ONCO,2024-08-16,unchanged
ONCO,2024-09-24,unchanged
ONCO,2024-09-27,unchanged
ONCO,2024-12-30,unchanged
ONCO,2024-12-31,unchanged
ONCO,nan,unchanged
ONCY,2020-03-24,unchanged
ONCY,2020-04-28,unchanged
ONCY,2020-05-11,unchanged
ONCY,2020-05-18,unchanged
ONCY,2020-11-30,unchanged
ONCY,2021-02-17,unchanged
ONCY,2023-06-22,unchanged
ONCY,2023-06-23,unchanged
ONCY,2024-10-07,unchanged
ONDS,2020-12-17,unchanged
ONDS,2020-12-23,unchanged
ONDS,2020-12-30,unchanged
ONDS,2021-01-13,unchanged
ONDS,2023-05-05,unchanged
ONDS,2023-07-19,unchanged
ONDS,2023-07-21,unchanged
ONDS,2024-04-01,unchanged
ONDS,2024-07-22,unchanged
ONDS,2024-11-29,unchanged
ONDS,2024-12-10,unchanged
ONDS,2024-12-13,unchanged
ONDS,2024-12-23,unchanged
ONDS,2024-12-26,unchanged
ONDS,nan,unchanged
ONEG,nan,unchanged
ONEW,2020-03-19,unchanged
ONEW,2020-03-20,unchanged
ONEW,2020-03-24,unchanged
ONEW,nan,unchanged
ONFO,2023-05-26,unchanged
ONFO,2023-08-23,unchanged
ONFO,2024-05-22,unchanged
ONFO,2024-05-23,unchanged
ONFO,2024-05-28,unchanged
ONFO,2024-12-02,unchanged
ONFO,nan,unchanged
ONIT,2024-09-27,unchanged
ONMD,2023-11-10,unchanged
ONMD,2023-12-21,unchanged
ONMD,2024-01-03,unchanged
ONMD,2024-01-29,unchanged
ONMD,2024-01-30,unchanged
ONMD,2024-01-31,unchanged
ONMD,2024-02-16,unchanged
ONMD,2024-02-20,unchanged
ONMD,2024-02-29,unchanged
ONMD,2024-04-03,unchanged
ONMD,2024-05-23,unchanged
ONMD,2024-05-24,unchanged
ONMD,2024-05-30,unchanged
ONMD,2024-06-06,unchanged
ONMD,2024-07-09,unchanged
ONMD,2024-07-26,unchanged
ONMD,2024-07-30,unchanged
ONMD,2024-11-12,unchanged
ONMD,2024-12-20,unchanged
ONMD,nan,unchanged
OPAD,2021-09-07,unchanged
OPAD,2021-09-09,unchanged
OPAD,2021-09-16,unchanged
OPAD,2022-08-12,unchanged
OPAD,2023-01-10,unchanged
OPAD,2023-01-30,unchanged
OPAD,2023-02-01,unchanged
OPAD,2023-04-06,unchanged
OPAD,nan,unchanged
OPAL,2022-10-17,unchanged
OPAL,nan,unchanged
OPEN,2022-11-10,unchanged
OPEN,2023-05-05,unchanged
OPEN,nan,unchanged
OPFI,2024-04-09,unchanged
OPFI.WS,2022-01-11,unchanged
OPFI.WS,2022-01-12,unchanged
OPFI.WS,nan,unchanged
OPK,2020-03-05,unchanged
OPK,2020-03-06,unchanged
OPK,2020-03-13,unchanged
OPK,2020-07-21,unchanged
OPRA,2020-05-19,unchanged
OPRT,2022-11-08,unchanged
OPRT,2023-08-09,unchanged
OPRT,2024-04-23,unchanged
OPRT,nan,unchanged
OPRX,2020-03-17,unchanged
OPRX,2022-11-09,unchanged
OPRX,2024-05-15,unchanged
OPRX,nan,unchanged
OPTX,2023-11-10,unchanged
OPTX,2023-11-17,unchanged
OPTX,2024-06-26,unchanged
OPTX,2024-08-14,unchanged
OPTX,2024-08-15,unchanged
OPTX,2024-10-24,unchanged
OPTX,2024-12-11,unchanged
OPTX,2024-12-16,unchanged
OPTX,2024-12-17,unchanged
OPTX,2024-12-20,unchanged
OPTX,2024-12-27,unchanged
OPTX,nan,unchanged
ORBS,nan,unchanged
ORC,2020-03-19,unchanged
ORC,2020-03-20,unchanged
ORC,2020-03-26,unchanged
ORCL,nan,unchanged
ORCX,nan,unchanged
ORGN,2023-10-11,unchanged
ORGN,2024-08-16,unchanged
ORGN,nan,unchanged
ORGO,2020-03-12,unchanged
ORGO,2020-05-28,unchanged
ORGO,2021-01-14,unchanged
ORGO,2023-05-11,unchanged
ORGO,2024-05-10,unchanged
ORGO,2024-11-13,unchanged
ORGO,nan,unchanged
ORIC,2022-05-16,unchanged
ORIC,2022-12-22,unchanged
ORIC,2023-06-26,unchanged
ORIC,nan,unchanged
ORIS,2024-10-18,unchanged
ORIS,2024-10-22,unchanged
ORIS,2024-11-12,unchanged
ORIS,2024-11-13,unchanged
ORIS,2024-12-03,unchanged
ORIS,2024-12-05,unchanged
ORIS,nan,unchanged
ORKA,nan,unchanged
ORKT,2024-08-12,unchanged
ORKT,2024-11-05,unchanged
ORKT,2024-12-16,unchanged
ORKT,2024-12-23,unchanged
ORKT,2024-12-30,unchanged
ORKT,nan,unchanged
ORMP,2020-11-27,unchanged
ORMP,2021-01-25,unchanged
ORMP,2021-03-22,unchanged
ORMP,2022-07-08,unchanged
ORMP,2022-07-12,unchanged
ORMP,2023-05-15,unchanged
ORMP,nan,unchanged
ORN,2020-03-19,unchanged
ORN,2024-10-31,unchanged
OSBC,2020-03-16,unchanged
OSCR,2023-02-10,unchanged
OSCR,2023-03-28,unchanged
OSCR,2024-02-08,unchanged
OSCR,nan,unchanged
OSG,2020-03-05,unchanged
OSG,2021-07-02,unchanged
OSPN,2024-05-03,unchanged
OSRH,nan,unchanged
OSS,2020-01-22,unchanged
OSS,2020-04-30,unchanged
OSS,2020-06-22,unchanged
OSS,2020-07-13,unchanged
OSS,2020-12-28,unchanged
OSS,2021-02-02,unchanged
OSS,2021-03-01,unchanged
OSS,2023-08-23,unchanged
OSS,2024-02-22,unchanged
OSS,2024-08-27,unchanged
OST,2022-05-03,unchanged
OST,2022-06-23,unchanged
OST,2022-08-02,unchanged
OST,2022-08-08,unchanged
OST,2023-05-02,unchanged
OST,2023-08-25,unchanged
OST,2023-09-14,unchanged
OST,2024-02-01,unchanged
OST,2024-06-13,unchanged
OST,2024-10-30,unchanged
OST,2024-12-26,unchanged
OST,2024-12-31,unchanged
OST,nan,unchanged
OSUR,2020-03-13,unchanged
OSUR,2022-08-10,unchanged
OSUR,2023-08-04,unchanged
OSW,2020-03-24,unchanged
OSW,2020-04-06,unchanged
OSW,2020-04-30,unchanged
OSW,2020-11-09,unchanged
OTLK,2020-01-03,unchanged
OTLK,2021-02-03,unchanged
OTLK,2021-02-05,unchanged
OTLK,2021-02-08,unchanged
OTLK,2021-08-03,unchanged
OTLK,2023-10-13,unchanged
OTLK,2023-10-18,unchanged
OTLK,2023-10-19,unchanged
OTLK,2024-01-23,unchanged
OTLK,2024-03-15,unchanged
OTLK,2024-03-22,unchanged
OTLK,2024-03-28,unchanged
OTLY,2023-11-16,unchanged
OTLY,nan,unchanged
OUST,2021-04-07,unchanged
OUST,2022-10-25,unchanged
OUST,2023-08-11,unchanged
OUST,2024-03-27,unchanged
OUST,2024-05-10,unchanged
OUST,2024-11-11,unchanged
OUST,nan,unchanged
OUT,2020-03-24,unchanged
OVID,2020-06-18,unchanged
OVID,2021-03-03,unchanged
OVV,2020-03-10,unchanged
OVV,2020-04-02,unchanged
OWLT,2022-12-16,unchanged
OWLT,2023-02-21,unchanged
OWLT,2023-06-20,unchanged
OWLT,2023-11-13,unchanged
OWLT,2024-06-05,unchanged
OWLT,nan,unchanged
OXBR,2020-02-07,unchanged
OXBR,2020-02-21,unchanged
OXBR,2020-06-01,unchanged
OXBR,2020-06-11,unchanged
OXBR,2020-06-17,unchanged
OXBR,2020-06-19,unchanged
OXBR,2020-06-30,unchanged
OXBR,2020-08-11,unchanged
OXBR,2020-09-28,unchanged
OXBR,2020-10-01,unchanged
OXBR,2020-10-08,unchanged
OXBR,2020-12-29,unchanged
OXBR,2021-01-26,unchanged
OXBR,2021-01-27,unchanged
OXBR,2021-07-14,unchanged
OXBR,2023-01-06,unchanged
OXBR,2023-08-07,unchanged
OXBR,2024-05-08,unchanged
OXBR,2024-12-02,unchanged
OXBR,nan,unchanged
OXLC,2020-03-19,unchanged
OXLCP,2020-03-19,unchanged
OXSQ,2020-03-26,unchanged
OXY,2020-06-05,unchanged
OXY.WS,2020-11-09,unchanged
OXY.WS,2020-11-23,unchanged
OXY.WS,2022-03-04,unchanged
PAA,2020-03-19,unchanged
PAA,2020-03-20,unchanged
PACB,2021-02-10,unchanged
PACB,2022-08-11,unchanged
PACB,2024-05-14,unchanged
PACB,2024-07-16,unchanged
PACB,2024-10-11,unchanged
PACB,nan,unchanged
PACK,2024-03-12,unchanged
PACK,nan,unchanged
PACS,nan,unchanged
PAGP,2020-03-19,unchanged
PAGP,2020-03-20,unchanged
PAGS,2022-05-13,unchanged
PAHC,2024-04-29,unchanged
PAL,nan,unchanged
PALI,2022-02-02,unchanged
PALI,2022-03-22,unchanged
PALI,2022-10-04,unchanged
PALI,2022-11-15,unchanged
PALI,2022-11-17,unchanged
PALI,2022-11-22,unchanged
PALI,2022-12-29,unchanged
PALI,2022-12-30,unchanged
PALI,2023-01-31,unchanged
PALI,2023-03-30,unchanged
PALI,2023-03-31,unchanged
PALI,2023-09-06,unchanged
PALI,2024-01-29,unchanged
PALI,2024-04-08,unchanged
PALI,2024-04-16,unchanged
PALI,2024-04-17,unchanged
PALI,2024-04-23,unchanged
PALI,2024-05-01,unchanged
PALI,2024-12-12,unchanged
PALI,nan,unchanged
PAM,nan,unchanged
PAR,2020-05-08,unchanged
PAR,2021-04-08,unchanged
PARR,2020-03-19,unchanged
PASG,2020-03-20,unchanged
PASG,2020-03-24,unchanged
PASG,2023-04-03,unchanged
PASG,2024-02-15,unchanged
PASG,2024-11-25,unchanged
PASG,2024-11-29,unchanged
PASG,nan,unchanged
PATK,2020-04-06,unchanged
PAVM,2020-02-14,unchanged
PAVM,2020-03-24,unchanged
PAVM,2021-02-11,unchanged
PAVM,2021-02-16,unchanged
PAVM,2022-03-17,unchanged
PAVM,2023-08-30,unchanged
PAVM,2023-12-12,unchanged
PAVM,2024-02-28,unchanged
PAVM,2024-03-27,unchanged
PAVM,2024-07-01,unchanged
PAVM,2024-09-03,unchanged
PAVM,2024-09-10,unchanged
PAVS,2023-05-01,unchanged
PAVS,2023-08-11,unchanged
PAVS,2023-08-14,unchanged
PAVS,2023-08-15,unchanged
PAVS,2023-11-10,unchanged
PAVS,2023-11-16,unchanged
PAVS,2024-05-24,unchanged
PAVS,2024-10-28,unchanged
PAVS,nan,unchanged
PAY,2022-11-10,unchanged
PAY,2023-08-08,unchanged
PAY,2024-11-13,unchanged
PAYO,2022-05-13,unchanged
PAYS,2020-03-25,unchanged
PAYS,2020-04-03,unchanged
PAYS,2020-04-07,unchanged
PAYS,2020-06-25,unchanged
PAYS,2024-03-27,unchanged
PBA,2020-03-24,unchanged
PBF,2020-03-13,unchanged
PBF,2020-03-26,unchanged
PBF,2020-11-09,unchanged
PBF,2021-01-27,unchanged
PBI,2020-03-26,unchanged
PBI,2020-08-03,unchanged
PBI,2021-01-26,unchanged
PBI,2024-08-09,unchanged
PBM,2024-03-05,unchanged
PBM,2024-03-06,unchanged
PBM,2024-03-07,unchanged
PBM,2024-03-08,unchanged
PBM,2024-03-14,unchanged
PBM,2024-05-01,unchanged
PBM,2024-07-25,unchanged
PBM,2024-11-05,unchanged
PBM,2024-12-05,unchanged
PBM,2024-12-10,unchanged
PBM,2024-12-19,unchanged
PBM,2024-12-20,unchanged
PBM,nan,unchanged
PBYI,2020-02-04,unchanged
PBYI,2020-02-05,unchanged
PBYI,nan,unchanged
PC,2024-10-21,unchanged
PC,2024-10-23,unchanged
PC,2024-10-30,unchanged
PC,nan,unchanged
PCLA,nan,unchanged
PCSA,2021-02-17,unchanged
PCSA,2023-10-10,unchanged
PCSA,2023-10-12,unchanged
PCSA,2023-10-13,unchanged
PCSA,2023-10-16,unchanged
PCSA,2023-12-01,unchanged
PCSA,2024-01-19,unchanged
PCSA,2024-01-25,unchanged
PCSA,2024-04-02,unchanged
PCSA,2024-04-25,unchanged
PCSA,2024-07-30,unchanged
PCT,2023-03-16,unchanged
PCT,2023-11-14,unchanged
PCT,2024-01-16,unchanged
PCT,2024-09-11,unchanged
PCT,2024-10-24,unchanged
PCT,nan,unchanged
PCTTU,2021-05-17,unchanged
PCTTU,2021-07-28,unchanged
PCTTU,2022-09-28,unchanged
PCTTU,2022-10-21,unchanged
PCTTU,2023-03-15,unchanged
PCTTU,2023-06-21,unchanged
PCTTU,2024-10-24,unchanged
PCTTU,nan,unchanged
PCTTW,2021-08-16,unchanged
PCTTW,2023-03-16,unchanged
PCTTW,2023-11-03,unchanged
PCTTW,2023-11-08,unchanged
PCTTW,2024-02-15,unchanged
PCTTW,2024-09-11,unchanged
PCTTW,2024-09-13,unchanged
PCTTW,2024-10-24,unchanged
PCTTW,nan,unchanged
PCVX,2022-10-24,unchanged
PCVX,2024-09-03,unchanged
PDD,2022-03-16,unchanged
PDEX,2021-05-07,unchanged
PDEX,2024-11-01,unchanged
PDFS,2021-11-10,unchanged
PDS,2020-03-10,unchanged
PDSB,2020-04-16,unchanged
PDSB,2020-06-26,unchanged
PDSB,2020-06-29,unchanged
PDSB,2020-07-07,unchanged
PDSB,2020-07-15,unchanged
PDSB,2020-07-17,unchanged
PDSB,2020-07-20,unchanged
PDSB,2021-02-09,unchanged
PDSB,2021-03-11,unchanged
PDSB,2021-05-20,unchanged
PDSB,2022-11-14,unchanged
PDSB,2023-05-26,unchanged
PDSB,nan,unchanged
PDYN,2024-09-13,unchanged
PDYN,2024-10-08,unchanged
PDYN,2024-11-20,unchanged
PDYN,2024-11-21,unchanged
PDYN,2024-11-22,unchanged
PDYN,2024-11-26,unchanged
PDYN,2024-12-24,unchanged
PDYN,2024-12-26,unchanged
PDYN,2024-12-27,unchanged
PDYN,nan,unchanged
PDYNW,2024-12-27,unchanged
PDYNW,2024-12-30,unchanged
PEB,2020-11-09,unchanged
PEBK,2020-03-17,unchanged
PEBpE,2020-03-19,unchanged
PEBpF,2020-03-19,unchanged
PEGA,2024-02-15,unchanged
PEGA,nan,unchanged
PENN,2020-03-19,unchanged
PENN,2020-03-20,unchanged
PENN,2020-03-24,unchanged
PEPG,2022-09-28,unchanged
PEPG,2023-12-04,unchanged
PEPG,2024-01-30,unchanged
PEPG,nan,unchanged
PERF,2022-11-04,unchanged
PERF,2022-11-15,unchanged
PERF,2022-11-17,unchanged
PERF,2022-11-23,unchanged
PERF,2024-03-04,unchanged
PERF,2024-11-29,unchanged
PERF,2024-12-30,unchanged
PERI,2020-12-23,unchanged
PERI,2021-03-02,unchanged
PERI,2021-10-26,unchanged
PETS,2021-01-27,unchanged
PETS,2021-06-02,unchanged
PETS,2024-11-07,unchanged
PETZ,2020-05-20,unchanged
PETZ,2020-06-10,unchanged
PETZ,2020-06-17,unchanged
PETZ,2020-06-18,unchanged
PETZ,2020-12-01,unchanged
PETZ,2021-01-14,unchanged
PETZ,2021-02-16,unchanged
PETZ,2021-02-17,unchanged
PETZ,2021-02-25,unchanged
PETZ,2021-04-19,unchanged
PETZ,2021-06-15,unchanged
PETZ,2021-07-09,unchanged
PETZ,2021-11-03,unchanged
PETZ,2021-11-04,unchanged
PETZ,2021-11-08,unchanged
PETZ,2021-11-09,unchanged
PETZ,2022-02-24,unchanged
PETZ,2022-03-09,unchanged
PETZ,2022-06-09,unchanged
PETZ,2022-06-23,unchanged
PETZ,2022-07-13,unchanged
PETZ,2022-08-02,unchanged
PETZ,2022-08-08,unchanged
PETZ,2022-08-17,unchanged
PETZ,2022-08-19,unchanged
PETZ,2022-08-29,unchanged
PETZ,2022-08-30,unchanged
PETZ,2023-05-01,unchanged
PETZ,2024-02-22,unchanged
PETZ,2024-06-27,unchanged
PETZ,nan,unchanged
PEW.WS,nan,unchanged
PFAI,nan,unchanged
PFGC,2020-03-19,unchanged
PFGC,2020-03-24,unchanged
PFGC,2020-11-09,unchanged
PFH,2020-04-20,unchanged
PFH,2020-09-02,unchanged
PFIS,2020-03-17,unchanged
PFLT,2020-03-19,unchanged
PFSA,nan,unchanged
PGEN,2020-03-19,unchanged
PGEN,2020-03-24,unchanged
PGEN,2020-06-02,unchanged
PGEN,2020-06-08,unchanged
PGEN,2020-10-09,unchanged
PGEN,2023-08-10,unchanged
PGEN,nan,unchanged
PGJ,2022-03-16,unchanged
PGNY,2020-05-13,unchanged
PGNY,2022-08-05,unchanged
PGY,2022-07-20,unchanged
PGY,2022-07-22,unchanged
PGY,2022-07-26,unchanged
PGY,2022-07-27,unchanged
PGY,2022-07-29,unchanged
PGY,2022-08-01,unchanged
PGY,2022-08-05,unchanged
PGY,2022-12-12,unchanged
PGY,2022-12-20,unchanged
PGY,2022-12-21,unchanged
PGY,2023-02-13,unchanged
PGY,nan,unchanged
PGYWW,2022-08-01,unchanged
PGZ,2020-03-19,unchanged
PHAR,2022-11-01,unchanged
PHAR,2023-03-24,unchanged
PHAR,2024-06-06,unchanged
PHAR,nan,unchanged
PHAT,2020-06-08,unchanged
PHAT,2024-02-16,unchanged
PHAT,nan,unchanged
PHG,2024-04-29,unchanged
PHI,2024-03-11,unchanged
PHIO,2020-01-09,unchanged
PHIO,2020-03-11,unchanged
PHIO,2020-05-29,unchanged
PHIO,2020-09-17,unchanged
PHIO,2020-12-10,unchanged
PHIO,2021-05-07,unchanged
PHIO,2022-01-11,unchanged
PHIO,2022-04-08,unchanged
PHIO,2022-12-16,unchanged
PHIO,2023-01-06,unchanged
PHIO,2023-04-18,unchanged
PHIO,2023-05-16,unchanged
PHIO,2023-05-18,unchanged
PHIO,2023-10-11,unchanged
PHIO,2023-11-30,unchanged
PHIO,2023-12-06,unchanged
PHIO,2024-03-06,unchanged
PHIO,2024-04-22,unchanged
PHIO,2024-10-16,unchanged
PHIO,2024-12-23,unchanged
PHIO,nan,unchanged
PHOE,nan,unchanged
PHUN,2020-02-20,unchanged
PHUN,2020-02-25,unchanged
PHUN,2020-03-18,unchanged
PHUN,2020-03-19,unchanged
PHUN,2020-04-07,unchanged
PHUN,2020-04-09,unchanged
PHUN,2020-04-30,unchanged
PHUN,2020-05-20,unchanged
PHUN,2020-06-16,unchanged
PHUN,2020-07-15,unchanged
PHUN,2020-10-07,unchanged
PHUN,2020-12-16,unchanged
PHUN,2020-12-17,unchanged
PHUN,2020-12-30,unchanged
PHUN,2021-01-26,unchanged
PHUN,2021-01-29,unchanged
PHUN,2021-02-01,unchanged
PHUN,2021-02-08,unchanged
PHUN,2021-03-11,unchanged
PHUN,2021-04-06,unchanged
PHUN,2021-10-21,unchanged
PHUN,2021-10-22,unchanged
PHUN,2021-10-25,unchanged
PHUN,2021-11-02,unchanged
PHUN,2022-02-07,unchanged
PHUN,2022-07-21,unchanged
PHUN,2022-11-07,unchanged
PHUN,2024-01-16,unchanged
PHUN,2024-01-18,unchanged
PHUN,2024-01-22,unchanged
PHUN,2024-01-23,unchanged
PHUN,2024-03-04,unchanged
PHUN,2024-03-05,unchanged
PHUN,2024-10-15,unchanged
PHUN,2024-10-22,unchanged
PHUN,2024-12-26,unchanged
PHVS,2022-08-15,unchanged
PHVS,2022-12-06,unchanged
PHVS,2022-12-08,unchanged
PHVS,2022-12-20,unchanged
PHVS,2023-08-15,unchanged
PHVS,2023-12-06,unchanged
PI,2021-01-11,unchanged
PI,2023-10-26,unchanged
PI,nan,unchanged
PIII,2023-05-03,unchanged
PIII,2024-03-15,unchanged
PIII,2024-10-17,unchanged
PIII,nan,unchanged
PIIIW,2021-12-08,unchanged
PIIIW,2021-12-10,unchanged
PIIIW,2022-03-22,unchanged
PIIIW,2022-04-29,unchanged
PIIIW,2022-05-02,unchanged
PIIIW,2022-05-03,unchanged
PIIIW,2022-09-19,unchanged
PINE,2020-03-20,unchanged
PINS,2020-07-31,unchanged
PINS,2020-10-29,unchanged
PK,2020-03-26,unchanged
PK,2020-11-09,unchanged
PKOH,2020-03-16,unchanged
PKOH,2022-05-10,unchanged
PKST,2023-04-14,unchanged
PKST,2023-04-17,unchanged
PKST,2023-04-18,unchanged
PKST,2023-04-19,unchanged
PL,nan,unchanged
PL.WS,2022-05-16,unchanged
PL.WS,2022-05-25,unchanged
PL.WS,nan,unchanged
PLAY,2020-03-19,unchanged
PLAY,2020-03-24,unchanged
PLAY,2020-06-04,unchanged
PLAY,2020-11-09,unchanged
PLBY,2021-02-16,unchanged
PLBY,2021-04-01,unchanged
PLBY,2021-11-16,unchanged
PLBY,2024-10-21,unchanged
PLBY,2024-10-31,unchanged
PLBY,2024-12-16,unchanged
PLBY,nan,unchanged
PLCE,2020-03-19,unchanged
PLCE,2020-04-06,unchanged
PLCE,2024-02-12,unchanged
PLCE,2024-02-14,unchanged
PLCE,2024-02-15,unchanged
PLCE,2024-02-29,unchanged
PLCE,2024-04-17,unchanged
PLCE,2024-09-11,unchanged
PLCE,2024-09-12,unchanged
PLCE,2024-09-13,unchanged
PLCE,2024-09-17,unchanged
PLCE,nan,unchanged
PLRX,2022-07-11,unchanged
PLRX,2023-01-23,unchanged
PLRX,nan,unchanged
PLRZ,2024-12-02,unchanged
PLRZ,2024-12-17,unchanged
PLRZ,2024-12-18,unchanged
PLRZ,2024-12-24,unchanged
PLRZ,2024-12-30,unchanged
PLRZ,nan,unchanged
PLSE,2020-03-17,unchanged
PLSE,2020-05-08,unchanged
PLSE,2020-10-05,unchanged
PLSE,2021-07-01,unchanged
PLSE,2022-05-16,unchanged
PLSE,2022-09-26,unchanged
PLSE,2022-09-30,unchanged
PLSE,2022-10-04,unchanged
PLSE,2023-03-31,unchanged
PLSE,2023-04-03,unchanged
PLSE,2023-04-13,unchanged
PLSE,2023-12-19,unchanged
PLSE,2024-07-08,unchanged
PLT,2020-03-19,unchanged
PLT,2021-02-05,unchanged
PLTR,2024-02-06,unchanged
PLTS,nan,unchanged
PLTU,nan,unchanged
PLUG,2021-01-07,unchanged
PLUG,2024-01-23,unchanged
PLUG,2024-05-14,unchanged
PLUG,nan,unchanged
PLUR,2023-01-13,unchanged
PLUR,2023-07-11,unchanged
PLUR,2023-11-07,unchanged
PLUR,nan,unchanged
PLUS,2023-08-08,unchanged
PLYM,nan,unchanged
PMAX,nan,unchanged
PMCB,2021-08-13,unchanged
PMCB,2021-08-18,unchanged
PMCB,2024-09-23,unchanged
PMCB,nan,unchanged
PMEC,2023-10-13,unchanged
PMEC,2023-10-30,unchanged
PMEC,2024-02-23,unchanged
PMEC,2024-03-08,unchanged
PMEC,2024-03-18,unchanged
PMEC,2024-07-31,unchanged
PMEC,nan,unchanged
PMN,2023-07-17,unchanged
PMN,2023-08-03,unchanged
PMN,2023-08-17,unchanged
PMN,2023-08-24,unchanged
PMN,2024-01-12,unchanged
PMN,2024-01-19,unchanged
PMN,2024-10-31,unchanged
PMN,nan,unchanged
PMT,2020-03-19,unchanged
PMT,2020-03-25,unchanged
PMT,2020-03-26,unchanged
PMTpA,2020-03-19,unchanged
PMTpA,2020-03-25,unchanged
PMTpA,2020-04-06,unchanged
PMTpB,2020-03-19,unchanged
PMTpB,2020-03-25,unchanged
PMTpB,2020-03-26,unchanged
PMVP,2022-05-27,unchanged
PMVP,2023-11-01,unchanged
PN,nan,unchanged
PNBK,2020-06-17,unchanged
PNBK,2020-08-06,unchanged
PNBK,2020-08-07,unchanged
PNBK,2020-09-25,unchanged
PNBK,2021-07-08,unchanged
PNBK,2021-11-15,unchanged
PNBK,2024-10-22,unchanged
PNBK,2024-12-10,unchanged
PNBK,2024-12-20,unchanged
PNBK,nan,unchanged
PNNT,2020-03-25,unchanged
PNRG,2020-05-18,unchanged
PNRG,2021-02-09,unchanged
PNTG,2020-03-19,unchanged
PNTG,2020-08-12,unchanged
POAI,2020-02-05,unchanged
POAI,2020-03-02,unchanged
POAI,2020-03-12,unchanged
POAI,2020-03-30,unchanged
POAI,2020-05-06,unchanged
POAI,2020-09-23,unchanged
POAI,2020-12-23,unchanged
POAI,2021-02-10,unchanged
POAI,2021-02-17,unchanged
POAI,2021-06-30,unchanged
POAI,2022-05-23,unchanged
POAI,2022-07-12,unchanged
POAI,2023-04-13,unchanged
POAI,2023-04-14,unchanged
POAI,2024-04-25,unchanged
POAI,2024-05-28,unchanged
POAI,2024-07-25,unchanged
POAI,nan,unchanged
PODC,2023-10-19,unchanged
PODC,2023-10-23,unchanged
PODC,2024-02-29,unchanged
PODC,nan,unchanged
POET,2023-01-10,unchanged
POET,2023-11-22,unchanged
POET,2024-04-22,unchanged
POET,2024-04-23,unchanged
POET,2024-04-24,unchanged
POET,2024-04-26,unchanged
POET,2024-07-01,unchanged
POET,2024-09-23,unchanged
POET,2024-12-26,unchanged
POLA,2020-04-22,unchanged
POLA,2020-06-30,unchanged
POLA,2020-07-06,unchanged
POLA,2020-08-26,unchanged
POLA,2020-09-23,unchanged
POLA,2020-09-24,unchanged
POLA,2020-10-29,unchanged
POLA,2020-11-13,unchanged
POLA,2020-11-23,unchanged
POLA,2020-12-15,unchanged
POLA,2021-01-08,unchanged
POLA,2021-01-15,unchanged
POLA,2021-01-21,unchanged
POLA,2021-01-22,unchanged
POLA,2021-01-25,unchanged
POLA,2021-10-28,unchanged
POLA,2021-11-08,unchanged
POLA,2022-03-07,unchanged
POLA,2022-03-08,unchanged
POLA,2023-05-11,unchanged
POLA,2024-07-10,unchanged
POLA,2024-10-07,unchanged
POLA,2024-12-30,unchanged
POLA,nan,unchanged
PONY,nan,unchanged
POWL,2020-03-19,unchanged
POWL,2023-08-02,unchanged
POWL,2024-01-31,unchanged
POWL,2024-07-31,unchanged
POWW,2021-01-12,unchanged
POWW,2021-01-13,unchanged
PPBT,2021-02-08,unchanged
PPBT,2024-05-23,unchanged
PPBT,2024-11-27,unchanged
PPBT,2024-12-02,unchanged
PPBT,nan,unchanged
PPCB,nan,unchanged
PPIH,2024-08-23,unchanged
PPIH,nan,unchanged
PPSI,2020-05-05,unchanged
PPSI,2020-06-12,unchanged
PPSI,2020-06-19,unchanged
PPSI,2020-06-29,unchanged
PPSI,2020-06-30,unchanged
PPSI,2020-08-04,unchanged
PPSI,2020-08-25,unchanged
PPSI,2020-09-23,unchanged
PPSI,2020-09-24,unchanged
PPSI,2020-09-25,unchanged
PPSI,2020-10-06,unchanged
PPSI,2020-10-07,unchanged
PPSI,2020-10-20,unchanged
PPSI,2020-11-16,unchanged
PPSI,2020-11-23,unchanged
PPSI,2020-12-04,unchanged
PPSI,2021-01-15,unchanged
PPSI,2021-01-21,unchanged
PPSI,2021-01-22,unchanged
PPSI,2021-11-08,unchanged
PPSI,2021-11-11,unchanged
PPSI,2021-11-29,unchanged
PPSI,2021-11-30,unchanged
PPSI,2021-12-08,unchanged
PPSI,2021-12-09,unchanged
PPSI,2021-12-21,unchanged
PPSI,2022-01-31,unchanged
PPSI,nan,unchanged
PPTA,2021-03-12,unchanged
PPTA,2024-04-08,unchanged
PRA,nan,unchanged
PRAA,2020-05-08,unchanged
PRAX,2022-05-10,unchanged
PRAX,2023-01-13,unchanged
PRAX,2024-01-08,unchanged
PRAX,2024-03-26,unchanged
PRAX,nan,unchanged
PRCH,2022-05-11,unchanged
PRCH,2022-11-14,unchanged
PRCH,2022-11-23,unchanged
PRCH,2023-05-11,unchanged
PRCH,2024-10-28,unchanged
PRCH,2024-11-08,unchanged
PRCH,2024-12-03,unchanged
PRCH,nan,unchanged
PRCT,2024-08-21,unchanged
PRCT,2024-10-28,unchanged
PRDO,2024-05-02,unchanged
PRE,2022-12-13,unchanged
PRE,2022-12-16,unchanged
PRE,2023-01-10,unchanged
PRE,2023-03-14,unchanged
PRE,2023-03-30,unchanged
PRE,2024-04-22,unchanged
PRE,2024-04-23,unchanged
PRE,2024-04-24,unchanged
PRE,2024-04-30,unchanged
PRE,nan,unchanged
PRFX,2020-12-17,unchanged
PRFX,2021-02-09,unchanged
PRFX,2021-05-25,unchanged
PRFX,2021-07-20,unchanged
PRFX,2021-07-21,unchanged
PRFX,2021-07-22,unchanged
PRFX,2021-07-29,unchanged
PRFX,2021-11-19,unchanged
PRFX,2022-01-03,unchanged
PRFX,2022-03-21,unchanged
PRFX,2023-02-08,unchanged
PRFX,2023-06-30,unchanged
PRFX,2023-07-03,unchanged
PRFX,2023-07-11,unchanged
PRFX,2023-07-14,unchanged
PRFX,2023-07-17,unchanged
PRFX,2023-07-20,unchanged
PRFX,2023-11-14,unchanged
PRFX,2024-04-09,unchanged
PRFX,2024-06-25,unchanged
PRFX,2024-08-20,unchanged
PRFX,2024-09-06,unchanged
PRFX,2024-10-16,unchanged
PRFX,2024-11-19,unchanged
PRFX,2024-12-05,unchanged
PRFX,2024-12-19,unchanged
PRFX,nan,unchanged
PRHI,nan,unchanged
PRLB,2023-11-03,unchanged
PRLB,2024-11-01,unchanged
PRLD,2023-11-06,unchanged
PRLD,2024-02-16,unchanged
PRLD,2024-08-13,unchanged
PRLD,2024-12-20,unchanged
PRME,2024-09-30,unchanged
PRME,nan,unchanged
PRO,nan,unchanged
PROF,2021-08-05,unchanged
PROK,2022-11-11,unchanged
PROK,2022-12-29,unchanged
PROK,2023-11-20,unchanged
PROK,2024-02-16,unchanged
PROK,2024-04-15,unchanged
PROK,2024-04-16,unchanged
PROK,2024-04-22,unchanged
PROK,2024-05-14,unchanged
PROK,2024-06-12,unchanged
PROK,nan,unchanged
PROP,2023-12-21,unchanged
PROP,2023-12-22,unchanged
PROP,2024-01-25,unchanged
PROP,nan,unchanged
PRPH,2020-04-15,unchanged
PRPH,2020-06-18,unchanged
PRPH,2020-08-11,unchanged
PRPH,2020-10-02,unchanged
PRPH,2020-10-05,unchanged
PRPH,2020-10-16,unchanged
PRPH,2020-10-23,unchanged
PRPH,2021-06-10,unchanged
PRPL,2020-03-19,unchanged
PRPL,2021-03-05,unchanged
PRPL,2022-05-11,unchanged
PRPL,2022-09-19,unchanged
PRPL,2022-11-10,unchanged
PRPL,2023-05-11,unchanged
PRPL,2023-12-06,unchanged
PRPL,2024-01-24,unchanged
PRPL,nan,unchanged
PRPO,2020-04-06,unchanged
PRPO,2020-05-21,unchanged
PRPO,2020-06-08,unchanged
PRPO,2020-06-24,unchanged
PRPO,2020-07-30,unchanged
PRPO,2020-08-03,unchanged
PRPO,2020-08-04,unchanged
PRPO,2020-08-20,unchanged
PRPO,2020-09-04,unchanged
PRPO,2021-05-03,unchanged
PRPO,2021-05-04,unchanged
PRPO,2021-05-10,unchanged
PRPO,2021-06-08,unchanged
PRPO,2022-05-10,unchanged
PRPO,2022-08-02,unchanged
PRPO,2022-09-15,unchanged
PRPO,2024-07-17,unchanged
PRPO,nan,unchanged
PRQR,2021-01-21,unchanged
PRQR,2021-03-25,unchanged
PRQR,2021-09-09,unchanged
PRQR,2022-12-22,unchanged
PRQR,2024-01-17,unchanged
PRQR,2024-10-16,unchanged
PRSO,2023-04-03,unchanged
PRSO,2023-05-22,unchanged
PRSO,2023-05-25,unchanged
PRSO,2023-05-26,unchanged
PRSO,2023-05-30,unchanged
PRSO,2023-05-31,unchanged
PRSO,2023-06-08,unchanged
PRSO,2023-11-08,unchanged
PRSO,2024-02-20,unchanged
PRSO,2024-04-16,unchanged
PRSO,nan,unchanged
PRT,2020-03-24,unchanged
PRT,2020-03-25,unchanged
PRT,2020-06-03,unchanged
PRT,2020-10-09,unchanged
PRT,2020-12-15,unchanged
PRTA,2021-02-02,unchanged
PRTA,2021-02-12,unchanged
PRTA,2021-06-07,unchanged
PRTA,2022-09-28,unchanged
PRTA,2024-12-19,unchanged
PRTC,2022-08-08,unchanged
PRTC,2022-10-06,unchanged
PRTC,2023-12-22,unchanged
PRTH,2020-02-18,unchanged
PRTH,2020-02-28,unchanged
PRTH,2020-03-10,unchanged
PRTH,2020-06-05,unchanged
PRTH,2020-06-16,unchanged
PRTH,2020-07-20,unchanged
PRTH,2020-08-20,unchanged
PRTH,2020-09-14,unchanged
PRTH,2020-09-15,unchanged
PRTH,2020-12-01,unchanged
PRTH,2020-12-03,unchanged
PRTH,2021-09-17,unchanged
PRTS,2020-03-19,unchanged
PRTS,2021-01-26,unchanged
PRTS,2022-05-04,unchanged
PRTS,2022-11-10,unchanged
PRTS,nan,unchanged
PRZO,2023-08-07,unchanged
PRZO,2023-08-17,unchanged
PRZO,2023-09-08,unchanged
PRZO,2023-10-06,unchanged
PRZO,2023-10-09,unchanged
PRZO,2023-10-12,unchanged
PRZO,2023-10-13,unchanged
PRZO,2023-10-25,unchanged
PRZO,2023-12-20,unchanged
PRZO,2023-12-21,unchanged
PRZO,2024-04-10,unchanged
PRZO,2024-04-12,unchanged
PRZO,2024-11-29,unchanged
PRZO,2024-12-02,unchanged
PRZO,2024-12-04,unchanged
PRZO,2024-12-18,unchanged
PRZO,nan,unchanged
PSHG,2020-07-30,unchanged
PSHG,2020-10-12,unchanged
PSHG,2020-11-11,unchanged
PSHG,2022-06-14,unchanged
PSHG,2022-07-28,unchanged
PSHG,2022-08-01,unchanged
PSHG,2022-08-02,unchanged
PSHG,2022-08-10,unchanged
PSHG,2022-09-29,unchanged
PSHG,2023-02-27,unchanged
PSHG,2023-10-11,unchanged
PSIG,2024-08-06,unchanged
PSIG,2024-08-09,unchanged
PSIG,2024-08-12,unchanged
PSIG,2024-09-11,unchanged
PSIG,2024-11-29,unchanged
PSIG,2024-12-27,unchanged
PSIG,nan,unchanged
PSIX,2022-05-20,unchanged
PSIX,2022-11-15,unchanged
PSIX,2023-04-03,unchanged
PSIX,2024-05-10,unchanged
PSIX,2024-07-02,unchanged
PSIX,2024-12-20,unchanged
PSIX,nan,unchanged
PSKY,nan,unchanged
PSNL,2023-02-03,unchanged
PSNL,2023-11-08,unchanged
PSNL,2023-11-20,unchanged
PSNL,2024-07-16,unchanged
PSNL,2024-07-19,unchanged
PSNL,2024-08-12,unchanged
PSNL,2024-08-16,unchanged
PSNL,2024-12-19,unchanged
PSNL,2024-12-20,unchanged
PSNY,2024-02-28,unchanged
PSNYW,2022-10-21,unchanged
PSNYW,2022-11-14,unchanged
PSNYW,2022-11-15,unchanged
PSQH,2023-10-13,unchanged
PSQH,2024-01-22,unchanged
PSQH,2024-12-03,unchanged
PSQH,nan,unchanged
PSQH.WS,2023-10-12,unchanged
PSQH.WS,2023-10-13,unchanged
PSQH.WS,2024-12-03,unchanged
PSTG,nan,unchanged
PSTV,2020-03-17,unchanged
PSTV,2020-03-24,unchanged
PSTV,2020-03-30,unchanged
PSTV,2020-05-12,unchanged
PSTV,2020-06-09,unchanged
PSTV,2020-06-10,unchanged
PSTV,2020-09-15,unchanged
PSTV,2020-12-09,unchanged
PSTV,2021-01-25,unchanged
PSTV,2021-02-10,unchanged
PSTV,2021-05-04,unchanged
PSTV,2022-01-04,unchanged
PSTV,2022-08-15,unchanged
PSTV,2022-08-18,unchanged
PSTV,2022-10-07,unchanged
PSTV,2023-09-11,unchanged
PSTV,nan,unchanged
PT,2020-06-17,unchanged
PT,2020-06-19,unchanged
PT,2020-07-15,unchanged
PT,2020-09-18,unchanged
PT,2021-01-22,unchanged
PT,2021-01-29,unchanged
PT,2021-02-11,unchanged
PT,2021-02-17,unchanged
PT,2021-04-07,unchanged
PT,2021-05-17,unchanged
PT,2022-01-12,unchanged
PT,2022-01-18,unchanged
PT,2022-01-21,unchanged
PT,2022-03-10,unchanged
PT,2022-07-21,unchanged
PT,2022-08-04,unchanged
PT,nan,unchanged
PTEN,2020-03-10,unchanged
PTEN,2020-04-23,unchanged
PTGX,2020-05-08,unchanged
PTGX,2021-10-11,unchanged
PTGX,2023-03-07,unchanged
PTGX,nan,unchanged
PTHL,nan,unchanged
PTIR,2024-11-05,unchanged
PTIR,nan,unchanged
PTIX,2021-05-10,unchanged
PTIX,2021-05-25,unchanged
PTIX,2021-05-26,unchanged
PTIX,2021-06-10,unchanged
PTIX,2021-06-11,unchanged
PTIX,2023-01-17,unchanged
PTIX,2023-03-22,unchanged
PTIX,2023-03-24,unchanged
PTIX,2023-12-12,unchanged
PTIX,2024-03-05,unchanged
PTIX,2024-04-23,unchanged
PTIX,2024-09-05,unchanged
PTIX,2024-09-10,unchanged
PTIX,2024-10-21,unchanged
PTIX,2024-10-29,unchanged
PTIX,2024-11-12,unchanged
PTIX,2024-11-26,unchanged
PTIX,2024-12-18,unchanged
PTIX,2024-12-23,unchanged
PTIX,nan,unchanged
PTLE,2024-11-15,unchanged
PTLE,2024-11-22,unchanged
PTLE,2024-11-25,unchanged
PTLE,nan,unchanged
PTLO,2021-10-22,unchanged
PTNM,nan,unchanged
PTON,2022-02-07,unchanged
PTON,2022-02-08,unchanged
PTON,2024-08-22,unchanged
PTON,2024-10-31,unchanged
PUBM,2021-02-24,unchanged
PUBM,2021-11-10,unchanged
PUBM,2024-02-27,unchanged
PULM,2020-03-23,unchanged
PULM,2020-04-01,unchanged
PULM,2021-02-10,unchanged
PULM,2021-10-28,unchanged
PULM,2022-08-05,unchanged
PULM,2024-11-13,unchanged
PULM,2024-11-14,unchanged
PULM,2024-11-15,unchanged
PULM,nan,unchanged
PUMP,2020-03-19,unchanged
PUMP,2020-03-31,unchanged
PUMP,2020-04-02,unchanged
PUMP,2020-11-09,unchanged
PUMP,nan,unchanged
PVH,2020-04-06,unchanged
PVL,2021-01-28,unchanged
PVL,2024-07-19,unchanged
PXLW,2021-08-27,unchanged
PXLW,2023-10-04,unchanged
PXLW,2024-01-30,unchanged
PXLW,nan,unchanged
PXS,2020-03-04,unchanged
PXS,2020-03-30,unchanged
PXS,2020-04-21,unchanged
PXS,2020-11-12,unchanged
PXS,2021-01-29,unchanged
PXS,2021-02-16,unchanged
PXS,2021-03-10,unchanged
PXS,2021-08-05,unchanged
PXS,2022-03-07,unchanged
PYPD,2020-10-15,unchanged
PYPD,2022-09-12,unchanged
PYPD,2023-01-24,unchanged
PYPD,2023-09-20,unchanged
PYPD,2024-01-02,unchanged
PYPD,2024-01-03,unchanged
PYPD,2024-01-05,unchanged
PYXS,2023-03-27,unchanged
PYXS,2023-03-28,unchanged
PYXS,2023-03-30,unchanged
PYXS,2024-02-27,unchanged
PYXS,nan,unchanged
PZZA,2020-03-19,unchanged
QBTS,2023-01-13,unchanged
QBTS,2023-02-03,unchanged
QBTS,2023-05-22,unchanged
QBTS,2023-05-26,unchanged
QBTS,2023-06-01,unchanged
QBTS,2023-06-06,unchanged
QBTS,2023-07-13,unchanged
QBTS,2024-02-12,unchanged
QBTS,2024-02-14,unchanged
QBTS,2024-11-07,unchanged
QBTS,2024-11-22,unchanged
QBTS,2024-12-05,unchanged
QBTS,2024-12-06,unchanged
QBTS,2024-12-13,unchanged
QBTS,2024-12-16,unchanged
QBTS,2024-12-17,unchanged
QBTS,2024-12-23,unchanged
QBTS,nan,unchanged
QBTZ,nan,unchanged
QCLS,nan,unchanged
QCML,nan,unchanged
QCMU,nan,unchanged
QD,2020-03-20,unchanged
QD,2020-03-23,unchanged
QD,2020-07-06,unchanged
QD,2020-07-08,unchanged
QD,2022-06-14,unchanged
QD,2022-07-18,unchanged
QD,2024-11-26,unchanged
QDEL,2020-03-17,unchanged
QDEL,2020-05-11,unchanged
QDEL,nan,unchanged
QETAR,2024-09-05,unchanged
QETAR,2024-10-23,unchanged
QETAR,2024-10-24,unchanged
QETAR,2024-10-29,unchanged
QETAR,2024-11-27,unchanged
QETAR,nan,unchanged
QFIN,2022-03-16,unchanged
QH,2020-09-10,unchanged
QH,2022-08-04,unchanged
QH,2022-08-05,unchanged
QH,2022-08-12,unchanged
QH,2022-11-15,unchanged
QH,2023-03-14,unchanged
QH,2023-05-01,unchanged
QH,2023-05-02,unchanged
QH,2023-05-26,unchanged
QH,2023-11-24,unchanged
QH,2024-02-16,unchanged
QH,2024-07-08,unchanged
QH,2024-07-10,unchanged
QH,2024-08-14,unchanged
QH,2024-09-10,unchanged
QH,2024-09-11,unchanged
QH,2024-09-23,unchanged
QH,2024-09-24,unchanged
QH,nan,unchanged
QIPT,nan,unchanged
QLYS,2024-11-06,unchanged
QMCO,2020-03-19,unchanged
QMCO,2023-12-14,unchanged
QMCO,2023-12-18,unchanged
QMCO,2024-02-14,unchanged
QMCO,2024-06-17,unchanged
QMCO,2024-06-21,unchanged
QMCO,2024-11-21,unchanged
QMCO,2024-11-22,unchanged
QMCO,2024-11-25,unchanged
QMCO,2024-11-26,unchanged
QMCO,2024-11-27,unchanged
QMCO,2024-12-09,unchanged
QMCO,2024-12-10,unchanged
QMCO,2024-12-11,unchanged
QMCO,2024-12-16,unchanged
QMCO,2024-12-17,unchanged
QMCO,2024-12-18,unchanged
QMCO,2024-12-20,unchanged
QMCO,2024-12-26,unchanged
QMCO,2024-12-27,unchanged
QMCO,nan,unchanged
QMMM,2024-08-30,unchanged
QMMM,2024-11-25,unchanged
QMMM,2024-12-27,unchanged
QMMM,2024-12-30,unchanged
QMMM,2024-12-31,unchanged
QMMM,nan,unchanged
QNCX,2023-01-27,unchanged
QNCX,2023-03-21,unchanged
QNCX,2024-10-24,unchanged
QNCX,2024-10-30,unchanged
QNRX,2021-12-15,unchanged
QNRX,2021-12-21,unchanged
QNRX,2022-01-07,unchanged
QNRX,2022-04-25,unchanged
QNRX,2022-06-06,unchanged
QNRX,2022-07-01,unchanged
QNRX,2022-08-02,unchanged
QNRX,2022-08-03,unchanged
QNRX,2022-09-07,unchanged
QNRX,2022-10-18,unchanged
QNRX,2022-11-10,unchanged
QNRX,2022-12-29,unchanged
QNRX,2023-02-01,unchanged
QNRX,2023-06-21,unchanged
QNRX,2023-07-21,unchanged
QNRX,2024-03-04,unchanged
QNRX,2024-09-09,unchanged
QNRX,2024-10-16,unchanged
QNRX,2024-10-18,unchanged
QNRX,2024-12-02,unchanged
QNRX,2024-12-03,unchanged
QNRX,2024-12-30,unchanged
QNRX,nan,unchanged
QNST,2021-11-04,unchanged
QNST,2024-11-05,unchanged
QNTM,2024-10-18,unchanged
QNTM,2024-12-18,unchanged
QNTM,2024-12-27,unchanged
QNTM,nan,unchanged
QPUX,nan,unchanged
QRHC,2020-05-18,unchanged
QRHC,2020-08-10,unchanged
QRHC,2020-12-28,unchanged
QS,2020-11-30,unchanged
QS,2020-12-08,unchanged
QS,2020-12-09,unchanged
QS,2020-12-22,unchanged
QS,2021-02-17,unchanged
QS,2023-02-15,unchanged
QS,2023-07-27,unchanged
QS,2024-01-04,unchanged
QS,2024-07-11,unchanged
QS,2024-10-24,unchanged
QS,nan,unchanged
QSI,2021-12-21,unchanged
QSI,2022-10-04,unchanged
QSI,2023-07-17,unchanged
QSI,2024-03-07,unchanged
QSI,2024-11-20,unchanged
QSI,2024-11-22,unchanged
QSI,2024-12-09,unchanged
QSI,2024-12-26,unchanged
QSI,2024-12-27,unchanged
QSI,nan,unchanged
QSIAW,2021-12-21,unchanged
QSIAW,2022-02-10,unchanged
QSIAW,2022-03-25,unchanged
QSIAW,2022-03-29,unchanged
QSIAW,2024-12-27,unchanged
QSIAW,2024-12-30,unchanged
QSIAW,nan,unchanged
QTRX,2020-03-19,unchanged
QTRX,2022-09-28,unchanged
QTRX,2023-05-03,unchanged
QTRX,2023-08-08,unchanged
QTRX,nan,unchanged
QTTB,nan,unchanged
QUAD,2020-02-19,unchanged
QUAD,2020-12-15,unchanged
QUBT,2021-07-20,unchanged
QUBT,2021-11-09,unchanged
QUBT,2022-05-24,unchanged
QUBT,2022-06-07,unchanged
QUBT,2023-02-03,unchanged
QUBT,2023-02-06,unchanged
QUBT,2023-02-08,unchanged
QUBT,2024-11-13,unchanged
QUBT,2024-11-14,unchanged
QUBT,2024-11-20,unchanged
QUBT,2024-11-21,unchanged
QUBT,2024-11-22,unchanged
QUBT,2024-11-25,unchanged
QUBT,2024-12-16,unchanged
QUBT,2024-12-17,unchanged
QUBT,2024-12-18,unchanged
QUBT,2024-12-20,unchanged
QUBT,nan,unchanged
QUIK,2020-01-06,unchanged
QUIK,2020-03-24,unchanged
QUIK,2020-04-23,unchanged
QUIK,2021-02-12,unchanged
QUIK,2021-02-18,unchanged
QUIK,2024-12-30,unchanged
QURE,2024-07-09,unchanged
QURE,2024-07-10,unchanged
QURE,2024-12-10,unchanged
QURE,nan,unchanged
QVCC,2020-03-19,unchanged
QVCGA,nan,unchanged
QVCGP,nan,unchanged
QXO,2024-06-10,unchanged
QXO,2024-07-12,unchanged
QXO,2024-07-15,unchanged
QXO,2024-07-17,unchanged
QXO,2024-07-23,unchanged
QXO,2024-07-24,unchanged
RAAQW,nan,unchanged
RADX,2024-12-06,unchanged
RADX,nan,unchanged
RAIL,2020-06-08,unchanged
RAIL,2020-11-27,unchanged
RAIL,2020-12-10,unchanged
RAIL,2021-03-24,unchanged
RAIL,2021-03-25,unchanged
RAIL,2021-03-26,unchanged
RAIL,2021-03-31,unchanged
RAIL,2021-04-23,unchanged
RAIL,2021-06-24,unchanged
RAIL,2022-03-22,unchanged
RAIL,nan,unchanged
RAIN,2022-05-10,unchanged
RAIN,2022-06-23,unchanged
RAIN,2022-10-06,unchanged
RAIN,nan,unchanged
RAND,2020-03-20,unchanged
RAND,2020-04-30,unchanged
RAND,2020-06-17,unchanged
RAND,2021-07-08,unchanged
RANI,2021-08-11,unchanged
RANI,2022-01-26,unchanged
RANI,2022-08-12,unchanged
RANI,2022-10-11,unchanged
RANI,2023-10-16,unchanged
RANI,2023-12-08,unchanged
RANI,2024-08-13,unchanged
RANI,2024-10-14,unchanged
RANI,2024-10-16,unchanged
RANI,nan,unchanged
RAPP,nan,unchanged
RAPT,2021-06-14,unchanged
RAPT,2024-02-21,unchanged
RAPT,2024-11-06,unchanged
RAPT,2024-12-23,unchanged
RAPT,nan,unchanged
RARE,2020-01-10,unchanged
RAVE,2020-03-13,unchanged
RAVE,2020-03-17,unchanged
RAVE,2020-03-18,unchanged
RAVE,2020-03-19,unchanged
RAVE,2020-04-15,unchanged
RAVE,2020-10-07,unchanged
RAVE,2021-02-02,unchanged
RAVE,2024-09-26,unchanged
RAY,2024-05-16,unchanged
RAY,2024-08-29,unchanged
RAY,2024-09-12,unchanged
RAY,2024-12-26,unchanged
RAY,nan,unchanged
RAYA,2022-12-21,unchanged
RAYA,2024-02-08,unchanged
RAYA,2024-02-14,unchanged
RAYA,2024-03-13,unchanged
RAYA,2024-10-07,unchanged
RAYA,2024-10-16,unchanged
RAYA,nan,unchanged
RBBN,2024-04-24,unchanged
RBC,2022-09-26,unchanged
RBKB,2021-02-18,unchanged
RBLX,2021-11-09,unchanged
RBNE,nan,unchanged
RBOT,2023-11-15,unchanged
RBOT,2023-11-20,unchanged
RBOT,2023-12-20,unchanged
RBOT,2024-01-10,unchanged
RBOT,2024-02-27,unchanged
RBOT,2024-05-17,unchanged
RBOT,2024-07-02,unchanged
RBOT,2024-11-11,unchanged
RBOT,nan,unchanged
RBOT.WS,2021-09-21,unchanged
RBOT.WS,2021-10-29,unchanged
RBOT.WS,2022-03-10,unchanged
RBRK,2024-12-06,unchanged
RC,2020-03-25,unchanged
RC,2020-03-26,unchanged
RC,2020-04-09,unchanged
RCAT,2021-07-06,unchanged
RCAT,2021-07-13,unchanged
RCAT,2021-07-16,unchanged
RCAT,2021-09-27,unchanged
RCAT,2021-12-22,unchanged
RCAT,2022-03-14,unchanged
RCAT,2022-04-04,unchanged
RCAT,2023-02-06,unchanged
RCAT,2023-05-10,unchanged
RCAT,2023-06-20,unchanged
RCAT,2024-04-17,unchanged
RCAT,2024-04-24,unchanged
RCAT,2024-11-20,unchanged
RCAT,2024-11-22,unchanged
RCAT,2024-12-16,unchanged
RCAT,nan,unchanged
RCB,2020-03-25,unchanged
RCB,2020-03-26,unchanged
RCEL,2020-06-30,unchanged
RCEL,2023-02-24,unchanged
RCEL,nan,unchanged
RCKT,2020-03-19,unchanged
RCKT,2020-12-09,unchanged
RCKT,2023-09-13,unchanged
RCKT,nan,unchanged
RCKY,2020-07-29,unchanged
RCKY,2023-11-02,unchanged
RCKY,2024-05-01,unchanged
RCKY,nan,unchanged
RCL,2020-03-24,unchanged
RCL,2020-03-25,unchanged
RCL,2020-04-07,unchanged
RCL,2020-11-09,unchanged
RCMT,2020-06-03,unchanged
RCMT,2020-10-06,unchanged
RCMT,2020-12-28,unchanged
RCMT,2021-02-10,unchanged
RCMT,2021-02-11,unchanged
RCMT,2021-02-24,unchanged
RCMT,2022-04-28,unchanged
RCMT,2022-08-15,unchanged
RCON,2020-03-04,unchanged
RCON,2020-03-19,unchanged
RCON,2020-04-15,unchanged
RCON,2020-05-01,unchanged
RCON,2020-09-29,unchanged
RCON,2020-10-08,unchanged
RCON,2020-10-19,unchanged
RCON,2020-10-20,unchanged
RCON,2020-12-09,unchanged
RCON,2021-01-25,unchanged
RCON,2021-01-28,unchanged
RCON,2021-03-22,unchanged
RCON,2021-03-24,unchanged
RCON,2021-06-11,unchanged
RCON,2022-04-05,unchanged
RCON,2024-02-07,unchanged
RCON,2024-04-12,unchanged
RCON,2024-04-26,unchanged
RCON,2024-08-06,unchanged
RCON,nan,unchanged
RCT,nan,unchanged
RCUS,2020-02-19,unchanged
RCUS,2020-04-16,unchanged
RCUS,2023-08-23,unchanged
RDDT,2024-03-25,unchanged
RDDT,2024-10-30,unchanged
RDGT,nan,unchanged
RDHL,2020-04-06,unchanged
RDHL,2021-08-31,unchanged
RDHL,2022-06-23,unchanged
RDHL,2022-10-19,unchanged
RDHL,2023-01-03,unchanged
RDHL,2023-01-27,unchanged
RDHL,2023-07-12,unchanged
RDHL,2023-07-14,unchanged
RDHL,2023-10-12,unchanged
RDHL,2023-10-13,unchanged
RDHL,2023-10-16,unchanged
RDHL,2023-10-17,unchanged
RDHL,2023-10-20,unchanged
RDHL,2023-11-27,unchanged
RDHL,2023-11-28,unchanged
RDHL,2023-11-29,unchanged
RDHL,2023-12-20,unchanged
RDHL,2024-01-24,unchanged
RDHL,2024-08-01,unchanged
RDHL,nan,unchanged
RDI,2020-04-17,unchanged
RDI,2020-11-09,unchanged
RDIB,2020-09-24,unchanged
RDIB,2020-11-16,unchanged
RDIB,2021-05-25,unchanged
RDIB,2022-04-11,unchanged
RDIB,2024-07-23,unchanged
RDIB,nan,unchanged
RDN,2020-03-19,unchanged
RDNT,2020-03-19,unchanged
RDTL,nan,unchanged
RDVT,2022-03-10,unchanged
RDW,2021-10-25,unchanged
RDW,2023-02-15,unchanged
RDW,nan,unchanged
RDZN,2024-01-24,unchanged
RDZN,2024-06-24,unchanged
RDZN,2024-07-02,unchanged
RDZN,2024-08-26,unchanged
RDZN,2024-12-02,unchanged
RDZN,2024-12-06,unchanged
RDZN,2024-12-10,unchanged
RDZN,2024-12-13,unchanged
RDZN,2024-12-19,unchanged
REAL,2022-11-10,unchanged
REAL,2023-11-08,unchanged
REAL,2024-03-01,unchanged
REAL,2024-12-09,unchanged
REAL,nan,unchanged
REBN,2022-08-16,unchanged
REBN,2022-12-09,unchanged
REBN,2022-12-12,unchanged
REBN,2023-03-13,unchanged
REBN,2023-11-15,unchanged
REBN,2023-11-30,unchanged
REBN,2024-01-23,unchanged
REBN,2024-03-28,unchanged
REBN,2024-05-08,unchanged
REBN,2024-05-15,unchanged
REBN,2024-06-13,unchanged
REBN,2024-06-14,unchanged
REBN,2024-08-14,unchanged
REBN,2024-12-24,unchanged
REBN,nan,unchanged
REE,2021-12-23,unchanged
REE,2023-11-13,unchanged
REE,2023-11-28,unchanged
REE,2023-12-19,unchanged
REE,2024-09-16,unchanged
REE,2024-09-17,unchanged
REE,nan,unchanged
REFR,2021-01-13,unchanged
REFR,2021-09-10,unchanged
REFR,nan,unchanged
REG,2020-11-09,unchanged
REKR,2020-08-27,unchanged
REKR,2020-10-29,unchanged
REKR,2021-01-15,unchanged
REKR,2022-06-08,unchanged
REKR,2022-12-21,unchanged
REKR,2022-12-22,unchanged
REKR,2022-12-29,unchanged
REKR,2023-02-06,unchanged
REKR,2023-07-03,unchanged
REKR,2024-05-20,unchanged
REKR,2024-12-27,unchanged
REKR,2024-12-30,unchanged
REKR,nan,unchanged
RELI,2021-02-24,unchanged
RELI,2021-05-13,unchanged
RELI,2021-11-22,unchanged
RELI,2021-12-13,unchanged
RELI,2021-12-21,unchanged
RELI,2021-12-27,unchanged
RELI,2021-12-28,unchanged
RELI,2022-01-03,unchanged
RELI,2022-01-04,unchanged
RELI,2022-01-10,unchanged
RELI,2022-07-27,unchanged
RELI,2022-08-02,unchanged
RELI,2023-04-18,unchanged
RELI,2023-09-01,unchanged
RELI,2023-11-22,unchanged
RELI,2023-12-06,unchanged
RELI,2024-03-01,unchanged
RELI,2024-03-04,unchanged
RELI,2024-04-04,unchanged
RELI,2024-05-15,unchanged
RELI,2024-06-18,unchanged
RELI,2024-06-20,unchanged
RELI,2024-12-23,unchanged
RELI,nan,unchanged
RELIW,2021-02-16,unchanged
RELIW,2021-02-17,unchanged
RELIW,2021-03-03,unchanged
RELIW,2021-03-08,unchanged
RELIW,2021-12-21,unchanged
RELIW,2021-12-28,unchanged
RELIW,2021-12-30,unchanged
RELIW,2022-01-03,unchanged
RELIW,2022-01-04,unchanged
RELIW,2022-01-10,unchanged
RELIW,2022-01-11,unchanged
RELIW,2022-01-14,unchanged
RELIW,2022-01-25,unchanged
RELIW,2022-02-10,unchanged
RELIW,2022-02-11,unchanged
RELIW,2022-02-14,unchanged
RELL,2021-02-09,unchanged
RELY,2023-08-03,unchanged
RELY,2024-10-31,unchanged
RENT,2022-03-18,unchanged
RENT,2022-12-08,unchanged
RENT,2023-12-11,unchanged
RENT,2024-01-08,unchanged
RENT,2024-01-09,unchanged
RENT,2024-04-10,unchanged
RENT,2024-04-11,unchanged
RENT,2024-04-12,unchanged
RENT,2024-05-10,unchanged
RENT,2024-05-13,unchanged
RENT,2024-05-14,unchanged
RENT,2024-05-17,unchanged
RENT,2024-05-30,unchanged
RENT,nan,unchanged
REPL,2020-04-30,unchanged
REPL,2020-10-14,unchanged
REPL,2024-06-06,unchanged
REPL,2024-11-22,unchanged
REPL,nan,unchanged
RERE,2022-04-29,unchanged
RERE,2024-03-12,unchanged
RETO,2020-07-10,unchanged
RETO,2020-09-04,unchanged
RETO,2020-09-16,unchanged
RETO,2020-10-09,unchanged
RETO,2021-02-22,unchanged
RETO,2021-03-04,unchanged
RETO,2021-06-23,unchanged
RETO,2021-10-27,unchanged
RETO,2021-11-16,unchanged
RETO,2022-08-09,unchanged
RETO,2023-07-12,unchanged
RETO,2023-08-03,unchanged
RETO,2023-08-15,unchanged
RETO,2023-08-16,unchanged
RETO,2023-08-18,unchanged
RETO,2023-08-30,unchanged
RETO,2023-10-11,unchanged
RETO,2024-03-06,unchanged
RETO,2024-03-21,unchanged
RETO,2024-04-10,unchanged
RETO,2024-06-05,unchanged
RETO,2024-06-27,unchanged
RETO,2024-08-23,unchanged
RETO,2024-08-30,unchanged
RETO,nan,unchanged
REVB,2023-04-14,unchanged
REVB,2023-04-17,unchanged
REVB,2024-01-24,unchanged
REVB,2024-01-29,unchanged
REVB,2024-01-31,unchanged
REVB,2024-06-24,unchanged
REVB,2024-08-21,unchanged
REVB,2024-12-24,unchanged
REVB,2024-12-31,unchanged
REVB,nan,unchanged
REX,2023-11-30,unchanged
REX,2024-03-28,unchanged
REZI,2020-11-05,unchanged
RFL,nan,unchanged
RFpC,2020-03-19,unchanged
RGC,2021-08-25,unchanged
RGC,2021-08-31,unchanged
RGC,nan,unchanged
RGNX,2021-09-13,unchanged
RGNX,2024-03-05,unchanged
RGS,2020-03-24,unchanged
RGS,2022-06-10,unchanged
RGS,2022-06-22,unchanged
RGS,2022-08-15,unchanged
RGS,2023-12-07,unchanged
RGS,2023-12-26,unchanged
RGS,2023-12-27,unchanged
RGS,2023-12-28,unchanged
RGS,2024-06-25,unchanged
RGTI,2023-02-03,unchanged
RGTI,2023-02-10,unchanged
RGTI,2023-05-26,unchanged
RGTI,2023-06-06,unchanged
RGTI,2023-06-08,unchanged
RGTI,2023-08-01,unchanged
RGTI,2023-08-11,unchanged
RGTI,2024-07-10,unchanged
RGTI,2024-11-25,unchanged
RGTI,2024-12-06,unchanged
RGTI,2024-12-10,unchanged
RGTI,2024-12-16,unchanged
RGTI,2024-12-17,unchanged
RGTI,2024-12-20,unchanged
RGTI,2024-12-23,unchanged
RGTI,2024-12-26,unchanged
RGTI,nan,unchanged
RGTIW,2022-05-13,unchanged
RGTIW,2022-06-16,unchanged
RGTIW,2024-11-25,unchanged
RGTIW,2024-12-10,unchanged
RGTIW,2024-12-11,unchanged
RGTIW,2024-12-20,unchanged
RGTIW,2024-12-23,unchanged
RGTIW,2024-12-26,unchanged
RGTIW,2024-12-27,unchanged
RGTIW,nan,unchanged
RGTX,nan,unchanged
RGTZ,nan,unchanged
RH,2020-03-24,unchanged
RH,nan,unchanged
RHLD,nan,unchanged
RHP,2020-03-19,unchanged
RHP,2020-03-24,unchanged
RHP,2020-11-09,unchanged
RICK,2020-04-29,unchanged
RICK,2020-05-18,unchanged
RICK,2021-02-10,unchanged
RIG,2020-04-09,unchanged
RIG,2020-06-05,unchanged
RIG,2020-06-08,unchanged
RIG,2020-11-23,unchanged
RIG,2020-11-24,unchanged
RIG,2021-01-27,unchanged
RIGL,2020-07-13,unchanged
RIGL,2020-07-14,unchanged
RIGL,2022-12-02,unchanged
RIGL,2023-05-17,unchanged
RIGL,2024-06-27,unchanged
RIGL,2024-11-08,unchanged
RIGL,nan,unchanged
RILY,2023-05-05,unchanged
RILY,2024-02-22,unchanged
RILY,2024-03-04,unchanged
RILY,2024-04-24,unchanged
RILY,2024-08-16,unchanged
RILY,2024-08-21,unchanged
RILY,2024-10-14,unchanged
RILY,nan,unchanged
RILYG,2020-03-19,unchanged
RILYG,2024-08-16,unchanged
RILYG,2024-10-14,unchanged
RILYG,nan,unchanged
RILYK,2024-08-22,unchanged
RILYL,2024-08-16,unchanged
RILYL,2024-08-21,unchanged
RILYL,2024-08-22,unchanged
RILYL,2024-10-14,unchanged
RILYL,2024-10-16,unchanged
RILYL,nan,unchanged
RILYN,2024-08-16,unchanged
RILYN,2024-08-22,unchanged
RILYP,2020-03-19,unchanged
RILYP,2024-08-16,unchanged
RILYP,2024-08-21,unchanged
RILYP,2024-08-22,unchanged
RILYP,2024-10-14,unchanged
RILYP,nan,unchanged
RILYT,2024-08-22,unchanged
RILYZ,2020-03-19,unchanged
RILYZ,2024-08-16,unchanged
RIME,2024-09-16,unchanged
RIME,2024-10-07,unchanged
RIME,2024-12-09,unchanged
RIME,2024-12-17,unchanged
RIME,2024-12-23,unchanged
RIME,2024-12-31,unchanged
RIME,nan,unchanged
RIOT,2020-05-08,unchanged
RIOT,2020-05-14,unchanged
RIOT,2020-06-02,unchanged
RIOT,2020-07-27,unchanged
RIOT,2020-08-03,unchanged
RIOT,2020-08-05,unchanged
RIOT,2020-11-17,unchanged
RIOT,2020-11-30,unchanged
RIOT,2020-12-22,unchanged
RIOT,2020-12-28,unchanged
RIOT,2021-02-08,unchanged
RIOT,2021-02-17,unchanged
RIOT,2021-03-09,unchanged
RITR,2024-08-26,unchanged
RITR,2024-10-01,unchanged
RITR,2024-11-05,unchanged
RITR,2024-12-04,unchanged
RITR,nan,unchanged
RIVN,2024-06-26,unchanged
RKDA,2020-01-30,unchanged
RKDA,2021-02-10,unchanged
RKDA,2021-03-31,unchanged
RKDA,2022-01-04,unchanged
RKDA,2022-03-10,unchanged
RKDA,2022-03-24,unchanged
RKDA,2022-12-13,unchanged
RKDA,2023-03-02,unchanged
RKDA,2023-09-01,unchanged
RKDA,2023-12-28,unchanged
RKDA,2024-05-14,unchanged
RKDA,2024-12-05,unchanged
RKDA,nan,unchanged
RKLB,2021-09-09,unchanged
RKLB,2023-12-22,unchanged
RKLB,2024-11-13,unchanged
RKLB,nan,unchanged
RKLX,nan,unchanged
RKT,2021-03-02,unchanged
RLAY,2021-10-08,unchanged
RLAY,2022-09-08,unchanged
RLAY,2024-09-09,unchanged
RLJ,2020-03-24,unchanged
RLJ,2020-03-25,unchanged
RLJ,2020-11-09,unchanged
RLJpA,2020-03-20,unchanged
RLMD,2021-07-27,unchanged
RLMD,2022-12-09,unchanged
RLMD,2022-12-12,unchanged
RLMD,2023-12-27,unchanged
RLMD,nan,unchanged
RLX,2022-03-15,unchanged
RLX,2022-03-16,unchanged
RLX,2022-10-26,unchanged
RLYB,2021-07-30,unchanged
RLYB,2022-05-23,unchanged
RLYB,2022-12-13,unchanged
RLYB,2024-02-06,unchanged
RLYB,2024-04-11,unchanged
RM,2020-05-15,unchanged
RMAX,2020-03-19,unchanged
RMCF,2020-03-23,unchanged
RMCF,2021-02-05,unchanged
RMCF,2021-02-09,unchanged
RMCF,nan,unchanged
RMCO,2023-11-08,unchanged
RMCO,2023-11-16,unchanged
RMCO,2023-12-22,unchanged
RMCO,2024-02-29,unchanged
RMCO,2024-06-03,unchanged
RMCO,nan,unchanged
RMNI,2022-03-03,unchanged
RMNI,2024-12-16,unchanged
RMNI,nan,unchanged
RMSG,2024-12-11,unchanged
RMSG,2024-12-19,unchanged
RMSG,nan,unchanged
RMTI,2020-01-15,unchanged
RMTI,2020-03-17,unchanged
RMTI,2020-09-10,unchanged
RMTI,2020-09-22,unchanged
RMTI,2021-02-09,unchanged
RMTI,2021-11-17,unchanged
RMTI,2022-01-13,unchanged
RMTI,2023-02-02,unchanged
RMTI,2023-07-17,unchanged
RMTI,nan,unchanged
RNA,2022-12-14,unchanged
RNA,2024-06-12,unchanged
RNA,nan,unchanged
RNAC,2023-12-01,unchanged
RNAC,nan,unchanged
RNAZ,2023-10-24,unchanged
RNAZ,2024-05-03,unchanged
RNAZ,2024-05-07,unchanged
RNAZ,2024-05-09,unchanged
RNAZ,2024-05-10,unchanged
RNAZ,2024-05-14,unchanged
RNAZ,2024-05-17,unchanged
RNAZ,2024-05-24,unchanged
RNAZ,2024-09-17,unchanged
RNAZ,2024-09-18,unchanged
RNAZ,2024-09-24,unchanged
RNAZ,2024-09-25,unchanged
RNAZ,2024-10-03,unchanged
RNAZ,2024-10-10,unchanged
RNAZ,2024-11-26,unchanged
RNAZ,nan,unchanged
RNG,2021-11-10,unchanged
RNG,2022-11-10,unchanged
RNGR,2020-03-12,unchanged
RNGR,2020-03-13,unchanged
RNP,2020-03-19,unchanged
RNTX,nan,unchanged
RNWWW,2022-01-28,unchanged
RNXT,2021-08-27,unchanged
RNXT,2021-08-30,unchanged
RNXT,2021-09-07,unchanged
RNXT,2021-11-10,unchanged
RNXT,2021-11-30,unchanged
RNXT,2022-03-23,unchanged
RNXT,2022-12-15,unchanged
RNXT,2023-01-17,unchanged
RNXT,2023-03-29,unchanged
RNXT,2023-06-29,unchanged
RNXT,2023-12-28,unchanged
RNXT,2023-12-29,unchanged
RNXT,2024-01-29,unchanged
RNXT,2024-04-08,unchanged
RNXT,2024-09-20,unchanged
RNXT,2024-11-22,unchanged
ROG,2021-11-02,unchanged
ROIV,2021-10-26,unchanged
ROIV,2021-12-01,unchanged
ROIV,2021-12-20,unchanged
ROKU,2023-07-28,unchanged
ROKU,2023-11-02,unchanged
ROMA,2024-01-10,unchanged
ROMA,2024-01-11,unchanged
ROMA,2024-01-17,unchanged
ROMA,2024-02-02,unchanged
ROMA,2024-02-08,unchanged
ROMA,2024-02-15,unchanged
ROMA,2024-02-22,unchanged
ROMA,2024-03-01,unchanged
ROMA,nan,unchanged
ROOT,2021-01-13,unchanged
ROOT,2021-08-30,unchanged
ROOT,2021-11-11,unchanged
ROOT,2023-06-21,unchanged
ROOT,2023-06-22,unchanged
ROOT,2024-02-22,unchanged
ROOT,2024-02-23,unchanged
ROOT,2024-02-26,unchanged
ROOT,2024-03-01,unchanged
ROOT,2024-10-31,unchanged
ROOT,nan,unchanged
RPAY,2022-11-10,unchanged
RPD,2023-02-01,unchanged
RPGL,nan,unchanged
RPID,2022-06-30,unchanged
RPID,nan,unchanged
RPT,2020-11-09,unchanged
RPTX,2022-06-02,unchanged
RPTX,2023-11-15,unchanged
RPTX,2024-12-11,unchanged
RR,2024-01-25,unchanged
RR,2024-07-22,unchanged
RR,2024-07-29,unchanged
RR,2024-08-20,unchanged
RR,2024-08-26,unchanged
RR,2024-09-23,unchanged
RR,2024-12-09,unchanged
RR,2024-12-17,unchanged
RR,2024-12-18,unchanged
RR,2024-12-23,unchanged
RR,2024-12-26,unchanged
RR,2024-12-27,unchanged
RR,2024-12-30,unchanged
RR,nan,unchanged
RRBI,2020-03-17,unchanged
RRC,2020-03-09,unchanged
RRC,2020-03-13,unchanged
RRGB,2020-03-19,unchanged
RRGB,2020-03-23,unchanged
RRGB,2020-03-25,unchanged
RRGB,2020-11-09,unchanged
RRGB,2023-03-01,unchanged
RRGB,nan,unchanged
RRR,2020-03-19,unchanged
RRR,2020-03-20,unchanged
RSI,2024-03-07,unchanged
RSI,2024-05-02,unchanged
RSVRW,2021-09-07,unchanged
RSVRW,2022-01-13,unchanged
RSVRW,2022-02-11,unchanged
RSVRW,2022-05-13,unchanged
RSVRW,2022-10-03,unchanged
RSVRW,2023-10-31,unchanged
RSVRW,2024-03-27,unchanged
RSVRW,2024-04-22,unchanged
RSVRW,2024-06-28,unchanged
RSVRW,2024-07-31,unchanged
RSVRW,2024-08-30,unchanged
RSVRW,2024-09-30,unchanged
RSVRW,nan,unchanged
RUBI,nan,unchanged
RUM,2024-01-22,unchanged
RUM,2024-01-23,unchanged
RUM,2024-12-23,unchanged
RUM,2024-12-26,unchanged
RUM,nan,unchanged
RUMBW,2023-01-06,unchanged
RUMBW,2024-01-22,unchanged
RUMBW,2024-01-23,unchanged
RUMBW,2024-07-15,unchanged
RUMBW,2024-12-23,unchanged
RUMBW,2024-12-26,unchanged
RUMBW,nan,unchanged
RUN,2022-07-28,unchanged
RUN,2022-11-10,unchanged
RUN,nan,unchanged
RVLV,2020-05-08,unchanged
RVLV,2021-02-25,unchanged
RVLV,2024-08-07,unchanged
RVMDW,2023-12-05,unchanged
RVPH,2021-04-26,unchanged
RVPH,2022-06-30,unchanged
RVPH,2022-08-22,unchanged
RVPH,2022-08-23,unchanged
RVPH,2022-08-29,unchanged
RVPH,2023-10-30,unchanged
RVPH,2024-07-23,unchanged
RVPH,2024-08-20,unchanged
RVPH,2024-11-12,unchanged
RVPH,2024-12-09,unchanged
RVPH,2024-12-10,unchanged
RVPHW,2021-04-26,unchanged
RVPHW,2022-11-07,unchanged
RVPHW,2022-11-16,unchanged
RVPHW,2023-04-25,unchanged
RVPHW,2023-05-03,unchanged
RVPHW,2023-09-08,unchanged
RVPHW,2023-10-30,unchanged
RVPHW,2023-11-21,unchanged
RVPHW,2023-11-22,unchanged
RVPHW,2023-12-22,unchanged
RVSN,2022-05-04,unchanged
RVSN,2022-05-12,unchanged
RVSN,2022-08-03,unchanged
RVSN,2022-10-07,unchanged
RVSN,2022-10-27,unchanged
RVSN,2023-02-02,unchanged
RVSN,2023-11-14,unchanged
RVSN,2023-11-15,unchanged
RVSN,2024-01-16,unchanged
RVSN,2024-01-17,unchanged
RVSN,2024-01-22,unchanged
RVSN,2024-01-23,unchanged
RVSN,2024-01-25,unchanged
RVSN,2024-01-26,unchanged
RVSN,2024-01-29,unchanged
RVSN,2024-01-30,unchanged
RVSN,2024-02-05,unchanged
RVSN,2024-02-29,unchanged
RVSN,2024-03-06,unchanged
RVSN,2024-03-11,unchanged
RVSN,2024-04-09,unchanged
RVSN,2024-07-26,unchanged
RVSN,2024-12-27,unchanged
RVSN,2024-12-30,unchanged
RVYL,2023-01-05,unchanged
RVYL,2023-04-10,unchanged
RVYL,2023-04-17,unchanged
RVYL,2023-05-24,unchanged
RVYL,2023-06-27,unchanged
RVYL,2023-07-13,unchanged
RVYL,2023-09-11,unchanged
RVYL,2023-11-21,unchanged
RVYL,2023-11-22,unchanged
RVYL,2023-12-19,unchanged
RVYL,2024-06-10,unchanged
RVYL,2024-07-08,unchanged
RVYL,2024-10-02,unchanged
RVYL,2024-10-10,unchanged
RVYL,2024-11-25,unchanged
RVYL,nan,unchanged
RWT,2020-03-25,unchanged
RWT,2020-03-26,unchanged
RWT,2020-04-07,unchanged
RXRX,2023-05-22,unchanged
RXRX,2023-07-12,unchanged
RXRX,nan,unchanged
RXST,2022-01-10,unchanged
RXT,2022-11-10,unchanged
RXT,2023-05-22,unchanged
RXT,2023-06-30,unchanged
RXT,2023-09-19,unchanged
RYAM,2020-03-13,unchanged
RYAM,2020-03-20,unchanged
RYAM,2020-04-29,unchanged
RYAM,2020-06-03,unchanged
RYAM,2020-11-24,unchanged
RYAM,2022-11-02,unchanged
RYAM,2024-08-07,unchanged
RYET,nan,unchanged
RYM,nan,unchanged
RYOJ,nan,unchanged
RYTM,2022-07-12,unchanged
RYTM,2022-07-13,unchanged
RYTM,2022-08-02,unchanged
RYTM,2023-08-01,unchanged
RYTM,nan,unchanged
RZLT,2021-03-08,unchanged
RZLT,2021-05-03,unchanged
RZLT,2021-05-27,unchanged
RZLT,2021-06-01,unchanged
RZLT,2022-03-18,unchanged
RZLT,2024-06-05,unchanged
RZLT,nan,unchanged
RZLV,2024-08-21,unchanged
RZLV,2024-08-22,unchanged
RZLV,2024-09-17,unchanged
RZLV,2024-09-19,unchanged
RZLV,2024-09-25,unchanged
RZLV,2024-10-03,unchanged
RZLV,2024-12-11,unchanged
RZLV,2024-12-17,unchanged
RZLV,2024-12-18,unchanged
RZLV,2024-12-26,unchanged
RZLV,nan,unchanged
RZLVW,2024-12-30,unchanged
RZLVW,nan,unchanged
S,2020-02-11,unchanged
S,2021-06-30,unchanged
SA,2020-03-17,unchanged
SABR,2020-03-23,unchanged
SABR,2020-03-24,unchanged
SABR,2020-03-25,unchanged
SABR,2020-11-09,unchanged
SABR,2023-08-03,unchanged
SABS,2021-10-26,unchanged
SABS,2021-11-02,unchanged
SABS,2022-03-31,unchanged
SABS,2022-06-24,unchanged
SABS,2023-04-13,unchanged
SABS,2023-04-18,unchanged
SABS,2023-04-27,unchanged
SABS,2023-05-04,unchanged
SABS,2024-10-16,unchanged
SABS,2024-12-09,unchanged
SABS,2024-12-19,unchanged
SABS,nan,unchanged
SABSW,2021-10-26,unchanged
SABSW,2021-11-02,unchanged
SAFX,nan,unchanged
SAGT,nan,unchanged
SAH,2020-04-29,unchanged
SAIH,2024-10-16,unchanged
SAIH,2024-10-18,unchanged
SAIH,nan,unchanged
SAIL,2021-11-10,unchanged
SAM,2024-05-31,unchanged
SAMG,2020-03-17,unchanged
SANA,2023-04-13,unchanged
SANA,2024-01-10,unchanged
SANA,nan,unchanged
SANG,2024-05-20,unchanged
SANM,2024-01-30,unchanged
SANM,nan,unchanged
SAR,2020-03-19,unchanged
SAR,2020-03-25,unchanged
SAR,2020-03-26,unchanged
SATL,2023-11-20,unchanged
SATL,2023-11-27,unchanged
SATL,2023-11-29,unchanged
SATL,2023-12-07,unchanged
SATL,2024-03-04,unchanged
SATL,2024-05-08,unchanged
SATL,2024-07-12,unchanged
SATL,2024-11-20,unchanged
SATL,2024-11-29,unchanged
SATL,2024-12-04,unchanged
SATL,2024-12-05,unchanged
SATL,2024-12-06,unchanged
SATL,2024-12-09,unchanged
SATL,nan,unchanged
SATLW,2022-04-06,unchanged
SATLW,2022-04-27,unchanged
SATLW,2022-05-04,unchanged
SATS,2024-01-10,unchanged
SATS,nan,unchanged
SAVA,2020-01-03,unchanged
SAVA,2020-01-28,unchanged
SAVA,2020-04-23,unchanged
SAVA,2020-06-03,unchanged
SAVA,2020-07-13,unchanged
SAVA,2020-08-12,unchanged
SAVA,2020-09-14,unchanged
SAVA,2020-09-18,unchanged
SAVA,2020-11-04,unchanged
SAVA,2021-01-13,unchanged
SAVA,2021-01-26,unchanged
SAVA,2021-02-02,unchanged
SAVA,2021-02-03,unchanged
SAVA,2021-02-04,unchanged
SAVA,2021-02-08,unchanged
SAVA,2021-06-11,unchanged
SAVA,2021-07-21,unchanged
SAVA,2021-11-02,unchanged
SAVA,2021-11-04,unchanged
SAVA,2021-12-21,unchanged
SAVA,2022-05-31,unchanged
SAVA,2022-08-17,unchanged
SAVA,2022-09-20,unchanged
SAVA,2022-09-22,unchanged
SAVA,2023-12-21,unchanged
SAVA,2024-07-22,unchanged
SAVA,2024-07-31,unchanged
SAVA,2024-08-05,unchanged
SAVA,2024-11-21,unchanged
SAVA,nan,unchanged
SB,2020-03-17,unchanged
SBC,2024-09-25,unchanged
SBC,nan,unchanged
SBDS,nan,unchanged
SBET,2022-06-06,unchanged
SBET,2022-06-09,unchanged
SBET,2023-01-31,unchanged
SBET,2023-02-01,unchanged
SBET,2024-01-19,unchanged
SBET,2024-02-13,unchanged
SBET,2024-07-08,unchanged
SBET,2024-09-23,unchanged
SBET,2024-11-08,unchanged
SBET,2024-12-06,unchanged
SBET,nan,unchanged
SBFM,2022-03-09,unchanged
SBFM,2022-03-15,unchanged
SBFM,2022-04-05,unchanged
SBFM,2022-04-06,unchanged
SBFM,2022-04-07,unchanged
SBFM,2022-04-19,unchanged
SBFM,2022-04-25,unchanged
SBFM,2022-05-24,unchanged
SBFM,2022-07-26,unchanged
SBFM,2022-10-14,unchanged
SBFM,2022-10-19,unchanged
SBFM,2023-05-11,unchanged
SBFM,2024-03-05,unchanged
SBFM,2024-04-01,unchanged
SBFM,2024-04-03,unchanged
SBFM,2024-04-05,unchanged
SBFM,2024-04-16,unchanged
SBFM,2024-04-26,unchanged
SBFM,2024-05-14,unchanged
SBFM,2024-06-13,unchanged
SBFM,2024-06-18,unchanged
SBFM,2024-06-25,unchanged
SBFM,2024-11-22,unchanged
SBFM,nan,unchanged
SBFMW,2022-03-15,unchanged
SBFMW,2022-03-16,unchanged
SBFMW,2022-03-17,unchanged
SBFMW,2022-03-21,unchanged
SBFMW,2022-04-05,unchanged
SBFMW,2022-04-06,unchanged
SBFMW,2022-04-07,unchanged
SBFMW,2022-04-12,unchanged
SBFMW,2022-04-19,unchanged
SBFMW,2022-04-22,unchanged
SBFMW,2022-04-25,unchanged
SBFMW,2022-04-27,unchanged
SBFMW,2022-05-05,unchanged
SBFMW,2022-05-11,unchanged
SBFMW,2022-05-19,unchanged
SBFMW,2022-07-26,unchanged
SBFMW,2023-05-11,unchanged
SBGI,2020-03-25,unchanged
SBGI,2023-11-02,unchanged
SBLX,nan,unchanged
SBRA,2020-03-19,unchanged
SBXD.WS,nan,unchanged
SCAG,nan,unchanged
SCKT,2020-05-19,unchanged
SCKT,2020-06-02,unchanged
SCKT,2020-07-21,unchanged
SCKT,2020-07-27,unchanged
SCKT,2020-10-23,unchanged
SCKT,2020-10-28,unchanged
SCKT,2021-02-16,unchanged
SCKT,2021-02-25,unchanged
SCKT,2021-03-09,unchanged
SCKT,2021-07-23,unchanged
SCLX,2022-11-23,unchanged
SCLX,2023-01-03,unchanged
SCLX,2023-01-26,unchanged
SCLX,2023-04-05,unchanged
SCLX,2023-05-15,unchanged
SCLX,2023-11-24,unchanged
SCLX,2024-05-20,unchanged
SCLX,2024-06-17,unchanged
SCLX,2024-10-16,unchanged
SCLX,2024-11-25,unchanged
SCLX,nan,unchanged
SCLXW,2023-01-19,unchanged
SCLXW,2023-01-26,unchanged
SCLXW,2023-01-27,unchanged
SCLXW,2023-02-06,unchanged
SCLXW,2023-02-07,unchanged
SCLXW,2023-04-05,unchanged
SCLXW,2023-04-10,unchanged
SCLXW,2023-05-15,unchanged
SCM,2020-03-19,unchanged
SCM,2020-03-24,unchanged
SCNI,2024-06-13,unchanged
SCNI,2024-06-14,unchanged
SCNI,2024-06-17,unchanged
SCNI,2024-07-15,unchanged
SCNI,2024-09-18,unchanged
SCNI,nan,unchanged
SCNX,nan,unchanged
SCOR,2020-03-19,unchanged
SCOR,2021-01-07,unchanged
SCOR,2023-12-19,unchanged
SCOR,2024-11-13,unchanged
SCOR,nan,unchanged
SCS,nan,unchanged
SCWO,2022-01-06,unchanged
SCWO,2022-01-07,unchanged
SCWO,2022-06-14,unchanged
SCWO,2022-06-30,unchanged
SCWO,2024-10-07,unchanged
SCWO,nan,unchanged
SCYX,2020-01-08,unchanged
SCYX,2020-10-08,unchanged
SCYX,2021-11-15,unchanged
SCYX,2023-03-01,unchanged
SCYX,2023-03-21,unchanged
SCYX,2023-03-22,unchanged
SCYX,2023-03-30,unchanged
SD,2020-03-20,unchanged
SD,2020-03-25,unchanged
SD,2020-04-13,unchanged
SD,2020-04-14,unchanged
SD,2020-04-21,unchanged
SD,2020-04-27,unchanged
SD,2020-08-03,unchanged
SD,2020-11-05,unchanged
SDA,2023-05-19,unchanged
SDA,2023-05-23,unchanged
SDA,2023-05-25,unchanged
SDA,2023-05-31,unchanged
SDA,2023-06-12,unchanged
SDA,2023-06-15,unchanged
SDA,2023-07-19,unchanged
SDA,2023-07-24,unchanged
SDA,2023-08-04,unchanged
SDGR,2020-02-20,unchanged
SDGR,2023-03-01,unchanged
SDM,nan,unchanged
SDOT,2024-06-14,unchanged
SDOT,2024-07-15,unchanged
SDOT,2024-11-20,unchanged
SDOT,2024-11-29,unchanged
SDOT,nan,unchanged
SDRL,2022-10-14,unchanged
SDST,2024-07-12,unchanged
SDST,2024-07-17,unchanged
SDST,2024-07-31,unchanged
SDST,nan,unchanged
SE,2022-11-15,unchanged
SEAT,nan,unchanged
SEATW,2022-05-26,unchanged
SEATW,2023-05-09,unchanged
SEATW,2023-07-14,unchanged
SEATW,2023-09-08,unchanged
SEATW,2023-11-07,unchanged
SEATW,2023-12-27,unchanged
SEATW,2023-12-29,unchanged
SEATW,2024-02-02,unchanged
SEATW,2024-02-23,unchanged
SEDG,nan,unchanged
SEED,2020-01-10,unchanged
SEED,2020-06-12,unchanged
SEED,2020-06-15,unchanged
SEED,2020-07-02,unchanged
SEED,2020-07-15,unchanged
SEED,2020-07-27,unchanged
SEED,2020-12-18,unchanged
SEED,2021-07-08,unchanged
SEED,2021-07-12,unchanged
SEED,2022-02-07,unchanged
SEED,2022-03-04,unchanged
SEED,2022-04-07,unchanged
SEED,2023-11-20,unchanged
SEED,2024-02-21,unchanged
SEED,2024-05-09,unchanged
SEED,2024-08-23,unchanged
SEED,nan,unchanged
SEER,2022-08-10,unchanged
SEER,2023-03-03,unchanged
SEI,nan,unchanged
SELF,2024-05-07,unchanged
SELX,2024-03-08,unchanged
SELX,2024-03-11,unchanged
SELX,2024-03-12,unchanged
SELX,2024-08-12,unchanged
SELX,2024-10-14,unchanged
SEMR,2021-06-24,unchanged
SENS,2020-03-25,unchanged
SENS,2020-12-23,unchanged
SENS,2020-12-24,unchanged
SENS,2021-01-05,unchanged
SENS,2021-01-14,unchanged
SENS,2021-01-15,unchanged
SENS,2021-01-19,unchanged
SENS,2021-01-20,unchanged
SENS,2021-06-04,unchanged
SENS,2022-08-03,unchanged
SENS,2024-09-17,unchanged
SENS,nan,unchanged
SEPN,nan,unchanged
SERA,2022-03-17,unchanged
SERA,2022-03-21,unchanged
SERA,2022-06-24,unchanged
SERA,2023-02-15,unchanged
SERA,2023-02-16,unchanged
SERA,2023-12-06,unchanged
SERA,2024-01-11,unchanged
SERA,nan,unchanged
SERV,2024-05-29,unchanged
SERV,2024-05-30,unchanged
SERV,2024-07-05,unchanged
SERV,2024-07-19,unchanged
SERV,2024-07-22,unchanged
SERV,2024-07-25,unchanged
SERV,2024-07-26,unchanged
SERV,2024-07-29,unchanged
SERV,2024-08-06,unchanged
SERV,2024-08-14,unchanged
SERV,2024-10-28,unchanged
SERV,nan,unchanged
SES,2020-04-23,unchanged
SES,2020-04-24,unchanged
SES,2022-02-04,unchanged
SES,2022-03-07,unchanged
SES,2024-12-26,unchanged
SES,2024-12-27,unchanged
SES,nan,unchanged
SES.WS,2022-03-24,unchanged
SES.WS,2022-05-13,unchanged
SES.WS,2022-09-06,unchanged
SEV,2022-04-19,unchanged
SEV,2022-11-11,unchanged
SEV,2023-01-13,unchanged
SEV,nan,unchanged
SEZL,2023-09-19,unchanged
SEZL,2023-11-10,unchanged
SEZL,2023-12-19,unchanged
SEZL,2023-12-22,unchanged
SEZL,2024-01-18,unchanged
SEZL,2024-05-09,unchanged
SEZL,2024-08-08,unchanged
SEZL,2024-11-08,unchanged
SEZL,nan,unchanged
SFHG,2024-10-17,unchanged
SFHG,2024-12-05,unchanged
SFHG,2024-12-26,unchanged
SFHG,2024-12-27,unchanged
SFHG,nan,unchanged
SFIX,2020-12-08,unchanged
SFIX,2022-11-10,unchanged
SFIX,2023-06-07,unchanged
SFIX,2024-06-05,unchanged
SFIX,2024-12-11,unchanged
SFWL,2023-04-10,unchanged
SFWL,2023-05-09,unchanged
SFWL,2023-05-11,unchanged
SFWL,2023-05-31,unchanged
SFWL,2023-06-26,unchanged
SFWL,2023-07-25,unchanged
SFWL,2023-08-14,unchanged
SFWL,2023-09-05,unchanged
SFWL,2023-09-12,unchanged
SFWL,2023-10-12,unchanged
SFWL,2023-12-21,unchanged
SFWL,2023-12-22,unchanged
SFWL,2024-01-04,unchanged
SFWL,2024-04-05,unchanged
SFWL,2024-04-26,unchanged
SFWL,2024-06-26,unchanged
SFpB,2020-03-19,unchanged
SG,2020-03-27,unchanged
SG,2020-08-07,unchanged
SG,2021-11-18,unchanged
SG,2024-03-01,unchanged
SG,2024-05-10,unchanged
SG,2024-08-09,unchanged
SGA,2021-05-11,unchanged
SGBX,2020-03-31,unchanged
SGBX,2020-05-05,unchanged
SGBX,2020-09-25,unchanged
SGBX,2020-10-16,unchanged
SGBX,2021-10-22,unchanged
SGBX,2022-04-01,unchanged
SGBX,2023-03-30,unchanged
SGBX,2023-09-21,unchanged
SGBX,2023-11-16,unchanged
SGBX,2024-03-08,unchanged
SGBX,2024-04-25,unchanged
SGBX,2024-05-02,unchanged
SGBX,2024-05-03,unchanged
SGBX,2024-05-17,unchanged
SGBX,2024-11-06,unchanged
SGBX,2024-11-29,unchanged
SGBX,2024-12-02,unchanged
SGBX,nan,unchanged
SGC,2020-03-17,unchanged
SGC,2020-07-29,unchanged
SGD,2023-11-10,unchanged
SGD,2023-11-16,unchanged
SGD,2023-11-17,unchanged
SGD,2023-11-21,unchanged
SGD,2023-12-13,unchanged
SGD,2024-01-05,unchanged
SGD,2024-03-08,unchanged
SGD,2024-03-11,unchanged
SGD,2024-05-02,unchanged
SGD,2024-05-08,unchanged
SGD,2024-05-09,unchanged
SGD,2024-07-22,unchanged
SGD,2024-08-14,unchanged
SGD,2024-10-15,unchanged
SGD,2024-10-17,unchanged
SGD,2024-10-23,unchanged
SGD,nan,unchanged
SGHT,2022-11-11,unchanged
SGHT,2023-12-26,unchanged
SGHT,nan,unchanged
SGLY,2022-01-13,unchanged
SGLY,2022-01-31,unchanged
SGLY,2023-02-03,unchanged
SGLY,2023-10-09,unchanged
SGLY,2024-03-12,unchanged
SGLY,2024-05-24,unchanged
SGLY,2024-08-21,unchanged
SGLY,2024-08-22,unchanged
SGLY,2024-08-29,unchanged
SGLY,2024-09-06,unchanged
SGLY,2024-09-18,unchanged
SGLY,2024-09-27,unchanged
SGLY,nan,unchanged
SGML,nan,unchanged
SGMO,2020-02-28,unchanged
SGMO,2020-12-10,unchanged
SGMO,2024-02-15,unchanged
SGMO,2024-02-16,unchanged
SGMO,2024-07-26,unchanged
SGMO,2024-07-29,unchanged
SGMO,2024-08-06,unchanged
SGMO,2024-10-22,unchanged
SGMO,2024-10-23,unchanged
SGMO,2024-10-28,unchanged
SGMO,2024-12-16,unchanged
SGMT,2023-11-17,unchanged
SGMT,2023-12-12,unchanged
SGMT,2024-01-11,unchanged
SGMT,2024-01-22,unchanged
SGMT,2024-02-12,unchanged
SGMT,2024-09-09,unchanged
SGMT,2024-10-01,unchanged
SGMT,2024-12-16,unchanged
SGMT,nan,unchanged
SGRP,2020-07-28,unchanged
SGRP,2020-12-31,unchanged
SGRP,2021-01-29,unchanged
SGRP,2021-07-26,unchanged
SGRP,2024-04-01,unchanged
SGRP,2024-09-03,unchanged
SGRY,2020-04-08,unchanged
SGRY,2020-04-17,unchanged
SHBI,2020-03-17,unchanged
SHC,2022-11-21,unchanged
SHC,2023-01-10,unchanged
SHCO,2024-12-19,unchanged
SHFS,2022-10-05,unchanged
SHFS,2022-11-10,unchanged
SHFS,2023-09-13,unchanged
SHFS,2023-09-15,unchanged
SHFS,2024-07-09,unchanged
SHFS,2024-11-21,unchanged
SHFS,nan,unchanged
SHIM,2024-04-23,unchanged
SHIM,2024-04-25,unchanged
SHIM,2024-07-17,unchanged
SHIM,2024-08-02,unchanged
SHIM,2024-11-12,unchanged
SHIM,2024-12-03,unchanged
SHIM,nan,unchanged
SHIP,2020-02-13,unchanged
SHIP,2020-03-04,unchanged
SHIP,2020-03-10,unchanged
SHIP,2020-03-17,unchanged
SHIP,2020-03-25,unchanged
SHIP,2020-03-27,unchanged
SHIP,2020-03-30,unchanged
SHIP,2020-06-05,unchanged
SHIP,2020-06-08,unchanged
SHIP,2020-06-23,unchanged
SHIP,2020-06-24,unchanged
SHIP,2020-12-04,unchanged
SHIP,2021-01-11,unchanged
SHIP,2021-02-12,unchanged
SHLS,2022-11-15,unchanged
SHMD,nan,unchanged
SHO,2020-11-09,unchanged
SHOO,2020-03-19,unchanged
SHPH,2022-09-01,unchanged
SHPH,2022-09-06,unchanged
SHPH,2022-09-07,unchanged
SHPH,2022-09-16,unchanged
SHPH,2022-12-02,unchanged
SHPH,2022-12-05,unchanged
SHPH,2022-12-08,unchanged
SHPH,2022-12-13,unchanged
SHPH,2023-01-13,unchanged
SHPH,2023-05-23,unchanged
SHPH,2024-01-19,unchanged
SHPH,2024-09-05,unchanged
SHPH,2024-10-29,unchanged
SHPH,nan,unchanged
SI,2020-03-13,unchanged
SI,2020-04-17,unchanged
SI,2023-02-02,unchanged
SI,2023-03-13,unchanged
SI,2023-03-24,unchanged
SI,2023-03-27,unchanged
SI,2023-04-11,unchanged
SI,2023-05-05,unchanged
SIDU,2022-01-27,unchanged
SIDU,2022-05-06,unchanged
SIDU,2022-06-15,unchanged
SIDU,2022-06-16,unchanged
SIDU,2022-07-19,unchanged
SIDU,2022-09-07,unchanged
SIDU,2023-01-10,unchanged
SIDU,2023-02-03,unchanged
SIDU,2023-02-07,unchanged
SIDU,2023-02-15,unchanged
SIDU,2023-03-01,unchanged
SIDU,2023-08-22,unchanged
SIDU,2023-11-02,unchanged
SIDU,2023-12-28,unchanged
SIDU,2024-01-03,unchanged
SIDU,2024-02-29,unchanged
SIDU,2024-08-15,unchanged
SIDU,2024-08-19,unchanged
SIDU,2024-12-16,unchanged
SIDU,2024-12-17,unchanged
SIDU,2024-12-31,unchanged
SIDU,nan,unchanged
SIEB,2020-04-17,unchanged
SIEB,2020-05-05,unchanged
SIEB,2021-01-29,unchanged
SIEB,2021-03-11,unchanged
SIEB,2021-06-11,unchanged
SIEB,2021-08-23,unchanged
SIEB,2023-04-28,unchanged
SIFY,2020-07-15,unchanged
SIFY,2021-01-11,unchanged
SIFY,2021-02-04,unchanged
SIFY,2021-02-11,unchanged
SIFY,2021-03-05,unchanged
SIFY,2023-06-22,unchanged
SIFY,2023-07-13,unchanged
SIFY,2024-09-03,unchanged
SIG,2020-01-16,unchanged
SIG,2020-03-26,unchanged
SIGA,2022-05-19,unchanged
SIGA,2022-05-20,unchanged
SIGA,2022-05-27,unchanged
SIGA,2022-07-25,unchanged
SIGA,2023-07-28,unchanged
SIGA,2024-08-14,unchanged
SILO,2022-03-28,unchanged
SILO,2022-07-14,unchanged
SILO,2022-09-02,unchanged
SILO,2022-09-28,unchanged
SILO,2022-12-30,unchanged
SILO,2023-02-02,unchanged
SILO,2023-08-08,unchanged
SILO,2024-07-16,unchanged
SILO,2024-07-18,unchanged
SILO,nan,unchanged
SIMO,2023-07-26,unchanged
SINT,2020-06-22,unchanged
SINT,2020-06-24,unchanged
SINT,2020-08-04,unchanged
SINT,2021-02-04,unchanged
SINT,2021-03-09,unchanged
SINT,2021-07-27,unchanged
SINT,2022-10-26,unchanged
SINT,2022-12-19,unchanged
SINT,2022-12-21,unchanged
SINT,2023-01-09,unchanged
SINT,2023-02-03,unchanged
SINT,2023-11-10,unchanged
SINT,2023-12-19,unchanged
SINT,2023-12-22,unchanged
SINT,2024-02-21,unchanged
SINT,2024-04-17,unchanged
SINT,2024-04-18,unchanged
SINT,2024-04-29,unchanged
SINT,2024-05-14,unchanged
SINT,2024-05-15,unchanged
SINT,2024-05-16,unchanged
SINT,2024-05-20,unchanged
SINT,2024-06-17,unchanged
SINT,2024-09-09,unchanged
SINT,2024-11-18,unchanged
SINT,2024-11-25,unchanged
SINT,2024-12-18,unchanged
SINT,nan,unchanged
SION,nan,unchanged
SIRI,2023-07-20,unchanged
SITC,2020-11-09,unchanged
SITM,2020-03-20,unchanged
SITM,2020-03-24,unchanged
SITM,2021-08-05,unchanged
SITM,2024-05-09,unchanged
SJ,2020-08-13,unchanged
SJ,2020-11-12,unchanged
SJ,2021-03-31,unchanged
SJ,2021-04-06,unchanged
SJ,2021-04-26,unchanged
SJ,2022-09-27,unchanged
SKBL,nan,unchanged
SKIL,2024-04-24,unchanged
SKIL,2024-06-24,unchanged
SKIL,2024-06-26,unchanged
SKIL,2024-08-29,unchanged
SKIL,2024-12-11,unchanged
SKIN,2022-02-23,unchanged
SKIN,2023-09-12,unchanged
SKIN,2023-11-15,unchanged
SKIN,2024-03-13,unchanged
SKIN,nan,unchanged
SKK,2024-10-09,unchanged
SKK,2024-10-17,unchanged
SKK,2024-10-23,unchanged
SKK,2024-11-07,unchanged
SKK,2024-11-21,unchanged
SKK,2024-11-22,unchanged
SKK,2024-12-26,unchanged
SKK,nan,unchanged
SKLZ,2021-04-21,unchanged
SKLZ,2021-06-02,unchanged
SKM,2021-11-30,unchanged
SKT,2020-04-06,unchanged
SKT,2020-04-07,unchanged
SKT,2020-04-09,unchanged
SKT,2021-01-27,unchanged
SKYE,2022-02-16,unchanged
SKYE,2022-05-03,unchanged
SKYE,2022-05-12,unchanged
SKYE,2022-08-19,unchanged
SKYE,2023-02-02,unchanged
SKYE,2023-04-27,unchanged
SKYE,2023-06-21,unchanged
SKYE,2023-08-25,unchanged
SKYE,2023-08-28,unchanged
SKYE,2023-12-05,unchanged
SKYE,2023-12-06,unchanged
SKYE,2024-01-31,unchanged
SKYE,2024-02-27,unchanged
SKYE,2024-04-10,unchanged
SKYE,2024-09-23,unchanged
SKYE,nan,unchanged
SKYH,2022-02-18,unchanged
SKYH,2022-03-01,unchanged
SKYH,2022-03-02,unchanged
SKYH,2022-03-07,unchanged
SKYH,2022-03-16,unchanged
SKYH,2022-03-18,unchanged
SKYH,2022-04-21,unchanged
SKYH,2022-04-22,unchanged
SKYH,2022-04-25,unchanged
SKYH,2022-04-26,unchanged
SKYH,2022-05-06,unchanged
SKYH,2022-08-10,unchanged
SKYH,2023-02-28,unchanged
SKYH.WS,2022-03-07,unchanged
SKYH.WS,2022-03-08,unchanged
SKYH.WS,2022-03-16,unchanged
SKYH.WS,2022-03-17,unchanged
SKYH.WS,2022-03-18,unchanged
SKYH.WS,2022-04-07,unchanged
SKYH.WS,2022-04-26,unchanged
SKYH.WS,2023-12-01,unchanged
SKYH.WS,2023-12-08,unchanged
SKYH.WS,2024-04-02,unchanged
SKYH.WS,2024-04-22,unchanged
SKYH.WS,2024-11-14,unchanged
SKYH.WS,2024-12-11,unchanged
SKYQ,nan,unchanged
SKYT,2021-08-24,unchanged
SKYT,2022-08-16,unchanged
SKYT,2022-11-08,unchanged
SKYT,2023-02-14,unchanged
SKYT,2024-08-08,unchanged
SKYT,2024-12-17,unchanged
SKYT,2024-12-18,unchanged
SKYT,nan,unchanged
SKYW,2020-03-19,unchanged
SKYW,2020-03-20,unchanged
SKYW,2020-03-24,unchanged
SKYX,2022-03-01,unchanged
SKYX,2022-05-12,unchanged
SKYX,2022-06-08,unchanged
SKYX,2022-07-11,unchanged
SKYX,2022-07-18,unchanged
SKYX,2022-07-28,unchanged
SKYX,2023-11-14,unchanged
SLDB,2020-10-01,unchanged
SLDB,2020-12-11,unchanged
SLDB,2020-12-15,unchanged
SLDB,2021-02-23,unchanged
SLDB,2022-03-11,unchanged
SLDB,2023-11-02,unchanged
SLDB,2023-11-15,unchanged
SLDB,2023-12-07,unchanged
SLDB,2024-01-08,unchanged
SLDB,2024-01-09,unchanged
SLDB,nan,unchanged
SLDP,2024-01-23,unchanged
SLDP,2024-12-26,unchanged
SLDP,2024-12-27,unchanged
SLDP,nan,unchanged
SLDPW,2021-12-14,unchanged
SLDPW,2022-03-23,unchanged
SLDPW,2022-10-20,unchanged
SLDPW,nan,unchanged
SLE,2023-09-13,unchanged
SLE,2024-07-22,unchanged
SLE,2024-10-01,unchanged
SLE,nan,unchanged
SLG,2020-11-09,unchanged
SLGB,nan,unchanged
SLGL,2023-03-22,unchanged
SLGL,2023-12-20,unchanged
SLGL,2024-08-21,unchanged
SLGL,2024-11-22,unchanged
SLGL,2024-12-23,unchanged
SLGL,nan,unchanged
SLM,2020-01-23,unchanged
SLMT,nan,unchanged
SLN,2022-04-28,unchanged
SLN,2022-06-22,unchanged
SLN,2023-04-27,unchanged
SLN,2023-05-18,unchanged
SLN,2023-08-03,unchanged
SLN,2023-11-01,unchanged
SLNG,2022-09-21,unchanged
SLNG,2023-08-18,unchanged
SLNH,2022-12-21,unchanged
SLNH,2023-01-12,unchanged
SLNH,2023-01-23,unchanged
SLNH,2023-03-23,unchanged
SLNH,2023-04-28,unchanged
SLNH,2023-07-26,unchanged
SLNH,2023-09-14,unchanged
SLNH,2023-10-10,unchanged
SLNH,2023-11-20,unchanged
SLNH,2023-12-27,unchanged
SLNH,2024-06-20,unchanged
SLNH,2024-06-24,unchanged
SLNH,nan,unchanged
SLNHP,2022-12-21,unchanged
SLNHP,2023-03-17,unchanged
SLNHP,2023-10-10,unchanged
SLNHP,2023-10-24,unchanged
SLNHP,2023-11-24,unchanged
SLNHP,2024-06-25,unchanged
SLNHP,2024-10-21,unchanged
SLNHP,nan,unchanged
SLNO,2020-09-30,unchanged
SLNO,2021-06-02,unchanged
SLNO,2022-06-10,unchanged
SLNO,2022-06-14,unchanged
SLNO,2022-07-20,unchanged
SLNO,2022-11-16,unchanged
SLNO,2022-12-19,unchanged
SLNO,2022-12-27,unchanged
SLNO,2023-01-26,unchanged
SLNO,2023-09-26,unchanged
SLNO,2023-09-28,unchanged
SLNO,2024-04-29,unchanged
SLNO,nan,unchanged
SLP,nan,unchanged
SLQT,2022-09-06,unchanged
SLQT,2022-09-07,unchanged
SLQT,2023-02-07,unchanged
SLQT,2023-02-09,unchanged
SLQT,2023-05-05,unchanged
SLQT,2023-05-17,unchanged
SLQT,2024-12-17,unchanged
SLQT,nan,unchanged
SLRC,2020-03-19,unchanged
SLRC,2020-03-24,unchanged
SLRX,2020-05-19,unchanged
SLRX,2020-06-02,unchanged
SLRX,2020-12-03,unchanged
SLRX,2021-02-08,unchanged
SLRX,2021-02-09,unchanged
SLRX,2021-02-24,unchanged
SLRX,2022-03-10,unchanged
SLRX,2022-05-12,unchanged
SLRX,2022-12-30,unchanged
SLRX,2023-01-19,unchanged
SLRX,2023-04-19,unchanged
SLRX,2023-10-03,unchanged
SLRX,2023-11-30,unchanged
SLRX,2024-02-16,unchanged
SLRX,2024-07-18,unchanged
SLRX,2024-07-23,unchanged
SLRX,2024-07-25,unchanged
SLRX,2024-07-29,unchanged
SLRX,2024-08-07,unchanged
SLRX,2024-10-15,unchanged
SLRX,2024-10-16,unchanged
SLRX,2024-12-19,unchanged
SLRX,2024-12-31,unchanged
SLRX,nan,unchanged
SLS,2020-02-26,unchanged
SLS,2020-07-31,unchanged
SLS,2020-12-09,unchanged
SLS,2020-12-10,unchanged
SLS,2021-02-02,unchanged
SLS,2021-02-03,unchanged
SLS,2022-10-19,unchanged
SLS,nan,unchanged
SLSN,nan,unchanged
SLXN,2024-08-19,unchanged
SLXN,2024-09-10,unchanged
SLXN,2024-10-01,unchanged
SLXN,2024-10-22,unchanged
SLXN,2024-11-20,unchanged
SLXN,2024-12-19,unchanged
SLXN,nan,unchanged
SM,2020-03-10,unchanged
SM,2020-03-13,unchanged
SM,2020-03-19,unchanged
SM,2020-04-02,unchanged
SM,2020-04-09,unchanged
SM,2020-04-13,unchanged
SM,2020-04-29,unchanged
SM,2020-06-05,unchanged
SM,2020-11-09,unchanged
SMCI,2022-05-04,unchanged
SMCI,2023-05-03,unchanged
SMCI,2024-01-19,unchanged
SMCI,2024-02-22,unchanged
SMCI,2024-11-19,unchanged
SMCI,2024-12-02,unchanged
SMCL,nan,unchanged
SMCX,2024-10-07,unchanged
SMCX,2024-11-18,unchanged
SMCX,2024-11-19,unchanged
SMCX,2024-11-21,unchanged
SMCX,2024-11-22,unchanged
SMCX,2024-11-25,unchanged
SMCX,2024-12-02,unchanged
SMCX,nan,unchanged
SMCZ,nan,unchanged
SMHI,2020-03-24,unchanged
SMHI,2020-06-03,unchanged
SMHI,2020-06-04,unchanged
SMHI,2020-06-05,unchanged
SMHI,2020-06-08,unchanged
SMLR,2024-05-28,unchanged
SMLR,2024-11-05,unchanged
SMLR,2024-11-11,unchanged
SMLR,2024-11-20,unchanged
SMLR,nan,unchanged
SMMT,2020-03-16,unchanged
SMMT,2020-04-14,unchanged
SMMT,2021-02-08,unchanged
SMMT,2021-05-17,unchanged
SMMT,2022-05-31,unchanged
SMMT,2022-08-19,unchanged
SMMT,2022-08-22,unchanged
SMMT,2022-12-06,unchanged
SMMT,2022-12-07,unchanged
SMMT,2022-12-08,unchanged
SMMT,2022-12-13,unchanged
SMMT,2022-12-19,unchanged
SMMT,2024-05-30,unchanged
SMMT,2024-09-09,unchanged
SMR,2024-03-18,unchanged
SMR,2024-03-27,unchanged
SMR,2024-10-16,unchanged
SMRT,2021-08-25,unchanged
SMSI,2024-04-18,unchanged
SMSI,2024-09-17,unchanged
SMSI,2024-09-19,unchanged
SMSI,2024-12-23,unchanged
SMSI,nan,unchanged
SMST,2024-11-21,unchanged
SMST,2024-11-26,unchanged
SMST,nan,unchanged
SMTI,2021-02-16,unchanged
SMTK,2023-06-15,unchanged
SMTK,2023-08-30,unchanged
SMTK,2024-01-02,unchanged
SMTK,2024-02-21,unchanged
SMTK,2024-03-11,unchanged
SMTK,2024-03-21,unchanged
SMTK,2024-03-28,unchanged
SMTK,2024-04-01,unchanged
SMTK,2024-09-06,unchanged
SMTK,2024-11-19,unchanged
SMTK,2024-11-25,unchanged
SMTK,2024-11-26,unchanged
SMTK,2024-12-18,unchanged
SMTK,nan,unchanged
SMX,2024-12-04,unchanged
SMX,2024-12-06,unchanged
SMX,2024-12-26,unchanged
SMX,2024-12-30,unchanged
SMX,nan,unchanged
SMXT,2024-03-06,unchanged
SMXT,2024-03-12,unchanged
SMXT,2024-04-22,unchanged
SMXT,2024-04-23,unchanged
SMXT,2024-09-06,unchanged
SMXT,2024-09-09,unchanged
SMXT,2024-10-09,unchanged
SMXT,2024-12-03,unchanged
SMXT,2024-12-30,unchanged
SMXT,nan,unchanged
SNAL,2022-11-11,unchanged
SNAL,2023-05-03,unchanged
SNAL,2023-07-13,unchanged
SNAL,2024-02-27,unchanged
SNAL,2024-10-04,unchanged
SNAL,2024-10-07,unchanged
SNAL,2024-12-02,unchanged
SNAL,2024-12-04,unchanged
SNAL,2024-12-16,unchanged
SNAL,nan,unchanged
SNAP,2020-04-22,unchanged
SNAP,2020-10-21,unchanged
SNAP,2022-02-04,unchanged
SNAP,2024-04-26,unchanged
SNBR,2020-04-06,unchanged
SNBR,2020-04-23,unchanged
SNBR,2024-02-23,unchanged
SNCR,2021-01-20,unchanged
SNCR,2021-06-25,unchanged
SNCR,2023-10-13,unchanged
SNCR,2023-11-10,unchanged
SNCR,2024-01-26,unchanged
SNCR,2024-02-15,unchanged
SNCR,2024-05-08,unchanged
SNCR,nan,unchanged
SND,2020-03-20,unchanged
SND,2020-03-24,unchanged
SND,2020-05-28,unchanged
SND,2020-06-08,unchanged
SND,2021-02-09,unchanged
SND,2021-06-04,unchanged
SNDA,2024-03-11,unchanged
SNDA,2024-03-15,unchanged
SNDL,2020-03-20,unchanged
SNDL,2020-05-15,unchanged
SNDL,2020-05-22,unchanged
SNDL,2020-06-08,unchanged
SNDL,2020-08-12,unchanged
SNDL,2020-08-13,unchanged
SNDL,2020-09-30,unchanged
SNDL,2020-10-01,unchanged
SNDL,2020-11-05,unchanged
SNDL,2020-11-06,unchanged
SNDL,2020-11-09,unchanged
SNDL,2020-11-24,unchanged
SNDL,2020-11-27,unchanged
SNDL,2020-11-30,unchanged
SNDL,2020-12-01,unchanged
SNDL,2020-12-21,unchanged
SNDL,2021-01-28,unchanged
SNDL,2021-02-01,unchanged
SNDL,2021-02-09,unchanged
SNDL,2021-02-10,unchanged
SNDL,2021-02-11,unchanged
SNDL,2021-06-03,unchanged
SNDL,2021-11-12,unchanged
SNDX,2020-01-31,unchanged
SNDX,2020-04-28,unchanged
SNES,2020-05-11,unchanged
SNES,2020-07-17,unchanged
SNES,2020-10-23,unchanged
SNES,2020-12-21,unchanged
SNES,2021-03-19,unchanged
SNES,2022-03-10,unchanged
SNES,2022-03-22,unchanged
SNES,2022-10-19,unchanged
SNES,2022-11-15,unchanged
SNES,2022-12-13,unchanged
SNES,2023-02-06,unchanged
SNES,2023-03-14,unchanged
SNES,2023-04-05,unchanged
SNES,2023-09-26,unchanged
SNES,2023-10-17,unchanged
SNES,2023-11-09,unchanged
SNES,2023-11-13,unchanged
SNES,2023-11-17,unchanged
SNES,2023-12-14,unchanged
SNES,2023-12-28,unchanged
SNES,2024-01-02,unchanged
SNES,2024-01-23,unchanged
SNES,2024-05-22,unchanged
SNES,2024-09-18,unchanged
SNES,2024-12-13,unchanged
SNES,nan,unchanged
SNGX,2020-03-19,unchanged
SNGX,2020-03-23,unchanged
SNGX,2020-04-16,unchanged
SNGX,2020-07-28,unchanged
SNGX,2022-01-04,unchanged
SNGX,2023-05-04,unchanged
SNGX,2023-11-30,unchanged
SNGX,2024-01-02,unchanged
SNGX,2024-04-15,unchanged
SNGX,2024-07-09,unchanged
SNGX,2024-07-10,unchanged
SNGX,2024-08-19,unchanged
SNGX,nan,unchanged
SNOA,2020-01-24,unchanged
SNOA,2020-03-23,unchanged
SNOA,2020-05-29,unchanged
SNOA,2020-07-29,unchanged
SNOA,2020-12-11,unchanged
SNOA,2021-04-01,unchanged
SNOA,2021-07-13,unchanged
SNOA,2021-08-19,unchanged
SNOA,2021-09-28,unchanged
SNOA,2022-05-03,unchanged
SNOA,2022-11-01,unchanged
SNOA,2022-11-02,unchanged
SNOA,2023-01-25,unchanged
SNOA,2023-06-09,unchanged
SNOA,2023-12-05,unchanged
SNOA,2024-01-31,unchanged
SNOA,2024-05-16,unchanged
SNOA,2024-05-29,unchanged
SNOA,2024-06-18,unchanged
SNOA,2024-07-03,unchanged
SNOA,2024-07-05,unchanged
SNOA,2024-07-11,unchanged
SNOA,2024-07-22,unchanged
SNOA,2024-07-30,unchanged
SNOA,2024-09-17,unchanged
SNOA,2024-11-19,unchanged
SNOA,nan,unchanged
SNOW,2024-11-21,unchanged
SNSE,2021-05-20,unchanged
SNSE,2023-10-31,unchanged
SNSE,2024-05-02,unchanged
SNSE,2024-10-21,unchanged
SNSE,nan,unchanged
SNT,2023-10-09,unchanged
SNT,2023-10-10,unchanged
SNT,2024-06-17,unchanged
SNT,2024-11-12,unchanged
SNTG,2021-07-22,unchanged
SNTG,2021-07-30,unchanged
SNTG,2021-08-20,unchanged
SNTG,2021-08-24,unchanged
SNTG,2021-09-20,unchanged
SNTG,2022-03-08,unchanged
SNTG,2022-03-09,unchanged
SNTG,2022-03-11,unchanged
SNTG,2022-06-23,unchanged
SNTG,2022-07-14,unchanged
SNTG,2022-08-02,unchanged
SNTG,2022-08-05,unchanged
SNTG,2022-08-15,unchanged
SNTG,2022-08-29,unchanged
SNTG,2022-11-03,unchanged
SNTG,2022-11-04,unchanged
SNTG,2023-03-23,unchanged
SNTG,2023-04-17,unchanged
SNTG,2023-04-28,unchanged
SNTG,2023-05-01,unchanged
SNTG,2023-05-03,unchanged
SNTG,2023-06-08,unchanged
SNTG,2023-12-01,unchanged
SNTG,2023-12-29,unchanged
SNTG,2024-01-09,unchanged
SNTG,2024-01-31,unchanged
SNTG,2024-02-14,unchanged
SNTG,2024-05-15,unchanged
SNTG,2024-07-12,unchanged
SNTG,2024-12-24,unchanged
SNTG,nan,unchanged
SNTI,2022-07-29,unchanged
SNTI,2022-09-19,unchanged
SNTI,2022-09-29,unchanged
SNTI,2022-10-04,unchanged
SNTI,2022-10-06,unchanged
SNTI,2022-10-13,unchanged
SNTI,2022-12-14,unchanged
SNTI,2023-11-07,unchanged
SNTI,2023-11-08,unchanged
SNTI,2023-12-22,unchanged
SNTI,2024-04-30,unchanged
SNTI,2024-06-25,unchanged
SNTI,2024-07-01,unchanged
SNTI,2024-08-08,unchanged
SNTI,2024-12-02,unchanged
SNTI,nan,unchanged
SNVpE,2020-03-19,unchanged
SNWV,2022-10-10,unchanged
SNWV,2022-12-12,unchanged
SNWV,2022-12-15,unchanged
SNWV,2023-01-03,unchanged
SNWV,2023-01-05,unchanged
SNWV,2023-03-29,unchanged
SNWV,2023-06-06,unchanged
SNWV,2023-06-08,unchanged
SNWV,2023-11-30,unchanged
SNWV,2024-01-02,unchanged
SNWV,2024-09-19,unchanged
SNWV,2024-11-15,unchanged
SNYR,2024-09-10,unchanged
SNYR,2024-10-23,unchanged
SNYR,nan,unchanged
SOBR,2022-08-04,unchanged
SOBR,2022-08-08,unchanged
SOBR,2022-09-20,unchanged
SOBR,2022-09-28,unchanged
SOBR,2022-09-30,unchanged
SOBR,2022-10-03,unchanged
SOBR,2022-10-10,unchanged
SOBR,2022-10-13,unchanged
SOBR,2022-12-08,unchanged
SOBR,2023-01-31,unchanged
SOBR,2024-05-28,unchanged
SOBR,2024-05-30,unchanged
SOBR,2024-06-04,unchanged
SOBR,2024-06-27,unchanged
SOBR,2024-09-20,unchanged
SOBR,2024-10-04,unchanged
SOBR,2024-10-07,unchanged
SOBR,2024-10-18,unchanged
SOBR,2024-12-19,unchanged
SOBR,2024-12-26,unchanged
SOBR,nan,unchanged
SOC,2024-09-03,unchanged
SOC,nan,unchanged
SOFI,2022-08-03,unchanged
SOFX,nan,unchanged
SOGP,2024-02-21,unchanged
SOGP,nan,unchanged
SOHO,2020-03-10,unchanged
SOHO,2020-03-13,unchanged
SOHO,2020-03-17,unchanged
SOHO,2020-03-20,unchanged
SOHO,2020-03-25,unchanged
SOHO,2020-03-26,unchanged
SOHO,2020-05-27,unchanged
SOHO,2020-11-09,unchanged
SOHO,2020-12-04,unchanged
SOHO,nan,unchanged
SOHOB,2020-03-19,unchanged
SOHOB,2020-03-20,unchanged
SOHOB,2020-03-25,unchanged
SOHOB,2020-04-09,unchanged
SOHOB,2020-05-28,unchanged
SOHOB,2020-11-09,unchanged
SOHOB,nan,unchanged
SOHON,2020-03-13,unchanged
SOHON,2020-03-19,unchanged
SOHON,2020-03-20,unchanged
SOHON,2020-03-24,unchanged
SOHON,2020-03-25,unchanged
SOHON,2020-03-26,unchanged
SOHON,2020-04-09,unchanged
SOHON,2020-11-09,unchanged
SOHON,nan,unchanged
SOHOO,2020-03-13,unchanged
SOHOO,2020-03-20,unchanged
SOHOO,2020-03-24,unchanged
SOHOO,2020-03-25,unchanged
SOHOO,2020-05-27,unchanged
SOHOO,2020-06-12,unchanged
SOHOO,2020-11-09,unchanged
SOHOO,nan,unchanged
SOHU,2020-07-27,unchanged
SOL,2020-09-17,unchanged
SOL,2020-09-18,unchanged
SOL,2020-10-06,unchanged
SOL,2020-10-07,unchanged
SOL,2020-10-09,unchanged
SOL,2020-11-13,unchanged
SOL,2020-11-27,unchanged
SOL,2020-12-14,unchanged
SOL,2021-01-07,unchanged
SOL,2021-03-09,unchanged
SOL,2022-03-08,unchanged
SOL,nan,unchanged
SOLS,2022-03-24,unchanged
SOLS,2022-04-01,unchanged
SOLS,2022-05-05,unchanged
SOLS,2022-05-20,unchanged
SOLS,nan,unchanged
SOLT,nan,unchanged
SOND,2022-05-23,unchanged
SOND,2022-08-11,unchanged
SOND,2023-05-16,unchanged
SOND,2023-05-17,unchanged
SOND,2023-05-18,unchanged
SOND,2023-06-09,unchanged
SOND,2023-12-19,unchanged
SOND,2024-02-27,unchanged
SOND,2024-06-11,unchanged
SOND,2024-08-12,unchanged
SOND,2024-08-13,unchanged
SOND,2024-08-14,unchanged
SOND,2024-08-19,unchanged
SOND,2024-11-08,unchanged
SONDW,2022-03-24,unchanged
SONM,2020-04-22,unchanged
SONM,2020-05-21,unchanged
SONM,2020-11-02,unchanged
SONM,2021-02-16,unchanged
SONM,2021-06-08,unchanged
SONM,2021-10-25,unchanged
SONM,2022-03-15,unchanged
SONM,2022-05-05,unchanged
SONM,2022-06-14,unchanged
SONM,2022-07-15,unchanged
SONM,2022-12-01,unchanged
SONM,2023-03-20,unchanged
SONM,2023-03-24,unchanged
SONM,2024-05-30,unchanged
SONM,2024-07-23,unchanged
SONM,2024-09-23,unchanged
SONM,nan,unchanged
SONN,2020-04-14,unchanged
SONN,2020-07-31,unchanged
SONN,2020-08-24,unchanged
SONN,2021-08-19,unchanged
SONN,2021-08-31,unchanged
SONN,2022-03-16,unchanged
SONN,2022-06-09,unchanged
SONN,2022-09-14,unchanged
SONN,2022-09-16,unchanged
SONN,2022-09-22,unchanged
SONN,2022-10-31,unchanged
SONN,2022-11-01,unchanged
SONN,2022-11-07,unchanged
SONN,2023-01-09,unchanged
SONN,2023-05-25,unchanged
SONN,2023-06-12,unchanged
SONN,2023-06-15,unchanged
SONN,2023-08-16,unchanged
SONN,2024-11-06,unchanged
SONN,2024-12-09,unchanged
SONN,nan,unchanged
SONO,2020-11-19,unchanged
SOPA,2021-11-10,unchanged
SOPA,2021-11-24,unchanged
SOPA,2021-12-20,unchanged
SOPA,2021-12-22,unchanged
SOPA,2021-12-23,unchanged
SOPA,2022-02-08,unchanged
SOPA,2022-03-09,unchanged
SOPA,2022-03-22,unchanged
SOPA,2022-05-09,unchanged
SOPA,2022-08-04,unchanged
SOPA,2023-10-12,unchanged
SOPA,2024-05-07,unchanged
SOPA,2024-07-22,unchanged
SOPA,nan,unchanged
SOPH,2022-10-06,unchanged
SOPH,2023-03-14,unchanged
SOPH,2024-03-05,unchanged
SORA,nan,unchanged
SOS,2020-10-20,unchanged
SOS,2021-01-06,unchanged
SOS,2021-01-07,unchanged
SOS,2021-01-14,unchanged
SOS,2021-01-27,unchanged
SOS,2021-01-29,unchanged
SOS,2021-02-11,unchanged
SOS,2021-02-16,unchanged
SOS,2021-02-17,unchanged
SOS,2021-03-01,unchanged
SOS,2021-03-03,unchanged
SOS,2021-03-15,unchanged
SOS,2021-04-07,unchanged
SOS,2022-02-16,unchanged
SOS,2022-05-02,unchanged
SOS,2022-07-18,unchanged
SOS,2022-08-08,unchanged
SOS,2023-07-11,unchanged
SOS,2023-08-21,unchanged
SOS,2023-12-20,unchanged
SOS,2024-11-27,unchanged
SOS,2024-11-29,unchanged
SOS,nan,unchanged
SOTK,2021-10-13,unchanged
SOTK,2024-12-30,unchanged
SOUN,2022-05-02,unchanged
SOUN,2022-05-03,unchanged
SOUN,2022-06-17,unchanged
SOUN,2022-11-11,unchanged
SOUN,2022-12-30,unchanged
SOUN,2023-01-17,unchanged
SOUN,2023-01-27,unchanged
SOUN,2023-02-03,unchanged
SOUN,2023-02-06,unchanged
SOUN,2023-02-08,unchanged
SOUN,2023-03-21,unchanged
SOUN,2023-03-31,unchanged
SOUN,2024-02-15,unchanged
SOUN,2024-02-26,unchanged
SOUN,2024-02-27,unchanged
SOUN,2024-12-05,unchanged
SOUN,nan,unchanged
SOUNW,2022-05-02,unchanged
SOUNW,2022-05-03,unchanged
SOUNW,2023-06-30,unchanged
SOUNW,2024-02-15,unchanged
SOUNW,2024-02-16,unchanged
SOUNW,2024-02-20,unchanged
SOUNW,2024-02-21,unchanged
SOUNW,2024-02-22,unchanged
SOUNW,2024-03-07,unchanged
SOUNW,2024-03-13,unchanged
SOUNW,2024-03-14,unchanged
SOUNW,2024-04-23,unchanged
SOUNW,2024-04-24,unchanged
SOUNW,2024-12-05,unchanged
SOUNW,2024-12-09,unchanged
SOUNW,2024-12-13,unchanged
SOUNW,2024-12-18,unchanged
SOUNW,2024-12-19,unchanged
SOUNW,2024-12-26,unchanged
SOUNW,nan,unchanged
SOUX,nan,unchanged
SOWG,2022-05-02,unchanged
SOWG,2022-05-05,unchanged
SOWG,2022-06-03,unchanged
SOWG,2023-10-03,unchanged
SOWG,2023-10-23,unchanged
SOWG,2023-11-14,unchanged
SOWG,2023-11-28,unchanged
SOWG,2024-05-15,unchanged
SOWG,nan,unchanged
SPAI,2024-09-18,unchanged
SPAI,2024-09-26,unchanged
SPAI,2024-10-07,unchanged
SPAI,2024-10-08,unchanged
SPAI,2024-11-19,unchanged
SPAI,2024-11-20,unchanged
SPAI,2024-11-21,unchanged
SPAI,2024-12-13,unchanged
SPAI,nan,unchanged
SPAQ,2020-07-09,unchanged
SPCB,2020-03-12,unchanged
SPCB,2020-03-19,unchanged
SPCB,2020-03-25,unchanged
SPCB,2020-03-26,unchanged
SPCB,2020-03-30,unchanged
SPCB,2020-06-08,unchanged
SPCB,2020-10-09,unchanged
SPCB,2020-11-30,unchanged
SPCB,2021-02-03,unchanged
SPCB,2021-02-05,unchanged
SPCB,2021-03-19,unchanged
SPCB,2021-10-25,unchanged
SPCB,2021-12-30,unchanged
SPCB,2022-08-24,unchanged
SPCB,2023-10-10,unchanged
SPCB,2023-11-14,unchanged
SPCB,2024-02-12,unchanged
SPCB,2024-04-04,unchanged
SPCB,2024-04-05,unchanged
SPCB,2024-04-15,unchanged
SPCB,2024-04-22,unchanged
SPCB,2024-04-25,unchanged
SPCB,2024-08-05,unchanged
SPCB,2024-08-15,unchanged
SPCB,2024-12-30,unchanged
SPCB,nan,unchanged
SPCE,2020-02-18,unchanged
SPCE,2020-03-20,unchanged
SPCE,2020-03-24,unchanged
SPCE,2020-04-14,unchanged
SPCE,2021-01-27,unchanged
SPCE,2021-05-24,unchanged
SPCE,2021-06-25,unchanged
SPCE,2022-02-15,unchanged
SPCE,2023-06-16,unchanged
SPCE,2023-11-09,unchanged
SPCE,2024-04-23,unchanged
SPCE,2024-05-14,unchanged
SPCE,2024-05-28,unchanged
SPCE,nan,unchanged
SPCY,nan,unchanged
SPG,2020-03-19,unchanged
SPG,2020-11-09,unchanged
SPHL,nan,unchanged
SPIR,2021-09-03,unchanged
SPIR,2021-09-16,unchanged
SPIR,2021-09-21,unchanged
SPIR,2024-03-19,unchanged
SPIR,2024-11-13,unchanged
SPIR,nan,unchanged
SPNS,nan,unchanged
SPOK,2020-03-17,unchanged
SPOK,2023-07-27,unchanged
SPPL,2024-08-07,unchanged
SPPL,2024-11-04,unchanged
SPPL,2024-11-05,unchanged
SPPL,2024-11-08,unchanged
SPPL,2024-11-15,unchanged
SPPL,2024-12-26,unchanged
SPPL,nan,unchanged
SPR,2020-03-25,unchanged
SPRB,2021-12-17,unchanged
SPRB,2021-12-27,unchanged
SPRB,2022-06-02,unchanged
SPRB,2023-01-06,unchanged
SPRB,2023-12-21,unchanged
SPRB,nan,unchanged
SPRC,2022-03-25,unchanged
SPRC,2022-05-24,unchanged
SPRC,2022-05-26,unchanged
SPRC,2022-08-01,unchanged
SPRC,2022-08-22,unchanged
SPRC,2022-08-24,unchanged
SPRC,2022-09-14,unchanged
SPRC,2022-10-28,unchanged
SPRC,2022-11-07,unchanged
SPRC,2023-01-13,unchanged
SPRC,2023-01-23,unchanged
SPRC,2023-02-17,unchanged
SPRC,2023-04-11,unchanged
SPRC,2023-08-09,unchanged
SPRC,2023-09-27,unchanged
SPRC,2023-10-03,unchanged
SPRC,2023-10-17,unchanged
SPRC,2023-10-31,unchanged
SPRC,2023-11-15,unchanged
SPRC,2023-11-22,unchanged
SPRC,2023-11-24,unchanged
SPRC,2023-12-13,unchanged
SPRC,2024-01-24,unchanged
SPRC,2024-02-20,unchanged
SPRC,2024-03-19,unchanged
SPRC,2024-07-15,unchanged
SPRC,2024-07-16,unchanged
SPRC,2024-08-15,unchanged
SPRC,2024-12-23,unchanged
SPRC,2024-12-26,unchanged
SPRC,nan,unchanged
SPRO,2020-09-08,unchanged
SPRO,2022-09-06,unchanged
SPRO,2022-09-07,unchanged
SPRO,2022-09-22,unchanged
SPRO,nan,unchanged
SPRU,2023-04-14,unchanged
SPRU,nan,unchanged
SPRY,2023-05-12,unchanged
SPRY,2023-09-21,unchanged
SPT,2020-03-20,unchanged
SPWH,2020-12-22,unchanged
SPWH,2024-12-11,unchanged
SPWH,nan,unchanged
SPWR,2024-05-14,unchanged
SPWR,2024-05-22,unchanged
SPWR,2024-07-23,unchanged
SQFT,2020-12-17,unchanged
SQFT,2020-12-18,unchanged
SQFT,2020-12-21,unchanged
SQFT,2021-01-19,unchanged
SQFT,2021-05-07,unchanged
SQFT,2022-01-24,unchanged
SQFT,2023-11-22,unchanged
SQFT,2024-03-13,unchanged
SQFT,nan,unchanged
SQNS,2020-12-02,unchanged
SQNS,2023-08-07,unchanged
SQNS,2024-04-04,unchanged
SQNS,2024-05-21,unchanged
SQNS,2024-08-23,unchanged
SQNS,nan,unchanged
SQQQ,2020-03-16,unchanged
SRET,2020-03-26,unchanged
SRFM,2023-12-11,unchanged
SRFM,2023-12-28,unchanged
SRFM,2024-04-03,unchanged
SRFM,2024-04-18,unchanged
SRFM,2024-04-19,unchanged
SRFM,2024-06-14,unchanged
SRFM,2024-06-20,unchanged
SRFM,2024-08-13,unchanged
SRFM,2024-09-10,unchanged
SRFM,2024-10-02,unchanged
SRFM,2024-10-07,unchanged
SRFM,2024-10-09,unchanged
SRFM,2024-10-10,unchanged
SRFM,2024-11-21,unchanged
SRFM,2024-11-25,unchanged
SRFM,2024-12-12,unchanged
SRFM,2024-12-26,unchanged
SRFM,nan,unchanged
SRG,2020-03-25,unchanged
SRG,2020-03-31,unchanged
SRG,2020-04-09,unchanged
SRG,2020-06-05,unchanged
SRG,2020-06-08,unchanged
SRG,2020-11-09,unchanged
SRG,2022-07-08,unchanged
SRGpA,2020-03-25,unchanged
SRGpA,2022-07-08,unchanged
SRI,nan,unchanged
SRL,2020-10-05,unchanged
SRL,2021-01-13,unchanged
SRL,2021-05-03,unchanged
SRL,2023-11-28,unchanged
SRL,2024-12-31,unchanged
SRL,nan,unchanged
SRPT,2023-05-15,unchanged
SRPT,2024-06-21,unchanged
SRPT,nan,unchanged
SRRK,2020-10-27,unchanged
SRRK,2020-10-28,unchanged
SRRK,2022-06-17,unchanged
SRRK,2022-06-27,unchanged
SRRK,2023-10-12,unchanged
SRRK,2024-10-07,unchanged
SRRK,2024-11-25,unchanged
SRTS,2020-06-01,unchanged
SRTS,2020-08-04,unchanged
SRTS,2021-02-26,unchanged
SRTS,2022-08-05,unchanged
SRTS,2024-01-23,unchanged
SRTS,2024-05-10,unchanged
SRV,2020-03-19,unchanged
SRV,2020-03-20,unchanged
SRV,2020-03-25,unchanged
SRZN,2021-09-07,unchanged
SRZN,2021-11-11,unchanged
SRZN,2022-03-09,unchanged
SRZN,2022-12-15,unchanged
SRZN,2022-12-19,unchanged
SRZN,2023-02-09,unchanged
SRZNW,2021-09-07,unchanged
SRZNW,2021-11-11,unchanged
SRZNW,nan,unchanged
SSII,2023-06-06,unchanged
SSII,2024-02-13,unchanged
SSII,2024-03-11,unchanged
SSII,2024-03-20,unchanged
SSII,2024-12-23,unchanged
SSII,nan,unchanged
SSKN,2020-03-25,unchanged
SSKN,2020-04-17,unchanged
SSKN,2020-04-22,unchanged
SSKN,2020-04-23,unchanged
SSKN,2020-05-19,unchanged
SSKN,2020-08-12,unchanged
SSKN,2021-01-19,unchanged
SSKN,2021-03-02,unchanged
SSKN,2021-03-17,unchanged
SSKN,2023-02-03,unchanged
SSKN,2023-08-21,unchanged
SSKN,2023-09-15,unchanged
SSKN,2023-11-16,unchanged
SSKN,2023-11-17,unchanged
SSKN,2023-12-07,unchanged
SSKN,nan,unchanged
SSL,2020-03-26,unchanged
SSL,2020-04-07,unchanged
SSP,2020-04-06,unchanged
SSP,2020-09-24,unchanged
SSP,2024-03-04,unchanged
SSP,nan,unchanged
SST,2022-04-05,unchanged
SST,2022-04-07,unchanged
SST,2023-11-30,unchanged
SST,2023-12-06,unchanged
SST,2023-12-20,unchanged
SST,2024-03-28,unchanged
SST,2024-04-01,unchanged
SST,2024-08-16,unchanged
SST,nan,unchanged
SSTI,2020-02-19,unchanged
SSTI,2020-03-19,unchanged
SSTI,2020-08-07,unchanged
SSYS,2021-01-07,unchanged
SSYS,2021-11-04,unchanged
STAA,nan,unchanged
STAI,nan,unchanged
STAK,nan,unchanged
STEC,2024-10-16,unchanged
STEC,2024-10-31,unchanged
STEC,2024-11-07,unchanged
STEC,2024-12-30,unchanged
STEC,nan,unchanged
STEM,2024-10-03,unchanged
STEM,2024-12-27,unchanged
STEM,2024-12-30,unchanged
STEM,nan,unchanged
STEX,nan,unchanged
STFS,2024-10-17,unchanged
STFS,nan,unchanged
STG,2020-07-17,unchanged
STG,2021-02-05,unchanged
STG,2021-03-04,unchanged
STG,2021-08-04,unchanged
STG,2021-11-23,unchanged
STG,2022-05-11,unchanged
STG,2022-05-18,unchanged
STG,2022-12-02,unchanged
STG,2023-11-29,unchanged
STG,nan,unchanged
STI,2024-02-26,unchanged
STI,2024-03-07,unchanged
STI,2024-03-11,unchanged
STI,2024-03-14,unchanged
STI,2024-03-15,unchanged
STI,2024-03-18,unchanged
STI,2024-04-08,unchanged
STI,2024-04-24,unchanged
STI,2024-04-26,unchanged
STI,2024-05-01,unchanged
STI,2024-06-11,unchanged
STI,2024-06-28,unchanged
STI,2024-08-20,unchanged
STI,2024-08-22,unchanged
STI,2024-10-30,unchanged
STI,2024-11-13,unchanged
STI,2024-11-15,unchanged
STI,2024-12-27,unchanged
STI,2024-12-30,unchanged
STI,nan,unchanged
STIM,2020-03-06,unchanged
STIM,2020-03-25,unchanged
STIM,2020-03-30,unchanged
STIM,2020-06-23,unchanged
STIM,2020-07-15,unchanged
STIM,2021-05-04,unchanged
STIM,2023-05-09,unchanged
STIM,nan,unchanged
STKH,2022-12-14,unchanged
STKH,2022-12-15,unchanged
STKH,2023-07-24,unchanged
STKH,2023-07-25,unchanged
STKH,2023-07-31,unchanged
STKH,2024-08-27,unchanged
STKH,nan,unchanged
STKL,2020-03-19,unchanged
STKL,2022-05-12,unchanged
STKL,2023-10-13,unchanged
STKL,2024-05-09,unchanged
STKL,nan,unchanged
STKS,2020-03-19,unchanged
STKS,2020-03-24,unchanged
STKS,2020-03-25,unchanged
STKS,2020-03-27,unchanged
STKS,2020-04-06,unchanged
STKS,2020-04-07,unchanged
STKS,2020-04-29,unchanged
STKS,2020-06-12,unchanged
STKS,2021-03-23,unchanged
STNE,2022-03-18,unchanged
STNG,2020-03-10,unchanged
STOK,2022-08-08,unchanged
STOK,2024-02-14,unchanged
STOK,2024-03-26,unchanged
STOK,2024-03-27,unchanged
STOK,nan,unchanged
STRC,2023-06-16,unchanged
STRC,2023-07-26,unchanged
STRC,2023-08-02,unchanged
STRC,2024-02-26,unchanged
STRC,2024-02-27,unchanged
STRC,2024-03-06,unchanged
STRC,2024-03-19,unchanged
STRC,2024-04-05,unchanged
STRO,2020-03-13,unchanged
STRO,2020-03-17,unchanged
STRO,2020-12-04,unchanged
STRO,2022-06-28,unchanged
STRO,nan,unchanged
STRR,2021-02-18,unchanged
STRR,2021-07-13,unchanged
STRR,2021-07-23,unchanged
STRR,2023-05-05,unchanged
STRR,nan,unchanged
STRRP,2021-11-29,unchanged
STRRP,2023-02-09,unchanged
STRS,2020-03-19,unchanged
STRS,2020-04-17,unchanged
STSS,2022-04-19,unchanged
STSS,2022-05-04,unchanged
STSS,2023-05-10,unchanged
STSS,2023-09-26,unchanged
STSS,2024-05-28,unchanged
STSS,2024-05-30,unchanged
STSS,2024-06-13,unchanged
STSS,2024-07-25,unchanged
STSS,nan,unchanged
STTK,2022-07-06,unchanged
STTK,2023-09-22,unchanged
STTK,2023-12-13,unchanged
STTK,2023-12-14,unchanged
STTK,nan,unchanged
STWD,2020-03-25,unchanged
STWD,2020-03-26,unchanged
SU,2020-11-09,unchanged
SUGP,2024-01-26,unchanged
SUGP,2024-02-08,unchanged
SUGP,2024-02-12,unchanged
SUGP,2024-02-23,unchanged
SUGP,2024-09-10,unchanged
SUGP,2024-11-11,unchanged
SUGP,2024-11-19,unchanged
SUGP,2024-12-19,unchanged
SUGP,2024-12-26,unchanged
SUGP,nan,unchanged
SUNE,nan,unchanged
SUNS,2020-03-19,unchanged
SUNS,2020-03-24,unchanged
SUNS,2024-07-11,unchanged
SUPV,2021-02-18,unchanged
SUPV,nan,unchanged
SUPX,nan,unchanged
SURG,2021-11-09,unchanged
SURG,2022-01-12,unchanged
SURG,2024-11-21,unchanged
SURG,nan,unchanged
SUUN,2024-09-23,unchanged
SUUN,nan,unchanged
SVC,2020-03-19,unchanged
SVC,2020-03-26,unchanged
SVC,2020-04-09,unchanged
SVC,2020-11-09,unchanged
SVC,2022-10-13,unchanged
SVRA,2021-02-23,unchanged
SVRA,2021-03-16,unchanged
SVRE,2022-07-12,unchanged
SVRE,2022-07-14,unchanged
SVRE,2022-08-19,unchanged
SVRE,2022-08-22,unchanged
SVRE,2023-03-08,unchanged
SVRE,2023-05-04,unchanged
SVRE,2023-05-17,unchanged
SVRE,2023-10-30,unchanged
SVRE,2023-11-27,unchanged
SVRE,2023-12-11,unchanged
SVRE,2023-12-12,unchanged
SVRE,2023-12-20,unchanged
SVRE,2023-12-26,unchanged
SVRE,2023-12-27,unchanged
SVRE,2024-10-28,unchanged
SVRE,2024-12-24,unchanged
SVRE,nan,unchanged
SVREW,2022-06-10,unchanged
SWIM,2021-11-10,unchanged
SWIM,2023-05-09,unchanged
SWIM,2024-08-07,unchanged
SWIM,nan,unchanged
SWVL,2022-04-21,unchanged
SWVL,2022-04-25,unchanged
SWVL,2022-04-28,unchanged
SWVL,2022-05-06,unchanged
SWVL,2022-06-17,unchanged
SWVL,2022-10-13,unchanged
SWVL,2022-11-22,unchanged
SWVL,2022-12-30,unchanged
SWVL,2023-01-03,unchanged
SWVL,2023-01-06,unchanged
SWVL,2023-12-27,unchanged
SWVL,2023-12-29,unchanged
SWVL,2024-01-05,unchanged
SWVL,2024-01-08,unchanged
SWVL,2024-01-11,unchanged
SWVL,2024-01-24,unchanged
SWVL,2024-03-07,unchanged
SWVL,2024-03-20,unchanged
SWVL,2024-03-21,unchanged
SWVL,2024-03-25,unchanged
SWVL,2024-04-03,unchanged
SWVL,2024-04-04,unchanged
SWVL,2024-04-18,unchanged
SWVL,2024-04-30,unchanged
SWVL,2024-09-18,unchanged
SWVL,2024-11-15,unchanged
SWVL,2024-11-18,unchanged
SWVL,nan,unchanged
SXTC,2020-06-18,unchanged
SXTC,2020-12-03,unchanged
SXTC,2021-01-11,unchanged
SXTC,2021-01-28,unchanged
SXTC,2021-07-16,unchanged
SXTC,2021-10-26,unchanged
SXTC,2022-01-14,unchanged
SXTC,2022-01-25,unchanged
SXTC,2022-02-28,unchanged
SXTC,2022-03-02,unchanged
SXTC,2022-03-29,unchanged
SXTC,2022-06-23,unchanged
SXTC,2022-08-31,unchanged
SXTC,2022-09-01,unchanged
SXTC,2022-12-09,unchanged
SXTC,2022-12-12,unchanged
SXTC,2023-04-28,unchanged
SXTC,2023-05-08,unchanged
SXTC,2023-08-21,unchanged
SXTC,2023-08-24,unchanged
SXTC,2023-09-07,unchanged
SXTC,2023-09-19,unchanged
SXTC,2023-10-13,unchanged
SXTC,2023-11-30,unchanged
SXTC,2023-12-29,unchanged
SXTC,2024-01-25,unchanged
SXTC,2024-02-08,unchanged
SXTC,2024-04-16,unchanged
SXTC,2024-05-07,unchanged
SXTC,2024-12-09,unchanged
SXTC,nan,unchanged
SXTP,2023-07-13,unchanged
SXTP,2023-07-19,unchanged
SXTP,2023-12-20,unchanged
SXTP,2023-12-26,unchanged
SXTP,2024-01-22,unchanged
SXTP,2024-07-19,unchanged
SXTP,2024-08-12,unchanged
SXTP,2024-08-15,unchanged
SXTP,2024-08-23,unchanged
SXTP,2024-10-16,unchanged
SXTP,2024-11-25,unchanged
SXTP,2024-12-10,unchanged
SXTP,nan,unchanged
SXTPW,2023-07-13,unchanged
SY,2022-12-16,unchanged
SY,2022-12-21,unchanged
SY,2023-03-21,unchanged
SY,nan,unchanged
SYBX,2020-03-17,unchanged
SYBX,2020-11-25,unchanged
SYBX,2020-12-14,unchanged
SYBX,2021-01-13,unchanged
SYBX,2021-03-25,unchanged
SYBX,2023-06-06,unchanged
SYBX,2023-07-07,unchanged
SYBX,2023-09-14,unchanged
SYBX,2023-09-28,unchanged
SYBX,2023-11-06,unchanged
SYBX,2023-12-11,unchanged
SYBX,nan,unchanged
SYFpA,2020-03-19,unchanged
SYFpA,2020-03-26,unchanged
SYM,2022-06-14,unchanged
SYM,2022-06-21,unchanged
SYM,2022-07-06,unchanged
SYM,2023-07-31,unchanged
SYM,2023-11-21,unchanged
SYM,2024-11-19,unchanged
SYPR,2020-07-28,unchanged
SYPR,2020-08-11,unchanged
SYPR,2020-08-19,unchanged
SYPR,2020-09-25,unchanged
SYPR,2020-11-12,unchanged
SYPR,2021-01-21,unchanged
SYPR,2021-02-08,unchanged
SYPR,2021-02-24,unchanged
SYPR,2021-03-16,unchanged
SYPR,2021-04-23,unchanged
SYPR,2022-03-07,unchanged
SYPR,2024-12-18,unchanged
SYPR,2024-12-19,unchanged
SYPR,nan,unchanged
SZZL,2024-02-21,unchanged
SZZL,2024-02-27,unchanged
TACO,2020-03-18,unchanged
TACO,2021-12-06,unchanged
TACT,2020-10-06,unchanged
TACT,2022-11-11,unchanged
TAIT,nan,unchanged
TAL,2022-03-16,unchanged
TAL,2024-09-26,unchanged
TALK,2022-05-26,unchanged
TALK,2022-06-02,unchanged
TALK,2024-09-17,unchanged
TANH,2020-11-23,unchanged
TANH,2020-11-24,unchanged
TANH,2022-04-05,unchanged
TANH,2022-04-14,unchanged
TANH,2022-05-02,unchanged
TANH,2022-06-09,unchanged
TANH,2022-06-10,unchanged
TANH,2022-06-21,unchanged
TANH,2022-07-18,unchanged
TANH,2022-11-11,unchanged
TANH,2022-12-06,unchanged
TANH,2023-01-06,unchanged
TANH,2023-01-11,unchanged
TANH,2023-05-01,unchanged
TANH,2023-09-01,unchanged
TANH,2023-10-12,unchanged
TANH,2023-10-13,unchanged
TANH,2023-10-16,unchanged
TANH,2023-12-28,unchanged
TANH,2024-05-17,unchanged
TANH,2024-05-20,unchanged
TANH,2024-05-29,unchanged
TANH,2024-08-27,unchanged
TANH,2024-09-04,unchanged
TANH,2024-09-11,unchanged
TANH,2024-09-30,unchanged
TANH,2024-12-27,unchanged
TANH,nan,unchanged
TAOP,2020-06-09,unchanged
TAOP,2020-07-30,unchanged
TAOP,2020-08-03,unchanged
TAOP,2020-09-11,unchanged
TAOP,2021-01-07,unchanged
TAOP,2021-02-19,unchanged
TAOP,2021-02-22,unchanged
TAOP,2021-02-24,unchanged
TAOP,2021-03-17,unchanged
TAOP,2021-03-25,unchanged
TAOP,2021-03-31,unchanged
TAOP,2021-07-28,unchanged
TAOP,2021-07-30,unchanged
TAOP,2022-08-02,unchanged
TAOP,2022-08-05,unchanged
TAOP,2022-08-22,unchanged
TAOP,2023-07-11,unchanged
TAOP,2023-07-31,unchanged
TAOP,2023-09-01,unchanged
TAOP,2023-10-12,unchanged
TAOP,2024-01-02,unchanged
TAOP,2024-02-07,unchanged
TAOP,2024-02-14,unchanged
TAOP,2024-05-09,unchanged
TAOP,2024-06-10,unchanged
TAOP,2024-10-04,unchanged
TAOP,2024-12-20,unchanged
TAOP,nan,unchanged
TAOX,nan,unchanged
TARA,2020-05-19,unchanged
TARA,2020-07-28,unchanged
TARA,2024-04-05,unchanged
TARA,2024-12-05,unchanged
TARA,nan,unchanged
TARK,nan,unchanged
TARS,2020-12-18,unchanged
TASK,2022-11-08,unchanged
TATT,2020-09-25,unchanged
TATT,2021-01-06,unchanged
TATT,2021-07-02,unchanged
TAYD,2020-03-25,unchanged
TBBK,2020-03-19,unchanged
TBH,nan,unchanged
TBI,2020-07-28,unchanged
TBI,nan,unchanged
TBLA,2022-11-28,unchanged
TBLA,2023-05-10,unchanged
TBLAW,2023-02-27,unchanged
TBN,nan,unchanged
TC,2020-10-22,unchanged
TC,2020-10-27,unchanged
TC,2021-06-09,unchanged
TC,2022-09-29,unchanged
TC,2023-05-01,unchanged
TC,2024-02-14,unchanged
TC,2024-10-24,unchanged
TC,nan,unchanged
TCI,2020-11-09,unchanged
TCI,2021-05-17,unchanged
TCMD,nan,unchanged
TCOM,2022-03-16,unchanged
TCPC,2020-03-19,unchanged
TCRT,2022-04-29,unchanged
TCRT,2022-05-04,unchanged
TCRT,2022-08-03,unchanged
TCRT,2022-08-25,unchanged
TCRT,2022-09-26,unchanged
TCRT,2023-08-21,unchanged
TCRT,2023-12-18,unchanged
TCRT,2024-01-04,unchanged
TCRT,2024-01-05,unchanged
TCRT,2024-01-24,unchanged
TCRT,2024-02-23,unchanged
TCRT,2024-08-20,unchanged
TCRT,2024-09-18,unchanged
TCRT,nan,unchanged
TCRX,2021-09-23,unchanged
TCRX,2022-05-10,unchanged
TCRX,2022-09-06,unchanged
TCRX,2022-12-23,unchanged
TCRX,2023-01-12,unchanged
TCRX,2023-05-02,unchanged
TCRX,2023-05-09,unchanged
TCRX,2023-05-10,unchanged
TCRX,2023-05-26,unchanged
TCRX,nan,unchanged
TCX,2023-05-10,unchanged
TCX,nan,unchanged
TDACU,2020-11-30,unchanged
TDACU,2021-02-19,unchanged
TDACU,2021-02-26,unchanged
TDACW,2020-11-19,unchanged
TDACW,2021-10-22,unchanged
TDC,2021-02-05,unchanged
TDC,2021-02-08,unchanged
TDC,2021-04-22,unchanged
TDS,2023-08-04,unchanged
TDS,2024-05-09,unchanged
TDTH,2024-10-24,unchanged
TDTH,2024-11-29,unchanged
TDTH,nan,unchanged
TDUP,2021-03-29,unchanged
TDUP,2022-12-14,unchanged
TDUP,2023-03-07,unchanged
TDUP,nan,unchanged
TDW,nan,unchanged
TE,nan,unchanged
TEAM,2021-07-30,unchanged
TECX,nan,unchanged
TELA,2020-03-19,unchanged
TELO,2024-02-12,unchanged
TELO,2024-02-14,unchanged
TELO,2024-04-04,unchanged
TELO,2024-08-19,unchanged
TELO,2024-09-09,unchanged
TELO,2024-11-19,unchanged
TELO,nan,unchanged
TEM,2024-11-06,unchanged
TEM,2024-11-08,unchanged
TEM,nan,unchanged
TEN,2020-03-19,unchanged
TEN,2020-03-24,unchanged
TEN,2022-02-23,unchanged
TEN,2024-07-01,unchanged
TENX,2020-05-15,unchanged
TENX,2020-05-28,unchanged
TENX,2020-06-02,unchanged
TENX,2020-07-17,unchanged
TENX,2020-12-29,unchanged
TENX,2021-01-19,unchanged
TENX,2021-01-27,unchanged
TENX,2021-04-09,unchanged
TENX,2021-09-13,unchanged
TENX,2022-01-04,unchanged
TENX,2022-06-27,unchanged
TENX,2022-09-14,unchanged
TENX,2022-11-03,unchanged
TENX,2022-11-15,unchanged
TENX,2022-11-18,unchanged
TENX,2023-02-02,unchanged
TENX,2023-03-10,unchanged
TENX,2023-03-13,unchanged
TENX,2023-05-31,unchanged
TENX,2023-10-12,unchanged
TENX,2023-11-13,unchanged
TENX,2024-01-29,unchanged
TENX,2024-02-06,unchanged
TENX,2024-02-07,unchanged
TENX,2024-08-06,unchanged
TEO,nan,unchanged
TERN,2022-08-12,unchanged
TERN,2022-08-15,unchanged
TERN,2022-09-09,unchanged
TERN,2022-12-19,unchanged
TERN,2023-12-04,unchanged
TFII,2021-01-25,unchanged
TG,2020-03-17,unchanged
TG,2020-12-02,unchanged
TGE,nan,unchanged
TGL,2023-10-18,unchanged
TGL,2024-01-17,unchanged
TGL,2024-01-18,unchanged
TGL,2024-02-05,unchanged
TGL,2024-02-14,unchanged
TGL,2024-03-20,unchanged
TGL,2024-05-08,unchanged
TGL,2024-08-20,unchanged
TGL,2024-09-23,unchanged
TGL,2024-11-27,unchanged
TGL,nan,unchanged
TGLS,2020-03-16,unchanged
TGLS,2020-03-17,unchanged
TGLS,2020-03-24,unchanged
TGLS,2021-05-10,unchanged
TGNA,nan,unchanged
TGS,nan,unchanged
TGTX,2020-05-05,unchanged
TGTX,2020-12-10,unchanged
TGTX,2022-11-10,unchanged
TGTX,2022-12-28,unchanged
TGTX,2022-12-29,unchanged
TGTX,2023-11-01,unchanged
TGTX,2024-02-28,unchanged
TGTX,2024-05-01,unchanged
TH,2020-03-25,unchanged
TH,2020-05-28,unchanged
TH,2020-06-08,unchanged
TH,2020-11-05,unchanged
TH,2020-11-18,unchanged
TH,2021-03-26,unchanged
TH,2021-04-06,unchanged
TH,2021-04-07,unchanged
TH,2022-07-08,unchanged
THAR,2023-09-26,unchanged
THAR,2023-10-24,unchanged
THAR,2023-11-07,unchanged
THAR,2023-11-27,unchanged
THAR,2024-10-30,unchanged
THAR,nan,unchanged
THC,2020-03-25,unchanged
THC,2020-04-08,unchanged
THCH,2023-01-04,unchanged
THCH,2024-04-18,unchanged
THRY,2020-10-02,unchanged
THRY,2021-01-12,unchanged
THRY,2021-05-27,unchanged
TIGR,2020-07-06,unchanged
TIGR,2020-07-08,unchanged
TIGR,2020-11-19,unchanged
TIGR,2020-12-22,unchanged
TIGR,2022-03-16,unchanged
TIGR,2022-03-18,unchanged
TIGR,2023-08-29,unchanged
TIGR,2024-09-30,unchanged
TIGR,2024-10-02,unchanged
TIGR,2024-10-04,unchanged
TIGR,2024-12-09,unchanged
TIL,2022-12-28,unchanged
TIL,2022-12-29,unchanged
TIL,2024-07-12,unchanged
TIL,2024-09-09,unchanged
TIL,2024-09-11,unchanged
TIL,2024-09-12,unchanged
TIL,2024-09-13,unchanged
TIL,nan,unchanged
TILE,2024-11-01,unchanged
TIPT,2021-10-12,unchanged
TIRX,2021-01-28,unchanged
TIRX,2021-02-04,unchanged
TIRX,2021-02-08,unchanged
TIRX,2021-04-13,unchanged
TIRX,2021-04-16,unchanged
TIRX,2021-04-27,unchanged
TIRX,2021-08-02,unchanged
TIRX,2021-08-13,unchanged
TIRX,2022-03-15,unchanged
TIRX,2022-06-23,unchanged
TIRX,2022-08-02,unchanged
TIRX,2022-08-05,unchanged
TIRX,2022-12-15,unchanged
TIRX,2023-01-05,unchanged
TIRX,2023-04-28,unchanged
TIRX,2023-05-01,unchanged
TIRX,2023-05-02,unchanged
TIRX,2023-05-03,unchanged
TIRX,2023-05-11,unchanged
TIRX,2023-06-12,unchanged
TIRX,2023-08-21,unchanged
TIRX,2023-08-24,unchanged
TIRX,2023-10-12,unchanged
TIRX,2023-12-28,unchanged
TIRX,2024-02-16,unchanged
TIRX,2024-04-18,unchanged
TIRX,2024-05-14,unchanged
TIRX,2024-05-24,unchanged
TIRX,2024-07-24,unchanged
TIRX,2024-12-24,unchanged
TISI,2020-08-05,unchanged
TISI,2022-02-15,unchanged
TISI,2022-03-08,unchanged
TISI,2022-03-29,unchanged
TISI,2022-04-06,unchanged
TISI,2022-08-15,unchanged
TISI,2023-05-25,unchanged
TIVC,2023-03-29,unchanged
TIVC,2023-04-18,unchanged
TIVC,2023-05-09,unchanged
TIVC,2023-05-11,unchanged
TIVC,2023-06-16,unchanged
TIVC,2023-06-27,unchanged
TIVC,2023-08-16,unchanged
TIVC,2023-08-17,unchanged
TIVC,2023-08-29,unchanged
TIVC,2023-09-01,unchanged
TIVC,2023-11-13,unchanged
TIVC,2023-11-21,unchanged
TIVC,2023-11-30,unchanged
TIVC,2024-01-30,unchanged
TIVC,2024-02-29,unchanged
TIVC,2024-05-08,unchanged
TIVC,2024-07-23,unchanged
TIVC,2024-07-25,unchanged
TIVC,2024-07-26,unchanged
TIVC,2024-07-29,unchanged
TIVC,2024-07-30,unchanged
TIVC,2024-08-01,unchanged
TIVC,2024-10-16,unchanged
TIVC,2024-11-08,unchanged
TIVC,2024-11-14,unchanged
TIVC,2024-12-24,unchanged
TIVC,nan,unchanged
TK,2020-03-10,unchanged
TKLF,2022-01-25,unchanged
TKLF,2022-01-28,unchanged
TKLF,2022-01-31,unchanged
TKLF,2022-06-30,unchanged
TKLF,2022-07-22,unchanged
TKLF,2022-08-26,unchanged
TKLF,2023-04-06,unchanged
TKLF,2024-05-24,unchanged
TKLF,2024-07-16,unchanged
TKLF,2024-07-18,unchanged
TKLF,2024-11-18,unchanged
TKNO,2022-11-10,unchanged
TKNO,2023-05-23,unchanged
TKNO,2023-07-06,unchanged
TKNO,2023-09-22,unchanged
TKNO,2023-09-26,unchanged
TKNO,2023-09-27,unchanged
TKNO,2023-11-21,unchanged
TKNO,2024-07-17,unchanged
TKNO,2024-07-22,unchanged
TKNO,2024-07-24,unchanged
TKNO,2024-11-20,unchanged
TLF,2022-09-07,unchanged
TLF,2024-12-09,unchanged
TLIH,nan,unchanged
TLPH,2024-02-16,unchanged
TLPH,2024-10-17,unchanged
TLPH,nan,unchanged
TLRY,2020-03-19,unchanged
TLRY,2020-03-20,unchanged
TLRY,2020-03-25,unchanged
TLRY,2020-03-26,unchanged
TLRY,2020-03-27,unchanged
TLRY,2020-11-05,unchanged
TLRY,2020-11-06,unchanged
TLRY,2021-02-09,unchanged
TLRY,2021-02-10,unchanged
TLRY,2022-10-06,unchanged
TLRY,2023-08-08,unchanged
TLRY,2024-04-30,unchanged
TLRY,nan,unchanged
TLS,2022-11-11,unchanged
TLS,2023-11-10,unchanged
TLS,2024-08-12,unchanged
TLS,nan,unchanged
TLSA,2020-01-09,unchanged
TLSA,2020-02-27,unchanged
TLSA,2020-03-05,unchanged
TLSA,2020-03-11,unchanged
TLSA,2020-03-12,unchanged
TLSA,2020-04-09,unchanged
TLSA,2020-06-19,unchanged
TLSA,2020-07-30,unchanged
TLSA,2020-12-17,unchanged
TLSA,2021-01-04,unchanged
TLSA,2021-01-13,unchanged
TLSA,2021-01-20,unchanged
TLSA,2021-02-02,unchanged
TLSA,2022-03-10,unchanged
TLSA,2024-08-07,unchanged
TLSA,2024-09-18,unchanged
TLSA,2024-11-11,unchanged
TLSA,nan,unchanged
TLSI,2023-12-11,unchanged
TLSI,2023-12-14,unchanged
TLSIW,2023-12-29,unchanged
TLSIW,2024-01-23,unchanged
TLSIW,2024-02-20,unchanged
TLSIW,2024-05-24,unchanged
TLSIW,2024-09-27,unchanged
TLSIW,nan,unchanged
TLX,nan,unchanged
TLYS,nan,unchanged
TMC,2021-09-13,unchanged
TMC,2021-09-16,unchanged
TMC,2022-03-07,unchanged
TMC,2022-03-08,unchanged
TMC,2022-03-11,unchanged
TMC,2022-08-30,unchanged
TMC,2023-07-05,unchanged
TMC,2023-08-14,unchanged
TMC,2023-11-03,unchanged
TMC,nan,unchanged
TMCI,2024-05-14,unchanged
TMCI,2024-11-06,unchanged
TMCWW,2021-09-13,unchanged
TMCWW,nan,unchanged
TMDX,2020-03-17,unchanged
TMDX,2021-02-09,unchanged
TMDX,2022-02-24,unchanged
TMDX,2022-05-04,unchanged
TMDX,2022-11-04,unchanged
TMDX,2023-11-07,unchanged
TMDX,2024-05-01,unchanged
TME,2022-11-15,unchanged
TNGX,2023-08-09,unchanged
TNGX,2023-08-11,unchanged
TNGX,nan,unchanged
TNK,2020-03-10,unchanged
TNMG,2024-12-10,unchanged
TNMG,2024-12-19,unchanged
TNMG,2024-12-30,unchanged
TNMG,nan,unchanged
TNON,2022-04-28,unchanged
TNON,2022-05-04,unchanged
TNON,2022-05-27,unchanged
TNON,2022-06-15,unchanged
TNON,2022-06-24,unchanged
TNON,2022-07-26,unchanged
TNON,2023-02-15,unchanged
TNON,2023-06-06,unchanged
TNON,2023-09-12,unchanged
TNON,2023-11-03,unchanged
TNON,2023-11-06,unchanged
TNON,2023-11-07,unchanged
TNON,2023-11-08,unchanged
TNON,2023-11-13,unchanged
TNON,2023-12-21,unchanged
TNON,2024-02-14,unchanged
TNON,2024-02-28,unchanged
TNON,2024-09-05,unchanged
TNON,2024-09-12,unchanged
TNON,2024-09-13,unchanged
TNON,2024-09-20,unchanged
TNON,2024-09-25,unchanged
TNON,2024-10-18,unchanged
TNON,nan,unchanged
TNXP,2022-06-01,unchanged
TNXP,2022-07-25,unchanged
TNXP,2022-12-12,unchanged
TNXP,2024-08-19,unchanged
TNXP,2024-08-26,unchanged
TNXP,2024-09-09,unchanged
TNXP,2024-09-27,unchanged
TNXP,2024-11-20,unchanged
TNXP,2024-12-16,unchanged
TNXP,2024-12-17,unchanged
TNXP,2024-12-18,unchanged
TNXP,2024-12-19,unchanged
TNXP,nan,unchanged
TNYA,2022-11-11,unchanged
TNYA,2023-04-20,unchanged
TNYA,2023-04-21,unchanged
TNYA,2023-05-05,unchanged
TNYA,2024-01-22,unchanged
TNYA,2024-11-04,unchanged
TNYA,nan,unchanged
TOI,2021-12-16,unchanged
TOI,2021-12-23,unchanged
TOI,2022-02-24,unchanged
TOI,2022-12-21,unchanged
TOI,2023-09-11,unchanged
TOI,2023-11-09,unchanged
TOI,nan,unchanged
TOIIW,2021-11-29,unchanged
TOIIW,2021-11-30,unchanged
TOIIW,2021-12-27,unchanged
TOIIW,2022-02-10,unchanged
TOIIW,2022-02-22,unchanged
TOIIW,2022-04-04,unchanged
TOIIW,2022-06-03,unchanged
TOIIW,2022-08-15,unchanged
TOIIW,2022-08-16,unchanged
TOIIW,2022-08-26,unchanged
TOIIW,2022-08-29,unchanged
TOIIW,2022-09-02,unchanged
TOIIW,2022-09-06,unchanged
TOIIW,2022-09-15,unchanged
TOL,2020-03-24,unchanged
TOMZ,2020-10-06,unchanged
TOMZ,2021-11-30,unchanged
TOMZ,2022-06-02,unchanged
TOMZ,2022-08-08,unchanged
TOMZ,2023-02-07,unchanged
TOMZ,2023-08-10,unchanged
TOMZ,2023-10-05,unchanged
TOMZ,2024-06-06,unchanged
TOMZ,2024-12-23,unchanged
TOMZ,nan,unchanged
TOP,2022-06-15,unchanged
TOP,2022-08-08,unchanged
TOP,2022-08-11,unchanged
TOP,2022-10-14,unchanged
TOP,2023-02-23,unchanged
TOP,2023-04-27,unchanged
TOP,2023-04-28,unchanged
TOP,2023-05-02,unchanged
TOP,2023-05-03,unchanged
TOP,2023-05-05,unchanged
TOP,2023-05-30,unchanged
TOP,2023-06-05,unchanged
TOP,2023-06-29,unchanged
TOP,2023-06-30,unchanged
TOP,2023-08-18,unchanged
TOP,2024-02-09,unchanged
TOP,2024-09-26,unchanged
TOP,2024-10-02,unchanged
TOP,nan,unchanged
TORO,2023-03-09,unchanged
TORO,2023-03-29,unchanged
TORO,2023-03-30,unchanged
TORO,2023-03-31,unchanged
TORO,2023-04-17,unchanged
TORO,2023-04-18,unchanged
TORO,2024-12-12,unchanged
TORO,nan,unchanged
TOUR,2020-05-28,unchanged
TOUR,2020-09-30,unchanged
TOUR,2020-11-09,unchanged
TOUR,2020-11-16,unchanged
TOUR,2020-11-20,unchanged
TOUR,2020-11-24,unchanged
TOUR,2020-11-25,unchanged
TOUR,2022-08-03,unchanged
TOUR,2022-12-08,unchanged
TOUR,2024-09-30,unchanged
TOYO,2024-07-12,unchanged
TOYO,2024-08-12,unchanged
TOYO,2024-08-16,unchanged
TOYO,2024-09-17,unchanged
TOYO,2024-11-26,unchanged
TPC,2020-02-28,unchanged
TPC,2020-03-18,unchanged
TPC,2020-03-19,unchanged
TPC,2020-05-07,unchanged
TPC,2024-02-29,unchanged
TPC,nan,unchanged
TPCS,2024-04-08,unchanged
TPR,2020-03-24,unchanged
TPST,2021-07-09,unchanged
TPST,2021-07-12,unchanged
TPST,2021-07-14,unchanged
TPST,2022-04-27,unchanged
TPST,2022-04-28,unchanged
TPST,2023-01-11,unchanged
TPST,2023-03-14,unchanged
TPST,2023-03-29,unchanged
TPST,2023-04-11,unchanged
TPST,2023-04-28,unchanged
TPST,2023-09-12,unchanged
TPST,2023-10-11,unchanged
TPST,2023-10-13,unchanged
TPST,2023-10-16,unchanged
TPST,2023-10-17,unchanged
TPST,2023-11-09,unchanged
TPST,2024-04-01,unchanged
TPST,2024-08-13,unchanged
TPST,2024-08-15,unchanged
TPST,2024-10-16,unchanged
TPST,nan,unchanged
TPVG,2020-03-19,unchanged
TPVG,2020-03-24,unchanged
TPVG,2020-03-25,unchanged
TPVG,2020-03-26,unchanged
TPZ,2020-03-19,unchanged
TQQQ,nan,unchanged
TR,2021-01-27,unchanged
TRAW,2024-12-23,unchanged
TRAW,2024-12-27,unchanged
TRAW,nan,unchanged
TRDA,2022-06-07,unchanged
TRDA,2022-06-27,unchanged
TREE,2024-04-30,unchanged
TRGP,2020-03-19,unchanged
TRIB,2020-01-21,unchanged
TRIB,2020-01-23,unchanged
TRIB,2020-02-26,unchanged
TRIB,2020-02-28,unchanged
TRIB,2020-03-02,unchanged
TRIB,2020-03-05,unchanged
TRIB,2020-03-20,unchanged
TRIB,2020-03-31,unchanged
TRIB,2020-04-30,unchanged
TRIB,2020-06-09,unchanged
TRIB,2021-01-29,unchanged
TRIB,2021-03-29,unchanged
TRIB,2021-05-13,unchanged
TRIB,2021-07-30,unchanged
TRIB,2022-04-11,unchanged
TRIB,2023-04-20,unchanged
TRIB,2023-11-28,unchanged
TRIB,2024-01-31,unchanged
TRIB,2024-08-27,unchanged
TRIB,2024-10-24,unchanged
TRIB,nan,unchanged
TRIL,2020-01-07,unchanged
TRIL,2020-01-09,unchanged
TRIL,2020-01-10,unchanged
TRIL,2020-01-22,unchanged
TRIL,2020-01-23,unchanged
TRIL,2020-02-28,unchanged
TRIL,2020-03-02,unchanged
TRIL,2020-03-20,unchanged
TRIL,2020-09-09,unchanged
TRIL,2021-08-23,unchanged
TRMD,2020-03-13,unchanged
TRMD,2020-04-21,unchanged
TRNR,2024-06-17,unchanged
TRNR,2024-07-19,unchanged
TRNR,2024-08-12,unchanged
TRNR,2024-09-24,unchanged
TRNR,2024-10-22,unchanged
TRNR,2024-11-19,unchanged
TRNR,2024-11-27,unchanged
TRNR,nan,unchanged
TRON,2024-06-25,unchanged
TRON,nan,unchanged
TROO,2022-03-18,unchanged
TROO,2022-04-12,unchanged
TROO,2022-07-22,unchanged
TROO,2023-01-11,unchanged
TROO,2023-01-31,unchanged
TROO,2023-02-22,unchanged
TROO,2024-04-24,unchanged
TROO,2024-07-01,unchanged
TROO,2024-07-11,unchanged
TROO,2024-07-15,unchanged
TROO,2024-12-10,unchanged
TROO,nan,unchanged
TROX,2020-04-17,unchanged
TRSG,2024-04-22,unchanged
TRSG,2024-06-06,unchanged
TRSG,2024-08-23,unchanged
TRSG,2024-10-24,unchanged
TRSG,2024-11-26,unchanged
TRSG,nan,unchanged
TRTNpA,2020-03-19,unchanged
TRTNpD,2020-03-19,unchanged
TRTX,2020-03-19,unchanged
TRTX,2020-03-26,unchanged
TRTX,2020-04-06,unchanged
TRTX,2020-04-07,unchanged
TRTX,2020-04-08,unchanged
TRTX,2020-04-09,unchanged
TRUE,2020-06-10,unchanged
TRUE,2020-07-30,unchanged
TRUE,2020-08-07,unchanged
TRUE,2022-11-15,unchanged
TRUE,nan,unchanged
TRUG,2024-02-02,unchanged
TRUG,2024-03-20,unchanged
TRUG,2024-04-09,unchanged
TRUG,2024-06-11,unchanged
TRUG,2024-11-26,unchanged
TRUG,2024-12-12,unchanged
TRUG,2024-12-13,unchanged
TRUG,2024-12-19,unchanged
TRUG,2024-12-26,unchanged
TRUG,nan,unchanged
TRUP,2021-12-07,unchanged
TRUP,2023-11-03,unchanged
TRVG,2020-11-09,unchanged
TRVG,2021-01-27,unchanged
TRVG,2021-02-12,unchanged
TRVG,nan,unchanged
TRVI,2020-01-03,unchanged
TRVI,2020-03-16,unchanged
TRVI,2020-03-17,unchanged
TRVI,2020-03-19,unchanged
TRVI,2020-03-31,unchanged
TRVI,2020-04-03,unchanged
TRVI,2020-06-01,unchanged
TRVI,2020-08-11,unchanged
TRVI,2021-10-11,unchanged
TRVI,2022-03-02,unchanged
TRVI,2022-04-07,unchanged
TRVI,2022-06-29,unchanged
TRVI,2024-12-12,unchanged
TRVI,nan,unchanged
TSAT,2023-08-11,unchanged
TSAT,2023-08-21,unchanged
TSBK,2020-03-24,unchanged
TSDD,nan,unchanged
TSE,2020-03-17,unchanged
TSE,2024-12-10,unchanged
TSEM,2022-02-15,unchanged
TSHA,2022-10-25,unchanged
TSHA,2023-08-14,unchanged
TSHA,2023-08-29,unchanged
TSHA,2023-11-15,unchanged
TSHA,2024-03-20,unchanged
TSHA,2024-11-12,unchanged
TSHA,nan,unchanged
TSLA,2021-03-04,unchanged
TSLG,nan,unchanged
TSLL,2024-04-24,unchanged
TSLL,2024-04-29,unchanged
TSLL,2024-10-24,unchanged
TSLL,2024-11-06,unchanged
TSLL,nan,unchanged
TSLQ,nan,unchanged
TSLR,2024-04-24,unchanged
TSLR,2024-04-29,unchanged
TSLR,2024-10-24,unchanged
TSLR,2024-11-06,unchanged
TSLR,nan,unchanged
TSQ,2020-06-08,unchanged
TSSI,2024-05-14,unchanged
TSSI,2024-05-16,unchanged
TSSI,2024-05-24,unchanged
TSSI,nan,unchanged
TTD,2020-11-06,unchanged
TTD,2021-11-08,unchanged
TTD,2022-08-10,unchanged
TTD,2023-02-15,unchanged
TTEC,2024-09-30,unchanged
TTEC,nan,unchanged
TTI,2021-01-29,unchanged
TTI,2021-02-02,unchanged
TTRX,nan,unchanged
TURB,2024-02-12,unchanged
TURB,2024-02-14,unchanged
TURB,2024-10-08,unchanged
TURB,2024-10-10,unchanged
TURB,2024-10-11,unchanged
TURB,nan,unchanged
TUSK,2020-03-20,unchanged
TUSK,2020-05-07,unchanged
TUSK,2020-06-05,unchanged
TUSK,2020-06-08,unchanged
TUSK,2020-12-08,unchanged
TUSK,2020-12-10,unchanged
TUSK,2021-02-17,unchanged
TUSK,2022-03-07,unchanged
TUSK,2024-07-23,unchanged
TUSK,nan,unchanged
TUYA,2022-03-16,unchanged
TUYA,2022-03-18,unchanged
TV,2021-04-14,unchanged
TVACW,2021-02-11,unchanged
TVACW,nan,unchanged
TVGN,2024-04-04,unchanged
TVGN,2024-04-26,unchanged
TVGN,2024-05-13,unchanged
TVGN,2024-06-11,unchanged
TVGN,2024-10-14,unchanged
TVGN,2024-10-15,unchanged
TVGN,2024-10-17,unchanged
TVGN,2024-10-18,unchanged
TVGN,2024-10-23,unchanged
TVGN,2024-11-12,unchanged
TVGN,nan,unchanged
TVTX,2021-08-16,unchanged
TVTX,2023-12-05,unchanged
TVTX,nan,unchanged
TWG,2024-04-19,unchanged
TWG,2024-08-01,unchanged
TWG,2024-09-04,unchanged
TWG,2024-09-19,unchanged
TWG,2024-09-20,unchanged
TWG,2024-10-07,unchanged
TWG,2024-10-11,unchanged
TWG,2024-10-16,unchanged
TWG,2024-10-17,unchanged
TWG,2024-10-22,unchanged
TWG,2024-10-24,unchanged
TWG,2024-10-28,unchanged
TWG,2024-11-15,unchanged
TWG,nan,unchanged
TWI,2024-12-09,unchanged
TWIN,2020-03-19,unchanged
TWIN,nan,unchanged
TWLO,2020-05-07,unchanged
TWNP,nan,unchanged
TWO,2020-03-25,unchanged
TWO,2020-04-06,unchanged
TWO,2020-04-07,unchanged
TWOpA,2020-03-19,unchanged
TWOpA,2020-03-25,unchanged
TWOpA,2020-03-26,unchanged
TWOpA,2020-04-06,unchanged
TWOpA,2020-04-07,unchanged
TWOpB,2020-03-19,unchanged
TWOpB,2020-03-25,unchanged
TWOpB,2020-03-26,unchanged
TWOpB,2020-04-06,unchanged
TWOpC,2020-03-19,unchanged
TWOpC,2020-03-25,unchanged
TWOpC,2020-03-26,unchanged
TWOpC,2020-04-06,unchanged
TWST,2023-11-17,unchanged
TWST,2024-05-03,unchanged
TXMD,2020-04-29,unchanged
TXMD,2020-06-08,unchanged
TXMD,2020-07-21,unchanged
TXMD,2022-01-04,unchanged
TXMD,2022-03-07,unchanged
TXMD,2022-03-09,unchanged
TXMD,2022-05-20,unchanged
TXMD,2022-05-31,unchanged
TXMD,2022-08-01,unchanged
TXMD,2022-12-05,unchanged
TXMD,2023-11-20,unchanged
TXMD,nan,unchanged
TYG,2020-03-19,unchanged
TYG,2020-03-20,unchanged
TYGO,2023-06-01,unchanged
TYGO,2023-11-21,unchanged
TYGO,2024-07-10,unchanged
TYGO,nan,unchanged
TYRA,2021-09-21,unchanged
TYRA,2022-07-01,unchanged
TYRA,2022-09-30,unchanged
TYRA,2023-02-01,unchanged
TYRA,2024-02-02,unchanged
TZOO,2020-03-25,unchanged
TZOO,2023-10-24,unchanged
TZOO,nan,unchanged
TZUP,2023-05-08,unchanged
TZUP,2023-07-24,unchanged
TZUP,2024-09-25,unchanged
TZUP,nan,unchanged
U,2022-11-10,unchanged
U,nan,unchanged
UA,2024-11-07,unchanged
UAA,2024-11-07,unchanged
UAL,2020-03-20,unchanged
UAL,2020-03-24,unchanged
UAN,2020-03-19,unchanged
UBER,2020-03-19,unchanged
UBFO,2020-03-17,unchanged
UBXG,2024-06-10,unchanged
UBXG,2024-06-11,unchanged
UBXG,2024-06-21,unchanged
UBXG,2024-07-09,unchanged
UBXG,2024-08-07,unchanged
UBXG,2024-08-15,unchanged
UBXG,2024-08-26,unchanged
UBXG,2024-09-10,unchanged
UBXG,2024-10-14,unchanged
UBXG,2024-10-22,unchanged
UBXG,2024-12-16,unchanged
UBXG,nan,unchanged
UCAR,2023-04-24,unchanged
UCAR,2023-04-27,unchanged
UCAR,2023-04-28,unchanged
UCAR,2023-05-10,unchanged
UCAR,2023-06-01,unchanged
UCAR,2023-06-02,unchanged
UCAR,2023-06-21,unchanged
UCAR,2023-08-14,unchanged
UCAR,2024-02-08,unchanged
UCAR,2024-02-23,unchanged
UCAR,2024-03-15,unchanged
UCAR,2024-03-28,unchanged
UCAR,2024-04-08,unchanged
UCL,2020-11-30,unchanged
UCL,2021-09-20,unchanged
UCL,2021-12-03,unchanged
UCL,2021-12-31,unchanged
UCL,2022-02-08,unchanged
UCL,2022-03-24,unchanged
UCL,2022-11-11,unchanged
UCL,2022-11-17,unchanged
UCL,2022-11-18,unchanged
UCL,2022-11-21,unchanged
UCL,2023-11-02,unchanged
UCL,2024-12-17,unchanged
UCL,2024-12-18,unchanged
UCL,nan,unchanged
UDMY,2023-11-03,unchanged
UDMY,nan,unchanged
UE,2020-11-09,unchanged
UEIC,2024-11-08,unchanged
UFG,nan,unchanged
UFI,2020-10-27,unchanged
UGRO,2023-07-07,unchanged
UGRO,2023-09-01,unchanged
UGRO,nan,unchanged
UHG,nan,unchanged
UHGWW,2023-10-11,unchanged
UHGWW,2023-10-24,unchanged
UHGWW,2024-01-10,unchanged
UHGWW,2024-09-30,unchanged
UHGWW,2024-10-02,unchanged
UHGWW,2024-10-03,unchanged
UHGWW,2024-11-26,unchanged
UHGWW,2024-11-27,unchanged
UHGWW,2024-12-02,unchanged
UHGWW,2024-12-26,unchanged
UHGWW,nan,unchanged
UI,nan,unchanged
UIS,2020-02-06,unchanged
UIS,2024-10-30,unchanged
UK,2021-12-01,unchanged
UK,2022-01-13,unchanged
UK,2022-08-15,unchanged
UK,2022-11-01,unchanged
UK,2023-05-02,unchanged
UK,2023-06-05,unchanged
UK,2023-07-25,unchanged
UK,2023-08-21,unchanged
UK,2023-11-29,unchanged
UK,2023-12-28,unchanged
UK,2024-01-03,unchanged
UK,2024-01-10,unchanged
UK,2024-02-08,unchanged
UK,2024-03-07,unchanged
UK,2024-09-30,unchanged
UK,nan,unchanged
ULBI,2021-05-18,unchanged
ULBI,2023-07-27,unchanged
ULBI,2023-08-22,unchanged
ULCC,nan,unchanged
ULH,2024-04-26,unchanged
ULY,2023-10-20,unchanged
ULY,2024-03-04,unchanged
ULY,2024-10-22,unchanged
ULY,2024-11-22,unchanged
ULY,nan,unchanged
UNCY,2021-07-26,unchanged
UNCY,2022-12-29,unchanged
UNCY,2023-03-06,unchanged
UNCY,2023-03-07,unchanged
UNCY,2023-03-09,unchanged
UNCY,2023-03-10,unchanged
UNCY,2023-09-28,unchanged
UNCY,2023-11-22,unchanged
UNCY,2023-12-28,unchanged
UNCY,2024-08-14,unchanged
UNCY,nan,unchanged
UNF,nan,unchanged
UNFI,2020-03-16,unchanged
UNFI,2020-03-17,unchanged
UNFI,2020-05-12,unchanged
UNFI,2020-05-13,unchanged
UNFI,2024-10-01,unchanged
UNFI,2024-12-10,unchanged
UNIT,2020-05-12,unchanged
UNIT,nan,unchanged
UNTY,2020-03-17,unchanged
UNTY,2020-03-19,unchanged
UOKA,2024-12-09,unchanged
UOKA,2024-12-17,unchanged
UOKA,nan,unchanged
UONE,2020-04-09,unchanged
UONE,2020-06-04,unchanged
UONE,2020-06-12,unchanged
UONE,2020-06-15,unchanged
UONE,2020-06-16,unchanged
UONE,2020-06-18,unchanged
UONE,2020-06-19,unchanged
UONE,2020-06-23,unchanged
UONE,2020-07-10,unchanged
UONE,2020-08-25,unchanged
UONE,2020-09-02,unchanged
UONE,2020-09-25,unchanged
UONE,2021-01-06,unchanged
UONE,2021-01-19,unchanged
UONE,2021-01-27,unchanged
UONE,2021-05-20,unchanged
UONE,2021-06-02,unchanged
UONE,2021-06-07,unchanged
UONE,2021-06-11,unchanged
UONE,2021-07-08,unchanged
UONE,2024-06-10,unchanged
UONEK,2020-03-26,unchanged
UONEK,2020-06-04,unchanged
UONEK,2020-06-15,unchanged
UONEK,2020-06-16,unchanged
UONEK,2020-06-17,unchanged
UONEK,2020-06-18,unchanged
UONEK,2020-06-19,unchanged
UONEK,2020-06-30,unchanged
UONEK,2020-09-25,unchanged
UONEK,2021-01-06,unchanged
UONEK,2021-05-20,unchanged
UONEK,nan,unchanged
UP,2022-06-15,unchanged
UP,2023-04-13,unchanged
UP,2023-06-15,unchanged
UP,2023-07-19,unchanged
UP,2023-08-15,unchanged
UP,2023-08-16,unchanged
UP,2023-09-12,unchanged
UP,2023-12-26,unchanged
UP,2023-12-27,unchanged
UP,2024-07-02,unchanged
UP,nan,unchanged
UPC,2021-03-29,unchanged
UPC,2021-04-01,unchanged
UPC,2021-07-22,unchanged
UPC,2021-07-23,unchanged
UPC,2023-10-12,unchanged
UPC,2024-01-08,unchanged
UPC,2024-10-11,unchanged
UPC,2024-10-16,unchanged
UPC,2024-12-02,unchanged
UPC,2024-12-06,unchanged
UPC,nan,unchanged
UPLD,2023-08-31,unchanged
UPLD,2024-05-03,unchanged
UPLD,2024-05-06,unchanged
UPLD,2024-11-18,unchanged
UPLD,nan,unchanged
UPST,2020-12-17,unchanged
UPST,2020-12-18,unchanged
UPST,2021-03-18,unchanged
UPST,2021-03-22,unchanged
UPST,2022-02-16,unchanged
UPST,2023-02-02,unchanged
UPST,2023-02-15,unchanged
UPST,2023-05-10,unchanged
UPST,2024-08-07,unchanged
UPST,2024-11-08,unchanged
UPST,nan,unchanged
UPWK,2020-11-05,unchanged
UPWK,2023-08-03,unchanged
UPXI,2024-02-13,unchanged
UPXI,2024-07-02,unchanged
UPXI,2024-08-05,unchanged
UPXI,2024-10-07,unchanged
UPXI,2024-10-17,unchanged
UPXI,2024-10-24,unchanged
UPXI,2024-10-25,unchanged
UPXI,2024-10-29,unchanged
UPXI,2024-11-20,unchanged
UPXI,2024-12-04,unchanged
UPXI,2024-12-19,unchanged
UPXI,nan,unchanged
URBN,2020-11-09,unchanged
URGN,2022-03-08,unchanged
URGN,2023-05-01,unchanged
URGN,2023-07-27,unchanged
URGN,2023-07-28,unchanged
URGN,2024-06-13,unchanged
URGN,nan,unchanged
UROY,2021-09-13,unchanged
USAC,2020-03-19,unchanged
USAC,2020-04-17,unchanged
USAR,nan,unchanged
USARW,nan,unchanged
USAU,2020-03-17,unchanged
USAU,2020-03-24,unchanged
USAU,2020-03-25,unchanged
USCB,2021-11-11,unchanged
USEA,2022-07-07,unchanged
USEA,2022-07-15,unchanged
USEA,2022-07-26,unchanged
USEA,2022-09-02,unchanged
USEA,nan,unchanged
USEG,2020-01-03,unchanged
USEG,2020-01-06,unchanged
USEG,2020-01-07,unchanged
USEG,2020-03-23,unchanged
USEG,2020-03-24,unchanged
USEG,2020-03-25,unchanged
USEG,2020-04-02,unchanged
USEG,2020-05-04,unchanged
USEG,2020-05-15,unchanged
USEG,2020-07-22,unchanged
USEG,2020-09-29,unchanged
USEG,2020-10-08,unchanged
USEG,2021-01-28,unchanged
USEG,2021-07-14,unchanged
USEG,2022-03-07,unchanged
USEG,2022-03-08,unchanged
USEG,2023-04-03,unchanged
USEG,nan,unchanged
USFD,2020-03-19,unchanged
USFD,2020-11-09,unchanged
USGO,2023-05-08,unchanged
USGO,2024-09-30,unchanged
USGO,2024-10-01,unchanged
USGO,2024-10-07,unchanged
USGO,2024-11-18,unchanged
USGO,nan,unchanged
USGOW,2023-04-21,unchanged
USGOW,2023-05-08,unchanged
USGOW,2023-05-09,unchanged
USGOW,2023-05-10,unchanged
USGOW,2023-05-18,unchanged
USGOW,2023-06-15,unchanged
USGOW,2023-07-03,unchanged
USGOW,2023-11-06,unchanged
USGOW,2023-11-09,unchanged
USGOW,2024-03-27,unchanged
USGOW,2024-04-04,unchanged
USGOW,2024-04-12,unchanged
USGOW,2024-10-01,unchanged
USGOW,2024-10-07,unchanged
USGOW,2024-10-14,unchanged
USGOW,2024-11-04,unchanged
USGOW,2024-11-05,unchanged
USGOW,2024-11-14,unchanged
USGOW,2024-11-18,unchanged
USGOW,2024-11-22,unchanged
USGOW,2024-11-25,unchanged
USGOW,2024-12-19,unchanged
USGOW,2024-12-23,unchanged
USGOW,nan,unchanged
USIO,2020-03-20,unchanged
USIO,2020-03-26,unchanged
USIO,2020-04-02,unchanged
USIO,2020-04-03,unchanged
USIO,2020-05-07,unchanged
USIO,2020-05-27,unchanged
USIO,2020-08-10,unchanged
USIO,2020-12-09,unchanged
USIO,2020-12-22,unchanged
USIO,2022-10-04,unchanged
USIO,nan,unchanged
UTHR,nan,unchanged
UTSI,2020-08-31,unchanged
UTSI,2020-11-06,unchanged
UTSI,2020-12-10,unchanged
UTSI,2021-04-14,unchanged
UTSI,2021-07-09,unchanged
UWMC,2021-03-03,unchanged
UWMC.WS,2021-03-02,unchanged
UWMC.WS,2021-03-03,unchanged
UWMC.WS,2021-06-09,unchanged
UWMC.WS,2021-11-19,unchanged
UXIN,2020-10-19,unchanged
UXIN,2020-10-20,unchanged
UXIN,2021-04-01,unchanged
UXIN,2021-04-23,unchanged
UXIN,2021-04-28,unchanged
UXIN,2021-06-01,unchanged
UXIN,2022-03-22,unchanged
UXIN,2022-07-08,unchanged
UXIN,2022-12-02,unchanged
UXIN,2023-04-28,unchanged
UXIN,2023-05-09,unchanged
UXIN,2023-12-26,unchanged
UXIN,2024-05-07,unchanged
UXIN,2024-05-13,unchanged
UXIN,2024-09-23,unchanged
UXIN,2024-09-26,unchanged
UXIN,2024-09-27,unchanged
UXIN,2024-09-30,unchanged
UXIN,2024-10-04,unchanged
UXIN,nan,unchanged
VAC,2020-03-24,unchanged
VAC,2020-11-09,unchanged
VAL,2020-06-08,unchanged
VAL,2020-06-12,unchanged
VAL,2021-05-03,unchanged
VAL.WS,2021-05-05,unchanged
VAL.WS,2022-03-04,unchanged
VAL.WS,nan,unchanged
VALN,2021-08-30,unchanged
VALN,2021-10-18,unchanged
VALN,2022-01-19,unchanged
VALN,2022-06-21,unchanged
VALN,2022-06-23,unchanged
VALU,2022-08-25,unchanged
VALU,2022-10-04,unchanged
VALU,2022-10-05,unchanged
VANI,2022-12-05,unchanged
VANI,2023-03-23,unchanged
VANI,2023-05-02,unchanged
VANI,2023-12-22,unchanged
VANI,2024-02-28,unchanged
VATE,2022-10-06,unchanged
VATE,2022-12-30,unchanged
VATE,2023-06-12,unchanged
VATE,2024-03-05,unchanged
VATE,2024-07-24,unchanged
VATE,2024-11-21,unchanged
VATE,2024-11-22,unchanged
VATE,nan,unchanged
VBIX,2024-07-19,unchanged
VBIX,2024-07-22,unchanged
VBIX,2024-07-23,unchanged
VBIX,2024-10-10,unchanged
VBIX,nan,unchanged
VCICW,nan,unchanged
VCIG,2023-06-20,unchanged
VCIG,2024-10-29,unchanged
VCIG,2024-11-27,unchanged
VCIG,2024-11-29,unchanged
VCIG,2024-12-04,unchanged
VCIG,2024-12-13,unchanged
VCIG,nan,unchanged
VCYT,2024-08-07,unchanged
VEEA,2024-09-18,unchanged
VEEA,2024-10-17,unchanged
VEEA,nan,unchanged
VEEE,2022-08-01,unchanged
VEEE,2022-08-12,unchanged
VEEE,2024-06-25,unchanged
VEEE,2024-09-16,unchanged
VEEE,2024-10-24,unchanged
VEEE,2024-12-31,unchanged
VEEE,nan,unchanged
VEL,2020-03-20,unchanged
VEL,2020-03-25,unchanged
VEL,2020-03-26,unchanged
VEL,2020-04-06,unchanged
VEL,2020-05-20,unchanged
VEL,2020-06-03,unchanged
VEL,2020-08-21,unchanged
VEL,2021-05-07,unchanged
VELO,nan,unchanged
VEON,2022-03-02,unchanged
VEON,2022-03-04,unchanged
VEON,2022-03-07,unchanged
VEON,2022-03-08,unchanged
VEON,2022-03-16,unchanged
VEON,2022-03-18,unchanged
VEON,2022-11-25,unchanged
VEON,2022-12-23,unchanged
VEON,nan,unchanged
VERA,2021-05-19,unchanged
VERA,2021-05-20,unchanged
VERA,2021-06-08,unchanged
VERA,2021-09-03,unchanged
VERA,2023-06-14,unchanged
VERA,2024-01-25,unchanged
VERA,2024-01-26,unchanged
VERA,nan,unchanged
VERI,2020-03-17,unchanged
VERI,2020-04-06,unchanged
VERI,2020-05-04,unchanged
VERI,2020-07-09,unchanged
VERI,2020-11-30,unchanged
VERI,2021-03-09,unchanged
VERI,2024-03-13,unchanged
VERI,2024-03-14,unchanged
VERI,2024-03-15,unchanged
VERI,2024-03-22,unchanged
VERI,2024-05-08,unchanged
VERI,2024-12-26,unchanged
VERI,nan,unchanged
VERO,2020-07-02,unchanged
VERO,2021-12-20,unchanged
VERO,2022-05-13,unchanged
VERO,2022-09-02,unchanged
VERO,2022-11-23,unchanged
VERO,2022-12-21,unchanged
VERO,2023-02-13,unchanged
VERO,2023-05-09,unchanged
VERO,2023-05-12,unchanged
VERO,2024-01-08,unchanged
VERO,2024-02-22,unchanged
VERO,2024-04-16,unchanged
VERO,2024-06-04,unchanged
VERO,2024-06-06,unchanged
VERO,2024-06-07,unchanged
VERO,2024-06-10,unchanged
VERO,2024-07-25,unchanged
VERO,2024-07-29,unchanged
VERO,2024-09-11,unchanged
VERO,2024-09-19,unchanged
VERO,2024-09-27,unchanged
VERO,2024-10-22,unchanged
VERO,2024-10-30,unchanged
VERO,nan,unchanged
VERU,2020-12-09,unchanged
VERU,2020-12-10,unchanged
VERU,2020-12-14,unchanged
VERU,2021-02-04,unchanged
VERU,2021-02-08,unchanged
VERU,2021-02-09,unchanged
VERU,2022-04-11,unchanged
VERU,2022-04-13,unchanged
VERU,2022-05-13,unchanged
VERU,2022-08-11,unchanged
VERU,2022-11-07,unchanged
VERU,2024-04-11,unchanged
VERU,2024-12-31,unchanged
VERU,nan,unchanged
VERX,2024-02-29,unchanged
VET,2020-03-25,unchanged
VET,2020-04-02,unchanged
VFC,nan,unchanged
VFF,nan,unchanged
VFS,2023-08-22,unchanged
VFS,2023-08-24,unchanged
VFS,2023-08-25,unchanged
VFS,2023-08-28,unchanged
VFS,2024-05-13,unchanged
VFS,2024-05-20,unchanged
VFS,2024-12-04,unchanged
VFSWW,2023-08-24,unchanged
VFSWW,2023-08-25,unchanged
VFSWW,2023-08-28,unchanged
VFSWW,2023-08-29,unchanged
VFSWW,2023-08-30,unchanged
VFSWW,2023-08-31,unchanged
VFSWW,2023-09-12,unchanged
VFSWW,2023-09-29,unchanged
VFSWW,2023-10-11,unchanged
VFSWW,2023-10-27,unchanged
VFSWW,2023-11-08,unchanged
VFSWW,2023-11-30,unchanged
VGAS,2023-02-23,unchanged
VGAS,2023-03-22,unchanged
VGAS,2023-03-24,unchanged
VGAS,2023-05-22,unchanged
VGAS,2023-05-30,unchanged
VGAS,2023-06-02,unchanged
VGAS,2024-02-13,unchanged
VGAS,2024-03-27,unchanged
VHC,2020-03-13,unchanged
VHC,2022-04-04,unchanged
VHC,2023-03-30,unchanged
VHC,2023-05-09,unchanged
VHC,2023-06-16,unchanged
VHC,2023-11-07,unchanged
VHC,2024-06-18,unchanged
VHC,2024-12-30,unchanged
VHC,nan,unchanged
VHI,2020-03-16,unchanged
VHI,2020-03-19,unchanged
VIA,2023-08-03,unchanged
VICR,2023-07-26,unchanged
VICR,nan,unchanged
VIOT,2021-02-18,unchanged
VIOT,2021-02-19,unchanged
VIOT,2022-03-18,unchanged
VIOT,2022-10-28,unchanged
VIOT,nan,unchanged
VIPS,2020-03-05,unchanged
VIPS,2022-03-16,unchanged
VIR,2020-01-27,unchanged
VIR,2020-02-26,unchanged
VIR,2020-02-27,unchanged
VIR,2020-03-11,unchanged
VIR,2020-04-06,unchanged
VIR,2020-05-18,unchanged
VIR,2021-01-26,unchanged
VIR,2021-01-27,unchanged
VIR,2021-03-11,unchanged
VIR,2021-11-30,unchanged
VIR,2024-11-01,unchanged
VIR,nan,unchanged
VIRC,2020-05-26,unchanged
VIRC,2020-06-26,unchanged
VIRC,2021-01-13,unchanged
VIRC,2021-02-04,unchanged
VIRC,2021-02-09,unchanged
VIST,2020-04-29,unchanged
VITL,2023-08-03,unchanged
VITL,2024-05-09,unchanged
VIVK,2022-02-07,unchanged
VIVK,2022-03-07,unchanged
VIVK,2022-04-27,unchanged
VIVK,2022-06-16,unchanged
VIVK,2022-06-22,unchanged
VIVK,2022-08-23,unchanged
VIVK,2022-08-25,unchanged
VIVK,2022-11-29,unchanged
VIVK,2022-12-01,unchanged
VIVK,2022-12-02,unchanged
VIVK,2023-07-11,unchanged
VIVK,2024-03-04,unchanged
VIVK,2024-04-22,unchanged
VIVK,2024-07-02,unchanged
VIVK,nan,unchanged
VIVS,nan,unchanged
VKTX,2022-12-19,unchanged
VKTX,2023-03-28,unchanged
VKTX,2024-02-27,unchanged
VKTX,2024-07-25,unchanged
VLO,2020-11-09,unchanged
VLYPO,2020-03-20,unchanged
VLYPP,2020-03-19,unchanged
VMAR,2024-09-13,unchanged
VMAR,2024-09-19,unchanged
VMAR,2024-10-14,unchanged
VMAR,2024-11-08,unchanged
VMAR,nan,unchanged
VMD,2020-03-17,unchanged
VMD,2020-03-20,unchanged
VMEO,2022-11-03,unchanged
VMEO,2024-11-05,unchanged
VNCE,2020-04-06,unchanged
VNCE,2020-12-03,unchanged
VNCE,2023-12-26,unchanged
VNCE,2023-12-27,unchanged
VNCE,2024-05-29,unchanged
VNCE,2024-12-18,unchanged
VNCE,2024-12-19,unchanged
VNCE,2024-12-20,unchanged
VNCE,2024-12-23,unchanged
VNCE,2024-12-30,unchanged
VNCE,nan,unchanged
VNDA,2024-04-03,unchanged
VNDA,2024-04-17,unchanged
VNET,2022-03-16,unchanged
VNET,2022-04-11,unchanged
VNET,2022-09-13,unchanged
VNO,2020-11-09,unchanged
VNOM,2020-03-19,unchanged
VNOM,2020-04-02,unchanged
VOC,2020-06-08,unchanged
VOC,2020-09-29,unchanged
VOC,2020-10-08,unchanged
VOLT,2020-03-16,unchanged
VOLT,2020-03-17,unchanged
VOLT,2020-04-24,unchanged
VOLT,2020-05-05,unchanged
VOLT,2020-05-28,unchanged
VOLT,2020-06-22,unchanged
VOLT,2020-07-02,unchanged
VOLT,2020-12-30,unchanged
VOLT,2021-01-13,unchanged
VOLT,2022-03-14,unchanged
VOR,2022-12-07,unchanged
VOR,2024-09-06,unchanged
VOR,2024-12-09,unchanged
VOR,2024-12-27,unchanged
VOR,nan,unchanged
VRA,2020-03-19,unchanged
VRA,2020-09-02,unchanged
VRA,nan,unchanged
VRAR,2021-10-28,unchanged
VRAR,2021-11-02,unchanged
VRAR,2023-02-07,unchanged
VRAR,2023-08-24,unchanged
VRAR,2024-01-08,unchanged
VRAR,2024-12-10,unchanged
VRAR,2024-12-11,unchanged
VRAR,2024-12-17,unchanged
VRAR,2024-12-18,unchanged
VRAR,2024-12-19,unchanged
VRAX,2022-07-25,unchanged
VRAX,2022-07-26,unchanged
VRAX,2022-07-29,unchanged
VRAX,2022-08-01,unchanged
VRAX,2022-08-30,unchanged
VRAX,2022-09-01,unchanged
VRAX,2022-09-20,unchanged
VRAX,2022-11-03,unchanged
VRAX,2022-12-12,unchanged
VRAX,2022-12-27,unchanged
VRAX,2023-01-03,unchanged
VRAX,2023-02-07,unchanged
VRAX,2023-03-07,unchanged
VRAX,2023-04-19,unchanged
VRAX,2023-06-14,unchanged
VRAX,2023-12-27,unchanged
VRAX,2024-06-06,unchanged
VRAX,2024-08-01,unchanged
VRAX,2024-08-14,unchanged
VRAX,2024-08-16,unchanged
VRAX,2024-08-19,unchanged
VRAX,2024-08-21,unchanged
VRAX,2024-08-28,unchanged
VRAX,2024-09-16,unchanged
VRAX,2024-10-02,unchanged
VRAX,2024-10-23,unchanged
VRAX,2024-12-18,unchanged
VRAX,nan,unchanged
VRCA,2020-03-17,unchanged
VRCA,2020-03-19,unchanged
VRCA,2020-03-24,unchanged
VRCA,2023-12-15,unchanged
VRCA,2024-10-03,unchanged
VRDN,2021-09-21,unchanged
VRDN,2022-05-13,unchanged
VRDN,2022-08-15,unchanged
VRDN,2024-09-10,unchanged
VRDN,2024-12-16,unchanged
VRM,2022-05-10,unchanged
VRM,2022-06-23,unchanged
VRM,2024-02-23,unchanged
VRM,2024-02-26,unchanged
VRM,2024-03-13,unchanged
VRM,2024-05-06,unchanged
VRM,2024-08-16,unchanged
VRM,2024-11-19,unchanged
VRME,2022-07-01,unchanged
VRME,2022-08-11,unchanged
VRME,2023-01-11,unchanged
VRME,2023-12-08,unchanged
VRME,2024-12-31,unchanged
VRME,nan,unchanged
VRNT,2024-12-05,unchanged
VRT,2023-08-02,unchanged
VRTL,nan,unchanged
VS,2021-10-18,unchanged
VS,2022-07-08,unchanged
VS,2022-07-12,unchanged
VS,2022-07-22,unchanged
VS,2022-07-25,unchanged
VS,2022-07-26,unchanged
VS,2022-09-19,unchanged
VS,2022-10-05,unchanged
VS,2022-11-10,unchanged
VS,2022-11-11,unchanged
VS,2022-12-13,unchanged
VS,2022-12-27,unchanged
VS,2023-01-10,unchanged
VS,2023-02-01,unchanged
VS,2023-02-07,unchanged
VS,2023-02-21,unchanged
VS,2023-03-10,unchanged
VS,2023-04-17,unchanged
VS,2023-05-10,unchanged
VS,2023-08-01,unchanged
VS,2023-09-11,unchanged
VS,2023-10-12,unchanged
VS,2023-10-13,unchanged
VS,2023-10-20,unchanged
VS,2023-11-24,unchanged
VS,2023-12-28,unchanged
VS,2024-06-06,unchanged
VS,2024-07-02,unchanged
VS,2024-10-16,unchanged
VS,2024-12-02,unchanged
VS,nan,unchanged
VSA,nan,unchanged
VSAT,2020-03-24,unchanged
VSAT,2022-10-03,unchanged
VSAT,2024-08-08,unchanged
VSAT,nan,unchanged
VSCO,2021-08-09,unchanged
VSEE,2024-06-26,unchanged
VSEE,2024-07-01,unchanged
VSEE,2024-07-02,unchanged
VSEE,2024-07-29,unchanged
VSEE,2024-08-02,unchanged
VSEE,2024-08-06,unchanged
VSEE,2024-10-21,unchanged
VSEE,2024-11-26,unchanged
VSEE,2024-12-06,unchanged
VSEE,nan,unchanged
VSME,2023-09-29,unchanged
VSME,2023-10-04,unchanged
VSME,2023-10-05,unchanged
VSME,2023-10-31,unchanged
VSME,2023-11-02,unchanged
VSME,2024-01-24,unchanged
VSME,2024-01-26,unchanged
VSME,2024-02-13,unchanged
VSME,2024-02-14,unchanged
VSME,2024-04-19,unchanged
VSME,2024-07-03,unchanged
VSME,2024-07-16,unchanged
VSME,2024-08-15,unchanged
VSME,2024-09-24,unchanged
VSME,2024-09-25,unchanged
VSME,2024-10-16,unchanged
VSME,2024-10-17,unchanged
VSME,2024-11-08,unchanged
VSME,2024-12-31,unchanged
VSME,nan,unchanged
VSSYW,2021-01-19,unchanged
VSSYW,2021-02-03,unchanged
VSSYW,2021-06-01,unchanged
VSSYW,2021-08-05,unchanged
VSSYW,2021-09-02,unchanged
VSSYW,2021-09-09,unchanged
VSSYW,2021-10-18,unchanged
VSSYW,2021-10-25,unchanged
VSSYW,2021-11-10,unchanged
VSSYW,2024-06-07,unchanged
VSTA,2021-12-10,unchanged
VSTA,nan,unchanged
VSTD,nan,unchanged
VSTM,2020-01-08,unchanged
VSTM,2020-02-28,unchanged
VSTM,2022-04-14,unchanged
VSTM,2023-05-26,unchanged
VSTM,2024-12-31,unchanged
VTGN,2020-03-10,unchanged
VTGN,2020-03-25,unchanged
VTGN,2020-05-18,unchanged
VTGN,2020-06-09,unchanged
VTGN,2020-07-20,unchanged
VTGN,2020-12-18,unchanged
VTGN,2021-01-25,unchanged
VTGN,2021-02-18,unchanged
VTGN,2022-09-08,unchanged
VTGN,2022-12-06,unchanged
VTGN,2022-12-16,unchanged
VTGN,2023-01-03,unchanged
VTGN,2023-02-10,unchanged
VTGN,2023-03-22,unchanged
VTGN,2023-05-31,unchanged
VTGN,2023-08-07,unchanged
VTR,2020-03-19,unchanged
VTR,2020-03-20,unchanged
VTR,2020-11-09,unchanged
VTSI,2020-06-01,unchanged
VTSI,2020-06-08,unchanged
VTSI,2021-03-30,unchanged
VTSI,2023-04-03,unchanged
VTSI,2024-04-02,unchanged
VTSI,nan,unchanged
VTVT,2020-01-15,unchanged
VTVT,2020-02-10,unchanged
VTVT,2020-07-27,unchanged
VTVT,2020-10-29,unchanged
VTVT,2020-12-11,unchanged
VTVT,2021-02-02,unchanged
VTVT,2021-04-13,unchanged
VTVT,2022-06-01,unchanged
VTVT,2023-10-05,unchanged
VTVT,2023-11-29,unchanged
VTVT,2023-12-29,unchanged
VTVT,2024-02-28,unchanged
VTVT,2024-03-20,unchanged
VTVT,nan,unchanged
VTYX,2022-08-16,unchanged
VTYX,2022-09-12,unchanged
VTYX,2024-02-21,unchanged
VTYX,2024-02-28,unchanged
VTYX,2024-05-01,unchanged
VTYX,2024-12-06,unchanged
VTYX,nan,unchanged
VUZI,2020-03-31,unchanged
VUZI,2020-05-07,unchanged
VUZI,2020-05-08,unchanged
VUZI,2020-05-22,unchanged
VUZI,2020-12-18,unchanged
VUZI,2021-02-22,unchanged
VUZI,2021-11-01,unchanged
VUZI,2024-05-14,unchanged
VUZI,2024-09-03,unchanged
VUZI,2024-11-22,unchanged
VUZI,2024-11-25,unchanged
VUZI,nan,unchanged
VVOS,2020-12-17,unchanged
VVOS,2021-04-05,unchanged
VVOS,2021-08-13,unchanged
VVOS,2021-08-17,unchanged
VVOS,2021-08-23,unchanged
VVOS,2022-01-19,unchanged
VVOS,2022-12-19,unchanged
VVOS,2022-12-20,unchanged
VVOS,2023-01-03,unchanged
VVOS,2023-01-04,unchanged
VVOS,2023-03-01,unchanged
VVOS,2023-08-08,unchanged
VVOS,2023-10-04,unchanged
VVOS,2023-11-29,unchanged
VVOS,2023-12-18,unchanged
VVOS,2023-12-20,unchanged
VVOS,2024-01-29,unchanged
VVOS,2024-01-30,unchanged
VVOS,2024-09-18,unchanged
VVOS,nan,unchanged
VVPR,2020-02-25,unchanged
VVPR,2020-04-22,unchanged
VVPR,2020-05-06,unchanged
VVPR,2020-06-03,unchanged
VVPR,2020-06-17,unchanged
VVPR,2020-07-01,unchanged
VVPR,2020-07-02,unchanged
VVPR,2020-08-19,unchanged
VVPR,2020-08-24,unchanged
VVPR,2020-08-25,unchanged
VVPR,2020-08-28,unchanged
VVPR,2020-09-04,unchanged
VVPR,2020-09-21,unchanged
VVPR,2020-10-09,unchanged
VVPR,2020-12-23,unchanged
VVPR,2021-01-25,unchanged
VVPR,2021-03-30,unchanged
VVPR,2022-03-07,unchanged
VVPR,2022-05-19,unchanged
VVPR,2022-06-08,unchanged
VVPR,2022-11-08,unchanged
VVPR,2022-12-13,unchanged
VVPR,2023-01-05,unchanged
VVPR,2023-01-17,unchanged
VVPR,2023-01-27,unchanged
VVPR,2023-01-31,unchanged
VVPR,2023-02-03,unchanged
VVPR,2023-02-28,unchanged
VVPR,2023-05-08,unchanged
VVPR,2023-05-16,unchanged
VVPR,2023-06-27,unchanged
VVPR,2024-04-02,unchanged
VVPR,2024-04-03,unchanged
VVPR,2024-07-03,unchanged
VVPR,2024-07-10,unchanged
VVPR,2024-11-14,unchanged
VVPR,2024-12-05,unchanged
VVPR,2024-12-09,unchanged
VVPR,nan,unchanged
VVR,2020-03-19,unchanged
VVV,2020-03-24,unchanged
VVX,2022-08-10,unchanged
VWAV,nan,unchanged
VWAVW,nan,unchanged
VYGR,2021-10-06,unchanged
VYGR,2021-10-08,unchanged
VYGR,2022-03-08,unchanged
VYGR,2023-05-09,unchanged
VYGR,2024-01-02,unchanged
VYGR,nan,unchanged
VYNE,2021-01-25,unchanged
VYNE,2021-12-06,unchanged
VYNE,2023-01-04,unchanged
VYNE,2023-01-10,unchanged
VYNE,2023-04-19,unchanged
VYNE,2023-10-30,unchanged
VYNE,2024-03-25,unchanged
VYNE,nan,unchanged
W,2020-03-24,unchanged
W,2020-04-06,unchanged
W,2020-05-05,unchanged
W,2022-11-10,unchanged
W,nan,unchanged
WAFU,2020-01-08,unchanged
WAFU,2020-02-05,unchanged
WAFU,2020-02-26,unchanged
WAFU,2020-02-27,unchanged
WAFU,2020-03-04,unchanged
WAFU,2020-03-10,unchanged
WAFU,2020-03-19,unchanged
WAFU,2020-05-26,unchanged
WAFU,2020-06-11,unchanged
WAFU,2020-06-16,unchanged
WAFU,2020-07-10,unchanged
WAFU,2020-08-19,unchanged
WAFU,2020-10-12,unchanged
WAFU,2020-12-28,unchanged
WAFU,2020-12-29,unchanged
WAFU,2021-01-29,unchanged
WAFU,2021-02-04,unchanged
WAFU,2021-02-12,unchanged
WAFU,2021-03-26,unchanged
WAFU,2021-03-31,unchanged
WAFU,2021-04-15,unchanged
WAFU,2021-05-21,unchanged
WAFU,2021-06-14,unchanged
WAFU,2021-06-18,unchanged
WAFU,2022-03-16,unchanged
WAFU,2022-08-05,unchanged
WAFU,2023-05-01,unchanged
WAFU,2023-05-02,unchanged
WAFU,2023-10-12,unchanged
WAFU,2024-10-25,unchanged
WAFU,nan,unchanged
WAI,2024-10-23,unchanged
WAI,2024-11-27,unchanged
WAI,nan,unchanged
WAL,2020-03-19,unchanged
WAL,2023-03-14,unchanged
WAL,2023-03-16,unchanged
WAL,2023-05-05,unchanged
WALD,2023-08-21,unchanged
WALD,2024-08-28,unchanged
WALDW,2021-05-12,unchanged
WALDW,2021-05-13,unchanged
WALDW,2021-05-14,unchanged
WALDW,2021-05-18,unchanged
WALDW,2021-06-01,unchanged
WALDW,2021-08-25,unchanged
WALDW,2021-11-15,unchanged
WALDW,2023-08-21,unchanged
WALDW,2023-09-15,unchanged
WALDW,2023-09-20,unchanged
WALDW,2023-12-15,unchanged
WALpA,2023-03-14,unchanged
WALpA,2023-05-05,unchanged
WATT,2020-04-21,unchanged
WATT,2020-06-09,unchanged
WATT,2020-06-17,unchanged
WATT,2020-12-23,unchanged
WATT,2021-01-07,unchanged
WATT,2021-01-11,unchanged
WATT,2021-01-25,unchanged
WATT,2021-02-19,unchanged
WATT,2021-06-09,unchanged
WATT,2021-10-19,unchanged
WATT,2024-02-15,unchanged
WATT,2024-12-30,unchanged
WATT,nan,unchanged
WAVE,2021-07-02,unchanged
WAVE,2021-08-17,unchanged
WAVE,2022-01-03,unchanged
WAVE,2022-01-21,unchanged
WAVE,2022-03-08,unchanged
WAVE,2022-03-10,unchanged
WAVE,2023-06-29,unchanged
WAVE,2023-07-06,unchanged
WAVE,2024-04-08,unchanged
WAVE,2024-04-10,unchanged
WAVE,2024-10-14,unchanged
WAVE,2024-10-15,unchanged
WAVE,2024-11-18,unchanged
WBD,nan,unchanged
WBTN,nan,unchanged
WBUY,2023-10-23,unchanged
WBUY,2023-12-06,unchanged
WBUY,2023-12-07,unchanged
WBUY,nan,unchanged
WBX,2021-10-26,unchanged
WBX,2021-10-28,unchanged
WCT,2024-10-07,unchanged
WCT,2024-11-22,unchanged
WCT,2024-12-11,unchanged
WCT,2024-12-26,unchanged
WCT,nan,unchanged
WDH,2021-08-17,unchanged
WDH,2021-11-29,unchanged
WDH,2022-03-18,unchanged
WDH,2022-12-05,unchanged
WDH,nan,unchanged
WELL,2020-11-09,unchanged
WEN,2020-03-19,unchanged
WES,2020-03-10,unchanged
WES,2020-03-19,unchanged
WES,2020-03-20,unchanged
WES,2020-04-07,unchanged
WETH,2023-01-03,unchanged
WETH,2023-03-10,unchanged
WETH,2023-06-16,unchanged
WETH,2023-06-23,unchanged
WETH,2024-02-22,unchanged
WETH,2024-05-06,unchanged
WETH,2024-05-16,unchanged
WETH,2024-06-07,unchanged
WETH,2024-06-10,unchanged
WETH,2024-08-14,unchanged
WETH,2024-10-07,unchanged
WETH,nan,unchanged
WETO,nan,unchanged
WEX,2020-03-24,unchanged
WFCF,2021-11-17,unchanged
WFF,nan,unchanged
WGO,2020-03-25,unchanged
WGRX,nan,unchanged
WGS,2023-03-20,unchanged
WGS,2023-11-24,unchanged
WGS,2023-12-21,unchanged
WGS,2024-01-08,unchanged
WGS,2024-02-21,unchanged
WGS,2024-04-30,unchanged
WGS,2024-10-29,unchanged
WGS,nan,unchanged
WHD,2020-03-19,unchanged
WHF,2020-03-17,unchanged
WHF,2020-03-19,unchanged
WHG,2020-03-20,unchanged
WHLR,2024-09-05,unchanged
WHLR,2024-09-06,unchanged
WHLR,2024-09-10,unchanged
WHLR,2024-09-13,unchanged
WHLR,2024-09-16,unchanged
WHLR,2024-09-17,unchanged
WHLR,2024-10-02,unchanged
WHLR,2024-10-03,unchanged
WHLR,2024-10-10,unchanged
WHLR,2024-12-12,unchanged
WHLR,2024-12-13,unchanged
WHLR,nan,unchanged
WHLRD,2020-03-19,unchanged
WHLRD,2023-10-06,unchanged
WHLRL,2021-11-01,unchanged
WHLRL,2023-01-27,unchanged
WHLRL,2024-09-09,unchanged
WHLRL,2024-09-17,unchanged
WHLRP,2020-03-19,unchanged
WHLRP,2023-06-02,unchanged
WHLRP,2023-12-22,unchanged
WHLRP,2024-01-03,unchanged
WHLRP,2024-06-28,unchanged
WHLRP,2024-09-05,unchanged
WHR,2020-03-24,unchanged
WHWK,nan,unchanged
WIMI,2020-07-10,unchanged
WIMI,2020-07-13,unchanged
WIMI,2020-08-04,unchanged
WIMI,2020-10-12,unchanged
WIMI,2021-01-13,unchanged
WIMI,2021-09-22,unchanged
WIMI,2022-11-15,unchanged
WIMI,2022-12-13,unchanged
WIMI,2024-02-07,unchanged
WIMI,2024-02-08,unchanged
WIMI,2024-02-16,unchanged
WIMI,2024-03-14,unchanged
WIMI,2024-04-24,unchanged
WIMI,2024-06-04,unchanged
WIMI,2024-08-22,unchanged
WIMI,2024-12-18,unchanged
WIMI,2024-12-19,unchanged
WIMI,2024-12-23,unchanged
WIMI,2024-12-27,unchanged
WIMI,nan,unchanged
WING,2022-07-28,unchanged
WK,nan,unchanged
WKEY,2020-05-08,unchanged
WKEY,2020-06-09,unchanged
WKEY,2020-06-10,unchanged
WKEY,2020-06-12,unchanged
WKEY,2020-07-15,unchanged
WKEY,2020-07-24,unchanged
WKEY,2020-08-05,unchanged
WKEY,2020-12-29,unchanged
WKEY,2021-03-18,unchanged
WKEY,2021-03-24,unchanged
WKEY,2021-03-26,unchanged
WKEY,2022-04-25,unchanged
WKEY,2022-10-06,unchanged
WKEY,2023-05-15,unchanged
WKEY,2023-05-19,unchanged
WKEY,2024-01-11,unchanged
WKEY,2024-08-12,unchanged
WKEY,2024-08-13,unchanged
WKEY,2024-12-12,unchanged
WKEY,2024-12-13,unchanged
WKEY,2024-12-16,unchanged
WKEY,2024-12-20,unchanged
WKEY,2024-12-23,unchanged
WKEY,2024-12-26,unchanged
WKEY,nan,unchanged
WKHS,2020-03-25,unchanged
WKHS,2020-06-24,unchanged
WKHS,2020-06-29,unchanged
WKHS,2020-06-30,unchanged
WKHS,2021-01-26,unchanged
WKHS,2021-02-25,unchanged
WKHS,2021-06-03,unchanged
WKHS,2024-05-06,unchanged
WKHS,2024-07-16,unchanged
WKHS,2024-09-09,unchanged
WKHS,2024-11-11,unchanged
WKHS,2024-11-12,unchanged
WKHS,nan,unchanged
WKSP,2021-08-06,unchanged
WKSP,2022-06-22,unchanged
WKSP,2023-01-27,unchanged
WKSP,2024-04-26,unchanged
WKSP,2024-04-29,unchanged
WKSP,2024-04-30,unchanged
WKSP,2024-10-18,unchanged
WKSP,2024-11-21,unchanged
WKSP,nan,unchanged
WLACW,nan,unchanged
WLDN,2024-03-08,unchanged
WLDN,nan,unchanged
WLDS,2022-10-03,unchanged
WLDS,2022-12-01,unchanged
WLDS,2023-01-27,unchanged
WLDS,2023-01-31,unchanged
WLDS,2023-02-09,unchanged
WLDS,2023-05-25,unchanged
WLDS,2023-05-30,unchanged
WLDS,2023-06-01,unchanged
WLDS,2023-11-07,unchanged
WLDS,2024-01-05,unchanged
WLDS,2024-03-18,unchanged
WLDS,2024-05-29,unchanged
WLDS,2024-06-10,unchanged
WLDS,2024-11-22,unchanged
WLDS,2024-11-25,unchanged
WLDS,2024-12-31,unchanged
WLDS,nan,unchanged
WLDSW,2023-05-25,unchanged
WLDSW,2023-05-30,unchanged
WLDSW,2023-06-01,unchanged
WLDSW,2023-06-06,unchanged
WLDSW,2023-06-07,unchanged
WLDSW,2023-06-09,unchanged
WLDSW,2024-02-28,unchanged
WLDSW,2024-03-18,unchanged
WLDSW,2024-10-16,unchanged
WLDSW,2024-11-29,unchanged
WLDSW,2024-12-02,unchanged
WLDSW,2024-12-03,unchanged
WLDSW,2024-12-10,unchanged
WLDSW,2024-12-31,unchanged
WLDSW,nan,unchanged
WLFC,2020-03-26,unchanged
WLFC,2020-06-05,unchanged
WLFC,2020-08-05,unchanged
WLFC,2021-03-17,unchanged
WLKP,2020-03-19,unchanged
WNEB,2020-03-17,unchanged
WNEB,2020-03-24,unchanged
WNW,2020-12-17,unchanged
WNW,2020-12-23,unchanged
WNW,2021-02-12,unchanged
WNW,2021-02-18,unchanged
WNW,2021-03-18,unchanged
WNW,2021-07-01,unchanged
WNW,2021-11-12,unchanged
WNW,2022-02-17,unchanged
WNW,2022-02-28,unchanged
WNW,2022-03-01,unchanged
WNW,2022-03-16,unchanged
WNW,2022-03-22,unchanged
WNW,2022-10-11,unchanged
WNW,2022-12-14,unchanged
WNW,2022-12-19,unchanged
WNW,2023-10-05,unchanged
WNW,2023-10-31,unchanged
WNW,2023-12-05,unchanged
WNW,2024-01-19,unchanged
WNW,2024-01-22,unchanged
WNW,2024-01-26,unchanged
WNW,2024-02-06,unchanged
WNW,2024-02-08,unchanged
WNW,2024-03-18,unchanged
WNW,2024-04-10,unchanged
WNW,2024-07-16,unchanged
WNW,2024-07-17,unchanged
WNW,2024-12-20,unchanged
WNW,2024-12-27,unchanged
WNW,2024-12-30,unchanged
WNW,nan,unchanged
WOK,2024-08-29,unchanged
WOK,2024-08-30,unchanged
WOK,2024-09-03,unchanged
WOK,2024-12-11,unchanged
WOK,nan,unchanged
WOLF,2021-10-28,unchanged
WOLF,2022-08-18,unchanged
WOLF,2024-10-15,unchanged
WOLF,2024-11-22,unchanged
WOLF,nan,unchanged
WOOF,2024-05-22,unchanged
WOOF,2024-09-11,unchanged
WOOF,nan,unchanged
WORX,2020-02-13,unchanged
WORX,2020-03-17,unchanged
WORX,2020-03-20,unchanged
WORX,2020-03-27,unchanged
WORX,2020-03-30,unchanged
WORX,2020-04-13,unchanged
WORX,2020-08-13,unchanged
WORX,2020-08-26,unchanged
WORX,2020-09-08,unchanged
WORX,2020-11-27,unchanged
WORX,2021-01-08,unchanged
WORX,2021-03-11,unchanged
WORX,2021-06-09,unchanged
WORX,2021-07-12,unchanged
WORX,2021-07-13,unchanged
WORX,2021-07-30,unchanged
WORX,2021-08-04,unchanged
WORX,2021-08-06,unchanged
WORX,2021-08-09,unchanged
WORX,2022-03-22,unchanged
WORX,2022-04-14,unchanged
WORX,2022-04-21,unchanged
WORX,2022-07-06,unchanged
WORX,2022-07-19,unchanged
WORX,2022-08-30,unchanged
WORX,2022-12-02,unchanged
WORX,2023-01-04,unchanged
WORX,2023-06-15,unchanged
WORX,2023-06-16,unchanged
WORX,2023-06-23,unchanged
WORX,2023-07-07,unchanged
WORX,2023-07-26,unchanged
WORX,2023-09-01,unchanged
WORX,2023-09-18,unchanged
WORX,2023-11-30,unchanged
WORX,2023-12-26,unchanged
WORX,2024-03-12,unchanged
WORX,2024-03-19,unchanged
WORX,2024-03-20,unchanged
WORX,2024-04-25,unchanged
WORX,2024-05-24,unchanged
WORX,2024-07-24,unchanged
WORX,2024-08-21,unchanged
WORX,2024-09-05,unchanged
WORX,2024-11-21,unchanged
WORX,2024-11-25,unchanged
WORX,nan,unchanged
WOW,2020-04-17,unchanged
WOW,2024-05-03,unchanged
WOW,nan,unchanged
WPRT,2020-03-13,unchanged
WPRT,2020-03-26,unchanged
WPRT,2020-04-29,unchanged
WPRT,2020-05-11,unchanged
WPRT,2020-07-27,unchanged
WPRT,2020-09-18,unchanged
WPRT,2021-02-08,unchanged
WPRT,2021-08-06,unchanged
WPRT,2022-03-08,unchanged
WRAP,2022-06-24,unchanged
WRAP,2023-11-03,unchanged
WRAP,2024-01-09,unchanged
WRAP,2024-02-05,unchanged
WRBY,2022-08-11,unchanged
WRBY,2022-11-10,unchanged
WRD,2024-11-11,unchanged
WRD,nan,unchanged
WRLD,2021-01-27,unchanged
WRLD,2023-01-26,unchanged
WSM,2024-11-20,unchanged
WTF,nan,unchanged
WTI,2020-03-19,unchanged
WTI,2020-11-09,unchanged
WTI,2021-03-05,unchanged
WTO,2024-08-29,unchanged
WTO,2024-11-11,unchanged
WTO,2024-12-12,unchanged
WTO,nan,unchanged
WTTR,2020-03-19,unchanged
WTTR,2020-04-23,unchanged
WULF,2022-03-11,unchanged
WULF,2022-11-11,unchanged
WULF,2022-12-08,unchanged
WULF,2023-12-27,unchanged
WULF,2024-03-20,unchanged
WULF,nan,unchanged
WVE,2020-03-17,unchanged
WVE,2020-03-19,unchanged
WVE,2020-05-11,unchanged
WVE,2022-04-04,unchanged
WVE,2022-06-22,unchanged
WVE,2022-08-11,unchanged
WVE,2022-12-13,unchanged
WVE,2022-12-14,unchanged
WVE,2024-03-06,unchanged
WVE,2024-09-24,unchanged
WVE,2024-10-16,unchanged
WVVI,2021-04-29,unchanged
WVVI,nan,unchanged
WVVIP,2021-08-30,unchanged
WVVIP,2024-08-23,unchanged
WW,2020-03-19,unchanged
WW,2023-03-07,unchanged
WW,2023-04-11,unchanged
WW,2024-03-15,unchanged
WW,2024-08-09,unchanged
WW,2024-10-08,unchanged
WW,2024-10-09,unchanged
WW,2024-10-10,unchanged
WW,nan,unchanged
WWW,2024-11-07,unchanged
WXM,nan,unchanged
WYFI,nan,unchanged
WYHG,nan,unchanged
WYNN,2020-11-09,unchanged
XAIR,2020-03-16,unchanged
XAIR,2020-03-17,unchanged
XAIR,2020-03-20,unchanged
XAIR,2021-07-21,unchanged
XAIR,2022-10-18,unchanged
XAIR,2023-11-15,unchanged
XAIR,2024-04-22,unchanged
XAIR,2024-08-09,unchanged
XAIR,2024-08-16,unchanged
XAIR,2024-10-02,unchanged
XAIR,2024-10-09,unchanged
XAIR,nan,unchanged
XBIO,2020-03-19,unchanged
XBIO,2020-03-25,unchanged
XBIO,2020-04-15,unchanged
XBIO,2020-05-19,unchanged
XBIO,2020-07-20,unchanged
XBIO,2020-12-09,unchanged
XBIO,2021-01-06,unchanged
XBIO,2021-07-13,unchanged
XBIO,2021-07-23,unchanged
XBIO,2021-07-26,unchanged
XBIO,2021-07-29,unchanged
XBIO,2021-08-02,unchanged
XBIO,2021-08-12,unchanged
XBIO,2023-05-15,unchanged
XBIO,2023-07-12,unchanged
XBIO,2024-09-30,unchanged
XBIO,nan,unchanged
XBIT,2020-01-14,unchanged
XBIT,2023-05-17,unchanged
XBP,2023-12-01,unchanged
XBP,2023-12-04,unchanged
XBP,2023-12-14,unchanged
XBP,2024-02-07,unchanged
XBP,2024-03-08,unchanged
XBP,2024-04-26,unchanged
XBP,2024-05-02,unchanged
XBP,2024-05-06,unchanged
XBP,2024-06-27,unchanged
XBP,2024-11-12,unchanged
XBP,2024-12-19,unchanged
XBP,2024-12-26,unchanged
XBP,nan,unchanged
XCH,2024-09-17,unchanged
XCH,2024-09-18,unchanged
XCH,2024-09-19,unchanged
XCH,2024-10-01,unchanged
XCH,2024-10-16,unchanged
XCH,2024-12-11,unchanged
XCH,nan,unchanged
XCUR,2021-03-11,unchanged
XCUR,2021-08-02,unchanged
XCUR,2021-12-14,unchanged
XCUR,2022-03-02,unchanged
XCUR,2022-05-11,unchanged
XCUR,2022-06-08,unchanged
XCUR,2022-08-03,unchanged
XCUR,2022-08-04,unchanged
XCUR,2022-12-20,unchanged
XCUR,2022-12-21,unchanged
XCUR,2022-12-22,unchanged
XCUR,2023-12-08,unchanged
XCUR,2023-12-15,unchanged
XCUR,2024-02-06,unchanged
XCUR,2024-05-28,unchanged
XCUR,2024-05-31,unchanged
XCUR,2024-06-03,unchanged
XCUR,2024-07-19,unchanged
XCUR,2024-07-25,unchanged
XCUR,2024-08-02,unchanged
XCUR,2024-08-28,unchanged
XCUR,2024-09-16,unchanged
XCUR,2024-09-19,unchanged
XCUR,2024-10-15,unchanged
XCUR,2024-10-16,unchanged
XCUR,2024-11-18,unchanged
XCUR,2024-11-19,unchanged
XCUR,2024-11-20,unchanged
XCUR,2024-11-22,unchanged
XCUR,2024-11-25,unchanged
XCUR,2024-11-27,unchanged
XCUR,2024-12-04,unchanged
XCUR,nan,unchanged
XELB,2020-03-17,unchanged
XELB,2020-03-20,unchanged
XELB,2020-03-25,unchanged
XELB,2020-04-28,unchanged
XELB,2020-04-30,unchanged
XELB,2020-05-01,unchanged
XELB,2020-05-20,unchanged
XELB,2020-06-09,unchanged
XELB,2020-08-20,unchanged
XELB,2020-10-12,unchanged
XELB,2020-10-14,unchanged
XELB,2020-10-22,unchanged
XELB,2020-11-24,unchanged
XELB,2021-01-29,unchanged
XELB,2021-02-22,unchanged
XELB,2021-04-05,unchanged
XELB,2021-11-02,unchanged
XELB,2022-05-31,unchanged
XELB,2023-06-22,unchanged
XELB,2024-12-26,unchanged
XELB,nan,unchanged
XENE,2021-10-04,unchanged
XERS,2020-03-13,unchanged
XERS,2020-05-08,unchanged
XERS,2021-08-23,unchanged
XERS,2021-12-31,unchanged
XERS,2022-05-16,unchanged
XFOR,2020-03-19,unchanged
XFOR,2021-12-17,unchanged
XFOR,2022-09-27,unchanged
XFOR,2023-04-12,unchanged
XFOR,2024-11-14,unchanged
XFOR,2024-12-09,unchanged
XFOR,2024-12-10,unchanged
XFOR,2024-12-11,unchanged
XFOR,2024-12-26,unchanged
XFOR,nan,unchanged
XGN,2020-03-17,unchanged
XGN,2020-03-26,unchanged
XGN,2021-08-10,unchanged
XGN,2022-11-15,unchanged
XGN,2022-11-16,unchanged
XGN,2022-11-23,unchanged
XGN,2023-05-16,unchanged
XGN,2023-11-30,unchanged
XGN,nan,unchanged
XHG,2024-05-31,unchanged
XHG,2024-07-05,unchanged
XHG,2024-09-24,unchanged
XHG,2024-09-30,unchanged
XHG,2024-10-01,unchanged
XHG,2024-10-10,unchanged
XHG,2024-10-16,unchanged
XHG,2024-12-09,unchanged
XHG,2024-12-19,unchanged
XHG,nan,unchanged
XHLD,nan,unchanged
XHR,2020-11-09,unchanged
XLO,2022-07-05,unchanged
XLO,2023-01-25,unchanged
XLO,2023-11-13,unchanged
XLO,2024-03-28,unchanged
XLO,2024-04-01,unchanged
XLO,2024-10-30,unchanged
XLO,2024-12-20,unchanged
XLO,nan,unchanged
XMTR,2022-08-10,unchanged
XMTR,2023-05-10,unchanged
XMTR,2024-08-08,unchanged
XMTR,nan,unchanged
XNCR,2020-03-17,unchanged
XNET,2020-08-06,unchanged
XNET,2020-12-01,unchanged
XNET,2021-01-07,unchanged
XNET,2021-02-16,unchanged
XNET,2021-02-19,unchanged
XNET,2022-03-16,unchanged
XNET,2023-06-06,unchanged
XNET,nan,unchanged
XOS,2023-08-01,unchanged
XOS,2023-11-10,unchanged
XOS,2023-11-13,unchanged
XOS,2023-12-14,unchanged
XOS,2024-03-04,unchanged
XOS,nan,unchanged
XOSWW,2021-10-28,unchanged
XP,2020-03-25,unchanged
XPEL,2020-08-12,unchanged
XPEL,2024-08-08,unchanged
XPER,2022-10-03,unchanged
XPEV,2020-11-05,unchanged
XPEV,2020-11-12,unchanged
XPEV,2020-11-23,unchanged
XPEV,2022-03-16,unchanged
XPEV,2022-11-30,unchanged
XPEV,2023-07-26,unchanged
XPOF,2024-03-01,unchanged
XPOF,2024-06-17,unchanged
XPOF,2024-11-08,unchanged
XPOF,nan,unchanged
XPON,2022-11-25,unchanged
XPON,2022-12-23,unchanged
XPON,2022-12-29,unchanged
XPON,2023-01-12,unchanged
XPON,2023-01-30,unchanged
XPON,2023-02-10,unchanged
XPON,2023-02-13,unchanged
XPON,2023-02-23,unchanged
XPON,2024-04-18,unchanged
XPON,2024-07-24,unchanged
XPON,2024-09-06,unchanged
XPON,2024-09-20,unchanged
XPON,2024-09-23,unchanged
XPON,2024-09-27,unchanged
XPON,2024-10-08,unchanged
XPON,2024-10-14,unchanged
XPON,2024-10-17,unchanged
XPON,2024-10-21,unchanged
XPON,2024-10-25,unchanged
XPON,2024-12-30,unchanged
XPON,nan,unchanged
XPRO,nan,unchanged
XRPT,nan,unchanged
XRTX,2021-11-03,unchanged
XRTX,2021-11-04,unchanged
XRTX,2022-03-23,unchanged
XRTX,2022-05-03,unchanged
XRTX,2022-07-13,unchanged
XRTX,2023-01-19,unchanged
XRTX,2023-08-25,unchanged
XRTX,2023-10-11,unchanged
XRTX,2023-10-19,unchanged
XRTX,2023-10-20,unchanged
XRTX,2023-11-17,unchanged
XRTX,2024-01-03,unchanged
XRTX,2024-01-04,unchanged
XRTX,2024-03-05,unchanged
XRTX,2024-03-06,unchanged
XRTX,2024-07-12,unchanged
XRTX,2024-08-29,unchanged
XRTX,2024-10-15,unchanged
XRTX,nan,unchanged
XTIA,2024-04-01,unchanged
XTIA,2024-04-02,unchanged
XTIA,2024-04-03,unchanged
XTIA,2024-06-05,unchanged
XTIA,2024-06-12,unchanged
XTIA,2024-07-01,unchanged
XTIA,2024-11-05,unchanged
XTIA,2024-11-07,unchanged
XTIA,2024-11-13,unchanged
XTIA,2024-11-14,unchanged
XTIA,nan,unchanged
XTKG,2024-03-28,unchanged
XTKG,2024-06-07,unchanged
XTKG,2024-12-19,unchanged
XTKG,2024-12-23,unchanged
XTKG,nan,unchanged
XTLB,2020-03-30,unchanged
XTLB,2020-04-08,unchanged
XTLB,2020-06-15,unchanged
XTLB,2020-07-28,unchanged
XTLB,2020-10-29,unchanged
XTLB,2021-03-05,unchanged
XTLB,2021-07-23,unchanged
XTLB,2021-08-20,unchanged
XTLB,2022-08-09,unchanged
XTLB,2023-08-28,unchanged
XTLB,2024-03-18,unchanged
XTLB,2024-03-20,unchanged
XTLB,2024-03-25,unchanged
XTLB,2024-10-28,unchanged
XTLB,nan,unchanged
XWEL,2023-07-13,unchanged
XWEL,2024-07-24,unchanged
XWEL,2024-12-16,unchanged
XWEL,nan,unchanged
XXII,2024-04-05,unchanged
XXII,2024-06-14,unchanged
XXII,2024-09-13,unchanged
XXII,nan,unchanged
XYF,2020-06-16,unchanged
XYF,2020-07-09,unchanged
XYF,2020-08-13,unchanged
XYF,2020-10-20,unchanged
XYF,2020-12-30,unchanged
XYF,2021-02-05,unchanged
XYF,2021-03-17,unchanged
XYF,2021-03-18,unchanged
XYF,2021-04-26,unchanged
XYF,2021-06-15,unchanged
XYF,2021-06-24,unchanged
XYF,2021-06-25,unchanged
XYF,2021-07-07,unchanged
XYF,2021-10-20,unchanged
YAAS,nan,unchanged
YALA,2020-11-30,unchanged
YALA,2021-01-25,unchanged
YALA,2021-11-09,unchanged
YDDL,nan,unchanged
YDES,nan,unchanged
YDESW,nan,unchanged
YDKG,nan,unchanged
YETI,2022-11-10,unchanged
YEXT,2023-06-07,unchanged
YEXT,nan,unchanged
YGMZ,2020-12-17,unchanged
YGMZ,2020-12-22,unchanged
YGMZ,2021-01-25,unchanged
YGMZ,2021-02-01,unchanged
YGMZ,2021-03-03,unchanged
YGMZ,2021-04-01,unchanged
YGMZ,2022-12-22,unchanged
YGMZ,2023-04-28,unchanged
YGMZ,2023-05-02,unchanged
YGMZ,2023-10-16,unchanged
YGMZ,2024-02-12,unchanged
YGMZ,2024-03-04,unchanged
YGMZ,2024-03-06,unchanged
YGMZ,2024-06-03,unchanged
YGMZ,2024-10-21,unchanged
YGMZ,nan,unchanged
YHC,2024-12-18,unchanged
YHC,2024-12-26,unchanged
YHC,nan,unchanged
YHGJ,nan,unchanged
YI,2021-01-22,unchanged
YI,2021-02-09,unchanged
YI,2021-02-10,unchanged
YI,2021-02-11,unchanged
YI,2021-02-16,unchanged
YI,2021-08-24,unchanged
YI,2022-03-18,unchanged
YI,2024-09-30,unchanged
YI,2024-11-27,unchanged
YIBO,2024-07-26,unchanged
YIBO,2024-07-29,unchanged
YIBO,2024-08-30,unchanged
YIBO,2024-10-07,unchanged
YIBO,2024-10-08,unchanged
YIBO,2024-12-04,unchanged
YIBO,nan,unchanged
YJ,2020-11-24,unchanged
YJ,2020-11-25,unchanged
YJ,2021-02-04,unchanged
YJ,2021-02-11,unchanged
YJ,2021-12-29,unchanged
YJ,2023-05-22,unchanged
YJ,2023-05-24,unchanged
YJ,2023-06-02,unchanged
YJ,2023-06-09,unchanged
YJ,2023-08-15,unchanged
YJ,2023-09-25,unchanged
YJ,2024-02-16,unchanged
YJ,2024-02-21,unchanged
YJ,2024-08-15,unchanged
YJ,2024-12-11,unchanged
YJ,nan,unchanged
YMAT,nan,unchanged
YMM,2022-03-16,unchanged
YMM,2022-03-18,unchanged
YOU,2021-07-01,unchanged
YOUL,nan,unchanged
YPF,2023-11-20,unchanged
YPF,nan,unchanged
YQ,2020-12-09,unchanged
YQ,2021-01-20,unchanged
YQ,2021-07-27,unchanged
YQ,2022-03-16,unchanged
YQ,2022-06-08,unchanged
YQ,2022-12-16,unchanged
YQ,2022-12-19,unchanged
YQ,2023-06-06,unchanged
YQ,2023-12-28,unchanged
YRD,2020-03-26,unchanged
YRD,2021-02-10,unchanged
YRD,2021-06-10,unchanged
YRD,2022-08-31,unchanged
YRD,2022-11-14,unchanged
YRD,2024-10-01,unchanged
YSG,2022-03-18,unchanged
YSG,2022-04-04,unchanged
YSXT,2024-12-30,unchanged
YSXT,nan,unchanged
YTRA,2020-03-19,unchanged
YTRA,2020-10-22,unchanged
YTRA,2022-11-18,unchanged
YTRA,nan,unchanged
YXT,2024-09-26,unchanged
YXT,2024-11-25,unchanged
YXT,nan,unchanged
YYAI,2024-04-24,unchanged
YYAI,2024-10-07,unchanged
YYAI,2024-10-16,unchanged
YYAI,2024-11-01,unchanged
YYAI,nan,unchanged
YYGH,2024-04-25,unchanged
YYGH,2024-05-13,unchanged
YYGH,2024-06-13,unchanged
YYGH,2024-09-04,unchanged
YYGH,2024-09-05,unchanged
YYGH,nan,unchanged
ZBAI,nan,unchanged
ZBAO,2024-05-31,unchanged
ZBAO,2024-12-06,unchanged
ZBAO,nan,unchanged
ZBIO,2024-09-13,unchanged
ZBIO,nan,unchanged
ZCMD,2020-03-12,unchanged
ZCMD,2020-03-23,unchanged
ZCMD,2020-08-04,unchanged
ZCMD,2020-11-12,unchanged
ZCMD,2021-03-17,unchanged
ZCMD,2022-03-14,unchanged
ZCMD,2024-02-08,unchanged
ZCMD,2024-02-15,unchanged
ZCMD,2024-03-12,unchanged
ZCMD,2024-04-04,unchanged
ZCMD,2024-04-19,unchanged
ZCMD,2024-06-05,unchanged
ZCMD,2024-08-07,unchanged
ZCMD,2024-09-30,unchanged
ZCMD,nan,unchanged
ZENA,2024-10-11,unchanged
ZENA,2024-10-24,unchanged
ZENA,2024-11-25,unchanged
ZENA,2024-11-26,unchanged
ZENA,2024-12-12,unchanged
ZENA,2024-12-19,unchanged
ZENA,nan,unchanged
ZENV,2022-03-21,unchanged
ZENV,2022-07-26,unchanged
ZENV,2023-04-27,unchanged
ZENV,2023-05-15,unchanged
ZENV,2024-02-06,unchanged
ZENV,2024-02-07,unchanged
ZENV,2024-05-20,unchanged
ZENV,2024-11-19,unchanged
ZENV,nan,unchanged
ZEO,2024-03-15,unchanged
ZEO,2024-07-15,unchanged
ZEO,2024-08-22,unchanged
ZEO,2024-08-29,unchanged
ZEO,2024-09-19,unchanged
ZEO,2024-12-05,unchanged
ZEO,2024-12-09,unchanged
ZEO,2024-12-20,unchanged
ZEO,2024-12-26,unchanged
ZEO,nan,unchanged
ZEPP,2022-03-16,unchanged
ZEPP,nan,unchanged
ZETA,2021-10-05,unchanged
ZGM,nan,unchanged
ZH,2022-03-16,unchanged
ZH,2022-03-18,unchanged
ZH,2022-11-15,unchanged
ZH,2022-12-02,unchanged
ZH,2023-02-07,unchanged
ZIONP,2020-03-24,unchanged
ZIPP,nan,unchanged
ZJK,2024-10-07,unchanged
ZJK,2024-12-03,unchanged
ZJK,2024-12-06,unchanged
ZJK,nan,unchanged
ZJYL,2023-06-12,unchanged
ZJYL,2023-11-21,unchanged
ZJYL,2023-12-18,unchanged
ZJYL,2023-12-19,unchanged
ZJYL,2023-12-22,unchanged
ZJYL,2023-12-28,unchanged
ZJYL,2023-12-29,unchanged
ZJYL,2024-01-16,unchanged
ZJYL,2024-01-23,unchanged
ZJYL,2024-01-24,unchanged
ZJYL,2024-01-25,unchanged
ZJYL,2024-01-31,unchanged
ZJYL,2024-02-08,unchanged
ZJYL,2024-02-13,unchanged
ZJYL,2024-03-04,unchanged
ZJYL,2024-04-16,unchanged
ZJYL,2024-07-16,unchanged
ZJYL,2024-08-08,unchanged
ZJYL,2024-09-20,unchanged
ZJYL,2024-12-26,unchanged
ZKIN,2020-02-11,unchanged
ZKIN,2020-03-26,unchanged
ZKIN,2020-05-11,unchanged
ZKIN,2020-06-12,unchanged
ZKIN,2020-11-25,unchanged
ZKIN,2021-02-03,unchanged
ZKIN,2021-02-16,unchanged
ZKIN,2021-02-22,unchanged
ZKIN,2021-03-01,unchanged
ZKIN,2021-03-15,unchanged
ZKIN,2021-03-19,unchanged
ZKIN,2021-03-24,unchanged
ZKIN,2022-05-31,unchanged
ZKIN,2022-08-09,unchanged
ZKIN,2023-01-04,unchanged
ZKIN,2023-01-12,unchanged
ZKIN,2023-04-28,unchanged
ZKIN,2023-09-18,unchanged
ZKIN,2023-11-15,unchanged
ZKIN,2024-05-07,unchanged
ZKIN,2024-12-10,unchanged
ZKIN,nan,unchanged
ZLAB,2022-03-16,unchanged
ZLAB,2023-01-05,unchanged
ZM,2020-09-01,unchanged
ZNB,nan,unchanged
ZNTL,2024-06-20,unchanged
ZNTL,2024-09-16,unchanged
ZNTL,nan,unchanged
ZOOZ,2024-05-29,unchanged
ZOOZ,nan,unchanged
ZSPC,2024-12-09,unchanged
ZSPC,2024-12-26,unchanged
ZSPC,nan,unchanged
ZTEK,2022-03-23,unchanged
ZTEK,2024-11-15,unchanged
ZTEK,nan,unchanged
ZUMZ,2020-03-13,unchanged
ZURA,2023-03-22,unchanged
ZURA,2023-05-05,unchanged
ZURA,2023-05-10,unchanged
ZURA,2023-05-11,unchanged
ZURA,2023-05-24,unchanged
ZURA,2023-06-06,unchanged
ZURA,2023-06-20,unchanged
ZURA,2024-03-25,unchanged
ZURA,2024-04-26,unchanged
ZURA,nan,unchanged
ZVIA,2022-07-06,unchanged
ZVIA,2022-08-11,unchanged
ZVIA,2024-06-05,unchanged
ZVIA,2024-11-08,unchanged
ZVIA,2024-11-11,unchanged
ZVIA,2024-12-02,unchanged
ZVIA,nan,unchanged
ZVRA,2024-07-31,unchanged
ZVRA,2024-08-05,unchanged
ZYBT,nan,unchanged
ZYME,2022-04-29,unchanged
ZYME,2022-12-19,unchanged
ZYXI,nan,unchanged
