ticker,event_date,momentum_pct,filtered_dirname,expected_quote_data_file,found_in_quote_data
AACG,2025-07-21,40.24,AACG_2025-07-21_40.24,AACG_quotes_2025_07_21.parquet,True
AACG,2025-07-30,37.29,AACG_2025-07-30_37.29,AACG_quotes_2025_07_30.parquet,True
AACG,2025-07-31,35.29,AACG_2025-07-31_35.29,AACG_quotes_2025_07_31.parquet,True
AACG,2025-08-04,38.89,AACG_2025-08-04_38.89,AACG_quotes_2025_08_04.parquet,True
AAME,2025-08-14,30.61,AAME_2025-08-14_30.61,AAME_quotes_2025_08_14.parquet,True
AAOI,2025-03-14,49.28,AAOI_2025-03-14_49.28,AAOI_quotes_2025_03_14.parquet,True
AAOI,2025-04-09,35.56,AAOI_2025-04-09_35.56,AAOI_quotes_2025_04_09.parquet,True
AAPB,2025-04-09,31.41,AAPB_2025-04-09_31.41,AAPB_quotes_2025_04_09.parquet,True
AAPU,2025-04-09,32.07,AAPU_2025-04-09_32.07,AAPU_quotes_2025_04_09.parquet,True
AAP,2025-05-22,59.82,AAP_2025-05-22_59.82,AAP_quotes_2025_05_22.parquet,True
AARD,2025-02-20,31.41,AARD_2025-02-20_31.41,AARD_quotes_2025_02_20.parquet,True
ABAT,2025-04-29,33.91,ABAT_2025-04-29_33.91,ABAT_quotes_2025_04_29.parquet,True
ABAT,2025-07-21,37.50,ABAT_2025-07-21_37.50,ABAT_quotes_2025_07_21.parquet,True
ABAT,2025-10-13,50.81,ABAT_2025-10-13_50.81,ABAT_quotes_2025_10_13.parquet,True
ABAT,2025-10-20,41.65,ABAT_2025-10-20_41.65,ABAT_quotes_2025_10_20.parquet,True
ABEO,2025-04-30,38.18,ABEO_2025-04-30_38.18,ABEO_quotes_2025_04_30.parquet,True
ABLLL,2025-01-07,31.62,ABLLL_2025-01-07_31.62,ABLLL_quotes_2025_01_07.parquet,True
ABLV,2025-01-08,33.09,ABLV_2025-01-08_33.09,ABLV_quotes_2025_01_08.parquet,True
ABLV,2025-02-11,70.44,ABLV_2025-02-11_70.44,ABLV_quotes_2025_02_11.parquet,True
ABLV,2025-03-07,138.55,ABLV_2025-03-07_138.55,ABLV_quotes_2025_03_07.parquet,True
ABLV,2025-03-19,40.62,ABLV_2025-03-19_40.62,ABLV_quotes_2025_03_19.parquet,True
ABLV,2025-09-10,70.21,ABLV_2025-09-10_70.21,ABLV_quotes_2025_09_10.parquet,True
ABP,2025-05-15,130.36,ABP_2025-05-15_130.36,ABP_quotes_2025_05_15.parquet,True
ABP,2025-05-19,43.43,ABP_2025-05-19_43.43,ABP_quotes_2025_05_19.parquet,True
ABP,2025-05-28,30.41,ABP_2025-05-28_30.41,ABP_quotes_2025_05_28.parquet,True
ABP,2025-07-23,32.61,ABP_2025-07-23_32.61,ABP_quotes_2025_07_23.parquet,True
ABP,2025-07-28,44.26,ABP_2025-07-28_44.26,ABP_quotes_2025_07_28.parquet,True
ABSI,2025-01-08,37.46,ABSI_2025-01-08_37.46,ABSI_quotes_2025_01_08.parquet,True
ABSI,2025-01-22,36.65,ABSI_2025-01-22_36.65,ABSI_quotes_2025_01_22.parquet,True
ABTS,2025-04-14,33.01,ABTS_2025-04-14_33.01,ABTS_quotes_2025_04_14.parquet,True
ABTS,2025-04-25,30.27,ABTS_2025-04-25_30.27,ABTS_quotes_2025_04_25.parquet,True
ABTS,2025-05-09,303.43,ABTS_2025-05-09_303.43,ABTS_quotes_2025_05_09.parquet,True
ABTS,2025-07-02,36.57,ABTS_2025-07-02_36.57,ABTS_quotes_2025_07_02.parquet,True
ABTS,2025-07-11,36.02,ABTS_2025-07-11_36.02,ABTS_quotes_2025_07_11.parquet,True
ABTS,2025-09-19,45.19,ABTS_2025-09-19_45.19,ABTS_quotes_2025_09_19.parquet,True
ABTS,2025-09-22,34.51,ABTS_2025-09-22_34.51,ABTS_quotes_2025_09_22.parquet,True
ABVC,2025-04-01,32.08,ABVC_2025-04-01_32.08,ABVC_quotes_2025_04_01.parquet,True
ABVC,2025-04-07,80.59,ABVC_2025-04-07_80.59,ABVC_quotes_2025_04_07.parquet,True
ABVC,2025-07-08,37.34,ABVC_2025-07-08_37.34,ABVC_quotes_2025_07_08.parquet,True
ABVEW,2025-10-08,57.14,ABVEW_2025-10-08_57.14,ABVEW_quotes_2025_10_08.parquet,True
ABVEW,2025-10-16,57.89,ABVEW_2025-10-16_57.89,ABVEW_quotes_2025_10_16.parquet,True
ABVEW,2025-10-17,31.42,ABVEW_2025-10-17_31.42,ABVEW_quotes_2025_10_17.parquet,True
ABVEW,2025-10-27,36.21,ABVEW_2025-10-27_36.21,ABVEW_quotes_2025_10_27.parquet,True
ABVE,2025-04-28,50.00,ABVE_2025-04-28_50.00,ABVE_quotes_2025_04_28.parquet,True
ABVE,2025-04-29,54.75,ABVE_2025-04-29_54.75,ABVE_quotes_2025_04_29.parquet,True
ABVE,2025-04-30,41.22,ABVE_2025-04-30_41.22,ABVE_quotes_2025_04_30.parquet,True
ABVE,2025-05-01,68.79,ABVE_2025-05-01_68.79,ABVE_quotes_2025_05_01.parquet,True
ABVE,2025-05-13,39.62,ABVE_2025-05-13_39.62,ABVE_quotes_2025_05_13.parquet,True
ABVE,2025-05-22,31.47,ABVE_2025-05-22_31.47,ABVE_quotes_2025_05_22.parquet,True
ABVE,2025-06-16,35.45,ABVE_2025-06-16_35.45,ABVE_quotes_2025_06_16.parquet,True
ABVE,2025-07-07,85.53,ABVE_2025-07-07_85.53,ABVE_quotes_2025_07_07.parquet,True
ABVE,2025-07-10,480.82,ABVE_2025-07-10_480.82,ABVE_quotes_2025_07_10.parquet,True
ABVE,2025-07-11,183.87,ABVE_2025-07-11_183.87,ABVE_quotes_2025_07_11.parquet,True
ABVE,2025-07-17,127.98,ABVE_2025-07-17_127.98,ABVE_quotes_2025_07_17.parquet,True
ABVE,2025-09-24,33.56,ABVE_2025-09-24_33.56,ABVE_quotes_2025_09_24.parquet,True
ABVE,2025-10-08,70.61,ABVE_2025-10-08_70.61,ABVE_quotes_2025_10_08.parquet,True
ABVE,2025-10-23,30.13,ABVE_2025-10-23_30.13,ABVE_quotes_2025_10_23.parquet,True
ABVX,2025-07-23,613.50,ABVX_2025-07-23_613.50,ABVX_quotes_2025_07_23.parquet,True
ACAD,2025-05-16,43.35,ACAD_2025-05-16_43.35,ACAD_quotes_2025_05_16.parquet,True
ACB,2025-02-05,54.62,ACB_2025-02-05_54.62,ACB_quotes_2025_02_05.parquet,True
ACB,2025-09-29,32.30,ACB_2025-09-29_32.30,ACB_quotes_2025_09_29.parquet,True
ACCL,2025-10-24,36.36,ACCL_2025-10-24_36.36,ACCL_quotes_2025_10_24.parquet,True
ACCL,2025-10-31,39.42,ACCL_2025-10-31_39.42,ACCL_quotes_2025_10_31.parquet,True
ACHV,2025-10-17,44.15,ACHV_2025-10-17_44.15,ACHV_quotes_2025_10_17.parquet,True
ACOG,2025-05-16,42.14,ACOG_2025-05-16_42.14,ACOG_quotes_2025_05_16.parquet,True
ACON,2025-01-03,172.46,ACON_2025-01-03_172.46,ACON_quotes_2025_01_03.parquet,True
ACON,2025-01-24,77.31,ACON_2025-01-24_77.31,ACON_quotes_2025_01_24.parquet,True
ACON,2025-01-30,126.21,ACON_2025-01-30_126.21,ACON_quotes_2025_01_30.parquet,True
ACON,2025-02-04,31.88,ACON_2025-02-04_31.88,ACON_quotes_2025_02_04.parquet,True
ACON,2025-02-28,109.13,ACON_2025-02-28_109.13,ACON_quotes_2025_02_28.parquet,True
ACON,2025-03-03,153.73,ACON_2025-03-03_153.73,ACON_quotes_2025_03_03.parquet,True
ACON,2025-03-05,44.52,ACON_2025-03-05_44.52,ACON_quotes_2025_03_05.parquet,True
ACON,2025-03-14,37.23,ACON_2025-03-14_37.23,ACON_quotes_2025_03_14.parquet,True
ACON,2025-03-17,48.96,ACON_2025-03-17_48.96,ACON_quotes_2025_03_17.parquet,True
ACON,2025-10-13,39.93,ACON_2025-10-13_39.93,ACON_quotes_2025_10_13.parquet,True
ACRV,2025-02-05,35.36,ACRV_2025-02-05_35.36,ACRV_quotes_2025_02_05.parquet,True
ACRV,2025-04-15,46.00,ACRV_2025-04-15_46.00,ACRV_quotes_2025_04_15.parquet,True
ACRV,2025-09-08,100.75,ACRV_2025-09-08_100.75,ACRV_quotes_2025_09_08.parquet,True
ACXP,2025-01-06,40.47,ACXP_2025-01-06_40.47,ACXP_quotes_2025_01_06.parquet,True
ACXP,2025-06-17,241.91,ACXP_2025-06-17_241.91,ACXP_quotes_2025_06_17.parquet,True
ACXP,2025-08-28,46.82,ACXP_2025-08-28_46.82,ACXP_quotes_2025_08_28.parquet,True
ACXP,2025-10-08,94.41,ACXP_2025-10-08_94.41,ACXP_quotes_2025_10_08.parquet,True
ADAG,2025-08-06,36.90,ADAG_2025-08-06_36.90,ADAG_quotes_2025_08_06.parquet,True
ADAG,2025-09-09,32.22,ADAG_2025-09-09_32.22,ADAG_quotes_2025_09_09.parquet,True
ADCT,2025-05-14,37.88,ADCT_2025-05-14_37.88,ADCT_quotes_2025_05_14.parquet,True
ADGM,2025-04-17,210.88,ADGM_2025-04-17_210.88,ADGM_quotes_2025_04_17.parquet,True
ADGM,2025-08-27,31.91,ADGM_2025-08-27_31.91,ADGM_quotes_2025_08_27.parquet,True
ADIL,2025-02-25,69.93,ADIL_2025-02-25_69.93,ADIL_quotes_2025_02_25.parquet,True
ADIL,2025-05-02,55.13,ADIL_2025-05-02_55.13,ADIL_quotes_2025_05_02.parquet,True
ADPT,2025-05-02,39.67,ADPT_2025-05-02_39.67,ADPT_quotes_2025_05_02.parquet,True
ADSEW,2025-05-09,36.49,ADSEW_2025-05-09_36.49,ADSEW_quotes_2025_05_09.parquet,True
ADSEW,2025-05-16,36.36,ADSEW_2025-05-16_36.36,ADSEW_quotes_2025_05_16.parquet,True
ADSEW,2025-06-04,41.43,ADSEW_2025-06-04_41.43,ADSEW_quotes_2025_06_04.parquet,True
ADSEW,2025-06-10,41.33,ADSEW_2025-06-10_41.33,ADSEW_quotes_2025_06_10.parquet,True
ADSEW,2025-07-18,36.76,ADSEW_2025-07-18_36.76,ADSEW_quotes_2025_07_18.parquet,True
ADSEW,2025-08-29,44.14,ADSEW_2025-08-29_44.14,ADSEW_quotes_2025_08_29.parquet,True
ADSEW,2025-09-30,79.09,ADSEW_2025-09-30_79.09,ADSEW_quotes_2025_09_30.parquet,True
ADSEW,2025-10-20,50.00,ADSEW_2025-10-20_50.00,ADSEW_quotes_2025_10_20.parquet,True
ADTX,2025-01-15,52.92,ADTX_2025-01-15_52.92,ADTX_quotes_2025_01_15.parquet,True
ADTX,2025-01-16,58.55,ADTX_2025-01-16_58.55,ADTX_quotes_2025_01_16.parquet,True
ADTX,2025-02-18,65.71,ADTX_2025-02-18_65.71,ADTX_quotes_2025_02_18.parquet,True
ADTX,2025-02-19,43.64,ADTX_2025-02-19_43.64,ADTX_quotes_2025_02_19.parquet,True
ADTX,2025-03-05,40.56,ADTX_2025-03-05_40.56,ADTX_quotes_2025_03_05.parquet,True
ADTX,2025-03-18,129.75,ADTX_2025-03-18_129.75,ADTX_quotes_2025_03_18.parquet,True
ADTX,2025-03-19,64.00,ADTX_2025-03-19_64.00,ADTX_quotes_2025_03_19.parquet,True
ADTX,2025-04-17,30.45,ADTX_2025-04-17_30.45,ADTX_quotes_2025_04_17.parquet,True
ADTX,2025-06-25,64.65,ADTX_2025-06-25_64.65,ADTX_quotes_2025_06_25.parquet,True
ADVB,2025-04-28,32.60,ADVB_2025-04-28_32.60,ADVB_quotes_2025_04_28.parquet,True
ADVB,2025-05-12,35.95,ADVB_2025-05-12_35.95,ADVB_quotes_2025_05_12.parquet,True
ADVM,2025-09-19,30.17,ADVM_2025-09-19_30.17,ADVM_quotes_2025_09_19.parquet,True
ADVM,2025-09-23,50.00,ADVM_2025-09-23_50.00,ADVM_quotes_2025_09_23.parquet,True
ADXN,2025-02-24,30.85,ADXN_2025-02-24_30.85,ADXN_quotes_2025_02_24.parquet,True
ADXN,2025-06-06,31.97,ADXN_2025-06-06_31.97,ADXN_quotes_2025_06_06.parquet,True
ADXN,2025-09-12,37.24,ADXN_2025-09-12_37.24,ADXN_quotes_2025_09_12.parquet,True
ADXN,2025-10-17,40.33,ADXN_2025-10-17_40.33,ADXN_quotes_2025_10_17.parquet,True
AEBI,2025-07-03,34.26,AEBI_2025-07-03_34.26,AEBI_quotes_2025_07_03.parquet,True
AEHL,2025-02-12,35.75,AEHL_2025-02-12_35.75,AEHL_quotes_2025_02_12.parquet,True
AEHL,2025-04-04,135.24,AEHL_2025-04-04_135.24,AEHL_quotes_2025_04_04.parquet,True
AEHL,2025-04-09,285.78,AEHL_2025-04-09_285.78,AEHL_quotes_2025_04_09.parquet,True
AEHL,2025-04-11,55.59,AEHL_2025-04-11_55.59,AEHL_quotes_2025_04_11.parquet,True
AEHL,2025-04-22,31.98,AEHL_2025-04-22_31.98,AEHL_quotes_2025_04_22.parquet,True
AEHL,2025-07-29,53.65,AEHL_2025-07-29_53.65,AEHL_quotes_2025_07_29.parquet,True
AEHL,2025-08-14,32.53,AEHL_2025-08-14_32.53,AEHL_quotes_2025_08_14.parquet,True
AEHL,2025-09-10,127.56,AEHL_2025-09-10_127.56,AEHL_quotes_2025_09_10.parquet,True
AEHR,2025-04-09,30.53,AEHR_2025-04-09_30.53,AEHR_quotes_2025_04_09.parquet,True
AEHR,2025-07-22,32.64,AEHR_2025-07-22_32.64,AEHR_quotes_2025_07_22.parquet,True
AEHR,2025-08-25,42.38,AEHR_2025-08-25_42.38,AEHR_quotes_2025_08_25.parquet,True
AEI,2025-06-30,38.30,AEI_2025-06-30_38.30,AEI_quotes_2025_06_30.parquet,True
AEI,2025-09-03,37.04,AEI_2025-09-03_37.04,AEI_quotes_2025_09_03.parquet,True
AEI,2025-09-08,33.73,AEI_2025-09-08_33.73,AEI_quotes_2025_09_08.parquet,True
AEI,2025-09-11,59.24,AEI_2025-09-11_59.24,AEI_quotes_2025_09_11.parquet,True
AEI,2025-09-16,41.74,AEI_2025-09-16_41.74,AEI_quotes_2025_09_16.parquet,True
AEMD,2025-07-09,32.77,AEMD_2025-07-09_32.77,AEMD_quotes_2025_07_09.parquet,True
AEMD,2025-08-21,146.85,AEMD_2025-08-21_146.85,AEMD_quotes_2025_08_21.parquet,True
AEMD,2025-08-28,30.74,AEMD_2025-08-28_30.74,AEMD_quotes_2025_08_28.parquet,True
AEO,2025-09-04,38.40,AEO_2025-09-04_38.40,AEO_quotes_2025_09_04.parquet,True
AERT,2025-06-10,53.62,AERT_2025-06-10_53.62,AERT_quotes_2025_06_10.parquet,True
AERT,2025-06-16,57.59,AERT_2025-06-16_57.59,AERT_quotes_2025_06_16.parquet,True
AERT,2025-08-14,107.14,AERT_2025-08-14_107.14,AERT_quotes_2025_08_14.parquet,True
AERT,2025-09-18,111.42,AERT_2025-09-18_111.42,AERT_quotes_2025_09_18.parquet,True
AEVAW,2025-06-27,47.50,AEVAW_2025-06-27_47.50,AEVAW_quotes_2025_06_27.parquet,True
AEVAW,2025-07-02,44.93,AEVAW_2025-07-02_44.93,AEVAW_quotes_2025_07_02.parquet,True
AEVA,2025-03-20,38.59,AEVA_2025-03-20_38.59,AEVA_quotes_2025_03_20.parquet,True
AFRIW,2025-01-30,31.59,AFRIW_2025-01-30_31.59,AFRIW_quotes_2025_01_30.parquet,True
AFRIW,2025-02-12,46.81,AFRIW_2025-02-12_46.81,AFRIW_quotes_2025_02_12.parquet,True
AGAE,2025-01-06,32.50,AGAE_2025-01-06_32.50,AGAE_quotes_2025_01_06.parquet,True
AGAE,2025-05-12,71.56,AGAE_2025-05-12_71.56,AGAE_quotes_2025_05_12.parquet,True
AGAE,2025-05-28,61.97,AGAE_2025-05-28_61.97,AGAE_quotes_2025_05_28.parquet,True
AGAE,2025-06-03,30.89,AGAE_2025-06-03_30.89,AGAE_quotes_2025_06_03.parquet,True
AGAE,2025-06-12,31.69,AGAE_2025-06-12_31.69,AGAE_quotes_2025_06_12.parquet,True
AGAE,2025-09-12,150.25,AGAE_2025-09-12_150.25,AGAE_quotes_2025_09_12.parquet,True
AGCC,2025-10-28,60.47,AGCC_2025-10-28_60.47,AGCC_quotes_2025_10_28.parquet,True
AGEN,2025-04-22,42.86,AGEN_2025-04-22_42.86,AGEN_quotes_2025_04_22.parquet,True
AGEN,2025-05-12,39.51,AGEN_2025-05-12_39.51,AGEN_quotes_2025_05_12.parquet,True
AGH,2025-02-19,65.31,AGH_2025-02-19_65.31,AGH_quotes_2025_02_19.parquet,True
AGH,2025-02-20,87.05,AGH_2025-02-20_87.05,AGH_quotes_2025_02_20.parquet,True
AGH,2025-02-26,35.50,AGH_2025-02-26_35.50,AGH_quotes_2025_02_26.parquet,True
AGH,2025-03-20,41.61,AGH_2025-03-20_41.61,AGH_quotes_2025_03_20.parquet,True
AGH,2025-07-23,238.15,AGH_2025-07-23_238.15,AGH_quotes_2025_07_23.parquet,True
AGH,2025-07-25,46.20,AGH_2025-07-25_46.20,AGH_quotes_2025_07_25.parquet,True
AGH,2025-08-11,51.14,AGH_2025-08-11_51.14,AGH_quotes_2025_08_11.parquet,True
AGH,2025-09-10,43.66,AGH_2025-09-10_43.66,AGH_quotes_2025_09_10.parquet,True
AGH,2025-09-26,41.74,AGH_2025-09-26_41.74,AGH_quotes_2025_09_26.parquet,True
AGH,2025-10-20,35.36,AGH_2025-10-20_35.36,AGH_quotes_2025_10_20.parquet,True
AGL,2025-04-08,43.06,AGL_2025-04-08_43.06,AGL_quotes_2025_04_08.parquet,True
AGMH,2025-03-06,182.30,AGMH_2025-03-06_182.30,AGMH_quotes_2025_03_06.parquet,True
AGMH,2025-04-02,39.05,AGMH_2025-04-02_39.05,AGMH_quotes_2025_04_02.parquet,True
AGMH,2025-04-23,158.00,AGMH_2025-04-23_158.00,AGMH_quotes_2025_04_23.parquet,True
AGMH,2025-04-25,74.36,AGMH_2025-04-25_74.36,AGMH_quotes_2025_04_25.parquet,True
AGMH,2025-04-28,203.50,AGMH_2025-04-28_203.50,AGMH_quotes_2025_04_28.parquet,True
AGMH,2025-05-05,50.75,AGMH_2025-05-05_50.75,AGMH_quotes_2025_05_05.parquet,True
AGMH,2025-05-16,39.50,AGMH_2025-05-16_39.50,AGMH_quotes_2025_05_16.parquet,True
AGMH,2025-06-04,75.44,AGMH_2025-06-04_75.44,AGMH_quotes_2025_06_04.parquet,True
AGMH,2025-09-09,30.39,AGMH_2025-09-09_30.39,AGMH_quotes_2025_09_09.parquet,True
AGMH,2025-09-10,99.09,AGMH_2025-09-10_99.09,AGMH_quotes_2025_09_10.parquet,True
AGMH,2025-09-19,711.66,AGMH_2025-09-19_711.66,AGMH_quotes_2025_09_19.parquet,True
AGRZ,2025-10-07,69.03,AGRZ_2025-10-07_69.03,AGRZ_quotes_2025_10_07.parquet,True
AGRZ,2025-10-08,46.17,AGRZ_2025-10-08_46.17,AGRZ_quotes_2025_10_08.parquet,True
AGRZ,2025-10-10,47.89,AGRZ_2025-10-10_47.89,AGRZ_quotes_2025_10_10.parquet,True
AGRZ,2025-10-16,36.91,AGRZ_2025-10-16_36.91,AGRZ_quotes_2025_10_16.parquet,True
AGRZ,2025-10-21,47.54,AGRZ_2025-10-21_47.54,AGRZ_quotes_2025_10_21.parquet,True
AGX,2025-03-28,30.90,AGX_2025-03-28_30.90,AGX_quotes_2025_03_28.parquet,True
AHG,2025-04-22,42.06,AHG_2025-04-22_42.06,AHG_quotes_2025_04_22.parquet,True
AHG,2025-07-09,58.91,AHG_2025-07-09_58.91,AHG_quotes_2025_07_09.parquet,True
AHMA,2025-10-29,34.12,AHMA_2025-10-29_34.12,AHMA_quotes_2025_10_29.parquet,True
AHT,2025-02-13,38.74,AHT_2025-02-13_38.74,AHT_quotes_2025_02_13.parquet,True
AIFF,2025-01-14,205.26,AIFF_2025-01-14_205.26,AIFF_quotes_2025_01_14.parquet,True
AIFF,2025-02-11,271.29,AIFF_2025-02-11_271.29,AIFF_quotes_2025_02_11.parquet,True
AIFF,2025-02-12,72.02,AIFF_2025-02-12_72.02,AIFF_quotes_2025_02_12.parquet,True
AIFF,2025-02-13,32.61,AIFF_2025-02-13_32.61,AIFF_quotes_2025_02_13.parquet,True
AIFF,2025-03-14,32.61,AIFF_2025-03-14_32.61,AIFF_quotes_2025_03_14.parquet,True
AIFF,2025-03-17,34.58,AIFF_2025-03-17_34.58,AIFF_quotes_2025_03_17.parquet,True
AIFF,2025-05-05,37.92,AIFF_2025-05-05_37.92,AIFF_quotes_2025_05_05.parquet,True
AIFF,2025-08-26,40.15,AIFF_2025-08-26_40.15,AIFF_quotes_2025_08_26.parquet,True
AIFU,2025-05-02,146.70,AIFU_2025-05-02_146.70,AIFU_quotes_2025_05_02.parquet,True
AIFU,2025-05-06,126.72,AIFU_2025-05-06_126.72,AIFU_quotes_2025_05_06.parquet,True
AIFU,2025-05-12,84.20,AIFU_2025-05-12_84.20,AIFU_quotes_2025_05_12.parquet,True
AIFU,2025-06-24,79.43,AIFU_2025-06-24_79.43,AIFU_quotes_2025_06_24.parquet,True
AIHS,2025-06-05,48.35,AIHS_2025-06-05_48.35,AIHS_quotes_2025_06_05.parquet,True
AIHS,2025-06-10,55.96,AIHS_2025-06-10_55.96,AIHS_quotes_2025_06_10.parquet,True
AIHS,2025-09-03,244.17,AIHS_2025-09-03_244.17,AIHS_quotes_2025_09_03.parquet,True
AIHS,2025-09-08,38.66,AIHS_2025-09-08_38.66,AIHS_quotes_2025_09_08.parquet,True
AIHS,2025-09-16,43.26,AIHS_2025-09-16_43.26,AIHS_quotes_2025_09_16.parquet,True
AIHS,2025-10-01,53.50,AIHS_2025-10-01_53.50,AIHS_quotes_2025_10_01.parquet,True
AIIO,2025-09-15,65.07,AIIO_2025-09-15_65.07,AIIO_quotes_2025_09_15.parquet,True
AIIO,2025-09-16,45.70,AIIO_2025-09-16_45.70,AIIO_quotes_2025_09_16.parquet,True
AIIO,2025-09-18,40.41,AIIO_2025-09-18_40.41,AIIO_quotes_2025_09_18.parquet,True
AIIO,2025-09-25,34.98,AIIO_2025-09-25_34.98,AIIO_quotes_2025_09_25.parquet,True
AIIO,2025-09-30,37.31,AIIO_2025-09-30_37.31,AIIO_quotes_2025_09_30.parquet,True
AIMD,2025-01-06,60.62,AIMD_2025-01-06_60.62,AIMD_quotes_2025_01_06.parquet,True
AIMD,2025-01-10,74.49,AIMD_2025-01-10_74.49,AIMD_quotes_2025_01_10.parquet,True
AIMD,2025-01-14,32.43,AIMD_2025-01-14_32.43,AIMD_quotes_2025_01_14.parquet,True
AIMD,2025-05-28,31.80,AIMD_2025-05-28_31.80,AIMD_quotes_2025_05_28.parquet,True
AIMD,2025-08-06,93.13,AIMD_2025-08-06_93.13,AIMD_quotes_2025_08_06.parquet,True
AIOT,2025-02-10,38.74,AIOT_2025-02-10_38.74,AIOT_quotes_2025_02_10.parquet,True
AIP,2025-08-05,51.22,AIP_2025-08-05_51.22,AIP_quotes_2025_08_05.parquet,True
AIP,2025-10-06,32.79,AIP_2025-10-06_32.79,AIP_quotes_2025_10_06.parquet,True
AIRE,2025-09-11,95.71,AIRE_2025-09-11_95.71,AIRE_quotes_2025_09_11.parquet,True
AIRE,2025-09-12,46.34,AIRE_2025-09-12_46.34,AIRE_quotes_2025_09_12.parquet,True
AIRE,2025-10-22,78.67,AIRE_2025-10-22_78.67,AIRE_quotes_2025_10_22.parquet,True
AIRE,2025-10-23,47.14,AIRE_2025-10-23_47.14,AIRE_quotes_2025_10_23.parquet,True
AIRG,2025-07-18,36.05,AIRG_2025-07-18_36.05,AIRG_quotes_2025_07_18.parquet,True
AIRJW,2025-02-13,35.66,AIRJW_2025-02-13_35.66,AIRJW_quotes_2025_02_13.parquet,True
AIRJW,2025-10-15,44.37,AIRJW_2025-10-15_44.37,AIRJW_quotes_2025_10_15.parquet,True
AIRO,2025-06-16,58.02,AIRO_2025-06-16_58.02,AIRO_quotes_2025_06_16.parquet,True
AIRO,2025-07-11,31.53,AIRO_2025-07-11_31.53,AIRO_quotes_2025_07_11.parquet,True
AIRS,2025-05-02,38.05,AIRS_2025-05-02_38.05,AIRS_quotes_2025_05_02.parquet,True
AISPW,2025-01-14,37.40,AISPW_2025-01-14_37.40,AISPW_quotes_2025_01_14.parquet,True
AISPW,2025-01-15,33.71,AISPW_2025-01-15_33.71,AISPW_quotes_2025_01_15.parquet,True
AISPW,2025-02-26,48.43,AISPW_2025-02-26_48.43,AISPW_quotes_2025_02_26.parquet,True
AISPW,2025-03-25,47.83,AISPW_2025-03-25_47.83,AISPW_quotes_2025_03_25.parquet,True
AISPW,2025-05-19,41.18,AISPW_2025-05-19_41.18,AISPW_quotes_2025_05_19.parquet,True
AISPW,2025-09-12,38.98,AISPW_2025-09-12_38.98,AISPW_quotes_2025_09_12.parquet,True
AISPW,2025-10-06,43.18,AISPW_2025-10-06_43.18,AISPW_quotes_2025_10_06.parquet,True
AISPW,2025-10-13,36.00,AISPW_2025-10-13_36.00,AISPW_quotes_2025_10_13.parquet,True
AI,2025-05-29,31.36,AI_2025-05-29_31.36,AI_quotes_2025_05_29.parquet,True
AKAN,2025-08-01,50.88,AKAN_2025-08-01_50.88,AKAN_quotes_2025_08_01.parquet,True
AKAN,2025-09-29,35.53,AKAN_2025-09-29_35.53,AKAN_quotes_2025_09_29.parquet,True
AKAN,2025-10-01,113.32,AKAN_2025-10-01_113.32,AKAN_quotes_2025_10_01.parquet,True
AKA,2025-05-14,61.84,AKA_2025-05-14_61.84,AKA_quotes_2025_05_14.parquet,True
AKA,2025-10-14,43.44,AKA_2025-10-14_43.44,AKA_quotes_2025_10_14.parquet,True
AKBA,2025-03-14,35.50,AKBA_2025-03-14_35.50,AKBA_quotes_2025_03_14.parquet,True
AKRO,2025-01-27,123.07,AKRO_2025-01-27_123.07,AKRO_quotes_2025_01_27.parquet,True
AKTX,2025-03-20,38.40,AKTX_2025-03-20_38.40,AKTX_quotes_2025_03_20.parquet,True
AKTX,2025-09-24,60.42,AKTX_2025-09-24_60.42,AKTX_quotes_2025_09_24.parquet,True
ALAB,2025-08-06,35.47,ALAB_2025-08-06_35.47,ALAB_quotes_2025_08_06.parquet,True
ALAR,2025-06-09,43.65,ALAR_2025-06-09_43.65,ALAR_quotes_2025_06_09.parquet,True
ALBT,2025-02-26,49.31,ALBT_2025-02-26_49.31,ALBT_quotes_2025_02_26.parquet,True
ALBT,2025-03-14,30.44,ALBT_2025-03-14_30.44,ALBT_quotes_2025_03_14.parquet,True
ALBT,2025-03-19,39.71,ALBT_2025-03-19_39.71,ALBT_quotes_2025_03_19.parquet,True
ALBT,2025-04-16,34.57,ALBT_2025-04-16_34.57,ALBT_quotes_2025_04_16.parquet,True
ALBT,2025-07-28,108.81,ALBT_2025-07-28_108.81,ALBT_quotes_2025_07_28.parquet,True
ALDFW,2025-10-17,1253.08,ALDFW_2025-10-17_1253.08,ALDFW_quotes_2025_10_17.parquet,True
ALDX,2025-04-04,40.85,ALDX_2025-04-04_40.85,ALDX_quotes_2025_04_04.parquet,True
ALEC,2025-08-08,52.05,ALEC_2025-08-08_52.05,ALEC_quotes_2025_08_08.parquet,True
ALLO,2025-02-14,49.29,ALLO_2025-02-14_49.29,ALLO_quotes_2025_02_14.parquet,True
ALLO,2025-02-18,84.31,ALLO_2025-02-18_84.31,ALLO_quotes_2025_02_18.parquet,True
ALLO,2025-02-19,33.10,ALLO_2025-02-19_33.10,ALLO_quotes_2025_02_19.parquet,True
ALLR,2025-01-08,70.30,ALLR_2025-01-08_70.30,ALLR_quotes_2025_01_08.parquet,True
ALLR,2025-01-23,48.51,ALLR_2025-01-23_48.51,ALLR_quotes_2025_01_23.parquet,True
ALLR,2025-01-27,46.32,ALLR_2025-01-27_46.32,ALLR_quotes_2025_01_27.parquet,True
ALLR,2025-08-26,149.65,ALLR_2025-08-26_149.65,ALLR_quotes_2025_08_26.parquet,True
ALMS,2025-03-25,50.99,ALMS_2025-03-25_50.99,ALMS_quotes_2025_03_25.parquet,True
ALMS,2025-03-26,51.00,ALMS_2025-03-26_51.00,ALMS_quotes_2025_03_26.parquet,True
ALMS,2025-04-02,43.92,ALMS_2025-04-02_43.92,ALMS_quotes_2025_04_02.parquet,True
ALMU,2025-04-28,30.34,ALMU_2025-04-28_30.34,ALMU_quotes_2025_04_28.parquet,True
ALMU,2025-06-25,32.09,ALMU_2025-06-25_32.09,ALMU_quotes_2025_06_25.parquet,True
ALUR,2025-01-14,41.41,ALUR_2025-01-14_41.41,ALUR_quotes_2025_01_14.parquet,True
ALUR,2025-01-24,354.32,ALUR_2025-01-24_354.32,ALUR_quotes_2025_01_24.parquet,True
ALUR,2025-03-21,83.33,ALUR_2025-03-21_83.33,ALUR_quotes_2025_03_21.parquet,True
ALUR,2025-05-14,44.92,ALUR_2025-05-14_44.92,ALUR_quotes_2025_05_14.parquet,True
ALVOW,2025-01-08,51.67,ALVOW_2025-01-08_51.67,ALVOW_quotes_2025_01_08.parquet,True
ALVOW,2025-03-11,44.54,ALVOW_2025-03-11_44.54,ALVOW_quotes_2025_03_11.parquet,True
ALVOW,2025-03-13,72.02,ALVOW_2025-03-13_72.02,ALVOW_quotes_2025_03_13.parquet,True
ALVOW,2025-03-21,48.72,ALVOW_2025-03-21_48.72,ALVOW_quotes_2025_03_21.parquet,True
ALVOW,2025-04-09,41.12,ALVOW_2025-04-09_41.12,ALVOW_quotes_2025_04_09.parquet,True
ALVOW,2025-05-08,33.33,ALVOW_2025-05-08_33.33,ALVOW_quotes_2025_05_08.parquet,True
ALVOW,2025-06-02,37.33,ALVOW_2025-06-02_37.33,ALVOW_quotes_2025_06_02.parquet,True
ALVOW,2025-07-24,48.92,ALVOW_2025-07-24_48.92,ALVOW_quotes_2025_07_24.parquet,True
ALVOW,2025-07-25,37.44,ALVOW_2025-07-25_37.44,ALVOW_quotes_2025_07_25.parquet,True
ALVOW,2025-08-12,35.34,ALVOW_2025-08-12_35.34,ALVOW_quotes_2025_08_12.parquet,True
ALVOW,2025-08-18,34.78,ALVOW_2025-08-18_34.78,ALVOW_quotes_2025_08_18.parquet,True
ALVOW,2025-09-23,40.42,ALVOW_2025-09-23_40.42,ALVOW_quotes_2025_09_23.parquet,True
ALVOW,2025-09-30,75.00,ALVOW_2025-09-30_75.00,ALVOW_quotes_2025_09_30.parquet,True
ALVOW,2025-10-22,42.01,ALVOW_2025-10-22_42.01,ALVOW_quotes_2025_10_22.parquet,True
ALVOW,2025-10-23,64.84,ALVOW_2025-10-23_64.84,ALVOW_quotes_2025_10_23.parquet,True
ALVOW,2025-10-30,62.91,ALVOW_2025-10-30_62.91,ALVOW_quotes_2025_10_30.parquet,True
ALXO,2025-03-06,44.23,ALXO_2025-03-06_44.23,ALXO_quotes_2025_03_06.parquet,True
ALXO,2025-08-18,61.42,ALXO_2025-08-18_61.42,ALXO_quotes_2025_08_18.parquet,True
ALZN,2025-03-17,32.52,ALZN_2025-03-17_32.52,ALZN_quotes_2025_03_17.parquet,True
ALZN,2025-05-29,147.59,ALZN_2025-05-29_147.59,ALZN_quotes_2025_05_29.parquet,True
AMBA,2025-08-29,32.30,AMBA_2025-08-29_32.30,AMBA_quotes_2025_08_29.parquet,True
AMBP,2025-04-24,30.80,AMBP_2025-04-24_30.80,AMBP_quotes_2025_04_24.parquet,True
AMBQ,2025-07-31,34.34,AMBQ_2025-07-31_34.34,AMBQ_quotes_2025_07_31.parquet,True
AMCX,2025-08-08,36.33,AMCX_2025-08-08_36.33,AMCX_quotes_2025_08_08.parquet,True
AMDG,2025-04-09,49.26,AMDG_2025-04-09_49.26,AMDG_quotes_2025_04_09.parquet,True
AMDG,2025-10-06,75.05,AMDG_2025-10-06_75.05,AMDG_quotes_2025_10_06.parquet,True
AMDL,2025-04-09,50.34,AMDL_2025-04-09_50.34,AMDL_quotes_2025_04_09.parquet,True
AMDL,2025-10-06,75.14,AMDL_2025-10-06_75.14,AMDL_quotes_2025_10_06.parquet,True
AMDU,2025-10-06,69.71,AMDU_2025-10-06_69.71,AMDU_quotes_2025_10_06.parquet,True
AMD,2025-10-06,37.67,AMD_2025-10-06_37.67,AMD_quotes_2025_10_06.parquet,True
AMIX,2025-06-27,94.40,AMIX_2025-06-27_94.40,AMIX_quotes_2025_06_27.parquet,True
AMIX,2025-07-21,67.08,AMIX_2025-07-21_67.08,AMIX_quotes_2025_07_21.parquet,True
AMLX,2025-06-24,33.47,AMLX_2025-06-24_33.47,AMLX_quotes_2025_06_24.parquet,True
AMOD,2025-01-17,41.24,AMOD_2025-01-17_41.24,AMOD_quotes_2025_01_17.parquet,True
AMOD,2025-01-30,259.73,AMOD_2025-01-30_259.73,AMOD_quotes_2025_01_30.parquet,True
AMOD,2025-02-13,227.17,AMOD_2025-02-13_227.17,AMOD_quotes_2025_02_13.parquet,True
AMOD,2025-03-12,32.59,AMOD_2025-03-12_32.59,AMOD_quotes_2025_03_12.parquet,True
AMOD,2025-07-23,124.14,AMOD_2025-07-23_124.14,AMOD_quotes_2025_07_23.parquet,True
AMPGW,2025-01-03,57.17,AMPGW_2025-01-03_57.17,AMPGW_quotes_2025_01_03.parquet,True
AMPGW,2025-01-06,79.27,AMPGW_2025-01-06_79.27,AMPGW_quotes_2025_01_06.parquet,True
AMPGW,2025-01-10,89.29,AMPGW_2025-01-10_89.29,AMPGW_quotes_2025_01_10.parquet,True
AMPGW,2025-01-14,36.49,AMPGW_2025-01-14_36.49,AMPGW_quotes_2025_01_14.parquet,True
AMPGW,2025-01-31,159.67,AMPGW_2025-01-31_159.67,AMPGW_quotes_2025_01_31.parquet,True
AMPGW,2025-02-04,55.56,AMPGW_2025-02-04_55.56,AMPGW_quotes_2025_02_04.parquet,True
AMPX,2025-01-10,36.63,AMPX_2025-01-10_36.63,AMPX_quotes_2025_01_10.parquet,True
AMPX,2025-03-21,34.63,AMPX_2025-03-21_34.63,AMPX_quotes_2025_03_21.parquet,True
AMRC,2025-05-06,34.09,AMRC_2025-05-06_34.09,AMRC_quotes_2025_05_06.parquet,True
AMRC,2025-08-05,50.12,AMRC_2025-08-05_50.12,AMRC_quotes_2025_08_05.parquet,True
AMRN,2025-06-24,36.35,AMRN_2025-06-24_36.35,AMRN_quotes_2025_06_24.parquet,True
AMSC,2025-02-06,38.87,AMSC_2025-02-06_38.87,AMSC_quotes_2025_02_06.parquet,True
AMSC,2025-07-31,31.67,AMSC_2025-07-31_31.67,AMSC_quotes_2025_07_31.parquet,True
AMST,2025-02-27,81.59,AMST_2025-02-27_81.59,AMST_quotes_2025_02_27.parquet,True
AMST,2025-05-16,81.70,AMST_2025-05-16_81.70,AMST_quotes_2025_05_16.parquet,True
AMST,2025-09-11,78.36,AMST_2025-09-11_78.36,AMST_quotes_2025_09_11.parquet,True
AMTD,2025-10-31,58.65,AMTD_2025-10-31_58.65,AMTD_quotes_2025_10_31.parquet,True
AMUU,2025-04-09,49.16,AMUU_2025-04-09_49.16,AMUU_quotes_2025_04_09.parquet,True
AMUU,2025-10-06,75.13,AMUU_2025-10-06_75.13,AMUU_quotes_2025_10_06.parquet,True
ANAB,2025-02-12,34.46,ANAB_2025-02-12_34.46,ANAB_quotes_2025_02_12.parquet,True
ANAB,2025-09-30,39.66,ANAB_2025-09-30_39.66,ANAB_quotes_2025_09_30.parquet,True
ANEB,2025-03-10,31.78,ANEB_2025-03-10_31.78,ANEB_quotes_2025_03_10.parquet,True
ANEB,2025-03-11,51.79,ANEB_2025-03-11_51.79,ANEB_quotes_2025_03_11.parquet,True
ANEB,2025-07-01,50.69,ANEB_2025-07-01_50.69,ANEB_quotes_2025_07_01.parquet,True
ANEB,2025-07-02,40.57,ANEB_2025-07-02_40.57,ANEB_quotes_2025_07_02.parquet,True
ANEB,2025-07-23,86.89,ANEB_2025-07-23_86.89,ANEB_quotes_2025_07_23.parquet,True
ANF,2025-05-28,36.09,ANF_2025-05-28_36.09,ANF_quotes_2025_05_28.parquet,True
ANGH,2025-07-14,35.14,ANGH_2025-07-14_35.14,ANGH_quotes_2025_07_14.parquet,True
ANGH,2025-07-28,56.49,ANGH_2025-07-28_56.49,ANGH_quotes_2025_07_28.parquet,True
ANGI,2025-05-07,38.56,ANGI_2025-05-07_38.56,ANGI_quotes_2025_05_07.parquet,True
ANGO,2025-01-08,39.67,ANGO_2025-01-08_39.67,ANGO_quotes_2025_01_08.parquet,True
ANGX,2025-09-12,38.31,ANGX_2025-09-12_38.31,ANGX_quotes_2025_09_12.parquet,True
ANGX,2025-09-15,42.53,ANGX_2025-09-15_42.53,ANGX_quotes_2025_09_15.parquet,True
ANGX,2025-09-29,44.70,ANGX_2025-09-29_44.70,ANGX_quotes_2025_09_29.parquet,True
ANGX,2025-10-01,40.45,ANGX_2025-10-01_40.45,ANGX_quotes_2025_10_01.parquet,True
ANNA,2025-01-10,50.29,ANNA_2025-01-10_50.29,ANNA_quotes_2025_01_10.parquet,True
ANNA,2025-03-20,39.14,ANNA_2025-03-20_39.14,ANNA_quotes_2025_03_20.parquet,True
ANNA,2025-04-16,38.72,ANNA_2025-04-16_38.72,ANNA_quotes_2025_04_16.parquet,True
ANNX,2025-03-17,35.00,ANNX_2025-03-17_35.00,ANNX_quotes_2025_03_17.parquet,True
ANPA,2025-07-09,321.31,ANPA_2025-07-09_321.31,ANPA_quotes_2025_07_09.parquet,True
ANPA,2025-07-15,135.53,ANPA_2025-07-15_135.53,ANPA_quotes_2025_07_15.parquet,True
ANPA,2025-07-17,35.32,ANPA_2025-07-17_35.32,ANPA_quotes_2025_07_17.parquet,True
ANPA,2025-07-18,57.03,ANPA_2025-07-18_57.03,ANPA_quotes_2025_07_18.parquet,True
ANPA,2025-07-21,40.59,ANPA_2025-07-21_40.59,ANPA_quotes_2025_07_21.parquet,True
ANPA,2025-07-23,80.68,ANPA_2025-07-23_80.68,ANPA_quotes_2025_07_23.parquet,True
ANPA,2025-07-24,34.94,ANPA_2025-07-24_34.94,ANPA_quotes_2025_07_24.parquet,True
ANPA,2025-07-29,49.05,ANPA_2025-07-29_49.05,ANPA_quotes_2025_07_29.parquet,True
ANRO,2025-10-03,91.84,ANRO_2025-10-03_91.84,ANRO_quotes_2025_10_03.parquet,True
ANRO,2025-10-20,100.49,ANRO_2025-10-20_100.49,ANRO_quotes_2025_10_20.parquet,True
ANVS,2025-04-21,40.02,ANVS_2025-04-21_40.02,ANVS_quotes_2025_04_21.parquet,True
ANVS,2025-06-04,33.33,ANVS_2025-06-04_33.33,ANVS_quotes_2025_06_04.parquet,True
APED,2025-04-09,44.20,APED_2025-04-09_44.20,APED_quotes_2025_04_09.parquet,True
APEI,2025-03-07,32.99,APEI_2025-03-07_32.99,APEI_quotes_2025_03_07.parquet,True
APLD,2025-06-02,54.32,APLD_2025-06-02_54.32,APLD_quotes_2025_06_02.parquet,True
APLD,2025-06-04,31.41,APLD_2025-06-04_31.41,APLD_quotes_2025_06_04.parquet,True
APLD,2025-07-31,40.18,APLD_2025-07-31_40.18,APLD_quotes_2025_07_31.parquet,True
APLD,2025-10-10,33.39,APLD_2025-10-10_33.39,APLD_quotes_2025_10_10.parquet,True
APLM,2025-03-20,41.21,APLM_2025-03-20_41.21,APLM_quotes_2025_03_20.parquet,True
APLM,2025-05-21,34.08,APLM_2025-05-21_34.08,APLM_quotes_2025_05_21.parquet,True
APLM,2025-07-21,31.72,APLM_2025-07-21_31.72,APLM_quotes_2025_07_21.parquet,True
APLM,2025-09-04,36.04,APLM_2025-09-04_36.04,APLM_quotes_2025_09_04.parquet,True
APLM,2025-09-15,45.68,APLM_2025-09-15_45.68,APLM_quotes_2025_09_15.parquet,True
APLM,2025-09-16,34.55,APLM_2025-09-16_34.55,APLM_quotes_2025_09_16.parquet,True
APLM,2025-09-17,72.25,APLM_2025-09-17_72.25,APLM_quotes_2025_09_17.parquet,True
APLM,2025-10-15,128.50,APLM_2025-10-15_128.50,APLM_quotes_2025_10_15.parquet,True
APLM,2025-10-16,78.97,APLM_2025-10-16_78.97,APLM_quotes_2025_10_16.parquet,True
APLM,2025-10-31,49.01,APLM_2025-10-31_49.01,APLM_quotes_2025_10_31.parquet,True
APLT,2025-09-26,135.63,APLT_2025-09-26_135.63,APLT_quotes_2025_09_26.parquet,True
APM,2025-02-10,47.54,APM_2025-02-10_47.54,APM_quotes_2025_02_10.parquet,True
APM,2025-04-15,64.42,APM_2025-04-15_64.42,APM_quotes_2025_04_15.parquet,True
APM,2025-06-04,30.43,APM_2025-06-04_30.43,APM_quotes_2025_06_04.parquet,True
APM,2025-07-16,355.76,APM_2025-07-16_355.76,APM_quotes_2025_07_16.parquet,True
APM,2025-08-21,251.97,APM_2025-08-21_251.97,APM_quotes_2025_08_21.parquet,True
APM,2025-09-30,31.31,APM_2025-09-30_31.31,APM_quotes_2025_09_30.parquet,True
APPS,2025-02-06,101.97,APPS_2025-02-06_101.97,APPS_quotes_2025_02_06.parquet,True
APPS,2025-04-09,33.13,APPS_2025-04-09_33.13,APPS_quotes_2025_04_09.parquet,True
APPS,2025-06-17,61.43,APPS_2025-06-17_61.43,APPS_quotes_2025_06_17.parquet,True
APPX,2025-05-08,34.95,APPX_2025-05-08_34.95,APPX_quotes_2025_05_08.parquet,True
APPX,2025-08-07,31.18,APPX_2025-08-07_31.18,APPX_quotes_2025_08_07.parquet,True
APP,2025-02-13,38.08,APP_2025-02-13_38.08,APP_quotes_2025_02_13.parquet,True
APRE,2025-01-03,40.06,APRE_2025-01-03_40.06,APRE_quotes_2025_01_03.parquet,True
APVO,2025-04-02,261.69,APVO_2025-04-02_261.69,APVO_quotes_2025_04_02.parquet,True
APVO,2025-04-03,91.30,APVO_2025-04-03_91.30,APVO_quotes_2025_04_03.parquet,True
APVO,2025-04-21,56.63,APVO_2025-04-21_56.63,APVO_quotes_2025_04_21.parquet,True
APVO,2025-05-21,131.27,APVO_2025-05-21_131.27,APVO_quotes_2025_05_21.parquet,True
APVO,2025-06-18,364.89,APVO_2025-06-18_364.89,APVO_quotes_2025_06_18.parquet,True
APVO,2025-09-16,88.19,APVO_2025-09-16_88.19,APVO_quotes_2025_09_16.parquet,True
APVO,2025-09-18,80.85,APVO_2025-09-18_80.85,APVO_quotes_2025_09_18.parquet,True
APVO,2025-10-07,40.43,APVO_2025-10-07_40.43,APVO_quotes_2025_10_07.parquet,True
APYX,2025-05-13,59.28,APYX_2025-05-13_59.28,APYX_quotes_2025_05_13.parquet,True
AQB,2025-03-26,89.15,AQB_2025-03-26_89.15,AQB_quotes_2025_03_26.parquet,True
AQB,2025-08-28,76.21,AQB_2025-08-28_76.21,AQB_quotes_2025_08_28.parquet,True
AQB,2025-09-18,39.47,AQB_2025-09-18_39.47,AQB_quotes_2025_09_18.parquet,True
AQMS,2025-06-10,44.94,AQMS_2025-06-10_44.94,AQMS_quotes_2025_06_10.parquet,True
AQMS,2025-07-09,112.50,AQMS_2025-07-09_112.50,AQMS_quotes_2025_07_09.parquet,True
AQMS,2025-09-24,49.14,AQMS_2025-09-24_49.14,AQMS_quotes_2025_09_24.parquet,True
AQMS,2025-09-26,71.34,AQMS_2025-09-26_71.34,AQMS_quotes_2025_09_26.parquet,True
AQMS,2025-10-13,133.57,AQMS_2025-10-13_133.57,AQMS_quotes_2025_10_13.parquet,True
AQMS,2025-10-14,297.58,AQMS_2025-10-14_297.58,AQMS_quotes_2025_10_14.parquet,True
AQMS,2025-10-16,39.74,AQMS_2025-10-16_39.74,AQMS_quotes_2025_10_16.parquet,True
AQMS,2025-10-30,65.42,AQMS_2025-10-30_65.42,AQMS_quotes_2025_10_30.parquet,True
ARAI,2025-05-28,56.40,ARAI_2025-05-28_56.40,ARAI_quotes_2025_05_28.parquet,True
ARAI,2025-06-10,149.88,ARAI_2025-06-10_149.88,ARAI_quotes_2025_06_10.parquet,True
ARAI,2025-10-06,33.85,ARAI_2025-10-06_33.85,ARAI_quotes_2025_10_06.parquet,True
ARAI,2025-10-14,34.42,ARAI_2025-10-14_34.42,ARAI_quotes_2025_10_14.parquet,True
ARBB,2025-01-06,38.76,ARBB_2025-01-06_38.76,ARBB_quotes_2025_01_06.parquet,True
ARBB,2025-02-28,70.85,ARBB_2025-02-28_70.85,ARBB_quotes_2025_02_28.parquet,True
ARBB,2025-03-05,87.02,ARBB_2025-03-05_87.02,ARBB_quotes_2025_03_05.parquet,True
ARBB,2025-03-07,61.25,ARBB_2025-03-07_61.25,ARBB_quotes_2025_03_07.parquet,True
ARBB,2025-04-14,42.95,ARBB_2025-04-14_42.95,ARBB_quotes_2025_04_14.parquet,True
ARBB,2025-04-15,67.69,ARBB_2025-04-15_67.69,ARBB_quotes_2025_04_15.parquet,True
ARBB,2025-09-19,31.79,ARBB_2025-09-19_31.79,ARBB_quotes_2025_09_19.parquet,True
ARBB,2025-09-22,122.24,ARBB_2025-09-22_122.24,ARBB_quotes_2025_09_22.parquet,True
ARBB,2025-10-30,35.00,ARBB_2025-10-30_35.00,ARBB_quotes_2025_10_30.parquet,True
ARBEW,2025-01-07,35.14,ARBEW_2025-01-07_35.14,ARBEW_quotes_2025_01_07.parquet,True
ARBE,2025-01-03,35.78,ARBE_2025-01-03_35.78,ARBE_quotes_2025_01_03.parquet,True
ARBE,2025-01-06,86.31,ARBE_2025-01-06_86.31,ARBE_quotes_2025_01_06.parquet,True
ARBE,2025-09-22,36.65,ARBE_2025-09-22_36.65,ARBE_quotes_2025_09_22.parquet,True
ARBKL,2025-07-01,39.85,ARBKL_2025-07-01_39.85,ARBKL_quotes_2025_07_01.parquet,True
ARBKL,2025-07-14,38.16,ARBKL_2025-07-14_38.16,ARBKL_quotes_2025_07_14.parquet,True
ARBKL,2025-08-15,39.16,ARBKL_2025-08-15_39.16,ARBKL_quotes_2025_08_15.parquet,True
ARCT,2025-08-12,36.08,ARCT_2025-08-12_36.08,ARCT_quotes_2025_08_12.parquet,True
ARCT,2025-08-13,31.43,ARCT_2025-08-13_31.43,ARCT_quotes_2025_08_13.parquet,True
ARDX,2025-10-31,34.33,ARDX_2025-10-31_34.33,ARDX_quotes_2025_10_31.parquet,True
AREB,2025-01-07,86.29,AREB_2025-01-07_86.29,AREB_quotes_2025_01_07.parquet,True
AREB,2025-03-12,60.91,AREB_2025-03-12_60.91,AREB_quotes_2025_03_12.parquet,True
AREB,2025-03-19,46.95,AREB_2025-03-19_46.95,AREB_quotes_2025_03_19.parquet,True
AREB,2025-03-26,45.00,AREB_2025-03-26_45.00,AREB_quotes_2025_03_26.parquet,True
AREB,2025-04-01,54.48,AREB_2025-04-01_54.48,AREB_quotes_2025_04_01.parquet,True
AREB,2025-04-02,495.07,AREB_2025-04-02_495.07,AREB_quotes_2025_04_02.parquet,True
AREB,2025-04-04,427.53,AREB_2025-04-04_427.53,AREB_quotes_2025_04_04.parquet,True
AREB,2025-04-10,122.22,AREB_2025-04-10_122.22,AREB_quotes_2025_04_10.parquet,True
AREB,2025-04-11,44.41,AREB_2025-04-11_44.41,AREB_quotes_2025_04_11.parquet,True
AREB,2025-04-14,52.17,AREB_2025-04-14_52.17,AREB_quotes_2025_04_14.parquet,True
AREB,2025-04-23,79.63,AREB_2025-04-23_79.63,AREB_quotes_2025_04_23.parquet,True
AREB,2025-04-24,56.03,AREB_2025-04-24_56.03,AREB_quotes_2025_04_24.parquet,True
AREB,2025-05-06,39.93,AREB_2025-05-06_39.93,AREB_quotes_2025_05_06.parquet,True
AREB,2025-09-23,68.26,AREB_2025-09-23_68.26,AREB_quotes_2025_09_23.parquet,True
AREB,2025-09-26,50.49,AREB_2025-09-26_50.49,AREB_quotes_2025_09_26.parquet,True
AREB,2025-10-08,91.59,AREB_2025-10-08_91.59,AREB_quotes_2025_10_08.parquet,True
AREB,2025-10-22,84.80,AREB_2025-10-22_84.80,AREB_quotes_2025_10_22.parquet,True
AREB,2025-10-23,75.81,AREB_2025-10-23_75.81,AREB_quotes_2025_10_23.parquet,True
AREC,2025-04-16,106.58,AREC_2025-04-16_106.58,AREC_quotes_2025_04_16.parquet,True
AREC,2025-04-17,51.35,AREC_2025-04-17_51.35,AREC_quotes_2025_04_17.parquet,True
AREC,2025-07-10,31.61,AREC_2025-07-10_31.61,AREC_quotes_2025_07_10.parquet,True
AREC,2025-10-14,42.77,AREC_2025-10-14_42.77,AREC_quotes_2025_10_14.parquet,True
ARHS,2025-08-07,31.51,ARHS_2025-08-07_31.51,ARHS_quotes_2025_08_07.parquet,True
ARMG,2025-01-22,35.83,ARMG_2025-01-22_35.83,ARMG_quotes_2025_01_22.parquet,True
ARMG,2025-04-09,51.01,ARMG_2025-04-09_51.01,ARMG_quotes_2025_04_09.parquet,True
ARQQW,2025-03-07,33.52,ARQQW_2025-03-07_33.52,ARQQW_quotes_2025_03_07.parquet,True
ARQQW,2025-03-14,30.43,ARQQW_2025-03-14_30.43,ARQQW_quotes_2025_03_14.parquet,True
ARQQW,2025-03-17,47.83,ARQQW_2025-03-17_47.83,ARQQW_quotes_2025_03_17.parquet,True
ARQQW,2025-03-31,50.86,ARQQW_2025-03-31_50.86,ARQQW_quotes_2025_03_31.parquet,True
ARQQW,2025-04-22,44.30,ARQQW_2025-04-22_44.30,ARQQW_quotes_2025_04_22.parquet,True
ARQQW,2025-09-19,125.68,ARQQW_2025-09-19_125.68,ARQQW_quotes_2025_09_19.parquet,True
ARQQW,2025-09-22,99.00,ARQQW_2025-09-22_99.00,ARQQW_quotes_2025_09_22.parquet,True
ARQQW,2025-09-24,41.38,ARQQW_2025-09-24_41.38,ARQQW_quotes_2025_09_24.parquet,True
ARQQW,2025-09-29,52.50,ARQQW_2025-09-29_52.50,ARQQW_quotes_2025_09_29.parquet,True
ARQQW,2025-10-02,30.27,ARQQW_2025-10-02_30.27,ARQQW_quotes_2025_10_02.parquet,True
ARQQW,2025-10-03,43.16,ARQQW_2025-10-03_43.16,ARQQW_quotes_2025_10_03.parquet,True
ARQQ,2025-01-15,40.78,ARQQ_2025-01-15_40.78,ARQQ_quotes_2025_01_15.parquet,True
ARQQ,2025-01-16,54.40,ARQQ_2025-01-16_54.40,ARQQ_quotes_2025_01_16.parquet,True
ARQQ,2025-03-17,59.27,ARQQ_2025-03-17_59.27,ARQQ_quotes_2025_03_17.parquet,True
ARQQ,2025-05-19,34.14,ARQQ_2025-05-19_34.14,ARQQ_quotes_2025_05_19.parquet,True
ARQQ,2025-05-27,31.02,ARQQ_2025-05-27_31.02,ARQQ_quotes_2025_05_27.parquet,True
ARQT,2025-10-28,31.11,ARQT_2025-10-28_31.11,ARQT_quotes_2025_10_28.parquet,True
ARTL,2025-04-14,70.34,ARTL_2025-04-14_70.34,ARTL_quotes_2025_04_14.parquet,True
ARTL,2025-06-30,276.73,ARTL_2025-06-30_276.73,ARTL_quotes_2025_06_30.parquet,True
ARTL,2025-07-02,39.14,ARTL_2025-07-02_39.14,ARTL_quotes_2025_07_02.parquet,True
ARTL,2025-07-07,134.03,ARTL_2025-07-07_134.03,ARTL_quotes_2025_07_07.parquet,True
ARTL,2025-07-08,32.68,ARTL_2025-07-08_32.68,ARTL_quotes_2025_07_08.parquet,True
ARTL,2025-07-09,40.88,ARTL_2025-07-09_40.88,ARTL_quotes_2025_07_09.parquet,True
ARTL,2025-07-10,32.41,ARTL_2025-07-10_32.41,ARTL_quotes_2025_07_10.parquet,True
ARTV,2025-04-07,102.87,ARTV_2025-04-07_102.87,ARTV_quotes_2025_04_07.parquet,True
ARTV,2025-10-17,165.70,ARTV_2025-10-17_165.70,ARTV_quotes_2025_10_17.parquet,True
ASMG,2025-04-09,31.38,ASMG_2025-04-09_31.38,ASMG_quotes_2025_04_09.parquet,True
ASNS,2025-03-18,58.38,ASNS_2025-03-18_58.38,ASNS_quotes_2025_03_18.parquet,True
ASNS,2025-09-02,73.45,ASNS_2025-09-02_73.45,ASNS_quotes_2025_09_02.parquet,True
ASNS,2025-10-03,110.81,ASNS_2025-10-03_110.81,ASNS_quotes_2025_10_03.parquet,True
ASNS,2025-10-07,31.42,ASNS_2025-10-07_31.42,ASNS_quotes_2025_10_07.parquet,True
ASPI,2025-10-13,33.17,ASPI_2025-10-13_33.17,ASPI_quotes_2025_10_13.parquet,True
ASPS,2025-01-08,35.69,ASPS_2025-01-08_35.69,ASPS_quotes_2025_01_08.parquet,True
ASPS,2025-04-03,152.79,ASPS_2025-04-03_152.79,ASPS_quotes_2025_04_03.parquet,True
ASST,2025-01-21,212.16,ASST_2025-01-21_212.16,ASST_quotes_2025_01_21.parquet,True
ASST,2025-01-22,88.89,ASST_2025-01-22_88.89,ASST_quotes_2025_01_22.parquet,True
ASST,2025-05-07,459.02,ASST_2025-05-07_459.02,ASST_quotes_2025_05_07.parquet,True
ASST,2025-05-08,159.59,ASST_2025-05-08_159.59,ASST_quotes_2025_05_08.parquet,True
ASST,2025-05-15,48.30,ASST_2025-05-15_48.30,ASST_quotes_2025_05_15.parquet,True
ASST,2025-05-21,40.83,ASST_2025-05-21_40.83,ASST_quotes_2025_05_21.parquet,True
ASST,2025-05-22,66.92,ASST_2025-05-22_66.92,ASST_quotes_2025_05_22.parquet,True
ASST,2025-07-07,144.73,ASST_2025-07-07_144.73,ASST_quotes_2025_07_07.parquet,True
ASST,2025-08-11,33.74,ASST_2025-08-11_33.74,ASST_quotes_2025_08_11.parquet,True
ASST,2025-09-10,100.64,ASST_2025-09-10_100.64,ASST_quotes_2025_09_10.parquet,True
ASST,2025-10-24,38.86,ASST_2025-10-24_38.86,ASST_quotes_2025_10_24.parquet,True
ASST,2025-10-27,64.55,ASST_2025-10-27_64.55,ASST_quotes_2025_10_27.parquet,True
ASTC,2025-10-03,66.53,ASTC_2025-10-03_66.53,ASTC_quotes_2025_10_03.parquet,True
ASTH,2025-08-08,38.68,ASTH_2025-08-08_38.68,ASTH_quotes_2025_08_08.parquet,True
ASTI,2025-06-26,218.45,ASTI_2025-06-26_218.45,ASTI_quotes_2025_06_26.parquet,True
ASTI,2025-06-27,35.92,ASTI_2025-06-27_35.92,ASTI_quotes_2025_06_27.parquet,True
ASTLW,2025-02-18,31.15,ASTLW_2025-02-18_31.15,ASTLW_quotes_2025_02_18.parquet,True
ATAI,2025-07-01,32.19,ATAI_2025-07-01_32.19,ATAI_quotes_2025_07_01.parquet,True
ATEC,2025-08-01,31.29,ATEC_2025-08-01_31.29,ATEC_quotes_2025_08_01.parquet,True
ATER,2025-02-04,31.93,ATER_2025-02-04_31.93,ATER_quotes_2025_02_04.parquet,True
ATER,2025-03-19,65.88,ATER_2025-03-19_65.88,ATER_quotes_2025_03_19.parquet,True
ATEX,2025-02-11,39.27,ATEX_2025-02-11_39.27,ATEX_quotes_2025_02_11.parquet,True
ATGL,2025-02-11,52.00,ATGL_2025-02-11_52.00,ATGL_quotes_2025_02_11.parquet,True
ATGL,2025-02-19,87.93,ATGL_2025-02-19_87.93,ATGL_quotes_2025_02_19.parquet,True
ATGL,2025-03-07,44.86,ATGL_2025-03-07_44.86,ATGL_quotes_2025_03_07.parquet,True
ATGL,2025-03-18,48.04,ATGL_2025-03-18_48.04,ATGL_quotes_2025_03_18.parquet,True
ATGL,2025-08-20,81.04,ATGL_2025-08-20_81.04,ATGL_quotes_2025_08_20.parquet,True
ATGL,2025-08-25,35.92,ATGL_2025-08-25_35.92,ATGL_quotes_2025_08_25.parquet,True
ATHE,2025-01-30,101.72,ATHE_2025-01-30_101.72,ATHE_quotes_2025_01_30.parquet,True
ATHE,2025-05-05,45.35,ATHE_2025-05-05_45.35,ATHE_quotes_2025_05_05.parquet,True
ATHE,2025-07-11,41.65,ATHE_2025-07-11_41.65,ATHE_quotes_2025_07_11.parquet,True
ATHR,2025-05-21,39.03,ATHR_2025-05-21_39.03,ATHR_quotes_2025_05_21.parquet,True
ATHR,2025-07-24,60.60,ATHR_2025-07-24_60.60,ATHR_quotes_2025_07_24.parquet,True
ATLN,2025-01-06,30.59,ATLN_2025-01-06_30.59,ATLN_quotes_2025_01_06.parquet,True
ATLN,2025-03-03,84.83,ATLN_2025-03-03_84.83,ATLN_quotes_2025_03_03.parquet,True
ATLN,2025-03-04,40.12,ATLN_2025-03-04_40.12,ATLN_quotes_2025_03_04.parquet,True
ATLN,2025-03-10,38.10,ATLN_2025-03-10_38.10,ATLN_quotes_2025_03_10.parquet,True
ATLN,2025-08-08,30.46,ATLN_2025-08-08_30.46,ATLN_quotes_2025_08_08.parquet,True
ATLN,2025-08-12,30.90,ATLN_2025-08-12_30.90,ATLN_quotes_2025_08_12.parquet,True
ATLN,2025-08-15,41.51,ATLN_2025-08-15_41.51,ATLN_quotes_2025_08_15.parquet,True
ATLX,2025-08-04,32.26,ATLX_2025-08-04_32.26,ATLX_quotes_2025_08_04.parquet,True
ATMVU,2025-09-18,33.87,ATMVU_2025-09-18_33.87,ATMVU_quotes_2025_09_18.parquet,True
ATMVU,2025-09-19,152.20,ATMVU_2025-09-19_152.20,ATMVU_quotes_2025_09_19.parquet,True
ATMV,2025-09-08,99.92,ATMV_2025-09-08_99.92,ATMV_quotes_2025_09_08.parquet,True
ATMV,2025-09-10,32.74,ATMV_2025-09-10_32.74,ATMV_quotes_2025_09_10.parquet,True
ATMV,2025-09-11,42.17,ATMV_2025-09-11_42.17,ATMV_quotes_2025_09_11.parquet,True
ATMV,2025-09-19,177.96,ATMV_2025-09-19_177.96,ATMV_quotes_2025_09_19.parquet,True
ATMV,2025-10-21,91.95,ATMV_2025-10-21_91.95,ATMV_quotes_2025_10_21.parquet,True
ATOM,2025-01-03,30.02,ATOM_2025-01-03_30.02,ATOM_quotes_2025_01_03.parquet,True
ATON,2025-09-08,37.13,ATON_2025-09-08_37.13,ATON_quotes_2025_09_08.parquet,True
ATON,2025-10-08,147.31,ATON_2025-10-08_147.31,ATON_quotes_2025_10_08.parquet,True
ATPC,2025-01-13,132.54,ATPC_2025-01-13_132.54,ATPC_quotes_2025_01_13.parquet,True
ATPC,2025-01-23,32.18,ATPC_2025-01-23_32.18,ATPC_quotes_2025_01_23.parquet,True
ATPC,2025-02-24,142.52,ATPC_2025-02-24_142.52,ATPC_quotes_2025_02_24.parquet,True
ATPC,2025-04-03,67.44,ATPC_2025-04-03_67.44,ATPC_quotes_2025_04_03.parquet,True
ATPC,2025-04-07,40.98,ATPC_2025-04-07_40.98,ATPC_quotes_2025_04_07.parquet,True
ATPC,2025-05-16,36.67,ATPC_2025-05-16_36.67,ATPC_quotes_2025_05_16.parquet,True
ATRA,2025-01-03,32.06,ATRA_2025-01-03_32.06,ATRA_quotes_2025_01_03.parquet,True
ATXG,2025-04-29,41.94,ATXG_2025-04-29_41.94,ATXG_quotes_2025_04_29.parquet,True
ATXG,2025-05-15,158.87,ATXG_2025-05-15_158.87,ATXG_quotes_2025_05_15.parquet,True
ATXG,2025-07-02,53.47,ATXG_2025-07-02_53.47,ATXG_quotes_2025_07_02.parquet,True
ATXG,2025-09-22,57.10,ATXG_2025-09-22_57.10,ATXG_quotes_2025_09_22.parquet,True
ATXS,2025-10-14,43.68,ATXS_2025-10-14_43.68,ATXS_quotes_2025_10_14.parquet,True
ATYR,2025-07-23,35.50,ATYR_2025-07-23_35.50,ATYR_quotes_2025_07_23.parquet,True
AUID,2025-03-20,35.96,AUID_2025-03-20_35.96,AUID_quotes_2025_03_20.parquet,True
AUID,2025-04-02,30.23,AUID_2025-04-02_30.23,AUID_quotes_2025_04_02.parquet,True
AUID,2025-09-26,30.01,AUID_2025-09-26_30.01,AUID_quotes_2025_09_26.parquet,True
AUROW,2025-01-07,145.95,AUROW_2025-01-07_145.95,AUROW_quotes_2025_01_07.parquet,True
AUROW,2025-02-13,106.09,AUROW_2025-02-13_106.09,AUROW_quotes_2025_02_13.parquet,True
AUROW,2025-03-03,30.92,AUROW_2025-03-03_30.92,AUROW_quotes_2025_03_03.parquet,True
AUROW,2025-05-02,35.71,AUROW_2025-05-02_35.71,AUROW_quotes_2025_05_02.parquet,True
AUR,2025-01-07,51.23,AUR_2025-01-07_51.23,AUR_quotes_2025_01_07.parquet,True
AUR,2025-02-13,47.13,AUR_2025-02-13_47.13,AUR_quotes_2025_02_13.parquet,True
AUUD,2025-02-19,94.21,AUUD_2025-02-19_94.21,AUUD_quotes_2025_02_19.parquet,True
AUUD,2025-04-04,39.65,AUUD_2025-04-04_39.65,AUUD_quotes_2025_04_04.parquet,True
AUUD,2025-04-08,31.78,AUUD_2025-04-08_31.78,AUUD_quotes_2025_04_08.parquet,True
AUUD,2025-04-21,54.52,AUUD_2025-04-21_54.52,AUUD_quotes_2025_04_21.parquet,True
AUUD,2025-06-27,61.64,AUUD_2025-06-27_61.64,AUUD_quotes_2025_06_27.parquet,True
AUUD,2025-08-05,32.21,AUUD_2025-08-05_32.21,AUUD_quotes_2025_08_05.parquet,True
AUUD,2025-08-11,42.64,AUUD_2025-08-11_42.64,AUUD_quotes_2025_08_11.parquet,True
AUUD,2025-08-20,41.10,AUUD_2025-08-20_41.10,AUUD_quotes_2025_08_20.parquet,True
AVAH,2025-03-13,43.05,AVAH_2025-03-13_43.05,AVAH_quotes_2025_03_13.parquet,True
AVAH,2025-08-07,59.38,AVAH_2025-08-07_59.38,AVAH_quotes_2025_08_07.parquet,True
AVGG,2025-09-05,32.02,AVGG_2025-09-05_32.02,AVGG_quotes_2025_09_05.parquet,True
AVGU,2025-09-05,33.39,AVGU_2025-09-05_33.39,AVGU_quotes_2025_09_05.parquet,True
AVGX,2025-04-09,39.49,AVGX_2025-04-09_39.49,AVGX_quotes_2025_04_09.parquet,True
AVGX,2025-09-05,32.86,AVGX_2025-09-05_32.86,AVGX_quotes_2025_09_05.parquet,True
AVL,2025-04-09,39.81,AVL_2025-04-09_39.81,AVL_quotes_2025_04_09.parquet,True
AVL,2025-09-05,32.82,AVL_2025-09-05_32.82,AVL_quotes_2025_09_05.parquet,True
AVNW,2025-02-05,30.56,AVNW_2025-02-05_30.56,AVNW_quotes_2025_02_05.parquet,True
AVR,2025-04-23,30.48,AVR_2025-04-23_30.48,AVR_quotes_2025_04_23.parquet,True
AVR,2025-05-27,34.34,AVR_2025-05-27_34.34,AVR_quotes_2025_05_27.parquet,True
AVTX,2025-02-24,33.06,AVTX_2025-02-24_33.06,AVTX_quotes_2025_02_24.parquet,True
AVTX,2025-09-29,30.28,AVTX_2025-09-29_30.28,AVTX_quotes_2025_09_29.parquet,True
AXTI,2025-06-12,36.36,AXTI_2025-06-12_36.36,AXTI_quotes_2025_06_12.parquet,True
AXTI,2025-10-31,34.43,AXTI_2025-10-31_34.43,AXTI_quotes_2025_10_31.parquet,True
AYTU,2025-05-15,100.00,AYTU_2025-05-15_100.00,AYTU_quotes_2025_05_15.parquet,True
AYTU,2025-06-06,52.30,AYTU_2025-06-06_52.30,AYTU_quotes_2025_06_06.parquet,True
AZI,2025-04-29,32.69,AZI_2025-04-29_32.69,AZI_quotes_2025_04_29.parquet,True
BACQR,2025-10-08,33.33,BACQR_2025-10-08_33.33,BACQR_quotes_2025_10_08.parquet,True
BACQR,2025-10-23,100.00,BACQR_2025-10-23_100.00,BACQR_quotes_2025_10_23.parquet,True
BAER,2025-01-08,37.20,BAER_2025-01-08_37.20,BAER_quotes_2025_01_08.parquet,True
BAER,2025-01-10,58.96,BAER_2025-01-10_58.96,BAER_quotes_2025_01_10.parquet,True
BAIG,2025-09-16,36.26,BAIG_2025-09-16_36.26,BAIG_quotes_2025_09_16.parquet,True
BAIG,2025-09-23,39.68,BAIG_2025-09-23_39.68,BAIG_quotes_2025_09_23.parquet,True
BAIG,2025-10-10,34.94,BAIG_2025-10-10_34.94,BAIG_quotes_2025_10_10.parquet,True
BAIG,2025-10-13,53.53,BAIG_2025-10-13_53.53,BAIG_quotes_2025_10_13.parquet,True
BALY,2025-03-10,43.89,BALY_2025-03-10_43.89,BALY_quotes_2025_03_10.parquet,True
BALY,2025-04-09,45.61,BALY_2025-04-09_45.61,BALY_quotes_2025_04_09.parquet,True
BALY,2025-07-01,56.58,BALY_2025-07-01_56.58,BALY_quotes_2025_07_01.parquet,True
BAOS,2025-01-06,44.62,BAOS_2025-01-06_44.62,BAOS_quotes_2025_01_06.parquet,True
BAOS,2025-01-31,91.94,BAOS_2025-01-31_91.94,BAOS_quotes_2025_01_31.parquet,True
BAOS,2025-03-17,55.70,BAOS_2025-03-17_55.70,BAOS_quotes_2025_03_17.parquet,True
BAOS,2025-03-18,40.81,BAOS_2025-03-18_40.81,BAOS_quotes_2025_03_18.parquet,True
BAOS,2025-04-21,62.35,BAOS_2025-04-21_62.35,BAOS_quotes_2025_04_21.parquet,True
BAOS,2025-05-12,310.89,BAOS_2025-05-12_310.89,BAOS_quotes_2025_05_12.parquet,True
BAOS,2025-06-04,85.23,BAOS_2025-06-04_85.23,BAOS_quotes_2025_06_04.parquet,True
BAOS,2025-09-03,89.47,BAOS_2025-09-03_89.47,BAOS_quotes_2025_09_03.parquet,True
BAOS,2025-10-09,57.70,BAOS_2025-10-09_57.70,BAOS_quotes_2025_10_09.parquet,True
BBAI,2025-02-05,53.54,BBAI_2025-02-05_53.54,BBAI_quotes_2025_02_05.parquet,True
BBAI,2025-02-07,37.44,BBAI_2025-02-07_37.44,BBAI_quotes_2025_02_07.parquet,True
BBAR,2025-10-27,48.17,BBAR_2025-10-27_48.17,BBAR_quotes_2025_10_27.parquet,True
BBBY,2025-10-02,30.81,BBBY_2025-10-02_30.81,BBBY_quotes_2025_10_02.parquet,True
BBLGW,2025-02-05,37.24,BBLGW_2025-02-05_37.24,BBLGW_quotes_2025_02_05.parquet,True
BBLG,2025-05-20,48.13,BBLG_2025-05-20_48.13,BBLG_quotes_2025_05_20.parquet,True
BBLG,2025-06-27,48.80,BBLG_2025-06-27_48.80,BBLG_quotes_2025_06_27.parquet,True
BBLG,2025-09-04,99.51,BBLG_2025-09-04_99.51,BBLG_quotes_2025_09_04.parquet,True
BCAX,2025-09-29,30.66,BCAX_2025-09-29_30.66,BCAX_quotes_2025_09_29.parquet,True
BCDA,2025-03-03,32.84,BCDA_2025-03-03_32.84,BCDA_quotes_2025_03_03.parquet,True
BCDA,2025-04-29,32.23,BCDA_2025-04-29_32.23,BCDA_quotes_2025_04_29.parquet,True
BCG,2025-02-27,212.67,BCG_2025-02-27_212.67,BCG_quotes_2025_02_27.parquet,True
BCTX,2025-02-03,56.77,BCTX_2025-02-03_56.77,BCTX_quotes_2025_02_03.parquet,True
BCTX,2025-04-22,30.31,BCTX_2025-04-22_30.31,BCTX_quotes_2025_04_22.parquet,True
BCTX,2025-04-24,80.85,BCTX_2025-04-24_80.85,BCTX_quotes_2025_04_24.parquet,True
BDMD,2025-01-03,59.18,BDMD_2025-01-03_59.18,BDMD_quotes_2025_01_03.parquet,True
BDMD,2025-01-06,32.28,BDMD_2025-01-06_32.28,BDMD_quotes_2025_01_06.parquet,True
BDMD,2025-01-13,41.11,BDMD_2025-01-13_41.11,BDMD_quotes_2025_01_13.parquet,True
BDMD,2025-01-17,118.82,BDMD_2025-01-17_118.82,BDMD_quotes_2025_01_17.parquet,True
BDMD,2025-01-23,40.31,BDMD_2025-01-23_40.31,BDMD_quotes_2025_01_23.parquet,True
BDMD,2025-03-11,43.63,BDMD_2025-03-11_43.63,BDMD_quotes_2025_03_11.parquet,True
BDMD,2025-03-12,35.28,BDMD_2025-03-12_35.28,BDMD_quotes_2025_03_12.parquet,True
BDMD,2025-06-13,50.35,BDMD_2025-06-13_50.35,BDMD_quotes_2025_06_13.parquet,True
BDMD,2025-08-14,36.86,BDMD_2025-08-14_36.86,BDMD_quotes_2025_08_14.parquet,True
BDRX,2025-02-10,126.04,BDRX_2025-02-10_126.04,BDRX_quotes_2025_02_10.parquet,True
BDRX,2025-03-10,45.57,BDRX_2025-03-10_45.57,BDRX_quotes_2025_03_10.parquet,True
BDRX,2025-03-19,31.51,BDRX_2025-03-19_31.51,BDRX_quotes_2025_03_19.parquet,True
BDRX,2025-04-02,40.00,BDRX_2025-04-02_40.00,BDRX_quotes_2025_04_02.parquet,True
BDRX,2025-05-22,48.46,BDRX_2025-05-22_48.46,BDRX_quotes_2025_05_22.parquet,True
BDRX,2025-06-18,62.00,BDRX_2025-06-18_62.00,BDRX_quotes_2025_06_18.parquet,True
BDRX,2025-07-14,52.17,BDRX_2025-07-14_52.17,BDRX_quotes_2025_07_14.parquet,True
BDRX,2025-10-09,54.09,BDRX_2025-10-09_54.09,BDRX_quotes_2025_10_09.parquet,True
BDSX,2025-03-05,32.86,BDSX_2025-03-05_32.86,BDSX_quotes_2025_03_05.parquet,True
BDSX,2025-05-16,59.00,BDSX_2025-05-16_59.00,BDSX_quotes_2025_05_16.parquet,True
BDSX,2025-05-21,90.07,BDSX_2025-05-21_90.07,BDSX_quotes_2025_05_21.parquet,True
BDTX,2025-01-13,38.34,BDTX_2025-01-13_38.34,BDTX_quotes_2025_01_13.parquet,True
BDTX,2025-03-19,65.48,BDTX_2025-03-19_65.48,BDTX_quotes_2025_03_19.parquet,True
BEAT,2025-08-12,39.05,BEAT_2025-08-12_39.05,BEAT_quotes_2025_08_12.parquet,True
BEEM,2025-07-17,39.99,BEEM_2025-07-17_39.99,BEEM_quotes_2025_07_17.parquet,True
BEEM,2025-07-21,32.81,BEEM_2025-07-21_32.81,BEEM_quotes_2025_07_21.parquet,True
BEEP,2025-02-25,31.72,BEEP_2025-02-25_31.72,BEEP_quotes_2025_02_25.parquet,True
BENF,2025-09-30,195.16,BENF_2025-09-30_195.16,BENF_quotes_2025_09_30.parquet,True
BENF,2025-10-02,41.55,BENF_2025-10-02_41.55,BENF_quotes_2025_10_02.parquet,True
BENF,2025-10-22,220.33,BENF_2025-10-22_220.33,BENF_quotes_2025_10_22.parquet,True
BETRW,2025-09-22,633.33,BETRW_2025-09-22_633.33,BETRW_quotes_2025_09_22.parquet,True
BETR,2025-09-22,175.92,BETR_2025-09-22_175.92,BETR_quotes_2025_09_22.parquet,True
BETR,2025-09-23,50.06,BETR_2025-09-23_50.06,BETR_quotes_2025_09_23.parquet,True
BETR,2025-10-20,33.32,BETR_2025-10-20_33.32,BETR_quotes_2025_10_20.parquet,True
BETR,2025-10-23,32.63,BETR_2025-10-23_32.63,BETR_quotes_2025_10_23.parquet,True
BE,2025-10-13,32.62,BE_2025-10-13_32.62,BE_quotes_2025_10_13.parquet,True
BFLY,2025-10-31,35.78,BFLY_2025-10-31_35.78,BFLY_quotes_2025_10_31.parquet,True
BFRGW,2025-02-10,84.59,BFRGW_2025-02-10_84.59,BFRGW_quotes_2025_02_10.parquet,True
BFRGW,2025-02-13,35.87,BFRGW_2025-02-13_35.87,BFRGW_quotes_2025_02_13.parquet,True
BFRGW,2025-02-25,51.52,BFRGW_2025-02-25_51.52,BFRGW_quotes_2025_02_25.parquet,True
BFRG,2025-02-10,52.08,BFRG_2025-02-10_52.08,BFRG_quotes_2025_02_10.parquet,True
BFRG,2025-04-11,56.02,BFRG_2025-04-11_56.02,BFRG_quotes_2025_04_11.parquet,True
BFRG,2025-10-08,36.91,BFRG_2025-10-08_36.91,BFRG_quotes_2025_10_08.parquet,True
BFRI,2025-01-08,68.47,BFRI_2025-01-08_68.47,BFRI_quotes_2025_01_08.parquet,True
BGLC,2025-01-03,31.58,BGLC_2025-01-03_31.58,BGLC_quotes_2025_01_03.parquet,True
BGLC,2025-01-14,37.91,BGLC_2025-01-14_37.91,BGLC_quotes_2025_01_14.parquet,True
BGLC,2025-04-07,48.76,BGLC_2025-04-07_48.76,BGLC_quotes_2025_04_07.parquet,True
BGLC,2025-04-11,54.37,BGLC_2025-04-11_54.37,BGLC_quotes_2025_04_11.parquet,True
BGLC,2025-05-30,30.63,BGLC_2025-05-30_30.63,BGLC_quotes_2025_05_30.parquet,True
BGLC,2025-07-01,408.14,BGLC_2025-07-01_408.14,BGLC_quotes_2025_07_01.parquet,True
BGLC,2025-07-17,65.88,BGLC_2025-07-17_65.88,BGLC_quotes_2025_07_17.parquet,True
BGLC,2025-07-30,101.35,BGLC_2025-07-30_101.35,BGLC_quotes_2025_07_30.parquet,True
BGLC,2025-09-12,31.38,BGLC_2025-09-12_31.38,BGLC_quotes_2025_09_12.parquet,True
BGL,2025-06-27,471.81,BGL_2025-06-27_471.81,BGL_quotes_2025_06_27.parquet,True
BGL,2025-07-01,81.03,BGL_2025-07-01_81.03,BGL_quotes_2025_07_01.parquet,True
BGL,2025-07-02,131.41,BGL_2025-07-02_131.41,BGL_quotes_2025_07_02.parquet,True
BGL,2025-07-14,57.77,BGL_2025-07-14_57.77,BGL_quotes_2025_07_14.parquet,True
BGL,2025-07-22,35.12,BGL_2025-07-22_35.12,BGL_quotes_2025_07_22.parquet,True
BGL,2025-08-08,34.47,BGL_2025-08-08_34.47,BGL_quotes_2025_08_08.parquet,True
BGL,2025-09-17,42.14,BGL_2025-09-17_42.14,BGL_quotes_2025_09_17.parquet,True
BGMSP,2025-09-22,31.78,BGMSP_2025-09-22_31.78,BGMSP_quotes_2025_09_22.parquet,True
BGMSP,2025-10-20,118.75,BGMSP_2025-10-20_118.75,BGMSP_quotes_2025_10_20.parquet,True
BGM,2025-09-23,32.03,BGM_2025-09-23_32.03,BGM_quotes_2025_09_23.parquet,True
BGSF,2025-03-19,47.89,BGSF_2025-03-19_47.89,BGSF_quotes_2025_03_19.parquet,True
BGSF,2025-06-17,49.75,BGSF_2025-06-17_49.75,BGSF_quotes_2025_06_17.parquet,True
BHAT,2025-01-07,50.84,BHAT_2025-01-07_50.84,BHAT_quotes_2025_01_07.parquet,True
BHAT,2025-02-03,66.20,BHAT_2025-02-03_66.20,BHAT_quotes_2025_02_03.parquet,True
BHAT,2025-02-05,31.28,BHAT_2025-02-05_31.28,BHAT_quotes_2025_02_05.parquet,True
BHAT,2025-02-07,49.57,BHAT_2025-02-07_49.57,BHAT_quotes_2025_02_07.parquet,True
BHAT,2025-02-10,52.78,BHAT_2025-02-10_52.78,BHAT_quotes_2025_02_10.parquet,True
BHAT,2025-02-11,104.35,BHAT_2025-02-11_104.35,BHAT_quotes_2025_02_11.parquet,True
BHAT,2025-02-19,55.96,BHAT_2025-02-19_55.96,BHAT_quotes_2025_02_19.parquet,True
BHAT,2025-03-11,79.10,BHAT_2025-03-11_79.10,BHAT_quotes_2025_03_11.parquet,True
BHAT,2025-03-18,55.73,BHAT_2025-03-18_55.73,BHAT_quotes_2025_03_18.parquet,True
BHAT,2025-03-28,67.91,BHAT_2025-03-28_67.91,BHAT_quotes_2025_03_28.parquet,True
BHF,2025-09-19,34.20,BHF_2025-09-19_34.20,BHF_quotes_2025_09_19.parquet,True
BHR,2025-08-27,37.78,BHR_2025-08-27_37.78,BHR_quotes_2025_08_27.parquet,True
BHST,2025-09-12,30.95,BHST_2025-09-12_30.95,BHST_quotes_2025_09_12.parquet,True
BIAF,2025-04-01,496.54,BIAF_2025-04-01_496.54,BIAF_quotes_2025_04_01.parquet,True
BIAF,2025-05-16,43.39,BIAF_2025-05-16_43.39,BIAF_quotes_2025_05_16.parquet,True
BIAF,2025-05-20,42.19,BIAF_2025-05-20_42.19,BIAF_quotes_2025_05_20.parquet,True
BIAF,2025-05-28,83.52,BIAF_2025-05-28_83.52,BIAF_quotes_2025_05_28.parquet,True
BIAF,2025-06-26,87.76,BIAF_2025-06-26_87.76,BIAF_quotes_2025_06_26.parquet,True
BIAF,2025-07-02,34.61,BIAF_2025-07-02_34.61,BIAF_quotes_2025_07_02.parquet,True
BIAF,2025-09-15,66.67,BIAF_2025-09-15_66.67,BIAF_quotes_2025_09_15.parquet,True
BIAF,2025-09-26,113.78,BIAF_2025-09-26_113.78,BIAF_quotes_2025_09_26.parquet,True
BIAF,2025-10-08,48.98,BIAF_2025-10-08_48.98,BIAF_quotes_2025_10_08.parquet,True
BIOA,2025-10-23,42.15,BIOA_2025-10-23_42.15,BIOA_quotes_2025_10_23.parquet,True
BIOX,2025-10-15,31.17,BIOX_2025-10-15_31.17,BIOX_quotes_2025_10_15.parquet,True
BIVI,2025-05-02,51.97,BIVI_2025-05-02_51.97,BIVI_quotes_2025_05_02.parquet,True
BIYA,2025-03-27,42.13,BIYA_2025-03-27_42.13,BIYA_quotes_2025_03_27.parquet,True
BIYA,2025-04-14,52.73,BIYA_2025-04-14_52.73,BIYA_quotes_2025_04_14.parquet,True
BIYA,2025-04-17,35.02,BIYA_2025-04-17_35.02,BIYA_quotes_2025_04_17.parquet,True
BIYA,2025-04-21,39.81,BIYA_2025-04-21_39.81,BIYA_quotes_2025_04_21.parquet,True
BIYA,2025-05-07,34.82,BIYA_2025-05-07_34.82,BIYA_quotes_2025_05_07.parquet,True
BIYA,2025-06-20,35.02,BIYA_2025-06-20_35.02,BIYA_quotes_2025_06_20.parquet,True
BJDX,2025-01-24,35.00,BJDX_2025-01-24_35.00,BJDX_quotes_2025_01_24.parquet,True
BJDX,2025-02-25,34.05,BJDX_2025-02-25_34.05,BJDX_quotes_2025_02_25.parquet,True
BJDX,2025-04-04,38.46,BJDX_2025-04-04_38.46,BJDX_quotes_2025_04_04.parquet,True
BJDX,2025-04-07,188.95,BJDX_2025-04-07_188.95,BJDX_quotes_2025_04_07.parquet,True
BJDX,2025-04-10,45.16,BJDX_2025-04-10_45.16,BJDX_quotes_2025_04_10.parquet,True
BJDX,2025-06-06,61.18,BJDX_2025-06-06_61.18,BJDX_quotes_2025_06_06.parquet,True
BJDX,2025-08-11,77.14,BJDX_2025-08-11_77.14,BJDX_quotes_2025_08_11.parquet,True
BJDX,2025-10-07,73.55,BJDX_2025-10-07_73.55,BJDX_quotes_2025_10_07.parquet,True
BJDX,2025-10-09,122.99,BJDX_2025-10-09_122.99,BJDX_quotes_2025_10_09.parquet,True
BJDX,2025-10-14,32.60,BJDX_2025-10-14_32.60,BJDX_quotes_2025_10_14.parquet,True
BKHAR,2025-01-21,33.33,BKHAR_2025-01-21_33.33,BKHAR_quotes_2025_01_21.parquet,True
BKHAR,2025-01-30,38.61,BKHAR_2025-01-30_38.61,BKHAR_quotes_2025_01_30.parquet,True
BKHAR,2025-02-03,68.71,BKHAR_2025-02-03_68.71,BKHAR_quotes_2025_02_03.parquet,True
BKHAR,2025-03-13,34.97,BKHAR_2025-03-13_34.97,BKHAR_quotes_2025_03_13.parquet,True
BKHAR,2025-06-23,68.33,BKHAR_2025-06-23_68.33,BKHAR_quotes_2025_06_23.parquet,True
BKKT,2025-03-05,30.33,BKKT_2025-03-05_30.33,BKKT_quotes_2025_03_05.parquet,True
BKKT,2025-03-20,41.78,BKKT_2025-03-20_41.78,BKKT_quotes_2025_03_20.parquet,True
BKKT,2025-04-09,30.05,BKKT_2025-04-09_30.05,BKKT_quotes_2025_04_09.parquet,True
BKKT,2025-05-13,54.75,BKKT_2025-05-13_54.75,BKKT_quotes_2025_05_13.parquet,True
BKKT,2025-07-02,35.61,BKKT_2025-07-02_35.61,BKKT_quotes_2025_07_02.parquet,True
BKKT,2025-09-22,52.11,BKKT_2025-09-22_52.11,BKKT_quotes_2025_09_22.parquet,True
BKKT,2025-09-29,48.86,BKKT_2025-09-29_48.86,BKKT_quotes_2025_09_29.parquet,True
BKKT,2025-09-30,32.88,BKKT_2025-09-30_32.88,BKKT_quotes_2025_09_30.parquet,True
BKKT,2025-10-02,45.80,BKKT_2025-10-02_45.80,BKKT_quotes_2025_10_02.parquet,True
BKSY,2025-01-28,32.14,BKSY_2025-01-28_32.14,BKSY_quotes_2025_01_28.parquet,True
BKSY,2025-05-08,34.32,BKSY_2025-05-08_34.32,BKSY_quotes_2025_05_08.parquet,True
BKYI,2025-01-03,36.69,BKYI_2025-01-03_36.69,BKYI_quotes_2025_01_03.parquet,True
BKYI,2025-01-10,34.72,BKYI_2025-01-10_34.72,BKYI_quotes_2025_01_10.parquet,True
BKYI,2025-01-15,168.61,BKYI_2025-01-15_168.61,BKYI_quotes_2025_01_15.parquet,True
BKYI,2025-10-27,155.81,BKYI_2025-10-27_155.81,BKYI_quotes_2025_10_27.parquet,True
BLBX,2025-01-22,255.02,BLBX_2025-01-22_255.02,BLBX_quotes_2025_01_22.parquet,True
BLBX,2025-01-28,51.04,BLBX_2025-01-28_51.04,BLBX_quotes_2025_01_28.parquet,True
BLBX,2025-10-08,30.23,BLBX_2025-10-08_30.23,BLBX_quotes_2025_10_08.parquet,True
BLBX,2025-10-13,71.17,BLBX_2025-10-13_71.17,BLBX_quotes_2025_10_13.parquet,True
BLBX,2025-10-14,39.49,BLBX_2025-10-14_39.49,BLBX_quotes_2025_10_14.parquet,True
BLIN,2025-01-06,53.63,BLIN_2025-01-06_53.63,BLIN_quotes_2025_01_06.parquet,True
BLIN,2025-04-02,34.16,BLIN_2025-04-02_34.16,BLIN_quotes_2025_04_02.parquet,True
BLIV,2025-04-09,106.45,BLIV_2025-04-09_106.45,BLIV_quotes_2025_04_09.parquet,True
BLIV,2025-04-23,30.26,BLIV_2025-04-23_30.26,BLIV_quotes_2025_04_23.parquet,True
BLIV,2025-07-30,38.61,BLIV_2025-07-30_38.61,BLIV_quotes_2025_07_30.parquet,True
BLMZ,2025-03-20,30.63,BLMZ_2025-03-20_30.63,BLMZ_quotes_2025_03_20.parquet,True
BLMZ,2025-05-01,50.20,BLMZ_2025-05-01_50.20,BLMZ_quotes_2025_05_01.parquet,True
BLMZ,2025-05-06,113.90,BLMZ_2025-05-06_113.90,BLMZ_quotes_2025_05_06.parquet,True
BLMZ,2025-05-15,31.31,BLMZ_2025-05-15_31.31,BLMZ_quotes_2025_05_15.parquet,True
BLMZ,2025-05-20,283.10,BLMZ_2025-05-20_283.10,BLMZ_quotes_2025_05_20.parquet,True
BLMZ,2025-05-23,93.43,BLMZ_2025-05-23_93.43,BLMZ_quotes_2025_05_23.parquet,True
BLMZ,2025-07-15,99.93,BLMZ_2025-07-15_99.93,BLMZ_quotes_2025_07_15.parquet,True
BLMZ,2025-07-22,64.26,BLMZ_2025-07-22_64.26,BLMZ_quotes_2025_07_22.parquet,True
BLMZ,2025-09-19,37.72,BLMZ_2025-09-19_37.72,BLMZ_quotes_2025_09_19.parquet,True
BLMZ,2025-10-08,48.11,BLMZ_2025-10-08_48.11,BLMZ_quotes_2025_10_08.parquet,True
BLMZ,2025-10-28,37.66,BLMZ_2025-10-28_37.66,BLMZ_quotes_2025_10_28.parquet,True
BLNE,2025-03-25,30.47,BLNE_2025-03-25_30.47,BLNE_quotes_2025_03_25.parquet,True
BLNE,2025-03-26,67.55,BLNE_2025-03-26_67.55,BLNE_quotes_2025_03_26.parquet,True
BLNE,2025-06-18,59.21,BLNE_2025-06-18_59.21,BLNE_quotes_2025_06_18.parquet,True
BLNE,2025-06-20,33.64,BLNE_2025-06-20_33.64,BLNE_quotes_2025_06_20.parquet,True
BLNE,2025-06-24,46.36,BLNE_2025-06-24_46.36,BLNE_quotes_2025_06_24.parquet,True
BLNE,2025-07-22,65.66,BLNE_2025-07-22_65.66,BLNE_quotes_2025_07_22.parquet,True
BLNE,2025-08-27,41.78,BLNE_2025-08-27_41.78,BLNE_quotes_2025_08_27.parquet,True
BLNE,2025-09-15,41.20,BLNE_2025-09-15_41.20,BLNE_quotes_2025_09_15.parquet,True
BLRX,2025-05-30,104.96,BLRX_2025-05-30_104.96,BLRX_quotes_2025_05_30.parquet,True
BMA,2025-10-27,46.97,BMA_2025-10-27_46.97,BMA_quotes_2025_10_27.parquet,True
BMEA,2025-06-03,73.55,BMEA_2025-06-03_73.55,BMEA_quotes_2025_06_03.parquet,True
BMEA,2025-10-06,39.07,BMEA_2025-10-06_39.07,BMEA_quotes_2025_10_06.parquet,True
BMGL,2025-05-14,44.44,BMGL_2025-05-14_44.44,BMGL_quotes_2025_05_14.parquet,True
BMGL,2025-05-15,91.58,BMGL_2025-05-15_91.58,BMGL_quotes_2025_05_15.parquet,True
BMGL,2025-05-16,37.64,BMGL_2025-05-16_37.64,BMGL_quotes_2025_05_16.parquet,True
BMGL,2025-05-30,590.38,BMGL_2025-05-30_590.38,BMGL_quotes_2025_05_30.parquet,True
BMGL,2025-06-02,54.61,BMGL_2025-06-02_54.61,BMGL_quotes_2025_06_02.parquet,True
BMGL,2025-06-03,35.20,BMGL_2025-06-03_35.20,BMGL_quotes_2025_06_03.parquet,True
BMGL,2025-07-07,32.56,BMGL_2025-07-07_32.56,BMGL_quotes_2025_07_07.parquet,True
BMGL,2025-07-09,104.95,BMGL_2025-07-09_104.95,BMGL_quotes_2025_07_09.parquet,True
BMGL,2025-07-14,102.22,BMGL_2025-07-14_102.22,BMGL_quotes_2025_07_14.parquet,True
BMRA,2025-01-16,262.86,BMRA_2025-01-16_262.86,BMRA_quotes_2025_01_16.parquet,True
BMRA,2025-02-10,49.45,BMRA_2025-02-10_49.45,BMRA_quotes_2025_02_10.parquet,True
BMRA,2025-02-18,32.53,BMRA_2025-02-18_32.53,BMRA_quotes_2025_02_18.parquet,True
BMRA,2025-08-14,51.82,BMRA_2025-08-14_51.82,BMRA_quotes_2025_08_14.parquet,True
BNAI,2025-02-10,156.07,BNAI_2025-02-10_156.07,BNAI_quotes_2025_02_10.parquet,True
BNBX,2025-10-22,80.41,BNBX_2025-10-22_80.41,BNBX_quotes_2025_10_22.parquet,True
BNC,2025-08-11,63.74,BNC_2025-08-11_63.74,BNC_quotes_2025_08_11.parquet,True
BNC,2025-08-13,34.18,BNC_2025-08-13_34.18,BNC_quotes_2025_08_13.parquet,True
BNGO,2025-01-03,48.84,BNGO_2025-01-03_48.84,BNGO_quotes_2025_01_03.parquet,True
BNGO,2025-04-10,49.35,BNGO_2025-04-10_49.35,BNGO_quotes_2025_04_10.parquet,True
BNGO,2025-05-15,32.35,BNGO_2025-05-15_32.35,BNGO_quotes_2025_05_15.parquet,True
BNRG,2025-01-10,33.04,BNRG_2025-01-10_33.04,BNRG_quotes_2025_01_10.parquet,True
BNRG,2025-01-21,37.78,BNRG_2025-01-21_37.78,BNRG_quotes_2025_01_21.parquet,True
BNRG,2025-02-18,34.43,BNRG_2025-02-18_34.43,BNRG_quotes_2025_02_18.parquet,True
BNRG,2025-05-23,35.45,BNRG_2025-05-23_35.45,BNRG_quotes_2025_05_23.parquet,True
BNRG,2025-05-29,31.91,BNRG_2025-05-29_31.91,BNRG_quotes_2025_05_29.parquet,True
BNR,2025-06-12,39.20,BNR_2025-06-12_39.20,BNR_quotes_2025_06_12.parquet,True
BNR,2025-07-23,62.70,BNR_2025-07-23_62.70,BNR_quotes_2025_07_23.parquet,True
BNR,2025-08-18,43.58,BNR_2025-08-18_43.58,BNR_quotes_2025_08_18.parquet,True
BNZI,2025-01-29,63.20,BNZI_2025-01-29_63.20,BNZI_quotes_2025_01_29.parquet,True
BNZI,2025-01-30,39.90,BNZI_2025-01-30_39.90,BNZI_quotes_2025_01_30.parquet,True
BNZI,2025-03-14,33.26,BNZI_2025-03-14_33.26,BNZI_quotes_2025_03_14.parquet,True
BNZI,2025-03-18,37.61,BNZI_2025-03-18_37.61,BNZI_quotes_2025_03_18.parquet,True
BNZI,2025-03-26,46.60,BNZI_2025-03-26_46.60,BNZI_quotes_2025_03_26.parquet,True
BNZI,2025-06-16,78.69,BNZI_2025-06-16_78.69,BNZI_quotes_2025_06_16.parquet,True
BNZI,2025-08-08,39.87,BNZI_2025-08-08_39.87,BNZI_quotes_2025_08_08.parquet,True
BODI,2025-01-16,31.58,BODI_2025-01-16_31.58,BODI_quotes_2025_01_16.parquet,True
BODI,2025-06-10,50.14,BODI_2025-06-10_50.14,BODI_quotes_2025_06_10.parquet,True
BODI,2025-08-06,50.52,BODI_2025-08-06_50.52,BODI_quotes_2025_08_06.parquet,True
BOF,2025-10-21,44.15,BOF_2025-10-21_44.15,BOF_quotes_2025_10_21.parquet,True
BOLT,2025-05-21,40.25,BOLT_2025-05-21_40.25,BOLT_quotes_2025_05_21.parquet,True
BON,2025-02-28,73.68,BON_2025-02-28_73.68,BON_quotes_2025_02_28.parquet,True
BON,2025-03-12,55.27,BON_2025-03-12_55.27,BON_quotes_2025_03_12.parquet,True
BON,2025-03-13,84.19,BON_2025-03-13_84.19,BON_quotes_2025_03_13.parquet,True
BON,2025-03-14,300.98,BON_2025-03-14_300.98,BON_quotes_2025_03_14.parquet,True
BON,2025-04-07,59.66,BON_2025-04-07_59.66,BON_quotes_2025_04_07.parquet,True
BON,2025-04-11,119.11,BON_2025-04-11_119.11,BON_quotes_2025_04_11.parquet,True
BON,2025-04-29,58.31,BON_2025-04-29_58.31,BON_quotes_2025_04_29.parquet,True
BON,2025-05-14,59.29,BON_2025-05-14_59.29,BON_quotes_2025_05_14.parquet,True
BON,2025-05-16,62.19,BON_2025-05-16_62.19,BON_quotes_2025_05_16.parquet,True
BON,2025-05-20,42.31,BON_2025-05-20_42.31,BON_quotes_2025_05_20.parquet,True
BON,2025-05-22,101.43,BON_2025-05-22_101.43,BON_quotes_2025_05_22.parquet,True
BON,2025-06-04,40.93,BON_2025-06-04_40.93,BON_quotes_2025_06_04.parquet,True
BON,2025-09-09,120.78,BON_2025-09-09_120.78,BON_quotes_2025_09_09.parquet,True
BOSC,2025-05-29,41.75,BOSC_2025-05-29_41.75,BOSC_quotes_2025_05_29.parquet,True
BOXL,2025-01-06,363.04,BOXL_2025-01-06_363.04,BOXL_quotes_2025_01_06.parquet,True
BOXL,2025-02-21,84.39,BOXL_2025-02-21_84.39,BOXL_quotes_2025_02_21.parquet,True
BOXL,2025-09-16,87.86,BOXL_2025-09-16_87.86,BOXL_quotes_2025_09_16.parquet,True
BOXL,2025-09-22,550.64,BOXL_2025-09-22_550.64,BOXL_quotes_2025_09_22.parquet,True
BRBI,2025-09-23,179.21,BRBI_2025-09-23_179.21,BRBI_quotes_2025_09_23.parquet,True
BRFH,2025-01-22,35.74,BRFH_2025-01-22_35.74,BRFH_quotes_2025_01_22.parquet,True
BRFH,2025-09-18,40.21,BRFH_2025-09-18_40.21,BRFH_quotes_2025_09_18.parquet,True
BRFH,2025-09-19,58.33,BRFH_2025-09-19_58.33,BRFH_quotes_2025_09_19.parquet,True
BRLS,2025-05-28,39.88,BRLS_2025-05-28_39.88,BRLS_quotes_2025_05_28.parquet,True
BRLS,2025-06-06,102.90,BRLS_2025-06-06_102.90,BRLS_quotes_2025_06_06.parquet,True
BRLS,2025-06-11,38.78,BRLS_2025-06-11_38.78,BRLS_quotes_2025_06_11.parquet,True
BRLS,2025-10-02,91.97,BRLS_2025-10-02_91.97,BRLS_quotes_2025_10_02.parquet,True
BRLT,2025-03-13,44.98,BRLT_2025-03-13_44.98,BRLT_quotes_2025_03_13.parquet,True
BRLT,2025-08-07,97.82,BRLT_2025-08-07_97.82,BRLT_quotes_2025_08_07.parquet,True
BRNS,2025-07-16,186.27,BRNS_2025-07-16_186.27,BRNS_quotes_2025_07_16.parquet,True
BRNS,2025-07-21,94.31,BRNS_2025-07-21_94.31,BRNS_quotes_2025_07_21.parquet,True
BRNS,2025-10-01,33.60,BRNS_2025-10-01_33.60,BRNS_quotes_2025_10_01.parquet,True
BROS,2025-02-13,33.55,BROS_2025-02-13_33.55,BROS_quotes_2025_02_13.parquet,True
BRRWW,2025-10-21,34.00,BRRWW_2025-10-21_34.00,BRRWW_quotes_2025_10_21.parquet,True
BSLK,2025-02-05,40.96,BSLK_2025-02-05_40.96,BSLK_quotes_2025_02_05.parquet,True
BSLK,2025-02-06,33.90,BSLK_2025-02-06_33.90,BSLK_quotes_2025_02_06.parquet,True
BSLK,2025-02-13,309.84,BSLK_2025-02-13_309.84,BSLK_quotes_2025_02_13.parquet,True
BSLK,2025-02-18,42.40,BSLK_2025-02-18_42.40,BSLK_quotes_2025_02_18.parquet,True
BSLK,2025-02-19,74.05,BSLK_2025-02-19_74.05,BSLK_quotes_2025_02_19.parquet,True
BSLK,2025-04-23,52.35,BSLK_2025-04-23_52.35,BSLK_quotes_2025_04_23.parquet,True
BSLK,2025-05-30,96.13,BSLK_2025-05-30_96.13,BSLK_quotes_2025_05_30.parquet,True
BSLK,2025-07-08,89.60,BSLK_2025-07-08_89.60,BSLK_quotes_2025_07_08.parquet,True
BSLK,2025-07-17,96.38,BSLK_2025-07-17_96.38,BSLK_quotes_2025_07_17.parquet,True
BSLK,2025-07-29,30.11,BSLK_2025-07-29_30.11,BSLK_quotes_2025_07_29.parquet,True
BSLK,2025-08-13,705.05,BSLK_2025-08-13_705.05,BSLK_quotes_2025_08_13.parquet,True
BSLK,2025-08-15,65.65,BSLK_2025-08-15_65.65,BSLK_quotes_2025_08_15.parquet,True
BSLK,2025-08-19,76.07,BSLK_2025-08-19_76.07,BSLK_quotes_2025_08_19.parquet,True
BSLK,2025-09-04,80.28,BSLK_2025-09-04_80.28,BSLK_quotes_2025_09_04.parquet,True
BTAI,2025-01-06,39.73,BTAI_2025-01-06_39.73,BTAI_quotes_2025_01_06.parquet,True
BTAI,2025-02-28,63.01,BTAI_2025-02-28_63.01,BTAI_quotes_2025_02_28.parquet,True
BTAI,2025-03-03,216.20,BTAI_2025-03-03_216.20,BTAI_quotes_2025_03_03.parquet,True
BTAI,2025-03-19,41.36,BTAI_2025-03-19_41.36,BTAI_quotes_2025_03_19.parquet,True
BTAI,2025-08-01,58.02,BTAI_2025-08-01_58.02,BTAI_quotes_2025_08_01.parquet,True
BTAI,2025-08-04,100.73,BTAI_2025-08-04_100.73,BTAI_quotes_2025_08_04.parquet,True
BTAI,2025-08-05,37.01,BTAI_2025-08-05_37.01,BTAI_quotes_2025_08_05.parquet,True
BTAI,2025-08-08,37.24,BTAI_2025-08-08_37.24,BTAI_quotes_2025_08_08.parquet,True
BTAI,2025-08-11,65.59,BTAI_2025-08-11_65.59,BTAI_quotes_2025_08_11.parquet,True
BTBD,2025-08-04,241.46,BTBD_2025-08-04_241.46,BTBD_quotes_2025_08_04.parquet,True
BTBD,2025-09-03,143.24,BTBD_2025-09-03_143.24,BTBD_quotes_2025_09_03.parquet,True
BTBT,2025-07-07,31.29,BTBT_2025-07-07_31.29,BTBT_quotes_2025_07_07.parquet,True
BTCS,2025-01-17,54.48,BTCS_2025-01-17_54.48,BTCS_quotes_2025_01_17.parquet,True
BTCS,2025-05-09,63.02,BTCS_2025-05-09_63.02,BTCS_quotes_2025_05_09.parquet,True
BTCS,2025-07-08,121.07,BTCS_2025-07-08_121.07,BTCS_quotes_2025_07_08.parquet,True
BTCS,2025-07-16,36.53,BTCS_2025-07-16_36.53,BTCS_quotes_2025_07_16.parquet,True
BTCS,2025-07-18,31.22,BTCS_2025-07-18_31.22,BTCS_quotes_2025_07_18.parquet,True
BTCT,2025-01-17,107.98,BTCT_2025-01-17_107.98,BTCT_quotes_2025_01_17.parquet,True
BTCT,2025-01-23,37.99,BTCT_2025-01-23_37.99,BTCT_quotes_2025_01_23.parquet,True
BTCT,2025-03-03,37.50,BTCT_2025-03-03_37.50,BTCT_quotes_2025_03_03.parquet,True
BTDR,2025-10-15,38.17,BTDR_2025-10-15_38.17,BTDR_quotes_2025_10_15.parquet,True
BTM,2025-05-15,41.18,BTM_2025-05-15_41.18,BTM_quotes_2025_05_15.parquet,True
BTM,2025-05-16,37.32,BTM_2025-05-16_37.32,BTM_quotes_2025_05_16.parquet,True
BTOC,2025-05-13,42.86,BTOC_2025-05-13_42.86,BTOC_quotes_2025_05_13.parquet,True
BTOG,2025-07-18,60.06,BTOG_2025-07-18_60.06,BTOG_quotes_2025_07_18.parquet,True
BTQ,2025-09-29,34.41,BTQ_2025-09-29_34.41,BTQ_quotes_2025_09_29.parquet,True
BTQ,2025-10-06,31.99,BTQ_2025-10-06_31.99,BTQ_quotes_2025_10_06.parquet,True
BTQ,2025-10-07,58.04,BTQ_2025-10-07_58.04,BTQ_quotes_2025_10_07.parquet,True
BTTC,2025-10-02,309.66,BTTC_2025-10-02_309.66,BTTC_quotes_2025_10_02.parquet,True
BULLW,2025-04-14,260.00,BULLW_2025-04-14_260.00,BULLW_quotes_2025_04_14.parquet,True
BULLW,2025-04-15,31.63,BULLW_2025-04-15_31.63,BULLW_quotes_2025_04_15.parquet,True
BULLW,2025-04-16,35.20,BULLW_2025-04-16_35.20,BULLW_quotes_2025_04_16.parquet,True
BULLW,2025-04-22,30.85,BULLW_2025-04-22_30.85,BULLW_quotes_2025_04_22.parquet,True
BULLW,2025-05-02,57.65,BULLW_2025-05-02_57.65,BULLW_quotes_2025_05_02.parquet,True
BULLW,2025-05-07,75.44,BULLW_2025-05-07_75.44,BULLW_quotes_2025_05_07.parquet,True
BULLW,2025-05-08,45.27,BULLW_2025-05-08_45.27,BULLW_quotes_2025_05_08.parquet,True
BULLW,2025-05-16,39.27,BULLW_2025-05-16_39.27,BULLW_quotes_2025_05_16.parquet,True
BULLW,2025-05-20,51.97,BULLW_2025-05-20_51.97,BULLW_quotes_2025_05_20.parquet,True
BULLW,2025-05-21,36.38,BULLW_2025-05-21_36.38,BULLW_quotes_2025_05_21.parquet,True
BULLW,2025-05-28,30.03,BULLW_2025-05-28_30.03,BULLW_quotes_2025_05_28.parquet,True
BULL,2025-04-14,500.45,BULL_2025-04-14_500.45,BULL_quotes_2025_04_14.parquet,True
BULL,2025-04-22,35.37,BULL_2025-04-22_35.37,BULL_quotes_2025_04_22.parquet,True
BUUU,2025-09-09,30.71,BUUU_2025-09-09_30.71,BUUU_quotes_2025_09_09.parquet,True
BUUU,2025-09-15,34.94,BUUU_2025-09-15_34.94,BUUU_quotes_2025_09_15.parquet,True
BWNB,2025-05-06,32.44,BWNB_2025-05-06_32.44,BWNB_quotes_2025_05_06.parquet,True
BWNB,2025-05-07,31.17,BWNB_2025-05-07_31.17,BWNB_quotes_2025_05_07.parquet,True
BWNB,2025-05-13,49.87,BWNB_2025-05-13_49.87,BWNB_quotes_2025_05_13.parquet,True
BWNB,2025-06-05,55.38,BWNB_2025-06-05_55.38,BWNB_quotes_2025_06_05.parquet,True
BWSN,2025-05-06,47.51,BWSN_2025-05-06_47.51,BWSN_quotes_2025_05_06.parquet,True
BWSN,2025-05-07,32.28,BWSN_2025-05-07_32.28,BWSN_quotes_2025_05_07.parquet,True
BWSN,2025-05-13,40.97,BWSN_2025-05-13_40.97,BWSN_quotes_2025_05_13.parquet,True
BWSN,2025-06-05,35.91,BWSN_2025-06-05_35.91,BWSN_quotes_2025_06_05.parquet,True
BW,2025-06-05,119.98,BW_2025-06-05_119.98,BW_quotes_2025_06_05.parquet,True
BW,2025-09-10,34.33,BW_2025-09-10_34.33,BW_quotes_2025_09_10.parquet,True
BYND,2025-07-21,30.29,BYND_2025-07-21_30.29,BYND_quotes_2025_07_21.parquet,True
BYND,2025-10-20,136.99,BYND_2025-10-20_136.99,BYND_quotes_2025_10_20.parquet,True
BYND,2025-10-21,162.59,BYND_2025-10-21_162.59,BYND_quotes_2025_10_21.parquet,True
BYND,2025-10-22,112.43,BYND_2025-10-22_112.43,BYND_quotes_2025_10_22.parquet,True
BYND,2025-10-28,30.39,BYND_2025-10-28_30.39,BYND_quotes_2025_10_28.parquet,True
BYSI,2025-06-09,30.00,BYSI_2025-06-09_30.00,BYSI_quotes_2025_06_09.parquet,True
BZAIW,2025-10-06,74.62,BZAIW_2025-10-06_74.62,BZAIW_quotes_2025_10_06.parquet,True
BZAIW,2025-10-15,59.57,BZAIW_2025-10-15_59.57,BZAIW_quotes_2025_10_15.parquet,True
BZAI,2025-01-17,76.92,BZAI_2025-01-17_76.92,BZAI_quotes_2025_01_17.parquet,True
BZAI,2025-02-13,48.85,BZAI_2025-02-13_48.85,BZAI_quotes_2025_02_13.parquet,True
BZAI,2025-02-14,37.25,BZAI_2025-02-14_37.25,BZAI_quotes_2025_02_14.parquet,True
BZAI,2025-07-18,79.54,BZAI_2025-07-18_79.54,BZAI_quotes_2025_07_18.parquet,True
BZAI,2025-10-06,34.10,BZAI_2025-10-06_34.10,BZAI_quotes_2025_10_06.parquet,True
BZAI,2025-10-15,34.93,BZAI_2025-10-15_34.93,BZAI_quotes_2025_10_15.parquet,True
BZFD,2025-05-27,30.21,BZFD_2025-05-27_30.21,BZFD_quotes_2025_05_27.parquet,True
CABA,2025-05-15,40.38,CABA_2025-05-15_40.38,CABA_quotes_2025_05_15.parquet,True
CABA,2025-08-13,31.58,CABA_2025-08-13_31.58,CABA_quotes_2025_08_13.parquet,True
CABA,2025-10-09,38.59,CABA_2025-10-09_38.59,CABA_quotes_2025_10_09.parquet,True
CABA,2025-10-31,48.58,CABA_2025-10-31_48.58,CABA_quotes_2025_10_31.parquet,True
CADL,2025-02-20,30.66,CADL_2025-02-20_30.66,CADL_quotes_2025_02_20.parquet,True
CALC,2025-07-11,39.49,CALC_2025-07-11_39.49,CALC_quotes_2025_07_11.parquet,True
CAMP,2025-01-21,46.97,CAMP_2025-01-21_46.97,CAMP_quotes_2025_01_21.parquet,True
CAMP,2025-02-28,31.47,CAMP_2025-02-28_31.47,CAMP_quotes_2025_02_28.parquet,True
CAMP,2025-03-11,31.03,CAMP_2025-03-11_31.03,CAMP_quotes_2025_03_11.parquet,True
CAMP,2025-09-10,85.93,CAMP_2025-09-10_85.93,CAMP_quotes_2025_09_10.parquet,True
CAN,2025-10-02,30.77,CAN_2025-10-02_30.77,CAN_quotes_2025_10_02.parquet,True
CAN,2025-10-13,40.37,CAN_2025-10-13_40.37,CAN_quotes_2025_10_13.parquet,True
CAN,2025-10-20,38.75,CAN_2025-10-20_38.75,CAN_quotes_2025_10_20.parquet,True
CAPS,2025-02-27,46.92,CAPS_2025-02-27_46.92,CAPS_quotes_2025_02_27.parquet,False
CAPS,2025-03-17,45.20,CAPS_2025-03-17_45.20,CAPS_quotes_2025_03_17.parquet,True
CAPS,2025-03-24,143.02,CAPS_2025-03-24_143.02,CAPS_quotes_2025_03_24.parquet,True
CAPS,2025-04-08,52.20,CAPS_2025-04-08_52.20,CAPS_quotes_2025_04_08.parquet,True
CAPS,2025-05-16,98.19,CAPS_2025-05-16_98.19,CAPS_quotes_2025_05_16.parquet,True
CAPS,2025-08-25,88.18,CAPS_2025-08-25_88.18,CAPS_quotes_2025_08_25.parquet,True
CAPT,2025-02-04,341.91,CAPT_2025-02-04_341.91,CAPT_quotes_2025_02_04.parquet,True
CAPT,2025-05-30,46.94,CAPT_2025-05-30_46.94,CAPT_quotes_2025_05_30.parquet,True
CAPT,2025-06-04,36.78,CAPT_2025-06-04_36.78,CAPT_quotes_2025_06_04.parquet,True
CARV,2025-07-18,34.72,CARV_2025-07-18_34.72,CARV_quotes_2025_07_18.parquet,True
CARV,2025-09-02,47.38,CARV_2025-09-02_47.38,CARV_quotes_2025_09_02.parquet,True
CARV,2025-09-03,65.59,CARV_2025-09-03_65.59,CARV_quotes_2025_09_03.parquet,True
CASI,2025-06-13,63.13,CASI_2025-06-13_63.13,CASI_quotes_2025_06_13.parquet,True
CASI,2025-06-17,55.64,CASI_2025-06-17_55.64,CASI_quotes_2025_06_17.parquet,True
CASI,2025-08-04,99.22,CASI_2025-08-04_99.22,CASI_quotes_2025_08_04.parquet,True
CASI,2025-08-15,59.28,CASI_2025-08-15_59.28,CASI_quotes_2025_08_15.parquet,True
CATO,2025-08-21,40.85,CATO_2025-08-21_40.85,CATO_quotes_2025_08_21.parquet,True
CBIO,2025-06-23,39.93,CBIO_2025-06-23_39.93,CBIO_quotes_2025_06_23.parquet,True
CBIO,2025-06-25,42.05,CBIO_2025-06-25_42.05,CBIO_quotes_2025_06_25.parquet,True
CBLL,2025-04-11,42.06,CBLL_2025-04-11_42.06,CBLL_quotes_2025_04_11.parquet,True
CBUS,2025-10-15,35.16,CBUS_2025-10-15_35.16,CBUS_quotes_2025_10_15.parquet,True
CCCC,2025-08-07,41.33,CCCC_2025-08-07_41.33,CCCC_quotes_2025_08_07.parquet,True
CCCC,2025-09-15,37.22,CCCC_2025-09-15_37.22,CCCC_quotes_2025_09_15.parquet,True
CCCXW,2025-07-23,36.36,CCCXW_2025-07-23_36.36,CCCXW_quotes_2025_07_23.parquet,True
CCCXW,2025-09-08,140.64,CCCXW_2025-09-08_140.64,CCCXW_quotes_2025_09_08.parquet,True
CCCXW,2025-09-19,33.47,CCCXW_2025-09-19_33.47,CCCXW_quotes_2025_09_19.parquet,True
CCCXW,2025-10-03,31.72,CCCXW_2025-10-03_31.72,CCCXW_quotes_2025_10_03.parquet,True
CCCXW,2025-10-06,69.00,CCCXW_2025-10-06_69.00,CCCXW_quotes_2025_10_06.parquet,True
CCCXW,2025-10-07,43.61,CCCXW_2025-10-07_43.61,CCCXW_quotes_2025_10_07.parquet,True
CCCXW,2025-10-10,30.77,CCCXW_2025-10-10_30.77,CCCXW_quotes_2025_10_10.parquet,True
CCCXW,2025-10-13,37.61,CCCXW_2025-10-13_37.61,CCCXW_quotes_2025_10_13.parquet,True
CCG,2025-02-24,31.38,CCG_2025-02-24_31.38,CCG_quotes_2025_02_24.parquet,True
CCG,2025-02-26,44.23,CCG_2025-02-26_44.23,CCG_quotes_2025_02_26.parquet,True
CCG,2025-04-21,31.69,CCG_2025-04-21_31.69,CCG_quotes_2025_04_21.parquet,True
CCHH,2025-10-07,34.41,CCHH_2025-10-07_34.41,CCHH_quotes_2025_10_07.parquet,True
CCHH,2025-10-10,31.26,CCHH_2025-10-10_31.26,CCHH_quotes_2025_10_10.parquet,True
CCIIW,2025-10-20,40.00,CCIIW_2025-10-20_40.00,CCIIW_quotes_2025_10_20.parquet,True
CCIXW,2025-05-27,50.00,CCIXW_2025-05-27_50.00,CCIXW_quotes_2025_05_27.parquet,True
CCIXW,2025-05-28,44.00,CCIXW_2025-05-28_44.00,CCIXW_quotes_2025_05_28.parquet,True
CCIXW,2025-09-18,34.18,CCIXW_2025-09-18_34.18,CCIXW_quotes_2025_09_18.parquet,True
CCIXW,2025-10-09,33.62,CCIXW_2025-10-09_33.62,CCIXW_quotes_2025_10_09.parquet,True
CCIXW,2025-10-14,79.60,CCIXW_2025-10-14_79.60,CCIXW_quotes_2025_10_14.parquet,True
CCLD,2025-03-13,46.88,CCLD_2025-03-13_46.88,CCLD_quotes_2025_03_13.parquet,True
CCLD,2025-05-06,39.43,CCLD_2025-05-06_39.43,CCLD_quotes_2025_05_06.parquet,True
CCM,2025-01-03,55.04,CCM_2025-01-03_55.04,CCM_quotes_2025_01_03.parquet,True
CCM,2025-01-06,31.56,CCM_2025-01-06_31.56,CCM_quotes_2025_01_06.parquet,True
CCM,2025-01-30,33.87,CCM_2025-01-30_33.87,CCM_quotes_2025_01_30.parquet,True
CCM,2025-04-29,41.10,CCM_2025-04-29_41.10,CCM_quotes_2025_04_29.parquet,True
CCM,2025-07-16,30.00,CCM_2025-07-16_30.00,CCM_quotes_2025_07_16.parquet,True
CCM,2025-07-21,99.44,CCM_2025-07-21_99.44,CCM_quotes_2025_07_21.parquet,True
CCM,2025-08-01,30.52,CCM_2025-08-01_30.52,CCM_quotes_2025_08_01.parquet,True
CCO,2025-10-17,35.21,CCO_2025-10-17_35.21,CCO_quotes_2025_10_17.parquet,True
CCTG,2025-09-10,87.20,CCTG_2025-09-10_87.20,CCTG_quotes_2025_09_10.parquet,True
CCTG,2025-09-29,40.17,CCTG_2025-09-29_40.17,CCTG_quotes_2025_09_29.parquet,True
CCTG,2025-10-06,34.29,CCTG_2025-10-06_34.29,CCTG_quotes_2025_10_06.parquet,True
CCTG,2025-10-07,47.68,CCTG_2025-10-07_47.68,CCTG_quotes_2025_10_07.parquet,True
CCTG,2025-10-10,40.13,CCTG_2025-10-10_40.13,CCTG_quotes_2025_10_10.parquet,True
CDIO,2025-02-07,37.51,CDIO_2025-02-07_37.51,CDIO_quotes_2025_02_07.parquet,True
CDLX,2025-03-13,36.36,CDLX_2025-03-13_36.36,CDLX_quotes_2025_03_13.parquet,True
CDLX,2025-06-16,41.06,CDLX_2025-06-16_41.06,CDLX_quotes_2025_06_16.parquet,True
CDLX,2025-07-22,50.74,CDLX_2025-07-22_50.74,CDLX_quotes_2025_07_22.parquet,True
CDLX,2025-09-18,120.98,CDLX_2025-09-18_120.98,CDLX_quotes_2025_09_18.parquet,True
CDLX,2025-09-24,35.41,CDLX_2025-09-24_35.41,CDLX_quotes_2025_09_24.parquet,True
CDTG,2025-06-13,81.12,CDTG_2025-06-13_81.12,CDTG_quotes_2025_06_13.parquet,True
CDTG,2025-09-09,285.94,CDTG_2025-09-09_285.94,CDTG_quotes_2025_09_09.parquet,True
CDTX,2025-06-23,115.94,CDTX_2025-06-23_115.94,CDTX_quotes_2025_06_23.parquet,True
CDT,2025-01-07,74.27,CDT_2025-01-07_74.27,CDT_quotes_2025_01_07.parquet,True
CDT,2025-01-08,40.21,CDT_2025-01-08_40.21,CDT_quotes_2025_01_08.parquet,True
CDT,2025-01-10,123.41,CDT_2025-01-10_123.41,CDT_quotes_2025_01_10.parquet,True
CDT,2025-02-07,138.71,CDT_2025-02-07_138.71,CDT_quotes_2025_02_07.parquet,True
CDT,2025-03-28,32.81,CDT_2025-03-28_32.81,CDT_quotes_2025_03_28.parquet,True
CDT,2025-04-10,83.87,CDT_2025-04-10_83.87,CDT_quotes_2025_04_10.parquet,True
CDT,2025-04-11,30.84,CDT_2025-04-11_30.84,CDT_quotes_2025_04_11.parquet,True
CDT,2025-06-02,30.46,CDT_2025-06-02_30.46,CDT_quotes_2025_06_02.parquet,True
CDT,2025-09-17,83.92,CDT_2025-09-17_83.92,CDT_quotes_2025_09_17.parquet,True
CDT,2025-10-06,31.65,CDT_2025-10-06_31.65,CDT_quotes_2025_10_06.parquet,True
CELC,2025-07-28,237.11,CELC_2025-07-28_237.11,CELC_quotes_2025_07_28.parquet,True
CELC,2025-10-20,59.74,CELC_2025-10-20_59.74,CELC_quotes_2025_10_20.parquet,True
CELH,2025-02-21,34.90,CELH_2025-02-21_34.90,CELH_quotes_2025_02_21.parquet,True
CELU,2025-02-05,45.23,CELU_2025-02-05_45.23,CELU_quotes_2025_02_05.parquet,True
CELU,2025-03-05,55.56,CELU_2025-03-05_55.56,CELU_quotes_2025_03_05.parquet,True
CELU,2025-05-13,45.00,CELU_2025-05-13_45.00,CELU_quotes_2025_05_13.parquet,True
CELU,2025-07-18,42.73,CELU_2025-07-18_42.73,CELU_quotes_2025_07_18.parquet,True
CELU,2025-07-22,38.10,CELU_2025-07-22_38.10,CELU_quotes_2025_07_22.parquet,True
CELZ,2025-02-13,38.99,CELZ_2025-02-13_38.99,CELZ_quotes_2025_02_13.parquet,True
CELZ,2025-02-19,31.75,CELZ_2025-02-19_31.75,CELZ_quotes_2025_02_19.parquet,True
CELZ,2025-07-09,59.11,CELZ_2025-07-09_59.11,CELZ_quotes_2025_07_09.parquet,True
CENX,2025-06-02,31.89,CENX_2025-06-02_31.89,CENX_quotes_2025_06_02.parquet,True
CEPU,2025-10-27,44.97,CEPU_2025-10-27_44.97,CEPU_quotes_2025_10_27.parquet,True
CEP,2025-04-23,67.89,CEP_2025-04-23_67.89,CEP_quotes_2025_04_23.parquet,True
CEP,2025-04-24,138.12,CEP_2025-04-24_138.12,CEP_quotes_2025_04_24.parquet,True
CEP,2025-04-25,56.77,CEP_2025-04-25_56.77,CEP_quotes_2025_04_25.parquet,True
CEP,2025-04-30,42.52,CEP_2025-04-30_42.52,CEP_quotes_2025_04_30.parquet,True
CEP,2025-05-01,41.82,CEP_2025-05-01_41.82,CEP_quotes_2025_05_01.parquet,True
CEP,2025-05-20,31.65,CEP_2025-05-20_31.65,CEP_quotes_2025_05_20.parquet,True
CETX,2025-05-16,34.90,CETX_2025-05-16_34.90,CETX_quotes_2025_05_16.parquet,True
CETX,2025-05-27,68.55,CETX_2025-05-27_68.55,CETX_quotes_2025_05_27.parquet,True
CETX,2025-06-13,31.37,CETX_2025-06-13_31.37,CETX_quotes_2025_06_13.parquet,True
CETX,2025-06-25,44.10,CETX_2025-06-25_44.10,CETX_quotes_2025_06_25.parquet,True
CETY,2025-01-22,32.71,CETY_2025-01-22_32.71,CETY_quotes_2025_01_22.parquet,True
CETY,2025-03-03,42.77,CETY_2025-03-03_42.77,CETY_quotes_2025_03_03.parquet,True
CETY,2025-03-10,32.34,CETY_2025-03-10_32.34,CETY_quotes_2025_03_10.parquet,True
CETY,2025-03-17,31.36,CETY_2025-03-17_31.36,CETY_quotes_2025_03_17.parquet,True
CETY,2025-08-01,34.27,CETY_2025-08-01_34.27,CETY_quotes_2025_08_01.parquet,True
CGC,2025-02-05,34.30,CGC_2025-02-05_34.30,CGC_quotes_2025_02_05.parquet,True
CGC,2025-08-08,36.19,CGC_2025-08-08_36.19,CGC_quotes_2025_08_08.parquet,True
CGC,2025-08-11,36.00,CGC_2025-08-11_36.00,CGC_quotes_2025_08_11.parquet,True
CGON,2025-04-28,44.39,CGON_2025-04-28_44.39,CGON_quotes_2025_04_28.parquet,True
CGTL,2025-04-03,39.28,CGTL_2025-04-03_39.28,CGTL_quotes_2025_04_03.parquet,True
CGTL,2025-05-01,30.98,CGTL_2025-05-01_30.98,CGTL_quotes_2025_05_01.parquet,True
CGTL,2025-06-12,100.46,CGTL_2025-06-12_100.46,CGTL_quotes_2025_06_12.parquet,True
CGTL,2025-06-13,44.81,CGTL_2025-06-13_44.81,CGTL_quotes_2025_06_13.parquet,True
CGTL,2025-06-16,43.65,CGTL_2025-06-16_43.65,CGTL_quotes_2025_06_16.parquet,True
CGTL,2025-09-10,113.50,CGTL_2025-09-10_113.50,CGTL_quotes_2025_09_10.parquet,True
CGTX,2025-07-10,95.38,CGTX_2025-07-10_95.38,CGTX_quotes_2025_07_10.parquet,True
CGTX,2025-08-13,33.64,CGTX_2025-08-13_33.64,CGTX_quotes_2025_08_13.parquet,True
CGTX,2025-08-14,48.36,CGTX_2025-08-14_48.36,CGTX_quotes_2025_08_14.parquet,True
CGTX,2025-08-22,44.22,CGTX_2025-08-22_44.22,CGTX_quotes_2025_08_22.parquet,True
CGTX,2025-08-25,36.30,CGTX_2025-08-25_36.30,CGTX_quotes_2025_08_25.parquet,True
CHEK,2025-01-03,62.78,CHEK_2025-01-03_62.78,CHEK_quotes_2025_01_03.parquet,True
CHEK,2025-01-07,48.15,CHEK_2025-01-07_48.15,CHEK_quotes_2025_01_07.parquet,True
CHEK,2025-02-24,96.31,CHEK_2025-02-24_96.31,CHEK_quotes_2025_02_24.parquet,True
CHEK,2025-05-13,47.24,CHEK_2025-05-13_47.24,CHEK_quotes_2025_05_13.parquet,True
CHEK,2025-08-29,64.72,CHEK_2025-08-29_64.72,CHEK_quotes_2025_08_29.parquet,True
CHEK,2025-09-15,319.63,CHEK_2025-09-15_319.63,CHEK_quotes_2025_09_15.parquet,True
CHEK,2025-09-16,35.85,CHEK_2025-09-16_35.85,CHEK_quotes_2025_09_16.parquet,True
CHGG,2025-06-06,48.76,CHGG_2025-06-06_48.76,CHGG_quotes_2025_06_06.parquet,True
CHNR,2025-06-11,60.36,CHNR_2025-06-11_60.36,CHNR_quotes_2025_06_11.parquet,True
CHNR,2025-09-25,46.93,CHNR_2025-09-25_46.93,CHNR_quotes_2025_09_25.parquet,True
CHNR,2025-10-13,64.75,CHNR_2025-10-13_64.75,CHNR_quotes_2025_10_13.parquet,True
CHR,2025-09-09,56.57,CHR_2025-09-09_56.57,CHR_quotes_2025_09_09.parquet,True
CHSN,2025-04-07,151.14,CHSN_2025-04-07_151.14,CHSN_quotes_2025_04_07.parquet,True
CHSN,2025-05-12,108.53,CHSN_2025-05-12_108.53,CHSN_quotes_2025_05_12.parquet,True
CHSN,2025-06-11,36.85,CHSN_2025-06-11_36.85,CHSN_quotes_2025_06_11.parquet,True
CHSN,2025-08-04,31.70,CHSN_2025-08-04_31.70,CHSN_quotes_2025_08_04.parquet,True
CHSN,2025-09-02,50.88,CHSN_2025-09-02_50.88,CHSN_quotes_2025_09_02.parquet,True
CHSN,2025-09-09,73.97,CHSN_2025-09-09_73.97,CHSN_quotes_2025_09_09.parquet,True
CIFRW,2025-01-03,30.08,CIFRW_2025-01-03_30.08,CIFRW_quotes_2025_01_03.parquet,True
CIFRW,2025-01-31,64.71,CIFRW_2025-01-31_64.71,CIFRW_quotes_2025_01_31.parquet,True
CIFRW,2025-02-28,42.53,CIFRW_2025-02-28_42.53,CIFRW_quotes_2025_02_28.parquet,True
CIFRW,2025-07-02,31.48,CIFRW_2025-07-02_31.48,CIFRW_quotes_2025_07_02.parquet,True
CIFRW,2025-07-03,30.43,CIFRW_2025-07-03_30.43,CIFRW_quotes_2025_07_03.parquet,True
CIFRW,2025-08-18,47.33,CIFRW_2025-08-18_47.33,CIFRW_quotes_2025_08_18.parquet,True
CIFRW,2025-09-02,33.52,CIFRW_2025-09-02_33.52,CIFRW_quotes_2025_09_02.parquet,True
CIFRW,2025-09-09,52.31,CIFRW_2025-09-09_52.31,CIFRW_quotes_2025_09_09.parquet,True
CIFRW,2025-10-13,46.23,CIFRW_2025-10-13_46.23,CIFRW_quotes_2025_10_13.parquet,True
CIFR,2025-01-31,33.83,CIFR_2025-01-31_33.83,CIFR_quotes_2025_01_31.parquet,True
CIGL,2025-05-07,65.23,CIGL_2025-05-07_65.23,CIGL_quotes_2025_05_07.parquet,True
CIGL,2025-06-23,33.49,CIGL_2025-06-23_33.49,CIGL_quotes_2025_06_23.parquet,True
CIGL,2025-06-30,180.15,CIGL_2025-06-30_180.15,CIGL_quotes_2025_06_30.parquet,True
CIGL,2025-07-02,61.94,CIGL_2025-07-02_61.94,CIGL_quotes_2025_07_02.parquet,True
CIGL,2025-07-09,36.93,CIGL_2025-07-09_36.93,CIGL_quotes_2025_07_09.parquet,True
CIGL,2025-09-04,222.45,CIGL_2025-09-04_222.45,CIGL_quotes_2025_09_04.parquet,True
CIGL,2025-09-05,56.01,CIGL_2025-09-05_56.01,CIGL_quotes_2025_09_05.parquet,True
CIGL,2025-09-08,76.89,CIGL_2025-09-08_76.89,CIGL_quotes_2025_09_08.parquet,True
CIGL,2025-09-29,50.20,CIGL_2025-09-29_50.20,CIGL_quotes_2025_09_29.parquet,True
CIGL,2025-10-02,112.06,CIGL_2025-10-02_112.06,CIGL_quotes_2025_10_02.parquet,True
CIIT,2025-07-09,34.47,CIIT_2025-07-09_34.47,CIIT_quotes_2025_07_09.parquet,True
CIIT,2025-09-12,70.00,CIIT_2025-09-12_70.00,CIIT_quotes_2025_09_12.parquet,True
CIIT,2025-10-17,75.86,CIIT_2025-10-17_75.86,CIIT_quotes_2025_10_17.parquet,True
CIIT,2025-10-24,40.65,CIIT_2025-10-24_40.65,CIIT_quotes_2025_10_24.parquet,True
CISO,2025-02-14,30.28,CISO_2025-02-14_30.28,CISO_quotes_2025_02_14.parquet,True
CISO,2025-05-06,81.03,CISO_2025-05-06_81.03,CISO_quotes_2025_05_06.parquet,True
CISO,2025-05-08,33.64,CISO_2025-05-08_33.64,CISO_quotes_2025_05_08.parquet,True
CISO,2025-05-12,50.50,CISO_2025-05-12_50.50,CISO_quotes_2025_05_12.parquet,True
CISO,2025-06-02,33.32,CISO_2025-06-02_33.32,CISO_quotes_2025_06_02.parquet,True
CISS,2025-10-07,168.77,CISS_2025-10-07_168.77,CISS_quotes_2025_10_07.parquet,True
CJET,2025-01-21,70.37,CJET_2025-01-21_70.37,CJET_quotes_2025_01_21.parquet,True
CJET,2025-03-18,45.22,CJET_2025-03-18_45.22,CJET_quotes_2025_03_18.parquet,True
CJET,2025-09-19,236.43,CJET_2025-09-19_236.43,CJET_quotes_2025_09_19.parquet,True
CJET,2025-09-24,39.41,CJET_2025-09-24_39.41,CJET_quotes_2025_09_24.parquet,True
CJET,2025-09-26,32.03,CJET_2025-09-26_32.03,CJET_quotes_2025_09_26.parquet,True
CJET,2025-10-01,213.39,CJET_2025-10-01_213.39,CJET_quotes_2025_10_01.parquet,True
CJET,2025-10-24,36.01,CJET_2025-10-24_36.01,CJET_quotes_2025_10_24.parquet,True
CJMB,2025-02-06,89.27,CJMB_2025-02-06_89.27,CJMB_quotes_2025_02_06.parquet,True
CLB,2025-10-23,32.73,CLB_2025-10-23_32.73,CLB_quotes_2025_10_23.parquet,True
CLGN,2025-05-28,81.35,CLGN_2025-05-28_81.35,CLGN_quotes_2025_05_28.parquet,True
CLGN,2025-05-29,46.47,CLGN_2025-05-29_46.47,CLGN_quotes_2025_05_29.parquet,True
CLGN,2025-08-21,30.15,CLGN_2025-08-21_30.15,CLGN_quotes_2025_08_21.parquet,True
CLIK,2025-02-24,35.07,CLIK_2025-02-24_35.07,CLIK_quotes_2025_02_24.parquet,True
CLIK,2025-03-17,38.89,CLIK_2025-03-17_38.89,CLIK_quotes_2025_03_17.parquet,True
CLIK,2025-03-20,32.34,CLIK_2025-03-20_32.34,CLIK_quotes_2025_03_20.parquet,True
CLIK,2025-03-21,43.90,CLIK_2025-03-21_43.90,CLIK_quotes_2025_03_21.parquet,True
CLIK,2025-04-22,30.56,CLIK_2025-04-22_30.56,CLIK_quotes_2025_04_22.parquet,True
CLIK,2025-05-02,82.15,CLIK_2025-05-02_82.15,CLIK_quotes_2025_05_02.parquet,True
CLIK,2025-05-15,307.14,CLIK_2025-05-15_307.14,CLIK_quotes_2025_05_15.parquet,True
CLIK,2025-05-19,42.05,CLIK_2025-05-19_42.05,CLIK_quotes_2025_05_19.parquet,True
CLIK,2025-05-20,42.31,CLIK_2025-05-20_42.31,CLIK_quotes_2025_05_20.parquet,True
CLIK,2025-09-30,62.71,CLIK_2025-09-30_62.71,CLIK_quotes_2025_09_30.parquet,True
CLIK,2025-10-13,50.66,CLIK_2025-10-13_50.66,CLIK_quotes_2025_10_13.parquet,True
CLIK,2025-10-27,90.02,CLIK_2025-10-27_90.02,CLIK_quotes_2025_10_27.parquet,True
CLIR,2025-10-06,30.52,CLIR_2025-10-06_30.52,CLIR_quotes_2025_10_06.parquet,True
CLLS,2025-01-06,33.13,CLLS_2025-01-06_33.13,CLLS_quotes_2025_01_06.parquet,True
CLLS,2025-07-14,43.40,CLLS_2025-07-14_43.40,CLLS_quotes_2025_07_14.parquet,True
CLLS,2025-07-25,33.00,CLLS_2025-07-25_33.00,CLLS_quotes_2025_07_25.parquet,True
CLLS,2025-10-16,33.32,CLLS_2025-10-16_33.32,CLLS_quotes_2025_10_16.parquet,True
CLNN,2025-06-02,55.17,CLNN_2025-06-02_55.17,CLNN_quotes_2025_06_02.parquet,True
CLNN,2025-10-03,32.08,CLNN_2025-10-03_32.08,CLNN_quotes_2025_10_03.parquet,True
CLPS,2025-10-16,57.31,CLPS_2025-10-16_57.31,CLPS_quotes_2025_10_16.parquet,True
CLPT,2025-09-24,72.20,CLPT_2025-09-24_72.20,CLPT_quotes_2025_09_24.parquet,True
CLRB,2025-06-04,147.29,CLRB_2025-06-04_147.29,CLRB_quotes_2025_06_04.parquet,True
CLRO,2025-01-03,40.42,CLRO_2025-01-03_40.42,CLRO_quotes_2025_01_03.parquet,True
CLRO,2025-03-03,61.64,CLRO_2025-03-03_61.64,CLRO_quotes_2025_03_03.parquet,True
CLRO,2025-06-20,41.65,CLRO_2025-06-20_41.65,CLRO_quotes_2025_06_20.parquet,True
CLRO,2025-07-01,168.17,CLRO_2025-07-01_168.17,CLRO_quotes_2025_07_01.parquet,True
CLRO,2025-09-30,30.86,CLRO_2025-09-30_30.86,CLRO_quotes_2025_09_30.parquet,True
CLSD,2025-07-23,76.52,CLSD_2025-07-23_76.52,CLSD_quotes_2025_07_23.parquet,True
CMBM,2025-01-06,37.09,CMBM_2025-01-06_37.09,CMBM_quotes_2025_01_06.parquet,True
CMBM,2025-07-18,48.15,CMBM_2025-07-18_48.15,CMBM_quotes_2025_07_18.parquet,True
CMBM,2025-07-21,42.16,CMBM_2025-07-21_42.16,CMBM_quotes_2025_07_21.parquet,True
CMBM,2025-10-29,576.38,CMBM_2025-10-29_576.38,CMBM_quotes_2025_10_29.parquet,True
CMBM,2025-10-30,130.51,CMBM_2025-10-30_130.51,CMBM_quotes_2025_10_30.parquet,True
CMCT,2025-04-22,60.82,CMCT_2025-04-22_60.82,CMCT_quotes_2025_04_22.parquet,True
CMCT,2025-08-07,46.13,CMCT_2025-08-07_46.13,CMCT_quotes_2025_08_07.parquet,True
CMND,2025-07-03,45.07,CMND_2025-07-03_45.07,CMND_quotes_2025_07_03.parquet,True
CMND,2025-09-19,31.00,CMND_2025-09-19_31.00,CMND_quotes_2025_09_19.parquet,True
CMPOW,2025-08-08,46.84,CMPOW_2025-08-08_46.84,CMPOW_quotes_2025_08_08.parquet,True
CMPX,2025-01-08,87.41,CMPX_2025-01-08_87.41,CMPX_quotes_2025_01_08.parquet,True
CNCKW,2025-01-16,30.59,CNCKW_2025-01-16_30.59,CNCKW_quotes_2025_01_16.parquet,True
CNCKW,2025-02-26,56.84,CNCKW_2025-02-26_56.84,CNCKW_quotes_2025_02_26.parquet,True
CNCKW,2025-04-22,53.33,CNCKW_2025-04-22_53.33,CNCKW_quotes_2025_04_22.parquet,True
CNCKW,2025-05-09,31.16,CNCKW_2025-05-09_31.16,CNCKW_quotes_2025_05_09.parquet,True
CNCKW,2025-08-06,39.61,CNCKW_2025-08-06_39.61,CNCKW_quotes_2025_08_06.parquet,True
CNCKW,2025-08-08,44.74,CNCKW_2025-08-08_44.74,CNCKW_quotes_2025_08_08.parquet,True
CNCK,2025-05-22,33.61,CNCK_2025-05-22_33.61,CNCK_quotes_2025_05_22.parquet,True
CNET,2025-06-11,41.50,CNET_2025-06-11_41.50,CNET_quotes_2025_06_11.parquet,True
CNET,2025-09-12,66.47,CNET_2025-09-12_66.47,CNET_quotes_2025_09_12.parquet,True
CNEY,2025-01-07,35.42,CNEY_2025-01-07_35.42,CNEY_quotes_2025_01_07.parquet,True
CNEY,2025-02-24,67.62,CNEY_2025-02-24_67.62,CNEY_quotes_2025_02_24.parquet,True
CNEY,2025-04-24,59.32,CNEY_2025-04-24_59.32,CNEY_quotes_2025_04_24.parquet,True
CNEY,2025-05-02,50.21,CNEY_2025-05-02_50.21,CNEY_quotes_2025_05_02.parquet,True
CNEY,2025-05-07,62.53,CNEY_2025-05-07_62.53,CNEY_quotes_2025_05_07.parquet,True
CNEY,2025-05-12,52.62,CNEY_2025-05-12_52.62,CNEY_quotes_2025_05_12.parquet,True
CNF,2025-04-30,50.47,CNF_2025-04-30_50.47,CNF_quotes_2025_04_30.parquet,True
CNF,2025-09-05,160.42,CNF_2025-09-05_160.42,CNF_quotes_2025_09_05.parquet,True
CNSP,2025-01-06,32.28,CNSP_2025-01-06_32.28,CNSP_quotes_2025_01_06.parquet,True
CNSP,2025-02-14,76.25,CNSP_2025-02-14_76.25,CNSP_quotes_2025_02_14.parquet,True
CNSP,2025-05-13,139.66,CNSP_2025-05-13_139.66,CNSP_quotes_2025_05_13.parquet,True
CNSP,2025-08-20,35.30,CNSP_2025-08-20_35.30,CNSP_quotes_2025_08_20.parquet,True
CNTB,2025-04-15,53.63,CNTB_2025-04-15_53.63,CNTB_quotes_2025_04_15.parquet,True
CNTB,2025-07-11,35.65,CNTB_2025-07-11_35.65,CNTB_quotes_2025_07_11.parquet,True
CNTB,2025-07-22,43.00,CNTB_2025-07-22_43.00,CNTB_quotes_2025_07_22.parquet,True
CNXC,2025-03-27,44.48,CNXC_2025-03-27_44.48,CNXC_quotes_2025_03_27.parquet,True
COCH,2025-10-07,134.26,COCH_2025-10-07_134.26,COCH_quotes_2025_10_07.parquet,True
COCP,2025-09-12,85.42,COCP_2025-09-12_85.42,COCP_quotes_2025_09_12.parquet,True
CODX,2025-01-06,37.18,CODX_2025-01-06_37.18,CODX_quotes_2025_01_06.parquet,True
CODX,2025-10-27,341.97,CODX_2025-10-27_341.97,CODX_quotes_2025_10_27.parquet,True
COEP,2025-01-06,43.88,COEP_2025-01-06_43.88,COEP_quotes_2025_01_06.parquet,True
COGT,2025-07-07,34.96,COGT_2025-07-07_34.96,COGT_quotes_2025_07_07.parquet,True
COIG,2025-04-09,34.82,COIG_2025-04-09_34.82,COIG_quotes_2025_04_09.parquet,True
COIG,2025-05-13,50.65,COIG_2025-05-13_50.65,COIG_quotes_2025_05_13.parquet,True
COIG,2025-06-18,35.86,COIG_2025-06-18_35.86,COIG_quotes_2025_06_18.parquet,True
COMM,2025-08-04,94.48,COMM_2025-08-04_94.48,COMM_quotes_2025_08_04.parquet,True
CONI,2025-08-01,35.68,CONI_2025-08-01_35.68,CONI_quotes_2025_08_01.parquet,True
CONL,2025-04-09,42.31,CONL_2025-04-09_42.31,CONL_quotes_2025_04_09.parquet,True
CONL,2025-05-13,51.27,CONL_2025-05-13_51.27,CONL_quotes_2025_05_13.parquet,True
CONL,2025-06-18,35.49,CONL_2025-06-18_35.49,CONL_quotes_2025_06_18.parquet,True
COOK,2025-06-09,50.34,COOK_2025-06-09_50.34,COOK_quotes_2025_06_09.parquet,True
COOT,2025-10-14,78.79,COOT_2025-10-14_78.79,COOT_quotes_2025_10_14.parquet,True
COOT,2025-10-15,366.32,COOT_2025-10-15_366.32,COOT_quotes_2025_10_15.parquet,True
CORT,2025-03-31,114.77,CORT_2025-03-31_114.77,CORT_quotes_2025_03_31.parquet,True
CORZW,2025-02-27,32.00,CORZW_2025-02-27_32.00,CORZW_quotes_2025_02_27.parquet,True
CORZW,2025-04-09,34.36,CORZW_2025-04-09_34.36,CORZW_quotes_2025_04_09.parquet,True
CORZW,2025-06-26,63.33,CORZW_2025-06-26_63.33,CORZW_quotes_2025_06_26.parquet,True
CORZZ,2025-06-26,37.54,CORZZ_2025-06-26_37.54,CORZZ_quotes_2025_06_26.parquet,True
CORZ,2025-06-26,37.32,CORZ_2025-06-26_37.32,CORZ_quotes_2025_06_26.parquet,True
COSM,2025-08-06,45.79,COSM_2025-08-06_45.79,COSM_quotes_2025_08_06.parquet,True
COUR,2025-07-25,37.56,COUR_2025-07-25_37.56,COUR_quotes_2025_07_25.parquet,True
CPIX,2025-01-14,68.67,CPIX_2025-01-14_68.67,CPIX_quotes_2025_01_14.parquet,True
CPIX,2025-02-04,77.93,CPIX_2025-02-04_77.93,CPIX_quotes_2025_02_04.parquet,True
CPIX,2025-02-05,71.01,CPIX_2025-02-05_71.01,CPIX_quotes_2025_02_05.parquet,True
CPIX,2025-02-19,49.17,CPIX_2025-02-19_49.17,CPIX_quotes_2025_02_19.parquet,True
CPIX,2025-06-30,35.38,CPIX_2025-06-30_35.38,CPIX_quotes_2025_06_30.parquet,True
CPOP,2025-01-06,32.79,CPOP_2025-01-06_32.79,CPOP_quotes_2025_01_06.parquet,True
CPOP,2025-07-31,177.98,CPOP_2025-07-31_177.98,CPOP_quotes_2025_07_31.parquet,True
CPOP,2025-08-06,104.13,CPOP_2025-08-06_104.13,CPOP_quotes_2025_08_06.parquet,True
CPOP,2025-08-20,40.21,CPOP_2025-08-20_40.21,CPOP_quotes_2025_08_20.parquet,True
CPOP,2025-09-10,47.91,CPOP_2025-09-10_47.91,CPOP_quotes_2025_09_10.parquet,True
CPOP,2025-09-25,85.77,CPOP_2025-09-25_85.77,CPOP_quotes_2025_09_25.parquet,True
CPRI,2025-04-09,33.41,CPRI_2025-04-09_33.41,CPRI_quotes_2025_04_09.parquet,True
CPS,2025-05-02,45.86,CPS_2025-05-02_45.86,CPS_quotes_2025_05_02.parquet,True
CRCG,2025-08-12,35.16,CRCG_2025-08-12_35.16,CRCG_quotes_2025_08_12.parquet,True
CRCG,2025-09-11,39.53,CRCG_2025-09-11_39.53,CRCG_quotes_2025_09_11.parquet,True
CRCG,2025-10-02,35.12,CRCG_2025-10-02_35.12,CRCG_quotes_2025_10_02.parquet,True
CRCL,2025-06-06,48.40,CRCL_2025-06-06_48.40,CRCL_quotes_2025_06_06.parquet,True
CRCL,2025-06-18,34.70,CRCL_2025-06-18_34.70,CRCL_quotes_2025_06_18.parquet,True
CREG,2025-05-13,32.84,CREG_2025-05-13_32.84,CREG_quotes_2025_05_13.parquet,True
CREG,2025-06-16,154.33,CREG_2025-06-16_154.33,CREG_quotes_2025_06_16.parquet,True
CREG,2025-08-07,68.39,CREG_2025-08-07_68.39,CREG_quotes_2025_08_07.parquet,True
CREG,2025-10-01,35.25,CREG_2025-10-01_35.25,CREG_quotes_2025_10_01.parquet,True
CRESW,2025-10-27,52.06,CRESW_2025-10-27_52.06,CRESW_quotes_2025_10_27.parquet,True
CRESY,2025-10-27,44.29,CRESY_2025-10-27_44.29,CRESY_quotes_2025_10_27.parquet,True
CREV,2025-01-24,122.28,CREV_2025-01-24_122.28,CREV_quotes_2025_01_24.parquet,True
CREV,2025-05-02,42.00,CREV_2025-05-02_42.00,CREV_quotes_2025_05_02.parquet,True
CREV,2025-06-24,57.78,CREV_2025-06-24_57.78,CREV_quotes_2025_06_24.parquet,True
CREV,2025-06-25,35.43,CREV_2025-06-25_35.43,CREV_quotes_2025_06_25.parquet,True
CREV,2025-07-07,62.60,CREV_2025-07-07_62.60,CREV_quotes_2025_07_07.parquet,True
CREV,2025-07-25,59.42,CREV_2025-07-25_59.42,CREV_quotes_2025_07_25.parquet,True
CREV,2025-07-28,87.37,CREV_2025-07-28_87.37,CREV_quotes_2025_07_28.parquet,True
CREV,2025-10-17,51.41,CREV_2025-10-17_51.41,CREV_quotes_2025_10_17.parquet,True
CREV,2025-10-28,31.45,CREV_2025-10-28_31.45,CREV_quotes_2025_10_28.parquet,True
CRE,2025-07-24,93.52,CRE_2025-07-24_93.52,CRE_quotes_2025_07_24.parquet,True
CRE,2025-09-22,52.47,CRE_2025-09-22_52.47,CRE_quotes_2025_09_22.parquet,True
CRE,2025-09-30,62.67,CRE_2025-09-30_62.67,CRE_quotes_2025_09_30.parquet,True
CRGO,2025-04-09,31.87,CRGO_2025-04-09_31.87,CRGO_quotes_2025_04_09.parquet,True
CRMD,2025-01-07,37.33,CRMD_2025-01-07_37.33,CRMD_quotes_2025_01_07.parquet,True
CRMLW,2025-07-16,40.10,CRMLW_2025-07-16_40.10,CRMLW_quotes_2025_07_16.parquet,True
CRMLW,2025-07-17,52.39,CRMLW_2025-07-17_52.39,CRMLW_quotes_2025_07_17.parquet,True
CRMLW,2025-07-18,48.50,CRMLW_2025-07-18_48.50,CRMLW_quotes_2025_07_18.parquet,True
CRMLW,2025-08-26,40.53,CRMLW_2025-08-26_40.53,CRMLW_quotes_2025_08_26.parquet,True
CRMLW,2025-10-06,172.98,CRMLW_2025-10-06_172.98,CRMLW_quotes_2025_10_06.parquet,True
CRMLW,2025-10-08,47.63,CRMLW_2025-10-08_47.63,CRMLW_quotes_2025_10_08.parquet,True
CRMLW,2025-10-09,46.32,CRMLW_2025-10-09_46.32,CRMLW_quotes_2025_10_09.parquet,True
CRMLW,2025-10-10,38.30,CRMLW_2025-10-10_38.30,CRMLW_quotes_2025_10_10.parquet,True
CRMLW,2025-10-13,80.53,CRMLW_2025-10-13_80.53,CRMLW_quotes_2025_10_13.parquet,True
CRMLW,2025-10-14,68.34,CRMLW_2025-10-14_68.34,CRMLW_quotes_2025_10_14.parquet,True
CRMLW,2025-10-24,41.64,CRMLW_2025-10-24_41.64,CRMLW_quotes_2025_10_24.parquet,True
CRML,2025-01-10,30.60,CRML_2025-01-10_30.60,CRML_quotes_2025_01_10.parquet,True
CRML,2025-03-04,37.13,CRML_2025-03-04_37.13,CRML_quotes_2025_03_04.parquet,True
CRML,2025-04-11,45.13,CRML_2025-04-11_45.13,CRML_quotes_2025_04_11.parquet,True
CRML,2025-04-14,30.16,CRML_2025-04-14_30.16,CRML_quotes_2025_04_14.parquet,True
CRML,2025-06-13,32.30,CRML_2025-06-13_32.30,CRML_quotes_2025_06_13.parquet,True
CRML,2025-06-16,76.35,CRML_2025-06-16_76.35,CRML_quotes_2025_06_16.parquet,True
CRML,2025-06-26,38.99,CRML_2025-06-26_38.99,CRML_quotes_2025_06_26.parquet,True
CRML,2025-07-15,38.93,CRML_2025-07-15_38.93,CRML_quotes_2025_07_15.parquet,True
CRML,2025-10-06,109.02,CRML_2025-10-06_109.02,CRML_quotes_2025_10_06.parquet,True
CRML,2025-10-09,34.77,CRML_2025-10-09_34.77,CRML_quotes_2025_10_09.parquet,True
CRML,2025-10-10,30.86,CRML_2025-10-10_30.86,CRML_quotes_2025_10_10.parquet,True
CRML,2025-10-13,58.01,CRML_2025-10-13_58.01,CRML_quotes_2025_10_13.parquet,True
CRML,2025-10-14,38.10,CRML_2025-10-14_38.10,CRML_quotes_2025_10_14.parquet,True
CRNC,2025-01-03,150.82,CRNC_2025-01-03_150.82,CRNC_quotes_2025_01_03.parquet,True
CRNC,2025-01-06,42.27,CRNC_2025-01-06_42.27,CRNC_quotes_2025_01_06.parquet,True
CRNX,2025-09-26,30.79,CRNX_2025-09-26_30.79,CRNX_quotes_2025_09_26.parquet,True
CRVO,2025-03-12,189.83,CRVO_2025-03-12_189.83,CRVO_quotes_2025_03_12.parquet,True
CRVO,2025-03-17,47.67,CRVO_2025-03-17_47.67,CRVO_quotes_2025_03_17.parquet,True
CRVO,2025-03-20,30.95,CRVO_2025-03-20_30.95,CRVO_quotes_2025_03_20.parquet,True
CRVO,2025-03-21,46.54,CRVO_2025-03-21_46.54,CRVO_quotes_2025_03_21.parquet,True
CRVO,2025-03-27,39.04,CRVO_2025-03-27_39.04,CRVO_quotes_2025_03_27.parquet,True
CRVO,2025-04-02,40.28,CRVO_2025-04-02_40.28,CRVO_quotes_2025_04_02.parquet,True
CRVO,2025-07-28,46.21,CRVO_2025-07-28_46.21,CRVO_quotes_2025_07_28.parquet,True
CRVS,2025-05-09,34.03,CRVS_2025-05-09_34.03,CRVS_quotes_2025_05_09.parquet,True
CRWG,2025-09-10,48.96,CRWG_2025-09-10_48.96,CRWG_quotes_2025_09_10.parquet,True
CRWG,2025-09-30,32.69,CRWG_2025-09-30_32.69,CRWG_quotes_2025_09_30.parquet,True
CRWL,2025-04-09,34.81,CRWL_2025-04-09_34.81,CRWL_quotes_2025_04_09.parquet,True
CRWV,2025-04-01,43.66,CRWV_2025-04-01_43.66,CRWV_quotes_2025_04_01.parquet,True
CSAI,2025-02-10,176.44,CSAI_2025-02-10_176.44,CSAI_quotes_2025_02_10.parquet,True
CSAI,2025-02-11,31.52,CSAI_2025-02-11_31.52,CSAI_quotes_2025_02_11.parquet,True
CSAI,2025-02-12,53.19,CSAI_2025-02-12_53.19,CSAI_quotes_2025_02_12.parquet,True
CSAI,2025-02-13,197.39,CSAI_2025-02-13_197.39,CSAI_quotes_2025_02_13.parquet,True
CSAI,2025-02-18,35.07,CSAI_2025-02-18_35.07,CSAI_quotes_2025_02_18.parquet,True
CSAI,2025-03-19,54.40,CSAI_2025-03-19_54.40,CSAI_quotes_2025_03_19.parquet,True
CSAI,2025-04-01,158.11,CSAI_2025-04-01_158.11,CSAI_quotes_2025_04_01.parquet,True
CSAI,2025-10-15,41.54,CSAI_2025-10-15_41.54,CSAI_quotes_2025_10_15.parquet,True
CSBR,2025-06-12,36.84,CSBR_2025-06-12_36.84,CSBR_quotes_2025_06_12.parquet,True
CSTL,2025-08-05,39.25,CSTL_2025-08-05_39.25,CSTL_quotes_2025_08_05.parquet,True
CTEV,2025-05-29,37.51,CTEV_2025-05-29_37.51,CTEV_quotes_2025_05_29.parquet,True
CTEV,2025-08-06,31.65,CTEV_2025-08-06_31.65,CTEV_quotes_2025_08_06.parquet,True
CTMX,2025-05-12,134.81,CTMX_2025-05-12_134.81,CTMX_quotes_2025_05_12.parquet,True
CTNM,2025-06-20,33.42,CTNM_2025-06-20_33.42,CTNM_quotes_2025_06_20.parquet,True
CTNM,2025-07-21,31.72,CTNM_2025-07-21_31.72,CTNM_quotes_2025_07_21.parquet,True
CTNT,2025-06-05,62.68,CTNT_2025-06-05_62.68,CTNT_quotes_2025_06_05.parquet,True
CTOR,2025-03-31,75.94,CTOR_2025-03-31_75.94,CTOR_quotes_2025_03_31.parquet,True
CTOR,2025-06-20,121.29,CTOR_2025-06-20_121.29,CTOR_quotes_2025_06_20.parquet,True
CTOR,2025-06-24,30.40,CTOR_2025-06-24_30.40,CTOR_quotes_2025_06_24.parquet,True
CTOR,2025-06-27,76.86,CTOR_2025-06-27_76.86,CTOR_quotes_2025_06_27.parquet,True
CTOR,2025-07-23,72.12,CTOR_2025-07-23_72.12,CTOR_quotes_2025_07_23.parquet,True
CTOR,2025-10-16,30.81,CTOR_2025-10-16_30.81,CTOR_quotes_2025_10_16.parquet,True
CTOS,2025-03-05,36.32,CTOS_2025-03-05_36.32,CTOS_quotes_2025_03_05.parquet,True
CTW,2025-09-23,42.79,CTW_2025-09-23_42.79,CTW_quotes_2025_09_23.parquet,True
CTXR,2025-03-28,32.31,CTXR_2025-03-28_32.31,CTXR_quotes_2025_03_28.parquet,True
CTXR,2025-03-31,47.10,CTXR_2025-03-31_47.10,CTXR_quotes_2025_03_31.parquet,True
CTXR,2025-06-09,179.67,CTXR_2025-06-09_179.67,CTXR_quotes_2025_06_09.parquet,True
CTXR,2025-06-20,35.88,CTXR_2025-06-20_35.88,CTXR_quotes_2025_06_20.parquet,True
CTXR,2025-06-27,34.59,CTXR_2025-06-27_34.59,CTXR_quotes_2025_06_27.parquet,True
CTXR,2025-10-16,39.57,CTXR_2025-10-16_39.57,CTXR_quotes_2025_10_16.parquet,True
CTXR,2025-10-20,51.03,CTXR_2025-10-20_51.03,CTXR_quotes_2025_10_20.parquet,True
CUE,2025-01-03,41.28,CUE_2025-01-03_41.28,CUE_quotes_2025_01_03.parquet,True
CUE,2025-07-16,47.14,CUE_2025-07-16_47.14,CUE_quotes_2025_07_16.parquet,True
CUPR,2025-05-02,34.87,CUPR_2025-05-02_34.87,CUPR_quotes_2025_05_02.parquet,True
CUPR,2025-06-09,34.75,CUPR_2025-06-09_34.75,CUPR_quotes_2025_06_09.parquet,True
CUPR,2025-08-21,65.50,CUPR_2025-08-21_65.50,CUPR_quotes_2025_08_21.parquet,True
CUPR,2025-09-10,249.00,CUPR_2025-09-10_249.00,CUPR_quotes_2025_09_10.parquet,True
CUPR,2025-10-27,41.45,CUPR_2025-10-27_41.45,CUPR_quotes_2025_10_27.parquet,True
CURI,2025-03-12,32.23,CURI_2025-03-12_32.23,CURI_quotes_2025_03_12.parquet,True
CURI,2025-05-07,60.61,CURI_2025-05-07_60.61,CURI_quotes_2025_05_07.parquet,True
CURR,2025-01-08,409.35,CURR_2025-01-08_409.35,CURR_quotes_2025_01_08.parquet,True
CURR,2025-02-19,62.94,CURR_2025-02-19_62.94,CURR_quotes_2025_02_19.parquet,True
CURR,2025-03-17,37.44,CURR_2025-03-17_37.44,CURR_quotes_2025_03_17.parquet,True
CURR,2025-07-01,37.44,CURR_2025-07-01_37.44,CURR_quotes_2025_07_01.parquet,True
CURR,2025-07-07,128.85,CURR_2025-07-07_128.85,CURR_quotes_2025_07_07.parquet,True
CURR,2025-08-14,41.30,CURR_2025-08-14_41.30,CURR_quotes_2025_08_14.parquet,True
CURR,2025-10-28,38.80,CURR_2025-10-28_38.80,CURR_quotes_2025_10_28.parquet,True
CURR,2025-10-31,31.28,CURR_2025-10-31_31.28,CURR_quotes_2025_10_31.parquet,True
CURX,2025-09-26,54.64,CURX_2025-09-26_54.64,CURX_quotes_2025_09_26.parquet,True
CVAC,2025-06-12,40.54,CVAC_2025-06-12_40.54,CVAC_quotes_2025_06_12.parquet,True
CVGI,2025-05-07,33.33,CVGI_2025-05-07_33.33,CVGI_quotes_2025_05_07.parquet,True
CVKD,2025-06-30,31.28,CVKD_2025-06-30_31.28,CVKD_quotes_2025_06_30.parquet,True
CVNX,2025-07-31,47.09,CVNX_2025-07-31_47.09,CVNX_quotes_2025_07_31.parquet,True
CV,2025-07-03,41.71,CV_2025-07-03_41.71,CV_quotes_2025_07_03.parquet,True
CWD,2025-08-05,217.79,CWD_2025-08-05_217.79,CWD_quotes_2025_08_05.parquet,True
CWD,2025-08-28,177.65,CWD_2025-08-28_177.65,CWD_quotes_2025_08_28.parquet,True
CWD,2025-09-09,2132.56,CWD_2025-09-09_2132.56,CWD_quotes_2025_09_09.parquet,True
CWD,2025-09-17,48.50,CWD_2025-09-17_48.50,CWD_quotes_2025_09_17.parquet,True
CXAI,2025-04-04,84.68,CXAI_2025-04-04_84.68,CXAI_quotes_2025_04_04.parquet,True
CYCN,2025-01-31,75.98,CYCN_2025-01-31_75.98,CYCN_quotes_2025_01_31.parquet,True
CYCN,2025-02-03,59.44,CYCN_2025-02-03_59.44,CYCN_quotes_2025_02_03.parquet,True
CYCU,2025-02-19,46.27,CYCU_2025-02-19_46.27,CYCU_quotes_2025_02_19.parquet,True
CYCU,2025-03-04,44.34,CYCU_2025-03-04_44.34,CYCU_quotes_2025_03_04.parquet,True
CYCU,2025-03-05,49.91,CYCU_2025-03-05_49.91,CYCU_quotes_2025_03_05.parquet,True
CYCU,2025-04-08,61.83,CYCU_2025-04-08_61.83,CYCU_quotes_2025_04_08.parquet,True
CYCU,2025-08-22,57.23,CYCU_2025-08-22_57.23,CYCU_quotes_2025_08_22.parquet,True
CYCU,2025-09-02,30.98,CYCU_2025-09-02_30.98,CYCU_quotes_2025_09_02.parquet,True
CYCU,2025-09-24,35.40,CYCU_2025-09-24_35.40,CYCU_quotes_2025_09_24.parquet,True
CYCU,2025-09-25,86.79,CYCU_2025-09-25_86.79,CYCU_quotes_2025_09_25.parquet,True
CYCU,2025-09-29,55.62,CYCU_2025-09-29_55.62,CYCU_quotes_2025_09_29.parquet,True
CYCU,2025-10-16,43.32,CYCU_2025-10-16_43.32,CYCU_quotes_2025_10_16.parquet,True
CYCU,2025-10-29,30.83,CYCU_2025-10-29_30.83,CYCU_quotes_2025_10_29.parquet,True
CYD,2025-02-20,48.47,CYD_2025-02-20_48.47,CYD_quotes_2025_02_20.parquet,True
CYD,2025-02-24,30.00,CYD_2025-02-24_30.00,CYD_quotes_2025_02_24.parquet,True
CYH,2025-04-24,30.66,CYH_2025-04-24_30.66,CYH_quotes_2025_04_24.parquet,True
CYN,2025-01-14,45.62,CYN_2025-01-14_45.62,CYN_quotes_2025_01_14.parquet,True
CYN,2025-02-05,43.94,CYN_2025-02-05_43.94,CYN_quotes_2025_02_05.parquet,True
CYN,2025-02-10,227.24,CYN_2025-02-10_227.24,CYN_quotes_2025_02_10.parquet,True
CYN,2025-02-11,56.74,CYN_2025-02-11_56.74,CYN_quotes_2025_02_11.parquet,True
CYN,2025-02-21,37.06,CYN_2025-02-21_37.06,CYN_quotes_2025_02_21.parquet,True
CYN,2025-06-26,729.14,CYN_2025-06-26_729.14,CYN_quotes_2025_06_26.parquet,True
CYN,2025-06-27,81.47,CYN_2025-06-27_81.47,CYN_quotes_2025_06_27.parquet,True
CYN,2025-07-02,34.37,CYN_2025-07-02_34.37,CYN_quotes_2025_07_02.parquet,True
CYN,2025-07-11,32.22,CYN_2025-07-11_32.22,CYN_quotes_2025_07_11.parquet,True
CYRX,2025-03-05,32.21,CYRX_2025-03-05_32.21,CYRX_quotes_2025_03_05.parquet,True
CYRX,2025-03-11,42.13,CYRX_2025-03-11_42.13,CYRX_quotes_2025_03_11.parquet,True
CYRX,2025-08-06,38.72,CYRX_2025-08-06_38.72,CYRX_quotes_2025_08_06.parquet,True
CYTK,2025-09-02,42.15,CYTK_2025-09-02_42.15,CYTK_quotes_2025_09_02.parquet,True
DAIC,2025-06-24,75.34,DAIC_2025-06-24_75.34,DAIC_quotes_2025_06_24.parquet,True
DAIC,2025-07-02,210.20,DAIC_2025-07-02_210.20,DAIC_quotes_2025_07_02.parquet,True
DAO,2025-02-10,50.96,DAO_2025-02-10_50.96,DAO_quotes_2025_02_10.parquet,True
DARE,2025-07-14,265.41,DARE_2025-07-14_265.41,DARE_quotes_2025_07_14.parquet,True
DAVEW,2025-05-21,50.00,DAVEW_2025-05-21_50.00,DAVEW_quotes_2025_05_21.parquet,True
DAVEW,2025-06-16,30.26,DAVEW_2025-06-16_30.26,DAVEW_quotes_2025_06_16.parquet,True
DAVEW,2025-06-27,30.47,DAVEW_2025-06-27_30.47,DAVEW_quotes_2025_06_27.parquet,True
DAVEW,2025-06-30,38.30,DAVEW_2025-06-30_38.30,DAVEW_quotes_2025_06_30.parquet,True
DAVEW,2025-07-09,48.37,DAVEW_2025-07-09_48.37,DAVEW_quotes_2025_07_09.parquet,True
DAVE,2025-05-08,42.18,DAVE_2025-05-08_42.18,DAVE_quotes_2025_05_08.parquet,True
DBGI,2025-01-22,119.23,DBGI_2025-01-22_119.23,DBGI_quotes_2025_01_22.parquet,False
DBGI,2025-01-24,30.13,DBGI_2025-01-24_30.13,DBGI_quotes_2025_01_24.parquet,False
DBGI,2025-02-03,36.96,DBGI_2025-02-03_36.96,DBGI_quotes_2025_02_03.parquet,False
DBGI,2025-02-10,31.90,DBGI_2025-02-10_31.90,DBGI_quotes_2025_02_10.parquet,False
DBGI,2025-02-14,203.79,DBGI_2025-02-14_203.79,DBGI_quotes_2025_02_14.parquet,False
DBGI,2025-02-18,51.52,DBGI_2025-02-18_51.52,DBGI_quotes_2025_02_18.parquet,False
DBGI,2025-05-20,60.65,DBGI_2025-05-20_60.65,DBGI_quotes_2025_05_20.parquet,False
DBGI,2025-07-09,34.51,DBGI_2025-07-09_34.51,DBGI_quotes_2025_07_09.parquet,False
DBGI,2025-07-21,34.19,DBGI_2025-07-21_34.19,DBGI_quotes_2025_07_21.parquet,False
DBGI,2025-08-19,34.94,DBGI_2025-08-19_34.94,DBGI_quotes_2025_08_19.parquet,False
DBGI,2025-09-24,59.77,DBGI_2025-09-24_59.77,DBGI_quotes_2025_09_24.parquet,True
DBVT,2025-01-10,34.20,DBVT_2025-01-10_34.20,DBVT_quotes_2025_01_10.parquet,True
DBVT,2025-03-28,73.40,DBVT_2025-03-28_73.40,DBVT_quotes_2025_03_28.parquet,True
DBVT,2025-04-02,31.58,DBVT_2025-04-02_31.58,DBVT_quotes_2025_04_02.parquet,True
DCGO,2025-10-21,37.50,DCGO_2025-10-21_37.50,DCGO_quotes_2025_10_21.parquet,True
DDD,2025-08-12,37.22,DDD_2025-08-12_37.22,DDD_quotes_2025_08_12.parquet,True
DERM,2025-05-15,38.02,DERM_2025-05-15_38.02,DERM_quotes_2025_05_15.parquet,True
DEVS,2025-05-07,130.57,DEVS_2025-05-07_130.57,DEVS_quotes_2025_05_07.parquet,True
DEVS,2025-05-09,43.87,DEVS_2025-05-09_43.87,DEVS_quotes_2025_05_09.parquet,True
DEVS,2025-05-12,302.86,DEVS_2025-05-12_302.86,DEVS_quotes_2025_05_12.parquet,True
DEVS,2025-05-14,85.96,DEVS_2025-05-14_85.96,DEVS_quotes_2025_05_14.parquet,True
DEVS,2025-05-23,83.34,DEVS_2025-05-23_83.34,DEVS_quotes_2025_05_23.parquet,True
DEVS,2025-07-21,132.72,DEVS_2025-07-21_132.72,DEVS_quotes_2025_07_21.parquet,True
DEVS,2025-07-22,36.65,DEVS_2025-07-22_36.65,DEVS_quotes_2025_07_22.parquet,True
DEVS,2025-08-01,30.34,DEVS_2025-08-01_30.34,DEVS_quotes_2025_08_01.parquet,True
DEVS,2025-08-27,88.66,DEVS_2025-08-27_88.66,DEVS_quotes_2025_08_27.parquet,True
DFDV,2025-05-09,41.34,DFDV_2025-05-09_41.34,DFDV_quotes_2025_05_09.parquet,True
DFDV,2025-05-12,30.38,DFDV_2025-05-12_30.38,DFDV_quotes_2025_05_12.parquet,True
DFDV,2025-05-16,74.45,DFDV_2025-05-16_74.45,DFDV_quotes_2025_05_16.parquet,True
DFDV,2025-05-20,48.26,DFDV_2025-05-20_48.26,DFDV_quotes_2025_05_20.parquet,True
DFDV,2025-05-21,47.49,DFDV_2025-05-21_47.49,DFDV_quotes_2025_05_21.parquet,True
DFDV,2025-05-22,51.65,DFDV_2025-05-22_51.65,DFDV_quotes_2025_05_22.parquet,True
DFDV,2025-06-06,37.39,DFDV_2025-06-06_37.39,DFDV_quotes_2025_06_06.parquet,True
DFDV,2025-06-09,34.49,DFDV_2025-06-09_34.49,DFDV_quotes_2025_06_09.parquet,True
DFDV,2025-06-30,36.03,DFDV_2025-06-30_36.03,DFDV_quotes_2025_06_30.parquet,True
DFLI,2025-10-02,88.62,DFLI_2025-10-02_88.62,DFLI_quotes_2025_10_02.parquet,True
DFLI,2025-10-03,113.08,DFLI_2025-10-03_113.08,DFLI_quotes_2025_10_03.parquet,True
DFLI,2025-10-13,44.95,DFLI_2025-10-13_44.95,DFLI_quotes_2025_10_13.parquet,True
DFLI,2025-10-15,70.59,DFLI_2025-10-15_70.59,DFLI_quotes_2025_10_15.parquet,True
DFSC,2025-10-31,37.93,DFSC_2025-10-31_37.93,DFSC_quotes_2025_10_31.parquet,True
DGLY,2025-02-18,43.42,DGLY_2025-02-18_43.42,DGLY_quotes_2025_02_18.parquet,True
DGLY,2025-03-26,47.50,DGLY_2025-03-26_47.50,DGLY_quotes_2025_03_26.parquet,True
DGLY,2025-04-02,218.08,DGLY_2025-04-02_218.08,DGLY_quotes_2025_04_02.parquet,True
DGLY,2025-04-21,31.47,DGLY_2025-04-21_31.47,DGLY_quotes_2025_04_21.parquet,True
DGLY,2025-04-28,70.82,DGLY_2025-04-28_70.82,DGLY_quotes_2025_04_28.parquet,True
DGLY,2025-04-29,34.29,DGLY_2025-04-29_34.29,DGLY_quotes_2025_04_29.parquet,True
DGLY,2025-05-08,52.86,DGLY_2025-05-08_52.86,DGLY_quotes_2025_05_08.parquet,True
DGLY,2025-05-27,67.98,DGLY_2025-05-27_67.98,DGLY_quotes_2025_05_27.parquet,True
DGLY,2025-09-10,35.91,DGLY_2025-09-10_35.91,DGLY_quotes_2025_09_10.parquet,True
DGNX,2025-01-23,206.01,DGNX_2025-01-23_206.01,DGNX_quotes_2025_01_23.parquet,True
DGNX,2025-01-28,88.96,DGNX_2025-01-28_88.96,DGNX_quotes_2025_01_28.parquet,True
DGNX,2025-01-29,234.55,DGNX_2025-01-29_234.55,DGNX_quotes_2025_01_29.parquet,True
DGNX,2025-01-31,44.69,DGNX_2025-01-31_44.69,DGNX_quotes_2025_01_31.parquet,True
DGNX,2025-02-07,34.86,DGNX_2025-02-07_34.86,DGNX_quotes_2025_02_07.parquet,True
DGNX,2025-02-21,42.96,DGNX_2025-02-21_42.96,DGNX_quotes_2025_02_21.parquet,True
DGNX,2025-02-24,46.68,DGNX_2025-02-24_46.68,DGNX_quotes_2025_02_24.parquet,True
DGNX,2025-03-19,55.07,DGNX_2025-03-19_55.07,DGNX_quotes_2025_03_19.parquet,True
DGNX,2025-03-20,37.73,DGNX_2025-03-20_37.73,DGNX_quotes_2025_03_20.parquet,True
DGNX,2025-04-15,30.27,DGNX_2025-04-15_30.27,DGNX_quotes_2025_04_15.parquet,True
DGNX,2025-06-06,58.87,DGNX_2025-06-06_58.87,DGNX_quotes_2025_06_06.parquet,True
DGNX,2025-07-10,30.83,DGNX_2025-07-10_30.83,DGNX_quotes_2025_07_10.parquet,True
DGNX,2025-09-10,82.38,DGNX_2025-09-10_82.38,DGNX_quotes_2025_09_10.parquet,True
DGNX,2025-09-22,43.70,DGNX_2025-09-22_43.70,DGNX_quotes_2025_09_22.parquet,True
DGNX,2025-10-08,30.82,DGNX_2025-10-08_30.82,DGNX_quotes_2025_10_08.parquet,True
DGXX,2025-04-21,92.94,DGXX_2025-04-21_92.94,DGXX_quotes_2025_04_21.parquet,True
DGXX,2025-10-27,30.50,DGXX_2025-10-27_30.50,DGXX_quotes_2025_10_27.parquet,True
DHC,2025-05-06,44.04,DHC_2025-05-06_44.04,DHC_quotes_2025_05_06.parquet,True
DHX,2025-05-08,32.35,DHX_2025-05-08_32.35,DHX_quotes_2025_05_08.parquet,True
DH,2025-05-09,54.41,DH_2025-05-09_54.41,DH_quotes_2025_05_09.parquet,True
DJTWW,2025-01-13,32.98,DJTWW_2025-01-13_32.98,DJTWW_quotes_2025_01_13.parquet,True
DKI,2025-08-25,54.92,DKI_2025-08-25_54.92,DKI_quotes_2025_08_25.parquet,True
DKI,2025-09-11,31.59,DKI_2025-09-11_31.59,DKI_quotes_2025_09_11.parquet,True
DKI,2025-09-25,31.16,DKI_2025-09-25_31.16,DKI_quotes_2025_09_25.parquet,True
DKI,2025-10-02,30.21,DKI_2025-10-02_30.21,DKI_quotes_2025_10_02.parquet,True
DLHC,2025-04-16,41.97,DLHC_2025-04-16_41.97,DLHC_quotes_2025_04_16.parquet,True
DLHC,2025-10-31,32.79,DLHC_2025-10-31_32.79,DLHC_quotes_2025_10_31.parquet,True
DLLL,2025-04-09,33.91,DLLL_2025-04-09_33.91,DLLL_quotes_2025_04_09.parquet,True
DLO,2025-08-14,34.64,DLO_2025-08-14_34.64,DLO_quotes_2025_08_14.parquet,True
DLPN,2025-08-14,52.14,DLPN_2025-08-14_52.14,DLPN_quotes_2025_08_14.parquet,True
DLTH,2025-09-04,97.46,DLTH_2025-09-04_97.46,DLTH_quotes_2025_09_04.parquet,True
DNOW,2025-02-13,30.48,DNOW_2025-02-13_30.48,DNOW_quotes_2025_02_13.parquet,True
DNUT,2025-07-23,38.74,DNUT_2025-07-23_38.74,DNUT_quotes_2025_07_23.parquet,True
DNUT,2025-10-22,37.74,DNUT_2025-10-22_37.74,DNUT_quotes_2025_10_22.parquet,True
DOCN,2025-08-05,30.62,DOCN_2025-08-05_30.62,DOCN_quotes_2025_08_05.parquet,True
DOCS,2025-02-07,38.53,DOCS_2025-02-07_38.53,DOCS_quotes_2025_02_07.parquet,True
DOGZ,2025-01-21,78.26,DOGZ_2025-01-21_78.26,DOGZ_quotes_2025_01_21.parquet,True
DOGZ,2025-08-14,42.90,DOGZ_2025-08-14_42.90,DOGZ_quotes_2025_08_14.parquet,True
DOMH,2025-01-24,36.36,DOMH_2025-01-24_36.36,DOMH_quotes_2025_01_24.parquet,True
DOMH,2025-01-30,67.40,DOMH_2025-01-30_67.40,DOMH_quotes_2025_01_30.parquet,True
DOMH,2025-02-10,101.86,DOMH_2025-02-10_101.86,DOMH_quotes_2025_02_10.parquet,True
DOMH,2025-02-11,83.93,DOMH_2025-02-11_83.93,DOMH_quotes_2025_02_11.parquet,True
DOMH,2025-02-13,97.67,DOMH_2025-02-13_97.67,DOMH_quotes_2025_02_13.parquet,True
DOMH,2025-02-25,31.93,DOMH_2025-02-25_31.93,DOMH_quotes_2025_02_25.parquet,True
DOMH,2025-03-24,41.65,DOMH_2025-03-24_41.65,DOMH_quotes_2025_03_24.parquet,True
DOMO,2025-05-22,36.02,DOMO_2025-05-22_36.02,DOMO_quotes_2025_05_22.parquet,True
DOUG,2025-05-23,49.53,DOUG_2025-05-23_49.53,DOUG_quotes_2025_05_23.parquet,True
DOYU,2025-01-16,31.41,DOYU_2025-01-16_31.41,DOYU_quotes_2025_01_16.parquet,True
DPRO,2025-06-05,31.03,DPRO_2025-06-05_31.03,DPRO_quotes_2025_06_05.parquet,True
DPRO,2025-06-10,30.84,DPRO_2025-06-10_30.84,DPRO_quotes_2025_06_10.parquet,True
DPRO,2025-06-20,38.58,DPRO_2025-06-20_38.58,DPRO_quotes_2025_06_20.parquet,True
DPRO,2025-07-16,46.81,DPRO_2025-07-16_46.81,DPRO_quotes_2025_07_16.parquet,True
DPRO,2025-07-17,41.02,DPRO_2025-07-17_41.02,DPRO_quotes_2025_07_17.parquet,True
DPRO,2025-09-30,37.41,DPRO_2025-09-30_37.41,DPRO_quotes_2025_09_30.parquet,True
DRCT,2025-01-10,119.33,DRCT_2025-01-10_119.33,DRCT_quotes_2025_01_10.parquet,True
DRCT,2025-01-13,34.15,DRCT_2025-01-13_34.15,DRCT_quotes_2025_01_13.parquet,True
DRCT,2025-03-27,88.39,DRCT_2025-03-27_88.39,DRCT_quotes_2025_03_27.parquet,True
DRCT,2025-05-01,75.46,DRCT_2025-05-01_75.46,DRCT_quotes_2025_05_01.parquet,True
DRIO,2025-01-07,81.92,DRIO_2025-01-07_81.92,DRIO_quotes_2025_01_07.parquet,True
DRIO,2025-01-14,74.60,DRIO_2025-01-14_74.60,DRIO_quotes_2025_01_14.parquet,True
DRIO,2025-04-11,34.26,DRIO_2025-04-11_34.26,DRIO_quotes_2025_04_11.parquet,True
DRIO,2025-09-25,65.07,DRIO_2025-09-25_65.07,DRIO_quotes_2025_09_25.parquet,True
DRMA,2025-01-24,38.66,DRMA_2025-01-24_38.66,DRMA_quotes_2025_01_24.parquet,True
DRMA,2025-03-27,75.56,DRMA_2025-03-27_75.56,DRMA_quotes_2025_03_27.parquet,True
DSY,2025-02-10,63.46,DSY_2025-02-10_63.46,DSY_quotes_2025_02_10.parquet,True
DSY,2025-09-09,618.63,DSY_2025-09-09_618.63,DSY_quotes_2025_09_09.parquet,True
DTCK,2025-06-06,108.33,DTCK_2025-06-06_108.33,DTCK_quotes_2025_06_06.parquet,True
DTCK,2025-06-17,90.84,DTCK_2025-06-17_90.84,DTCK_quotes_2025_06_17.parquet,True
DTCK,2025-10-02,30.71,DTCK_2025-10-02_30.71,DTCK_quotes_2025_10_02.parquet,True
DTCK,2025-10-27,43.48,DTCK_2025-10-27_43.48,DTCK_quotes_2025_10_27.parquet,True
DTIL,2025-01-10,65.33,DTIL_2025-01-10_65.33,DTIL_quotes_2025_01_10.parquet,True
DTSS,2025-01-27,47.62,DTSS_2025-01-27_47.62,DTSS_quotes_2025_01_27.parquet,True
DTST,2025-07-16,60.93,DTST_2025-07-16_60.93,DTST_quotes_2025_07_16.parquet,True
DUOL,2025-08-07,36.20,DUOL_2025-08-07_36.20,DUOL_quotes_2025_08_07.parquet,True
DUO,2025-05-12,64.50,DUO_2025-05-12_64.50,DUO_quotes_2025_05_12.parquet,True
DUO,2025-08-25,55.86,DUO_2025-08-25_55.86,DUO_quotes_2025_08_25.parquet,True
DUO,2025-08-29,67.95,DUO_2025-08-29_67.95,DUO_quotes_2025_08_29.parquet,True
DUO,2025-09-02,35.98,DUO_2025-09-02_35.98,DUO_quotes_2025_09_02.parquet,True
DUO,2025-09-05,59.85,DUO_2025-09-05_59.85,DUO_quotes_2025_09_05.parquet,True
DUO,2025-09-08,55.23,DUO_2025-09-08_55.23,DUO_quotes_2025_09_08.parquet,True
DVLT,2025-09-25,64.62,DVLT_2025-09-25_64.62,DVLT_quotes_2025_09_25.parquet,True
DVLT,2025-09-26,65.31,DVLT_2025-09-26_65.31,DVLT_quotes_2025_09_26.parquet,True
DVLT,2025-10-06,63.43,DVLT_2025-10-06_63.43,DVLT_quotes_2025_10_06.parquet,True
DVLT,2025-10-07,49.04,DVLT_2025-10-07_49.04,DVLT_quotes_2025_10_07.parquet,True
DVLT,2025-10-14,31.76,DVLT_2025-10-14_31.76,DVLT_quotes_2025_10_14.parquet,True
DVLT,2025-10-20,38.55,DVLT_2025-10-20_38.55,DVLT_quotes_2025_10_20.parquet,True
DVLT,2025-10-24,55.11,DVLT_2025-10-24_55.11,DVLT_quotes_2025_10_24.parquet,True
DWSN,2025-06-16,304.38,DWSN_2025-06-16_304.38,DWSN_quotes_2025_06_16.parquet,True
DWTX,2025-01-21,113.37,DWTX_2025-01-21_113.37,DWTX_quotes_2025_01_21.parquet,True
DWTX,2025-01-23,945.71,DWTX_2025-01-23_945.71,DWTX_quotes_2025_01_23.parquet,True
DWTX,2025-01-24,44.79,DWTX_2025-01-24_44.79,DWTX_quotes_2025_01_24.parquet,True
DWTX,2025-01-27,91.05,DWTX_2025-01-27_91.05,DWTX_quotes_2025_01_27.parquet,True
DWTX,2025-03-07,81.94,DWTX_2025-03-07_81.94,DWTX_quotes_2025_03_07.parquet,True
DWTX,2025-03-10,43.18,DWTX_2025-03-10_43.18,DWTX_quotes_2025_03_10.parquet,True
DWTX,2025-03-11,55.69,DWTX_2025-03-11_55.69,DWTX_quotes_2025_03_11.parquet,True
DWTX,2025-03-12,31.99,DWTX_2025-03-12_31.99,DWTX_quotes_2025_03_12.parquet,True
DWTX,2025-04-15,91.67,DWTX_2025-04-15_91.67,DWTX_quotes_2025_04_15.parquet,True
DWTX,2025-04-17,36.46,DWTX_2025-04-17_36.46,DWTX_quotes_2025_04_17.parquet,True
DWTX,2025-04-21,81.03,DWTX_2025-04-21_81.03,DWTX_quotes_2025_04_21.parquet,True
DWTX,2025-09-29,72.10,DWTX_2025-09-29_72.10,DWTX_quotes_2025_09_29.parquet,True
DXST,2025-01-23,41.38,DXST_2025-01-23_41.38,DXST_quotes_2025_01_23.parquet,True
DXST,2025-01-29,36.05,DXST_2025-01-29_36.05,DXST_quotes_2025_01_29.parquet,True
DXST,2025-05-08,31.05,DXST_2025-05-08_31.05,DXST_quotes_2025_05_08.parquet,True
DXYZ,2025-10-01,33.80,DXYZ_2025-10-01_33.80,DXYZ_quotes_2025_10_01.parquet,True
DYN,2025-10-27,45.74,DYN_2025-10-27_45.74,DYN_quotes_2025_10_27.parquet,True
EAF,2025-05-07,36.60,EAF_2025-05-07_36.60,EAF_quotes_2025_05_07.parquet,True
EAF,2025-07-18,38.99,EAF_2025-07-18_38.99,EAF_quotes_2025_07_18.parquet,True
EBON,2025-07-10,39.73,EBON_2025-07-10_39.73,EBON_quotes_2025_07_10.parquet,True
EBS,2025-05-08,41.35,EBS_2025-05-08_41.35,EBS_quotes_2025_05_08.parquet,True
EBS,2025-08-07,36.82,EBS_2025-08-07_36.82,EBS_quotes_2025_08_07.parquet,True
EBS,2025-10-30,42.66,EBS_2025-10-30_42.66,EBS_quotes_2025_10_30.parquet,True
ECDA,2025-04-08,31.89,ECDA_2025-04-08_31.89,ECDA_quotes_2025_04_08.parquet,True
ECDA,2025-04-21,77.20,ECDA_2025-04-21_77.20,ECDA_quotes_2025_04_21.parquet,True
ECDA,2025-05-07,42.25,ECDA_2025-05-07_42.25,ECDA_quotes_2025_05_07.parquet,True
ECDA,2025-05-13,42.24,ECDA_2025-05-13_42.24,ECDA_quotes_2025_05_13.parquet,True
ECDA,2025-05-14,50.20,ECDA_2025-05-14_50.20,ECDA_quotes_2025_05_14.parquet,True
ECDA,2025-05-28,81.22,ECDA_2025-05-28_81.22,ECDA_quotes_2025_05_28.parquet,True
ECDA,2025-05-30,67.36,ECDA_2025-05-30_67.36,ECDA_quotes_2025_05_30.parquet,True
ECDA,2025-06-23,135.71,ECDA_2025-06-23_135.71,ECDA_quotes_2025_06_23.parquet,True
ECDA,2025-07-17,36.79,ECDA_2025-07-17_36.79,ECDA_quotes_2025_07_17.parquet,True
ECDA,2025-09-05,31.19,ECDA_2025-09-05_31.19,ECDA_quotes_2025_09_05.parquet,True
ECDA,2025-10-08,37.74,ECDA_2025-10-08_37.74,ECDA_quotes_2025_10_08.parquet,True
ECOR,2025-07-08,30.54,ECOR_2025-07-08_30.54,ECOR_quotes_2025_07_08.parquet,True
ECX,2025-03-12,30.52,ECX_2025-03-12_30.52,ECX_quotes_2025_03_12.parquet,True
ECX,2025-04-22,32.62,ECX_2025-04-22_32.62,ECX_quotes_2025_04_22.parquet,True
EDAP,2025-10-15,30.37,EDAP_2025-10-15_30.37,EDAP_quotes_2025_10_15.parquet,True
EDBL,2025-02-05,34.49,EDBL_2025-02-05_34.49,EDBL_quotes_2025_02_05.parquet,True
EDBL,2025-02-18,53.85,EDBL_2025-02-18_53.85,EDBL_quotes_2025_02_18.parquet,True
EDBL,2025-03-26,37.21,EDBL_2025-03-26_37.21,EDBL_quotes_2025_03_26.parquet,True
EDBL,2025-05-20,94.00,EDBL_2025-05-20_94.00,EDBL_quotes_2025_05_20.parquet,True
EDBL,2025-05-21,74.72,EDBL_2025-05-21_74.72,EDBL_quotes_2025_05_21.parquet,True
EDBL,2025-09-03,45.56,EDBL_2025-09-03_45.56,EDBL_quotes_2025_09_03.parquet,True
EDHL,2025-09-10,270.28,EDHL_2025-09-10_270.28,EDHL_quotes_2025_09_10.parquet,True
EDHL,2025-09-11,40.14,EDHL_2025-09-11_40.14,EDHL_quotes_2025_09_11.parquet,True
EDHL,2025-10-14,142.48,EDHL_2025-10-14_142.48,EDHL_quotes_2025_10_14.parquet,True
EDHL,2025-10-29,53.87,EDHL_2025-10-29_53.87,EDHL_quotes_2025_10_29.parquet,True
EDIT,2025-02-19,89.65,EDIT_2025-02-19_89.65,EDIT_quotes_2025_02_19.parquet,True
EDIT,2025-08-13,38.43,EDIT_2025-08-13_38.43,EDIT_quotes_2025_08_13.parquet,True
EDN,2025-10-27,54.64,EDN_2025-10-27_54.64,EDN_quotes_2025_10_27.parquet,True
EDSA,2025-01-24,34.08,EDSA_2025-01-24_34.08,EDSA_quotes_2025_01_24.parquet,True
EDSA,2025-02-13,141.39,EDSA_2025-02-13_141.39,EDSA_quotes_2025_02_13.parquet,True
EDUC,2025-09-17,34.71,EDUC_2025-09-17_34.71,EDUC_quotes_2025_09_17.parquet,True
EEIQ,2025-08-22,220.54,EEIQ_2025-08-22_220.54,EEIQ_quotes_2025_08_22.parquet,True
EFOI,2025-02-18,124.03,EFOI_2025-02-18_124.03,EFOI_quotes_2025_02_18.parquet,True
EFOI,2025-02-25,32.85,EFOI_2025-02-25_32.85,EFOI_quotes_2025_02_25.parquet,True
EFOI,2025-06-23,37.35,EFOI_2025-06-23_37.35,EFOI_quotes_2025_06_23.parquet,True
EHLD,2025-03-25,86.51,EHLD_2025-03-25_86.51,EHLD_quotes_2025_03_25.parquet,True
EHTH,2025-05-07,51.50,EHTH_2025-05-07_51.50,EHTH_quotes_2025_05_07.parquet,True
EHTH,2025-08-06,50.15,EHTH_2025-08-06_50.15,EHTH_quotes_2025_08_06.parquet,True
EJH,2025-02-03,34.89,EJH_2025-02-03_34.89,EJH_quotes_2025_02_03.parquet,True
EJH,2025-03-07,32.82,EJH_2025-03-07_32.82,EJH_quotes_2025_03_07.parquet,True
EJH,2025-05-23,88.98,EJH_2025-05-23_88.98,EJH_quotes_2025_05_23.parquet,True
EJH,2025-05-27,146.52,EJH_2025-05-27_146.52,EJH_quotes_2025_05_27.parquet,True
EJH,2025-07-15,45.48,EJH_2025-07-15_45.48,EJH_quotes_2025_07_15.parquet,True
EJH,2025-08-13,36.06,EJH_2025-08-13_36.06,EJH_quotes_2025_08_13.parquet,True
EKSO,2025-01-03,30.12,EKSO_2025-01-03_30.12,EKSO_quotes_2025_01_03.parquet,True
EKSO,2025-01-06,36.75,EKSO_2025-01-06_36.75,EKSO_quotes_2025_01_06.parquet,True
EKSO,2025-05-15,43.81,EKSO_2025-05-15_43.81,EKSO_quotes_2025_05_15.parquet,True
ELAB,2025-01-24,105.56,ELAB_2025-01-24_105.56,ELAB_quotes_2025_01_24.parquet,True
ELAB,2025-03-20,44.86,ELAB_2025-03-20_44.86,ELAB_quotes_2025_03_20.parquet,True
ELAB,2025-04-10,39.10,ELAB_2025-04-10_39.10,ELAB_quotes_2025_04_10.parquet,True
ELAB,2025-05-02,33.89,ELAB_2025-05-02_33.89,ELAB_quotes_2025_05_02.parquet,True
ELAB,2025-06-09,43.78,ELAB_2025-06-09_43.78,ELAB_quotes_2025_06_09.parquet,True
ELAB,2025-07-14,30.77,ELAB_2025-07-14_30.77,ELAB_quotes_2025_07_14.parquet,True
ELAB,2025-08-22,94.71,ELAB_2025-08-22_94.71,ELAB_quotes_2025_08_22.parquet,True
ELAB,2025-10-14,113.63,ELAB_2025-10-14_113.63,ELAB_quotes_2025_10_14.parquet,True
ELBM,2025-03-21,47.01,ELBM_2025-03-21_47.01,ELBM_quotes_2025_03_21.parquet,True
ELBM,2025-09-12,50.88,ELBM_2025-09-12_50.88,ELBM_quotes_2025_09_12.parquet,True
ELBM,2025-10-01,30.33,ELBM_2025-10-01_30.33,ELBM_quotes_2025_10_01.parquet,True
ELBM,2025-10-08,45.73,ELBM_2025-10-08_45.73,ELBM_quotes_2025_10_08.parquet,True
ELBM,2025-10-13,427.27,ELBM_2025-10-13_427.27,ELBM_quotes_2025_10_13.parquet,True
ELBM,2025-10-17,61.59,ELBM_2025-10-17_61.59,ELBM_quotes_2025_10_17.parquet,True
ELF,2025-05-29,33.49,ELF_2025-05-29_33.49,ELF_quotes_2025_05_29.parquet,True
ELIL,2025-04-17,32.96,ELIL_2025-04-17_32.96,ELIL_quotes_2025_04_17.parquet,True
ELPW,2025-04-14,74.51,ELPW_2025-04-14_74.51,ELPW_quotes_2025_04_14.parquet,True
ELPW,2025-04-15,60.13,ELPW_2025-04-15_60.13,ELPW_quotes_2025_04_15.parquet,True
ELPW,2025-04-16,48.40,ELPW_2025-04-16_48.40,ELPW_quotes_2025_04_16.parquet,True
ELPW,2025-04-17,40.13,ELPW_2025-04-17_40.13,ELPW_quotes_2025_04_17.parquet,True
ELPW,2025-05-08,35.33,ELPW_2025-05-08_35.33,ELPW_quotes_2025_05_08.parquet,True
ELPW,2025-05-13,44.82,ELPW_2025-05-13_44.82,ELPW_quotes_2025_05_13.parquet,True
ELPW,2025-07-02,79.75,ELPW_2025-07-02_79.75,ELPW_quotes_2025_07_02.parquet,True
ELPW,2025-07-07,92.37,ELPW_2025-07-07_92.37,ELPW_quotes_2025_07_07.parquet,True
ELWS,2025-05-13,69.91,ELWS_2025-05-13_69.91,ELWS_quotes_2025_05_13.parquet,True
ELWS,2025-07-02,74.21,ELWS_2025-07-02_74.21,ELWS_quotes_2025_07_02.parquet,True
ELWS,2025-07-28,37.50,ELWS_2025-07-28_37.50,ELWS_quotes_2025_07_28.parquet,True
ELWS,2025-07-31,66.40,ELWS_2025-07-31_66.40,ELWS_quotes_2025_07_31.parquet,True
ELWS,2025-08-04,60.62,ELWS_2025-08-04_60.62,ELWS_quotes_2025_08_04.parquet,True
ELWS,2025-10-13,51.40,ELWS_2025-10-13_51.40,ELWS_quotes_2025_10_13.parquet,True
ELWS,2025-10-16,139.95,ELWS_2025-10-16_139.95,ELWS_quotes_2025_10_16.parquet,True
EMPG,2025-07-03,57.47,EMPG_2025-07-03_57.47,EMPG_quotes_2025_07_03.parquet,True
EM,2025-01-06,46.81,EM_2025-01-06_46.81,EM_quotes_2025_01_06.parquet,True
ENGNW,2025-01-17,42.62,ENGNW_2025-01-17_42.62,ENGNW_quotes_2025_01_17.parquet,True
ENGNW,2025-01-21,32.92,ENGNW_2025-01-21_32.92,ENGNW_quotes_2025_01_21.parquet,True
ENGNW,2025-02-07,36.67,ENGNW_2025-02-07_36.67,ENGNW_quotes_2025_02_07.parquet,True
ENGNW,2025-07-02,30.87,ENGNW_2025-07-02_30.87,ENGNW_quotes_2025_07_02.parquet,True
ENGNW,2025-10-09,34.67,ENGNW_2025-10-09_34.67,ENGNW_quotes_2025_10_09.parquet,True
ENGNW,2025-10-15,230.43,ENGNW_2025-10-15_230.43,ENGNW_quotes_2025_10_15.parquet,True
ENGNW,2025-10-17,31.58,ENGNW_2025-10-17_31.58,ENGNW_quotes_2025_10_17.parquet,True
ENGNW,2025-10-22,30.48,ENGNW_2025-10-22_30.48,ENGNW_quotes_2025_10_22.parquet,True
ENGS,2025-04-23,34.53,ENGS_2025-04-23_34.53,ENGS_quotes_2025_04_23.parquet,True
ENGS,2025-07-07,52.54,ENGS_2025-07-07_52.54,ENGS_quotes_2025_07_07.parquet,True
ENGS,2025-07-23,33.02,ENGS_2025-07-23_33.02,ENGS_quotes_2025_07_23.parquet,True
ENGS,2025-08-14,57.48,ENGS_2025-08-14_57.48,ENGS_quotes_2025_08_14.parquet,True
ENGS,2025-09-09,45.75,ENGS_2025-09-09_45.75,ENGS_quotes_2025_09_09.parquet,True
ENGS,2025-09-11,31.84,ENGS_2025-09-11_31.84,ENGS_quotes_2025_09_11.parquet,True
ENSC,2025-04-23,159.36,ENSC_2025-04-23_159.36,ENSC_quotes_2025_04_23.parquet,True
ENTA,2025-02-13,35.29,ENTA_2025-02-13_35.29,ENTA_quotes_2025_02_13.parquet,True
ENTA,2025-09-29,94.18,ENTA_2025-09-29_94.18,ENTA_quotes_2025_09_29.parquet,True
ENTO,2025-03-03,81.71,ENTO_2025-03-03_81.71,ENTO_quotes_2025_03_03.parquet,True
ENTO,2025-05-29,71.55,ENTO_2025-05-29_71.55,ENTO_quotes_2025_05_29.parquet,True
ENTO,2025-05-30,30.44,ENTO_2025-05-30_30.44,ENTO_quotes_2025_05_30.parquet,True
ENTO,2025-07-08,43.58,ENTO_2025-07-08_43.58,ENTO_quotes_2025_07_08.parquet,True
ENTO,2025-08-11,113.76,ENTO_2025-08-11_113.76,ENTO_quotes_2025_08_11.parquet,True
ENTO,2025-09-12,43.03,ENTO_2025-09-12_43.03,ENTO_quotes_2025_09_12.parquet,True
ENVB,2025-02-26,281.36,ENVB_2025-02-26_281.36,ENVB_quotes_2025_02_26.parquet,True
ENVB,2025-02-28,46.23,ENVB_2025-02-28_46.23,ENVB_quotes_2025_02_28.parquet,True
ENVX,2025-01-07,30.02,ENVX_2025-01-07_30.02,ENVX_quotes_2025_01_07.parquet,True
EOLS,2025-01-21,37.87,EOLS_2025-01-21_37.87,EOLS_quotes_2025_01_21.parquet,True
EOSE,2025-05-07,36.71,EOSE_2025-05-07_36.71,EOSE_quotes_2025_05_07.parquet,True
EPOW,2025-09-25,40.74,EPOW_2025-09-25_40.74,EPOW_quotes_2025_09_25.parquet,True
EPOW,2025-09-26,66.07,EPOW_2025-09-26_66.07,EPOW_quotes_2025_09_26.parquet,True
EPOW,2025-09-30,76.86,EPOW_2025-09-30_76.86,EPOW_quotes_2025_09_30.parquet,True
EPSM,2025-04-23,46.03,EPSM_2025-04-23_46.03,EPSM_quotes_2025_04_23.parquet,True
EPSM,2025-04-24,33.83,EPSM_2025-04-24_33.83,EPSM_quotes_2025_04_24.parquet,True
EPSM,2025-05-05,36.85,EPSM_2025-05-05_36.85,EPSM_quotes_2025_05_05.parquet,True
EPSM,2025-05-06,44.81,EPSM_2025-05-06_44.81,EPSM_quotes_2025_05_06.parquet,True
EPSM,2025-06-20,33.66,EPSM_2025-06-20_33.66,EPSM_quotes_2025_06_20.parquet,True
EPSM,2025-06-23,30.30,EPSM_2025-06-23_30.30,EPSM_quotes_2025_06_23.parquet,True
EPSM,2025-07-01,32.28,EPSM_2025-07-01_32.28,EPSM_quotes_2025_07_01.parquet,True
EPSM,2025-07-09,37.72,EPSM_2025-07-09_37.72,EPSM_quotes_2025_07_09.parquet,True
EPSM,2025-09-09,474.50,EPSM_2025-09-09_474.50,EPSM_quotes_2025_09_09.parquet,True
EPSM,2025-09-11,35.68,EPSM_2025-09-11_35.68,EPSM_quotes_2025_09_11.parquet,True
EPSM,2025-09-12,40.18,EPSM_2025-09-12_40.18,EPSM_quotes_2025_09_12.parquet,True
EPSM,2025-10-02,55.27,EPSM_2025-10-02_55.27,EPSM_quotes_2025_10_02.parquet,True
EPSM,2025-10-03,163.40,EPSM_2025-10-03_163.40,EPSM_quotes_2025_10_03.parquet,True
EPSM,2025-10-23,33.63,EPSM_2025-10-23_33.63,EPSM_quotes_2025_10_23.parquet,True
EPWK,2025-04-23,85.34,EPWK_2025-04-23_85.34,EPWK_quotes_2025_04_23.parquet,True
EPWK,2025-04-24,36.82,EPWK_2025-04-24_36.82,EPWK_quotes_2025_04_24.parquet,True
EPWK,2025-04-25,30.28,EPWK_2025-04-25_30.28,EPWK_quotes_2025_04_25.parquet,True
EPWK,2025-05-06,32.80,EPWK_2025-05-06_32.80,EPWK_quotes_2025_05_06.parquet,True
EPWK,2025-06-05,40.99,EPWK_2025-06-05_40.99,EPWK_quotes_2025_06_05.parquet,True
EPWK,2025-08-27,47.53,EPWK_2025-08-27_47.53,EPWK_quotes_2025_08_27.parquet,True
EPWK,2025-09-09,30.28,EPWK_2025-09-09_30.28,EPWK_quotes_2025_09_09.parquet,True
EPWK,2025-09-10,55.28,EPWK_2025-09-10_55.28,EPWK_quotes_2025_09_10.parquet,True
EPWK,2025-10-09,103.31,EPWK_2025-10-09_103.31,EPWK_quotes_2025_10_09.parquet,True
EPWK,2025-10-16,52.54,EPWK_2025-10-16_52.54,EPWK_quotes_2025_10_16.parquet,True
EPWK,2025-10-22,35.80,EPWK_2025-10-22_35.80,EPWK_quotes_2025_10_22.parquet,True
EPWK,2025-10-31,146.07,EPWK_2025-10-31_146.07,EPWK_quotes_2025_10_31.parquet,True
EQS,2025-08-06,40.67,EQS_2025-08-06_40.67,EQS_quotes_2025_08_06.parquet,True
EQ,2025-02-06,45.09,EQ_2025-02-06_45.09,EQ_quotes_2025_02_06.parquet,True
EQ,2025-08-01,247.83,EQ_2025-08-01_247.83,EQ_quotes_2025_08_01.parquet,True
EQ,2025-08-11,152.42,EQ_2025-08-11_152.42,EQ_quotes_2025_08_11.parquet,True
EQ,2025-08-21,37.72,EQ_2025-08-21_37.72,EQ_quotes_2025_08_21.parquet,True
EQ,2025-08-22,44.87,EQ_2025-08-22_44.87,EQ_quotes_2025_08_22.parquet,True
EQ,2025-09-05,34.29,EQ_2025-09-05_34.29,EQ_quotes_2025_09_05.parquet,True
ERAS,2025-04-09,30.19,ERAS_2025-04-09_30.19,ERAS_quotes_2025_04_09.parquet,True
ERAS,2025-05-29,33.64,ERAS_2025-05-29_33.64,ERAS_quotes_2025_05_29.parquet,True
ERNA,2025-01-14,210.68,ERNA_2025-01-14_210.68,ERNA_quotes_2025_01_14.parquet,True
ERNA,2025-01-22,57.39,ERNA_2025-01-22_57.39,ERNA_quotes_2025_01_22.parquet,True
ERNA,2025-10-29,128.79,ERNA_2025-10-29_128.79,ERNA_quotes_2025_10_29.parquet,True
ESGL,2025-01-10,34.13,ESGL_2025-01-10_34.13,ESGL_quotes_2025_01_10.parquet,True
ESGL,2025-01-13,48.23,ESGL_2025-01-13_48.23,ESGL_quotes_2025_01_13.parquet,True
ESGL,2025-02-27,200.00,ESGL_2025-02-27_200.00,ESGL_quotes_2025_02_27.parquet,True
ESGL,2025-02-28,47.33,ESGL_2025-02-28_47.33,ESGL_quotes_2025_02_28.parquet,True
ESLA,2025-02-18,40.89,ESLA_2025-02-18_40.89,ESLA_quotes_2025_02_18.parquet,True
ESLA,2025-10-01,33.04,ESLA_2025-10-01_33.04,ESLA_quotes_2025_10_01.parquet,True
ESPR,2025-07-24,56.39,ESPR_2025-07-24_56.39,ESPR_quotes_2025_07_24.parquet,True
EUDA,2025-09-24,32.14,EUDA_2025-09-24_32.14,EUDA_quotes_2025_09_24.parquet,True
EVAX,2025-01-23,76.05,EVAX_2025-01-23_76.05,EVAX_quotes_2025_01_23.parquet,True
EVAX,2025-01-24,169.23,EVAX_2025-01-24_169.23,EVAX_quotes_2025_01_24.parquet,True
EVAX,2025-02-04,68.75,EVAX_2025-02-04_68.75,EVAX_quotes_2025_02_04.parquet,True
EVAX,2025-09-25,43.94,EVAX_2025-09-25_43.94,EVAX_quotes_2025_09_25.parquet,True
EVAX,2025-10-06,33.15,EVAX_2025-10-06_33.15,EVAX_quotes_2025_10_06.parquet,True
EVAX,2025-10-15,54.97,EVAX_2025-10-15_54.97,EVAX_quotes_2025_10_15.parquet,True
EVER,2025-02-25,30.27,EVER_2025-02-25_30.27,EVER_quotes_2025_02_25.parquet,True
EVGN,2025-04-21,38.14,EVGN_2025-04-21_38.14,EVGN_quotes_2025_04_21.parquet,True
EVGN,2025-06-10,114.16,EVGN_2025-06-10_114.16,EVGN_quotes_2025_06_10.parquet,True
EVGO,2025-05-06,41.88,EVGO_2025-05-06_41.88,EVGO_quotes_2025_05_06.parquet,True
EVLVW,2025-08-15,59.93,EVLVW_2025-08-15_59.93,EVLVW_quotes_2025_08_15.parquet,True
EVLV,2025-05-16,31.19,EVLV_2025-05-16_31.19,EVLV_quotes_2025_05_16.parquet,True
EVOK,2025-07-09,271.43,EVOK_2025-07-09_271.43,EVOK_quotes_2025_07_09.parquet,True
EVOK,2025-08-01,39.39,EVOK_2025-08-01_39.39,EVOK_quotes_2025_08_01.parquet,True
EVTL,2025-01-15,32.13,EVTL_2025-01-15_32.13,EVTL_quotes_2025_01_15.parquet,True
EVTV,2025-01-29,42.36,EVTV_2025-01-29_42.36,EVTV_quotes_2025_01_29.parquet,True
EVTV,2025-01-31,38.53,EVTV_2025-01-31_38.53,EVTV_quotes_2025_01_31.parquet,True
EVTV,2025-03-07,31.58,EVTV_2025-03-07_31.58,EVTV_quotes_2025_03_07.parquet,True
EVTV,2025-08-04,31.29,EVTV_2025-08-04_31.29,EVTV_quotes_2025_08_04.parquet,True
EVTV,2025-09-12,61.45,EVTV_2025-09-12_61.45,EVTV_quotes_2025_09_12.parquet,True
EXOZ,2025-02-13,35.46,EXOZ_2025-02-13_35.46,EXOZ_quotes_2025_02_13.parquet,True
EXOZ,2025-07-24,36.74,EXOZ_2025-07-24_36.74,EXOZ_quotes_2025_07_24.parquet,True
EZGO,2025-08-01,105.09,EZGO_2025-08-01_105.09,EZGO_quotes_2025_08_01.parquet,True
EZGO,2025-09-24,40.86,EZGO_2025-09-24_40.86,EZGO_quotes_2025_09_24.parquet,True
EZGO,2025-10-01,53.58,EZGO_2025-10-01_53.58,EZGO_quotes_2025_10_01.parquet,True
FAMI,2025-01-15,87.83,FAMI_2025-01-15_87.83,FAMI_quotes_2025_01_15.parquet,True
FAMI,2025-05-12,30.59,FAMI_2025-05-12_30.59,FAMI_quotes_2025_05_12.parquet,True
FARM,2025-02-07,57.22,FARM_2025-02-07_57.22,FARM_quotes_2025_02_07.parquet,True
FATBB,2025-04-08,30.59,FATBB_2025-04-08_30.59,FATBB_quotes_2025_04_08.parquet,True
FATE,2025-08-13,32.44,FATE_2025-08-13_32.44,FATE_quotes_2025_08_13.parquet,True
FATN,2025-04-11,31.78,FATN_2025-04-11_31.78,FATN_quotes_2025_04_11.parquet,True
FATN,2025-04-14,72.64,FATN_2025-04-14_72.64,FATN_quotes_2025_04_14.parquet,True
FATN,2025-04-17,87.85,FATN_2025-04-17_87.85,FATN_quotes_2025_04_17.parquet,True
FATN,2025-04-23,35.52,FATN_2025-04-23_35.52,FATN_quotes_2025_04_23.parquet,True
FATN,2025-05-13,32.44,FATN_2025-05-13_32.44,FATN_quotes_2025_05_13.parquet,True
FATN,2025-05-16,33.00,FATN_2025-05-16_33.00,FATN_quotes_2025_05_16.parquet,True
FATN,2025-06-30,39.74,FATN_2025-06-30_39.74,FATN_quotes_2025_06_30.parquet,True
FATN,2025-09-19,79.20,FATN_2025-09-19_79.20,FATN_quotes_2025_09_19.parquet,True
FAT,2025-06-09,40.24,FAT_2025-06-09_40.24,FAT_quotes_2025_06_09.parquet,True
FBGL,2025-03-24,31.61,FBGL_2025-03-24_31.61,FBGL_quotes_2025_03_24.parquet,True
FBGL,2025-03-25,66.67,FBGL_2025-03-25_66.67,FBGL_quotes_2025_03_25.parquet,True
FBIO,2025-09-05,30.99,FBIO_2025-09-05_30.99,FBIO_quotes_2025_09_05.parquet,True
FBLG,2025-05-15,35.90,FBLG_2025-05-15_35.90,FBLG_quotes_2025_05_15.parquet,True
FBL,2025-04-09,30.11,FBL_2025-04-09_30.11,FBL_quotes_2025_04_09.parquet,True
FBRX,2025-03-19,36.00,FBRX_2025-03-19_36.00,FBRX_quotes_2025_03_19.parquet,True
FBRX,2025-03-25,42.25,FBRX_2025-03-25_42.25,FBRX_quotes_2025_03_25.parquet,True
FBRX,2025-05-27,51.94,FBRX_2025-05-27_51.94,FBRX_quotes_2025_05_27.parquet,True
FBRX,2025-06-23,33.90,FBRX_2025-06-23_33.90,FBRX_quotes_2025_06_23.parquet,True
FBYDW,2025-02-12,141.13,FBYDW_2025-02-12_141.13,FBYDW_quotes_2025_02_12.parquet,True
FBYDW,2025-02-18,44.24,FBYDW_2025-02-18_44.24,FBYDW_quotes_2025_02_18.parquet,True
FBYDW,2025-07-16,47.73,FBYDW_2025-07-16_47.73,FBYDW_quotes_2025_07_16.parquet,True
FBYDW,2025-09-17,86.81,FBYDW_2025-09-17_86.81,FBYDW_quotes_2025_09_17.parquet,True
FBYDW,2025-09-24,42.86,FBYDW_2025-09-24_42.86,FBYDW_quotes_2025_09_24.parquet,True
FBYDW,2025-10-06,36.09,FBYDW_2025-10-06_36.09,FBYDW_quotes_2025_10_06.parquet,True
FBYDW,2025-10-16,91.26,FBYDW_2025-10-16_91.26,FBYDW_quotes_2025_10_16.parquet,True
FBYD,2025-02-06,68.39,FBYD_2025-02-06_68.39,FBYD_quotes_2025_02_06.parquet,True
FBYD,2025-05-02,35.85,FBYD_2025-05-02_35.85,FBYD_quotes_2025_05_02.parquet,True
FBYD,2025-06-18,33.70,FBYD_2025-06-18_33.70,FBYD_quotes_2025_06_18.parquet,True
FBYD,2025-07-17,33.60,FBYD_2025-07-17_33.60,FBYD_quotes_2025_07_17.parquet,True
FCEL,2025-06-06,43.85,FCEL_2025-06-06_43.85,FCEL_quotes_2025_06_06.parquet,True
FCUV,2025-01-03,212.59,FCUV_2025-01-03_212.59,FCUV_quotes_2025_01_03.parquet,True
FCUV,2025-01-31,149.20,FCUV_2025-01-31_149.20,FCUV_quotes_2025_01_31.parquet,True
FCUV,2025-03-05,31.14,FCUV_2025-03-05_31.14,FCUV_quotes_2025_03_05.parquet,True
FCUV,2025-09-03,42.12,FCUV_2025-09-03_42.12,FCUV_quotes_2025_09_03.parquet,True
FCUV,2025-10-06,33.63,FCUV_2025-10-06_33.63,FCUV_quotes_2025_10_06.parquet,True
FDMT,2025-08-01,48.67,FDMT_2025-08-01_48.67,FDMT_quotes_2025_08_01.parquet,True
FEAM,2025-01-14,31.51,FEAM_2025-01-14_31.51,FEAM_quotes_2025_01_14.parquet,True
FEAM,2025-02-06,31.90,FEAM_2025-02-06_31.90,FEAM_quotes_2025_02_06.parquet,True
FEAM,2025-03-18,58.76,FEAM_2025-03-18_58.76,FEAM_quotes_2025_03_18.parquet,True
FEAM,2025-07-24,37.35,FEAM_2025-07-24_37.35,FEAM_quotes_2025_07_24.parquet,True
FEAM,2025-08-11,42.97,FEAM_2025-08-11_42.97,FEAM_quotes_2025_08_11.parquet,True
FEAM,2025-10-10,50.60,FEAM_2025-10-10_50.60,FEAM_quotes_2025_10_10.parquet,True
FEBO,2025-08-26,81.08,FEBO_2025-08-26_81.08,FEBO_quotes_2025_08_26.parquet,True
FEDU,2025-07-11,35.59,FEDU_2025-07-11_35.59,FEDU_quotes_2025_07_11.parquet,True
FEDU,2025-09-03,45.45,FEDU_2025-09-03_45.45,FEDU_quotes_2025_09_03.parquet,True
FENG,2025-09-24,37.74,FENG_2025-09-24_37.74,FENG_quotes_2025_09_24.parquet,True
FFAI,2025-04-24,31.46,FFAI_2025-04-24_31.46,FFAI_quotes_2025_04_24.parquet,True
FFAI,2025-04-28,31.43,FFAI_2025-04-28_31.43,FFAI_quotes_2025_04_28.parquet,True
FFAI,2025-07-22,55.61,FFAI_2025-07-22_55.61,FFAI_quotes_2025_07_22.parquet,True
FFAI,2025-07-24,31.75,FFAI_2025-07-24_31.75,FFAI_quotes_2025_07_24.parquet,True
FGEN,2025-02-20,56.14,FGEN_2025-02-20_56.14,FGEN_quotes_2025_02_20.parquet,True
FGI,2025-05-09,48.13,FGI_2025-05-09_48.13,FGI_quotes_2025_05_09.parquet,True
FGI,2025-06-02,66.64,FGI_2025-06-02_66.64,FGI_quotes_2025_06_02.parquet,True
FGI,2025-07-16,35.98,FGI_2025-07-16_35.98,FGI_quotes_2025_07_16.parquet,True
FGI,2025-09-16,217.88,FGI_2025-09-16_217.88,FGI_quotes_2025_09_16.parquet,True
FGI,2025-10-20,44.12,FGI_2025-10-20_44.12,FGI_quotes_2025_10_20.parquet,True
FGL,2025-01-06,62.09,FGL_2025-01-06_62.09,FGL_quotes_2025_01_06.parquet,True
FGL,2025-01-10,30.08,FGL_2025-01-10_30.08,FGL_quotes_2025_01_10.parquet,True
FGL,2025-01-13,31.18,FGL_2025-01-13_31.18,FGL_quotes_2025_01_13.parquet,True
FGNX,2025-09-17,34.51,FGNX_2025-09-17_34.51,FGNX_quotes_2025_09_17.parquet,True
FHTX,2025-02-10,30.25,FHTX_2025-02-10_30.25,FHTX_quotes_2025_02_10.parquet,True
FICO,2025-10-02,32.08,FICO_2025-10-02_32.08,FICO_quotes_2025_10_02.parquet,True
FIEE,2025-07-31,53.19,FIEE_2025-07-31_53.19,FIEE_quotes_2025_07_31.parquet,True
FIG,2025-07-31,423.11,FIG_2025-07-31_423.11,FIG_quotes_2025_07_31.parquet,True
FLDDW,2025-01-24,42.22,FLDDW_2025-01-24_42.22,FLDDW_quotes_2025_01_24.parquet,False
FLDDW,2025-02-19,53.33,FLDDW_2025-02-19_53.33,FLDDW_quotes_2025_02_19.parquet,True
FLD,2025-03-06,32.53,FLD_2025-03-06_32.53,FLD_quotes_2025_03_06.parquet,True
FLD,2025-03-21,32.40,FLD_2025-03-21_32.40,FLD_quotes_2025_03_21.parquet,True
FLD,2025-09-19,35.00,FLD_2025-09-19_35.00,FLD_quotes_2025_09_19.parquet,True
FLGC,2025-08-11,32.43,FLGC_2025-08-11_32.43,FLGC_quotes_2025_08_11.parquet,True
FLGC,2025-09-22,72.79,FLGC_2025-09-22_72.79,FLGC_quotes_2025_09_22.parquet,True
FLNC,2025-05-12,33.41,FLNC_2025-05-12_33.41,FLNC_quotes_2025_05_12.parquet,True
FLNT,2025-08-27,33.18,FLNT_2025-08-27_33.18,FLNT_quotes_2025_08_27.parquet,True
FLS,2025-10-29,33.54,FLS_2025-10-29_33.54,FLS_quotes_2025_10_29.parquet,True
FLUX,2025-03-17,33.33,FLUX_2025-03-17_33.33,FLUX_quotes_2025_03_17.parquet,True
FLUX,2025-03-21,34.76,FLUX_2025-03-21_34.76,FLUX_quotes_2025_03_21.parquet,True
FLUX,2025-09-16,59.66,FLUX_2025-09-16_59.66,FLUX_quotes_2025_09_16.parquet,True
FLUX,2025-10-06,38.07,FLUX_2025-10-06_38.07,FLUX_quotes_2025_10_06.parquet,True
FLWS,2025-07-22,31.40,FLWS_2025-07-22_31.40,FLWS_quotes_2025_07_22.parquet,True
FLWS,2025-10-22,37.86,FLWS_2025-10-22_37.86,FLWS_quotes_2025_10_22.parquet,True
FLXS,2025-02-04,33.07,FLXS_2025-02-04_33.07,FLXS_quotes_2025_02_04.parquet,True
FLXS,2025-08-19,31.30,FLXS_2025-08-19_31.30,FLXS_quotes_2025_08_19.parquet,True
FLX,2025-06-03,37.90,FLX_2025-06-03_37.90,FLX_quotes_2025_06_03.parquet,True
FLYE,2025-02-11,52.25,FLYE_2025-02-11_52.25,FLYE_quotes_2025_02_11.parquet,True
FLYE,2025-04-09,43.27,FLYE_2025-04-09_43.27,FLYE_quotes_2025_04_09.parquet,True
FLYE,2025-07-07,48.73,FLYE_2025-07-07_48.73,FLYE_quotes_2025_07_07.parquet,True
FLYE,2025-07-17,30.41,FLYE_2025-07-17_30.41,FLYE_quotes_2025_07_17.parquet,True
FLYE,2025-08-21,38.02,FLYE_2025-08-21_38.02,FLYE_quotes_2025_08_21.parquet,True
FLYE,2025-09-22,37.78,FLYE_2025-09-22_37.78,FLYE_quotes_2025_09_22.parquet,True
FMFC,2025-06-26,47.73,FMFC_2025-06-26_47.73,FMFC_quotes_2025_06_26.parquet,True
FMFC,2025-08-22,30.37,FMFC_2025-08-22_30.37,FMFC_quotes_2025_08_22.parquet,True
FMFC,2025-10-10,47.87,FMFC_2025-10-10_47.87,FMFC_quotes_2025_10_10.parquet,True
FMSTW,2025-06-05,35.46,FMSTW_2025-06-05_35.46,FMSTW_quotes_2025_06_05.parquet,True
FMSTW,2025-10-15,88.92,FMSTW_2025-10-15_88.92,FMSTW_quotes_2025_10_15.parquet,True
FMSTW,2025-10-16,77.06,FMSTW_2025-10-16_77.06,FMSTW_quotes_2025_10_16.parquet,True
FMST,2025-01-24,33.80,FMST_2025-01-24_33.80,FMST_quotes_2025_01_24.parquet,True
FMST,2025-01-27,42.39,FMST_2025-01-27_42.39,FMST_quotes_2025_01_27.parquet,True
FMST,2025-05-05,35.16,FMST_2025-05-05_35.16,FMST_quotes_2025_05_05.parquet,True
FMST,2025-05-12,52.92,FMST_2025-05-12_52.92,FMST_quotes_2025_05_12.parquet,True
FMST,2025-05-16,35.07,FMST_2025-05-16_35.07,FMST_quotes_2025_05_16.parquet,True
FMST,2025-05-27,33.44,FMST_2025-05-27_33.44,FMST_quotes_2025_05_27.parquet,True
FMST,2025-05-28,33.95,FMST_2025-05-28_33.95,FMST_quotes_2025_05_28.parquet,True
FMST,2025-07-29,30.61,FMST_2025-07-29_30.61,FMST_quotes_2025_07_29.parquet,True
FNGR,2025-05-01,37.33,FNGR_2025-05-01_37.33,FNGR_quotes_2025_05_01.parquet,True
FNGR,2025-07-28,30.56,FNGR_2025-07-28_30.56,FNGR_quotes_2025_07_28.parquet,True
FNKO,2025-05-12,49.29,FNKO_2025-05-12_49.29,FNKO_quotes_2025_05_12.parquet,True
FOFO,2025-09-23,48.99,FOFO_2025-09-23_48.99,FOFO_quotes_2025_09_23.parquet,True
FOFO,2025-09-25,66.18,FOFO_2025-09-25_66.18,FOFO_quotes_2025_09_25.parquet,True
FOFO,2025-09-26,61.34,FOFO_2025-09-26_61.34,FOFO_quotes_2025_09_26.parquet,True
FOFO,2025-09-29,51.11,FOFO_2025-09-29_51.11,FOFO_quotes_2025_09_29.parquet,True
FOFO,2025-10-13,41.03,FOFO_2025-10-13_41.03,FOFO_quotes_2025_10_13.parquet,True
FOFO,2025-10-14,34.53,FOFO_2025-10-14_34.53,FOFO_quotes_2025_10_14.parquet,True
FORA,2025-02-14,31.16,FORA_2025-02-14_31.16,FORA_quotes_2025_02_14.parquet,True
FORA,2025-08-25,53.11,FORA_2025-08-25_53.11,FORA_quotes_2025_08_25.parquet,True
FOSL,2025-03-13,37.01,FOSL_2025-03-13_37.01,FOSL_quotes_2025_03_13.parquet,True
FOSL,2025-08-14,32.04,FOSL_2025-08-14_32.04,FOSL_quotes_2025_08_14.parquet,True
FOSL,2025-08-15,37.02,FOSL_2025-08-15_37.02,FOSL_quotes_2025_08_15.parquet,True
FOSL,2025-10-15,66.04,FOSL_2025-10-15_66.04,FOSL_quotes_2025_10_15.parquet,True
FOXX,2025-01-03,30.28,FOXX_2025-01-03_30.28,FOXX_quotes_2025_01_03.parquet,True
FOXX,2025-01-30,280.62,FOXX_2025-01-30_280.62,FOXX_quotes_2025_01_30.parquet,True
FOXX,2025-07-17,30.69,FOXX_2025-07-17_30.69,FOXX_quotes_2025_07_17.parquet,True
FOXX,2025-08-11,36.86,FOXX_2025-08-11_36.86,FOXX_quotes_2025_08_11.parquet,True
FPH,2025-01-24,41.99,FPH_2025-01-24_41.99,FPH_quotes_2025_01_24.parquet,True
FRGE,2025-04-07,31.37,FRGE_2025-04-07_31.37,FRGE_quotes_2025_04_07.parquet,True
FRGE,2025-04-15,65.65,FRGE_2025-04-15_65.65,FRGE_quotes_2025_04_15.parquet,True
FRGE,2025-04-21,49.14,FRGE_2025-04-21_49.14,FRGE_quotes_2025_04_21.parquet,True
FRGE,2025-07-31,30.44,FRGE_2025-07-31_30.44,FRGE_quotes_2025_07_31.parquet,True
FRGT,2025-03-04,93.20,FRGT_2025-03-04_93.20,FRGT_quotes_2025_03_04.parquet,True
FRGT,2025-04-11,44.83,FRGT_2025-04-11_44.83,FRGT_quotes_2025_04_11.parquet,True
FRGT,2025-04-30,46.06,FRGT_2025-04-30_46.06,FRGT_quotes_2025_04_30.parquet,True
FRGT,2025-05-02,254.38,FRGT_2025-05-02_254.38,FRGT_quotes_2025_05_02.parquet,True
FRGT,2025-05-12,72.00,FRGT_2025-05-12_72.00,FRGT_quotes_2025_05_12.parquet,True
FRGT,2025-09-15,46.10,FRGT_2025-09-15_46.10,FRGT_quotes_2025_09_15.parquet,True
FRGT,2025-10-28,66.67,FRGT_2025-10-28_66.67,FRGT_quotes_2025_10_28.parquet,True
FTCI,2025-02-14,30.84,FTCI_2025-02-14_30.84,FTCI_quotes_2025_02_14.parquet,True
FTCI,2025-03-31,37.60,FTCI_2025-03-31_37.60,FTCI_quotes_2025_03_31.parquet,True
FTEK,2025-05-19,40.71,FTEK_2025-05-19_40.71,FTEK_quotes_2025_05_19.parquet,True
FTEL,2025-01-08,31.65,FTEL_2025-01-08_31.65,FTEL_quotes_2025_01_08.parquet,True
FTEL,2025-02-14,59.35,FTEL_2025-02-14_59.35,FTEL_quotes_2025_02_14.parquet,True
FTEL,2025-07-24,59.98,FTEL_2025-07-24_59.98,FTEL_quotes_2025_07_24.parquet,True
FTEL,2025-09-10,66.83,FTEL_2025-09-10_66.83,FTEL_quotes_2025_09_10.parquet,True
FTEL,2025-09-23,105.17,FTEL_2025-09-23_105.17,FTEL_quotes_2025_09_23.parquet,True
FTFT,2025-03-03,147.38,FTFT_2025-03-03_147.38,FTFT_quotes_2025_03_03.parquet,True
FTFT,2025-04-04,30.43,FTFT_2025-04-04_30.43,FTFT_quotes_2025_04_04.parquet,True
FTFT,2025-07-11,166.89,FTFT_2025-07-11_166.89,FTFT_quotes_2025_07_11.parquet,True
FTFT,2025-07-15,32.69,FTFT_2025-07-15_32.69,FTFT_quotes_2025_07_15.parquet,True
FTFT,2025-09-12,46.42,FTFT_2025-09-12_46.42,FTFT_quotes_2025_09_12.parquet,True
FTHM,2025-05-14,31.77,FTHM_2025-05-14_31.77,FTHM_quotes_2025_05_14.parquet,True
FTHM,2025-08-22,33.33,FTHM_2025-08-22_33.33,FTHM_quotes_2025_08_22.parquet,True
FTHM,2025-08-25,106.00,FTHM_2025-08-25_106.00,FTHM_quotes_2025_08_25.parquet,True
FTHM,2025-08-28,47.45,FTHM_2025-08-28_47.45,FTHM_quotes_2025_08_28.parquet,True
FTHM,2025-09-10,31.32,FTHM_2025-09-10_31.32,FTHM_quotes_2025_09_10.parquet,True
FTK,2025-05-07,45.66,FTK_2025-05-07_45.66,FTK_quotes_2025_05_07.parquet,True
FTRE,2025-08-04,31.68,FTRE_2025-08-04_31.68,FTRE_quotes_2025_08_04.parquet,True
FTRK,2025-06-03,96.95,FTRK_2025-06-03_96.95,FTRK_quotes_2025_06_03.parquet,True
FTRK,2025-06-16,37.45,FTRK_2025-06-16_37.45,FTRK_quotes_2025_06_16.parquet,True
FUBO,2025-01-06,268.06,FUBO_2025-01-06_268.06,FUBO_quotes_2025_01_06.parquet,True
FUFU,2025-03-25,30.04,FUFU_2025-03-25_30.04,FUFU_quotes_2025_03_25.parquet,True
FUFU,2025-08-15,35.52,FUFU_2025-08-15_35.52,FUFU_quotes_2025_08_15.parquet,True
FULC,2025-05-02,40.41,FULC_2025-05-02_40.41,FULC_quotes_2025_05_02.parquet,True
FWRD,2025-04-09,33.81,FWRD_2025-04-09_33.81,FWRD_quotes_2025_04_09.parquet,True
GALT,2025-06-17,87.25,GALT_2025-06-17_87.25,GALT_quotes_2025_06_17.parquet,True
GALT,2025-06-18,38.08,GALT_2025-06-18_38.08,GALT_quotes_2025_06_18.parquet,True
GAME,2025-07-08,74.23,GAME_2025-07-08_74.23,GAME_quotes_2025_07_08.parquet,True
GAME,2025-07-09,86.36,GAME_2025-07-09_86.36,GAME_quotes_2025_07_09.parquet,True
GAME,2025-07-16,86.75,GAME_2025-07-16_86.75,GAME_quotes_2025_07_16.parquet,True
GANX,2025-08-15,37.66,GANX_2025-08-15_37.66,GANX_quotes_2025_08_15.parquet,True
GAUZ,2025-03-11,31.58,GAUZ_2025-03-11_31.58,GAUZ_quotes_2025_03_11.parquet,True
GBIO,2025-07-16,38.47,GBIO_2025-07-16_38.47,GBIO_quotes_2025_07_16.parquet,True
GBIO,2025-08-13,71.60,GBIO_2025-08-13_71.60,GBIO_quotes_2025_08_13.parquet,True
GCL,2025-02-18,224.35,GCL_2025-02-18_224.35,GCL_quotes_2025_02_18.parquet,True
GCL,2025-02-28,54.05,GCL_2025-02-28_54.05,GCL_quotes_2025_02_28.parquet,True
GCL,2025-05-21,35.19,GCL_2025-05-21_35.19,GCL_quotes_2025_05_21.parquet,True
GCTK,2025-01-13,58.12,GCTK_2025-01-13_58.12,GCTK_quotes_2025_01_13.parquet,True
GCTK,2025-01-17,53.52,GCTK_2025-01-17_53.52,GCTK_quotes_2025_01_17.parquet,True
GCTK,2025-01-21,66.08,GCTK_2025-01-21_66.08,GCTK_quotes_2025_01_21.parquet,True
GCTK,2025-02-04,86.84,GCTK_2025-02-04_86.84,GCTK_quotes_2025_02_04.parquet,True
GCTK,2025-02-14,31.50,GCTK_2025-02-14_31.50,GCTK_quotes_2025_02_14.parquet,True
GCTK,2025-02-26,41.21,GCTK_2025-02-26_41.21,GCTK_quotes_2025_02_26.parquet,True
GCTK,2025-03-20,30.61,GCTK_2025-03-20_30.61,GCTK_quotes_2025_03_20.parquet,True
GCTK,2025-04-01,36.39,GCTK_2025-04-01_36.39,GCTK_quotes_2025_04_01.parquet,True
GCTK,2025-06-25,156.04,GCTK_2025-06-25_156.04,GCTK_quotes_2025_06_25.parquet,True
GCTK,2025-06-27,38.89,GCTK_2025-06-27_38.89,GCTK_quotes_2025_06_27.parquet,True
GCTK,2025-07-21,67.24,GCTK_2025-07-21_67.24,GCTK_quotes_2025_07_21.parquet,True
GCTK,2025-09-02,39.33,GCTK_2025-09-02_39.33,GCTK_quotes_2025_09_02.parquet,True
GCTK,2025-09-12,190.35,GCTK_2025-09-12_190.35,GCTK_quotes_2025_09_12.parquet,True
GCTS,2025-05-14,47.02,GCTS_2025-05-14_47.02,GCTS_quotes_2025_05_14.parquet,True
GCT,2025-08-08,30.84,GCT_2025-08-08_30.84,GCT_quotes_2025_08_08.parquet,True
GDC,2025-02-24,72.32,GDC_2025-02-24_72.32,GDC_quotes_2025_02_24.parquet,True
GDC,2025-02-25,77.63,GDC_2025-02-25_77.63,GDC_quotes_2025_02_25.parquet,True
GDC,2025-05-12,79.55,GDC_2025-05-12_79.55,GDC_quotes_2025_05_12.parquet,True
GDC,2025-09-29,33.05,GDC_2025-09-29_33.05,GDC_quotes_2025_09_29.parquet,True
GDC,2025-10-02,43.93,GDC_2025-10-02_43.93,GDC_quotes_2025_10_02.parquet,True
GDEV,2025-02-21,73.88,GDEV_2025-02-21_73.88,GDEV_quotes_2025_02_21.parquet,True
GDEV,2025-04-15,37.55,GDEV_2025-04-15_37.55,GDEV_quotes_2025_04_15.parquet,True
GDEV,2025-05-05,47.08,GDEV_2025-05-05_47.08,GDEV_quotes_2025_05_05.parquet,True
GDEV,2025-09-22,71.06,GDEV_2025-09-22_71.06,GDEV_quotes_2025_09_22.parquet,True
GDEV,2025-09-26,41.19,GDEV_2025-09-26_41.19,GDEV_quotes_2025_09_26.parquet,True
GDEV,2025-10-02,42.31,GDEV_2025-10-02_42.31,GDEV_quotes_2025_10_02.parquet,True
GDHG,2025-03-24,49.47,GDHG_2025-03-24_49.47,GDHG_quotes_2025_03_24.parquet,True
GDHG,2025-03-25,114.29,GDHG_2025-03-25_114.29,GDHG_quotes_2025_03_25.parquet,True
GDHG,2025-04-03,33.04,GDHG_2025-04-03_33.04,GDHG_quotes_2025_04_03.parquet,True
GDHG,2025-04-14,58.86,GDHG_2025-04-14_58.86,GDHG_quotes_2025_04_14.parquet,True
GDHG,2025-04-22,44.18,GDHG_2025-04-22_44.18,GDHG_quotes_2025_04_22.parquet,True
GDHG,2025-06-30,54.96,GDHG_2025-06-30_54.96,GDHG_quotes_2025_06_30.parquet,True
GDHG,2025-07-07,34.39,GDHG_2025-07-07_34.39,GDHG_quotes_2025_07_07.parquet,True
GDOT,2025-05-09,35.98,GDOT_2025-05-09_35.98,GDOT_quotes_2025_05_09.parquet,True
GDOT,2025-08-12,37.61,GDOT_2025-08-12_37.61,GDOT_quotes_2025_08_12.parquet,True
GDRX,2025-08-18,45.04,GDRX_2025-08-18_45.04,GDRX_quotes_2025_08_18.parquet,True
GDRX,2025-10-09,32.34,GDRX_2025-10-09_32.34,GDRX_quotes_2025_10_09.parquet,True
GDTC,2025-01-10,30.57,GDTC_2025-01-10_30.57,GDTC_quotes_2025_01_10.parquet,True
GDTC,2025-10-22,43.19,GDTC_2025-10-22_43.19,GDTC_quotes_2025_10_22.parquet,True
GEG,2025-09-03,37.11,GEG_2025-09-03_37.11,GEG_quotes_2025_09_03.parquet,True
GELS,2025-01-22,33.33,GELS_2025-01-22_33.33,GELS_quotes_2025_01_22.parquet,True
GELS,2025-04-22,356.67,GELS_2025-04-22_356.67,GELS_quotes_2025_04_22.parquet,True
GELS,2025-06-10,106.47,GELS_2025-06-10_106.47,GELS_quotes_2025_06_10.parquet,True
GELS,2025-09-05,110.42,GELS_2025-09-05_110.42,GELS_quotes_2025_09_05.parquet,True
GELS,2025-10-23,32.74,GELS_2025-10-23_32.74,GELS_quotes_2025_10_23.parquet,True
GENK,2025-03-07,45.58,GENK_2025-03-07_45.58,GENK_quotes_2025_03_07.parquet,True
GENVR,2025-05-07,42.97,GENVR_2025-05-07_42.97,GENVR_quotes_2025_05_07.parquet,True
GENVR,2025-08-08,64.52,GENVR_2025-08-08_64.52,GENVR_quotes_2025_08_08.parquet,True
GENVR,2025-10-10,41.82,GENVR_2025-10-10_41.82,GENVR_quotes_2025_10_10.parquet,True
GEOS,2025-06-17,37.88,GEOS_2025-06-17_37.88,GEOS_quotes_2025_06_17.parquet,True
GEOS,2025-06-20,40.54,GEOS_2025-06-20_40.54,GEOS_quotes_2025_06_20.parquet,True
GEOS,2025-06-23,61.01,GEOS_2025-06-23_61.01,GEOS_quotes_2025_06_23.parquet,True
GEOS,2025-07-28,32.35,GEOS_2025-07-28_32.35,GEOS_quotes_2025_07_28.parquet,True
GES,2025-03-17,32.16,GES_2025-03-17_32.16,GES_quotes_2025_03_17.parquet,True
GETY,2025-01-03,32.23,GETY_2025-01-03_32.23,GETY_quotes_2025_01_03.parquet,True
GETY,2025-01-07,50.39,GETY_2025-01-07_50.39,GETY_quotes_2025_01_07.parquet,True
GETY,2025-10-31,59.70,GETY_2025-10-31_59.70,GETY_quotes_2025_10_31.parquet,True
GEVO,2025-08-12,61.60,GEVO_2025-08-12_61.60,GEVO_quotes_2025_08_12.parquet,True
GFAI,2025-01-03,34.97,GFAI_2025-01-03_34.97,GFAI_quotes_2025_01_03.parquet,True
GFAI,2025-01-06,101.04,GFAI_2025-01-06_101.04,GFAI_quotes_2025_01_06.parquet,True
GFAI,2025-01-14,45.20,GFAI_2025-01-14_45.20,GFAI_quotes_2025_01_14.parquet,True
GGAL,2025-10-27,47.14,GGAL_2025-10-27_47.14,GGAL_quotes_2025_10_27.parquet,True
GGR,2025-04-14,46.12,GGR_2025-04-14_46.12,GGR_quotes_2025_04_14.parquet,True
GGR,2025-04-15,33.55,GGR_2025-04-15_33.55,GGR_quotes_2025_04_15.parquet,True
GHRS,2025-02-03,93.40,GHRS_2025-02-03_93.40,GHRS_quotes_2025_02_03.parquet,True
GH,2025-10-30,32.67,GH_2025-10-30_32.67,GH_quotes_2025_10_30.parquet,True
GIBO,2025-07-10,83.14,GIBO_2025-07-10_83.14,GIBO_quotes_2025_07_10.parquet,True
GIBO,2025-07-22,34.98,GIBO_2025-07-22_34.98,GIBO_quotes_2025_07_22.parquet,True
GIBO,2025-07-25,65.87,GIBO_2025-07-25_65.87,GIBO_quotes_2025_07_25.parquet,True
GIBO,2025-07-28,89.11,GIBO_2025-07-28_89.11,GIBO_quotes_2025_07_28.parquet,True
GIBO,2025-07-29,55.36,GIBO_2025-07-29_55.36,GIBO_quotes_2025_07_29.parquet,True
GIBO,2025-08-11,31.37,GIBO_2025-08-11_31.37,GIBO_quotes_2025_08_11.parquet,True
GIBO,2025-09-09,44.78,GIBO_2025-09-09_44.78,GIBO_quotes_2025_09_09.parquet,True
GIFT,2025-01-07,35.00,GIFT_2025-01-07_35.00,GIFT_quotes_2025_01_07.parquet,True
GIFT,2025-06-20,34.15,GIFT_2025-06-20_34.15,GIFT_quotes_2025_06_20.parquet,True
GIFT,2025-07-30,46.65,GIFT_2025-07-30_46.65,GIFT_quotes_2025_07_30.parquet,True
GIGGW,2025-10-08,105.01,GIGGW_2025-10-08_105.01,GIGGW_quotes_2025_10_08.parquet,True
GIGGW,2025-10-14,59.29,GIGGW_2025-10-14_59.29,GIGGW_quotes_2025_10_14.parquet,True
GIGGW,2025-10-23,36.90,GIGGW_2025-10-23_36.90,GIGGW_quotes_2025_10_23.parquet,True
GIPRW,2025-02-28,338.24,GIPRW_2025-02-28_338.24,GIPRW_quotes_2025_02_28.parquet,True
GIPR,2025-08-21,44.20,GIPR_2025-08-21_44.20,GIPR_quotes_2025_08_21.parquet,True
GIPR,2025-09-17,38.89,GIPR_2025-09-17_38.89,GIPR_quotes_2025_09_17.parquet,True
GIPR,2025-10-03,64.86,GIPR_2025-10-03_64.86,GIPR_quotes_2025_10_03.parquet,True
GIPR,2025-10-15,47.41,GIPR_2025-10-15_47.41,GIPR_quotes_2025_10_15.parquet,True
GITS,2025-01-27,160.02,GITS_2025-01-27_160.02,GITS_quotes_2025_01_27.parquet,True
GITS,2025-04-22,53.72,GITS_2025-04-22_53.72,GITS_quotes_2025_04_22.parquet,True
GITS,2025-05-30,228.41,GITS_2025-05-30_228.41,GITS_quotes_2025_05_30.parquet,True
GITS,2025-07-03,200.61,GITS_2025-07-03_200.61,GITS_quotes_2025_07_03.parquet,True
GKOS,2025-10-30,33.35,GKOS_2025-10-30_33.35,GKOS_quotes_2025_10_30.parquet,True
GLE,2025-01-24,33.82,GLE_2025-01-24_33.82,GLE_quotes_2025_01_24.parquet,True
GLE,2025-06-16,57.89,GLE_2025-06-16_57.89,GLE_quotes_2025_06_16.parquet,True
GLE,2025-07-31,76.64,GLE_2025-07-31_76.64,GLE_quotes_2025_07_31.parquet,True
GLE,2025-08-19,46.44,GLE_2025-08-19_46.44,GLE_quotes_2025_08_19.parquet,True
GLE,2025-08-20,53.54,GLE_2025-08-20_53.54,GLE_quotes_2025_08_20.parquet,True
GLE,2025-09-10,275.85,GLE_2025-09-10_275.85,GLE_quotes_2025_09_10.parquet,True
GLE,2025-10-30,67.04,GLE_2025-10-30_67.04,GLE_quotes_2025_10_30.parquet,True
GLMD,2025-03-17,102.68,GLMD_2025-03-17_102.68,GLMD_quotes_2025_03_17.parquet,True
GLMD,2025-04-28,70.70,GLMD_2025-04-28_70.70,GLMD_quotes_2025_04_28.parquet,True
GLTO,2025-03-21,76.33,GLTO_2025-03-21_76.33,GLTO_quotes_2025_03_21.parquet,True
GLTO,2025-09-10,54.65,GLTO_2025-09-10_54.65,GLTO_quotes_2025_09_10.parquet,True
GLTO,2025-09-23,67.33,GLTO_2025-09-23_67.33,GLTO_quotes_2025_09_23.parquet,True
GLTO,2025-10-07,754.45,GLTO_2025-10-07_754.45,GLTO_quotes_2025_10_07.parquet,True
GLTO,2025-10-09,73.24,GLTO_2025-10-09_73.24,GLTO_quotes_2025_10_09.parquet,True
GLUE,2025-09-15,53.85,GLUE_2025-09-15_53.85,GLUE_quotes_2025_09_15.parquet,True
GLXG,2025-01-10,129.79,GLXG_2025-01-10_129.79,GLXG_quotes_2025_01_10.parquet,True
GLXG,2025-01-14,44.14,GLXG_2025-01-14_44.14,GLXG_quotes_2025_01_14.parquet,True
GLXG,2025-04-08,78.76,GLXG_2025-04-08_78.76,GLXG_quotes_2025_04_08.parquet,True
GLXG,2025-09-09,34.00,GLXG_2025-09-09_34.00,GLXG_quotes_2025_09_09.parquet,True
GLXG,2025-10-01,36.72,GLXG_2025-10-01_36.72,GLXG_quotes_2025_10_01.parquet,True
GMGI,2025-02-19,35.14,GMGI_2025-02-19_35.14,GMGI_quotes_2025_02_19.parquet,True
GMHS,2025-02-14,42.44,GMHS_2025-02-14_42.44,GMHS_quotes_2025_02_14.parquet,True
GMHS,2025-05-30,32.67,GMHS_2025-05-30_32.67,GMHS_quotes_2025_05_30.parquet,True
GMHS,2025-08-11,80.89,GMHS_2025-08-11_80.89,GMHS_quotes_2025_08_11.parquet,True
GMHS,2025-08-29,135.40,GMHS_2025-08-29_135.40,GMHS_quotes_2025_08_29.parquet,True
GMHS,2025-09-09,41.82,GMHS_2025-09-09_41.82,GMHS_quotes_2025_09_09.parquet,True
GMM,2025-09-11,45.07,GMM_2025-09-11_45.07,GMM_quotes_2025_09_11.parquet,True
GNLN,2025-03-26,37.68,GNLN_2025-03-26_37.68,GNLN_quotes_2025_03_26.parquet,True
GNLN,2025-05-21,57.89,GNLN_2025-05-21_57.89,GNLN_quotes_2025_05_21.parquet,True
GNLN,2025-06-12,119.48,GNLN_2025-06-12_119.48,GNLN_quotes_2025_06_12.parquet,True
GNLN,2025-06-16,51.49,GNLN_2025-06-16_51.49,GNLN_quotes_2025_06_16.parquet,True
GNLN,2025-06-30,142.53,GNLN_2025-06-30_142.53,GNLN_quotes_2025_06_30.parquet,True
GNLX,2025-01-21,38.62,GNLX_2025-01-21_38.62,GNLX_quotes_2025_01_21.parquet,True
GNLX,2025-05-08,31.90,GNLX_2025-05-08_31.90,GNLX_quotes_2025_05_08.parquet,True
GNPX,2025-03-18,30.00,GNPX_2025-03-18_30.00,GNPX_quotes_2025_03_18.parquet,True
GNPX,2025-04-02,67.19,GNPX_2025-04-02_67.19,GNPX_quotes_2025_04_02.parquet,True
GNPX,2025-04-03,48.00,GNPX_2025-04-03_48.00,GNPX_quotes_2025_04_03.parquet,True
GNPX,2025-05-29,33.52,GNPX_2025-05-29_33.52,GNPX_quotes_2025_05_29.parquet,True
GNPX,2025-08-22,31.22,GNPX_2025-08-22_31.22,GNPX_quotes_2025_08_22.parquet,True
GNPX,2025-09-05,64.10,GNPX_2025-09-05_64.10,GNPX_quotes_2025_09_05.parquet,True
GNPX,2025-09-08,76.25,GNPX_2025-09-08_76.25,GNPX_quotes_2025_09_08.parquet,True
GNPX,2025-10-14,33.51,GNPX_2025-10-14_33.51,GNPX_quotes_2025_10_14.parquet,True
GNPX,2025-10-15,335.64,GNPX_2025-10-15_335.64,GNPX_quotes_2025_10_15.parquet,True
GNTA,2025-02-03,30.40,GNTA_2025-02-03_30.40,GNTA_quotes_2025_02_03.parquet,True
GNTA,2025-05-30,34.68,GNTA_2025-05-30_34.68,GNTA_quotes_2025_05_30.parquet,True
GNTA,2025-06-05,40.37,GNTA_2025-06-05_40.37,GNTA_quotes_2025_06_05.parquet,True
GNTA,2025-10-24,209.60,GNTA_2025-10-24_209.60,GNTA_quotes_2025_10_24.parquet,True
GNTA,2025-10-29,35.39,GNTA_2025-10-29_35.39,GNTA_quotes_2025_10_29.parquet,True
GOGO,2025-05-09,49.83,GOGO_2025-05-09_49.83,GOGO_quotes_2025_05_09.parquet,True
GORV,2025-03-10,32.26,GORV_2025-03-10_32.26,GORV_quotes_2025_03_10.parquet,True
GORV,2025-03-18,36.99,GORV_2025-03-18_36.99,GORV_quotes_2025_03_18.parquet,True
GORV,2025-03-31,42.20,GORV_2025-03-31_42.20,GORV_quotes_2025_03_31.parquet,True
GORV,2025-05-16,236.71,GORV_2025-05-16_236.71,GORV_quotes_2025_05_16.parquet,True
GORV,2025-05-23,135.64,GORV_2025-05-23_135.64,GORV_quotes_2025_05_23.parquet,True
GORV,2025-09-16,175.10,GORV_2025-09-16_175.10,GORV_quotes_2025_09_16.parquet,True
GOTU,2025-02-26,34.39,GOTU_2025-02-26_34.39,GOTU_quotes_2025_02_26.parquet,True
GOVX,2025-06-16,34.95,GOVX_2025-06-16_34.95,GOVX_quotes_2025_06_16.parquet,True
GOVX,2025-06-18,36.67,GOVX_2025-06-18_36.67,GOVX_quotes_2025_06_18.parquet,True
GO,2025-08-06,45.16,GO_2025-08-06_45.16,GO_quotes_2025_08_06.parquet,True
GPCR,2025-04-17,30.44,GPCR_2025-04-17_30.44,GPCR_quotes_2025_04_17.parquet,True
GPRO,2025-07-22,48.45,GPRO_2025-07-22_48.45,GPRO_quotes_2025_07_22.parquet,True
GPRO,2025-07-23,72.99,GPRO_2025-07-23_72.99,GPRO_quotes_2025_07_23.parquet,True
GPRO,2025-08-25,36.36,GPRO_2025-08-25_36.36,GPRO_quotes_2025_08_25.parquet,True
GP,2025-01-10,39.74,GP_2025-01-10_39.74,GP_quotes_2025_01_10.parquet,True
GP,2025-08-04,92.73,GP_2025-08-04_92.73,GP_quotes_2025_08_04.parquet,True
GP,2025-09-08,56.30,GP_2025-09-08_56.30,GP_quotes_2025_09_08.parquet,True
GRAL,2025-02-13,34.61,GRAL_2025-02-13_34.61,GRAL_quotes_2025_02_13.parquet,True
GRAL,2025-10-20,32.05,GRAL_2025-10-20_32.05,GRAL_quotes_2025_10_20.parquet,True
GRAN,2025-08-14,32.69,GRAN_2025-08-14_32.69,GRAN_quotes_2025_08_14.parquet,True
GRAN,2025-10-06,30.22,GRAN_2025-10-06_30.22,GRAN_quotes_2025_10_06.parquet,True
GREE,2025-04-25,58.62,GREE_2025-04-25_58.62,GREE_quotes_2025_04_25.parquet,True
GREE,2025-05-22,32.37,GREE_2025-05-22_32.37,GREE_quotes_2025_05_22.parquet,True
GRI,2025-02-25,56.65,GRI_2025-02-25_56.65,GRI_quotes_2025_02_25.parquet,True
GRI,2025-04-01,247.50,GRI_2025-04-01_247.50,GRI_quotes_2025_04_01.parquet,True
GRI,2025-04-02,41.58,GRI_2025-04-02_41.58,GRI_quotes_2025_04_02.parquet,True
GRI,2025-04-15,31.13,GRI_2025-04-15_31.13,GRI_quotes_2025_04_15.parquet,True
GRI,2025-04-23,45.52,GRI_2025-04-23_45.52,GRI_quotes_2025_04_23.parquet,True
GRI,2025-09-11,83.97,GRI_2025-09-11_83.97,GRI_quotes_2025_09_11.parquet,True
GRNQ,2025-01-10,44.44,GRNQ_2025-01-10_44.44,GRNQ_quotes_2025_01_10.parquet,True
GRNQ,2025-05-16,39.13,GRNQ_2025-05-16_39.13,GRNQ_quotes_2025_05_16.parquet,True
GROV,2025-07-09,57.26,GROV_2025-07-09_57.26,GROV_quotes_2025_07_09.parquet,True
GRPN,2025-03-12,44.73,GRPN_2025-03-12_44.73,GRPN_quotes_2025_03_12.parquet,True
GRPN,2025-05-08,43.46,GRPN_2025-05-08_43.46,GRPN_quotes_2025_05_08.parquet,True
GRPN,2025-08-07,40.46,GRPN_2025-08-07_40.46,GRPN_quotes_2025_08_07.parquet,True
GRRRW,2025-02-10,42.01,GRRRW_2025-02-10_42.01,GRRRW_quotes_2025_02_10.parquet,True
GRRRW,2025-03-03,77.89,GRRRW_2025-03-03_77.89,GRRRW_quotes_2025_03_03.parquet,True
GRRRW,2025-03-04,52.14,GRRRW_2025-03-04_52.14,GRRRW_quotes_2025_03_04.parquet,True
GRRRW,2025-03-05,42.24,GRRRW_2025-03-05_42.24,GRRRW_quotes_2025_03_05.parquet,True
GRRR,2025-03-14,31.22,GRRR_2025-03-14_31.22,GRRR_quotes_2025_03_14.parquet,True
GRRR,2025-06-20,48.32,GRRR_2025-06-20_48.32,GRRR_quotes_2025_06_20.parquet,True
GSAT,2025-10-30,31.37,GSAT_2025-10-30_31.37,GSAT_quotes_2025_10_30.parquet,True
GSIT,2025-01-17,78.18,GSIT_2025-01-17_78.18,GSIT_quotes_2025_01_17.parquet,True
GSIT,2025-10-20,257.28,GSIT_2025-10-20_257.28,GSIT_quotes_2025_10_20.parquet,True
GSIT,2025-10-21,32.15,GSIT_2025-10-21_32.15,GSIT_quotes_2025_10_21.parquet,True
GSIT,2025-10-27,42.25,GSIT_2025-10-27_42.25,GSIT_quotes_2025_10_27.parquet,True
GSIW,2025-02-07,182.81,GSIW_2025-02-07_182.81,GSIW_quotes_2025_02_07.parquet,True
GSIW,2025-05-14,112.33,GSIW_2025-05-14_112.33,GSIW_quotes_2025_05_14.parquet,True
GSIW,2025-06-05,35.73,GSIW_2025-06-05_35.73,GSIW_quotes_2025_06_05.parquet,True
GSRFR,2025-10-21,53.08,GSRFR_2025-10-21_53.08,GSRFR_quotes_2025_10_21.parquet,True
GSUN,2025-02-24,98.11,GSUN_2025-02-24_98.11,GSUN_quotes_2025_02_24.parquet,True
GTBP,2025-02-25,53.69,GTBP_2025-02-25_53.69,GTBP_quotes_2025_02_25.parquet,True
GTBP,2025-05-21,37.64,GTBP_2025-05-21_37.64,GTBP_quotes_2025_05_21.parquet,True
GTBP,2025-10-08,82.25,GTBP_2025-10-08_82.25,GTBP_quotes_2025_10_08.parquet,True
GTEC,2025-01-16,32.62,GTEC_2025-01-16_32.62,GTEC_quotes_2025_01_16.parquet,True
GTEC,2025-03-27,96.95,GTEC_2025-03-27_96.95,GTEC_quotes_2025_03_27.parquet,True
GTENW,2025-07-24,84.21,GTENW_2025-07-24_84.21,GTENW_quotes_2025_07_24.parquet,True
GTENW,2025-07-25,30.77,GTENW_2025-07-25_30.77,GTENW_quotes_2025_07_25.parquet,True
GTENW,2025-10-07,33.06,GTENW_2025-10-07_33.06,GTENW_quotes_2025_10_07.parquet,True
GTIM,2025-10-22,30.26,GTIM_2025-10-22_30.26,GTIM_quotes_2025_10_22.parquet,True
GUTS,2025-06-09,52.26,GUTS_2025-06-09_52.26,GUTS_quotes_2025_06_09.parquet,True
GUTS,2025-09-26,34.65,GUTS_2025-09-26_34.65,GUTS_quotes_2025_09_26.parquet,True
GVH,2025-05-05,88.08,GVH_2025-05-05_88.08,GVH_quotes_2025_05_05.parquet,True
GVH,2025-05-06,68.75,GVH_2025-05-06_68.75,GVH_quotes_2025_05_06.parquet,True
GVH,2025-05-07,30.07,GVH_2025-05-07_30.07,GVH_quotes_2025_05_07.parquet,True
GVH,2025-06-27,92.89,GVH_2025-06-27_92.89,GVH_quotes_2025_06_27.parquet,True
GVH,2025-07-02,44.63,GVH_2025-07-02_44.63,GVH_quotes_2025_07_02.parquet,True
GVH,2025-07-22,50.00,GVH_2025-07-22_50.00,GVH_quotes_2025_07_22.parquet,True
GVH,2025-08-29,30.29,GVH_2025-08-29_30.29,GVH_quotes_2025_08_29.parquet,True
GV,2025-02-24,67.31,GV_2025-02-24_67.31,GV_quotes_2025_02_24.parquet,True
GV,2025-03-05,208.53,GV_2025-03-05_208.53,GV_quotes_2025_03_05.parquet,True
GV,2025-03-06,90.53,GV_2025-03-06_90.53,GV_quotes_2025_03_06.parquet,True
GV,2025-03-07,96.32,GV_2025-03-07_96.32,GV_quotes_2025_03_07.parquet,True
GV,2025-03-12,55.76,GV_2025-03-12_55.76,GV_quotes_2025_03_12.parquet,True
GV,2025-03-14,43.77,GV_2025-03-14_43.77,GV_quotes_2025_03_14.parquet,True
GV,2025-08-05,107.41,GV_2025-08-05_107.41,GV_quotes_2025_08_05.parquet,True
GV,2025-08-13,35.36,GV_2025-08-13_35.36,GV_quotes_2025_08_13.parquet,True
GV,2025-09-17,151.05,GV_2025-09-17_151.05,GV_quotes_2025_09_17.parquet,True
GWAV,2025-02-10,62.45,GWAV_2025-02-10_62.45,GWAV_quotes_2025_02_10.parquet,True
GWAV,2025-04-22,43.70,GWAV_2025-04-22_43.70,GWAV_quotes_2025_04_22.parquet,True
GWAV,2025-04-28,41.59,GWAV_2025-04-28_41.59,GWAV_quotes_2025_04_28.parquet,True
GWAV,2025-10-14,182.02,GWAV_2025-10-14_182.02,GWAV_quotes_2025_10_14.parquet,True
GWH,2025-02-18,36.07,GWH_2025-02-18_36.07,GWH_quotes_2025_02_18.parquet,True
GWH,2025-05-30,151.22,GWH_2025-05-30_151.22,GWH_quotes_2025_05_30.parquet,True
GWH,2025-06-26,34.58,GWH_2025-06-26_34.58,GWH_quotes_2025_06_26.parquet,True
GWH,2025-07-02,31.06,GWH_2025-07-02_31.06,GWH_quotes_2025_07_02.parquet,True
GWH,2025-07-22,35.90,GWH_2025-07-22_35.90,GWH_quotes_2025_07_22.parquet,True
GWH,2025-10-10,209.88,GWH_2025-10-10_209.88,GWH_quotes_2025_10_10.parquet,True
GWH,2025-10-13,233.41,GWH_2025-10-13_233.41,GWH_quotes_2025_10_13.parquet,True
GWH,2025-10-17,46.81,GWH_2025-10-17_46.81,GWH_quotes_2025_10_17.parquet,True
GXAI,2025-02-14,31.58,GXAI_2025-02-14_31.58,GXAI_quotes_2025_02_14.parquet,True
GXAI,2025-08-19,120.91,GXAI_2025-08-19_120.91,GXAI_quotes_2025_08_19.parquet,True
GXAI,2025-08-21,62.64,GXAI_2025-08-21_62.64,GXAI_quotes_2025_08_21.parquet,True
GYRE,2025-05-27,33.76,GYRE_2025-05-27_33.76,GYRE_quotes_2025_05_27.parquet,True
HAO,2025-01-28,59.36,HAO_2025-01-28_59.36,HAO_quotes_2025_01_28.parquet,True
HAO,2025-04-09,40.63,HAO_2025-04-09_40.63,HAO_quotes_2025_04_09.parquet,True
HAO,2025-05-23,59.31,HAO_2025-05-23_59.31,HAO_quotes_2025_05_23.parquet,True
HAO,2025-05-30,31.42,HAO_2025-05-30_31.42,HAO_quotes_2025_05_30.parquet,True
HAO,2025-08-25,30.25,HAO_2025-08-25_30.25,HAO_quotes_2025_08_25.parquet,True
HAO,2025-09-11,78.40,HAO_2025-09-11_78.40,HAO_quotes_2025_09_11.parquet,True
HBI,2025-08-07,32.85,HBI_2025-08-07_32.85,HBI_quotes_2025_08_07.parquet,True
HBI,2025-08-12,39.75,HBI_2025-08-12_39.75,HBI_quotes_2025_08_12.parquet,True
HCAI,2025-02-07,36.17,HCAI_2025-02-07_36.17,HCAI_quotes_2025_02_07.parquet,True
HCAI,2025-03-14,36.43,HCAI_2025-03-14_36.43,HCAI_quotes_2025_03_14.parquet,True
HCAI,2025-03-17,30.65,HCAI_2025-03-17_30.65,HCAI_quotes_2025_03_17.parquet,True
HCAI,2025-03-26,53.69,HCAI_2025-03-26_53.69,HCAI_quotes_2025_03_26.parquet,True
HCTI,2025-01-03,34.83,HCTI_2025-01-03_34.83,HCTI_quotes_2025_01_03.parquet,True
HCTI,2025-01-06,45.83,HCTI_2025-01-06_45.83,HCTI_quotes_2025_01_06.parquet,True
HCTI,2025-02-18,82.92,HCTI_2025-02-18_82.92,HCTI_quotes_2025_02_18.parquet,True
HCTI,2025-02-26,71.05,HCTI_2025-02-26_71.05,HCTI_quotes_2025_02_26.parquet,True
HCTI,2025-03-12,50.68,HCTI_2025-03-12_50.68,HCTI_quotes_2025_03_12.parquet,True
HCTI,2025-04-01,46.83,HCTI_2025-04-01_46.83,HCTI_quotes_2025_04_01.parquet,True
HCTI,2025-05-01,180.25,HCTI_2025-05-01_180.25,HCTI_quotes_2025_05_01.parquet,True
HCTI,2025-05-14,134.74,HCTI_2025-05-14_134.74,HCTI_quotes_2025_05_14.parquet,True
HCTI,2025-05-19,117.72,HCTI_2025-05-19_117.72,HCTI_quotes_2025_05_19.parquet,True
HCTI,2025-05-20,39.56,HCTI_2025-05-20_39.56,HCTI_quotes_2025_05_20.parquet,True
HCTI,2025-05-29,120.69,HCTI_2025-05-29_120.69,HCTI_quotes_2025_05_29.parquet,True
HCTI,2025-06-11,43.06,HCTI_2025-06-11_43.06,HCTI_quotes_2025_06_11.parquet,True
HCTI,2025-06-12,371.74,HCTI_2025-06-12_371.74,HCTI_quotes_2025_06_12.parquet,True
HCTI,2025-06-16,50.25,HCTI_2025-06-16_50.25,HCTI_quotes_2025_06_16.parquet,True
HCTI,2025-07-10,32.50,HCTI_2025-07-10_32.50,HCTI_quotes_2025_07_10.parquet,True
HCTI,2025-07-23,50.00,HCTI_2025-07-23_50.00,HCTI_quotes_2025_07_23.parquet,True
HCTI,2025-07-24,138.10,HCTI_2025-07-24_138.10,HCTI_quotes_2025_07_24.parquet,True
HCTI,2025-07-25,60.22,HCTI_2025-07-25_60.22,HCTI_quotes_2025_07_25.parquet,True
HCTI,2025-07-31,35.76,HCTI_2025-07-31_35.76,HCTI_quotes_2025_07_31.parquet,True
HCTI,2025-10-01,41.44,HCTI_2025-10-01_41.44,HCTI_quotes_2025_10_01.parquet,True
HCWB,2025-02-03,270.24,HCWB_2025-02-03_270.24,HCWB_quotes_2025_02_03.parquet,True
HCWB,2025-05-13,241.65,HCWB_2025-05-13_241.65,HCWB_quotes_2025_05_13.parquet,True
HCWB,2025-08-25,112.98,HCWB_2025-08-25_112.98,HCWB_quotes_2025_08_25.parquet,True
HCWB,2025-09-12,83.97,HCWB_2025-09-12_83.97,HCWB_quotes_2025_09_12.parquet,True
HFFG,2025-03-14,38.79,HFFG_2025-03-14_38.79,HFFG_quotes_2025_03_14.parquet,True
HHS,2025-06-23,40.73,HHS_2025-06-23_40.73,HHS_quotes_2025_06_23.parquet,True
HIMS,2025-04-29,33.22,HIMS_2025-04-29_33.22,HIMS_quotes_2025_04_29.parquet,True
HIMZ,2025-04-09,30.14,HIMZ_2025-04-09_30.14,HIMZ_quotes_2025_04_09.parquet,True
HIMZ,2025-04-29,63.71,HIMZ_2025-04-29_63.71,HIMZ_quotes_2025_04_29.parquet,True
HIMZ,2025-05-06,40.55,HIMZ_2025-05-06_40.55,HIMZ_quotes_2025_05_06.parquet,True
HIMZ,2025-05-13,31.88,HIMZ_2025-05-13_31.88,HIMZ_quotes_2025_05_13.parquet,True
HIMZ,2025-06-03,37.10,HIMZ_2025-06-03_37.10,HIMZ_quotes_2025_06_03.parquet,True
HIMZ,2025-07-23,36.73,HIMZ_2025-07-23_36.73,HIMZ_quotes_2025_07_23.parquet,True
HIMZ,2025-10-15,41.55,HIMZ_2025-10-15_41.55,HIMZ_quotes_2025_10_15.parquet,True
HIND,2025-09-17,58.15,HIND_2025-09-17_58.15,HIND_quotes_2025_09_17.parquet,True
HIT,2025-05-14,40.75,HIT_2025-05-14_40.75,HIT_quotes_2025_05_14.parquet,True
HIT,2025-07-21,34.55,HIT_2025-07-21_34.55,HIT_quotes_2025_07_21.parquet,True
HIT,2025-07-22,66.67,HIT_2025-07-22_66.67,HIT_quotes_2025_07_22.parquet,True
HIT,2025-08-04,31.00,HIT_2025-08-04_31.00,HIT_quotes_2025_08_04.parquet,True
HKD,2025-05-29,75.51,HKD_2025-05-29_75.51,HKD_quotes_2025_05_29.parquet,True
HKD,2025-10-31,223.67,HKD_2025-10-31_223.67,HKD_quotes_2025_10_31.parquet,True
HKPD,2025-03-19,36.67,HKPD_2025-03-19_36.67,HKPD_quotes_2025_03_19.parquet,True
HKPD,2025-03-28,33.59,HKPD_2025-03-28_33.59,HKPD_quotes_2025_03_28.parquet,True
HKPD,2025-05-19,56.88,HKPD_2025-05-19_56.88,HKPD_quotes_2025_05_19.parquet,True
HKPD,2025-06-02,135.90,HKPD_2025-06-02_135.90,HKPD_quotes_2025_06_02.parquet,True
HKPD,2025-06-06,37.80,HKPD_2025-06-06_37.80,HKPD_quotes_2025_06_06.parquet,True
HKPD,2025-08-26,145.71,HKPD_2025-08-26_145.71,HKPD_quotes_2025_08_26.parquet,True
HKPD,2025-09-05,49.04,HKPD_2025-09-05_49.04,HKPD_quotes_2025_09_05.parquet,True
HKPD,2025-09-10,31.99,HKPD_2025-09-10_31.99,HKPD_quotes_2025_09_10.parquet,True
HKPD,2025-10-23,48.22,HKPD_2025-10-23_48.22,HKPD_quotes_2025_10_23.parquet,True
HLF,2025-02-20,49.47,HLF_2025-02-20_49.47,HLF_quotes_2025_02_20.parquet,True
HLIO,2025-02-25,30.28,HLIO_2025-02-25_30.28,HLIO_quotes_2025_02_25.parquet,True
HLIO,2025-08-05,32.70,HLIO_2025-08-05_32.70,HLIO_quotes_2025_08_05.parquet,True
HLLY,2025-08-06,31.86,HLLY_2025-08-06_31.86,HLLY_quotes_2025_08_06.parquet,True
HMR,2025-03-10,115.23,HMR_2025-03-10_115.23,HMR_quotes_2025_03_10.parquet,True
HMR,2025-03-12,38.03,HMR_2025-03-12_38.03,HMR_quotes_2025_03_12.parquet,True
HMR,2025-03-13,88.24,HMR_2025-03-13_88.24,HMR_quotes_2025_03_13.parquet,True
HMR,2025-03-18,49.63,HMR_2025-03-18_49.63,HMR_quotes_2025_03_18.parquet,True
HOLO,2025-01-16,32.28,HOLO_2025-01-16_32.28,HOLO_quotes_2025_01_16.parquet,True
HOLO,2025-01-27,67.10,HOLO_2025-01-27_67.10,HOLO_quotes_2025_01_27.parquet,True
HOLO,2025-02-21,52.10,HOLO_2025-02-21_52.10,HOLO_quotes_2025_02_21.parquet,True
HOLO,2025-03-21,60.16,HOLO_2025-03-21_60.16,HOLO_quotes_2025_03_21.parquet,True
HOLO,2025-04-16,39.40,HOLO_2025-04-16_39.40,HOLO_quotes_2025_04_16.parquet,True
HOLO,2025-04-22,35.90,HOLO_2025-04-22_35.90,HOLO_quotes_2025_04_22.parquet,True
HOLO,2025-04-24,31.59,HOLO_2025-04-24_31.59,HOLO_quotes_2025_04_24.parquet,True
HOLO,2025-05-27,32.78,HOLO_2025-05-27_32.78,HOLO_quotes_2025_05_27.parquet,True
HOLO,2025-05-28,95.70,HOLO_2025-05-28_95.70,HOLO_quotes_2025_05_28.parquet,True
HOLO,2025-06-03,39.23,HOLO_2025-06-03_39.23,HOLO_quotes_2025_06_03.parquet,True
HOLO,2025-07-11,65.40,HOLO_2025-07-11_65.40,HOLO_quotes_2025_07_11.parquet,True
HOOG,2025-04-09,48.78,HOOG_2025-04-09_48.78,HOOG_quotes_2025_04_09.parquet,True
HOOG,2025-09-08,31.32,HOOG_2025-09-08_31.32,HOOG_quotes_2025_09_08.parquet,True
HOOX,2025-04-09,48.10,HOOX_2025-04-09_48.10,HOOX_quotes_2025_04_09.parquet,True
HOOX,2025-09-08,31.68,HOOX_2025-09-08_31.68,HOOX_quotes_2025_09_08.parquet,True
HOTH,2025-01-07,363.64,HOTH_2025-01-07_363.64,HOTH_quotes_2025_01_07.parquet,True
HOTH,2025-03-04,44.83,HOTH_2025-03-04_44.83,HOTH_quotes_2025_03_04.parquet,True
HOTH,2025-06-04,78.30,HOTH_2025-06-04_78.30,HOTH_quotes_2025_06_04.parquet,True
HOUR,2025-01-27,68.29,HOUR_2025-01-27_68.29,HOUR_quotes_2025_01_27.parquet,True
HOUR,2025-02-03,33.50,HOUR_2025-02-03_33.50,HOUR_quotes_2025_02_03.parquet,True
HOUR,2025-03-26,41.14,HOUR_2025-03-26_41.14,HOUR_quotes_2025_03_26.parquet,True
HOUR,2025-07-01,52.45,HOUR_2025-07-01_52.45,HOUR_quotes_2025_07_01.parquet,True
HOUR,2025-09-04,49.61,HOUR_2025-09-04_49.61,HOUR_quotes_2025_09_04.parquet,True
HOUR,2025-09-05,185.71,HOUR_2025-09-05_185.71,HOUR_quotes_2025_09_05.parquet,True
HOUR,2025-09-08,87.40,HOUR_2025-09-08_87.40,HOUR_quotes_2025_09_08.parquet,True
HOUR,2025-09-26,33.43,HOUR_2025-09-26_33.43,HOUR_quotes_2025_09_26.parquet,True
HOUS,2025-09-22,70.16,HOUS_2025-09-22_70.16,HOUS_quotes_2025_09_22.parquet,True
HOVR,2025-06-13,69.34,HOVR_2025-06-13_69.34,HOVR_quotes_2025_06_13.parquet,True
HOVR,2025-06-18,33.52,HOVR_2025-06-18_33.52,HOVR_quotes_2025_06_18.parquet,True
HOVR,2025-10-13,33.45,HOVR_2025-10-13_33.45,HOVR_quotes_2025_10_13.parquet,True
HPAI,2025-04-04,32.49,HPAI_2025-04-04_32.49,HPAI_quotes_2025_04_04.parquet,True
HROW,2025-03-18,36.11,HROW_2025-03-18_36.11,HROW_quotes_2025_03_18.parquet,True
HSAI,2025-03-11,51.03,HSAI_2025-03-11_51.03,HSAI_quotes_2025_03_11.parquet,True
HSCS,2025-07-10,48.05,HSCS_2025-07-10_48.05,HSCS_quotes_2025_07_10.parquet,True
HSDT,2025-01-21,113.05,HSDT_2025-01-21_113.05,HSDT_quotes_2025_01_21.parquet,True
HSDT,2025-05-02,36.10,HSDT_2025-05-02_36.10,HSDT_quotes_2025_05_02.parquet,True
HSDT,2025-06-11,118.93,HSDT_2025-06-11_118.93,HSDT_quotes_2025_06_11.parquet,True
HSDT,2025-06-18,39.02,HSDT_2025-06-18_39.02,HSDT_quotes_2025_06_18.parquet,True
HSDT,2025-07-21,62.36,HSDT_2025-07-21_62.36,HSDT_quotes_2025_07_21.parquet,True
HSDT,2025-09-15,223.94,HSDT_2025-09-15_223.94,HSDT_quotes_2025_09_15.parquet,True
HSDT,2025-09-16,32.46,HSDT_2025-09-16_32.46,HSDT_quotes_2025_09_16.parquet,True
HTCO,2025-03-12,58.86,HTCO_2025-03-12_58.86,HTCO_quotes_2025_03_12.parquet,True
HTCO,2025-03-25,47.87,HTCO_2025-03-25_47.87,HTCO_quotes_2025_03_25.parquet,True
HTCO,2025-04-14,42.06,HTCO_2025-04-14_42.06,HTCO_quotes_2025_04_14.parquet,True
HTCO,2025-05-06,32.59,HTCO_2025-05-06_32.59,HTCO_quotes_2025_05_06.parquet,True
HTCO,2025-05-08,31.01,HTCO_2025-05-08_31.01,HTCO_quotes_2025_05_08.parquet,True
HTCO,2025-06-18,41.52,HTCO_2025-06-18_41.52,HTCO_quotes_2025_06_18.parquet,True
HTCO,2025-08-25,31.60,HTCO_2025-08-25_31.60,HTCO_quotes_2025_08_25.parquet,True
HTCR,2025-08-25,130.34,HTCR_2025-08-25_130.34,HTCR_quotes_2025_08_25.parquet,True
HTCR,2025-09-05,36.79,HTCR_2025-09-05_36.79,HTCR_quotes_2025_09_05.parquet,True
HTOO,2025-07-15,45.20,HTOO_2025-07-15_45.20,HTOO_quotes_2025_07_15.parquet,True
HTOO,2025-07-22,195.09,HTOO_2025-07-22_195.09,HTOO_quotes_2025_07_22.parquet,True
HTOO,2025-07-25,80.76,HTOO_2025-07-25_80.76,HTOO_quotes_2025_07_25.parquet,True
HTZWW,2025-04-16,59.20,HTZWW_2025-04-16_59.20,HTZWW_quotes_2025_04_16.parquet,True
HTZWW,2025-04-17,51.67,HTZWW_2025-04-17_51.67,HTZWW_quotes_2025_04_17.parquet,True
HTZ,2025-04-16,58.08,HTZ_2025-04-16_58.08,HTZ_quotes_2025_04_16.parquet,True
HTZ,2025-04-17,53.06,HTZ_2025-04-17_53.06,HTZ_quotes_2025_04_17.parquet,True
HUBC,2025-02-04,32.98,HUBC_2025-02-04_32.98,HUBC_quotes_2025_02_04.parquet,True
HUBC,2025-02-28,33.50,HUBC_2025-02-28_33.50,HUBC_quotes_2025_02_28.parquet,True
HUBC,2025-04-09,56.50,HUBC_2025-04-09_56.50,HUBC_quotes_2025_04_09.parquet,True
HUBC,2025-07-14,36.31,HUBC_2025-07-14_36.31,HUBC_quotes_2025_07_14.parquet,True
HUBC,2025-07-16,43.08,HUBC_2025-07-16_43.08,HUBC_quotes_2025_07_16.parquet,True
HUDI,2025-09-10,310.53,HUDI_2025-09-10_310.53,HUDI_quotes_2025_09_10.parquet,True
HUHU,2025-02-19,34.69,HUHU_2025-02-19_34.69,HUHU_quotes_2025_02_19.parquet,True
HUHU,2025-03-21,62.87,HUHU_2025-03-21_62.87,HUHU_quotes_2025_03_21.parquet,True
HUHU,2025-03-24,42.45,HUHU_2025-03-24_42.45,HUHU_quotes_2025_03_24.parquet,True
HUIZ,2025-04-15,36.76,HUIZ_2025-04-15_36.76,HUIZ_quotes_2025_04_15.parquet,True
HUIZ,2025-09-12,60.07,HUIZ_2025-09-12_60.07,HUIZ_quotes_2025_09_12.parquet,True
HUMA,2025-04-09,33.91,HUMA_2025-04-09_33.91,HUMA_quotes_2025_04_09.parquet,True
HUMA,2025-05-13,36.36,HUMA_2025-05-13_36.36,HUMA_quotes_2025_05_13.parquet,True
HURA,2025-01-10,31.89,HURA_2025-01-10_31.89,HURA_quotes_2025_01_10.parquet,True
HURA,2025-03-19,37.50,HURA_2025-03-19_37.50,HURA_quotes_2025_03_19.parquet,True
HURA,2025-08-11,36.96,HURA_2025-08-11_36.96,HURA_quotes_2025_08_11.parquet,True
HWH,2025-01-27,204.83,HWH_2025-01-27_204.83,HWH_quotes_2025_01_27.parquet,True
HWH,2025-01-30,50.51,HWH_2025-01-30_50.51,HWH_quotes_2025_01_30.parquet,True
HWH,2025-02-24,30.25,HWH_2025-02-24_30.25,HWH_quotes_2025_02_24.parquet,True
HWH,2025-02-26,64.63,HWH_2025-02-26_64.63,HWH_quotes_2025_02_26.parquet,True
HWH,2025-03-21,34.85,HWH_2025-03-21_34.85,HWH_quotes_2025_03_21.parquet,True
HWH,2025-05-12,36.36,HWH_2025-05-12_36.36,HWH_quotes_2025_05_12.parquet,True
HWH,2025-05-14,71.90,HWH_2025-05-14_71.90,HWH_quotes_2025_05_14.parquet,True
HWH,2025-07-29,119.44,HWH_2025-07-29_119.44,HWH_quotes_2025_07_29.parquet,True
HWH,2025-08-05,34.97,HWH_2025-08-05_34.97,HWH_quotes_2025_08_05.parquet,True
HWH,2025-09-02,439.58,HWH_2025-09-02_439.58,HWH_quotes_2025_09_02.parquet,True
HWH,2025-09-04,61.62,HWH_2025-09-04_61.62,HWH_quotes_2025_09_04.parquet,True
HXHX,2025-10-16,30.43,HXHX_2025-10-16_30.43,HXHX_quotes_2025_10_16.parquet,True
HYFM,2025-04-10,45.83,HYFM_2025-04-10_45.83,HYFM_quotes_2025_04_10.parquet,True
HYFM,2025-04-11,30.23,HYFM_2025-04-11_30.23,HYFM_quotes_2025_04_11.parquet,True
HYFM,2025-05-05,33.90,HYFM_2025-05-05_33.90,HYFM_quotes_2025_05_05.parquet,True
HYPD,2025-07-28,30.56,HYPD_2025-07-28_30.56,HYPD_quotes_2025_07_28.parquet,True
HYPD,2025-08-08,48.18,HYPD_2025-08-08_48.18,HYPD_quotes_2025_08_08.parquet,True
HYPD,2025-09-09,38.89,HYPD_2025-09-09_38.89,HYPD_quotes_2025_09_09.parquet,True
HYPR,2025-03-17,47.99,HYPR_2025-03-17_47.99,HYPR_quotes_2025_03_17.parquet,True
HYPR,2025-06-02,97.51,HYPR_2025-06-02_97.51,HYPR_quotes_2025_06_02.parquet,True
HYPR,2025-07-17,36.25,HYPR_2025-07-17_36.25,HYPR_quotes_2025_07_17.parquet,True
IBEX,2025-09-12,41.14,IBEX_2025-09-12_41.14,IBEX_quotes_2025_09_12.parquet,True
IBG,2025-04-02,299.76,IBG_2025-04-02_299.76,IBG_quotes_2025_04_02.parquet,True
IBG,2025-07-14,138.98,IBG_2025-07-14_138.98,IBG_quotes_2025_07_14.parquet,True
IBG,2025-07-15,41.75,IBG_2025-07-15_41.75,IBG_quotes_2025_07_15.parquet,True
IBG,2025-07-18,42.53,IBG_2025-07-18_42.53,IBG_quotes_2025_07_18.parquet,True
IBG,2025-09-23,252.21,IBG_2025-09-23_252.21,IBG_quotes_2025_09_23.parquet,True
IBG,2025-09-29,44.77,IBG_2025-09-29_44.77,IBG_quotes_2025_09_29.parquet,True
IBG,2025-09-30,70.79,IBG_2025-09-30_70.79,IBG_quotes_2025_09_30.parquet,True
IBG,2025-10-15,53.42,IBG_2025-10-15_53.42,IBG_quotes_2025_10_15.parquet,True
IBIO,2025-02-27,38.30,IBIO_2025-02-27_38.30,IBIO_quotes_2025_02_27.parquet,True
IBIO,2025-04-28,32.75,IBIO_2025-04-28_32.75,IBIO_quotes_2025_04_28.parquet,True
IBIO,2025-04-29,54.29,IBIO_2025-04-29_54.29,IBIO_quotes_2025_04_29.parquet,True
IBIO,2025-06-24,45.99,IBIO_2025-06-24_45.99,IBIO_quotes_2025_06_24.parquet,True
IBIO,2025-10-21,64.61,IBIO_2025-10-21_64.61,IBIO_quotes_2025_10_21.parquet,True
IBIO,2025-10-22,42.34,IBIO_2025-10-22_42.34,IBIO_quotes_2025_10_22.parquet,True
ICCM,2025-08-28,32.98,ICCM_2025-08-28_32.98,ICCM_quotes_2025_08_28.parquet,True
ICCM,2025-10-03,41.41,ICCM_2025-10-03_41.41,ICCM_quotes_2025_10_03.parquet,True
ICG,2025-06-23,53.78,ICG_2025-06-23_53.78,ICG_quotes_2025_06_23.parquet,True
ICG,2025-07-08,36.24,ICG_2025-07-08_36.24,ICG_quotes_2025_07_08.parquet,True
ICON,2025-03-07,53.79,ICON_2025-03-07_53.79,ICON_quotes_2025_03_07.parquet,True
ICON,2025-03-13,54.67,ICON_2025-03-13_54.67,ICON_quotes_2025_03_13.parquet,True
ICON,2025-04-02,48.04,ICON_2025-04-02_48.04,ICON_quotes_2025_04_02.parquet,True
ICON,2025-06-13,83.79,ICON_2025-06-13_83.79,ICON_quotes_2025_06_13.parquet,True
ICU,2025-01-31,58.96,ICU_2025-01-31_58.96,ICU_quotes_2025_01_31.parquet,True
ICU,2025-02-03,37.05,ICU_2025-02-03_37.05,ICU_quotes_2025_02_03.parquet,True
IDAI,2025-05-15,33.32,IDAI_2025-05-15_33.32,IDAI_quotes_2025_05_15.parquet,True
IDAI,2025-09-19,40.10,IDAI_2025-09-19_40.10,IDAI_quotes_2025_09_19.parquet,True
IDAI,2025-09-24,60.33,IDAI_2025-09-24_60.33,IDAI_quotes_2025_09_24.parquet,True
IDN,2025-05-20,30.17,IDN_2025-05-20_30.17,IDN_quotes_2025_05_20.parquet,True
IFBD,2025-05-09,40.83,IFBD_2025-05-09_40.83,IFBD_quotes_2025_05_09.parquet,True
IFBD,2025-09-09,32.05,IFBD_2025-09-09_32.05,IFBD_quotes_2025_09_09.parquet,True
IFRX,2025-08-29,36.75,IFRX_2025-08-29_36.75,IFRX_quotes_2025_08_29.parquet,True
IHRT,2025-08-12,40.18,IHRT_2025-08-12_40.18,IHRT_quotes_2025_08_12.parquet,True
IH,2025-07-17,34.44,IH_2025-07-17_34.44,IH_quotes_2025_07_17.parquet,True
IINN,2025-07-02,40.08,IINN_2025-07-02_40.08,IINN_quotes_2025_07_02.parquet,True
IINN,2025-07-07,37.82,IINN_2025-07-07_37.82,IINN_quotes_2025_07_07.parquet,True
ILLR,2025-01-14,35.78,ILLR_2025-01-14_35.78,ILLR_quotes_2025_01_14.parquet,True
ILLR,2025-03-12,32.77,ILLR_2025-03-12_32.77,ILLR_quotes_2025_03_12.parquet,True
ILLR,2025-04-15,32.53,ILLR_2025-04-15_32.53,ILLR_quotes_2025_04_15.parquet,True
ILLR,2025-04-22,37.85,ILLR_2025-04-22_37.85,ILLR_quotes_2025_04_22.parquet,True
ILLR,2025-06-30,60.59,ILLR_2025-06-30_60.59,ILLR_quotes_2025_06_30.parquet,True
ILLR,2025-09-16,39.97,ILLR_2025-09-16_39.97,ILLR_quotes_2025_09_16.parquet,True
ILLR,2025-10-03,31.84,ILLR_2025-10-03_31.84,ILLR_quotes_2025_10_03.parquet,True
ILPT,2025-06-16,30.35,ILPT_2025-06-16_30.35,ILPT_quotes_2025_06_16.parquet,True
IMCC,2025-05-28,99.47,IMCC_2025-05-28_99.47,IMCC_quotes_2025_05_28.parquet,True
IMCC,2025-05-29,120.30,IMCC_2025-05-29_120.30,IMCC_quotes_2025_05_29.parquet,True
IMCC,2025-05-30,35.07,IMCC_2025-05-30_35.07,IMCC_quotes_2025_05_30.parquet,True
IMCC,2025-06-17,33.92,IMCC_2025-06-17_33.92,IMCC_quotes_2025_06_17.parquet,True
IMCC,2025-10-23,38.17,IMCC_2025-10-23_38.17,IMCC_quotes_2025_10_23.parquet,True
IMDX,2025-06-20,34.18,IMDX_2025-06-20_34.18,IMDX_quotes_2025_06_20.parquet,True
IMG,2025-01-08,105.68,IMG_2025-01-08_105.68,IMG_quotes_2025_01_08.parquet,True
IMMP,2025-05-05,58.48,IMMP_2025-05-05_58.48,IMMP_quotes_2025_05_05.parquet,True
IMNN,2025-05-13,32.35,IMNN_2025-05-13_32.35,IMNN_quotes_2025_05_13.parquet,True
IMNN,2025-05-22,47.80,IMNN_2025-05-22_47.80,IMNN_quotes_2025_05_22.parquet,True
IMNN,2025-05-23,234.54,IMNN_2025-05-23_234.54,IMNN_quotes_2025_05_23.parquet,True
IMNN,2025-05-27,106.90,IMNN_2025-05-27_106.90,IMNN_quotes_2025_05_27.parquet,True
IMNN,2025-05-29,46.71,IMNN_2025-05-29_46.71,IMNN_quotes_2025_05_29.parquet,True
IMNN,2025-05-30,45.73,IMNN_2025-05-30_45.73,IMNN_quotes_2025_05_30.parquet,True
IMNN,2025-06-10,59.40,IMNN_2025-06-10_59.40,IMNN_quotes_2025_06_10.parquet,True
IMNN,2025-07-17,61.54,IMNN_2025-07-17_61.54,IMNN_quotes_2025_07_17.parquet,True
IMRX,2025-01-07,61.02,IMRX_2025-01-07_61.02,IMRX_quotes_2025_01_07.parquet,True
IMRX,2025-06-18,63.18,IMRX_2025-06-18_63.18,IMRX_quotes_2025_06_18.parquet,True
IMRX,2025-08-21,37.03,IMRX_2025-08-21_37.03,IMRX_quotes_2025_08_21.parquet,True
IMRX,2025-09-10,32.91,IMRX_2025-09-10_32.91,IMRX_quotes_2025_09_10.parquet,True
IMTE,2025-03-24,313.04,IMTE_2025-03-24_313.04,IMTE_quotes_2025_03_24.parquet,True
IMTE,2025-03-26,67.72,IMTE_2025-03-26_67.72,IMTE_quotes_2025_03_26.parquet,True
IMTE,2025-03-27,31.60,IMTE_2025-03-27_31.60,IMTE_quotes_2025_03_27.parquet,True
IMXI,2025-08-11,64.55,IMXI_2025-08-11_64.55,IMXI_quotes_2025_08_11.parquet,True
INAB,2025-01-06,32.12,INAB_2025-01-06_32.12,INAB_quotes_2025_01_06.parquet,True
INAB,2025-02-11,54.65,INAB_2025-02-11_54.65,INAB_quotes_2025_02_11.parquet,True
INAB,2025-05-29,31.69,INAB_2025-05-29_31.69,INAB_quotes_2025_05_29.parquet,True
INBX,2025-10-24,112.27,INBX_2025-10-24_112.27,INBX_quotes_2025_10_24.parquet,True
INDP,2025-03-18,109.28,INDP_2025-03-18_109.28,INDP_quotes_2025_03_18.parquet,True
INDP,2025-06-23,163.31,INDP_2025-06-23_163.31,INDP_quotes_2025_06_23.parquet,True
INDP,2025-06-26,30.43,INDP_2025-06-26_30.43,INDP_quotes_2025_06_26.parquet,True
INDP,2025-09-26,161.28,INDP_2025-09-26_161.28,INDP_quotes_2025_09_26.parquet,True
INDP,2025-10-07,61.13,INDP_2025-10-07_61.13,INDP_quotes_2025_10_07.parquet,True
INEO,2025-05-23,44.15,INEO_2025-05-23_44.15,INEO_quotes_2025_05_23.parquet,True
INEO,2025-06-11,81.03,INEO_2025-06-11_81.03,INEO_quotes_2025_06_11.parquet,True
INEO,2025-06-17,74.77,INEO_2025-06-17_74.77,INEO_quotes_2025_06_17.parquet,True
INEO,2025-08-28,32.29,INEO_2025-08-28_32.29,INEO_quotes_2025_08_28.parquet,True
INEO,2025-10-23,53.37,INEO_2025-10-23_53.37,INEO_quotes_2025_10_23.parquet,True
INHD,2025-01-28,43.63,INHD_2025-01-28_43.63,INHD_quotes_2025_01_28.parquet,True
INHD,2025-04-21,37.82,INHD_2025-04-21_37.82,INHD_quotes_2025_04_21.parquet,True
INHD,2025-05-12,266.30,INHD_2025-05-12_266.30,INHD_quotes_2025_05_12.parquet,True
INHD,2025-05-13,48.73,INHD_2025-05-13_48.73,INHD_quotes_2025_05_13.parquet,True
INHD,2025-08-25,376.34,INHD_2025-08-25_376.34,INHD_quotes_2025_08_25.parquet,True
INHD,2025-08-27,80.05,INHD_2025-08-27_80.05,INHD_quotes_2025_08_27.parquet,True
INHD,2025-09-04,129.83,INHD_2025-09-04_129.83,INHD_quotes_2025_09_04.parquet,True
INHD,2025-09-05,42.56,INHD_2025-09-05_42.56,INHD_quotes_2025_09_05.parquet,True
INHD,2025-09-08,65.18,INHD_2025-09-08_65.18,INHD_quotes_2025_09_08.parquet,True
INKT,2025-01-29,32.67,INKT_2025-01-29_32.67,INKT_quotes_2025_01_29.parquet,True
INKT,2025-01-31,33.53,INKT_2025-01-31_33.53,INKT_quotes_2025_01_31.parquet,True
INKT,2025-02-04,73.16,INKT_2025-02-04_73.16,INKT_quotes_2025_02_04.parquet,True
INKT,2025-07-11,883.18,INKT_2025-07-11_883.18,INKT_quotes_2025_07_11.parquet,True
INKT,2025-07-17,31.11,INKT_2025-07-17_31.11,INKT_quotes_2025_07_17.parquet,True
INLF,2025-01-03,38.20,INLF_2025-01-03_38.20,INLF_quotes_2025_01_03.parquet,True
INLF,2025-02-12,38.23,INLF_2025-02-12_38.23,INLF_quotes_2025_02_12.parquet,True
INLF,2025-02-13,66.94,INLF_2025-02-13_66.94,INLF_quotes_2025_02_13.parquet,True
INLF,2025-02-14,133.07,INLF_2025-02-14_133.07,INLF_quotes_2025_02_14.parquet,True
INLF,2025-06-16,52.77,INLF_2025-06-16_52.77,INLF_quotes_2025_06_16.parquet,True
INLF,2025-06-20,93.82,INLF_2025-06-20_93.82,INLF_quotes_2025_06_20.parquet,True
INLF,2025-06-25,49.73,INLF_2025-06-25_49.73,INLF_quotes_2025_06_25.parquet,True
INMB,2025-06-27,85.35,INMB_2025-06-27_85.35,INMB_quotes_2025_06_27.parquet,True
INM,2025-01-21,67.07,INM_2025-01-21_67.07,INM_quotes_2025_01_21.parquet,True
INM,2025-05-14,52.67,INM_2025-05-14_52.67,INM_quotes_2025_05_14.parquet,True
INM,2025-06-02,220.48,INM_2025-06-02_220.48,INM_quotes_2025_06_02.parquet,True
INM,2025-06-24,124.49,INM_2025-06-24_124.49,INM_quotes_2025_06_24.parquet,True
INOD,2025-02-21,30.13,INOD_2025-02-21_30.13,INOD_quotes_2025_02_21.parquet,True
INTC,2025-09-18,30.03,INTC_2025-09-18_30.03,INTC_quotes_2025_09_18.parquet,True
INTG,2025-10-15,51.65,INTG_2025-10-15_51.65,INTG_quotes_2025_10_15.parquet,True
INTS,2025-10-30,551.93,INTS_2025-10-30_551.93,INTS_quotes_2025_10_30.parquet,True
INTW,2025-02-18,32.13,INTW_2025-02-18_32.13,INTW_quotes_2025_02_18.parquet,True
INTW,2025-03-13,36.87,INTW_2025-03-13_36.87,INTW_quotes_2025_03_13.parquet,True
INTW,2025-04-09,38.58,INTW_2025-04-09_38.58,INTW_quotes_2025_04_09.parquet,True
INTW,2025-09-18,59.97,INTW_2025-09-18_59.97,INTW_quotes_2025_09_18.parquet,True
INTZ,2025-01-03,37.57,INTZ_2025-01-03_37.57,INTZ_quotes_2025_01_03.parquet,True
INTZ,2025-01-10,77.50,INTZ_2025-01-10_77.50,INTZ_quotes_2025_01_10.parquet,True
INTZ,2025-03-13,32.86,INTZ_2025-03-13_32.86,INTZ_quotes_2025_03_13.parquet,True
INTZ,2025-03-17,37.17,INTZ_2025-03-17_37.17,INTZ_quotes_2025_03_17.parquet,True
INTZ,2025-06-02,30.77,INTZ_2025-06-02_30.77,INTZ_quotes_2025_06_02.parquet,True
INVZ,2025-01-07,57.79,INVZ_2025-01-07_57.79,INVZ_quotes_2025_01_07.parquet,True
INVZ,2025-06-17,32.88,INVZ_2025-06-17_32.88,INVZ_quotes_2025_06_17.parquet,True
INV,2025-08-04,55.61,INV_2025-08-04_55.61,INV_quotes_2025_08_04.parquet,True
IOBT,2025-03-25,36.99,IOBT_2025-03-25_36.99,IOBT_quotes_2025_03_25.parquet,True
IOBT,2025-08-12,49.58,IOBT_2025-08-12_49.58,IOBT_quotes_2025_08_12.parquet,True
IOBT,2025-08-15,72.66,IOBT_2025-08-15_72.66,IOBT_quotes_2025_08_15.parquet,True
IONL,2025-04-07,30.62,IONL_2025-04-07_30.62,IONL_quotes_2025_04_07.parquet,True
IONL,2025-04-09,46.52,IONL_2025-04-09_46.52,IONL_quotes_2025_04_09.parquet,True
IONL,2025-05-22,89.23,IONL_2025-05-22_89.23,IONL_quotes_2025_05_22.parquet,True
IONL,2025-09-12,38.60,IONL_2025-09-12_38.60,IONL_quotes_2025_09_12.parquet,True
IONL,2025-10-13,38.90,IONL_2025-10-13_38.90,IONL_quotes_2025_10_13.parquet,True
IONQ,2025-01-15,37.24,IONQ_2025-01-15_37.24,IONQ_quotes_2025_01_15.parquet,True
IONQ,2025-05-22,45.86,IONQ_2025-05-22_45.86,IONQ_quotes_2025_05_22.parquet,True
IONR,2025-09-24,37.39,IONR_2025-09-24_37.39,IONR_quotes_2025_09_24.parquet,True
IONR,2025-10-06,71.58,IONR_2025-10-06_71.58,IONR_quotes_2025_10_06.parquet,True
IONS,2025-09-02,35.85,IONS_2025-09-02_35.85,IONS_quotes_2025_09_02.parquet,True
IONX,2025-03-14,34.86,IONX_2025-03-14_34.86,IONX_quotes_2025_03_14.parquet,True
IONX,2025-03-24,36.85,IONX_2025-03-24_36.85,IONX_quotes_2025_03_24.parquet,True
IONX,2025-04-07,31.49,IONX_2025-04-07_31.49,IONX_quotes_2025_04_07.parquet,True
IONX,2025-04-09,49.66,IONX_2025-04-09_49.66,IONX_quotes_2025_04_09.parquet,True
IONX,2025-05-22,91.04,IONX_2025-05-22_91.04,IONX_quotes_2025_05_22.parquet,True
IONX,2025-09-12,38.87,IONX_2025-09-12_38.87,IONX_quotes_2025_09_12.parquet,True
IONX,2025-10-13,38.83,IONX_2025-10-13_38.83,IONX_quotes_2025_10_13.parquet,True
IOTR,2025-04-14,38.64,IOTR_2025-04-14_38.64,IOTR_quotes_2025_04_14.parquet,True
IOTR,2025-04-16,48.02,IOTR_2025-04-16_48.02,IOTR_quotes_2025_04_16.parquet,True
IOVA,2025-07-23,38.34,IOVA_2025-07-23_38.34,IOVA_quotes_2025_07_23.parquet,True
IPDN,2025-02-20,33.33,IPDN_2025-02-20_33.33,IPDN_quotes_2025_02_20.parquet,True
IPDN,2025-04-09,96.08,IPDN_2025-04-09_96.08,IPDN_quotes_2025_04_09.parquet,True
IPDN,2025-06-30,182.29,IPDN_2025-06-30_182.29,IPDN_quotes_2025_06_30.parquet,True
IPDN,2025-08-06,48.07,IPDN_2025-08-06_48.07,IPDN_quotes_2025_08_06.parquet,True
IPDN,2025-08-29,461.66,IPDN_2025-08-29_461.66,IPDN_quotes_2025_08_29.parquet,True
IPDN,2025-09-03,78.27,IPDN_2025-09-03_78.27,IPDN_quotes_2025_09_03.parquet,True
IPDN,2025-09-23,77.27,IPDN_2025-09-23_77.27,IPDN_quotes_2025_09_23.parquet,True
IPDN,2025-10-13,41.22,IPDN_2025-10-13_41.22,IPDN_quotes_2025_10_13.parquet,True
IPM,2025-09-17,49.22,IPM_2025-09-17_49.22,IPM_quotes_2025_09_17.parquet,True
IPWR,2025-08-14,48.21,IPWR_2025-08-14_48.21,IPWR_quotes_2025_08_14.parquet,True
IPW,2025-04-15,30.16,IPW_2025-04-15_30.16,IPW_quotes_2025_04_15.parquet,True
IPW,2025-06-05,95.55,IPW_2025-06-05_95.55,IPW_quotes_2025_06_05.parquet,True
IPW,2025-06-06,39.78,IPW_2025-06-06_39.78,IPW_quotes_2025_06_06.parquet,True
IPW,2025-06-09,34.17,IPW_2025-06-09_34.17,IPW_quotes_2025_06_09.parquet,True
IPW,2025-09-22,122.12,IPW_2025-09-22_122.12,IPW_quotes_2025_09_22.parquet,True
IQST,2025-05-14,86.42,IQST_2025-05-14_86.42,IQST_quotes_2025_05_14.parquet,True
IQST,2025-06-02,49.54,IQST_2025-06-02_49.54,IQST_quotes_2025_06_02.parquet,True
IRBT,2025-01-06,31.79,IRBT_2025-01-06_31.79,IRBT_quotes_2025_01_06.parquet,True
IRBT,2025-05-27,66.66,IRBT_2025-05-27_66.66,IRBT_quotes_2025_05_27.parquet,True
IRBT,2025-10-15,55.22,IRBT_2025-10-15_55.22,IRBT_quotes_2025_10_15.parquet,True
IRD,2025-06-02,75.97,IRD_2025-06-02_75.97,IRD_quotes_2025_06_02.parquet,True
IRIX,2025-03-21,34.15,IRIX_2025-03-21_34.15,IRIX_quotes_2025_03_21.parquet,True
IRIX,2025-07-17,33.64,IRIX_2025-07-17_33.64,IRIX_quotes_2025_07_17.parquet,True
IRS,2025-10-27,38.25,IRS_2025-10-27_38.25,IRS_quotes_2025_10_27.parquet,True
IRWD,2025-08-07,41.61,IRWD_2025-08-07_41.61,IRWD_quotes_2025_08_07.parquet,True
ISPC,2025-02-24,74.14,ISPC_2025-02-24_74.14,ISPC_quotes_2025_02_24.parquet,True
ISPC,2025-04-01,36.79,ISPC_2025-04-01_36.79,ISPC_quotes_2025_04_01.parquet,True
ISPC,2025-04-09,45.83,ISPC_2025-04-09_45.83,ISPC_quotes_2025_04_09.parquet,True
ISPC,2025-09-05,53.75,ISPC_2025-09-05_53.75,ISPC_quotes_2025_09_05.parquet,True
ISPC,2025-09-09,325.65,ISPC_2025-09-09_325.65,ISPC_quotes_2025_09_09.parquet,True
ISPC,2025-09-12,95.45,ISPC_2025-09-12_95.45,ISPC_quotes_2025_09_12.parquet,True
ISPO,2025-05-30,42.01,ISPO_2025-05-30_42.01,ISPO_quotes_2025_05_30.parquet,True
ISPR,2025-04-09,46.88,ISPR_2025-04-09_46.88,ISPR_quotes_2025_04_09.parquet,True
ISSC,2025-05-15,42.86,ISSC_2025-05-15_42.86,ISSC_quotes_2025_05_15.parquet,True
ISUL,2025-10-22,37.21,ISUL_2025-10-22_37.21,ISUL_quotes_2025_10_22.parquet,True
IVDA,2025-10-02,64.71,IVDA_2025-10-02_64.71,IVDA_quotes_2025_10_02.parquet,True
IVF,2025-04-30,98.76,IVF_2025-04-30_98.76,IVF_quotes_2025_04_30.parquet,True
IVF,2025-05-05,66.67,IVF_2025-05-05_66.67,IVF_quotes_2025_05_05.parquet,True
IVF,2025-06-25,53.00,IVF_2025-06-25_53.00,IVF_quotes_2025_06_25.parquet,True
IVF,2025-07-22,66.27,IVF_2025-07-22_66.27,IVF_quotes_2025_07_22.parquet,True
IVF,2025-10-16,179.83,IVF_2025-10-16_179.83,IVF_quotes_2025_10_16.parquet,True
IVP,2025-05-30,35.04,IVP_2025-05-30_35.04,IVP_quotes_2025_05_30.parquet,True
IVP,2025-08-14,64.62,IVP_2025-08-14_64.62,IVP_quotes_2025_08_14.parquet,True
IVVD,2025-02-03,210.32,IVVD_2025-02-03_210.32,IVVD_quotes_2025_02_03.parquet,True
IVVD,2025-02-04,34.91,IVVD_2025-02-04_34.91,IVVD_quotes_2025_02_04.parquet,True
IVVD,2025-02-05,87.20,IVVD_2025-02-05_87.20,IVVD_quotes_2025_02_05.parquet,True
IVVD,2025-02-07,33.33,IVVD_2025-02-07_33.33,IVVD_quotes_2025_02_07.parquet,True
IVVD,2025-02-21,73.55,IVVD_2025-02-21_73.55,IVVD_quotes_2025_02_21.parquet,True
IVVD,2025-03-04,35.21,IVVD_2025-03-04_35.21,IVVD_quotes_2025_03_04.parquet,True
IVVD,2025-05-13,30.10,IVVD_2025-05-13_30.10,IVVD_quotes_2025_05_13.parquet,True
IVVD,2025-08-26,103.68,IVVD_2025-08-26_103.68,IVVD_quotes_2025_08_26.parquet,True
IVVD,2025-10-06,32.76,IVVD_2025-10-06_32.76,IVVD_quotes_2025_10_06.parquet,True
IXHL,2025-03-19,43.03,IXHL_2025-03-19_43.03,IXHL_quotes_2025_03_19.parquet,True
IXHL,2025-04-08,179.82,IXHL_2025-04-08_179.82,IXHL_quotes_2025_04_08.parquet,True
IXHL,2025-05-15,51.43,IXHL_2025-05-15_51.43,IXHL_quotes_2025_05_15.parquet,True
IXHL,2025-07-24,64.36,IXHL_2025-07-24_64.36,IXHL_quotes_2025_07_24.parquet,True
IZEA,2025-05-14,37.55,IZEA_2025-05-14_37.55,IZEA_quotes_2025_05_14.parquet,True
IZEA,2025-10-10,34.62,IZEA_2025-10-10_34.62,IZEA_quotes_2025_10_10.parquet,True
JAGX,2025-04-10,49.65,JAGX_2025-04-10_49.65,JAGX_quotes_2025_04_10.parquet,True
JAGX,2025-04-25,92.06,JAGX_2025-04-25_92.06,JAGX_quotes_2025_04_25.parquet,True
JBDI,2025-05-06,32.34,JBDI_2025-05-06_32.34,JBDI_quotes_2025_05_06.parquet,True
JBDI,2025-05-08,37.35,JBDI_2025-05-08_37.35,JBDI_quotes_2025_05_08.parquet,True
JBDI,2025-09-10,179.07,JBDI_2025-09-10_179.07,JBDI_quotes_2025_09_10.parquet,True
JBDI,2025-09-12,31.58,JBDI_2025-09-12_31.58,JBDI_quotes_2025_09_12.parquet,True
JBDI,2025-10-06,31.61,JBDI_2025-10-06_31.61,JBDI_quotes_2025_10_06.parquet,True
JBIO,2025-05-02,34.72,JBIO_2025-05-02_34.72,JBIO_quotes_2025_05_02.parquet,True
JCSE,2025-04-07,70.00,JCSE_2025-04-07_70.00,JCSE_quotes_2025_04_07.parquet,True
JCSE,2025-05-05,86.17,JCSE_2025-05-05_86.17,JCSE_quotes_2025_05_05.parquet,True
JCSE,2025-05-09,31.29,JCSE_2025-05-09_31.29,JCSE_quotes_2025_05_09.parquet,True
JCSE,2025-09-10,40.32,JCSE_2025-09-10_40.32,JCSE_quotes_2025_09_10.parquet,True
JDZG,2025-04-09,30.46,JDZG_2025-04-09_30.46,JDZG_quotes_2025_04_09.parquet,True
JDZG,2025-04-16,32.68,JDZG_2025-04-16_32.68,JDZG_quotes_2025_04_16.parquet,True
JDZG,2025-04-28,38.44,JDZG_2025-04-28_38.44,JDZG_quotes_2025_04_28.parquet,True
JDZG,2025-06-11,30.57,JDZG_2025-06-11_30.57,JDZG_quotes_2025_06_11.parquet,True
JDZG,2025-06-24,32.74,JDZG_2025-06-24_32.74,JDZG_quotes_2025_06_24.parquet,True
JDZG,2025-10-14,67.55,JDZG_2025-10-14_67.55,JDZG_quotes_2025_10_14.parquet,True
JEM,2025-06-11,86.53,JEM_2025-06-11_86.53,JEM_quotes_2025_06_11.parquet,True
JEM,2025-06-25,30.58,JEM_2025-06-25_30.58,JEM_quotes_2025_06_25.parquet,True
JEM,2025-07-03,36.07,JEM_2025-07-03_36.07,JEM_quotes_2025_07_03.parquet,True
JEM,2025-07-30,50.00,JEM_2025-07-30_50.00,JEM_quotes_2025_07_30.parquet,True
JEM,2025-09-03,66.22,JEM_2025-09-03_66.22,JEM_quotes_2025_09_03.parquet,True
JFBR,2025-04-30,111.76,JFBR_2025-04-30_111.76,JFBR_quotes_2025_04_30.parquet,True
JFBR,2025-06-10,38.74,JFBR_2025-06-10_38.74,JFBR_quotes_2025_06_10.parquet,True
JFB,2025-07-14,42.12,JFB_2025-07-14_42.12,JFB_quotes_2025_07_14.parquet,True
JFB,2025-09-26,34.59,JFB_2025-09-26_34.59,JFB_quotes_2025_09_26.parquet,True
JFB,2025-09-29,90.66,JFB_2025-09-29_90.66,JFB_quotes_2025_09_29.parquet,True
JFIN,2025-03-04,38.47,JFIN_2025-03-04_38.47,JFIN_quotes_2025_03_04.parquet,True
JFIN,2025-03-27,34.05,JFIN_2025-03-27_34.05,JFIN_quotes_2025_03_27.parquet,True
JFU,2025-02-14,31.93,JFU_2025-02-14_31.93,JFU_quotes_2025_02_14.parquet,True
JFU,2025-04-30,31.39,JFU_2025-04-30_31.39,JFU_quotes_2025_04_30.parquet,True
JFU,2025-08-11,33.72,JFU_2025-08-11_33.72,JFU_quotes_2025_08_11.parquet,True
JFU,2025-08-25,35.98,JFU_2025-08-25_35.98,JFU_quotes_2025_08_25.parquet,True
JFU,2025-10-09,70.29,JFU_2025-10-09_70.29,JFU_quotes_2025_10_09.parquet,True
JFU,2025-10-10,30.95,JFU_2025-10-10_30.95,JFU_quotes_2025_10_10.parquet,True
JFU,2025-10-20,45.60,JFU_2025-10-20_45.60,JFU_quotes_2025_10_20.parquet,True
JG,2025-01-27,248.30,JG_2025-01-27_248.30,JG_quotes_2025_01_27.parquet,True
JG,2025-02-05,32.38,JG_2025-02-05_32.38,JG_quotes_2025_02_05.parquet,True
JG,2025-02-10,56.49,JG_2025-02-10_56.49,JG_quotes_2025_02_10.parquet,True
JL,2025-01-27,107.91,JL_2025-01-27_107.91,JL_quotes_2025_01_27.parquet,True
JL,2025-01-28,72.54,JL_2025-01-28_72.54,JL_quotes_2025_01_28.parquet,True
JL,2025-01-30,66.82,JL_2025-01-30_66.82,JL_quotes_2025_01_30.parquet,True
JL,2025-01-31,53.15,JL_2025-01-31_53.15,JL_quotes_2025_01_31.parquet,True
JMIA,2025-08-07,36.46,JMIA_2025-08-07_36.46,JMIA_quotes_2025_08_07.parquet,True
JOBY,2025-05-28,31.69,JOBY_2025-05-28_31.69,JOBY_quotes_2025_05_28.parquet,True
JSPR,2025-07-09,32.45,JSPR_2025-07-09_32.45,JSPR_quotes_2025_07_09.parquet,True
JTAI,2025-02-14,217.83,JTAI_2025-02-14_217.83,JTAI_quotes_2025_02_14.parquet,True
JTAI,2025-02-19,189.90,JTAI_2025-02-19_189.90,JTAI_quotes_2025_02_19.parquet,True
JTAI,2025-02-25,64.80,JTAI_2025-02-25_64.80,JTAI_quotes_2025_02_25.parquet,True
JTAI,2025-03-17,30.47,JTAI_2025-03-17_30.47,JTAI_quotes_2025_03_17.parquet,True
JUNS,2025-06-11,136.81,JUNS_2025-06-11_136.81,JUNS_quotes_2025_06_11.parquet,True
JUNS,2025-06-18,38.84,JUNS_2025-06-18_38.84,JUNS_quotes_2025_06_18.parquet,True
JUNS,2025-07-02,33.66,JUNS_2025-07-02_33.66,JUNS_quotes_2025_07_02.parquet,True
JUNS,2025-07-03,58.82,JUNS_2025-07-03_58.82,JUNS_quotes_2025_07_03.parquet,True
JUNS,2025-07-11,43.46,JUNS_2025-07-11_43.46,JUNS_quotes_2025_07_11.parquet,True
JVA,2025-02-03,33.42,JVA_2025-02-03_33.42,JVA_quotes_2025_02_03.parquet,True
JVA,2025-06-13,41.60,JVA_2025-06-13_41.60,JVA_quotes_2025_06_13.parquet,True
JWEL,2025-07-01,37.97,JWEL_2025-07-01_37.97,JWEL_quotes_2025_07_01.parquet,True
JWEL,2025-10-21,46.78,JWEL_2025-10-21_46.78,JWEL_quotes_2025_10_21.parquet,True
JXG,2025-07-15,56.25,JXG_2025-07-15_56.25,JXG_quotes_2025_07_15.parquet,True
JXG,2025-07-22,53.33,JXG_2025-07-22_53.33,JXG_quotes_2025_07_22.parquet,True
JXG,2025-09-23,31.74,JXG_2025-09-23_31.74,JXG_quotes_2025_09_23.parquet,True
JYD,2025-01-22,48.18,JYD_2025-01-22_48.18,JYD_quotes_2025_01_22.parquet,True
JYD,2025-04-03,72.21,JYD_2025-04-03_72.21,JYD_quotes_2025_04_03.parquet,True
JYD,2025-04-23,213.73,JYD_2025-04-23_213.73,JYD_quotes_2025_04_23.parquet,True
JYD,2025-05-12,135.97,JYD_2025-05-12_135.97,JYD_quotes_2025_05_12.parquet,True
JYD,2025-09-22,36.31,JYD_2025-09-22_36.31,JYD_quotes_2025_09_22.parquet,True
JZXN,2025-01-24,32.90,JZXN_2025-01-24_32.90,JZXN_quotes_2025_01_24.parquet,True
JZXN,2025-01-27,44.89,JZXN_2025-01-27_44.89,JZXN_quotes_2025_01_27.parquet,True
JZXN,2025-01-28,30.00,JZXN_2025-01-28_30.00,JZXN_quotes_2025_01_28.parquet,True
JZXN,2025-02-07,30.59,JZXN_2025-02-07_30.59,JZXN_quotes_2025_02_07.parquet,True
JZXN,2025-02-19,47.49,JZXN_2025-02-19_47.49,JZXN_quotes_2025_02_19.parquet,True
JZXN,2025-03-04,41.12,JZXN_2025-03-04_41.12,JZXN_quotes_2025_03_04.parquet,True
JZXN,2025-04-08,66.35,JZXN_2025-04-08_66.35,JZXN_quotes_2025_04_08.parquet,True
JZXN,2025-06-18,45.30,JZXN_2025-06-18_45.30,JZXN_quotes_2025_06_18.parquet,True
JZXN,2025-09-19,39.37,JZXN_2025-09-19_39.37,JZXN_quotes_2025_09_19.parquet,True
JZXN,2025-09-23,50.00,JZXN_2025-09-23_50.00,JZXN_quotes_2025_09_23.parquet,True
JZXN,2025-09-24,46.91,JZXN_2025-09-24_46.91,JZXN_quotes_2025_09_24.parquet,True
JZ,2025-05-08,164.95,JZ_2025-05-08_164.95,JZ_quotes_2025_05_08.parquet,True
JZ,2025-05-12,49.89,JZ_2025-05-12_49.89,JZ_quotes_2025_05_12.parquet,True
JZ,2025-09-08,72.08,JZ_2025-09-08_72.08,JZ_quotes_2025_09_08.parquet,True
KALA,2025-04-29,40.90,KALA_2025-04-29_40.90,KALA_quotes_2025_04_29.parquet,True
KALV,2025-07-07,32.80,KALV_2025-07-07_32.80,KALV_quotes_2025_07_07.parquet,True
KAVL,2025-01-08,78.53,KAVL_2025-01-08_78.53,KAVL_quotes_2025_01_08.parquet,True
KAVL,2025-07-14,94.10,KAVL_2025-07-14_94.10,KAVL_quotes_2025_07_14.parquet,True
KAVL,2025-08-29,30.04,KAVL_2025-08-29_30.04,KAVL_quotes_2025_08_29.parquet,True
KBSX,2025-01-29,37.25,KBSX_2025-01-29_37.25,KBSX_quotes_2025_01_29.parquet,True
KBSX,2025-03-18,338.81,KBSX_2025-03-18_338.81,KBSX_quotes_2025_03_18.parquet,True
KBSX,2025-03-25,30.97,KBSX_2025-03-25_30.97,KBSX_quotes_2025_03_25.parquet,True
KBSX,2025-04-10,36.36,KBSX_2025-04-10_36.36,KBSX_quotes_2025_04_10.parquet,True
KBSX,2025-05-02,96.67,KBSX_2025-05-02_96.67,KBSX_quotes_2025_05_02.parquet,True
KBSX,2025-06-11,48.07,KBSX_2025-06-11_48.07,KBSX_quotes_2025_06_11.parquet,True
KDKRW,2025-10-10,30.77,KDKRW_2025-10-10_30.77,KDKRW_quotes_2025_10_10.parquet,True
KEQU,2025-06-26,35.97,KEQU_2025-06-26_35.97,KEQU_quotes_2025_06_26.parquet,True
KIDZ,2025-04-14,47.31,KIDZ_2025-04-14_47.31,KIDZ_quotes_2025_04_14.parquet,True
KIDZ,2025-05-01,372.17,KIDZ_2025-05-01_372.17,KIDZ_quotes_2025_05_01.parquet,True
KIDZ,2025-05-02,98.69,KIDZ_2025-05-02_98.69,KIDZ_quotes_2025_05_02.parquet,True
KIDZ,2025-05-08,37.86,KIDZ_2025-05-08_37.86,KIDZ_quotes_2025_05_08.parquet,True
KIDZ,2025-05-16,61.09,KIDZ_2025-05-16_61.09,KIDZ_quotes_2025_05_16.parquet,True
KIDZ,2025-06-02,81.20,KIDZ_2025-06-02_81.20,KIDZ_quotes_2025_06_02.parquet,True
KIDZ,2025-06-03,66.13,KIDZ_2025-06-03_66.13,KIDZ_quotes_2025_06_03.parquet,True
KIDZ,2025-07-31,32.39,KIDZ_2025-07-31_32.39,KIDZ_quotes_2025_07_31.parquet,True
KIDZ,2025-09-09,44.04,KIDZ_2025-09-09_44.04,KIDZ_quotes_2025_09_09.parquet,True
KIDZ,2025-09-10,119.55,KIDZ_2025-09-10_119.55,KIDZ_quotes_2025_09_10.parquet,True
KITT,2025-01-03,148.43,KITT_2025-01-03_148.43,KITT_quotes_2025_01_03.parquet,True
KITT,2025-01-06,58.95,KITT_2025-01-06_58.95,KITT_quotes_2025_01_06.parquet,True
KITT,2025-01-10,40.41,KITT_2025-01-10_40.41,KITT_quotes_2025_01_10.parquet,True
KITT,2025-01-14,40.10,KITT_2025-01-14_40.10,KITT_quotes_2025_01_14.parquet,True
KITT,2025-01-15,73.74,KITT_2025-01-15_73.74,KITT_quotes_2025_01_15.parquet,True
KITT,2025-01-31,48.08,KITT_2025-01-31_48.08,KITT_quotes_2025_01_31.parquet,True
KITT,2025-03-06,33.21,KITT_2025-03-06_33.21,KITT_quotes_2025_03_06.parquet,True
KITT,2025-09-22,34.13,KITT_2025-09-22_34.13,KITT_quotes_2025_09_22.parquet,True
KITT,2025-10-27,94.89,KITT_2025-10-27_94.89,KITT_quotes_2025_10_27.parquet,True
KLRS,2025-09-03,81.50,KLRS_2025-09-03_81.50,KLRS_quotes_2025_09_03.parquet,True
KLRS,2025-09-16,38.81,KLRS_2025-09-16_38.81,KLRS_quotes_2025_09_16.parquet,True
KLRS,2025-10-06,32.61,KLRS_2025-10-06_32.61,KLRS_quotes_2025_10_06.parquet,True
KLTO,2025-06-09,797.56,KLTO_2025-06-09_797.56,KLTO_quotes_2025_06_09.parquet,True
KLTO,2025-06-10,114.83,KLTO_2025-06-10_114.83,KLTO_quotes_2025_06_10.parquet,True
KLTO,2025-06-12,68.97,KLTO_2025-06-12_68.97,KLTO_quotes_2025_06_12.parquet,True
KLTO,2025-06-30,93.03,KLTO_2025-06-30_93.03,KLTO_quotes_2025_06_30.parquet,True
KMRK,2025-08-04,41.32,KMRK_2025-08-04_41.32,KMRK_quotes_2025_08_04.parquet,True
KMRK,2025-09-02,35.02,KMRK_2025-09-02_35.02,KMRK_quotes_2025_09_02.parquet,True
KOD,2025-09-22,71.04,KOD_2025-09-22_71.04,KOD_quotes_2025_09_22.parquet,True
KOPN,2025-01-23,39.46,KOPN_2025-01-23_39.46,KOPN_quotes_2025_01_23.parquet,True
KOSS,2025-07-23,50.44,KOSS_2025-07-23_50.44,KOSS_quotes_2025_07_23.parquet,True
KPLT,2025-01-16,73.93,KPLT_2025-01-16_73.93,KPLT_quotes_2025_01_16.parquet,True
KPLT,2025-09-02,32.67,KPLT_2025-09-02_32.67,KPLT_quotes_2025_09_02.parquet,True
KPRX,2025-06-03,46.67,KPRX_2025-06-03_46.67,KPRX_quotes_2025_06_03.parquet,True
KPTI,2025-08-15,48.39,KPTI_2025-08-15_48.39,KPTI_quotes_2025_08_15.parquet,True
KPTI,2025-09-23,34.87,KPTI_2025-09-23_34.87,KPTI_quotes_2025_09_23.parquet,True
KRKR,2025-01-29,205.65,KRKR_2025-01-29_205.65,KRKR_quotes_2025_01_29.parquet,True
KRKR,2025-09-08,307.63,KRKR_2025-09-08_307.63,KRKR_quotes_2025_09_08.parquet,True
KRUS,2025-04-09,39.51,KRUS_2025-04-09_39.51,KRUS_quotes_2025_04_09.parquet,True
KSCP,2025-04-15,46.67,KSCP_2025-04-15_46.67,KSCP_quotes_2025_04_15.parquet,True
KSS,2025-07-22,105.28,KSS_2025-07-22_105.28,KSS_quotes_2025_07_22.parquet,True
KTTA,2025-02-05,85.10,KTTA_2025-02-05_85.10,KTTA_quotes_2025_02_05.parquet,True
KTTA,2025-04-10,114.68,KTTA_2025-04-10_114.68,KTTA_quotes_2025_04_10.parquet,True
KTTA,2025-05-06,166.90,KTTA_2025-05-06_166.90,KTTA_quotes_2025_05_06.parquet,True
KTTA,2025-05-16,31.30,KTTA_2025-05-16_31.30,KTTA_quotes_2025_05_16.parquet,True
KWM,2025-06-04,236.97,KWM_2025-06-04_236.97,KWM_quotes_2025_06_04.parquet,True
KWM,2025-06-09,68.76,KWM_2025-06-09_68.76,KWM_quotes_2025_06_09.parquet,True
KWM,2025-06-10,53.90,KWM_2025-06-10_53.90,KWM_quotes_2025_06_10.parquet,True
KWM,2025-06-16,47.24,KWM_2025-06-16_47.24,KWM_quotes_2025_06_16.parquet,True
KWM,2025-09-05,41.26,KWM_2025-09-05_41.26,KWM_quotes_2025_09_05.parquet,True
KXIN,2025-10-20,58.46,KXIN_2025-10-20_58.46,KXIN_quotes_2025_10_20.parquet,True
KXIN,2025-10-31,39.61,KXIN_2025-10-31_39.61,KXIN_quotes_2025_10_31.parquet,True
KYIV,2025-08-18,31.51,KYIV_2025-08-18_31.51,KYIV_quotes_2025_08_18.parquet,True
KYMR,2025-06-02,48.33,KYMR_2025-06-02_48.33,KYMR_quotes_2025_06_02.parquet,True
KYTX,2025-10-08,42.88,KYTX_2025-10-08_42.88,KYTX_quotes_2025_10_08.parquet,True
KZIA,2025-01-30,91.30,KZIA_2025-01-30_91.30,KZIA_quotes_2025_01_30.parquet,True
KZIA,2025-03-07,70.39,KZIA_2025-03-07_70.39,KZIA_quotes_2025_03_07.parquet,True
KZIA,2025-06-03,41.53,KZIA_2025-06-03_41.53,KZIA_quotes_2025_06_03.parquet,True
KZIA,2025-06-11,144.70,KZIA_2025-06-11_144.70,KZIA_quotes_2025_06_11.parquet,True
KZIA,2025-07-09,58.10,KZIA_2025-07-09_58.10,KZIA_quotes_2025_07_09.parquet,True
KZR,2025-10-17,53.48,KZR_2025-10-17_53.48,KZR_quotes_2025_10_17.parquet,True
LAB,2025-01-13,31.29,LAB_2025-01-13_31.29,LAB_quotes_2025_01_13.parquet,True
LAB,2025-06-23,51.43,LAB_2025-06-23_51.43,LAB_quotes_2025_06_23.parquet,True
LAC,2025-09-24,105.21,LAC_2025-09-24_105.21,LAC_quotes_2025_09_24.parquet,True
LAC,2025-10-01,32.22,LAC_2025-10-01_32.22,LAC_quotes_2025_10_01.parquet,True
LAC,2025-10-03,36.01,LAC_2025-10-03_36.01,LAC_quotes_2025_10_03.parquet,True
LAES,2025-01-15,43.44,LAES_2025-01-15_43.44,LAES_quotes_2025_01_15.parquet,True
LAES,2025-05-21,33.54,LAES_2025-05-21_33.54,LAES_quotes_2025_05_21.parquet,True
LAES,2025-10-09,40.14,LAES_2025-10-09_40.14,LAES_quotes_2025_10_09.parquet,True
LAES,2025-10-14,30.18,LAES_2025-10-14_30.18,LAES_quotes_2025_10_14.parquet,True
LANV,2025-03-11,31.58,LANV_2025-03-11_31.58,LANV_quotes_2025_03_11.parquet,True
LAR,2025-08-11,31.32,LAR_2025-08-11_31.32,LAR_quotes_2025_08_11.parquet,True
LASE,2025-07-08,37.66,LASE_2025-07-08_37.66,LASE_quotes_2025_07_08.parquet,True
LASE,2025-08-19,117.07,LASE_2025-08-19_117.07,LASE_quotes_2025_08_19.parquet,True
LASE,2025-08-25,30.57,LASE_2025-08-25_30.57,LASE_quotes_2025_08_25.parquet,True
LASE,2025-09-18,110.00,LASE_2025-09-18_110.00,LASE_quotes_2025_09_18.parquet,True
LASE,2025-09-22,33.10,LASE_2025-09-22_33.10,LASE_quotes_2025_09_22.parquet,True
LASR,2025-05-09,36.47,LASR_2025-05-09_36.47,LASR_quotes_2025_05_09.parquet,True
LASR,2025-08-08,31.90,LASR_2025-08-08_31.90,LASR_quotes_2025_08_08.parquet,True
LAWR,2025-08-07,33.75,LAWR_2025-08-07_33.75,LAWR_quotes_2025_08_07.parquet,True
LAWR,2025-09-02,146.94,LAWR_2025-09-02_146.94,LAWR_quotes_2025_09_02.parquet,True
LAWR,2025-09-18,58.42,LAWR_2025-09-18_58.42,LAWR_quotes_2025_09_18.parquet,True
LAYS,2025-04-09,42.00,LAYS_2025-04-09_42.00,LAYS_quotes_2025_04_09.parquet,True
LAYS,2025-10-06,35.68,LAYS_2025-10-06_35.68,LAYS_quotes_2025_10_06.parquet,True
LAZR,2025-01-06,30.48,LAZR_2025-01-06_30.48,LAZR_quotes_2025_01_06.parquet,True
LAZR,2025-03-21,35.35,LAZR_2025-03-21_35.35,LAZR_quotes_2025_03_21.parquet,True
LAZR,2025-10-24,34.91,LAZR_2025-10-24_34.91,LAZR_quotes_2025_10_24.parquet,True
LBGJ,2025-02-26,64.71,LBGJ_2025-02-26_64.71,LBGJ_quotes_2025_02_26.parquet,True
LBGJ,2025-02-27,72.54,LBGJ_2025-02-27_72.54,LBGJ_quotes_2025_02_27.parquet,True
LBGJ,2025-02-28,50.41,LBGJ_2025-02-28_50.41,LBGJ_quotes_2025_02_28.parquet,True
LBGJ,2025-03-06,30.74,LBGJ_2025-03-06_30.74,LBGJ_quotes_2025_03_06.parquet,True
LBGJ,2025-03-07,32.60,LBGJ_2025-03-07_32.60,LBGJ_quotes_2025_03_07.parquet,True
LBGJ,2025-04-03,35.19,LBGJ_2025-04-03_35.19,LBGJ_quotes_2025_04_03.parquet,True
LBGJ,2025-05-30,38.89,LBGJ_2025-05-30_38.89,LBGJ_quotes_2025_05_30.parquet,True
LBGJ,2025-09-09,38.28,LBGJ_2025-09-09_38.28,LBGJ_quotes_2025_09_09.parquet,True
LBRT,2025-10-17,31.07,LBRT_2025-10-17_31.07,LBRT_quotes_2025_10_17.parquet,True
LCDL,2025-07-17,92.40,LCDL_2025-07-17_92.40,LCDL_quotes_2025_07_17.parquet,True
LCDL,2025-09-05,30.54,LCDL_2025-09-05_30.54,LCDL_quotes_2025_09_05.parquet,True
LCFYW,2025-01-03,46.19,LCFYW_2025-01-03_46.19,LCFYW_quotes_2025_01_03.parquet,True
LCFYW,2025-01-10,44.59,LCFYW_2025-01-10_44.59,LCFYW_quotes_2025_01_10.parquet,True
LCFYW,2025-01-13,60.46,LCFYW_2025-01-13_60.46,LCFYW_quotes_2025_01_13.parquet,True
LCFYW,2025-01-21,95.45,LCFYW_2025-01-21_95.45,LCFYW_quotes_2025_01_21.parquet,True
LCFYW,2025-01-22,47.12,LCFYW_2025-01-22_47.12,LCFYW_quotes_2025_01_22.parquet,True
LCFYW,2025-01-23,83.37,LCFYW_2025-01-23_83.37,LCFYW_quotes_2025_01_23.parquet,True
LCFYW,2025-02-03,120.00,LCFYW_2025-02-03_120.00,LCFYW_quotes_2025_02_03.parquet,True
LCFYW,2025-02-05,49.52,LCFYW_2025-02-05_49.52,LCFYW_quotes_2025_02_05.parquet,True
LCFYW,2025-02-06,64.23,LCFYW_2025-02-06_64.23,LCFYW_quotes_2025_02_06.parquet,True
LCFYW,2025-02-25,51.48,LCFYW_2025-02-25_51.48,LCFYW_quotes_2025_02_25.parquet,True
LCFYW,2025-02-27,31.72,LCFYW_2025-02-27_31.72,LCFYW_quotes_2025_02_27.parquet,True
LCFYW,2025-03-06,56.34,LCFYW_2025-03-06_56.34,LCFYW_quotes_2025_03_06.parquet,True
LCFYW,2025-03-26,37.36,LCFYW_2025-03-26_37.36,LCFYW_quotes_2025_03_26.parquet,True
LCFYW,2025-06-27,81.90,LCFYW_2025-06-27_81.90,LCFYW_quotes_2025_06_27.parquet,True
LCFY,2025-04-28,42.68,LCFY_2025-04-28_42.68,LCFY_quotes_2025_04_28.parquet,True
LCFY,2025-06-27,448.24,LCFY_2025-06-27_448.24,LCFY_quotes_2025_06_27.parquet,True
LCFY,2025-09-03,70.52,LCFY_2025-09-03_70.52,LCFY_quotes_2025_09_03.parquet,True
LCID,2025-07-17,47.16,LCID_2025-07-17_47.16,LCID_quotes_2025_07_17.parquet,True
LC,2025-07-30,31.50,LC_2025-07-30_31.50,LC_quotes_2025_07_30.parquet,True
LDI,2025-09-05,30.70,LDI_2025-09-05_30.70,LDI_quotes_2025_09_05.parquet,True
LDI,2025-09-08,39.45,LDI_2025-09-08_39.45,LDI_quotes_2025_09_08.parquet,True
LEDS,2025-01-21,47.53,LEDS_2025-01-21_47.53,LEDS_quotes_2025_01_21.parquet,True
LEDS,2025-09-12,39.09,LEDS_2025-09-12_39.09,LEDS_quotes_2025_09_12.parquet,True
LEE,2025-09-16,53.76,LEE_2025-09-16_53.76,LEE_quotes_2025_09_16.parquet,True
LEG,2025-04-29,33.01,LEG_2025-04-29_33.01,LEG_quotes_2025_04_29.parquet,True
LEXXW,2025-01-10,114.75,LEXXW_2025-01-10_114.75,LEXXW_quotes_2025_01_10.parquet,True
LEXX,2025-08-25,36.23,LEXX_2025-08-25_36.23,LEXX_quotes_2025_08_25.parquet,True
LFMD,2025-03-11,36.07,LFMD_2025-03-11_36.07,LFMD_quotes_2025_03_11.parquet,True
LFMD,2025-04-29,42.46,LFMD_2025-04-29_42.46,LFMD_quotes_2025_04_29.parquet,True
LFS,2025-10-10,84.24,LFS_2025-10-10_84.24,LFS_quotes_2025_10_10.parquet,True
LFVN,2025-01-08,45.90,LFVN_2025-01-08_45.90,LFVN_quotes_2025_01_08.parquet,True
LFWD,2025-01-06,50.38,LFWD_2025-01-06_50.38,LFWD_quotes_2025_01_06.parquet,True
LFWD,2025-02-10,62.85,LFWD_2025-02-10_62.85,LFWD_quotes_2025_02_10.parquet,True
LFWD,2025-02-11,43.85,LFWD_2025-02-11_43.85,LFWD_quotes_2025_02_11.parquet,True
LFWD,2025-03-13,100.68,LFWD_2025-03-13_100.68,LFWD_quotes_2025_03_13.parquet,True
LGCB,2025-01-15,39.64,LGCB_2025-01-15_39.64,LGCB_quotes_2025_01_15.parquet,True
LGCB,2025-04-04,33.06,LGCB_2025-04-04_33.06,LGCB_quotes_2025_04_04.parquet,True
LGCB,2025-04-07,31.42,LGCB_2025-04-07_31.42,LGCB_quotes_2025_04_07.parquet,True
LGCB,2025-10-16,87.88,LGCB_2025-10-16_87.88,LGCB_quotes_2025_10_16.parquet,True
LGCL,2025-01-29,55.59,LGCL_2025-01-29_55.59,LGCL_quotes_2025_01_29.parquet,True
LGCL,2025-06-20,73.64,LGCL_2025-06-20_73.64,LGCL_quotes_2025_06_20.parquet,True
LGHL,2025-05-12,38.46,LGHL_2025-05-12_38.46,LGHL_quotes_2025_05_12.parquet,True
LGHL,2025-06-18,74.10,LGHL_2025-06-18_74.10,LGHL_quotes_2025_06_18.parquet,True
LGHL,2025-08-28,33.33,LGHL_2025-08-28_33.33,LGHL_quotes_2025_08_28.parquet,True
LGHL,2025-09-09,80.66,LGHL_2025-09-09_80.66,LGHL_quotes_2025_09_09.parquet,True
LGO,2025-10-13,34.99,LGO_2025-10-13_34.99,LGO_quotes_2025_10_13.parquet,True
LGVN,2025-07-08,33.33,LGVN_2025-07-08_33.33,LGVN_quotes_2025_07_08.parquet,True
LHAI,2025-07-25,130.91,LHAI_2025-07-25_130.91,LHAI_quotes_2025_07_25.parquet,True
LHAI,2025-08-06,47.72,LHAI_2025-08-06_47.72,LHAI_quotes_2025_08_06.parquet,True
LHSW,2025-04-09,30.43,LHSW_2025-04-09_30.43,LHSW_quotes_2025_04_09.parquet,True
LHSW,2025-05-19,30.15,LHSW_2025-05-19_30.15,LHSW_quotes_2025_05_19.parquet,True
LHSW,2025-06-25,33.33,LHSW_2025-06-25_33.33,LHSW_quotes_2025_06_25.parquet,True
LICN,2025-04-01,34.03,LICN_2025-04-01_34.03,LICN_quotes_2025_04_01.parquet,True
LICN,2025-04-09,52.32,LICN_2025-04-09_52.32,LICN_quotes_2025_04_09.parquet,True
LICN,2025-05-12,77.64,LICN_2025-05-12_77.64,LICN_quotes_2025_05_12.parquet,True
LICN,2025-05-13,137.93,LICN_2025-05-13_137.93,LICN_quotes_2025_05_13.parquet,True
LICN,2025-08-04,80.64,LICN_2025-08-04_80.64,LICN_quotes_2025_08_04.parquet,True
LIDR,2025-01-03,51.98,LIDR_2025-01-03_51.98,LIDR_quotes_2025_01_03.parquet,True
LIDR,2025-01-07,84.55,LIDR_2025-01-07_84.55,LIDR_quotes_2025_01_07.parquet,True
LIDR,2025-06-30,37.37,LIDR_2025-06-30_37.37,LIDR_quotes_2025_06_30.parquet,True
LIDR,2025-07-24,324.78,LIDR_2025-07-24_324.78,LIDR_quotes_2025_07_24.parquet,True
LIDR,2025-07-25,83.56,LIDR_2025-07-25_83.56,LIDR_quotes_2025_07_25.parquet,True
LIDR,2025-07-28,45.21,LIDR_2025-07-28_45.21,LIDR_quotes_2025_07_28.parquet,True
LIMN,2025-06-04,139.81,LIMN_2025-06-04_139.81,LIMN_quotes_2025_06_04.parquet,True
LIMN,2025-06-05,95.75,LIMN_2025-06-05_95.75,LIMN_quotes_2025_06_05.parquet,True
LIMN,2025-06-12,110.44,LIMN_2025-06-12_110.44,LIMN_quotes_2025_06_12.parquet,True
LIMN,2025-06-23,53.36,LIMN_2025-06-23_53.36,LIMN_quotes_2025_06_23.parquet,True
LIMN,2025-06-24,35.00,LIMN_2025-06-24_35.00,LIMN_quotes_2025_06_24.parquet,True
LIMN,2025-06-30,36.08,LIMN_2025-06-30_36.08,LIMN_quotes_2025_06_30.parquet,True
LIMN,2025-07-10,42.72,LIMN_2025-07-10_42.72,LIMN_quotes_2025_07_10.parquet,True
LIMN,2025-07-22,33.67,LIMN_2025-07-22_33.67,LIMN_quotes_2025_07_22.parquet,True
LIMN,2025-07-24,34.47,LIMN_2025-07-24_34.47,LIMN_quotes_2025_07_24.parquet,True
LIMN,2025-08-22,46.04,LIMN_2025-08-22_46.04,LIMN_quotes_2025_08_22.parquet,True
LINK,2025-06-23,33.19,LINK_2025-06-23_33.19,LINK_quotes_2025_06_23.parquet,True
LINK,2025-06-27,38.65,LINK_2025-06-27_38.65,LINK_quotes_2025_06_27.parquet,True
LINK,2025-09-17,35.29,LINK_2025-09-17_35.29,LINK_quotes_2025_09_17.parquet,True
LIQT,2025-07-22,44.66,LIQT_2025-07-22_44.66,LIQT_quotes_2025_07_22.parquet,True
LITB,2025-03-31,49.71,LITB_2025-03-31_49.71,LITB_quotes_2025_03_31.parquet,True
LITB,2025-09-04,43.75,LITB_2025-09-04_43.75,LITB_quotes_2025_09_04.parquet,True
LITM,2025-01-13,57.61,LITM_2025-01-13_57.61,LITM_quotes_2025_01_13.parquet,True
LITM,2025-01-21,34.85,LITM_2025-01-21_34.85,LITM_quotes_2025_01_21.parquet,True
LITM,2025-01-23,32.58,LITM_2025-01-23_32.58,LITM_quotes_2025_01_23.parquet,True
LITM,2025-02-04,30.04,LITM_2025-02-04_30.04,LITM_quotes_2025_02_04.parquet,True
LITM,2025-03-18,46.04,LITM_2025-03-18_46.04,LITM_quotes_2025_03_18.parquet,True
LITM,2025-03-21,32.91,LITM_2025-03-21_32.91,LITM_quotes_2025_03_21.parquet,True
LITM,2025-10-13,65.85,LITM_2025-10-13_65.85,LITM_quotes_2025_10_13.parquet,True
LIVE,2025-04-15,36.91,LIVE_2025-04-15_36.91,LIVE_quotes_2025_04_15.parquet,True
LIVE,2025-04-16,40.00,LIVE_2025-04-16_40.00,LIVE_quotes_2025_04_16.parquet,True
LIVE,2025-05-08,49.69,LIVE_2025-05-08_49.69,LIVE_quotes_2025_05_08.parquet,True
LIVE,2025-06-23,43.50,LIVE_2025-06-23_43.50,LIVE_quotes_2025_06_23.parquet,True
LIVE,2025-06-26,188.17,LIVE_2025-06-26_188.17,LIVE_quotes_2025_06_26.parquet,True
LIVE,2025-08-14,67.46,LIVE_2025-08-14_67.46,LIVE_quotes_2025_08_14.parquet,True
LIVE,2025-09-11,30.68,LIVE_2025-09-11_30.68,LIVE_quotes_2025_09_11.parquet,True
LIXT,2025-07-01,70.17,LIXT_2025-07-01_70.17,LIXT_quotes_2025_07_01.parquet,True
LIXT,2025-07-02,105.08,LIXT_2025-07-02_105.08,LIXT_quotes_2025_07_02.parquet,True
LIXT,2025-07-03,110.40,LIXT_2025-07-03_110.40,LIXT_quotes_2025_07_03.parquet,True
LIXT,2025-07-10,57.45,LIXT_2025-07-10_57.45,LIXT_quotes_2025_07_10.parquet,True
LMFA,2025-06-24,38.95,LMFA_2025-06-24_38.95,LMFA_quotes_2025_06_24.parquet,True
LMFA,2025-07-11,33.47,LMFA_2025-07-11_33.47,LMFA_quotes_2025_07_11.parquet,True
LMFA,2025-07-18,57.66,LMFA_2025-07-18_57.66,LMFA_quotes_2025_07_18.parquet,True
LMFA,2025-07-21,54.18,LMFA_2025-07-21_54.18,LMFA_quotes_2025_07_21.parquet,True
LMND,2025-08-05,33.24,LMND_2025-08-05_33.24,LMND_quotes_2025_08_05.parquet,True
LNKS,2025-06-04,60.32,LNKS_2025-06-04_60.32,LNKS_quotes_2025_06_04.parquet,True
LNSR,2025-02-27,33.37,LNSR_2025-02-27_33.37,LNSR_quotes_2025_02_27.parquet,True
LNZA,2025-02-18,43.22,LNZA_2025-02-18_43.22,LNZA_quotes_2025_02_18.parquet,True
LNZA,2025-03-31,63.93,LNZA_2025-03-31_63.93,LNZA_quotes_2025_03_31.parquet,True
LNZA,2025-04-01,32.18,LNZA_2025-04-01_32.18,LNZA_quotes_2025_04_01.parquet,True
LNZA,2025-05-28,32.99,LNZA_2025-05-28_32.99,LNZA_quotes_2025_05_28.parquet,True
LNZA,2025-05-30,69.66,LNZA_2025-05-30_69.66,LNZA_quotes_2025_05_30.parquet,True
LNZA,2025-07-22,50.06,LNZA_2025-07-22_50.06,LNZA_quotes_2025_07_22.parquet,True
LNZA,2025-07-24,49.82,LNZA_2025-07-24_49.82,LNZA_quotes_2025_07_24.parquet,True
LNZA,2025-08-20,39.39,LNZA_2025-08-20_39.39,LNZA_quotes_2025_08_20.parquet,True
LNZA,2025-09-22,67.67,LNZA_2025-09-22_67.67,LNZA_quotes_2025_09_22.parquet,True
LOBO,2025-02-12,34.28,LOBO_2025-02-12_34.28,LOBO_quotes_2025_02_12.parquet,True
LOBO,2025-05-13,217.11,LOBO_2025-05-13_217.11,LOBO_quotes_2025_05_13.parquet,True
LOBO,2025-05-15,82.24,LOBO_2025-05-15_82.24,LOBO_quotes_2025_05_15.parquet,True
LOBO,2025-08-01,253.17,LOBO_2025-08-01_253.17,LOBO_quotes_2025_08_01.parquet,True
LOBO,2025-08-05,66.30,LOBO_2025-08-05_66.30,LOBO_quotes_2025_08_05.parquet,True
LOBO,2025-10-16,30.11,LOBO_2025-10-16_30.11,LOBO_quotes_2025_10_16.parquet,True
LOCL,2025-04-03,42.38,LOCL_2025-04-03_42.38,LOCL_quotes_2025_04_03.parquet,True
LOCL,2025-04-04,68.44,LOCL_2025-04-04_68.44,LOCL_quotes_2025_04_04.parquet,True
LOCL,2025-07-28,31.99,LOCL_2025-07-28_31.99,LOCL_quotes_2025_07_28.parquet,True
LOCL,2025-09-17,48.46,LOCL_2025-09-17_48.46,LOCL_quotes_2025_09_17.parquet,True
LOMA,2025-10-27,40.89,LOMA_2025-10-27_40.89,LOMA_quotes_2025_10_27.parquet,True
LOOP,2025-06-04,83.20,LOOP_2025-06-04_83.20,LOOP_quotes_2025_06_04.parquet,True
LOOP,2025-07-28,31.62,LOOP_2025-07-28_31.62,LOOP_quotes_2025_07_28.parquet,True
LOT,2025-02-18,40.00,LOT_2025-02-18_40.00,LOT_quotes_2025_02_18.parquet,True
LOT,2025-03-24,53.16,LOT_2025-03-24_53.16,LOT_quotes_2025_03_24.parquet,True
LPSN,2025-08-06,62.22,LPSN_2025-08-06_62.22,LPSN_quotes_2025_08_06.parquet,True
LPTH,2025-09-03,31.16,LPTH_2025-09-03_31.16,LPTH_quotes_2025_09_03.parquet,True
LRE,2025-06-26,30.25,LRE_2025-06-26_30.25,LRE_quotes_2025_06_26.parquet,True
LRE,2025-08-06,30.43,LRE_2025-08-06_30.43,LRE_quotes_2025_08_06.parquet,True
LRE,2025-09-15,90.32,LRE_2025-09-15_90.32,LRE_quotes_2025_09_15.parquet,True
LRE,2025-09-26,33.65,LRE_2025-09-26_33.65,LRE_quotes_2025_09_26.parquet,True
LRE,2025-10-23,40.00,LRE_2025-10-23_40.00,LRE_quotes_2025_10_23.parquet,True
LRHC,2025-01-08,56.58,LRHC_2025-01-08_56.58,LRHC_quotes_2025_01_08.parquet,True
LRHC,2025-01-29,31.18,LRHC_2025-01-29_31.18,LRHC_quotes_2025_01_29.parquet,True
LRHC,2025-02-12,53.65,LRHC_2025-02-12_53.65,LRHC_quotes_2025_02_12.parquet,True
LRHC,2025-04-24,59.13,LRHC_2025-04-24_59.13,LRHC_quotes_2025_04_24.parquet,True
LRHC,2025-05-30,31.40,LRHC_2025-05-30_31.40,LRHC_quotes_2025_05_30.parquet,True
LRHC,2025-07-03,191.14,LRHC_2025-07-03_191.14,LRHC_quotes_2025_07_03.parquet,True
LRMR,2025-10-01,36.22,LRMR_2025-10-01_36.22,LRMR_quotes_2025_10_01.parquet,True
LSE,2025-03-18,42.28,LSE_2025-03-18_42.28,LSE_quotes_2025_03_18.parquet,True
LSE,2025-03-19,92.92,LSE_2025-03-19_92.92,LSE_quotes_2025_03_19.parquet,True
LSE,2025-04-01,48.61,LSE_2025-04-01_48.61,LSE_quotes_2025_04_01.parquet,True
LSE,2025-06-13,31.31,LSE_2025-06-13_31.31,LSE_quotes_2025_06_13.parquet,True
LSE,2025-06-16,86.27,LSE_2025-06-16_86.27,LSE_quotes_2025_06_16.parquet,True
LSE,2025-06-18,76.21,LSE_2025-06-18_76.21,LSE_quotes_2025_06_18.parquet,True
LSH,2025-05-12,46.42,LSH_2025-05-12_46.42,LSH_quotes_2025_05_12.parquet,True
LSH,2025-08-29,69.07,LSH_2025-08-29_69.07,LSH_quotes_2025_08_29.parquet,True
LTBR,2025-01-03,34.31,LTBR_2025-01-03_34.31,LTBR_quotes_2025_01_03.parquet,True
LTBR,2025-01-23,45.14,LTBR_2025-01-23_45.14,LTBR_quotes_2025_01_23.parquet,True
LTBR,2025-01-30,31.65,LTBR_2025-01-30_31.65,LTBR_quotes_2025_01_30.parquet,True
LTBR,2025-02-07,41.52,LTBR_2025-02-07_41.52,LTBR_quotes_2025_02_07.parquet,True
LTBR,2025-02-12,35.24,LTBR_2025-02-12_35.24,LTBR_quotes_2025_02_12.parquet,True
LTBR,2025-05-23,51.41,LTBR_2025-05-23_51.41,LTBR_quotes_2025_05_23.parquet,True
LTRN,2025-01-06,32.35,LTRN_2025-01-06_32.35,LTRN_quotes_2025_01_06.parquet,True
LTRN,2025-01-24,46.71,LTRN_2025-01-24_46.71,LTRN_quotes_2025_01_24.parquet,True
LUCD,2025-02-10,40.19,LUCD_2025-02-10_40.19,LUCD_quotes_2025_02_10.parquet,True
LUCY,2025-04-09,42.46,LUCY_2025-04-09_42.46,LUCY_quotes_2025_04_09.parquet,True
LUCY,2025-04-10,126.94,LUCY_2025-04-10_126.94,LUCY_quotes_2025_04_10.parquet,True
LUCY,2025-04-29,30.15,LUCY_2025-04-29_30.15,LUCY_quotes_2025_04_29.parquet,True
LUCY,2025-05-14,63.64,LUCY_2025-05-14_63.64,LUCY_quotes_2025_05_14.parquet,True
LUCY,2025-06-20,117.98,LUCY_2025-06-20_117.98,LUCY_quotes_2025_06_20.parquet,True
LUNG,2025-02-20,41.11,LUNG_2025-02-20_41.11,LUNG_quotes_2025_02_20.parquet,True
LUNG,2025-10-28,85.26,LUNG_2025-10-28_85.26,LUNG_quotes_2025_10_28.parquet,True
LUNR,2025-03-24,31.88,LUNR_2025-03-24_31.88,LUNR_quotes_2025_03_24.parquet,True
LUNR,2025-05-13,34.74,LUNR_2025-05-13_34.74,LUNR_quotes_2025_05_13.parquet,True
LVLU,2025-03-20,51.13,LVLU_2025-03-20_51.13,LVLU_quotes_2025_03_20.parquet,True
LVLU,2025-07-01,86.67,LVLU_2025-07-01_86.67,LVLU_quotes_2025_07_01.parquet,True
LVLU,2025-07-02,64.88,LVLU_2025-07-02_64.88,LVLU_quotes_2025_07_02.parquet,True
LVLU,2025-07-07,33.09,LVLU_2025-07-07_33.09,LVLU_quotes_2025_07_07.parquet,True
LVLU,2025-07-31,46.77,LVLU_2025-07-31_46.77,LVLU_quotes_2025_07_31.parquet,True
LVLU,2025-09-08,33.42,LVLU_2025-09-08_33.42,LVLU_quotes_2025_09_08.parquet,True
LVLU,2025-09-15,43.82,LVLU_2025-09-15_43.82,LVLU_quotes_2025_09_15.parquet,True
LVO,2025-01-31,33.33,LVO_2025-01-31_33.33,LVO_quotes_2025_01_31.parquet,True
LVRO,2025-09-16,96.18,LVRO_2025-09-16_96.18,LVRO_quotes_2025_09_16.parquet,True
LVWR,2025-04-09,32.84,LVWR_2025-04-09_32.84,LVWR_quotes_2025_04_09.parquet,True
LVWR,2025-05-15,30.10,LVWR_2025-05-15_30.10,LVWR_quotes_2025_05_15.parquet,True
LVWR,2025-05-27,157.43,LVWR_2025-05-27_157.43,LVWR_quotes_2025_05_27.parquet,True
LVWR,2025-05-28,82.42,LVWR_2025-05-28_82.42,LVWR_quotes_2025_05_28.parquet,True
LVWR,2025-05-30,79.44,LVWR_2025-05-30_79.44,LVWR_quotes_2025_05_30.parquet,True
LVWR,2025-06-04,47.25,LVWR_2025-06-04_47.25,LVWR_quotes_2025_06_04.parquet,True
LVWR,2025-06-10,38.80,LVWR_2025-06-10_38.80,LVWR_quotes_2025_06_10.parquet,True
LVWR,2025-09-08,44.07,LVWR_2025-09-08_44.07,LVWR_quotes_2025_09_08.parquet,True
LWLG,2025-07-16,32.87,LWLG_2025-07-16_32.87,LWLG_quotes_2025_07_16.parquet,True
LWLG,2025-07-22,32.52,LWLG_2025-07-22_32.52,LWLG_quotes_2025_07_22.parquet,True
LWLG,2025-08-26,42.03,LWLG_2025-08-26_42.03,LWLG_quotes_2025_08_26.parquet,True
LXEH,2025-02-04,64.44,LXEH_2025-02-04_64.44,LXEH_quotes_2025_02_04.parquet,True
LXEH,2025-03-26,111.44,LXEH_2025-03-26_111.44,LXEH_quotes_2025_03_26.parquet,True
LXEH,2025-03-28,75.69,LXEH_2025-03-28_75.69,LXEH_quotes_2025_03_28.parquet,True
LXEH,2025-04-01,103.05,LXEH_2025-04-01_103.05,LXEH_quotes_2025_04_01.parquet,True
LXEH,2025-04-07,107.07,LXEH_2025-04-07_107.07,LXEH_quotes_2025_04_07.parquet,True
LXEH,2025-05-06,78.16,LXEH_2025-05-06_78.16,LXEH_quotes_2025_05_06.parquet,True
LXEH,2025-07-31,60.71,LXEH_2025-07-31_60.71,LXEH_quotes_2025_07_31.parquet,True
LXEH,2025-08-01,36.79,LXEH_2025-08-01_36.79,LXEH_quotes_2025_08_01.parquet,True
LXEH,2025-08-25,32.59,LXEH_2025-08-25_32.59,LXEH_quotes_2025_08_25.parquet,True
LXEO,2025-03-24,57.56,LXEO_2025-03-24_57.56,LXEO_quotes_2025_03_24.parquet,True
LXEO,2025-04-09,45.05,LXEO_2025-04-09_45.05,LXEO_quotes_2025_04_09.parquet,True
LXEO,2025-09-24,38.32,LXEO_2025-09-24_38.32,LXEO_quotes_2025_09_24.parquet,True
LXEO,2025-10-07,37.25,LXEO_2025-10-07_37.25,LXEO_quotes_2025_10_07.parquet,True
LYEL,2025-03-19,31.07,LYEL_2025-03-19_31.07,LYEL_quotes_2025_03_19.parquet,True
LYEL,2025-06-04,72.72,LYEL_2025-06-04_72.72,LYEL_quotes_2025_06_04.parquet,True
LYRA,2025-05-07,45.39,LYRA_2025-05-07_45.39,LYRA_quotes_2025_05_07.parquet,True
LYRA,2025-05-14,77.44,LYRA_2025-05-14_77.44,LYRA_quotes_2025_05_14.parquet,True
LYRA,2025-06-02,660.65,LYRA_2025-06-02_660.65,LYRA_quotes_2025_06_02.parquet,True
LYRA,2025-06-03,67.90,LYRA_2025-06-03_67.90,LYRA_quotes_2025_06_03.parquet,True
LZMH,2025-03-06,36.43,LZMH_2025-03-06_36.43,LZMH_quotes_2025_03_06.parquet,True
LZMH,2025-03-07,48.19,LZMH_2025-03-07_48.19,LZMH_quotes_2025_03_07.parquet,True
LZMH,2025-03-10,47.26,LZMH_2025-03-10_47.26,LZMH_quotes_2025_03_10.parquet,True
LZMH,2025-03-13,69.93,LZMH_2025-03-13_69.93,LZMH_quotes_2025_03_13.parquet,True
LZMH,2025-03-26,30.55,LZMH_2025-03-26_30.55,LZMH_quotes_2025_03_26.parquet,True
LZMH,2025-05-29,64.53,LZMH_2025-05-29_64.53,LZMH_quotes_2025_05_29.parquet,True
LZMH,2025-06-18,60.08,LZMH_2025-06-18_60.08,LZMH_quotes_2025_06_18.parquet,True
LZMH,2025-06-26,30.60,LZMH_2025-06-26_30.60,LZMH_quotes_2025_06_26.parquet,True
LZMH,2025-07-15,47.87,LZMH_2025-07-15_47.87,LZMH_quotes_2025_07_15.parquet,True
LZMH,2025-07-18,41.67,LZMH_2025-07-18_41.67,LZMH_quotes_2025_07_18.parquet,True
LZMH,2025-08-07,69.58,LZMH_2025-08-07_69.58,LZMH_quotes_2025_08_07.parquet,True
LZ,2025-05-08,31.03,LZ_2025-05-08_31.03,LZ_quotes_2025_05_08.parquet,True
LZ,2025-08-08,42.53,LZ_2025-08-08_42.53,LZ_quotes_2025_08_08.parquet,True
MAGH,2025-10-17,31.85,MAGH_2025-10-17_31.85,MAGH_quotes_2025_10_17.parquet,True
MAMK,2025-09-11,35.68,MAMK_2025-09-11_35.68,MAMK_quotes_2025_09_11.parquet,True
MAMK,2025-10-14,53.27,MAMK_2025-10-14_53.27,MAMK_quotes_2025_10_14.parquet,True
MAMK,2025-10-15,38.00,MAMK_2025-10-15_38.00,MAMK_quotes_2025_10_15.parquet,True
MAMK,2025-10-24,153.51,MAMK_2025-10-24_153.51,MAMK_quotes_2025_10_24.parquet,True
MAMK,2025-10-27,141.59,MAMK_2025-10-27_141.59,MAMK_quotes_2025_10_27.parquet,True
MAMK,2025-10-29,40.97,MAMK_2025-10-29_40.97,MAMK_quotes_2025_10_29.parquet,True
MAPS,2025-08-11,30.86,MAPS_2025-08-11_30.86,MAPS_quotes_2025_08_11.parquet,True
MARPS,2025-06-16,51.05,MARPS_2025-06-16_51.05,MARPS_quotes_2025_06_16.parquet,True
MARPS,2025-06-17,31.73,MARPS_2025-06-17_31.73,MARPS_quotes_2025_06_17.parquet,True
MASK,2025-08-19,37.78,MASK_2025-08-19_37.78,MASK_quotes_2025_08_19.parquet,True
MASK,2025-08-26,67.42,MASK_2025-08-26_67.42,MASK_quotes_2025_08_26.parquet,True
MASS,2025-01-15,56.06,MASS_2025-01-15_56.06,MASS_quotes_2025_01_15.parquet,True
MASS,2025-03-04,102.02,MASS_2025-03-04_102.02,MASS_quotes_2025_03_04.parquet,True
MASS,2025-03-12,38.73,MASS_2025-03-12_38.73,MASS_quotes_2025_03_12.parquet,True
MATV,2025-08-07,36.94,MATV_2025-08-07_36.94,MATV_quotes_2025_08_07.parquet,True
MAXI,2025-04-09,32.32,MAXI_2025-04-09_32.32,MAXI_quotes_2025_04_09.parquet,True
MAZE,2025-07-08,30.27,MAZE_2025-07-08_30.27,MAZE_quotes_2025_07_08.parquet,True
MAZE,2025-09-11,59.18,MAZE_2025-09-11_59.18,MAZE_quotes_2025_09_11.parquet,True
MBAVW,2025-05-27,260.00,MBAVW_2025-05-27_260.00,MBAVW_quotes_2025_05_27.parquet,True
MBAVW,2025-06-11,50.00,MBAVW_2025-06-11_50.00,MBAVW_quotes_2025_06_11.parquet,True
MBIO,2025-01-24,37.75,MBIO_2025-01-24_37.75,MBIO_quotes_2025_01_24.parquet,True
MBIO,2025-01-28,61.06,MBIO_2025-01-28_61.06,MBIO_quotes_2025_01_28.parquet,True
MBIO,2025-07-01,123.01,MBIO_2025-07-01_123.01,MBIO_quotes_2025_07_01.parquet,True
MBIO,2025-07-07,488.24,MBIO_2025-07-07_488.24,MBIO_quotes_2025_07_07.parquet,True
MBIO,2025-07-09,38.35,MBIO_2025-07-09_38.35,MBIO_quotes_2025_07_09.parquet,True
MBOT,2025-01-03,97.37,MBOT_2025-01-03_97.37,MBOT_quotes_2025_01_03.parquet,True
MBOT,2025-01-06,57.94,MBOT_2025-01-06_57.94,MBOT_quotes_2025_01_06.parquet,True
MBOT,2025-01-22,31.31,MBOT_2025-01-22_31.31,MBOT_quotes_2025_01_22.parquet,True
MBOT,2025-04-09,51.80,MBOT_2025-04-09_51.80,MBOT_quotes_2025_04_09.parquet,True
MBOT,2025-04-11,32.96,MBOT_2025-04-11_32.96,MBOT_quotes_2025_04_11.parquet,True
MBRX,2025-02-13,769.02,MBRX_2025-02-13_769.02,MBRX_quotes_2025_02_13.parquet,True
MBRX,2025-02-14,118.90,MBRX_2025-02-14_118.90,MBRX_quotes_2025_02_14.parquet,True
MBRX,2025-02-25,53.27,MBRX_2025-02-25_53.27,MBRX_quotes_2025_02_25.parquet,True
MBVIW,2025-10-21,62.86,MBVIW_2025-10-21_62.86,MBVIW_quotes_2025_10_21.parquet,True
MBX,2025-09-22,164.70,MBX_2025-09-22_164.70,MBX_quotes_2025_09_22.parquet,True
MB,2025-04-14,67.81,MB_2025-04-14_67.81,MB_quotes_2025_04_14.parquet,True
MB,2025-06-06,65.88,MB_2025-06-06_65.88,MB_quotes_2025_06_06.parquet,True
MB,2025-06-11,34.71,MB_2025-06-11_34.71,MB_quotes_2025_06_11.parquet,True
MB,2025-07-10,58.45,MB_2025-07-10_58.45,MB_quotes_2025_07_10.parquet,True
MB,2025-08-18,139.44,MB_2025-08-18_139.44,MB_quotes_2025_08_18.parquet,True
MB,2025-08-28,46.48,MB_2025-08-28_46.48,MB_quotes_2025_08_28.parquet,True
MCRB,2025-01-22,30.26,MCRB_2025-01-22_30.26,MCRB_quotes_2025_01_22.parquet,True
MCRI,2025-07-17,30.36,MCRI_2025-07-17_30.36,MCRI_quotes_2025_07_17.parquet,True
MCTA,2025-10-27,30.50,MCTA_2025-10-27_30.50,MCTA_quotes_2025_10_27.parquet,True
MCTA,2025-10-28,49.12,MCTA_2025-10-28_49.12,MCTA_quotes_2025_10_28.parquet,True
MCTA,2025-10-29,46.38,MCTA_2025-10-29_46.38,MCTA_quotes_2025_10_29.parquet,True
MCTA,2025-10-30,63.22,MCTA_2025-10-30_63.22,MCTA_quotes_2025_10_30.parquet,True
MCTR,2025-01-23,177.14,MCTR_2025-01-23_177.14,MCTR_quotes_2025_01_23.parquet,True
MCTR,2025-02-26,30.51,MCTR_2025-02-26_30.51,MCTR_quotes_2025_02_26.parquet,True
MCTR,2025-04-10,37.48,MCTR_2025-04-10_37.48,MCTR_quotes_2025_04_10.parquet,True
MCTR,2025-06-03,587.57,MCTR_2025-06-03_587.57,MCTR_quotes_2025_06_03.parquet,True
MCTR,2025-06-04,66.90,MCTR_2025-06-04_66.90,MCTR_quotes_2025_06_04.parquet,True
MCTR,2025-06-05,40.19,MCTR_2025-06-05_40.19,MCTR_quotes_2025_06_05.parquet,True
MCTR,2025-06-17,31.23,MCTR_2025-06-17_31.23,MCTR_quotes_2025_06_17.parquet,True
MCTR,2025-09-08,31.76,MCTR_2025-09-08_31.76,MCTR_quotes_2025_09_08.parquet,True
MCTR,2025-10-31,48.70,MCTR_2025-10-31_48.70,MCTR_quotes_2025_10_31.parquet,True
MDB,2025-08-27,38.69,MDB_2025-08-27_38.69,MDB_quotes_2025_08_27.parquet,True
MDCXW,2025-01-06,47.06,MDCXW_2025-01-06_47.06,MDCXW_quotes_2025_01_06.parquet,True
MDCXW,2025-01-07,103.49,MDCXW_2025-01-07_103.49,MDCXW_quotes_2025_01_07.parquet,True
MDCXW,2025-01-21,144.17,MDCXW_2025-01-21_144.17,MDCXW_quotes_2025_01_21.parquet,True
MDCXW,2025-02-06,31.01,MDCXW_2025-02-06_31.01,MDCXW_quotes_2025_02_06.parquet,True
MDCXW,2025-03-05,54.55,MDCXW_2025-03-05_54.55,MDCXW_quotes_2025_03_05.parquet,True
MDCXW,2025-04-15,159.37,MDCXW_2025-04-15_159.37,MDCXW_quotes_2025_04_15.parquet,True
MDCXW,2025-05-12,59.55,MDCXW_2025-05-12_59.55,MDCXW_quotes_2025_05_12.parquet,True
MDCXW,2025-05-14,74.24,MDCXW_2025-05-14_74.24,MDCXW_quotes_2025_05_14.parquet,True
MDCXW,2025-05-15,33.72,MDCXW_2025-05-15_33.72,MDCXW_quotes_2025_05_15.parquet,True
MDCXW,2025-05-16,94.98,MDCXW_2025-05-16_94.98,MDCXW_quotes_2025_05_16.parquet,True
MDCXW,2025-05-19,66.67,MDCXW_2025-05-19_66.67,MDCXW_quotes_2025_05_19.parquet,True
MDCXW,2025-05-20,49.64,MDCXW_2025-05-20_49.64,MDCXW_quotes_2025_05_20.parquet,True
MDCXW,2025-05-27,45.22,MDCXW_2025-05-27_45.22,MDCXW_quotes_2025_05_27.parquet,True
MDCXW,2025-05-29,33.33,MDCXW_2025-05-29_33.33,MDCXW_quotes_2025_05_29.parquet,True
MDCXW,2025-06-26,72.22,MDCXW_2025-06-26_72.22,MDCXW_quotes_2025_06_26.parquet,True
MDCXW,2025-09-17,30.31,MDCXW_2025-09-17_30.31,MDCXW_quotes_2025_09_17.parquet,True
MDCXW,2025-09-18,35.80,MDCXW_2025-09-18_35.80,MDCXW_quotes_2025_09_18.parquet,True
MDCXW,2025-10-02,47.44,MDCXW_2025-10-02_47.44,MDCXW_quotes_2025_10_02.parquet,True
MDCXW,2025-10-28,39.98,MDCXW_2025-10-28_39.98,MDCXW_quotes_2025_10_28.parquet,True
MDCX,2025-03-12,31.80,MDCX_2025-03-12_31.80,MDCX_quotes_2025_03_12.parquet,True
MDCX,2025-05-12,30.94,MDCX_2025-05-12_30.94,MDCX_quotes_2025_05_12.parquet,True
MDIA,2025-06-10,55.34,MDIA_2025-06-10_55.34,MDIA_quotes_2025_06_10.parquet,True
MDIA,2025-07-07,32.73,MDIA_2025-07-07_32.73,MDIA_quotes_2025_07_07.parquet,True
MEDP,2025-07-22,62.30,MEDP_2025-07-22_62.30,MEDP_quotes_2025_07_22.parquet,True
MEGL,2025-01-06,145.51,MEGL_2025-01-06_145.51,MEGL_quotes_2025_01_06.parquet,True
MEGL,2025-02-24,74.86,MEGL_2025-02-24_74.86,MEGL_quotes_2025_02_24.parquet,True
MEGL,2025-05-07,84.75,MEGL_2025-05-07_84.75,MEGL_quotes_2025_05_07.parquet,True
MEGL,2025-06-10,74.07,MEGL_2025-06-10_74.07,MEGL_quotes_2025_06_10.parquet,True
MEGL,2025-06-12,32.99,MEGL_2025-06-12_32.99,MEGL_quotes_2025_06_12.parquet,True
MEGL,2025-07-24,45.05,MEGL_2025-07-24_45.05,MEGL_quotes_2025_07_24.parquet,True
MEG,2025-02-27,35.21,MEG_2025-02-27_35.21,MEG_quotes_2025_02_27.parquet,True
MEG,2025-05-08,50.23,MEG_2025-05-08_50.23,MEG_quotes_2025_05_08.parquet,True
MEG,2025-08-07,41.53,MEG_2025-08-07_41.53,MEG_quotes_2025_08_07.parquet,True
MENS,2025-08-08,35.77,MENS_2025-08-08_35.77,MENS_quotes_2025_08_08.parquet,True
MENS,2025-10-01,32.58,MENS_2025-10-01_32.58,MENS_quotes_2025_10_01.parquet,True
MESO,2025-07-18,30.23,MESO_2025-07-18_30.23,MESO_quotes_2025_07_18.parquet,True
METCB,2025-08-14,31.38,METCB_2025-08-14_31.38,METCB_quotes_2025_08_14.parquet,True
METC,2025-03-11,39.76,METC_2025-03-11_39.76,METC_quotes_2025_03_11.parquet,True
METC,2025-07-10,36.45,METC_2025-07-10_36.45,METC_quotes_2025_07_10.parquet,True
METU,2025-04-09,30.04,METU_2025-04-09_30.04,METU_quotes_2025_04_09.parquet,True
MFI,2025-01-03,117.09,MFI_2025-01-03_117.09,MFI_quotes_2025_01_03.parquet,True
MFI,2025-02-25,110.11,MFI_2025-02-25_110.11,MFI_quotes_2025_02_25.parquet,True
MFI,2025-05-30,30.28,MFI_2025-05-30_30.28,MFI_quotes_2025_05_30.parquet,True
MFI,2025-06-02,55.63,MFI_2025-06-02_55.63,MFI_quotes_2025_06_02.parquet,True
MFI,2025-06-04,145.83,MFI_2025-06-04_145.83,MFI_quotes_2025_06_04.parquet,True
MFI,2025-06-05,62.18,MFI_2025-06-05_62.18,MFI_quotes_2025_06_05.parquet,True
MFI,2025-06-09,38.25,MFI_2025-06-09_38.25,MFI_quotes_2025_06_09.parquet,True
MFI,2025-06-11,55.15,MFI_2025-06-11_55.15,MFI_quotes_2025_06_11.parquet,True
MFI,2025-06-16,33.23,MFI_2025-06-16_33.23,MFI_quotes_2025_06_16.parquet,True
MFI,2025-06-23,35.38,MFI_2025-06-23_35.38,MFI_quotes_2025_06_23.parquet,True
MFI,2025-06-24,32.73,MFI_2025-06-24_32.73,MFI_quotes_2025_06_24.parquet,True
MFI,2025-08-08,35.59,MFI_2025-08-08_35.59,MFI_quotes_2025_08_08.parquet,True
MFI,2025-09-12,70.11,MFI_2025-09-12_70.11,MFI_quotes_2025_09_12.parquet,True
MFI,2025-09-15,35.88,MFI_2025-09-15_35.88,MFI_quotes_2025_09_15.parquet,True
MGIH,2025-01-14,65.90,MGIH_2025-01-14_65.90,MGIH_quotes_2025_01_14.parquet,True
MGIH,2025-02-21,33.33,MGIH_2025-02-21_33.33,MGIH_quotes_2025_02_21.parquet,True
MGIH,2025-09-08,204.40,MGIH_2025-09-08_204.40,MGIH_quotes_2025_09_08.parquet,True
MGIH,2025-09-09,99.12,MGIH_2025-09-09_99.12,MGIH_quotes_2025_09_09.parquet,True
MGIH,2025-09-11,30.86,MGIH_2025-09-11_30.86,MGIH_quotes_2025_09_11.parquet,True
MGIH,2025-09-12,30.37,MGIH_2025-09-12_30.37,MGIH_quotes_2025_09_12.parquet,True
MGNX,2025-06-10,32.32,MGNX_2025-06-10_32.32,MGNX_quotes_2025_06_10.parquet,True
MGRT,2025-07-29,57.89,MGRT_2025-07-29_57.89,MGRT_quotes_2025_07_29.parquet,True
MGRT,2025-08-01,46.34,MGRT_2025-08-01_46.34,MGRT_quotes_2025_08_01.parquet,True
MGRT,2025-08-06,34.25,MGRT_2025-08-06_34.25,MGRT_quotes_2025_08_06.parquet,True
MGRT,2025-09-12,30.68,MGRT_2025-09-12_30.68,MGRT_quotes_2025_09_12.parquet,True
MGRT,2025-10-17,37.79,MGRT_2025-10-17_37.79,MGRT_quotes_2025_10_17.parquet,True
MGRT,2025-10-28,38.94,MGRT_2025-10-28_38.94,MGRT_quotes_2025_10_28.parquet,True
MGRX,2025-07-18,31.65,MGRX_2025-07-18_31.65,MGRX_quotes_2025_07_18.parquet,True
MGTX,2025-03-13,32.45,MGTX_2025-03-13_32.45,MGTX_quotes_2025_03_13.parquet,True
MGX,2025-01-22,47.06,MGX_2025-01-22_47.06,MGX_quotes_2025_01_22.parquet,True
MHUA,2025-05-12,38.71,MHUA_2025-05-12_38.71,MHUA_quotes_2025_05_12.parquet,True
MIGI,2025-04-25,38.59,MIGI_2025-04-25_38.59,MIGI_quotes_2025_04_25.parquet,True
MIGI,2025-05-12,30.21,MIGI_2025-05-12_30.21,MIGI_quotes_2025_05_12.parquet,True
MIGI,2025-10-01,30.64,MIGI_2025-10-01_30.64,MIGI_quotes_2025_10_01.parquet,True
MIGI,2025-10-02,66.79,MIGI_2025-10-02_66.79,MIGI_quotes_2025_10_02.parquet,True
MIGI,2025-10-15,100.20,MIGI_2025-10-15_100.20,MIGI_quotes_2025_10_15.parquet,True
MIGI,2025-10-16,34.97,MIGI_2025-10-16_34.97,MIGI_quotes_2025_10_16.parquet,True
MIMI,2025-09-10,55.39,MIMI_2025-09-10_55.39,MIMI_quotes_2025_09_10.parquet,True
MIND,2025-04-23,36.95,MIND_2025-04-23_36.95,MIND_quotes_2025_04_23.parquet,True
MIND,2025-06-23,38.83,MIND_2025-06-23_38.83,MIND_quotes_2025_06_23.parquet,True
MIRA,2025-03-13,32.80,MIRA_2025-03-13_32.80,MIRA_quotes_2025_03_13.parquet,True
MIRA,2025-04-16,48.24,MIRA_2025-04-16_48.24,MIRA_quotes_2025_04_16.parquet,True
MIRA,2025-07-14,31.25,MIRA_2025-07-14_31.25,MIRA_quotes_2025_07_14.parquet,True
MIRA,2025-10-16,85.61,MIRA_2025-10-16_85.61,MIRA_quotes_2025_10_16.parquet,True
MKDW,2025-04-07,605.88,MKDW_2025-04-07_605.88,MKDW_quotes_2025_04_07.parquet,True
MKTW,2025-03-03,37.91,MKTW_2025-03-03_37.91,MKTW_quotes_2025_03_03.parquet,True
MKTW,2025-04-11,42.59,MKTW_2025-04-11_42.59,MKTW_quotes_2025_04_11.parquet,True
MKZR,2025-01-03,52.49,MKZR_2025-01-03_52.49,MKZR_quotes_2025_01_03.parquet,True
MKZR,2025-02-13,51.78,MKZR_2025-02-13_51.78,MKZR_quotes_2025_02_13.parquet,True
MKZR,2025-07-23,122.37,MKZR_2025-07-23_122.37,MKZR_quotes_2025_07_23.parquet,True
MLEC,2025-02-26,30.77,MLEC_2025-02-26_30.77,MLEC_quotes_2025_02_26.parquet,True
MLGO,2025-01-27,58.55,MLGO_2025-01-27_58.55,MLGO_quotes_2025_01_27.parquet,True
MLGO,2025-02-21,918.26,MLGO_2025-02-21_918.26,MLGO_quotes_2025_02_21.parquet,True
MLGO,2025-02-27,31.65,MLGO_2025-02-27_31.65,MLGO_quotes_2025_02_27.parquet,True
MLGO,2025-03-05,31.33,MLGO_2025-03-05_31.33,MLGO_quotes_2025_03_05.parquet,True
MLGO,2025-03-24,508.71,MLGO_2025-03-24_508.71,MLGO_quotes_2025_03_24.parquet,True
MLGO,2025-03-25,40.74,MLGO_2025-03-25_40.74,MLGO_quotes_2025_03_25.parquet,True
MLGO,2025-03-27,74.87,MLGO_2025-03-27_74.87,MLGO_quotes_2025_03_27.parquet,True
MLGO,2025-03-31,73.49,MLGO_2025-03-31_73.49,MLGO_quotes_2025_03_31.parquet,True
MLGO,2025-04-01,33.61,MLGO_2025-04-01_33.61,MLGO_quotes_2025_04_01.parquet,True
MLGO,2025-04-21,143.36,MLGO_2025-04-21_143.36,MLGO_quotes_2025_04_21.parquet,True
MLGO,2025-04-28,34.47,MLGO_2025-04-28_34.47,MLGO_quotes_2025_04_28.parquet,True
MLGO,2025-05-12,48.72,MLGO_2025-05-12_48.72,MLGO_quotes_2025_05_12.parquet,True
MLGO,2025-05-22,38.22,MLGO_2025-05-22_38.22,MLGO_quotes_2025_05_22.parquet,True
MLGO,2025-07-02,43.10,MLGO_2025-07-02_43.10,MLGO_quotes_2025_07_02.parquet,True
MLGO,2025-07-09,38.47,MLGO_2025-07-09_38.47,MLGO_quotes_2025_07_09.parquet,True
MLGO,2025-09-17,34.37,MLGO_2025-09-17_34.37,MLGO_quotes_2025_09_17.parquet,True
MLYS,2025-03-10,73.86,MLYS_2025-03-10_73.86,MLYS_quotes_2025_03_10.parquet,True
MLYS,2025-09-02,94.70,MLYS_2025-09-02_94.70,MLYS_quotes_2025_09_02.parquet,True
MNDR,2025-02-12,37.35,MNDR_2025-02-12_37.35,MNDR_quotes_2025_02_12.parquet,True
MNDR,2025-02-20,203.67,MNDR_2025-02-20_203.67,MNDR_quotes_2025_02_20.parquet,True
MNDR,2025-03-03,33.81,MNDR_2025-03-03_33.81,MNDR_quotes_2025_03_03.parquet,True
MNDR,2025-08-13,68.54,MNDR_2025-08-13_68.54,MNDR_quotes_2025_08_13.parquet,True
MNDY,2025-02-10,32.68,MNDY_2025-02-10_32.68,MNDY_quotes_2025_02_10.parquet,True
MNKD,2025-09-02,35.05,MNKD_2025-09-02_35.05,MNKD_quotes_2025_09_02.parquet,True
MNOV,2025-10-31,64.71,MNOV_2025-10-31_64.71,MNOV_quotes_2025_10_31.parquet,True
MNRO,2025-05-28,40.56,MNRO_2025-05-28_40.56,MNRO_quotes_2025_05_28.parquet,True
MNTN,2025-05-22,144.36,MNTN_2025-05-22_144.36,MNTN_quotes_2025_05_22.parquet,True
MNTS,2025-01-21,35.54,MNTS_2025-01-21_35.54,MNTS_quotes_2025_01_21.parquet,True
MNTS,2025-02-10,67.11,MNTS_2025-02-10_67.11,MNTS_quotes_2025_02_10.parquet,True
MNTS,2025-03-19,31.94,MNTS_2025-03-19_31.94,MNTS_quotes_2025_03_19.parquet,True
MNTS,2025-06-09,42.60,MNTS_2025-06-09_42.60,MNTS_quotes_2025_06_09.parquet,True
MNTS,2025-06-30,34.75,MNTS_2025-06-30_34.75,MNTS_quotes_2025_06_30.parquet,True
MNTS,2025-08-13,119.82,MNTS_2025-08-13_119.82,MNTS_quotes_2025_08_13.parquet,True
MNTS,2025-10-14,34.96,MNTS_2025-10-14_34.96,MNTS_quotes_2025_10_14.parquet,True
MNY,2025-07-15,38.32,MNY_2025-07-15_38.32,MNY_quotes_2025_07_15.parquet,True
MNY,2025-07-16,37.80,MNY_2025-07-16_37.80,MNY_quotes_2025_07_16.parquet,True
MOBBW,2025-08-25,47.77,MOBBW_2025-08-25_47.77,MOBBW_quotes_2025_08_25.parquet,True
MOBBW,2025-09-05,35.71,MOBBW_2025-09-05_35.71,MOBBW_quotes_2025_09_05.parquet,True
MOBBW,2025-09-11,38.29,MOBBW_2025-09-11_38.29,MOBBW_quotes_2025_09_11.parquet,True
MOBBW,2025-10-15,40.79,MOBBW_2025-10-15_40.79,MOBBW_quotes_2025_10_15.parquet,True
MOBBW,2025-10-17,37.59,MOBBW_2025-10-17_37.59,MOBBW_quotes_2025_10_17.parquet,True
MOBBW,2025-10-20,35.65,MOBBW_2025-10-20_35.65,MOBBW_quotes_2025_10_20.parquet,True
MOBX,2025-01-22,41.53,MOBX_2025-01-22_41.53,MOBX_quotes_2025_01_22.parquet,True
MOBX,2025-07-21,56.79,MOBX_2025-07-21_56.79,MOBX_quotes_2025_07_21.parquet,True
MOBX,2025-08-28,42.11,MOBX_2025-08-28_42.11,MOBX_quotes_2025_08_28.parquet,True
MODD,2025-04-08,30.00,MODD_2025-04-08_30.00,MODD_quotes_2025_04_08.parquet,True
MODD,2025-09-12,42.82,MODD_2025-09-12_42.82,MODD_quotes_2025_09_12.parquet,True
MOFG,2025-10-24,39.74,MOFG_2025-10-24_39.74,MOFG_quotes_2025_10_24.parquet,True
MOGO,2025-05-02,34.68,MOGO_2025-05-02_34.68,MOGO_quotes_2025_05_02.parquet,True
MOGO,2025-05-13,173.93,MOGO_2025-05-13_173.93,MOGO_quotes_2025_05_13.parquet,True
MOGO,2025-07-02,216.53,MOGO_2025-07-02_216.53,MOGO_quotes_2025_07_02.parquet,True
MOGU,2025-09-11,224.00,MOGU_2025-09-11_224.00,MOGU_quotes_2025_09_11.parquet,True
MOLN,2025-08-25,30.79,MOLN_2025-08-25_30.79,MOLN_quotes_2025_08_25.parquet,True
MOVE,2025-05-13,47.98,MOVE_2025-05-13_47.98,MOVE_quotes_2025_05_13.parquet,True
MOVE,2025-07-15,33.50,MOVE_2025-07-15_33.50,MOVE_quotes_2025_07_15.parquet,True
MOVE,2025-08-22,30.54,MOVE_2025-08-22_30.54,MOVE_quotes_2025_08_22.parquet,True
MOVE,2025-08-29,112.11,MOVE_2025-08-29_112.11,MOVE_quotes_2025_08_29.parquet,True
MOVE,2025-09-03,43.17,MOVE_2025-09-03_43.17,MOVE_quotes_2025_09_03.parquet,True
MPAA,2025-02-10,33.91,MPAA_2025-02-10_33.91,MPAA_quotes_2025_02_10.parquet,True
MPAA,2025-08-11,32.65,MPAA_2025-08-11_32.65,MPAA_quotes_2025_08_11.parquet,True
MP,2025-07-10,60.22,MP_2025-07-10_60.22,MP_quotes_2025_07_10.parquet,True
MRAL,2025-03-24,36.48,MRAL_2025-03-24_36.48,MRAL_quotes_2025_03_24.parquet,True
MRAL,2025-04-09,41.37,MRAL_2025-04-09_41.37,MRAL_quotes_2025_04_09.parquet,True
MRAL,2025-04-22,30.41,MRAL_2025-04-22_30.41,MRAL_quotes_2025_04_22.parquet,True
MRAL,2025-09-29,32.12,MRAL_2025-09-29_32.12,MRAL_quotes_2025_09_29.parquet,True
MRKR,2025-03-05,51.45,MRKR_2025-03-05_51.45,MRKR_quotes_2025_03_05.parquet,True
MRKR,2025-03-10,32.67,MRKR_2025-03-10_32.67,MRKR_quotes_2025_03_10.parquet,True
MRKR,2025-05-30,50.40,MRKR_2025-05-30_50.40,MRKR_quotes_2025_05_30.parquet,True
MRKR,2025-07-17,154.38,MRKR_2025-07-17_154.38,MRKR_quotes_2025_07_17.parquet,True
MRM,2025-04-09,100.35,MRM_2025-04-09_100.35,MRM_quotes_2025_04_09.parquet,True
MRM,2025-04-10,56.25,MRM_2025-04-10_56.25,MRM_quotes_2025_04_10.parquet,True
MRM,2025-05-20,75.94,MRM_2025-05-20_75.94,MRM_quotes_2025_05_20.parquet,True
MRM,2025-05-21,56.15,MRM_2025-05-21_56.15,MRM_quotes_2025_05_21.parquet,True
MRM,2025-08-08,194.16,MRM_2025-08-08_194.16,MRM_quotes_2025_08_08.parquet,True
MRM,2025-09-08,33.54,MRM_2025-09-08_33.54,MRM_quotes_2025_09_08.parquet,True
MRM,2025-09-26,206.90,MRM_2025-09-26_206.90,MRM_quotes_2025_09_26.parquet,True
MRSN,2025-01-24,32.40,MRSN_2025-01-24_32.40,MRSN_quotes_2025_01_24.parquet,True
MRUS,2025-05-23,38.10,MRUS_2025-05-23_38.10,MRUS_quotes_2025_05_23.parquet,True
MRUS,2025-09-29,37.26,MRUS_2025-09-29_37.26,MRUS_quotes_2025_09_29.parquet,True
MRVI,2025-08-12,31.07,MRVI_2025-08-12_31.07,MRVI_quotes_2025_08_12.parquet,True
MSAI,2025-01-07,66.50,MSAI_2025-01-07_66.50,MSAI_quotes_2025_01_07.parquet,True
MSAI,2025-02-18,34.48,MSAI_2025-02-18_34.48,MSAI_quotes_2025_02_18.parquet,True
MSAI,2025-10-23,109.21,MSAI_2025-10-23_109.21,MSAI_quotes_2025_10_23.parquet,True
MSAI,2025-10-29,67.24,MSAI_2025-10-29_67.24,MSAI_quotes_2025_10_29.parquet,True
MSAI,2025-10-30,63.37,MSAI_2025-10-30_63.37,MSAI_quotes_2025_10_30.parquet,True
MSAI,2025-10-31,81.82,MSAI_2025-10-31_81.82,MSAI_quotes_2025_10_31.parquet,True
MSC,2025-07-01,44.25,MSC_2025-07-01_44.25,MSC_quotes_2025_07_01.parquet,True
MSC,2025-08-07,41.94,MSC_2025-08-07_41.94,MSC_quotes_2025_08_07.parquet,True
MSC,2025-09-11,92.17,MSC_2025-09-11_92.17,MSC_quotes_2025_09_11.parquet,True
MSGM,2025-04-16,33.33,MSGM_2025-04-16_33.33,MSGM_quotes_2025_04_16.parquet,True
MSGM,2025-04-17,176.79,MSGM_2025-04-17_176.79,MSGM_quotes_2025_04_17.parquet,True
MSGY,2025-07-09,59.25,MSGY_2025-07-09_59.25,MSGY_quotes_2025_07_09.parquet,True
MSGY,2025-07-18,34.65,MSGY_2025-07-18_34.65,MSGY_quotes_2025_07_18.parquet,True
MSGY,2025-07-23,33.50,MSGY_2025-07-23_33.50,MSGY_quotes_2025_07_23.parquet,True
MSGY,2025-09-04,48.25,MSGY_2025-09-04_48.25,MSGY_quotes_2025_09_04.parquet,True
MSPR,2025-02-06,72.32,MSPR_2025-02-06_72.32,MSPR_quotes_2025_02_06.parquet,True
MSPR,2025-04-11,175.78,MSPR_2025-04-11_175.78,MSPR_quotes_2025_04_11.parquet,True
MSPR,2025-09-05,56.25,MSPR_2025-09-05_56.25,MSPR_quotes_2025_09_05.parquet,True
MSS,2025-01-06,60.00,MSS_2025-01-06_60.00,MSS_quotes_2025_01_06.parquet,True
MSS,2025-09-08,52.70,MSS_2025-09-08_52.70,MSS_quotes_2025_09_08.parquet,True
MSS,2025-09-09,43.33,MSS_2025-09-09_43.33,MSS_quotes_2025_09_09.parquet,True
MSS,2025-09-29,314.65,MSS_2025-09-29_314.65,MSS_quotes_2025_09_29.parquet,True
MSS,2025-09-30,33.04,MSS_2025-09-30_33.04,MSS_quotes_2025_09_30.parquet,True
MSTX,2025-03-03,30.76,MSTX_2025-03-03_30.76,MSTX_quotes_2025_03_03.parquet,True
MSTX,2025-03-04,32.70,MSTX_2025-03-04_32.70,MSTX_quotes_2025_03_04.parquet,True
MSTX,2025-04-09,53.88,MSTX_2025-04-09_53.88,MSTX_quotes_2025_04_09.parquet,True
MSW,2025-01-10,104.64,MSW_2025-01-10_104.64,MSW_quotes_2025_01_10.parquet,True
MSW,2025-02-19,34.03,MSW_2025-02-19_34.03,MSW_quotes_2025_02_19.parquet,True
MSW,2025-05-12,114.55,MSW_2025-05-12_114.55,MSW_quotes_2025_05_12.parquet,True
MSW,2025-05-13,37.61,MSW_2025-05-13_37.61,MSW_quotes_2025_05_13.parquet,True
MSW,2025-05-22,35.39,MSW_2025-05-22_35.39,MSW_quotes_2025_05_22.parquet,True
MSW,2025-06-17,51.97,MSW_2025-06-17_51.97,MSW_quotes_2025_06_17.parquet,True
MSW,2025-08-12,32.53,MSW_2025-08-12_32.53,MSW_quotes_2025_08_12.parquet,True
MSW,2025-08-20,48.65,MSW_2025-08-20_48.65,MSW_quotes_2025_08_20.parquet,True
MTC,2025-04-10,32.15,MTC_2025-04-10_32.15,MTC_quotes_2025_04_10.parquet,True
MTC,2025-08-11,35.24,MTC_2025-08-11_35.24,MTC_quotes_2025_08_11.parquet,True
MTC,2025-09-10,83.69,MTC_2025-09-10_83.69,MTC_quotes_2025_09_10.parquet,True
MTEKW,2025-01-06,47.75,MTEKW_2025-01-06_47.75,MTEKW_quotes_2025_01_06.parquet,True
MTEN,2025-03-14,47.70,MTEN_2025-03-14_47.70,MTEN_quotes_2025_03_14.parquet,True
MTEN,2025-03-17,45.25,MTEN_2025-03-17_45.25,MTEN_quotes_2025_03_17.parquet,True
MTEN,2025-04-07,34.33,MTEN_2025-04-07_34.33,MTEN_quotes_2025_04_07.parquet,True
MTEN,2025-04-21,48.34,MTEN_2025-04-21_48.34,MTEN_quotes_2025_04_21.parquet,True
MTEN,2025-05-06,57.46,MTEN_2025-05-06_57.46,MTEN_quotes_2025_05_06.parquet,True
MTEN,2025-07-10,104.86,MTEN_2025-07-10_104.86,MTEN_quotes_2025_07_10.parquet,True
MTEN,2025-07-11,31.50,MTEN_2025-07-11_31.50,MTEN_quotes_2025_07_11.parquet,True
MTEN,2025-10-16,56.27,MTEN_2025-10-16_56.27,MTEN_quotes_2025_10_16.parquet,True
MTEX,2025-01-29,39.07,MTEX_2025-01-29_39.07,MTEX_quotes_2025_01_29.parquet,True
MTEX,2025-10-13,33.33,MTEX_2025-10-13_33.33,MTEX_quotes_2025_10_13.parquet,True
MTR,2025-06-13,33.59,MTR_2025-06-13_33.59,MTR_quotes_2025_06_13.parquet,True
MTR,2025-06-18,59.69,MTR_2025-06-18_59.69,MTR_quotes_2025_06_18.parquet,True
MTVA,2025-09-15,148.58,MTVA_2025-09-15_148.58,MTVA_quotes_2025_09_15.parquet,True
MULL,2025-04-09,38.53,MULL_2025-04-09_38.53,MULL_quotes_2025_04_09.parquet,True
MURA,2025-04-15,211.64,MURA_2025-04-15_211.64,MURA_quotes_2025_04_15.parquet,True
MUU,2025-04-09,39.29,MUU_2025-04-09_39.29,MUU_quotes_2025_04_09.parquet,True
MVIS,2025-02-19,36.09,MVIS_2025-02-19_36.09,MVIS_quotes_2025_02_19.parquet,True
MVLL,2025-04-09,44.63,MVLL_2025-04-09_44.63,MVLL_quotes_2025_04_09.parquet,True
MVST,2025-01-10,53.48,MVST_2025-01-10_53.48,MVST_quotes_2025_01_10.parquet,True
MVST,2025-04-01,38.46,MVST_2025-04-01_38.46,MVST_quotes_2025_04_01.parquet,True
MVST,2025-05-13,44.98,MVST_2025-05-13_44.98,MVST_quotes_2025_05_13.parquet,True
MWYN,2025-05-09,33.11,MWYN_2025-05-09_33.11,MWYN_quotes_2025_05_09.parquet,True
MWYN,2025-05-12,33.33,MWYN_2025-05-12_33.33,MWYN_quotes_2025_05_12.parquet,True
MWYN,2025-05-21,32.48,MWYN_2025-05-21_32.48,MWYN_quotes_2025_05_21.parquet,True
MWYN,2025-08-01,94.44,MWYN_2025-08-01_94.44,MWYN_quotes_2025_08_01.parquet,True
MWYN,2025-09-10,173.38,MWYN_2025-09-10_173.38,MWYN_quotes_2025_09_10.parquet,True
MXL,2025-07-24,30.55,MXL_2025-07-24_30.55,MXL_quotes_2025_07_24.parquet,True
MYE,2025-03-06,30.29,MYE_2025-03-06_30.29,MYE_quotes_2025_03_06.parquet,True
MYGN,2025-08-06,48.58,MYGN_2025-08-06_48.58,MYGN_quotes_2025_08_06.parquet,True
MYNZ,2025-01-30,30.69,MYNZ_2025-01-30_30.69,MYNZ_quotes_2025_01_30.parquet,True
MYSZ,2025-03-28,46.03,MYSZ_2025-03-28_46.03,MYSZ_quotes_2025_03_28.parquet,True
MYSZ,2025-03-31,69.83,MYSZ_2025-03-31_69.83,MYSZ_quotes_2025_03_31.parquet,True
NAAS,2025-02-21,81.29,NAAS_2025-02-21_81.29,NAAS_quotes_2025_02_21.parquet,True
NAAS,2025-04-28,91.33,NAAS_2025-04-28_91.33,NAAS_quotes_2025_04_28.parquet,True
NAKA,2025-05-27,30.30,NAKA_2025-05-27_30.30,NAKA_quotes_2025_05_27.parquet,True
NAKA,2025-06-11,74.14,NAKA_2025-06-11_74.14,NAKA_quotes_2025_06_11.parquet,True
NAKA,2025-08-08,35.58,NAKA_2025-08-08_35.58,NAKA_quotes_2025_08_08.parquet,True
NAKA,2025-08-11,72.20,NAKA_2025-08-11_72.20,NAKA_quotes_2025_08_11.parquet,True
NAKA,2025-09-05,30.18,NAKA_2025-09-05_30.18,NAKA_quotes_2025_09_05.parquet,True
NAKA,2025-09-09,88.16,NAKA_2025-09-09_88.16,NAKA_quotes_2025_09_09.parquet,True
NAMI,2025-03-03,49.43,NAMI_2025-03-03_49.43,NAMI_quotes_2025_03_03.parquet,True
NAMI,2025-05-20,54.86,NAMI_2025-05-20_54.86,NAMI_quotes_2025_05_20.parquet,True
NAMI,2025-08-27,99.03,NAMI_2025-08-27_99.03,NAMI_quotes_2025_08_27.parquet,True
NAMM,2025-07-02,69.04,NAMM_2025-07-02_69.04,NAMM_quotes_2025_07_02.parquet,True
NAMM,2025-08-01,46.46,NAMM_2025-08-01_46.46,NAMM_quotes_2025_08_01.parquet,True
NAMM,2025-10-13,56.65,NAMM_2025-10-13_56.65,NAMM_quotes_2025_10_13.parquet,True
NAOV,2025-01-06,111.31,NAOV_2025-01-06_111.31,NAOV_quotes_2025_01_06.parquet,True
NAOV,2025-01-15,37.42,NAOV_2025-01-15_37.42,NAOV_quotes_2025_01_15.parquet,True
NAOV,2025-01-30,74.71,NAOV_2025-01-30_74.71,NAOV_quotes_2025_01_30.parquet,True
NAOV,2025-02-06,32.16,NAOV_2025-02-06_32.16,NAOV_quotes_2025_02_06.parquet,True
NAOV,2025-02-14,53.26,NAOV_2025-02-14_53.26,NAOV_quotes_2025_02_14.parquet,True
NAOV,2025-03-17,88.13,NAOV_2025-03-17_88.13,NAOV_quotes_2025_03_17.parquet,True
NAOV,2025-03-20,62.58,NAOV_2025-03-20_62.58,NAOV_quotes_2025_03_20.parquet,True
NAOV,2025-04-08,452.72,NAOV_2025-04-08_452.72,NAOV_quotes_2025_04_08.parquet,True
NAOV,2025-04-14,30.28,NAOV_2025-04-14_30.28,NAOV_quotes_2025_04_14.parquet,True
NAOV,2025-05-01,56.99,NAOV_2025-05-01_56.99,NAOV_quotes_2025_05_01.parquet,True
NAOV,2025-05-28,33.05,NAOV_2025-05-28_33.05,NAOV_quotes_2025_05_28.parquet,True
NAOV,2025-05-29,62.46,NAOV_2025-05-29_62.46,NAOV_quotes_2025_05_29.parquet,True
NAOV,2025-06-11,104.06,NAOV_2025-06-11_104.06,NAOV_quotes_2025_06_11.parquet,True
NAOV,2025-06-27,51.88,NAOV_2025-06-27_51.88,NAOV_quotes_2025_06_27.parquet,True
NAOV,2025-09-15,168.10,NAOV_2025-09-15_168.10,NAOV_quotes_2025_09_15.parquet,True
NAUT,2025-05-13,39.70,NAUT_2025-05-13_39.70,NAUT_quotes_2025_05_13.parquet,True
NAUT,2025-10-21,41.44,NAUT_2025-10-21_41.44,NAUT_quotes_2025_10_21.parquet,True
NA,2025-06-04,88.65,NA_2025-06-04_88.65,NA_quotes_2025_06_04.parquet,True
NA,2025-06-09,77.42,NA_2025-06-09_77.42,NA_quotes_2025_06_09.parquet,True
NA,2025-06-24,189.07,NA_2025-06-24_189.07,NA_quotes_2025_06_24.parquet,True
NBIS,2025-09-09,54.04,NBIS_2025-09-09_54.04,NBIS_quotes_2025_09_09.parquet,True
NBTX,2025-10-08,32.43,NBTX_2025-10-08_32.43,NBTX_quotes_2025_10_08.parquet,True
NB,2025-04-14,30.58,NB_2025-04-14_30.58,NB_quotes_2025_04_14.parquet,True
NB,2025-04-16,43.55,NB_2025-04-16_43.55,NB_quotes_2025_04_16.parquet,True
NCEW,2025-03-20,35.87,NCEW_2025-03-20_35.87,NCEW_quotes_2025_03_20.parquet,True
NCEW,2025-05-07,78.03,NCEW_2025-05-07_78.03,NCEW_quotes_2025_05_07.parquet,True
NCEW,2025-06-03,57.14,NCEW_2025-06-03_57.14,NCEW_quotes_2025_06_03.parquet,True
NCEW,2025-06-24,43.78,NCEW_2025-06-24_43.78,NCEW_quotes_2025_06_24.parquet,True
NCEW,2025-08-26,40.57,NCEW_2025-08-26_40.57,NCEW_quotes_2025_08_26.parquet,True
NCEW,2025-09-09,43.06,NCEW_2025-09-09_43.06,NCEW_quotes_2025_09_09.parquet,True
NCI,2025-01-03,40.90,NCI_2025-01-03_40.90,NCI_quotes_2025_01_03.parquet,True
NCI,2025-02-25,41.67,NCI_2025-02-25_41.67,NCI_quotes_2025_02_25.parquet,True
NCI,2025-05-20,32.00,NCI_2025-05-20_32.00,NCI_quotes_2025_05_20.parquet,True
NCI,2025-06-16,32.71,NCI_2025-06-16_32.71,NCI_quotes_2025_06_16.parquet,True
NCI,2025-09-04,64.44,NCI_2025-09-04_64.44,NCI_quotes_2025_09_04.parquet,True
NCI,2025-10-27,31.84,NCI_2025-10-27_31.84,NCI_quotes_2025_10_27.parquet,True
NCNA,2025-03-27,32.53,NCNA_2025-03-27_32.53,NCNA_quotes_2025_03_27.parquet,True
NCNA,2025-05-05,171.62,NCNA_2025-05-05_171.62,NCNA_quotes_2025_05_05.parquet,True
NCNA,2025-05-14,47.72,NCNA_2025-05-14_47.72,NCNA_quotes_2025_05_14.parquet,True
NCNA,2025-05-15,93.93,NCNA_2025-05-15_93.93,NCNA_quotes_2025_05_15.parquet,True
NCNA,2025-06-03,57.63,NCNA_2025-06-03_57.63,NCNA_quotes_2025_06_03.parquet,True
NCNA,2025-06-06,41.77,NCNA_2025-06-06_41.77,NCNA_quotes_2025_06_06.parquet,True
NCNA,2025-06-09,91.38,NCNA_2025-06-09_91.38,NCNA_quotes_2025_06_09.parquet,True
NCNA,2025-06-10,146.72,NCNA_2025-06-10_146.72,NCNA_quotes_2025_06_10.parquet,True
NCNA,2025-06-11,39.37,NCNA_2025-06-11_39.37,NCNA_quotes_2025_06_11.parquet,True
NCNA,2025-07-09,130.04,NCNA_2025-07-09_130.04,NCNA_quotes_2025_07_09.parquet,True
NCNA,2025-09-30,35.25,NCNA_2025-09-30_35.25,NCNA_quotes_2025_09_30.parquet,True
NCNA,2025-10-07,42.13,NCNA_2025-10-07_42.13,NCNA_quotes_2025_10_07.parquet,True
NCPL,2025-05-30,38.08,NCPL_2025-05-30_38.08,NCPL_quotes_2025_05_30.parquet,True
NCPL,2025-06-16,48.12,NCPL_2025-06-16_48.12,NCPL_quotes_2025_06_16.parquet,True
NCPL,2025-06-20,48.58,NCPL_2025-06-20_48.58,NCPL_quotes_2025_06_20.parquet,True
NCPL,2025-06-30,32.92,NCPL_2025-06-30_32.92,NCPL_quotes_2025_06_30.parquet,True
NCRA,2025-01-14,32.51,NCRA_2025-01-14_32.51,NCRA_quotes_2025_01_14.parquet,True
NCRA,2025-05-07,48.15,NCRA_2025-05-07_48.15,NCRA_quotes_2025_05_07.parquet,True
NCRA,2025-05-27,45.82,NCRA_2025-05-27_45.82,NCRA_quotes_2025_05_27.parquet,True
NCSM,2025-03-17,32.45,NCSM_2025-03-17_32.45,NCSM_quotes_2025_03_17.parquet,True
NCT,2025-04-15,53.68,NCT_2025-04-15_53.68,NCT_quotes_2025_04_15.parquet,True
NCT,2025-04-22,32.09,NCT_2025-04-22_32.09,NCT_quotes_2025_04_22.parquet,True
NCT,2025-08-20,84.08,NCT_2025-08-20_84.08,NCT_quotes_2025_08_20.parquet,True
NCT,2025-09-16,46.15,NCT_2025-09-16_46.15,NCT_quotes_2025_09_16.parquet,True
NDLS,2025-01-24,32.10,NDLS_2025-01-24_32.10,NDLS_quotes_2025_01_24.parquet,True
NDLS,2025-10-22,73.64,NDLS_2025-10-22_73.64,NDLS_quotes_2025_10_22.parquet,True
NDRA,2025-04-07,73.73,NDRA_2025-04-07_73.73,NDRA_quotes_2025_04_07.parquet,True
NDRA,2025-04-17,66.57,NDRA_2025-04-17_66.57,NDRA_quotes_2025_04_17.parquet,True
NDRA,2025-04-29,44.19,NDRA_2025-04-29_44.19,NDRA_quotes_2025_04_29.parquet,True
NDRA,2025-07-08,246.00,NDRA_2025-07-08_246.00,NDRA_quotes_2025_07_08.parquet,True
NDRA,2025-10-13,52.01,NDRA_2025-10-13_52.01,NDRA_quotes_2025_10_13.parquet,True
NEGG,2025-05-14,70.19,NEGG_2025-05-14_70.19,NEGG_quotes_2025_05_14.parquet,True
NEGG,2025-06-05,111.62,NEGG_2025-06-05_111.62,NEGG_quotes_2025_06_05.parquet,True
NEGG,2025-06-09,67.79,NEGG_2025-06-09_67.79,NEGG_quotes_2025_06_09.parquet,True
NEGG,2025-06-30,35.02,NEGG_2025-06-30_35.02,NEGG_quotes_2025_06_30.parquet,True
NEGG,2025-07-10,32.69,NEGG_2025-07-10_32.69,NEGG_quotes_2025_07_10.parquet,True
NEGG,2025-07-11,94.92,NEGG_2025-07-11_94.92,NEGG_quotes_2025_07_11.parquet,True
NEGG,2025-07-29,45.27,NEGG_2025-07-29_45.27,NEGG_quotes_2025_07_29.parquet,True
NEGG,2025-07-31,54.55,NEGG_2025-07-31_54.55,NEGG_quotes_2025_07_31.parquet,True
NEGG,2025-08-08,44.67,NEGG_2025-08-08_44.67,NEGG_quotes_2025_08_08.parquet,True
NEGG,2025-08-13,33.69,NEGG_2025-08-13_33.69,NEGG_quotes_2025_08_13.parquet,True
NEGG,2025-08-14,44.74,NEGG_2025-08-14_44.74,NEGG_quotes_2025_08_14.parquet,True
NEGG,2025-08-20,30.87,NEGG_2025-08-20_30.87,NEGG_quotes_2025_08_20.parquet,True
NEGG,2025-09-04,36.78,NEGG_2025-09-04_36.78,NEGG_quotes_2025_09_04.parquet,True
NEGG,2025-10-24,48.47,NEGG_2025-10-24_48.47,NEGG_quotes_2025_10_24.parquet,True
NEON,2025-06-13,80.18,NEON_2025-06-13_80.18,NEON_quotes_2025_06_13.parquet,True
NEON,2025-06-16,34.56,NEON_2025-06-16_34.56,NEON_quotes_2025_06_16.parquet,True
NEOVW,2025-01-30,49.19,NEOVW_2025-01-30_49.19,NEOVW_quotes_2025_01_30.parquet,True
NEOVW,2025-02-11,86.09,NEOVW_2025-02-11_86.09,NEOVW_quotes_2025_02_11.parquet,True
NEOVW,2025-04-10,60.00,NEOVW_2025-04-10_60.00,NEOVW_quotes_2025_04_10.parquet,True
NEOVW,2025-04-15,35.58,NEOVW_2025-04-15_35.58,NEOVW_quotes_2025_04_15.parquet,True
NEOVW,2025-05-27,51.58,NEOVW_2025-05-27_51.58,NEOVW_quotes_2025_05_27.parquet,True
NEOVW,2025-05-30,36.89,NEOVW_2025-05-30_36.89,NEOVW_quotes_2025_05_30.parquet,True
NEOVW,2025-08-15,50.45,NEOVW_2025-08-15_50.45,NEOVW_quotes_2025_08_15.parquet,True
NEOVW,2025-09-09,68.03,NEOVW_2025-09-09_68.03,NEOVW_quotes_2025_09_09.parquet,True
NEPH,2025-06-20,39.66,NEPH_2025-06-20_39.66,NEPH_quotes_2025_06_20.parquet,True
NEPH,2025-08-08,40.84,NEPH_2025-08-08_40.84,NEPH_quotes_2025_08_08.parquet,True
NERV,2025-08-15,33.70,NERV_2025-08-15_33.70,NERV_quotes_2025_08_15.parquet,True
NERV,2025-10-08,50.91,NERV_2025-10-08_50.91,NERV_quotes_2025_10_08.parquet,True
NERV,2025-10-21,368.42,NERV_2025-10-21_368.42,NERV_quotes_2025_10_21.parquet,True
NEUP,2025-01-24,259.60,NEUP_2025-01-24_259.60,NEUP_quotes_2025_01_24.parquet,True
NEUP,2025-08-27,39.54,NEUP_2025-08-27_39.54,NEUP_quotes_2025_08_27.parquet,True
NEUP,2025-10-03,34.29,NEUP_2025-10-03_34.29,NEUP_quotes_2025_10_03.parquet,True
NEUP,2025-10-24,108.40,NEUP_2025-10-24_108.40,NEUP_quotes_2025_10_24.parquet,True
NEXN,2025-03-05,30.05,NEXN_2025-03-05_30.05,NEXN_quotes_2025_03_05.parquet,True
NFE,2025-04-09,30.07,NFE_2025-04-09_30.07,NFE_quotes_2025_04_09.parquet,True
NFE,2025-06-30,40.40,NFE_2025-06-30_40.40,NFE_quotes_2025_06_30.parquet,True
NFE,2025-09-16,45.29,NFE_2025-09-16_45.29,NFE_quotes_2025_09_16.parquet,True
NFE,2025-09-17,42.50,NFE_2025-09-17_42.50,NFE_quotes_2025_09_17.parquet,True
NFE,2025-09-22,31.62,NFE_2025-09-22_31.62,NFE_quotes_2025_09_22.parquet,True
NGNE,2025-02-05,31.29,NGNE_2025-02-05_31.29,NGNE_quotes_2025_02_05.parquet,True
NGNE,2025-07-01,41.74,NGNE_2025-07-01_41.74,NGNE_quotes_2025_07_01.parquet,True
NGVC,2025-05-09,32.64,NGVC_2025-05-09_32.64,NGVC_quotes_2025_05_09.parquet,True
NINE,2025-01-21,49.15,NINE_2025-01-21_49.15,NINE_quotes_2025_01_21.parquet,True
NINE,2025-06-18,50.50,NINE_2025-06-18_50.50,NINE_quotes_2025_06_18.parquet,True
NINE,2025-06-23,50.49,NINE_2025-06-23_50.49,NINE_quotes_2025_06_23.parquet,True
NIOBW,2025-09-25,31.47,NIOBW_2025-09-25_31.47,NIOBW_quotes_2025_09_25.parquet,True
NIOBW,2025-10-03,45.90,NIOBW_2025-10-03_45.90,NIOBW_quotes_2025_10_03.parquet,True
NIOBW,2025-10-06,35.51,NIOBW_2025-10-06_35.51,NIOBW_quotes_2025_10_06.parquet,True
NIOBW,2025-10-13,34.06,NIOBW_2025-10-13_34.06,NIOBW_quotes_2025_10_13.parquet,True
NIOBW,2025-10-20,43.52,NIOBW_2025-10-20_43.52,NIOBW_quotes_2025_10_20.parquet,True
NIPG,2025-02-06,38.89,NIPG_2025-02-06_38.89,NIPG_quotes_2025_02_06.parquet,True
NIPG,2025-03-14,64.00,NIPG_2025-03-14_64.00,NIPG_quotes_2025_03_14.parquet,True
NIPG,2025-03-17,37.72,NIPG_2025-03-17_37.72,NIPG_quotes_2025_03_17.parquet,True
NIPG,2025-03-20,30.91,NIPG_2025-03-20_30.91,NIPG_quotes_2025_03_20.parquet,True
NITO,2025-01-03,226.17,NITO_2025-01-03_226.17,NITO_quotes_2025_01_03.parquet,True
NITO,2025-01-08,97.08,NITO_2025-01-08_97.08,NITO_quotes_2025_01_08.parquet,True
NITO,2025-01-23,90.06,NITO_2025-01-23_90.06,NITO_quotes_2025_01_23.parquet,True
NITO,2025-02-26,34.11,NITO_2025-02-26_34.11,NITO_quotes_2025_02_26.parquet,True
NITO,2025-03-07,30.00,NITO_2025-03-07_30.00,NITO_quotes_2025_03_07.parquet,True
NITO,2025-05-02,68.22,NITO_2025-05-02_68.22,NITO_quotes_2025_05_02.parquet,True
NITO,2025-05-05,196.82,NITO_2025-05-05_196.82,NITO_quotes_2025_05_05.parquet,True
NITO,2025-05-09,39.50,NITO_2025-05-09_39.50,NITO_quotes_2025_05_09.parquet,True
NITO,2025-07-24,32.79,NITO_2025-07-24_32.79,NITO_quotes_2025_07_24.parquet,True
NITO,2025-10-07,66.67,NITO_2025-10-07_66.67,NITO_quotes_2025_10_07.parquet,True
NIVF,2025-02-06,52.13,NIVF_2025-02-06_52.13,NIVF_quotes_2025_02_06.parquet,True
NIVF,2025-02-12,33.17,NIVF_2025-02-12_33.17,NIVF_quotes_2025_02_12.parquet,True
NIVF,2025-02-19,31.80,NIVF_2025-02-19_31.80,NIVF_quotes_2025_02_19.parquet,True
NIVF,2025-03-05,52.00,NIVF_2025-03-05_52.00,NIVF_quotes_2025_03_05.parquet,True
NIVF,2025-04-03,151.27,NIVF_2025-04-03_151.27,NIVF_quotes_2025_04_03.parquet,True
NIVF,2025-05-02,74.55,NIVF_2025-05-02_74.55,NIVF_quotes_2025_05_02.parquet,True
NIVF,2025-05-05,42.52,NIVF_2025-05-05_42.52,NIVF_quotes_2025_05_05.parquet,True
NIVF,2025-05-06,40.11,NIVF_2025-05-06_40.11,NIVF_quotes_2025_05_06.parquet,True
NIVF,2025-06-02,117.33,NIVF_2025-06-02_117.33,NIVF_quotes_2025_06_02.parquet,True
NIVF,2025-06-03,256.40,NIVF_2025-06-03_256.40,NIVF_quotes_2025_06_03.parquet,True
NIVF,2025-10-16,57.46,NIVF_2025-10-16_57.46,NIVF_quotes_2025_10_16.parquet,True
NIXX,2025-02-24,39.80,NIXX_2025-02-24_39.80,NIXX_quotes_2025_02_24.parquet,True
NIXX,2025-02-27,62.03,NIXX_2025-02-27_62.03,NIXX_quotes_2025_02_27.parquet,True
NKTR,2025-04-11,30.23,NKTR_2025-04-11_30.23,NKTR_quotes_2025_04_11.parquet,True
NKTR,2025-06-10,32.54,NKTR_2025-06-10_32.54,NKTR_quotes_2025_06_10.parquet,True
NKTR,2025-06-24,190.15,NKTR_2025-06-24_190.15,NKTR_quotes_2025_06_24.parquet,True
NKTR,2025-06-25,52.88,NKTR_2025-06-25_52.88,NKTR_quotes_2025_06_25.parquet,True
NKTX,2025-03-27,70.80,NKTX_2025-03-27_70.80,NKTX_quotes_2025_03_27.parquet,True
NMAX,2025-04-01,217.33,NMAX_2025-04-01_217.33,NMAX_quotes_2025_04_01.parquet,True
NMAX,2025-04-03,43.66,NMAX_2025-04-03_43.66,NMAX_quotes_2025_04_03.parquet,True
NMAX,2025-04-07,42.11,NMAX_2025-04-07_42.11,NMAX_quotes_2025_04_07.parquet,True
NMG,2025-10-13,72.16,NMG_2025-10-13_72.16,NMG_quotes_2025_10_13.parquet,True
NMRA,2025-06-09,31.37,NMRA_2025-06-09_31.37,NMRA_quotes_2025_06_09.parquet,True
NMRA,2025-07-09,30.86,NMRA_2025-07-09_30.86,NMRA_quotes_2025_07_09.parquet,True
NMRA,2025-07-11,33.02,NMRA_2025-07-11_33.02,NMRA_quotes_2025_07_11.parquet,True
NMRA,2025-10-23,49.12,NMRA_2025-10-23_49.12,NMRA_quotes_2025_10_23.parquet,True
NNAVW,2025-03-05,35.18,NNAVW_2025-03-05_35.18,NNAVW_quotes_2025_03_05.parquet,True
NNAVW,2025-03-13,38.23,NNAVW_2025-03-13_38.23,NNAVW_quotes_2025_03_13.parquet,True
NNAVW,2025-03-26,37.31,NNAVW_2025-03-26_37.31,NNAVW_quotes_2025_03_26.parquet,True
NNAVW,2025-03-28,48.09,NNAVW_2025-03-28_48.09,NNAVW_quotes_2025_03_28.parquet,True
NNBR,2025-01-14,94.58,NNBR_2025-01-14_94.58,NNBR_quotes_2025_01_14.parquet,True
NNE,2025-01-21,30.72,NNE_2025-01-21_30.72,NNE_quotes_2025_01_21.parquet,True
NNE,2025-05-23,35.04,NNE_2025-05-23_35.04,NNE_quotes_2025_05_23.parquet,True
NNNN,2025-06-20,60.03,NNNN_2025-06-20_60.03,NNNN_quotes_2025_06_20.parquet,True
NNNN,2025-06-25,49.09,NNNN_2025-06-25_49.09,NNNN_quotes_2025_06_25.parquet,True
NNNN,2025-10-03,102.09,NNNN_2025-10-03_102.09,NNNN_quotes_2025_10_03.parquet,True
NOTE,2025-02-10,31.64,NOTE_2025-02-10_31.64,NOTE_quotes_2025_02_10.parquet,True
NPACW,2025-06-20,31.58,NPACW_2025-06-20_31.58,NPACW_quotes_2025_06_20.parquet,True
NPT,2025-10-27,52.44,NPT_2025-10-27_52.44,NPT_quotes_2025_10_27.parquet,True
NPT,2025-10-29,37.40,NPT_2025-10-29_37.40,NPT_quotes_2025_10_29.parquet,True
NPWR,2025-05-29,44.00,NPWR_2025-05-29_44.00,NPWR_quotes_2025_05_29.parquet,True
NPWR,2025-06-06,39.07,NPWR_2025-06-06_39.07,NPWR_quotes_2025_06_06.parquet,True
NPWR,2025-10-08,39.03,NPWR_2025-10-08_39.03,NPWR_quotes_2025_10_08.parquet,True
NRDS,2025-05-07,34.75,NRDS_2025-05-07_34.75,NRDS_quotes_2025_05_07.parquet,True
NRGV,2025-05-12,50.41,NRGV_2025-05-12_50.41,NRGV_quotes_2025_05_12.parquet,True
NRGV,2025-07-24,37.82,NRGV_2025-07-24_37.82,NRGV_quotes_2025_07_24.parquet,True
NRGV,2025-08-07,44.44,NRGV_2025-08-07_44.44,NRGV_quotes_2025_08_07.parquet,True
NRSNW,2025-01-14,107.84,NRSNW_2025-01-14_107.84,NRSNW_quotes_2025_01_14.parquet,True
NRSNW,2025-07-31,31.58,NRSNW_2025-07-31_31.58,NRSNW_quotes_2025_07_31.parquet,True
NRSN,2025-09-10,69.23,NRSN_2025-09-10_69.23,NRSN_quotes_2025_09_10.parquet,True
NRXP,2025-01-06,41.26,NRXP_2025-01-06_41.26,NRXP_quotes_2025_01_06.parquet,True
NRXP,2025-01-07,38.18,NRXP_2025-01-07_38.18,NRXP_quotes_2025_01_07.parquet,True
NRXP,2025-01-10,30.85,NRXP_2025-01-10_30.85,NRXP_quotes_2025_01_10.parquet,True
NRXP,2025-01-28,34.39,NRXP_2025-01-28_34.39,NRXP_quotes_2025_01_28.parquet,True
NSYS,2025-05-07,34.96,NSYS_2025-05-07_34.96,NSYS_quotes_2025_05_07.parquet,True
NSYS,2025-06-23,32.00,NSYS_2025-06-23_32.00,NSYS_quotes_2025_06_23.parquet,True
NTCL,2025-01-08,38.42,NTCL_2025-01-08_38.42,NTCL_quotes_2025_01_08.parquet,True
NTCL,2025-01-28,36.38,NTCL_2025-01-28_36.38,NTCL_quotes_2025_01_28.parquet,True
NTCL,2025-03-07,31.00,NTCL_2025-03-07_31.00,NTCL_quotes_2025_03_07.parquet,True
NTCL,2025-04-04,68.57,NTCL_2025-04-04_68.57,NTCL_quotes_2025_04_04.parquet,True
NTCL,2025-05-06,290.29,NTCL_2025-05-06_290.29,NTCL_quotes_2025_05_06.parquet,True
NTCL,2025-05-07,56.97,NTCL_2025-05-07_56.97,NTCL_quotes_2025_05_07.parquet,True
NTCL,2025-05-29,32.00,NTCL_2025-05-29_32.00,NTCL_quotes_2025_05_29.parquet,True
NTCL,2025-06-10,47.14,NTCL_2025-06-10_47.14,NTCL_quotes_2025_06_10.parquet,True
NTCL,2025-06-20,46.26,NTCL_2025-06-20_46.26,NTCL_quotes_2025_06_20.parquet,True
NTCL,2025-07-21,30.00,NTCL_2025-07-21_30.00,NTCL_quotes_2025_07_21.parquet,True
NTCL,2025-07-29,30.91,NTCL_2025-07-29_30.91,NTCL_quotes_2025_07_29.parquet,True
NTCL,2025-08-11,31.50,NTCL_2025-08-11_31.50,NTCL_quotes_2025_08_11.parquet,True
NTHI,2025-03-28,75.00,NTHI_2025-03-28_75.00,NTHI_quotes_2025_03_28.parquet,True
NTHI,2025-04-03,49.14,NTHI_2025-04-03_49.14,NTHI_quotes_2025_04_03.parquet,True
NTHI,2025-04-04,61.80,NTHI_2025-04-04_61.80,NTHI_quotes_2025_04_04.parquet,True
NTHI,2025-05-08,45.19,NTHI_2025-05-08_45.19,NTHI_quotes_2025_05_08.parquet,True
NTHI,2025-07-02,69.55,NTHI_2025-07-02_69.55,NTHI_quotes_2025_07_02.parquet,True
NTLA,2025-09-18,31.99,NTLA_2025-09-18_31.99,NTLA_quotes_2025_09_18.parquet,True
NTRBW,2025-01-22,67.44,NTRBW_2025-01-22_67.44,NTRBW_quotes_2025_01_22.parquet,True
NTRBW,2025-01-23,180.75,NTRBW_2025-01-23_180.75,NTRBW_quotes_2025_01_23.parquet,True
NTRBW,2025-01-30,45.40,NTRBW_2025-01-30_45.40,NTRBW_quotes_2025_01_30.parquet,True
NTRBW,2025-01-31,43.18,NTRBW_2025-01-31_43.18,NTRBW_quotes_2025_01_31.parquet,True
NTRBW,2025-02-04,37.64,NTRBW_2025-02-04_37.64,NTRBW_quotes_2025_02_04.parquet,True
NTRBW,2025-02-07,42.94,NTRBW_2025-02-07_42.94,NTRBW_quotes_2025_02_07.parquet,True
NTRBW,2025-02-24,179.02,NTRBW_2025-02-24_179.02,NTRBW_quotes_2025_02_24.parquet,True
NTRBW,2025-02-25,37.93,NTRBW_2025-02-25_37.93,NTRBW_quotes_2025_02_25.parquet,True
NTRBW,2025-02-26,35.06,NTRBW_2025-02-26_35.06,NTRBW_quotes_2025_02_26.parquet,True
NTRBW,2025-02-27,30.43,NTRBW_2025-02-27_30.43,NTRBW_quotes_2025_02_27.parquet,True
NTRBW,2025-03-04,46.46,NTRBW_2025-03-04_46.46,NTRBW_quotes_2025_03_04.parquet,True
NTRBW,2025-03-05,48.70,NTRBW_2025-03-05_48.70,NTRBW_quotes_2025_03_05.parquet,True
NTRBW,2025-03-06,43.54,NTRBW_2025-03-06_43.54,NTRBW_quotes_2025_03_06.parquet,True
NTRBW,2025-03-07,32.76,NTRBW_2025-03-07_32.76,NTRBW_quotes_2025_03_07.parquet,True
NTRBW,2025-03-10,52.00,NTRBW_2025-03-10_52.00,NTRBW_quotes_2025_03_10.parquet,True
NTRBW,2025-03-17,73.06,NTRBW_2025-03-17_73.06,NTRBW_quotes_2025_03_17.parquet,True
NTRBW,2025-04-30,81.03,NTRBW_2025-04-30_81.03,NTRBW_quotes_2025_04_30.parquet,True
NTRBW,2025-06-02,102.80,NTRBW_2025-06-02_102.80,NTRBW_quotes_2025_06_02.parquet,True
NTRBW,2025-07-02,154.24,NTRBW_2025-07-02_154.24,NTRBW_quotes_2025_07_02.parquet,True
NTRBW,2025-09-11,34.00,NTRBW_2025-09-11_34.00,NTRBW_quotes_2025_09_11.parquet,True
NTRBW,2025-10-02,45.04,NTRBW_2025-10-02_45.04,NTRBW_quotes_2025_10_02.parquet,True
NTRBW,2025-10-17,35.29,NTRBW_2025-10-17_35.29,NTRBW_quotes_2025_10_17.parquet,True
NTRB,2025-01-22,57.01,NTRB_2025-01-22_57.01,NTRB_quotes_2025_01_22.parquet,True
NTRB,2025-01-23,60.49,NTRB_2025-01-23_60.49,NTRB_quotes_2025_01_23.parquet,True
NTRB,2025-02-07,32.83,NTRB_2025-02-07_32.83,NTRB_quotes_2025_02_07.parquet,True
NTRB,2025-04-30,42.78,NTRB_2025-04-30_42.78,NTRB_quotes_2025_04_30.parquet,True
NTRB,2025-06-02,31.54,NTRB_2025-06-02_31.54,NTRB_quotes_2025_06_02.parquet,True
NTRB,2025-07-02,45.61,NTRB_2025-07-02_45.61,NTRB_quotes_2025_07_02.parquet,True
NTRP,2025-02-12,30.30,NTRP_2025-02-12_30.30,NTRP_quotes_2025_02_12.parquet,True
NTRP,2025-05-02,85.80,NTRP_2025-05-02_85.80,NTRP_quotes_2025_05_02.parquet,True
NTRP,2025-10-24,41.14,NTRP_2025-10-24_41.14,NTRP_quotes_2025_10_24.parquet,True
NTZ,2025-08-04,34.35,NTZ_2025-08-04_34.35,NTZ_quotes_2025_08_04.parquet,True
NUAIW,2025-10-20,102.53,NUAIW_2025-10-20_102.53,NUAIW_quotes_2025_10_20.parquet,True
NUAIW,2025-10-27,37.12,NUAIW_2025-10-27_37.12,NUAIW_quotes_2025_10_27.parquet,True
NUAI,2025-09-23,89.39,NUAI_2025-09-23_89.39,NUAI_quotes_2025_09_23.parquet,True
NUAI,2025-09-25,56.35,NUAI_2025-09-25_56.35,NUAI_quotes_2025_09_25.parquet,True
NUAI,2025-09-26,84.78,NUAI_2025-09-26_84.78,NUAI_quotes_2025_09_26.parquet,True
NUAI,2025-09-29,44.29,NUAI_2025-09-29_44.29,NUAI_quotes_2025_09_29.parquet,True
NUAI,2025-10-09,106.49,NUAI_2025-10-09_106.49,NUAI_quotes_2025_10_09.parquet,True
NUAI,2025-10-14,48.09,NUAI_2025-10-14_48.09,NUAI_quotes_2025_10_14.parquet,True
NUAI,2025-10-15,40.07,NUAI_2025-10-15_40.07,NUAI_quotes_2025_10_15.parquet,True
NUAI,2025-10-17,49.52,NUAI_2025-10-17_49.52,NUAI_quotes_2025_10_17.parquet,True
NUAI,2025-10-20,36.48,NUAI_2025-10-20_36.48,NUAI_quotes_2025_10_20.parquet,True
NUAI,2025-10-24,56.96,NUAI_2025-10-24_56.96,NUAI_quotes_2025_10_24.parquet,True
NUKK,2025-01-06,46.22,NUKK_2025-01-06_46.22,NUKK_quotes_2025_01_06.parquet,True
NUKK,2025-01-15,43.16,NUKK_2025-01-15_43.16,NUKK_quotes_2025_01_15.parquet,True
NUKK,2025-01-17,94.11,NUKK_2025-01-17_94.11,NUKK_quotes_2025_01_17.parquet,True
NUKK,2025-02-26,34.89,NUKK_2025-02-26_34.89,NUKK_quotes_2025_02_26.parquet,True
NUKK,2025-05-21,35.10,NUKK_2025-05-21_35.10,NUKK_quotes_2025_05_21.parquet,True
NUKK,2025-06-13,42.57,NUKK_2025-06-13_42.57,NUKK_quotes_2025_06_13.parquet,True
NUKK,2025-08-26,125.71,NUKK_2025-08-26_125.71,NUKK_quotes_2025_08_26.parquet,True
NUKK,2025-08-29,58.54,NUKK_2025-08-29_58.54,NUKK_quotes_2025_08_29.parquet,True
NUKK,2025-09-02,47.64,NUKK_2025-09-02_47.64,NUKK_quotes_2025_09_02.parquet,True
NUKK,2025-10-13,31.85,NUKK_2025-10-13_31.85,NUKK_quotes_2025_10_13.parquet,True
NUS,2025-02-14,56.39,NUS_2025-02-14_56.39,NUS_quotes_2025_02_14.parquet,True
NUTX,2025-04-01,55.20,NUTX_2025-04-01_55.20,NUTX_quotes_2025_04_01.parquet,True
NUTX,2025-05-14,44.52,NUTX_2025-05-14_44.52,NUTX_quotes_2025_05_14.parquet,True
NUWE,2025-01-30,47.79,NUWE_2025-01-30_47.79,NUWE_quotes_2025_01_30.parquet,True
NUWE,2025-06-11,150.09,NUWE_2025-06-11_150.09,NUWE_quotes_2025_06_11.parquet,True
NUWE,2025-07-16,276.36,NUWE_2025-07-16_276.36,NUWE_quotes_2025_07_16.parquet,True
NUWE,2025-10-30,31.15,NUWE_2025-10-30_31.15,NUWE_quotes_2025_10_30.parquet,True
NVAWW,2025-01-03,40.52,NVAWW_2025-01-03_40.52,NVAWW_quotes_2025_01_03.parquet,True
NVAWW,2025-04-14,38.89,NVAWW_2025-04-14_38.89,NVAWW_quotes_2025_04_14.parquet,True
NVAWW,2025-05-08,32.88,NVAWW_2025-05-08_32.88,NVAWW_quotes_2025_05_08.parquet,True
NVAWW,2025-07-30,36.36,NVAWW_2025-07-30_36.36,NVAWW_quotes_2025_07_30.parquet,True
NVAWW,2025-08-15,42.59,NVAWW_2025-08-15_42.59,NVAWW_quotes_2025_08_15.parquet,True
NVAWW,2025-08-25,34.22,NVAWW_2025-08-25_34.22,NVAWW_quotes_2025_08_25.parquet,True
NVAWW,2025-09-09,69.62,NVAWW_2025-09-09_69.62,NVAWW_quotes_2025_09_09.parquet,True
NVAWW,2025-09-18,48.78,NVAWW_2025-09-18_48.78,NVAWW_quotes_2025_09_18.parquet,True
NVAWW,2025-09-29,33.55,NVAWW_2025-09-29_33.55,NVAWW_quotes_2025_09_29.parquet,True
NVAWW,2025-10-01,41.44,NVAWW_2025-10-01_41.44,NVAWW_quotes_2025_10_01.parquet,True
NVAWW,2025-10-06,43.75,NVAWW_2025-10-06_43.75,NVAWW_quotes_2025_10_06.parquet,True
NVAWW,2025-10-10,41.70,NVAWW_2025-10-10_41.70,NVAWW_quotes_2025_10_10.parquet,True
NVAWW,2025-10-13,45.15,NVAWW_2025-10-13_45.15,NVAWW_quotes_2025_10_13.parquet,True
NVAWW,2025-10-14,163.15,NVAWW_2025-10-14_163.15,NVAWW_quotes_2025_10_14.parquet,True
NVAWW,2025-10-16,39.61,NVAWW_2025-10-16_39.61,NVAWW_quotes_2025_10_16.parquet,True
NVAWW,2025-10-23,45.00,NVAWW_2025-10-23_45.00,NVAWW_quotes_2025_10_23.parquet,True
NVAWW,2025-10-31,64.08,NVAWW_2025-10-31_64.08,NVAWW_quotes_2025_10_31.parquet,True
NVAX,2025-05-19,30.46,NVAX_2025-05-19_30.46,NVAX_quotes_2025_05_19.parquet,True
NVA,2025-10-13,36.01,NVA_2025-10-13_36.01,NVA_quotes_2025_10_13.parquet,True
NVA,2025-10-14,138.29,NVA_2025-10-14_138.29,NVA_quotes_2025_10_14.parquet,True
NVA,2025-10-16,39.07,NVA_2025-10-16_39.07,NVA_quotes_2025_10_16.parquet,True
NVDG,2025-04-09,37.64,NVDG_2025-04-09_37.64,NVDG_quotes_2025_04_09.parquet,True
NVDL,2025-04-09,37.76,NVDL_2025-04-09_37.76,NVDL_quotes_2025_04_09.parquet,True
NVDU,2025-04-09,38.24,NVDU_2025-04-09_38.24,NVDU_quotes_2025_04_09.parquet,True
NVD,2025-01-27,36.29,NVD_2025-01-27_36.29,NVD_quotes_2025_01_27.parquet,True
NVNI,2025-01-24,293.96,NVNI_2025-01-24_293.96,NVNI_quotes_2025_01_24.parquet,True
NVNI,2025-01-27,55.91,NVNI_2025-01-27_55.91,NVNI_quotes_2025_01_27.parquet,True
NVNI,2025-01-28,38.57,NVNI_2025-01-28_38.57,NVNI_quotes_2025_01_28.parquet,True
NVNI,2025-01-29,42.72,NVNI_2025-01-29_42.72,NVNI_quotes_2025_01_29.parquet,True
NVNI,2025-02-24,61.35,NVNI_2025-02-24_61.35,NVNI_quotes_2025_02_24.parquet,True
NVNI,2025-03-07,41.46,NVNI_2025-03-07_41.46,NVNI_quotes_2025_03_07.parquet,True
NVNI,2025-03-14,33.58,NVNI_2025-03-14_33.58,NVNI_quotes_2025_03_14.parquet,True
NVNI,2025-03-26,43.25,NVNI_2025-03-26_43.25,NVNI_quotes_2025_03_26.parquet,True
NVNI,2025-03-27,40.29,NVNI_2025-03-27_40.29,NVNI_quotes_2025_03_27.parquet,True
NVNI,2025-04-29,52.55,NVNI_2025-04-29_52.55,NVNI_quotes_2025_04_29.parquet,True
NVNI,2025-04-30,122.54,NVNI_2025-04-30_122.54,NVNI_quotes_2025_04_30.parquet,True
NVNI,2025-05-01,69.44,NVNI_2025-05-01_69.44,NVNI_quotes_2025_05_01.parquet,True
NVNI,2025-05-05,63.51,NVNI_2025-05-05_63.51,NVNI_quotes_2025_05_05.parquet,True
NVNI,2025-05-09,38.80,NVNI_2025-05-09_38.80,NVNI_quotes_2025_05_09.parquet,True
NVNI,2025-07-28,66.55,NVNI_2025-07-28_66.55,NVNI_quotes_2025_07_28.parquet,True
NVNI,2025-07-31,52.64,NVNI_2025-07-31_52.64,NVNI_quotes_2025_07_31.parquet,True
NVNI,2025-09-17,30.30,NVNI_2025-09-17_30.30,NVNI_quotes_2025_09_17.parquet,True
NVNI,2025-09-18,41.60,NVNI_2025-09-18_41.60,NVNI_quotes_2025_09_18.parquet,True
NVNI,2025-09-22,65.56,NVNI_2025-09-22_65.56,NVNI_quotes_2025_09_22.parquet,True
NVNI,2025-10-14,30.60,NVNI_2025-10-14_30.60,NVNI_quotes_2025_10_14.parquet,True
NVNO,2025-06-06,32.18,NVNO_2025-06-06_32.18,NVNO_quotes_2025_06_06.parquet,True
NVNO,2025-07-17,31.62,NVNO_2025-07-17_31.62,NVNO_quotes_2025_07_17.parquet,True
NVTS,2025-05-22,174.87,NVTS_2025-05-22_174.87,NVTS_quotes_2025_05_22.parquet,True
NVTS,2025-05-27,70.73,NVTS_2025-05-27_70.73,NVTS_quotes_2025_05_27.parquet,True
NVTS,2025-07-21,39.62,NVTS_2025-07-21_39.62,NVTS_quotes_2025_07_21.parquet,True
NVTS,2025-10-14,33.70,NVTS_2025-10-14_33.70,NVTS_quotes_2025_10_14.parquet,True
NVVE,2025-01-28,59.05,NVVE_2025-01-28_59.05,NVVE_quotes_2025_01_28.parquet,True
NVVE,2025-02-04,80.15,NVVE_2025-02-04_80.15,NVVE_quotes_2025_02_04.parquet,True
NVVE,2025-02-28,109.16,NVVE_2025-02-28_109.16,NVVE_quotes_2025_02_28.parquet,True
NVVE,2025-05-08,49.99,NVVE_2025-05-08_49.99,NVVE_quotes_2025_05_08.parquet,True
NVVE,2025-05-09,211.40,NVVE_2025-05-09_211.40,NVVE_quotes_2025_05_09.parquet,True
NVVE,2025-05-29,34.29,NVVE_2025-05-29_34.29,NVVE_quotes_2025_05_29.parquet,True
NVVE,2025-06-02,47.54,NVVE_2025-06-02_47.54,NVVE_quotes_2025_06_02.parquet,True
NVX,2025-07-15,31.08,NVX_2025-07-15_31.08,NVX_quotes_2025_07_15.parquet,True
NVX,2025-07-17,32.81,NVX_2025-07-17_32.81,NVX_quotes_2025_07_17.parquet,True
NVX,2025-07-21,30.76,NVX_2025-07-21_30.76,NVX_quotes_2025_07_21.parquet,True
NVX,2025-10-03,40.63,NVX_2025-10-03_40.63,NVX_quotes_2025_10_03.parquet,True
NVX,2025-10-09,31.76,NVX_2025-10-09_31.76,NVX_quotes_2025_10_09.parquet,True
NVX,2025-10-10,78.29,NVX_2025-10-10_78.29,NVX_quotes_2025_10_10.parquet,True
NWGL,2025-06-17,71.52,NWGL_2025-06-17_71.52,NWGL_quotes_2025_06_17.parquet,True
NWGL,2025-06-18,184.91,NWGL_2025-06-18_184.91,NWGL_quotes_2025_06_18.parquet,True
NWGL,2025-09-03,45.63,NWGL_2025-09-03_45.63,NWGL_quotes_2025_09_03.parquet,True
NWTG,2025-03-31,69.80,NWTG_2025-03-31_69.80,NWTG_quotes_2025_03_31.parquet,True
NWTG,2025-04-04,34.46,NWTG_2025-04-04_34.46,NWTG_quotes_2025_04_04.parquet,True
NWTG,2025-04-07,88.17,NWTG_2025-04-07_88.17,NWTG_quotes_2025_04_07.parquet,True
NXGLW,2025-02-13,141.82,NXGLW_2025-02-13_141.82,NXGLW_quotes_2025_02_13.parquet,True
NXL,2025-08-22,68.49,NXL_2025-08-22_68.49,NXL_quotes_2025_08_22.parquet,True
NXL,2025-10-08,113.17,NXL_2025-10-08_113.17,NXL_quotes_2025_10_08.parquet,True
NXPL,2025-01-06,114.95,NXPL_2025-01-06_114.95,NXPL_quotes_2025_01_06.parquet,True
NXPL,2025-10-15,36.97,NXPL_2025-10-15_36.97,NXPL_quotes_2025_10_15.parquet,True
NXPL,2025-10-30,31.84,NXPL_2025-10-30_31.84,NXPL_quotes_2025_10_30.parquet,True
NXTC,2025-04-15,41.03,NXTC_2025-04-15_41.03,NXTC_quotes_2025_04_15.parquet,True
NXTC,2025-10-17,51.38,NXTC_2025-10-17_51.38,NXTC_quotes_2025_10_17.parquet,True
NXTT,2025-01-23,33.69,NXTT_2025-01-23_33.69,NXTT_quotes_2025_01_23.parquet,True
NXTT,2025-02-20,32.08,NXTT_2025-02-20_32.08,NXTT_quotes_2025_02_20.parquet,True
NXTT,2025-02-26,33.33,NXTT_2025-02-26_33.33,NXTT_quotes_2025_02_26.parquet,True
NXTT,2025-02-27,34.35,NXTT_2025-02-27_34.35,NXTT_quotes_2025_02_27.parquet,True
NXTT,2025-05-09,812.90,NXTT_2025-05-09_812.90,NXTT_quotes_2025_05_09.parquet,True
NXTT,2025-05-12,103.39,NXTT_2025-05-12_103.39,NXTT_quotes_2025_05_12.parquet,True
NXTT,2025-05-15,52.15,NXTT_2025-05-15_52.15,NXTT_quotes_2025_05_15.parquet,True
NXTT,2025-05-22,45.92,NXTT_2025-05-22_45.92,NXTT_quotes_2025_05_22.parquet,True
NXTT,2025-06-20,177.41,NXTT_2025-06-20_177.41,NXTT_quotes_2025_06_20.parquet,True
NXTT,2025-08-29,92.97,NXTT_2025-08-29_92.97,NXTT_quotes_2025_08_29.parquet,True
NXTT,2025-09-08,49.32,NXTT_2025-09-08_49.32,NXTT_quotes_2025_09_08.parquet,True
NXTT,2025-09-11,105.56,NXTT_2025-09-11_105.56,NXTT_quotes_2025_09_11.parquet,True
NXXT,2025-03-05,30.21,NXXT_2025-03-05_30.21,NXXT_quotes_2025_03_05.parquet,True
NXXT,2025-09-23,41.42,NXXT_2025-09-23_41.42,NXXT_quotes_2025_09_23.parquet,True
NXXT,2025-10-07,39.13,NXXT_2025-10-07_39.13,NXXT_quotes_2025_10_07.parquet,True
OACCW,2025-01-03,38.83,OACCW_2025-01-03_38.83,OACCW_quotes_2025_01_03.parquet,True
OACCW,2025-02-25,57.93,OACCW_2025-02-25_57.93,OACCW_quotes_2025_02_25.parquet,True
OACCW,2025-03-17,91.43,OACCW_2025-03-17_91.43,OACCW_quotes_2025_03_17.parquet,True
OBLG,2025-04-22,105.61,OBLG_2025-04-22_105.61,OBLG_quotes_2025_04_22.parquet,True
OBLG,2025-06-09,45.16,OBLG_2025-06-09_45.16,OBLG_quotes_2025_06_09.parquet,True
OCC,2025-07-08,45.86,OCC_2025-07-08_45.86,OCC_quotes_2025_07_08.parquet,True
OCC,2025-07-14,44.01,OCC_2025-07-14_44.01,OCC_quotes_2025_07_14.parquet,True
OCC,2025-09-11,41.56,OCC_2025-09-11_41.56,OCC_quotes_2025_09_11.parquet,True
OCG,2025-03-27,40.93,OCG_2025-03-27_40.93,OCG_quotes_2025_03_27.parquet,True
OCG,2025-03-28,45.74,OCG_2025-03-28_45.74,OCG_quotes_2025_03_28.parquet,True
OCG,2025-05-07,50.00,OCG_2025-05-07_50.00,OCG_quotes_2025_05_07.parquet,True
OCG,2025-08-26,50.52,OCG_2025-08-26_50.52,OCG_quotes_2025_08_26.parquet,True
OCSAW,2025-01-10,41.58,OCSAW_2025-01-10_41.58,OCSAW_quotes_2025_01_10.parquet,True
ODD,2025-04-30,31.71,ODD_2025-04-30_31.71,ODD_quotes_2025_04_30.parquet,True
ODP,2025-05-07,34.19,ODP_2025-05-07_34.19,ODP_quotes_2025_05_07.parquet,True
ODP,2025-09-22,33.81,ODP_2025-09-22_33.81,ODP_quotes_2025_09_22.parquet,True
ODYS,2025-06-27,41.05,ODYS_2025-06-27_41.05,ODYS_quotes_2025_06_27.parquet,True
OESX,2025-08-06,36.82,OESX_2025-08-06_36.82,OESX_quotes_2025_08_06.parquet,True
OFAL,2025-05-27,54.28,OFAL_2025-05-27_54.28,OFAL_quotes_2025_05_27.parquet,True
OFAL,2025-07-11,35.96,OFAL_2025-07-11_35.96,OFAL_quotes_2025_07_11.parquet,True
OFAL,2025-07-23,39.88,OFAL_2025-07-23_39.88,OFAL_quotes_2025_07_23.parquet,True
OFAL,2025-09-10,40.00,OFAL_2025-09-10_40.00,OFAL_quotes_2025_09_10.parquet,True
OKLL,2025-07-24,30.39,OKLL_2025-07-24_30.39,OKLL_quotes_2025_07_24.parquet,True
OKLL,2025-09-15,31.93,OKLL_2025-09-15_31.93,OKLL_quotes_2025_09_15.parquet,True
OKLL,2025-09-18,32.54,OKLL_2025-09-18_32.54,OKLL_quotes_2025_09_18.parquet,True
OKLL,2025-09-19,59.98,OKLL_2025-09-19_59.98,OKLL_quotes_2025_09_19.parquet,True
OKLL,2025-10-06,31.05,OKLL_2025-10-06_31.05,OKLL_quotes_2025_10_06.parquet,True
OKLL,2025-10-10,33.22,OKLL_2025-10-10_33.22,OKLL_quotes_2025_10_10.parquet,True
OKLL,2025-10-13,38.66,OKLL_2025-10-13_38.66,OKLL_quotes_2025_10_13.parquet,True
OKLO,2025-05-23,31.34,OKLO_2025-05-23_31.34,OKLO_quotes_2025_05_23.parquet,True
OKLO,2025-06-11,31.16,OKLO_2025-06-11_31.16,OKLO_quotes_2025_06_11.parquet,True
OKLO,2025-09-19,30.07,OKLO_2025-09-19_30.07,OKLO_quotes_2025_09_19.parquet,True
OKYO,2025-01-29,42.86,OKYO_2025-01-29_42.86,OKYO_quotes_2025_01_29.parquet,True
OLB,2025-04-25,47.70,OLB_2025-04-25_47.70,OLB_quotes_2025_04_25.parquet,True
OLMA,2025-09-05,32.91,OLMA_2025-09-05_32.91,OLMA_quotes_2025_09_05.parquet,True
OMER,2025-10-15,195.12,OMER_2025-10-15_195.12,OMER_quotes_2025_10_15.parquet,True
OMEX,2025-04-24,165.32,OMEX_2025-04-24_165.32,OMEX_quotes_2025_04_24.parquet,True
OMEX,2025-04-25,111.24,OMEX_2025-04-25_111.24,OMEX_quotes_2025_04_25.parquet,True
OMEX,2025-04-28,38.41,OMEX_2025-04-28_38.41,OMEX_quotes_2025_04_28.parquet,True
OMEX,2025-10-06,40.29,OMEX_2025-10-06_40.29,OMEX_quotes_2025_10_06.parquet,True
OMH,2025-04-17,74.47,OMH_2025-04-17_74.47,OMH_quotes_2025_04_17.parquet,True
OMH,2025-04-29,96.06,OMH_2025-04-29_96.06,OMH_quotes_2025_04_29.parquet,True
OMH,2025-04-30,42.90,OMH_2025-04-30_42.90,OMH_quotes_2025_04_30.parquet,True
OMH,2025-05-19,55.09,OMH_2025-05-19_55.09,OMH_quotes_2025_05_19.parquet,True
OMH,2025-06-09,438.53,OMH_2025-06-09_438.53,OMH_quotes_2025_06_09.parquet,True
OMH,2025-09-10,44.14,OMH_2025-09-10_44.14,OMH_quotes_2025_09_10.parquet,True
OMI,2025-02-28,42.67,OMI_2025-02-28_42.67,OMI_quotes_2025_02_28.parquet,True
OMSE,2025-10-06,32.02,OMSE_2025-10-06_32.02,OMSE_quotes_2025_10_06.parquet,True
OMSE,2025-10-21,48.87,OMSE_2025-10-21_48.87,OMSE_quotes_2025_10_21.parquet,True
OM,2025-03-20,40.33,OM_2025-03-20_40.33,OM_quotes_2025_03_20.parquet,True
OM,2025-05-08,39.69,OM_2025-05-08_39.69,OM_quotes_2025_05_08.parquet,True
OM,2025-08-07,30.60,OM_2025-08-07_30.60,OM_quotes_2025_08_07.parquet,True
ONCHW,2025-09-17,42.11,ONCHW_2025-09-17_42.11,ONCHW_quotes_2025_09_17.parquet,True
ONCHW,2025-09-22,46.67,ONCHW_2025-09-22_46.67,ONCHW_quotes_2025_09_22.parquet,True
ONCO,2025-01-03,42.84,ONCO_2025-01-03_42.84,ONCO_quotes_2025_01_03.parquet,True
ONCO,2025-01-13,49.02,ONCO_2025-01-13_49.02,ONCO_quotes_2025_01_13.parquet,True
ONCO,2025-01-27,116.67,ONCO_2025-01-27_116.67,ONCO_quotes_2025_01_27.parquet,True
ONCO,2025-03-27,41.13,ONCO_2025-03-27_41.13,ONCO_quotes_2025_03_27.parquet,True
ONCO,2025-04-08,47.36,ONCO_2025-04-08_47.36,ONCO_quotes_2025_04_08.parquet,True
ONCO,2025-05-14,130.00,ONCO_2025-05-14_130.00,ONCO_quotes_2025_05_14.parquet,True
ONCO,2025-05-16,68.90,ONCO_2025-05-16_68.90,ONCO_quotes_2025_05_16.parquet,True
ONCO,2025-07-31,42.99,ONCO_2025-07-31_42.99,ONCO_quotes_2025_07_31.parquet,True
ONDS,2025-03-11,62.31,ONDS_2025-03-11_62.31,ONDS_quotes_2025_03_11.parquet,True
ONEG,2025-03-03,31.03,ONEG_2025-03-03_31.03,ONEG_quotes_2025_03_03.parquet,True
ONEG,2025-05-06,43.29,ONEG_2025-05-06_43.29,ONEG_quotes_2025_05_06.parquet,True
ONEG,2025-05-07,56.43,ONEG_2025-05-07_56.43,ONEG_quotes_2025_05_07.parquet,True
ONEG,2025-06-18,35.17,ONEG_2025-06-18_35.17,ONEG_quotes_2025_06_18.parquet,True
ONEG,2025-06-30,118.18,ONEG_2025-06-30_118.18,ONEG_quotes_2025_06_30.parquet,True
ONEG,2025-08-11,51.16,ONEG_2025-08-11_51.16,ONEG_quotes_2025_08_11.parquet,True
ONEW,2025-01-30,31.27,ONEW_2025-01-30_31.27,ONEW_quotes_2025_01_30.parquet,True
ONFO,2025-04-02,50.00,ONFO_2025-04-02_50.00,ONFO_quotes_2025_04_02.parquet,True
ONFO,2025-06-24,48.00,ONFO_2025-06-24_48.00,ONFO_quotes_2025_06_24.parquet,True
ONFO,2025-09-15,72.57,ONFO_2025-09-15_72.57,ONFO_quotes_2025_09_15.parquet,True
ONMD,2025-08-14,149.98,ONMD_2025-08-14_149.98,ONMD_quotes_2025_08_14.parquet,True
ONMD,2025-10-06,256.31,ONMD_2025-10-06_256.31,ONMD_quotes_2025_10_06.parquet,True
ONMD,2025-10-10,58.05,ONMD_2025-10-10_58.05,ONMD_quotes_2025_10_10.parquet,True
OPAD,2025-07-16,39.74,OPAD_2025-07-16_39.74,OPAD_quotes_2025_07_16.parquet,True
OPAD,2025-07-17,69.83,OPAD_2025-07-17_69.83,OPAD_quotes_2025_07_17.parquet,True
OPAD,2025-07-21,131.31,OPAD_2025-07-21_131.31,OPAD_quotes_2025_07_21.parquet,True
OPAD,2025-08-25,220.13,OPAD_2025-08-25_220.13,OPAD_quotes_2025_08_25.parquet,True
OPAD,2025-08-28,88.99,OPAD_2025-08-28_88.99,OPAD_quotes_2025_08_28.parquet,True
OPAD,2025-09-11,41.30,OPAD_2025-09-11_41.30,OPAD_quotes_2025_09_11.parquet,True
OPAL,2025-05-28,30.35,OPAL_2025-05-28_30.35,OPAL_quotes_2025_05_28.parquet,True
OPEN,2025-07-16,43.26,OPEN_2025-07-16_43.26,OPEN_quotes_2025_07_16.parquet,True
OPEN,2025-07-17,35.57,OPEN_2025-07-17_35.57,OPEN_quotes_2025_07_17.parquet,True
OPEN,2025-07-18,40.00,OPEN_2025-07-18_40.00,OPEN_quotes_2025_07_18.parquet,True
OPEN,2025-07-21,120.89,OPEN_2025-07-21_120.89,OPEN_quotes_2025_07_21.parquet,True
OPEN,2025-08-22,41.11,OPEN_2025-08-22_41.11,OPEN_quotes_2025_08_22.parquet,True
OPEN,2025-09-11,82.59,OPEN_2025-09-11_82.59,OPEN_quotes_2025_09_11.parquet,True
OPRT,2025-02-13,31.13,OPRT_2025-02-13_31.13,OPRT_quotes_2025_02_13.parquet,True
OPRX,2025-03-12,62.80,OPRX_2025-03-12_62.80,OPRX_quotes_2025_03_12.parquet,True
OPRX,2025-05-13,38.86,OPRX_2025-05-13_38.86,OPRX_quotes_2025_05_13.parquet,True
OPRX,2025-08-08,41.90,OPRX_2025-08-08_41.90,OPRX_quotes_2025_08_08.parquet,True
OPTX,2025-03-04,31.53,OPTX_2025-03-04_31.53,OPTX_quotes_2025_03_04.parquet,True
OPTX,2025-04-15,41.82,OPTX_2025-04-15_41.82,OPTX_quotes_2025_04_15.parquet,True
OPTX,2025-04-22,38.71,OPTX_2025-04-22_38.71,OPTX_quotes_2025_04_22.parquet,True
ORBS,2025-09-12,33.03,ORBS_2025-09-12_33.03,ORBS_quotes_2025_09_12.parquet,True
ORBS,2025-09-18,46.96,ORBS_2025-09-18_46.96,ORBS_quotes_2025_09_18.parquet,True
ORBS,2025-10-06,36.77,ORBS_2025-10-06_36.77,ORBS_quotes_2025_10_06.parquet,True
ORBS,2025-10-10,30.45,ORBS_2025-10-10_30.45,ORBS_quotes_2025_10_10.parquet,True
ORCL,2025-09-10,43.15,ORCL_2025-09-10_43.15,ORCL_quotes_2025_09_10.parquet,True
ORCX,2025-09-10,85.50,ORCX_2025-09-10_85.50,ORCX_quotes_2025_09_10.parquet,True
ORGN,2025-02-20,34.31,ORGN_2025-02-20_34.31,ORGN_quotes_2025_02_20.parquet,True
ORGO,2025-02-28,108.47,ORGO_2025-02-28_108.47,ORGO_quotes_2025_02_28.parquet,True
ORIC,2025-05-29,41.36,ORIC_2025-05-29_41.36,ORIC_quotes_2025_05_29.parquet,True
ORIS,2025-01-14,36.11,ORIS_2025-01-14_36.11,ORIS_quotes_2025_01_14.parquet,True
ORIS,2025-02-24,103.57,ORIS_2025-02-24_103.57,ORIS_quotes_2025_02_24.parquet,True
ORIS,2025-05-13,38.25,ORIS_2025-05-13_38.25,ORIS_quotes_2025_05_13.parquet,True
ORKA,2025-09-29,31.58,ORKA_2025-09-29_31.58,ORKA_quotes_2025_09_29.parquet,True
ORKT,2025-01-27,102.90,ORKT_2025-01-27_102.90,ORKT_quotes_2025_01_27.parquet,True
ORKT,2025-01-28,33.33,ORKT_2025-01-28_33.33,ORKT_quotes_2025_01_28.parquet,True
ORKT,2025-01-31,38.62,ORKT_2025-01-31_38.62,ORKT_quotes_2025_01_31.parquet,True
ORKT,2025-05-08,30.39,ORKT_2025-05-08_30.39,ORKT_quotes_2025_05_08.parquet,True
ORMP,2025-02-11,42.40,ORMP_2025-02-11_42.40,ORMP_quotes_2025_02_11.parquet,True
OSCR,2025-05-07,33.13,OSCR_2025-05-07_33.13,OSCR_quotes_2025_05_07.parquet,True
OSRH,2025-02-19,221.54,OSRH_2025-02-19_221.54,OSRH_quotes_2025_02_19.parquet,True
OSRH,2025-02-21,101.45,OSRH_2025-02-21_101.45,OSRH_quotes_2025_02_21.parquet,True
OSRH,2025-03-18,42.80,OSRH_2025-03-18_42.80,OSRH_quotes_2025_03_18.parquet,True
OSRH,2025-03-26,170.62,OSRH_2025-03-26_170.62,OSRH_quotes_2025_03_26.parquet,True
OSRH,2025-04-03,124.49,OSRH_2025-04-03_124.49,OSRH_quotes_2025_04_03.parquet,True
OSRH,2025-05-30,31.97,OSRH_2025-05-30_31.97,OSRH_quotes_2025_05_30.parquet,True
OSRH,2025-08-25,140.78,OSRH_2025-08-25_140.78,OSRH_quotes_2025_08_25.parquet,True
OST,2025-01-13,92.17,OST_2025-01-13_92.17,OST_quotes_2025_01_13.parquet,True
OST,2025-01-14,34.70,OST_2025-01-14_34.70,OST_quotes_2025_01_14.parquet,True
OST,2025-01-23,38.96,OST_2025-01-23_38.96,OST_quotes_2025_01_23.parquet,True
OST,2025-01-24,34.30,OST_2025-01-24_34.30,OST_quotes_2025_01_24.parquet,True
OST,2025-03-20,30.56,OST_2025-03-20_30.56,OST_quotes_2025_03_20.parquet,True
OST,2025-04-15,424.21,OST_2025-04-15_424.21,OST_quotes_2025_04_15.parquet,True
OST,2025-04-17,54.30,OST_2025-04-17_54.30,OST_quotes_2025_04_17.parquet,True
OST,2025-04-24,47.85,OST_2025-04-24_47.85,OST_quotes_2025_04_24.parquet,True
OST,2025-07-03,69.77,OST_2025-07-03_69.77,OST_quotes_2025_07_03.parquet,True
OTLY,2025-02-13,40.26,OTLY_2025-02-13_40.26,OTLY_quotes_2025_02_13.parquet,True
OUST,2025-03-21,32.58,OUST_2025-03-21_32.58,OUST_quotes_2025_03_21.parquet,True
OUST,2025-06-11,30.38,OUST_2025-06-11_30.38,OUST_quotes_2025_06_11.parquet,True
OUST,2025-08-08,42.64,OUST_2025-08-08_42.64,OUST_quotes_2025_08_08.parquet,True
OWLT,2025-08-08,31.88,OWLT_2025-08-08_31.88,OWLT_quotes_2025_08_08.parquet,True
OXBR,2025-05-06,39.19,OXBR_2025-05-06_39.19,OXBR_quotes_2025_05_06.parquet,True
OXBR,2025-05-09,38.89,OXBR_2025-05-09_38.89,OXBR_quotes_2025_05_09.parquet,True
OXBR,2025-05-12,30.66,OXBR_2025-05-12_30.66,OXBR_quotes_2025_05_12.parquet,True
OXBR,2025-07-02,33.71,OXBR_2025-07-02_33.71,OXBR_quotes_2025_07_02.parquet,True
PACB,2025-02-14,39.19,PACB_2025-02-14_39.19,PACB_quotes_2025_02_14.parquet,True
PACK,2025-01-29,50.19,PACK_2025-01-29_50.19,PACK_quotes_2025_01_29.parquet,True
PACK,2025-08-26,30.64,PACK_2025-08-26_30.64,PACK_quotes_2025_08_26.parquet,True
PACS,2025-09-11,31.86,PACS_2025-09-11_31.86,PACS_quotes_2025_09_11.parquet,True
PALI,2025-05-13,36.54,PALI_2025-05-13_36.54,PALI_quotes_2025_05_13.parquet,True
PALI,2025-07-23,58.14,PALI_2025-07-23_58.14,PALI_quotes_2025_07_23.parquet,True
PALI,2025-08-07,90.00,PALI_2025-08-07_90.00,PALI_quotes_2025_08_07.parquet,True
PALI,2025-10-01,110.54,PALI_2025-10-01_110.54,PALI_quotes_2025_10_01.parquet,True
PALI,2025-10-02,35.88,PALI_2025-10-02_35.88,PALI_quotes_2025_10_02.parquet,True
PALI,2025-10-06,42.50,PALI_2025-10-06_42.50,PALI_quotes_2025_10_06.parquet,True
PAL,2025-02-10,34.52,PAL_2025-02-10_34.52,PAL_quotes_2025_02_10.parquet,True
PAL,2025-05-02,31.91,PAL_2025-05-02_31.91,PAL_quotes_2025_05_02.parquet,True
PAM,2025-10-27,39.80,PAM_2025-10-27_39.80,PAM_quotes_2025_10_27.parquet,True
PASG,2025-05-29,30.63,PASG_2025-05-29_30.63,PASG_quotes_2025_05_29.parquet,True
PASG,2025-07-25,34.37,PASG_2025-07-25_34.37,PASG_quotes_2025_07_25.parquet,True
PAVS,2025-07-31,33.33,PAVS_2025-07-31_33.33,PAVS_quotes_2025_07_31.parquet,True
PAVS,2025-09-04,37.27,PAVS_2025-09-04_37.27,PAVS_quotes_2025_09_04.parquet,True
PBM,2025-01-13,32.35,PBM_2025-01-13_32.35,PBM_quotes_2025_01_13.parquet,True
PBM,2025-01-23,30.54,PBM_2025-01-23_30.54,PBM_quotes_2025_01_23.parquet,True
PBM,2025-01-29,38.06,PBM_2025-01-29_38.06,PBM_quotes_2025_01_29.parquet,True
PBM,2025-05-05,40.21,PBM_2025-05-05_40.21,PBM_quotes_2025_05_05.parquet,True
PBM,2025-05-19,47.88,PBM_2025-05-19_47.88,PBM_quotes_2025_05_19.parquet,True
PBM,2025-05-30,33.52,PBM_2025-05-30_33.52,PBM_quotes_2025_05_30.parquet,True
PBM,2025-07-22,52.96,PBM_2025-07-22_52.96,PBM_quotes_2025_07_22.parquet,True
PBM,2025-07-24,33.78,PBM_2025-07-24_33.78,PBM_quotes_2025_07_24.parquet,True
PBM,2025-07-31,75.93,PBM_2025-07-31_75.93,PBM_quotes_2025_07_31.parquet,True
PBM,2025-08-04,145.76,PBM_2025-08-04_145.76,PBM_quotes_2025_08_04.parquet,True
PBM,2025-09-18,48.92,PBM_2025-09-18_48.92,PBM_quotes_2025_09_18.parquet,True
PBYI,2025-08-11,37.13,PBYI_2025-08-11_37.13,PBYI_quotes_2025_08_11.parquet,True
PCLA,2025-01-23,48.94,PCLA_2025-01-23_48.94,PCLA_quotes_2025_01_23.parquet,True
PCLA,2025-01-24,79.55,PCLA_2025-01-24_79.55,PCLA_quotes_2025_01_24.parquet,True
PCLA,2025-01-27,39.78,PCLA_2025-01-27_39.78,PCLA_quotes_2025_01_27.parquet,True
PCLA,2025-02-26,37.54,PCLA_2025-02-26_37.54,PCLA_quotes_2025_02_26.parquet,True
PCLA,2025-06-03,46.33,PCLA_2025-06-03_46.33,PCLA_quotes_2025_06_03.parquet,True
PCLA,2025-07-10,30.65,PCLA_2025-07-10_30.65,PCLA_quotes_2025_07_10.parquet,True
PCTTU,2025-06-17,42.38,PCTTU_2025-06-17_42.38,PCTTU_quotes_2025_06_17.parquet,True
PCTTW,2025-01-17,66.79,PCTTW_2025-01-17_66.79,PCTTW_quotes_2025_01_17.parquet,True
PCTTW,2025-01-29,55.52,PCTTW_2025-01-29_55.52,PCTTW_quotes_2025_01_29.parquet,True
PCTTW,2025-02-18,34.87,PCTTW_2025-02-18_34.87,PCTTW_quotes_2025_02_18.parquet,True
PCTTW,2025-04-22,41.00,PCTTW_2025-04-22_41.00,PCTTW_quotes_2025_04_22.parquet,True
PCTTW,2025-05-08,71.07,PCTTW_2025-05-08_71.07,PCTTW_quotes_2025_05_08.parquet,True
PCTTW,2025-05-16,36.14,PCTTW_2025-05-16_36.14,PCTTW_quotes_2025_05_16.parquet,True
PCTTW,2025-05-22,99.99,PCTTW_2025-05-22_99.99,PCTTW_quotes_2025_05_22.parquet,True
PCTTW,2025-06-17,54.85,PCTTW_2025-06-17_54.85,PCTTW_quotes_2025_06_17.parquet,True
PCTTW,2025-07-07,46.81,PCTTW_2025-07-07_46.81,PCTTW_quotes_2025_07_07.parquet,True
PCT,2025-06-17,30.33,PCT_2025-06-17_30.33,PCT_quotes_2025_06_17.parquet,True
PC,2025-02-19,32.93,PC_2025-02-19_32.93,PC_quotes_2025_02_19.parquet,True
PC,2025-10-02,33.72,PC_2025-10-02_33.72,PC_quotes_2025_10_02.parquet,True
PDSB,2025-02-26,39.68,PDSB_2025-02-26_39.68,PDSB_quotes_2025_02_26.parquet,True
PDSB,2025-02-27,42.86,PDSB_2025-02-27_42.86,PDSB_quotes_2025_02_27.parquet,True
PDYN,2025-01-14,30.66,PDYN_2025-01-14_30.66,PDYN_quotes_2025_01_14.parquet,True
PDYN,2025-01-22,40.52,PDYN_2025-01-22_40.52,PDYN_quotes_2025_01_22.parquet,True
PDYN,2025-07-17,32.64,PDYN_2025-07-17_32.64,PDYN_quotes_2025_07_17.parquet,True
PEGA,2025-04-23,35.37,PEGA_2025-04-23_35.37,PEGA_quotes_2025_04_23.parquet,True
PEPG,2025-02-24,227.01,PEPG_2025-02-24_227.01,PEPG_quotes_2025_02_24.parquet,True
PEPG,2025-02-27,65.36,PEPG_2025-02-27_65.36,PEPG_quotes_2025_02_27.parquet,True
PEPG,2025-02-28,30.45,PEPG_2025-02-28_30.45,PEPG_quotes_2025_02_28.parquet,True
PEPG,2025-09-16,32.08,PEPG_2025-09-16_32.08,PEPG_quotes_2025_09_16.parquet,True
PEPG,2025-09-24,39.98,PEPG_2025-09-24_39.98,PEPG_quotes_2025_09_24.parquet,True
PEPG,2025-09-25,138.35,PEPG_2025-09-25_138.35,PEPG_quotes_2025_09_25.parquet,True
PETZ,2025-09-16,49.99,PETZ_2025-09-16_49.99,PETZ_quotes_2025_09_16.parquet,True
PFAI,2025-09-05,65.56,PFAI_2025-09-05_65.56,PFAI_quotes_2025_09_05.parquet,True
PFAI,2025-10-15,158.12,PFAI_2025-10-15_158.12,PFAI_quotes_2025_10_15.parquet,True
PFSA,2025-07-28,226.37,PFSA_2025-07-28_226.37,PFSA_quotes_2025_07_28.parquet,True
PGEN,2025-08-15,88.64,PGEN_2025-08-15_88.64,PGEN_quotes_2025_08_15.parquet,True
PGY,2025-08-07,32.27,PGY_2025-08-07_32.27,PGY_quotes_2025_08_07.parquet,True
PHAR,2025-08-08,40.58,PHAR_2025-08-08_40.58,PHAR_quotes_2025_08_08.parquet,True
PHAT,2025-05-09,65.07,PHAT_2025-05-09_65.07,PHAT_quotes_2025_05_09.parquet,True
PHAT,2025-06-06,162.68,PHAT_2025-06-06_162.68,PHAT_quotes_2025_06_06.parquet,True
PHIO,2025-01-13,479.29,PHIO_2025-01-13_479.29,PHIO_quotes_2025_01_13.parquet,True
PHIO,2025-01-16,70.30,PHIO_2025-01-16_70.30,PHIO_quotes_2025_01_16.parquet,True
PHIO,2025-01-28,41.58,PHIO_2025-01-28_41.58,PHIO_quotes_2025_01_28.parquet,True
PHIO,2025-04-09,170.30,PHIO_2025-04-09_170.30,PHIO_quotes_2025_04_09.parquet,True
PHIO,2025-04-15,42.27,PHIO_2025-04-15_42.27,PHIO_quotes_2025_04_15.parquet,True
PHIO,2025-06-05,30.48,PHIO_2025-06-05_30.48,PHIO_quotes_2025_06_05.parquet,True
PHIO,2025-07-25,38.64,PHIO_2025-07-25_38.64,PHIO_quotes_2025_07_25.parquet,True
PHOE,2025-06-16,31.00,PHOE_2025-06-16_31.00,PHOE_quotes_2025_06_16.parquet,True
PHOE,2025-06-30,35.06,PHOE_2025-06-30_35.06,PHOE_quotes_2025_06_30.parquet,True
PHOE,2025-07-17,130.06,PHOE_2025-07-17_130.06,PHOE_quotes_2025_07_17.parquet,True
PHOE,2025-07-24,36.50,PHOE_2025-07-24_36.50,PHOE_quotes_2025_07_24.parquet,True
PHOE,2025-10-07,47.51,PHOE_2025-10-07_47.51,PHOE_quotes_2025_10_07.parquet,True
PIII,2025-01-14,34.95,PIII_2025-01-14_34.95,PIII_quotes_2025_01_14.parquet,True
PIII,2025-07-30,37.07,PIII_2025-07-30_37.07,PIII_quotes_2025_07_30.parquet,True
PIII,2025-09-18,30.48,PIII_2025-09-18_30.48,PIII_quotes_2025_09_18.parquet,True
PI,2025-07-31,34.48,PI_2025-07-31_34.48,PI_quotes_2025_07_31.parquet,True
PLBY,2025-01-31,46.99,PLBY_2025-01-31_46.99,PLBY_quotes_2025_01_31.parquet,True
PLBY,2025-05-16,34.19,PLBY_2025-05-16_34.19,PLBY_quotes_2025_05_16.parquet,True
PLCE,2025-07-22,38.51,PLCE_2025-07-22_38.51,PLCE_quotes_2025_07_22.parquet,True
PLRX,2025-02-13,38.97,PLRX_2025-02-13_38.97,PLRX_quotes_2025_02_13.parquet,True
PLRZ,2025-03-24,54.04,PLRZ_2025-03-24_54.04,PLRZ_quotes_2025_03_24.parquet,True
PLRZ,2025-05-02,369.61,PLRZ_2025-05-02_369.61,PLRZ_quotes_2025_05_02.parquet,True
PLRZ,2025-05-05,47.52,PLRZ_2025-05-05_47.52,PLRZ_quotes_2025_05_05.parquet,True
PLRZ,2025-05-28,150.77,PLRZ_2025-05-28_150.77,PLRZ_quotes_2025_05_28.parquet,True
PLRZ,2025-05-29,33.01,PLRZ_2025-05-29_33.01,PLRZ_quotes_2025_05_29.parquet,True
PLRZ,2025-06-12,72.50,PLRZ_2025-06-12_72.50,PLRZ_quotes_2025_06_12.parquet,True
PLRZ,2025-07-15,94.99,PLRZ_2025-07-15_94.99,PLRZ_quotes_2025_07_15.parquet,True
PLRZ,2025-07-22,105.99,PLRZ_2025-07-22_105.99,PLRZ_quotes_2025_07_22.parquet,True
PLRZ,2025-07-23,68.97,PLRZ_2025-07-23_68.97,PLRZ_quotes_2025_07_23.parquet,True
PLRZ,2025-09-12,38.11,PLRZ_2025-09-12_38.11,PLRZ_quotes_2025_09_12.parquet,True
PLTS,2025-09-22,130.29,PLTS_2025-09-22_130.29,PLTS_quotes_2025_09_22.parquet,True
PLTS,2025-09-26,64.56,PLTS_2025-09-26_64.56,PLTS_quotes_2025_09_26.parquet,True
PLTU,2025-02-04,54.35,PLTU_2025-02-04_54.35,PLTU_quotes_2025_02_04.parquet,True
PLTU,2025-04-09,41.59,PLTU_2025-04-09_41.59,PLTU_quotes_2025_04_09.parquet,True
PLUG,2025-04-28,46.62,PLUG_2025-04-28_46.62,PLUG_quotes_2025_04_28.parquet,True
PLUG,2025-06-09,30.52,PLUG_2025-06-09_30.52,PLUG_quotes_2025_06_09.parquet,True
PLUG,2025-06-30,35.34,PLUG_2025-06-30_35.34,PLUG_quotes_2025_06_30.parquet,True
PLUG,2025-07-09,30.28,PLUG_2025-07-09_30.28,PLUG_quotes_2025_07_09.parquet,True
PLUG,2025-10-03,39.58,PLUG_2025-10-03_39.58,PLUG_quotes_2025_10_03.parquet,True
PLUR,2025-04-23,48.54,PLUR_2025-04-23_48.54,PLUR_quotes_2025_04_23.parquet,True
PLUR,2025-06-23,34.04,PLUR_2025-06-23_34.04,PLUR_quotes_2025_06_23.parquet,True
PLYM,2025-08-19,54.71,PLYM_2025-08-19_54.71,PLYM_quotes_2025_08_19.parquet,True
PL,2025-06-05,61.65,PL_2025-06-05_61.65,PL_quotes_2025_06_05.parquet,True
PL,2025-09-08,48.67,PL_2025-09-08_48.67,PL_quotes_2025_09_08.parquet,True
PMAX,2025-01-16,50.63,PMAX_2025-01-16_50.63,PMAX_quotes_2025_01_16.parquet,True
PMAX,2025-02-07,61.89,PMAX_2025-02-07_61.89,PMAX_quotes_2025_02_07.parquet,True
PMAX,2025-02-13,36.20,PMAX_2025-02-13_36.20,PMAX_quotes_2025_02_13.parquet,True
PMAX,2025-02-28,82.58,PMAX_2025-02-28_82.58,PMAX_quotes_2025_02_28.parquet,True
PMAX,2025-05-23,245.68,PMAX_2025-05-23_245.68,PMAX_quotes_2025_05_23.parquet,True
PMAX,2025-05-28,35.84,PMAX_2025-05-28_35.84,PMAX_quotes_2025_05_28.parquet,True
PMAX,2025-08-27,39.31,PMAX_2025-08-27_39.31,PMAX_quotes_2025_08_27.parquet,True
PMAX,2025-10-06,36.58,PMAX_2025-10-06_36.58,PMAX_quotes_2025_10_06.parquet,True
PMAX,2025-10-13,100.77,PMAX_2025-10-13_100.77,PMAX_quotes_2025_10_13.parquet,True
PMCB,2025-09-08,33.04,PMCB_2025-09-08_33.04,PMCB_quotes_2025_09_08.parquet,True
PMEC,2025-01-16,52.70,PMEC_2025-01-16_52.70,PMEC_quotes_2025_01_16.parquet,True
PMEC,2025-02-12,38.46,PMEC_2025-02-12_38.46,PMEC_quotes_2025_02_12.parquet,True
PMN,2025-07-14,220.18,PMN_2025-07-14_220.18,PMN_quotes_2025_07_14.parquet,True
PMN,2025-07-21,261.28,PMN_2025-07-21_261.28,PMN_quotes_2025_07_21.parquet,True
PNBK,2025-02-10,70.34,PNBK_2025-02-10_70.34,PNBK_quotes_2025_02_10.parquet,True
PNBK,2025-03-21,49.06,PNBK_2025-03-21_49.06,PNBK_quotes_2025_03_21.parquet,True
PNBK,2025-04-17,93.65,PNBK_2025-04-17_93.65,PNBK_quotes_2025_04_17.parquet,True
PNBK,2025-04-21,32.01,PNBK_2025-04-21_32.01,PNBK_quotes_2025_04_21.parquet,True
PNBK,2025-05-12,42.69,PNBK_2025-05-12_42.69,PNBK_quotes_2025_05_12.parquet,True
PNBK,2025-05-13,38.59,PNBK_2025-05-13_38.59,PNBK_quotes_2025_05_13.parquet,True
PN,2025-08-13,43.89,PN_2025-08-13_43.89,PN_quotes_2025_08_13.parquet,True
POAI,2025-01-03,66.30,POAI_2025-01-03_66.30,POAI_quotes_2025_01_03.parquet,True
POAI,2025-01-06,155.00,POAI_2025-01-06_155.00,POAI_quotes_2025_01_06.parquet,True
POAI,2025-01-22,86.61,POAI_2025-01-22_86.61,POAI_quotes_2025_01_22.parquet,True
POAI,2025-03-25,133.18,POAI_2025-03-25_133.18,POAI_quotes_2025_03_25.parquet,True
POAI,2025-09-29,176.09,POAI_2025-09-29_176.09,POAI_quotes_2025_09_29.parquet,True
PODC,2025-04-30,38.07,PODC_2025-04-30_38.07,PODC_quotes_2025_04_30.parquet,True
POLA,2025-03-04,38.31,POLA_2025-03-04_38.31,POLA_quotes_2025_03_04.parquet,True
POLA,2025-07-01,58.06,POLA_2025-07-01_58.06,POLA_quotes_2025_07_01.parquet,True
POLA,2025-09-04,67.58,POLA_2025-09-04_67.58,POLA_quotes_2025_09_04.parquet,True
PONY,2025-02-21,33.56,PONY_2025-02-21_33.56,PONY_quotes_2025_02_21.parquet,True
PONY,2025-04-23,36.78,PONY_2025-04-23_36.78,PONY_quotes_2025_04_23.parquet,True
PONY,2025-04-24,41.80,PONY_2025-04-24_41.80,PONY_quotes_2025_04_24.parquet,True
PONY,2025-04-28,61.84,PONY_2025-04-28_61.84,PONY_quotes_2025_04_28.parquet,True
PONY,2025-05-02,36.45,PONY_2025-05-02_36.45,PONY_quotes_2025_05_02.parquet,True
PONY,2025-05-06,48.97,PONY_2025-05-06_48.97,PONY_quotes_2025_05_06.parquet,True
PPBT,2025-10-29,141.85,PPBT_2025-10-29_141.85,PPBT_quotes_2025_10_29.parquet,True
PPCB,2022-11-10,50.00,PPCB_2022-11-10_50.00,PPCB_quotes_2022_11_10.parquet,False
PPCB,2023-01-18,50.00,PPCB_2023-01-18_50.00,PPCB_quotes_2023_01_18.parquet,False
PPCB,2023-03-08,50.00,PPCB_2023-03-08_50.00,PPCB_quotes_2023_03_08.parquet,False
PPCB,2023-05-11,50.00,PPCB_2023-05-11_50.00,PPCB_quotes_2023_05_11.parquet,False
PPCB,2023-09-12,30.00,PPCB_2023-09-12_30.00,PPCB_quotes_2023_09_12.parquet,False
PPCB,2023-09-15,30.00,PPCB_2023-09-15_30.00,PPCB_quotes_2023_09_15.parquet,False
PPCB,2023-10-18,30.00,PPCB_2023-10-18_30.00,PPCB_quotes_2023_10_18.parquet,False
PPCB,2024-03-27,66.67,PPCB_2024-03-27_66.67,PPCB_quotes_2024_03_27.parquet,False
PPCB,2024-04-19,30.00,PPCB_2024-04-19_30.00,PPCB_quotes_2024_04_19.parquet,False
PPCB,2024-12-11,50.00,PPCB_2024-12-11_50.00,PPCB_quotes_2024_12_11.parquet,False
PPCB,2024-12-12,50.00,PPCB_2024-12-12_50.00,PPCB_quotes_2024_12_12.parquet,False
PPCB,2024-12-16,50.00,PPCB_2024-12-16_50.00,PPCB_quotes_2024_12_16.parquet,False
PPCB,2024-12-23,50.00,PPCB_2024-12-23_50.00,PPCB_quotes_2024_12_23.parquet,False
PPCB,2024-12-26,50.00,PPCB_2024-12-26_50.00,PPCB_quotes_2024_12_26.parquet,False
PPCB,2024-12-27,50.00,PPCB_2024-12-27_50.00,PPCB_quotes_2024_12_27.parquet,False
PPCB,2024-12-30,50.00,PPCB_2024-12-30_50.00,PPCB_quotes_2024_12_30.parquet,False
PPCB,2024-12-31,50.00,PPCB_2024-12-31_50.00,PPCB_quotes_2024_12_31.parquet,False
PPCB,2025-01-17,50.00,PPCB_2025-01-17_50.00,PPCB_quotes_2025_01_17.parquet,False
PPCB,2025-01-22,50.00,PPCB_2025-01-22_50.00,PPCB_quotes_2025_01_22.parquet,False
PPCB,2025-01-23,50.00,PPCB_2025-01-23_50.00,PPCB_quotes_2025_01_23.parquet,False
PPCB,2025-04-10,65.60,PPCB_2025-04-10_65.60,PPCB_quotes_2025_04_10.parquet,False
PPCB,2025-04-28,50.00,PPCB_2025-04-28_50.00,PPCB_quotes_2025_04_28.parquet,False
PPCB,2025-04-30,54.64,PPCB_2025-04-30_54.64,PPCB_quotes_2025_04_30.parquet,False
PPCB,2025-05-02,112.50,PPCB_2025-05-02_112.50,PPCB_quotes_2025_05_02.parquet,False
PPCB,2025-05-05,122.22,PPCB_2025-05-05_122.22,PPCB_quotes_2025_05_05.parquet,False
PPCB,2025-05-06,66.67,PPCB_2025-05-06_66.67,PPCB_quotes_2025_05_06.parquet,False
PPCB,2025-05-07,76.33,PPCB_2025-05-07_76.33,PPCB_quotes_2025_05_07.parquet,False
PPCB,2025-05-08,49.79,PPCB_2025-05-08_49.79,PPCB_quotes_2025_05_08.parquet,False
PPCB,2025-05-23,63.32,PPCB_2025-05-23_63.32,PPCB_quotes_2025_05_23.parquet,False
PPCB,2025-06-03,39.20,PPCB_2025-06-03_39.20,PPCB_quotes_2025_06_03.parquet,False
PPCB,2025-06-04,49.35,PPCB_2025-06-04_49.35,PPCB_quotes_2025_06_04.parquet,False
PPCB,2025-07-09,102.90,PPCB_2025-07-09_102.90,PPCB_quotes_2025_07_09.parquet,False
PPCB,2025-07-17,45.06,PPCB_2025-07-17_45.06,PPCB_quotes_2025_07_17.parquet,False
PPCB,2025-07-29,31.39,PPCB_2025-07-29_31.39,PPCB_quotes_2025_07_29.parquet,False
PPCB,2025-08-13,44.71,PPCB_2025-08-13_44.71,PPCB_quotes_2025_08_13.parquet,False
PPCB,2025-08-14,30.00,PPCB_2025-08-14_30.00,PPCB_quotes_2025_08_14.parquet,False
PPCB,2025-08-18,226.13,PPCB_2025-08-18_226.13,PPCB_quotes_2025_08_18.parquet,True
PPCB,2025-08-20,55.04,PPCB_2025-08-20_55.04,PPCB_quotes_2025_08_20.parquet,True
PPCB,2025-09-05,31.31,PPCB_2025-09-05_31.31,PPCB_quotes_2025_09_05.parquet,True
PPIH,2025-05-02,36.33,PPIH_2025-05-02_36.33,PPIH_quotes_2025_05_02.parquet,True
PPIH,2025-06-13,31.37,PPIH_2025-06-13_31.37,PPIH_quotes_2025_06_13.parquet,True
PPIH,2025-06-16,30.99,PPIH_2025-06-16_30.99,PPIH_quotes_2025_06_16.parquet,True
PPSI,2025-08-15,83.28,PPSI_2025-08-15_83.28,PPSI_quotes_2025_08_15.parquet,True
PRAX,2025-10-16,259.01,PRAX_2025-10-16_259.01,PRAX_quotes_2025_10_16.parquet,True
PRA,2025-03-20,49.87,PRA_2025-03-20_49.87,PRA_quotes_2025_03_20.parquet,True
PRCH,2025-02-26,82.59,PRCH_2025-02-26_82.59,PRCH_quotes_2025_02_26.parquet,True
PRCH,2025-05-07,71.45,PRCH_2025-05-07_71.45,PRCH_quotes_2025_05_07.parquet,True
PRCH,2025-08-06,32.07,PRCH_2025-08-06_32.07,PRCH_quotes_2025_08_06.parquet,True
PRE,2025-05-22,48.21,PRE_2025-05-22_48.21,PRE_quotes_2025_05_22.parquet,True
PRE,2025-06-18,30.36,PRE_2025-06-18_30.36,PRE_quotes_2025_06_18.parquet,True
PRFX,2025-01-24,108.46,PRFX_2025-01-24_108.46,PRFX_quotes_2025_01_24.parquet,True
PRFX,2025-02-18,93.97,PRFX_2025-02-18_93.97,PRFX_quotes_2025_02_18.parquet,True
PRFX,2025-04-10,91.76,PRFX_2025-04-10_91.76,PRFX_quotes_2025_04_10.parquet,True
PRFX,2025-08-19,167.91,PRFX_2025-08-19_167.91,PRFX_quotes_2025_08_19.parquet,True
PRHI,2025-10-07,119.55,PRHI_2025-10-07_119.55,PRHI_quotes_2025_10_07.parquet,True
PRME,2025-07-07,35.37,PRME_2025-07-07_35.37,PRME_quotes_2025_07_07.parquet,True
PROK,2025-04-15,59.46,PROK_2025-04-15_59.46,PROK_quotes_2025_04_15.parquet,True
PROK,2025-07-08,711.21,PROK_2025-07-08_711.21,PROK_quotes_2025_07_08.parquet,True
PROK,2025-07-09,91.15,PROK_2025-07-09_91.15,PROK_quotes_2025_07_09.parquet,True
PROK,2025-07-10,37.10,PROK_2025-07-10_37.10,PROK_quotes_2025_07_10.parquet,True
PROK,2025-09-11,38.89,PROK_2025-09-11_38.89,PROK_quotes_2025_09_11.parquet,True
PROP,2025-01-15,54.41,PROP_2025-01-15_54.41,PROP_quotes_2025_01_15.parquet,True
PRO,2025-09-22,40.40,PRO_2025-09-22_40.40,PRO_quotes_2025_09_22.parquet,True
PRPL,2025-03-14,53.73,PRPL_2025-03-14_53.73,PRPL_quotes_2025_03_14.parquet,True
PRPL,2025-07-23,31.71,PRPL_2025-07-23_31.71,PRPL_quotes_2025_07_23.parquet,True
PRPO,2025-04-23,72.11,PRPO_2025-04-23_72.11,PRPO_quotes_2025_04_23.parquet,True
PRSO,2025-01-03,41.51,PRSO_2025-01-03_41.51,PRSO_quotes_2025_01_03.parquet,True
PRSO,2025-09-05,99.27,PRSO_2025-09-05_99.27,PRSO_quotes_2025_09_05.parquet,True
PRSO,2025-10-09,45.99,PRSO_2025-10-09_45.99,PRSO_quotes_2025_10_09.parquet,True
PRTS,2025-03-05,44.12,PRTS_2025-03-05_44.12,PRTS_quotes_2025_03_05.parquet,True
PRTS,2025-09-03,34.18,PRTS_2025-09-03_34.18,PRTS_quotes_2025_09_03.parquet,True
PRZO,2025-01-17,35.67,PRZO_2025-01-17_35.67,PRZO_quotes_2025_01_17.parquet,True
PSIG,2025-01-07,39.20,PSIG_2025-01-07_39.20,PSIG_quotes_2025_01_07.parquet,True
PSIG,2025-05-09,35.86,PSIG_2025-05-09_35.86,PSIG_quotes_2025_05_09.parquet,True
PSIG,2025-08-19,30.88,PSIG_2025-08-19_30.88,PSIG_quotes_2025_08_19.parquet,True
PSIG,2025-10-13,62.66,PSIG_2025-10-13_62.66,PSIG_quotes_2025_10_13.parquet,True
PSIX,2025-08-08,38.72,PSIX_2025-08-08_38.72,PSIX_quotes_2025_08_08.parquet,True
PSKY,2025-08-13,59.80,PSKY_2025-08-13_59.80,PSKY_quotes_2025_08_13.parquet,True
PSQH,2025-05-27,42.21,PSQH_2025-05-27_42.21,PSQH_quotes_2025_05_27.parquet,True
PSTG,2025-08-28,32.57,PSTG_2025-08-28_32.57,PSTG_quotes_2025_08_28.parquet,True
PSTV,2025-03-06,340.00,PSTV_2025-03-06_340.00,PSTV_quotes_2025_03_06.parquet,True
PSTV,2025-03-07,60.41,PSTV_2025-03-07_60.41,PSTV_quotes_2025_03_07.parquet,True
PSTV,2025-03-11,48.81,PSTV_2025-03-11_48.81,PSTV_quotes_2025_03_11.parquet,True
PSTV,2025-03-20,307.05,PSTV_2025-03-20_307.05,PSTV_quotes_2025_03_20.parquet,True
PSTV,2025-03-25,37.72,PSTV_2025-03-25_37.72,PSTV_quotes_2025_03_25.parquet,True
PSTV,2025-04-23,55.02,PSTV_2025-04-23_55.02,PSTV_quotes_2025_04_23.parquet,True
PTGX,2025-03-10,51.17,PTGX_2025-03-10_51.17,PTGX_quotes_2025_03_10.parquet,True
PTGX,2025-10-10,39.10,PTGX_2025-10-10_39.10,PTGX_quotes_2025_10_10.parquet,True
PTHL,2025-02-24,66.67,PTHL_2025-02-24_66.67,PTHL_quotes_2025_02_24.parquet,True
PTHL,2025-03-10,46.96,PTHL_2025-03-10_46.96,PTHL_quotes_2025_03_10.parquet,True
PTHL,2025-06-06,114.04,PTHL_2025-06-06_114.04,PTHL_quotes_2025_06_06.parquet,True
PTHL,2025-07-15,33.69,PTHL_2025-07-15_33.69,PTHL_quotes_2025_07_15.parquet,True
PTHL,2025-08-04,62.96,PTHL_2025-08-04_62.96,PTHL_quotes_2025_08_04.parquet,True
PTHL,2025-08-26,76.80,PTHL_2025-08-26_76.80,PTHL_quotes_2025_08_26.parquet,True
PTHL,2025-09-03,38.82,PTHL_2025-09-03_38.82,PTHL_quotes_2025_09_03.parquet,True
PTIR,2025-02-04,54.72,PTIR_2025-02-04_54.72,PTIR_quotes_2025_02_04.parquet,True
PTIR,2025-04-09,41.34,PTIR_2025-04-09_41.34,PTIR_quotes_2025_04_09.parquet,True
PTIX,2025-01-27,39.24,PTIX_2025-01-27_39.24,PTIX_quotes_2025_01_27.parquet,True
PTIX,2025-03-04,71.91,PTIX_2025-03-04_71.91,PTIX_quotes_2025_03_04.parquet,True
PTIX,2025-04-01,42.59,PTIX_2025-04-01_42.59,PTIX_quotes_2025_04_01.parquet,True
PTIX,2025-04-03,172.24,PTIX_2025-04-03_172.24,PTIX_quotes_2025_04_03.parquet,True
PTIX,2025-05-06,46.67,PTIX_2025-05-06_46.67,PTIX_quotes_2025_05_06.parquet,True
PTIX,2025-05-19,371.29,PTIX_2025-05-19_371.29,PTIX_quotes_2025_05_19.parquet,True
PTIX,2025-08-21,171.93,PTIX_2025-08-21_171.93,PTIX_quotes_2025_08_21.parquet,True
PTLE,2025-01-06,46.01,PTLE_2025-01-06_46.01,PTLE_quotes_2025_01_06.parquet,True
PTLE,2025-01-22,54.32,PTLE_2025-01-22_54.32,PTLE_quotes_2025_01_22.parquet,True
PTLE,2025-05-06,58.83,PTLE_2025-05-06_58.83,PTLE_quotes_2025_05_06.parquet,True
PTLE,2025-05-15,30.22,PTLE_2025-05-15_30.22,PTLE_quotes_2025_05_15.parquet,True
PTNM,2025-06-04,53.52,PTNM_2025-06-04_53.52,PTNM_quotes_2025_06_04.parquet,True
PTNM,2025-07-15,47.29,PTNM_2025-07-15_47.29,PTNM_quotes_2025_07_15.parquet,True
PTNM,2025-08-27,83.64,PTNM_2025-08-27_83.64,PTNM_quotes_2025_08_27.parquet,True
PTNM,2025-08-28,49.07,PTNM_2025-08-28_49.07,PTNM_quotes_2025_08_28.parquet,True
PTNM,2025-09-09,110.22,PTNM_2025-09-09_110.22,PTNM_quotes_2025_09_09.parquet,True
PTNM,2025-09-10,81.02,PTNM_2025-09-10_81.02,PTNM_quotes_2025_09_10.parquet,True
PTNM,2025-09-25,37.50,PTNM_2025-09-25_37.50,PTNM_quotes_2025_09_25.parquet,True
PT,2025-09-08,45.26,PT_2025-09-08_45.26,PT_quotes_2025_09_08.parquet,True
PULM,2025-02-18,34.54,PULM_2025-02-18_34.54,PULM_quotes_2025_02_18.parquet,True
PUMP,2025-10-29,54.52,PUMP_2025-10-29_54.52,PUMP_quotes_2025_10_29.parquet,True
PXLW,2025-06-20,50.13,PXLW_2025-06-20_50.13,PXLW_quotes_2025_06_20.parquet,True
PYXS,2025-10-09,32.30,PYXS_2025-10-09_32.30,PYXS_quotes_2025_10_09.parquet,True
QBTS,2025-01-15,34.25,QBTS_2025-01-15_34.25,QBTS_quotes_2025_01_15.parquet,True
QBTS,2025-03-14,47.61,QBTS_2025-03-14_47.61,QBTS_quotes_2025_03_14.parquet,True
QBTS,2025-05-08,58.06,QBTS_2025-05-08_58.06,QBTS_quotes_2025_05_08.parquet,True
QBTS,2025-05-20,33.76,QBTS_2025-05-20_33.76,QBTS_quotes_2025_05_20.parquet,True
QBTZ,2025-10-22,36.61,QBTZ_2025-10-22_36.61,QBTZ_quotes_2025_10_22.parquet,True
QCLS,2025-10-03,36.27,QCLS_2025-10-03_36.27,QCLS_quotes_2025_10_03.parquet,True
QCLS,2025-10-30,37.37,QCLS_2025-10-30_37.37,QCLS_quotes_2025_10_30.parquet,True
QCML,2025-04-09,31.80,QCML_2025-04-09_31.80,QCML_quotes_2025_04_09.parquet,True
QCML,2025-10-27,42.74,QCML_2025-10-27_42.74,QCML_quotes_2025_10_27.parquet,True
QCMU,2025-10-27,42.85,QCMU_2025-10-27_42.85,QCMU_quotes_2025_10_27.parquet,True
QDEL,2025-05-08,44.06,QDEL_2025-05-08_44.06,QDEL_quotes_2025_05_08.parquet,True
QETAR,2025-01-06,31.03,QETAR_2025-01-06_31.03,QETAR_quotes_2025_01_06.parquet,True
QETAR,2025-01-07,30.67,QETAR_2025-01-07_30.67,QETAR_quotes_2025_01_07.parquet,True
QETAR,2025-07-07,31.15,QETAR_2025-07-07_31.15,QETAR_quotes_2025_07_07.parquet,True
QETAR,2025-08-01,33.21,QETAR_2025-08-01_33.21,QETAR_quotes_2025_08_01.parquet,True
QETAR,2025-10-22,32.35,QETAR_2025-10-22_32.35,QETAR_quotes_2025_10_22.parquet,True
QH,2025-08-25,42.54,QH_2025-08-25_42.54,QH_quotes_2025_08_25.parquet,True
QIPT,2025-05-20,59.14,QIPT_2025-05-20_59.14,QIPT_quotes_2025_05_20.parquet,True
QMCO,2025-01-15,57.92,QMCO_2025-01-15_57.92,QMCO_quotes_2025_01_15.parquet,True
QMCO,2025-02-12,42.95,QMCO_2025-02-12_42.95,QMCO_quotes_2025_02_12.parquet,True
QMCO,2025-03-13,37.03,QMCO_2025-03-13_37.03,QMCO_quotes_2025_03_13.parquet,True
QMCO,2025-03-17,40.74,QMCO_2025-03-17_40.74,QMCO_quotes_2025_03_17.parquet,True
QMCO,2025-05-19,31.17,QMCO_2025-05-19_31.17,QMCO_quotes_2025_05_19.parquet,True
QMCO,2025-09-19,50.14,QMCO_2025-09-19_50.14,QMCO_quotes_2025_09_19.parquet,True
QMMM,2025-03-05,37.96,QMMM_2025-03-05_37.96,QMMM_quotes_2025_03_05.parquet,True
QMMM,2025-05-08,58.08,QMMM_2025-05-08_58.08,QMMM_quotes_2025_05_08.parquet,True
QMMM,2025-05-09,33.96,QMMM_2025-05-09_33.96,QMMM_quotes_2025_05_09.parquet,True
QMMM,2025-09-08,51.12,QMMM_2025-09-08_51.12,QMMM_quotes_2025_09_08.parquet,True
QMMM,2025-09-09,2588.55,QMMM_2025-09-09_2588.55,QMMM_quotes_2025_09_09.parquet,True
QMMM,2025-09-12,69.47,QMMM_2025-09-12_69.47,QMMM_quotes_2025_09_12.parquet,True
QMMM,2025-09-16,32.40,QMMM_2025-09-16_32.40,QMMM_quotes_2025_09_16.parquet,True
QMMM,2025-09-17,35.23,QMMM_2025-09-17_35.23,QMMM_quotes_2025_09_17.parquet,True
QMMM,2025-09-22,37.61,QMMM_2025-09-22_37.61,QMMM_quotes_2025_09_22.parquet,True
QNRX,2025-01-31,31.53,QNRX_2025-01-31_31.53,QNRX_quotes_2025_01_31.parquet,True
QNRX,2025-02-04,55.93,QNRX_2025-02-04_55.93,QNRX_quotes_2025_02_04.parquet,True
QNRX,2025-02-27,52.70,QNRX_2025-02-27_52.70,QNRX_quotes_2025_02_27.parquet,True
QNRX,2025-04-02,98.49,QNRX_2025-04-02_98.49,QNRX_quotes_2025_04_02.parquet,True
QNRX,2025-05-14,51.42,QNRX_2025-05-14_51.42,QNRX_quotes_2025_05_14.parquet,True
QNRX,2025-10-10,412.25,QNRX_2025-10-10_412.25,QNRX_quotes_2025_10_10.parquet,True
QNRX,2025-10-15,35.16,QNRX_2025-10-15_35.16,QNRX_quotes_2025_10_15.parquet,True
QNTM,2025-02-04,128.93,QNTM_2025-02-04_128.93,QNTM_quotes_2025_02_04.parquet,True
QNTM,2025-02-05,49.78,QNTM_2025-02-05_49.78,QNTM_quotes_2025_02_05.parquet,True
QNTM,2025-02-06,109.79,QNTM_2025-02-06_109.79,QNTM_quotes_2025_02_06.parquet,True
QNTM,2025-03-17,75.87,QNTM_2025-03-17_75.87,QNTM_quotes_2025_03_17.parquet,True
QNTM,2025-03-27,30.65,QNTM_2025-03-27_30.65,QNTM_quotes_2025_03_27.parquet,True
QNTM,2025-03-28,48.60,QNTM_2025-03-28_48.60,QNTM_quotes_2025_03_28.parquet,True
QNTM,2025-06-17,39.81,QNTM_2025-06-17_39.81,QNTM_quotes_2025_06_17.parquet,True
QNTM,2025-09-10,40.19,QNTM_2025-09-10_40.19,QNTM_quotes_2025_09_10.parquet,True
QPUX,2025-09-19,32.45,QPUX_2025-09-19_32.45,QPUX_quotes_2025_09_19.parquet,True
QPUX,2025-10-13,39.58,QPUX_2025-10-13_39.58,QPUX_quotes_2025_10_13.parquet,True
QPUX,2025-10-23,31.28,QPUX_2025-10-23_31.28,QPUX_quotes_2025_10_23.parquet,True
QSIAW,2025-01-03,60.07,QSIAW_2025-01-03_60.07,QSIAW_quotes_2025_01_03.parquet,True
QSIAW,2025-01-15,61.65,QSIAW_2025-01-15_61.65,QSIAW_quotes_2025_01_15.parquet,True
QSIAW,2025-05-21,38.46,QSIAW_2025-05-21_38.46,QSIAW_quotes_2025_05_21.parquet,True
QSI,2025-01-03,35.45,QSI_2025-01-03_35.45,QSI_quotes_2025_01_03.parquet,True
QSI,2025-09-18,30.16,QSI_2025-09-18_30.16,QSI_quotes_2025_09_18.parquet,True
QS,2025-06-25,46.65,QS_2025-06-25_46.65,QS_quotes_2025_06_25.parquet,True
QS,2025-06-26,35.98,QS_2025-06-26_35.98,QS_quotes_2025_06_26.parquet,True
QS,2025-09-08,36.22,QS_2025-09-08_36.22,QS_quotes_2025_09_08.parquet,True
QTRX,2025-06-10,30.63,QTRX_2025-06-10_30.63,QTRX_quotes_2025_06_10.parquet,True
QTTB,2025-07-10,148.34,QTTB_2025-07-10_148.34,QTTB_quotes_2025_07_10.parquet,True
QTTB,2025-07-16,42.31,QTTB_2025-07-16_42.31,QTTB_quotes_2025_07_16.parquet,True
QUBT,2025-01-15,56.12,QUBT_2025-01-15_56.12,QUBT_quotes_2025_01_15.parquet,True
QUBT,2025-05-16,40.26,QUBT_2025-05-16_40.26,QUBT_quotes_2025_05_16.parquet,True
QUBT,2025-06-11,38.20,QUBT_2025-06-11_38.20,QUBT_quotes_2025_06_11.parquet,True
QUBT,2025-06-16,30.31,QUBT_2025-06-16_30.31,QUBT_quotes_2025_06_16.parquet,True
QUBT,2025-09-19,30.68,QUBT_2025-09-19_30.68,QUBT_quotes_2025_09_19.parquet,True
QURE,2025-04-17,50.80,QURE_2025-04-17_50.80,QURE_quotes_2025_04_17.parquet,True
QURE,2025-09-24,274.89,QURE_2025-09-24_274.89,QURE_quotes_2025_09_24.parquet,True
QVCGA,2025-03-25,41.76,QVCGA_2025-03-25_41.76,QVCGA_quotes_2025_03_25.parquet,True
QVCGA,2025-05-06,51.10,QVCGA_2025-05-06_51.10,QVCGA_quotes_2025_05_06.parquet,True
QVCGA,2025-06-05,53.20,QVCGA_2025-06-05_53.20,QVCGA_quotes_2025_06_05.parquet,True
QVCGA,2025-07-22,96.25,QVCGA_2025-07-22_96.25,QVCGA_quotes_2025_07_22.parquet,True
QVCGA,2025-07-25,43.80,QVCGA_2025-07-25_43.80,QVCGA_quotes_2025_07_25.parquet,True
QVCGA,2025-08-27,33.13,QVCGA_2025-08-27_33.13,QVCGA_quotes_2025_08_27.parquet,True
QVCGA,2025-09-02,32.40,QVCGA_2025-09-02_32.40,QVCGA_quotes_2025_09_02.parquet,True
QVCGP,2025-06-04,37.75,QVCGP_2025-06-04_37.75,QVCGP_quotes_2025_06_04.parquet,True
QVCGP,2025-06-05,65.31,QVCGP_2025-06-05_65.31,QVCGP_quotes_2025_06_05.parquet,True
RAAQW,2025-10-15,69.61,RAAQW_2025-10-15_69.61,RAAQW_quotes_2025_10_15.parquet,True
RADX,2025-01-10,39.20,RADX_2025-01-10_39.20,RADX_quotes_2025_01_10.parquet,True
RADX,2025-01-13,31.78,RADX_2025-01-13_31.78,RADX_quotes_2025_01_13.parquet,True
RADX,2025-02-27,31.64,RADX_2025-02-27_31.64,RADX_quotes_2025_02_27.parquet,True
RADX,2025-03-03,120.00,RADX_2025-03-03_120.00,RADX_quotes_2025_03_03.parquet,True
RADX,2025-03-05,35.51,RADX_2025-03-05_35.51,RADX_quotes_2025_03_05.parquet,True
RADX,2025-05-23,43.60,RADX_2025-05-23_43.60,RADX_quotes_2025_05_23.parquet,True
RADX,2025-08-20,45.02,RADX_2025-08-20_45.02,RADX_quotes_2025_08_20.parquet,True
RAIL,2025-03-13,33.23,RAIL_2025-03-13_33.23,RAIL_quotes_2025_03_13.parquet,True
RAIN,2025-04-30,33.89,RAIN_2025-04-30_33.89,RAIN_quotes_2025_04_30.parquet,True
RAIN,2025-05-06,49.80,RAIN_2025-05-06_49.80,RAIN_quotes_2025_05_06.parquet,True
RAIN,2025-05-12,38.84,RAIN_2025-05-12_38.84,RAIN_quotes_2025_05_12.parquet,True
RAIN,2025-06-04,35.00,RAIN_2025-06-04_35.00,RAIN_quotes_2025_06_04.parquet,True
RAIN,2025-09-02,30.39,RAIN_2025-09-02_30.39,RAIN_quotes_2025_09_02.parquet,True
RAIN,2025-09-08,46.79,RAIN_2025-09-08_46.79,RAIN_quotes_2025_09_08.parquet,True
RAIN,2025-10-15,40.21,RAIN_2025-10-15_40.21,RAIN_quotes_2025_10_15.parquet,True
RANI,2025-10-17,407.54,RANI_2025-10-17_407.54,RANI_quotes_2025_10_17.parquet,True
RANI,2025-10-20,71.95,RANI_2025-10-20_71.95,RANI_quotes_2025_10_20.parquet,True
RANI,2025-10-21,47.56,RANI_2025-10-21_47.56,RANI_quotes_2025_10_21.parquet,True
RANI,2025-10-22,35.79,RANI_2025-10-22_35.79,RANI_quotes_2025_10_22.parquet,True
RANI,2025-10-31,65.52,RANI_2025-10-31_65.52,RANI_quotes_2025_10_31.parquet,True
RAPP,2025-03-04,51.75,RAPP_2025-03-04_51.75,RAPP_quotes_2025_03_04.parquet,True
RAPP,2025-06-03,35.53,RAPP_2025-06-03_35.53,RAPP_quotes_2025_06_03.parquet,True
RAPP,2025-09-08,194.35,RAPP_2025-09-08_194.35,RAPP_quotes_2025_09_08.parquet,True
RAPT,2025-05-23,43.92,RAPT_2025-05-23_43.92,RAPT_quotes_2025_05_23.parquet,True
RAPT,2025-07-15,36.93,RAPT_2025-07-15_36.93,RAPT_quotes_2025_07_15.parquet,True
RAPT,2025-10-20,44.48,RAPT_2025-10-20_44.48,RAPT_quotes_2025_10_20.parquet,True
RAYA,2025-06-30,31.82,RAYA_2025-06-30_31.82,RAYA_quotes_2025_06_30.parquet,True
RAYA,2025-07-15,33.95,RAYA_2025-07-15_33.95,RAYA_quotes_2025_07_15.parquet,True
RAYA,2025-07-22,30.42,RAYA_2025-07-22_30.42,RAYA_quotes_2025_07_22.parquet,True
RAYA,2025-07-24,35.83,RAYA_2025-07-24_35.83,RAYA_quotes_2025_07_24.parquet,True
RAYA,2025-07-31,38.28,RAYA_2025-07-31_38.28,RAYA_quotes_2025_07_31.parquet,True
RAYA,2025-08-01,59.93,RAYA_2025-08-01_59.93,RAYA_quotes_2025_08_01.parquet,True
RAYA,2025-08-28,37.23,RAYA_2025-08-28_37.23,RAYA_quotes_2025_08_28.parquet,True
RAYA,2025-09-18,45.41,RAYA_2025-09-18_45.41,RAYA_quotes_2025_09_18.parquet,True
RAYA,2025-09-24,33.88,RAYA_2025-09-24_33.88,RAYA_quotes_2025_09_24.parquet,True
RAYA,2025-10-01,47.43,RAYA_2025-10-01_47.43,RAYA_quotes_2025_10_01.parquet,True
RAY,2025-03-11,167.82,RAY_2025-03-11_167.82,RAY_quotes_2025_03_11.parquet,True
RAY,2025-03-24,70.17,RAY_2025-03-24_70.17,RAY_quotes_2025_03_24.parquet,True
RAY,2025-03-25,78.46,RAY_2025-03-25_78.46,RAY_quotes_2025_03_25.parquet,True
RAY,2025-05-12,38.76,RAY_2025-05-12_38.76,RAY_quotes_2025_05_12.parquet,True
RAY,2025-05-22,31.36,RAY_2025-05-22_31.36,RAY_quotes_2025_05_22.parquet,True
RAY,2025-08-25,37.90,RAY_2025-08-25_37.90,RAY_quotes_2025_08_25.parquet,True
RAY,2025-09-09,43.26,RAY_2025-09-09_43.26,RAY_quotes_2025_09_09.parquet,True
RBNE,2025-06-13,514.03,RBNE_2025-06-13_514.03,RBNE_quotes_2025_06_13.parquet,True
RBNE,2025-06-17,162.50,RBNE_2025-06-17_162.50,RBNE_quotes_2025_06_17.parquet,True
RBNE,2025-06-23,37.75,RBNE_2025-06-23_37.75,RBNE_quotes_2025_06_23.parquet,True
RBNE,2025-09-10,162.63,RBNE_2025-09-10_162.63,RBNE_quotes_2025_09_10.parquet,True
RBNE,2025-10-23,37.80,RBNE_2025-10-23_37.80,RBNE_quotes_2025_10_23.parquet,True
RBOT,2025-10-03,32.79,RBOT_2025-10-03_32.79,RBOT_quotes_2025_10_03.parquet,True
RCAT,2025-07-11,33.63,RCAT_2025-07-11_33.63,RCAT_quotes_2025_07_11.parquet,True
RCAT,2025-09-11,31.57,RCAT_2025-09-11_31.57,RCAT_quotes_2025_09_11.parquet,True
RCEL,2025-09-15,56.14,RCEL_2025-09-15_56.14,RCEL_quotes_2025_09_15.parquet,True
RCKT,2025-08-20,40.89,RCKT_2025-08-20_40.89,RCKT_quotes_2025_08_20.parquet,True
RCKY,2025-04-30,53.33,RCKY_2025-04-30_53.33,RCKY_quotes_2025_04_30.parquet,True
RCKY,2025-07-30,34.46,RCKY_2025-07-30_34.46,RCKY_quotes_2025_07_30.parquet,True
RCON,2025-05-22,35.60,RCON_2025-05-22_35.60,RCON_quotes_2025_05_22.parquet,True
RCON,2025-07-29,142.51,RCON_2025-07-29_142.51,RCON_quotes_2025_07_29.parquet,True
RCON,2025-07-30,52.21,RCON_2025-07-30_52.21,RCON_quotes_2025_07_30.parquet,True
RCON,2025-07-31,65.44,RCON_2025-07-31_65.44,RCON_quotes_2025_07_31.parquet,True
RCT,2025-04-09,31.75,RCT_2025-04-09_31.75,RCT_quotes_2025_04_09.parquet,True
RCT,2025-06-27,232.40,RCT_2025-06-27_232.40,RCT_quotes_2025_06_27.parquet,True
RCT,2025-07-01,78.67,RCT_2025-07-01_78.67,RCT_quotes_2025_07_01.parquet,True
RCT,2025-07-28,31.82,RCT_2025-07-28_31.82,RCT_quotes_2025_07_28.parquet,True
RCT,2025-09-22,30.53,RCT_2025-09-22_30.53,RCT_quotes_2025_09_22.parquet,True
RCT,2025-09-24,69.61,RCT_2025-09-24_69.61,RCT_quotes_2025_09_24.parquet,True
RCT,2025-09-26,41.94,RCT_2025-09-26_41.94,RCT_quotes_2025_09_26.parquet,True
RDGT,2025-03-26,35.24,RDGT_2025-03-26_35.24,RDGT_quotes_2025_03_26.parquet,True
RDGT,2025-07-15,34.77,RDGT_2025-07-15_34.77,RDGT_quotes_2025_07_15.parquet,True
RDGT,2025-10-14,38.26,RDGT_2025-10-14_38.26,RDGT_quotes_2025_10_14.parquet,True
RDHL,2025-07-17,34.02,RDHL_2025-07-17_34.02,RDHL_quotes_2025_07_17.parquet,True
RDHL,2025-07-21,77.95,RDHL_2025-07-21_77.95,RDHL_quotes_2025_07_21.parquet,True
RDHL,2025-09-29,51.63,RDHL_2025-09-29_51.63,RDHL_quotes_2025_09_29.parquet,True
RDHL,2025-10-20,42.67,RDHL_2025-10-20_42.67,RDHL_quotes_2025_10_20.parquet,True
RDIB,2025-03-05,39.09,RDIB_2025-03-05_39.09,RDIB_quotes_2025_03_05.parquet,True
RDIB,2025-03-18,63.35,RDIB_2025-03-18_63.35,RDIB_quotes_2025_03_18.parquet,True
RDIB,2025-05-15,31.78,RDIB_2025-05-15_31.78,RDIB_quotes_2025_05_15.parquet,True
RDIB,2025-06-13,32.50,RDIB_2025-06-13_32.50,RDIB_quotes_2025_06_13.parquet,True
RDIB,2025-08-05,36.88,RDIB_2025-08-05_36.88,RDIB_quotes_2025_08_05.parquet,True
RDTL,2025-04-09,54.55,RDTL_2025-04-09_54.55,RDTL_quotes_2025_04_09.parquet,True
RDTL,2025-05-14,30.23,RDTL_2025-05-14_30.23,RDTL_quotes_2025_05_14.parquet,True
RDTL,2025-06-17,31.51,RDTL_2025-06-17_31.51,RDTL_quotes_2025_06_17.parquet,True
RDTL,2025-08-01,43.57,RDTL_2025-08-01_43.57,RDTL_quotes_2025_08_01.parquet,True
RDTL,2025-10-31,36.36,RDTL_2025-10-31_36.36,RDTL_quotes_2025_10_31.parquet,True
RDW,2025-01-21,52.54,RDW_2025-01-21_52.54,RDW_quotes_2025_01_21.parquet,True
RDW,2025-04-09,33.33,RDW_2025-04-09_33.33,RDW_quotes_2025_04_09.parquet,True
REAL,2025-08-08,33.76,REAL_2025-08-08_33.76,REAL_quotes_2025_08_08.parquet,True
REBN,2025-01-29,62.35,REBN_2025-01-29_62.35,REBN_quotes_2025_01_29.parquet,True
REBN,2025-01-31,166.01,REBN_2025-01-31_166.01,REBN_quotes_2025_01_31.parquet,True
REBN,2025-02-03,104.55,REBN_2025-02-03_104.55,REBN_quotes_2025_02_03.parquet,True
REBN,2025-02-18,46.45,REBN_2025-02-18_46.45,REBN_quotes_2025_02_18.parquet,True
REBN,2025-02-20,48.48,REBN_2025-02-20_48.48,REBN_quotes_2025_02_20.parquet,True
REE,2025-10-16,61.95,REE_2025-10-16_61.95,REE_quotes_2025_10_16.parquet,True
REFR,2025-05-09,42.86,REFR_2025-05-09_42.86,REFR_quotes_2025_05_09.parquet,True
REFR,2025-10-27,35.00,REFR_2025-10-27_35.00,REFR_quotes_2025_10_27.parquet,True
REKR,2025-01-06,41.26,REKR_2025-01-06_41.26,REKR_quotes_2025_01_06.parquet,True
REKR,2025-01-22,41.40,REKR_2025-01-22_41.40,REKR_quotes_2025_01_22.parquet,True
REKR,2025-06-03,42.73,REKR_2025-06-03_42.73,REKR_quotes_2025_06_03.parquet,True
RELI,2025-01-14,38.12,RELI_2025-01-14_38.12,RELI_quotes_2025_01_14.parquet,True
RELI,2025-06-17,96.61,RELI_2025-06-17_96.61,RELI_quotes_2025_06_17.parquet,True
RELI,2025-06-18,63.59,RELI_2025-06-18_63.59,RELI_quotes_2025_06_18.parquet,True
RELI,2025-06-24,36.84,RELI_2025-06-24_36.84,RELI_quotes_2025_06_24.parquet,True
RELI,2025-09-15,112.47,RELI_2025-09-15_112.47,RELI_quotes_2025_09_15.parquet,True
RELI,2025-09-22,165.31,RELI_2025-09-22_165.31,RELI_quotes_2025_09_22.parquet,True
RELI,2025-09-29,39.25,RELI_2025-09-29_39.25,RELI_quotes_2025_09_29.parquet,True
RELI,2025-10-28,39.99,RELI_2025-10-28_39.99,RELI_quotes_2025_10_28.parquet,True
RENT,2025-03-20,43.76,RENT_2025-03-20_43.76,RENT_quotes_2025_03_20.parquet,True
RENT,2025-06-06,50.00,RENT_2025-06-06_50.00,RENT_quotes_2025_06_06.parquet,True
RENT,2025-08-21,37.35,RENT_2025-08-21_37.35,RENT_quotes_2025_08_21.parquet,True
RENT,2025-09-11,31.20,RENT_2025-09-11_31.20,RENT_quotes_2025_09_11.parquet,True
REPL,2025-07-23,37.25,REPL_2025-07-23_37.25,REPL_quotes_2025_07_23.parquet,True
REPL,2025-07-30,115.20,REPL_2025-07-30_115.20,REPL_quotes_2025_07_30.parquet,True
REPL,2025-09-23,34.25,REPL_2025-09-23_34.25,REPL_quotes_2025_09_23.parquet,True
REPL,2025-10-20,128.67,REPL_2025-10-20_128.67,REPL_quotes_2025_10_20.parquet,True
RETO,2025-02-20,89.92,RETO_2025-02-20_89.92,RETO_quotes_2025_02_20.parquet,True
RETO,2025-02-24,203.03,RETO_2025-02-24_203.03,RETO_quotes_2025_02_24.parquet,True
RETO,2025-02-25,108.47,RETO_2025-02-25_108.47,RETO_quotes_2025_02_25.parquet,True
RETO,2025-03-03,37.89,RETO_2025-03-03_37.89,RETO_quotes_2025_03_03.parquet,True
RETO,2025-03-04,39.87,RETO_2025-03-04_39.87,RETO_quotes_2025_03_04.parquet,True
RETO,2025-04-25,60.14,RETO_2025-04-25_60.14,RETO_quotes_2025_04_25.parquet,True
REVB,2025-04-08,37.75,REVB_2025-04-08_37.75,REVB_quotes_2025_04_08.parquet,True
REVB,2025-06-03,39.73,REVB_2025-06-03_39.73,REVB_quotes_2025_06_03.parquet,True
RFL,2025-06-10,41.78,RFL_2025-06-10_41.78,RFL_quotes_2025_06_10.parquet,True
RFL,2025-07-10,40.93,RFL_2025-07-10_40.93,RFL_quotes_2025_07_10.parquet,True
RGC,2025-03-20,48.62,RGC_2025-03-20_48.62,RGC_quotes_2025_03_20.parquet,True
RGC,2025-03-21,43.83,RGC_2025-03-21_43.83,RGC_quotes_2025_03_21.parquet,True
RGC,2025-03-31,54.95,RGC_2025-03-31_54.95,RGC_quotes_2025_03_31.parquet,True
RGC,2025-04-04,56.37,RGC_2025-04-04_56.37,RGC_quotes_2025_04_04.parquet,True
RGC,2025-04-11,45.75,RGC_2025-04-11_45.75,RGC_quotes_2025_04_11.parquet,True
RGC,2025-04-30,103.86,RGC_2025-04-30_103.86,RGC_quotes_2025_04_30.parquet,True
RGC,2025-05-01,35.67,RGC_2025-05-01_35.67,RGC_quotes_2025_05_01.parquet,True
RGC,2025-05-05,64.90,RGC_2025-05-05_64.90,RGC_quotes_2025_05_05.parquet,True
RGC,2025-05-06,169.16,RGC_2025-05-06_169.16,RGC_quotes_2025_05_06.parquet,True
RGC,2025-05-07,36.55,RGC_2025-05-07_36.55,RGC_quotes_2025_05_07.parquet,True
RGC,2025-05-08,41.44,RGC_2025-05-08_41.44,RGC_quotes_2025_05_08.parquet,True
RGC,2025-05-09,79.25,RGC_2025-05-09_79.25,RGC_quotes_2025_05_09.parquet,True
RGC,2025-05-12,44.92,RGC_2025-05-12_44.92,RGC_quotes_2025_05_12.parquet,True
RGC,2025-05-14,34.53,RGC_2025-05-14_34.53,RGC_quotes_2025_05_14.parquet,True
RGC,2025-05-20,32.10,RGC_2025-05-20_32.10,RGC_quotes_2025_05_20.parquet,True
RGC,2025-05-29,58.54,RGC_2025-05-29_58.54,RGC_quotes_2025_05_29.parquet,True
RGC,2025-06-06,32.49,RGC_2025-06-06_32.49,RGC_quotes_2025_06_06.parquet,True
RGC,2025-06-16,433.83,RGC_2025-06-16_433.83,RGC_quotes_2025_06_16.parquet,True
RGC,2025-06-17,35.38,RGC_2025-06-17_35.38,RGC_quotes_2025_06_17.parquet,True
RGC,2025-06-24,45.91,RGC_2025-06-24_45.91,RGC_quotes_2025_06_24.parquet,True
RGC,2025-07-03,170.27,RGC_2025-07-03_170.27,RGC_quotes_2025_07_03.parquet,True
RGC,2025-07-07,30.49,RGC_2025-07-07_30.49,RGC_quotes_2025_07_07.parquet,True
RGC,2025-07-23,34.64,RGC_2025-07-23_34.64,RGC_quotes_2025_07_23.parquet,True
RGTIW,2025-01-10,34.30,RGTIW_2025-01-10_34.30,RGTIW_quotes_2025_01_10.parquet,True
RGTIW,2025-01-14,78.57,RGTIW_2025-01-14_78.57,RGTIW_quotes_2025_01_14.parquet,True
RGTIW,2025-01-15,61.81,RGTIW_2025-01-15_61.81,RGTIW_quotes_2025_01_15.parquet,True
RGTIW,2025-01-21,59.76,RGTIW_2025-01-21_59.76,RGTIW_quotes_2025_01_21.parquet,True
RGTIW,2025-03-14,33.01,RGTIW_2025-03-14_33.01,RGTIW_quotes_2025_03_14.parquet,True
RGTIW,2025-05-22,40.28,RGTIW_2025-05-22_40.28,RGTIW_quotes_2025_05_22.parquet,True
RGTIW,2025-06-11,34.52,RGTIW_2025-06-11_34.52,RGTIW_quotes_2025_06_11.parquet,True
RGTIW,2025-07-16,45.66,RGTIW_2025-07-16_45.66,RGTIW_quotes_2025_07_16.parquet,True
RGTIW,2025-09-12,41.95,RGTIW_2025-09-12_41.95,RGTIW_quotes_2025_09_12.parquet,True
RGTIW,2025-09-18,38.65,RGTIW_2025-09-18_38.65,RGTIW_quotes_2025_09_18.parquet,True
RGTIW,2025-09-19,31.92,RGTIW_2025-09-19_31.92,RGTIW_quotes_2025_09_19.parquet,True
RGTIW,2025-10-02,32.15,RGTIW_2025-10-02_32.15,RGTIW_quotes_2025_10_02.parquet,True
RGTIW,2025-10-13,34.83,RGTIW_2025-10-13_34.83,RGTIW_quotes_2025_10_13.parquet,True
RGTI,2025-01-14,48.26,RGTI_2025-01-14_48.26,RGTI_quotes_2025_01_14.parquet,True
RGTI,2025-01-21,43.13,RGTI_2025-01-21_43.13,RGTI_quotes_2025_01_21.parquet,True
RGTI,2025-05-22,31.75,RGTI_2025-05-22_31.75,RGTI_quotes_2025_05_22.parquet,True
RGTI,2025-07-16,32.39,RGTI_2025-07-16_32.39,RGTI_quotes_2025_07_16.parquet,True
RGTX,2025-04-07,35.32,RGTX_2025-04-07_35.32,RGTX_quotes_2025_04_07.parquet,True
RGTX,2025-04-09,43.48,RGTX_2025-04-09_43.48,RGTX_quotes_2025_04_09.parquet,True
RGTX,2025-05-02,38.29,RGTX_2025-05-02_38.29,RGTX_quotes_2025_05_02.parquet,True
RGTX,2025-05-14,51.36,RGTX_2025-05-14_51.36,RGTX_quotes_2025_05_14.parquet,True
RGTX,2025-05-22,63.24,RGTX_2025-05-22_63.24,RGTX_quotes_2025_05_22.parquet,True
RGTX,2025-06-11,40.58,RGTX_2025-06-11_40.58,RGTX_quotes_2025_06_11.parquet,True
RGTX,2025-07-02,30.59,RGTX_2025-07-02_30.59,RGTX_quotes_2025_07_02.parquet,True
RGTX,2025-07-16,64.71,RGTX_2025-07-16_64.71,RGTX_quotes_2025_07_16.parquet,True
RGTX,2025-09-12,41.12,RGTX_2025-09-12_41.12,RGTX_quotes_2025_09_12.parquet,True
RGTX,2025-09-18,37.84,RGTX_2025-09-18_37.84,RGTX_quotes_2025_09_18.parquet,True
RGTX,2025-09-19,34.34,RGTX_2025-09-19_34.34,RGTX_quotes_2025_09_19.parquet,True
RGTX,2025-10-02,38.55,RGTX_2025-10-02_38.55,RGTX_quotes_2025_10_02.parquet,True
RGTX,2025-10-13,49.92,RGTX_2025-10-13_49.92,RGTX_quotes_2025_10_13.parquet,True
RGTX,2025-10-23,32.70,RGTX_2025-10-23_32.70,RGTX_quotes_2025_10_23.parquet,True
RGTZ,2025-10-16,33.22,RGTZ_2025-10-16_33.22,RGTZ_quotes_2025_10_16.parquet,True
RHLD,2025-03-17,45.37,RHLD_2025-03-17_45.37,RHLD_quotes_2025_03_17.parquet,True
RH,2025-04-09,32.35,RH_2025-04-09_32.35,RH_quotes_2025_04_09.parquet,True
RIGL,2025-05-07,39.21,RIGL_2025-05-07_39.21,RIGL_quotes_2025_05_07.parquet,True
RILYG,2025-05-21,33.25,RILYG_2025-05-21_33.25,RILYG_quotes_2025_05_21.parquet,True
RILYL,2025-02-11,33.33,RILYL_2025-02-11_33.33,RILYL_quotes_2025_02_11.parquet,True
RILYL,2025-02-26,30.68,RILYL_2025-02-26_30.68,RILYL_quotes_2025_02_26.parquet,True
RILYL,2025-07-10,55.72,RILYL_2025-07-10_55.72,RILYL_quotes_2025_07_10.parquet,True
RILYL,2025-07-17,35.56,RILYL_2025-07-17_35.56,RILYL_quotes_2025_07_17.parquet,True
RILYP,2025-02-26,41.75,RILYP_2025-02-26_41.75,RILYP_quotes_2025_02_26.parquet,True
RILYP,2025-04-14,31.58,RILYP_2025-04-14_31.58,RILYP_quotes_2025_04_14.parquet,True
RILYP,2025-07-10,44.85,RILYP_2025-07-10_44.85,RILYP_quotes_2025_07_10.parquet,True
RILYP,2025-08-14,31.70,RILYP_2025-08-14_31.70,RILYP_quotes_2025_08_14.parquet,True
RILY,2025-02-21,33.12,RILY_2025-02-21_33.12,RILY_quotes_2025_02_21.parquet,True
RILY,2025-02-24,55.29,RILY_2025-02-24_55.29,RILY_quotes_2025_02_24.parquet,True
RILY,2025-02-26,52.45,RILY_2025-02-26_52.45,RILY_quotes_2025_02_26.parquet,True
RIME,2025-01-06,32.47,RIME_2025-01-06_32.47,RIME_quotes_2025_01_06.parquet,True
RIME,2025-01-07,133.84,RIME_2025-01-07_133.84,RIME_quotes_2025_01_07.parquet,True
RIME,2025-01-31,31.97,RIME_2025-01-31_31.97,RIME_quotes_2025_01_31.parquet,True
RITR,2025-02-28,36.87,RITR_2025-02-28_36.87,RITR_quotes_2025_02_28.parquet,True
RITR,2025-06-02,47.32,RITR_2025-06-02_47.32,RITR_quotes_2025_06_02.parquet,True
RITR,2025-06-05,41.78,RITR_2025-06-05_41.78,RITR_quotes_2025_06_05.parquet,True
RITR,2025-06-25,34.24,RITR_2025-06-25_34.24,RITR_quotes_2025_06_25.parquet,True
RITR,2025-06-30,40.50,RITR_2025-06-30_40.50,RITR_quotes_2025_06_30.parquet,True
RKDA,2025-10-08,98.52,RKDA_2025-10-08_98.52,RKDA_quotes_2025_10_08.parquet,True
RKDA,2025-10-15,55.01,RKDA_2025-10-15_55.01,RKDA_quotes_2025_10_15.parquet,True
RKLB,2025-01-21,31.83,RKLB_2025-01-21_31.83,RKLB_quotes_2025_01_21.parquet,True
RKLX,2025-04-09,47.97,RKLX_2025-04-09_47.97,RKLX_quotes_2025_04_09.parquet,True
RKLX,2025-04-15,31.74,RKLX_2025-04-15_31.74,RKLX_quotes_2025_04_15.parquet,True
RKLX,2025-06-26,30.04,RKLX_2025-06-26_30.04,RKLX_quotes_2025_06_26.parquet,True
RLMD,2025-08-29,53.55,RLMD_2025-08-29_53.55,RLMD_quotes_2025_08_29.parquet,True
RLMD,2025-09-02,40.04,RLMD_2025-09-02_40.04,RLMD_quotes_2025_09_02.parquet,True
RMCF,2025-06-18,39.34,RMCF_2025-06-18_39.34,RMCF_quotes_2025_06_18.parquet,True
RMCF,2025-09-16,32.56,RMCF_2025-09-16_32.56,RMCF_quotes_2025_09_16.parquet,True
RMCO,2025-07-02,33.85,RMCO_2025-07-02_33.85,RMCO_quotes_2025_07_02.parquet,True
RMCO,2025-10-14,52.56,RMCO_2025-10-14_52.56,RMCO_quotes_2025_10_14.parquet,True
RMCO,2025-10-20,38.16,RMCO_2025-10-20_38.16,RMCO_quotes_2025_10_20.parquet,True
RMCO,2025-10-28,30.31,RMCO_2025-10-28_30.31,RMCO_quotes_2025_10_28.parquet,True
RMNI,2025-07-10,36.20,RMNI_2025-07-10_36.20,RMNI_quotes_2025_07_10.parquet,True
RMSG,2025-08-06,133.73,RMSG_2025-08-06_133.73,RMSG_quotes_2025_08_06.parquet,True
RMSG,2025-08-12,35.29,RMSG_2025-08-12_35.29,RMSG_quotes_2025_08_12.parquet,True
RMSG,2025-08-19,38.24,RMSG_2025-08-19_38.24,RMSG_quotes_2025_08_19.parquet,True
RMSG,2025-10-15,54.01,RMSG_2025-10-15_54.01,RMSG_quotes_2025_10_15.parquet,True
RMSG,2025-10-16,30.68,RMSG_2025-10-16_30.68,RMSG_quotes_2025_10_16.parquet,True
RMTI,2025-08-25,42.98,RMTI_2025-08-25_42.98,RMTI_quotes_2025_08_25.parquet,True
RNAC,2025-07-09,37.79,RNAC_2025-07-09_37.79,RNAC_quotes_2025_07_09.parquet,True
RNAZ,2025-01-23,256.16,RNAZ_2025-01-23_256.16,RNAZ_quotes_2025_01_23.parquet,True
RNAZ,2025-01-24,76.73,RNAZ_2025-01-24_76.73,RNAZ_quotes_2025_01_24.parquet,True
RNAZ,2025-01-28,144.95,RNAZ_2025-01-28_144.95,RNAZ_quotes_2025_01_28.parquet,True
RNAZ,2025-02-05,106.17,RNAZ_2025-02-05_106.17,RNAZ_quotes_2025_02_05.parquet,True
RNAZ,2025-02-06,59.39,RNAZ_2025-02-06_59.39,RNAZ_quotes_2025_02_06.parquet,True
RNAZ,2025-03-21,116.88,RNAZ_2025-03-21_116.88,RNAZ_quotes_2025_03_21.parquet,True
RNAZ,2025-04-21,41.28,RNAZ_2025-04-21_41.28,RNAZ_quotes_2025_04_21.parquet,True
RNAZ,2025-04-24,49.08,RNAZ_2025-04-24_49.08,RNAZ_quotes_2025_04_24.parquet,True
RNAZ,2025-05-01,93.48,RNAZ_2025-05-01_93.48,RNAZ_quotes_2025_05_01.parquet,True
RNAZ,2025-07-23,82.63,RNAZ_2025-07-23_82.63,RNAZ_quotes_2025_07_23.parquet,True
RNAZ,2025-07-28,35.26,RNAZ_2025-07-28_35.26,RNAZ_quotes_2025_07_28.parquet,True
RNAZ,2025-10-08,71.77,RNAZ_2025-10-08_71.77,RNAZ_quotes_2025_10_08.parquet,True
RNA,2025-10-27,43.46,RNA_2025-10-27_43.46,RNA_quotes_2025_10_27.parquet,True
RNTX,2025-01-22,36.59,RNTX_2025-01-22_36.59,RNTX_quotes_2025_01_22.parquet,True
RNTX,2025-01-29,40.56,RNTX_2025-01-29_40.56,RNTX_quotes_2025_01_29.parquet,True
RNTX,2025-10-07,31.93,RNTX_2025-10-07_31.93,RNTX_quotes_2025_10_07.parquet,True
ROMA,2025-09-03,53.63,ROMA_2025-09-03_53.63,ROMA_quotes_2025_09_03.parquet,True
ROMA,2025-09-09,33.38,ROMA_2025-09-09_33.38,ROMA_quotes_2025_09_09.parquet,True
ROOT,2025-02-27,38.29,ROOT_2025-02-27_38.29,ROOT_quotes_2025_02_27.parquet,True
RPGL,2025-10-23,54.21,RPGL_2025-10-23_54.21,RPGL_quotes_2025_10_23.parquet,True
RPGL,2025-10-27,54.55,RPGL_2025-10-27_54.55,RPGL_quotes_2025_10_27.parquet,True
RPID,2025-01-14,31.82,RPID_2025-01-14_31.82,RPID_quotes_2025_01_14.parquet,True
RPID,2025-02-05,33.62,RPID_2025-02-05_33.62,RPID_quotes_2025_02_05.parquet,True
RRGB,2025-02-27,38.05,RRGB_2025-02-27_38.05,RRGB_quotes_2025_02_27.parquet,True
RRGB,2025-05-30,82.43,RRGB_2025-05-30_82.43,RRGB_quotes_2025_05_30.parquet,True
RR,2025-01-03,72.61,RR_2025-01-03_72.61,RR_quotes_2025_01_03.parquet,True
RR,2025-01-14,53.77,RR_2025-01-14_53.77,RR_quotes_2025_01_14.parquet,True
RR,2025-03-17,36.09,RR_2025-03-17_36.09,RR_quotes_2025_03_17.parquet,True
RR,2025-05-27,30.45,RR_2025-05-27_30.45,RR_quotes_2025_05_27.parquet,True
RR,2025-08-26,36.13,RR_2025-08-26_36.13,RR_quotes_2025_08_26.parquet,True
RSVRW,2025-01-31,60.63,RSVRW_2025-01-31_60.63,RSVRW_quotes_2025_01_31.parquet,True
RSVRW,2025-02-26,30.63,RSVRW_2025-02-26_30.63,RSVRW_quotes_2025_02_26.parquet,True
RUBI,2025-08-05,35.29,RUBI_2025-08-05_35.29,RUBI_quotes_2025_08_05.parquet,True
RUMBW,2025-04-09,36.28,RUMBW_2025-04-09_36.28,RUMBW_quotes_2025_04_09.parquet,True
RUMBW,2025-05-09,44.78,RUMBW_2025-05-09_44.78,RUMBW_quotes_2025_05_09.parquet,True
RUMBW,2025-08-11,45.83,RUMBW_2025-08-11_45.83,RUMBW_quotes_2025_08_11.parquet,True
RUMBW,2025-08-28,52.36,RUMBW_2025-08-28_52.36,RUMBW_quotes_2025_08_28.parquet,True
RUMBW,2025-10-03,38.53,RUMBW_2025-10-03_38.53,RUMBW_quotes_2025_10_03.parquet,True
RUM,2025-05-09,32.26,RUM_2025-05-09_32.26,RUM_quotes_2025_05_09.parquet,True
RUN,2025-08-07,35.94,RUN_2025-08-07_35.94,RUN_quotes_2025_08_07.parquet,True
RUN,2025-08-15,41.89,RUN_2025-08-15_41.89,RUN_quotes_2025_08_15.parquet,True
RVYL,2025-06-02,302.77,RVYL_2025-06-02_302.77,RVYL_quotes_2025_06_02.parquet,True
RVYL,2025-06-05,212.26,RVYL_2025-06-05_212.26,RVYL_quotes_2025_06_05.parquet,True
RXRX,2025-04-11,33.04,RXRX_2025-04-11_33.04,RXRX_quotes_2025_04_11.parquet,True
RYET,2025-04-10,60.38,RYET_2025-04-10_60.38,RYET_quotes_2025_04_10.parquet,True
RYET,2025-04-15,38.70,RYET_2025-04-15_38.70,RYET_quotes_2025_04_15.parquet,True
RYET,2025-04-30,71.56,RYET_2025-04-30_71.56,RYET_quotes_2025_04_30.parquet,True
RYET,2025-05-08,35.84,RYET_2025-05-08_35.84,RYET_quotes_2025_05_08.parquet,True
RYET,2025-05-12,40.38,RYET_2025-05-12_40.38,RYET_quotes_2025_05_12.parquet,True
RYET,2025-05-16,46.54,RYET_2025-05-16_46.54,RYET_quotes_2025_05_16.parquet,True
RYET,2025-06-30,33.33,RYET_2025-06-30_33.33,RYET_quotes_2025_06_30.parquet,True
RYET,2025-07-10,38.68,RYET_2025-07-10_38.68,RYET_quotes_2025_07_10.parquet,True
RYET,2025-07-11,36.45,RYET_2025-07-11_36.45,RYET_quotes_2025_07_11.parquet,True
RYET,2025-07-17,39.02,RYET_2025-07-17_39.02,RYET_quotes_2025_07_17.parquet,True
RYM,2025-09-29,30.11,RYM_2025-09-29_30.11,RYM_quotes_2025_09_29.parquet,True
RYOJ,2025-10-16,146.54,RYOJ_2025-10-16_146.54,RYOJ_quotes_2025_10_16.parquet,True
RYOJ,2025-10-21,200.79,RYOJ_2025-10-21_200.79,RYOJ_quotes_2025_10_21.parquet,True
RYOJ,2025-10-28,42.89,RYOJ_2025-10-28_42.89,RYOJ_quotes_2025_10_28.parquet,True
RYTM,2025-07-09,36.71,RYTM_2025-07-09_36.71,RYTM_quotes_2025_07_09.parquet,True
RZLT,2025-04-23,37.94,RZLT_2025-04-23_37.94,RZLT_quotes_2025_04_23.parquet,True
RZLVW,2025-09-09,36.38,RZLVW_2025-09-09_36.38,RZLVW_quotes_2025_09_09.parquet,True
RZLVW,2025-09-10,82.91,RZLVW_2025-09-10_82.91,RZLVW_quotes_2025_09_10.parquet,True
RZLVW,2025-10-01,37.12,RZLVW_2025-10-01_37.12,RZLVW_quotes_2025_10_01.parquet,True
RZLVW,2025-10-02,43.14,RZLVW_2025-10-02_43.14,RZLVW_quotes_2025_10_02.parquet,True
RZLVW,2025-10-24,34.99,RZLVW_2025-10-24_34.99,RZLVW_quotes_2025_10_24.parquet,True
RZLV,2025-01-16,30.29,RZLV_2025-01-16_30.29,RZLV_quotes_2025_01_16.parquet,True
RZLV,2025-04-15,36.84,RZLV_2025-04-15_36.84,RZLV_quotes_2025_04_15.parquet,True
RZLV,2025-04-24,33.56,RZLV_2025-04-24_33.56,RZLV_quotes_2025_04_24.parquet,True
RZLV,2025-06-24,40.20,RZLV_2025-06-24_40.20,RZLV_quotes_2025_06_24.parquet,True
SABS,2025-07-08,34.18,SABS_2025-07-08_34.18,SABS_quotes_2025_07_08.parquet,True
SABS,2025-07-21,156.81,SABS_2025-07-21_156.81,SABS_quotes_2025_07_21.parquet,True
SAFX,2025-06-17,46.15,SAFX_2025-06-17_46.15,SAFX_quotes_2025_06_17.parquet,True
SAFX,2025-06-18,38.82,SAFX_2025-06-18_38.82,SAFX_quotes_2025_06_18.parquet,True
SAFX,2025-06-25,98.25,SAFX_2025-06-25_98.25,SAFX_quotes_2025_06_25.parquet,True
SAFX,2025-07-10,139.33,SAFX_2025-07-10_139.33,SAFX_quotes_2025_07_10.parquet,True
SAGT,2025-04-24,37.09,SAGT_2025-04-24_37.09,SAGT_quotes_2025_04_24.parquet,True
SAGT,2025-04-29,42.71,SAGT_2025-04-29_42.71,SAGT_quotes_2025_04_29.parquet,True
SAIH,2025-01-23,38.89,SAIH_2025-01-23_38.89,SAIH_quotes_2025_01_23.parquet,True
SAIH,2025-03-24,33.93,SAIH_2025-03-24_33.93,SAIH_quotes_2025_03_24.parquet,True
SAIH,2025-03-25,31.08,SAIH_2025-03-25_31.08,SAIH_quotes_2025_03_25.parquet,True
SAIH,2025-04-09,33.65,SAIH_2025-04-09_33.65,SAIH_quotes_2025_04_09.parquet,True
SAIH,2025-04-16,33.88,SAIH_2025-04-16_33.88,SAIH_quotes_2025_04_16.parquet,True
SAIH,2025-04-25,38.89,SAIH_2025-04-25_38.89,SAIH_quotes_2025_04_25.parquet,True
SAIH,2025-04-29,44.18,SAIH_2025-04-29_44.18,SAIH_quotes_2025_04_29.parquet,True
SAIH,2025-05-23,36.04,SAIH_2025-05-23_36.04,SAIH_quotes_2025_05_23.parquet,True
SAIH,2025-07-17,41.11,SAIH_2025-07-17_41.11,SAIH_quotes_2025_07_17.parquet,True
SAIH,2025-09-09,54.86,SAIH_2025-09-09_54.86,SAIH_quotes_2025_09_09.parquet,True
SAIH,2025-09-19,33.88,SAIH_2025-09-19_33.88,SAIH_quotes_2025_09_19.parquet,True
SANA,2025-01-08,342.42,SANA_2025-01-08_342.42,SANA_quotes_2025_01_08.parquet,True
SANA,2025-10-15,47.19,SANA_2025-10-15_47.19,SANA_quotes_2025_10_15.parquet,True
SANM,2025-10-06,40.47,SANM_2025-10-06_40.47,SANM_quotes_2025_10_06.parquet,True
SATL,2025-03-12,33.05,SATL_2025-03-12_33.05,SATL_quotes_2025_03_12.parquet,True
SATS,2025-06-16,50.18,SATS_2025-06-16_50.18,SATS_quotes_2025_06_16.parquet,True
SATS,2025-08-26,84.71,SATS_2025-08-26_84.71,SATS_quotes_2025_08_26.parquet,True
SAVA,2025-09-23,57.76,SAVA_2025-09-23_57.76,SAVA_quotes_2025_09_23.parquet,True
SBC,2025-02-13,35.66,SBC_2025-02-13_35.66,SBC_quotes_2025_02_13.parquet,True
SBC,2025-04-10,54.57,SBC_2025-04-10_54.57,SBC_quotes_2025_04_10.parquet,True
SBC,2025-05-22,32.56,SBC_2025-05-22_32.56,SBC_quotes_2025_05_22.parquet,True
SBDS,2025-08-11,58.48,SBDS_2025-08-11_58.48,SBDS_quotes_2025_08_11.parquet,True
SBET,2025-01-29,50.51,SBET_2025-01-29_50.51,SBET_quotes_2025_01_29.parquet,True
SBET,2025-02-06,64.05,SBET_2025-02-06_64.05,SBET_quotes_2025_02_06.parquet,True
SBET,2025-03-03,35.11,SBET_2025-03-03_35.11,SBET_quotes_2025_03_03.parquet,True
SBET,2025-04-25,52.07,SBET_2025-04-25_52.07,SBET_quotes_2025_04_25.parquet,True
SBET,2025-05-05,31.20,SBET_2025-05-05_31.20,SBET_quotes_2025_05_05.parquet,True
SBET,2025-05-09,30.91,SBET_2025-05-09_30.91,SBET_quotes_2025_05_09.parquet,True
SBET,2025-05-22,38.35,SBET_2025-05-22_38.35,SBET_quotes_2025_05_22.parquet,True
SBET,2025-05-23,83.78,SBET_2025-05-23_83.78,SBET_quotes_2025_05_23.parquet,True
SBET,2025-05-27,695.39,SBET_2025-05-27_695.39,SBET_quotes_2025_05_27.parquet,True
SBET,2025-05-29,218.48,SBET_2025-05-29_218.48,SBET_quotes_2025_05_29.parquet,True
SBET,2025-05-30,56.70,SBET_2025-05-30_56.70,SBET_quotes_2025_05_30.parquet,True
SBET,2025-06-03,49.36,SBET_2025-06-03_49.36,SBET_quotes_2025_06_03.parquet,True
SBET,2025-06-11,45.73,SBET_2025-06-11_45.73,SBET_quotes_2025_06_11.parquet,True
SBET,2025-06-16,54.72,SBET_2025-06-16_54.72,SBET_quotes_2025_06_16.parquet,True
SBET,2025-07-02,33.05,SBET_2025-07-02_33.05,SBET_quotes_2025_07_02.parquet,True
SBET,2025-07-08,30.39,SBET_2025-07-08_30.39,SBET_quotes_2025_07_08.parquet,True
SBET,2025-07-16,34.90,SBET_2025-07-16_34.90,SBET_quotes_2025_07_16.parquet,True
SBFM,2025-04-02,87.50,SBFM_2025-04-02_87.50,SBFM_quotes_2025_04_02.parquet,True
SBLX,2025-09-09,98.12,SBLX_2025-09-09_98.12,SBLX_quotes_2025_09_09.parquet,True
SBLX,2025-10-14,42.86,SBLX_2025-10-14_42.86,SBLX_quotes_2025_10_14.parquet,True
SCAG,2025-07-02,60.01,SCAG_2025-07-02_60.01,SCAG_quotes_2025_07_02.parquet,True
SCAG,2025-07-09,94.52,SCAG_2025-07-09_94.52,SCAG_quotes_2025_07_09.parquet,True
SCAG,2025-09-05,81.49,SCAG_2025-09-05_81.49,SCAG_quotes_2025_09_05.parquet,True
SCLX,2025-04-02,39.37,SCLX_2025-04-02_39.37,SCLX_quotes_2025_04_02.parquet,True
SCLX,2025-07-17,33.43,SCLX_2025-07-17_33.43,SCLX_quotes_2025_07_17.parquet,True
SCLX,2025-07-23,33.37,SCLX_2025-07-23_33.37,SCLX_quotes_2025_07_23.parquet,True
SCLX,2025-07-28,37.71,SCLX_2025-07-28_37.71,SCLX_quotes_2025_07_28.parquet,True
SCNI,2025-06-05,145.24,SCNI_2025-06-05_145.24,SCNI_quotes_2025_06_05.parquet,True
SCNI,2025-07-29,69.76,SCNI_2025-07-29_69.76,SCNI_quotes_2025_07_29.parquet,True
SCNI,2025-08-13,37.76,SCNI_2025-08-13_37.76,SCNI_quotes_2025_08_13.parquet,True
SCNX,2025-03-06,64.09,SCNX_2025-03-06_64.09,SCNX_quotes_2025_03_06.parquet,True
SCNX,2025-03-17,74.50,SCNX_2025-03-17_74.50,SCNX_quotes_2025_03_17.parquet,True
SCNX,2025-03-19,30.14,SCNX_2025-03-19_30.14,SCNX_quotes_2025_03_19.parquet,True
SCNX,2025-10-16,56.38,SCNX_2025-10-16_56.38,SCNX_quotes_2025_10_16.parquet,True
SCNX,2025-10-23,354.94,SCNX_2025-10-23_354.94,SCNX_quotes_2025_10_23.parquet,True
SCNX,2025-10-31,43.29,SCNX_2025-10-31_43.29,SCNX_quotes_2025_10_31.parquet,True
SCOR,2025-01-23,35.86,SCOR_2025-01-23_35.86,SCOR_quotes_2025_01_23.parquet,True
SCOR,2025-09-29,66.31,SCOR_2025-09-29_66.31,SCOR_quotes_2025_09_29.parquet,True
SCS,2025-08-04,68.27,SCS_2025-08-04_68.27,SCS_quotes_2025_08_04.parquet,True
SCWO,2025-10-09,55.71,SCWO_2025-10-09_55.71,SCWO_quotes_2025_10_09.parquet,True
SDM,2025-05-07,43.26,SDM_2025-05-07_43.26,SDM_quotes_2025_05_07.parquet,True
SDM,2025-05-20,30.93,SDM_2025-05-20_30.93,SDM_quotes_2025_05_20.parquet,True
SDM,2025-05-21,47.32,SDM_2025-05-21_47.32,SDM_quotes_2025_05_21.parquet,True
SDM,2025-06-23,35.63,SDM_2025-06-23_35.63,SDM_quotes_2025_06_23.parquet,True
SDM,2025-06-30,45.76,SDM_2025-06-30_45.76,SDM_quotes_2025_06_30.parquet,True
SDM,2025-07-11,64.18,SDM_2025-07-11_64.18,SDM_quotes_2025_07_11.parquet,True
SDM,2025-07-16,46.09,SDM_2025-07-16_46.09,SDM_quotes_2025_07_16.parquet,True
SDM,2025-07-28,66.95,SDM_2025-07-28_66.95,SDM_quotes_2025_07_28.parquet,True
SDM,2025-07-30,34.62,SDM_2025-07-30_34.62,SDM_quotes_2025_07_30.parquet,True
SDM,2025-08-12,32.74,SDM_2025-08-12_32.74,SDM_quotes_2025_08_12.parquet,True
SDOT,2025-10-15,150.87,SDOT_2025-10-15_150.87,SDOT_quotes_2025_10_15.parquet,True
SDST,2025-02-03,37.00,SDST_2025-02-03_37.00,SDST_quotes_2025_02_03.parquet,True
SDST,2025-02-19,32.86,SDST_2025-02-19_32.86,SDST_quotes_2025_02_19.parquet,True
SDST,2025-05-13,38.00,SDST_2025-05-13_38.00,SDST_quotes_2025_05_13.parquet,True
SDST,2025-07-14,146.83,SDST_2025-07-14_146.83,SDST_quotes_2025_07_14.parquet,True
SDST,2025-07-23,45.73,SDST_2025-07-23_45.73,SDST_quotes_2025_07_23.parquet,True
SDST,2025-10-13,40.00,SDST_2025-10-13_40.00,SDST_quotes_2025_10_13.parquet,True
SDST,2025-10-14,44.94,SDST_2025-10-14_44.94,SDST_quotes_2025_10_14.parquet,True
SEAT,2025-08-06,71.57,SEAT_2025-08-06_71.57,SEAT_quotes_2025_08_06.parquet,True
SEDG,2025-02-19,40.40,SEDG_2025-02-19_40.40,SEDG_quotes_2025_02_19.parquet,True
SEED,2025-06-24,43.76,SEED_2025-06-24_43.76,SEED_quotes_2025_06_24.parquet,True
SEED,2025-10-15,73.52,SEED_2025-10-15_73.52,SEED_quotes_2025_10_15.parquet,True
SEI,2025-02-21,33.01,SEI_2025-02-21_33.01,SEI_quotes_2025_02_21.parquet,True
SENS,2025-01-10,92.82,SENS_2025-01-10_92.82,SENS_quotes_2025_01_10.parquet,True
SEPN,2025-05-14,68.80,SEPN_2025-05-14_68.80,SEPN_quotes_2025_05_14.parquet,True
SERA,2025-06-12,33.33,SERA_2025-06-12_33.33,SERA_quotes_2025_06_12.parquet,True
SERA,2025-06-27,106.57,SERA_2025-06-27_106.57,SERA_quotes_2025_06_27.parquet,True
SERV,2025-01-03,32.79,SERV_2025-01-03_32.79,SERV_quotes_2025_01_03.parquet,True
SERV,2025-10-09,30.23,SERV_2025-10-09_30.23,SERV_quotes_2025_10_09.parquet,True
SES,2025-01-16,34.35,SES_2025-01-16_34.35,SES_quotes_2025_01_16.parquet,True
SES,2025-01-23,80.42,SES_2025-01-23_80.42,SES_quotes_2025_01_23.parquet,True
SES,2025-04-25,43.86,SES_2025-04-25_43.86,SES_quotes_2025_04_25.parquet,True
SEV,2025-10-23,59.39,SEV_2025-10-23_59.39,SEV_quotes_2025_10_23.parquet,True
SEZL,2025-04-09,30.90,SEZL_2025-04-09_30.90,SEZL_quotes_2025_04_09.parquet,True
SEZL,2025-05-08,55.13,SEZL_2025-05-08_55.13,SEZL_quotes_2025_05_08.parquet,True
SFHG,2025-01-03,43.45,SFHG_2025-01-03_43.45,SFHG_quotes_2025_01_03.parquet,True
SGBX,2025-01-03,33.74,SGBX_2025-01-03_33.74,SGBX_quotes_2025_01_03.parquet,True
SGBX,2025-01-15,255.56,SGBX_2025-01-15_255.56,SGBX_quotes_2025_01_15.parquet,True
SGBX,2025-02-06,87.28,SGBX_2025-02-06_87.28,SGBX_quotes_2025_02_06.parquet,True
SGBX,2025-05-08,48.75,SGBX_2025-05-08_48.75,SGBX_quotes_2025_05_08.parquet,True
SGBX,2025-05-22,67.25,SGBX_2025-05-22_67.25,SGBX_quotes_2025_05_22.parquet,True
SGBX,2025-05-23,64.29,SGBX_2025-05-23_64.29,SGBX_quotes_2025_05_23.parquet,True
SGBX,2025-05-28,162.21,SGBX_2025-05-28_162.21,SGBX_quotes_2025_05_28.parquet,True
SGBX,2025-06-02,36.36,SGBX_2025-06-02_36.36,SGBX_quotes_2025_06_02.parquet,True
SGBX,2025-06-16,33.48,SGBX_2025-06-16_33.48,SGBX_quotes_2025_06_16.parquet,True
SGBX,2025-06-17,31.72,SGBX_2025-06-17_31.72,SGBX_quotes_2025_06_17.parquet,True
SGBX,2025-08-06,213.55,SGBX_2025-08-06_213.55,SGBX_quotes_2025_08_06.parquet,True
SGBX,2025-08-08,67.25,SGBX_2025-08-08_67.25,SGBX_quotes_2025_08_08.parquet,True
SGBX,2025-10-10,127.78,SGBX_2025-10-10_127.78,SGBX_quotes_2025_10_10.parquet,True
SGBX,2025-10-17,37.99,SGBX_2025-10-17_37.99,SGBX_quotes_2025_10_17.parquet,True
SGBX,2025-10-23,64.03,SGBX_2025-10-23_64.03,SGBX_quotes_2025_10_23.parquet,True
SGD,2025-05-28,56.46,SGD_2025-05-28_56.46,SGD_quotes_2025_05_28.parquet,True
SGD,2025-07-29,85.23,SGD_2025-07-29_85.23,SGD_quotes_2025_07_29.parquet,True
SGD,2025-07-30,68.25,SGD_2025-07-30_68.25,SGD_quotes_2025_07_30.parquet,True
SGD,2025-08-04,48.94,SGD_2025-08-04_48.94,SGD_quotes_2025_08_04.parquet,True
SGD,2025-09-08,42.45,SGD_2025-09-08_42.45,SGD_quotes_2025_09_08.parquet,True
SGD,2025-09-11,35.34,SGD_2025-09-11_35.34,SGD_quotes_2025_09_11.parquet,True
SGHT,2025-10-17,39.13,SGHT_2025-10-17_39.13,SGHT_quotes_2025_10_17.parquet,True
SGLY,2025-01-22,52.50,SGLY_2025-01-22_52.50,SGLY_quotes_2025_01_22.parquet,True
SGLY,2025-02-03,117.55,SGLY_2025-02-03_117.55,SGLY_quotes_2025_02_03.parquet,True
SGLY,2025-03-21,169.53,SGLY_2025-03-21_169.53,SGLY_quotes_2025_03_21.parquet,True
SGLY,2025-03-28,47.55,SGLY_2025-03-28_47.55,SGLY_quotes_2025_03_28.parquet,True
SGLY,2025-04-30,41.07,SGLY_2025-04-30_41.07,SGLY_quotes_2025_04_30.parquet,True
SGLY,2025-05-29,68.77,SGLY_2025-05-29_68.77,SGLY_quotes_2025_05_29.parquet,True
SGML,2025-08-15,30.80,SGML_2025-08-15_30.80,SGML_quotes_2025_08_15.parquet,True
SGMT,2025-01-06,48.49,SGMT_2025-01-06_48.49,SGMT_quotes_2025_01_06.parquet,True
SGMT,2025-06-12,41.84,SGMT_2025-06-12_41.84,SGMT_quotes_2025_06_12.parquet,True
SHFS,2025-04-21,94.17,SHFS_2025-04-21_94.17,SHFS_quotes_2025_04_21.parquet,True
SHFS,2025-07-09,64.68,SHFS_2025-07-09_64.68,SHFS_quotes_2025_07_09.parquet,True
SHFS,2025-09-02,78.38,SHFS_2025-09-02_78.38,SHFS_quotes_2025_09_02.parquet,True
SHFS,2025-09-24,181.90,SHFS_2025-09-24_181.90,SHFS_quotes_2025_09_24.parquet,True
SHIM,2025-05-27,35.80,SHIM_2025-05-27_35.80,SHIM_quotes_2025_05_27.parquet,True
SHMD,2025-10-15,30.99,SHMD_2025-10-15_30.99,SHMD_quotes_2025_10_15.parquet,True
SHPH,2025-04-07,39.79,SHPH_2025-04-07_39.79,SHPH_quotes_2025_04_07.parquet,True
SHPH,2025-04-22,47.41,SHPH_2025-04-22_47.41,SHPH_quotes_2025_04_22.parquet,True
SHPH,2025-05-09,66.67,SHPH_2025-05-09_66.67,SHPH_quotes_2025_05_09.parquet,True
SIDU,2025-09-12,36.92,SIDU_2025-09-12_36.92,SIDU_quotes_2025_09_12.parquet,True
SILO,2025-01-08,209.17,SILO_2025-01-08_209.17,SILO_quotes_2025_01_08.parquet,True
SILO,2025-05-12,33.76,SILO_2025-05-12_33.76,SILO_quotes_2025_05_12.parquet,True
SINT,2025-02-19,116.67,SINT_2025-02-19_116.67,SINT_quotes_2025_02_19.parquet,True
SINT,2025-02-21,53.33,SINT_2025-02-21_53.33,SINT_quotes_2025_02_21.parquet,True
SINT,2025-09-03,48.36,SINT_2025-09-03_48.36,SINT_quotes_2025_09_03.parquet,True
SINT,2025-09-05,39.95,SINT_2025-09-05_39.95,SINT_quotes_2025_09_05.parquet,True
SION,2025-10-21,34.15,SION_2025-10-21_34.15,SION_quotes_2025_10_21.parquet,True
SKBL,2025-01-30,38.08,SKBL_2025-01-30_38.08,SKBL_quotes_2025_01_30.parquet,True
SKBL,2025-02-10,30.68,SKBL_2025-02-10_30.68,SKBL_quotes_2025_02_10.parquet,True
SKBL,2025-08-27,98.88,SKBL_2025-08-27_98.88,SKBL_quotes_2025_08_27.parquet,True
SKBL,2025-08-29,32.30,SKBL_2025-08-29_32.30,SKBL_quotes_2025_08_29.parquet,True
SKBL,2025-09-04,33.03,SKBL_2025-09-04_33.03,SKBL_quotes_2025_09_04.parquet,True
SKBL,2025-09-09,32.87,SKBL_2025-09-09_32.87,SKBL_quotes_2025_09_09.parquet,True
SKBL,2025-09-10,54.49,SKBL_2025-09-10_54.49,SKBL_quotes_2025_09_10.parquet,True
SKBL,2025-09-22,45.38,SKBL_2025-09-22_45.38,SKBL_quotes_2025_09_22.parquet,True
SKIN,2025-05-07,40.95,SKIN_2025-05-07_40.95,SKIN_quotes_2025_05_07.parquet,True
SKIN,2025-05-09,53.23,SKIN_2025-05-09_53.23,SKIN_quotes_2025_05_09.parquet,True
SKIN,2025-08-08,47.80,SKIN_2025-08-08_47.80,SKIN_quotes_2025_08_08.parquet,True
SKK,2025-02-27,32.06,SKK_2025-02-27_32.06,SKK_quotes_2025_02_27.parquet,True
SKYE,2025-01-29,31.11,SKYE_2025-01-29_31.11,SKYE_quotes_2025_01_29.parquet,True
SKYE,2025-04-15,184.50,SKYE_2025-04-15_184.50,SKYE_quotes_2025_04_15.parquet,True
SKYE,2025-06-23,47.22,SKYE_2025-06-23_47.22,SKYE_quotes_2025_06_23.parquet,True
SKYE,2025-06-27,35.29,SKYE_2025-06-27_35.29,SKYE_quotes_2025_06_27.parquet,True
SKYQ,2025-05-22,30.85,SKYQ_2025-05-22_30.85,SKYQ_quotes_2025_05_22.parquet,True
SKYQ,2025-06-16,157.23,SKYQ_2025-06-16_157.23,SKYQ_quotes_2025_06_16.parquet,True
SKYQ,2025-09-08,169.81,SKYQ_2025-09-08_169.81,SKYQ_quotes_2025_09_08.parquet,True
SKYT,2025-08-07,46.11,SKYT_2025-08-07_46.11,SKYT_quotes_2025_08_07.parquet,True
SLDB,2025-02-10,37.85,SLDB_2025-02-10_37.85,SLDB_quotes_2025_02_10.parquet,True
SLDB,2025-02-18,78.66,SLDB_2025-02-18_78.66,SLDB_quotes_2025_02_18.parquet,True
SLDB,2025-02-19,31.13,SLDB_2025-02-19_31.13,SLDB_quotes_2025_02_19.parquet,True
SLDPW,2025-07-22,75.21,SLDPW_2025-07-22_75.21,SLDPW_quotes_2025_07_22.parquet,True
SLDPW,2025-10-10,35.05,SLDPW_2025-10-10_35.05,SLDPW_quotes_2025_10_10.parquet,True
SLDPW,2025-10-13,30.75,SLDPW_2025-10-13_30.75,SLDPW_quotes_2025_10_13.parquet,True
SLDPW,2025-10-14,40.20,SLDPW_2025-10-14_40.20,SLDPW_quotes_2025_10_14.parquet,True
SLDPW,2025-10-16,30.04,SLDPW_2025-10-16_30.04,SLDPW_quotes_2025_10_16.parquet,True
SLDPW,2025-10-31,48.94,SLDPW_2025-10-31_48.94,SLDPW_quotes_2025_10_31.parquet,True
SLDP,2025-08-07,32.36,SLDP_2025-08-07_32.36,SLDP_quotes_2025_08_07.parquet,True
SLDP,2025-10-06,45.95,SLDP_2025-10-06_45.95,SLDP_quotes_2025_10_06.parquet,True
SLE,2025-03-04,43.71,SLE_2025-03-04_43.71,SLE_quotes_2025_03_04.parquet,True
SLE,2025-04-24,32.40,SLE_2025-04-24_32.40,SLE_quotes_2025_04_24.parquet,True
SLE,2025-05-16,50.31,SLE_2025-05-16_50.31,SLE_quotes_2025_05_16.parquet,True
SLE,2025-05-30,84.46,SLE_2025-05-30_84.46,SLE_quotes_2025_05_30.parquet,True
SLE,2025-07-21,30.07,SLE_2025-07-21_30.07,SLE_quotes_2025_07_21.parquet,True
SLE,2025-09-17,31.15,SLE_2025-09-17_31.15,SLE_quotes_2025_09_17.parquet,True
SLE,2025-09-23,248.48,SLE_2025-09-23_248.48,SLE_quotes_2025_09_23.parquet,True
SLE,2025-10-10,43.82,SLE_2025-10-10_43.82,SLE_quotes_2025_10_10.parquet,True
SLGB,2025-10-22,46.01,SLGB_2025-10-22_46.01,SLGB_quotes_2025_10_22.parquet,True
SLGB,2025-10-23,48.66,SLGB_2025-10-23_48.66,SLGB_quotes_2025_10_23.parquet,True
SLGL,2025-01-07,50.03,SLGL_2025-01-07_50.03,SLGL_quotes_2025_01_07.parquet,True
SLGL,2025-04-17,54.06,SLGL_2025-04-17_54.06,SLGL_quotes_2025_04_17.parquet,True
SLGL,2025-04-21,45.29,SLGL_2025-04-21_45.29,SLGL_quotes_2025_04_21.parquet,True
SLGL,2025-05-06,73.30,SLGL_2025-05-06_73.30,SLGL_quotes_2025_05_06.parquet,True
SLGL,2025-08-21,46.14,SLGL_2025-08-21_46.14,SLGL_quotes_2025_08_21.parquet,True
SLGL,2025-10-06,50.17,SLGL_2025-10-06_50.17,SLGL_quotes_2025_10_06.parquet,True
SLMT,2025-10-23,55.69,SLMT_2025-10-23_55.69,SLMT_quotes_2025_10_23.parquet,True
SLNHP,2025-07-16,44.42,SLNHP_2025-07-16_44.42,SLNHP_quotes_2025_07_16.parquet,True
SLNHP,2025-07-31,43.86,SLNHP_2025-07-31_43.86,SLNHP_quotes_2025_07_31.parquet,True
SLNHP,2025-09-15,30.36,SLNHP_2025-09-15_30.36,SLNHP_quotes_2025_09_15.parquet,True
SLNHP,2025-09-16,72.60,SLNHP_2025-09-16_72.60,SLNHP_quotes_2025_09_16.parquet,True
SLNHP,2025-09-22,34.26,SLNHP_2025-09-22_34.26,SLNHP_quotes_2025_09_22.parquet,True
SLNHP,2025-10-15,31.42,SLNHP_2025-10-15_31.42,SLNHP_quotes_2025_10_15.parquet,True
SLNH,2025-07-10,33.73,SLNH_2025-07-10_33.73,SLNH_quotes_2025_07_10.parquet,True
SLNH,2025-07-11,60.75,SLNH_2025-07-11_60.75,SLNH_quotes_2025_07_11.parquet,True
SLNH,2025-09-22,100.00,SLNH_2025-09-22_100.00,SLNH_quotes_2025_09_22.parquet,True
SLNH,2025-09-23,41.43,SLNH_2025-09-23_41.43,SLNH_quotes_2025_09_23.parquet,True
SLNH,2025-09-24,47.68,SLNH_2025-09-24_47.68,SLNH_quotes_2025_09_24.parquet,True
SLNH,2025-10-08,42.86,SLNH_2025-10-08_42.86,SLNH_quotes_2025_10_08.parquet,True
SLNH,2025-10-14,36.73,SLNH_2025-10-14_36.73,SLNH_quotes_2025_10_14.parquet,True
SLNH,2025-10-15,56.63,SLNH_2025-10-15_56.63,SLNH_quotes_2025_10_15.parquet,True
SLNO,2025-03-27,48.98,SLNO_2025-03-27_48.98,SLNO_quotes_2025_03_27.parquet,True
SLP,2025-04-11,30.50,SLP_2025-04-11_30.50,SLP_quotes_2025_04_11.parquet,True
SLQT,2025-02-11,56.62,SLQT_2025-02-11_56.62,SLQT_quotes_2025_02_11.parquet,True
SLQT,2025-08-21,50.27,SLQT_2025-08-21_50.27,SLQT_quotes_2025_08_21.parquet,True
SLRX,2025-01-13,360.06,SLRX_2025-01-13_360.06,SLRX_quotes_2025_01_13.parquet,True
SLRX,2025-01-16,40.08,SLRX_2025-01-16_40.08,SLRX_quotes_2025_01_16.parquet,True
SLRX,2025-02-26,49.11,SLRX_2025-02-26_49.11,SLRX_quotes_2025_02_26.parquet,True
SLRX,2025-06-17,101.57,SLRX_2025-06-17_101.57,SLRX_quotes_2025_06_17.parquet,True
SLRX,2025-07-29,211.70,SLRX_2025-07-29_211.70,SLRX_quotes_2025_07_29.parquet,True
SLSN,2025-04-14,35.80,SLSN_2025-04-14_35.80,SLSN_quotes_2025_04_14.parquet,True
SLSN,2025-10-02,40.43,SLSN_2025-10-02_40.43,SLSN_quotes_2025_10_02.parquet,True
SLS,2025-01-27,49.50,SLS_2025-01-27_49.50,SLS_quotes_2025_01_27.parquet,True
SLXN,2025-01-28,168.95,SLXN_2025-01-28_168.95,SLXN_quotes_2025_01_28.parquet,True
SLXN,2025-01-29,155.56,SLXN_2025-01-29_155.56,SLXN_quotes_2025_01_29.parquet,True
SLXN,2025-02-05,39.19,SLXN_2025-02-05_39.19,SLXN_quotes_2025_02_05.parquet,True
SLXN,2025-02-25,104.00,SLXN_2025-02-25_104.00,SLXN_quotes_2025_02_25.parquet,True
SLXN,2025-03-05,60.36,SLXN_2025-03-05_60.36,SLXN_quotes_2025_03_05.parquet,True
SLXN,2025-04-23,83.50,SLXN_2025-04-23_83.50,SLXN_quotes_2025_04_23.parquet,True
SLXN,2025-07-17,31.51,SLXN_2025-07-17_31.51,SLXN_quotes_2025_07_17.parquet,True
SLXN,2025-07-31,97.53,SLXN_2025-07-31_97.53,SLXN_quotes_2025_07_31.parquet,True
SLXN,2025-09-11,73.24,SLXN_2025-09-11_73.24,SLXN_quotes_2025_09_11.parquet,True
SMCL,2025-01-06,30.90,SMCL_2025-01-06_30.90,SMCL_quotes_2025_01_06.parquet,True
SMCL,2025-02-10,35.75,SMCL_2025-02-10_35.75,SMCL_quotes_2025_02_10.parquet,True
SMCL,2025-02-18,34.04,SMCL_2025-02-18_34.04,SMCL_quotes_2025_02_18.parquet,True
SMCL,2025-02-19,36.68,SMCL_2025-02-19_36.68,SMCL_quotes_2025_02_19.parquet,True
SMCL,2025-02-26,46.18,SMCL_2025-02-26_46.18,SMCL_quotes_2025_02_26.parquet,True
SMCL,2025-04-09,34.72,SMCL_2025-04-09_34.72,SMCL_quotes_2025_04_09.parquet,True
SMCL,2025-05-13,33.30,SMCL_2025-05-13_33.30,SMCL_quotes_2025_05_13.parquet,True
SMCL,2025-05-14,39.06,SMCL_2025-05-14_39.06,SMCL_quotes_2025_05_14.parquet,True
SMCX,2025-01-06,31.02,SMCX_2025-01-06_31.02,SMCX_quotes_2025_01_06.parquet,True
SMCX,2025-02-10,36.01,SMCX_2025-02-10_36.01,SMCX_quotes_2025_02_10.parquet,True
SMCX,2025-02-18,34.53,SMCX_2025-02-18_34.53,SMCX_quotes_2025_02_18.parquet,True
SMCX,2025-02-19,37.47,SMCX_2025-02-19_37.47,SMCX_quotes_2025_02_19.parquet,True
SMCX,2025-02-26,45.91,SMCX_2025-02-26_45.91,SMCX_quotes_2025_02_26.parquet,True
SMCX,2025-04-09,35.11,SMCX_2025-04-09_35.11,SMCX_quotes_2025_04_09.parquet,True
SMCX,2025-05-13,33.36,SMCX_2025-05-13_33.36,SMCX_quotes_2025_05_13.parquet,True
SMCX,2025-05-14,39.67,SMCX_2025-05-14_39.67,SMCX_quotes_2025_05_14.parquet,True
SMCZ,2025-04-30,40.22,SMCZ_2025-04-30_40.22,SMCZ_quotes_2025_04_30.parquet,True
SMCZ,2025-08-06,43.18,SMCZ_2025-08-06_43.18,SMCZ_quotes_2025_08_06.parquet,True
SMLR,2025-05-16,35.89,SMLR_2025-05-16_35.89,SMLR_quotes_2025_05_16.parquet,True
SMLR,2025-10-27,39.52,SMLR_2025-10-27_39.52,SMLR_quotes_2025_10_27.parquet,True
SMSI,2025-01-06,33.57,SMSI_2025-01-06_33.57,SMSI_quotes_2025_01_06.parquet,True
SMST,2025-03-10,38.26,SMST_2025-03-10_38.26,SMST_quotes_2025_03_10.parquet,True
SMTK,2025-03-17,41.50,SMTK_2025-03-17_41.50,SMTK_quotes_2025_03_17.parquet,True
SMTK,2025-05-20,48.62,SMTK_2025-05-20_48.62,SMTK_quotes_2025_05_20.parquet,True
SMTK,2025-07-17,50.55,SMTK_2025-07-17_50.55,SMTK_quotes_2025_07_17.parquet,True
SMTK,2025-09-02,177.68,SMTK_2025-09-02_177.68,SMTK_quotes_2025_09_02.parquet,True
SMTK,2025-09-04,55.17,SMTK_2025-09-04_55.17,SMTK_quotes_2025_09_04.parquet,True
SMTK,2025-10-02,49.43,SMTK_2025-10-02_49.43,SMTK_quotes_2025_10_02.parquet,True
SMTK,2025-10-07,37.18,SMTK_2025-10-07_37.18,SMTK_quotes_2025_10_07.parquet,True
SMTK,2025-10-14,44.04,SMTK_2025-10-14_44.04,SMTK_quotes_2025_10_14.parquet,True
SMXT,2025-08-05,168.82,SMXT_2025-08-05_168.82,SMXT_quotes_2025_08_05.parquet,True
SMX,2025-04-17,57.53,SMX_2025-04-17_57.53,SMX_quotes_2025_04_17.parquet,True
SMX,2025-07-25,116.07,SMX_2025-07-25_116.07,SMX_quotes_2025_07_25.parquet,True
SMX,2025-07-28,56.60,SMX_2025-07-28_56.60,SMX_quotes_2025_07_28.parquet,True
SMX,2025-08-08,71.52,SMX_2025-08-08_71.52,SMX_quotes_2025_08_08.parquet,True
SMX,2025-08-29,37.36,SMX_2025-08-29_37.36,SMX_quotes_2025_08_29.parquet,True
SMX,2025-09-04,77.05,SMX_2025-09-04_77.05,SMX_quotes_2025_09_04.parquet,True
SMX,2025-09-10,42.75,SMX_2025-09-10_42.75,SMX_quotes_2025_09_10.parquet,True
SNAL,2025-04-15,33.33,SNAL_2025-04-15_33.33,SNAL_quotes_2025_04_15.parquet,True
SNAL,2025-07-15,54.68,SNAL_2025-07-15_54.68,SNAL_quotes_2025_07_15.parquet,True
SNCR,2025-03-12,47.26,SNCR_2025-03-12_47.26,SNCR_quotes_2025_03_12.parquet,True
SNES,2025-06-26,32.32,SNES_2025-06-26_32.32,SNES_quotes_2025_06_26.parquet,True
SNES,2025-07-22,31.80,SNES_2025-07-22_31.80,SNES_quotes_2025_07_22.parquet,True
SNGX,2025-07-01,43.51,SNGX_2025-07-01_43.51,SNGX_quotes_2025_07_01.parquet,True
SNGX,2025-07-31,330.40,SNGX_2025-07-31_330.40,SNGX_quotes_2025_07_31.parquet,True
SNGX,2025-08-04,57.85,SNGX_2025-08-04_57.85,SNGX_quotes_2025_08_04.parquet,True
SNGX,2025-08-18,124.10,SNGX_2025-08-18_124.10,SNGX_quotes_2025_08_18.parquet,True
SNGX,2025-10-07,37.23,SNGX_2025-10-07_37.23,SNGX_quotes_2025_10_07.parquet,True
SNOA,2025-03-10,77.39,SNOA_2025-03-10_77.39,SNOA_quotes_2025_03_10.parquet,True
SNOA,2025-03-11,59.86,SNOA_2025-03-11_59.86,SNOA_quotes_2025_03_11.parquet,True
SNOA,2025-04-23,80.26,SNOA_2025-04-23_80.26,SNOA_quotes_2025_04_23.parquet,True
SNOA,2025-08-14,126.73,SNOA_2025-08-14_126.73,SNOA_quotes_2025_08_14.parquet,True
SNSE,2025-03-28,76.30,SNSE_2025-03-28_76.30,SNSE_quotes_2025_03_28.parquet,True
SNSE,2025-08-01,46.93,SNSE_2025-08-01_46.93,SNSE_quotes_2025_08_01.parquet,True
SNSE,2025-10-16,34.19,SNSE_2025-10-16_34.19,SNSE_quotes_2025_10_16.parquet,True
SNSE,2025-10-30,32.27,SNSE_2025-10-30_32.27,SNSE_quotes_2025_10_30.parquet,True
SNTG,2025-01-28,76.32,SNTG_2025-01-28_76.32,SNTG_quotes_2025_01_28.parquet,True
SNTG,2025-09-04,66.83,SNTG_2025-09-04_66.83,SNTG_quotes_2025_09_04.parquet,True
SNTG,2025-09-08,528.71,SNTG_2025-09-08_528.71,SNTG_quotes_2025_09_08.parquet,True
SNTI,2025-10-14,45.22,SNTI_2025-10-14_45.22,SNTI_quotes_2025_10_14.parquet,True
SNYR,2025-02-12,32.45,SNYR_2025-02-12_32.45,SNYR_quotes_2025_02_12.parquet,True
SNYR,2025-04-15,127.93,SNYR_2025-04-15_127.93,SNYR_quotes_2025_04_15.parquet,True
SOBR,2025-01-16,40.45,SOBR_2025-01-16_40.45,SOBR_quotes_2025_01_16.parquet,True
SOBR,2025-02-14,30.69,SOBR_2025-02-14_30.69,SOBR_quotes_2025_02_14.parquet,True
SOBR,2025-02-18,35.24,SOBR_2025-02-18_35.24,SOBR_quotes_2025_02_18.parquet,True
SOBR,2025-03-05,65.56,SOBR_2025-03-05_65.56,SOBR_quotes_2025_03_05.parquet,True
SOBR,2025-03-06,44.04,SOBR_2025-03-06_44.04,SOBR_quotes_2025_03_06.parquet,True
SOBR,2025-03-11,39.00,SOBR_2025-03-11_39.00,SOBR_quotes_2025_03_11.parquet,True
SOBR,2025-04-04,95.91,SOBR_2025-04-04_95.91,SOBR_quotes_2025_04_04.parquet,True
SOBR,2025-04-08,57.46,SOBR_2025-04-08_57.46,SOBR_quotes_2025_04_08.parquet,True
SOBR,2025-07-09,56.97,SOBR_2025-07-09_56.97,SOBR_quotes_2025_07_09.parquet,True
SOC,2025-07-17,35.48,SOC_2025-07-17_35.48,SOC_quotes_2025_07_17.parquet,True
SOFX,2025-04-09,45.67,SOFX_2025-04-09_45.67,SOFX_quotes_2025_04_09.parquet,True
SOFX,2025-07-29,37.87,SOFX_2025-07-29_37.87,SOFX_quotes_2025_07_29.parquet,True
SOGP,2025-06-09,50.08,SOGP_2025-06-09_50.08,SOGP_quotes_2025_06_09.parquet,True
SOGP,2025-06-16,72.84,SOGP_2025-06-16_72.84,SOGP_quotes_2025_06_16.parquet,True
SOGP,2025-06-24,70.34,SOGP_2025-06-24_70.34,SOGP_quotes_2025_06_24.parquet,True
SOGP,2025-07-09,40.61,SOGP_2025-07-09_40.61,SOGP_quotes_2025_07_09.parquet,True
SOGP,2025-08-28,336.84,SOGP_2025-08-28_336.84,SOGP_quotes_2025_08_28.parquet,True
SOGP,2025-09-02,93.83,SOGP_2025-09-02_93.83,SOGP_quotes_2025_09_02.parquet,True
SOGP,2025-09-04,34.58,SOGP_2025-09-04_34.58,SOGP_quotes_2025_09_04.parquet,True
SOGP,2025-10-15,96.28,SOGP_2025-10-15_96.28,SOGP_quotes_2025_10_15.parquet,True
SOHOB,2025-10-27,48.02,SOHOB_2025-10-27_48.02,SOHOB_quotes_2025_10_27.parquet,True
SOHON,2025-10-27,44.56,SOHON_2025-10-27_44.56,SOHON_quotes_2025_10_27.parquet,True
SOHOO,2025-10-27,64.41,SOHOO_2025-10-27_64.41,SOHOO_quotes_2025_10_27.parquet,True
SOHO,2025-10-27,141.49,SOHO_2025-10-27_141.49,SOHO_quotes_2025_10_27.parquet,True
SOLS,2025-10-30,53799900.00,SOLS_2025-10-30_53799900.00,SOLS_quotes_2025_10_30.parquet,True
SOLT,2025-04-09,32.78,SOLT_2025-04-09_32.78,SOLT_quotes_2025_04_09.parquet,True
SOL,2025-03-17,51.26,SOL_2025-03-17_51.26,SOL_quotes_2025_03_17.parquet,True
SONM,2025-01-15,86.01,SONM_2025-01-15_86.01,SONM_quotes_2025_01_15.parquet,True
SONM,2025-04-01,58.37,SONM_2025-04-01_58.37,SONM_quotes_2025_04_01.parquet,True
SONM,2025-06-16,130.16,SONM_2025-06-16_130.16,SONM_quotes_2025_06_16.parquet,True
SONM,2025-06-25,56.25,SONM_2025-06-25_56.25,SONM_quotes_2025_06_25.parquet,True
SONM,2025-06-26,65.08,SONM_2025-06-26_65.08,SONM_quotes_2025_06_26.parquet,True
SONN,2025-01-06,44.00,SONN_2025-01-06_44.00,SONN_quotes_2025_01_06.parquet,True
SONN,2025-01-22,33.12,SONN_2025-01-22_33.12,SONN_quotes_2025_01_22.parquet,True
SONN,2025-04-04,33.86,SONN_2025-04-04_33.86,SONN_quotes_2025_04_04.parquet,True
SONN,2025-07-02,263.64,SONN_2025-07-02_263.64,SONN_quotes_2025_07_02.parquet,True
SONN,2025-07-07,53.06,SONN_2025-07-07_53.06,SONN_quotes_2025_07_07.parquet,True
SONN,2025-07-14,273.31,SONN_2025-07-14_273.31,SONN_quotes_2025_07_14.parquet,True
SONN,2025-08-13,35.45,SONN_2025-08-13_35.45,SONN_quotes_2025_08_13.parquet,True
SONN,2025-09-09,32.22,SONN_2025-09-09_32.22,SONN_quotes_2025_09_09.parquet,True
SONN,2025-09-12,67.93,SONN_2025-09-12_67.93,SONN_quotes_2025_09_12.parquet,True
SONN,2025-09-16,42.60,SONN_2025-09-16_42.60,SONN_quotes_2025_09_16.parquet,True
SOPA,2025-01-21,71.97,SOPA_2025-01-21_71.97,SOPA_quotes_2025_01_21.parquet,True
SOPA,2025-01-31,68.70,SOPA_2025-01-31_68.70,SOPA_quotes_2025_01_31.parquet,True
SOPA,2025-02-03,90.78,SOPA_2025-02-03_90.78,SOPA_quotes_2025_02_03.parquet,True
SOPA,2025-02-06,51.63,SOPA_2025-02-06_51.63,SOPA_quotes_2025_02_06.parquet,True
SOPA,2025-02-10,40.00,SOPA_2025-02-10_40.00,SOPA_quotes_2025_02_10.parquet,True
SOPA,2025-02-11,159.62,SOPA_2025-02-11_159.62,SOPA_quotes_2025_02_11.parquet,True
SOPA,2025-02-13,41.57,SOPA_2025-02-13_41.57,SOPA_quotes_2025_02_13.parquet,True
SOPA,2025-05-01,42.86,SOPA_2025-05-01_42.86,SOPA_quotes_2025_05_01.parquet,True
SOPA,2025-05-02,43.22,SOPA_2025-05-02_43.22,SOPA_quotes_2025_05_02.parquet,True
SOPA,2025-08-14,31.50,SOPA_2025-08-14_31.50,SOPA_quotes_2025_08_14.parquet,True
SOPA,2025-10-06,345.39,SOPA_2025-10-06_345.39,SOPA_quotes_2025_10_06.parquet,True
SORA,2025-08-14,32.51,SORA_2025-08-14_32.51,SORA_quotes_2025_08_14.parquet,True
SORA,2025-10-08,34.42,SORA_2025-10-08_34.42,SORA_quotes_2025_10_08.parquet,True
SOS,2025-05-09,30.09,SOS_2025-05-09_30.09,SOS_quotes_2025_05_09.parquet,True
SOS,2025-05-12,33.63,SOS_2025-05-12_33.63,SOS_quotes_2025_05_12.parquet,True
SOS,2025-09-08,41.80,SOS_2025-09-08_41.80,SOS_quotes_2025_09_08.parquet,True
SOS,2025-09-09,70.00,SOS_2025-09-09_70.00,SOS_quotes_2025_09_09.parquet,True
SOUNW,2025-08-08,37.28,SOUNW_2025-08-08_37.28,SOUNW_quotes_2025_08_08.parquet,True
SOUN,2025-08-08,32.90,SOUN_2025-08-08_32.90,SOUN_quotes_2025_08_08.parquet,True
SOUX,2025-07-08,34.80,SOUX_2025-07-08_34.80,SOUX_quotes_2025_07_08.parquet,True
SOUX,2025-08-08,64.06,SOUX_2025-08-08_64.06,SOUX_quotes_2025_08_08.parquet,True
SOUX,2025-08-11,36.77,SOUX_2025-08-11_36.77,SOUX_quotes_2025_08_11.parquet,True
SOWG,2025-01-03,48.20,SOWG_2025-01-03_48.20,SOWG_quotes_2025_01_03.parquet,True
SOWG,2025-06-02,50.52,SOWG_2025-06-02_50.52,SOWG_quotes_2025_06_02.parquet,True
SOWG,2025-07-24,65.91,SOWG_2025-07-24_65.91,SOWG_quotes_2025_07_24.parquet,True
SOWG,2025-07-25,60.61,SOWG_2025-07-25_60.61,SOWG_quotes_2025_07_25.parquet,True
SOWG,2025-09-23,30.80,SOWG_2025-09-23_30.80,SOWG_quotes_2025_09_23.parquet,True
SPAI,2025-02-13,65.76,SPAI_2025-02-13_65.76,SPAI_quotes_2025_02_13.parquet,True
SPAI,2025-04-07,48.52,SPAI_2025-04-07_48.52,SPAI_quotes_2025_04_07.parquet,True
SPAI,2025-04-22,34.40,SPAI_2025-04-22_34.40,SPAI_quotes_2025_04_22.parquet,True
SPAI,2025-07-17,43.46,SPAI_2025-07-17_43.46,SPAI_quotes_2025_07_17.parquet,True
SPCB,2025-01-03,37.76,SPCB_2025-01-03_37.76,SPCB_quotes_2025_01_03.parquet,True
SPCB,2025-01-23,43.13,SPCB_2025-01-23_43.13,SPCB_quotes_2025_01_23.parquet,True
SPCE,2025-05-16,98.21,SPCE_2025-05-16_98.21,SPCE_quotes_2025_05_16.parquet,True
SPCY,2025-04-09,34.63,SPCY_2025-04-09_34.63,SPCY_quotes_2025_04_09.parquet,True
SPHL,2025-03-11,59.31,SPHL_2025-03-11_59.31,SPHL_quotes_2025_03_11.parquet,True
SPHL,2025-03-12,30.00,SPHL_2025-03-12_30.00,SPHL_quotes_2025_03_12.parquet,True
SPIR,2025-04-08,33.16,SPIR_2025-04-08_33.16,SPIR_quotes_2025_04_08.parquet,True
SPNS,2025-08-13,44.68,SPNS_2025-08-13_44.68,SPNS_quotes_2025_08_13.parquet,True
SPPL,2025-01-03,69.44,SPPL_2025-01-03_69.44,SPPL_quotes_2025_01_03.parquet,True
SPPL,2025-01-06,51.08,SPPL_2025-01-06_51.08,SPPL_quotes_2025_01_06.parquet,True
SPPL,2025-02-26,52.70,SPPL_2025-02-26_52.70,SPPL_quotes_2025_02_26.parquet,True
SPPL,2025-04-08,39.21,SPPL_2025-04-08_39.21,SPPL_quotes_2025_04_08.parquet,True
SPPL,2025-07-25,30.73,SPPL_2025-07-25_30.73,SPPL_quotes_2025_07_25.parquet,True
SPPL,2025-09-19,32.50,SPPL_2025-09-19_32.50,SPPL_quotes_2025_09_19.parquet,True
SPRB,2025-06-12,47.97,SPRB_2025-06-12_47.97,SPRB_quotes_2025_06_12.parquet,False
SPRB,2025-07-11,55.31,SPRB_2025-07-11_55.31,SPRB_quotes_2025_07_11.parquet,False
SPRB,2025-09-12,44.89,SPRB_2025-09-12_44.89,SPRB_quotes_2025_09_12.parquet,False
SPRB,2025-09-29,31.61,SPRB_2025-09-29_31.61,SPRB_quotes_2025_09_29.parquet,True
SPRB,2025-10-06,1827.44,SPRB_2025-10-06_1827.44,SPRB_quotes_2025_10_06.parquet,True
SPRB,2025-10-07,84.05,SPRB_2025-10-07_84.05,SPRB_quotes_2025_10_07.parquet,True
SPRC,2025-01-03,38.64,SPRC_2025-01-03_38.64,SPRC_quotes_2025_01_03.parquet,True
SPRC,2025-01-06,239.08,SPRC_2025-01-06_239.08,SPRC_quotes_2025_01_06.parquet,True
SPRC,2025-01-22,31.63,SPRC_2025-01-22_31.63,SPRC_quotes_2025_01_22.parquet,True
SPRC,2025-02-05,40.76,SPRC_2025-02-05_40.76,SPRC_quotes_2025_02_05.parquet,True
SPRC,2025-03-10,61.14,SPRC_2025-03-10_61.14,SPRC_quotes_2025_03_10.parquet,True
SPRC,2025-05-05,73.01,SPRC_2025-05-05_73.01,SPRC_quotes_2025_05_05.parquet,True
SPRC,2025-09-17,245.65,SPRC_2025-09-17_245.65,SPRC_quotes_2025_09_17.parquet,True
SPRC,2025-09-25,132.38,SPRC_2025-09-25_132.38,SPRC_quotes_2025_09_25.parquet,True
SPRC,2025-09-30,59.19,SPRC_2025-09-30_59.19,SPRC_quotes_2025_09_30.parquet,True
SPRC,2025-10-15,40.58,SPRC_2025-10-15_40.58,SPRC_quotes_2025_10_15.parquet,True
SPRO,2025-05-28,263.64,SPRO_2025-05-28_263.64,SPRO_quotes_2025_05_28.parquet,True
SPRO,2025-05-30,31.46,SPRO_2025-05-30_31.46,SPRO_quotes_2025_05_30.parquet,True
SPRU,2025-08-08,49.57,SPRU_2025-08-08_49.57,SPRU_quotes_2025_08_08.parquet,True
SPWH,2025-04-02,126.94,SPWH_2025-04-02_126.94,SPWH_quotes_2025_04_02.parquet,True
SPWH,2025-04-07,31.58,SPWH_2025-04-07_31.58,SPWH_quotes_2025_04_07.parquet,True
SQFT,2025-07-14,350.10,SQFT_2025-07-14_350.10,SQFT_quotes_2025_07_14.parquet,True
SQFT,2025-09-17,72.49,SQFT_2025-09-17_72.49,SQFT_quotes_2025_09_17.parquet,True
SQNS,2025-07-08,87.41,SQNS_2025-07-08_87.41,SQNS_quotes_2025_07_08.parquet,True
SQNS,2025-07-10,99.03,SQNS_2025-07-10_99.03,SQNS_quotes_2025_07_10.parquet,True
SQNS,2025-07-11,41.03,SQNS_2025-07-11_41.03,SQNS_quotes_2025_07_11.parquet,True
SRFM,2025-03-05,34.16,SRFM_2025-03-05_34.16,SRFM_quotes_2025_03_05.parquet,True
SRFM,2025-06-24,137.70,SRFM_2025-06-24_137.70,SRFM_quotes_2025_06_24.parquet,True
SRFM,2025-06-25,54.72,SRFM_2025-06-25_54.72,SRFM_quotes_2025_06_25.parquet,True
SRFM,2025-06-26,40.55,SRFM_2025-06-26_40.55,SRFM_quotes_2025_06_26.parquet,True
SRFM,2025-07-08,63.74,SRFM_2025-07-08_63.74,SRFM_quotes_2025_07_08.parquet,True
SRFM,2025-07-09,31.15,SRFM_2025-07-09_31.15,SRFM_quotes_2025_07_09.parquet,True
SRFM,2025-07-11,30.74,SRFM_2025-07-11_30.74,SRFM_quotes_2025_07_11.parquet,True
SRFM,2025-08-13,32.22,SRFM_2025-08-13_32.22,SRFM_quotes_2025_08_13.parquet,True
SRI,2025-05-01,30.00,SRI_2025-05-01_30.00,SRI_quotes_2025_05_01.parquet,True
SRL,2025-09-23,33.10,SRL_2025-09-23_33.10,SRL_quotes_2025_09_23.parquet,True
SRPT,2025-07-29,32.40,SRPT_2025-07-29_32.40,SRPT_quotes_2025_07_29.parquet,True
SRZNW,2025-10-28,13495.51,SRZNW_2025-10-28_13495.51,SRZNW_quotes_2025_10_28.parquet,True
SSII,2023-06-06,66.67,SSII_2023-06-06_66.67,SSII_quotes_2023_06_06.parquet,False
SSII,2025-04-25,180.25,SSII_2025-04-25_180.25,SSII_quotes_2025_04_25.parquet,True
SSII,2025-05-29,34.65,SSII_2025-05-29_34.65,SSII_quotes_2025_05_29.parquet,True
SSII,2025-06-18,66.67,SSII_2025-06-18_66.67,SSII_quotes_2025_06_18.parquet,True
SSII,2025-06-20,143.24,SSII_2025-06-20_143.24,SSII_quotes_2025_06_20.parquet,True
SSII,2025-07-16,36.77,SSII_2025-07-16_36.77,SSII_quotes_2025_07_16.parquet,True
SSII,2025-10-14,39.50,SSII_2025-10-14_39.50,SSII_quotes_2025_10_14.parquet,True
SSKN,2025-08-27,47.27,SSKN_2025-08-27_47.27,SSKN_quotes_2025_08_27.parquet,True
SSKN,2025-09-02,62.18,SSKN_2025-09-02_62.18,SSKN_quotes_2025_09_02.parquet,True
SSKN,2025-09-23,78.82,SSKN_2025-09-23_78.82,SSKN_quotes_2025_09_23.parquet,True
SSKN,2025-09-26,31.63,SSKN_2025-09-26_31.63,SSKN_quotes_2025_09_26.parquet,True
SSKN,2025-10-14,72.08,SSKN_2025-10-14_72.08,SSKN_quotes_2025_10_14.parquet,True
SSP,2025-03-12,49.65,SSP_2025-03-12_49.65,SSP_quotes_2025_03_12.parquet,True
SSP,2025-03-13,37.56,SSP_2025-03-13_37.56,SSP_quotes_2025_03_13.parquet,True
SSP,2025-08-12,30.68,SSP_2025-08-12_30.68,SSP_quotes_2025_08_12.parquet,True
SST,2025-01-21,80.30,SST_2025-01-21_80.30,SST_quotes_2025_01_21.parquet,True
SST,2025-04-25,42.17,SST_2025-04-25_42.17,SST_quotes_2025_04_25.parquet,True
SST,2025-04-30,43.45,SST_2025-04-30_43.45,SST_quotes_2025_04_30.parquet,True
SST,2025-05-07,42.09,SST_2025-05-07_42.09,SST_quotes_2025_05_07.parquet,True
SST,2025-05-09,35.17,SST_2025-05-09_35.17,SST_quotes_2025_05_09.parquet,True
SST,2025-06-09,41.39,SST_2025-06-09_41.39,SST_quotes_2025_06_09.parquet,True
SST,2025-06-16,61.50,SST_2025-06-16_61.50,SST_quotes_2025_06_16.parquet,True
SST,2025-06-20,84.34,SST_2025-06-20_84.34,SST_quotes_2025_06_20.parquet,True
SST,2025-06-23,57.07,SST_2025-06-23_57.07,SST_quotes_2025_06_23.parquet,True
SST,2025-07-02,33.60,SST_2025-07-02_33.60,SST_quotes_2025_07_02.parquet,True
STAA,2025-08-05,46.94,STAA_2025-08-05_46.94,STAA_quotes_2025_08_05.parquet,True
STAI,2025-01-06,31.82,STAI_2025-01-06_31.82,STAI_quotes_2025_01_06.parquet,True
STAI,2025-01-07,49.78,STAI_2025-01-07_49.78,STAI_quotes_2025_01_07.parquet,True
STAI,2025-01-10,31.92,STAI_2025-01-10_31.92,STAI_quotes_2025_01_10.parquet,True
STAI,2025-01-22,91.16,STAI_2025-01-22_91.16,STAI_quotes_2025_01_22.parquet,True
STAI,2025-02-14,41.67,STAI_2025-02-14_41.67,STAI_quotes_2025_02_14.parquet,True
STAI,2025-02-18,115.12,STAI_2025-02-18_115.12,STAI_quotes_2025_02_18.parquet,True
STAI,2025-02-20,65.61,STAI_2025-02-20_65.61,STAI_quotes_2025_02_20.parquet,True
STAI,2025-02-25,47.91,STAI_2025-02-25_47.91,STAI_quotes_2025_02_25.parquet,True
STAI,2025-05-08,37.91,STAI_2025-05-08_37.91,STAI_quotes_2025_05_08.parquet,True
STAI,2025-07-29,130.19,STAI_2025-07-29_130.19,STAI_quotes_2025_07_29.parquet,True
STAK,2025-04-14,135.09,STAK_2025-04-14_135.09,STAK_quotes_2025_04_14.parquet,True
STAK,2025-04-24,36.17,STAK_2025-04-24_36.17,STAK_quotes_2025_04_24.parquet,True
STAK,2025-06-16,103.59,STAK_2025-06-16_103.59,STAK_quotes_2025_06_16.parquet,True
STAK,2025-07-22,31.34,STAK_2025-07-22_31.34,STAK_quotes_2025_07_22.parquet,True
STAK,2025-08-21,32.17,STAK_2025-08-21_32.17,STAK_quotes_2025_08_21.parquet,True
STAK,2025-09-30,46.94,STAK_2025-09-30_46.94,STAK_quotes_2025_09_30.parquet,True
STEC,2025-02-24,312.12,STEC_2025-02-24_312.12,STEC_quotes_2025_02_24.parquet,True
STEC,2025-05-02,40.28,STEC_2025-05-02_40.28,STEC_quotes_2025_05_02.parquet,True
STEC,2025-05-05,42.00,STEC_2025-05-05_42.00,STEC_quotes_2025_05_05.parquet,True
STEC,2025-09-09,359.09,STEC_2025-09-09_359.09,STEC_quotes_2025_09_09.parquet,True
STEC,2025-09-11,35.05,STEC_2025-09-11_35.05,STEC_quotes_2025_09_11.parquet,True
STEM,2025-01-03,57.32,STEM_2025-01-03_57.32,STEM_quotes_2025_01_03.parquet,True
STEM,2025-01-06,37.70,STEM_2025-01-06_37.70,STEM_quotes_2025_01_06.parquet,True
STEM,2025-01-14,36.50,STEM_2025-01-14_36.50,STEM_quotes_2025_01_14.parquet,True
STEM,2025-04-30,42.12,STEM_2025-04-30_42.12,STEM_quotes_2025_04_30.parquet,True
STEM,2025-07-18,53.18,STEM_2025-07-18_53.18,STEM_quotes_2025_07_18.parquet,True
STEM,2025-07-21,36.96,STEM_2025-07-21_36.96,STEM_quotes_2025_07_21.parquet,True
STEX,2025-10-06,37.21,STEX_2025-10-06_37.21,STEX_quotes_2025_10_06.parquet,True
STFS,2025-01-14,39.51,STFS_2025-01-14_39.51,STFS_quotes_2025_01_14.parquet,True
STG,2025-07-09,40.47,STG_2025-07-09_40.47,STG_quotes_2025_07_09.parquet,True
STG,2025-07-14,30.88,STG_2025-07-14_30.88,STG_quotes_2025_07_14.parquet,True
STIM,2025-01-13,63.74,STIM_2025-01-13_63.74,STIM_quotes_2025_01_13.parquet,True
STI,2025-03-12,94.13,STI_2025-03-12_94.13,STI_quotes_2025_03_12.parquet,True
STI,2025-03-19,36.38,STI_2025-03-19_36.38,STI_quotes_2025_03_19.parquet,True
STI,2025-04-16,42.91,STI_2025-04-16_42.91,STI_quotes_2025_04_16.parquet,True
STI,2025-05-08,83.00,STI_2025-05-08_83.00,STI_quotes_2025_05_08.parquet,True
STI,2025-09-03,137.80,STI_2025-09-03_137.80,STI_quotes_2025_09_03.parquet,True
STI,2025-10-13,404.52,STI_2025-10-13_404.52,STI_quotes_2025_10_13.parquet,True
STI,2025-10-14,57.18,STI_2025-10-14_57.18,STI_quotes_2025_10_14.parquet,True
STI,2025-10-17,35.07,STI_2025-10-17_35.07,STI_quotes_2025_10_17.parquet,True
STI,2025-10-24,30.61,STI_2025-10-24_30.61,STI_quotes_2025_10_24.parquet,True
STKH,2025-07-10,105.14,STKH_2025-07-10_105.14,STKH_quotes_2025_07_10.parquet,True
STKH,2025-08-26,56.91,STKH_2025-08-26_56.91,STKH_quotes_2025_08_26.parquet,True
STKH,2025-09-29,60.79,STKH_2025-09-29_60.79,STKH_quotes_2025_09_29.parquet,True
STKL,2025-05-08,48.34,STKL_2025-05-08_48.34,STKL_quotes_2025_05_08.parquet,True
STOK,2025-08-13,30.15,STOK_2025-08-13_30.15,STOK_quotes_2025_08_13.parquet,True
STRO,2025-04-24,45.56,STRO_2025-04-24_45.56,STRO_quotes_2025_04_24.parquet,True
STRR,2025-09-05,368.08,STRR_2025-09-05_368.08,STRR_quotes_2025_09_05.parquet,True
STSS,2025-02-05,35.83,STSS_2025-02-05_35.83,STSS_quotes_2025_02_05.parquet,True
STSS,2025-02-20,64.40,STSS_2025-02-20_64.40,STSS_quotes_2025_02_20.parquet,True
STSS,2025-02-26,31.29,STSS_2025-02-26_31.29,STSS_quotes_2025_02_26.parquet,True
STSS,2025-03-10,137.28,STSS_2025-03-10_137.28,STSS_quotes_2025_03_10.parquet,True
STSS,2025-03-13,46.94,STSS_2025-03-13_46.94,STSS_quotes_2025_03_13.parquet,True
STSS,2025-04-10,167.86,STSS_2025-04-10_167.86,STSS_quotes_2025_04_10.parquet,True
STSS,2025-04-11,63.93,STSS_2025-04-11_63.93,STSS_quotes_2025_04_11.parquet,True
STSS,2025-04-14,108.00,STSS_2025-04-14_108.00,STSS_quotes_2025_04_14.parquet,True
STSS,2025-04-17,50.94,STSS_2025-04-17_50.94,STSS_quotes_2025_04_17.parquet,True
STSS,2025-04-30,47.80,STSS_2025-04-30_47.80,STSS_quotes_2025_04_30.parquet,True
STSS,2025-06-04,88.24,STSS_2025-06-04_88.24,STSS_quotes_2025_06_04.parquet,True
STSS,2025-08-08,34.60,STSS_2025-08-08_34.60,STSS_quotes_2025_08_08.parquet,True
STSS,2025-08-21,38.43,STSS_2025-08-21_38.43,STSS_quotes_2025_08_21.parquet,True
STSS,2025-08-25,80.56,STSS_2025-08-25_80.56,STSS_quotes_2025_08_25.parquet,True
STSS,2025-08-27,87.36,STSS_2025-08-27_87.36,STSS_quotes_2025_08_27.parquet,True
STTK,2025-02-24,35.77,STTK_2025-02-24_35.77,STTK_quotes_2025_02_24.parquet,True
STTK,2025-04-07,103.27,STTK_2025-04-07_103.27,STTK_quotes_2025_04_07.parquet,True
STTK,2025-08-05,54.84,STTK_2025-08-05_54.84,STTK_quotes_2025_08_05.parquet,True
STTK,2025-09-03,51.49,STTK_2025-09-03_51.49,STTK_quotes_2025_09_03.parquet,True
SUGP,2025-06-23,43.62,SUGP_2025-06-23_43.62,SUGP_quotes_2025_06_23.parquet,True
SUGP,2025-07-09,309.34,SUGP_2025-07-09_309.34,SUGP_quotes_2025_07_09.parquet,True
SUGP,2025-07-10,38.52,SUGP_2025-07-10_38.52,SUGP_quotes_2025_07_10.parquet,True
SUGP,2025-07-24,58.56,SUGP_2025-07-24_58.56,SUGP_quotes_2025_07_24.parquet,True
SUGP,2025-08-22,43.56,SUGP_2025-08-22_43.56,SUGP_quotes_2025_08_22.parquet,True
SUGP,2025-08-25,37.56,SUGP_2025-08-25_37.56,SUGP_quotes_2025_08_25.parquet,True
SUGP,2025-10-01,44.84,SUGP_2025-10-01_44.84,SUGP_quotes_2025_10_01.parquet,True
SUGP,2025-10-09,61.78,SUGP_2025-10-09_61.78,SUGP_quotes_2025_10_09.parquet,True
SUNE,2025-03-07,195.77,SUNE_2025-03-07_195.77,SUNE_quotes_2025_03_07.parquet,True
SUNE,2025-03-11,35.74,SUNE_2025-03-11_35.74,SUNE_quotes_2025_03_11.parquet,True
SUNE,2025-03-14,134.45,SUNE_2025-03-14_134.45,SUNE_quotes_2025_03_14.parquet,True
SUNE,2025-03-19,61.13,SUNE_2025-03-19_61.13,SUNE_quotes_2025_03_19.parquet,True
SUNE,2025-03-21,37.64,SUNE_2025-03-21_37.64,SUNE_quotes_2025_03_21.parquet,True
SUNE,2025-04-07,151.38,SUNE_2025-04-07_151.38,SUNE_quotes_2025_04_07.parquet,True
SUNE,2025-04-10,47.21,SUNE_2025-04-10_47.21,SUNE_quotes_2025_04_10.parquet,True
SUNE,2025-04-14,33.33,SUNE_2025-04-14_33.33,SUNE_quotes_2025_04_14.parquet,True
SUNE,2025-04-15,62.37,SUNE_2025-04-15_62.37,SUNE_quotes_2025_04_15.parquet,True
SUPV,2025-10-09,30.92,SUPV_2025-10-09_30.92,SUPV_quotes_2025_10_09.parquet,True
SUPV,2025-10-27,56.02,SUPV_2025-10-27_56.02,SUPV_quotes_2025_10_27.parquet,True
SUPX,2025-07-29,47.45,SUPX_2025-07-29_47.45,SUPX_quotes_2025_07_29.parquet,True
SUPX,2025-07-30,83.87,SUPX_2025-07-30_83.87,SUPX_quotes_2025_07_30.parquet,True
SUPX,2025-08-25,44.63,SUPX_2025-08-25_44.63,SUPX_quotes_2025_08_25.parquet,True
SUPX,2025-09-04,39.68,SUPX_2025-09-04_39.68,SUPX_quotes_2025_09_04.parquet,True
SURG,2025-03-26,113.77,SURG_2025-03-26_113.77,SURG_quotes_2025_03_26.parquet,True
SUUN,2025-02-03,51.65,SUUN_2025-02-03_51.65,SUUN_quotes_2025_02_03.parquet,True
SUUN,2025-02-10,39.18,SUUN_2025-02-10_39.18,SUUN_quotes_2025_02_10.parquet,True
SUUN,2025-06-03,45.03,SUUN_2025-06-03_45.03,SUUN_quotes_2025_06_03.parquet,True
SUUN,2025-06-16,46.29,SUUN_2025-06-16_46.29,SUUN_quotes_2025_06_16.parquet,True
SUUN,2025-08-18,31.57,SUUN_2025-08-18_31.57,SUUN_quotes_2025_08_18.parquet,True
SVRE,2025-06-11,49.27,SVRE_2025-06-11_49.27,SVRE_quotes_2025_06_11.parquet,True
SVRE,2025-06-27,147.39,SVRE_2025-06-27_147.39,SVRE_quotes_2025_06_27.parquet,True
SVRE,2025-07-07,67.00,SVRE_2025-07-07_67.00,SVRE_quotes_2025_07_07.parquet,True
SWIM,2025-03-05,39.93,SWIM_2025-03-05_39.93,SWIM_quotes_2025_03_05.parquet,True
SWVL,2025-05-14,47.80,SWVL_2025-05-14_47.80,SWVL_quotes_2025_05_14.parquet,True
SXTC,2025-02-24,186.47,SXTC_2025-02-24_186.47,SXTC_quotes_2025_02_24.parquet,True
SXTC,2025-04-17,147.75,SXTC_2025-04-17_147.75,SXTC_quotes_2025_04_17.parquet,True
SXTC,2025-04-22,215.69,SXTC_2025-04-22_215.69,SXTC_quotes_2025_04_22.parquet,True
SXTC,2025-04-25,88.61,SXTC_2025-04-25_88.61,SXTC_quotes_2025_04_25.parquet,True
SXTC,2025-05-06,58.87,SXTC_2025-05-06_58.87,SXTC_quotes_2025_05_06.parquet,True
SXTC,2025-05-19,47.50,SXTC_2025-05-19_47.50,SXTC_quotes_2025_05_19.parquet,True
SXTC,2025-06-05,45.04,SXTC_2025-06-05_45.04,SXTC_quotes_2025_06_05.parquet,True
SXTC,2025-06-06,67.00,SXTC_2025-06-06_67.00,SXTC_quotes_2025_06_06.parquet,True
SXTP,2025-01-29,55.68,SXTP_2025-01-29_55.68,SXTP_quotes_2025_01_29.parquet,True
SXTP,2025-04-08,145.21,SXTP_2025-04-08_145.21,SXTP_quotes_2025_04_08.parquet,True
SXTP,2025-04-10,41.20,SXTP_2025-04-10_41.20,SXTP_quotes_2025_04_10.parquet,True
SXTP,2025-04-22,39.87,SXTP_2025-04-22_39.87,SXTP_quotes_2025_04_22.parquet,True
SYBX,2025-07-15,30.65,SYBX_2025-07-15_30.65,SYBX_quotes_2025_07_15.parquet,True
SYPR,2025-01-03,91.62,SYPR_2025-01-03_91.62,SYPR_quotes_2025_01_03.parquet,True
SYPR,2025-01-06,40.38,SYPR_2025-01-06_40.38,SYPR_quotes_2025_01_06.parquet,True
SY,2025-06-23,68.38,SY_2025-06-23_68.38,SY_quotes_2025_06_23.parquet,True
SY,2025-06-24,34.94,SY_2025-06-24_34.94,SY_quotes_2025_06_24.parquet,True
SY,2025-06-30,36.71,SY_2025-06-30_36.71,SY_quotes_2025_06_30.parquet,True
SY,2025-07-07,35.08,SY_2025-07-07_35.08,SY_quotes_2025_07_07.parquet,True
TAIT,2025-09-08,138.87,TAIT_2025-09-08_138.87,TAIT_quotes_2025_09_08.parquet,True
TANH,2025-02-18,33.33,TANH_2025-02-18_33.33,TANH_quotes_2025_02_18.parquet,True
TANH,2025-05-12,91.04,TANH_2025-05-12_91.04,TANH_quotes_2025_05_12.parquet,True
TANH,2025-09-16,37.04,TANH_2025-09-16_37.04,TANH_quotes_2025_09_16.parquet,True
TAOP,2025-01-15,33.33,TAOP_2025-01-15_33.33,TAOP_quotes_2025_01_15.parquet,True
TAOP,2025-05-09,65.34,TAOP_2025-05-09_65.34,TAOP_quotes_2025_05_09.parquet,True
TAOP,2025-05-12,309.35,TAOP_2025-05-12_309.35,TAOP_quotes_2025_05_12.parquet,True
TAOP,2025-05-15,113.09,TAOP_2025-05-15_113.09,TAOP_quotes_2025_05_15.parquet,True
TAOP,2025-06-20,35.70,TAOP_2025-06-20_35.70,TAOP_quotes_2025_06_20.parquet,True
TAOX,2025-10-13,39.04,TAOX_2025-10-13_39.04,TAOX_quotes_2025_10_13.parquet,True
TAOX,2025-10-20,30.01,TAOX_2025-10-20_30.01,TAOX_quotes_2025_10_20.parquet,True
TARA,2025-09-22,31.03,TARA_2025-09-22_31.03,TARA_quotes_2025_09_22.parquet,True
TARK,2025-04-09,35.00,TARK_2025-04-09_35.00,TARK_quotes_2025_04_09.parquet,True
TBH,2025-04-03,36.89,TBH_2025-04-03_36.89,TBH_quotes_2025_04_03.parquet,True
TBH,2025-06-05,118.49,TBH_2025-06-05_118.49,TBH_quotes_2025_06_05.parquet,True
TBH,2025-06-23,33.75,TBH_2025-06-23_33.75,TBH_quotes_2025_06_23.parquet,True
TBH,2025-07-23,42.50,TBH_2025-07-23_42.50,TBH_quotes_2025_07_23.parquet,True
TBH,2025-07-25,37.50,TBH_2025-07-25_37.50,TBH_quotes_2025_07_25.parquet,True
TBH,2025-08-29,39.24,TBH_2025-08-29_39.24,TBH_quotes_2025_08_29.parquet,True
TBH,2025-09-02,35.14,TBH_2025-09-02_35.14,TBH_quotes_2025_09_02.parquet,True
TBI,2025-05-13,30.97,TBI_2025-05-13_30.97,TBI_quotes_2025_05_13.parquet,True
TBN,2025-01-24,52.65,TBN_2025-01-24_52.65,TBN_quotes_2025_01_24.parquet,True
TCMD,2025-08-05,39.79,TCMD_2025-08-05_39.79,TCMD_quotes_2025_08_05.parquet,True
TCRT,2025-04-01,87.07,TCRT_2025-04-01_87.07,TCRT_quotes_2025_04_01.parquet,True
TCRT,2025-04-02,48.84,TCRT_2025-04-02_48.84,TCRT_quotes_2025_04_02.parquet,True
TCRT,2025-04-03,71.07,TCRT_2025-04-03_71.07,TCRT_quotes_2025_04_03.parquet,True
TCRT,2025-06-16,55.12,TCRT_2025-06-16_55.12,TCRT_quotes_2025_06_16.parquet,True
TCRT,2025-08-22,52.38,TCRT_2025-08-22_52.38,TCRT_quotes_2025_08_22.parquet,True
TCRX,2025-10-01,31.87,TCRX_2025-10-01_31.87,TCRX_quotes_2025_10_01.parquet,True
TCX,2025-02-14,34.96,TCX_2025-02-14_34.96,TCX_quotes_2025_02_14.parquet,True
TC,2025-01-27,119.10,TC_2025-01-27_119.10,TC_quotes_2025_01_27.parquet,True
TC,2025-05-09,39.11,TC_2025-05-09_39.11,TC_quotes_2025_05_09.parquet,True
TC,2025-08-11,48.31,TC_2025-08-11_48.31,TC_quotes_2025_08_11.parquet,True
TC,2025-08-27,30.47,TC_2025-08-27_30.47,TC_quotes_2025_08_27.parquet,True
TC,2025-09-10,44.00,TC_2025-09-10_44.00,TC_quotes_2025_09_10.parquet,True
TC,2025-09-11,32.35,TC_2025-09-11_32.35,TC_quotes_2025_09_11.parquet,True
TDTH,2025-01-22,33.95,TDTH_2025-01-22_33.95,TDTH_quotes_2025_01_22.parquet,True
TDTH,2025-01-30,57.50,TDTH_2025-01-30_57.50,TDTH_quotes_2025_01_30.parquet,True
TDTH,2025-01-31,126.32,TDTH_2025-01-31_126.32,TDTH_quotes_2025_01_31.parquet,True
TDTH,2025-03-20,55.45,TDTH_2025-03-20_55.45,TDTH_quotes_2025_03_20.parquet,True
TDTH,2025-07-16,86.21,TDTH_2025-07-16_86.21,TDTH_quotes_2025_07_16.parquet,True
TDTH,2025-07-18,61.90,TDTH_2025-07-18_61.90,TDTH_quotes_2025_07_18.parquet,True
TDTH,2025-07-21,46.85,TDTH_2025-07-21_46.85,TDTH_quotes_2025_07_21.parquet,True
TDTH,2025-07-22,34.00,TDTH_2025-07-22_34.00,TDTH_quotes_2025_07_22.parquet,True
TDUP,2025-01-14,71.54,TDUP_2025-01-14_71.54,TDUP_quotes_2025_01_14.parquet,True
TDUP,2025-05-06,47.75,TDUP_2025-05-06_47.75,TDUP_quotes_2025_05_06.parquet,True
TDW,2025-08-05,31.00,TDW_2025-08-05_31.00,TDW_quotes_2025_08_05.parquet,True
TECX,2025-01-30,127.92,TECX_2025-01-30_127.92,TECX_quotes_2025_01_30.parquet,True
TECX,2025-10-30,39.63,TECX_2025-10-30_39.63,TECX_quotes_2025_10_30.parquet,True
TELO,2025-07-18,156.20,TELO_2025-07-18_156.20,TELO_quotes_2025_07_18.parquet,True
TELO,2025-08-28,39.86,TELO_2025-08-28_39.86,TELO_quotes_2025_08_28.parquet,True
TELO,2025-10-07,30.63,TELO_2025-10-07_30.63,TELO_quotes_2025_10_07.parquet,True
TEM,2025-01-21,41.76,TEM_2025-01-21_41.76,TEM_quotes_2025_01_21.parquet,True
TEO,2025-10-27,38.64,TEO_2025-10-27_38.64,TEO_quotes_2025_10_27.parquet,True
TE,2025-10-09,31.74,TE_2025-10-09_31.74,TE_quotes_2025_10_09.parquet,True
TE,2025-10-15,31.17,TE_2025-10-15_31.17,TE_quotes_2025_10_15.parquet,True
TGE,2025-06-06,49.40,TGE_2025-06-06_49.40,TGE_quotes_2025_06_06.parquet,True
TGE,2025-06-17,69.07,TGE_2025-06-17_69.07,TGE_quotes_2025_06_17.parquet,True
TGE,2025-09-10,33.21,TGE_2025-09-10_33.21,TGE_quotes_2025_09_10.parquet,True
TGE,2025-09-17,69.88,TGE_2025-09-17_69.88,TGE_quotes_2025_09_17.parquet,True
TGE,2025-10-20,36.55,TGE_2025-10-20_36.55,TGE_quotes_2025_10_20.parquet,True
TGE,2025-10-31,91.07,TGE_2025-10-31_91.07,TGE_quotes_2025_10_31.parquet,True
TGL,2025-01-03,311.61,TGL_2025-01-03_311.61,TGL_quotes_2025_01_03.parquet,True
TGL,2025-01-17,77.32,TGL_2025-01-17_77.32,TGL_quotes_2025_01_17.parquet,True
TGL,2025-02-11,50.99,TGL_2025-02-11_50.99,TGL_quotes_2025_02_11.parquet,True
TGL,2025-03-24,68.64,TGL_2025-03-24_68.64,TGL_quotes_2025_03_24.parquet,True
TGL,2025-03-31,39.99,TGL_2025-03-31_39.99,TGL_quotes_2025_03_31.parquet,True
TGL,2025-04-09,76.55,TGL_2025-04-09_76.55,TGL_quotes_2025_04_09.parquet,True
TGL,2025-04-16,111.54,TGL_2025-04-16_111.54,TGL_quotes_2025_04_16.parquet,True
TGL,2025-05-16,37.36,TGL_2025-05-16_37.36,TGL_quotes_2025_05_16.parquet,True
TGL,2025-06-04,40.14,TGL_2025-06-04_40.14,TGL_quotes_2025_06_04.parquet,True
TGL,2025-09-11,99.55,TGL_2025-09-11_99.55,TGL_quotes_2025_09_11.parquet,True
TGL,2025-10-27,62.05,TGL_2025-10-27_62.05,TGL_quotes_2025_10_27.parquet,True
TGNA,2025-08-11,30.89,TGNA_2025-08-11_30.89,TGNA_quotes_2025_08_11.parquet,True
TGS,2025-10-27,45.64,TGS_2025-10-27_45.64,TGS_quotes_2025_10_27.parquet,True
THAR,2025-08-20,246.15,THAR_2025-08-20_246.15,THAR_quotes_2025_08_20.parquet,True
THAR,2025-08-21,69.64,THAR_2025-08-21_69.64,THAR_quotes_2025_08_21.parquet,True
THAR,2025-08-25,92.37,THAR_2025-08-25_92.37,THAR_quotes_2025_08_25.parquet,True
THAR,2025-08-28,44.76,THAR_2025-08-28_44.76,THAR_quotes_2025_08_28.parquet,True
THAR,2025-09-19,46.24,THAR_2025-09-19_46.24,THAR_quotes_2025_09_19.parquet,True
TIL,2025-01-07,36.08,TIL_2025-01-07_36.08,TIL_quotes_2025_01_07.parquet,True
TIL,2025-04-23,47.97,TIL_2025-04-23_47.97,TIL_quotes_2025_04_23.parquet,True
TIL,2025-05-22,62.76,TIL_2025-05-22_62.76,TIL_quotes_2025_05_22.parquet,True
TIL,2025-05-29,31.88,TIL_2025-05-29_31.88,TIL_quotes_2025_05_29.parquet,True
TIL,2025-06-02,41.93,TIL_2025-06-02_41.93,TIL_quotes_2025_06_02.parquet,True
TIVC,2025-02-12,198.55,TIVC_2025-02-12_198.55,TIVC_quotes_2025_02_12.parquet,True
TIVC,2025-02-13,31.43,TIVC_2025-02-13_31.43,TIVC_quotes_2025_02_13.parquet,True
TIVC,2025-04-02,57.93,TIVC_2025-04-02_57.93,TIVC_quotes_2025_04_02.parquet,True
TIVC,2025-04-03,78.46,TIVC_2025-04-03_78.46,TIVC_quotes_2025_04_03.parquet,True
TIVC,2025-04-09,54.85,TIVC_2025-04-09_54.85,TIVC_quotes_2025_04_09.parquet,True
TIVC,2025-04-22,278.00,TIVC_2025-04-22_278.00,TIVC_quotes_2025_04_22.parquet,True
TIVC,2025-08-15,60.00,TIVC_2025-08-15_60.00,TIVC_quotes_2025_08_15.parquet,True
TLIH,2025-07-09,37.00,TLIH_2025-07-09_37.00,TLIH_quotes_2025_07_09.parquet,True
TLIH,2025-07-22,42.42,TLIH_2025-07-22_42.42,TLIH_quotes_2025_07_22.parquet,True
TLPH,2025-09-08,94.83,TLPH_2025-09-08_94.83,TLPH_quotes_2025_09_08.parquet,True
TLRY,2025-08-12,30.39,TLRY_2025-08-12_30.39,TLRY_quotes_2025_08_12.parquet,True
TLRY,2025-08-13,31.51,TLRY_2025-08-13_31.51,TLRY_quotes_2025_08_13.parquet,True
TLRY,2025-09-29,61.74,TLRY_2025-09-29_61.74,TLRY_quotes_2025_09_29.parquet,True
TLRY,2025-10-09,34.88,TLRY_2025-10-09_34.88,TLRY_quotes_2025_10_09.parquet,True
TLSA,2025-05-06,31.15,TLSA_2025-05-06_31.15,TLSA_quotes_2025_05_06.parquet,True
TLSIW,2025-01-30,38.86,TLSIW_2025-01-30_38.86,TLSIW_quotes_2025_01_30.parquet,True
TLSIW,2025-02-03,30.20,TLSIW_2025-02-03_30.20,TLSIW_quotes_2025_02_03.parquet,True
TLSIW,2025-02-12,35.35,TLSIW_2025-02-12_35.35,TLSIW_quotes_2025_02_12.parquet,True
TLSIW,2025-04-02,30.51,TLSIW_2025-04-02_30.51,TLSIW_quotes_2025_04_02.parquet,True
TLSIW,2025-05-22,90.08,TLSIW_2025-05-22_90.08,TLSIW_quotes_2025_05_22.parquet,True
TLSIW,2025-05-28,30.34,TLSIW_2025-05-28_30.34,TLSIW_quotes_2025_05_28.parquet,True
TLSIW,2025-06-02,40.62,TLSIW_2025-06-02_40.62,TLSIW_quotes_2025_06_02.parquet,True
TLSIW,2025-06-04,64.83,TLSIW_2025-06-04_64.83,TLSIW_quotes_2025_06_04.parquet,True
TLSIW,2025-07-21,65.41,TLSIW_2025-07-21_65.41,TLSIW_quotes_2025_07_21.parquet,True
TLSIW,2025-07-22,143.90,TLSIW_2025-07-22_143.90,TLSIW_quotes_2025_07_22.parquet,True
TLSIW,2025-07-30,31.36,TLSIW_2025-07-30_31.36,TLSIW_quotes_2025_07_30.parquet,True
TLSIW,2025-09-09,41.29,TLSIW_2025-09-09_41.29,TLSIW_quotes_2025_09_09.parquet,True
TLS,2025-05-12,33.93,TLS_2025-05-12_33.93,TLS_quotes_2025_05_12.parquet,True
TLS,2025-08-11,65.13,TLS_2025-08-11_65.13,TLS_quotes_2025_08_11.parquet,True
TLS,2025-08-12,36.95,TLS_2025-08-12_36.95,TLS_quotes_2025_08_12.parquet,True
TLX,2025-02-24,55.69,TLX_2025-02-24_55.69,TLX_quotes_2025_02_24.parquet,True
TLYS,2025-05-30,35.78,TLYS_2025-05-30_35.78,TLYS_quotes_2025_05_30.parquet,True
TLYS,2025-06-02,55.94,TLYS_2025-06-02_55.94,TLYS_quotes_2025_06_02.parquet,True
TLYS,2025-06-05,40.77,TLYS_2025-06-05_40.77,TLYS_quotes_2025_06_05.parquet,True
TLYS,2025-07-01,32.61,TLYS_2025-07-01_32.61,TLYS_quotes_2025_07_01.parquet,True
TLYS,2025-07-24,36.15,TLYS_2025-07-24_36.15,TLYS_quotes_2025_07_24.parquet,True
TMCWW,2025-06-16,37.06,TMCWW_2025-06-16_37.06,TMCWW_quotes_2025_06_16.parquet,True
TMCWW,2025-06-18,41.18,TMCWW_2025-06-18_41.18,TMCWW_quotes_2025_06_18.parquet,True
TMCWW,2025-06-25,41.67,TMCWW_2025-06-25_41.67,TMCWW_quotes_2025_06_25.parquet,True
TMCWW,2025-10-07,49.67,TMCWW_2025-10-07_49.67,TMCWW_quotes_2025_10_07.parquet,True
TMCWW,2025-10-13,62.74,TMCWW_2025-10-13_62.74,TMCWW_quotes_2025_10_13.parquet,True
TMC,2025-04-14,47.18,TMC_2025-04-14_47.18,TMC_quotes_2025_04_14.parquet,True
TMC,2025-04-24,49.02,TMC_2025-04-24_49.02,TMC_quotes_2025_04_24.parquet,True
TMC,2025-06-16,30.41,TMC_2025-06-16_30.41,TMC_quotes_2025_06_16.parquet,True
TMC,2025-06-18,34.19,TMC_2025-06-18_34.19,TMC_quotes_2025_06_18.parquet,True
TNGX,2025-05-19,77.33,TNGX_2025-05-19_77.33,TNGX_quotes_2025_05_19.parquet,True
TNGX,2025-05-20,31.00,TNGX_2025-05-20_31.00,TNGX_quotes_2025_05_20.parquet,True
TNGX,2025-05-29,37.58,TNGX_2025-05-29_37.58,TNGX_quotes_2025_05_29.parquet,True
TNGX,2025-06-03,44.88,TNGX_2025-06-03_44.88,TNGX_quotes_2025_06_03.parquet,True
TNGX,2025-06-06,34.19,TNGX_2025-06-06_34.19,TNGX_quotes_2025_06_06.parquet,True
TNMG,2025-01-27,43.91,TNMG_2025-01-27_43.91,TNMG_quotes_2025_01_27.parquet,True
TNMG,2025-01-29,31.82,TNMG_2025-01-29_31.82,TNMG_quotes_2025_01_29.parquet,True
TNMG,2025-02-13,41.96,TNMG_2025-02-13_41.96,TNMG_quotes_2025_02_13.parquet,True
TNMG,2025-02-20,128.14,TNMG_2025-02-20_128.14,TNMG_quotes_2025_02_20.parquet,True
TNMG,2025-05-14,45.83,TNMG_2025-05-14_45.83,TNMG_quotes_2025_05_14.parquet,True
TNMG,2025-05-20,121.51,TNMG_2025-05-20_121.51,TNMG_quotes_2025_05_20.parquet,True
TNON,2025-03-11,60.00,TNON_2025-03-11_60.00,TNON_quotes_2025_03_11.parquet,True
TNON,2025-03-25,498.10,TNON_2025-03-25_498.10,TNON_quotes_2025_03_25.parquet,True
TNON,2025-03-27,34.71,TNON_2025-03-27_34.71,TNON_quotes_2025_03_27.parquet,True
TNON,2025-08-01,143.14,TNON_2025-08-01_143.14,TNON_quotes_2025_08_01.parquet,True
TNXP,2025-01-22,39.18,TNXP_2025-01-22_39.18,TNXP_quotes_2025_01_22.parquet,True
TNXP,2025-01-28,41.47,TNXP_2025-01-28_41.47,TNXP_quotes_2025_01_28.parquet,True
TNXP,2025-02-07,63.70,TNXP_2025-02-07_63.70,TNXP_quotes_2025_02_07.parquet,True
TNXP,2025-03-05,50.00,TNXP_2025-03-05_50.00,TNXP_quotes_2025_03_05.parquet,True
TNXP,2025-03-06,69.98,TNXP_2025-03-06_69.98,TNXP_quotes_2025_03_06.parquet,True
TNXP,2025-03-18,33.29,TNXP_2025-03-18_33.29,TNXP_quotes_2025_03_18.parquet,True
TNXP,2025-03-21,31.85,TNXP_2025-03-21_31.85,TNXP_quotes_2025_03_21.parquet,True
TNXP,2025-03-24,64.26,TNXP_2025-03-24_64.26,TNXP_quotes_2025_03_24.parquet,True
TNXP,2025-05-16,30.73,TNXP_2025-05-16_30.73,TNXP_quotes_2025_05_16.parquet,True
TNXP,2025-05-27,30.80,TNXP_2025-05-27_30.80,TNXP_quotes_2025_05_27.parquet,True
TNXP,2025-08-12,36.09,TNXP_2025-08-12_36.09,TNXP_quotes_2025_08_12.parquet,True
TNYA,2025-02-14,30.93,TNYA_2025-02-14_30.93,TNYA_quotes_2025_02_14.parquet,True
TOI,2025-02-10,31.71,TOI_2025-02-10_31.71,TOI_quotes_2025_02_10.parquet,True
TOI,2025-02-26,46.45,TOI_2025-02-26_46.45,TOI_quotes_2025_02_26.parquet,True
TOI,2025-03-24,36.52,TOI_2025-03-24_36.52,TOI_quotes_2025_03_24.parquet,True
TOI,2025-04-14,31.28,TOI_2025-04-14_31.28,TOI_quotes_2025_04_14.parquet,True
TOI,2025-05-15,40.51,TOI_2025-05-15_40.51,TOI_quotes_2025_05_15.parquet,True
TOMZ,2025-06-02,36.05,TOMZ_2025-06-02_36.05,TOMZ_quotes_2025_06_02.parquet,True
TOP,2025-09-10,168.55,TOP_2025-09-10_168.55,TOP_quotes_2025_09_10.parquet,True
TORO,2025-07-10,49.78,TORO_2025-07-10_49.78,TORO_quotes_2025_07_10.parquet,True
TORO,2025-10-01,42.68,TORO_2025-10-01_42.68,TORO_quotes_2025_10_01.parquet,True
TPC,2025-02-28,37.36,TPC_2025-02-28_37.36,TPC_quotes_2025_02_28.parquet,True
TPC,2025-08-07,35.28,TPC_2025-08-07_35.28,TPC_quotes_2025_08_07.parquet,True
TPST,2025-06-09,44.92,TPST_2025-06-09_44.92,TPST_quotes_2025_06_09.parquet,True
TQQQ,2025-04-09,37.30,TQQQ_2025-04-09_37.30,TQQQ_quotes_2025_04_09.parquet,True
TRAW,2025-04-21,32.83,TRAW_2025-04-21_32.83,TRAW_quotes_2025_04_21.parquet,True
TRAW,2025-06-03,81.69,TRAW_2025-06-03_81.69,TRAW_quotes_2025_06_03.parquet,True
TRIB,2025-01-28,90.79,TRIB_2025-01-28_90.79,TRIB_quotes_2025_01_28.parquet,True
TRIB,2025-08-12,41.59,TRIB_2025-08-12_41.59,TRIB_quotes_2025_08_12.parquet,True
TRIB,2025-08-14,240.49,TRIB_2025-08-14_240.49,TRIB_quotes_2025_08_14.parquet,True
TRIB,2025-08-20,43.80,TRIB_2025-08-20_43.80,TRIB_quotes_2025_08_20.parquet,True
TRNR,2025-02-19,78.60,TRNR_2025-02-19_78.60,TRNR_quotes_2025_02_19.parquet,True
TRNR,2025-02-26,167.44,TRNR_2025-02-26_167.44,TRNR_quotes_2025_02_26.parquet,True
TRNR,2025-02-27,91.20,TRNR_2025-02-27_91.20,TRNR_quotes_2025_02_27.parquet,True
TRNR,2025-02-28,94.12,TRNR_2025-02-28_94.12,TRNR_quotes_2025_02_28.parquet,True
TRNR,2025-03-03,54.09,TRNR_2025-03-03_54.09,TRNR_quotes_2025_03_03.parquet,True
TRNR,2025-03-19,38.32,TRNR_2025-03-19_38.32,TRNR_quotes_2025_03_19.parquet,True
TRNR,2025-04-08,38.20,TRNR_2025-04-08_38.20,TRNR_quotes_2025_04_08.parquet,True
TRNR,2025-06-11,56.54,TRNR_2025-06-11_56.54,TRNR_quotes_2025_06_11.parquet,True
TRNR,2025-07-07,30.63,TRNR_2025-07-07_30.63,TRNR_quotes_2025_07_07.parquet,True
TRON,2025-09-08,44.07,TRON_2025-09-08_44.07,TRON_quotes_2025_09_08.parquet,True
TRON,2025-10-02,32.99,TRON_2025-10-02_32.99,TRON_quotes_2025_10_02.parquet,True
TROO,2025-01-17,30.36,TROO_2025-01-17_30.36,TROO_quotes_2025_01_17.parquet,True
TROO,2025-03-13,39.09,TROO_2025-03-13_39.09,TROO_quotes_2025_03_13.parquet,True
TROO,2025-07-14,303.08,TROO_2025-07-14_303.08,TROO_quotes_2025_07_14.parquet,True
TROO,2025-09-24,34.55,TROO_2025-09-24_34.55,TROO_quotes_2025_09_24.parquet,True
TRSG,2025-03-24,143.14,TRSG_2025-03-24_143.14,TRSG_quotes_2025_03_24.parquet,True
TRSG,2025-03-28,43.74,TRSG_2025-03-28_43.74,TRSG_quotes_2025_03_28.parquet,True
TRUE,2025-10-15,68.92,TRUE_2025-10-15_68.92,TRUE_quotes_2025_10_15.parquet,True
TRUG,2025-01-06,66.92,TRUG_2025-01-06_66.92,TRUG_quotes_2025_01_06.parquet,True
TRUG,2025-01-24,31.96,TRUG_2025-01-24_31.96,TRUG_quotes_2025_01_24.parquet,True
TRUG,2025-02-19,64.79,TRUG_2025-02-19_64.79,TRUG_quotes_2025_02_19.parquet,True
TRUG,2025-04-22,53.92,TRUG_2025-04-22_53.92,TRUG_quotes_2025_04_22.parquet,True
TRUG,2025-05-23,41.41,TRUG_2025-05-23_41.41,TRUG_quotes_2025_05_23.parquet,True
TRUG,2025-05-29,100.67,TRUG_2025-05-29_100.67,TRUG_quotes_2025_05_29.parquet,True
TRUG,2025-07-21,48.99,TRUG_2025-07-21_48.99,TRUG_quotes_2025_07_21.parquet,True
TRVG,2025-02-06,30.56,TRVG_2025-02-06_30.56,TRVG_quotes_2025_02_06.parquet,True
TRVG,2025-05-01,40.14,TRVG_2025-05-01_40.14,TRVG_quotes_2025_05_01.parquet,True
TRVI,2025-03-10,71.86,TRVI_2025-03-10_71.86,TRVI_quotes_2025_03_10.parquet,True
TSDD,2025-03-10,32.24,TSDD_2025-03-10_32.24,TSDD_quotes_2025_03_10.parquet,True
TSDD,2025-06-05,35.43,TSDD_2025-06-05_35.43,TSDD_quotes_2025_06_05.parquet,True
TSHA,2025-10-02,54.72,TSHA_2025-10-02_54.72,TSHA_quotes_2025_10_02.parquet,True
TSLG,2025-04-09,47.32,TSLG_2025-04-09_47.32,TSLG_quotes_2025_04_09.parquet,True
TSLL,2025-04-09,47.56,TSLL_2025-04-09_47.56,TSLL_quotes_2025_04_09.parquet,True
TSLQ,2025-03-10,32.39,TSLQ_2025-03-10_32.39,TSLQ_quotes_2025_03_10.parquet,True
TSLQ,2025-06-05,35.54,TSLQ_2025-06-05_35.54,TSLQ_quotes_2025_06_05.parquet,True
TSLR,2025-04-09,47.49,TSLR_2025-04-09_47.49,TSLR_quotes_2025_04_09.parquet,True
TSSI,2025-05-16,84.89,TSSI_2025-05-16_84.89,TSSI_quotes_2025_05_16.parquet,True
TTEC,2025-04-02,66.06,TTEC_2025-04-02_66.06,TTEC_quotes_2025_04_02.parquet,True
TTEC,2025-05-09,34.62,TTEC_2025-05-09_34.62,TTEC_quotes_2025_05_09.parquet,True
TTRX,2025-10-09,278.57,TTRX_2025-10-09_278.57,TTRX_quotes_2025_10_09.parquet,True
TURB,2025-09-16,657.41,TURB_2025-09-16_657.41,TURB_quotes_2025_09_16.parquet,True
TUSK,2025-04-14,39.68,TUSK_2025-04-14_39.68,TUSK_quotes_2025_04_14.parquet,True
TVACW,2025-09-25,390.00,TVACW_2025-09-25_390.00,TVACW_quotes_2025_09_25.parquet,True
TVACW,2025-10-08,30.43,TVACW_2025-10-08_30.43,TVACW_quotes_2025_10_08.parquet,True
TVGN,2025-01-27,42.22,TVGN_2025-01-27_42.22,TVGN_quotes_2025_01_27.parquet,True
TVGN,2025-04-09,30.21,TVGN_2025-04-09_30.21,TVGN_quotes_2025_04_09.parquet,True
TVGN,2025-08-05,41.03,TVGN_2025-08-05_41.03,TVGN_quotes_2025_08_05.parquet,True
TVTX,2025-09-10,32.59,TVTX_2025-09-10_32.59,TVTX_quotes_2025_09_10.parquet,True
TWG,2025-02-18,52.79,TWG_2025-02-18_52.79,TWG_quotes_2025_02_18.parquet,True
TWG,2025-03-28,64.11,TWG_2025-03-28_64.11,TWG_quotes_2025_03_28.parquet,True
TWG,2025-05-12,53.32,TWG_2025-05-12_53.32,TWG_quotes_2025_05_12.parquet,True
TWG,2025-06-11,60.92,TWG_2025-06-11_60.92,TWG_quotes_2025_06_11.parquet,True
TWG,2025-07-25,32.80,TWG_2025-07-25_32.80,TWG_quotes_2025_07_25.parquet,True
TWG,2025-07-30,32.30,TWG_2025-07-30_32.30,TWG_quotes_2025_07_30.parquet,True
TWIN,2025-08-21,33.18,TWIN_2025-08-21_33.18,TWIN_quotes_2025_08_21.parquet,True
TWNP,2025-06-09,104.96,TWNP_2025-06-09_104.96,TWNP_quotes_2025_06_09.parquet,True
TXMD,2025-01-03,55.41,TXMD_2025-01-03_55.41,TXMD_quotes_2025_01_03.parquet,True
TXMD,2025-02-21,64.36,TXMD_2025-02-21_64.36,TXMD_quotes_2025_02_21.parquet,True
TXMD,2025-10-17,62.68,TXMD_2025-10-17_62.68,TXMD_quotes_2025_10_17.parquet,True
TYGO,2025-01-07,64.65,TYGO_2025-01-07_64.65,TYGO_quotes_2025_01_07.parquet,True
TYGO,2025-07-30,42.28,TYGO_2025-07-30_42.28,TYGO_quotes_2025_07_30.parquet,True
TZOO,2025-04-29,32.23,TZOO_2025-04-29_32.23,TZOO_quotes_2025_04_29.parquet,True
TZUP,2025-02-26,38.43,TZUP_2025-02-26_38.43,TZUP_quotes_2025_02_26.parquet,True
TZUP,2025-05-13,40.78,TZUP_2025-05-13_40.78,TZUP_quotes_2025_05_13.parquet,True
TZUP,2025-07-08,31.76,TZUP_2025-07-08_31.76,TZUP_quotes_2025_07_08.parquet,True
TZUP,2025-07-14,35.07,TZUP_2025-07-14_35.07,TZUP_quotes_2025_07_14.parquet,True
UBXG,2025-02-21,35.76,UBXG_2025-02-21_35.76,UBXG_quotes_2025_02_21.parquet,True
UBXG,2025-03-12,32.35,UBXG_2025-03-12_32.35,UBXG_quotes_2025_03_12.parquet,True
UBXG,2025-08-19,39.96,UBXG_2025-08-19_39.96,UBXG_quotes_2025_08_19.parquet,True
UCL,2025-01-17,34.33,UCL_2025-01-17_34.33,UCL_quotes_2025_01_17.parquet,True
UCL,2025-04-23,30.36,UCL_2025-04-23_30.36,UCL_quotes_2025_04_23.parquet,True
UCL,2025-07-24,32.18,UCL_2025-07-24_32.18,UCL_quotes_2025_07_24.parquet,True
UDMY,2025-02-14,35.68,UDMY_2025-02-14_35.68,UDMY_quotes_2025_02_14.parquet,True
UFG,2025-08-15,32.31,UFG_2025-08-15_32.31,UFG_quotes_2025_08_15.parquet,True
UFG,2025-09-02,30.21,UFG_2025-09-02_30.21,UFG_quotes_2025_09_02.parquet,True
UFG,2025-09-09,73.23,UFG_2025-09-09_73.23,UFG_quotes_2025_09_09.parquet,True
UFG,2025-10-29,39.29,UFG_2025-10-29_39.29,UFG_quotes_2025_10_29.parquet,True
UGRO,2025-02-06,33.33,UGRO_2025-02-06_33.33,UGRO_quotes_2025_02_06.parquet,True
UHGWW,2025-02-26,33.33,UHGWW_2025-02-26_33.33,UHGWW_quotes_2025_02_26.parquet,True
UHGWW,2025-07-10,32.05,UHGWW_2025-07-10_32.05,UHGWW_quotes_2025_07_10.parquet,True
UHGWW,2025-08-11,76.21,UHGWW_2025-08-11_76.21,UHGWW_quotes_2025_08_11.parquet,True
UHGWW,2025-08-15,32.85,UHGWW_2025-08-15_32.85,UHGWW_quotes_2025_08_15.parquet,True
UHGWW,2025-09-17,50.61,UHGWW_2025-09-17_50.61,UHGWW_quotes_2025_09_17.parquet,True
UHG,2025-05-12,58.89,UHG_2025-05-12_58.89,UHG_quotes_2025_05_12.parquet,True
UI,2025-08-22,31.60,UI_2025-08-22_31.60,UI_quotes_2025_08_22.parquet,True
UK,2025-09-09,42.20,UK_2025-09-09_42.20,UK_quotes_2025_09_09.parquet,True
ULCC,2025-08-12,30.82,ULCC_2025-08-12_30.82,ULCC_quotes_2025_08_12.parquet,True
ULY,2025-01-06,38.26,ULY_2025-01-06_38.26,ULY_quotes_2025_01_06.parquet,True
ULY,2025-02-27,127.62,ULY_2025-02-27_127.62,ULY_quotes_2025_02_27.parquet,True
ULY,2025-03-20,93.50,ULY_2025-03-20_93.50,ULY_quotes_2025_03_20.parquet,True
ULY,2025-03-26,60.36,ULY_2025-03-26_60.36,ULY_quotes_2025_03_26.parquet,True
ULY,2025-04-25,65.52,ULY_2025-04-25_65.52,ULY_quotes_2025_04_25.parquet,True
ULY,2025-04-29,58.00,ULY_2025-04-29_58.00,ULY_quotes_2025_04_29.parquet,True
ULY,2025-04-30,57.67,ULY_2025-04-30_57.67,ULY_quotes_2025_04_30.parquet,True
ULY,2025-06-25,109.76,ULY_2025-06-25_109.76,ULY_quotes_2025_06_25.parquet,True
ULY,2025-10-07,79.49,ULY_2025-10-07_79.49,ULY_quotes_2025_10_07.parquet,True
UNCY,2025-06-09,45.81,UNCY_2025-06-09_45.81,UNCY_quotes_2025_06_09.parquet,True
UNCY,2025-06-23,30.06,UNCY_2025-06-23_30.06,UNCY_quotes_2025_06_23.parquet,True
UNF,2025-01-07,43.92,UNF_2025-01-07_43.92,UNF_quotes_2025_01_07.parquet,True
UNIT,2025-08-04,70.06,UNIT_2025-08-04_70.06,UNIT_quotes_2025_08_04.parquet,True
UOKA,2025-02-03,244.92,UOKA_2025-02-03_244.92,UOKA_quotes_2025_02_03.parquet,True
UOKA,2025-02-07,72.04,UOKA_2025-02-07_72.04,UOKA_quotes_2025_02_07.parquet,True
UOKA,2025-02-21,41.24,UOKA_2025-02-21_41.24,UOKA_quotes_2025_02_21.parquet,True
UOKA,2025-03-04,63.79,UOKA_2025-03-04_63.79,UOKA_quotes_2025_03_04.parquet,True
UOKA,2025-03-14,51.40,UOKA_2025-03-14_51.40,UOKA_quotes_2025_03_14.parquet,True
UOKA,2025-05-16,144.07,UOKA_2025-05-16_144.07,UOKA_quotes_2025_05_16.parquet,True
UONEK,2025-07-08,100.31,UONEK_2025-07-08_100.31,UONEK_quotes_2025_07_08.parquet,True
UPC,2025-02-07,52.17,UPC_2025-02-07_52.17,UPC_quotes_2025_02_07.parquet,True
UPC,2025-02-21,144.77,UPC_2025-02-21_144.77,UPC_quotes_2025_02_21.parquet,True
UPC,2025-04-08,52.10,UPC_2025-04-08_52.10,UPC_quotes_2025_04_08.parquet,True
UPC,2025-04-16,57.70,UPC_2025-04-16_57.70,UPC_quotes_2025_04_16.parquet,True
UPC,2025-04-21,53.65,UPC_2025-04-21_53.65,UPC_quotes_2025_04_21.parquet,True
UPC,2025-04-28,65.00,UPC_2025-04-28_65.00,UPC_quotes_2025_04_28.parquet,True
UPC,2025-05-05,37.42,UPC_2025-05-05_37.42,UPC_quotes_2025_05_05.parquet,True
UPC,2025-05-12,53.69,UPC_2025-05-12_53.69,UPC_quotes_2025_05_12.parquet,True
UPC,2025-07-28,34.90,UPC_2025-07-28_34.90,UPC_quotes_2025_07_28.parquet,True
UPC,2025-08-13,58.36,UPC_2025-08-13_58.36,UPC_quotes_2025_08_13.parquet,True
UPC,2025-09-08,48.73,UPC_2025-09-08_48.73,UPC_quotes_2025_09_08.parquet,True
UPC,2025-09-19,63.86,UPC_2025-09-19_63.86,UPC_quotes_2025_09_19.parquet,True
UPC,2025-10-08,112.77,UPC_2025-10-08_112.77,UPC_quotes_2025_10_08.parquet,True
UPLD,2025-07-28,49.74,UPLD_2025-07-28_49.74,UPLD_quotes_2025_07_28.parquet,True
UPLD,2025-08-18,31.95,UPLD_2025-08-18_31.95,UPLD_quotes_2025_08_18.parquet,True
UPLD,2025-08-20,51.55,UPLD_2025-08-20_51.55,UPLD_quotes_2025_08_20.parquet,True
UPST,2025-02-12,34.30,UPST_2025-02-12_34.30,UPST_quotes_2025_02_12.parquet,True
UPXI,2025-01-23,82.20,UPXI_2025-01-23_82.20,UPXI_quotes_2025_01_23.parquet,True
UPXI,2025-02-24,64.38,UPXI_2025-02-24_64.38,UPXI_quotes_2025_02_24.parquet,True
UPXI,2025-04-21,858.61,UPXI_2025-04-21_858.61,UPXI_quotes_2025_04_21.parquet,True
UPXI,2025-04-23,40.00,UPXI_2025-04-23_40.00,UPXI_quotes_2025_04_23.parquet,True
UPXI,2025-04-25,66.94,UPXI_2025-04-25_66.94,UPXI_quotes_2025_04_25.parquet,True
UPXI,2025-05-02,33.33,UPXI_2025-05-02_33.33,UPXI_quotes_2025_05_02.parquet,True
UPXI,2025-05-21,30.57,UPXI_2025-05-21_30.57,UPXI_quotes_2025_05_21.parquet,True
UPXI,2025-07-16,48.08,UPXI_2025-07-16_48.08,UPXI_quotes_2025_07_16.parquet,True
UPXI,2025-07-21,41.98,UPXI_2025-07-21_41.98,UPXI_quotes_2025_07_21.parquet,True
UP,2025-08-15,40.85,UP_2025-08-15_40.85,UP_quotes_2025_08_15.parquet,True
UP,2025-08-26,31.80,UP_2025-08-26_31.80,UP_quotes_2025_08_26.parquet,True
URGN,2025-06-06,60.51,URGN_2025-06-06_60.51,URGN_quotes_2025_06_06.parquet,True
URGN,2025-06-12,71.23,URGN_2025-06-12_71.23,URGN_quotes_2025_06_12.parquet,True
USARW,2025-03-17,33.09,USARW_2025-03-17_33.09,USARW_quotes_2025_03_17.parquet,True
USARW,2025-03-18,36.00,USARW_2025-03-18_36.00,USARW_quotes_2025_03_18.parquet,True
USARW,2025-04-04,91.18,USARW_2025-04-04_91.18,USARW_quotes_2025_04_04.parquet,True
USARW,2025-04-07,64.72,USARW_2025-04-07_64.72,USARW_quotes_2025_04_07.parquet,True
USARW,2025-04-14,69.75,USARW_2025-04-14_69.75,USARW_quotes_2025_04_14.parquet,True
USARW,2025-04-16,97.27,USARW_2025-04-16_97.27,USARW_quotes_2025_04_16.parquet,True
USARW,2025-04-24,43.33,USARW_2025-04-24_43.33,USARW_quotes_2025_04_24.parquet,True
USARW,2025-06-04,47.50,USARW_2025-06-04_47.50,USARW_quotes_2025_06_04.parquet,True
USARW,2025-06-12,33.21,USARW_2025-06-12_33.21,USARW_quotes_2025_06_12.parquet,True
USARW,2025-07-10,33.33,USARW_2025-07-10_33.33,USARW_quotes_2025_07_10.parquet,True
USARW,2025-07-15,54.35,USARW_2025-07-15_54.35,USARW_quotes_2025_07_15.parquet,True
USARW,2025-08-12,39.02,USARW_2025-08-12_39.02,USARW_quotes_2025_08_12.parquet,True
USARW,2025-10-02,56.35,USARW_2025-10-02_56.35,USARW_quotes_2025_10_02.parquet,True
USARW,2025-10-03,46.93,USARW_2025-10-03_46.93,USARW_quotes_2025_10_03.parquet,True
USARW,2025-10-07,31.45,USARW_2025-10-07_31.45,USARW_quotes_2025_10_07.parquet,True
USARW,2025-10-09,38.56,USARW_2025-10-09_38.56,USARW_quotes_2025_10_09.parquet,True
USARW,2025-10-10,36.18,USARW_2025-10-10_36.18,USARW_quotes_2025_10_10.parquet,True
USARW,2025-10-13,54.71,USARW_2025-10-13_54.71,USARW_quotes_2025_10_13.parquet,True
USAR,2025-03-18,30.22,USAR_2025-03-18_30.22,USAR_quotes_2025_03_18.parquet,True
USAR,2025-04-04,61.54,USAR_2025-04-04_61.54,USAR_quotes_2025_04_04.parquet,True
USAR,2025-04-07,30.46,USAR_2025-04-07_30.46,USAR_quotes_2025_04_07.parquet,True
USAR,2025-04-14,61.25,USAR_2025-04-14_61.25,USAR_quotes_2025_04_14.parquet,True
USAR,2025-04-16,37.20,USAR_2025-04-16_37.20,USAR_quotes_2025_04_16.parquet,True
USAR,2025-07-15,33.67,USAR_2025-07-15_33.67,USAR_quotes_2025_07_15.parquet,True
USAR,2025-10-13,34.87,USAR_2025-10-13_34.87,USAR_quotes_2025_10_13.parquet,True
USEA,2025-06-13,49.26,USEA_2025-06-13_49.26,USEA_quotes_2025_06_13.parquet,True
USEG,2025-01-21,175.86,USEG_2025-01-21_175.86,USEG_quotes_2025_01_21.parquet,True
USEG,2025-02-03,58.93,USEG_2025-02-03_58.93,USEG_quotes_2025_02_03.parquet,True
USEG,2025-06-13,93.66,USEG_2025-06-13_93.66,USEG_quotes_2025_06_13.parquet,True
USEG,2025-06-17,39.36,USEG_2025-06-17_39.36,USEG_quotes_2025_06_17.parquet,True
USGOW,2025-01-07,48.78,USGOW_2025-01-07_48.78,USGOW_quotes_2025_01_07.parquet,True
USGOW,2025-01-10,31.76,USGOW_2025-01-10_31.76,USGOW_quotes_2025_01_10.parquet,True
USGOW,2025-02-03,40.50,USGOW_2025-02-03_40.50,USGOW_quotes_2025_02_03.parquet,True
USGOW,2025-09-24,42.05,USGOW_2025-09-24_42.05,USGOW_quotes_2025_09_24.parquet,True
USGOW,2025-10-22,30.15,USGOW_2025-10-22_30.15,USGOW_quotes_2025_10_22.parquet,True
USGOW,2025-10-29,30.43,USGOW_2025-10-29_30.43,USGOW_quotes_2025_10_29.parquet,True
USGO,2025-02-03,32.83,USGO_2025-02-03_32.83,USGO_quotes_2025_02_03.parquet,True
USGO,2025-09-22,34.64,USGO_2025-09-22_34.64,USGO_quotes_2025_09_22.parquet,True
USIO,2025-01-07,62.22,USIO_2025-01-07_62.22,USIO_quotes_2025_01_07.parquet,True
UTHR,2025-09-02,43.38,UTHR_2025-09-02_43.38,UTHR_quotes_2025_09_02.parquet,True
UXIN,2025-07-11,39.58,UXIN_2025-07-11_39.58,UXIN_quotes_2025_07_11.parquet,True
U,2025-02-20,30.46,U_2025-02-20_30.46,U_quotes_2025_02_20.parquet,True
VATE,2025-01-21,114.28,VATE_2025-01-21_114.28,VATE_quotes_2025_01_21.parquet,True
VATE,2025-05-27,31.01,VATE_2025-05-27_31.01,VATE_quotes_2025_05_27.parquet,True
VBIX,2025-02-13,40.00,VBIX_2025-02-13_40.00,VBIX_quotes_2025_02_13.parquet,False
VBIX,2025-04-11,93.55,VBIX_2025-04-11_93.55,VBIX_quotes_2025_04_11.parquet,False
VBIX,2025-04-23,63.40,VBIX_2025-04-23_63.40,VBIX_quotes_2025_04_23.parquet,False
VBIX,2025-06-04,72.89,VBIX_2025-06-04_72.89,VBIX_quotes_2025_06_04.parquet,False
VBIX,2025-06-05,40.00,VBIX_2025-06-05_40.00,VBIX_quotes_2025_06_05.parquet,True
VBIX,2025-06-27,33.23,VBIX_2025-06-27_33.23,VBIX_quotes_2025_06_27.parquet,True
VBIX,2025-08-08,30.62,VBIX_2025-08-08_30.62,VBIX_quotes_2025_08_08.parquet,True
VBIX,2025-08-25,31.39,VBIX_2025-08-25_31.39,VBIX_quotes_2025_08_25.parquet,True
VCICW,2025-09-08,257.38,VCICW_2025-09-08_257.38,VCICW_quotes_2025_09_08.parquet,True
VCIG,2025-03-07,56.34,VCIG_2025-03-07_56.34,VCIG_quotes_2025_03_07.parquet,True
VCIG,2025-03-14,33.75,VCIG_2025-03-14_33.75,VCIG_quotes_2025_03_14.parquet,True
VCIG,2025-04-22,33.80,VCIG_2025-04-22_33.80,VCIG_quotes_2025_04_22.parquet,True
VCIG,2025-06-23,37.50,VCIG_2025-06-23_37.50,VCIG_quotes_2025_06_23.parquet,True
VCIG,2025-07-18,38.55,VCIG_2025-07-18_38.55,VCIG_quotes_2025_07_18.parquet,True
VCIG,2025-07-25,41.59,VCIG_2025-07-25_41.59,VCIG_quotes_2025_07_25.parquet,True
VCIG,2025-08-19,38.82,VCIG_2025-08-19_38.82,VCIG_quotes_2025_08_19.parquet,True
VCIG,2025-08-26,39.57,VCIG_2025-08-26_39.57,VCIG_quotes_2025_08_26.parquet,True
VCIG,2025-09-17,54.50,VCIG_2025-09-17_54.50,VCIG_quotes_2025_09_17.parquet,True
VCIG,2025-10-23,49.15,VCIG_2025-10-23_49.15,VCIG_quotes_2025_10_23.parquet,True
VCIG,2025-10-30,97.22,VCIG_2025-10-30_97.22,VCIG_quotes_2025_10_30.parquet,True
VEEA,2025-05-14,52.98,VEEA_2025-05-14_52.98,VEEA_quotes_2025_05_14.parquet,True
VEEA,2025-08-14,71.52,VEEA_2025-08-14_71.52,VEEA_quotes_2025_08_14.parquet,True
VEEE,2025-01-03,42.18,VEEE_2025-01-03_42.18,VEEE_quotes_2025_01_03.parquet,True
VEEE,2025-01-17,64.45,VEEE_2025-01-17_64.45,VEEE_quotes_2025_01_17.parquet,True
VEEE,2025-04-08,82.90,VEEE_2025-04-08_82.90,VEEE_quotes_2025_04_08.parquet,True
VEEE,2025-05-08,264.71,VEEE_2025-05-08_264.71,VEEE_quotes_2025_05_08.parquet,True
VEEE,2025-09-03,34.51,VEEE_2025-09-03_34.51,VEEE_quotes_2025_09_03.parquet,True
VEEE,2025-09-05,78.35,VEEE_2025-09-05_78.35,VEEE_quotes_2025_09_05.parquet,True
VELO,2025-08-21,34.49,VELO_2025-08-21_34.49,VELO_quotes_2025_08_21.parquet,True
VELO,2025-08-22,32.31,VELO_2025-08-22_32.31,VELO_quotes_2025_08_22.parquet,True
VELO,2025-08-25,30.85,VELO_2025-08-25_30.85,VELO_quotes_2025_08_25.parquet,True
VELO,2025-10-07,35.03,VELO_2025-10-07_35.03,VELO_quotes_2025_10_07.parquet,True
VELO,2025-10-13,33.93,VELO_2025-10-13_33.93,VELO_quotes_2025_10_13.parquet,True
VELO,2025-10-14,36.04,VELO_2025-10-14_36.04,VELO_quotes_2025_10_14.parquet,True
VEON,2025-07-11,31.22,VEON_2025-07-11_31.22,VEON_quotes_2025_07_11.parquet,True
VERA,2025-06-02,73.25,VERA_2025-06-02_73.25,VERA_quotes_2025_06_02.parquet,True
VERI,2025-07-16,36.24,VERI_2025-07-16_36.24,VERI_quotes_2025_07_16.parquet,True
VERI,2025-07-21,41.15,VERI_2025-07-21_41.15,VERI_quotes_2025_07_21.parquet,True
VERI,2025-09-09,49.81,VERI_2025-09-09_49.81,VERI_quotes_2025_09_09.parquet,True
VERI,2025-10-15,72.53,VERI_2025-10-15_72.53,VERI_quotes_2025_10_15.parquet,True
VERO,2025-02-25,85.92,VERO_2025-02-25_85.92,VERO_quotes_2025_02_25.parquet,True
VERO,2025-04-08,33.33,VERO_2025-04-08_33.33,VERO_quotes_2025_04_08.parquet,True
VERO,2025-04-09,396.58,VERO_2025-04-09_396.58,VERO_quotes_2025_04_09.parquet,True
VERO,2025-06-06,77.82,VERO_2025-06-06_77.82,VERO_quotes_2025_06_06.parquet,True
VERU,2025-04-01,40.46,VERU_2025-04-01_40.46,VERU_quotes_2025_04_01.parquet,True
VERU,2025-05-28,30.65,VERU_2025-05-28_30.65,VERU_quotes_2025_05_28.parquet,True
VFC,2025-04-09,30.18,VFC_2025-04-09_30.18,VFC_quotes_2025_04_09.parquet,True
VFF,2025-08-11,42.44,VFF_2025-08-11_42.44,VFF_quotes_2025_08_11.parquet,True
VHC,2025-06-06,41.02,VHC_2025-06-06_41.02,VHC_quotes_2025_06_06.parquet,True
VHC,2025-08-04,33.96,VHC_2025-08-04_33.96,VHC_quotes_2025_08_04.parquet,True
VHC,2025-09-04,33.96,VHC_2025-09-04_33.96,VHC_quotes_2025_09_04.parquet,True
VHC,2025-10-17,70.59,VHC_2025-10-17_70.59,VHC_quotes_2025_10_17.parquet,True
VICR,2025-07-23,39.38,VICR_2025-07-23_39.38,VICR_quotes_2025_07_23.parquet,True
VICR,2025-10-22,36.61,VICR_2025-10-22_36.61,VICR_quotes_2025_10_22.parquet,True
VIOT,2025-07-07,72.29,VIOT_2025-07-07_72.29,VIOT_quotes_2025_07_07.parquet,True
VIOT,2025-07-08,34.47,VIOT_2025-07-08_34.47,VIOT_quotes_2025_07_08.parquet,True
VIOT,2025-07-10,32.05,VIOT_2025-07-10_32.05,VIOT_quotes_2025_07_10.parquet,True
VIR,2025-01-08,83.14,VIR_2025-01-08_83.14,VIR_quotes_2025_01_08.parquet,True
VIR,2025-08-27,31.08,VIR_2025-08-27_31.08,VIR_quotes_2025_08_27.parquet,True
VIVK,2025-01-13,32.44,VIVK_2025-01-13_32.44,VIVK_quotes_2025_01_13.parquet,True
VIVK,2025-04-07,38.15,VIVK_2025-04-07_38.15,VIVK_quotes_2025_04_07.parquet,True
VIVK,2025-05-30,49.45,VIVK_2025-05-30_49.45,VIVK_quotes_2025_05_30.parquet,True
VIVK,2025-06-20,38.43,VIVK_2025-06-20_38.43,VIVK_quotes_2025_06_20.parquet,True
VIVS,2025-08-29,59.89,VIVS_2025-08-29_59.89,VIVS_quotes_2025_08_29.parquet,True
VIVS,2025-09-03,32.48,VIVS_2025-09-03_32.48,VIVS_quotes_2025_09_03.parquet,True
VIVS,2025-10-30,39.13,VIVS_2025-10-30_39.13,VIVS_quotes_2025_10_30.parquet,True
VMAR,2025-01-10,156.58,VMAR_2025-01-10_156.58,VMAR_quotes_2025_01_10.parquet,True
VMAR,2025-01-15,82.14,VMAR_2025-01-15_82.14,VMAR_quotes_2025_01_15.parquet,True
VMAR,2025-02-27,38.24,VMAR_2025-02-27_38.24,VMAR_quotes_2025_02_27.parquet,True
VMAR,2025-04-02,116.90,VMAR_2025-04-02_116.90,VMAR_quotes_2025_04_02.parquet,True
VMAR,2025-04-03,56.80,VMAR_2025-04-03_56.80,VMAR_quotes_2025_04_03.parquet,True
VNCE,2025-01-23,137.02,VNCE_2025-01-23_137.02,VNCE_quotes_2025_01_23.parquet,True
VNCE,2025-09-11,153.01,VNCE_2025-09-11_153.01,VNCE_quotes_2025_09_11.parquet,True
VOR,2025-01-06,36.36,VOR_2025-01-06_36.36,VOR_quotes_2025_01_06.parquet,True
VOR,2025-05-13,56.52,VOR_2025-05-13_56.52,VOR_quotes_2025_05_13.parquet,True
VOR,2025-05-16,60.44,VOR_2025-05-16_60.44,VOR_quotes_2025_05_16.parquet,True
VOR,2025-06-20,30.37,VOR_2025-06-20_30.37,VOR_quotes_2025_06_20.parquet,True
VOR,2025-06-23,58.14,VOR_2025-06-23_58.14,VOR_quotes_2025_06_23.parquet,True
VOR,2025-06-24,62.07,VOR_2025-06-24_62.07,VOR_quotes_2025_06_24.parquet,True
VOR,2025-06-25,103.58,VOR_2025-06-25_103.58,VOR_quotes_2025_06_25.parquet,True
VOR,2025-06-26,127.27,VOR_2025-06-26_127.27,VOR_quotes_2025_06_26.parquet,True
VOR,2025-06-27,38.20,VOR_2025-06-27_38.20,VOR_quotes_2025_06_27.parquet,True
VOR,2025-06-30,64.15,VOR_2025-06-30_64.15,VOR_quotes_2025_06_30.parquet,True
VOR,2025-07-03,35.52,VOR_2025-07-03_35.52,VOR_quotes_2025_07_03.parquet,True
VOR,2025-07-07,67.54,VOR_2025-07-07_67.54,VOR_quotes_2025_07_07.parquet,True
VOR,2025-08-13,38.55,VOR_2025-08-13_38.55,VOR_quotes_2025_08_13.parquet,True
VRAX,2025-01-06,31.69,VRAX_2025-01-06_31.69,VRAX_quotes_2025_01_06.parquet,True
VRAX,2025-04-11,52.88,VRAX_2025-04-11_52.88,VRAX_quotes_2025_04_11.parquet,True
VRA,2025-06-16,34.83,VRA_2025-06-16_34.83,VRA_quotes_2025_06_16.parquet,True
VRME,2025-01-08,128.10,VRME_2025-01-08_128.10,VRME_quotes_2025_01_08.parquet,True
VRME,2025-01-10,85.12,VRME_2025-01-10_85.12,VRME_quotes_2025_01_10.parquet,True
VRME,2025-01-13,94.51,VRME_2025-01-13_94.51,VRME_quotes_2025_01_13.parquet,True
VRME,2025-01-15,52.81,VRME_2025-01-15_52.81,VRME_quotes_2025_01_15.parquet,True
VRME,2025-07-31,115.68,VRME_2025-07-31_115.68,VRME_quotes_2025_07_31.parquet,True
VRME,2025-09-19,45.85,VRME_2025-09-19_45.85,VRME_quotes_2025_09_19.parquet,True
VRME,2025-10-20,30.97,VRME_2025-10-20_30.97,VRME_quotes_2025_10_20.parquet,True
VRTL,2025-04-09,41.79,VRTL_2025-04-09_41.79,VRTL_quotes_2025_04_09.parquet,True
VRTL,2025-04-23,39.87,VRTL_2025-04-23_39.87,VRTL_quotes_2025_04_23.parquet,True
VSAT,2025-01-21,41.17,VSAT_2025-01-21_41.17,VSAT_quotes_2025_01_21.parquet,True
VSAT,2025-08-06,34.29,VSAT_2025-08-06_34.29,VSAT_quotes_2025_08_06.parquet,True
VSA,2025-06-06,36.20,VSA_2025-06-06_36.20,VSA_quotes_2025_06_06.parquet,True
VSA,2025-07-11,32.61,VSA_2025-07-11_32.61,VSA_quotes_2025_07_11.parquet,True
VSA,2025-07-14,38.54,VSA_2025-07-14_38.54,VSA_quotes_2025_07_14.parquet,True
VSA,2025-09-09,30.74,VSA_2025-09-09_30.74,VSA_quotes_2025_09_09.parquet,True
VSEE,2025-01-13,57.58,VSEE_2025-01-13_57.58,VSEE_quotes_2025_01_13.parquet,True
VSEE,2025-07-14,33.60,VSEE_2025-07-14_33.60,VSEE_quotes_2025_07_14.parquet,True
VSEE,2025-10-16,86.29,VSEE_2025-10-16_86.29,VSEE_quotes_2025_10_16.parquet,True
VSEE,2025-10-28,308.10,VSEE_2025-10-28_308.10,VSEE_quotes_2025_10_28.parquet,True
VSEE,2025-10-29,41.51,VSEE_2025-10-29_41.51,VSEE_quotes_2025_10_29.parquet,True
VSME,2025-04-24,41.38,VSME_2025-04-24_41.38,VSME_quotes_2025_04_24.parquet,True
VSME,2025-06-24,34.57,VSME_2025-06-24_34.57,VSME_quotes_2025_06_24.parquet,True
VSME,2025-08-26,53.66,VSME_2025-08-26_53.66,VSME_quotes_2025_08_26.parquet,True
VSME,2025-10-10,36.15,VSME_2025-10-10_36.15,VSME_quotes_2025_10_10.parquet,True
VSTA,2025-04-08,33.89,VSTA_2025-04-08_33.89,VSTA_quotes_2025_04_08.parquet,True
VSTD,2025-09-12,82.17,VSTD_2025-09-12_82.17,VSTD_quotes_2025_09_12.parquet,True
VS,2025-01-17,97.40,VS_2025-01-17_97.40,VS_quotes_2025_01_17.parquet,True
VTSI,2025-05-13,47.90,VTSI_2025-05-13_47.90,VTSI_quotes_2025_05_13.parquet,True
VTVT,2025-03-17,81.75,VTVT_2025-03-17_81.75,VTVT_quotes_2025_03_17.parquet,True
VTYX,2025-05-22,30.07,VTYX_2025-05-22_30.07,VTYX_quotes_2025_05_22.parquet,True
VTYX,2025-10-23,102.59,VTYX_2025-10-23_102.59,VTYX_quotes_2025_10_23.parquet,True
VUZI,2025-01-06,31.85,VUZI_2025-01-06_31.85,VUZI_quotes_2025_01_06.parquet,True
VUZI,2025-09-22,34.63,VUZI_2025-09-22_34.63,VUZI_quotes_2025_09_22.parquet,True
VVOS,2025-07-01,48.10,VVOS_2025-07-01_48.10,VVOS_quotes_2025_07_01.parquet,True
VVOS,2025-08-01,31.41,VVOS_2025-08-01_31.41,VVOS_quotes_2025_08_01.parquet,True
VVPR,2025-03-21,92.23,VVPR_2025-03-21_92.23,VVPR_quotes_2025_03_21.parquet,True
VVPR,2025-03-24,238.76,VVPR_2025-03-24_238.76,VVPR_quotes_2025_03_24.parquet,True
VVPR,2025-03-26,143.36,VVPR_2025-03-26_143.36,VVPR_quotes_2025_03_26.parquet,True
VVPR,2025-03-27,59.33,VVPR_2025-03-27_59.33,VVPR_quotes_2025_03_27.parquet,True
VVPR,2025-05-28,40.56,VVPR_2025-05-28_40.56,VVPR_quotes_2025_05_28.parquet,True
VVPR,2025-05-29,30.40,VVPR_2025-05-29_30.40,VVPR_quotes_2025_05_29.parquet,True
VVPR,2025-06-04,38.25,VVPR_2025-06-04_38.25,VVPR_quotes_2025_06_04.parquet,True
VVPR,2025-08-08,47.41,VVPR_2025-08-08_47.41,VVPR_quotes_2025_08_08.parquet,True
VWAVW,2025-10-17,88.57,VWAVW_2025-10-17_88.57,VWAVW_quotes_2025_10_17.parquet,True
VWAVW,2025-10-20,54.05,VWAVW_2025-10-20_54.05,VWAVW_quotes_2025_10_20.parquet,True
VWAVW,2025-10-22,72.44,VWAVW_2025-10-22_72.44,VWAVW_quotes_2025_10_22.parquet,True
VWAVW,2025-10-27,37.87,VWAVW_2025-10-27_37.87,VWAVW_quotes_2025_10_27.parquet,True
VWAVW,2025-10-31,31.62,VWAVW_2025-10-31_31.62,VWAVW_quotes_2025_10_31.parquet,True
VWAV,2025-07-28,435.74,VWAV_2025-07-28_435.74,VWAV_quotes_2025_07_28.parquet,True
VWAV,2025-07-30,53.43,VWAV_2025-07-30_53.43,VWAV_quotes_2025_07_30.parquet,True
VYGR,2025-06-02,36.13,VYGR_2025-06-02_36.13,VYGR_quotes_2025_06_02.parquet,True
VYNE,2025-06-25,50.00,VYNE_2025-06-25_50.00,VYNE_quotes_2025_06_25.parquet,True
VYNE,2025-07-23,33.04,VYNE_2025-07-23_33.04,VYNE_quotes_2025_07_23.parquet,True
WAFU,2025-02-25,318.43,WAFU_2025-02-25_318.43,WAFU_quotes_2025_02_25.parquet,True
WAFU,2025-09-08,129.05,WAFU_2025-09-08_129.05,WAFU_quotes_2025_09_08.parquet,True
WAI,2025-06-23,36.97,WAI_2025-06-23_36.97,WAI_quotes_2025_06_23.parquet,True
WAI,2025-06-26,69.23,WAI_2025-06-26_69.23,WAI_quotes_2025_06_26.parquet,True
WAI,2025-07-25,79.87,WAI_2025-07-25_79.87,WAI_quotes_2025_07_25.parquet,True
WAI,2025-07-30,34.42,WAI_2025-07-30_34.42,WAI_quotes_2025_07_30.parquet,True
WAI,2025-08-27,227.14,WAI_2025-08-27_227.14,WAI_quotes_2025_08_27.parquet,True
WAI,2025-08-28,62.64,WAI_2025-08-28_62.64,WAI_quotes_2025_08_28.parquet,True
WAI,2025-09-11,31.20,WAI_2025-09-11_31.20,WAI_quotes_2025_09_11.parquet,True
WAI,2025-09-26,59.18,WAI_2025-09-26_59.18,WAI_quotes_2025_09_26.parquet,True
WAI,2025-10-10,43.79,WAI_2025-10-10_43.79,WAI_quotes_2025_10_10.parquet,True
WATT,2025-01-06,83.42,WATT_2025-01-06_83.42,WATT_quotes_2025_01_06.parquet,True
WATT,2025-07-18,30.60,WATT_2025-07-18_30.60,WATT_quotes_2025_07_18.parquet,True
WATT,2025-09-08,36.49,WATT_2025-09-08_36.49,WATT_quotes_2025_09_08.parquet,True
WATT,2025-10-15,30.09,WATT_2025-10-15_30.09,WATT_quotes_2025_10_15.parquet,True
WATT,2025-10-16,63.03,WATT_2025-10-16_63.03,WATT_quotes_2025_10_16.parquet,True
WBD,2025-09-11,37.48,WBD_2025-09-11_37.48,WBD_quotes_2025_09_11.parquet,True
WBTN,2025-08-13,97.12,WBTN_2025-08-13_97.12,WBTN_quotes_2025_08_13.parquet,True
WBTN,2025-09-16,42.51,WBTN_2025-09-16_42.51,WBTN_quotes_2025_09_16.parquet,True
WBUY,2025-05-08,11236.03,WBUY_2025-05-08_11236.03,WBUY_quotes_2025_05_08.parquet,True
WBUY,2025-05-09,305.75,WBUY_2025-05-09_305.75,WBUY_quotes_2025_05_09.parquet,True
WBUY,2025-06-06,116.08,WBUY_2025-06-06_116.08,WBUY_quotes_2025_06_06.parquet,True
WBUY,2025-06-30,73.71,WBUY_2025-06-30_73.71,WBUY_quotes_2025_06_30.parquet,True
WCT,2025-01-03,35.92,WCT_2025-01-03_35.92,WCT_quotes_2025_01_03.parquet,True
WCT,2025-03-06,31.81,WCT_2025-03-06_31.81,WCT_quotes_2025_03_06.parquet,True
WDH,2025-07-17,34.48,WDH_2025-07-17_34.48,WDH_quotes_2025_07_17.parquet,True
WETH,2025-08-25,31.05,WETH_2025-08-25_31.05,WETH_quotes_2025_08_25.parquet,True
WETH,2025-10-07,36.15,WETH_2025-10-07_36.15,WETH_quotes_2025_10_07.parquet,True
WETO,2025-05-29,116.84,WETO_2025-05-29_116.84,WETO_quotes_2025_05_29.parquet,True
WETO,2025-07-01,87.44,WETO_2025-07-01_87.44,WETO_quotes_2025_07_01.parquet,True
WFF,2025-03-28,47.20,WFF_2025-03-28_47.20,WFF_quotes_2025_03_28.parquet,True
WFF,2025-05-20,37.67,WFF_2025-05-20_37.67,WFF_quotes_2025_05_20.parquet,True
WFF,2025-06-23,71.87,WFF_2025-06-23_71.87,WFF_quotes_2025_06_23.parquet,True
WFF,2025-06-24,158.68,WFF_2025-06-24_158.68,WFF_quotes_2025_06_24.parquet,True
WFF,2025-06-27,340.66,WFF_2025-06-27_340.66,WFF_quotes_2025_06_27.parquet,True
WFF,2025-08-06,39.36,WFF_2025-08-06_39.36,WFF_quotes_2025_08_06.parquet,True
WFF,2025-09-11,33.19,WFF_2025-09-11_33.19,WFF_quotes_2025_09_11.parquet,True
WGRX,2025-04-14,43.25,WGRX_2025-04-14_43.25,WGRX_quotes_2025_04_14.parquet,True
WGRX,2025-05-08,62.96,WGRX_2025-05-08_62.96,WGRX_quotes_2025_05_08.parquet,True
WGRX,2025-05-15,45.25,WGRX_2025-05-15_45.25,WGRX_quotes_2025_05_15.parquet,True
WGRX,2025-07-18,89.13,WGRX_2025-07-18_89.13,WGRX_quotes_2025_07_18.parquet,True
WGRX,2025-08-18,77.11,WGRX_2025-08-18_77.11,WGRX_quotes_2025_08_18.parquet,True
WGRX,2025-08-25,89.42,WGRX_2025-08-25_89.42,WGRX_quotes_2025_08_25.parquet,True
WGRX,2025-10-24,262.37,WGRX_2025-10-24_262.37,WGRX_quotes_2025_10_24.parquet,True
WGS,2025-02-18,49.21,WGS_2025-02-18_49.21,WGS_quotes_2025_02_18.parquet,True
WHLR,2025-01-07,43.64,WHLR_2025-01-07_43.64,WHLR_quotes_2025_01_07.parquet,True
WHLR,2025-01-16,104.25,WHLR_2025-01-16_104.25,WHLR_quotes_2025_01_16.parquet,True
WHLR,2025-03-04,79.64,WHLR_2025-03-04_79.64,WHLR_quotes_2025_03_04.parquet,True
WHLR,2025-03-07,54.29,WHLR_2025-03-07_54.29,WHLR_quotes_2025_03_07.parquet,True
WHLR,2025-04-10,56.96,WHLR_2025-04-10_56.96,WHLR_quotes_2025_04_10.parquet,True
WHLR,2025-04-25,44.35,WHLR_2025-04-25_44.35,WHLR_quotes_2025_04_25.parquet,True
WHLR,2025-06-04,83.02,WHLR_2025-06-04_83.02,WHLR_quotes_2025_06_04.parquet,True
WHLR,2025-06-20,193.86,WHLR_2025-06-20_193.86,WHLR_quotes_2025_06_20.parquet,True
WHLR,2025-08-27,45.45,WHLR_2025-08-27_45.45,WHLR_quotes_2025_08_27.parquet,True
WHLR,2025-08-28,31.13,WHLR_2025-08-28_31.13,WHLR_quotes_2025_08_28.parquet,True
WHLR,2025-09-11,42.31,WHLR_2025-09-11_42.31,WHLR_quotes_2025_09_11.parquet,True
WHWK,2025-10-16,79.52,WHWK_2025-10-16_79.52,WHWK_quotes_2025_10_16.parquet,True
WIMI,2025-01-07,43.17,WIMI_2025-01-07_43.17,WIMI_quotes_2025_01_07.parquet,True
WIMI,2025-01-27,35.92,WIMI_2025-01-27_35.92,WIMI_quotes_2025_01_27.parquet,True
WIMI,2025-02-21,43.29,WIMI_2025-02-21_43.29,WIMI_quotes_2025_02_21.parquet,True
WIMI,2025-04-16,78.82,WIMI_2025-04-16_78.82,WIMI_quotes_2025_04_16.parquet,True
WIMI,2025-04-21,30.47,WIMI_2025-04-21_30.47,WIMI_quotes_2025_04_21.parquet,True
WKEY,2025-01-10,62.56,WKEY_2025-01-10_62.56,WKEY_quotes_2025_01_10.parquet,True
WKEY,2025-01-21,44.02,WKEY_2025-01-21_44.02,WKEY_quotes_2025_01_21.parquet,True
WKEY,2025-04-11,37.31,WKEY_2025-04-11_37.31,WKEY_quotes_2025_04_11.parquet,True
WKEY,2025-10-14,31.10,WKEY_2025-10-14_31.10,WKEY_quotes_2025_10_14.parquet,True
WKEY,2025-10-28,63.32,WKEY_2025-10-28_63.32,WKEY_quotes_2025_10_28.parquet,True
WKEY,2025-10-29,30.31,WKEY_2025-10-29_30.31,WKEY_quotes_2025_10_29.parquet,True
WKHS,2025-03-25,31.96,WKHS_2025-03-25_31.96,WKHS_quotes_2025_03_25.parquet,True
WKHS,2025-07-07,37.93,WKHS_2025-07-07_37.93,WKHS_quotes_2025_07_07.parquet,True
WKHS,2025-07-08,85.71,WKHS_2025-07-08_85.71,WKHS_quotes_2025_07_08.parquet,True
WKHS,2025-07-09,43.54,WKHS_2025-07-09_43.54,WKHS_quotes_2025_07_09.parquet,True
WKHS,2025-07-11,92.78,WKHS_2025-07-11_92.78,WKHS_quotes_2025_07_11.parquet,True
WKHS,2025-07-16,31.46,WKHS_2025-07-16_31.46,WKHS_quotes_2025_07_16.parquet,True
WKSP,2025-09-03,40.52,WKSP_2025-09-03_40.52,WKSP_quotes_2025_09_03.parquet,True
WK,2025-08-01,33.07,WK_2025-08-01_33.07,WK_quotes_2025_08_01.parquet,True
WLACW,2025-09-16,536.00,WLACW_2025-09-16_536.00,WLACW_quotes_2025_09_16.parquet,True
WLACW,2025-09-17,55.64,WLACW_2025-09-17_55.64,WLACW_quotes_2025_09_17.parquet,True
WLACW,2025-09-18,46.41,WLACW_2025-09-18_46.41,WLACW_quotes_2025_09_18.parquet,True
WLACW,2025-09-19,120.00,WLACW_2025-09-19_120.00,WLACW_quotes_2025_09_19.parquet,True
WLACW,2025-09-25,33.57,WLACW_2025-09-25_33.57,WLACW_quotes_2025_09_25.parquet,True
WLACW,2025-10-08,34.30,WLACW_2025-10-08_34.30,WLACW_quotes_2025_10_08.parquet,True
WLACW,2025-10-14,33.00,WLACW_2025-10-14_33.00,WLACW_quotes_2025_10_14.parquet,True
WLDN,2025-03-07,31.11,WLDN_2025-03-07_31.11,WLDN_quotes_2025_03_07.parquet,True
WLDSW,2023-01-30,33.33,WLDSW_2023-01-30_33.33,WLDSW_quotes_2023_01_30.parquet,False
WLDSW,2023-10-18,33.33,WLDSW_2023-10-18_33.33,WLDSW_quotes_2023_10_18.parquet,False
WLDSW,2025-01-14,46.17,WLDSW_2025-01-14_46.17,WLDSW_quotes_2025_01_14.parquet,True
WLDSW,2025-01-31,86.81,WLDSW_2025-01-31_86.81,WLDSW_quotes_2025_01_31.parquet,True
WLDSW,2025-02-07,283.58,WLDSW_2025-02-07_283.58,WLDSW_quotes_2025_02_07.parquet,True
WLDSW,2025-02-13,428.02,WLDSW_2025-02-13_428.02,WLDSW_quotes_2025_02_13.parquet,True
WLDSW,2025-02-18,44.00,WLDSW_2025-02-18_44.00,WLDSW_quotes_2025_02_18.parquet,True
WLDSW,2025-02-21,47.06,WLDSW_2025-02-21_47.06,WLDSW_quotes_2025_02_21.parquet,True
WLDSW,2025-03-04,37.70,WLDSW_2025-03-04_37.70,WLDSW_quotes_2025_03_04.parquet,True
WLDSW,2025-03-05,34.84,WLDSW_2025-03-05_34.84,WLDSW_quotes_2025_03_05.parquet,True
WLDSW,2025-03-12,54.73,WLDSW_2025-03-12_54.73,WLDSW_quotes_2025_03_12.parquet,True
WLDSW,2025-03-17,534.71,WLDSW_2025-03-17_534.71,WLDSW_quotes_2025_03_17.parquet,True
WLDSW,2025-04-09,32.45,WLDSW_2025-04-09_32.45,WLDSW_quotes_2025_04_09.parquet,True
WLDSW,2025-05-20,33.33,WLDSW_2025-05-20_33.33,WLDSW_quotes_2025_05_20.parquet,True
WLDSW,2025-06-18,42.45,WLDSW_2025-06-18_42.45,WLDSW_quotes_2025_06_18.parquet,True
WLDSW,2025-09-05,38.00,WLDSW_2025-09-05_38.00,WLDSW_quotes_2025_09_05.parquet,True
WLDSW,2025-09-10,63.39,WLDSW_2025-09-10_63.39,WLDSW_quotes_2025_09_10.parquet,True
WLDSW,2025-09-11,109.14,WLDSW_2025-09-11_109.14,WLDSW_quotes_2025_09_11.parquet,True
WLDSW,2025-09-16,32.04,WLDSW_2025-09-16_32.04,WLDSW_quotes_2025_09_16.parquet,True
WLDSW,2025-09-17,57.70,WLDSW_2025-09-17_57.70,WLDSW_quotes_2025_09_17.parquet,True
WLDSW,2025-10-08,39.55,WLDSW_2025-10-08_39.55,WLDSW_quotes_2025_10_08.parquet,True
WLDSW,2025-10-15,45.28,WLDSW_2025-10-15_45.28,WLDSW_quotes_2025_10_15.parquet,True
WLDS,2025-01-31,56.67,WLDS_2025-01-31_56.67,WLDS_quotes_2025_01_31.parquet,True
WLDS,2025-02-07,31.18,WLDS_2025-02-07_31.18,WLDS_quotes_2025_02_07.parquet,True
WLDS,2025-03-17,33.59,WLDS_2025-03-17_33.59,WLDS_quotes_2025_03_17.parquet,True
WLDS,2025-04-23,34.78,WLDS_2025-04-23_34.78,WLDS_quotes_2025_04_23.parquet,True
WLDS,2025-04-29,78.33,WLDS_2025-04-29_78.33,WLDS_quotes_2025_04_29.parquet,True
WLDS,2025-05-15,65.58,WLDS_2025-05-15_65.58,WLDS_quotes_2025_05_15.parquet,True
WLDS,2025-06-24,53.52,WLDS_2025-06-24_53.52,WLDS_quotes_2025_06_24.parquet,True
WLDS,2025-09-10,967.65,WLDS_2025-09-10_967.65,WLDS_quotes_2025_09_10.parquet,True
WLDS,2025-09-11,93.05,WLDS_2025-09-11_93.05,WLDS_quotes_2025_09_11.parquet,True
WLDS,2025-09-12,40.57,WLDS_2025-09-12_40.57,WLDS_quotes_2025_09_12.parquet,True
WLDS,2025-09-19,43.01,WLDS_2025-09-19_43.01,WLDS_quotes_2025_09_19.parquet,True
WNW,2025-01-03,33.85,WNW_2025-01-03_33.85,WNW_quotes_2025_01_03.parquet,True
WNW,2025-02-24,80.00,WNW_2025-02-24_80.00,WNW_quotes_2025_02_24.parquet,True
WNW,2025-04-22,137.90,WNW_2025-04-22_137.90,WNW_quotes_2025_04_22.parquet,True
WNW,2025-06-20,32.00,WNW_2025-06-20_32.00,WNW_quotes_2025_06_20.parquet,True
WNW,2025-09-09,83.20,WNW_2025-09-09_83.20,WNW_quotes_2025_09_09.parquet,True
WOK,2025-02-20,140.96,WOK_2025-02-20_140.96,WOK_quotes_2025_02_20.parquet,True
WOK,2025-05-21,88.31,WOK_2025-05-21_88.31,WOK_quotes_2025_05_21.parquet,True
WOK,2025-05-28,35.17,WOK_2025-05-28_35.17,WOK_quotes_2025_05_28.parquet,True
WOK,2025-09-25,37.78,WOK_2025-09-25_37.78,WOK_quotes_2025_09_25.parquet,True
WOK,2025-10-09,38.71,WOK_2025-10-09_38.71,WOK_quotes_2025_10_09.parquet,True
WOK,2025-10-22,32.40,WOK_2025-10-22_32.40,WOK_quotes_2025_10_22.parquet,True
WOLF,2025-01-15,39.00,WOLF_2025-01-15_39.00,WOLF_quotes_2025_01_15.parquet,True
WOLF,2025-05-02,32.92,WOLF_2025-05-02_32.92,WOLF_quotes_2025_05_02.parquet,True
WOLF,2025-05-22,46.09,WOLF_2025-05-22_46.09,WOLF_quotes_2025_05_22.parquet,True
WOLF,2025-07-01,175.83,WOLF_2025-07-01_175.83,WOLF_quotes_2025_07_01.parquet,True
WOLF,2025-07-03,74.62,WOLF_2025-07-03_74.62,WOLF_quotes_2025_07_03.parquet,True
WOLF,2025-07-07,134.75,WOLF_2025-07-07_134.75,WOLF_quotes_2025_07_07.parquet,True
WOLF,2025-07-08,44.16,WOLF_2025-07-08_44.16,WOLF_quotes_2025_07_08.parquet,True
WOLF,2025-07-23,44.37,WOLF_2025-07-23_44.37,WOLF_quotes_2025_07_23.parquet,True
WOLF,2025-09-09,60.93,WOLF_2025-09-09_60.93,WOLF_quotes_2025_09_09.parquet,True
WOLF,2025-09-15,36.27,WOLF_2025-09-15_36.27,WOLF_quotes_2025_09_15.parquet,True
WOLF,2025-09-29,1726.45,WOLF_2025-09-29_1726.45,WOLF_quotes_2025_09_29.parquet,True
WOLF,2025-09-30,55.11,WOLF_2025-09-30_55.11,WOLF_quotes_2025_09_30.parquet,True
WOOF,2025-03-27,40.16,WOOF_2025-03-27_40.16,WOOF_quotes_2025_03_27.parquet,True
WORX,2025-04-09,72.11,WORX_2025-04-09_72.11,WORX_quotes_2025_04_09.parquet,True
WOW,2025-08-12,50.59,WOW_2025-08-12_50.59,WOW_quotes_2025_08_12.parquet,True
WRD,2025-02-14,146.01,WRD_2025-02-14_146.01,WRD_quotes_2025_02_14.parquet,True
WRD,2025-02-18,39.68,WRD_2025-02-18_39.68,WRD_quotes_2025_02_18.parquet,True
WRD,2025-05-06,33.14,WRD_2025-05-06_33.14,WRD_quotes_2025_05_06.parquet,True
WRD,2025-05-12,30.96,WRD_2025-05-12_30.96,WRD_quotes_2025_05_12.parquet,True
WRD,2025-05-21,30.36,WRD_2025-05-21_30.36,WRD_quotes_2025_05_21.parquet,True
WTF,2025-04-14,37.50,WTF_2025-04-14_37.50,WTF_quotes_2025_04_14.parquet,True
WTF,2025-06-17,49.61,WTF_2025-06-17_49.61,WTF_quotes_2025_06_17.parquet,True
WTO,2025-04-11,75.94,WTO_2025-04-11_75.94,WTO_quotes_2025_04_11.parquet,True
WTO,2025-04-25,43.75,WTO_2025-04-25_43.75,WTO_quotes_2025_04_25.parquet,True
WTO,2025-05-19,30.89,WTO_2025-05-19_30.89,WTO_quotes_2025_05_19.parquet,True
WTO,2025-05-22,32.16,WTO_2025-05-22_32.16,WTO_quotes_2025_05_22.parquet,True
WTO,2025-10-31,33.95,WTO_2025-10-31_33.95,WTO_quotes_2025_10_31.parquet,True
WULF,2025-08-14,60.44,WULF_2025-08-14_60.44,WULF_quotes_2025_08_14.parquet,True
WVVI,2025-01-14,33.24,WVVI_2025-01-14_33.24,WVVI_quotes_2025_01_14.parquet,True
WW,2025-04-30,54.37,WW_2025-04-30_54.37,WW_quotes_2025_04_30.parquet,True
WW,2025-07-07,16570.27,WW_2025-07-07_16570.27,WW_quotes_2025_07_07.parquet,True
WXM,2025-04-09,63.75,WXM_2025-04-09_63.75,WXM_quotes_2025_04_09.parquet,True
WXM,2025-04-14,46.04,WXM_2025-04-14_46.04,WXM_quotes_2025_04_14.parquet,True
WXM,2025-04-30,33.33,WXM_2025-04-30_33.33,WXM_quotes_2025_04_30.parquet,True
WXM,2025-05-06,36.41,WXM_2025-05-06_36.41,WXM_quotes_2025_05_06.parquet,True
WXM,2025-06-24,40.43,WXM_2025-06-24_40.43,WXM_quotes_2025_06_24.parquet,True
WXM,2025-06-27,34.39,WXM_2025-06-27_34.39,WXM_quotes_2025_06_27.parquet,True
WXM,2025-09-09,33.01,WXM_2025-09-09_33.01,WXM_quotes_2025_09_09.parquet,True
WYFI,2025-09-10,33.22,WYFI_2025-09-10_33.22,WYFI_quotes_2025_09_10.parquet,True
WYHG,2025-01-10,31.08,WYHG_2025-01-10_31.08,WYHG_quotes_2025_01_10.parquet,True
WYHG,2025-01-29,35.33,WYHG_2025-01-29_35.33,WYHG_quotes_2025_01_29.parquet,True
WYHG,2025-06-30,44.83,WYHG_2025-06-30_44.83,WYHG_quotes_2025_06_30.parquet,True
W,2025-04-09,30.41,W_2025-04-09_30.41,W_quotes_2025_04_09.parquet,True
XAIR,2025-06-17,62.64,XAIR_2025-06-17_62.64,XAIR_quotes_2025_06_17.parquet,True
XAIR,2025-06-20,40.88,XAIR_2025-06-20_40.88,XAIR_quotes_2025_06_20.parquet,True
XAIR,2025-09-08,116.29,XAIR_2025-09-08_116.29,XAIR_quotes_2025_09_08.parquet,True
XBIO,2025-06-25,67.51,XBIO_2025-06-25_67.51,XBIO_quotes_2025_06_25.parquet,True
XBIO,2025-10-07,45.95,XBIO_2025-10-07_45.95,XBIO_quotes_2025_10_07.parquet,True
XBIO,2025-10-08,224.71,XBIO_2025-10-08_224.71,XBIO_quotes_2025_10_08.parquet,True
XBP,2025-03-04,56.76,XBP_2025-03-04_56.76,XBP_quotes_2025_03_04.parquet,True
XBP,2025-07-30,184.40,XBP_2025-07-30_184.40,XBP_quotes_2025_07_30.parquet,True
XCH,2025-10-13,202.58,XCH_2025-10-13_202.58,XCH_quotes_2025_10_13.parquet,True
XCH,2025-10-15,43.05,XCH_2025-10-15_43.05,XCH_quotes_2025_10_15.parquet,True
XCUR,2025-01-15,31.90,XCUR_2025-01-15_31.90,XCUR_quotes_2025_01_15.parquet,True
XCUR,2025-01-17,38.81,XCUR_2025-01-17_38.81,XCUR_quotes_2025_01_17.parquet,True
XCUR,2025-01-23,47.06,XCUR_2025-01-23_47.06,XCUR_quotes_2025_01_23.parquet,True
XCUR,2025-03-04,36.75,XCUR_2025-03-04_36.75,XCUR_quotes_2025_03_04.parquet,True
XCUR,2025-03-06,45.13,XCUR_2025-03-06_45.13,XCUR_quotes_2025_03_06.parquet,True
XCUR,2025-04-21,35.55,XCUR_2025-04-21_35.55,XCUR_quotes_2025_04_21.parquet,True
XCUR,2025-06-30,41.94,XCUR_2025-06-30_41.94,XCUR_quotes_2025_06_30.parquet,True
XCUR,2025-07-03,37.58,XCUR_2025-07-03_37.58,XCUR_quotes_2025_07_03.parquet,True
XELB,2025-04-24,83.01,XELB_2025-04-24_83.01,XELB_quotes_2025_04_24.parquet,True
XELB,2025-10-03,53.75,XELB_2025-10-03_53.75,XELB_quotes_2025_10_03.parquet,True
XFOR,2025-01-29,65.01,XFOR_2025-01-29_65.01,XFOR_quotes_2025_01_29.parquet,True
XFOR,2025-07-24,50.00,XFOR_2025-07-24_50.00,XFOR_quotes_2025_07_24.parquet,True
XFOR,2025-08-12,85.92,XFOR_2025-08-12_85.92,XFOR_quotes_2025_08_12.parquet,True
XFOR,2025-08-13,33.72,XFOR_2025-08-13_33.72,XFOR_quotes_2025_08_13.parquet,True
XFOR,2025-08-19,37.35,XFOR_2025-08-19_37.35,XFOR_quotes_2025_08_19.parquet,True
XFOR,2025-10-24,46.93,XFOR_2025-10-24_46.93,XFOR_quotes_2025_10_24.parquet,True
XGN,2025-01-17,33.66,XGN_2025-01-17_33.66,XGN_quotes_2025_01_17.parquet,True
XGN,2025-02-04,37.89,XGN_2025-02-04_37.89,XGN_quotes_2025_02_04.parquet,True
XHG,2025-01-08,254.02,XHG_2025-01-08_254.02,XHG_quotes_2025_01_08.parquet,True
XHG,2025-01-10,147.31,XHG_2025-01-10_147.31,XHG_quotes_2025_01_10.parquet,True
XHG,2025-01-13,32.74,XHG_2025-01-13_32.74,XHG_quotes_2025_01_13.parquet,True
XHG,2025-01-17,45.65,XHG_2025-01-17_45.65,XHG_quotes_2025_01_17.parquet,True
XHG,2025-02-13,77.68,XHG_2025-02-13_77.68,XHG_quotes_2025_02_13.parquet,True
XHG,2025-02-14,49.03,XHG_2025-02-14_49.03,XHG_quotes_2025_02_14.parquet,True
XHG,2025-04-04,52.70,XHG_2025-04-04_52.70,XHG_quotes_2025_04_04.parquet,True
XHG,2025-04-09,30.36,XHG_2025-04-09_30.36,XHG_quotes_2025_04_09.parquet,True
XHG,2025-05-09,35.15,XHG_2025-05-09_35.15,XHG_quotes_2025_05_09.parquet,True
XHG,2025-05-13,44.20,XHG_2025-05-13_44.20,XHG_quotes_2025_05_13.parquet,True
XHG,2025-09-09,138.25,XHG_2025-09-09_138.25,XHG_quotes_2025_09_09.parquet,True
XHG,2025-09-12,73.15,XHG_2025-09-12_73.15,XHG_quotes_2025_09_12.parquet,True
XHLD,2025-02-19,33.97,XHLD_2025-02-19_33.97,XHLD_quotes_2025_02_19.parquet,True
XHLD,2025-03-19,197.33,XHLD_2025-03-19_197.33,XHLD_quotes_2025_03_19.parquet,True
XHLD,2025-03-21,88.49,XHLD_2025-03-21_88.49,XHLD_quotes_2025_03_21.parquet,True
XHLD,2025-03-24,87.14,XHLD_2025-03-24_87.14,XHLD_quotes_2025_03_24.parquet,True
XHLD,2025-04-02,45.59,XHLD_2025-04-02_45.59,XHLD_quotes_2025_04_02.parquet,True
XHLD,2025-04-03,36.36,XHLD_2025-04-03_36.36,XHLD_quotes_2025_04_03.parquet,True
XHLD,2025-04-08,37.17,XHLD_2025-04-08_37.17,XHLD_quotes_2025_04_08.parquet,True
XHLD,2025-05-13,120.00,XHLD_2025-05-13_120.00,XHLD_quotes_2025_05_13.parquet,True
XLO,2025-02-12,158.75,XLO_2025-02-12_158.75,XLO_quotes_2025_02_12.parquet,True
XLO,2025-05-13,61.42,XLO_2025-05-13_61.42,XLO_quotes_2025_05_13.parquet,True
XMTR,2025-08-05,53.24,XMTR_2025-08-05_53.24,XMTR_quotes_2025_08_05.parquet,True
XNET,2025-02-27,65.69,XNET_2025-02-27_65.69,XNET_quotes_2025_02_27.parquet,True
XNET,2025-08-15,33.47,XNET_2025-08-15_33.47,XNET_quotes_2025_08_15.parquet,True
XNET,2025-08-18,37.72,XNET_2025-08-18_37.72,XNET_quotes_2025_08_18.parquet,True
XOS,2025-02-20,192.33,XOS_2025-02-20_192.33,XOS_quotes_2025_02_20.parquet,True
XOS,2025-08-14,60.46,XOS_2025-08-14_60.46,XOS_quotes_2025_08_14.parquet,True
XPOF,2025-07-03,35.91,XPOF_2025-07-03_35.91,XPOF_quotes_2025_07_03.parquet,True
XPON,2025-07-18,53.85,XPON_2025-07-18_53.85,XPON_quotes_2025_07_18.parquet,True
XPON,2025-08-14,319.85,XPON_2025-08-14_319.85,XPON_quotes_2025_08_14.parquet,True
XPON,2025-09-22,30.70,XPON_2025-09-22_30.70,XPON_quotes_2025_09_22.parquet,True
XPON,2025-09-24,55.30,XPON_2025-09-24_55.30,XPON_quotes_2025_09_24.parquet,True
XPRO,2025-07-29,34.44,XPRO_2025-07-29_34.44,XPRO_quotes_2025_07_29.parquet,True
XRPT,2025-07-11,38.09,XRPT_2025-07-11_38.09,XRPT_quotes_2025_07_11.parquet,True
XRTX,2025-01-14,43.20,XRTX_2025-01-14_43.20,XRTX_quotes_2025_01_14.parquet,True
XRTX,2025-02-27,50.06,XRTX_2025-02-27_50.06,XRTX_quotes_2025_02_27.parquet,True
XRTX,2025-10-17,65.88,XRTX_2025-10-17_65.88,XRTX_quotes_2025_10_17.parquet,True
XTIA,2025-01-06,113.29,XTIA_2025-01-06_113.29,XTIA_quotes_2025_01_06.parquet,True
XTIA,2025-01-07,172.73,XTIA_2025-01-07_172.73,XTIA_quotes_2025_01_07.parquet,True
XTIA,2025-06-09,39.25,XTIA_2025-06-09_39.25,XTIA_quotes_2025_06_09.parquet,True
XTIA,2025-06-11,143.61,XTIA_2025-06-11_143.61,XTIA_quotes_2025_06_11.parquet,True
XTIA,2025-06-17,52.35,XTIA_2025-06-17_52.35,XTIA_quotes_2025_06_17.parquet,True
XTKG,2025-03-17,55.02,XTKG_2025-03-17_55.02,XTKG_quotes_2025_03_17.parquet,True
XTKG,2025-05-09,44.08,XTKG_2025-05-09_44.08,XTKG_quotes_2025_05_09.parquet,True
XTKG,2025-05-13,101.82,XTKG_2025-05-13_101.82,XTKG_quotes_2025_05_13.parquet,True
XTKG,2025-06-23,36.59,XTKG_2025-06-23_36.59,XTKG_quotes_2025_06_23.parquet,True
XTLB,2025-06-24,68.63,XTLB_2025-06-24_68.63,XTLB_quotes_2025_06_24.parquet,True
XTLB,2025-07-09,34.15,XTLB_2025-07-09_34.15,XTLB_quotes_2025_07_09.parquet,True
XTLB,2025-08-04,30.22,XTLB_2025-08-04_30.22,XTLB_quotes_2025_08_04.parquet,True
XTLB,2025-10-07,37.68,XTLB_2025-10-07_37.68,XTLB_quotes_2025_10_07.parquet,True
XTLB,2025-10-08,83.56,XTLB_2025-10-08_83.56,XTLB_quotes_2025_10_08.parquet,True
XWEL,2025-05-08,32.60,XWEL_2025-05-08_32.60,XWEL_quotes_2025_05_08.parquet,True
XWEL,2025-05-13,39.53,XWEL_2025-05-13_39.53,XWEL_quotes_2025_05_13.parquet,True
XXII,2025-01-08,71.30,XXII_2025-01-08_71.30,XXII_quotes_2025_01_08.parquet,True
XXII,2025-01-13,155.42,XXII_2025-01-13_155.42,XXII_quotes_2025_01_13.parquet,True
XXII,2025-01-14,63.33,XXII_2025-01-14_63.33,XXII_quotes_2025_01_14.parquet,True
XXII,2025-01-15,48.35,XXII_2025-01-15_48.35,XXII_quotes_2025_01_15.parquet,True
XXII,2025-04-09,132.38,XXII_2025-04-09_132.38,XXII_quotes_2025_04_09.parquet,True
XXII,2025-05-02,35.00,XXII_2025-05-02_35.00,XXII_quotes_2025_05_02.parquet,True
XXII,2025-05-05,41.29,XXII_2025-05-05_41.29,XXII_quotes_2025_05_05.parquet,True
XXII,2025-06-26,37.88,XXII_2025-06-26_37.88,XXII_quotes_2025_06_26.parquet,True
XXII,2025-07-17,106.77,XXII_2025-07-17_106.77,XXII_quotes_2025_07_17.parquet,True
XXII,2025-09-25,42.72,XXII_2025-09-25_42.72,XXII_quotes_2025_09_25.parquet,True
YAAS,2025-03-12,31.02,YAAS_2025-03-12_31.02,YAAS_quotes_2025_03_12.parquet,True
YAAS,2025-06-24,136.08,YAAS_2025-06-24_136.08,YAAS_quotes_2025_06_24.parquet,True
YAAS,2025-06-27,34.41,YAAS_2025-06-27_34.41,YAAS_quotes_2025_06_27.parquet,True
YAAS,2025-06-30,55.56,YAAS_2025-06-30_55.56,YAAS_quotes_2025_06_30.parquet,True
YAAS,2025-07-07,30.51,YAAS_2025-07-07_30.51,YAAS_quotes_2025_07_07.parquet,True
YAAS,2025-07-24,51.34,YAAS_2025-07-24_51.34,YAAS_quotes_2025_07_24.parquet,True
YAAS,2025-09-19,96.03,YAAS_2025-09-19_96.03,YAAS_quotes_2025_09_19.parquet,True
YAAS,2025-09-24,75.37,YAAS_2025-09-24_75.37,YAAS_quotes_2025_09_24.parquet,True
YAAS,2025-10-03,30.46,YAAS_2025-10-03_30.46,YAAS_quotes_2025_10_03.parquet,True
YDDL,2025-10-10,64.02,YDDL_2025-10-10_64.02,YDDL_quotes_2025_10_10.parquet,True
YDDL,2025-10-14,33.47,YDDL_2025-10-14_33.47,YDDL_quotes_2025_10_14.parquet,True
YDESW,2025-09-03,100.00,YDESW_2025-09-03_100.00,YDESW_quotes_2025_09_03.parquet,True
YDESW,2025-09-08,43.33,YDESW_2025-09-08_43.33,YDESW_quotes_2025_09_08.parquet,True
YDESW,2025-09-11,34.43,YDESW_2025-09-11_34.43,YDESW_quotes_2025_09_11.parquet,True
YDESW,2025-09-12,50.33,YDESW_2025-09-12_50.33,YDESW_quotes_2025_09_12.parquet,True
YDESW,2025-09-26,48.57,YDESW_2025-09-26_48.57,YDESW_quotes_2025_09_26.parquet,True
YDESW,2025-10-31,76.47,YDESW_2025-10-31_76.47,YDESW_quotes_2025_10_31.parquet,True
YDES,2025-09-03,75.40,YDES_2025-09-03_75.40,YDES_quotes_2025_09_03.parquet,True
YDES,2025-09-26,46.58,YDES_2025-09-26_46.58,YDES_quotes_2025_09_26.parquet,True
YDKG,2025-10-21,52.37,YDKG_2025-10-21_52.37,YDKG_quotes_2025_10_21.parquet,True
YDKG,2025-10-23,30.43,YDKG_2025-10-23_30.43,YDKG_quotes_2025_10_23.parquet,True
YDKG,2025-10-27,31.46,YDKG_2025-10-27_31.46,YDKG_quotes_2025_10_27.parquet,True
YDKG,2025-10-31,38.88,YDKG_2025-10-31_38.88,YDKG_quotes_2025_10_31.parquet,True
YEXT,2025-06-04,34.16,YEXT_2025-06-04_34.16,YEXT_quotes_2025_06_04.parquet,True
YGMZ,2025-01-17,36.23,YGMZ_2025-01-17_36.23,YGMZ_quotes_2025_01_17.parquet,True
YGMZ,2025-04-17,63.51,YGMZ_2025-04-17_63.51,YGMZ_quotes_2025_04_17.parquet,True
YGMZ,2025-08-20,31.54,YGMZ_2025-08-20_31.54,YGMZ_quotes_2025_08_20.parquet,True
YGMZ,2025-10-16,39.24,YGMZ_2025-10-16_39.24,YGMZ_quotes_2025_10_16.parquet,True
YHC,2025-02-12,47.48,YHC_2025-02-12_47.48,YHC_quotes_2025_02_12.parquet,True
YHC,2025-02-24,33.04,YHC_2025-02-24_33.04,YHC_quotes_2025_02_24.parquet,True
YHC,2025-03-12,31.25,YHC_2025-03-12_31.25,YHC_quotes_2025_03_12.parquet,True
YHC,2025-05-02,33.33,YHC_2025-05-02_33.33,YHC_quotes_2025_05_02.parquet,True
YHC,2025-05-12,286.93,YHC_2025-05-12_286.93,YHC_quotes_2025_05_12.parquet,True
YHC,2025-07-01,37.41,YHC_2025-07-01_37.41,YHC_quotes_2025_07_01.parquet,True
YHC,2025-07-11,50.00,YHC_2025-07-11_50.00,YHC_quotes_2025_07_11.parquet,True
YHC,2025-07-14,90.00,YHC_2025-07-14_90.00,YHC_quotes_2025_07_14.parquet,True
YHC,2025-07-16,182.03,YHC_2025-07-16_182.03,YHC_quotes_2025_07_16.parquet,True
YHC,2025-08-07,48.33,YHC_2025-08-07_48.33,YHC_quotes_2025_08_07.parquet,True
YHGJ,2025-01-27,113.45,YHGJ_2025-01-27_113.45,YHGJ_quotes_2025_01_27.parquet,True
YHGJ,2025-07-21,37.82,YHGJ_2025-07-21_37.82,YHGJ_quotes_2025_07_21.parquet,True
YHGJ,2025-08-27,50.83,YHGJ_2025-08-27_50.83,YHGJ_quotes_2025_08_27.parquet,True
YHGJ,2025-10-10,71.50,YHGJ_2025-10-10_71.50,YHGJ_quotes_2025_10_10.parquet,True
YIBO,2025-01-27,712.56,YIBO_2025-01-27_712.56,YIBO_quotes_2025_01_27.parquet,True
YIBO,2025-01-28,98.70,YIBO_2025-01-28_98.70,YIBO_quotes_2025_01_28.parquet,True
YIBO,2025-05-14,56.40,YIBO_2025-05-14_56.40,YIBO_quotes_2025_05_14.parquet,True
YJ,2025-03-12,31.43,YJ_2025-03-12_31.43,YJ_quotes_2025_03_12.parquet,True
YJ,2025-05-01,43.45,YJ_2025-05-01_43.45,YJ_quotes_2025_05_01.parquet,True
YJ,2025-10-07,35.53,YJ_2025-10-07_35.53,YJ_quotes_2025_10_07.parquet,True
YMAT,2025-09-19,72.44,YMAT_2025-09-19_72.44,YMAT_quotes_2025_09_19.parquet,True
YMAT,2025-10-28,57.32,YMAT_2025-10-28_57.32,YMAT_quotes_2025_10_28.parquet,True
YOUL,2025-07-15,33.21,YOUL_2025-07-15_33.21,YOUL_quotes_2025_07_15.parquet,True
YOUL,2025-08-21,30.26,YOUL_2025-08-21_30.26,YOUL_quotes_2025_08_21.parquet,True
YOUL,2025-09-09,150.00,YOUL_2025-09-09_150.00,YOUL_quotes_2025_09_09.parquet,True
YPF,2025-10-27,38.37,YPF_2025-10-27_38.37,YPF_quotes_2025_10_27.parquet,True
YSXT,2025-01-07,44.77,YSXT_2025-01-07_44.77,YSXT_quotes_2025_01_07.parquet,True
YSXT,2025-02-06,30.40,YSXT_2025-02-06_30.40,YSXT_quotes_2025_02_06.parquet,True
YSXT,2025-02-20,61.22,YSXT_2025-02-20_61.22,YSXT_quotes_2025_02_20.parquet,True
YSXT,2025-04-10,40.46,YSXT_2025-04-10_40.46,YSXT_quotes_2025_04_10.parquet,True
YSXT,2025-05-22,42.99,YSXT_2025-05-22_42.99,YSXT_quotes_2025_05_22.parquet,True
YSXT,2025-05-28,65.69,YSXT_2025-05-28_65.69,YSXT_quotes_2025_05_28.parquet,True
YSXT,2025-06-03,56.85,YSXT_2025-06-03_56.85,YSXT_quotes_2025_06_03.parquet,True
YSXT,2025-08-19,41.97,YSXT_2025-08-19_41.97,YSXT_quotes_2025_08_19.parquet,True
YSXT,2025-09-16,90.49,YSXT_2025-09-16_90.49,YSXT_quotes_2025_09_16.parquet,True
YSXT,2025-10-10,38.35,YSXT_2025-10-10_38.35,YSXT_quotes_2025_10_10.parquet,True
YTRA,2025-08-11,37.40,YTRA_2025-08-11_37.40,YTRA_quotes_2025_08_11.parquet,True
YXT,2025-01-10,30.35,YXT_2025-01-10_30.35,YXT_quotes_2025_01_10.parquet,True
YXT,2025-05-14,33.99,YXT_2025-05-14_33.99,YXT_quotes_2025_05_14.parquet,True
YXT,2025-09-09,31.72,YXT_2025-09-09_31.72,YXT_quotes_2025_09_09.parquet,True
YYAI,2025-01-27,67.41,YYAI_2025-01-27_67.41,YYAI_quotes_2025_01_27.parquet,True
YYAI,2025-02-18,33.63,YYAI_2025-02-18_33.63,YYAI_quotes_2025_02_18.parquet,True
YYAI,2025-02-24,198.39,YYAI_2025-02-24_198.39,YYAI_quotes_2025_02_24.parquet,True
YYAI,2025-07-21,32.25,YYAI_2025-07-21_32.25,YYAI_quotes_2025_07_21.parquet,True
YYAI,2025-07-23,88.65,YYAI_2025-07-23_88.65,YYAI_quotes_2025_07_23.parquet,True
YYAI,2025-07-25,54.35,YYAI_2025-07-25_54.35,YYAI_quotes_2025_07_25.parquet,True
YYAI,2025-07-28,39.05,YYAI_2025-07-28_39.05,YYAI_quotes_2025_07_28.parquet,True
YYAI,2025-09-10,34.16,YYAI_2025-09-10_34.16,YYAI_quotes_2025_09_10.parquet,True
YYAI,2025-10-08,137.11,YYAI_2025-10-08_137.11,YYAI_quotes_2025_10_08.parquet,True
YYAI,2025-10-09,43.26,YYAI_2025-10-09_43.26,YYAI_quotes_2025_10_09.parquet,True
YYAI,2025-10-22,159.44,YYAI_2025-10-22_159.44,YYAI_quotes_2025_10_22.parquet,True
YYGH,2025-04-14,54.75,YYGH_2025-04-14_54.75,YYGH_quotes_2025_04_14.parquet,True
ZBAI,2025-01-10,43.33,ZBAI_2025-01-10_43.33,ZBAI_quotes_2025_01_10.parquet,True
ZBAI,2025-01-13,32.98,ZBAI_2025-01-13_32.98,ZBAI_quotes_2025_01_13.parquet,True
ZBAI,2025-01-17,43.33,ZBAI_2025-01-17_43.33,ZBAI_quotes_2025_01_17.parquet,True
ZBAI,2025-02-03,118.50,ZBAI_2025-02-03_118.50,ZBAI_quotes_2025_02_03.parquet,True
ZBAI,2025-06-11,63.29,ZBAI_2025-06-11_63.29,ZBAI_quotes_2025_06_11.parquet,True
ZBAI,2025-07-11,67.21,ZBAI_2025-07-11_67.21,ZBAI_quotes_2025_07_11.parquet,True
ZBAI,2025-07-16,42.77,ZBAI_2025-07-16_42.77,ZBAI_quotes_2025_07_16.parquet,True
ZBAI,2025-09-15,34.46,ZBAI_2025-09-15_34.46,ZBAI_quotes_2025_09_15.parquet,True
ZBAI,2025-10-15,32.68,ZBAI_2025-10-15_32.68,ZBAI_quotes_2025_10_15.parquet,True
ZBAO,2025-04-07,127.66,ZBAO_2025-04-07_127.66,ZBAO_quotes_2025_04_07.parquet,True
ZBIO,2025-10-27,43.67,ZBIO_2025-10-27_43.67,ZBIO_quotes_2025_10_27.parquet,True
ZCMD,2025-06-12,35.58,ZCMD_2025-06-12_35.58,ZCMD_quotes_2025_06_12.parquet,True
ZENA,2025-03-12,68.68,ZENA_2025-03-12_68.68,ZENA_quotes_2025_03_12.parquet,True
ZENA,2025-04-24,38.36,ZENA_2025-04-24_38.36,ZENA_quotes_2025_04_24.parquet,True
ZENA,2025-05-27,49.60,ZENA_2025-05-27_49.60,ZENA_quotes_2025_05_27.parquet,True
ZENA,2025-06-05,117.61,ZENA_2025-06-05_117.61,ZENA_quotes_2025_06_05.parquet,True
ZENA,2025-06-09,37.06,ZENA_2025-06-09_37.06,ZENA_quotes_2025_06_09.parquet,True
ZENV,2025-01-06,31.84,ZENV_2025-01-06_31.84,ZENV_quotes_2025_01_06.parquet,True
ZEO,2025-01-15,37.62,ZEO_2025-01-15_37.62,ZEO_quotes_2025_01_15.parquet,True
ZEO,2025-01-17,65.81,ZEO_2025-01-17_65.81,ZEO_quotes_2025_01_17.parquet,True
ZEO,2025-04-16,97.06,ZEO_2025-04-16_97.06,ZEO_quotes_2025_04_16.parquet,True
ZEO,2025-05-29,119.62,ZEO_2025-05-29_119.62,ZEO_quotes_2025_05_29.parquet,True
ZEO,2025-06-23,31.43,ZEO_2025-06-23_31.43,ZEO_quotes_2025_06_23.parquet,True
ZEO,2025-09-19,52.58,ZEO_2025-09-19_52.58,ZEO_quotes_2025_09_19.parquet,True
ZEO,2025-10-10,40.88,ZEO_2025-10-10_40.88,ZEO_quotes_2025_10_10.parquet,True
ZEPP,2025-07-08,107.47,ZEPP_2025-07-08_107.47,ZEPP_quotes_2025_07_08.parquet,True
ZEPP,2025-07-11,71.67,ZEPP_2025-07-11_71.67,ZEPP_quotes_2025_07_11.parquet,True
ZEPP,2025-07-15,56.64,ZEPP_2025-07-15_56.64,ZEPP_quotes_2025_07_15.parquet,True
ZEPP,2025-08-04,48.15,ZEPP_2025-08-04_48.15,ZEPP_quotes_2025_08_04.parquet,True
ZEPP,2025-08-05,40.30,ZEPP_2025-08-05_40.30,ZEPP_quotes_2025_08_05.parquet,True
ZGM,2025-09-12,54.51,ZGM_2025-09-12_54.51,ZGM_quotes_2025_09_12.parquet,True
ZIPP,2025-04-09,33.78,ZIPP_2025-04-09_33.78,ZIPP_quotes_2025_04_09.parquet,True
ZJK,2025-01-06,64.98,ZJK_2025-01-06_64.98,ZJK_quotes_2025_01_06.parquet,True
ZKIN,2025-05-08,132.74,ZKIN_2025-05-08_132.74,ZKIN_quotes_2025_05_08.parquet,True
ZKIN,2025-05-09,77.38,ZKIN_2025-05-09_77.38,ZKIN_quotes_2025_05_09.parquet,True
ZKIN,2025-05-19,34.60,ZKIN_2025-05-19_34.60,ZKIN_quotes_2025_05_19.parquet,True
ZKIN,2025-07-15,56.08,ZKIN_2025-07-15_56.08,ZKIN_quotes_2025_07_15.parquet,True
ZKIN,2025-09-10,51.52,ZKIN_2025-09-10_51.52,ZKIN_quotes_2025_09_10.parquet,True
ZNB,2025-09-04,148.90,ZNB_2025-09-04_148.90,ZNB_quotes_2025_09_04.parquet,True
ZNB,2025-09-05,33.08,ZNB_2025-09-05_33.08,ZNB_quotes_2025_09_05.parquet,True
ZNB,2025-09-09,79.88,ZNB_2025-09-09_79.88,ZNB_quotes_2025_09_09.parquet,True
ZNB,2025-10-07,215.06,ZNB_2025-10-07_215.06,ZNB_quotes_2025_10_07.parquet,True
ZNTL,2025-02-05,34.36,ZNTL_2025-02-05_34.36,ZNTL_quotes_2025_02_05.parquet,True
ZOOZ,2025-04-22,32.88,ZOOZ_2025-04-22_32.88,ZOOZ_quotes_2025_04_22.parquet,True
ZOOZ,2025-07-22,90.65,ZOOZ_2025-07-22_90.65,ZOOZ_quotes_2025_07_22.parquet,True
ZOOZ,2025-07-23,54.93,ZOOZ_2025-07-23_54.93,ZOOZ_quotes_2025_07_23.parquet,True
ZOOZ,2025-07-25,54.23,ZOOZ_2025-07-25_54.23,ZOOZ_quotes_2025_07_25.parquet,True
ZOOZ,2025-09-10,30.88,ZOOZ_2025-09-10_30.88,ZOOZ_quotes_2025_09_10.parquet,True
ZOOZ,2025-09-19,117.17,ZOOZ_2025-09-19_117.17,ZOOZ_quotes_2025_09_19.parquet,True
ZSPC,2025-02-03,33.82,ZSPC_2025-02-03_33.82,ZSPC_quotes_2025_02_03.parquet,True
ZSPC,2025-02-27,37.41,ZSPC_2025-02-27_37.41,ZSPC_quotes_2025_02_27.parquet,True
ZSPC,2025-07-23,35.99,ZSPC_2025-07-23_35.99,ZSPC_quotes_2025_07_23.parquet,True
ZSPC,2025-08-12,30.55,ZSPC_2025-08-12_30.55,ZSPC_quotes_2025_08_12.parquet,True
ZSPC,2025-09-23,48.72,ZSPC_2025-09-23_48.72,ZSPC_quotes_2025_09_23.parquet,True
ZSPC,2025-09-29,36.00,ZSPC_2025-09-29_36.00,ZSPC_quotes_2025_09_29.parquet,True
ZSPC,2025-10-09,67.29,ZSPC_2025-10-09_67.29,ZSPC_quotes_2025_10_09.parquet,True
ZTEK,2025-09-02,85.07,ZTEK_2025-09-02_85.07,ZTEK_quotes_2025_09_02.parquet,True
ZURA,2025-07-17,51.94,ZURA_2025-07-17_51.94,ZURA_quotes_2025_07_17.parquet,True
ZURA,2025-09-29,55.19,ZURA_2025-09-29_55.19,ZURA_quotes_2025_09_29.parquet,True
ZURA,2025-09-30,55.52,ZURA_2025-09-30_55.52,ZURA_quotes_2025_09_30.parquet,True
ZVIA,2025-05-08,57.64,ZVIA_2025-05-08_57.64,ZVIA_quotes_2025_05_08.parquet,True
ZYBT,2025-03-25,59.99,ZYBT_2025-03-25_59.99,ZYBT_quotes_2025_03_25.parquet,True
ZYBT,2025-04-02,38.16,ZYBT_2025-04-02_38.16,ZYBT_quotes_2025_04_02.parquet,True
ZYBT,2025-04-14,42.86,ZYBT_2025-04-14_42.86,ZYBT_quotes_2025_04_14.parquet,True
ZYBT,2025-04-16,40.37,ZYBT_2025-04-16_40.37,ZYBT_quotes_2025_04_16.parquet,True
ZYBT,2025-04-17,37.40,ZYBT_2025-04-17_37.40,ZYBT_quotes_2025_04_17.parquet,True
ZYBT,2025-04-24,34.91,ZYBT_2025-04-24_34.91,ZYBT_quotes_2025_04_24.parquet,True
ZYBT,2025-04-28,36.49,ZYBT_2025-04-28_36.49,ZYBT_quotes_2025_04_28.parquet,True
ZYBT,2025-05-02,31.16,ZYBT_2025-05-02_31.16,ZYBT_quotes_2025_05_02.parquet,True
ZYBT,2025-05-12,33.75,ZYBT_2025-05-12_33.75,ZYBT_quotes_2025_05_12.parquet,True
ZYBT,2025-06-10,33.91,ZYBT_2025-06-10_33.91,ZYBT_quotes_2025_06_10.parquet,True
ZYBT,2025-08-12,46.47,ZYBT_2025-08-12_46.47,ZYBT_quotes_2025_08_12.parquet,True
ZYBT,2025-08-20,36.58,ZYBT_2025-08-20_36.58,ZYBT_quotes_2025_08_20.parquet,True
ZYBT,2025-09-02,39.74,ZYBT_2025-09-02_39.74,ZYBT_quotes_2025_09_02.parquet,True
ZYBT,2025-09-30,100.00,ZYBT_2025-09-30_100.00,ZYBT_quotes_2025_09_30.parquet,True
ZYXI,2025-08-04,42.29,ZYXI_2025-08-04_42.29,ZYXI_quotes_2025_08_04.parquet,True
