ticker,event_date,momentum_pct,filtered_dirname,quote_data_file,status,error,filtered_row_count,filtered_distinct_sip_ts,filtered_dedup_ratio,quote_data_row_count,coverage_ratio,filtered_min_sip_ts,filtered_max_sip_ts,quote_data_min_ts,quote_data_max_ts,span_ratio
HOWL,2023-01-06,33.03,HOWL_2023-01-06_33.03,HOWL_quotes_2023_01_06.parquet,OK,,18190,18190,1.0,3927,0.21588785046728973,1672736400006565791,1673484934413883799,1672995600007320651,1673053121966893599,0.07684611289820151
CGC,2023-09-11,92.10,CGC_2023-09-11_92.10,CGC_quotes_2023_09_11.parquet,OK,,727391,727391,1.0,165065,0.22692747092004162,1693987140088831993,1694735994337338555,1694419140122915201,1694476796674978532,0.07699302257857962
KOS,2020-11-09,30.30,KOS_2020-11-09_30.30,KOS_quotes_2020_11_09.parquet,OK,,71595,67959,0.9492143306096794,14544,0.2031426775612822,1604493334302079744,1605308269600120832,1604923200110844416,1604970000233474816,0.0574280224981007
SLXN,2024-10-22,36.95,SLXN_2024-10-22_36.95,SLXN_quotes_2024_10_22.parquet,OK,,47798,47798,1.0,13272,0.2776685216954684,1729151940044992705,1729900770612942611,1729583940010759188,1729641582546382670,0.07697673958648824
APVO,2024-07-17,95.79,APVO_2024-07-17_95.79,APVO_quotes_2024_07_17.parquet,OK,,239400,239391,0.9999624060150376,181612,0.7586131996658313,1720771140090204289,1721692708162119800,1721203140083520999,1721260790468159452,0.06255683806256947
AUID,2023-01-30,58.71,AUID_2023-01-30_58.71,AUID_quotes_2023_01_30.parquet,OK,,4715,4715,1.0,1623,0.34422057264050904,1674637201341497208,1675381723417980882,1675069200031107929,1675122743586806599,0.07191667969276679
PACB,2024-07-16,38.27,PACB_2024-07-16_38.27,PACB_quotes_2024_07_16.parquet,OK,,315969,315969,1.0,74760,0.2366054897790606,1720684740027062989,1721431400504448548,1721116740028593106,1721174309392377999,0.07710246561659839
BFRG,2023-03-03,47.99,BFRG_2023-03-03_47.99,BFRG_quotes_2023_03_03.parquet,OK,,28691,28691,1.0,12149,0.4234428914990764,1677574800007725175,1678323155373645001,1677834000035484806,1677891562290081689,0.07691834283319597
ISPC,2024-08-06,30.01,ISPC_2024-08-06_30.01,ISPC_quotes_2024_08_06.parquet,OK,,6915,6915,1.0,2593,0.3749819233550253,1722499140027964608,1723246172316278371,1722931140066999553,1722986894998835298,0.07463523693413265
QUBT,2024-11-13,147.83,QUBT_2024-11-13_147.83,QUBT_quotes_2024_11_13.parquet,OK,,1088997,1088997,1.0,204344,0.1876442267517725,1730969940133130457,1731977999658803238,1731488340011851854,1731545999908970587,0.05719890110680782
ARQT,2020-06-19,34.37,ARQT_2020-06-19_34.37,ARQT_quotes_2020_06_19.parquet,OK,,23995,23995,1.0,4240,0.1767034798916441,1592305235696235286,1593028804053447532,1592564400004242243,1592604001397851730,0.054730687453031654
NUTX,2024-04-16,32.73,NUTX_2024-04-16_32.73,NUTX_quotes_2024_04_16.parquet,OK,,15238,15238,1.0,2512,0.1648510303189395,1712822340127291435,1713570790223762510,1713254340037725464,1713311898478675676,0.07690351196639392
DOGZ,2020-10-19,80.87,DOGZ_2020-10-19_80.87,DOGZ_quotes_2020_10_19.parquet,OK,,8605,8605,1.0,6283,0.7301568855316677,1602662400043677684,1603403550913426368,1603094400044320877,1603151975285852991,0.07768356468587445
AMTX,2020-05-01,196.55,AMTX_2020-05-01_196.55,AMTX_quotes_2020_05_01.parquet,OK,,53816,53816,1.0,49777,0.9249479708636836,1588060800057018068,1588805030768880949,1588320000054551573,1588377591351294648,0.07738366050349958
BBLG,2024-07-31,36.36,BBLG_2024-07-31_36.36,BBLG_quotes_2024_07_31.parquet,OK,,239262,239262,1.0,11238,0.046969431000326,1721980740026201210,1722902275777481926,1722412740076406760,1722470396467382952,0.06256554984010473
MARA,2020-12-28,34.25,MARA_2020-12-28_34.25,MARA_quotes_2020_12_28.parquet,OK,,1234545,1234545,1.0,187480,0.15186161703299597,1608627600039062162,1609462797927859055,1609146000040305608,1609203596685620747,0.06896167493683117
LMFA,2023-05-15,84.41,LMFA_2023-05-15_84.41,LMFA_quotes_2023_05_15.parquet,OK,,66435,66435,1.0,59461,0.895025212613833,1683705540113045283,1684448513374169007,1684137540054676000,1684195198637824432,0.07760519276457564
ATOS,2021-01-25,60.43,ATOS_2021-01-25_60.43,ATOS_quotes_2021_01_25.parquet,OK,,762061,762061,1.0,173727,0.22796993941429886,1611133200043149710,1611881978193796054,1611565200044682866,1611622795500764330,0.07691925309485553
ELTK,2021-05-06,32.00,ELTK_2021-05-06_32.00,ELTK_quotes_2021_05_06.parquet,OK,,10099,10099,1.0,4427,0.4383602336865036,1620028800010336713,1620777599372015137,1620288000010183417,1620344971928515698,0.07608435750342947
BDTX,2022-12-28,30.47,BDTX_2022-12-28_30.47,BDTX_quotes_2022_12_28.parquet,OK,,10689,10689,1.0,1143,0.10693236037047432,1671699600024573873,1672786740038840100,1672218000031712064,1672274177548049582,0.05167459168121543
PINS,2020-07-31,36.96,PINS_2020-07-31_36.96,PINS_quotes_2020_07_31.parquet,OK,,1558144,1481032,0.9505103507763082,496211,0.31846286350940606,1595930752312956672,1596672000198153216,1596106800225430016,1596240000029381888,0.17969670688038952
LTBR,2021-01-05,34.62,LTBR_2021-01-05_34.62,LTBR_quotes_2021_01_05.parquet,OK,,28191,28191,1.0,5460,0.19367883367032032,1609318800030715281,1610146208362275094,1609837200032745615,1609894587593598157,0.0693582100440736
ARTL,2023-09-06,45.95,ARTL_2023-09-06_45.95,ARTL_quotes_2023_09_06.parquet,OK,,45237,45237,1.0,10289,0.2274465592324867,1693468740044214848,1694469612407210293,1693987140118743265,1694044797717248054,0.05760734398962658
PRPO,2020-08-03,32.17,PRPO_2020-08-03_32.17,PRPO_quotes_2020_08_03.parquet,OK,,255747,255747,1.0,28520,0.11151645962611487,1596009600058496260,1596758387617910868,1596441600048050476,1596499199769604128,0.0769239830836435
BTCS,2022-01-13,32.54,BTCS_2022-01-13_32.54,BTCS_quotes_2022_01_13.parquet,OK,,176510,176510,1.0,93851,0.5317035861990822,1641805200042583253,1642640299696604042,1642064400040429327,1642121999570763888,0.06897324176490092
DTSS,2024-09-17,56.73,DTSS_2024-09-17_56.73,DTSS_quotes_2024_09_17.parquet,OK,,114136,114136,1.0,102287,0.8961852526810121,1726127940048240141,1726876365256160911,1726559940075961041,1726617592291517163,0.07703136525330023
SES,2024-12-26,167.61,SES_2024-12-26_167.61,SES_quotes_2024_12_26.parquet,OK,,705320,672064,0.9528497703170192,171964,0.24380990188850452,1734685140031852800,1735693200224663808,1735203540104060672,1735261200183714560,0.05719904432799894
SEED,2020-06-12,46.74,SEED_2020-06-12_46.74,SEED_quotes_2020_06_12.parquet,OK,,6597,6597,1.0,1534,0.23252993785053813,1591689600040308148,1592437656937093801,1591948800049676917,1592006392509004353,0.0769894102639875
QUBT,2024-11-21,44.29,QUBT_2024-11-21_44.29,QUBT_quotes_2024_11_21.parquet,OK,,1982696,1982696,1.0,282434,0.14244947283900306,1731920340071919043,1732669194049558623,1732179540022745432,1732237194016152154,0.07698963366456285
ASRT,2021-01-21,30.15,ASRT_2021-01-21_30.15,ASRT_quotes_2021_01_21.parquet,OK,,130409,130409,1.0,37316,0.2861458948385464,1610701200008272139,1611708571619360572,1611219600008397856,1611277190377547260,0.05716894194306254
QDEL,2020-05-11,32.92,QDEL_2020-05-11_32.92,QDEL_quotes_2020_05_11.parquet,OK,,258394,258394,1.0,67842,0.26255253604959866,1588752000046322019,1589500293306736020,1589184000048775857,1589241588436184398,0.07695964998626291
RAPT,2024-02-21,50.99,RAPT_2024-02-21_50.99,RAPT_quotes_2024_02_21.parquet,OK,,270021,270019,0.9999925931686795,95658,0.35426133522948217,1707987540103307207,1708993335605671011,1708505940037884832,1708563599482020964,0.05732720418874585
KRKR,2022-09-14,37.76,KRKR_2022-09-14_37.76,KRKR_quotes_2022_09_14.parquet,OK,,8870,8870,1.0,4837,0.5453213077790304,1662710400017027263,1663620927327176601,1663142400016920295,1663199999242460674,0.06325919596078013
APXT,2020-11-27,40.40,APXT_2020-11-27_40.40,APXT_quotes_2020_11_27.parquet,OK,,303431,303431,1.0,103593,0.34140545956082274,1606122000057395940,1606957196934710565,1606467600058740035,1606514395995736573,0.056029827538387235
DSY,2024-08-09,92.50,DSY_2024-08-09_92.50,DSY_quotes_2024_08_09.parquet,OK,,7704,7704,1.0,3581,0.4648234683281412,1722931140018189770,1723679943357223592,1723190340037547589,1723247926251901206,0.07690432367451815
APM,2023-05-03,211.45,APM_2023-05-03_211.45,APM_quotes_2023_05_03.parquet,OK,,68187,68187,1.0,39367,0.5773387889187088,1682668740172383526,1683590283685485500,1683100740028914408,1683158369388971710,0.06253569065156556
PODC,2023-10-19,32.84,PODC_2023-10-19_32.84,PODC_quotes_2023_10_19.parquet,OK,,15635,15635,1.0,4695,0.3002878157978893,1697443140038519408,1698191493738640591,1697615940110046382,1697759433350000553,0.19174521343441575
CADL,2023-12-12,68.11,CADL_2023-12-12_68.11,CADL_quotes_2023_12_12.parquet,OK,,70747,70747,1.0,61608,0.8708213775849153,1701939540109801040,1702688163025081412,1702371540027929860,1702429086124781465,0.07686926979793693
GLOW,2020-03-03,49.57,GLOW_2020-03-03_49.57,GLOW_quotes_2020_03_03.parquet,OK,,7169,7109,0.9916306318872925,1043,0.1454875156925652,1582804800103475723,1583533594407881237,1583157583163779029,1583282212781821219,0.1710079473574534
LNSR,2020-10-30,31.36,LNSR_2020-10-30_31.36,LNSR_quotes_2020_10_30.parquet,OK,,8978,8978,1.0,1576,0.1755402094007574,1603796421069336921,1604523728087520031,1604055600029848877,1604099428902464601,0.06026185849988519
CCTG,2024-02-14,39.94,CCTG_2024-02-14_39.94,CCTG_quotes_2024_02_14.parquet,OK,,45038,45038,1.0,28580,0.6345752475687197,1707469140016319549,1708477120962142267,1707901140103775413,1707958792761510083,0.05719617813570243
PCSA,2024-07-30,82.35,PCSA_2024-07-30_82.35,PCSA_quotes_2024_07_30.parquet,OK,,91178,91178,1.0,79740,0.8745530720129856,1721894340039213458,1722641546689309553,1722326340154470443,1722383973486553870,0.07713171727796457
BORR,2020-11-09,77.38,BORR_2020-11-09_77.38,BORR_quotes_2020_11_09.parquet,OK,,66310,65170,0.9828080229226361,14648,0.22090182476247927,1604480403735704832,1605313687619494400,1604912404721407232,1604970000217478144,0.06911869675071837
PSTV,2020-06-09,44.63,PSTV_2020-06-09_44.63,PSTV_quotes_2020_06_09.parquet,OK,,20349,20349,1.0,5953,0.2925450882107229,1591257600030219623,1592004565040380672,1591689600028098730,1591747092050137111,0.07696749011842664
GTEC,2020-06-17,36.65,GTEC_2020-06-17_36.65,GTEC_quotes_2020_06_17.parquet,OK,,2484,2484,1.0,741,0.29830917874396135,1591948800057709078,1592868819468062806,1592380800062301250,1592437013619228795,0.06110040320337598
PPSI,2020-11-23,39.39,PPSI_2020-11-23_39.39,PPSI_quotes_2020_11_23.parquet,OK,,56581,56581,1.0,19274,0.34064438592460367,1605690000032288836,1606514203291181163,1606122000034263305,1606179583900222265,0.06986609836552793
STEM,2024-12-30,48.00,STEM_2024-12-30_48.00,STEM_quotes_2024_12_30.parquet,OK,,337663,329087,0.974601895973204,92619,0.27429419273062194,1735030740081324800,1735952400317990144,1735549140091140864,1735606800323577856,0.0625612673121413
CPIX,2024-12-10,145.97,CPIX_2024-12-10_145.97,CPIX_quotes_2024_12_10.parquet,OK,,451354,451354,1.0,401636,0.8898469937122525,1733389140086614316,1734137975341921213,1733821140131805669,1733878798456739700,0.0769973429074206
BKKT,2021-10-25,245.03,BKKT_2021-10-25_245.03,BKKT_quotes_2021_10_25.parquet,OK,,1018012,987839,0.970360860186324,448440,0.4405056129004373,1634716846812045056,1635465559502639872,1635148800372898048,1635206400878833152,0.07693272287042868
QS,2020-12-22,39.86,QS_2020-12-22_39.86,QS_quotes_2020_12_22.parquet,OK,,793928,776994,0.9786706099293638,194079,0.24445415705202486,1608196020667537920,1609203583550940672,1608627602777381632,1608685160879761408,0.057126064613843425
PSTV,2021-02-10,73.16,PSTV_2021-02-10_73.16,PSTV_quotes_2021_02_10.parquet,OK,,63906,63906,1.0,32358,0.5063374331048728,1612515600022489653,1613520502082735370,1612947600023997390,1613004149804782562,0.05627392262619557
SIDU,2023-01-10,35.16,SIDU_2023-01-10_35.16,SIDU_quotes_2023_01_10.parquet,OK,,58004,58004,1.0,49989,0.8618198744914144,1672909200036959169,1673657977819948660,1673341200032651184,1673398467816188172,0.07648168099799477
CRGO,2023-06-12,59.73,CRGO_2023-06-12_59.73,CRGO_quotes_2023_06_12.parquet,OK,,6675,6675,1.0,2290,0.3430711610486891,1686124740014471833,1686866400119804589,1686556740042172675,1686611577162219690,0.07393834406451129
IZEA,2020-12-14,39.64,IZEA_2020-12-14_39.64,IZEA_quotes_2020_12_14.parquet,OK,,68807,68807,1.0,20631,0.29983867920415075,1607504400039227523,1608252745786182659,1607936400036660441,1607993975233932936,0.07693662656166159
BFRI,2024-10-31,137.71,BFRI_2024-10-31_137.71,BFRI_quotes_2024_10_31.parquet,OK,,230402,230402,1.0,192288,0.8345760887492296,1730102340062239836,1730854644026698850,1730361540019991302,1730419195125733511,0.07663804587773124
PHG,2024-04-29,39.72,PHG_2024-04-29_39.72,PHG_quotes_2024_04_29.parquet,OK,,901113,880500,0.9771249554717333,297616,0.3302760031205853,1713945540036124928,1714694400053590016,1714377540025817600,1714435200176422912,0.07699723481097738
TORO,2023-03-30,35.90,TORO_2023-03-30_35.90,TORO_quotes_2023_03_30.parquet,OK,,111605,111605,1.0,23580,0.21128085659244658,1679903940080518103,1680652557603668859,1680163140035944917,1680220760627038761,0.07696933255226569
ASST,2023-12-28,31.34,ASST_2023-12-28_31.34,ASST_quotes_2023_12_28.parquet,OK,,17910,17910,1.0,1374,0.07671691792294807,1703235540114158349,1704329436420891053,1703753940048901231,1703811595080797623,0.052706121724277966
PRPH,2020-10-02,33.33,PRPH_2020-10-02_33.33,PRPH_quotes_2020_10_02.parquet,OK,,7407,7407,1.0,1702,0.22978263804509247,1601366400026051759,1602114329210292548,1601625600025462500,1601683112000498983,0.07689494707291371
ARTW,2020-09-18,32.63,ARTW_2020-09-18_32.63,ARTW_quotes_2020_09_18.parquet,OK,,5903,5903,1.0,2984,0.5055056750804675,1600156800026844188,1600891321177358927,1600416000028792395,1600469992479190348,0.07350700570040233
SAIH,2024-10-16,221.22,SAIH_2024-10-16_221.22,SAIH_quotes_2024_10_16.parquet,OK,,57240,57240,1.0,40015,0.6990740740740741,1728547140012669386,1729555065284091451,1729065540073647265,1729123199833943603,0.05720638417467875
DBD,2020-03-17,58.19,DBD_2020-03-17_58.19,DBD_quotes_2020_03_17.parquet,OK,,179519,170464,0.949559656638016,52053,0.2899581659880013,1584010817029552769,1584748800068944255,1584356400145915645,1584489600088356183,0.18049187492217955
NNE,2024-06-28,58.32,NNE_2024-06-28_58.32,NNE_quotes_2024_06_28.parquet,OK,,204902,204902,1.0,33785,0.16488370050072718,1719302340011310247,1720040392436699978,1719561540043015775,1719619197462521566,0.07812103520335267
SRZN,2023-02-09,53.25,SRZN_2023-02-09_53.25,SRZN_quotes_2023_02_09.parquet,OK,,21268,21268,1.0,7535,0.35428813240549184,1675674000002217134,1676422759359391152,1675933200003256478,1675990713245825406,0.07681138408205754
OSS,2020-12-28,44.44,OSS_2020-12-28_44.44,OSS_quotes_2020_12_28.parquet,OK,,14799,14799,1.0,6209,0.4195553753632002,1608627600062224902,1609458050908877555,1609146000064615221,1609203190592200459,0.06886684240946857
LUMN,2024-08-07,56.60,LUMN_2024-08-07_56.60,LUMN_quotes_2024_08_07.parquet,OK,,1957744,1851100,0.9455270964947409,559356,0.2857145775954364,1722576601699548416,1723507200189080320,1723008602868500736,1723075200188352768,0.07156396727608144
WORX,2024-03-19,121.81,WORX_2024-03-19_121.81,WORX_quotes_2024_03_19.parquet,OK,,224979,224979,1.0,144612,0.642779992799328,1710403140017867232,1711151993799592490,1710835140050674977,1710892786435228381,0.07697949314029572
HEPS,2023-03-23,33.33,HEPS_2023-03-23_33.33,HEPS_quotes_2023_03_23.parquet,OK,,24286,24286,1.0,7927,0.3264020423289138,1679299140050351902,1680047316238263574,1679471940144114149,1679611968239990416,0.1871592522439359
MRSN,2023-05-03,53.20,MRSN_2023-05-03_53.20,MRSN_quotes_2023_05_03.parquet,OK,,444454,444454,1.0,141123,0.3175199233216486,1682668740016478357,1683590301761986759,1683100740138840049,1683158371532746681,0.06253666038930276
MLGO,2024-12-02,40.44,MLGO_2024-12-02_40.44,MLGO_quotes_2024_12_02.parquet,OK,,114486,114486,1.0,40706,0.3555543909298954,1732611540145066086,1733446789736633343,1733129940033173359,1733187593971737378,0.06902600030709086
IPHA,2022-12-19,50.53,IPHA_2022-12-19_50.53,IPHA_quotes_2022_12_19.parquet,OK,,11685,11685,1.0,6748,0.5774925117672229,1671008400005524483,1671753480602051792,1671440400106328018,1671497937143212935,0.07722256780419073
GREE,2024-02-08,34.81,GREE_2024-02-08_34.81,GREE_quotes_2024_02_08.parquet,OK,,61112,61112,1.0,5284,0.08646419688440896,1707123540085283675,1707872279220720214,1707382740099462496,1707440360534566863,0.07695662264370946
ERNA,2022-10-18,45.33,ERNA_2022-10-18_45.33,ERNA_quotes_2022_10_18.parquet,OK,,13786,13786,1.0,6970,0.5055853764688815,1665993600004864170,1666382545119785864,1666080000005510868,1666134703414822236,0.14064557494797536
YIBO,2024-07-26,55.80,YIBO_2024-07-26_55.80,YIBO_quotes_2024_07_26.parquet,OK,,71608,71608,1.0,1793,0.02503910177633784,1721721540090412596,1722470390558706079,1721894340165370342,1722038156674413357,0.19204970168577323
COSM,2023-12-01,38.46,COSM_2023-12-01_38.46,COSM_quotes_2023_12_01.parquet,OK,,10012,10012,1.0,5898,0.5890930882940472,1701161940006818325,1701910730694289248,1701421140043487216,1701478393811629268,0.07646164555735781
THRY,2021-01-12,46.96,THRY_2021-01-12_46.96,THRY_quotes_2021_01_12.parquet,OK,,17959,17959,1.0,8220,0.4577092265716354,1610010000072247358,1610744460150556467,1610442000074210854,1610492400208392790,0.06862201999864766
WVE,2022-04-04,40.39,WVE_2022-04-04_40.39,WVE_quotes_2022_04_04.parquet,OK,,24377,24377,1.0,7590,0.31135906797390983,1648627218394622032,1649368646678370675,1649059204566950529,1649112365475326106,0.07170067495509716
ENSC,2024-11-01,51.06,ENSC_2024-11-01_51.06,ENSC_quotes_2024_11_01.parquet,OK,,434410,434410,1.0,89534,0.20610483184088765,1730188740107261383,1730941199019753534,1730447940188189988,1730505596689710944,0.07662411935556337
BAOS,2023-06-28,42.15,BAOS_2023-06-28_42.15,BAOS_quotes_2023_06_28.parquet,OK,,25407,25407,1.0,17822,0.7014602274963593,1687507140065474952,1688414460104108577,1687939140025024670,1687996794987371104,0.06354424006027604
PUMP,2020-03-31,31.94,PUMP_2020-03-31_31.94,PUMP_quotes_2020_03_31.parquet,OK,,151588,140836,0.929070902709977,19126,0.12617093701348392,1585209600451573695,1585958400086912470,1585652400270600364,1585699200106890773,0.0624998118077817
GRI,2024-10-16,48.24,GRI_2024-10-16_48.24,GRI_quotes_2024_10_16.parquet,OK,,402710,402710,1.0,17662,0.04385786297832187,1728547140029800040,1729555195183567413,1729065540051824706,1729123179770037174,0.0571791315158232
ONDS,2024-12-10,31.58,ONDS_2024-12-10_31.58,ONDS_quotes_2024_12_10.parquet,OK,,65920,65920,1.0,10439,0.15835861650485436,1733389140027432006,1734137989636484464,1733821140029835223,1733878765342727861,0.07695178337016567
NNBR,2020-04-27,33.47,NNBR_2020-04-27_33.47,NNBR_quotes_2020_04_27.parquet,OK,,71823,71823,1.0,18217,0.25363741419879426,1587542400038075496,1588288793103310823,1587974400041838780,1588031832514138100,0.07694668529806392
IKT,2024-05-15,44.16,IKT_2024-05-15_44.16,IKT_quotes_2024_05_15.parquet,OK,,6148,6148,1.0,2306,0.3750813272608979,1715327940075097353,1716246888087391709,1715759940082934548,1715817248928407721,0.06236353385224574
UNFI,2024-10-01,32.76,UNFI_2024-10-01_32.76,UNFI_quotes_2024_10_01.parquet,OK,,153819,151115,0.9824208972883715,56936,0.3701493313569845,1727337540135437568,1728086400173231872,1727769540116562688,1727827200185342976,0.07699712345463146
MG,2020-04-09,39.34,MG_2020-04-09_39.34,MG_quotes_2020_04_09.parquet,OK,,41702,41054,0.9844611769219702,9948,0.23854970984605056,1586170800241678406,1586908800081174099,1586430000241540297,1586476800105910704,0.06341446415813227
GIFI,2024-03-08,30.31,GIFI_2024-03-08_30.31,GIFI_quotes_2024_03_08.parquet,OK,,7883,7883,1.0,3440,0.43638208803754913,1709629140089677935,1710368866081927435,1709802000012090763,1709945979903576363,0.1946394921824478
ROMA,2024-01-10,94.13,ROMA_2024-01-10_94.13,ROMA_quotes_2024_01_10.parquet,OK,,168583,168583,1.0,51293,0.3042596228563971,1704814500662050859,1705453167847858026,1704877140063556802,1704934799188426965,0.09028039353124373
AUR,2022-09-02,32.23,AUR_2022-09-02_32.23,AUR_quotes_2022_09_02.parquet,OK,,135481,135481,1.0,59068,0.4359873340173161,1661846401806591465,1662671939945532951,1662105600053585496,1662162575322317233,0.06901591343168144
BORR,2022-07-25,33.85,BORR_2022-07-25_33.85,BORR_quotes_2022_07_25.parquet,OK,,123054,117087,0.9515090935686772,34822,0.2829814552960489,1658304000026362880,1659046710593470720,1658736000025289216,1658793599826344448,0.07755349608061875
NWL,2024-07-26,41.32,NWL_2024-07-26_41.32,NWL_quotes_2024_07_26.parquet,OK,,490276,490276,1.0,187801,0.3830515872692116,1721721540056843997,1722470399439908866,1721894400035143349,1722038390807876553,0.19228012092723018
LMFA,2022-08-17,72.22,LMFA_2022-08-17_72.22,LMFA_quotes_2022_08_17.parquet,OK,,8392,8392,1.0,3792,0.451858913250715,1660291200002764601,1661204487181728043,1660723200023824207,1660780155060280196,0.06236268040095727
CLWT,2020-06-17,32.53,CLWT_2020-06-17_32.53,CLWT_quotes_2020_06_17.parquet,OK,,5249,5249,1.0,1352,0.257572871023052,1591948800073048446,1592870387733582592,1592380800075779503,1592438296113917181,0.0623880294841987
VS,2023-11-24,146.67,VS_2023-11-24_146.67,VS_quotes_2023_11_24.parquet,OK,,84417,84417,1.0,64589,0.76511840032221,1700470740024608162,1701305707934523950,1700816340030519505,1700863198994686384,0.05612067674745133
IH,2022-12-16,46.44,IH_2022-12-16_46.44,IH_quotes_2022_12_16.parquet,OK,,2605,2586,0.9927063339731286,658,0.2525911708253359,1670938702300804352,1671670800163078144,1671181262443260672,1671238800142068992,0.07859290645872954
CGTX,2024-12-18,183.58,CGTX_2024-12-18_183.58,CGTX_quotes_2024_12_18.parquet,OK,,378905,378905,1.0,301348,0.7953128092793709,1734080340092725332,1735001955268145987,1734512340137601692,1734569995618066723,0.06255917003397342
NEWT,2020-03-26,47.02,NEWT_2020-03-26_47.02,NEWT_quotes_2020_03_26.parquet,OK,,49862,49862,1.0,10454,0.20965865789579238,1584950400034982521,1585693727409605157,1585209600035482002,1585265066608178131,0.07461930582643703
LPSN,2023-08-09,38.10,LPSN_2023-08-09_38.10,LPSN_quotes_2023_08_09.parquet,OK,,357795,357795,1.0,96642,0.27010438938498305,1691135940014612357,1692054176498725006,1691567940029945295,1691625251343041014,0.0624145458030919
ANF,2023-05-24,31.63,ANF_2023-05-24_31.63,ANF_quotes_2023_05_24.parquet,OK,,459933,448506,0.9751550769351188,92510,0.20113799183794162,1684483140097666048,1685490969274797568,1684915140060789248,1684972424745726720,0.05683967703784433
SOPA,2023-10-12,61.01,SOPA_2023-10-12_61.01,SOPA_quotes_2023_10_12.parquet,OK,,21256,21256,1.0,14630,0.6882762514113662,1696579140083483364,1697580917086725561,1697097540032885650,1697155170970663350,0.05752870907515404
AXSM,2022-08-19,44.03,AXSM_2022-08-19_44.03,AXSM_quotes_2022_08_19.parquet,OK,,277022,277022,1.0,114464,0.41319461992188344,1660647638749270189,1661385264308400847,1660904135008884709,1660953511876978638,0.06694028898906784
WAFU,2020-02-27,38.03,WAFU_2020-02-27_38.03,WAFU_quotes_2020_02_27.parquet,OK,,2342,2342,1.0,796,0.3398804440649018,1582534800061750913,1583274802249149927,1582794000057558354,1582846590835141481,0.07106840828129837
POLA,2021-01-15,76.73,POLA_2021-01-15_76.73,POLA_quotes_2021_01_15.parquet,OK,,253500,253500,1.0,99352,0.39192110453648915,1610442000057759027,1611277185666093716,1610701200059716265,1610758762206115337,0.06892138205523864
PT,2020-09-18,37.36,PT_2020-09-18_37.36,PT_quotes_2020_09_18.parquet,OK,,3549,3549,1.0,2122,0.5979149056072133,1600156800045502198,1600894629083533316,1600416000047272224,1600473414891161473,0.07781591795635932
XPEV,2020-11-05,33.04,XPEV_2020-11-05_33.04,XPEV_quotes_2020_11_05.parquet,OK,,1262488,1225984,0.9710856657647439,509118,0.40326561519792664,1604307612210903552,1605056400254362624,1604480507852774144,1604624400234883840,0.1921670402814879
HCWB,2024-11-18,755.40,HCWB_2024-11-18_755.40,HCWB_quotes_2024_11_18.parquet,OK,,764559,764559,1.0,491913,0.6433944273757813,1731488340068071012,1732237170659332723,1731920340017241943,1731977998268480915,0.07699772406709925
IFBD,2023-08-31,121.43,IFBD_2023-08-31_121.43,IFBD_quotes_2023_08_31.parquet,OK,,67042,67042,1.0,44139,0.6583783300020882,1693209540028025429,1694044762347644864,1693468740102425439,1693526396242425912,0.06903088991532666
TDC,2021-02-08,34.82,TDC_2021-02-08_34.82,TDC_quotes_2021_02_08.parquet,OK,,456780,445914,0.9762117430710626,119546,0.2617146109724594,1612353600142471936,1613091600325622528,1612777349487082496,1612832400332787456,0.07459462336437747
IMTE,2021-02-01,74.17,IMTE_2021-02-01_74.17,IMTE_quotes_2021_02_01.parquet,OK,,77917,77917,1.0,48351,0.6205449388451814,1611738000066741246,1612474981262341554,1612170000076945853,1612227599231912623,0.0781555286764849
REKR,2024-05-20,42.42,REKR_2024-05-20_42.42,REKR_quotes_2024_05_20.parquet,OK,,107955,107955,1.0,33334,0.3087768051502941,1715759940155883483,1716503598047739933,1716191940123387602,1716248779125966818,0.07643165385809926
NNE,2024-09-11,32.99,NNE_2024-09-11_32.99,NNE_quotes_2024_09_11.parquet,OK,,90025,90025,1.0,15741,0.17485143015828936,1725609540055231072,1726531188755582424,1726041540038645576,1726099174892646036,0.06253451448310877
QNRX,2024-10-16,211.51,QNRX_2024-10-16_211.51,QNRX_quotes_2024_10_16.parquet,OK,,155365,155365,1.0,79900,0.5142728413735397,1728547140008762296,1729555088868305371,1729065540064800534,1729123197506703744,0.057202745315221015
YSG,2022-04-04,31.59,YSG_2022-04-04_31.59,YSG_quotes_2022_04_04.parquet,OK,,96964,95157,0.9813642176477868,26235,0.27056433315457284,1648627200017336576,1649376000175229696,1649059200018353152,1649116800877442304,0.07692420799058333
MNSO,2022-11-14,35.64,MNSO_2022-11-14_35.64,MNSO_quotes_2022_11_14.parquet,OK,,140108,137499,0.9813786507551318,23971,0.1710894452850658,1667898000021768448,1668733200451333120,1668416400024640000,1668474000139292160,0.06896561904569741
ATLX,2023-04-24,33.00,ATLX_2023-04-24_33.00,ATLX_quotes_2023_04_24.parquet,OK,,44555,44555,1.0,15865,0.35607675906183367,1681891140096108605,1682639558566127352,1682323140022710294,1682379970615944595,0.07593424736414837
BFLY,2023-04-04,35.83,BFLY_2023-04-04_35.83,BFLY_quotes_2023_04_04.parquet,OK,,174043,159399,0.9158598737093707,99300,0.5705486575156714,1680163140049822720,1680825514510199808,1680595140023141120,1680652800252596736,0.08705080419735717
FOSL,2020-11-12,38.02,FOSL_2020-11-12_38.02,FOSL_quotes_2020_11_12.parquet,OK,,314023,314023,1.0,63350,0.2017368154561927,1604653200019363886,1605660679785286185,1605171600019173380,1605229190337421503,0.057162754227030904
MUX,2021-02-01,32.23,MUX_2021-02-01_32.23,MUX_quotes_2021_02_01.parquet,OK,,143969,137095,0.9522536101521856,40423,0.2807757225513826,1611748800199887872,1612486742191850496,1612170255737948416,1612224598991484672,0.07364163325592187
TEN,2024-07-01,52.08,TEN_2024-07-01_52.08,TEN_quotes_2024_07_01.parquet,OK,,19043,18735,0.9838260778238723,4192,0.2201333823452187,1719820740045805824,1720224000008009984,1719820740045805824,1719878400186234368,0.14298503653420513
SOBR,2024-06-04,180.83,SOBR_2024-06-04_180.83,SOBR_quotes_2024_06_04.parquet,OK,,273006,273006,1.0,164378,0.6021039830626433,1717055940067554745,1717804463595694943,1717487940012054630,1717545599665312458,0.07703118351014396
ASYS,2024-02-12,30.23,ASYS_2024-02-12_30.23,ASYS_quotes_2024_02_12.parquet,OK,,6080,6080,1.0,1885,0.3100328947368421,1707296340125837411,1708044996354518833,1707728340018902429,1707785329490480650,0.07612235014539885
ASNS,2024-05-23,51.71,ASNS_2024-05-23_51.71,ASNS_quotes_2024_05_23.parquet,OK,,20406,20406,1.0,16653,0.8160835048515143,1716191940064623024,1717025533976101854,1716451140086912632,1716508773507524458,0.06913848556017153
UONE,2021-05-20,65.56,UONE_2021-05-20_65.56,UONE_quotes_2021_05_20.parquet,OK,,349741,349741,1.0,170408,0.4872405580129296,1621238400032661842,1621986336968672504,1621497600032003412,1621555198359905156,0.07700960485914941
TIRX,2024-05-24,42.38,TIRX_2024-05-24_42.38,TIRX_quotes_2024_05_24.parquet,OK,,59007,59007,1.0,45655,0.7737217618248682,1716278340152339989,1717113574382494200,1716537540044362566,1716595167016602408,0.0689949838732091
GTEC,2024-08-16,54.93,GTEC_2024-08-16_54.93,GTEC_quotes_2024_08_16.parquet,OK,,145078,145078,1.0,118393,0.8160644618756807,1723535940072317922,1724284495535506263,1723795140097485722,1723852788923570171,0.07701343309806853
SLDB,2023-11-15,43.66,SLDB_2023-11-15_43.66,SLDB_quotes_2023_11_15.parquet,OK,,47628,47628,1.0,38733,0.8132401108591585,1699520340095483181,1700528002213141126,1700038740010208531,1700096279150557320,0.057101621010149844
QH,2024-09-23,44.66,QH_2024-09-23_44.66,QH_quotes_2024_09_23.parquet,OK,,33979,33979,1.0,17906,0.5269725418640925,1726646340015812465,1727394858781777869,1727078340091315144,1727135997347883556,0.07702847168306917
SST,2023-12-20,41.06,SST_2023-12-20_41.06,SST_quotes_2023_12_20.parquet,OK,,20759,20352,0.9803940459559709,8330,0.4012717375596127,1702621803383264256,1703638800284529920,1703062740066087680,1703112917917191168,0.049339236964282884
MFA,2020-03-26,154.39,MFA_2020-03-26_154.39,MFA_quotes_2020_03_26.parquet,OK,,1089400,892765,0.819501560492014,523144,0.4802129612630806,1584956070042692064,1585699200105297716,1585209620270666079,1585267200102732051,0.07748284582119941
GEVO,2022-03-08,30.11,GEVO_2022-03-08_30.11,GEVO_quotes_2022_03_08.parquet,OK,,817432,817432,1.0,232660,0.2846230634474794,1646298000030821647,1647043527068655024,1646730000029449610,1646787568372772911,0.07721831724655351
TRIL,2020-03-02,52.28,TRIL_2020-03-02_52.28,TRIL_quotes_2020_03_02.parquet,OK,,270540,270540,1.0,75999,0.28091594588600577,1582707600053259234,1583452931510193183,1583139600047711571,1583197160187185755,0.07722757296594951
KALA,2023-12-05,69.03,KALA_2023-12-05_69.03,KALA_quotes_2023_12_05.parquet,OK,,10938,10938,1.0,7428,0.6791003839824465,1701334740041162628,1702076641406566551,1701766740100732755,1701824044150887094,0.07723944560088551
SOS,2021-01-29,35.42,SOS_2021-01-29_35.42,SOS_quotes_2021_01_29.parquet,OK,,432664,419100,0.968650037904702,143170,0.33090342621526175,1611651608984861696,1612400371067445248,1611910932544249856,1611968399280757248,0.07674899389817788
IMNM,2021-02-24,70.82,IMNM_2021-02-24_70.82,IMNM_quotes_2021_02_24.parquet,OK,,45705,45705,1.0,11355,0.24844108959632424,1613725200128084962,1614645749365069496,1614157200084262002,1614214231204864280,0.061953362526372034
AIXI,2024-08-20,30.75,AIXI_2024-08-20_30.75,AIXI_quotes_2024_08_20.parquet,OK,,29660,29657,0.9998988536749831,6809,0.22956844234659474,1723708740030375704,1724457528642479793,1724140740035066995,1724198099382027237,0.0766028569786375
MOMO,2022-03-16,53.33,MOMO_2022-03-16_53.33,MOMO_quotes_2022_03_16.parquet,OK,,673138,673138,1.0,230240,0.3420398194723816,1646989200000874127,1647905439835963765,1647331200036743945,1647475197434313885,0.15716124976802867
INM,2023-10-24,258.62,INM_2023-10-24_258.62,INM_quotes_2023_10_24.parquet,OK,,185200,185200,1.0,170992,0.9232829373650108,1697702340016840877,1698451197129771092,1698134340055720752,1698191997790964985,0.07699430805781242
CMPOW,2022-11-03,44.00,CMPOW_2022-11-03_44.00,CMPOW_quotes_2022_11_03.parquet,OK,,2196,2196,1.0,645,0.2937158469945355,1667214000023415301,1667941230764142529,1667386800083845252,1667519999635179225,0.18315995718329225
RRR,2020-03-19,80.05,RRR_2020-03-19_80.05,RRR_quotes_2020_03_19.parquet,OK,,251471,251471,1.0,50804,0.20202727153429223,1584345600055171986,1585091208975267732,1584518435339777141,1584660324556133208,0.1902997838838175
BORR,2020-03-26,125.04,BORR_2020-03-26_125.04,BORR_quotes_2020_03_26.parquet,OK,,269899,264325,0.9793478301142279,152415,0.5647112438356571,1584950402068276132,1585699208779284903,1585209609103960453,1585267215052047095,0.07693033093818953
NMFC,2020-03-25,33.44,NMFC_2020-03-25_33.44,NMFC_quotes_2020_03_25.parquet,OK,,158625,151176,0.9530401891252955,28768,0.1813585500394011,1584702016007589192,1585612800101111849,1585131866356343752,1585180800092087755,0.053727042547198046
ARTL,2021-11-01,84.46,ARTL_2021-11-01_84.46,ARTL_quotes_2021_11_01.parquet,OK,,220719,220719,1.0,125166,0.5670830331779321,1635321600041459469,1636069720043854770,1635753600039456198,1635811137479070431,0.07690937206599463
DRMA,2024-01-05,45.93,DRMA_2024-01-05_45.93,DRMA_quotes_2024_01_05.parquet,OK,,81646,81646,1.0,45701,0.5597457315728879,1704185940056263197,1704934776941304081,1704445140129578247,1704502788885711461,0.07698439711615777
WCT,2024-12-26,31.65,WCT_2024-12-26_31.65,WCT_quotes_2024_12_26.parquet,OK,,6827,6827,1.0,1404,0.20565402079976564,1734685140080570374,1735692002892588108,1735203540030726979,1735261179725622996,0.05724682072675635
GGROW,2022-06-23,34.13,GGROW_2022-06-23_34.13,GGROW_quotes_2022_06_23.parquet,OK,,10801,10801,1.0,3003,0.2780298120544394,1655452800028313008,1656446405391494025,1655900534391380356,1656025865446864154,0.12613766000875032
BYFC,2020-07-02,44.25,BYFC_2020-07-02_44.25,BYFC_quotes_2020_07_02.parquet,OK,,279025,279025,1.0,52989,0.18990771436251233,1593417600070392850,1594252788958439159,1593676800065254944,1593734395261906126,0.06896068359567123
VAL,2020-06-12,34.73,VAL_2020-06-12_34.73,VAL_quotes_2020_06_12.parquet,OK,,224278,206252,0.919626534925405,22696,0.10119583730905395,1591689608454423576,1592438400132974951,1591948807773197427,1592006400179836207,0.07691379096279387
EQS,2020-11-09,42.37,EQS_2020-11-09_42.37,EQS_quotes_2020_11_09.parquet,OK,,1671,1652,0.9886295631358468,1207,0.7223219628964692,1604498415092435200,1605308122487280384,1604927484028613376,1604962708725064960,0.043502994632176925
KRYS,2024-02-26,45.76,KRYS_2024-02-26_45.76,KRYS_quotes_2024_02_26.parquet,OK,,256427,256427,1.0,116373,0.4538250652232409,1708505940049543917,1709251455501293354,1708937940091740144,1708995390145330823,0.07706084891448715
KODK,2020-07-30,33.86,KODK_2020-07-30_33.86,KODK_quotes_2020_07_30.parquet,OK,,2235895,2163873,0.9677882905950413,265070,0.11855207869779216,1595843028530392832,1596585600164560640,1596096006959390208,1596153600220024064,0.077559198310073
NNE,2024-07-01,38.18,NNE_2024-07-01_38.18,NNE_quotes_2024_07_01.parquet,OK,,162744,162744,1.0,44028,0.2705353192744433,1719388740134769716,1720223981204601337,1719820740065145410,1719878393608416780,0.06902623129271238
BAOS,2021-06-11,58.23,BAOS_2021-06-11_58.23,BAOS_quotes_2021_06_11.parquet,OK,,11541,11541,1.0,5986,0.5186725587037518,1623139200064803907,1623887821324294256,1623398431893027334,1623455999403356123,0.0768980437023391
CMMB,2021-11-01,31.28,CMMB_2021-11-01_31.28,CMMB_quotes_2021_11_01.parquet,OK,,22232,22232,1.0,8543,0.3842659229938827,1635321600080917379,1636056007465117949,1635753600078685270,1635810600597229200,0.07761430477169998
MHUA,2023-05-16,34.03,MHUA_2023-05-16_34.03,MHUA_quotes_2023_05_16.parquet,OK,,14484,14484,1.0,2833,0.1955951394642364,1683791940048622059,1684540776610561582,1684223940103831765,1684279015509225453,0.0735479651942208
KZR,2022-06-28,90.66,KZR_2022-06-28_90.66,KZR_quotes_2022_06_28.parquet,OK,,424258,424258,1.0,163470,0.38530799654926956,1655971200027518325,1656719996682260663,1656403200027295157,1656460776885154862,0.07689251480365825
PHUN,2021-04-06,43.60,PHUN_2021-04-06_43.60,PHUN_quotes_2021_04_06.parquet,OK,,233850,233850,1.0,147319,0.6299722044045328,1617264000039344735,1618012691914477146,1617696000037785474,1617753531315064293,0.07684239563658177
GALT,2021-04-14,32.10,GALT_2021-04-14_32.10,GALT_quotes_2021_04_14.parquet,OK,,106800,106800,1.0,61591,0.5766947565543071,1617955200028845364,1618876718235523272,1618387200023097296,1618442762854904254,0.06029488229783668
CAPR,2020-03-17,33.66,CAPR_2020-03-17_33.66,CAPR_quotes_2020_03_17.parquet,OK,,6380,6380,1.0,991,0.15532915360501567,1584000000050119866,1584746941427001294,1584432000046154154,1584484789808235485,0.0706745719479817
LXEH,2024-09-30,58.87,LXEH_2024-09-30_58.87,LXEH_quotes_2024_09_30.parquet,OK,,7536,7533,0.9996019108280255,3418,0.45355626326963905,1727251140057229045,1727988062043730810,1727700900000430395,1727740364816709327,0.0535535877634416
PHUN,2024-03-04,138.56,PHUN_2024-03-04_138.56,PHUN_quotes_2024_03_04.parquet,OK,,606183,606183,1.0,285357,0.47074398325258215,1709110740064085604,1709859590711620867,1709542740079520225,1709600399514949758,0.07699724320104544
GAME,2022-12-14,52.00,GAME_2022-12-14_52.00,GAME_quotes_2022_12_14.parquet,OK,,65636,65636,1.0,4926,0.07505027728685477,1670576400023008669,1671497472180095076,1671008400024826698,1671065840703612578,0.06236284350140378
TLS,2023-11-10,30.26,TLS_2023-11-10_30.26,TLS_quotes_2023_11_10.parquet,OK,,85614,85614,1.0,27360,0.3195739014647137,1699347540116440270,1700089200177230941,1699606740041673666,1699663036199043150,0.07590560736069249
LITM,2022-10-21,34.63,LITM_2022-10-21_34.63,LITM_quotes_2022_10_21.parquet,OK,,28336,28336,1.0,12416,0.43817052512704685,1666080000035149374,1666827733987030847,1666339200036606400,1666396291171067109,0.07635220296878908
INTZ,2023-11-08,39.47,INTZ_2023-11-08_39.47,INTZ_quotes_2023_11_08.parquet,OK,,21718,21718,1.0,7558,0.34800626208674834,1698998340056479291,1700009998881650821,1699433940054893875,1699491599548932284,0.05699499930585061
STIM,2021-05-04,49.56,STIM_2021-05-04_49.56,STIM_quotes_2021_05_04.parquet,OK,,62216,62216,1.0,30675,0.49304037546611806,1619683200283073996,1620422756760007824,1620115200284160576,1620172678343618373,0.07771963501164748
JILL,2021-03-15,39.84,JILL_2021-03-15_39.84,JILL_quotes_2021_03_15.parquet,OK,,78788,77188,0.9796923389348632,20526,0.260521906889374,1615366800084548096,1616112000555802112,1615801031459789568,1615849106615072256,0.06451305002771617
ECOR,2021-01-20,37.89,ECOR_2021-01-20_37.89,ECOR_quotes_2021_01_20.parquet,OK,,72433,72433,1.0,12276,0.1694807615313462,1610614800056600927,1611622758588791177,1611133200061951237,1611189146929287575,0.055505127988517436
CGC,2024-03-18,34.09,CGC_2024-03-18_34.09,CGC_quotes_2024_03_18.parquet,OK,,712570,712570,1.0,123051,0.17268619223374546,1710316740020614703,1711065587816571446,1710748740114537627,1710806296120434614,0.0768594181724903
BBAI,2023-01-30,71.07,BBAI_2023-01-30_71.07,BBAI_quotes_2023_01_30.parquet,OK,,376455,361874,0.961267614987183,160686,0.42683986133800855,1674637201255618816,1675385512024479488,1675069201315052288,1675126787088162304,0.07695435573871569
COGT,2022-06-10,119.55,COGT_2022-06-10_119.55,COGT_quotes_2022_06_10.parquet,OK,,392690,392690,1.0,232214,0.5913417708625124,1654588800027450750,1655335349145085992,1654848000026714118,1654905590695280615,0.0771425043658485
CGEM,2022-05-12,32.28,CGEM_2022-05-12_32.28,CGEM_quotes_2022_05_12.parquet,OK,,105465,105465,1.0,59557,0.5647086711231214,1652083200153910906,1652821461536882074,1652256061960119793,1652399899372781778,0.1948326378431234
EDBL,2024-10-22,32.72,EDBL_2024-10-22_32.72,EDBL_quotes_2024_10_22.parquet,OK,,110701,110701,1.0,13191,0.11915881518685469,1729151940178197611,1729900775155190554,1729583940017270080,1729641560184366335,0.07694641525378162
SNES,2023-11-13,39.58,SNES_2023-11-13_39.58,SNES_quotes_2023_11_13.parquet,OK,,36501,36499,0.9999452069806307,27690,0.7586093531684064,1699347540086478141,1700182200000168193,1699865940021026458,1699923565116660179,0.06904020989693758
EDSA,2021-01-20,43.42,EDSA_2021-01-20_43.42,EDSA_quotes_2021_01_20.parquet,OK,,18765,18765,1.0,10251,0.5462829736211031,1610614800041231890,1611615602341703091,1611133200045306216,1611181449457937816,0.04821073313768669
AEHR,2021-07-21,47.26,AEHR_2021-07-21_47.26,AEHR_quotes_2021_07_21.parquet,OK,,636237,636237,1.0,71102,0.11175395332242545,1626422400003550579,1627343994108230011,1626854400010692191,1626911973244067178,0.062471355971849794
NDRA,2024-10-22,193.21,NDRA_2024-10-22_193.21,NDRA_quotes_2024_10_22.parquet,OK,,280873,280873,1.0,158441,0.5641019250693374,1729151940120969335,1729900713538687198,1729583940118617359,1729641599595207783,0.07700523980426617
RCON,2020-09-29,32.23,RCON_2020-09-29_32.23,RCON_quotes_2020_09_29.parquet,OK,,7085,7085,1.0,4127,0.5824982357092449,1600934400024335872,1601680562438061701,1601366400024618104,1601422081914946566,0.07462435698204685
CPSH,2020-07-07,30.17,CPSH_2020-07-07_30.17,CPSH_quotes_2020_07_07.parquet,OK,,28498,28498,1.0,4080,0.14316794160993754,1593590400032846691,1594425585504970155,1594108800032966124,1594166338450003052,0.06889298120887596
FEIM,2024-07-23,38.61,FEIM_2024-07-23_38.61,FEIM_quotes_2024_07_23.parquet,OK,,17342,17342,1.0,7549,0.4353015799792411,1721289540049929823,1722029201323167234,1721721540098530057,1721779173494115267,0.0779186333941148
GEG,2021-03-02,40.58,GEG_2021-03-02_40.58,GEG_quotes_2021_03_02.parquet,OK,,17539,17539,1.0,12393,0.7065967272934602,1614243600035819330,1614990862375370574,1614675600036323004,1614731381542097209,0.07464782155046601
ABVC,2022-06-13,64.44,ABVC_2022-06-13_64.44,ABVC_quotes_2022_06_13.parquet,OK,,7291,7291,1.0,2569,0.3523522150596626,1654675200039993239,1655417552691359306,1655107200042179299,1655164689463634610,0.07744219859593654
CDIO,2024-01-02,42.97,CDIO_2024-01-02_42.97,CDIO_quotes_2024_01_02.parquet,OK,,244122,244122,1.0,84123,0.34459409639442573,1703667540080375259,1704502787939662871,1704185940056173436,1704243587754939432,0.06901867287054657
LNKS,2024-12-12,77.88,LNKS_2024-12-12_77.88,LNKS_quotes_2024_12_12.parquet,OK,,12127,12127,1.0,3655,0.301393584563371,1733734740094390660,1734482744748234602,1733993940078700562,1734051356512424963,0.07675946055862365
OXBR,2020-06-19,192.48,OXBR_2020-06-19_192.48,OXBR_quotes_2020_06_19.parquet,OK,,28259,28259,1.0,21055,0.7450723663257723,1592294400050499009,1593043199051405158,1592553600050702573,1592611120762691830,0.07681729265083032
IVDA,2024-12-20,33.62,IVDA_2024-12-20_33.62,IVDA_quotes_2024_12_20.parquet,OK,,33122,33122,1.0,3264,0.09854477386631243,1734425940060319621,1735260356837689153,1734685140136991130,1734741448809348499,0.06748267039270232
ROOT,2024-02-23,30.85,ROOT_2024-02-23_30.85,ROOT_quotes_2024_02_23.parquet,OK,,217972,217972,1.0,44149,0.20254436349622887,1708419540032035108,1709168264608452820,1708678740109633962,1708736344366225175,0.07693651097553354
PRQR,2022-12-22,87.88,PRQR_2022-12-22_87.88,PRQR_quotes_2022_12_22.parquet,OK,,309934,309934,1.0,257279,0.8301089909464596,1671440400046175693,1672275596446557252,1671699600019971395,1671757172031706637,0.06893230347848753
HLP,2023-12-15,37.76,HLP_2023-12-15_37.76,HLP_quotes_2023_12_15.parquet,OK,,49516,49516,1.0,32170,0.649688989417562,1702371540033423454,1703118432274956749,1702630740007767191,1702688399575617923,0.07719931289199454
BTOG,2024-01-26,70.25,BTOG_2024-01-26_70.25,BTOG_quotes_2024_01_26.parquet,OK,,13418,13418,1.0,2786,0.20763153972276047,1706000340079616567,1706745856205791025,1706259540069963658,1706317134758055271,0.07725478506703058
SYPR,2020-07-28,194.52,SYPR_2020-07-28_194.52,SYPR_quotes_2020_07_28.parquet,OK,,101377,101377,1.0,87868,0.8667449224183,1595491200045601422,1596239982108869442,1595923200045915832,1595980779154839989,0.07689701950505598
OCC,2021-01-22,39.88,OCC_2021-01-22_39.88,OCC_quotes_2021_01_22.parquet,OK,,8578,8578,1.0,5284,0.6159944042900443,1611046800028917540,1611789815901575366,1611306000031735256,1611356400479174877,0.06783226212831046
RZLV,2024-09-25,65.04,RZLV_2024-09-25_65.04,RZLV_quotes_2024_09_25.parquet,OK,,20050,20050,1.0,9709,0.4842394014962593,1726819140068417889,1727740365092720430,1727251140009733826,1727308794863763178,0.06258498467624939
SM,2020-04-02,37.38,SM_2020-04-02_37.38,SM_quotes_2020_04_02.parquet,OK,,135771,124055,0.9137076400704127,18362,0.13524243026861407,1585555303826396670,1586303118786471688,1585825200228402226,1585872000100299600,0.06258215520678967
SPRC,2024-08-15,67.62,SPRC_2024-08-15_67.62,SPRC_quotes_2024_08_15.parquet,OK,,141086,141086,1.0,84687,0.6002509107919992,1723449540015152604,1724198282982850157,1723708740010563734,1723766399784018060,0.07700876795094931
VEL,2020-04-06,44.09,VEL_2020-04-06_44.09,VEL_quotes_2020_04_06.parquet,OK,,16577,16489,0.9946914399469144,2999,0.18091331362731494,1585745559356391333,1586476800018932565,1586170800139516992,1586217600018103161,0.06400065119946763
AREC,2020-11-24,48.17,AREC_2020-11-24_48.17,AREC_quotes_2020_11_24.parquet,OK,,53226,53226,1.0,34830,0.6543794386202232,1605776400041424491,1606776549324517968,1606208400044360321,1606265226865789849,0.056818339412054344
MNTS,2023-10-09,51.28,MNTS_2023-10-09_51.28,MNTS_quotes_2023_10_09.parquet,OK,,116474,116474,1.0,8344,0.07163830554458506,1696406340124717600,1697155195892303303,1696838340017231333,1696895970374439011,0.07695788655467954
WVE,2022-12-13,41.00,WVE_2022-12-13_41.00,WVE_quotes_2022_12_13.parquet,OK,,101905,101905,1.0,30695,0.3012119130562779,1670504406836765114,1671235097904576121,1670933551287374480,1670975870258223389,0.057916365360380716
SSKN,2023-08-21,71.21,SSKN_2023-08-21_71.21,SSKN_quotes_2023_08_21.parquet,OK,,22340,22340,1.0,4059,0.1816920322291853,1692172740011736326,1692914400276391704,1692604740061287541,1692661749914754377,0.07686788167534682
ZCMD,2022-03-14,41.90,ZCMD_2022-03-14_41.90,ZCMD_quotes_2022_03_14.parquet,OK,,13062,13062,1.0,10605,0.8118971061093248,1646816400020305018,1647554405471631030,1647244800044873977,1647300391850024465,0.07532709284274712
PPBT,2024-12-02,315.80,PPBT_2024-12-02_315.80,PPBT_quotes_2024_12_02.parquet,OK,,165742,165742,1.0,135910,0.8200094122189909,1732611540024095504,1733446566288376501,1733129940034412460,1733187599175448834,0.06905069158036801
KORE,2023-11-16,140.85,KORE_2023-11-16_140.85,KORE_quotes_2023_11_16.parquet,OK,,9598,9410,0.9804125859554074,2938,0.30610543863304857,1699857000351708928,1700609318773998848,1700116203234040832,1700182800298259456,0.08852244241994592
KSCP,2022-01-31,68.82,KSCP_2022-01-31_68.82,KSCP_quotes_2022_01_31.parquet,OK,,197909,197909,1.0,71230,0.35991288925718384,1643299949724692494,1643936293285994867,1643619601151316579,1643677191223857249,0.09050154043014631
KTCC,2020-08-05,41.94,KTCC_2020-08-05_41.94,KTCC_quotes_2020_08_05.parquet,OK,,5389,5389,1.0,2579,0.47856745221748004,1596193216455582728,1597091950821061943,1596614400021059688,1596671946852392554,0.06403096792919608
KOSS,2021-03-25,58.34,KOSS_2021-03-25_58.34,KOSS_quotes_2021_03_25.parquet,OK,,207581,207581,1.0,98751,0.4757227299222954,1616400000000784618,1617148799212840843,1616659200000833490,1616716799553271712,0.0769225601614242
BKKT,2023-03-17,49.58,BKKT_2023-03-17_49.58,BKKT_quotes_2023_03_17.parquet,OK,,61835,59104,0.9558340745532465,10914,0.17650198107867712,1678771800727015168,1679529481162318592,1679039940106164480,1679097600116719616,0.07610069874913059
NCLH,2020-11-09,35.83,NCLH_2020-11-09_35.83,NCLH_quotes_2020_11_09.parquet,OK,,2686795,2552493,0.9500140501973541,647905,0.24114418852201228,1604482198266643200,1605315568084360448,1604912570074245632,1604969970952253696,0.06887803804233693
SGD,2024-10-23,54.98,SGD_2024-10-23_54.98,SGD_quotes_2024_10_23.parquet,OK,,32886,32886,1.0,5257,0.15985525755640698,1729238340121665051,1730159940766163635,1729670340125546780,1729727955920098748,0.06251709446591704
KXIN,2024-10-03,33.35,KXIN_2024-10-03_33.35,KXIN_quotes_2024_10_03.parquet,OK,,550535,550535,1.0,77187,0.14020362011497906,1727683140066469959,1728431997891322157,1727942340044443178,1727999996486465094,0.07699250793472799
ASST,2023-04-21,102.91,ASST_2023-04-21_102.91,ASST_quotes_2023_04_21.parquet,OK,,20869,20869,1.0,14570,0.6981647419617615,1681804740015384179,1682551868490705343,1682063940049295947,1682121599188734046,0.07717432990800328
CRVS,2021-09-17,156.64,CRVS_2021-09-17_156.64,CRVS_quotes_2021_09_17.parquet,OK,,722122,722122,1.0,398937,0.5524509708885756,1631606400042608383,1632355160676906181,1631865600047583873,1631923198998127150,0.07692571952222675
ATGL,2024-12-26,30.35,ATGL_2024-12-26_30.35,ATGL_quotes_2024_12_26.parquet,OK,,6010,6010,1.0,1588,0.2642262895174709,1734685140022660733,1735678801241483259,1735203540077034099,1735257359350942335,0.05416259876984135
DDS,2020-03-19,33.81,DDS_2020-03-19_33.81,DDS_quotes_2020_03_19.parquet,OK,,147684,146209,0.990012459034154,53293,0.36085831911378347,1584359762089089509,1585094400039459017,1584537301310487192,1584648010846694424,0.15069945154827266
MDIA,2021-07-14,47.59,MDIA_2021-07-14_47.59,MDIA_quotes_2021_07_14.parquet,OK,,228853,228853,1.0,34688,0.15157328066488096,1625817600058522259,1626739163626854555,1626249600019309595,1626307197215799854,0.06249942865524681
CLPS,2020-11-16,32.14,CLPS_2020-11-16_32.14,CLPS_quotes_2020_11_16.parquet,OK,,11853,11853,1.0,8235,0.6947608200455581,1604998800045662305,1605820797767983760,1605517200048688160,1605567596005792266,0.0613091201296515
BMRA,2020-03-19,127.09,BMRA_2020-03-19_127.09,BMRA_quotes_2020_03_19.parquet,OK,,178789,178789,1.0,52270,0.29235579370095477,1584345600028706002,1585094397422955064,1584604800028612936,1584662399915017861,0.07692319290545815
IFBD,2023-07-28,77.44,IFBD_2023-07-28_77.44,IFBD_quotes_2023_07_28.parquet,OK,,63543,63543,1.0,46504,0.7318508726374267,1690271940071611982,1691020799212534959,1690531140098077588,1690588778063770196,0.07696769998903744
RIGL,2022-12-02,45.34,RIGL_2022-12-02_45.34,RIGL_quotes_2022_12_02.parquet,OK,,120572,120572,1.0,43471,0.36053976047506886,1669712400009749846,1670460788951610803,1669971600009866698,1670026542956395266,0.07341496306979886
ARBK,2024-03-28,55.00,ARBK_2024-03-28_55.00,ARBK_quotes_2024_03_28.parquet,OK,,45483,45483,1.0,17622,0.3874414616450102,1711353540072551141,1712102366239799070,1711612740017951844,1711669861564157486,0.07628145049414334
BJDX,2024-08-02,50.00,BJDX_2024-08-02_50.00,BJDX_quotes_2024_08_02.parquet,OK,,59778,59778,1.0,42988,0.7191274381879621,1722326340165921493,1723075198530623917,1722585540114211329,1722643191454835119,0.07698564019739444
AACG,2020-10-12,32.41,AACG_2020-10-12_32.41,AACG_quotes_2020_10_12.parquet,OK,,925,925,1.0,1207,1.3048648648648649,1602057600022552566,1602799208562543415,1602489600038131537,1602547190281451085,0.07765585239924372
PRTA,2021-02-02,36.18,PRTA_2021-02-02_36.18,PRTA_quotes_2021_02_02.parquet,OK,,39165,39165,1.0,17088,0.436307927996936,1611824400041192762,1612563299980966839,1612180800191462801,1612313679821297501,0.17983440339070636
PALI,2023-03-30,73.21,PALI_2023-03-30_73.21,PALI_quotes_2023_03_30.parquet,OK,,152249,152249,1.0,50425,0.3312008617462184,1679903940098024552,1680652743132953794,1680163140024360571,1680220796304520382,0.0769979253159133
BILL,2021-08-27,31.88,BILL_2021-08-27_31.88,BILL_quotes_2021_08_27.parquet,OK,,240250,233958,0.9738106139438085,70431,0.2931571279916753,1629792005465431040,1630540800653751808,1630051200417616384,1630107272866451712,0.07488355922942677
IREN,2023-02-14,42.72,IREN_2023-02-14_42.72,IREN_quotes_2023_02_14.parquet,OK,,87625,87625,1.0,26750,0.30527817403708984,1675933200024916365,1676679966748376764,1676278800023305538,1676422291961727249,0.19215095412499372
RVPH,2024-12-09,159.39,RVPH_2024-12-09_159.39,RVPH_quotes_2024_12_09.parquet,OK,,180430,180430,1.0,71541,0.3965027988693676,1733302740037726469,1734051581397615415,1733734740118828502,1733792394586423366,0.07699156414572804
ALBT,2024-12-06,146.24,ALBT_2024-12-06_146.24,ALBT_quotes_2024_12_06.parquet,OK,,156888,156888,1.0,145895,0.929930906124114,1733216340034868058,1733961978873310520,1733475540037993546,1733533141649525647,0.07725135623624826
ATPC,2024-07-23,137.76,ATPC_2024-07-23_137.76,ATPC_quotes_2024_07_23.parquet,OK,,84222,84222,1.0,67128,0.7970364037899836,1721289540038277490,1722038052134277596,1721721540046220948,1721779193796900033,0.07702447426992126
DDD,2021-01-07,125.36,DDD_2021-01-07_125.36,DDD_quotes_2021_01_07.parquet,OK,,1395696,1342295,0.9617388027192167,506637,0.36299953571551397,1609761601133603072,1610499600135740928,1609934407989296384,1610067600099363072,0.18047735793795575
RVSN,2023-02-02,55.87,RVSN_2023-02-02_55.87,RVSN_quotes_2023_02_02.parquet,OK,,15812,15812,1.0,2383,0.1507083227928156,1675069204313330268,1675817163636473876,1675328400033604961,1675382894991811201,0.07285818428895628
JDZG,2024-05-16,183.05,JDZG_2024-05-16_183.05,JDZG_quotes_2024_05_16.parquet,OK,,69009,69009,1.0,34926,0.5061078989696997,1715788201000111567,1716335982854370167,1715846340067444995,1715903977460158084,0.10521960934813882
CELU,2024-01-18,77.38,CELU_2024-01-18_77.38,CELU_quotes_2024_01_18.parquet,OK,,66766,66766,1.0,53219,0.7970973249857712,1705049940013179181,1706057953089634696,1705568340079359932,1705625987023134714,0.05718868645780513
SGHT,2023-12-26,56.59,SGHT_2023-12-26_56.59,SGHT_quotes_2023_12_26.parquet,OK,,218455,218455,1.0,53448,0.24466366070815498,1703062740064796352,1703896528741550943,1703581140110657074,1703638721354222051,0.0690597571906399
EVGN,2020-09-01,35.27,EVGN_2020-09-01_35.27,EVGN_quotes_2020_09_01.parquet,OK,,17834,17834,1.0,5117,0.2869238533138948,1598515200034387165,1599263717673598774,1598947200041271143,1599004005074391774,0.07589003938566101
IMNM,2023-01-03,56.11,IMNM_2023-01-03_56.11,IMNM_quotes_2023_01_03.parquet,OK,,9917,9917,1.0,884,0.08913986084501362,1672218000016793753,1673042759051175121,1672736400015119263,1672784461086566132,0.05827286448934562
RILY,2024-03-04,32.03,RILY_2024-03-04_32.03,RILY_quotes_2024_03_04.parquet,OK,,230881,230881,1.0,47387,0.20524426003005877,1709110740073853120,1709858816789590380,1709542740089683878,1709599040366720394,0.07526003129375547
IRIX,2021-01-12,72.38,IRIX_2021-01-12_72.38,IRIX_quotes_2021_01_12.parquet,OK,,52146,52146,1.0,24619,0.47211674912744983,1610010000023086354,1610752292312775180,1610442000023757621,1610499582041480399,0.077573239709814
MVIS,2020-05-04,156.58,MVIS_2020-05-04_156.58,MVIS_quotes_2020_05_04.parquet,OK,,545899,545899,1.0,124455,0.22798173288465448,1588147200037589807,1588895996725306343,1588579200038649304,1588636799742134486,0.07692302120196731
BTBT,2020-12-30,53.31,BTBT_2020-12-30_53.31,BTBT_quotes_2020_12_30.parquet,OK,,790883,790883,1.0,129325,0.1635197620887034,1608800400055490853,1609894779627992760,1609318800055992181,1609376377453915462,0.05261190849135725
BNTC,2023-07-26,58.93,BNTC_2023-07-26_58.93,BNTC_quotes_2023_07_26.parquet,OK,,21094,21094,1.0,14059,0.6664928415663222,1689926340129245973,1690847430401056591,1690358340029838911,1690415976555719806,0.06257424233522405
NERV,2022-08-24,90.24,NERV_2022-08-24_90.24,NERV_quotes_2022_08_24.parquet,OK,,800139,800139,1.0,221917,0.27734806077444046,1660896005188078006,1661817381246368302,1661328000027601238,1661385597372413652,0.06251230894721917
MRUS,2024-05-24,39.80,MRUS_2024-05-24_39.80,MRUS_quotes_2024_05_24.parquet,OK,,156392,156392,1.0,47495,0.30369200470612306,1716278340042409415,1717104018523585529,1716537540037484823,1716595169977822189,0.0697970719247481
NBR,2020-06-08,32.58,NBR_2020-06-08_32.58,NBR_quotes_2020_06_08.parquet,OK,,388329,382470,0.9849122779910848,62440,0.16079149381066055,1591180815905659048,1591920000042653696,1591611666247753442,1591660607460434771,0.06620977133020288
NCTY,2021-01-25,32.83,NCTY_2021-01-25_32.83,NCTY_quotes_2021_01_25.parquet,OK,,115067,115067,1.0,24763,0.21520505444653984,1611133200025864866,1611881972512153378,1611565200026282331,1611622656074272022,0.0767336528008488
GXAI,2024-02-27,32.53,GXAI_2024-02-27_32.53,GXAI_quotes_2024_02_27.parquet,OK,,47409,47409,1.0,7028,0.14824189499883988,1708592340077579053,1709341063985461264,1709024340060099576,1709081964866136391,0.07696402563103477
BBLG,2024-07-24,240.00,BBLG_2024-07-24_240.00,BBLG_quotes_2024_07_24.parquet,OK,,122582,122582,1.0,96958,0.7909644156564586,1721375940095344610,1722297524685882284,1721807940005971105,1721865565155984588,0.06252833500597393
CCTG,2024-02-02,51.28,CCTG_2024-02-02_51.28,CCTG_quotes_2024_02_02.parquet,OK,,77122,77120,0.9999740670625762,32357,0.41955602811130416,1706605140125439182,1707353998936895098,1706864340048853900,1706921996252561747,0.07699208826260986
BIVI,2024-10-21,219.15,BIVI_2024-10-21_219.15,BIVI_quotes_2024_10_21.parquet,OK,,726322,726322,1.0,367424,0.5058692976393391,1729065540042104133,1729814397076969916,1729497540037539455,1729555197651950878,0.07699415472775377
VOLT,2021-01-13,51.38,VOLT_2021-01-13_51.38,VOLT_quotes_2021_01_13.parquet,OK,,21819,21561,0.9881754434208717,9661,0.4427792291122416,1610107200029946880,1611100263230548224,1610539446907535616,1610585988916781824,0.046867117035476434
IINN,2021-12-22,31.36,IINN_2021-12-22_31.36,IINN_quotes_2021_12_22.parquet,OK,,80655,80655,1.0,29013,0.3597173144876325,1639731600084765374,1640739547181817126,1640163600040295943,1640221195515523554,0.057141367236512634
VEON,2022-03-16,37.27,VEON_2022-03-16_37.27,VEON_quotes_2022_03_16.parquet,OK,,139740,139740,1.0,26871,0.19229282954057536,1646989200031638829,1647906762616128510,1647417605491165990,1647475191841923433,0.06276013400161766
FET,2020-05-11,30.99,FET_2020-05-11_30.99,FET_quotes_2020_05_11.parquet,OK,,60404,59661,0.9876994900999934,12024,0.1990596649228528,1588752000770988030,1589500800030961759,1589189985422264569,1589241600027166127,0.06892982894156287
NAOV,2020-09-22,150.93,NAOV_2020-09-22_150.93,NAOV_quotes_2020_09_22.parquet,OK,,157953,157953,1.0,145315,0.9199888574449362,1600329600041845358,1601078399744075708,1600761600037598407,1600819199844863482,0.07692285012067997
TALK,2024-09-17,30.89,TALK_2024-09-17_30.89,TALK_quotes_2024_09_17.parquet,OK,,115809,115809,1.0,58099,0.50167948950427,1726127940046033990,1726874493508681678,1726559940028875752,1726617564840284628,0.07718778934398994
CLOV,2021-06-07,33.33,CLOV_2021-06-07_33.33,CLOV_quotes_2021_06_07.parquet,OK,,4313738,4313738,1.0,560085,0.12983750983485784,1622620800058486392,1623369599070323723,1623052800059617319,1623110399130719742,0.07692193791908451
OCFT,2024-09-30,57.77,OCFT_2024-09-30_57.77,OCFT_quotes_2024_09_30.parquet,OK,,12778,12580,0.9845046173110032,4021,0.3146814838002817,1727251140099046656,1728000000195555584,1727683140027034112,1727740736640565760,0.07691238163196926
AI,2023-01-31,30.92,AI_2023-01-31_30.92,AI_quotes_2023_01_31.parquet,OK,,1589875,1531143,0.9630587310323139,356087,0.2239716958880415,1674723600027746560,1675472400309129728,1675155600026551808,1675213111814173696,0.07680524306915783
DAVEW,2022-03-29,82.26,DAVEW_2022-03-29_82.26,DAVEW_quotes_2022_03_29.parquet,OK,,7234,7234,1.0,2485,0.3435167265689798,1648108800013402216,1648844700832611915,1648543233396248745,1648595227877917813,0.07065419729374141
OPRX,2020-03-17,33.98,OPRX_2020-03-17_33.98,OPRX_quotes_2020_03_17.parquet,OK,,11885,11885,1.0,3638,0.3061001262095078,1584010800169649541,1584741677061931149,1584362213187836310,1584475206844755704,0.15460012228141065
IPHA,2024-12-09,31.97,IPHA_2024-12-09_31.97,IPHA_quotes_2024_12_09.parquet,OK,,84081,84081,1.0,69788,0.8300091578358963,1733302740059256337,1734051585716717016,1733734740037108287,1733792392947504115,0.07698904283070546
CDLX,2023-04-04,96.23,CDLX_2023-04-04_96.23,CDLX_quotes_2023_04_04.parquet,OK,,320827,320827,1.0,160508,0.500294551269064,1680163140122405332,1680825364797137304,1680595140129753622,1680652789675745553,0.08705436114301239
SYBX,2023-12-11,37.98,SYBX_2023-12-11_37.98,SYBX_quotes_2023_12_11.parquet,OK,,8745,8745,1.0,1735,0.198399085191538,1701853140023498489,1702592676162758659,1702285140087771963,1702342799345009138,0.0779667877960057
PENN,2020-03-20,94.58,PENN_2020-03-20_94.58,PENN_quotes_2020_03_20.parquet,OK,,828747,828747,1.0,148358,0.17901482599635354,1584432000037885839,1585180692010413089,1584691200037889744,1584748737486386258,0.07685062830618211
ALGS,2024-09-09,55.88,ALGS_2024-09-09_55.88,ALGS_quotes_2024_09_09.parquet,OK,,12677,12677,1.0,4251,0.33533170308432597,1725436740126544922,1726183680708264512,1725868740075356070,1725926194922000513,0.07692023709860794
VTGN,2023-03-22,49.48,VTGN_2023-03-22_49.48,VTGN_quotes_2023_03_22.parquet,OK,,51428,51428,1.0,22594,0.43933265925176945,1679039940166866239,1679961228457093723,1679471940045825614,1679529577292194930,0.06256157489539375
OPRT,2023-08-09,36.95,OPRT_2023-08-09_36.95,OPRT_quotes_2023_08_09.parquet,OK,,48639,48639,1.0,14121,0.2903225806451613,1691135940015878764,1692050400107794426,1691567940031283445,1691625438965546841,0.06287746701219517
GPRO,2020-10-07,30.44,GPRO_2020-10-07_30.44,GPRO_quotes_2020_10_07.parquet,OK,,303844,303844,1.0,90640,0.2983109753689393,1601625600017594603,1602633599023095722,1602057600017471008,1602115198255318202,0.057141165351209326
SI,2023-03-13,41.67,SI_2023-03-13_41.67,SI_quotes_2023_03_13.parquet,OK,,672448,642466,0.9554136528028933,110170,0.16383422956124488,1678257000319250944,1679011190607802880,1678685400590199808,1678752000129886464,0.0883060159983348
BEAM,2024-02-27,38.27,BEAM_2024-02-27_38.27,BEAM_quotes_2024_02_27.parquet,OK,,318699,318699,1.0,105826,0.3320562662575032,1708592340011146212,1709335250417644349,1709024340069883996,1709081400669629884,0.07680683868039355
TEM,2024-11-08,32.07,TEM_2024-11-08_32.07,TEM_quotes_2024_11_08.parquet,OK,,185178,185178,1.0,36359,0.19634621823326745,1730797140044299534,1731632397374600211,1731056340092044564,1731111660894166126,0.06623204623854968
FCUV,2024-09-13,34.96,FCUV_2024-09-13_34.96,FCUV_quotes_2024_09_13.parquet,OK,,9542,9542,1.0,2645,0.27719555648710964,1725955140081375509,1726703993117570265,1726214340006192929,1726271487973297767,0.0763139953270823
OCUL,2020-10-07,30.20,OCUL_2020-10-07_30.20,OCUL_quotes_2020_10_07.parquet,OK,,103661,103661,1.0,35460,0.3420765765331224,1601625600037946980,1602633495946059003,1602057600044888399,1602115194823231966,0.057143577903250704
ISPO,2024-07-29,79.60,ISPO_2024-07-29_79.60,ISPO_quotes_2024_07_29.parquet,OK,,81314,81314,1.0,16678,0.20510613178542442,1721807940068920053,1722556796697028114,1722239940040522737,1722297597876468594,0.0769944923790364
CMND,2023-05-12,33.92,CMND_2023-05-12_33.92,CMND_quotes_2023_05_12.parquet,OK,,24643,24643,1.0,17562,0.7126567382218074,1683619140057574546,1684367980543186435,1683878340158451753,1683935911707378816,0.07688092462044224
INM,2024-08-20,430.27,INM_2024-08-20_430.27,INM_quotes_2024_08_20.parquet,OK,,253652,253652,1.0,198660,0.7831990285903522,1723708740004406074,1724457579760576764,1724140740016978374,1724198399175328139,0.07699799306144506
WKEY,2022-10-06,36.75,WKEY_2022-10-06_36.75,WKEY_quotes_2022_10_06.parquet,OK,,15191,15191,1.0,11256,0.740965045092489,1664784000025800043,1665607321370143601,1665043200015068274,1665100558934504265,0.06966771823670358
DTSS,2024-01-23,43.40,DTSS_2024-01-23_43.40,DTSS_quotes_2024_01_23.parquet,OK,,10620,10618,0.9998116760828625,2432,0.22900188323917137,1705568340081418192,1706312315301486787,1706018100000489243,1706056950430922241,0.05222005973453789
OSW,2020-11-09,38.01,OSW_2020-11-09_38.01,OSW_quotes_2020_11_09.parquet,OK,,36362,36362,1.0,9500,0.26126175677905505,1604480400048763357,1605313935594461836,1604912400050140854,1604961990067497816,0.05949358442225398
PDSB,2020-06-26,35.51,PDSB_2020-06-26_35.51,PDSB_quotes_2020_06_26.parquet,OK,,86510,86510,1.0,3656,0.042261010287828,1592899200061765253,1593645276630324024,1593158400059375323,1593215994086596560,0.07719586654824707
WTI,2020-11-09,31.62,WTI_2020-11-09_31.62,WTI_quotes_2020_11_09.parquet,OK,,85901,81753,0.9517118543439541,17552,0.20432823832085772,1604491200027795712,1605314842199417088,1604923200008787968,1604962757031014400,0.04802695101024545
NSPR,2020-01-17,41.38,NSPR_2020-01-17_41.38,NSPR_quotes_2020_01_17.parquet,OK,,8350,8309,0.9950898203592814,4959,0.5938922155688623,1579005821723956097,1579827600033503280,1579176118081151086,1579309216344265225,0.161963709151047
HUDI,2021-12-06,30.60,HUDI_2021-12-06_30.60,HUDI_quotes_2021_12_06.parquet,OK,,21814,21814,1.0,5282,0.24213807646465574,1638349200095416514,1639091496576152936,1638781200107599946,1638837014763755036,0.07519186417227394
SGRY,2020-04-08,43.06,SGRY_2020-04-08_43.06,SGRY_quotes_2020_04_08.parquet,OK,,79580,79580,1.0,28134,0.35353103794923346,1585911600212941897,1586808541842862793,1586257200212083264,1586388735030545030,0.14664813637133384
DTSS,2024-02-26,54.30,DTSS_2024-02-26_54.30,DTSS_quotes_2024_02_26.parquet,OK,,21391,21391,1.0,8183,0.38254406058622786,1708505940025703616,1709251714168907452,1708937940125734520,1708995580993969719,0.07728997949375743
RVPH,2022-06-30,30.48,RVPH_2022-06-30_30.48,RVPH_quotes_2022_06_30.parquet,OK,,3255,3255,1.0,1617,0.4967741935483871,1656327615665807223,1657142296538189664,1656576000015899826,1656631927998464431,0.06865017267565153
XNET,2021-02-16,34.01,XNET_2021-02-16_34.01,XNET_quotes_2021_02_16.parquet,OK,,311938,311938,1.0,49573,0.1589194006501292,1612947600042506507,1613782783342920775,1613466000041357525,1613523303126428900,0.06861138751571241
VTR,2020-03-19,36.18,VTR_2020-03-19_36.18,VTR_quotes_2020_03_19.parquet,OK,,570461,552111,0.9678330332836075,154864,0.2714716694042187,1584356400004704436,1585094410303070692,1584529200001398899,1584662409552556881,0.18049822807739932
CTXR,2021-02-19,38.46,CTXR_2021-02-19_38.46,CTXR_quotes_2021_02_19.parquet,OK,,725211,725211,1.0,207384,0.2859636712625705,1613466000076711288,1614214744863494809,1613725200101256563,1613782777722006366,0.07689886028742393
ELAB,2024-11-14,78.38,ELAB_2024-11-14_78.38,ELAB_quotes_2024_11_14.parquet,OK,,481379,481379,1.0,315517,0.6554440472060477,1731056340129893979,1732064390845538810,1731574740144222015,1731632399816022476,0.05719917748739179
KXIN,2024-12-30,60.93,KXIN_2024-12-30_60.93,KXIN_quotes_2024_12_30.parquet,OK,,56475,56475,1.0,12526,0.22179725542275344,1735030740074201963,1735952397843702289,1735549140154416589,1735606793672356774,0.06255414954234226
VEL,2020-06-03,30.77,VEL_2020-06-03_30.77,VEL_quotes_2020_06_03.parquet,OK,,19563,19340,0.9886009303276594,3862,0.19741348463937025,1590750000136488148,1591657822975377887,1591182000136152880,1591228800021273399,0.05155178203905393
ZURA,2023-06-20,37.03,ZURA_2023-06-20_37.03,ZURA_quotes_2023_06_20.parquet,OK,,28036,28036,1.0,6044,0.21557996861178486,1686729540007896275,1687564739741744891,1687247940030207683,1687305564693778535,0.06899506936540374
DXYZ,2024-04-05,125.97,DXYZ_2024-04-05_125.97,DXYZ_quotes_2024_04_05.parquet,OK,,348990,342752,0.9821255623370297,66668,0.1910312616407347,1712035802090278912,1712793600030428416,1712303940168036608,1712361597289925632,0.0760850865834354
CWD,2023-05-18,116.67,CWD_2023-05-18_116.67,CWD_quotes_2023_05_18.parquet,OK,,61997,61997,1.0,33832,0.545703824378599,1684340101000204695,1684886368376119879,1684396740056928452,1684454399523877937,0.10555173069394039
OCG,2021-02-12,36.23,OCG_2021-02-12_36.23,OCG_quotes_2021_02_12.parquet,OK,,78743,78743,1.0,36808,0.46744472524541864,1612861200104536334,1613696315812656609,1613120400107250738,1613177975861604352,0.06894344555344159
NIU,2020-06-19,39.30,NIU_2020-06-19_39.30,NIU_quotes_2020_06_19.parquet,OK,,63338,63338,1.0,22382,0.3533739619185955,1592294400066573699,1593041995767885144,1592467200070018429,1592611042190579781,0.19240629702527948
INM,2024-04-04,30.14,INM_2024-04-04_30.14,INM_quotes_2024_04_04.parquet,OK,,7900,7900,1.0,5480,0.6936708860759494,1711958340008173210,1712701190684184309,1712217540094662112,1712273902880259529,0.075873641120002
UONE,2021-01-06,102.05,UONE_2021-01-06_102.05,UONE_quotes_2021_01_06.parquet,OK,,78672,78672,1.0,38567,0.4902252389668497,1609405200033644855,1610412489849434103,1609923600033304479,1609981198252054966,0.05718137704525158
ALT,2020-05-26,53.67,ALT_2020-05-26_53.67,ALT_quotes_2020_05_26.parquet,OK,,187551,187551,1.0,100385,0.5352410810926095,1589961600064088567,1590796787180061359,1590480000069146173,1590537475988302931,0.06881801461916996
ALLT,2020-02-04,31.31,ALLT_2020-02-04_31.31,ALLT_quotes_2020_02_04.parquet,OK,,36092,36092,1.0,17090,0.4735121356533304,1580374800029987755,1581116269885646348,1580720421481091022,1580862740163001116,0.19194129177872352
XPON,2024-09-27,48.45,XPON_2024-09-27_48.45,XPON_quotes_2024_09_27.parquet,OK,,269418,269418,1.0,71590,0.2657209243628859,1727164740139457620,1727913597890308182,1727423940048717825,1727481596339852647,0.07699231405341704
GCO,2020-03-19,44.68,GCO_2020-03-19_44.68,GCO_quotes_2020_03_19.parquet,OK,,142935,141234,0.9880994857802498,35208,0.24632175464371917,1584360295608213172,1585094400031001627,1584530362555435438,1584662400022246974,0.1798619688327159
MTC,2024-12-09,39.70,MTC_2024-12-09_39.70,MTC_quotes_2024_12_09.parquet,OK,,42995,42995,1.0,23763,0.5526921735085475,1733302740024275070,1734050495840651810,1733734740099244201,1733792391257589425,0.0770989099417152
FBLG,2024-02-05,30.67,FBLG_2024-02-05_30.67,FBLG_quotes_2024_02_05.parquet,OK,,10990,10990,1.0,1238,0.11264786169244768,1706715300180012691,1707440054305757171,1707123540098754044,1707181125316648112,0.07945483281646099
CTRM,2020-12-30,44.59,CTRM_2020-12-30_44.59,CTRM_quotes_2020_12_30.parquet,OK,,232503,232503,1.0,34327,0.14764110570616293,1608800400068026030,1609894637668207994,1609318800067750063,1609376374782458849,0.05261628251415573
TANH,2024-05-29,68.45,TANH_2024-05-29_68.45,TANH_quotes_2024_05_29.parquet,OK,,27141,27141,1.0,16925,0.6235952986256954,1716451140091869163,1717458506566131085,1716969540004778706,1717027187561154781,0.05722600250153476
RLJ,2020-11-09,41.03,RLJ_2020-11-09_41.03,RLJ_quotes_2020_11_09.parquet,OK,,354521,342839,0.9670484964219327,74220,0.20935290152064334,1604491200017533696,1605315600025051136,1604923205891060736,1604955994687175936,0.03977292068924
ILAG,2023-04-28,62.14,ILAG_2023-04-28_62.14,ILAG_quotes_2023_04_28.parquet,OK,,55077,55077,1.0,17215,0.31256241262232876,1682409540136103681,1683158343898525844,1682668740116612023,1682726365734912992,0.07695690271983521
MGM,2020-03-20,44.94,MGM_2020-03-20_44.94,MGM_quotes_2020_03_20.parquet,OK,,2453977,2198592,0.8959301574546135,634842,0.2586992461624538,1584433179171275466,1585180800100509510,1584611818140613716,1584748800106867614,0.18322382493256226
TVTX,2023-12-05,31.48,TVTX_2023-12-05_31.48,TVTX_quotes_2023_12_05.parquet,OK,,395401,395401,1.0,89267,0.2257632125361342,1701334740040225136,1702074451209902016,1701766740102913339,1701821608263468926,0.07417511429434608
IMRN,2022-12-27,40.84,IMRN_2022-12-27_40.84,IMRN_quotes_2022_12_27.parquet,OK,,26431,26431,1.0,3883,0.14691082441072983,1671613200022112729,1672447954491075871,1672131600022400801,1672189053742363209,0.06882708880106017
IRWD,2024-12-20,32.19,IRWD_2024-12-20_32.19,IRWD_quotes_2024_12_20.parquet,OK,,169710,169710,1.0,75819,0.44675623121796004,1734425940062515387,1735258059353728043,1734598800016167197,1734742591010171901,0.17280093794623594
BANX,2020-03-19,34.72,BANX_2020-03-19_34.72,BANX_quotes_2020_03_19.parquet,OK,,5373,5373,1.0,2304,0.4288107202680067,1584345600043121912,1585080381279875405,1584531227651285824,1584648004362094931,0.15892718127243588
DRUG,2024-10-21,33.43,DRUG_2024-10-21_33.43,DRUG_quotes_2024_10_21.parquet,OK,,315852,315852,1.0,69744,0.2208122791687246,1729065540096505175,1729814347235825318,1729497540020278452,1729555196282213280,0.07699747893319403
BIVI,2024-10-18,157.14,BIVI_2024-10-18_157.14,BIVI_quotes_2024_10_18.parquet,OK,,690576,690576,1.0,88452,0.12808438173350942,1728979140130847727,1729727998087854141,1729238340006356089,1729295999105195638,0.07699604217339598
DXYZ,2024-04-15,53.38,DXYZ_2024-04-15_53.38,DXYZ_quotes_2024_04_15.parquet,OK,,141389,140553,0.9940872345090495,16115,0.11397633479266421,1712727000823239168,1713484800370624512,1713159000702623488,1713225600398123008,0.08788563641837832
MTC,2020-05-26,163.64,MTC_2020-05-26_163.64,MTC_quotes_2020_05_26.parquet,OK,,84619,84619,1.0,73583,0.8695801179404152,1589961600055468943,1590795857983478188,1590480000057417686,1590537586022609868,0.06902657230911427
CURV,2023-12-08,42.94,CURV_2023-12-08_42.94,CURV_quotes_2023_12_08.parquet,OK,,26158,25790,0.9859316461503173,8216,0.31409129138313324,1701766740042047232,1702515600047151104,1702025940008521984,1702083600309572352,0.07699743698072128
ICU,2024-07-01,35.75,ICU_2024-07-01_35.75,ICU_quotes_2024_07_01.parquet,OK,,56189,56189,1.0,21961,0.3908416238053712,1719388740031069491,1720223023325138077,1719820740131472353,1719878327398361647,0.06902603384092189
DARE,2020-01-13,164.95,DARE_2020-01-13_164.95,DARE_quotes_2020_01_13.parquet,OK,,76312,76312,1.0,62606,0.8203952196246986,1578474000044974988,1579222267233774805,1578906000045274172,1578963596961920471,0.07697373011728813
NCPL,2024-05-16,52.46,NCPL_2024-05-16_52.46,NCPL_quotes_2024_05_16.parquet,OK,,19039,19039,1.0,8510,0.44697725720888704,1715587140162517446,1716335945064346873,1715846340119251204,1715903998638685779,0.0770007238116468
SCKT,2021-02-25,84.36,SCKT_2021-02-25_84.36,SCKT_quotes_2021_02_25.parquet,OK,,161652,161652,1.0,83771,0.518218147625764,1613984400051318807,1614733154121113163,1614243600039866024,1614301178711499472,0.07689931040944042
RPTX,2022-06-02,56.57,RPTX_2022-06-02_56.57,RPTX_quotes_2022_06_02.parquet,OK,,138485,138485,1.0,87514,0.6319384770913817,1653638400053644336,1654646376507091681,1654070400054283930,1654214398377656931,0.14285881667227182
ABCL,2021-03-31,37.86,ABCL_2021-03-31_37.86,ABCL_quotes_2021_03_31.parquet,OK,,246473,246473,1.0,43907,0.1781412162792679,1616745600030466399,1617662430843819721,1617091200030584355,1617233351728126927,0.15504681504175247
NA,2024-09-25,50.91,NA_2024-09-25_50.91,NA_quotes_2024_09_25.parquet,OK,,23978,23978,1.0,5216,0.21753273834348152,1726819140112994195,1727740649792797702,1727251140061928904,1727308299345617592,0.06202787115689989
SMMT,2022-12-13,47.16,SMMT_2022-12-13_47.16,SMMT_quotes_2022_12_13.parquet,OK,,288667,288667,1.0,68440,0.23708979550831927,1670490000011539284,1671238752993608640,1670922000021038150,1670979540467759495,0.07684837069004835
ILAG,2022-10-10,41.51,ILAG_2022-10-10_41.51,ILAG_quotes_2022_10_10.parquet,OK,,108716,108716,1.0,31242,0.28737260384855956,1664956800016949929,1665701383760295088,1665388815471529749,1665446377293181683,0.07730738438275392
ZETA,2021-10-05,30.79,ZETA_2021-10-05_30.79,ZETA_quotes_2021_10_05.parquet,OK,,97385,95698,0.9826770036453253,45112,0.46323355752939366,1632999691202519040,1633732922883571200,1633346266022662400,1633478400428748032,0.18020826090878134
SI,2023-05-05,38.43,SI_2023-05-05_38.43,SI_quotes_2023_05_05.parquet,OK,,54900,53130,0.9677595628415301,23075,0.4203096539162113,1683014340061042176,1683749404061597440,1683273540105162752,1683331188957654784,0.07842698383880087
BBBY,2023-02-06,130.53,BBBY_2023-02-06_130.53,BBBY_quotes_2023_02_06.parquet,OK,,1073994,1073994,1.0,409098,0.38091274252928786,1675242000020757793,1675990796268221758,1675674000002397396,1675731599430804370,0.07692269906807447
SNOA,2024-07-22,39.58,SNOA_2024-07-22_39.58,SNOA_quotes_2024_07_22.parquet,OK,,28461,28461,1.0,9967,0.3501985172692456,1721203140139874067,1721951560258189098,1721635140116379062,1721692457600342993,0.07658463817484455
BRFH,2024-04-25,112.62,BRFH_2024-04-25_112.62,BRFH_quotes_2024_04_25.parquet,OK,,88148,88148,1.0,82220,0.9327494668058266,1713772740075730887,1714520699847398138,1714031940082013480,1714089598538414795,0.07708764372820552
KITT,2024-06-05,39.01,KITT_2024-06-05_39.01,KITT_quotes_2024_06_05.parquet,OK,,327291,327291,1.0,62216,0.19009383087222076,1717142340156185398,1718063999350016869,1717574340006836664,1717631998043977020,0.06255895620230638
XBP,2023-12-01,99.95,XBP_2023-12-01_99.95,XBP_quotes_2023_12_01.parquet,OK,,15757,15757,1.0,4178,0.2651519959383131,1701334740125737194,1701910799568459208,1701421140052258188,1701477210502755044,0.09733448727428226
TOP,2023-05-30,86.60,TOP_2023-05-30_86.60,TOP_quotes_2023_05_30.parquet,OK,,62969,62969,1.0,32054,0.5090441328272642,1685451301000106430,1685750395939310749,1685451301000106430,1685491199227667672,0.13339653177477054
VRAR,2023-02-07,30.43,VRAR_2023-02-07_30.43,VRAR_quotes_2023_02_07.parquet,OK,,16889,16889,1.0,6877,0.40718811060453547,1675328400027324163,1676064786018134165,1675760400028022813,1675811693876977244,0.06965619877967713
CVRX,2024-06-05,35.44,CVRX_2024-06-05_35.44,CVRX_quotes_2024_06_05.parquet,OK,,82564,82564,1.0,18825,0.22800494162104548,1717142340065812417,1718050173613594056,1717574340032162187,1717631447380925819,0.06290508750549943
NAAS,2024-07-09,68.39,NAAS_2024-07-09_68.39,NAAS_quotes_2024_07_09.parquet,OK,,212729,212729,1.0,15001,0.07051694879400552,1719993540052065749,1720828795031272799,1720511940162682835,1720569598860329889,0.06903125282987517
COSM,2022-10-13,57.05,COSM_2022-10-13_57.05,COSM_quotes_2022_10_13.parquet,OK,,29674,29674,1.0,3766,0.12691244860820922,1665129805108025255,1666135994376538134,1665648000003758963,1665705292617319195,0.05694019540171499
MARA,2022-07-19,33.20,MARA_2022-07-19_33.20,MARA_quotes_2022_07_19.parquet,OK,,2264905,2264905,1.0,382417,0.1688446093765522,1657785600033230287,1658534340097892105,1658217600033411072,1658275170398094296,0.07688965423431254
XPEV,2020-11-12,44.86,XPEV_2020-11-12_44.86,XPEV_quotes_2020_11_12.parquet,OK,,1523104,1481165,0.9724647824442717,384748,0.25260783242641344,1604653209655904256,1605661200203784192,1605171633488241408,1605229200197119744,0.0571103657662402
SGMT,2024-02-12,30.61,SGMT_2024-02-12_30.61,SGMT_quotes_2024_02_12.parquet,OK,,124660,124660,1.0,25848,0.2073479865233435,1707296340006410662,1708045169643834366,1707728340171459246,1707785885500371421,0.07684702372378807
HYMC,2022-03-11,76.67,HYMC_2022-03-11_76.67,HYMC_quotes_2022_03_11.parquet,OK,,889481,889481,1.0,349609,0.3930483056973673,1646730000024574386,1647475199697187201,1646989200023734143,1647046754084064751,0.07723307248487143
BBW,2021-12-01,36.81,BBW_2021-12-01_36.81,BBW_quotes_2021_12_01.parquet,OK,,88650,87816,0.9905922165820643,23533,0.2654596728708404,1637920719455846656,1638838800910269696,1638349309898369792,1638404660197268224,0.060289093774600205
ZJYL,2024-01-25,30.33,ZJYL_2024-01-25_30.33,ZJYL_quotes_2024_01_25.parquet,OK,,13747,13747,1.0,1115,0.08110860551393032,1705913940032435614,1706660551256733147,1706173140022718260,1706230529216051827,0.07686623434782004
TUSK,2020-05-07,45.88,TUSK_2020-05-07_45.88,TUSK_quotes_2020_05_07.parquet,OK,,15466,15466,1.0,4380,0.28320186214923054,1588579200067972720,1589327331632730748,1588838400068783763,1588894756453061808,0.07532951011934998
KPRX,2023-02-07,79.57,KPRX_2023-02-07_79.57,KPRX_quotes_2023_02_07.parquet,OK,,160569,160569,1.0,46141,0.2873593283884187,1675328400015445967,1676071899988783366,1675767215889288635,1675817977790014143,0.06827424686735306
MREO,2022-06-21,42.31,MREO_2022-06-21_42.31,MREO_quotes_2022_06_21.parquet,OK,,270137,270137,1.0,85700,0.3172464342167123,1655280004335002564,1656114760469855165,1655798400012489767,1655855997297247712,0.06899893556112094
KZIA,2024-11-04,41.48,KZIA_2024-11-04_41.48,KZIA_quotes_2024_11_04.parquet,OK,,10031,10031,1.0,3893,0.38809689961120525,1730275140105259854,1731023777566931782,1730710740036557584,1730766632816838227,0.07465934199421166
VFSWW,2023-08-28,78.16,VFSWW_2023-08-28_78.16,VFSWW_quotes_2023_08_28.parquet,OK,,55508,55508,1.0,13426,0.241875045038553,1692777540014056846,1693526379938773871,1693209540066903941,1693267164607255514,0.0769517468948366
BBCP,2020-06-26,50.14,BBCP_2020-06-26_50.14,BBCP_quotes_2020_06_26.parquet,OK,,9767,9767,1.0,1620,0.1658646462578069,1592899200065737690,1593640869585452573,1593158400063834813,1593215990060390600,0.0776491348571613
TYRA,2021-09-21,32.08,TYRA_2021-09-21_32.08,TYRA_quotes_2021_09_21.parquet,OK,,34099,34099,1.0,9444,0.2769582685709258,1631780462372348747,1632519202120677293,1632124800071861623,1632268482809738064,0.19449709887891364
CISS,2024-04-17,41.51,CISS_2024-04-17_41.51,CISS_quotes_2024_04_17.parquet,OK,,128779,128779,1.0,33087,0.2569285364849859,1712926500000512480,1713830369462321552,1713340740041093909,1713398393390763832,0.06378503988234238
CNET,2022-08-05,43.37,CNET_2022-08-05_43.37,CNET_quotes_2022_08_05.parquet,OK,,15523,15523,1.0,4016,0.25871287766539974,1659427203877068742,1660170960562643579,1659686400028840125,1659741238595801248,0.07373186423022093
BTX,2021-04-30,74.14,BTX_2021-04-30_74.14,BTX_quotes_2021_04_30.parquet,OK,,841909,817883,0.9714624739728402,206418,0.24517851691809922,1619510400606767104,1620259084205097984,1619769601057731584,1619827199178726912,0.07693252680269425
ALLR,2024-05-02,152.55,ALLR_2024-05-02_152.55,ALLR_quotes_2024_05_02.parquet,OK,,300045,300045,1.0,213988,0.7131863553800263,1714377540026046902,1715126397593287732,1714636740061226418,1714694398277734626,0.07699490401178695
CGC,2024-04-03,30.66,CGC_2024-04-03_30.66,CGC_quotes_2024_04_03.parquet,OK,,1628017,1628017,1.0,318421,0.19558825245682324,1711958340023255609,1712620786394718065,1712131140046683522,1712188798213289215,0.08703824051206349
RDHL,2023-10-13,45.38,RDHL_2023-10-13_45.38,RDHL_quotes_2023_10_13.parquet,OK,,99971,99971,1.0,26571,0.26578707825269327,1696924740091579777,1697673546739858528,1697183940059290734,1697241570668111732,0.07696327076351546
MRSN,2020-04-07,50.19,MRSN_2020-04-07_50.19,MRSN_quotes_2020_04_07.parquet,OK,,109846,109846,1.0,23656,0.2153560439160279,1585814400063203628,1586473578012476667,1586160000071257132,1586302875240414583,0.21674749483810551
SNAP,2020-04-22,37.86,SNAP_2020-04-22_37.86,SNAP_quotes_2020_04_22.parquet,OK,,2428817,2038218,0.8391813792475925,719381,0.296185756275586,1587110420856106739,1588032000018920878,1587456038475544159,1587600000093996908,0.1562118852743448
CDIO,2024-12-11,51.85,CDIO_2024-12-11_51.85,CDIO_quotes_2024_12_11.parquet,OK,,212443,212443,1.0,35231,0.1658374246268411,1733475540190104591,1734397135852435826,1733907540004655446,1733965197756062662,0.06256295875065974
RR,2024-12-23,55.51,RR_2024-12-23_55.51,RR_quotes_2024_12_23.parquet,OK,,554254,554254,1.0,81191,0.14648698971951488,1734512340131460549,1735347579225899000,1734944340046001537,1735001948433283271,0.06897233099519287
RELI,2024-03-04,54.59,RELI_2024-03-04_54.59,RELI_quotes_2024_03_04.parquet,OK,,11685,11685,1.0,6826,0.5841677364142063,1709110740065229320,1709859022738822611,1709542740085508514,1709600397718308553,0.07705327790521214
MVIS,2020-05-19,30.25,MVIS_2020-05-19_30.25,MVIS_quotes_2020_05_19.parquet,OK,,90161,90161,1.0,26956,0.2989762757733388,1589443200038679677,1590191979004463777,1589875200033951286,1589932793134130229,0.07691602303308981
SNDL,2020-11-09,140.00,SNDL_2020-11-09_140.00,SNDL_quotes_2020_11_09.parquet,OK,,735089,735089,1.0,231425,0.31482582381181057,1604480400047292665,1605315563379971011,1604912400052697107,1604969998101064889,0.06896620830211335
IMTE,2021-06-04,39.23,IMTE_2021-06-04_39.23,IMTE_quotes_2021_06_04.parquet,OK,,37457,37457,1.0,19794,0.5284459513575567,1622534400054730210,1623280404052735665,1622793600054454830,1622849084834137667,0.07437598167192568
CIFRW,2023-12-19,112.94,CIFRW_2023-12-19_112.94,CIFRW_quotes_2023_12_19.parquet,OK,,18628,18628,1.0,5509,0.29573759931286236,1702544340079784652,1703292939729967869,1702976340111923550,1703033976539298103,0.07699232474988026
PHUN,2020-04-30,54.04,PHUN_2020-04-30_54.04,PHUN_quotes_2020_04_30.parquet,OK,,60517,60517,1.0,46998,0.7766082257877952,1587974400078724750,1588722323899852957,1588147200067208848,1588288480997092242,0.188897486471655
PHIO,2023-12-06,86.61,PHIO_2023-12-06_86.61,PHIO_quotes_2023_12_06.parquet,OK,,85714,85714,1.0,69502,0.8108593695312317,1701421140009714538,1702340117167233557,1701853140024038838,1701910788999509291,0.06273167401253922
BZFD,2023-02-15,32.12,BZFD_2023-02-15_32.12,BZFD_quotes_2023_02_15.parquet,OK,,151032,151032,1.0,52789,0.34952195561205573,1676019600013699144,1677027503646172162,1676451600016171672,1676509188059326795,0.057136457593493846
AIR,2020-03-19,42.16,AIR_2020-03-19_42.16,AIR_quotes_2020_03_19.parquet,OK,,92411,91574,0.9909426366990942,22207,0.24030688987241777,1584356414710471028,1585094400087925693,1584529212638464210,1584662400047737027,0.18047432014464107
AERT,2024-09-10,34.21,AERT_2024-09-10_34.21,AERT_quotes_2024_09_10.parquet,OK,,4329,4329,1.0,1291,0.2982212982212982,1725523140128472860,1726262177972810171,1725955140158515580,1726012752499527436,0.07795587391538318
ZEO,2024-12-05,52.65,ZEO_2024-12-05_52.65,ZEO_quotes_2024_12_05.parquet,OK,,362818,362818,1.0,4804,0.013240798416837092,1733129940007707326,1733878734177233266,1733389140032446359,1733446699686844845,0.07686979511996854
UCAR,2024-03-28,35.84,UCAR_2024-03-28_35.84,UCAR_quotes_2024_03_28.parquet,OK,,52280,52277,0.9999426166794185,13520,0.25860749808722266,1711353540021693177,1712101800000297554,1711612740085965909,1711670381796481060,0.07703433587703286
SLQT,2023-05-17,47.73,SLQT_2023-05-17_47.73,SLQT_quotes_2023_05_17.parquet,OK,,76283,72964,0.9564909612888848,15762,0.2066253293656516,1683878340003147776,1684799856639015168,1684301403199040768,1684368000209878016,0.07226891869896902
BKD,2020-03-24,47.07,BKD_2020-03-24_47.07,BKD_quotes_2020_03_24.parquet,OK,,336467,300391,0.8927799754507871,84991,0.2525983231639358,1584615600162376650,1585353600104893742,1584961200162204467,1585094400082636173,0.1804877111201416
ONMD,2024-05-23,238.78,ONMD_2024-05-23_238.78,ONMD_quotes_2024_05_23.parquet,OK,,440791,440791,1.0,236903,0.5374497210696225,1716191940005175348,1717027193741583760,1716451140013484554,1716508799218234855,0.0690319626682969
VOLT,2020-06-22,39.66,VOLT_2020-06-22_39.66,VOLT_quotes_2020_06_22.parquet,OK,,7571,7433,0.9817725531633866,3050,0.40285299167877425,1592391600020987759,1593129600023628241,1592823600022913639,1592870412772593053,0.06343190990775499
CAR,2020-03-19,56.56,CAR_2020-03-19_56.56,CAR_quotes_2020_03_19.parquet,OK,,618543,618543,1.0,167241,0.2703789388934965,1584345600030005207,1585094366858693435,1584518400030104118,1584659742646524276,0.18876719828491537
MARA,2021-03-09,33.15,MARA_2021-03-09_33.15,MARA_quotes_2021_03_09.parquet,OK,,1195543,1195543,1.0,205445,0.17184241804769884,1614848400006231080,1615597176353454960,1615280400029105091,1615337971534641287,0.07688745210722106
CTSO,2023-03-07,32.91,CTSO_2023-03-07_32.91,CTSO_quotes_2023_03_07.parquet,OK,,7944,7944,1.0,2315,0.2914149043303122,1677747600024672004,1678484490595295469,1678179540117852926,1678234141764762670,0.07409736138100789
DIN,2020-03-25,38.48,DIN_2020-03-25_38.48,DIN_quotes_2020_03_25.parquet,OK,,226861,223986,0.987327041668687,42688,0.18816808530333554,1584702000002544478,1585612800095512130,1585128463813026145,1585180800072492251,0.05746185125605249
ALNY,2020-03-16,32.18,ALNY_2020-03-16_32.18,ALNY_quotes_2020_03_16.parquet,OK,,202703,202703,1.0,36186,0.1785173381745707,1583924400007146993,1584657024208705871,1584356400013059622,1584400509252430908,0.06020718299699948
EVC,2020-06-19,54.29,EVC_2020-06-19_54.29,EVC_quotes_2020_06_19.parquet,OK,,79484,77250,0.9718937144582558,29996,0.3773841276231694,1592305200070638756,1593028833753365696,1592556836553940956,1592611192645861956,0.07511548068929653
DLPN,2020-07-09,43.93,DLPN_2020-07-09_43.93,DLPN_quotes_2020_07_09.parquet,OK,,87283,87283,1.0,25741,0.2949142444691406,1594022400057617666,1594771181656188938,1594281600060644724,1594339175584393953,0.07689227921611208
GMM,2024-10-28,99.15,GMM_2024-10-28_99.15,GMM_quotes_2024_10_28.parquet,OK,,102856,102856,1.0,72480,0.7046744963832932,1729670340064453647,1730419164157420699,1730102340120357887,1730159999981838738,0.07700054261393538
NRXPW,2021-07-23,138.17,NRXPW_2021-07-23_138.17,NRXPW_quotes_2021_07_23.parquet,OK,,82267,82267,1.0,29154,0.35438268078330315,1626768000052882243,1627510057619327018,1627027200052337166,1627084791640544547,0.07761067444309531
ELSE,2021-02-16,33.67,ELSE_2021-02-16_33.67,ELSE_quotes_2021_02_16.parquet,OK,,11872,11872,1.0,5002,0.4213274932614555,1612947600024250100,1613768745361332582,1613466000023600981,1613516400052942188,0.061377720928523574
VYGR,2021-10-08,49.31,VYGR_2021-10-08_49.31,VYGR_quotes_2021_10_08.parquet,OK,,557763,557763,1.0,113493,0.20347889695085547,1633420800040975658,1634255065069044534,1633680000043596220,1633737599487431477,0.06904214116296585
RBKB,2021-02-18,37.72,RBKB_2021-02-18_37.72,RBKB_quotes_2021_02_18.parquet,OK,,1684,1684,1.0,718,0.42636579572446553,1613132880180081413,1614121227626848318,1613564191827484385,1613682002051977693,0.11919919951095168
HSCS,2024-09-24,56.46,HSCS_2024-09-24_56.46,HSCS_quotes_2024_09_24.parquet,OK,,119850,119850,1.0,106730,0.8905298289528577,1726732740036715263,1727481590357718660,1727164740058092312,1727222392274323504,0.07698763639967843
FBLG,2024-06-06,75.37,FBLG_2024-06-06_75.37,FBLG_quotes_2024_06_06.parquet,OK,,21843,21843,1.0,11971,0.5480474293824108,1717401540057416141,1718143752212217511,1717660740097366216,1717717499665204021,0.07647350891605235
PETZ,2020-06-18,87.33,PETZ_2020-06-18_87.33,PETZ_quotes_2020_06_18.parquet,OK,,7473,7473,1.0,4235,0.5667068111869397,1592208000193132253,1592949920172385369,1592467200065418593,1592524493203144870,0.0772227993967132
LNKS,2024-12-17,47.17,LNKS_2024-12-17_47.17,LNKS_quotes_2024_12_17.parquet,OK,,11857,11857,1.0,1644,0.13865227291895083,1733993940078700562,1734740643664073293,1734425940016338877,1734482744748234602,0.07607400447577851
BZFD,2023-05-03,57.68,BZFD_2023-05-03_57.68,BZFD_quotes_2023_05_03.parquet,OK,,36488,36488,1.0,13019,0.35680223635167724,1682668740172624978,1683590342228574886,1683100740029565384,1683158372493708656,0.06253508634360568
ASNS,2024-06-28,84.47,ASNS_2024-06-28_84.47,ASNS_quotes_2024_06_28.parquet,OK,,157643,157643,1.0,120946,0.7672145290307848,1719302340179356120,1720039975956757996,1719561540104735098,1719619199597022064,0.07816797131242208
INHD,2024-06-06,38.83,INHD_2024-06-06_38.83,INHD_quotes_2024_06_06.parquet,OK,,8454,8454,1.0,3533,0.41790868228057726,1717401540114515041,1718150054314236220,1717660740037929478,1717718368188957133,0.07699005716808238
MNY,2024-02-20,64.76,MNY_2024-02-20_64.76,MNY_quotes_2024_02_20.parquet,OK,,90672,90672,1.0,47479,0.5236346391388742,1707901140152550828,1708734794077475862,1708419540089782101,1708476940658628125,0.06885419372455509
SNTG,2024-01-09,118.78,SNTG_2024-01-09_118.78,SNTG_quotes_2024_01_09.parquet,OK,,86253,86253,1.0,77298,0.8961775242600257,1704358740008621357,1705107524241352092,1704790740025927410,1704848355262308469,0.07694504486418266
QUBT,2024-12-20,31.31,QUBT_2024-12-20_31.31,QUBT_quotes_2024_12_20.parquet,OK,,2782435,2782435,1.0,406043,0.14593081239993028,1734425940135417163,1735261198330121809,1734685140091933794,1734742794590250312,0.06902595949615926
OCGN,2021-02-04,31.32,OCGN_2021-02-04_31.32,OCGN_quotes_2021_02_04.parquet,OK,,3441105,3441105,1.0,107578,0.03126263220680566,1612170000063565601,1612918791647063616,1612429200070343797,1612486738998069701,0.07684238043529844
LOOP,2024-12-13,57.72,LOOP_2024-12-13_57.72,LOOP_quotes_2024_12_13.parquet,OK,,253843,253843,1.0,223874,0.8819388362097832,1733821140030547770,1734569952268727151,1734080340072448171,1734137998413310956,0.07699973093785456
NRXP,2021-07-19,75.23,NRXP_2021-07-19_75.23,NRXP_quotes_2021_07_19.parquet,OK,,406402,406402,1.0,148900,0.3663859921949203,1626249600047048362,1626998392449427232,1626681600059471550,1626739191665731172,0.07691264772005807
BYSI,2024-03-06,37.93,BYSI_2024-03-06_37.93,BYSI_quotes_2024_03_06.parquet,OK,,21708,21708,1.0,6046,0.2785148332412014,1709283540032652027,1710196203588830119,1709715540067993573,1709772342816483006,0.06223843179112198
OSS,2021-03-01,47.29,OSS_2021-03-01_47.29,OSS_quotes_2021_03_01.parquet,OK,,61547,61547,1.0,17188,0.2792662518075617,1614157200079221402,1614905274952375069,1614589200158006745,1614646683844526455,0.07684215655763899
CGTX,2022-11-30,41.53,CGTX_2022-11-30_41.53,CGTX_quotes_2022_11_30.parquet,OK,,23206,23206,1.0,3172,0.13668878738257348,1669377626119101636,1670287707008553143,1669798800014042570,1669856396053547181,0.06328672557812232
OM,2022-11-09,43.77,OM_2022-11-09_43.77,OM_quotes_2022_11_09.parquet,OK,,139847,139847,1.0,25443,0.1819345427502914,1667548800035493437,1668559729616971380,1667991394880738362,1668041990444276963,0.05004855379207728
NVVEW,2021-04-12,41.18,NVVEW_2021-04-12_41.18,NVVEW_quotes_2021_04_12.parquet,OK,,3656,3656,1.0,315,0.08615973741794311,1617793235351994589,1618528629698559695,1618231585004620676,1618268916870979284,0.05076441848238077
AIHS,2020-09-25,54.39,AIHS_2020-09-25_54.39,AIHS_quotes_2020_09_25.parquet,OK,,82439,82439,1.0,46825,0.5679957301762515,1600761600041592686,1601506124083646080,1601020800041299293,1601078395227299139,0.07735839643404763
MDIA,2020-06-24,38.78,MDIA_2020-06-24_38.78,MDIA_quotes_2020_06_24.parquet,OK,,8375,8375,1.0,1361,0.16250746268656716,1592553600069335476,1593473482758245682,1592985600139893465,1593043175277028234,0.06258965173372143
WORX,2022-07-06,75.81,WORX_2022-07-06_75.81,WORX_quotes_2022_07_06.parquet,OK,,28536,28536,1.0,23557,0.8255186431174657,1656576000016096603,1657582887721091238,1657095402324423818,1657151940702419718,0.05615162218730365
CPS,2020-04-29,34.62,CPS_2020-04-29_34.62,CPS_quotes_2020_04_29.parquet,OK,,72067,71055,0.9859575117598901,28325,0.3930370349813368,1587726014733691049,1588627652497770048,1588071620125164158,1588204800092168047,0.14770894954686054
RNXT,2024-11-22,30.57,RNXT_2024-11-22_30.57,RNXT_quotes_2024_11_22.parquet,OK,,3626,3626,1.0,747,0.20601213458356316,1732006740037507832,1732747421930135070,1732265940189446106,1732320818915736228,0.074092166740386
ABVC,2021-09-28,35.86,ABVC_2021-09-28_35.86,ABVC_quotes_2021_09_28.parquet,OK,,13285,13285,1.0,5792,0.4359804290553256,1632384000048003064,1633119005491271747,1632816000045685273,1632871488181171749,0.07549350279599519
WORX,2021-07-13,80.45,WORX_2021-07-13_80.45,WORX_quotes_2021_07_13.parquet,OK,,314999,314999,1.0,201484,0.6396337766151639,1625731200003483802,1626479964861048316,1626163200003118422,1626220793209908765,0.07691761466700611
ZEO,2024-03-15,36.92,ZEO_2024-03-15_36.92,ZEO_quotes_2024_03_15.parquet,OK,,9041,9041,1.0,7294,0.8067691627032408,1710403140017519423,1710970970514091392,1710489540127947358,1710547029867357159,0.10124454349822778
CELZ,2024-10-09,37.38,CELZ_2024-10-09_37.38,CELZ_quotes_2024_10_09.parquet,OK,,2588,2588,1.0,854,0.32998454404945904,1728028740093780120,1729036726831724018,1728460740127713604,1728518109957818334,0.05691526281561361
CNTB,2024-04-01,41.38,CNTB_2024-04-01_41.38,CNTB_quotes_2024_04_01.parquet,OK,,8721,8721,1.0,1823,0.20903566104804494,1711526340049616337,1712274591115635060,1711958340021208877,1712015963662751939,0.07701110517578617
CBRL,2020-03-24,31.13,CBRL_2020-03-24_31.13,CBRL_quotes_2020_03_24.parquet,OK,,212987,212987,1.0,75026,0.3522562409912342,1584604800059037963,1585349675924490685,1584961200076222262,1585093693336860216,0.17787294069116738
MTR,2020-07-22,33.39,MTR_2020-07-22_33.39,MTR_quotes_2020_07_22.parquet,OK,,1691,1676,0.9911295091661738,1116,0.6599645180366647,1594983649711587584,1595890944540362496,1595338816043617280,1595462400159815680,0.13621163956734025
SAIL,2021-11-10,31.45,SAIL_2021-11-10_31.45,SAIL_quotes_2021_11_10.parquet,OK,,124691,123162,0.9877376875636573,50462,0.40469640952434416,1636109100237312256,1637096906022539264,1636454706198645248,1636592400978251264,0.13939458713979117
TZOO,2023-10-24,30.48,TZOO_2023-10-24_30.48,TZOO_quotes_2023_10_24.parquet,OK,,18230,18230,1.0,4059,0.22265496434448712,1697702340090943762,1698438425871178133,1698134340100237576,1698189610318907488,0.07508665450963319
BRNS,2024-04-04,42.92,BRNS_2024-04-04_42.92,BRNS_quotes_2024_04_04.parquet,OK,,1958,1958,1.0,721,0.3682328907048008,1711958340029998815,1712700058650561302,1712217540039933445,1712274866497738912,0.07728868632419275
POAI,2023-04-14,41.63,POAI_2023-04-14_41.63,POAI_quotes_2023_04_14.parquet,OK,,50445,50445,1.0,25354,0.5026067994845872,1681199940110354694,1681948788136967700,1681459140134362892,1681516795472472491,0.07699204118941273
ASRT,2020-05-11,69.11,ASRT_2020-05-11_69.11,ASRT_quotes_2020_05_11.parquet,OK,,47173,47173,1.0,16050,0.3402369999788014,1588752000030082853,1589500168419562187,1589184000030758362,1589241418770673500,0.07674574430376148
HSCS,2024-05-16,50.17,HSCS_2024-05-16_50.17,HSCS_quotes_2024_05_16.parquet,OK,,40521,40518,0.9999259643147997,13770,0.3398237950692234,1715587140020518896,1716328232103869322,1715846340071098139,1715903400000301442,0.07699438502343597
STG,2022-12-02,50.11,STG_2022-12-02_50.11,STG_quotes_2022_12_02.parquet,OK,,4750,4708,0.9911578947368421,1504,0.31663157894736843,1669717123534519808,1670446801034075904,1669990286171548416,1670029200079879168,0.05333028406991517
OCUL,2020-03-04,37.00,OCUL_2020-03-04_37.00,OCUL_quotes_2020_03_04.parquet,OK,,129173,129173,1.0,55397,0.4288589720762079,1582880400048907615,1583796809551847990,1583236800109838898,1583369988205363388,0.1453368773426564
ORMP,2022-07-08,54.93,ORMP_2022-07-08_54.93,ORMP_quotes_2022_07_08.parquet,OK,,335436,335436,1.0,76205,0.22718193634553238,1657008000030261750,1657756753634948985,1657267202013751338,1657324424581107949,0.07642376210063613
PMT,2020-03-19,44.37,PMT_2020-03-19_44.37,PMT_quotes_2020_03_19.parquet,OK,,264659,254434,0.9613653796016761,71798,0.27128493646541396,1584356404403574178,1585094400032722132,1584529200175492063,1584662400079024886,0.18048874311980373
NCPL,2022-12-13,133.09,NCPL_2022-12-13_133.09,NCPL_quotes_2022_12_13.parquet,OK,,72885,72885,1.0,58632,0.8044453591273925,1670509799375957781,1671234771520177193,1670922000008951355,1670979599019047022,0.0794499630846985
XCUR,2024-06-03,92.46,XCUR_2024-06-03_92.46,XCUR_quotes_2024_06_03.parquet,OK,,16637,16637,1.0,8330,0.5006912303900943,1716969540023366001,1717718359811249985,1717401540097811612,1717459199370560120,0.07700019908854393
BLIN,2020-04-16,56.81,BLIN_2020-04-16_56.81,BLIN_quotes_2020_04_16.parquet,OK,,8767,8767,1.0,5542,0.6321432645146572,1586764800039292191,1587513123931956548,1587024000040108617,1587081577257178693,0.07694157253896595
ARQQW,2024-12-23,62.79,ARQQW_2024-12-23_62.79,ARQQW_quotes_2024_12_23.parquet,OK,,14722,14722,1.0,2116,0.14373047140334194,1734512340096897201,1735345453388601349,1734944340064556435,1735001998076044845,0.06920788812583882
ERNA,2022-12-07,41.93,ERNA_2022-12-07_41.93,ERNA_quotes_2022_12_07.parquet,OK,,12706,12706,1.0,6501,0.5116480402959231,1669971600006114434,1670890611003090494,1670403600006354141,1670461154690741315,0.06262676352791596
CSTL,2023-07-07,57.83,CSTL_2023-07-07_57.83,CSTL_quotes_2023_07_07.parquet,OK,,195652,195652,1.0,81110,0.41456259072230284,1688371140067293247,1689206122000791221,1688716740050001252,1688774331099422038,0.06897280900380791
FUN,2020-03-25,31.59,FUN_2020-03-25_31.59,FUN_quotes_2020_03_25.parquet,OK,,85583,84276,0.9847282754752696,18016,0.21050909643270277,1584699335818537837,1585612800098672406,1585134000293473610,1585180800068893950,0.05123328458278149
ANY,2020-05-05,38.93,ANY_2020-05-05_38.93,ANY_quotes_2020_05_05.parquet,OK,,7109,7109,1.0,3103,0.4364889576593051,1588233600052345941,1588980895679784276,1588665600058603829,1588716015555645827,0.0674639261771382
WKEY,2024-08-13,37.71,WKEY_2024-08-13_37.71,WKEY_quotes_2024_08_13.parquet,OK,,13141,13141,1.0,8177,0.6222509702457956,1723103940082341483,1723850889286519562,1723535940030106689,1723593586886980104,0.07717640845048883
BGLC,2023-08-17,126.39,BGLC_2023-08-17_126.39,BGLC_quotes_2023_08_17.parquet,OK,,91097,91097,1.0,48501,0.5324105074810367,1691999940015381054,1692748798044626199,1692259140094828604,1692316794121544831,0.07698926160188564
NUVL,2022-10-28,83.77,NUVL_2022-10-28_83.77,NUVL_quotes_2022_10_28.parquet,OK,,68146,68146,1.0,27023,0.39654565198250813,1666692228942326329,1667422920041552690,1666866247890119361,1667001593017843099,0.18522892624125067
MKDW,2024-09-16,30.61,MKDW_2024-09-16_30.61,MKDW_quotes_2024_09_16.parquet,OK,,5980,5980,1.0,1795,0.3001672240802676,1726041540041801036,1726790198826735054,1726473540104683401,1726530985581806037,0.0767311868619813
PRCH,2024-11-08,63.91,PRCH_2024-11-08_63.91,PRCH_quotes_2024_11_08.parquet,OK,,426309,426309,1.0,163108,0.38260510568625106,1730797140053841471,1731628905518546714,1731056340091193229,1731113990708281842,0.0693111454309334
ALLR,2024-12-19,38.13,ALLR_2024-12-19_38.13,ALLR_quotes_2024_12_19.parquet,OK,,24001,24001,1.0,8698,0.3624015666013916,1734339540080643390,1735077559120753006,1734598740069284812,1734656284715406288,0.07797176359153152
VUZI,2020-05-22,32.53,VUZI_2020-05-22_32.53,VUZI_quotes_2020_05_22.parquet,OK,,51537,51537,1.0,17616,0.3418126782699808,1589875200038932312,1590699121207503693,1590134400039221495,1590191992247998387,0.0699001445450815
ASTC,2020-03-25,591.96,ASTC_2020-03-25_591.96,ASTC_quotes_2020_03_25.parquet,OK,,109211,109211,1.0,57780,0.5290675847671023,1584691200041772050,1585612757484913314,1585047600166166334,1585180789464623203,0.14452631189529944
MEGL,2023-01-05,121.37,MEGL_2023-01-05_121.37,MEGL_quotes_2023_01_05.parquet,OK,,142643,142643,1.0,46429,0.3254909108754022,1672390800010433085,1673393033055040283,1672909200009165356,1672966794507133014,0.05746617343896382
HSCS,2023-02-03,178.17,HSCS_2023-02-03_178.17,HSCS_quotes_2023_02_03.parquet,OK,,148040,148040,1.0,104377,0.7050594433936774,1675155600029961186,1675894725908127926,1675414800030528541,1675472385596761323,0.07791036403110652
RUM,2024-12-26,37.07,RUM_2024-12-26_37.07,RUM_quotes_2024_12_26.parquet,OK,,1166282,1166282,1.0,245312,0.21033677961247793,1734685140093173500,1735693140515681478,1735203540039408951,1735261184238451993,0.05718668142977466
NTRP,2024-12-05,41.64,NTRP_2024-12-05_41.64,NTRP_quotes_2024_12_05.parquet,OK,,4874,4874,1.0,1087,0.2230201066885515,1733129940004451708,1733872647879967331,1733389140027061264,1733434365684391439,0.06089292819034295
RMCO,2023-11-08,37.31,RMCO_2023-11-08_37.31,RMCO_quotes_2023_11_08.parquet,OK,,13022,13022,1.0,1477,0.1134234372600215,1699261140096298560,1699997572714903277,1699433940126051083,1699491501352661410,0.0781622447948944
NXL,2022-10-11,47.32,NXL_2022-10-11_47.32,NXL_quotes_2022_10_11.parquet,OK,,6203,6203,1.0,3559,0.5737546348541028,1664956801844172548,1665785024260349000,1665388800043108435,1665531833402580797,0.17269921301174837
CVV,2020-07-14,42.42,CVV_2020-07-14_42.42,CVV_quotes_2020_07_14.parquet,OK,,3190,3190,1.0,1918,0.6012539184952979,1594281600058646884,1595028677147654815,1594627200058127803,1594770718534170817,0.19210664890499726
TANH,2024-09-11,84.25,TANH_2024-09-11_84.25,TANH_quotes_2024_09_11.parquet,OK,,149672,149672,1.0,106501,0.7115626169223368,1725609540134216500,1726531121198037722,1726041540117319271,1726099197786843253,0.06256386094231538
FUTU,2022-03-16,42.36,FUTU_2022-03-16_42.36,FUTU_quotes_2022_03_16.parquet,OK,,1057750,1057750,1.0,225173,0.21287922476955803,1646989200029863055,1647907196220807226,1647417600005739503,1647475173616195834,0.06271661148954855
MLCO,2022-09-26,35.28,MLCO_2022-09-26_35.28,MLCO_quotes_2022_09_26.parquet,OK,,602994,602994,1.0,172929,0.28678394809898605,1663749962720746244,1664491574868824620,1664179200025708952,1664236799972504693,0.07766855888888925
NVAWW,2024-10-25,96.67,NVAWW_2024-10-25_96.67,NVAWW_quotes_2024_10_25.parquet,OK,,11081,11081,1.0,1454,0.1312155942604458,1729583940117878949,1730332798117680701,1729843140024523904,1729890120098256787,0.06273562377022107
OTLK,2024-03-28,35.54,OTLK_2024-03-28_35.54,OTLK_quotes_2024_03_28.parquet,OK,,92863,92863,1.0,31304,0.33709873684890646,1711353540088292028,1712101035537923047,1711612740037674442,1711670389137729759,0.0771230113625092
NUVL,2023-10-04,45.45,NUVL_2023-10-04_45.45,NUVL_quotes_2023_10_04.parquet,OK,,159274,159274,1.0,52886,0.332044150332132,1695974340094690559,1696982390657998184,1696406340128157824,1696463991150507527,0.05719060575745122
EQS,2020-12-11,68.98,EQS_2020-12-11_68.98,EQS_quotes_2020_12_11.parquet,OK,,3685,3660,0.9932157394843962,1979,0.5370420624151967,1607437800956651520,1608158374736002048,1607681667396698624,1607734800243933696,0.07373685909437619
TH,2020-05-28,35.45,TH_2020-05-28_35.45,TH_quotes_2020_05_28.parquet,OK,,11543,11543,1.0,2984,0.25851165208351384,1590145200143913293,1591128006316576906,1590663631629993561,1590706333512234727,0.04344893574023335
OMI,2020-09-24,60.70,OMI_2020-09-24_60.70,OMI_quotes_2020_09_24.parquet,OK,,190782,186373,0.9768898533404619,68942,0.36136532796595067,1600686000087712512,1601424000225952256,1600945200089214464,1600992000179943680,0.06341474520701607
FBLG,2024-09-09,33.97,FBLG_2024-09-09_33.97,FBLG_quotes_2024_09_09.parquet,OK,,88425,88425,1.0,3840,0.04342663273960984,1725436740111683351,1726185559701104352,1725868740081099379,1725924578069042779,0.07456801175110123
PPSI,2020-06-19,53.33,PPSI_2020-06-19_53.33,PPSI_quotes_2020_06_19.parquet,OK,,7976,7976,1.0,3730,0.4676529588766299,1592294400044645752,1593036001914667905,1592553600044726621,1592602894433888611,0.06647015218626334
CYD,2024-12-26,31.77,CYD_2024-12-26_31.77,CYD_quotes_2024_12_26.parquet,OK,,14724,14432,0.9801684324911709,5419,0.3680385764737843,1734685140014096128,1735689776850452480,1735203540026316544,1735257061780967936,0.05327472845362346
MGNX,2020-05-06,259.74,MGNX_2020-05-06_259.74,MGNX_quotes_2020_05_06.parquet,OK,,579279,579279,1.0,327149,0.5647520452148274,1588320000052024290,1589241592134325871,1501073956402065657,1588809590767648010,95.20007392692835
CAPR,2020-04-08,56.78,CAPR_2020-04-08_56.78,CAPR_quotes_2020_04_08.parquet,OK,,44782,44782,1.0,14190,0.31686838461882005,1585900800055314460,1586819999088231654,1586332800055561157,1586390394756971953,0.06265748695145158
LIXT,2023-02-07,233.00,LIXT_2023-02-07_233.00,LIXT_quotes_2023_02_07.parquet,OK,,55448,55448,1.0,31678,0.5713100562689367,1675328400024692147,1676077191718614645,1675760400024748515,1675817997844060963,0.07692101792786384
BTAI,2020-01-03,46.25,BTAI_2020-01-03_46.25,BTAI_quotes_2020_01_03.parquet,OK,,36426,36426,1.0,10368,0.28463185636633176,1577696400056898254,1578520787517997565,1578042000055913005,1578099469859852893,0.06971212767265127
MDRR,2021-03-11,40.00,MDRR_2021-03-11_40.00,MDRR_quotes_2021_03_11.parquet,OK,,36724,36724,1.0,15296,0.4165123624877464,1615194005409742842,1615939164015249957,1615453200439793051,1615510792904190019,0.07728886705639487
HKD,2022-07-18,81.99,HKD_2022-07-18_81.99,HKD_quotes_2022_07_18.parquet,OK,,26099,25880,0.9916088739032147,4353,0.16678799954021226,1657897352476062720,1658435840727865600,1658131250829498368,1658188772795930368,0.10682120963533406
AUPH,2021-01-25,37.95,AUPH_2021-01-25_37.95,AUPH_quotes_2021_01_25.parquet,OK,,632548,632548,1.0,165778,0.26207971568956034,1611133200047593084,1611881990789064959,1611576600004569951,1611622798442605115,0.061697394848062824
SOUN,2023-01-27,54.19,SOUN_2023-01-27_54.19,SOUN_quotes_2023_01_27.parquet,OK,,165841,165841,1.0,45379,0.27362956084442325,1674550800038542127,1675299013379280576,1674810000037313026,1674867597754180628,0.07698033933845118
ELTK,2020-10-16,47.32,ELTK_2020-10-16_47.32,ELTK_quotes_2020_10_16.parquet,OK,,5051,5051,1.0,3442,0.6814492179766383,1602576000015978563,1603324518599244096,1602835200016574564,1602892361479018356,0.0763661233291175
LUNR,2024-02-20,64.62,LUNR_2024-02-20_64.62,LUNR_quotes_2024_02_20.parquet,OK,,1485128,1485128,1.0,367708,0.2475934734245129,1707901140153013919,1708736399735908959,1708419540090193855,1708477199000479484,0.06903112692916509
AUR,2021-11-19,57.26,AUR_2021-11-19_57.26,AUR_quotes_2021_11_19.parquet,OK,,278274,278274,1.0,41075031,147.6064274779534,1637053200104590256,1637801953928719934,1636012800093095189,1768438605999924366,176.86160876808304
DLPN,2020-06-04,178.43,DLPN_2020-06-04_178.43,DLPN_quotes_2020_06_04.parquet,OK,,79923,79923,1.0,49428,0.6184452535565482,1590998400056213080,1591746733394104090,1591257600058706740,1591315064903951170,0.07679043861172918
SOS,2024-11-27,123.17,SOS_2024-11-27_123.17,SOS_quotes_2024_11_27.parquet,OK,,31130,30866,0.9915194346289753,15039,0.48310311596530675,1732257004441063936,1733274000125496576,1732689000121737216,1732755600116089344,0.06548699799968444
GROV,2023-04-04,39.50,GROV_2023-04-04_39.50,GROV_quotes_2023_04_04.parquet,OK,,14017,13774,0.9826639081115788,8898,0.6348005992723121,1680163140029224192,1680825040958708224,1680586200182074624,1680652796582664704,0.10061384963153554
XCUR,2022-12-22,44.14,XCUR_2022-12-22_44.14,XCUR_quotes_2022_12_22.parquet,OK,,30457,30457,1.0,8316,0.2730406803033785,1671440400062708831,1672268340035690619,1671699600015131704,1671756656397222179,0.06891367001521746
BTAI,2024-12-09,36.49,BTAI_2024-12-09_36.49,BTAI_quotes_2024_12_09.parquet,OK,,46854,46854,1.0,10479,0.22365219618389037,1733302740016194407,1734051201264145831,1733734740080138937,1733792051117315062,0.07657181628706654
WORX,2023-09-01,47.51,WORX_2023-09-01_47.51,WORX_quotes_2023_09_01.parquet,OK,,5792,5792,1.0,2729,0.4711671270718232,1693295940081703324,1694130798987335611,1693555140024379949,1693612516626160356,0.06872610616395398
CHNR,2020-06-12,533.12,CHNR_2020-06-12_533.12,CHNR_quotes_2020_06_12.parquet,OK,,79136,79136,1.0,59520,0.7521229276182774,1591689600072016661,1592438374135881644,1577091600064589171,1592006329363824565,19.91886474038553
TRIB,2024-01-31,44.86,TRIB_2024-01-31_44.86,TRIB_quotes_2024_01_31.parquet,OK,,38102,38102,1.0,26634,0.6990184242296992,1706259540113235196,1707178379647409840,1706691540042936617,1706749178140463614,0.06272923114782054
SKIL,2024-04-24,55.87,SKIL_2024-04-24_55.87,SKIL_quotes_2024_04_24.parquet,OK,,10871,10763,0.990065311378898,4016,0.36942323613283046,1713513540076558336,1714424468289686016,1713859140085633024,1714003092138501632,0.15802787837073062
SNOA,2024-05-16,80.00,SNOA_2024-05-16_80.00,SNOA_quotes_2024_05_16.parquet,OK,,36925,36925,1.0,8119,0.21987813134732567,1715587140045409260,1716335081550528951,1715846340015176630,1715903995467698568,0.07708551020004105
ISPOW,2022-03-01,39.89,ISPOW_2022-03-01_39.89,ISPOW_quotes_2022_03_01.parquet,OK,,22029,22029,1.0,1522,0.06909074401924735,1645693200050068721,1646440109379328881,1646125200045640747,1646180591753043308,0.07416122042206708
CCL,2020-03-24,39.00,CCL_2020-03-24_39.00,CCL_quotes_2020_03_24.parquet,OK,,2929900,2717377,0.9274640772722619,272493,0.09300419809549813,1584604877104824849,1585353600104026194,1585036839061922354,1585094400102448250,0.07687895334762758
EVGO,2021-11-08,44.29,EVGO_2021-11-08_44.29,EVGO_quotes_2021_11_08.parquet,OK,,887699,887699,1.0,166667,0.18775170412493425,1635926400089526245,1636765180854624687,1636362000085744215,1636419582447788980,0.06865007453766175
CAPR,2020-04-29,359.75,CAPR_2020-04-29_359.75,CAPR_quotes_2020_04_29.parquet,OK,,778512,778512,1.0,577243,0.7414696241034178,1587715200056715926,1588636798790829565,1588147200058044988,1588204799501648267,0.06249948211862086
MSGM,2023-05-02,31.97,MSGM_2023-05-02_31.97,MSGM_quotes_2023_05_02.parquet,OK,,11598,11598,1.0,4847,0.4179168822210726,1682582340048460137,1683330525819942855,1683014340072744946,1683066138339756302,0.0692318258187465
DRUG,2022-08-26,43.94,DRUG_2022-08-26_43.94,DRUG_quotes_2022_08_26.parquet,OK,,644945,644945,1.0,177134,0.27464977633751714,1661241600019406920,1661990095159494446,1661500800019377037,1661558398601511060,0.07695251318169902
VIVK,2022-06-16,105.65,VIVK_2022-06-16_105.65,VIVK_quotes_2022_06_16.parquet,OK,,42924,42924,1.0,32322,0.7530053117137265,1655107200175787954,1655941167607508629,1655366400019352350,1655423799458952432,0.06882695584604927
KSCP,2023-06-28,63.48,KSCP_2023-06-28_63.48,KSCP_quotes_2023_06_28.parquet,OK,,44486,44486,1.0,14696,0.3303511217012094,1687507140062704389,1688417878479019282,1687939140011387956,1687996798303407123,0.06330938827909431
NEON,2024-09-17,35.37,NEON_2024-09-17_35.37,NEON_quotes_2024_09_17.parquet,OK,,265411,265411,1.0,51418,0.19372972484184905,1726127940026542910,1726876005412321184,1726559940155556075,1726617598392330918,0.07707646667123408
CLPT,2020-07-17,30.21,CLPT_2020-07-17_30.21,CLPT_quotes_2020_07_17.parquet,OK,,2890,2890,1.0,1536,0.5314878892733564,1594724410929531860,1595458488751647628,1594897225630693758,1595029443676411060,0.18011448069119096
SOPA,2021-12-22,74.98,SOPA_2021-12-22_74.98,SOPA_quotes_2021_12_22.parquet,OK,,1001460,1001460,1.0,270180,0.2697861122760769,1639731600091809288,1640739495648976556,1640163600093137662,1640221199367064382,0.05714805816646829
DTST,2021-07-07,79.70,DTST_2021-07-07_79.70,DTST_quotes_2021_07_07.parquet,OK,,142145,142145,1.0,77347,0.5441415456048402,1625126400031307341,1626123503104933740,1625644800028533828,1625702342490257383,0.0577096423083692
TLS,2022-11-11,43.27,TLS_2022-11-11_43.27,TLS_quotes_2022_11_11.parquet,OK,,90214,90214,1.0,50765,0.5627175382978252,1667908848981331410,1668646782677483126,1668070826360345767,1668214790177358904,0.1950904502178183
LXU,2020-10-08,39.39,LXU_2020-10-08_39.39,LXU_quotes_2020_10_08.parquet,OK,,11197,11059,0.9876752701616505,3722,0.3324104670893989,1601895600034964224,1602717830598176256,1602154800035188480,1602201600026634752,0.056918331110739184
OCC,2024-12-23,233.33,OCC_2024-12-23_233.33,OCC_quotes_2024_12_23.parquet,OK,,73546,73546,1.0,63003,0.856647540314905,1734512340031712295,1735342150587675666,1734944340220647346,1735001982190856307,0.069464011749093
LASE,2022-10-11,76.47,LASE_2022-10-11_76.47,LASE_quotes_2022_10_11.parquet,OK,,516188,516188,1.0,224435,0.4347931373840539,1664956800025311430,1665791979941630254,1665475200022837331,1665532630075895762,0.06876369023762238
IDAI,2024-12-26,39.11,IDAI_2024-12-26_39.11,IDAI_quotes_2024_12_26.parquet,OK,,149755,149755,1.0,5393,0.036012153183533104,1734685140137642364,1735693020543404631,1735203540098352286,1735261198371712671,0.05720745539921242
LPCN,2023-05-11,31.36,LPCN_2023-05-11_31.36,LPCN_quotes_2023_05_11.parquet,OK,,8967,8967,1.0,3334,0.37180773948923834,1683532740053385653,1684281379294344206,1683791940046846163,1683849195398753285,0.07647922894585729
CUK,2020-03-24,36.27,CUK_2020-03-24_36.27,CUK_quotes_2020_03_24.parquet,OK,,1157377,1144956,0.9892679740482142,161281,0.13935044501489144,1584604807847565407,1585353600096332936,1585037140497075128,1585094400103134114,0.07646928257234523
INO,2020-03-09,37.40,INO_2020-03-09_37.40,INO_quotes_2020_03_09.parquet,OK,,1816759,1816759,1.0,259171,0.14265568520645833,1583312400013797789,1584057595177457571,1583740800072537998,1583798392172159034,0.07728458587706241
HLP,2023-10-18,38.19,HLP_2023-10-18_38.19,HLP_quotes_2023_10_18.parquet,OK,,13412,13412,1.0,2938,0.2190575603936773,1697183940012655804,1698098407367420968,1697615940179450137,1697673195739777589,0.06261083025993341
BEEM,2020-11-23,48.22,BEEM_2020-11-23_48.22,BEEM_quotes_2020_11_23.parquet,OK,,97678,97678,1.0,30031,0.30744896496652263,1605690000007513443,1606514390610257183,1606122000007963997,1606179484591293116,0.06972978966256843
TUSK,2021-02-17,36.31,TUSK_2021-02-17_36.31,TUSK_quotes_2021_02_17.parquet,OK,,27299,27299,1.0,8884,0.32543316605003847,1613034000086625248,1614032679332753304,1613552400093197253,1613609318992205756,0.05699417428486799
ISPC,2024-12-18,30.12,ISPC_2024-12-18_30.12,ISPC_quotes_2024_12_18.parquet,OK,,35338,35338,1.0,4905,0.13880242232158016,1734080340039341097,1735001650071891225,1734512340086411337,1734569949027344756,0.06252937545243167
AIMD,2024-03-08,176.79,AIMD_2024-03-08_176.79,AIMD_quotes_2024_03_08.parquet,OK,,193795,193795,1.0,165043,0.8516370391392967,1709629140059735246,1710374390716049115,1709888340115275094,1709945988541587230,0.07735441200048651
IDAI,2023-04-13,72.77,IDAI_2023-04-13_72.77,IDAI_quotes_2023_04_13.parquet,OK,,74440,74440,1.0,34431,0.4625335840945728,1681113540009071510,1681862124466357802,1681372740004974011,1681430372736979808,0.07698895087232045
PLTR,2024-02-06,32.66,PLTR_2024-02-06_32.66,PLTR_quotes_2024_02_06.parquet,OK,,5102906,4627116,0.9067609711015645,1630662,0.31955556304584093,1706777940047582208,1707526799768279808,1707123540096912640,1707267599523112704,0.19237171157485342
MOBX,2023-12-26,138.89,MOBX_2023-12-26_138.89,MOBX_quotes_2023_12_26.parquet,OK,,12926,12926,1.0,5919,0.45791428129351697,1703235540097820734,1703897631436100834,1703581140045292534,1703638799736384138,0.08708721555153599
MDIA,2021-06-14,53.65,MDIA_2021-06-14_53.65,MDIA_quotes_2021_06_14.parquet,OK,,52179,52179,1.0,31444,0.6026179114203032,1623225600093612200,1623973274785419018,1623657600059093962,1623715179116270862,0.07701084149010771
TKLF,2022-01-25,38.59,TKLF_2022-01-25_38.59,TKLF_quotes_2022_01_25.parquet,OK,,104553,104553,1.0,43997,0.42081049802492515,1642669200056731865,1643417982478829191,1643014800089668175,1643158791470571611,0.19230069597536592
AHT,2024-01-31,43.28,AHT_2024-01-31_43.28,AHT_quotes_2024_01_31.parquet,OK,,90238,85526,0.9477825306411933,44999,0.49867018329306945,1706259540008946944,1707171893158977280,1706691540057345024,1706749200004022272,0.06319915339288387
JZXN,2023-12-27,38.46,JZXN_2023-12-27_38.46,JZXN_quotes_2023_12_27.parquet,OK,,28380,28380,1.0,19997,0.70461592670895,1703149140057362174,1704243389183864497,1703667540033151687,1703725197353640085,0.052691219112684935
HWH,2024-04-02,80.00,HWH_2024-04-02_80.00,HWH_quotes_2024_04_02.parquet,OK,,81444,81444,1.0,10193,0.1251534796915672,1711612740047221760,1712361534941724437,1712044740022065118,1712102396082730982,0.07699846925927174
OCGN,2022-02-22,30.92,OCGN_2022-02-22_30.92,OCGN_quotes_2022_02_22.parquet,OK,,717564,717564,1.0,358674,0.4998494907771293,1645002000035381693,1645837064116714211,1645520400038218185,1645577999605175880,0.06897622379564325
SCKT,2020-10-28,48.41,SCKT_2020-10-28_48.41,SCKT_quotes_2020_10_28.parquet,OK,,471884,471884,1.0,68972,0.14616304006916955,1603440000029749377,1604365147297056910,1603872000028815782,1603929563815688634,0.06222121483467229
GOVX,2020-10-26,44.74,GOVX_2020-10-26_44.74,GOVX_quotes_2020_10_26.parquet,OK,,53466,53466,1.0,42872,0.8018553847304829,1603267200019952022,1604006099789602282,1603699200019752877,1603756761350796156,0.07790140612782197
NXL,2022-11-01,34.01,NXL_2022-11-01_34.01,NXL_quotes_2022_11_01.parquet,OK,,6549,6549,1.0,2176,0.3322644678576882,1666857600045537976,1667606147471742420,1667289600045856373,1667345538616956928,0.0747294949422176
ASTI,2024-12-30,48.99,ASTI_2024-12-30_48.99,ASTI_quotes_2024_12_30.parquet,OK,,8660,8660,1.0,3998,0.46166281755196303,1735030740146496895,1735951802781425916,1735549140121706846,1735606228897337287,0.06198142608926958
BNGO,2020-07-21,33.64,BNGO_2020-07-21_33.64,BNGO_quotes_2020_07_21.parquet,OK,,293577,293577,1.0,47222,0.16085047534377694,1594886400065925566,1595635183009798445,1595318400067985622,1595375999888239825,0.07692458906219656
XNET,2021-01-07,72.70,XNET_2021-01-07_72.70,XNET_quotes_2021_01_07.parquet,OK,,301458,301458,1.0,110512,0.3665916976825959,1609750800032576801,1610499576468682693,1610010000032640834,1610067561187912446,0.07687362007672968
EAT,2020-03-24,40.87,EAT_2020-03-24_40.87,EAT_quotes_2020_03_24.parquet,OK,,298007,289227,0.9705376048213633,53064,0.1780629314076515,1584616321053707637,1585353600090117210,1585048029201051597,1585094400103829920,0.06289464434543213
BKYI,2024-09-24,30.55,BKYI_2024-09-24_30.55,BKYI_quotes_2024_09_24.parquet,OK,,7592,7592,1.0,2826,0.37223393045310854,1726732740015087384,1727481007393676104,1727164740083979339,1727220388697225631,0.0743699576363316
BBBY,2022-07-07,33.11,BBBY_2022-07-07_33.11,BBBY_quotes_2022_07_07.parquet,OK,,736538,736538,1.0,252761,0.34317441869937465,1656663793669844080,1657670058234245701,1657180800008333290,1657238392480669488,0.05723392671632592
FGI,2022-03-17,30.12,FGI_2022-03-17_30.12,FGI_quotes_2022_03_17.parquet,OK,,24701,24701,1.0,5926,0.2399093154123315,1647244800025918613,1647989383910827722,1647504000024854810,1647561561593736882,0.07730703020667512
FRSX,2020-10-15,33.88,FRSX_2020-10-15_33.88,FRSX_quotes_2020_10_15.parquet,OK,,33886,33886,1.0,19526,0.5762261700997462,1602230400049930804,1603237288555671719,1602748800052973691,1602806394302075539,0.05720022502339273
ANGH,2022-02-25,38.92,ANGH_2022-02-25_38.92,ANGH_quotes_2022_02_25.parquet,OK,,26682,26682,1.0,9971,0.3736976238662769,1645520400011147777,1646269014088705421,1645779600010443058,1645836791044594223,0.07639588389487804
WTI,2020-03-19,66.09,WTI_2020-03-19_66.09,WTI_quotes_2020_03_19.parquet,OK,,105290,99519,0.9451894766834458,25236,0.23968088137524932,1584346244775018353,1585094400087850016,1584529200005012266,1584662400096045063,0.17803802064661323
CPOP,2024-02-16,463.15,CPOP_2024-02-16_463.15,CPOP_quotes_2024_02_16.parquet,OK,,291595,291595,1.0,99275,0.3404550832490269,1707814740046625902,1708649959986459128,1708073940114502049,1708131596541348565,0.06903143004228161
FRD,2021-02-23,33.60,FRD_2021-02-23_33.60,FRD_quotes_2021_02_23.parquet,OK,,3524,3505,0.9946083995459705,1508,0.4279228149829739,1613658600291290880,1614387600041814528,1613995200231296768,1614123370721833984,0.17581691961506135
VSTA,2021-12-10,80.07,VSTA_2021-12-10_80.07,VSTA_quotes_2021_12_10.parquet,OK,,34928,34928,1.0,19159,0.5485284012826386,1638878426973570807,1639615641197878500,1639126800072456636,1639184335601201663,0.07804451792700794
BYFC,2021-01-26,31.10,BYFC_2021-01-26_31.10,BYFC_quotes_2021_01_26.parquet,OK,,44906,44906,1.0,28581,0.6364628334743687,1611219600062849602,1611968374410113808,1611651600064807710,1611709191492648909,0.07691426402576501
LPTH,2021-06-08,34.72,LPTH_2021-06-08_34.72,LPTH_quotes_2021_06_08.parquet,OK,,125731,125731,1.0,35791,0.28466328908542843,1622707200008309413,1623454842243431910,1623139200028348826,1623196768204059795,0.07699963031320291
SPRC,2024-02-20,94.83,SPRC_2024-02-20_94.83,SPRC_quotes_2024_02_20.parquet,OK,,73592,73592,1.0,65608,0.8915099467333406,1707901140021482602,1708735883621673430,1708419540032184651,1708477136191982428,0.0689986239901811
FAT,2021-02-12,44.75,FAT_2021-02-12_44.75,FAT_quotes_2021_02_12.parquet,OK,,11077,11077,1.0,3788,0.34196984743161507,1612861200090238836,1613691375648223741,1613120400091637009,1613177972073141662,0.06934916470487057
LCFY,2022-03-28,34.73,LCFY_2022-03-28_34.73,LCFY_quotes_2022_03_28.parquet,OK,,29903,29903,1.0,12121,0.4053439454235361,1648220754766893461,1648771101375647107,1648454400053286965,1648511999555005870,0.1046604100084289
CELZ,2022-12-12,43.53,CELZ_2022-12-12_43.53,CELZ_quotes_2022_12_12.parquet,OK,,6714,6714,1.0,5277,0.7859696157283289,1670403600008444988,1671148541852832983,1670835600008621336,1670892195593015700,0.07597315793269735
OBLG,2023-11-17,34.87,OBLG_2023-11-17_34.87,OBLG_quotes_2023_11_17.parquet,OK,,25039,25039,1.0,9519,0.3801669395742642,1699952340075211759,1700701176227460742,1700211540021980856,1700269196510348033,0.0769947981197449
PSNY,2024-02-28,33.56,PSNY_2024-02-28_33.56,PSNY_quotes_2024_02_28.parquet,OK,,138210,138210,1.0,50789,0.3674770277114536,1708678740109349491,1709600319189706533,1709024340082440160,1709168307800939374,0.15621851837547943
NNAVW,2021-11-02,30.81,NNAVW_2021-11-02_30.81,NNAVW_quotes_2021_11_02.parquet,OK,,4426,4426,1.0,1451,0.32783551739719835,1635505140079936271,1636144869597181262,1635840000092666971,1635895307718974749,0.08645470439751082
TIL,2022-12-28,34.26,TIL_2022-12-28_34.26,TIL_quotes_2022_12_28.parquet,OK,,27820,27820,1.0,6300,0.22645578720345075,1671699729736266593,1672788473309617716,1672218000029651882,1672273760722890650,0.051215634795563576
HTOOW,2020-12-24,33.18,HTOOW_2020-12-24_33.18,HTOOW_quotes_2020_12_24.parquet,OK,,14524,14524,1.0,3106,0.21385293307628753,1608546650878335076,1609374648275982266,1608800400065168441,1608838799847511992,0.04637669448317899
BCTXW,2021-09-24,30.00,BCTXW_2021-09-24_30.00,BCTXW_quotes_2021_09_24.parquet,OK,,5037,5037,1.0,930,0.18463371054198927,1632211200060636222,1632959411732808897,1632475723732052697,1632526747865664640,0.06819478432323556
GBIO,2023-11-03,42.00,GBIO_2023-11-03_42.00,GBIO_quotes_2023_11_03.parquet,OK,,30464,30464,1.0,6643,0.21806066176470587,1698739140064831416,1699491034179873684,1698998340080378858,1699055816844315411,0.07644263040058762
ARQQ,2024-10-22,37.84,ARQQ_2024-10-22_37.84,ARQQ_quotes_2024_10_22.parquet,OK,,29886,29886,1.0,7850,0.2626647928796092,1729151940141977984,1729897210016240824,1729583940019927703,1729641461977863627,0.07718272255781171
ZEPP,2022-03-16,31.25,ZEPP_2022-03-16_31.25,ZEPP_quotes_2022_03_16.parquet,OK,,14117,14042,0.9946872564992563,2790,0.19763405822766877,1646989200029943552,1647907200044716032,1647417600029726720,1647475200764922880,0.06274589789678374
SWVL,2024-04-03,35.96,SWVL_2024-04-03_35.96,SWVL_quotes_2024_04_03.parquet,OK,,14558,14558,1.0,5190,0.3565050144250584,1711958340164279732,1712618109845370965,1712131140105368639,1712188501733428092,0.08694189760975243
CPS,2023-11-03,45.95,CPS_2023-11-03_45.95,CPS_quotes_2023_11_03.parquet,OK,,75883,75234,0.9914473597511959,22109,0.29135643029400526,1698739140007872000,1699491600285358592,1698998340065085440,1699055944753901312,0.07655512262824857
LTM,2020-06-02,60.00,LTM_2020-06-02_60.00,LTM_quotes_2020_06_02.parquet,OK,,270348,240078,0.8880332016512051,51609,0.19089839762084423,1590652811198293570,1591401600137961867,1591086859251175461,1591142400036567396,0.07417415302172971
FNGR,2022-10-05,36.44,FNGR_2022-10-05_36.44,FNGR_quotes_2022_10_05.parquet,OK,,334182,334182,1.0,57795,0.17294468283749573,1664524800020886040,1665532793216431922,1664956802628971776,1665014188462609452,0.05693077482194561
AHG,2024-01-12,50.56,AHG_2024-01-12_50.56,AHG_quotes_2024_01_12.parquet,OK,,6218,6218,1.0,3415,0.5492119652621422,1704790740117657387,1705611601912150705,1705049940084009493,1705107348594355686,0.06993687698868815
BCG,2024-12-26,203.03,BCG_2024-12-26_203.03,BCG_quotes_2024_12_26.parquet,OK,,31399,31399,1.0,23444,0.7466479824198223,1734685140019616673,1735692689748665569,1735203540072333664,1735260631076936715,0.056663212700125094
ZKIN,2020-11-25,74.29,ZKIN_2020-11-25_74.29,ZKIN_quotes_2020_11_25.parquet,OK,,66898,66898,1.0,47504,0.710095966994529,1605862800047504462,1606870364013771120,1606294800048341397,1606352365593302422,0.05713338992691797
FCEL,2024-05-14,43.02,FCEL_2024-05-14_43.02,FCEL_quotes_2024_05_14.parquet,OK,,416661,416661,1.0,103354,0.24805297352043987,1715241540054087355,1715990394736937208,1715673540026844756,1715731189020129620,0.07698288413644433
BBBY,2021-01-27,46.19,BBBY_2021-01-27_46.19,BBBY_quotes_2021_01_27.parquet,OK,,1982935,1982935,1.0,466889,0.2354535070488947,1611306000049968877,1612227528638240301,1611738000051725913,1611795599730326854,0.0625044945257583
RNXT,2023-06-29,46.87,RNXT_2023-06-29_46.87,RNXT_quotes_2023_06_29.parquet,OK,,53645,53645,1.0,46459,0.8660452977910337,1687766340049403865,1688592708760242015,1688025540008678403,1688083188471545410,0.06976118784620568
DTSS,2021-07-12,85.71,DTSS_2021-07-12_85.71,DTSS_quotes_2021_07_12.parquet,OK,,283872,283872,1.0,49376,0.17393754931800248,1625644815157213645,1626393590081263019,1626076811035573774,1626134389424310005,0.07689679086052606
ATGL,2024-04-22,75.91,ATGL_2024-04-22_75.91,ATGL_quotes_2024_04_22.parquet,OK,,4582,4582,1.0,1363,0.2974683544303797,1713340740047253253,1714076265477538353,1713772740062346867,1713829343804536391,0.076956879883247
FENG,2024-05-30,42.54,FENG_2024-05-30_42.54,FENG_quotes_2024_05_30.parquet,OK,,8707,8531,0.9797863787756977,5816,0.6679683013667165,1716537540075871232,1717545600114782976,1717055940097353984,1717113600244918528,0.057199120428175376
BTAI,2020-02-13,32.49,BTAI_2020-02-13_32.49,BTAI_quotes_2020_02_13.parquet,OK,,109045,109045,1.0,16862,0.15463340822596175,1581325200059705167,1582160398158033692,1581584400062040397,1581641356816842811,0.06819550345768396
MMLP,2020-04-02,31.30,MMLP_2020-04-02_31.30,MMLP_quotes_2020_04_02.parquet,OK,,10968,10968,1.0,649,0.05917213712618526,1585555200036137865,1586292876788106342,1585814400037999646,1585857900070527134,0.05896896223367343
ADXN,2024-08-27,73.24,ADXN_2024-08-27_73.24,ADXN_quotes_2024_08_27.parquet,OK,,58064,58064,1.0,50046,0.8619109947643979,1724313540065118293,1725057873365259135,1724745540068540098,1724803197572487889,0.07746194337520719
PLRX,2022-07-11,159.01,PLRX_2022-07-11_159.01,PLRX_quotes_2022_07_11.parquet,OK,,345996,345996,1.0,225128,0.65066648169343,1657094400020954700,1657843150471143564,1657526400048011763,1657583999002498196,0.07692677109162913
LMFA,2021-01-08,200.43,LMFA_2021-01-08_200.43,LMFA_quotes_2021_01_08.parquet,OK,,583974,583974,1.0,190533,0.32626966269046226,1609837200042367075,1610585938730308275,1610096400042266345,1610153999625524427,0.07692881934078104
FLUX,2020-09-29,38.70,FLUX_2020-09-29_38.70,FLUX_quotes_2020_09_29.parquet,OK,,25272,25272,1.0,7141,0.2825656853434631,1600934400028863169,1601680406525189737,1601366400030224678,1601421144346588198,0.07338316305968924
SAVA,2021-12-21,49.74,SAVA_2021-12-21_49.74,SAVA_quotes_2021_12_21.parquet,OK,,325077,325077,1.0,112255,0.3453181861528192,1639645200042339829,1640650013789798648,1640077200038983072,1640134507984209055,0.05703340083763304
BYFC,2020-06-22,34.44,BYFC_2020-06-22_34.44,BYFC_quotes_2020_06_22.parquet,OK,,862914,862914,1.0,166610,0.19307833689104592,1592380800068433503,1593129580580169814,1592812800071130468,1592870386570470573,0.0769070487779796
ANY,2022-07-07,38.07,ANY_2022-07-07_38.07,ANY_quotes_2022_07_07.parquet,OK,,31401,31401,1.0,7030,0.22387822043883954,1656662400039680170,1657668603458551931,1657180800041911464,1657238315501952424,0.05716086723840704
ONMD,2024-07-26,65.44,ONMD_2024-07-26_65.44,ONMD_quotes_2024_07_26.parquet,OK,,29424,29424,1.0,8171,0.2776984774333877,1721721540046497210,1722470216838111087,1721980740110683888,1722038381001825033,0.07699035389743021
TNYA,2023-04-21,34.29,TNYA_2023-04-21_34.29,TNYA_quotes_2023_04_21.parquet,OK,,72143,72143,1.0,17598,0.24393219023328666,1681804740048531586,1682553467861977924,1682063940018857091,1682121557495962036,0.07695383565322099
EH,2021-01-14,31.28,EH_2021-01-14_31.28,EH_quotes_2021_01_14.parquet,OK,,361578,361578,1.0,60242,0.16660858791187516,1610355600073073834,1611190782091642118,1610614800072797522,1610672390557665472,0.06895560918166659
BMEA,2022-05-17,40.46,BMEA_2022-05-17_40.46,BMEA_quotes_2022_05_17.parquet,OK,,45833,45833,1.0,10972,0.23939083193332314,1652359197261878551,1653091000814395748,1652774400017756641,1652831345979648700,0.07781591343220598
FEBO,2024-08-13,48.49,FEBO_2024-08-13_48.49,FEBO_quotes_2024_08_13.parquet,OK,,14850,14850,1.0,2991,0.2014141414141414,1723103940074603456,1723849006331198453,1723535940072461003,1723593517979280092,0.07727890816344833
AQB,2023-12-04,42.38,AQB_2023-12-04_42.38,AQB_quotes_2023_12_04.parquet,OK,,7558,7558,1.0,1057,0.1398518126488489,1701248340123897820,1701990547624990806,1701680340043979619,1701727678971610672,0.06378125734560884
CPOP,2021-12-29,49.78,CPOP_2021-12-29_49.78,CPOP_quotes_2021_12_29.parquet,OK,,554028,554028,1.0,359676,0.6492018453940956,1640250000087245653,1641344337757583496,1640768400009246275,1640825998638998337,0.052633324533441495
CYCN,2020-02-19,52.23,CYCN_2020-02-19_52.23,CYCN_quotes_2020_02_19.parquet,OK,,36267,36267,1.0,13498,0.3721840791904486,1581584400066313454,1582592363890728190,1582016400066222645,1582160399252046354,0.1428614622229331
GXAI,2024-08-21,42.63,GXAI_2024-08-21_42.63,GXAI_quotes_2024_08_21.parquet,OK,,46545,46545,1.0,40829,0.877194113223762,1723795140097034222,1724714478636738680,1724227140040834809,1724284748646152404,0.06266310268697599
SENS,2020-03-25,87.50,SENS_2020-03-25_87.50,SENS_quotes_2020_03_25.parquet,OK,,47104,46347,0.9839291779891305,11415,0.2423361073369565,1584702000001923848,1585612800037980571,1585128494985682851,1585180811095230551,0.057439731528998145
GSAT,2021-04-26,49.93,GSAT_2021-04-26_49.93,GSAT_quotes_2021_04_26.parquet,OK,,179328,172822,0.9637201106352605,46862,0.2613200392576731,1618992000031481856,1619740800072222720,1619424000031790336,1619481595181136896,0.07691659483561895
OSCR,2023-02-10,34.21,OSCR_2023-02-10_34.21,OSCR_quotes_2023_02_10.parquet,OK,,162173,153389,0.9458356199860642,47088,0.2903565945009342,1675777153652029952,1676509200263777536,1675944897571391232,1676077200220415232,0.18072981542549518
VTYX,2022-09-12,78.74,VTYX_2022-09-12_78.74,VTYX_quotes_2022_09_12.parquet,OK,,133557,133557,1.0,61276,0.45880036239208727,1662537600012644864,1663280967912277499,1662969600012797740,1663027154611480343,0.07742411087571296
DAVE,2024-11-13,51.21,DAVE_2024-11-13_51.21,DAVE_quotes_2024_11_13.parquet,OK,,121944,121944,1.0,29918,0.24534212425375582,1730969940056500544,1731974205055870677,1731488340151721445,1731545994247964453,0.05740924584563655
GLSI,2021-03-08,130.35,GLSI_2021-03-08_130.35,GLSI_quotes_2021_03_08.parquet,OK,,90127,90127,1.0,31808,0.3529242069524116,1614762000092743193,1615510796521163479,1615194000003630435,1615251599889288124,0.07692329112627554
MFA,2020-03-27,32.94,MFA_2020-03-27_32.94,MFA_quotes_2020_03_27.parquet,OK,,1033556,853155,0.8254559985138686,183618,0.17765655658716123,1585047600232411136,1585785600112591068,1585296025221704261,1585353600102365656,0.07801475610993006
NRIX,2020-12-14,31.87,NRIX_2020-12-14_31.87,NRIX_quotes_2020_12_14.parquet,OK,,25390,25390,1.0,4761,0.18751476959432847,1607513366799328994,1608239285972916193,1607945424088100247,1607990090117470399,0.061530306672340045
SPAI,2024-11-20,56.95,SPAI_2024-11-20_56.95,SPAI_quotes_2024_11_20.parquet,OK,,384986,384986,1.0,121702,0.31612058620313466,1731661140121238800,1732582775720225629,1732093140022972985,1732150796792497912,0.06255918238001022
CORZZ,2024-01-29,37.63,CORZZ_2024-01-29_37.63,CORZZ_quotes_2024_01_29.parquet,OK,,9144,9144,1.0,1317,0.14402887139107612,1706107200000442909,1706833040135642429,1706518740167646872,1706576239208117546,0.07921722385173503
FRGE,2022-03-25,97.75,FRGE_2022-03-25_97.75,FRGE_quotes_2022_03_25.parquet,OK,,102902,101905,0.9903111698509262,25897,0.2516666342733863,1647949971337817344,1648684763281164800,1648195781835682816,1648252800887713024,0.07759890748182277
ZVIA,2024-11-08,40.00,ZVIA_2024-11-08_40.00,ZVIA_quotes_2024_11_08.parquet,OK,,44373,43882,0.9889347125504248,7180,0.16181010975142543,1730797140046897920,1731632400042420736,1731047403121497856,1731114000202979328,0.07973215745809394
AHT,2024-11-08,30.90,AHT_2024-11-08_30.90,AHT_quotes_2024_11_08.parquet,OK,,13827,13743,0.9939249294857887,2583,0.18680841831199826,1730797140008523776,1731632400068942592,1731056340104405760,1731114000001848064,0.0690322693190815
ETON,2020-03-27,46.25,ETON_2020-03-27_46.25,ETON_quotes_2020_03_27.parquet,OK,,5426,5426,1.0,2505,0.4616660523405824,1585036800076494356,1585783828051156448,1585209600066749635,1585346408598264362,0.18313709279309184
AMTD,2022-08-01,30.11,AMTD_2022-08-01_30.11,AMTD_quotes_2022_08_01.parquet,OK,,505179,490101,0.9701531536346523,38226,0.07566822848930775,1658908934113367552,1659657600141789184,1659340800068716800,1659398400245778176,0.07693707858337184
AFRM,2023-08-25,32.66,AFRM_2023-08-25_32.66,AFRM_quotes_2023_08_25.parquet,OK,,2578014,2578014,1.0,589850,0.22880015391692984,1692691140041607616,1693439990644738105,1692950340104949987,1693007992734972469,0.07698815996337775
AIHS,2020-07-08,170.92,AIHS_2020-07-08_170.92,AIHS_quotes_2020_07_08.parquet,OK,,281456,281456,1.0,143478,0.5097706213404581,1593676800061935005,1594684747509527668,1594195200062050102,1594252794716617223,0.05714053317430142
UPXI,2024-12-19,64.79,UPXI_2024-12-19_64.79,UPXI_quotes_2024_12_19.parquet,OK,,6321,6321,1.0,1740,0.2752728998576175,1734339540192736619,1735077558876937514,1734598740029437870,1734656387651923351,0.07811133202935121
