ticker,event_date,momentum_pct,deleted_dir
AACG,2025-07-21,40.24,data/filtered/AACG_None_40.24
AACG,2025-07-30,37.29,data/filtered/AACG_None_37.29
AACG,2025-07-31,35.29,data/filtered/AACG_None_35.29
AACG,2025-08-04,38.89,data/filtered/AACG_None_38.89
AAME,2025-08-14,30.61,data/filtered/AAME_None_30.61
AAOI,2025-03-14,49.28,data/filtered/AAOI_None_49.28
AAOI,2025-04-09,35.56,data/filtered/AAOI_None_35.56
AAPB,2025-04-09,31.41,data/filtered/AAPB_None_31.41
AAPU,2025-04-09,32.07,data/filtered/AAPU_None_32.07
AAP,2025-05-22,59.82,data/filtered/AAP_None_59.82
AARD,2025-02-20,31.41,data/filtered/AARD_None_31.41
ABAT,2025-04-29,33.91,data/filtered/ABAT_None_33.91
ABAT,2025-07-21,37.50,data/filtered/ABAT_None_37.50
ABAT,2025-10-13,50.81,data/filtered/ABAT_None_50.81
ABAT,2025-10-20,41.65,data/filtered/ABAT_None_41.65
ABEO,2025-04-30,38.18,data/filtered/ABEO_None_38.18
ABLLL,2025-01-07,31.62,data/filtered/ABLLL_None_31.62
ABLV,2025-01-08,33.09,data/filtered/ABLV_None_33.09
ABLV,2025-02-11,70.44,data/filtered/ABLV_None_70.44
ABLV,2025-03-07,138.55,data/filtered/ABLV_None_138.55
ABLV,2025-03-19,40.62,data/filtered/ABLV_None_40.62
ABLV,2025-09-10,70.21,data/filtered/ABLV_None_70.21
ABP,2025-05-15,130.36,data/filtered/ABP_None_130.36
ABP,2025-05-19,43.43,data/filtered/ABP_None_43.43
ABP,2025-05-28,30.41,data/filtered/ABP_None_30.41
ABP,2025-07-23,32.61,data/filtered/ABP_None_32.61
ABP,2025-07-28,44.26,data/filtered/ABP_None_44.26
ABSI,2025-01-08,37.46,data/filtered/ABSI_None_37.46
ABSI,2025-01-22,36.65,data/filtered/ABSI_None_36.65
ABTS,2025-04-14,33.01,data/filtered/ABTS_None_33.01
ABTS,2025-04-25,30.27,data/filtered/ABTS_None_30.27
ABTS,2025-05-09,303.43,data/filtered/ABTS_None_303.43
ABTS,2025-07-02,36.57,data/filtered/ABTS_None_36.57
ABTS,2025-07-11,36.02,data/filtered/ABTS_None_36.02
ABTS,2025-09-19,45.19,data/filtered/ABTS_None_45.19
ABTS,2025-09-22,34.51,data/filtered/ABTS_None_34.51
ABVC,2025-04-01,32.08,data/filtered/ABVC_None_32.08
ABVC,2025-04-07,80.59,data/filtered/ABVC_None_80.59
ABVC,2025-07-08,37.34,data/filtered/ABVC_None_37.34
ABVEW,2025-10-08,57.14,data/filtered/ABVEW_None_57.14
ABVEW,2025-10-16,57.89,data/filtered/ABVEW_None_57.89
ABVEW,2025-10-17,31.42,data/filtered/ABVEW_None_31.42
ABVEW,2025-10-27,36.21,data/filtered/ABVEW_None_36.21
ABVE,2025-04-28,50.00,data/filtered/ABVE_None_50.00
ABVE,2025-04-29,54.75,data/filtered/ABVE_None_54.75
ABVE,2025-04-30,41.22,data/filtered/ABVE_None_41.22
ABVE,2025-05-01,68.79,data/filtered/ABVE_None_68.79
ABVE,2025-05-13,39.62,data/filtered/ABVE_None_39.62
ABVE,2025-05-22,31.47,data/filtered/ABVE_None_31.47
ABVE,2025-06-16,35.45,data/filtered/ABVE_None_35.45
ABVE,2025-07-07,85.53,data/filtered/ABVE_None_85.53
ABVE,2025-07-10,480.82,data/filtered/ABVE_None_480.82
ABVE,2025-07-11,183.87,data/filtered/ABVE_None_183.87
ABVE,2025-07-17,127.98,data/filtered/ABVE_None_127.98
ABVE,2025-09-24,33.56,data/filtered/ABVE_None_33.56
ABVE,2025-10-08,70.61,data/filtered/ABVE_None_70.61
ABVE,2025-10-23,30.13,data/filtered/ABVE_None_30.13
ABVX,2025-07-23,613.50,data/filtered/ABVX_None_613.50
ACAD,2025-05-16,43.35,data/filtered/ACAD_None_43.35
ACB,2025-02-05,54.62,data/filtered/ACB_None_54.62
ACB,2025-09-29,32.30,data/filtered/ACB_None_32.30
ACCL,2025-10-24,36.36,data/filtered/ACCL_None_36.36
ACCL,2025-10-31,39.42,data/filtered/ACCL_None_39.42
ACHV,2025-10-17,44.15,data/filtered/ACHV_None_44.15
ACOG,2025-05-16,42.14,data/filtered/ACOG_None_42.14
ACON,2025-01-03,172.46,data/filtered/ACON_None_172.46
ACON,2025-01-24,77.31,data/filtered/ACON_None_77.31
ACON,2025-01-30,126.21,data/filtered/ACON_None_126.21
ACON,2025-02-04,31.88,data/filtered/ACON_None_31.88
ACON,2025-02-28,109.13,data/filtered/ACON_None_109.13
ACON,2025-03-03,153.73,data/filtered/ACON_None_153.73
ACON,2025-03-05,44.52,data/filtered/ACON_None_44.52
ACON,2025-03-14,37.23,data/filtered/ACON_None_37.23
ACON,2025-03-17,48.96,data/filtered/ACON_None_48.96
ACON,2025-10-13,39.93,data/filtered/ACON_None_39.93
ACRV,2025-02-05,35.36,data/filtered/ACRV_None_35.36
ACRV,2025-04-15,46.00,data/filtered/ACRV_None_46.00
ACRV,2025-09-08,100.75,data/filtered/ACRV_None_100.75
ACXP,2025-01-06,40.47,data/filtered/ACXP_None_40.47
ACXP,2025-06-17,241.91,data/filtered/ACXP_None_241.91
ACXP,2025-08-28,46.82,data/filtered/ACXP_None_46.82
ACXP,2025-10-08,94.41,data/filtered/ACXP_None_94.41
ADAG,2025-08-06,36.90,data/filtered/ADAG_None_36.90
ADAG,2025-09-09,32.22,data/filtered/ADAG_None_32.22
ADCT,2025-05-14,37.88,data/filtered/ADCT_None_37.88
ADGM,2025-04-17,210.88,data/filtered/ADGM_None_210.88
ADGM,2025-08-27,31.91,data/filtered/ADGM_None_31.91
ADIL,2025-02-25,69.93,data/filtered/ADIL_None_69.93
ADIL,2025-05-02,55.13,data/filtered/ADIL_None_55.13
ADPT,2025-05-02,39.67,data/filtered/ADPT_None_39.67
ADSEW,2025-05-09,36.49,data/filtered/ADSEW_None_36.49
ADSEW,2025-05-16,36.36,data/filtered/ADSEW_None_36.36
ADSEW,2025-06-04,41.43,data/filtered/ADSEW_None_41.43
ADSEW,2025-06-10,41.33,data/filtered/ADSEW_None_41.33
ADSEW,2025-07-18,36.76,data/filtered/ADSEW_None_36.76
ADSEW,2025-08-29,44.14,data/filtered/ADSEW_None_44.14
ADSEW,2025-09-30,79.09,data/filtered/ADSEW_None_79.09
ADSEW,2025-10-20,50.00,data/filtered/ADSEW_None_50.00
ADTX,2025-01-15,52.92,data/filtered/ADTX_None_52.92
ADTX,2025-01-16,58.55,data/filtered/ADTX_None_58.55
ADTX,2025-02-18,65.71,data/filtered/ADTX_None_65.71
ADTX,2025-02-19,43.64,data/filtered/ADTX_None_43.64
ADTX,2025-03-05,40.56,data/filtered/ADTX_None_40.56
ADTX,2025-03-18,129.75,data/filtered/ADTX_None_129.75
ADTX,2025-03-19,64.00,data/filtered/ADTX_None_64.00
ADTX,2025-04-17,30.45,data/filtered/ADTX_None_30.45
ADTX,2025-06-25,64.65,data/filtered/ADTX_None_64.65
ADVB,2025-04-28,32.60,data/filtered/ADVB_None_32.60
ADVB,2025-05-12,35.95,data/filtered/ADVB_None_35.95
ADVM,2025-09-19,30.17,data/filtered/ADVM_None_30.17
ADVM,2025-09-23,50.00,data/filtered/ADVM_None_50.00
ADXN,2025-02-24,30.85,data/filtered/ADXN_None_30.85
ADXN,2025-06-06,31.97,data/filtered/ADXN_None_31.97
ADXN,2025-09-12,37.24,data/filtered/ADXN_None_37.24
ADXN,2025-10-17,40.33,data/filtered/ADXN_None_40.33
AEBI,2025-07-03,34.26,data/filtered/AEBI_None_34.26
AEHL,2025-02-12,35.75,data/filtered/AEHL_None_35.75
AEHL,2025-04-04,135.24,data/filtered/AEHL_None_135.24
AEHL,2025-04-09,285.78,data/filtered/AEHL_None_285.78
AEHL,2025-04-11,55.59,data/filtered/AEHL_None_55.59
AEHL,2025-04-22,31.98,data/filtered/AEHL_None_31.98
AEHL,2025-07-29,53.65,data/filtered/AEHL_None_53.65
AEHL,2025-08-14,32.53,data/filtered/AEHL_None_32.53
AEHL,2025-09-10,127.56,data/filtered/AEHL_None_127.56
AEHR,2025-04-09,30.53,data/filtered/AEHR_None_30.53
AEHR,2025-07-22,32.64,data/filtered/AEHR_None_32.64
AEHR,2025-08-25,42.38,data/filtered/AEHR_None_42.38
AEI,2025-06-30,38.30,data/filtered/AEI_None_38.30
AEI,2025-09-03,37.04,data/filtered/AEI_None_37.04
AEI,2025-09-08,33.73,data/filtered/AEI_None_33.73
AEI,2025-09-11,59.24,data/filtered/AEI_None_59.24
AEI,2025-09-16,41.74,data/filtered/AEI_None_41.74
AEMD,2025-07-09,32.77,data/filtered/AEMD_None_32.77
AEMD,2025-08-21,146.85,data/filtered/AEMD_None_146.85
AEMD,2025-08-28,30.74,data/filtered/AEMD_None_30.74
AEO,2025-09-04,38.40,data/filtered/AEO_None_38.40
AERT,2025-06-10,53.62,data/filtered/AERT_None_53.62
AERT,2025-06-16,57.59,data/filtered/AERT_None_57.59
AERT,2025-08-14,107.14,data/filtered/AERT_None_107.14
AERT,2025-09-18,111.42,data/filtered/AERT_None_111.42
AEVAW,2025-06-27,47.50,data/filtered/AEVAW_None_47.50
AEVAW,2025-07-02,44.93,data/filtered/AEVAW_None_44.93
AEVA,2025-03-20,38.59,data/filtered/AEVA_None_38.59
AFRIW,2025-01-30,31.59,data/filtered/AFRIW_None_31.59
AFRIW,2025-02-12,46.81,data/filtered/AFRIW_None_46.81
AGAE,2025-01-06,32.50,data/filtered/AGAE_None_32.50
AGAE,2025-05-12,71.56,data/filtered/AGAE_None_71.56
AGAE,2025-05-28,61.97,data/filtered/AGAE_None_61.97
AGAE,2025-06-03,30.89,data/filtered/AGAE_None_30.89
AGAE,2025-06-12,31.69,data/filtered/AGAE_None_31.69
AGAE,2025-09-12,150.25,data/filtered/AGAE_None_150.25
AGCC,2025-10-28,60.47,data/filtered/AGCC_None_60.47
AGEN,2025-04-22,42.86,data/filtered/AGEN_None_42.86
AGEN,2025-05-12,39.51,data/filtered/AGEN_None_39.51
AGH,2025-02-19,65.31,data/filtered/AGH_None_65.31
AGH,2025-02-20,87.05,data/filtered/AGH_None_87.05
AGH,2025-02-26,35.50,data/filtered/AGH_None_35.50
AGH,2025-03-20,41.61,data/filtered/AGH_None_41.61
AGH,2025-07-23,238.15,data/filtered/AGH_None_238.15
AGH,2025-07-25,46.20,data/filtered/AGH_None_46.20
AGH,2025-08-11,51.14,data/filtered/AGH_None_51.14
AGH,2025-09-10,43.66,data/filtered/AGH_None_43.66
AGH,2025-09-26,41.74,data/filtered/AGH_None_41.74
AGH,2025-10-20,35.36,data/filtered/AGH_None_35.36
AGL,2025-04-08,43.06,data/filtered/AGL_None_43.06
AGMH,2025-03-06,182.30,data/filtered/AGMH_None_182.30
AGMH,2025-04-02,39.05,data/filtered/AGMH_None_39.05
AGMH,2025-04-23,158.00,data/filtered/AGMH_None_158.00
AGMH,2025-04-25,74.36,data/filtered/AGMH_None_74.36
AGMH,2025-04-28,203.50,data/filtered/AGMH_None_203.50
AGMH,2025-05-05,50.75,data/filtered/AGMH_None_50.75
AGMH,2025-05-16,39.50,data/filtered/AGMH_None_39.50
AGMH,2025-06-04,75.44,data/filtered/AGMH_None_75.44
AGMH,2025-09-09,30.39,data/filtered/AGMH_None_30.39
AGMH,2025-09-10,99.09,data/filtered/AGMH_None_99.09
AGMH,2025-09-19,711.66,data/filtered/AGMH_None_711.66
AGRZ,2025-10-07,69.03,data/filtered/AGRZ_None_69.03
AGRZ,2025-10-08,46.17,data/filtered/AGRZ_None_46.17
AGRZ,2025-10-10,47.89,data/filtered/AGRZ_None_47.89
AGRZ,2025-10-16,36.91,data/filtered/AGRZ_None_36.91
AGRZ,2025-10-21,47.54,data/filtered/AGRZ_None_47.54
AGX,2025-03-28,30.90,data/filtered/AGX_None_30.90
AHG,2025-04-22,42.06,data/filtered/AHG_None_42.06
AHG,2025-07-09,58.91,data/filtered/AHG_None_58.91
AHMA,2025-10-29,34.12,data/filtered/AHMA_None_34.12
AHT,2025-02-13,38.74,data/filtered/AHT_None_38.74
AIFF,2025-01-14,205.26,data/filtered/AIFF_None_205.26
AIFF,2025-02-11,271.29,data/filtered/AIFF_None_271.29
AIFF,2025-02-12,72.02,data/filtered/AIFF_None_72.02
AIFF,2025-02-13,32.61,data/filtered/AIFF_None_32.61
AIFF,2025-03-17,34.58,data/filtered/AIFF_None_34.58
AIFF,2025-05-05,37.92,data/filtered/AIFF_None_37.92
AIFF,2025-08-26,40.15,data/filtered/AIFF_None_40.15
AIFU,2025-05-02,146.70,data/filtered/AIFU_None_146.70
AIFU,2025-05-06,126.72,data/filtered/AIFU_None_126.72
AIFU,2025-05-12,84.20,data/filtered/AIFU_None_84.20
AIFU,2025-06-24,79.43,data/filtered/AIFU_None_79.43
AIHS,2025-06-05,48.35,data/filtered/AIHS_None_48.35
AIHS,2025-06-10,55.96,data/filtered/AIHS_None_55.96
AIHS,2025-09-03,244.17,data/filtered/AIHS_None_244.17
AIHS,2025-09-08,38.66,data/filtered/AIHS_None_38.66
AIHS,2025-09-16,43.26,data/filtered/AIHS_None_43.26
AIHS,2025-10-01,53.50,data/filtered/AIHS_None_53.50
AIIO,2025-09-15,65.07,data/filtered/AIIO_None_65.07
AIIO,2025-09-16,45.70,data/filtered/AIIO_None_45.70
AIIO,2025-09-18,40.41,data/filtered/AIIO_None_40.41
AIIO,2025-09-25,34.98,data/filtered/AIIO_None_34.98
AIIO,2025-09-30,37.31,data/filtered/AIIO_None_37.31
AIMD,2025-01-06,60.62,data/filtered/AIMD_None_60.62
AIMD,2025-01-10,74.49,data/filtered/AIMD_None_74.49
AIMD,2025-01-14,32.43,data/filtered/AIMD_None_32.43
AIMD,2025-05-28,31.80,data/filtered/AIMD_None_31.80
AIMD,2025-08-06,93.13,data/filtered/AIMD_None_93.13
AIOT,2025-02-10,38.74,data/filtered/AIOT_None_38.74
AIP,2025-08-05,51.22,data/filtered/AIP_None_51.22
AIP,2025-10-06,32.79,data/filtered/AIP_None_32.79
AIRE,2025-09-11,95.71,data/filtered/AIRE_None_95.71
AIRE,2025-09-12,46.34,data/filtered/AIRE_None_46.34
AIRE,2025-10-22,78.67,data/filtered/AIRE_None_78.67
AIRE,2025-10-23,47.14,data/filtered/AIRE_None_47.14
AIRG,2025-07-18,36.05,data/filtered/AIRG_None_36.05
AIRJW,2025-02-13,35.66,data/filtered/AIRJW_None_35.66
AIRJW,2025-10-15,44.37,data/filtered/AIRJW_None_44.37
AIRO,2025-06-16,58.02,data/filtered/AIRO_None_58.02
AIRO,2025-07-11,31.53,data/filtered/AIRO_None_31.53
AIRS,2025-05-02,38.05,data/filtered/AIRS_None_38.05
AISPW,2025-01-14,37.40,data/filtered/AISPW_None_37.40
AISPW,2025-01-15,33.71,data/filtered/AISPW_None_33.71
AISPW,2025-02-26,48.43,data/filtered/AISPW_None_48.43
AISPW,2025-03-25,47.83,data/filtered/AISPW_None_47.83
AISPW,2025-05-19,41.18,data/filtered/AISPW_None_41.18
AISPW,2025-09-12,38.98,data/filtered/AISPW_None_38.98
AISPW,2025-10-06,43.18,data/filtered/AISPW_None_43.18
AISPW,2025-10-13,36.00,data/filtered/AISPW_None_36.00
AI,2025-05-29,31.36,data/filtered/AI_None_31.36
AKAN,2025-08-01,50.88,data/filtered/AKAN_None_50.88
AKAN,2025-09-29,35.53,data/filtered/AKAN_None_35.53
AKAN,2025-10-01,113.32,data/filtered/AKAN_None_113.32
AKA,2025-05-14,61.84,data/filtered/AKA_None_61.84
AKA,2025-10-14,43.44,data/filtered/AKA_None_43.44
AKBA,2025-03-14,35.50,data/filtered/AKBA_None_35.50
AKRO,2025-01-27,123.07,data/filtered/AKRO_None_123.07
AKTX,2025-03-20,38.40,data/filtered/AKTX_None_38.40
AKTX,2025-09-24,60.42,data/filtered/AKTX_None_60.42
ALAB,2025-08-06,35.47,data/filtered/ALAB_None_35.47
ALAR,2025-06-09,43.65,data/filtered/ALAR_None_43.65
ALBT,2025-02-26,49.31,data/filtered/ALBT_None_49.31
ALBT,2025-03-14,30.44,data/filtered/ALBT_None_30.44
ALBT,2025-03-19,39.71,data/filtered/ALBT_None_39.71
ALBT,2025-04-16,34.57,data/filtered/ALBT_None_34.57
ALBT,2025-07-28,108.81,data/filtered/ALBT_None_108.81
ALDFW,2025-10-17,1253.08,data/filtered/ALDFW_None_1253.08
ALDX,2025-04-04,40.85,data/filtered/ALDX_None_40.85
ALEC,2025-08-08,52.05,data/filtered/ALEC_None_52.05
ALLO,2025-02-14,49.29,data/filtered/ALLO_None_49.29
ALLO,2025-02-18,84.31,data/filtered/ALLO_None_84.31
ALLO,2025-02-19,33.10,data/filtered/ALLO_None_33.10
ALLR,2025-01-08,70.30,data/filtered/ALLR_None_70.30
ALLR,2025-01-23,48.51,data/filtered/ALLR_None_48.51
ALLR,2025-01-27,46.32,data/filtered/ALLR_None_46.32
ALLR,2025-08-26,149.65,data/filtered/ALLR_None_149.65
ALMS,2025-03-25,50.99,data/filtered/ALMS_None_50.99
ALMS,2025-03-26,51.00,data/filtered/ALMS_None_51.00
ALMS,2025-04-02,43.92,data/filtered/ALMS_None_43.92
ALMU,2025-04-28,30.34,data/filtered/ALMU_None_30.34
ALMU,2025-06-25,32.09,data/filtered/ALMU_None_32.09
ALUR,2025-01-14,41.41,data/filtered/ALUR_None_41.41
ALUR,2025-01-24,354.32,data/filtered/ALUR_None_354.32
ALUR,2025-03-21,83.33,data/filtered/ALUR_None_83.33
ALUR,2025-05-14,44.92,data/filtered/ALUR_None_44.92
ALVOW,2025-01-08,51.67,data/filtered/ALVOW_None_51.67
ALVOW,2025-03-11,44.54,data/filtered/ALVOW_None_44.54
ALVOW,2025-03-13,72.02,data/filtered/ALVOW_None_72.02
ALVOW,2025-03-21,48.72,data/filtered/ALVOW_None_48.72
ALVOW,2025-04-09,41.12,data/filtered/ALVOW_None_41.12
ALVOW,2025-05-08,33.33,data/filtered/ALVOW_None_33.33
ALVOW,2025-06-02,37.33,data/filtered/ALVOW_None_37.33
ALVOW,2025-07-24,48.92,data/filtered/ALVOW_None_48.92
ALVOW,2025-07-25,37.44,data/filtered/ALVOW_None_37.44
ALVOW,2025-08-12,35.34,data/filtered/ALVOW_None_35.34
ALVOW,2025-08-18,34.78,data/filtered/ALVOW_None_34.78
ALVOW,2025-09-23,40.42,data/filtered/ALVOW_None_40.42
ALVOW,2025-09-30,75.00,data/filtered/ALVOW_None_75.00
ALVOW,2025-10-22,42.01,data/filtered/ALVOW_None_42.01
ALVOW,2025-10-23,64.84,data/filtered/ALVOW_None_64.84
ALVOW,2025-10-30,62.91,data/filtered/ALVOW_None_62.91
ALXO,2025-03-06,44.23,data/filtered/ALXO_None_44.23
ALXO,2025-08-18,61.42,data/filtered/ALXO_None_61.42
ALZN,2025-03-17,32.52,data/filtered/ALZN_None_32.52
ALZN,2025-05-29,147.59,data/filtered/ALZN_None_147.59
AMBA,2025-08-29,32.30,data/filtered/AMBA_None_32.30
AMBP,2025-04-24,30.80,data/filtered/AMBP_None_30.80
AMBQ,2025-07-31,34.34,data/filtered/AMBQ_None_34.34
AMCX,2025-08-08,36.33,data/filtered/AMCX_None_36.33
AMDG,2025-04-09,49.26,data/filtered/AMDG_None_49.26
AMDG,2025-10-06,75.05,data/filtered/AMDG_None_75.05
AMDL,2025-04-09,50.34,data/filtered/AMDL_None_50.34
AMDL,2025-10-06,75.14,data/filtered/AMDL_None_75.14
AMDU,2025-10-06,69.71,data/filtered/AMDU_None_69.71
AMD,2025-10-06,37.67,data/filtered/AMD_None_37.67
AMIX,2025-06-27,94.40,data/filtered/AMIX_None_94.40
AMIX,2025-07-21,67.08,data/filtered/AMIX_None_67.08
AMLX,2025-06-24,33.47,data/filtered/AMLX_None_33.47
AMOD,2025-01-17,41.24,data/filtered/AMOD_None_41.24
AMOD,2025-01-30,259.73,data/filtered/AMOD_None_259.73
AMOD,2025-02-13,227.17,data/filtered/AMOD_None_227.17
AMOD,2025-03-12,32.59,data/filtered/AMOD_None_32.59
AMOD,2025-07-23,124.14,data/filtered/AMOD_None_124.14
AMPGW,2025-01-03,57.17,data/filtered/AMPGW_None_57.17
AMPGW,2025-01-06,79.27,data/filtered/AMPGW_None_79.27
AMPGW,2025-01-10,89.29,data/filtered/AMPGW_None_89.29
AMPGW,2025-01-14,36.49,data/filtered/AMPGW_None_36.49
AMPGW,2025-01-31,159.67,data/filtered/AMPGW_None_159.67
AMPGW,2025-02-04,55.56,data/filtered/AMPGW_None_55.56
AMPX,2025-01-10,36.63,data/filtered/AMPX_None_36.63
AMPX,2025-03-21,34.63,data/filtered/AMPX_None_34.63
AMRC,2025-05-06,34.09,data/filtered/AMRC_None_34.09
AMRC,2025-08-05,50.12,data/filtered/AMRC_None_50.12
AMRN,2025-06-24,36.35,data/filtered/AMRN_None_36.35
AMSC,2025-02-06,38.87,data/filtered/AMSC_None_38.87
AMSC,2025-07-31,31.67,data/filtered/AMSC_None_31.67
AMST,2025-02-27,81.59,data/filtered/AMST_None_81.59
AMST,2025-05-16,81.70,data/filtered/AMST_None_81.70
AMST,2025-09-11,78.36,data/filtered/AMST_None_78.36
AMTD,2025-10-31,58.65,data/filtered/AMTD_None_58.65
AMUU,2025-04-09,49.16,data/filtered/AMUU_None_49.16
AMUU,2025-10-06,75.13,data/filtered/AMUU_None_75.13
ANAB,2025-02-12,34.46,data/filtered/ANAB_None_34.46
ANAB,2025-09-30,39.66,data/filtered/ANAB_None_39.66
ANEB,2025-03-10,31.78,data/filtered/ANEB_None_31.78
ANEB,2025-03-11,51.79,data/filtered/ANEB_None_51.79
ANEB,2025-07-01,50.69,data/filtered/ANEB_None_50.69
ANEB,2025-07-02,40.57,data/filtered/ANEB_None_40.57
ANEB,2025-07-23,86.89,data/filtered/ANEB_None_86.89
ANF,2025-05-28,36.09,data/filtered/ANF_None_36.09
ANGH,2025-07-14,35.14,data/filtered/ANGH_None_35.14
ANGH,2025-07-28,56.49,data/filtered/ANGH_None_56.49
ANGI,2025-05-07,38.56,data/filtered/ANGI_None_38.56
ANGO,2025-01-08,39.67,data/filtered/ANGO_None_39.67
ANGX,2025-09-12,38.31,data/filtered/ANGX_None_38.31
ANGX,2025-09-15,42.53,data/filtered/ANGX_None_42.53
ANGX,2025-09-29,44.70,data/filtered/ANGX_None_44.70
ANGX,2025-10-01,40.45,data/filtered/ANGX_None_40.45
ANNA,2025-01-10,50.29,data/filtered/ANNA_None_50.29
ANNA,2025-03-20,39.14,data/filtered/ANNA_None_39.14
ANNA,2025-04-16,38.72,data/filtered/ANNA_None_38.72
ANNX,2025-03-17,35.00,data/filtered/ANNX_None_35.00
ANPA,2025-07-09,321.31,data/filtered/ANPA_None_321.31
ANPA,2025-07-15,135.53,data/filtered/ANPA_None_135.53
ANPA,2025-07-17,35.32,data/filtered/ANPA_None_35.32
ANPA,2025-07-18,57.03,data/filtered/ANPA_None_57.03
ANPA,2025-07-21,40.59,data/filtered/ANPA_None_40.59
ANPA,2025-07-23,80.68,data/filtered/ANPA_None_80.68
ANPA,2025-07-24,34.94,data/filtered/ANPA_None_34.94
ANPA,2025-07-29,49.05,data/filtered/ANPA_None_49.05
ANRO,2025-10-03,91.84,data/filtered/ANRO_None_91.84
ANRO,2025-10-20,100.49,data/filtered/ANRO_None_100.49
ANVS,2025-04-21,40.02,data/filtered/ANVS_None_40.02
ANVS,2025-06-04,33.33,data/filtered/ANVS_None_33.33
APED,2025-04-09,44.20,data/filtered/APED_None_44.20
APEI,2025-03-07,32.99,data/filtered/APEI_None_32.99
APLD,2025-06-02,54.32,data/filtered/APLD_None_54.32
APLD,2025-06-04,31.41,data/filtered/APLD_None_31.41
APLD,2025-07-31,40.18,data/filtered/APLD_None_40.18
APLD,2025-10-10,33.39,data/filtered/APLD_None_33.39
APLM,2025-03-20,41.21,data/filtered/APLM_None_41.21
APLM,2025-05-21,34.08,data/filtered/APLM_None_34.08
APLM,2025-07-21,31.72,data/filtered/APLM_None_31.72
APLM,2025-09-04,36.04,data/filtered/APLM_None_36.04
APLM,2025-09-15,45.68,data/filtered/APLM_None_45.68
APLM,2025-09-16,34.55,data/filtered/APLM_None_34.55
APLM,2025-09-17,72.25,data/filtered/APLM_None_72.25
APLM,2025-10-15,128.50,data/filtered/APLM_None_128.50
APLM,2025-10-16,78.97,data/filtered/APLM_None_78.97
APLM,2025-10-31,49.01,data/filtered/APLM_None_49.01
APLT,2025-09-26,135.63,data/filtered/APLT_None_135.63
APM,2025-02-10,47.54,data/filtered/APM_None_47.54
APM,2025-04-15,64.42,data/filtered/APM_None_64.42
APM,2025-06-04,30.43,data/filtered/APM_None_30.43
APM,2025-07-16,355.76,data/filtered/APM_None_355.76
APM,2025-08-21,251.97,data/filtered/APM_None_251.97
APM,2025-09-30,31.31,data/filtered/APM_None_31.31
APPS,2025-02-06,101.97,data/filtered/APPS_None_101.97
APPS,2025-04-09,33.13,data/filtered/APPS_None_33.13
APPS,2025-06-17,61.43,data/filtered/APPS_None_61.43
APPX,2025-05-08,34.95,data/filtered/APPX_None_34.95
APPX,2025-08-07,31.18,data/filtered/APPX_None_31.18
APP,2025-02-13,38.08,data/filtered/APP_None_38.08
APRE,2025-01-03,40.06,data/filtered/APRE_None_40.06
APVO,2025-04-02,261.69,data/filtered/APVO_None_261.69
APVO,2025-04-03,91.30,data/filtered/APVO_None_91.30
APVO,2025-04-21,56.63,data/filtered/APVO_None_56.63
APVO,2025-05-21,131.27,data/filtered/APVO_None_131.27
APVO,2025-06-18,364.89,data/filtered/APVO_None_364.89
APVO,2025-09-16,88.19,data/filtered/APVO_None_88.19
APVO,2025-09-18,80.85,data/filtered/APVO_None_80.85
APVO,2025-10-07,40.43,data/filtered/APVO_None_40.43
APYX,2025-05-13,59.28,data/filtered/APYX_None_59.28
AQB,2025-03-26,89.15,data/filtered/AQB_None_89.15
AQB,2025-08-28,76.21,data/filtered/AQB_None_76.21
AQB,2025-09-18,39.47,data/filtered/AQB_None_39.47
AQMS,2025-06-10,44.94,data/filtered/AQMS_None_44.94
AQMS,2025-07-09,112.50,data/filtered/AQMS_None_112.50
AQMS,2025-09-24,49.14,data/filtered/AQMS_None_49.14
AQMS,2025-09-26,71.34,data/filtered/AQMS_None_71.34
AQMS,2025-10-13,133.57,data/filtered/AQMS_None_133.57
AQMS,2025-10-14,297.58,data/filtered/AQMS_None_297.58
AQMS,2025-10-16,39.74,data/filtered/AQMS_None_39.74
AQMS,2025-10-30,65.42,data/filtered/AQMS_None_65.42
ARAI,2025-05-28,56.40,data/filtered/ARAI_None_56.40
ARAI,2025-06-10,149.88,data/filtered/ARAI_None_149.88
ARAI,2025-10-06,33.85,data/filtered/ARAI_None_33.85
ARAI,2025-10-14,34.42,data/filtered/ARAI_None_34.42
ARBB,2025-01-06,38.76,data/filtered/ARBB_None_38.76
ARBB,2025-02-28,70.85,data/filtered/ARBB_None_70.85
ARBB,2025-03-05,87.02,data/filtered/ARBB_None_87.02
ARBB,2025-03-07,61.25,data/filtered/ARBB_None_61.25
ARBB,2025-04-14,42.95,data/filtered/ARBB_None_42.95
ARBB,2025-04-15,67.69,data/filtered/ARBB_None_67.69
ARBB,2025-09-19,31.79,data/filtered/ARBB_None_31.79
ARBB,2025-09-22,122.24,data/filtered/ARBB_None_122.24
ARBB,2025-10-30,35.00,data/filtered/ARBB_None_35.00
ARBEW,2025-01-07,35.14,data/filtered/ARBEW_None_35.14
ARBE,2025-01-03,35.78,data/filtered/ARBE_None_35.78
ARBE,2025-01-06,86.31,data/filtered/ARBE_None_86.31
ARBE,2025-09-22,36.65,data/filtered/ARBE_None_36.65
ARBKL,2025-07-01,39.85,data/filtered/ARBKL_None_39.85
ARBKL,2025-07-14,38.16,data/filtered/ARBKL_None_38.16
ARBKL,2025-08-15,39.16,data/filtered/ARBKL_None_39.16
ARCT,2025-08-12,36.08,data/filtered/ARCT_None_36.08
ARCT,2025-08-13,31.43,data/filtered/ARCT_None_31.43
ARDX,2025-10-31,34.33,data/filtered/ARDX_None_34.33
AREB,2025-03-12,60.91,data/filtered/AREB_None_60.91
AREB,2025-03-19,46.95,data/filtered/AREB_None_46.95
AREB,2025-03-26,45.00,data/filtered/AREB_None_45.00
AREB,2025-04-01,54.48,data/filtered/AREB_None_54.48
AREB,2025-04-02,495.07,data/filtered/AREB_None_495.07
AREB,2025-04-04,427.53,data/filtered/AREB_None_427.53
AREB,2025-04-10,122.22,data/filtered/AREB_None_122.22
AREB,2025-04-11,44.41,data/filtered/AREB_None_44.41
AREB,2025-04-14,52.17,data/filtered/AREB_None_52.17
AREB,2025-04-23,79.63,data/filtered/AREB_None_79.63
AREB,2025-04-24,56.03,data/filtered/AREB_None_56.03
AREB,2025-05-06,39.93,data/filtered/AREB_None_39.93
AREB,2025-09-23,68.26,data/filtered/AREB_None_68.26
AREB,2025-09-26,50.49,data/filtered/AREB_None_50.49
AREB,2025-10-08,91.59,data/filtered/AREB_None_91.59
AREB,2025-10-22,84.80,data/filtered/AREB_None_84.80
AREB,2025-10-23,75.81,data/filtered/AREB_None_75.81
AREC,2025-04-16,106.58,data/filtered/AREC_None_106.58
AREC,2025-04-17,51.35,data/filtered/AREC_None_51.35
AREC,2025-07-10,31.61,data/filtered/AREC_None_31.61
AREC,2025-10-14,42.77,data/filtered/AREC_None_42.77
ARHS,2025-08-07,31.51,data/filtered/ARHS_None_31.51
ARMG,2025-01-22,35.83,data/filtered/ARMG_None_35.83
ARMG,2025-04-09,51.01,data/filtered/ARMG_None_51.01
ARQQW,2025-03-07,33.52,data/filtered/ARQQW_None_33.52
ARQQW,2025-03-14,30.43,data/filtered/ARQQW_None_30.43
ARQQW,2025-03-17,47.83,data/filtered/ARQQW_None_47.83
ARQQW,2025-03-31,50.86,data/filtered/ARQQW_None_50.86
ARQQW,2025-04-22,44.30,data/filtered/ARQQW_None_44.30
ARQQW,2025-09-19,125.68,data/filtered/ARQQW_None_125.68
ARQQW,2025-09-22,99.00,data/filtered/ARQQW_None_99.00
ARQQW,2025-09-24,41.38,data/filtered/ARQQW_None_41.38
ARQQW,2025-09-29,52.50,data/filtered/ARQQW_None_52.50
ARQQW,2025-10-02,30.27,data/filtered/ARQQW_None_30.27
ARQQW,2025-10-03,43.16,data/filtered/ARQQW_None_43.16
ARQQ,2025-01-15,40.78,data/filtered/ARQQ_None_40.78
ARQQ,2025-01-16,54.40,data/filtered/ARQQ_None_54.40
ARQQ,2025-03-17,59.27,data/filtered/ARQQ_None_59.27
ARQQ,2025-05-19,34.14,data/filtered/ARQQ_None_34.14
ARQQ,2025-05-27,31.02,data/filtered/ARQQ_None_31.02
ARQT,2025-10-28,31.11,data/filtered/ARQT_None_31.11
ARTL,2025-04-14,70.34,data/filtered/ARTL_None_70.34
ARTL,2025-06-30,276.73,data/filtered/ARTL_None_276.73
ARTL,2025-07-02,39.14,data/filtered/ARTL_None_39.14
ARTL,2025-07-07,134.03,data/filtered/ARTL_None_134.03
ARTL,2025-07-08,32.68,data/filtered/ARTL_None_32.68
ARTL,2025-07-09,40.88,data/filtered/ARTL_None_40.88
ARTL,2025-07-10,32.41,data/filtered/ARTL_None_32.41
ARTV,2025-04-07,102.87,data/filtered/ARTV_None_102.87
ARTV,2025-10-17,165.70,data/filtered/ARTV_None_165.70
ASMG,2025-04-09,31.38,data/filtered/ASMG_None_31.38
ASNS,2025-03-18,58.38,data/filtered/ASNS_None_58.38
ASNS,2025-09-02,73.45,data/filtered/ASNS_None_73.45
ASNS,2025-10-03,110.81,data/filtered/ASNS_None_110.81
ASNS,2025-10-07,31.42,data/filtered/ASNS_None_31.42
ASPI,2025-10-13,33.17,data/filtered/ASPI_None_33.17
ASPS,2025-01-08,35.69,data/filtered/ASPS_None_35.69
ASPS,2025-04-03,152.79,data/filtered/ASPS_None_152.79
ASST,2025-01-21,212.16,data/filtered/ASST_None_212.16
ASST,2025-01-22,88.89,data/filtered/ASST_None_88.89
ASST,2025-05-07,459.02,data/filtered/ASST_None_459.02
ASST,2025-05-08,159.59,data/filtered/ASST_None_159.59
ASST,2025-05-15,48.30,data/filtered/ASST_None_48.30
ASST,2025-05-21,40.83,data/filtered/ASST_None_40.83
ASST,2025-05-22,66.92,data/filtered/ASST_None_66.92
ASST,2025-07-07,144.73,data/filtered/ASST_None_144.73
ASST,2025-08-11,33.74,data/filtered/ASST_None_33.74
ASST,2025-09-10,100.64,data/filtered/ASST_None_100.64
ASST,2025-10-24,38.86,data/filtered/ASST_None_38.86
ASST,2025-10-27,64.55,data/filtered/ASST_None_64.55
ASTC,2025-10-03,66.53,data/filtered/ASTC_None_66.53
ASTH,2025-08-08,38.68,data/filtered/ASTH_None_38.68
ASTI,2025-06-26,218.45,data/filtered/ASTI_None_218.45
ASTI,2025-06-27,35.92,data/filtered/ASTI_None_35.92
ASTLW,2025-02-18,31.15,data/filtered/ASTLW_None_31.15
ATAI,2025-07-01,32.19,data/filtered/ATAI_None_32.19
ATEC,2025-08-01,31.29,data/filtered/ATEC_None_31.29
ATER,2025-02-04,31.93,data/filtered/ATER_None_31.93
ATER,2025-03-19,65.88,data/filtered/ATER_None_65.88
ATEX,2025-02-11,39.27,data/filtered/ATEX_None_39.27
ATGL,2025-02-11,52.00,data/filtered/ATGL_None_52.00
ATGL,2025-02-19,87.93,data/filtered/ATGL_None_87.93
ATGL,2025-03-07,44.86,data/filtered/ATGL_None_44.86
ATGL,2025-03-18,48.04,data/filtered/ATGL_None_48.04
ATGL,2025-08-20,81.04,data/filtered/ATGL_None_81.04
ATGL,2025-08-25,35.92,data/filtered/ATGL_None_35.92
ATHE,2025-01-30,101.72,data/filtered/ATHE_None_101.72
ATHE,2025-05-05,45.35,data/filtered/ATHE_None_45.35
ATHE,2025-07-11,41.65,data/filtered/ATHE_None_41.65
ATHR,2025-05-21,39.03,data/filtered/ATHR_None_39.03
ATHR,2025-07-24,60.60,data/filtered/ATHR_None_60.60
ATLN,2025-01-06,30.59,data/filtered/ATLN_None_30.59
ATLN,2025-03-03,84.83,data/filtered/ATLN_None_84.83
ATLN,2025-03-04,40.12,data/filtered/ATLN_None_40.12
ATLN,2025-03-10,38.10,data/filtered/ATLN_None_38.10
ATLN,2025-08-08,30.46,data/filtered/ATLN_None_30.46
ATLN,2025-08-12,30.90,data/filtered/ATLN_None_30.90
ATLN,2025-08-15,41.51,data/filtered/ATLN_None_41.51
ATLX,2025-08-04,32.26,data/filtered/ATLX_None_32.26
ATMVU,2025-09-18,33.87,data/filtered/ATMVU_None_33.87
ATMVU,2025-09-19,152.20,data/filtered/ATMVU_None_152.20
ATMV,2025-09-08,99.92,data/filtered/ATMV_None_99.92
ATMV,2025-09-10,32.74,data/filtered/ATMV_None_32.74
ATMV,2025-09-11,42.17,data/filtered/ATMV_None_42.17
ATMV,2025-09-19,177.96,data/filtered/ATMV_None_177.96
ATMV,2025-10-21,91.95,data/filtered/ATMV_None_91.95
ATOM,2025-01-03,30.02,data/filtered/ATOM_None_30.02
ATON,2025-09-08,37.13,data/filtered/ATON_None_37.13
ATON,2025-10-08,147.31,data/filtered/ATON_None_147.31
ATPC,2025-01-13,132.54,data/filtered/ATPC_None_132.54
ATPC,2025-01-23,32.18,data/filtered/ATPC_None_32.18
ATPC,2025-02-24,142.52,data/filtered/ATPC_None_142.52
ATPC,2025-04-03,67.44,data/filtered/ATPC_None_67.44
ATPC,2025-04-07,40.98,data/filtered/ATPC_None_40.98
ATPC,2025-05-16,36.67,data/filtered/ATPC_None_36.67
ATRA,2025-01-03,32.06,data/filtered/ATRA_None_32.06
ATXG,2025-04-29,41.94,data/filtered/ATXG_None_41.94
ATXG,2025-05-15,158.87,data/filtered/ATXG_None_158.87
ATXG,2025-07-02,53.47,data/filtered/ATXG_None_53.47
ATXG,2025-09-22,57.10,data/filtered/ATXG_None_57.10
ATXS,2025-10-14,43.68,data/filtered/ATXS_None_43.68
ATYR,2025-07-23,35.50,data/filtered/ATYR_None_35.50
AUID,2025-03-20,35.96,data/filtered/AUID_None_35.96
AUID,2025-04-02,30.23,data/filtered/AUID_None_30.23
AUID,2025-09-26,30.01,data/filtered/AUID_None_30.01
AUROW,2025-01-07,145.95,data/filtered/AUROW_None_145.95
AUROW,2025-02-13,106.09,data/filtered/AUROW_None_106.09
AUROW,2025-03-03,30.92,data/filtered/AUROW_None_30.92
AUROW,2025-05-02,35.71,data/filtered/AUROW_None_35.71
AUR,2025-01-07,51.23,data/filtered/AUR_None_51.23
AUR,2025-02-13,47.13,data/filtered/AUR_None_47.13
AUUD,2025-02-19,94.21,data/filtered/AUUD_None_94.21
AUUD,2025-04-04,39.65,data/filtered/AUUD_None_39.65
AUUD,2025-04-08,31.78,data/filtered/AUUD_None_31.78
AUUD,2025-04-21,54.52,data/filtered/AUUD_None_54.52
AUUD,2025-06-27,61.64,data/filtered/AUUD_None_61.64
AUUD,2025-08-05,32.21,data/filtered/AUUD_None_32.21
AUUD,2025-08-11,42.64,data/filtered/AUUD_None_42.64
AUUD,2025-08-20,41.10,data/filtered/AUUD_None_41.10
AVAH,2025-03-13,43.05,data/filtered/AVAH_None_43.05
AVAH,2025-08-07,59.38,data/filtered/AVAH_None_59.38
AVGG,2025-09-05,32.02,data/filtered/AVGG_None_32.02
AVGU,2025-09-05,33.39,data/filtered/AVGU_None_33.39
AVGX,2025-04-09,39.49,data/filtered/AVGX_None_39.49
AVGX,2025-09-05,32.86,data/filtered/AVGX_None_32.86
AVL,2025-04-09,39.81,data/filtered/AVL_None_39.81
AVL,2025-09-05,32.82,data/filtered/AVL_None_32.82
AVNW,2025-02-05,30.56,data/filtered/AVNW_None_30.56
AVR,2025-04-23,30.48,data/filtered/AVR_None_30.48
AVR,2025-05-27,34.34,data/filtered/AVR_None_34.34
AVTX,2025-02-24,33.06,data/filtered/AVTX_None_33.06
AVTX,2025-09-29,30.28,data/filtered/AVTX_None_30.28
AXTI,2025-06-12,36.36,data/filtered/AXTI_None_36.36
AXTI,2025-10-31,34.43,data/filtered/AXTI_None_34.43
AYTU,2025-05-15,100.00,data/filtered/AYTU_None_100.00
AYTU,2025-06-06,52.30,data/filtered/AYTU_None_52.30
AZI,2025-04-29,32.69,data/filtered/AZI_None_32.69
BACQR,2025-10-08,33.33,data/filtered/BACQR_None_33.33
BACQR,2025-10-23,100.00,data/filtered/BACQR_None_100.00
BAER,2025-01-08,37.20,data/filtered/BAER_None_37.20
BAER,2025-01-10,58.96,data/filtered/BAER_None_58.96
BAIG,2025-09-16,36.26,data/filtered/BAIG_None_36.26
BAIG,2025-09-23,39.68,data/filtered/BAIG_None_39.68
BAIG,2025-10-10,34.94,data/filtered/BAIG_None_34.94
BAIG,2025-10-13,53.53,data/filtered/BAIG_None_53.53
BALY,2025-03-10,43.89,data/filtered/BALY_None_43.89
BALY,2025-04-09,45.61,data/filtered/BALY_None_45.61
BALY,2025-07-01,56.58,data/filtered/BALY_None_56.58
BAOS,2025-01-06,44.62,data/filtered/BAOS_None_44.62
BAOS,2025-01-31,91.94,data/filtered/BAOS_None_91.94
BAOS,2025-03-17,55.70,data/filtered/BAOS_None_55.70
BAOS,2025-03-18,40.81,data/filtered/BAOS_None_40.81
BAOS,2025-04-21,62.35,data/filtered/BAOS_None_62.35
BAOS,2025-05-12,310.89,data/filtered/BAOS_None_310.89
BAOS,2025-06-04,85.23,data/filtered/BAOS_None_85.23
BAOS,2025-09-03,89.47,data/filtered/BAOS_None_89.47
BAOS,2025-10-09,57.70,data/filtered/BAOS_None_57.70
BBAI,2025-02-05,53.54,data/filtered/BBAI_None_53.54
BBAI,2025-02-07,37.44,data/filtered/BBAI_None_37.44
BBAR,2025-10-27,48.17,data/filtered/BBAR_None_48.17
BBBY,2025-10-02,30.81,data/filtered/BBBY_None_30.81
BBLGW,2025-02-05,37.24,data/filtered/BBLGW_None_37.24
BBLG,2025-05-20,48.13,data/filtered/BBLG_None_48.13
BBLG,2025-06-27,48.80,data/filtered/BBLG_None_48.80
BBLG,2025-09-04,99.51,data/filtered/BBLG_None_99.51
BCAX,2025-09-29,30.66,data/filtered/BCAX_None_30.66
BCDA,2025-03-03,32.84,data/filtered/BCDA_None_32.84
BCDA,2025-04-29,32.23,data/filtered/BCDA_None_32.23
BCG,2025-02-27,212.67,data/filtered/BCG_None_212.67
BCTX,2025-02-03,56.77,data/filtered/BCTX_None_56.77
BCTX,2025-04-22,30.31,data/filtered/BCTX_None_30.31
BCTX,2025-04-24,80.85,data/filtered/BCTX_None_80.85
BDMD,2025-01-03,59.18,data/filtered/BDMD_None_59.18
BDMD,2025-01-06,32.28,data/filtered/BDMD_None_32.28
BDMD,2025-01-13,41.11,data/filtered/BDMD_None_41.11
BDMD,2025-01-17,118.82,data/filtered/BDMD_None_118.82
BDMD,2025-01-23,40.31,data/filtered/BDMD_None_40.31
BDMD,2025-03-11,43.63,data/filtered/BDMD_None_43.63
BDMD,2025-03-12,35.28,data/filtered/BDMD_None_35.28
BDMD,2025-06-13,50.35,data/filtered/BDMD_None_50.35
BDMD,2025-08-14,36.86,data/filtered/BDMD_None_36.86
BDRX,2025-02-10,126.04,data/filtered/BDRX_None_126.04
BDRX,2025-03-10,45.57,data/filtered/BDRX_None_45.57
BDRX,2025-03-19,31.51,data/filtered/BDRX_None_31.51
BDRX,2025-04-02,40.00,data/filtered/BDRX_None_40.00
BDRX,2025-05-22,48.46,data/filtered/BDRX_None_48.46
BDRX,2025-06-18,62.00,data/filtered/BDRX_None_62.00
BDRX,2025-07-14,52.17,data/filtered/BDRX_None_52.17
BDRX,2025-10-09,54.09,data/filtered/BDRX_None_54.09
BDSX,2025-03-05,32.86,data/filtered/BDSX_None_32.86
BDSX,2025-05-16,59.00,data/filtered/BDSX_None_59.00
BDSX,2025-05-21,90.07,data/filtered/BDSX_None_90.07
BDTX,2025-01-13,38.34,data/filtered/BDTX_None_38.34
BDTX,2025-03-19,65.48,data/filtered/BDTX_None_65.48
BEAT,2025-08-12,39.05,data/filtered/BEAT_None_39.05
BEEM,2025-07-17,39.99,data/filtered/BEEM_None_39.99
BEEM,2025-07-21,32.81,data/filtered/BEEM_None_32.81
BEEP,2025-02-25,31.72,data/filtered/BEEP_None_31.72
BENF,2025-09-30,195.16,data/filtered/BENF_None_195.16
BENF,2025-10-02,41.55,data/filtered/BENF_None_41.55
BENF,2025-10-22,220.33,data/filtered/BENF_None_220.33
BETRW,2025-09-22,633.33,data/filtered/BETRW_None_633.33
BETR,2025-09-22,175.92,data/filtered/BETR_None_175.92
BETR,2025-09-23,50.06,data/filtered/BETR_None_50.06
BETR,2025-10-20,33.32,data/filtered/BETR_None_33.32
BETR,2025-10-23,32.63,data/filtered/BETR_None_32.63
BE,2025-10-13,32.62,data/filtered/BE_None_32.62
BFLY,2025-10-31,35.78,data/filtered/BFLY_None_35.78
BFRGW,2025-02-10,84.59,data/filtered/BFRGW_None_84.59
BFRGW,2025-02-13,35.87,data/filtered/BFRGW_None_35.87
BFRGW,2025-02-25,51.52,data/filtered/BFRGW_None_51.52
BFRG,2025-02-10,52.08,data/filtered/BFRG_None_52.08
BFRG,2025-04-11,56.02,data/filtered/BFRG_None_56.02
BFRG,2025-10-08,36.91,data/filtered/BFRG_None_36.91
BFRI,2025-01-08,68.47,data/filtered/BFRI_None_68.47
BGLC,2025-01-03,31.58,data/filtered/BGLC_None_31.58
BGLC,2025-01-14,37.91,data/filtered/BGLC_None_37.91
BGLC,2025-04-07,48.76,data/filtered/BGLC_None_48.76
BGLC,2025-04-11,54.37,data/filtered/BGLC_None_54.37
BGLC,2025-05-30,30.63,data/filtered/BGLC_None_30.63
BGLC,2025-07-01,408.14,data/filtered/BGLC_None_408.14
BGLC,2025-07-17,65.88,data/filtered/BGLC_None_65.88
BGLC,2025-07-30,101.35,data/filtered/BGLC_None_101.35
BGLC,2025-09-12,31.38,data/filtered/BGLC_None_31.38
BGL,2025-06-27,471.81,data/filtered/BGL_None_471.81
BGL,2025-07-01,81.03,data/filtered/BGL_None_81.03
BGL,2025-07-02,131.41,data/filtered/BGL_None_131.41
BGL,2025-07-14,57.77,data/filtered/BGL_None_57.77
BGL,2025-07-22,35.12,data/filtered/BGL_None_35.12
BGL,2025-08-08,34.47,data/filtered/BGL_None_34.47
BGL,2025-09-17,42.14,data/filtered/BGL_None_42.14
BGMSP,2025-09-22,31.78,data/filtered/BGMSP_None_31.78
BGMSP,2025-10-20,118.75,data/filtered/BGMSP_None_118.75
BGM,2025-09-23,32.03,data/filtered/BGM_None_32.03
BGSF,2025-03-19,47.89,data/filtered/BGSF_None_47.89
BGSF,2025-06-17,49.75,data/filtered/BGSF_None_49.75
BHAT,2025-01-07,50.84,data/filtered/BHAT_None_50.84
BHAT,2025-02-03,66.20,data/filtered/BHAT_None_66.20
BHAT,2025-02-05,31.28,data/filtered/BHAT_None_31.28
BHAT,2025-02-07,49.57,data/filtered/BHAT_None_49.57
BHAT,2025-02-10,52.78,data/filtered/BHAT_None_52.78
BHAT,2025-02-11,104.35,data/filtered/BHAT_None_104.35
BHAT,2025-02-19,55.96,data/filtered/BHAT_None_55.96
BHAT,2025-03-11,79.10,data/filtered/BHAT_None_79.10
BHAT,2025-03-18,55.73,data/filtered/BHAT_None_55.73
BHAT,2025-03-28,67.91,data/filtered/BHAT_None_67.91
BHF,2025-09-19,34.20,data/filtered/BHF_None_34.20
BHR,2025-08-27,37.78,data/filtered/BHR_None_37.78
BHST,2025-09-12,30.95,data/filtered/BHST_None_30.95
BIAF,2025-04-01,496.54,data/filtered/BIAF_None_496.54
BIAF,2025-05-16,43.39,data/filtered/BIAF_None_43.39
BIAF,2025-05-20,42.19,data/filtered/BIAF_None_42.19
BIAF,2025-05-28,83.52,data/filtered/BIAF_None_83.52
BIAF,2025-06-26,87.76,data/filtered/BIAF_None_87.76
BIAF,2025-07-02,34.61,data/filtered/BIAF_None_34.61
BIAF,2025-09-15,66.67,data/filtered/BIAF_None_66.67
BIAF,2025-09-26,113.78,data/filtered/BIAF_None_113.78
BIAF,2025-10-08,48.98,data/filtered/BIAF_None_48.98
BIOA,2025-10-23,42.15,data/filtered/BIOA_None_42.15
BIOX,2025-10-15,31.17,data/filtered/BIOX_None_31.17
BIVI,2025-05-02,51.97,data/filtered/BIVI_None_51.97
BIYA,2025-03-27,42.13,data/filtered/BIYA_None_42.13
BIYA,2025-04-14,52.73,data/filtered/BIYA_None_52.73
BIYA,2025-04-17,35.02,data/filtered/BIYA_None_35.02
BIYA,2025-04-21,39.81,data/filtered/BIYA_None_39.81
BIYA,2025-05-07,34.82,data/filtered/BIYA_None_34.82
BJDX,2025-01-24,35.00,data/filtered/BJDX_None_35.00
BJDX,2025-02-25,34.05,data/filtered/BJDX_None_34.05
BJDX,2025-04-04,38.46,data/filtered/BJDX_None_38.46
BJDX,2025-04-07,188.95,data/filtered/BJDX_None_188.95
BJDX,2025-04-10,45.16,data/filtered/BJDX_None_45.16
BJDX,2025-06-06,61.18,data/filtered/BJDX_None_61.18
BJDX,2025-08-11,77.14,data/filtered/BJDX_None_77.14
BJDX,2025-10-07,73.55,data/filtered/BJDX_None_73.55
BJDX,2025-10-09,122.99,data/filtered/BJDX_None_122.99
BJDX,2025-10-14,32.60,data/filtered/BJDX_None_32.60
BKHAR,2025-01-21,33.33,data/filtered/BKHAR_None_33.33
BKHAR,2025-01-30,38.61,data/filtered/BKHAR_None_38.61
BKHAR,2025-02-03,68.71,data/filtered/BKHAR_None_68.71
BKHAR,2025-03-13,34.97,data/filtered/BKHAR_None_34.97
BKHAR,2025-06-23,68.33,data/filtered/BKHAR_None_68.33
BKKT,2025-03-05,30.33,data/filtered/BKKT_None_30.33
BKKT,2025-03-20,41.78,data/filtered/BKKT_None_41.78
BKKT,2025-04-09,30.05,data/filtered/BKKT_None_30.05
BKKT,2025-05-13,54.75,data/filtered/BKKT_None_54.75
BKKT,2025-07-02,35.61,data/filtered/BKKT_None_35.61
BKKT,2025-09-22,52.11,data/filtered/BKKT_None_52.11
BKKT,2025-09-29,48.86,data/filtered/BKKT_None_48.86
BKKT,2025-09-30,32.88,data/filtered/BKKT_None_32.88
BKKT,2025-10-02,45.80,data/filtered/BKKT_None_45.80
BKSY,2025-01-28,32.14,data/filtered/BKSY_None_32.14
BKSY,2025-05-08,34.32,data/filtered/BKSY_None_34.32
BKYI,2025-01-03,36.69,data/filtered/BKYI_None_36.69
BKYI,2025-01-10,34.72,data/filtered/BKYI_None_34.72
BKYI,2025-01-15,168.61,data/filtered/BKYI_None_168.61
BKYI,2025-10-27,155.81,data/filtered/BKYI_None_155.81
BLBX,2025-01-22,255.02,data/filtered/BLBX_None_255.02
BLBX,2025-01-28,51.04,data/filtered/BLBX_None_51.04
BLBX,2025-10-08,30.23,data/filtered/BLBX_None_30.23
BLBX,2025-10-13,71.17,data/filtered/BLBX_None_71.17
BLBX,2025-10-14,39.49,data/filtered/BLBX_None_39.49
BLIN,2025-01-06,53.63,data/filtered/BLIN_None_53.63
BLIN,2025-04-02,34.16,data/filtered/BLIN_None_34.16
BLIV,2025-04-09,106.45,data/filtered/BLIV_None_106.45
BLIV,2025-04-23,30.26,data/filtered/BLIV_None_30.26
BLIV,2025-07-30,38.61,data/filtered/BLIV_None_38.61
BLMZ,2025-03-20,30.63,data/filtered/BLMZ_None_30.63
BLMZ,2025-05-01,50.20,data/filtered/BLMZ_None_50.20
BLMZ,2025-05-06,113.90,data/filtered/BLMZ_None_113.90
BLMZ,2025-05-15,31.31,data/filtered/BLMZ_None_31.31
BLMZ,2025-05-20,283.10,data/filtered/BLMZ_None_283.10
BLMZ,2025-05-23,93.43,data/filtered/BLMZ_None_93.43
BLMZ,2025-07-15,99.93,data/filtered/BLMZ_None_99.93
BLMZ,2025-07-22,64.26,data/filtered/BLMZ_None_64.26
BLMZ,2025-09-19,37.72,data/filtered/BLMZ_None_37.72
BLMZ,2025-10-08,48.11,data/filtered/BLMZ_None_48.11
BLMZ,2025-10-28,37.66,data/filtered/BLMZ_None_37.66
BLNE,2025-03-25,30.47,data/filtered/BLNE_None_30.47
BLNE,2025-03-26,67.55,data/filtered/BLNE_None_67.55
BLNE,2025-06-18,59.21,data/filtered/BLNE_None_59.21
BLNE,2025-06-20,33.64,data/filtered/BLNE_None_33.64
BLNE,2025-06-24,46.36,data/filtered/BLNE_None_46.36
BLNE,2025-07-22,65.66,data/filtered/BLNE_None_65.66
BLNE,2025-08-27,41.78,data/filtered/BLNE_None_41.78
BLNE,2025-09-15,41.20,data/filtered/BLNE_None_41.20
BLRX,2025-05-30,104.96,data/filtered/BLRX_None_104.96
BMA,2025-10-27,46.97,data/filtered/BMA_None_46.97
BMEA,2025-06-03,73.55,data/filtered/BMEA_None_73.55
BMEA,2025-10-06,39.07,data/filtered/BMEA_None_39.07
BMGL,2025-05-14,44.44,data/filtered/BMGL_None_44.44
BMGL,2025-05-15,91.58,data/filtered/BMGL_None_91.58
BMGL,2025-05-16,37.64,data/filtered/BMGL_None_37.64
BMGL,2025-05-30,590.38,data/filtered/BMGL_None_590.38
BMGL,2025-06-02,54.61,data/filtered/BMGL_None_54.61
BMGL,2025-06-03,35.20,data/filtered/BMGL_None_35.20
BMGL,2025-07-07,32.56,data/filtered/BMGL_None_32.56
BMGL,2025-07-09,104.95,data/filtered/BMGL_None_104.95
BMGL,2025-07-14,102.22,data/filtered/BMGL_None_102.22
BMRA,2025-01-16,262.86,data/filtered/BMRA_None_262.86
BMRA,2025-02-10,49.45,data/filtered/BMRA_None_49.45
BMRA,2025-02-18,32.53,data/filtered/BMRA_None_32.53
BMRA,2025-08-14,51.82,data/filtered/BMRA_None_51.82
BNAI,2025-02-10,156.07,data/filtered/BNAI_None_156.07
BNBX,2025-10-22,80.41,data/filtered/BNBX_None_80.41
BNC,2025-08-11,63.74,data/filtered/BNC_None_63.74
BNC,2025-08-13,34.18,data/filtered/BNC_None_34.18
BNGO,2025-01-03,48.84,data/filtered/BNGO_None_48.84
BNGO,2025-04-10,49.35,data/filtered/BNGO_None_49.35
BNGO,2025-05-15,32.35,data/filtered/BNGO_None_32.35
BNRG,2025-01-10,33.04,data/filtered/BNRG_None_33.04
BNRG,2025-01-21,37.78,data/filtered/BNRG_None_37.78
BNRG,2025-02-18,34.43,data/filtered/BNRG_None_34.43
BNRG,2025-05-23,35.45,data/filtered/BNRG_None_35.45
BNRG,2025-05-29,31.91,data/filtered/BNRG_None_31.91
BNR,2025-06-12,39.20,data/filtered/BNR_None_39.20
BNR,2025-07-23,62.70,data/filtered/BNR_None_62.70
BNR,2025-08-18,43.58,data/filtered/BNR_None_43.58
BNZI,2025-01-29,63.20,data/filtered/BNZI_None_63.20
BNZI,2025-01-30,39.90,data/filtered/BNZI_None_39.90
BNZI,2025-03-14,33.26,data/filtered/BNZI_None_33.26
BNZI,2025-03-18,37.61,data/filtered/BNZI_None_37.61
BNZI,2025-03-26,46.60,data/filtered/BNZI_None_46.60
BNZI,2025-06-16,78.69,data/filtered/BNZI_None_78.69
BNZI,2025-08-08,39.87,data/filtered/BNZI_None_39.87
BODI,2025-01-16,31.58,data/filtered/BODI_None_31.58
BODI,2025-06-10,50.14,data/filtered/BODI_None_50.14
BODI,2025-08-06,50.52,data/filtered/BODI_None_50.52
BOF,2025-10-21,44.15,data/filtered/BOF_None_44.15
BOLT,2025-05-21,40.25,data/filtered/BOLT_None_40.25
BON,2025-02-28,73.68,data/filtered/BON_None_73.68
BON,2025-03-12,55.27,data/filtered/BON_None_55.27
BON,2025-03-13,84.19,data/filtered/BON_None_84.19
BON,2025-03-14,300.98,data/filtered/BON_None_300.98
BON,2025-04-07,59.66,data/filtered/BON_None_59.66
BON,2025-04-11,119.11,data/filtered/BON_None_119.11
BON,2025-04-29,58.31,data/filtered/BON_None_58.31
BON,2025-05-14,59.29,data/filtered/BON_None_59.29
BON,2025-05-16,62.19,data/filtered/BON_None_62.19
BON,2025-05-20,42.31,data/filtered/BON_None_42.31
BON,2025-05-22,101.43,data/filtered/BON_None_101.43
BON,2025-06-04,40.93,data/filtered/BON_None_40.93
BON,2025-09-09,120.78,data/filtered/BON_None_120.78
BOSC,2025-05-29,41.75,data/filtered/BOSC_None_41.75
BOXL,2025-01-06,363.04,data/filtered/BOXL_None_363.04
BOXL,2025-02-21,84.39,data/filtered/BOXL_None_84.39
BOXL,2025-09-16,87.86,data/filtered/BOXL_None_87.86
BOXL,2025-09-22,550.64,data/filtered/BOXL_None_550.64
BRBI,2025-09-23,179.21,data/filtered/BRBI_None_179.21
BRFH,2025-01-22,35.74,data/filtered/BRFH_None_35.74
BRFH,2025-09-18,40.21,data/filtered/BRFH_None_40.21
BRFH,2025-09-19,58.33,data/filtered/BRFH_None_58.33
BRLS,2025-05-28,39.88,data/filtered/BRLS_None_39.88
BRLS,2025-06-06,102.90,data/filtered/BRLS_None_102.90
BRLS,2025-06-11,38.78,data/filtered/BRLS_None_38.78
BRLS,2025-10-02,91.97,data/filtered/BRLS_None_91.97
BRLT,2025-03-13,44.98,data/filtered/BRLT_None_44.98
BRLT,2025-08-07,97.82,data/filtered/BRLT_None_97.82
BRNS,2025-07-16,186.27,data/filtered/BRNS_None_186.27
BRNS,2025-07-21,94.31,data/filtered/BRNS_None_94.31
BRNS,2025-10-01,33.60,data/filtered/BRNS_None_33.60
BROS,2025-02-13,33.55,data/filtered/BROS_None_33.55
BRRWW,2025-10-21,34.00,data/filtered/BRRWW_None_34.00
BSLK,2025-02-05,40.96,data/filtered/BSLK_None_40.96
BSLK,2025-02-06,33.90,data/filtered/BSLK_None_33.90
BSLK,2025-02-13,309.84,data/filtered/BSLK_None_309.84
BSLK,2025-02-18,42.40,data/filtered/BSLK_None_42.40
BSLK,2025-02-19,74.05,data/filtered/BSLK_None_74.05
BSLK,2025-04-23,52.35,data/filtered/BSLK_None_52.35
BSLK,2025-05-30,96.13,data/filtered/BSLK_None_96.13
BSLK,2025-07-08,89.60,data/filtered/BSLK_None_89.60
BSLK,2025-07-17,96.38,data/filtered/BSLK_None_96.38
BSLK,2025-07-29,30.11,data/filtered/BSLK_None_30.11
BSLK,2025-08-13,705.05,data/filtered/BSLK_None_705.05
BSLK,2025-08-15,65.65,data/filtered/BSLK_None_65.65
BSLK,2025-08-19,76.07,data/filtered/BSLK_None_76.07
BSLK,2025-09-04,80.28,data/filtered/BSLK_None_80.28
BTAI,2025-01-06,39.73,data/filtered/BTAI_None_39.73
BTAI,2025-02-28,63.01,data/filtered/BTAI_None_63.01
BTAI,2025-03-03,216.20,data/filtered/BTAI_None_216.20
BTAI,2025-03-19,41.36,data/filtered/BTAI_None_41.36
BTAI,2025-08-01,58.02,data/filtered/BTAI_None_58.02
BTAI,2025-08-04,100.73,data/filtered/BTAI_None_100.73
BTAI,2025-08-05,37.01,data/filtered/BTAI_None_37.01
BTAI,2025-08-08,37.24,data/filtered/BTAI_None_37.24
BTAI,2025-08-11,65.59,data/filtered/BTAI_None_65.59
BTBD,2025-08-04,241.46,data/filtered/BTBD_None_241.46
BTBD,2025-09-03,143.24,data/filtered/BTBD_None_143.24
BTBT,2025-07-07,31.29,data/filtered/BTBT_None_31.29
BTCS,2025-01-17,54.48,data/filtered/BTCS_None_54.48
BTCS,2025-05-09,63.02,data/filtered/BTCS_None_63.02
BTCS,2025-07-08,121.07,data/filtered/BTCS_None_121.07
BTCS,2025-07-16,36.53,data/filtered/BTCS_None_36.53
BTCS,2025-07-18,31.22,data/filtered/BTCS_None_31.22
BTCT,2025-01-17,107.98,data/filtered/BTCT_None_107.98
BTCT,2025-01-23,37.99,data/filtered/BTCT_None_37.99
BTCT,2025-03-03,37.50,data/filtered/BTCT_None_37.50
BTDR,2025-10-15,38.17,data/filtered/BTDR_None_38.17
BTM,2025-05-15,41.18,data/filtered/BTM_None_41.18
BTM,2025-05-16,37.32,data/filtered/BTM_None_37.32
BTOC,2025-05-13,42.86,data/filtered/BTOC_None_42.86
BTOG,2025-07-18,60.06,data/filtered/BTOG_None_60.06
BTQ,2025-09-29,34.41,data/filtered/BTQ_None_34.41
BTQ,2025-10-06,31.99,data/filtered/BTQ_None_31.99
BTQ,2025-10-07,58.04,data/filtered/BTQ_None_58.04
BTTC,2025-10-02,309.66,data/filtered/BTTC_None_309.66
BULLW,2025-04-14,260.00,data/filtered/BULLW_None_260.00
BULLW,2025-04-15,31.63,data/filtered/BULLW_None_31.63
BULLW,2025-04-16,35.20,data/filtered/BULLW_None_35.20
BULLW,2025-04-22,30.85,data/filtered/BULLW_None_30.85
BULLW,2025-05-02,57.65,data/filtered/BULLW_None_57.65
BULLW,2025-05-07,75.44,data/filtered/BULLW_None_75.44
BULLW,2025-05-08,45.27,data/filtered/BULLW_None_45.27
BULLW,2025-05-16,39.27,data/filtered/BULLW_None_39.27
BULLW,2025-05-20,51.97,data/filtered/BULLW_None_51.97
BULLW,2025-05-21,36.38,data/filtered/BULLW_None_36.38
BULLW,2025-05-28,30.03,data/filtered/BULLW_None_30.03
BULL,2025-04-14,500.45,data/filtered/BULL_None_500.45
BULL,2025-04-22,35.37,data/filtered/BULL_None_35.37
BUUU,2025-09-09,30.71,data/filtered/BUUU_None_30.71
BUUU,2025-09-15,34.94,data/filtered/BUUU_None_34.94
BWNB,2025-05-06,32.44,data/filtered/BWNB_None_32.44
BWNB,2025-05-07,31.17,data/filtered/BWNB_None_31.17
BWNB,2025-05-13,49.87,data/filtered/BWNB_None_49.87
BWNB,2025-06-05,55.38,data/filtered/BWNB_None_55.38
BWSN,2025-05-06,47.51,data/filtered/BWSN_None_47.51
BWSN,2025-05-07,32.28,data/filtered/BWSN_None_32.28
BWSN,2025-05-13,40.97,data/filtered/BWSN_None_40.97
BWSN,2025-06-05,35.91,data/filtered/BWSN_None_35.91
BW,2025-06-05,119.98,data/filtered/BW_None_119.98
BW,2025-09-10,34.33,data/filtered/BW_None_34.33
BYND,2025-07-21,30.29,data/filtered/BYND_None_30.29
BYND,2025-10-20,136.99,data/filtered/BYND_None_136.99
BYND,2025-10-28,30.39,data/filtered/BYND_None_30.39
BYSI,2025-06-09,30.00,data/filtered/BYSI_None_30.00
BZAIW,2025-10-06,74.62,data/filtered/BZAIW_None_74.62
BZAIW,2025-10-15,59.57,data/filtered/BZAIW_None_59.57
BZAI,2025-01-17,76.92,data/filtered/BZAI_None_76.92
BZAI,2025-02-13,48.85,data/filtered/BZAI_None_48.85
BZAI,2025-02-14,37.25,data/filtered/BZAI_None_37.25
BZAI,2025-07-18,79.54,data/filtered/BZAI_None_79.54
BZAI,2025-10-06,34.10,data/filtered/BZAI_None_34.10
BZAI,2025-10-15,34.93,data/filtered/BZAI_None_34.93
BZFD,2025-05-27,30.21,data/filtered/BZFD_None_30.21
CABA,2025-05-15,40.38,data/filtered/CABA_None_40.38
CABA,2025-08-13,31.58,data/filtered/CABA_None_31.58
CABA,2025-10-09,38.59,data/filtered/CABA_None_38.59
CABA,2025-10-31,48.58,data/filtered/CABA_None_48.58
CADL,2025-02-20,30.66,data/filtered/CADL_None_30.66
CALC,2025-07-11,39.49,data/filtered/CALC_None_39.49
CAMP,2025-01-21,46.97,data/filtered/CAMP_None_46.97
CAMP,2025-02-28,31.47,data/filtered/CAMP_None_31.47
CAMP,2025-03-11,31.03,data/filtered/CAMP_None_31.03
CAMP,2025-09-10,85.93,data/filtered/CAMP_None_85.93
CAN,2025-10-02,30.77,data/filtered/CAN_None_30.77
CAN,2025-10-13,40.37,data/filtered/CAN_None_40.37
CAN,2025-10-20,38.75,data/filtered/CAN_None_38.75
CAPS,2025-03-17,45.20,data/filtered/CAPS_None_45.20
CAPS,2025-03-24,143.02,data/filtered/CAPS_None_143.02
CAPS,2025-04-08,52.20,data/filtered/CAPS_None_52.20
CAPS,2025-05-16,98.19,data/filtered/CAPS_None_98.19
CAPS,2025-08-25,88.18,data/filtered/CAPS_None_88.18
CAPT,2025-02-04,341.91,data/filtered/CAPT_None_341.91
CAPT,2025-05-30,46.94,data/filtered/CAPT_None_46.94
CAPT,2025-06-04,36.78,data/filtered/CAPT_None_36.78
CARV,2025-07-18,34.72,data/filtered/CARV_None_34.72
CARV,2025-09-02,47.38,data/filtered/CARV_None_47.38
CARV,2025-09-03,65.59,data/filtered/CARV_None_65.59
CASI,2025-06-13,63.13,data/filtered/CASI_None_63.13
CASI,2025-06-17,55.64,data/filtered/CASI_None_55.64
CASI,2025-08-04,99.22,data/filtered/CASI_None_99.22
CASI,2025-08-15,59.28,data/filtered/CASI_None_59.28
CATO,2025-08-21,40.85,data/filtered/CATO_None_40.85
CBIO,2025-06-23,39.93,data/filtered/CBIO_None_39.93
CBIO,2025-06-25,42.05,data/filtered/CBIO_None_42.05
CBLL,2025-04-11,42.06,data/filtered/CBLL_None_42.06
CBUS,2025-10-15,35.16,data/filtered/CBUS_None_35.16
CCCC,2025-08-07,41.33,data/filtered/CCCC_None_41.33
CCCC,2025-09-15,37.22,data/filtered/CCCC_None_37.22
CCCXW,2025-07-23,36.36,data/filtered/CCCXW_None_36.36
CCCXW,2025-09-08,140.64,data/filtered/CCCXW_None_140.64
CCCXW,2025-09-19,33.47,data/filtered/CCCXW_None_33.47
CCCXW,2025-10-03,31.72,data/filtered/CCCXW_None_31.72
CCCXW,2025-10-06,69.00,data/filtered/CCCXW_None_69.00
CCCXW,2025-10-07,43.61,data/filtered/CCCXW_None_43.61
CCCXW,2025-10-10,30.77,data/filtered/CCCXW_None_30.77
CCCXW,2025-10-13,37.61,data/filtered/CCCXW_None_37.61
CCG,2025-02-24,31.38,data/filtered/CCG_None_31.38
CCG,2025-02-26,44.23,data/filtered/CCG_None_44.23
CCG,2025-04-21,31.69,data/filtered/CCG_None_31.69
CCHH,2025-10-07,34.41,data/filtered/CCHH_None_34.41
CCHH,2025-10-10,31.26,data/filtered/CCHH_None_31.26
CCIIW,2025-10-20,40.00,data/filtered/CCIIW_None_40.00
CCIXW,2025-05-27,50.00,data/filtered/CCIXW_None_50.00
CCIXW,2025-05-28,44.00,data/filtered/CCIXW_None_44.00
CCIXW,2025-09-18,34.18,data/filtered/CCIXW_None_34.18
CCIXW,2025-10-09,33.62,data/filtered/CCIXW_None_33.62
CCIXW,2025-10-14,79.60,data/filtered/CCIXW_None_79.60
CCLD,2025-03-13,46.88,data/filtered/CCLD_None_46.88
CCLD,2025-05-06,39.43,data/filtered/CCLD_None_39.43
CCM,2025-01-03,55.04,data/filtered/CCM_None_55.04
CCM,2025-01-06,31.56,data/filtered/CCM_None_31.56
CCM,2025-01-30,33.87,data/filtered/CCM_None_33.87
CCM,2025-04-29,41.10,data/filtered/CCM_None_41.10
CCM,2025-07-16,30.00,data/filtered/CCM_None_30.00
CCM,2025-07-21,99.44,data/filtered/CCM_None_99.44
CCM,2025-08-01,30.52,data/filtered/CCM_None_30.52
CCO,2025-10-17,35.21,data/filtered/CCO_None_35.21
CCTG,2025-09-10,87.20,data/filtered/CCTG_None_87.20
CCTG,2025-09-29,40.17,data/filtered/CCTG_None_40.17
CCTG,2025-10-06,34.29,data/filtered/CCTG_None_34.29
CCTG,2025-10-07,47.68,data/filtered/CCTG_None_47.68
CCTG,2025-10-10,40.13,data/filtered/CCTG_None_40.13
CDIO,2025-02-07,37.51,data/filtered/CDIO_None_37.51
CDLX,2025-03-13,36.36,data/filtered/CDLX_None_36.36
CDLX,2025-06-16,41.06,data/filtered/CDLX_None_41.06
CDLX,2025-07-22,50.74,data/filtered/CDLX_None_50.74
CDLX,2025-09-18,120.98,data/filtered/CDLX_None_120.98
CDLX,2025-09-24,35.41,data/filtered/CDLX_None_35.41
CDTG,2025-06-13,81.12,data/filtered/CDTG_None_81.12
CDTG,2025-09-09,285.94,data/filtered/CDTG_None_285.94
CDTX,2025-06-23,115.94,data/filtered/CDTX_None_115.94
CDT,2025-01-07,74.27,data/filtered/CDT_None_74.27
CDT,2025-01-08,40.21,data/filtered/CDT_None_40.21
CDT,2025-01-10,123.41,data/filtered/CDT_None_123.41
CDT,2025-02-07,138.71,data/filtered/CDT_None_138.71
CDT,2025-03-28,32.81,data/filtered/CDT_None_32.81
CDT,2025-04-10,83.87,data/filtered/CDT_None_83.87
CDT,2025-04-11,30.84,data/filtered/CDT_None_30.84
CDT,2025-06-02,30.46,data/filtered/CDT_None_30.46
CDT,2025-09-17,83.92,data/filtered/CDT_None_83.92
CDT,2025-10-06,31.65,data/filtered/CDT_None_31.65
CELC,2025-07-28,237.11,data/filtered/CELC_None_237.11
CELC,2025-10-20,59.74,data/filtered/CELC_None_59.74
CELH,2025-02-21,34.90,data/filtered/CELH_None_34.90
CELU,2025-02-05,45.23,data/filtered/CELU_None_45.23
CELU,2025-03-05,55.56,data/filtered/CELU_None_55.56
CELU,2025-05-13,45.00,data/filtered/CELU_None_45.00
CELU,2025-07-18,42.73,data/filtered/CELU_None_42.73
CELU,2025-07-22,38.10,data/filtered/CELU_None_38.10
CELZ,2025-02-13,38.99,data/filtered/CELZ_None_38.99
CELZ,2025-02-19,31.75,data/filtered/CELZ_None_31.75
CELZ,2025-07-09,59.11,data/filtered/CELZ_None_59.11
CENX,2025-06-02,31.89,data/filtered/CENX_None_31.89
CEPU,2025-10-27,44.97,data/filtered/CEPU_None_44.97
CEP,2025-04-23,67.89,data/filtered/CEP_None_67.89
CEP,2025-04-24,138.12,data/filtered/CEP_None_138.12
CEP,2025-04-25,56.77,data/filtered/CEP_None_56.77
CEP,2025-04-30,42.52,data/filtered/CEP_None_42.52
CEP,2025-05-01,41.82,data/filtered/CEP_None_41.82
CEP,2025-05-20,31.65,data/filtered/CEP_None_31.65
CETX,2025-05-16,34.90,data/filtered/CETX_None_34.90
CETX,2025-05-27,68.55,data/filtered/CETX_None_68.55
CETX,2025-06-13,31.37,data/filtered/CETX_None_31.37
CETX,2025-06-25,44.10,data/filtered/CETX_None_44.10
CETY,2025-01-22,32.71,data/filtered/CETY_None_32.71
CETY,2025-03-03,42.77,data/filtered/CETY_None_42.77
CETY,2025-03-10,32.34,data/filtered/CETY_None_32.34
CETY,2025-03-17,31.36,data/filtered/CETY_None_31.36
CETY,2025-08-01,34.27,data/filtered/CETY_None_34.27
CGC,2025-02-05,34.30,data/filtered/CGC_None_34.30
CGC,2025-08-08,36.19,data/filtered/CGC_None_36.19
CGC,2025-08-11,36.00,data/filtered/CGC_None_36.00
CGON,2025-04-28,44.39,data/filtered/CGON_None_44.39
CGTL,2025-04-03,39.28,data/filtered/CGTL_None_39.28
CGTL,2025-05-01,30.98,data/filtered/CGTL_None_30.98
CGTL,2025-06-12,100.46,data/filtered/CGTL_None_100.46
CGTL,2025-06-13,44.81,data/filtered/CGTL_None_44.81
CGTL,2025-06-16,43.65,data/filtered/CGTL_None_43.65
CGTL,2025-09-10,113.50,data/filtered/CGTL_None_113.50
CGTX,2025-07-10,95.38,data/filtered/CGTX_None_95.38
CGTX,2025-08-13,33.64,data/filtered/CGTX_None_33.64
CGTX,2025-08-14,48.36,data/filtered/CGTX_None_48.36
CGTX,2025-08-22,44.22,data/filtered/CGTX_None_44.22
CGTX,2025-08-25,36.30,data/filtered/CGTX_None_36.30
CHEK,2025-01-03,62.78,data/filtered/CHEK_None_62.78
CHEK,2025-01-07,48.15,data/filtered/CHEK_None_48.15
CHEK,2025-02-24,96.31,data/filtered/CHEK_None_96.31
CHEK,2025-05-13,47.24,data/filtered/CHEK_None_47.24
CHEK,2025-08-29,64.72,data/filtered/CHEK_None_64.72
CHEK,2025-09-15,319.63,data/filtered/CHEK_None_319.63
CHEK,2025-09-16,35.85,data/filtered/CHEK_None_35.85
CHGG,2025-06-06,48.76,data/filtered/CHGG_None_48.76
CHNR,2025-06-11,60.36,data/filtered/CHNR_None_60.36
CHNR,2025-09-25,46.93,data/filtered/CHNR_None_46.93
CHNR,2025-10-13,64.75,data/filtered/CHNR_None_64.75
CHR,2025-09-09,56.57,data/filtered/CHR_None_56.57
CHSN,2025-04-07,151.14,data/filtered/CHSN_None_151.14
CHSN,2025-05-12,108.53,data/filtered/CHSN_None_108.53
CHSN,2025-06-11,36.85,data/filtered/CHSN_None_36.85
CHSN,2025-08-04,31.70,data/filtered/CHSN_None_31.70
CHSN,2025-09-02,50.88,data/filtered/CHSN_None_50.88
CHSN,2025-09-09,73.97,data/filtered/CHSN_None_73.97
CIFRW,2025-01-03,30.08,data/filtered/CIFRW_None_30.08
CIFRW,2025-01-31,64.71,data/filtered/CIFRW_None_64.71
CIFRW,2025-02-28,42.53,data/filtered/CIFRW_None_42.53
CIFRW,2025-07-02,31.48,data/filtered/CIFRW_None_31.48
CIFRW,2025-07-03,30.43,data/filtered/CIFRW_None_30.43
CIFRW,2025-08-18,47.33,data/filtered/CIFRW_None_47.33
CIFRW,2025-09-02,33.52,data/filtered/CIFRW_None_33.52
CIFRW,2025-09-09,52.31,data/filtered/CIFRW_None_52.31
CIFRW,2025-10-13,46.23,data/filtered/CIFRW_None_46.23
CIFR,2025-01-31,33.83,data/filtered/CIFR_None_33.83
CIGL,2025-05-07,65.23,data/filtered/CIGL_None_65.23
CIGL,2025-06-23,33.49,data/filtered/CIGL_None_33.49
CIGL,2025-06-30,180.15,data/filtered/CIGL_None_180.15
CIGL,2025-07-02,61.94,data/filtered/CIGL_None_61.94
CIGL,2025-07-09,36.93,data/filtered/CIGL_None_36.93
CIGL,2025-09-04,222.45,data/filtered/CIGL_None_222.45
CIGL,2025-09-05,56.01,data/filtered/CIGL_None_56.01
CIGL,2025-09-08,76.89,data/filtered/CIGL_None_76.89
CIGL,2025-09-29,50.20,data/filtered/CIGL_None_50.20
CIGL,2025-10-02,112.06,data/filtered/CIGL_None_112.06
CIIT,2025-07-09,34.47,data/filtered/CIIT_None_34.47
CIIT,2025-09-12,70.00,data/filtered/CIIT_None_70.00
CIIT,2025-10-17,75.86,data/filtered/CIIT_None_75.86
CIIT,2025-10-24,40.65,data/filtered/CIIT_None_40.65
CISO,2025-02-14,30.28,data/filtered/CISO_None_30.28
CISO,2025-05-06,81.03,data/filtered/CISO_None_81.03
CISO,2025-05-08,33.64,data/filtered/CISO_None_33.64
CISO,2025-05-12,50.50,data/filtered/CISO_None_50.50
CISO,2025-06-02,33.32,data/filtered/CISO_None_33.32
CISS,2025-10-07,168.77,data/filtered/CISS_None_168.77
CJET,2025-01-21,70.37,data/filtered/CJET_None_70.37
CJET,2025-03-18,45.22,data/filtered/CJET_None_45.22
CJET,2025-09-19,236.43,data/filtered/CJET_None_236.43
CJET,2025-09-24,39.41,data/filtered/CJET_None_39.41
CJET,2025-09-26,32.03,data/filtered/CJET_None_32.03
CJET,2025-10-01,213.39,data/filtered/CJET_None_213.39
CJET,2025-10-24,36.01,data/filtered/CJET_None_36.01
CJMB,2025-02-06,89.27,data/filtered/CJMB_None_89.27
CLB,2025-10-23,32.73,data/filtered/CLB_None_32.73
CLGN,2025-05-28,81.35,data/filtered/CLGN_None_81.35
CLGN,2025-05-29,46.47,data/filtered/CLGN_None_46.47
CLGN,2025-08-21,30.15,data/filtered/CLGN_None_30.15
CLIK,2025-02-24,35.07,data/filtered/CLIK_None_35.07
CLIK,2025-03-17,38.89,data/filtered/CLIK_None_38.89
CLIK,2025-03-20,32.34,data/filtered/CLIK_None_32.34
CLIK,2025-03-21,43.90,data/filtered/CLIK_None_43.90
CLIK,2025-04-22,30.56,data/filtered/CLIK_None_30.56
CLIK,2025-05-02,82.15,data/filtered/CLIK_None_82.15
CLIK,2025-05-15,307.14,data/filtered/CLIK_None_307.14
CLIK,2025-05-19,42.05,data/filtered/CLIK_None_42.05
CLIK,2025-05-20,42.31,data/filtered/CLIK_None_42.31
CLIK,2025-09-30,62.71,data/filtered/CLIK_None_62.71
CLIK,2025-10-13,50.66,data/filtered/CLIK_None_50.66
CLIK,2025-10-27,90.02,data/filtered/CLIK_None_90.02
CLIR,2025-10-06,30.52,data/filtered/CLIR_None_30.52
CLLS,2025-01-06,33.13,data/filtered/CLLS_None_33.13
CLLS,2025-07-14,43.40,data/filtered/CLLS_None_43.40
CLLS,2025-07-25,33.00,data/filtered/CLLS_None_33.00
CLLS,2025-10-16,33.32,data/filtered/CLLS_None_33.32
CLNN,2025-06-02,55.17,data/filtered/CLNN_None_55.17
CLNN,2025-10-03,32.08,data/filtered/CLNN_None_32.08
CLPS,2025-10-16,57.31,data/filtered/CLPS_None_57.31
CLPT,2025-09-24,72.20,data/filtered/CLPT_None_72.20
CLRB,2025-06-04,147.29,data/filtered/CLRB_None_147.29
CLRO,2025-01-03,40.42,data/filtered/CLRO_None_40.42
CLRO,2025-03-03,61.64,data/filtered/CLRO_None_61.64
CLRO,2025-06-20,41.65,data/filtered/CLRO_None_41.65
CLRO,2025-07-01,168.17,data/filtered/CLRO_None_168.17
CLRO,2025-09-30,30.86,data/filtered/CLRO_None_30.86
CLSD,2025-07-23,76.52,data/filtered/CLSD_None_76.52
CMBM,2025-01-06,37.09,data/filtered/CMBM_None_37.09
CMBM,2025-07-18,48.15,data/filtered/CMBM_None_48.15
CMBM,2025-07-21,42.16,data/filtered/CMBM_None_42.16
CMBM,2025-10-29,576.38,data/filtered/CMBM_None_576.38
CMBM,2025-10-30,130.51,data/filtered/CMBM_None_130.51
CMCT,2025-04-22,60.82,data/filtered/CMCT_None_60.82
CMCT,2025-08-07,46.13,data/filtered/CMCT_None_46.13
CMND,2025-07-03,45.07,data/filtered/CMND_None_45.07
CMND,2025-09-19,31.00,data/filtered/CMND_None_31.00
CMPOW,2025-08-08,46.84,data/filtered/CMPOW_None_46.84
CMPX,2025-01-08,87.41,data/filtered/CMPX_None_87.41
CNCKW,2025-01-16,30.59,data/filtered/CNCKW_None_30.59
CNCKW,2025-02-26,56.84,data/filtered/CNCKW_None_56.84
CNCKW,2025-04-22,53.33,data/filtered/CNCKW_None_53.33
CNCKW,2025-05-09,31.16,data/filtered/CNCKW_None_31.16
CNCKW,2025-08-06,39.61,data/filtered/CNCKW_None_39.61
CNCKW,2025-08-08,44.74,data/filtered/CNCKW_None_44.74
CNCK,2025-05-22,33.61,data/filtered/CNCK_None_33.61
CNET,2025-06-11,41.50,data/filtered/CNET_None_41.50
CNET,2025-09-12,66.47,data/filtered/CNET_None_66.47
CNEY,2025-01-07,35.42,data/filtered/CNEY_None_35.42
CNEY,2025-02-24,67.62,data/filtered/CNEY_None_67.62
CNEY,2025-04-24,59.32,data/filtered/CNEY_None_59.32
CNEY,2025-05-02,50.21,data/filtered/CNEY_None_50.21
CNEY,2025-05-07,62.53,data/filtered/CNEY_None_62.53
CNEY,2025-05-12,52.62,data/filtered/CNEY_None_52.62
CNF,2025-04-30,50.47,data/filtered/CNF_None_50.47
CNF,2025-09-05,160.42,data/filtered/CNF_None_160.42
CNSP,2025-01-06,32.28,data/filtered/CNSP_None_32.28
CNSP,2025-02-14,76.25,data/filtered/CNSP_None_76.25
CNSP,2025-05-13,139.66,data/filtered/CNSP_None_139.66
CNSP,2025-08-20,35.30,data/filtered/CNSP_None_35.30
CNTB,2025-04-15,53.63,data/filtered/CNTB_None_53.63
CNTB,2025-07-11,35.65,data/filtered/CNTB_None_35.65
CNTB,2025-07-22,43.00,data/filtered/CNTB_None_43.00
CNXC,2025-03-27,44.48,data/filtered/CNXC_None_44.48
COCH,2025-10-07,134.26,data/filtered/COCH_None_134.26
COCP,2025-09-12,85.42,data/filtered/COCP_None_85.42
CODX,2025-01-06,37.18,data/filtered/CODX_None_37.18
CODX,2025-10-27,341.97,data/filtered/CODX_None_341.97
COEP,2025-01-06,43.88,data/filtered/COEP_None_43.88
COGT,2025-07-07,34.96,data/filtered/COGT_None_34.96
COIG,2025-04-09,34.82,data/filtered/COIG_None_34.82
COIG,2025-05-13,50.65,data/filtered/COIG_None_50.65
COIG,2025-06-18,35.86,data/filtered/COIG_None_35.86
COMM,2025-08-04,94.48,data/filtered/COMM_None_94.48
CONI,2025-08-01,35.68,data/filtered/CONI_None_35.68
CONL,2025-04-09,42.31,data/filtered/CONL_None_42.31
CONL,2025-05-13,51.27,data/filtered/CONL_None_51.27
CONL,2025-06-18,35.49,data/filtered/CONL_None_35.49
COOK,2025-06-09,50.34,data/filtered/COOK_None_50.34
COOT,2025-10-14,78.79,data/filtered/COOT_None_78.79
COOT,2025-10-15,366.32,data/filtered/COOT_None_366.32
CORT,2025-03-31,114.77,data/filtered/CORT_None_114.77
CORZW,2025-02-27,32.00,data/filtered/CORZW_None_32.00
CORZW,2025-04-09,34.36,data/filtered/CORZW_None_34.36
CORZW,2025-06-26,63.33,data/filtered/CORZW_None_63.33
CORZZ,2025-06-26,37.54,data/filtered/CORZZ_None_37.54
CORZ,2025-06-26,37.32,data/filtered/CORZ_None_37.32
COSM,2025-08-06,45.79,data/filtered/COSM_None_45.79
COUR,2025-07-25,37.56,data/filtered/COUR_None_37.56
CPIX,2025-01-14,68.67,data/filtered/CPIX_None_68.67
CPIX,2025-02-04,77.93,data/filtered/CPIX_None_77.93
CPIX,2025-02-05,71.01,data/filtered/CPIX_None_71.01
CPIX,2025-02-19,49.17,data/filtered/CPIX_None_49.17
CPIX,2025-06-30,35.38,data/filtered/CPIX_None_35.38
CPOP,2025-01-06,32.79,data/filtered/CPOP_None_32.79
CPOP,2025-07-31,177.98,data/filtered/CPOP_None_177.98
CPOP,2025-08-06,104.13,data/filtered/CPOP_None_104.13
CPOP,2025-08-20,40.21,data/filtered/CPOP_None_40.21
CPOP,2025-09-10,47.91,data/filtered/CPOP_None_47.91
CPOP,2025-09-25,85.77,data/filtered/CPOP_None_85.77
CPRI,2025-04-09,33.41,data/filtered/CPRI_None_33.41
CPS,2025-05-02,45.86,data/filtered/CPS_None_45.86
CRCG,2025-08-12,35.16,data/filtered/CRCG_None_35.16
CRCG,2025-09-11,39.53,data/filtered/CRCG_None_39.53
CRCG,2025-10-02,35.12,data/filtered/CRCG_None_35.12
CRCL,2025-06-06,48.40,data/filtered/CRCL_None_48.40
CRCL,2025-06-18,34.70,data/filtered/CRCL_None_34.70
CREG,2025-05-13,32.84,data/filtered/CREG_None_32.84
CREG,2025-06-16,154.33,data/filtered/CREG_None_154.33
CREG,2025-08-07,68.39,data/filtered/CREG_None_68.39
CREG,2025-10-01,35.25,data/filtered/CREG_None_35.25
CRESW,2025-10-27,52.06,data/filtered/CRESW_None_52.06
CRESY,2025-10-27,44.29,data/filtered/CRESY_None_44.29
CREV,2025-01-24,122.28,data/filtered/CREV_None_122.28
CREV,2025-05-02,42.00,data/filtered/CREV_None_42.00
CREV,2025-06-24,57.78,data/filtered/CREV_None_57.78
CREV,2025-06-25,35.43,data/filtered/CREV_None_35.43
CREV,2025-07-07,62.60,data/filtered/CREV_None_62.60
CREV,2025-07-25,59.42,data/filtered/CREV_None_59.42
CREV,2025-07-28,87.37,data/filtered/CREV_None_87.37
CREV,2025-10-17,51.41,data/filtered/CREV_None_51.41
CREV,2025-10-28,31.45,data/filtered/CREV_None_31.45
CRE,2025-07-24,93.52,data/filtered/CRE_None_93.52
CRE,2025-09-22,52.47,data/filtered/CRE_None_52.47
CRE,2025-09-30,62.67,data/filtered/CRE_None_62.67
CRGO,2025-04-09,31.87,data/filtered/CRGO_None_31.87
CRMD,2025-01-07,37.33,data/filtered/CRMD_None_37.33
CRMLW,2025-07-16,40.10,data/filtered/CRMLW_None_40.10
CRMLW,2025-07-17,52.39,data/filtered/CRMLW_None_52.39
CRMLW,2025-07-18,48.50,data/filtered/CRMLW_None_48.50
CRMLW,2025-08-26,40.53,data/filtered/CRMLW_None_40.53
CRMLW,2025-10-06,172.98,data/filtered/CRMLW_None_172.98
CRMLW,2025-10-08,47.63,data/filtered/CRMLW_None_47.63
CRMLW,2025-10-09,46.32,data/filtered/CRMLW_None_46.32
CRMLW,2025-10-10,38.30,data/filtered/CRMLW_None_38.30
CRMLW,2025-10-13,80.53,data/filtered/CRMLW_None_80.53
CRMLW,2025-10-14,68.34,data/filtered/CRMLW_None_68.34
CRMLW,2025-10-24,41.64,data/filtered/CRMLW_None_41.64
CRML,2025-01-10,30.60,data/filtered/CRML_None_30.60
CRML,2025-03-04,37.13,data/filtered/CRML_None_37.13
CRML,2025-04-11,45.13,data/filtered/CRML_None_45.13
CRML,2025-04-14,30.16,data/filtered/CRML_None_30.16
CRML,2025-06-13,32.30,data/filtered/CRML_None_32.30
CRML,2025-06-16,76.35,data/filtered/CRML_None_76.35
CRML,2025-06-26,38.99,data/filtered/CRML_None_38.99
CRML,2025-07-15,38.93,data/filtered/CRML_None_38.93
CRML,2025-10-06,109.02,data/filtered/CRML_None_109.02
CRML,2025-10-09,34.77,data/filtered/CRML_None_34.77
CRML,2025-10-10,30.86,data/filtered/CRML_None_30.86
CRML,2025-10-13,58.01,data/filtered/CRML_None_58.01
CRML,2025-10-14,38.10,data/filtered/CRML_None_38.10
CRNC,2025-01-03,150.82,data/filtered/CRNC_None_150.82
CRNC,2025-01-06,42.27,data/filtered/CRNC_None_42.27
CRNX,2025-09-26,30.79,data/filtered/CRNX_None_30.79
CRVO,2025-03-12,189.83,data/filtered/CRVO_None_189.83
CRVO,2025-03-17,47.67,data/filtered/CRVO_None_47.67
CRVO,2025-03-20,30.95,data/filtered/CRVO_None_30.95
CRVO,2025-03-21,46.54,data/filtered/CRVO_None_46.54
CRVO,2025-03-27,39.04,data/filtered/CRVO_None_39.04
CRVO,2025-04-02,40.28,data/filtered/CRVO_None_40.28
CRVO,2025-07-28,46.21,data/filtered/CRVO_None_46.21
CRVS,2025-05-09,34.03,data/filtered/CRVS_None_34.03
CRWG,2025-09-10,48.96,data/filtered/CRWG_None_48.96
CRWG,2025-09-30,32.69,data/filtered/CRWG_None_32.69
CRWL,2025-04-09,34.81,data/filtered/CRWL_None_34.81
CRWV,2025-04-01,43.66,data/filtered/CRWV_None_43.66
CSAI,2025-02-10,176.44,data/filtered/CSAI_None_176.44
CSAI,2025-02-11,31.52,data/filtered/CSAI_None_31.52
CSAI,2025-02-12,53.19,data/filtered/CSAI_None_53.19
CSAI,2025-02-13,197.39,data/filtered/CSAI_None_197.39
CSAI,2025-02-18,35.07,data/filtered/CSAI_None_35.07
CSAI,2025-03-19,54.40,data/filtered/CSAI_None_54.40
CSAI,2025-04-01,158.11,data/filtered/CSAI_None_158.11
CSAI,2025-10-15,41.54,data/filtered/CSAI_None_41.54
CSBR,2025-06-12,36.84,data/filtered/CSBR_None_36.84
CSTL,2025-08-05,39.25,data/filtered/CSTL_None_39.25
CTEV,2025-05-29,37.51,data/filtered/CTEV_None_37.51
CTEV,2025-08-06,31.65,data/filtered/CTEV_None_31.65
CTMX,2025-05-12,134.81,data/filtered/CTMX_None_134.81
CTNM,2025-06-20,33.42,data/filtered/CTNM_None_33.42
CTNM,2025-07-21,31.72,data/filtered/CTNM_None_31.72
CTNT,2025-06-05,62.68,data/filtered/CTNT_None_62.68
CTOR,2025-03-31,75.94,data/filtered/CTOR_None_75.94
CTOR,2025-06-20,121.29,data/filtered/CTOR_None_121.29
CTOR,2025-06-24,30.40,data/filtered/CTOR_None_30.40
CTOR,2025-06-27,76.86,data/filtered/CTOR_None_76.86
CTOR,2025-07-23,72.12,data/filtered/CTOR_None_72.12
CTOR,2025-10-16,30.81,data/filtered/CTOR_None_30.81
CTOS,2025-03-05,36.32,data/filtered/CTOS_None_36.32
CTW,2025-09-23,42.79,data/filtered/CTW_None_42.79
CTXR,2025-03-28,32.31,data/filtered/CTXR_None_32.31
CTXR,2025-03-31,47.10,data/filtered/CTXR_None_47.10
CTXR,2025-06-09,179.67,data/filtered/CTXR_None_179.67
CTXR,2025-06-20,35.88,data/filtered/CTXR_None_35.88
CTXR,2025-06-27,34.59,data/filtered/CTXR_None_34.59
CTXR,2025-10-16,39.57,data/filtered/CTXR_None_39.57
CTXR,2025-10-20,51.03,data/filtered/CTXR_None_51.03
CUE,2025-01-03,41.28,data/filtered/CUE_None_41.28
CUE,2025-07-16,47.14,data/filtered/CUE_None_47.14
CUPR,2025-05-02,34.87,data/filtered/CUPR_None_34.87
CUPR,2025-06-09,34.75,data/filtered/CUPR_None_34.75
CUPR,2025-08-21,65.50,data/filtered/CUPR_None_65.50
CUPR,2025-09-10,249.00,data/filtered/CUPR_None_249.00
CUPR,2025-10-27,41.45,data/filtered/CUPR_None_41.45
CURI,2025-03-12,32.23,data/filtered/CURI_None_32.23
CURI,2025-05-07,60.61,data/filtered/CURI_None_60.61
CURR,2025-01-08,409.35,data/filtered/CURR_None_409.35
CURR,2025-02-19,62.94,data/filtered/CURR_None_62.94
CURR,2025-03-17,37.44,data/filtered/CURR_None_37.44
CURR,2025-07-07,128.85,data/filtered/CURR_None_128.85
CURR,2025-08-14,41.30,data/filtered/CURR_None_41.30
CURR,2025-10-28,38.80,data/filtered/CURR_None_38.80
CURR,2025-10-31,31.28,data/filtered/CURR_None_31.28
CURX,2025-09-26,54.64,data/filtered/CURX_None_54.64
CVAC,2025-06-12,40.54,data/filtered/CVAC_None_40.54
CVGI,2025-05-07,33.33,data/filtered/CVGI_None_33.33
CVKD,2025-06-30,31.28,data/filtered/CVKD_None_31.28
CVNX,2025-07-31,47.09,data/filtered/CVNX_None_47.09
CV,2025-07-03,41.71,data/filtered/CV_None_41.71
CWD,2025-08-05,217.79,data/filtered/CWD_None_217.79
CWD,2025-08-28,177.65,data/filtered/CWD_None_177.65
CWD,2025-09-09,2132.56,data/filtered/CWD_None_2132.56
CWD,2025-09-17,48.50,data/filtered/CWD_None_48.50
CXAI,2025-04-04,84.68,data/filtered/CXAI_None_84.68
CYCN,2025-01-31,75.98,data/filtered/CYCN_None_75.98
CYCN,2025-02-03,59.44,data/filtered/CYCN_None_59.44
CYCU,2025-02-19,46.27,data/filtered/CYCU_None_46.27
CYCU,2025-03-04,44.34,data/filtered/CYCU_None_44.34
CYCU,2025-03-05,49.91,data/filtered/CYCU_None_49.91
CYCU,2025-04-08,61.83,data/filtered/CYCU_None_61.83
CYCU,2025-08-22,57.23,data/filtered/CYCU_None_57.23
CYCU,2025-09-02,30.98,data/filtered/CYCU_None_30.98
CYCU,2025-09-24,35.40,data/filtered/CYCU_None_35.40
CYCU,2025-09-25,86.79,data/filtered/CYCU_None_86.79
CYCU,2025-09-29,55.62,data/filtered/CYCU_None_55.62
CYCU,2025-10-16,43.32,data/filtered/CYCU_None_43.32
CYCU,2025-10-29,30.83,data/filtered/CYCU_None_30.83
CYD,2025-02-20,48.47,data/filtered/CYD_None_48.47
CYD,2025-02-24,30.00,data/filtered/CYD_None_30.00
CYH,2025-04-24,30.66,data/filtered/CYH_None_30.66
CYN,2025-01-14,45.62,data/filtered/CYN_None_45.62
CYN,2025-02-05,43.94,data/filtered/CYN_None_43.94
CYN,2025-02-10,227.24,data/filtered/CYN_None_227.24
CYN,2025-02-11,56.74,data/filtered/CYN_None_56.74
CYN,2025-02-21,37.06,data/filtered/CYN_None_37.06
CYN,2025-06-26,729.14,data/filtered/CYN_None_729.14
CYN,2025-06-27,81.47,data/filtered/CYN_None_81.47
CYN,2025-07-02,34.37,data/filtered/CYN_None_34.37
CYN,2025-07-11,32.22,data/filtered/CYN_None_32.22
CYRX,2025-03-05,32.21,data/filtered/CYRX_None_32.21
CYRX,2025-03-11,42.13,data/filtered/CYRX_None_42.13
CYRX,2025-08-06,38.72,data/filtered/CYRX_None_38.72
CYTK,2025-09-02,42.15,data/filtered/CYTK_None_42.15
DAIC,2025-06-24,75.34,data/filtered/DAIC_None_75.34
DAIC,2025-07-02,210.20,data/filtered/DAIC_None_210.20
DAO,2025-02-10,50.96,data/filtered/DAO_None_50.96
DARE,2025-07-14,265.41,data/filtered/DARE_None_265.41
DAVEW,2025-05-21,50.00,data/filtered/DAVEW_None_50.00
DAVEW,2025-06-16,30.26,data/filtered/DAVEW_None_30.26
DAVEW,2025-06-27,30.47,data/filtered/DAVEW_None_30.47
DAVEW,2025-06-30,38.30,data/filtered/DAVEW_None_38.30
DAVEW,2025-07-09,48.37,data/filtered/DAVEW_None_48.37
DAVE,2025-05-08,42.18,data/filtered/DAVE_None_42.18
DBGI,2025-09-24,59.77,data/filtered/DBGI_None_59.77
DBVT,2025-01-10,34.20,data/filtered/DBVT_None_34.20
DBVT,2025-03-28,73.40,data/filtered/DBVT_None_73.40
DBVT,2025-04-02,31.58,data/filtered/DBVT_None_31.58
DCGO,2025-10-21,37.50,data/filtered/DCGO_None_37.50
DDD,2025-08-12,37.22,data/filtered/DDD_None_37.22
DERM,2025-05-15,38.02,data/filtered/DERM_None_38.02
DEVS,2025-05-07,130.57,data/filtered/DEVS_None_130.57
DEVS,2025-05-09,43.87,data/filtered/DEVS_None_43.87
DEVS,2025-05-12,302.86,data/filtered/DEVS_None_302.86
DEVS,2025-05-14,85.96,data/filtered/DEVS_None_85.96
DEVS,2025-05-23,83.34,data/filtered/DEVS_None_83.34
DEVS,2025-07-21,132.72,data/filtered/DEVS_None_132.72
DEVS,2025-07-22,36.65,data/filtered/DEVS_None_36.65
DEVS,2025-08-01,30.34,data/filtered/DEVS_None_30.34
DEVS,2025-08-27,88.66,data/filtered/DEVS_None_88.66
DFDV,2025-05-09,41.34,data/filtered/DFDV_None_41.34
DFDV,2025-05-12,30.38,data/filtered/DFDV_None_30.38
DFDV,2025-05-16,74.45,data/filtered/DFDV_None_74.45
DFDV,2025-05-20,48.26,data/filtered/DFDV_None_48.26
DFDV,2025-05-21,47.49,data/filtered/DFDV_None_47.49
DFDV,2025-05-22,51.65,data/filtered/DFDV_None_51.65
DFDV,2025-06-06,37.39,data/filtered/DFDV_None_37.39
DFDV,2025-06-09,34.49,data/filtered/DFDV_None_34.49
DFDV,2025-06-30,36.03,data/filtered/DFDV_None_36.03
DFLI,2025-10-02,88.62,data/filtered/DFLI_None_88.62
DFLI,2025-10-03,113.08,data/filtered/DFLI_None_113.08
DFLI,2025-10-13,44.95,data/filtered/DFLI_None_44.95
DFLI,2025-10-15,70.59,data/filtered/DFLI_None_70.59
DFSC,2025-10-31,37.93,data/filtered/DFSC_None_37.93
DGLY,2025-02-18,43.42,data/filtered/DGLY_None_43.42
DGLY,2025-03-26,47.50,data/filtered/DGLY_None_47.50
DGLY,2025-04-02,218.08,data/filtered/DGLY_None_218.08
DGLY,2025-04-21,31.47,data/filtered/DGLY_None_31.47
DGLY,2025-04-28,70.82,data/filtered/DGLY_None_70.82
DGLY,2025-04-29,34.29,data/filtered/DGLY_None_34.29
DGLY,2025-05-08,52.86,data/filtered/DGLY_None_52.86
DGLY,2025-05-27,67.98,data/filtered/DGLY_None_67.98
DGLY,2025-09-10,35.91,data/filtered/DGLY_None_35.91
DGNX,2025-01-23,206.01,data/filtered/DGNX_None_206.01
DGNX,2025-01-28,88.96,data/filtered/DGNX_None_88.96
DGNX,2025-01-29,234.55,data/filtered/DGNX_None_234.55
DGNX,2025-01-31,44.69,data/filtered/DGNX_None_44.69
DGNX,2025-02-07,34.86,data/filtered/DGNX_None_34.86
DGNX,2025-02-21,42.96,data/filtered/DGNX_None_42.96
DGNX,2025-02-24,46.68,data/filtered/DGNX_None_46.68
DGNX,2025-03-19,55.07,data/filtered/DGNX_None_55.07
DGNX,2025-03-20,37.73,data/filtered/DGNX_None_37.73
DGNX,2025-04-15,30.27,data/filtered/DGNX_None_30.27
DGNX,2025-06-06,58.87,data/filtered/DGNX_None_58.87
DGNX,2025-07-10,30.83,data/filtered/DGNX_None_30.83
DGNX,2025-09-10,82.38,data/filtered/DGNX_None_82.38
DGNX,2025-09-22,43.70,data/filtered/DGNX_None_43.70
DGNX,2025-10-08,30.82,data/filtered/DGNX_None_30.82
DGXX,2025-04-21,92.94,data/filtered/DGXX_None_92.94
DGXX,2025-10-27,30.50,data/filtered/DGXX_None_30.50
DHC,2025-05-06,44.04,data/filtered/DHC_None_44.04
DHX,2025-05-08,32.35,data/filtered/DHX_None_32.35
DH,2025-05-09,54.41,data/filtered/DH_None_54.41
DJTWW,2025-01-13,32.98,data/filtered/DJTWW_None_32.98
DKI,2025-08-25,54.92,data/filtered/DKI_None_54.92
DKI,2025-09-11,31.59,data/filtered/DKI_None_31.59
DKI,2025-09-25,31.16,data/filtered/DKI_None_31.16
DKI,2025-10-02,30.21,data/filtered/DKI_None_30.21
DLHC,2025-04-16,41.97,data/filtered/DLHC_None_41.97
DLHC,2025-10-31,32.79,data/filtered/DLHC_None_32.79
DLLL,2025-04-09,33.91,data/filtered/DLLL_None_33.91
DLO,2025-08-14,34.64,data/filtered/DLO_None_34.64
DLPN,2025-08-14,52.14,data/filtered/DLPN_None_52.14
DLTH,2025-09-04,97.46,data/filtered/DLTH_None_97.46
DNUT,2025-07-23,38.74,data/filtered/DNUT_None_38.74
DNUT,2025-10-22,37.74,data/filtered/DNUT_None_37.74
DOCN,2025-08-05,30.62,data/filtered/DOCN_None_30.62
DOCS,2025-02-07,38.53,data/filtered/DOCS_None_38.53
DOGZ,2025-01-21,78.26,data/filtered/DOGZ_None_78.26
DOGZ,2025-08-14,42.90,data/filtered/DOGZ_None_42.90
DOMH,2025-01-24,36.36,data/filtered/DOMH_None_36.36
DOMH,2025-01-30,67.40,data/filtered/DOMH_None_67.40
DOMH,2025-02-10,101.86,data/filtered/DOMH_None_101.86
DOMH,2025-02-11,83.93,data/filtered/DOMH_None_83.93
DOMH,2025-02-13,97.67,data/filtered/DOMH_None_97.67
DOMH,2025-02-25,31.93,data/filtered/DOMH_None_31.93
DOMH,2025-03-24,41.65,data/filtered/DOMH_None_41.65
DOMO,2025-05-22,36.02,data/filtered/DOMO_None_36.02
DOUG,2025-05-23,49.53,data/filtered/DOUG_None_49.53
DOYU,2025-01-16,31.41,data/filtered/DOYU_None_31.41
DPRO,2025-06-05,31.03,data/filtered/DPRO_None_31.03
DPRO,2025-06-10,30.84,data/filtered/DPRO_None_30.84
DPRO,2025-06-20,38.58,data/filtered/DPRO_None_38.58
DPRO,2025-07-16,46.81,data/filtered/DPRO_None_46.81
DPRO,2025-07-17,41.02,data/filtered/DPRO_None_41.02
DPRO,2025-09-30,37.41,data/filtered/DPRO_None_37.41
DRCT,2025-01-10,119.33,data/filtered/DRCT_None_119.33
DRCT,2025-01-13,34.15,data/filtered/DRCT_None_34.15
DRCT,2025-03-27,88.39,data/filtered/DRCT_None_88.39
DRCT,2025-05-01,75.46,data/filtered/DRCT_None_75.46
DRIO,2025-01-07,81.92,data/filtered/DRIO_None_81.92
DRIO,2025-01-14,74.60,data/filtered/DRIO_None_74.60
DRIO,2025-04-11,34.26,data/filtered/DRIO_None_34.26
DRIO,2025-09-25,65.07,data/filtered/DRIO_None_65.07
DRMA,2025-01-24,38.66,data/filtered/DRMA_None_38.66
DRMA,2025-03-27,75.56,data/filtered/DRMA_None_75.56
DSY,2025-02-10,63.46,data/filtered/DSY_None_63.46
DSY,2025-09-09,618.63,data/filtered/DSY_None_618.63
DTCK,2025-06-06,108.33,data/filtered/DTCK_None_108.33
DTCK,2025-06-17,90.84,data/filtered/DTCK_None_90.84
DTCK,2025-10-02,30.71,data/filtered/DTCK_None_30.71
DTCK,2025-10-27,43.48,data/filtered/DTCK_None_43.48
DTIL,2025-01-10,65.33,data/filtered/DTIL_None_65.33
DTSS,2025-01-27,47.62,data/filtered/DTSS_None_47.62
DTST,2025-07-16,60.93,data/filtered/DTST_None_60.93
DUOL,2025-08-07,36.20,data/filtered/DUOL_None_36.20
DUO,2025-05-12,64.50,data/filtered/DUO_None_64.50
DUO,2025-08-25,55.86,data/filtered/DUO_None_55.86
DUO,2025-08-29,67.95,data/filtered/DUO_None_67.95
DUO,2025-09-02,35.98,data/filtered/DUO_None_35.98
DUO,2025-09-05,59.85,data/filtered/DUO_None_59.85
DUO,2025-09-08,55.23,data/filtered/DUO_None_55.23
DVLT,2025-09-25,64.62,data/filtered/DVLT_None_64.62
DVLT,2025-09-26,65.31,data/filtered/DVLT_None_65.31
DVLT,2025-10-06,63.43,data/filtered/DVLT_None_63.43
DVLT,2025-10-07,49.04,data/filtered/DVLT_None_49.04
DVLT,2025-10-14,31.76,data/filtered/DVLT_None_31.76
DVLT,2025-10-20,38.55,data/filtered/DVLT_None_38.55
DVLT,2025-10-24,55.11,data/filtered/DVLT_None_55.11
DWSN,2025-06-16,304.38,data/filtered/DWSN_None_304.38
DWTX,2025-01-21,113.37,data/filtered/DWTX_None_113.37
DWTX,2025-01-23,945.71,data/filtered/DWTX_None_945.71
DWTX,2025-01-24,44.79,data/filtered/DWTX_None_44.79
DWTX,2025-01-27,91.05,data/filtered/DWTX_None_91.05
DWTX,2025-03-07,81.94,data/filtered/DWTX_None_81.94
DWTX,2025-03-10,43.18,data/filtered/DWTX_None_43.18
DWTX,2025-03-11,55.69,data/filtered/DWTX_None_55.69
DWTX,2025-03-12,31.99,data/filtered/DWTX_None_31.99
DWTX,2025-04-15,91.67,data/filtered/DWTX_None_91.67
DWTX,2025-04-17,36.46,data/filtered/DWTX_None_36.46
DWTX,2025-04-21,81.03,data/filtered/DWTX_None_81.03
DWTX,2025-09-29,72.10,data/filtered/DWTX_None_72.10
DXST,2025-01-23,41.38,data/filtered/DXST_None_41.38
DXST,2025-01-29,36.05,data/filtered/DXST_None_36.05
DXST,2025-05-08,31.05,data/filtered/DXST_None_31.05
DXYZ,2025-10-01,33.80,data/filtered/DXYZ_None_33.80
DYN,2025-10-27,45.74,data/filtered/DYN_None_45.74
EAF,2025-05-07,36.60,data/filtered/EAF_None_36.60
EAF,2025-07-18,38.99,data/filtered/EAF_None_38.99
EBON,2025-07-10,39.73,data/filtered/EBON_None_39.73
EBS,2025-05-08,41.35,data/filtered/EBS_None_41.35
EBS,2025-08-07,36.82,data/filtered/EBS_None_36.82
EBS,2025-10-30,42.66,data/filtered/EBS_None_42.66
ECDA,2025-04-08,31.89,data/filtered/ECDA_None_31.89
ECDA,2025-04-21,77.20,data/filtered/ECDA_None_77.20
ECDA,2025-05-07,42.25,data/filtered/ECDA_None_42.25
ECDA,2025-05-13,42.24,data/filtered/ECDA_None_42.24
ECDA,2025-05-14,50.20,data/filtered/ECDA_None_50.20
ECDA,2025-05-28,81.22,data/filtered/ECDA_None_81.22
ECDA,2025-05-30,67.36,data/filtered/ECDA_None_67.36
ECDA,2025-06-23,135.71,data/filtered/ECDA_None_135.71
ECDA,2025-07-17,36.79,data/filtered/ECDA_None_36.79
ECDA,2025-09-05,31.19,data/filtered/ECDA_None_31.19
ECDA,2025-10-08,37.74,data/filtered/ECDA_None_37.74
ECOR,2025-07-08,30.54,data/filtered/ECOR_None_30.54
ECX,2025-03-12,30.52,data/filtered/ECX_None_30.52
ECX,2025-04-22,32.62,data/filtered/ECX_None_32.62
EDAP,2025-10-15,30.37,data/filtered/EDAP_None_30.37
EDBL,2025-02-05,34.49,data/filtered/EDBL_None_34.49
EDBL,2025-02-18,53.85,data/filtered/EDBL_None_53.85
EDBL,2025-03-26,37.21,data/filtered/EDBL_None_37.21
EDBL,2025-05-20,94.00,data/filtered/EDBL_None_94.00
EDBL,2025-05-21,74.72,data/filtered/EDBL_None_74.72
EDBL,2025-09-03,45.56,data/filtered/EDBL_None_45.56
EDHL,2025-09-10,270.28,data/filtered/EDHL_None_270.28
EDHL,2025-09-11,40.14,data/filtered/EDHL_None_40.14
EDHL,2025-10-14,142.48,data/filtered/EDHL_None_142.48
EDHL,2025-10-29,53.87,data/filtered/EDHL_None_53.87
EDIT,2025-02-19,89.65,data/filtered/EDIT_None_89.65
EDIT,2025-08-13,38.43,data/filtered/EDIT_None_38.43
EDN,2025-10-27,54.64,data/filtered/EDN_None_54.64
EDSA,2025-01-24,34.08,data/filtered/EDSA_None_34.08
EDSA,2025-02-13,141.39,data/filtered/EDSA_None_141.39
EDUC,2025-09-17,34.71,data/filtered/EDUC_None_34.71
EEIQ,2025-08-22,220.54,data/filtered/EEIQ_None_220.54
EFOI,2025-02-18,124.03,data/filtered/EFOI_None_124.03
EFOI,2025-02-25,32.85,data/filtered/EFOI_None_32.85
EFOI,2025-06-23,37.35,data/filtered/EFOI_None_37.35
EHLD,2025-03-25,86.51,data/filtered/EHLD_None_86.51
EHTH,2025-05-07,51.50,data/filtered/EHTH_None_51.50
EHTH,2025-08-06,50.15,data/filtered/EHTH_None_50.15
EJH,2025-02-03,34.89,data/filtered/EJH_None_34.89
EJH,2025-03-07,32.82,data/filtered/EJH_None_32.82
EJH,2025-05-23,88.98,data/filtered/EJH_None_88.98
EJH,2025-05-27,146.52,data/filtered/EJH_None_146.52
EJH,2025-07-15,45.48,data/filtered/EJH_None_45.48
EJH,2025-08-13,36.06,data/filtered/EJH_None_36.06
EKSO,2025-01-03,30.12,data/filtered/EKSO_None_30.12
EKSO,2025-01-06,36.75,data/filtered/EKSO_None_36.75
EKSO,2025-05-15,43.81,data/filtered/EKSO_None_43.81
ELAB,2025-01-24,105.56,data/filtered/ELAB_None_105.56
ELAB,2025-03-20,44.86,data/filtered/ELAB_None_44.86
ELAB,2025-04-10,39.10,data/filtered/ELAB_None_39.10
ELAB,2025-05-02,33.89,data/filtered/ELAB_None_33.89
ELAB,2025-06-09,43.78,data/filtered/ELAB_None_43.78
ELAB,2025-07-14,30.77,data/filtered/ELAB_None_30.77
ELAB,2025-08-22,94.71,data/filtered/ELAB_None_94.71
ELAB,2025-10-14,113.63,data/filtered/ELAB_None_113.63
ELBM,2025-03-21,47.01,data/filtered/ELBM_None_47.01
ELBM,2025-09-12,50.88,data/filtered/ELBM_None_50.88
ELBM,2025-10-01,30.33,data/filtered/ELBM_None_30.33
ELBM,2025-10-08,45.73,data/filtered/ELBM_None_45.73
ELBM,2025-10-13,427.27,data/filtered/ELBM_None_427.27
ELBM,2025-10-17,61.59,data/filtered/ELBM_None_61.59
ELF,2025-05-29,33.49,data/filtered/ELF_None_33.49
ELIL,2025-04-17,32.96,data/filtered/ELIL_None_32.96
ELPW,2025-04-14,74.51,data/filtered/ELPW_None_74.51
ELPW,2025-04-15,60.13,data/filtered/ELPW_None_60.13
ELPW,2025-04-16,48.40,data/filtered/ELPW_None_48.40
ELPW,2025-04-17,40.13,data/filtered/ELPW_None_40.13
ELPW,2025-05-08,35.33,data/filtered/ELPW_None_35.33
ELPW,2025-05-13,44.82,data/filtered/ELPW_None_44.82
ELPW,2025-07-02,79.75,data/filtered/ELPW_None_79.75
ELPW,2025-07-07,92.37,data/filtered/ELPW_None_92.37
ELWS,2025-05-13,69.91,data/filtered/ELWS_None_69.91
ELWS,2025-07-02,74.21,data/filtered/ELWS_None_74.21
ELWS,2025-07-28,37.50,data/filtered/ELWS_None_37.50
ELWS,2025-07-31,66.40,data/filtered/ELWS_None_66.40
ELWS,2025-08-04,60.62,data/filtered/ELWS_None_60.62
ELWS,2025-10-13,51.40,data/filtered/ELWS_None_51.40
ELWS,2025-10-16,139.95,data/filtered/ELWS_None_139.95
EMPG,2025-07-03,57.47,data/filtered/EMPG_None_57.47
EM,2025-01-06,46.81,data/filtered/EM_None_46.81
ENGNW,2025-01-17,42.62,data/filtered/ENGNW_None_42.62
ENGNW,2025-01-21,32.92,data/filtered/ENGNW_None_32.92
ENGNW,2025-02-07,36.67,data/filtered/ENGNW_None_36.67
ENGNW,2025-07-02,30.87,data/filtered/ENGNW_None_30.87
ENGNW,2025-10-09,34.67,data/filtered/ENGNW_None_34.67
ENGNW,2025-10-15,230.43,data/filtered/ENGNW_None_230.43
ENGNW,2025-10-17,31.58,data/filtered/ENGNW_None_31.58
ENGNW,2025-10-22,30.48,data/filtered/ENGNW_None_30.48
ENGS,2025-04-23,34.53,data/filtered/ENGS_None_34.53
ENGS,2025-07-07,52.54,data/filtered/ENGS_None_52.54
ENGS,2025-07-23,33.02,data/filtered/ENGS_None_33.02
ENGS,2025-08-14,57.48,data/filtered/ENGS_None_57.48
ENGS,2025-09-09,45.75,data/filtered/ENGS_None_45.75
ENGS,2025-09-11,31.84,data/filtered/ENGS_None_31.84
ENSC,2025-04-23,159.36,data/filtered/ENSC_None_159.36
ENTA,2025-09-29,94.18,data/filtered/ENTA_None_94.18
ENTO,2025-03-03,81.71,data/filtered/ENTO_None_81.71
ENTO,2025-05-29,71.55,data/filtered/ENTO_None_71.55
ENTO,2025-05-30,30.44,data/filtered/ENTO_None_30.44
ENTO,2025-07-08,43.58,data/filtered/ENTO_None_43.58
ENTO,2025-08-11,113.76,data/filtered/ENTO_None_113.76
ENTO,2025-09-12,43.03,data/filtered/ENTO_None_43.03
ENVB,2025-02-26,281.36,data/filtered/ENVB_None_281.36
ENVB,2025-02-28,46.23,data/filtered/ENVB_None_46.23
ENVX,2025-01-07,30.02,data/filtered/ENVX_None_30.02
EOLS,2025-01-21,37.87,data/filtered/EOLS_None_37.87
EOSE,2025-05-07,36.71,data/filtered/EOSE_None_36.71
EPOW,2025-09-25,40.74,data/filtered/EPOW_None_40.74
EPOW,2025-09-26,66.07,data/filtered/EPOW_None_66.07
EPOW,2025-09-30,76.86,data/filtered/EPOW_None_76.86
EPSM,2025-04-23,46.03,data/filtered/EPSM_None_46.03
EPSM,2025-04-24,33.83,data/filtered/EPSM_None_33.83
EPSM,2025-05-05,36.85,data/filtered/EPSM_None_36.85
EPSM,2025-05-06,44.81,data/filtered/EPSM_None_44.81
EPSM,2025-06-20,33.66,data/filtered/EPSM_None_33.66
EPSM,2025-06-23,30.30,data/filtered/EPSM_None_30.30
EPSM,2025-07-01,32.28,data/filtered/EPSM_None_32.28
EPSM,2025-07-09,37.72,data/filtered/EPSM_None_37.72
EPSM,2025-09-09,474.50,data/filtered/EPSM_None_474.50
EPSM,2025-09-11,35.68,data/filtered/EPSM_None_35.68
EPSM,2025-09-12,40.18,data/filtered/EPSM_None_40.18
EPSM,2025-10-02,55.27,data/filtered/EPSM_None_55.27
EPSM,2025-10-03,163.40,data/filtered/EPSM_None_163.40
EPSM,2025-10-23,33.63,data/filtered/EPSM_None_33.63
EPWK,2025-04-23,85.34,data/filtered/EPWK_None_85.34
EPWK,2025-04-24,36.82,data/filtered/EPWK_None_36.82
EPWK,2025-04-25,30.28,data/filtered/EPWK_None_30.28
EPWK,2025-05-06,32.80,data/filtered/EPWK_None_32.80
EPWK,2025-06-05,40.99,data/filtered/EPWK_None_40.99
EPWK,2025-08-27,47.53,data/filtered/EPWK_None_47.53
EPWK,2025-09-10,55.28,data/filtered/EPWK_None_55.28
EPWK,2025-10-09,103.31,data/filtered/EPWK_None_103.31
EPWK,2025-10-16,52.54,data/filtered/EPWK_None_52.54
EPWK,2025-10-22,35.80,data/filtered/EPWK_None_35.80
EPWK,2025-10-31,146.07,data/filtered/EPWK_None_146.07
EQS,2025-08-06,40.67,data/filtered/EQS_None_40.67
EQ,2025-02-06,45.09,data/filtered/EQ_None_45.09
EQ,2025-08-01,247.83,data/filtered/EQ_None_247.83
EQ,2025-08-11,152.42,data/filtered/EQ_None_152.42
EQ,2025-08-21,37.72,data/filtered/EQ_None_37.72
EQ,2025-08-22,44.87,data/filtered/EQ_None_44.87
EQ,2025-09-05,34.29,data/filtered/EQ_None_34.29
ERAS,2025-04-09,30.19,data/filtered/ERAS_None_30.19
ERAS,2025-05-29,33.64,data/filtered/ERAS_None_33.64
ERNA,2025-01-14,210.68,data/filtered/ERNA_None_210.68
ERNA,2025-01-22,57.39,data/filtered/ERNA_None_57.39
ERNA,2025-10-29,128.79,data/filtered/ERNA_None_128.79
ESGL,2025-01-10,34.13,data/filtered/ESGL_None_34.13
ESGL,2025-01-13,48.23,data/filtered/ESGL_None_48.23
ESGL,2025-02-27,200.00,data/filtered/ESGL_None_200.00
ESGL,2025-02-28,47.33,data/filtered/ESGL_None_47.33
ESLA,2025-02-18,40.89,data/filtered/ESLA_None_40.89
ESLA,2025-10-01,33.04,data/filtered/ESLA_None_33.04
ESPR,2025-07-24,56.39,data/filtered/ESPR_None_56.39
EUDA,2025-09-24,32.14,data/filtered/EUDA_None_32.14
EVAX,2025-01-23,76.05,data/filtered/EVAX_None_76.05
EVAX,2025-01-24,169.23,data/filtered/EVAX_None_169.23
EVAX,2025-02-04,68.75,data/filtered/EVAX_None_68.75
EVAX,2025-09-25,43.94,data/filtered/EVAX_None_43.94
EVAX,2025-10-06,33.15,data/filtered/EVAX_None_33.15
EVAX,2025-10-15,54.97,data/filtered/EVAX_None_54.97
EVER,2025-02-25,30.27,data/filtered/EVER_None_30.27
EVGN,2025-04-21,38.14,data/filtered/EVGN_None_38.14
EVGN,2025-06-10,114.16,data/filtered/EVGN_None_114.16
EVGO,2025-05-06,41.88,data/filtered/EVGO_None_41.88
EVLVW,2025-08-15,59.93,data/filtered/EVLVW_None_59.93
EVLV,2025-05-16,31.19,data/filtered/EVLV_None_31.19
EVOK,2025-07-09,271.43,data/filtered/EVOK_None_271.43
EVOK,2025-08-01,39.39,data/filtered/EVOK_None_39.39
EVTL,2025-01-15,32.13,data/filtered/EVTL_None_32.13
EVTV,2025-01-29,42.36,data/filtered/EVTV_None_42.36
EVTV,2025-01-31,38.53,data/filtered/EVTV_None_38.53
EVTV,2025-03-07,31.58,data/filtered/EVTV_None_31.58
EVTV,2025-08-04,31.29,data/filtered/EVTV_None_31.29
EVTV,2025-09-12,61.45,data/filtered/EVTV_None_61.45
EXOZ,2025-02-13,35.46,data/filtered/EXOZ_None_35.46
EXOZ,2025-07-24,36.74,data/filtered/EXOZ_None_36.74
EZGO,2025-08-01,105.09,data/filtered/EZGO_None_105.09
EZGO,2025-09-24,40.86,data/filtered/EZGO_None_40.86
EZGO,2025-10-01,53.58,data/filtered/EZGO_None_53.58
FAMI,2025-01-15,87.83,data/filtered/FAMI_None_87.83
FAMI,2025-05-12,30.59,data/filtered/FAMI_None_30.59
FARM,2025-02-07,57.22,data/filtered/FARM_None_57.22
FATBB,2025-04-08,30.59,data/filtered/FATBB_None_30.59
FATE,2025-08-13,32.44,data/filtered/FATE_None_32.44
FATN,2025-04-11,31.78,data/filtered/FATN_None_31.78
FATN,2025-04-14,72.64,data/filtered/FATN_None_72.64
FATN,2025-04-17,87.85,data/filtered/FATN_None_87.85
FATN,2025-04-23,35.52,data/filtered/FATN_None_35.52
FATN,2025-05-13,32.44,data/filtered/FATN_None_32.44
FATN,2025-05-16,33.00,data/filtered/FATN_None_33.00
FATN,2025-06-30,39.74,data/filtered/FATN_None_39.74
FATN,2025-09-19,79.20,data/filtered/FATN_None_79.20
FAT,2025-06-09,40.24,data/filtered/FAT_None_40.24
FBGL,2025-03-24,31.61,data/filtered/FBGL_None_31.61
FBGL,2025-03-25,66.67,data/filtered/FBGL_None_66.67
FBIO,2025-09-05,30.99,data/filtered/FBIO_None_30.99
FBLG,2025-05-15,35.90,data/filtered/FBLG_None_35.90
FBL,2025-04-09,30.11,data/filtered/FBL_None_30.11
FBRX,2025-03-19,36.00,data/filtered/FBRX_None_36.00
FBRX,2025-03-25,42.25,data/filtered/FBRX_None_42.25
FBRX,2025-05-27,51.94,data/filtered/FBRX_None_51.94
FBRX,2025-06-23,33.90,data/filtered/FBRX_None_33.90
FBYDW,2025-02-12,141.13,data/filtered/FBYDW_None_141.13
FBYDW,2025-02-18,44.24,data/filtered/FBYDW_None_44.24
FBYDW,2025-07-16,47.73,data/filtered/FBYDW_None_47.73
FBYDW,2025-09-17,86.81,data/filtered/FBYDW_None_86.81
FBYDW,2025-09-24,42.86,data/filtered/FBYDW_None_42.86
FBYDW,2025-10-06,36.09,data/filtered/FBYDW_None_36.09
FBYDW,2025-10-16,91.26,data/filtered/FBYDW_None_91.26
FBYD,2025-02-06,68.39,data/filtered/FBYD_None_68.39
FBYD,2025-05-02,35.85,data/filtered/FBYD_None_35.85
FBYD,2025-06-18,33.70,data/filtered/FBYD_None_33.70
FBYD,2025-07-17,33.60,data/filtered/FBYD_None_33.60
FCEL,2025-06-06,43.85,data/filtered/FCEL_None_43.85
FCUV,2025-01-03,212.59,data/filtered/FCUV_None_212.59
FCUV,2025-01-31,149.20,data/filtered/FCUV_None_149.20
FCUV,2025-03-05,31.14,data/filtered/FCUV_None_31.14
FCUV,2025-09-03,42.12,data/filtered/FCUV_None_42.12
FCUV,2025-10-06,33.63,data/filtered/FCUV_None_33.63
FDMT,2025-08-01,48.67,data/filtered/FDMT_None_48.67
FEAM,2025-01-14,31.51,data/filtered/FEAM_None_31.51
FEAM,2025-02-06,31.90,data/filtered/FEAM_None_31.90
FEAM,2025-03-18,58.76,data/filtered/FEAM_None_58.76
FEAM,2025-07-24,37.35,data/filtered/FEAM_None_37.35
FEAM,2025-08-11,42.97,data/filtered/FEAM_None_42.97
FEAM,2025-10-10,50.60,data/filtered/FEAM_None_50.60
FEBO,2025-08-26,81.08,data/filtered/FEBO_None_81.08
FEDU,2025-07-11,35.59,data/filtered/FEDU_None_35.59
FEDU,2025-09-03,45.45,data/filtered/FEDU_None_45.45
FENG,2025-09-24,37.74,data/filtered/FENG_None_37.74
FFAI,2025-04-24,31.46,data/filtered/FFAI_None_31.46
FFAI,2025-04-28,31.43,data/filtered/FFAI_None_31.43
FFAI,2025-07-22,55.61,data/filtered/FFAI_None_55.61
FFAI,2025-07-24,31.75,data/filtered/FFAI_None_31.75
FGEN,2025-02-20,56.14,data/filtered/FGEN_None_56.14
FGI,2025-05-09,48.13,data/filtered/FGI_None_48.13
FGI,2025-06-02,66.64,data/filtered/FGI_None_66.64
FGI,2025-07-16,35.98,data/filtered/FGI_None_35.98
FGI,2025-09-16,217.88,data/filtered/FGI_None_217.88
FGI,2025-10-20,44.12,data/filtered/FGI_None_44.12
FGL,2025-01-06,62.09,data/filtered/FGL_None_62.09
FGL,2025-01-10,30.08,data/filtered/FGL_None_30.08
FGL,2025-01-13,31.18,data/filtered/FGL_None_31.18
FGNX,2025-09-17,34.51,data/filtered/FGNX_None_34.51
FHTX,2025-02-10,30.25,data/filtered/FHTX_None_30.25
FICO,2025-10-02,32.08,data/filtered/FICO_None_32.08
FIEE,2025-07-31,53.19,data/filtered/FIEE_None_53.19
FIG,2025-07-31,423.11,data/filtered/FIG_None_423.11
FLDDW,2025-02-19,53.33,data/filtered/FLDDW_None_53.33
FLD,2025-03-06,32.53,data/filtered/FLD_None_32.53
FLD,2025-03-21,32.40,data/filtered/FLD_None_32.40
FLD,2025-09-19,35.00,data/filtered/FLD_None_35.00
FLGC,2025-08-11,32.43,data/filtered/FLGC_None_32.43
FLGC,2025-09-22,72.79,data/filtered/FLGC_None_72.79
FLNC,2025-05-12,33.41,data/filtered/FLNC_None_33.41
FLNT,2025-08-27,33.18,data/filtered/FLNT_None_33.18
FLS,2025-10-29,33.54,data/filtered/FLS_None_33.54
FLUX,2025-03-17,33.33,data/filtered/FLUX_None_33.33
FLUX,2025-03-21,34.76,data/filtered/FLUX_None_34.76
FLUX,2025-09-16,59.66,data/filtered/FLUX_None_59.66
FLUX,2025-10-06,38.07,data/filtered/FLUX_None_38.07
FLWS,2025-07-22,31.40,data/filtered/FLWS_None_31.40
FLWS,2025-10-22,37.86,data/filtered/FLWS_None_37.86
FLXS,2025-02-04,33.07,data/filtered/FLXS_None_33.07
FLXS,2025-08-19,31.30,data/filtered/FLXS_None_31.30
FLX,2025-06-03,37.90,data/filtered/FLX_None_37.90
FLYE,2025-02-11,52.25,data/filtered/FLYE_None_52.25
FLYE,2025-04-09,43.27,data/filtered/FLYE_None_43.27
FLYE,2025-07-07,48.73,data/filtered/FLYE_None_48.73
FLYE,2025-07-17,30.41,data/filtered/FLYE_None_30.41
FLYE,2025-08-21,38.02,data/filtered/FLYE_None_38.02
FLYE,2025-09-22,37.78,data/filtered/FLYE_None_37.78
FMFC,2025-06-26,47.73,data/filtered/FMFC_None_47.73
FMFC,2025-08-22,30.37,data/filtered/FMFC_None_30.37
FMFC,2025-10-10,47.87,data/filtered/FMFC_None_47.87
FMSTW,2025-06-05,35.46,data/filtered/FMSTW_None_35.46
FMSTW,2025-10-15,88.92,data/filtered/FMSTW_None_88.92
FMSTW,2025-10-16,77.06,data/filtered/FMSTW_None_77.06
FMST,2025-01-24,33.80,data/filtered/FMST_None_33.80
FMST,2025-01-27,42.39,data/filtered/FMST_None_42.39
FMST,2025-05-05,35.16,data/filtered/FMST_None_35.16
FMST,2025-05-12,52.92,data/filtered/FMST_None_52.92
FMST,2025-05-16,35.07,data/filtered/FMST_None_35.07
FMST,2025-05-27,33.44,data/filtered/FMST_None_33.44
FMST,2025-05-28,33.95,data/filtered/FMST_None_33.95
FMST,2025-07-29,30.61,data/filtered/FMST_None_30.61
FNGR,2025-05-01,37.33,data/filtered/FNGR_None_37.33
FNGR,2025-07-28,30.56,data/filtered/FNGR_None_30.56
FNKO,2025-05-12,49.29,data/filtered/FNKO_None_49.29
FOFO,2025-09-23,48.99,data/filtered/FOFO_None_48.99
FOFO,2025-09-25,66.18,data/filtered/FOFO_None_66.18
FOFO,2025-09-26,61.34,data/filtered/FOFO_None_61.34
FOFO,2025-09-29,51.11,data/filtered/FOFO_None_51.11
FOFO,2025-10-13,41.03,data/filtered/FOFO_None_41.03
FOFO,2025-10-14,34.53,data/filtered/FOFO_None_34.53
FORA,2025-02-14,31.16,data/filtered/FORA_None_31.16
FORA,2025-08-25,53.11,data/filtered/FORA_None_53.11
FOSL,2025-03-13,37.01,data/filtered/FOSL_None_37.01
FOSL,2025-08-14,32.04,data/filtered/FOSL_None_32.04
FOSL,2025-08-15,37.02,data/filtered/FOSL_None_37.02
FOSL,2025-10-15,66.04,data/filtered/FOSL_None_66.04
FOXX,2025-01-03,30.28,data/filtered/FOXX_None_30.28
FOXX,2025-01-30,280.62,data/filtered/FOXX_None_280.62
FOXX,2025-07-17,30.69,data/filtered/FOXX_None_30.69
FOXX,2025-08-11,36.86,data/filtered/FOXX_None_36.86
FPH,2025-01-24,41.99,data/filtered/FPH_None_41.99
FRGE,2025-04-07,31.37,data/filtered/FRGE_None_31.37
FRGE,2025-04-15,65.65,data/filtered/FRGE_None_65.65
FRGE,2025-04-21,49.14,data/filtered/FRGE_None_49.14
FRGE,2025-07-31,30.44,data/filtered/FRGE_None_30.44
FRGT,2025-03-04,93.20,data/filtered/FRGT_None_93.20
FRGT,2025-04-11,44.83,data/filtered/FRGT_None_44.83
FRGT,2025-04-30,46.06,data/filtered/FRGT_None_46.06
FRGT,2025-05-02,254.38,data/filtered/FRGT_None_254.38
FRGT,2025-05-12,72.00,data/filtered/FRGT_None_72.00
FRGT,2025-09-15,46.10,data/filtered/FRGT_None_46.10
FRGT,2025-10-28,66.67,data/filtered/FRGT_None_66.67
FTCI,2025-02-14,30.84,data/filtered/FTCI_None_30.84
FTCI,2025-03-31,37.60,data/filtered/FTCI_None_37.60
FTEK,2025-05-19,40.71,data/filtered/FTEK_None_40.71
FTEL,2025-01-08,31.65,data/filtered/FTEL_None_31.65
FTEL,2025-02-14,59.35,data/filtered/FTEL_None_59.35
FTEL,2025-07-24,59.98,data/filtered/FTEL_None_59.98
FTEL,2025-09-10,66.83,data/filtered/FTEL_None_66.83
FTEL,2025-09-23,105.17,data/filtered/FTEL_None_105.17
FTFT,2025-03-03,147.38,data/filtered/FTFT_None_147.38
FTFT,2025-04-04,30.43,data/filtered/FTFT_None_30.43
FTFT,2025-07-11,166.89,data/filtered/FTFT_None_166.89
FTFT,2025-07-15,32.69,data/filtered/FTFT_None_32.69
FTFT,2025-09-12,46.42,data/filtered/FTFT_None_46.42
FTHM,2025-05-14,31.77,data/filtered/FTHM_None_31.77
FTHM,2025-08-22,33.33,data/filtered/FTHM_None_33.33
FTHM,2025-08-25,106.00,data/filtered/FTHM_None_106.00
FTHM,2025-08-28,47.45,data/filtered/FTHM_None_47.45
FTHM,2025-09-10,31.32,data/filtered/FTHM_None_31.32
FTK,2025-05-07,45.66,data/filtered/FTK_None_45.66
FTRE,2025-08-04,31.68,data/filtered/FTRE_None_31.68
FTRK,2025-06-03,96.95,data/filtered/FTRK_None_96.95
FTRK,2025-06-16,37.45,data/filtered/FTRK_None_37.45
FUBO,2025-01-06,268.06,data/filtered/FUBO_None_268.06
FUFU,2025-03-25,30.04,data/filtered/FUFU_None_30.04
FUFU,2025-08-15,35.52,data/filtered/FUFU_None_35.52
FULC,2025-05-02,40.41,data/filtered/FULC_None_40.41
FWRD,2025-04-09,33.81,data/filtered/FWRD_None_33.81
GALT,2025-06-17,87.25,data/filtered/GALT_None_87.25
GALT,2025-06-18,38.08,data/filtered/GALT_None_38.08
GAME,2025-07-08,74.23,data/filtered/GAME_None_74.23
GAME,2025-07-09,86.36,data/filtered/GAME_None_86.36
GAME,2025-07-16,86.75,data/filtered/GAME_None_86.75
GANX,2025-08-15,37.66,data/filtered/GANX_None_37.66
GAUZ,2025-03-11,31.58,data/filtered/GAUZ_None_31.58
GBIO,2025-07-16,38.47,data/filtered/GBIO_None_38.47
GBIO,2025-08-13,71.60,data/filtered/GBIO_None_71.60
GCL,2025-02-18,224.35,data/filtered/GCL_None_224.35
GCL,2025-02-28,54.05,data/filtered/GCL_None_54.05
GCL,2025-05-21,35.19,data/filtered/GCL_None_35.19
GCTK,2025-01-13,58.12,data/filtered/GCTK_None_58.12
GCTK,2025-01-17,53.52,data/filtered/GCTK_None_53.52
GCTK,2025-01-21,66.08,data/filtered/GCTK_None_66.08
GCTK,2025-02-04,86.84,data/filtered/GCTK_None_86.84
GCTK,2025-02-14,31.50,data/filtered/GCTK_None_31.50
GCTK,2025-02-26,41.21,data/filtered/GCTK_None_41.21
GCTK,2025-03-20,30.61,data/filtered/GCTK_None_30.61
GCTK,2025-04-01,36.39,data/filtered/GCTK_None_36.39
GCTK,2025-06-25,156.04,data/filtered/GCTK_None_156.04
GCTK,2025-06-27,38.89,data/filtered/GCTK_None_38.89
GCTK,2025-07-21,67.24,data/filtered/GCTK_None_67.24
GCTK,2025-09-02,39.33,data/filtered/GCTK_None_39.33
GCTK,2025-09-12,190.35,data/filtered/GCTK_None_190.35
GCTS,2025-05-14,47.02,data/filtered/GCTS_None_47.02
GCT,2025-08-08,30.84,data/filtered/GCT_None_30.84
GDC,2025-02-24,72.32,data/filtered/GDC_None_72.32
GDC,2025-02-25,77.63,data/filtered/GDC_None_77.63
GDC,2025-05-12,79.55,data/filtered/GDC_None_79.55
GDC,2025-09-29,33.05,data/filtered/GDC_None_33.05
GDC,2025-10-02,43.93,data/filtered/GDC_None_43.93
GDEV,2025-02-21,73.88,data/filtered/GDEV_None_73.88
GDEV,2025-04-15,37.55,data/filtered/GDEV_None_37.55
GDEV,2025-05-05,47.08,data/filtered/GDEV_None_47.08
GDEV,2025-09-22,71.06,data/filtered/GDEV_None_71.06
GDEV,2025-09-26,41.19,data/filtered/GDEV_None_41.19
GDEV,2025-10-02,42.31,data/filtered/GDEV_None_42.31
GDHG,2025-03-24,49.47,data/filtered/GDHG_None_49.47
GDHG,2025-03-25,114.29,data/filtered/GDHG_None_114.29
GDHG,2025-04-03,33.04,data/filtered/GDHG_None_33.04
GDHG,2025-04-14,58.86,data/filtered/GDHG_None_58.86
GDHG,2025-04-22,44.18,data/filtered/GDHG_None_44.18
GDHG,2025-06-30,54.96,data/filtered/GDHG_None_54.96
GDHG,2025-07-07,34.39,data/filtered/GDHG_None_34.39
GDOT,2025-05-09,35.98,data/filtered/GDOT_None_35.98
GDOT,2025-08-12,37.61,data/filtered/GDOT_None_37.61
GDRX,2025-08-18,45.04,data/filtered/GDRX_None_45.04
GDRX,2025-10-09,32.34,data/filtered/GDRX_None_32.34
GDTC,2025-01-10,30.57,data/filtered/GDTC_None_30.57
GDTC,2025-10-22,43.19,data/filtered/GDTC_None_43.19
GEG,2025-09-03,37.11,data/filtered/GEG_None_37.11
GELS,2025-01-22,33.33,data/filtered/GELS_None_33.33
GELS,2025-04-22,356.67,data/filtered/GELS_None_356.67
GELS,2025-06-10,106.47,data/filtered/GELS_None_106.47
GELS,2025-09-05,110.42,data/filtered/GELS_None_110.42
GELS,2025-10-23,32.74,data/filtered/GELS_None_32.74
GENK,2025-03-07,45.58,data/filtered/GENK_None_45.58
GENVR,2025-05-07,42.97,data/filtered/GENVR_None_42.97
GENVR,2025-08-08,64.52,data/filtered/GENVR_None_64.52
GENVR,2025-10-10,41.82,data/filtered/GENVR_None_41.82
GEOS,2025-06-17,37.88,data/filtered/GEOS_None_37.88
GEOS,2025-06-20,40.54,data/filtered/GEOS_None_40.54
GEOS,2025-06-23,61.01,data/filtered/GEOS_None_61.01
GEOS,2025-07-28,32.35,data/filtered/GEOS_None_32.35
GES,2025-03-17,32.16,data/filtered/GES_None_32.16
GETY,2025-01-03,32.23,data/filtered/GETY_None_32.23
GETY,2025-01-07,50.39,data/filtered/GETY_None_50.39
GETY,2025-10-31,59.70,data/filtered/GETY_None_59.70
GEVO,2025-08-12,61.60,data/filtered/GEVO_None_61.60
GFAI,2025-01-03,34.97,data/filtered/GFAI_None_34.97
GFAI,2025-01-06,101.04,data/filtered/GFAI_None_101.04
GFAI,2025-01-14,45.20,data/filtered/GFAI_None_45.20
GGAL,2025-10-27,47.14,data/filtered/GGAL_None_47.14
GGR,2025-04-14,46.12,data/filtered/GGR_None_46.12
GGR,2025-04-15,33.55,data/filtered/GGR_None_33.55
GHRS,2025-02-03,93.40,data/filtered/GHRS_None_93.40
GH,2025-10-30,32.67,data/filtered/GH_None_32.67
GIBO,2025-07-10,83.14,data/filtered/GIBO_None_83.14
GIBO,2025-07-22,34.98,data/filtered/GIBO_None_34.98
GIBO,2025-07-25,65.87,data/filtered/GIBO_None_65.87
GIBO,2025-07-28,89.11,data/filtered/GIBO_None_89.11
GIBO,2025-07-29,55.36,data/filtered/GIBO_None_55.36
GIBO,2025-08-11,31.37,data/filtered/GIBO_None_31.37
GIBO,2025-09-09,44.78,data/filtered/GIBO_None_44.78
GIFT,2025-01-07,35.00,data/filtered/GIFT_None_35.00
GIFT,2025-06-20,34.15,data/filtered/GIFT_None_34.15
GIFT,2025-07-30,46.65,data/filtered/GIFT_None_46.65
GIGGW,2025-10-08,105.01,data/filtered/GIGGW_None_105.01
GIGGW,2025-10-14,59.29,data/filtered/GIGGW_None_59.29
GIGGW,2025-10-23,36.90,data/filtered/GIGGW_None_36.90
GIPRW,2025-02-28,338.24,data/filtered/GIPRW_None_338.24
GIPR,2025-08-21,44.20,data/filtered/GIPR_None_44.20
GIPR,2025-09-17,38.89,data/filtered/GIPR_None_38.89
GIPR,2025-10-03,64.86,data/filtered/GIPR_None_64.86
GIPR,2025-10-15,47.41,data/filtered/GIPR_None_47.41
GITS,2025-01-27,160.02,data/filtered/GITS_None_160.02
GITS,2025-04-22,53.72,data/filtered/GITS_None_53.72
GITS,2025-05-30,228.41,data/filtered/GITS_None_228.41
GITS,2025-07-03,200.61,data/filtered/GITS_None_200.61
GKOS,2025-10-30,33.35,data/filtered/GKOS_None_33.35
GLE,2025-01-24,33.82,data/filtered/GLE_None_33.82
GLE,2025-06-16,57.89,data/filtered/GLE_None_57.89
GLE,2025-07-31,76.64,data/filtered/GLE_None_76.64
GLE,2025-08-19,46.44,data/filtered/GLE_None_46.44
GLE,2025-08-20,53.54,data/filtered/GLE_None_53.54
GLE,2025-09-10,275.85,data/filtered/GLE_None_275.85
GLE,2025-10-30,67.04,data/filtered/GLE_None_67.04
GLMD,2025-03-17,102.68,data/filtered/GLMD_None_102.68
GLMD,2025-04-28,70.70,data/filtered/GLMD_None_70.70
GLTO,2025-03-21,76.33,data/filtered/GLTO_None_76.33
GLTO,2025-09-10,54.65,data/filtered/GLTO_None_54.65
GLTO,2025-09-23,67.33,data/filtered/GLTO_None_67.33
GLTO,2025-10-07,754.45,data/filtered/GLTO_None_754.45
GLTO,2025-10-09,73.24,data/filtered/GLTO_None_73.24
GLUE,2025-09-15,53.85,data/filtered/GLUE_None_53.85
GLXG,2025-01-10,129.79,data/filtered/GLXG_None_129.79
GLXG,2025-01-14,44.14,data/filtered/GLXG_None_44.14
GLXG,2025-04-08,78.76,data/filtered/GLXG_None_78.76
GLXG,2025-09-09,34.00,data/filtered/GLXG_None_34.00
GLXG,2025-10-01,36.72,data/filtered/GLXG_None_36.72
GMGI,2025-02-19,35.14,data/filtered/GMGI_None_35.14
GMHS,2025-02-14,42.44,data/filtered/GMHS_None_42.44
GMHS,2025-05-30,32.67,data/filtered/GMHS_None_32.67
GMHS,2025-08-11,80.89,data/filtered/GMHS_None_80.89
GMHS,2025-08-29,135.40,data/filtered/GMHS_None_135.40
GMHS,2025-09-09,41.82,data/filtered/GMHS_None_41.82
GMM,2025-09-11,45.07,data/filtered/GMM_None_45.07
GNLN,2025-03-26,37.68,data/filtered/GNLN_None_37.68
GNLN,2025-05-21,57.89,data/filtered/GNLN_None_57.89
GNLN,2025-06-12,119.48,data/filtered/GNLN_None_119.48
GNLN,2025-06-16,51.49,data/filtered/GNLN_None_51.49
GNLN,2025-06-30,142.53,data/filtered/GNLN_None_142.53
GNLX,2025-01-21,38.62,data/filtered/GNLX_None_38.62
GNLX,2025-05-08,31.90,data/filtered/GNLX_None_31.90
GNPX,2025-03-18,30.00,data/filtered/GNPX_None_30.00
GNPX,2025-04-02,67.19,data/filtered/GNPX_None_67.19
GNPX,2025-04-03,48.00,data/filtered/GNPX_None_48.00
GNPX,2025-05-29,33.52,data/filtered/GNPX_None_33.52
GNPX,2025-08-22,31.22,data/filtered/GNPX_None_31.22
GNPX,2025-09-05,64.10,data/filtered/GNPX_None_64.10
GNPX,2025-09-08,76.25,data/filtered/GNPX_None_76.25
GNPX,2025-10-14,33.51,data/filtered/GNPX_None_33.51
GNPX,2025-10-15,335.64,data/filtered/GNPX_None_335.64
GNTA,2025-02-03,30.40,data/filtered/GNTA_None_30.40
GNTA,2025-05-30,34.68,data/filtered/GNTA_None_34.68
GNTA,2025-06-05,40.37,data/filtered/GNTA_None_40.37
GNTA,2025-10-24,209.60,data/filtered/GNTA_None_209.60
GNTA,2025-10-29,35.39,data/filtered/GNTA_None_35.39
GOGO,2025-05-09,49.83,data/filtered/GOGO_None_49.83
GORV,2025-03-10,32.26,data/filtered/GORV_None_32.26
GORV,2025-03-18,36.99,data/filtered/GORV_None_36.99
GORV,2025-03-31,42.20,data/filtered/GORV_None_42.20
GORV,2025-05-16,236.71,data/filtered/GORV_None_236.71
GORV,2025-05-23,135.64,data/filtered/GORV_None_135.64
GORV,2025-09-16,175.10,data/filtered/GORV_None_175.10
GOTU,2025-02-26,34.39,data/filtered/GOTU_None_34.39
GOVX,2025-06-16,34.95,data/filtered/GOVX_None_34.95
GOVX,2025-06-18,36.67,data/filtered/GOVX_None_36.67
GO,2025-08-06,45.16,data/filtered/GO_None_45.16
GPCR,2025-04-17,30.44,data/filtered/GPCR_None_30.44
GPRO,2025-07-22,48.45,data/filtered/GPRO_None_48.45
GPRO,2025-07-23,72.99,data/filtered/GPRO_None_72.99
GPRO,2025-08-25,36.36,data/filtered/GPRO_None_36.36
GP,2025-01-10,39.74,data/filtered/GP_None_39.74
GP,2025-08-04,92.73,data/filtered/GP_None_92.73
GP,2025-09-08,56.30,data/filtered/GP_None_56.30
GRAL,2025-02-13,34.61,data/filtered/GRAL_None_34.61
GRAL,2025-10-20,32.05,data/filtered/GRAL_None_32.05
GRAN,2025-08-14,32.69,data/filtered/GRAN_None_32.69
GRAN,2025-10-06,30.22,data/filtered/GRAN_None_30.22
GREE,2025-04-25,58.62,data/filtered/GREE_None_58.62
GREE,2025-05-22,32.37,data/filtered/GREE_None_32.37
GRI,2025-02-25,56.65,data/filtered/GRI_None_56.65
GRI,2025-04-01,247.50,data/filtered/GRI_None_247.50
GRI,2025-04-02,41.58,data/filtered/GRI_None_41.58
GRI,2025-04-15,31.13,data/filtered/GRI_None_31.13
GRI,2025-04-23,45.52,data/filtered/GRI_None_45.52
GRI,2025-09-11,83.97,data/filtered/GRI_None_83.97
GRNQ,2025-01-10,44.44,data/filtered/GRNQ_None_44.44
GRNQ,2025-05-16,39.13,data/filtered/GRNQ_None_39.13
GROV,2025-07-09,57.26,data/filtered/GROV_None_57.26
GRPN,2025-03-12,44.73,data/filtered/GRPN_None_44.73
GRPN,2025-05-08,43.46,data/filtered/GRPN_None_43.46
GRPN,2025-08-07,40.46,data/filtered/GRPN_None_40.46
GRRRW,2025-02-10,42.01,data/filtered/GRRRW_None_42.01
GRRRW,2025-03-03,77.89,data/filtered/GRRRW_None_77.89
GRRRW,2025-03-04,52.14,data/filtered/GRRRW_None_52.14
GRRRW,2025-03-05,42.24,data/filtered/GRRRW_None_42.24
GRRR,2025-03-14,31.22,data/filtered/GRRR_None_31.22
GRRR,2025-06-20,48.32,data/filtered/GRRR_None_48.32
GSAT,2025-10-30,31.37,data/filtered/GSAT_None_31.37
GSIT,2025-01-17,78.18,data/filtered/GSIT_None_78.18
GSIT,2025-10-20,257.28,data/filtered/GSIT_None_257.28
GSIT,2025-10-21,32.15,data/filtered/GSIT_None_32.15
GSIT,2025-10-27,42.25,data/filtered/GSIT_None_42.25
GSIW,2025-02-07,182.81,data/filtered/GSIW_None_182.81
GSIW,2025-05-14,112.33,data/filtered/GSIW_None_112.33
GSIW,2025-06-05,35.73,data/filtered/GSIW_None_35.73
GSRFR,2025-10-21,53.08,data/filtered/GSRFR_None_53.08
GSUN,2025-02-24,98.11,data/filtered/GSUN_None_98.11
GTBP,2025-02-25,53.69,data/filtered/GTBP_None_53.69
GTBP,2025-05-21,37.64,data/filtered/GTBP_None_37.64
GTBP,2025-10-08,82.25,data/filtered/GTBP_None_82.25
GTEC,2025-01-16,32.62,data/filtered/GTEC_None_32.62
GTEC,2025-03-27,96.95,data/filtered/GTEC_None_96.95
GTENW,2025-07-24,84.21,data/filtered/GTENW_None_84.21
GTENW,2025-07-25,30.77,data/filtered/GTENW_None_30.77
GTENW,2025-10-07,33.06,data/filtered/GTENW_None_33.06
GTIM,2025-10-22,30.26,data/filtered/GTIM_None_30.26
GUTS,2025-06-09,52.26,data/filtered/GUTS_None_52.26
GUTS,2025-09-26,34.65,data/filtered/GUTS_None_34.65
GVH,2025-05-05,88.08,data/filtered/GVH_None_88.08
GVH,2025-05-06,68.75,data/filtered/GVH_None_68.75
GVH,2025-05-07,30.07,data/filtered/GVH_None_30.07
GVH,2025-06-27,92.89,data/filtered/GVH_None_92.89
GVH,2025-07-02,44.63,data/filtered/GVH_None_44.63
GVH,2025-07-22,50.00,data/filtered/GVH_None_50.00
GVH,2025-08-29,30.29,data/filtered/GVH_None_30.29
GV,2025-02-24,67.31,data/filtered/GV_None_67.31
GV,2025-03-05,208.53,data/filtered/GV_None_208.53
GV,2025-03-06,90.53,data/filtered/GV_None_90.53
GV,2025-03-07,96.32,data/filtered/GV_None_96.32
GV,2025-03-12,55.76,data/filtered/GV_None_55.76
GV,2025-03-14,43.77,data/filtered/GV_None_43.77
GV,2025-08-05,107.41,data/filtered/GV_None_107.41
GV,2025-08-13,35.36,data/filtered/GV_None_35.36
GV,2025-09-17,151.05,data/filtered/GV_None_151.05
GWAV,2025-02-10,62.45,data/filtered/GWAV_None_62.45
GWAV,2025-04-22,43.70,data/filtered/GWAV_None_43.70
GWAV,2025-04-28,41.59,data/filtered/GWAV_None_41.59
GWAV,2025-10-14,182.02,data/filtered/GWAV_None_182.02
GWH,2025-02-18,36.07,data/filtered/GWH_None_36.07
GWH,2025-05-30,151.22,data/filtered/GWH_None_151.22
GWH,2025-06-26,34.58,data/filtered/GWH_None_34.58
GWH,2025-07-02,31.06,data/filtered/GWH_None_31.06
GWH,2025-07-22,35.90,data/filtered/GWH_None_35.90
GWH,2025-10-10,209.88,data/filtered/GWH_None_209.88
GWH,2025-10-13,233.41,data/filtered/GWH_None_233.41
GWH,2025-10-17,46.81,data/filtered/GWH_None_46.81
GXAI,2025-02-14,31.58,data/filtered/GXAI_None_31.58
GXAI,2025-08-19,120.91,data/filtered/GXAI_None_120.91
GXAI,2025-08-21,62.64,data/filtered/GXAI_None_62.64
GYRE,2025-05-27,33.76,data/filtered/GYRE_None_33.76
HAO,2025-01-28,59.36,data/filtered/HAO_None_59.36
HAO,2025-04-09,40.63,data/filtered/HAO_None_40.63
HAO,2025-05-23,59.31,data/filtered/HAO_None_59.31
HAO,2025-05-30,31.42,data/filtered/HAO_None_31.42
HAO,2025-08-25,30.25,data/filtered/HAO_None_30.25
HAO,2025-09-11,78.40,data/filtered/HAO_None_78.40
HBI,2025-08-07,32.85,data/filtered/HBI_None_32.85
HBI,2025-08-12,39.75,data/filtered/HBI_None_39.75
HCAI,2025-02-07,36.17,data/filtered/HCAI_None_36.17
HCAI,2025-03-14,36.43,data/filtered/HCAI_None_36.43
HCAI,2025-03-17,30.65,data/filtered/HCAI_None_30.65
HCAI,2025-03-26,53.69,data/filtered/HCAI_None_53.69
HCTI,2025-01-03,34.83,data/filtered/HCTI_None_34.83
HCTI,2025-01-06,45.83,data/filtered/HCTI_None_45.83
HCTI,2025-02-18,82.92,data/filtered/HCTI_None_82.92
HCTI,2025-02-26,71.05,data/filtered/HCTI_None_71.05
HCTI,2025-03-12,50.68,data/filtered/HCTI_None_50.68
HCTI,2025-04-01,46.83,data/filtered/HCTI_None_46.83
HCTI,2025-05-01,180.25,data/filtered/HCTI_None_180.25
HCTI,2025-05-14,134.74,data/filtered/HCTI_None_134.74
HCTI,2025-05-19,117.72,data/filtered/HCTI_None_117.72
HCTI,2025-05-20,39.56,data/filtered/HCTI_None_39.56
HCTI,2025-05-29,120.69,data/filtered/HCTI_None_120.69
HCTI,2025-06-11,43.06,data/filtered/HCTI_None_43.06
HCTI,2025-06-12,371.74,data/filtered/HCTI_None_371.74
HCTI,2025-06-16,50.25,data/filtered/HCTI_None_50.25
HCTI,2025-07-10,32.50,data/filtered/HCTI_None_32.50
HCTI,2025-07-23,50.00,data/filtered/HCTI_None_50.00
HCTI,2025-07-24,138.10,data/filtered/HCTI_None_138.10
HCTI,2025-07-25,60.22,data/filtered/HCTI_None_60.22
HCTI,2025-07-31,35.76,data/filtered/HCTI_None_35.76
HCTI,2025-10-01,41.44,data/filtered/HCTI_None_41.44
HCWB,2025-02-03,270.24,data/filtered/HCWB_None_270.24
HCWB,2025-05-13,241.65,data/filtered/HCWB_None_241.65
HCWB,2025-08-25,112.98,data/filtered/HCWB_None_112.98
HCWB,2025-09-12,83.97,data/filtered/HCWB_None_83.97
HFFG,2025-03-14,38.79,data/filtered/HFFG_None_38.79
HHS,2025-06-23,40.73,data/filtered/HHS_None_40.73
HIMS,2025-04-29,33.22,data/filtered/HIMS_None_33.22
HIMZ,2025-04-09,30.14,data/filtered/HIMZ_None_30.14
HIMZ,2025-04-29,63.71,data/filtered/HIMZ_None_63.71
HIMZ,2025-05-06,40.55,data/filtered/HIMZ_None_40.55
HIMZ,2025-05-13,31.88,data/filtered/HIMZ_None_31.88
HIMZ,2025-06-03,37.10,data/filtered/HIMZ_None_37.10
HIMZ,2025-07-23,36.73,data/filtered/HIMZ_None_36.73
HIMZ,2025-10-15,41.55,data/filtered/HIMZ_None_41.55
HIND,2025-09-17,58.15,data/filtered/HIND_None_58.15
HIT,2025-05-14,40.75,data/filtered/HIT_None_40.75
HIT,2025-07-21,34.55,data/filtered/HIT_None_34.55
HIT,2025-07-22,66.67,data/filtered/HIT_None_66.67
HIT,2025-08-04,31.00,data/filtered/HIT_None_31.00
HKD,2025-05-29,75.51,data/filtered/HKD_None_75.51
HKD,2025-10-31,223.67,data/filtered/HKD_None_223.67
HKPD,2025-03-19,36.67,data/filtered/HKPD_None_36.67
HKPD,2025-03-28,33.59,data/filtered/HKPD_None_33.59
HKPD,2025-05-19,56.88,data/filtered/HKPD_None_56.88
HKPD,2025-06-02,135.90,data/filtered/HKPD_None_135.90
HKPD,2025-06-06,37.80,data/filtered/HKPD_None_37.80
HKPD,2025-08-26,145.71,data/filtered/HKPD_None_145.71
HKPD,2025-09-05,49.04,data/filtered/HKPD_None_49.04
HKPD,2025-09-10,31.99,data/filtered/HKPD_None_31.99
HKPD,2025-10-23,48.22,data/filtered/HKPD_None_48.22
HLF,2025-02-20,49.47,data/filtered/HLF_None_49.47
HLIO,2025-02-25,30.28,data/filtered/HLIO_None_30.28
HLIO,2025-08-05,32.70,data/filtered/HLIO_None_32.70
HLLY,2025-08-06,31.86,data/filtered/HLLY_None_31.86
HMR,2025-03-10,115.23,data/filtered/HMR_None_115.23
HMR,2025-03-12,38.03,data/filtered/HMR_None_38.03
HMR,2025-03-13,88.24,data/filtered/HMR_None_88.24
HMR,2025-03-18,49.63,data/filtered/HMR_None_49.63
HOLO,2025-01-16,32.28,data/filtered/HOLO_None_32.28
HOLO,2025-01-27,67.10,data/filtered/HOLO_None_67.10
HOLO,2025-02-21,52.10,data/filtered/HOLO_None_52.10
HOLO,2025-03-21,60.16,data/filtered/HOLO_None_60.16
HOLO,2025-04-16,39.40,data/filtered/HOLO_None_39.40
HOLO,2025-04-22,35.90,data/filtered/HOLO_None_35.90
HOLO,2025-04-24,31.59,data/filtered/HOLO_None_31.59
HOLO,2025-05-27,32.78,data/filtered/HOLO_None_32.78
HOLO,2025-05-28,95.70,data/filtered/HOLO_None_95.70
HOLO,2025-06-03,39.23,data/filtered/HOLO_None_39.23
HOLO,2025-07-11,65.40,data/filtered/HOLO_None_65.40
HOOG,2025-04-09,48.78,data/filtered/HOOG_None_48.78
HOOG,2025-09-08,31.32,data/filtered/HOOG_None_31.32
HOOX,2025-04-09,48.10,data/filtered/HOOX_None_48.10
HOOX,2025-09-08,31.68,data/filtered/HOOX_None_31.68
HOTH,2025-01-07,363.64,data/filtered/HOTH_None_363.64
HOTH,2025-03-04,44.83,data/filtered/HOTH_None_44.83
HOTH,2025-06-04,78.30,data/filtered/HOTH_None_78.30
HOUR,2025-01-27,68.29,data/filtered/HOUR_None_68.29
HOUR,2025-02-03,33.50,data/filtered/HOUR_None_33.50
HOUR,2025-03-26,41.14,data/filtered/HOUR_None_41.14
HOUR,2025-07-01,52.45,data/filtered/HOUR_None_52.45
HOUR,2025-09-04,49.61,data/filtered/HOUR_None_49.61
HOUR,2025-09-05,185.71,data/filtered/HOUR_None_185.71
HOUR,2025-09-08,87.40,data/filtered/HOUR_None_87.40
HOUR,2025-09-26,33.43,data/filtered/HOUR_None_33.43
HOUS,2025-09-22,70.16,data/filtered/HOUS_None_70.16
HOVR,2025-06-13,69.34,data/filtered/HOVR_None_69.34
HOVR,2025-06-18,33.52,data/filtered/HOVR_None_33.52
HOVR,2025-10-13,33.45,data/filtered/HOVR_None_33.45
HPAI,2025-04-04,32.49,data/filtered/HPAI_None_32.49
HROW,2025-03-18,36.11,data/filtered/HROW_None_36.11
HSAI,2025-03-11,51.03,data/filtered/HSAI_None_51.03
HSCS,2025-07-10,48.05,data/filtered/HSCS_None_48.05
HSDT,2025-01-21,113.05,data/filtered/HSDT_None_113.05
HSDT,2025-05-02,36.10,data/filtered/HSDT_None_36.10
HSDT,2025-06-11,118.93,data/filtered/HSDT_None_118.93
HSDT,2025-06-18,39.02,data/filtered/HSDT_None_39.02
HSDT,2025-07-21,62.36,data/filtered/HSDT_None_62.36
HSDT,2025-09-15,223.94,data/filtered/HSDT_None_223.94
HSDT,2025-09-16,32.46,data/filtered/HSDT_None_32.46
HTCO,2025-03-12,58.86,data/filtered/HTCO_None_58.86
HTCO,2025-03-25,47.87,data/filtered/HTCO_None_47.87
HTCO,2025-04-14,42.06,data/filtered/HTCO_None_42.06
HTCO,2025-05-06,32.59,data/filtered/HTCO_None_32.59
HTCO,2025-05-08,31.01,data/filtered/HTCO_None_31.01
HTCO,2025-06-18,41.52,data/filtered/HTCO_None_41.52
HTCO,2025-08-25,31.60,data/filtered/HTCO_None_31.60
HTCR,2025-08-25,130.34,data/filtered/HTCR_None_130.34
HTCR,2025-09-05,36.79,data/filtered/HTCR_None_36.79
HTOO,2025-07-15,45.20,data/filtered/HTOO_None_45.20
HTOO,2025-07-22,195.09,data/filtered/HTOO_None_195.09
HTOO,2025-07-25,80.76,data/filtered/HTOO_None_80.76
HTZWW,2025-04-16,59.20,data/filtered/HTZWW_None_59.20
HTZWW,2025-04-17,51.67,data/filtered/HTZWW_None_51.67
HTZ,2025-04-16,58.08,data/filtered/HTZ_None_58.08
HTZ,2025-04-17,53.06,data/filtered/HTZ_None_53.06
HUBC,2025-02-04,32.98,data/filtered/HUBC_None_32.98
HUBC,2025-02-28,33.50,data/filtered/HUBC_None_33.50
HUBC,2025-04-09,56.50,data/filtered/HUBC_None_56.50
HUBC,2025-07-14,36.31,data/filtered/HUBC_None_36.31
HUBC,2025-07-16,43.08,data/filtered/HUBC_None_43.08
HUDI,2025-09-10,310.53,data/filtered/HUDI_None_310.53
HUHU,2025-02-19,34.69,data/filtered/HUHU_None_34.69
HUHU,2025-03-21,62.87,data/filtered/HUHU_None_62.87
HUHU,2025-03-24,42.45,data/filtered/HUHU_None_42.45
HUIZ,2025-04-15,36.76,data/filtered/HUIZ_None_36.76
HUIZ,2025-09-12,60.07,data/filtered/HUIZ_None_60.07
HUMA,2025-04-09,33.91,data/filtered/HUMA_None_33.91
HUMA,2025-05-13,36.36,data/filtered/HUMA_None_36.36
HURA,2025-01-10,31.89,data/filtered/HURA_None_31.89
HURA,2025-03-19,37.50,data/filtered/HURA_None_37.50
HURA,2025-08-11,36.96,data/filtered/HURA_None_36.96
HWH,2025-01-27,204.83,data/filtered/HWH_None_204.83
HWH,2025-01-30,50.51,data/filtered/HWH_None_50.51
HWH,2025-02-24,30.25,data/filtered/HWH_None_30.25
HWH,2025-02-26,64.63,data/filtered/HWH_None_64.63
HWH,2025-03-21,34.85,data/filtered/HWH_None_34.85
HWH,2025-05-12,36.36,data/filtered/HWH_None_36.36
HWH,2025-05-14,71.90,data/filtered/HWH_None_71.90
HWH,2025-07-29,119.44,data/filtered/HWH_None_119.44
HWH,2025-08-05,34.97,data/filtered/HWH_None_34.97
HWH,2025-09-02,439.58,data/filtered/HWH_None_439.58
HWH,2025-09-04,61.62,data/filtered/HWH_None_61.62
HXHX,2025-10-16,30.43,data/filtered/HXHX_None_30.43
HYFM,2025-04-10,45.83,data/filtered/HYFM_None_45.83
HYFM,2025-04-11,30.23,data/filtered/HYFM_None_30.23
HYFM,2025-05-05,33.90,data/filtered/HYFM_None_33.90
HYPD,2025-07-28,30.56,data/filtered/HYPD_None_30.56
HYPD,2025-08-08,48.18,data/filtered/HYPD_None_48.18
HYPD,2025-09-09,38.89,data/filtered/HYPD_None_38.89
HYPR,2025-03-17,47.99,data/filtered/HYPR_None_47.99
HYPR,2025-06-02,97.51,data/filtered/HYPR_None_97.51
HYPR,2025-07-17,36.25,data/filtered/HYPR_None_36.25
IBEX,2025-09-12,41.14,data/filtered/IBEX_None_41.14
IBG,2025-04-02,299.76,data/filtered/IBG_None_299.76
IBG,2025-07-14,138.98,data/filtered/IBG_None_138.98
IBG,2025-07-15,41.75,data/filtered/IBG_None_41.75
IBG,2025-07-18,42.53,data/filtered/IBG_None_42.53
IBG,2025-09-23,252.21,data/filtered/IBG_None_252.21
IBG,2025-09-29,44.77,data/filtered/IBG_None_44.77
IBG,2025-09-30,70.79,data/filtered/IBG_None_70.79
IBG,2025-10-15,53.42,data/filtered/IBG_None_53.42
IBIO,2025-02-27,38.30,data/filtered/IBIO_None_38.30
IBIO,2025-04-28,32.75,data/filtered/IBIO_None_32.75
IBIO,2025-04-29,54.29,data/filtered/IBIO_None_54.29
IBIO,2025-06-24,45.99,data/filtered/IBIO_None_45.99
IBIO,2025-10-21,64.61,data/filtered/IBIO_None_64.61
IBIO,2025-10-22,42.34,data/filtered/IBIO_None_42.34
ICCM,2025-08-28,32.98,data/filtered/ICCM_None_32.98
ICCM,2025-10-03,41.41,data/filtered/ICCM_None_41.41
ICG,2025-06-23,53.78,data/filtered/ICG_None_53.78
ICG,2025-07-08,36.24,data/filtered/ICG_None_36.24
ICON,2025-03-07,53.79,data/filtered/ICON_None_53.79
ICON,2025-03-13,54.67,data/filtered/ICON_None_54.67
ICON,2025-04-02,48.04,data/filtered/ICON_None_48.04
ICON,2025-06-13,83.79,data/filtered/ICON_None_83.79
ICU,2025-01-31,58.96,data/filtered/ICU_None_58.96
ICU,2025-02-03,37.05,data/filtered/ICU_None_37.05
IDAI,2025-05-15,33.32,data/filtered/IDAI_None_33.32
IDAI,2025-09-19,40.10,data/filtered/IDAI_None_40.10
IDAI,2025-09-24,60.33,data/filtered/IDAI_None_60.33
IDN,2025-05-20,30.17,data/filtered/IDN_None_30.17
IFBD,2025-05-09,40.83,data/filtered/IFBD_None_40.83
IFBD,2025-09-09,32.05,data/filtered/IFBD_None_32.05
IFRX,2025-08-29,36.75,data/filtered/IFRX_None_36.75
IHRT,2025-08-12,40.18,data/filtered/IHRT_None_40.18
IH,2025-07-17,34.44,data/filtered/IH_None_34.44
IINN,2025-07-02,40.08,data/filtered/IINN_None_40.08
IINN,2025-07-07,37.82,data/filtered/IINN_None_37.82
ILLR,2025-01-14,35.78,data/filtered/ILLR_None_35.78
ILLR,2025-03-12,32.77,data/filtered/ILLR_None_32.77
ILLR,2025-04-15,32.53,data/filtered/ILLR_None_32.53
ILLR,2025-04-22,37.85,data/filtered/ILLR_None_37.85
ILLR,2025-06-30,60.59,data/filtered/ILLR_None_60.59
ILLR,2025-09-16,39.97,data/filtered/ILLR_None_39.97
ILLR,2025-10-03,31.84,data/filtered/ILLR_None_31.84
ILPT,2025-06-16,30.35,data/filtered/ILPT_None_30.35
IMCC,2025-05-28,99.47,data/filtered/IMCC_None_99.47
IMCC,2025-05-29,120.30,data/filtered/IMCC_None_120.30
IMCC,2025-05-30,35.07,data/filtered/IMCC_None_35.07
IMCC,2025-06-17,33.92,data/filtered/IMCC_None_33.92
IMCC,2025-10-23,38.17,data/filtered/IMCC_None_38.17
IMDX,2025-06-20,34.18,data/filtered/IMDX_None_34.18
IMG,2025-01-08,105.68,data/filtered/IMG_None_105.68
IMMP,2025-05-05,58.48,data/filtered/IMMP_None_58.48
IMNN,2025-05-13,32.35,data/filtered/IMNN_None_32.35
IMNN,2025-05-22,47.80,data/filtered/IMNN_None_47.80
IMNN,2025-05-23,234.54,data/filtered/IMNN_None_234.54
IMNN,2025-05-27,106.90,data/filtered/IMNN_None_106.90
IMNN,2025-05-29,46.71,data/filtered/IMNN_None_46.71
IMNN,2025-05-30,45.73,data/filtered/IMNN_None_45.73
IMNN,2025-06-10,59.40,data/filtered/IMNN_None_59.40
IMNN,2025-07-17,61.54,data/filtered/IMNN_None_61.54
IMRX,2025-01-07,61.02,data/filtered/IMRX_None_61.02
IMRX,2025-06-18,63.18,data/filtered/IMRX_None_63.18
IMRX,2025-08-21,37.03,data/filtered/IMRX_None_37.03
IMRX,2025-09-10,32.91,data/filtered/IMRX_None_32.91
IMTE,2025-03-24,313.04,data/filtered/IMTE_None_313.04
IMTE,2025-03-26,67.72,data/filtered/IMTE_None_67.72
IMTE,2025-03-27,31.60,data/filtered/IMTE_None_31.60
IMXI,2025-08-11,64.55,data/filtered/IMXI_None_64.55
INAB,2025-01-06,32.12,data/filtered/INAB_None_32.12
INAB,2025-02-11,54.65,data/filtered/INAB_None_54.65
INAB,2025-05-29,31.69,data/filtered/INAB_None_31.69
INBX,2025-10-24,112.27,data/filtered/INBX_None_112.27
INDP,2025-03-18,109.28,data/filtered/INDP_None_109.28
INDP,2025-06-23,163.31,data/filtered/INDP_None_163.31
INDP,2025-06-26,30.43,data/filtered/INDP_None_30.43
INDP,2025-09-26,161.28,data/filtered/INDP_None_161.28
INDP,2025-10-07,61.13,data/filtered/INDP_None_61.13
INEO,2025-05-23,44.15,data/filtered/INEO_None_44.15
INEO,2025-06-11,81.03,data/filtered/INEO_None_81.03
INEO,2025-06-17,74.77,data/filtered/INEO_None_74.77
INEO,2025-08-28,32.29,data/filtered/INEO_None_32.29
INEO,2025-10-23,53.37,data/filtered/INEO_None_53.37
INHD,2025-01-28,43.63,data/filtered/INHD_None_43.63
INHD,2025-04-21,37.82,data/filtered/INHD_None_37.82
INHD,2025-05-12,266.30,data/filtered/INHD_None_266.30
INHD,2025-05-13,48.73,data/filtered/INHD_None_48.73
INHD,2025-08-25,376.34,data/filtered/INHD_None_376.34
INHD,2025-08-27,80.05,data/filtered/INHD_None_80.05
INHD,2025-09-04,129.83,data/filtered/INHD_None_129.83
INHD,2025-09-05,42.56,data/filtered/INHD_None_42.56
INHD,2025-09-08,65.18,data/filtered/INHD_None_65.18
INKT,2025-01-29,32.67,data/filtered/INKT_None_32.67
INKT,2025-01-31,33.53,data/filtered/INKT_None_33.53
INKT,2025-02-04,73.16,data/filtered/INKT_None_73.16
INKT,2025-07-11,883.18,data/filtered/INKT_None_883.18
INKT,2025-07-17,31.11,data/filtered/INKT_None_31.11
INLF,2025-01-03,38.20,data/filtered/INLF_None_38.20
INLF,2025-02-12,38.23,data/filtered/INLF_None_38.23
INLF,2025-02-13,66.94,data/filtered/INLF_None_66.94
INLF,2025-02-14,133.07,data/filtered/INLF_None_133.07
INLF,2025-06-16,52.77,data/filtered/INLF_None_52.77
INLF,2025-06-20,93.82,data/filtered/INLF_None_93.82
INLF,2025-06-25,49.73,data/filtered/INLF_None_49.73
INMB,2025-06-27,85.35,data/filtered/INMB_None_85.35
INM,2025-01-21,67.07,data/filtered/INM_None_67.07
INM,2025-05-14,52.67,data/filtered/INM_None_52.67
INM,2025-06-02,220.48,data/filtered/INM_None_220.48
INM,2025-06-24,124.49,data/filtered/INM_None_124.49
INOD,2025-02-21,30.13,data/filtered/INOD_None_30.13
INTG,2025-10-15,51.65,data/filtered/INTG_None_51.65
INTS,2025-10-30,551.93,data/filtered/INTS_None_551.93
INTW,2025-02-18,32.13,data/filtered/INTW_None_32.13
INTW,2025-03-13,36.87,data/filtered/INTW_None_36.87
INTW,2025-04-09,38.58,data/filtered/INTW_None_38.58
INTW,2025-09-18,59.97,data/filtered/INTW_None_59.97
INTZ,2025-01-03,37.57,data/filtered/INTZ_None_37.57
INTZ,2025-01-10,77.50,data/filtered/INTZ_None_77.50
INTZ,2025-03-13,32.86,data/filtered/INTZ_None_32.86
INTZ,2025-03-17,37.17,data/filtered/INTZ_None_37.17
INTZ,2025-06-02,30.77,data/filtered/INTZ_None_30.77
INVZ,2025-01-07,57.79,data/filtered/INVZ_None_57.79
INVZ,2025-06-17,32.88,data/filtered/INVZ_None_32.88
INV,2025-08-04,55.61,data/filtered/INV_None_55.61
IOBT,2025-03-25,36.99,data/filtered/IOBT_None_36.99
IOBT,2025-08-12,49.58,data/filtered/IOBT_None_49.58
IOBT,2025-08-15,72.66,data/filtered/IOBT_None_72.66
IONL,2025-04-07,30.62,data/filtered/IONL_None_30.62
IONL,2025-04-09,46.52,data/filtered/IONL_None_46.52
IONL,2025-05-22,89.23,data/filtered/IONL_None_89.23
IONL,2025-09-12,38.60,data/filtered/IONL_None_38.60
IONL,2025-10-13,38.90,data/filtered/IONL_None_38.90
IONQ,2025-01-15,37.24,data/filtered/IONQ_None_37.24
IONQ,2025-05-22,45.86,data/filtered/IONQ_None_45.86
IONR,2025-09-24,37.39,data/filtered/IONR_None_37.39
IONR,2025-10-06,71.58,data/filtered/IONR_None_71.58
IONS,2025-09-02,35.85,data/filtered/IONS_None_35.85
IONX,2025-03-14,34.86,data/filtered/IONX_None_34.86
IONX,2025-03-24,36.85,data/filtered/IONX_None_36.85
IONX,2025-04-07,31.49,data/filtered/IONX_None_31.49
IONX,2025-04-09,49.66,data/filtered/IONX_None_49.66
IONX,2025-05-22,91.04,data/filtered/IONX_None_91.04
IONX,2025-09-12,38.87,data/filtered/IONX_None_38.87
IONX,2025-10-13,38.83,data/filtered/IONX_None_38.83
IOTR,2025-04-14,38.64,data/filtered/IOTR_None_38.64
IOTR,2025-04-16,48.02,data/filtered/IOTR_None_48.02
IOVA,2025-07-23,38.34,data/filtered/IOVA_None_38.34
IPDN,2025-02-20,33.33,data/filtered/IPDN_None_33.33
IPDN,2025-04-09,96.08,data/filtered/IPDN_None_96.08
IPDN,2025-06-30,182.29,data/filtered/IPDN_None_182.29
IPDN,2025-08-06,48.07,data/filtered/IPDN_None_48.07
IPDN,2025-08-29,461.66,data/filtered/IPDN_None_461.66
IPDN,2025-09-03,78.27,data/filtered/IPDN_None_78.27
IPDN,2025-09-23,77.27,data/filtered/IPDN_None_77.27
IPDN,2025-10-13,41.22,data/filtered/IPDN_None_41.22
IPM,2025-09-17,49.22,data/filtered/IPM_None_49.22
IPWR,2025-08-14,48.21,data/filtered/IPWR_None_48.21
IPW,2025-04-15,30.16,data/filtered/IPW_None_30.16
IPW,2025-06-05,95.55,data/filtered/IPW_None_95.55
IPW,2025-06-06,39.78,data/filtered/IPW_None_39.78
IPW,2025-06-09,34.17,data/filtered/IPW_None_34.17
IPW,2025-09-22,122.12,data/filtered/IPW_None_122.12
IQST,2025-05-14,86.42,data/filtered/IQST_None_86.42
IQST,2025-06-02,49.54,data/filtered/IQST_None_49.54
IRBT,2025-01-06,31.79,data/filtered/IRBT_None_31.79
IRBT,2025-05-27,66.66,data/filtered/IRBT_None_66.66
IRBT,2025-10-15,55.22,data/filtered/IRBT_None_55.22
IRD,2025-06-02,75.97,data/filtered/IRD_None_75.97
IRIX,2025-03-21,34.15,data/filtered/IRIX_None_34.15
IRIX,2025-07-17,33.64,data/filtered/IRIX_None_33.64
IRS,2025-10-27,38.25,data/filtered/IRS_None_38.25
IRWD,2025-08-07,41.61,data/filtered/IRWD_None_41.61
ISPC,2025-02-24,74.14,data/filtered/ISPC_None_74.14
ISPC,2025-04-01,36.79,data/filtered/ISPC_None_36.79
ISPC,2025-04-09,45.83,data/filtered/ISPC_None_45.83
ISPC,2025-09-05,53.75,data/filtered/ISPC_None_53.75
ISPC,2025-09-09,325.65,data/filtered/ISPC_None_325.65
ISPC,2025-09-12,95.45,data/filtered/ISPC_None_95.45
ISPO,2025-05-30,42.01,data/filtered/ISPO_None_42.01
ISPR,2025-04-09,46.88,data/filtered/ISPR_None_46.88
ISSC,2025-05-15,42.86,data/filtered/ISSC_None_42.86
ISUL,2025-10-22,37.21,data/filtered/ISUL_None_37.21
IVDA,2025-10-02,64.71,data/filtered/IVDA_None_64.71
IVF,2025-04-30,98.76,data/filtered/IVF_None_98.76
IVF,2025-05-05,66.67,data/filtered/IVF_None_66.67
IVF,2025-06-25,53.00,data/filtered/IVF_None_53.00
IVF,2025-07-22,66.27,data/filtered/IVF_None_66.27
IVF,2025-10-16,179.83,data/filtered/IVF_None_179.83
IVP,2025-05-30,35.04,data/filtered/IVP_None_35.04
IVP,2025-08-14,64.62,data/filtered/IVP_None_64.62
IVVD,2025-02-03,210.32,data/filtered/IVVD_None_210.32
IVVD,2025-02-04,34.91,data/filtered/IVVD_None_34.91
IVVD,2025-02-05,87.20,data/filtered/IVVD_None_87.20
IVVD,2025-02-07,33.33,data/filtered/IVVD_None_33.33
IVVD,2025-02-21,73.55,data/filtered/IVVD_None_73.55
IVVD,2025-03-04,35.21,data/filtered/IVVD_None_35.21
IVVD,2025-05-13,30.10,data/filtered/IVVD_None_30.10
IVVD,2025-08-26,103.68,data/filtered/IVVD_None_103.68
IVVD,2025-10-06,32.76,data/filtered/IVVD_None_32.76
IXHL,2025-03-19,43.03,data/filtered/IXHL_None_43.03
IXHL,2025-04-08,179.82,data/filtered/IXHL_None_179.82
IXHL,2025-05-15,51.43,data/filtered/IXHL_None_51.43
IXHL,2025-07-24,64.36,data/filtered/IXHL_None_64.36
IZEA,2025-05-14,37.55,data/filtered/IZEA_None_37.55
IZEA,2025-10-10,34.62,data/filtered/IZEA_None_34.62
JAGX,2025-04-10,49.65,data/filtered/JAGX_None_49.65
JAGX,2025-04-25,92.06,data/filtered/JAGX_None_92.06
JBDI,2025-05-06,32.34,data/filtered/JBDI_None_32.34
JBDI,2025-05-08,37.35,data/filtered/JBDI_None_37.35
JBDI,2025-09-10,179.07,data/filtered/JBDI_None_179.07
JBDI,2025-09-12,31.58,data/filtered/JBDI_None_31.58
JBDI,2025-10-06,31.61,data/filtered/JBDI_None_31.61
JBIO,2025-05-02,34.72,data/filtered/JBIO_None_34.72
JCSE,2025-04-07,70.00,data/filtered/JCSE_None_70.00
JCSE,2025-05-05,86.17,data/filtered/JCSE_None_86.17
JCSE,2025-05-09,31.29,data/filtered/JCSE_None_31.29
JCSE,2025-09-10,40.32,data/filtered/JCSE_None_40.32
JDZG,2025-04-09,30.46,data/filtered/JDZG_None_30.46
JDZG,2025-04-16,32.68,data/filtered/JDZG_None_32.68
JDZG,2025-04-28,38.44,data/filtered/JDZG_None_38.44
JDZG,2025-06-11,30.57,data/filtered/JDZG_None_30.57
JDZG,2025-06-24,32.74,data/filtered/JDZG_None_32.74
JDZG,2025-10-14,67.55,data/filtered/JDZG_None_67.55
JEM,2025-06-11,86.53,data/filtered/JEM_None_86.53
JEM,2025-06-25,30.58,data/filtered/JEM_None_30.58
JEM,2025-07-03,36.07,data/filtered/JEM_None_36.07
JEM,2025-07-30,50.00,data/filtered/JEM_None_50.00
JEM,2025-09-03,66.22,data/filtered/JEM_None_66.22
JFBR,2025-04-30,111.76,data/filtered/JFBR_None_111.76
JFBR,2025-06-10,38.74,data/filtered/JFBR_None_38.74
JFB,2025-07-14,42.12,data/filtered/JFB_None_42.12
JFB,2025-09-26,34.59,data/filtered/JFB_None_34.59
JFB,2025-09-29,90.66,data/filtered/JFB_None_90.66
JFIN,2025-03-04,38.47,data/filtered/JFIN_None_38.47
JFIN,2025-03-27,34.05,data/filtered/JFIN_None_34.05
JFU,2025-02-14,31.93,data/filtered/JFU_None_31.93
JFU,2025-04-30,31.39,data/filtered/JFU_None_31.39
JFU,2025-08-11,33.72,data/filtered/JFU_None_33.72
JFU,2025-08-25,35.98,data/filtered/JFU_None_35.98
JFU,2025-10-09,70.29,data/filtered/JFU_None_70.29
JFU,2025-10-10,30.95,data/filtered/JFU_None_30.95
JFU,2025-10-20,45.60,data/filtered/JFU_None_45.60
JG,2025-01-27,248.30,data/filtered/JG_None_248.30
JG,2025-02-05,32.38,data/filtered/JG_None_32.38
JG,2025-02-10,56.49,data/filtered/JG_None_56.49
JL,2025-01-27,107.91,data/filtered/JL_None_107.91
JL,2025-01-28,72.54,data/filtered/JL_None_72.54
JL,2025-01-30,66.82,data/filtered/JL_None_66.82
JL,2025-01-31,53.15,data/filtered/JL_None_53.15
JMIA,2025-08-07,36.46,data/filtered/JMIA_None_36.46
JOBY,2025-05-28,31.69,data/filtered/JOBY_None_31.69
JSPR,2025-07-09,32.45,data/filtered/JSPR_None_32.45
JTAI,2025-02-14,217.83,data/filtered/JTAI_None_217.83
JTAI,2025-02-19,189.90,data/filtered/JTAI_None_189.90
JTAI,2025-02-25,64.80,data/filtered/JTAI_None_64.80
JTAI,2025-03-17,30.47,data/filtered/JTAI_None_30.47
JUNS,2025-06-11,136.81,data/filtered/JUNS_None_136.81
JUNS,2025-06-18,38.84,data/filtered/JUNS_None_38.84
JUNS,2025-07-02,33.66,data/filtered/JUNS_None_33.66
JUNS,2025-07-03,58.82,data/filtered/JUNS_None_58.82
JUNS,2025-07-11,43.46,data/filtered/JUNS_None_43.46
JVA,2025-02-03,33.42,data/filtered/JVA_None_33.42
JVA,2025-06-13,41.60,data/filtered/JVA_None_41.60
JWEL,2025-07-01,37.97,data/filtered/JWEL_None_37.97
JWEL,2025-10-21,46.78,data/filtered/JWEL_None_46.78
JXG,2025-07-15,56.25,data/filtered/JXG_None_56.25
JXG,2025-07-22,53.33,data/filtered/JXG_None_53.33
JXG,2025-09-23,31.74,data/filtered/JXG_None_31.74
JYD,2025-01-22,48.18,data/filtered/JYD_None_48.18
JYD,2025-04-03,72.21,data/filtered/JYD_None_72.21
JYD,2025-04-23,213.73,data/filtered/JYD_None_213.73
JYD,2025-05-12,135.97,data/filtered/JYD_None_135.97
JYD,2025-09-22,36.31,data/filtered/JYD_None_36.31
JZXN,2025-01-24,32.90,data/filtered/JZXN_None_32.90
JZXN,2025-01-27,44.89,data/filtered/JZXN_None_44.89
JZXN,2025-01-28,30.00,data/filtered/JZXN_None_30.00
JZXN,2025-02-07,30.59,data/filtered/JZXN_None_30.59
JZXN,2025-02-19,47.49,data/filtered/JZXN_None_47.49
JZXN,2025-03-04,41.12,data/filtered/JZXN_None_41.12
JZXN,2025-04-08,66.35,data/filtered/JZXN_None_66.35
JZXN,2025-06-18,45.30,data/filtered/JZXN_None_45.30
JZXN,2025-09-19,39.37,data/filtered/JZXN_None_39.37
JZXN,2025-09-23,50.00,data/filtered/JZXN_None_50.00
JZXN,2025-09-24,46.91,data/filtered/JZXN_None_46.91
JZ,2025-05-08,164.95,data/filtered/JZ_None_164.95
JZ,2025-05-12,49.89,data/filtered/JZ_None_49.89
JZ,2025-09-08,72.08,data/filtered/JZ_None_72.08
KALA,2025-04-29,40.90,data/filtered/KALA_None_40.90
KALV,2025-07-07,32.80,data/filtered/KALV_None_32.80
KAVL,2025-01-08,78.53,data/filtered/KAVL_None_78.53
KAVL,2025-07-14,94.10,data/filtered/KAVL_None_94.10
KAVL,2025-08-29,30.04,data/filtered/KAVL_None_30.04
KBSX,2025-01-29,37.25,data/filtered/KBSX_None_37.25
KBSX,2025-03-18,338.81,data/filtered/KBSX_None_338.81
KBSX,2025-03-25,30.97,data/filtered/KBSX_None_30.97
KBSX,2025-04-10,36.36,data/filtered/KBSX_None_36.36
KBSX,2025-05-02,96.67,data/filtered/KBSX_None_96.67
KBSX,2025-06-11,48.07,data/filtered/KBSX_None_48.07
KDKRW,2025-10-10,30.77,data/filtered/KDKRW_None_30.77
KEQU,2025-06-26,35.97,data/filtered/KEQU_None_35.97
KIDZ,2025-04-14,47.31,data/filtered/KIDZ_None_47.31
KIDZ,2025-05-01,372.17,data/filtered/KIDZ_None_372.17
KIDZ,2025-05-02,98.69,data/filtered/KIDZ_None_98.69
KIDZ,2025-05-08,37.86,data/filtered/KIDZ_None_37.86
KIDZ,2025-05-16,61.09,data/filtered/KIDZ_None_61.09
KIDZ,2025-06-02,81.20,data/filtered/KIDZ_None_81.20
KIDZ,2025-06-03,66.13,data/filtered/KIDZ_None_66.13
KIDZ,2025-07-31,32.39,data/filtered/KIDZ_None_32.39
KIDZ,2025-09-09,44.04,data/filtered/KIDZ_None_44.04
KIDZ,2025-09-10,119.55,data/filtered/KIDZ_None_119.55
KITT,2025-01-03,148.43,data/filtered/KITT_None_148.43
KITT,2025-01-06,58.95,data/filtered/KITT_None_58.95
KITT,2025-01-10,40.41,data/filtered/KITT_None_40.41
KITT,2025-01-14,40.10,data/filtered/KITT_None_40.10
KITT,2025-01-15,73.74,data/filtered/KITT_None_73.74
KITT,2025-01-31,48.08,data/filtered/KITT_None_48.08
KITT,2025-03-06,33.21,data/filtered/KITT_None_33.21
KITT,2025-09-22,34.13,data/filtered/KITT_None_34.13
KITT,2025-10-27,94.89,data/filtered/KITT_None_94.89
KLRS,2025-09-03,81.50,data/filtered/KLRS_None_81.50
KLRS,2025-09-16,38.81,data/filtered/KLRS_None_38.81
KLRS,2025-10-06,32.61,data/filtered/KLRS_None_32.61
KLTO,2025-06-09,797.56,data/filtered/KLTO_None_797.56
KLTO,2025-06-10,114.83,data/filtered/KLTO_None_114.83
KLTO,2025-06-12,68.97,data/filtered/KLTO_None_68.97
KLTO,2025-06-30,93.03,data/filtered/KLTO_None_93.03
KMRK,2025-08-04,41.32,data/filtered/KMRK_None_41.32
KMRK,2025-09-02,35.02,data/filtered/KMRK_None_35.02
KOD,2025-09-22,71.04,data/filtered/KOD_None_71.04
KOPN,2025-01-23,39.46,data/filtered/KOPN_None_39.46
KOSS,2025-07-23,50.44,data/filtered/KOSS_None_50.44
KPLT,2025-01-16,73.93,data/filtered/KPLT_None_73.93
KPLT,2025-09-02,32.67,data/filtered/KPLT_None_32.67
KPRX,2025-06-03,46.67,data/filtered/KPRX_None_46.67
KPTI,2025-08-15,48.39,data/filtered/KPTI_None_48.39
KPTI,2025-09-23,34.87,data/filtered/KPTI_None_34.87
KRKR,2025-01-29,205.65,data/filtered/KRKR_None_205.65
KRKR,2025-09-08,307.63,data/filtered/KRKR_None_307.63
KRUS,2025-04-09,39.51,data/filtered/KRUS_None_39.51
KSCP,2025-04-15,46.67,data/filtered/KSCP_None_46.67
KSS,2025-07-22,105.28,data/filtered/KSS_None_105.28
KTTA,2025-02-05,85.10,data/filtered/KTTA_None_85.10
KTTA,2025-04-10,114.68,data/filtered/KTTA_None_114.68
KTTA,2025-05-06,166.90,data/filtered/KTTA_None_166.90
KTTA,2025-05-16,31.30,data/filtered/KTTA_None_31.30
KWM,2025-06-04,236.97,data/filtered/KWM_None_236.97
KWM,2025-06-09,68.76,data/filtered/KWM_None_68.76
KWM,2025-06-10,53.90,data/filtered/KWM_None_53.90
KWM,2025-06-16,47.24,data/filtered/KWM_None_47.24
KWM,2025-09-05,41.26,data/filtered/KWM_None_41.26
KXIN,2025-10-20,58.46,data/filtered/KXIN_None_58.46
KXIN,2025-10-31,39.61,data/filtered/KXIN_None_39.61
KYIV,2025-08-18,31.51,data/filtered/KYIV_None_31.51
KYMR,2025-06-02,48.33,data/filtered/KYMR_None_48.33
KYTX,2025-10-08,42.88,data/filtered/KYTX_None_42.88
KZIA,2025-01-30,91.30,data/filtered/KZIA_None_91.30
KZIA,2025-03-07,70.39,data/filtered/KZIA_None_70.39
KZIA,2025-06-03,41.53,data/filtered/KZIA_None_41.53
KZIA,2025-06-11,144.70,data/filtered/KZIA_None_144.70
KZIA,2025-07-09,58.10,data/filtered/KZIA_None_58.10
KZR,2025-10-17,53.48,data/filtered/KZR_None_53.48
LAB,2025-01-13,31.29,data/filtered/LAB_None_31.29
LAB,2025-06-23,51.43,data/filtered/LAB_None_51.43
LAC,2025-09-24,105.21,data/filtered/LAC_None_105.21
LAC,2025-10-01,32.22,data/filtered/LAC_None_32.22
LAC,2025-10-03,36.01,data/filtered/LAC_None_36.01
LAES,2025-01-15,43.44,data/filtered/LAES_None_43.44
LAES,2025-05-21,33.54,data/filtered/LAES_None_33.54
LAES,2025-10-09,40.14,data/filtered/LAES_None_40.14
LAES,2025-10-14,30.18,data/filtered/LAES_None_30.18
LANV,2025-03-11,31.58,data/filtered/LANV_None_31.58
LAR,2025-08-11,31.32,data/filtered/LAR_None_31.32
LASE,2025-07-08,37.66,data/filtered/LASE_None_37.66
LASE,2025-08-19,117.07,data/filtered/LASE_None_117.07
LASE,2025-08-25,30.57,data/filtered/LASE_None_30.57
LASE,2025-09-18,110.00,data/filtered/LASE_None_110.00
LASE,2025-09-22,33.10,data/filtered/LASE_None_33.10
LASR,2025-05-09,36.47,data/filtered/LASR_None_36.47
LASR,2025-08-08,31.90,data/filtered/LASR_None_31.90
LAWR,2025-08-07,33.75,data/filtered/LAWR_None_33.75
LAWR,2025-09-02,146.94,data/filtered/LAWR_None_146.94
LAWR,2025-09-18,58.42,data/filtered/LAWR_None_58.42
LAYS,2025-04-09,42.00,data/filtered/LAYS_None_42.00
LAYS,2025-10-06,35.68,data/filtered/LAYS_None_35.68
LAZR,2025-01-06,30.48,data/filtered/LAZR_None_30.48
LAZR,2025-03-21,35.35,data/filtered/LAZR_None_35.35
LAZR,2025-10-24,34.91,data/filtered/LAZR_None_34.91
LBGJ,2025-02-26,64.71,data/filtered/LBGJ_None_64.71
LBGJ,2025-02-27,72.54,data/filtered/LBGJ_None_72.54
LBGJ,2025-02-28,50.41,data/filtered/LBGJ_None_50.41
LBGJ,2025-03-06,30.74,data/filtered/LBGJ_None_30.74
LBGJ,2025-03-07,32.60,data/filtered/LBGJ_None_32.60
LBGJ,2025-04-03,35.19,data/filtered/LBGJ_None_35.19
LBGJ,2025-05-30,38.89,data/filtered/LBGJ_None_38.89
LBGJ,2025-09-09,38.28,data/filtered/LBGJ_None_38.28
LBRT,2025-10-17,31.07,data/filtered/LBRT_None_31.07
LCDL,2025-07-17,92.40,data/filtered/LCDL_None_92.40
LCDL,2025-09-05,30.54,data/filtered/LCDL_None_30.54
LCFYW,2025-01-03,46.19,data/filtered/LCFYW_None_46.19
LCFYW,2025-01-10,44.59,data/filtered/LCFYW_None_44.59
LCFYW,2025-01-13,60.46,data/filtered/LCFYW_None_60.46
LCFYW,2025-01-21,95.45,data/filtered/LCFYW_None_95.45
LCFYW,2025-01-22,47.12,data/filtered/LCFYW_None_47.12
LCFYW,2025-01-23,83.37,data/filtered/LCFYW_None_83.37
LCFYW,2025-02-03,120.00,data/filtered/LCFYW_None_120.00
LCFYW,2025-02-05,49.52,data/filtered/LCFYW_None_49.52
LCFYW,2025-02-06,64.23,data/filtered/LCFYW_None_64.23
LCFYW,2025-02-25,51.48,data/filtered/LCFYW_None_51.48
LCFYW,2025-02-27,31.72,data/filtered/LCFYW_None_31.72
LCFYW,2025-03-06,56.34,data/filtered/LCFYW_None_56.34
LCFYW,2025-03-26,37.36,data/filtered/LCFYW_None_37.36
LCFYW,2025-06-27,81.90,data/filtered/LCFYW_None_81.90
LCFY,2025-04-28,42.68,data/filtered/LCFY_None_42.68
LCFY,2025-06-27,448.24,data/filtered/LCFY_None_448.24
LCFY,2025-09-03,70.52,data/filtered/LCFY_None_70.52
LCID,2025-07-17,47.16,data/filtered/LCID_None_47.16
LC,2025-07-30,31.50,data/filtered/LC_None_31.50
LDI,2025-09-05,30.70,data/filtered/LDI_None_30.70
LDI,2025-09-08,39.45,data/filtered/LDI_None_39.45
LEDS,2025-01-21,47.53,data/filtered/LEDS_None_47.53
LEDS,2025-09-12,39.09,data/filtered/LEDS_None_39.09
LEE,2025-09-16,53.76,data/filtered/LEE_None_53.76
LEG,2025-04-29,33.01,data/filtered/LEG_None_33.01
LEXXW,2025-01-10,114.75,data/filtered/LEXXW_None_114.75
LEXX,2025-08-25,36.23,data/filtered/LEXX_None_36.23
LFMD,2025-03-11,36.07,data/filtered/LFMD_None_36.07
LFMD,2025-04-29,42.46,data/filtered/LFMD_None_42.46
LFS,2025-10-10,84.24,data/filtered/LFS_None_84.24
LFVN,2025-01-08,45.90,data/filtered/LFVN_None_45.90
LFWD,2025-01-06,50.38,data/filtered/LFWD_None_50.38
LFWD,2025-02-10,62.85,data/filtered/LFWD_None_62.85
LFWD,2025-02-11,43.85,data/filtered/LFWD_None_43.85
LFWD,2025-03-13,100.68,data/filtered/LFWD_None_100.68
LGCB,2025-01-15,39.64,data/filtered/LGCB_None_39.64
LGCB,2025-04-04,33.06,data/filtered/LGCB_None_33.06
LGCB,2025-04-07,31.42,data/filtered/LGCB_None_31.42
LGCB,2025-10-16,87.88,data/filtered/LGCB_None_87.88
LGCL,2025-01-29,55.59,data/filtered/LGCL_None_55.59
LGCL,2025-06-20,73.64,data/filtered/LGCL_None_73.64
LGHL,2025-05-12,38.46,data/filtered/LGHL_None_38.46
LGHL,2025-06-18,74.10,data/filtered/LGHL_None_74.10
LGHL,2025-08-28,33.33,data/filtered/LGHL_None_33.33
LGHL,2025-09-09,80.66,data/filtered/LGHL_None_80.66
LGO,2025-10-13,34.99,data/filtered/LGO_None_34.99
LGVN,2025-07-08,33.33,data/filtered/LGVN_None_33.33
LHAI,2025-07-25,130.91,data/filtered/LHAI_None_130.91
LHAI,2025-08-06,47.72,data/filtered/LHAI_None_47.72
LHSW,2025-04-09,30.43,data/filtered/LHSW_None_30.43
LHSW,2025-05-19,30.15,data/filtered/LHSW_None_30.15
LHSW,2025-06-25,33.33,data/filtered/LHSW_None_33.33
LICN,2025-04-01,34.03,data/filtered/LICN_None_34.03
LICN,2025-04-09,52.32,data/filtered/LICN_None_52.32
LICN,2025-05-12,77.64,data/filtered/LICN_None_77.64
LICN,2025-05-13,137.93,data/filtered/LICN_None_137.93
LICN,2025-08-04,80.64,data/filtered/LICN_None_80.64
LIDR,2025-01-03,51.98,data/filtered/LIDR_None_51.98
LIDR,2025-01-07,84.55,data/filtered/LIDR_None_84.55
LIDR,2025-06-30,37.37,data/filtered/LIDR_None_37.37
LIDR,2025-07-24,324.78,data/filtered/LIDR_None_324.78
LIDR,2025-07-25,83.56,data/filtered/LIDR_None_83.56
LIDR,2025-07-28,45.21,data/filtered/LIDR_None_45.21
LIMN,2025-06-04,139.81,data/filtered/LIMN_None_139.81
LIMN,2025-06-05,95.75,data/filtered/LIMN_None_95.75
LIMN,2025-06-12,110.44,data/filtered/LIMN_None_110.44
LIMN,2025-06-23,53.36,data/filtered/LIMN_None_53.36
LIMN,2025-06-24,35.00,data/filtered/LIMN_None_35.00
LIMN,2025-06-30,36.08,data/filtered/LIMN_None_36.08
LIMN,2025-07-10,42.72,data/filtered/LIMN_None_42.72
LIMN,2025-07-22,33.67,data/filtered/LIMN_None_33.67
LIMN,2025-07-24,34.47,data/filtered/LIMN_None_34.47
LIMN,2025-08-22,46.04,data/filtered/LIMN_None_46.04
LINK,2025-06-23,33.19,data/filtered/LINK_None_33.19
LINK,2025-06-27,38.65,data/filtered/LINK_None_38.65
LINK,2025-09-17,35.29,data/filtered/LINK_None_35.29
LIQT,2025-07-22,44.66,data/filtered/LIQT_None_44.66
LITB,2025-03-31,49.71,data/filtered/LITB_None_49.71
LITB,2025-09-04,43.75,data/filtered/LITB_None_43.75
LITM,2025-01-13,57.61,data/filtered/LITM_None_57.61
LITM,2025-01-21,34.85,data/filtered/LITM_None_34.85
LITM,2025-01-23,32.58,data/filtered/LITM_None_32.58
LITM,2025-02-04,30.04,data/filtered/LITM_None_30.04
LITM,2025-03-18,46.04,data/filtered/LITM_None_46.04
LITM,2025-03-21,32.91,data/filtered/LITM_None_32.91
LITM,2025-10-13,65.85,data/filtered/LITM_None_65.85
LIVE,2025-04-15,36.91,data/filtered/LIVE_None_36.91
LIVE,2025-04-16,40.00,data/filtered/LIVE_None_40.00
LIVE,2025-05-08,49.69,data/filtered/LIVE_None_49.69
LIVE,2025-06-23,43.50,data/filtered/LIVE_None_43.50
LIVE,2025-06-26,188.17,data/filtered/LIVE_None_188.17
LIVE,2025-08-14,67.46,data/filtered/LIVE_None_67.46
LIVE,2025-09-11,30.68,data/filtered/LIVE_None_30.68
LIXT,2025-07-01,70.17,data/filtered/LIXT_None_70.17
LIXT,2025-07-02,105.08,data/filtered/LIXT_None_105.08
LIXT,2025-07-03,110.40,data/filtered/LIXT_None_110.40
LIXT,2025-07-10,57.45,data/filtered/LIXT_None_57.45
LMFA,2025-06-24,38.95,data/filtered/LMFA_None_38.95
LMFA,2025-07-11,33.47,data/filtered/LMFA_None_33.47
LMFA,2025-07-18,57.66,data/filtered/LMFA_None_57.66
LMFA,2025-07-21,54.18,data/filtered/LMFA_None_54.18
LMND,2025-08-05,33.24,data/filtered/LMND_None_33.24
LNKS,2025-06-04,60.32,data/filtered/LNKS_None_60.32
LNSR,2025-02-27,33.37,data/filtered/LNSR_None_33.37
LNZA,2025-02-18,43.22,data/filtered/LNZA_None_43.22
LNZA,2025-03-31,63.93,data/filtered/LNZA_None_63.93
LNZA,2025-04-01,32.18,data/filtered/LNZA_None_32.18
LNZA,2025-05-28,32.99,data/filtered/LNZA_None_32.99
LNZA,2025-05-30,69.66,data/filtered/LNZA_None_69.66
LNZA,2025-07-22,50.06,data/filtered/LNZA_None_50.06
LNZA,2025-07-24,49.82,data/filtered/LNZA_None_49.82
LNZA,2025-08-20,39.39,data/filtered/LNZA_None_39.39
LNZA,2025-09-22,67.67,data/filtered/LNZA_None_67.67
LOBO,2025-02-12,34.28,data/filtered/LOBO_None_34.28
LOBO,2025-05-13,217.11,data/filtered/LOBO_None_217.11
LOBO,2025-05-15,82.24,data/filtered/LOBO_None_82.24
LOBO,2025-08-01,253.17,data/filtered/LOBO_None_253.17
LOBO,2025-08-05,66.30,data/filtered/LOBO_None_66.30
LOBO,2025-10-16,30.11,data/filtered/LOBO_None_30.11
LOCL,2025-04-03,42.38,data/filtered/LOCL_None_42.38
LOCL,2025-04-04,68.44,data/filtered/LOCL_None_68.44
LOCL,2025-07-28,31.99,data/filtered/LOCL_None_31.99
LOCL,2025-09-17,48.46,data/filtered/LOCL_None_48.46
LOMA,2025-10-27,40.89,data/filtered/LOMA_None_40.89
LOOP,2025-06-04,83.20,data/filtered/LOOP_None_83.20
LOOP,2025-07-28,31.62,data/filtered/LOOP_None_31.62
LOT,2025-02-18,40.00,data/filtered/LOT_None_40.00
LOT,2025-03-24,53.16,data/filtered/LOT_None_53.16
LPSN,2025-08-06,62.22,data/filtered/LPSN_None_62.22
LPTH,2025-09-03,31.16,data/filtered/LPTH_None_31.16
LRE,2025-06-26,30.25,data/filtered/LRE_None_30.25
LRE,2025-08-06,30.43,data/filtered/LRE_None_30.43
LRE,2025-09-15,90.32,data/filtered/LRE_None_90.32
LRE,2025-09-26,33.65,data/filtered/LRE_None_33.65
LRE,2025-10-23,40.00,data/filtered/LRE_None_40.00
LRHC,2025-01-08,56.58,data/filtered/LRHC_None_56.58
LRHC,2025-01-29,31.18,data/filtered/LRHC_None_31.18
LRHC,2025-02-12,53.65,data/filtered/LRHC_None_53.65
LRHC,2025-04-24,59.13,data/filtered/LRHC_None_59.13
LRHC,2025-05-30,31.40,data/filtered/LRHC_None_31.40
LRHC,2025-07-03,191.14,data/filtered/LRHC_None_191.14
LRMR,2025-10-01,36.22,data/filtered/LRMR_None_36.22
LSE,2025-03-18,42.28,data/filtered/LSE_None_42.28
LSE,2025-03-19,92.92,data/filtered/LSE_None_92.92
LSE,2025-04-01,48.61,data/filtered/LSE_None_48.61
LSE,2025-06-13,31.31,data/filtered/LSE_None_31.31
LSE,2025-06-16,86.27,data/filtered/LSE_None_86.27
LSE,2025-06-18,76.21,data/filtered/LSE_None_76.21
LSH,2025-05-12,46.42,data/filtered/LSH_None_46.42
LSH,2025-08-29,69.07,data/filtered/LSH_None_69.07
LTBR,2025-01-03,34.31,data/filtered/LTBR_None_34.31
LTBR,2025-01-23,45.14,data/filtered/LTBR_None_45.14
LTBR,2025-01-30,31.65,data/filtered/LTBR_None_31.65
LTBR,2025-02-07,41.52,data/filtered/LTBR_None_41.52
LTBR,2025-02-12,35.24,data/filtered/LTBR_None_35.24
LTBR,2025-05-23,51.41,data/filtered/LTBR_None_51.41
LTRN,2025-01-06,32.35,data/filtered/LTRN_None_32.35
LTRN,2025-01-24,46.71,data/filtered/LTRN_None_46.71
LUCD,2025-02-10,40.19,data/filtered/LUCD_None_40.19
LUCY,2025-04-09,42.46,data/filtered/LUCY_None_42.46
LUCY,2025-04-10,126.94,data/filtered/LUCY_None_126.94
LUCY,2025-04-29,30.15,data/filtered/LUCY_None_30.15
LUCY,2025-05-14,63.64,data/filtered/LUCY_None_63.64
LUCY,2025-06-20,117.98,data/filtered/LUCY_None_117.98
LUNG,2025-02-20,41.11,data/filtered/LUNG_None_41.11
LUNG,2025-10-28,85.26,data/filtered/LUNG_None_85.26
LUNR,2025-03-24,31.88,data/filtered/LUNR_None_31.88
LUNR,2025-05-13,34.74,data/filtered/LUNR_None_34.74
LVLU,2025-03-20,51.13,data/filtered/LVLU_None_51.13
LVLU,2025-07-01,86.67,data/filtered/LVLU_None_86.67
LVLU,2025-07-02,64.88,data/filtered/LVLU_None_64.88
LVLU,2025-07-07,33.09,data/filtered/LVLU_None_33.09
LVLU,2025-07-31,46.77,data/filtered/LVLU_None_46.77
LVLU,2025-09-08,33.42,data/filtered/LVLU_None_33.42
LVLU,2025-09-15,43.82,data/filtered/LVLU_None_43.82
LVO,2025-01-31,33.33,data/filtered/LVO_None_33.33
LVRO,2025-09-16,96.18,data/filtered/LVRO_None_96.18
LVWR,2025-04-09,32.84,data/filtered/LVWR_None_32.84
LVWR,2025-05-15,30.10,data/filtered/LVWR_None_30.10
LVWR,2025-05-27,157.43,data/filtered/LVWR_None_157.43
LVWR,2025-05-28,82.42,data/filtered/LVWR_None_82.42
LVWR,2025-05-30,79.44,data/filtered/LVWR_None_79.44
LVWR,2025-06-04,47.25,data/filtered/LVWR_None_47.25
LVWR,2025-06-10,38.80,data/filtered/LVWR_None_38.80
LVWR,2025-09-08,44.07,data/filtered/LVWR_None_44.07
LWLG,2025-07-16,32.87,data/filtered/LWLG_None_32.87
LWLG,2025-07-22,32.52,data/filtered/LWLG_None_32.52
LWLG,2025-08-26,42.03,data/filtered/LWLG_None_42.03
LXEH,2025-02-04,64.44,data/filtered/LXEH_None_64.44
LXEH,2025-03-26,111.44,data/filtered/LXEH_None_111.44
LXEH,2025-03-28,75.69,data/filtered/LXEH_None_75.69
LXEH,2025-04-01,103.05,data/filtered/LXEH_None_103.05
LXEH,2025-04-07,107.07,data/filtered/LXEH_None_107.07
LXEH,2025-05-06,78.16,data/filtered/LXEH_None_78.16
LXEH,2025-07-31,60.71,data/filtered/LXEH_None_60.71
LXEH,2025-08-01,36.79,data/filtered/LXEH_None_36.79
LXEH,2025-08-25,32.59,data/filtered/LXEH_None_32.59
LXEO,2025-03-24,57.56,data/filtered/LXEO_None_57.56
LXEO,2025-04-09,45.05,data/filtered/LXEO_None_45.05
LXEO,2025-09-24,38.32,data/filtered/LXEO_None_38.32
LXEO,2025-10-07,37.25,data/filtered/LXEO_None_37.25
LYEL,2025-03-19,31.07,data/filtered/LYEL_None_31.07
LYEL,2025-06-04,72.72,data/filtered/LYEL_None_72.72
LYRA,2025-05-07,45.39,data/filtered/LYRA_None_45.39
LYRA,2025-05-14,77.44,data/filtered/LYRA_None_77.44
LYRA,2025-06-02,660.65,data/filtered/LYRA_None_660.65
LYRA,2025-06-03,67.90,data/filtered/LYRA_None_67.90
LZMH,2025-03-06,36.43,data/filtered/LZMH_None_36.43
LZMH,2025-03-07,48.19,data/filtered/LZMH_None_48.19
LZMH,2025-03-10,47.26,data/filtered/LZMH_None_47.26
LZMH,2025-03-13,69.93,data/filtered/LZMH_None_69.93
LZMH,2025-03-26,30.55,data/filtered/LZMH_None_30.55
LZMH,2025-05-29,64.53,data/filtered/LZMH_None_64.53
LZMH,2025-06-18,60.08,data/filtered/LZMH_None_60.08
LZMH,2025-06-26,30.60,data/filtered/LZMH_None_30.60
LZMH,2025-07-15,47.87,data/filtered/LZMH_None_47.87
LZMH,2025-07-18,41.67,data/filtered/LZMH_None_41.67
LZMH,2025-08-07,69.58,data/filtered/LZMH_None_69.58
LZ,2025-05-08,31.03,data/filtered/LZ_None_31.03
LZ,2025-08-08,42.53,data/filtered/LZ_None_42.53
MAGH,2025-10-17,31.85,data/filtered/MAGH_None_31.85
MAMK,2025-09-11,35.68,data/filtered/MAMK_None_35.68
MAMK,2025-10-14,53.27,data/filtered/MAMK_None_53.27
MAMK,2025-10-15,38.00,data/filtered/MAMK_None_38.00
MAMK,2025-10-24,153.51,data/filtered/MAMK_None_153.51
MAMK,2025-10-27,141.59,data/filtered/MAMK_None_141.59
MAMK,2025-10-29,40.97,data/filtered/MAMK_None_40.97
MAPS,2025-08-11,30.86,data/filtered/MAPS_None_30.86
MARPS,2025-06-16,51.05,data/filtered/MARPS_None_51.05
MARPS,2025-06-17,31.73,data/filtered/MARPS_None_31.73
MASK,2025-08-19,37.78,data/filtered/MASK_None_37.78
MASK,2025-08-26,67.42,data/filtered/MASK_None_67.42
MASS,2025-01-15,56.06,data/filtered/MASS_None_56.06
MASS,2025-03-04,102.02,data/filtered/MASS_None_102.02
MASS,2025-03-12,38.73,data/filtered/MASS_None_38.73
MATV,2025-08-07,36.94,data/filtered/MATV_None_36.94
MAXI,2025-04-09,32.32,data/filtered/MAXI_None_32.32
MAZE,2025-07-08,30.27,data/filtered/MAZE_None_30.27
MAZE,2025-09-11,59.18,data/filtered/MAZE_None_59.18
MBAVW,2025-05-27,260.00,data/filtered/MBAVW_None_260.00
MBAVW,2025-06-11,50.00,data/filtered/MBAVW_None_50.00
MBIO,2025-01-24,37.75,data/filtered/MBIO_None_37.75
MBIO,2025-01-28,61.06,data/filtered/MBIO_None_61.06
MBIO,2025-07-01,123.01,data/filtered/MBIO_None_123.01
MBIO,2025-07-07,488.24,data/filtered/MBIO_None_488.24
MBIO,2025-07-09,38.35,data/filtered/MBIO_None_38.35
MBOT,2025-01-03,97.37,data/filtered/MBOT_None_97.37
MBOT,2025-01-06,57.94,data/filtered/MBOT_None_57.94
MBOT,2025-01-22,31.31,data/filtered/MBOT_None_31.31
MBOT,2025-04-09,51.80,data/filtered/MBOT_None_51.80
MBOT,2025-04-11,32.96,data/filtered/MBOT_None_32.96
MBRX,2025-02-13,769.02,data/filtered/MBRX_None_769.02
MBRX,2025-02-14,118.90,data/filtered/MBRX_None_118.90
MBRX,2025-02-25,53.27,data/filtered/MBRX_None_53.27
MBVIW,2025-10-21,62.86,data/filtered/MBVIW_None_62.86
MBX,2025-09-22,164.70,data/filtered/MBX_None_164.70
MB,2025-04-14,67.81,data/filtered/MB_None_67.81
MB,2025-06-06,65.88,data/filtered/MB_None_65.88
MB,2025-06-11,34.71,data/filtered/MB_None_34.71
MB,2025-07-10,58.45,data/filtered/MB_None_58.45
MB,2025-08-18,139.44,data/filtered/MB_None_139.44
MB,2025-08-28,46.48,data/filtered/MB_None_46.48
MCRB,2025-01-22,30.26,data/filtered/MCRB_None_30.26
MCRI,2025-07-17,30.36,data/filtered/MCRI_None_30.36
MCTA,2025-10-27,30.50,data/filtered/MCTA_None_30.50
MCTA,2025-10-28,49.12,data/filtered/MCTA_None_49.12
MCTA,2025-10-29,46.38,data/filtered/MCTA_None_46.38
MCTA,2025-10-30,63.22,data/filtered/MCTA_None_63.22
MCTR,2025-01-23,177.14,data/filtered/MCTR_None_177.14
MCTR,2025-02-26,30.51,data/filtered/MCTR_None_30.51
MCTR,2025-04-10,37.48,data/filtered/MCTR_None_37.48
MCTR,2025-06-03,587.57,data/filtered/MCTR_None_587.57
MCTR,2025-06-04,66.90,data/filtered/MCTR_None_66.90
MCTR,2025-06-05,40.19,data/filtered/MCTR_None_40.19
MCTR,2025-06-17,31.23,data/filtered/MCTR_None_31.23
MCTR,2025-09-08,31.76,data/filtered/MCTR_None_31.76
MCTR,2025-10-31,48.70,data/filtered/MCTR_None_48.70
MDB,2025-08-27,38.69,data/filtered/MDB_None_38.69
MDCXW,2025-01-06,47.06,data/filtered/MDCXW_None_47.06
MDCXW,2025-01-07,103.49,data/filtered/MDCXW_None_103.49
MDCXW,2025-01-21,144.17,data/filtered/MDCXW_None_144.17
MDCXW,2025-02-06,31.01,data/filtered/MDCXW_None_31.01
MDCXW,2025-03-05,54.55,data/filtered/MDCXW_None_54.55
MDCXW,2025-04-15,159.37,data/filtered/MDCXW_None_159.37
MDCXW,2025-05-12,59.55,data/filtered/MDCXW_None_59.55
MDCXW,2025-05-14,74.24,data/filtered/MDCXW_None_74.24
MDCXW,2025-05-15,33.72,data/filtered/MDCXW_None_33.72
MDCXW,2025-05-16,94.98,data/filtered/MDCXW_None_94.98
MDCXW,2025-05-19,66.67,data/filtered/MDCXW_None_66.67
MDCXW,2025-05-20,49.64,data/filtered/MDCXW_None_49.64
MDCXW,2025-05-27,45.22,data/filtered/MDCXW_None_45.22
MDCXW,2025-05-29,33.33,data/filtered/MDCXW_None_33.33
MDCXW,2025-06-26,72.22,data/filtered/MDCXW_None_72.22
MDCXW,2025-09-17,30.31,data/filtered/MDCXW_None_30.31
MDCXW,2025-09-18,35.80,data/filtered/MDCXW_None_35.80
MDCXW,2025-10-02,47.44,data/filtered/MDCXW_None_47.44
MDCXW,2025-10-28,39.98,data/filtered/MDCXW_None_39.98
MDCX,2025-03-12,31.80,data/filtered/MDCX_None_31.80
MDCX,2025-05-12,30.94,data/filtered/MDCX_None_30.94
MDIA,2025-06-10,55.34,data/filtered/MDIA_None_55.34
MDIA,2025-07-07,32.73,data/filtered/MDIA_None_32.73
MEDP,2025-07-22,62.30,data/filtered/MEDP_None_62.30
MEGL,2025-01-06,145.51,data/filtered/MEGL_None_145.51
MEGL,2025-02-24,74.86,data/filtered/MEGL_None_74.86
MEGL,2025-05-07,84.75,data/filtered/MEGL_None_84.75
MEGL,2025-06-10,74.07,data/filtered/MEGL_None_74.07
MEGL,2025-06-12,32.99,data/filtered/MEGL_None_32.99
MEGL,2025-07-24,45.05,data/filtered/MEGL_None_45.05
MEG,2025-02-27,35.21,data/filtered/MEG_None_35.21
MEG,2025-05-08,50.23,data/filtered/MEG_None_50.23
MEG,2025-08-07,41.53,data/filtered/MEG_None_41.53
MENS,2025-08-08,35.77,data/filtered/MENS_None_35.77
MENS,2025-10-01,32.58,data/filtered/MENS_None_32.58
MESO,2025-07-18,30.23,data/filtered/MESO_None_30.23
METCB,2025-08-14,31.38,data/filtered/METCB_None_31.38
METC,2025-03-11,39.76,data/filtered/METC_None_39.76
METC,2025-07-10,36.45,data/filtered/METC_None_36.45
METU,2025-04-09,30.04,data/filtered/METU_None_30.04
MFI,2025-01-03,117.09,data/filtered/MFI_None_117.09
MFI,2025-02-25,110.11,data/filtered/MFI_None_110.11
MFI,2025-05-30,30.28,data/filtered/MFI_None_30.28
MFI,2025-06-02,55.63,data/filtered/MFI_None_55.63
MFI,2025-06-04,145.83,data/filtered/MFI_None_145.83
MFI,2025-06-05,62.18,data/filtered/MFI_None_62.18
MFI,2025-06-09,38.25,data/filtered/MFI_None_38.25
MFI,2025-06-11,55.15,data/filtered/MFI_None_55.15
MFI,2025-06-16,33.23,data/filtered/MFI_None_33.23
MFI,2025-06-23,35.38,data/filtered/MFI_None_35.38
MFI,2025-06-24,32.73,data/filtered/MFI_None_32.73
MFI,2025-08-08,35.59,data/filtered/MFI_None_35.59
MFI,2025-09-12,70.11,data/filtered/MFI_None_70.11
MFI,2025-09-15,35.88,data/filtered/MFI_None_35.88
MGIH,2025-01-14,65.90,data/filtered/MGIH_None_65.90
MGIH,2025-02-21,33.33,data/filtered/MGIH_None_33.33
MGIH,2025-09-08,204.40,data/filtered/MGIH_None_204.40
MGIH,2025-09-09,99.12,data/filtered/MGIH_None_99.12
MGIH,2025-09-11,30.86,data/filtered/MGIH_None_30.86
MGIH,2025-09-12,30.37,data/filtered/MGIH_None_30.37
MGNX,2025-06-10,32.32,data/filtered/MGNX_None_32.32
MGRT,2025-07-29,57.89,data/filtered/MGRT_None_57.89
MGRT,2025-08-01,46.34,data/filtered/MGRT_None_46.34
MGRT,2025-08-06,34.25,data/filtered/MGRT_None_34.25
MGRT,2025-09-12,30.68,data/filtered/MGRT_None_30.68
MGRT,2025-10-17,37.79,data/filtered/MGRT_None_37.79
MGRT,2025-10-28,38.94,data/filtered/MGRT_None_38.94
MGRX,2025-07-18,31.65,data/filtered/MGRX_None_31.65
MGTX,2025-03-13,32.45,data/filtered/MGTX_None_32.45
MGX,2025-01-22,47.06,data/filtered/MGX_None_47.06
MHUA,2025-05-12,38.71,data/filtered/MHUA_None_38.71
MIGI,2025-04-25,38.59,data/filtered/MIGI_None_38.59
MIGI,2025-05-12,30.21,data/filtered/MIGI_None_30.21
MIGI,2025-10-01,30.64,data/filtered/MIGI_None_30.64
MIGI,2025-10-02,66.79,data/filtered/MIGI_None_66.79
MIGI,2025-10-15,100.20,data/filtered/MIGI_None_100.20
MIGI,2025-10-16,34.97,data/filtered/MIGI_None_34.97
MIMI,2025-09-10,55.39,data/filtered/MIMI_None_55.39
MIND,2025-04-23,36.95,data/filtered/MIND_None_36.95
MIND,2025-06-23,38.83,data/filtered/MIND_None_38.83
MIRA,2025-03-13,32.80,data/filtered/MIRA_None_32.80
MIRA,2025-04-16,48.24,data/filtered/MIRA_None_48.24
MIRA,2025-07-14,31.25,data/filtered/MIRA_None_31.25
MIRA,2025-10-16,85.61,data/filtered/MIRA_None_85.61
MKDW,2025-04-07,605.88,data/filtered/MKDW_None_605.88
MKTW,2025-03-03,37.91,data/filtered/MKTW_None_37.91
MKTW,2025-04-11,42.59,data/filtered/MKTW_None_42.59
MKZR,2025-01-03,52.49,data/filtered/MKZR_None_52.49
MKZR,2025-02-13,51.78,data/filtered/MKZR_None_51.78
MKZR,2025-07-23,122.37,data/filtered/MKZR_None_122.37
MLEC,2025-02-26,30.77,data/filtered/MLEC_None_30.77
MLGO,2025-01-27,58.55,data/filtered/MLGO_None_58.55
MLGO,2025-02-21,918.26,data/filtered/MLGO_None_918.26
MLGO,2025-02-27,31.65,data/filtered/MLGO_None_31.65
MLGO,2025-03-05,31.33,data/filtered/MLGO_None_31.33
MLGO,2025-03-24,508.71,data/filtered/MLGO_None_508.71
MLGO,2025-03-25,40.74,data/filtered/MLGO_None_40.74
MLGO,2025-03-27,74.87,data/filtered/MLGO_None_74.87
MLGO,2025-03-31,73.49,data/filtered/MLGO_None_73.49
MLGO,2025-04-01,33.61,data/filtered/MLGO_None_33.61
MLGO,2025-04-21,143.36,data/filtered/MLGO_None_143.36
MLGO,2025-04-28,34.47,data/filtered/MLGO_None_34.47
MLGO,2025-05-12,48.72,data/filtered/MLGO_None_48.72
MLGO,2025-05-22,38.22,data/filtered/MLGO_None_38.22
MLGO,2025-07-02,43.10,data/filtered/MLGO_None_43.10
MLGO,2025-07-09,38.47,data/filtered/MLGO_None_38.47
MLGO,2025-09-17,34.37,data/filtered/MLGO_None_34.37
MLYS,2025-03-10,73.86,data/filtered/MLYS_None_73.86
MLYS,2025-09-02,94.70,data/filtered/MLYS_None_94.70
MNDR,2025-02-12,37.35,data/filtered/MNDR_None_37.35
MNDR,2025-02-20,203.67,data/filtered/MNDR_None_203.67
MNDR,2025-03-03,33.81,data/filtered/MNDR_None_33.81
MNDR,2025-08-13,68.54,data/filtered/MNDR_None_68.54
MNDY,2025-02-10,32.68,data/filtered/MNDY_None_32.68
MNKD,2025-09-02,35.05,data/filtered/MNKD_None_35.05
MNOV,2025-10-31,64.71,data/filtered/MNOV_None_64.71
MNRO,2025-05-28,40.56,data/filtered/MNRO_None_40.56
MNTN,2025-05-22,144.36,data/filtered/MNTN_None_144.36
MNTS,2025-01-21,35.54,data/filtered/MNTS_None_35.54
MNTS,2025-02-10,67.11,data/filtered/MNTS_None_67.11
MNTS,2025-03-19,31.94,data/filtered/MNTS_None_31.94
MNTS,2025-06-09,42.60,data/filtered/MNTS_None_42.60
MNTS,2025-06-30,34.75,data/filtered/MNTS_None_34.75
MNTS,2025-08-13,119.82,data/filtered/MNTS_None_119.82
MNTS,2025-10-14,34.96,data/filtered/MNTS_None_34.96
MNY,2025-07-15,38.32,data/filtered/MNY_None_38.32
MNY,2025-07-16,37.80,data/filtered/MNY_None_37.80
MOBBW,2025-08-25,47.77,data/filtered/MOBBW_None_47.77
MOBBW,2025-09-05,35.71,data/filtered/MOBBW_None_35.71
MOBBW,2025-09-11,38.29,data/filtered/MOBBW_None_38.29
MOBBW,2025-10-15,40.79,data/filtered/MOBBW_None_40.79
MOBBW,2025-10-17,37.59,data/filtered/MOBBW_None_37.59
MOBBW,2025-10-20,35.65,data/filtered/MOBBW_None_35.65
MOBX,2025-01-22,41.53,data/filtered/MOBX_None_41.53
MOBX,2025-07-21,56.79,data/filtered/MOBX_None_56.79
MOBX,2025-08-28,42.11,data/filtered/MOBX_None_42.11
MODD,2025-04-08,30.00,data/filtered/MODD_None_30.00
MODD,2025-09-12,42.82,data/filtered/MODD_None_42.82
MOFG,2025-10-24,39.74,data/filtered/MOFG_None_39.74
MOGO,2025-05-02,34.68,data/filtered/MOGO_None_34.68
MOGO,2025-05-13,173.93,data/filtered/MOGO_None_173.93
MOGO,2025-07-02,216.53,data/filtered/MOGO_None_216.53
MOGU,2025-09-11,224.00,data/filtered/MOGU_None_224.00
MOLN,2025-08-25,30.79,data/filtered/MOLN_None_30.79
MOVE,2025-05-13,47.98,data/filtered/MOVE_None_47.98
MOVE,2025-07-15,33.50,data/filtered/MOVE_None_33.50
MOVE,2025-08-22,30.54,data/filtered/MOVE_None_30.54
MOVE,2025-08-29,112.11,data/filtered/MOVE_None_112.11
MOVE,2025-09-03,43.17,data/filtered/MOVE_None_43.17
MPAA,2025-02-10,33.91,data/filtered/MPAA_None_33.91
MPAA,2025-08-11,32.65,data/filtered/MPAA_None_32.65
MP,2025-07-10,60.22,data/filtered/MP_None_60.22
MRAL,2025-03-24,36.48,data/filtered/MRAL_None_36.48
MRAL,2025-04-09,41.37,data/filtered/MRAL_None_41.37
MRAL,2025-04-22,30.41,data/filtered/MRAL_None_30.41
MRAL,2025-09-29,32.12,data/filtered/MRAL_None_32.12
MRKR,2025-03-05,51.45,data/filtered/MRKR_None_51.45
MRKR,2025-03-10,32.67,data/filtered/MRKR_None_32.67
MRKR,2025-05-30,50.40,data/filtered/MRKR_None_50.40
MRKR,2025-07-17,154.38,data/filtered/MRKR_None_154.38
MRM,2025-04-09,100.35,data/filtered/MRM_None_100.35
MRM,2025-04-10,56.25,data/filtered/MRM_None_56.25
MRM,2025-05-20,75.94,data/filtered/MRM_None_75.94
MRM,2025-05-21,56.15,data/filtered/MRM_None_56.15
MRM,2025-08-08,194.16,data/filtered/MRM_None_194.16
MRM,2025-09-08,33.54,data/filtered/MRM_None_33.54
MRM,2025-09-26,206.90,data/filtered/MRM_None_206.90
MRSN,2025-01-24,32.40,data/filtered/MRSN_None_32.40
MRUS,2025-05-23,38.10,data/filtered/MRUS_None_38.10
MRUS,2025-09-29,37.26,data/filtered/MRUS_None_37.26
MRVI,2025-08-12,31.07,data/filtered/MRVI_None_31.07
MSAI,2025-01-07,66.50,data/filtered/MSAI_None_66.50
MSAI,2025-02-18,34.48,data/filtered/MSAI_None_34.48
MSAI,2025-10-23,109.21,data/filtered/MSAI_None_109.21
MSAI,2025-10-29,67.24,data/filtered/MSAI_None_67.24
MSAI,2025-10-30,63.37,data/filtered/MSAI_None_63.37
MSAI,2025-10-31,81.82,data/filtered/MSAI_None_81.82
MSC,2025-07-01,44.25,data/filtered/MSC_None_44.25
MSC,2025-08-07,41.94,data/filtered/MSC_None_41.94
MSC,2025-09-11,92.17,data/filtered/MSC_None_92.17
MSGM,2025-04-16,33.33,data/filtered/MSGM_None_33.33
MSGM,2025-04-17,176.79,data/filtered/MSGM_None_176.79
MSGY,2025-07-09,59.25,data/filtered/MSGY_None_59.25
MSGY,2025-07-18,34.65,data/filtered/MSGY_None_34.65
MSGY,2025-07-23,33.50,data/filtered/MSGY_None_33.50
MSGY,2025-09-04,48.25,data/filtered/MSGY_None_48.25
MSPR,2025-02-06,72.32,data/filtered/MSPR_None_72.32
MSPR,2025-04-11,175.78,data/filtered/MSPR_None_175.78
MSPR,2025-09-05,56.25,data/filtered/MSPR_None_56.25
MSS,2025-01-06,60.00,data/filtered/MSS_None_60.00
MSS,2025-09-08,52.70,data/filtered/MSS_None_52.70
MSS,2025-09-09,43.33,data/filtered/MSS_None_43.33
MSS,2025-09-29,314.65,data/filtered/MSS_None_314.65
MSS,2025-09-30,33.04,data/filtered/MSS_None_33.04
MSTX,2025-03-03,30.76,data/filtered/MSTX_None_30.76
MSTX,2025-03-04,32.70,data/filtered/MSTX_None_32.70
MSTX,2025-04-09,53.88,data/filtered/MSTX_None_53.88
MSW,2025-01-10,104.64,data/filtered/MSW_None_104.64
MSW,2025-02-19,34.03,data/filtered/MSW_None_34.03
MSW,2025-05-12,114.55,data/filtered/MSW_None_114.55
MSW,2025-05-13,37.61,data/filtered/MSW_None_37.61
MSW,2025-05-22,35.39,data/filtered/MSW_None_35.39
MSW,2025-06-17,51.97,data/filtered/MSW_None_51.97
MSW,2025-08-12,32.53,data/filtered/MSW_None_32.53
MSW,2025-08-20,48.65,data/filtered/MSW_None_48.65
MTC,2025-04-10,32.15,data/filtered/MTC_None_32.15
MTC,2025-08-11,35.24,data/filtered/MTC_None_35.24
MTC,2025-09-10,83.69,data/filtered/MTC_None_83.69
MTEKW,2025-01-06,47.75,data/filtered/MTEKW_None_47.75
MTEN,2025-03-14,47.70,data/filtered/MTEN_None_47.70
MTEN,2025-03-17,45.25,data/filtered/MTEN_None_45.25
MTEN,2025-04-07,34.33,data/filtered/MTEN_None_34.33
MTEN,2025-04-21,48.34,data/filtered/MTEN_None_48.34
MTEN,2025-05-06,57.46,data/filtered/MTEN_None_57.46
MTEN,2025-07-10,104.86,data/filtered/MTEN_None_104.86
MTEN,2025-07-11,31.50,data/filtered/MTEN_None_31.50
MTEN,2025-10-16,56.27,data/filtered/MTEN_None_56.27
MTEX,2025-01-29,39.07,data/filtered/MTEX_None_39.07
MTEX,2025-10-13,33.33,data/filtered/MTEX_None_33.33
MTR,2025-06-13,33.59,data/filtered/MTR_None_33.59
MTR,2025-06-18,59.69,data/filtered/MTR_None_59.69
MTVA,2025-09-15,148.58,data/filtered/MTVA_None_148.58
MULL,2025-04-09,38.53,data/filtered/MULL_None_38.53
MURA,2025-04-15,211.64,data/filtered/MURA_None_211.64
MUU,2025-04-09,39.29,data/filtered/MUU_None_39.29
MVIS,2025-02-19,36.09,data/filtered/MVIS_None_36.09
MVLL,2025-04-09,44.63,data/filtered/MVLL_None_44.63
MVST,2025-01-10,53.48,data/filtered/MVST_None_53.48
MVST,2025-04-01,38.46,data/filtered/MVST_None_38.46
MVST,2025-05-13,44.98,data/filtered/MVST_None_44.98
MWYN,2025-05-09,33.11,data/filtered/MWYN_None_33.11
MWYN,2025-05-12,33.33,data/filtered/MWYN_None_33.33
MWYN,2025-05-21,32.48,data/filtered/MWYN_None_32.48
MWYN,2025-08-01,94.44,data/filtered/MWYN_None_94.44
MWYN,2025-09-10,173.38,data/filtered/MWYN_None_173.38
MXL,2025-07-24,30.55,data/filtered/MXL_None_30.55
MYE,2025-03-06,30.29,data/filtered/MYE_None_30.29
MYGN,2025-08-06,48.58,data/filtered/MYGN_None_48.58
MYNZ,2025-01-30,30.69,data/filtered/MYNZ_None_30.69
MYSZ,2025-03-28,46.03,data/filtered/MYSZ_None_46.03
MYSZ,2025-03-31,69.83,data/filtered/MYSZ_None_69.83
NAAS,2025-02-21,81.29,data/filtered/NAAS_None_81.29
NAAS,2025-04-28,91.33,data/filtered/NAAS_None_91.33
NAKA,2025-05-27,30.30,data/filtered/NAKA_None_30.30
NAKA,2025-06-11,74.14,data/filtered/NAKA_None_74.14
NAKA,2025-08-08,35.58,data/filtered/NAKA_None_35.58
NAKA,2025-08-11,72.20,data/filtered/NAKA_None_72.20
NAKA,2025-09-05,30.18,data/filtered/NAKA_None_30.18
NAKA,2025-09-09,88.16,data/filtered/NAKA_None_88.16
NAMI,2025-03-03,49.43,data/filtered/NAMI_None_49.43
NAMI,2025-05-20,54.86,data/filtered/NAMI_None_54.86
NAMI,2025-08-27,99.03,data/filtered/NAMI_None_99.03
NAMM,2025-07-02,69.04,data/filtered/NAMM_None_69.04
NAMM,2025-08-01,46.46,data/filtered/NAMM_None_46.46
NAMM,2025-10-13,56.65,data/filtered/NAMM_None_56.65
NAOV,2025-01-06,111.31,data/filtered/NAOV_None_111.31
NAOV,2025-01-15,37.42,data/filtered/NAOV_None_37.42
NAOV,2025-01-30,74.71,data/filtered/NAOV_None_74.71
NAOV,2025-02-06,32.16,data/filtered/NAOV_None_32.16
NAOV,2025-02-14,53.26,data/filtered/NAOV_None_53.26
NAOV,2025-03-17,88.13,data/filtered/NAOV_None_88.13
NAOV,2025-03-20,62.58,data/filtered/NAOV_None_62.58
NAOV,2025-04-08,452.72,data/filtered/NAOV_None_452.72
NAOV,2025-04-14,30.28,data/filtered/NAOV_None_30.28
NAOV,2025-05-01,56.99,data/filtered/NAOV_None_56.99
NAOV,2025-05-28,33.05,data/filtered/NAOV_None_33.05
NAOV,2025-05-29,62.46,data/filtered/NAOV_None_62.46
NAOV,2025-06-11,104.06,data/filtered/NAOV_None_104.06
NAOV,2025-06-27,51.88,data/filtered/NAOV_None_51.88
NAOV,2025-09-15,168.10,data/filtered/NAOV_None_168.10
NAUT,2025-05-13,39.70,data/filtered/NAUT_None_39.70
NAUT,2025-10-21,41.44,data/filtered/NAUT_None_41.44
NA,2025-06-04,88.65,data/filtered/NA_None_88.65
NA,2025-06-09,77.42,data/filtered/NA_None_77.42
NA,2025-06-24,189.07,data/filtered/NA_None_189.07
NBIS,2025-09-09,54.04,data/filtered/NBIS_None_54.04
NBTX,2025-10-08,32.43,data/filtered/NBTX_None_32.43
NB,2025-04-14,30.58,data/filtered/NB_None_30.58
NB,2025-04-16,43.55,data/filtered/NB_None_43.55
NCEW,2025-03-20,35.87,data/filtered/NCEW_None_35.87
NCEW,2025-05-07,78.03,data/filtered/NCEW_None_78.03
NCEW,2025-06-03,57.14,data/filtered/NCEW_None_57.14
NCEW,2025-06-24,43.78,data/filtered/NCEW_None_43.78
NCEW,2025-08-26,40.57,data/filtered/NCEW_None_40.57
NCEW,2025-09-09,43.06,data/filtered/NCEW_None_43.06
NCI,2025-01-03,40.90,data/filtered/NCI_None_40.90
NCI,2025-02-25,41.67,data/filtered/NCI_None_41.67
NCI,2025-05-20,32.00,data/filtered/NCI_None_32.00
NCI,2025-06-16,32.71,data/filtered/NCI_None_32.71
NCI,2025-09-04,64.44,data/filtered/NCI_None_64.44
NCI,2025-10-27,31.84,data/filtered/NCI_None_31.84
NCNA,2025-03-27,32.53,data/filtered/NCNA_None_32.53
NCNA,2025-05-05,171.62,data/filtered/NCNA_None_171.62
NCNA,2025-05-14,47.72,data/filtered/NCNA_None_47.72
NCNA,2025-05-15,93.93,data/filtered/NCNA_None_93.93
NCNA,2025-06-03,57.63,data/filtered/NCNA_None_57.63
NCNA,2025-06-06,41.77,data/filtered/NCNA_None_41.77
NCNA,2025-06-09,91.38,data/filtered/NCNA_None_91.38
NCNA,2025-06-10,146.72,data/filtered/NCNA_None_146.72
NCNA,2025-06-11,39.37,data/filtered/NCNA_None_39.37
NCNA,2025-07-09,130.04,data/filtered/NCNA_None_130.04
NCNA,2025-09-30,35.25,data/filtered/NCNA_None_35.25
NCNA,2025-10-07,42.13,data/filtered/NCNA_None_42.13
NCPL,2025-05-30,38.08,data/filtered/NCPL_None_38.08
NCPL,2025-06-16,48.12,data/filtered/NCPL_None_48.12
NCPL,2025-06-20,48.58,data/filtered/NCPL_None_48.58
NCPL,2025-06-30,32.92,data/filtered/NCPL_None_32.92
NCRA,2025-01-14,32.51,data/filtered/NCRA_None_32.51
NCRA,2025-05-07,48.15,data/filtered/NCRA_None_48.15
NCRA,2025-05-27,45.82,data/filtered/NCRA_None_45.82
NCSM,2025-03-17,32.45,data/filtered/NCSM_None_32.45
NCT,2025-04-15,53.68,data/filtered/NCT_None_53.68
NCT,2025-04-22,32.09,data/filtered/NCT_None_32.09
NCT,2025-08-20,84.08,data/filtered/NCT_None_84.08
NCT,2025-09-16,46.15,data/filtered/NCT_None_46.15
NDLS,2025-01-24,32.10,data/filtered/NDLS_None_32.10
NDLS,2025-10-22,73.64,data/filtered/NDLS_None_73.64
NDRA,2025-04-07,73.73,data/filtered/NDRA_None_73.73
NDRA,2025-04-17,66.57,data/filtered/NDRA_None_66.57
NDRA,2025-04-29,44.19,data/filtered/NDRA_None_44.19
NDRA,2025-07-08,246.00,data/filtered/NDRA_None_246.00
NDRA,2025-10-13,52.01,data/filtered/NDRA_None_52.01
NEGG,2025-05-14,70.19,data/filtered/NEGG_None_70.19
NEGG,2025-06-05,111.62,data/filtered/NEGG_None_111.62
NEGG,2025-06-09,67.79,data/filtered/NEGG_None_67.79
NEGG,2025-06-30,35.02,data/filtered/NEGG_None_35.02
NEGG,2025-07-10,32.69,data/filtered/NEGG_None_32.69
NEGG,2025-07-11,94.92,data/filtered/NEGG_None_94.92
NEGG,2025-07-29,45.27,data/filtered/NEGG_None_45.27
NEGG,2025-07-31,54.55,data/filtered/NEGG_None_54.55
NEGG,2025-08-08,44.67,data/filtered/NEGG_None_44.67
NEGG,2025-08-13,33.69,data/filtered/NEGG_None_33.69
NEGG,2025-08-14,44.74,data/filtered/NEGG_None_44.74
NEGG,2025-08-20,30.87,data/filtered/NEGG_None_30.87
NEGG,2025-09-04,36.78,data/filtered/NEGG_None_36.78
NEGG,2025-10-24,48.47,data/filtered/NEGG_None_48.47
NEON,2025-06-13,80.18,data/filtered/NEON_None_80.18
NEON,2025-06-16,34.56,data/filtered/NEON_None_34.56
NEOVW,2025-01-30,49.19,data/filtered/NEOVW_None_49.19
NEOVW,2025-02-11,86.09,data/filtered/NEOVW_None_86.09
NEOVW,2025-04-10,60.00,data/filtered/NEOVW_None_60.00
NEOVW,2025-04-15,35.58,data/filtered/NEOVW_None_35.58
NEOVW,2025-05-27,51.58,data/filtered/NEOVW_None_51.58
NEOVW,2025-05-30,36.89,data/filtered/NEOVW_None_36.89
NEOVW,2025-08-15,50.45,data/filtered/NEOVW_None_50.45
NEOVW,2025-09-09,68.03,data/filtered/NEOVW_None_68.03
NEPH,2025-06-20,39.66,data/filtered/NEPH_None_39.66
NEPH,2025-08-08,40.84,data/filtered/NEPH_None_40.84
NERV,2025-08-15,33.70,data/filtered/NERV_None_33.70
NERV,2025-10-08,50.91,data/filtered/NERV_None_50.91
NERV,2025-10-21,368.42,data/filtered/NERV_None_368.42
NEUP,2025-01-24,259.60,data/filtered/NEUP_None_259.60
NEUP,2025-08-27,39.54,data/filtered/NEUP_None_39.54
NEUP,2025-10-03,34.29,data/filtered/NEUP_None_34.29
NEUP,2025-10-24,108.40,data/filtered/NEUP_None_108.40
NEXN,2025-03-05,30.05,data/filtered/NEXN_None_30.05
NFE,2025-04-09,30.07,data/filtered/NFE_None_30.07
NFE,2025-06-30,40.40,data/filtered/NFE_None_40.40
NFE,2025-09-16,45.29,data/filtered/NFE_None_45.29
NFE,2025-09-17,42.50,data/filtered/NFE_None_42.50
NFE,2025-09-22,31.62,data/filtered/NFE_None_31.62
NGNE,2025-02-05,31.29,data/filtered/NGNE_None_31.29
NGNE,2025-07-01,41.74,data/filtered/NGNE_None_41.74
NGVC,2025-05-09,32.64,data/filtered/NGVC_None_32.64
NINE,2025-01-21,49.15,data/filtered/NINE_None_49.15
NINE,2025-06-18,50.50,data/filtered/NINE_None_50.50
NINE,2025-06-23,50.49,data/filtered/NINE_None_50.49
NIOBW,2025-09-25,31.47,data/filtered/NIOBW_None_31.47
NIOBW,2025-10-03,45.90,data/filtered/NIOBW_None_45.90
NIOBW,2025-10-06,35.51,data/filtered/NIOBW_None_35.51
NIOBW,2025-10-13,34.06,data/filtered/NIOBW_None_34.06
NIOBW,2025-10-20,43.52,data/filtered/NIOBW_None_43.52
NIPG,2025-02-06,38.89,data/filtered/NIPG_None_38.89
NIPG,2025-03-14,64.00,data/filtered/NIPG_None_64.00
NIPG,2025-03-17,37.72,data/filtered/NIPG_None_37.72
NIPG,2025-03-20,30.91,data/filtered/NIPG_None_30.91
NITO,2025-01-03,226.17,data/filtered/NITO_None_226.17
NITO,2025-01-08,97.08,data/filtered/NITO_None_97.08
NITO,2025-01-23,90.06,data/filtered/NITO_None_90.06
NITO,2025-02-26,34.11,data/filtered/NITO_None_34.11
NITO,2025-03-07,30.00,data/filtered/NITO_None_30.00
NITO,2025-05-02,68.22,data/filtered/NITO_None_68.22
NITO,2025-05-05,196.82,data/filtered/NITO_None_196.82
NITO,2025-05-09,39.50,data/filtered/NITO_None_39.50
NITO,2025-07-24,32.79,data/filtered/NITO_None_32.79
NITO,2025-10-07,66.67,data/filtered/NITO_None_66.67
NIVF,2025-02-06,52.13,data/filtered/NIVF_None_52.13
NIVF,2025-02-12,33.17,data/filtered/NIVF_None_33.17
NIVF,2025-02-19,31.80,data/filtered/NIVF_None_31.80
NIVF,2025-03-05,52.00,data/filtered/NIVF_None_52.00
NIVF,2025-04-03,151.27,data/filtered/NIVF_None_151.27
NIVF,2025-05-02,74.55,data/filtered/NIVF_None_74.55
NIVF,2025-05-05,42.52,data/filtered/NIVF_None_42.52
NIVF,2025-05-06,40.11,data/filtered/NIVF_None_40.11
NIVF,2025-06-02,117.33,data/filtered/NIVF_None_117.33
NIVF,2025-06-03,256.40,data/filtered/NIVF_None_256.40
NIVF,2025-10-16,57.46,data/filtered/NIVF_None_57.46
NIXX,2025-02-24,39.80,data/filtered/NIXX_None_39.80
NIXX,2025-02-27,62.03,data/filtered/NIXX_None_62.03
NKTR,2025-04-11,30.23,data/filtered/NKTR_None_30.23
NKTR,2025-06-10,32.54,data/filtered/NKTR_None_32.54
NKTR,2025-06-24,190.15,data/filtered/NKTR_None_190.15
NKTR,2025-06-25,52.88,data/filtered/NKTR_None_52.88
NKTX,2025-03-27,70.80,data/filtered/NKTX_None_70.80
NMAX,2025-04-01,217.33,data/filtered/NMAX_None_217.33
NMAX,2025-04-03,43.66,data/filtered/NMAX_None_43.66
NMAX,2025-04-07,42.11,data/filtered/NMAX_None_42.11
NMG,2025-10-13,72.16,data/filtered/NMG_None_72.16
NMRA,2025-06-09,31.37,data/filtered/NMRA_None_31.37
NMRA,2025-07-09,30.86,data/filtered/NMRA_None_30.86
NMRA,2025-07-11,33.02,data/filtered/NMRA_None_33.02
NMRA,2025-10-23,49.12,data/filtered/NMRA_None_49.12
NNAVW,2025-03-05,35.18,data/filtered/NNAVW_None_35.18
NNAVW,2025-03-13,38.23,data/filtered/NNAVW_None_38.23
NNAVW,2025-03-26,37.31,data/filtered/NNAVW_None_37.31
NNAVW,2025-03-28,48.09,data/filtered/NNAVW_None_48.09
NNBR,2025-01-14,94.58,data/filtered/NNBR_None_94.58
NNE,2025-01-21,30.72,data/filtered/NNE_None_30.72
NNE,2025-05-23,35.04,data/filtered/NNE_None_35.04
NNNN,2025-06-20,60.03,data/filtered/NNNN_None_60.03
NNNN,2025-06-25,49.09,data/filtered/NNNN_None_49.09
NNNN,2025-10-03,102.09,data/filtered/NNNN_None_102.09
NOTE,2025-02-10,31.64,data/filtered/NOTE_None_31.64
NPACW,2025-06-20,31.58,data/filtered/NPACW_None_31.58
NPT,2025-10-27,52.44,data/filtered/NPT_None_52.44
NPT,2025-10-29,37.40,data/filtered/NPT_None_37.40
NPWR,2025-05-29,44.00,data/filtered/NPWR_None_44.00
NPWR,2025-06-06,39.07,data/filtered/NPWR_None_39.07
NPWR,2025-10-08,39.03,data/filtered/NPWR_None_39.03
NRDS,2025-05-07,34.75,data/filtered/NRDS_None_34.75
NRGV,2025-05-12,50.41,data/filtered/NRGV_None_50.41
NRGV,2025-07-24,37.82,data/filtered/NRGV_None_37.82
NRGV,2025-08-07,44.44,data/filtered/NRGV_None_44.44
NRSNW,2025-01-14,107.84,data/filtered/NRSNW_None_107.84
NRSNW,2025-07-31,31.58,data/filtered/NRSNW_None_31.58
NRSN,2025-09-10,69.23,data/filtered/NRSN_None_69.23
NRXP,2025-01-06,41.26,data/filtered/NRXP_None_41.26
NRXP,2025-01-07,38.18,data/filtered/NRXP_None_38.18
NRXP,2025-01-10,30.85,data/filtered/NRXP_None_30.85
NRXP,2025-01-28,34.39,data/filtered/NRXP_None_34.39
NSYS,2025-05-07,34.96,data/filtered/NSYS_None_34.96
NSYS,2025-06-23,32.00,data/filtered/NSYS_None_32.00
NTCL,2025-01-08,38.42,data/filtered/NTCL_None_38.42
NTCL,2025-01-28,36.38,data/filtered/NTCL_None_36.38
NTCL,2025-03-07,31.00,data/filtered/NTCL_None_31.00
NTCL,2025-04-04,68.57,data/filtered/NTCL_None_68.57
NTCL,2025-05-06,290.29,data/filtered/NTCL_None_290.29
NTCL,2025-05-07,56.97,data/filtered/NTCL_None_56.97
NTCL,2025-05-29,32.00,data/filtered/NTCL_None_32.00
NTCL,2025-06-10,47.14,data/filtered/NTCL_None_47.14
NTCL,2025-06-20,46.26,data/filtered/NTCL_None_46.26
NTCL,2025-07-21,30.00,data/filtered/NTCL_None_30.00
NTCL,2025-07-29,30.91,data/filtered/NTCL_None_30.91
NTCL,2025-08-11,31.50,data/filtered/NTCL_None_31.50
NTHI,2025-03-28,75.00,data/filtered/NTHI_None_75.00
NTHI,2025-04-03,49.14,data/filtered/NTHI_None_49.14
NTHI,2025-04-04,61.80,data/filtered/NTHI_None_61.80
NTHI,2025-05-08,45.19,data/filtered/NTHI_None_45.19
NTHI,2025-07-02,69.55,data/filtered/NTHI_None_69.55
NTLA,2025-09-18,31.99,data/filtered/NTLA_None_31.99
NTRBW,2025-01-22,67.44,data/filtered/NTRBW_None_67.44
NTRBW,2025-01-23,180.75,data/filtered/NTRBW_None_180.75
NTRBW,2025-01-30,45.40,data/filtered/NTRBW_None_45.40
NTRBW,2025-01-31,43.18,data/filtered/NTRBW_None_43.18
NTRBW,2025-02-04,37.64,data/filtered/NTRBW_None_37.64
NTRBW,2025-02-07,42.94,data/filtered/NTRBW_None_42.94
NTRBW,2025-02-24,179.02,data/filtered/NTRBW_None_179.02
NTRBW,2025-02-25,37.93,data/filtered/NTRBW_None_37.93
NTRBW,2025-02-26,35.06,data/filtered/NTRBW_None_35.06
NTRBW,2025-02-27,30.43,data/filtered/NTRBW_None_30.43
NTRBW,2025-03-04,46.46,data/filtered/NTRBW_None_46.46
NTRBW,2025-03-05,48.70,data/filtered/NTRBW_None_48.70
NTRBW,2025-03-06,43.54,data/filtered/NTRBW_None_43.54
NTRBW,2025-03-07,32.76,data/filtered/NTRBW_None_32.76
NTRBW,2025-03-10,52.00,data/filtered/NTRBW_None_52.00
NTRBW,2025-03-17,73.06,data/filtered/NTRBW_None_73.06
NTRBW,2025-04-30,81.03,data/filtered/NTRBW_None_81.03
NTRBW,2025-06-02,102.80,data/filtered/NTRBW_None_102.80
NTRBW,2025-07-02,154.24,data/filtered/NTRBW_None_154.24
NTRBW,2025-09-11,34.00,data/filtered/NTRBW_None_34.00
NTRBW,2025-10-02,45.04,data/filtered/NTRBW_None_45.04
NTRBW,2025-10-17,35.29,data/filtered/NTRBW_None_35.29
NTRB,2025-01-22,57.01,data/filtered/NTRB_None_57.01
NTRB,2025-01-23,60.49,data/filtered/NTRB_None_60.49
NTRB,2025-02-07,32.83,data/filtered/NTRB_None_32.83
NTRB,2025-04-30,42.78,data/filtered/NTRB_None_42.78
NTRB,2025-06-02,31.54,data/filtered/NTRB_None_31.54
NTRB,2025-07-02,45.61,data/filtered/NTRB_None_45.61
NTRP,2025-02-12,30.30,data/filtered/NTRP_None_30.30
NTRP,2025-05-02,85.80,data/filtered/NTRP_None_85.80
NTRP,2025-10-24,41.14,data/filtered/NTRP_None_41.14
NTZ,2025-08-04,34.35,data/filtered/NTZ_None_34.35
NUAIW,2025-10-20,102.53,data/filtered/NUAIW_None_102.53
NUAIW,2025-10-27,37.12,data/filtered/NUAIW_None_37.12
NUAI,2025-09-23,89.39,data/filtered/NUAI_None_89.39
NUAI,2025-09-25,56.35,data/filtered/NUAI_None_56.35
NUAI,2025-09-26,84.78,data/filtered/NUAI_None_84.78
NUAI,2025-09-29,44.29,data/filtered/NUAI_None_44.29
NUAI,2025-10-09,106.49,data/filtered/NUAI_None_106.49
NUAI,2025-10-14,48.09,data/filtered/NUAI_None_48.09
NUAI,2025-10-15,40.07,data/filtered/NUAI_None_40.07
NUAI,2025-10-17,49.52,data/filtered/NUAI_None_49.52
NUAI,2025-10-20,36.48,data/filtered/NUAI_None_36.48
NUAI,2025-10-24,56.96,data/filtered/NUAI_None_56.96
NUKK,2025-01-06,46.22,data/filtered/NUKK_None_46.22
NUKK,2025-01-15,43.16,data/filtered/NUKK_None_43.16
NUKK,2025-01-17,94.11,data/filtered/NUKK_None_94.11
NUKK,2025-02-26,34.89,data/filtered/NUKK_None_34.89
NUKK,2025-05-21,35.10,data/filtered/NUKK_None_35.10
NUKK,2025-06-13,42.57,data/filtered/NUKK_None_42.57
NUKK,2025-08-26,125.71,data/filtered/NUKK_None_125.71
NUKK,2025-08-29,58.54,data/filtered/NUKK_None_58.54
NUKK,2025-09-02,47.64,data/filtered/NUKK_None_47.64
NUKK,2025-10-13,31.85,data/filtered/NUKK_None_31.85
NUS,2025-02-14,56.39,data/filtered/NUS_None_56.39
NUTX,2025-04-01,55.20,data/filtered/NUTX_None_55.20
NUTX,2025-05-14,44.52,data/filtered/NUTX_None_44.52
NUWE,2025-01-30,47.79,data/filtered/NUWE_None_47.79
NUWE,2025-06-11,150.09,data/filtered/NUWE_None_150.09
NUWE,2025-07-16,276.36,data/filtered/NUWE_None_276.36
NUWE,2025-10-30,31.15,data/filtered/NUWE_None_31.15
NVAWW,2025-01-03,40.52,data/filtered/NVAWW_None_40.52
NVAWW,2025-04-14,38.89,data/filtered/NVAWW_None_38.89
NVAWW,2025-05-08,32.88,data/filtered/NVAWW_None_32.88
NVAWW,2025-07-30,36.36,data/filtered/NVAWW_None_36.36
NVAWW,2025-08-15,42.59,data/filtered/NVAWW_None_42.59
NVAWW,2025-08-25,34.22,data/filtered/NVAWW_None_34.22
NVAWW,2025-09-09,69.62,data/filtered/NVAWW_None_69.62
NVAWW,2025-09-18,48.78,data/filtered/NVAWW_None_48.78
NVAWW,2025-09-29,33.55,data/filtered/NVAWW_None_33.55
NVAWW,2025-10-01,41.44,data/filtered/NVAWW_None_41.44
NVAWW,2025-10-06,43.75,data/filtered/NVAWW_None_43.75
NVAWW,2025-10-10,41.70,data/filtered/NVAWW_None_41.70
NVAWW,2025-10-13,45.15,data/filtered/NVAWW_None_45.15
NVAWW,2025-10-14,163.15,data/filtered/NVAWW_None_163.15
NVAWW,2025-10-16,39.61,data/filtered/NVAWW_None_39.61
NVAWW,2025-10-23,45.00,data/filtered/NVAWW_None_45.00
NVAWW,2025-10-31,64.08,data/filtered/NVAWW_None_64.08
NVAX,2025-05-19,30.46,data/filtered/NVAX_None_30.46
NVA,2025-10-13,36.01,data/filtered/NVA_None_36.01
NVA,2025-10-14,138.29,data/filtered/NVA_None_138.29
NVA,2025-10-16,39.07,data/filtered/NVA_None_39.07
NVDG,2025-04-09,37.64,data/filtered/NVDG_None_37.64
NVD,2025-01-27,36.29,data/filtered/NVD_None_36.29
NVNI,2025-01-24,293.96,data/filtered/NVNI_None_293.96
NVNI,2025-01-27,55.91,data/filtered/NVNI_None_55.91
NVNI,2025-01-28,38.57,data/filtered/NVNI_None_38.57
NVNI,2025-01-29,42.72,data/filtered/NVNI_None_42.72
NVNI,2025-02-24,61.35,data/filtered/NVNI_None_61.35
NVNI,2025-03-07,41.46,data/filtered/NVNI_None_41.46
NVNI,2025-03-14,33.58,data/filtered/NVNI_None_33.58
NVNI,2025-03-26,43.25,data/filtered/NVNI_None_43.25
NVNI,2025-03-27,40.29,data/filtered/NVNI_None_40.29
NVNI,2025-04-29,52.55,data/filtered/NVNI_None_52.55
NVNI,2025-04-30,122.54,data/filtered/NVNI_None_122.54
NVNI,2025-05-01,69.44,data/filtered/NVNI_None_69.44
NVNI,2025-05-05,63.51,data/filtered/NVNI_None_63.51
NVNI,2025-05-09,38.80,data/filtered/NVNI_None_38.80
NVNI,2025-07-28,66.55,data/filtered/NVNI_None_66.55
NVNI,2025-07-31,52.64,data/filtered/NVNI_None_52.64
NVNI,2025-09-17,30.30,data/filtered/NVNI_None_30.30
NVNI,2025-09-18,41.60,data/filtered/NVNI_None_41.60
NVNI,2025-09-22,65.56,data/filtered/NVNI_None_65.56
NVNI,2025-10-14,30.60,data/filtered/NVNI_None_30.60
NVNO,2025-06-06,32.18,data/filtered/NVNO_None_32.18
NVNO,2025-07-17,31.62,data/filtered/NVNO_None_31.62
NVTS,2025-05-22,174.87,data/filtered/NVTS_None_174.87
NVTS,2025-05-27,70.73,data/filtered/NVTS_None_70.73
NVTS,2025-07-21,39.62,data/filtered/NVTS_None_39.62
NVTS,2025-10-14,33.70,data/filtered/NVTS_None_33.70
NVVE,2025-01-28,59.05,data/filtered/NVVE_None_59.05
NVVE,2025-02-04,80.15,data/filtered/NVVE_None_80.15
NVVE,2025-02-28,109.16,data/filtered/NVVE_None_109.16
NVVE,2025-05-08,49.99,data/filtered/NVVE_None_49.99
NVVE,2025-05-09,211.40,data/filtered/NVVE_None_211.40
NVVE,2025-05-29,34.29,data/filtered/NVVE_None_34.29
NVVE,2025-06-02,47.54,data/filtered/NVVE_None_47.54
NVX,2025-07-15,31.08,data/filtered/NVX_None_31.08
NVX,2025-07-17,32.81,data/filtered/NVX_None_32.81
NVX,2025-07-21,30.76,data/filtered/NVX_None_30.76
NVX,2025-10-03,40.63,data/filtered/NVX_None_40.63
NVX,2025-10-09,31.76,data/filtered/NVX_None_31.76
NVX,2025-10-10,78.29,data/filtered/NVX_None_78.29
NWGL,2025-06-17,71.52,data/filtered/NWGL_None_71.52
NWGL,2025-06-18,184.91,data/filtered/NWGL_None_184.91
NWGL,2025-09-03,45.63,data/filtered/NWGL_None_45.63
NWTG,2025-03-31,69.80,data/filtered/NWTG_None_69.80
NWTG,2025-04-04,34.46,data/filtered/NWTG_None_34.46
NWTG,2025-04-07,88.17,data/filtered/NWTG_None_88.17
NXGLW,2025-02-13,141.82,data/filtered/NXGLW_None_141.82
NXL,2025-08-22,68.49,data/filtered/NXL_None_68.49
NXL,2025-10-08,113.17,data/filtered/NXL_None_113.17
NXPL,2025-01-06,114.95,data/filtered/NXPL_None_114.95
NXPL,2025-10-15,36.97,data/filtered/NXPL_None_36.97
NXPL,2025-10-30,31.84,data/filtered/NXPL_None_31.84
NXTC,2025-04-15,41.03,data/filtered/NXTC_None_41.03
NXTC,2025-10-17,51.38,data/filtered/NXTC_None_51.38
NXTT,2025-01-23,33.69,data/filtered/NXTT_None_33.69
NXTT,2025-02-20,32.08,data/filtered/NXTT_None_32.08
NXTT,2025-02-26,33.33,data/filtered/NXTT_None_33.33
NXTT,2025-02-27,34.35,data/filtered/NXTT_None_34.35
NXTT,2025-05-09,812.90,data/filtered/NXTT_None_812.90
NXTT,2025-05-12,103.39,data/filtered/NXTT_None_103.39
NXTT,2025-05-15,52.15,data/filtered/NXTT_None_52.15
NXTT,2025-05-22,45.92,data/filtered/NXTT_None_45.92
NXTT,2025-06-20,177.41,data/filtered/NXTT_None_177.41
NXTT,2025-08-29,92.97,data/filtered/NXTT_None_92.97
NXTT,2025-09-08,49.32,data/filtered/NXTT_None_49.32
NXTT,2025-09-11,105.56,data/filtered/NXTT_None_105.56
NXXT,2025-03-05,30.21,data/filtered/NXXT_None_30.21
NXXT,2025-09-23,41.42,data/filtered/NXXT_None_41.42
NXXT,2025-10-07,39.13,data/filtered/NXXT_None_39.13
OACCW,2025-01-03,38.83,data/filtered/OACCW_None_38.83
OACCW,2025-02-25,57.93,data/filtered/OACCW_None_57.93
OACCW,2025-03-17,91.43,data/filtered/OACCW_None_91.43
OBLG,2025-04-22,105.61,data/filtered/OBLG_None_105.61
OBLG,2025-06-09,45.16,data/filtered/OBLG_None_45.16
OCC,2025-07-08,45.86,data/filtered/OCC_None_45.86
OCC,2025-07-14,44.01,data/filtered/OCC_None_44.01
OCC,2025-09-11,41.56,data/filtered/OCC_None_41.56
OCG,2025-03-27,40.93,data/filtered/OCG_None_40.93
OCG,2025-03-28,45.74,data/filtered/OCG_None_45.74
OCG,2025-05-07,50.00,data/filtered/OCG_None_50.00
OCG,2025-08-26,50.52,data/filtered/OCG_None_50.52
OCSAW,2025-01-10,41.58,data/filtered/OCSAW_None_41.58
ODD,2025-04-30,31.71,data/filtered/ODD_None_31.71
ODP,2025-05-07,34.19,data/filtered/ODP_None_34.19
ODP,2025-09-22,33.81,data/filtered/ODP_None_33.81
ODYS,2025-06-27,41.05,data/filtered/ODYS_None_41.05
OESX,2025-08-06,36.82,data/filtered/OESX_None_36.82
OFAL,2025-05-27,54.28,data/filtered/OFAL_None_54.28
OFAL,2025-07-11,35.96,data/filtered/OFAL_None_35.96
OFAL,2025-07-23,39.88,data/filtered/OFAL_None_39.88
OFAL,2025-09-10,40.00,data/filtered/OFAL_None_40.00
OKLL,2025-07-24,30.39,data/filtered/OKLL_None_30.39
OKLL,2025-09-15,31.93,data/filtered/OKLL_None_31.93
OKLL,2025-09-18,32.54,data/filtered/OKLL_None_32.54
OKLL,2025-09-19,59.98,data/filtered/OKLL_None_59.98
OKLL,2025-10-06,31.05,data/filtered/OKLL_None_31.05
OKLL,2025-10-10,33.22,data/filtered/OKLL_None_33.22
OKLL,2025-10-13,38.66,data/filtered/OKLL_None_38.66
OKLO,2025-05-23,31.34,data/filtered/OKLO_None_31.34
OKLO,2025-06-11,31.16,data/filtered/OKLO_None_31.16
OKLO,2025-09-19,30.07,data/filtered/OKLO_None_30.07
OKYO,2025-01-29,42.86,data/filtered/OKYO_None_42.86
OLB,2025-04-25,47.70,data/filtered/OLB_None_47.70
OLMA,2025-09-05,32.91,data/filtered/OLMA_None_32.91
OMER,2025-10-15,195.12,data/filtered/OMER_None_195.12
OMEX,2025-04-24,165.32,data/filtered/OMEX_None_165.32
OMEX,2025-04-25,111.24,data/filtered/OMEX_None_111.24
OMEX,2025-04-28,38.41,data/filtered/OMEX_None_38.41
OMEX,2025-10-06,40.29,data/filtered/OMEX_None_40.29
OMH,2025-04-17,74.47,data/filtered/OMH_None_74.47
OMH,2025-04-29,96.06,data/filtered/OMH_None_96.06
OMH,2025-04-30,42.90,data/filtered/OMH_None_42.90
OMH,2025-05-19,55.09,data/filtered/OMH_None_55.09
OMH,2025-06-09,438.53,data/filtered/OMH_None_438.53
OMH,2025-09-10,44.14,data/filtered/OMH_None_44.14
OMI,2025-02-28,42.67,data/filtered/OMI_None_42.67
OMSE,2025-10-06,32.02,data/filtered/OMSE_None_32.02
OMSE,2025-10-21,48.87,data/filtered/OMSE_None_48.87
OM,2025-03-20,40.33,data/filtered/OM_None_40.33
OM,2025-05-08,39.69,data/filtered/OM_None_39.69
OM,2025-08-07,30.60,data/filtered/OM_None_30.60
ONCHW,2025-09-17,42.11,data/filtered/ONCHW_None_42.11
ONCHW,2025-09-22,46.67,data/filtered/ONCHW_None_46.67
ONCO,2025-01-03,42.84,data/filtered/ONCO_None_42.84
ONCO,2025-01-13,49.02,data/filtered/ONCO_None_49.02
ONCO,2025-01-27,116.67,data/filtered/ONCO_None_116.67
ONCO,2025-03-27,41.13,data/filtered/ONCO_None_41.13
ONCO,2025-04-08,47.36,data/filtered/ONCO_None_47.36
ONCO,2025-05-14,130.00,data/filtered/ONCO_None_130.00
ONCO,2025-05-16,68.90,data/filtered/ONCO_None_68.90
ONCO,2025-07-31,42.99,data/filtered/ONCO_None_42.99
ONDS,2025-03-11,62.31,data/filtered/ONDS_None_62.31
ONEG,2025-03-03,31.03,data/filtered/ONEG_None_31.03
ONEG,2025-05-06,43.29,data/filtered/ONEG_None_43.29
ONEG,2025-05-07,56.43,data/filtered/ONEG_None_56.43
ONEG,2025-06-18,35.17,data/filtered/ONEG_None_35.17
ONEG,2025-06-30,118.18,data/filtered/ONEG_None_118.18
ONEG,2025-08-11,51.16,data/filtered/ONEG_None_51.16
ONEW,2025-01-30,31.27,data/filtered/ONEW_None_31.27
ONFO,2025-04-02,50.00,data/filtered/ONFO_None_50.00
ONFO,2025-06-24,48.00,data/filtered/ONFO_None_48.00
ONFO,2025-09-15,72.57,data/filtered/ONFO_None_72.57
ONMD,2025-08-14,149.98,data/filtered/ONMD_None_149.98
ONMD,2025-10-06,256.31,data/filtered/ONMD_None_256.31
ONMD,2025-10-10,58.05,data/filtered/ONMD_None_58.05
OPAD,2025-07-16,39.74,data/filtered/OPAD_None_39.74
OPAD,2025-07-17,69.83,data/filtered/OPAD_None_69.83
OPAD,2025-07-21,131.31,data/filtered/OPAD_None_131.31
OPAD,2025-08-25,220.13,data/filtered/OPAD_None_220.13
OPAD,2025-08-28,88.99,data/filtered/OPAD_None_88.99
OPAD,2025-09-11,41.30,data/filtered/OPAD_None_41.30
OPAL,2025-05-28,30.35,data/filtered/OPAL_None_30.35
OPEN,2025-07-16,43.26,data/filtered/OPEN_None_43.26
OPEN,2025-07-17,35.57,data/filtered/OPEN_None_35.57
OPEN,2025-07-18,40.00,data/filtered/OPEN_None_40.00
OPEN,2025-08-22,41.11,data/filtered/OPEN_None_41.11
OPEN,2025-09-11,82.59,data/filtered/OPEN_None_82.59
OPRT,2025-02-13,31.13,data/filtered/OPRT_None_31.13
OPRX,2025-03-12,62.80,data/filtered/OPRX_None_62.80
OPRX,2025-05-13,38.86,data/filtered/OPRX_None_38.86
OPRX,2025-08-08,41.90,data/filtered/OPRX_None_41.90
OPTX,2025-03-04,31.53,data/filtered/OPTX_None_31.53
OPTX,2025-04-15,41.82,data/filtered/OPTX_None_41.82
OPTX,2025-04-22,38.71,data/filtered/OPTX_None_38.71
ORBS,2025-09-12,33.03,data/filtered/ORBS_None_33.03
ORBS,2025-09-18,46.96,data/filtered/ORBS_None_46.96
ORBS,2025-10-06,36.77,data/filtered/ORBS_None_36.77
ORBS,2025-10-10,30.45,data/filtered/ORBS_None_30.45
ORCL,2025-09-10,43.15,data/filtered/ORCL_None_43.15
ORCX,2025-09-10,85.50,data/filtered/ORCX_None_85.50
ORGN,2025-02-20,34.31,data/filtered/ORGN_None_34.31
ORGO,2025-02-28,108.47,data/filtered/ORGO_None_108.47
ORIC,2025-05-29,41.36,data/filtered/ORIC_None_41.36
ORIS,2025-01-14,36.11,data/filtered/ORIS_None_36.11
ORIS,2025-02-24,103.57,data/filtered/ORIS_None_103.57
ORIS,2025-05-13,38.25,data/filtered/ORIS_None_38.25
ORKA,2025-09-29,31.58,data/filtered/ORKA_None_31.58
ORKT,2025-01-27,102.90,data/filtered/ORKT_None_102.90
ORKT,2025-01-28,33.33,data/filtered/ORKT_None_33.33
ORKT,2025-01-31,38.62,data/filtered/ORKT_None_38.62
ORKT,2025-05-08,30.39,data/filtered/ORKT_None_30.39
ORMP,2025-02-11,42.40,data/filtered/ORMP_None_42.40
OSCR,2025-05-07,33.13,data/filtered/OSCR_None_33.13
OSRH,2025-02-19,221.54,data/filtered/OSRH_None_221.54
OSRH,2025-02-21,101.45,data/filtered/OSRH_None_101.45
OSRH,2025-03-18,42.80,data/filtered/OSRH_None_42.80
OSRH,2025-03-26,170.62,data/filtered/OSRH_None_170.62
OSRH,2025-04-03,124.49,data/filtered/OSRH_None_124.49
OSRH,2025-05-30,31.97,data/filtered/OSRH_None_31.97
OSRH,2025-08-25,140.78,data/filtered/OSRH_None_140.78
OST,2025-01-13,92.17,data/filtered/OST_None_92.17
OST,2025-01-14,34.70,data/filtered/OST_None_34.70
OST,2025-01-23,38.96,data/filtered/OST_None_38.96
OST,2025-01-24,34.30,data/filtered/OST_None_34.30
OST,2025-03-20,30.56,data/filtered/OST_None_30.56
OST,2025-04-15,424.21,data/filtered/OST_None_424.21
OST,2025-04-17,54.30,data/filtered/OST_None_54.30
OST,2025-04-24,47.85,data/filtered/OST_None_47.85
OST,2025-07-03,69.77,data/filtered/OST_None_69.77
OTLY,2025-02-13,40.26,data/filtered/OTLY_None_40.26
OUST,2025-03-21,32.58,data/filtered/OUST_None_32.58
OUST,2025-06-11,30.38,data/filtered/OUST_None_30.38
OUST,2025-08-08,42.64,data/filtered/OUST_None_42.64
OWLT,2025-08-08,31.88,data/filtered/OWLT_None_31.88
OXBR,2025-05-06,39.19,data/filtered/OXBR_None_39.19
OXBR,2025-05-09,38.89,data/filtered/OXBR_None_38.89
OXBR,2025-05-12,30.66,data/filtered/OXBR_None_30.66
OXBR,2025-07-02,33.71,data/filtered/OXBR_None_33.71
PACB,2025-02-14,39.19,data/filtered/PACB_None_39.19
PACK,2025-01-29,50.19,data/filtered/PACK_None_50.19
PACK,2025-08-26,30.64,data/filtered/PACK_None_30.64
PACS,2025-09-11,31.86,data/filtered/PACS_None_31.86
PALI,2025-05-13,36.54,data/filtered/PALI_None_36.54
PALI,2025-07-23,58.14,data/filtered/PALI_None_58.14
PALI,2025-08-07,90.00,data/filtered/PALI_None_90.00
PALI,2025-10-01,110.54,data/filtered/PALI_None_110.54
PALI,2025-10-02,35.88,data/filtered/PALI_None_35.88
PALI,2025-10-06,42.50,data/filtered/PALI_None_42.50
PAL,2025-02-10,34.52,data/filtered/PAL_None_34.52
PAL,2025-05-02,31.91,data/filtered/PAL_None_31.91
PAM,2025-10-27,39.80,data/filtered/PAM_None_39.80
PASG,2025-05-29,30.63,data/filtered/PASG_None_30.63
PASG,2025-07-25,34.37,data/filtered/PASG_None_34.37
PAVS,2025-07-31,33.33,data/filtered/PAVS_None_33.33
PAVS,2025-09-04,37.27,data/filtered/PAVS_None_37.27
PBM,2025-01-13,32.35,data/filtered/PBM_None_32.35
PBM,2025-01-23,30.54,data/filtered/PBM_None_30.54
PBM,2025-01-29,38.06,data/filtered/PBM_None_38.06
PBM,2025-05-05,40.21,data/filtered/PBM_None_40.21
PBM,2025-05-19,47.88,data/filtered/PBM_None_47.88
PBM,2025-05-30,33.52,data/filtered/PBM_None_33.52
PBM,2025-07-22,52.96,data/filtered/PBM_None_52.96
PBM,2025-07-24,33.78,data/filtered/PBM_None_33.78
PBM,2025-07-31,75.93,data/filtered/PBM_None_75.93
PBM,2025-08-04,145.76,data/filtered/PBM_None_145.76
PBM,2025-09-18,48.92,data/filtered/PBM_None_48.92
PBYI,2025-08-11,37.13,data/filtered/PBYI_None_37.13
PCLA,2025-01-23,48.94,data/filtered/PCLA_None_48.94
PCLA,2025-01-24,79.55,data/filtered/PCLA_None_79.55
PCLA,2025-01-27,39.78,data/filtered/PCLA_None_39.78
PCLA,2025-02-26,37.54,data/filtered/PCLA_None_37.54
PCLA,2025-06-03,46.33,data/filtered/PCLA_None_46.33
PCLA,2025-07-10,30.65,data/filtered/PCLA_None_30.65
PCTTU,2025-06-17,42.38,data/filtered/PCTTU_None_42.38
PCTTW,2025-01-17,66.79,data/filtered/PCTTW_None_66.79
PCTTW,2025-01-29,55.52,data/filtered/PCTTW_None_55.52
PCTTW,2025-02-18,34.87,data/filtered/PCTTW_None_34.87
PCTTW,2025-04-22,41.00,data/filtered/PCTTW_None_41.00
PCTTW,2025-05-08,71.07,data/filtered/PCTTW_None_71.07
PCTTW,2025-05-16,36.14,data/filtered/PCTTW_None_36.14
PCTTW,2025-05-22,99.99,data/filtered/PCTTW_None_99.99
PCTTW,2025-06-17,54.85,data/filtered/PCTTW_None_54.85
PCTTW,2025-07-07,46.81,data/filtered/PCTTW_None_46.81
PCT,2025-06-17,30.33,data/filtered/PCT_None_30.33
PC,2025-02-19,32.93,data/filtered/PC_None_32.93
PC,2025-10-02,33.72,data/filtered/PC_None_33.72
PDSB,2025-02-26,39.68,data/filtered/PDSB_None_39.68
PDSB,2025-02-27,42.86,data/filtered/PDSB_None_42.86
PDYN,2025-01-14,30.66,data/filtered/PDYN_None_30.66
PDYN,2025-01-22,40.52,data/filtered/PDYN_None_40.52
PDYN,2025-07-17,32.64,data/filtered/PDYN_None_32.64
PEGA,2025-04-23,35.37,data/filtered/PEGA_None_35.37
PEPG,2025-02-24,227.01,data/filtered/PEPG_None_227.01
PEPG,2025-02-27,65.36,data/filtered/PEPG_None_65.36
PEPG,2025-02-28,30.45,data/filtered/PEPG_None_30.45
PEPG,2025-09-16,32.08,data/filtered/PEPG_None_32.08
PEPG,2025-09-24,39.98,data/filtered/PEPG_None_39.98
PEPG,2025-09-25,138.35,data/filtered/PEPG_None_138.35
PETZ,2025-09-16,49.99,data/filtered/PETZ_None_49.99
PFAI,2025-09-05,65.56,data/filtered/PFAI_None_65.56
PFAI,2025-10-15,158.12,data/filtered/PFAI_None_158.12
PFSA,2025-07-28,226.37,data/filtered/PFSA_None_226.37
PGEN,2025-08-15,88.64,data/filtered/PGEN_None_88.64
PGY,2025-08-07,32.27,data/filtered/PGY_None_32.27
PHAR,2025-08-08,40.58,data/filtered/PHAR_None_40.58
PHAT,2025-05-09,65.07,data/filtered/PHAT_None_65.07
PHAT,2025-06-06,162.68,data/filtered/PHAT_None_162.68
PHIO,2025-01-13,479.29,data/filtered/PHIO_None_479.29
PHIO,2025-01-16,70.30,data/filtered/PHIO_None_70.30
PHIO,2025-01-28,41.58,data/filtered/PHIO_None_41.58
PHIO,2025-04-09,170.30,data/filtered/PHIO_None_170.30
PHIO,2025-04-15,42.27,data/filtered/PHIO_None_42.27
PHIO,2025-06-05,30.48,data/filtered/PHIO_None_30.48
PHIO,2025-07-25,38.64,data/filtered/PHIO_None_38.64
PHOE,2025-06-16,31.00,data/filtered/PHOE_None_31.00
PHOE,2025-06-30,35.06,data/filtered/PHOE_None_35.06
PHOE,2025-07-17,130.06,data/filtered/PHOE_None_130.06
PHOE,2025-07-24,36.50,data/filtered/PHOE_None_36.50
PHOE,2025-10-07,47.51,data/filtered/PHOE_None_47.51
PIII,2025-01-14,34.95,data/filtered/PIII_None_34.95
PIII,2025-07-30,37.07,data/filtered/PIII_None_37.07
PIII,2025-09-18,30.48,data/filtered/PIII_None_30.48
PI,2025-07-31,34.48,data/filtered/PI_None_34.48
PLBY,2025-01-31,46.99,data/filtered/PLBY_None_46.99
PLBY,2025-05-16,34.19,data/filtered/PLBY_None_34.19
PLCE,2025-07-22,38.51,data/filtered/PLCE_None_38.51
PLRX,2025-02-13,38.97,data/filtered/PLRX_None_38.97
PLRZ,2025-03-24,54.04,data/filtered/PLRZ_None_54.04
PLRZ,2025-05-02,369.61,data/filtered/PLRZ_None_369.61
PLRZ,2025-05-05,47.52,data/filtered/PLRZ_None_47.52
PLRZ,2025-05-28,150.77,data/filtered/PLRZ_None_150.77
PLRZ,2025-05-29,33.01,data/filtered/PLRZ_None_33.01
PLRZ,2025-06-12,72.50,data/filtered/PLRZ_None_72.50
PLRZ,2025-07-15,94.99,data/filtered/PLRZ_None_94.99
PLRZ,2025-07-22,105.99,data/filtered/PLRZ_None_105.99
PLRZ,2025-09-12,38.11,data/filtered/PLRZ_None_38.11
PLTS,2025-09-22,130.29,data/filtered/PLTS_None_130.29
PLTS,2025-09-26,64.56,data/filtered/PLTS_None_64.56
PLTU,2025-02-04,54.35,data/filtered/PLTU_None_54.35
PLTU,2025-04-09,41.59,data/filtered/PLTU_None_41.59
PLUG,2025-04-28,46.62,data/filtered/PLUG_None_46.62
PLUG,2025-06-09,30.52,data/filtered/PLUG_None_30.52
PLUG,2025-06-30,35.34,data/filtered/PLUG_None_35.34
PLUG,2025-07-09,30.28,data/filtered/PLUG_None_30.28
PLUG,2025-10-03,39.58,data/filtered/PLUG_None_39.58
PLUR,2025-04-23,48.54,data/filtered/PLUR_None_48.54
PLUR,2025-06-23,34.04,data/filtered/PLUR_None_34.04
PLYM,2025-08-19,54.71,data/filtered/PLYM_None_54.71
PL,2025-06-05,61.65,data/filtered/PL_None_61.65
PL,2025-09-08,48.67,data/filtered/PL_None_48.67
PMAX,2025-01-16,50.63,data/filtered/PMAX_None_50.63
PMAX,2025-02-07,61.89,data/filtered/PMAX_None_61.89
PMAX,2025-02-13,36.20,data/filtered/PMAX_None_36.20
PMAX,2025-02-28,82.58,data/filtered/PMAX_None_82.58
PMAX,2025-05-23,245.68,data/filtered/PMAX_None_245.68
PMAX,2025-05-28,35.84,data/filtered/PMAX_None_35.84
PMAX,2025-08-27,39.31,data/filtered/PMAX_None_39.31
PMAX,2025-10-06,36.58,data/filtered/PMAX_None_36.58
PMAX,2025-10-13,100.77,data/filtered/PMAX_None_100.77
PMCB,2025-09-08,33.04,data/filtered/PMCB_None_33.04
PMEC,2025-01-16,52.70,data/filtered/PMEC_None_52.70
PMEC,2025-02-12,38.46,data/filtered/PMEC_None_38.46
PMN,2025-07-14,220.18,data/filtered/PMN_None_220.18
PMN,2025-07-21,261.28,data/filtered/PMN_None_261.28
PNBK,2025-02-10,70.34,data/filtered/PNBK_None_70.34
PNBK,2025-03-21,49.06,data/filtered/PNBK_None_49.06
PNBK,2025-04-17,93.65,data/filtered/PNBK_None_93.65
PNBK,2025-04-21,32.01,data/filtered/PNBK_None_32.01
PNBK,2025-05-12,42.69,data/filtered/PNBK_None_42.69
PNBK,2025-05-13,38.59,data/filtered/PNBK_None_38.59
PN,2025-08-13,43.89,data/filtered/PN_None_43.89
POAI,2025-01-03,66.30,data/filtered/POAI_None_66.30
POAI,2025-01-06,155.00,data/filtered/POAI_None_155.00
POAI,2025-01-22,86.61,data/filtered/POAI_None_86.61
POAI,2025-03-25,133.18,data/filtered/POAI_None_133.18
POAI,2025-09-29,176.09,data/filtered/POAI_None_176.09
PODC,2025-04-30,38.07,data/filtered/PODC_None_38.07
POLA,2025-03-04,38.31,data/filtered/POLA_None_38.31
POLA,2025-07-01,58.06,data/filtered/POLA_None_58.06
POLA,2025-09-04,67.58,data/filtered/POLA_None_67.58
PONY,2025-02-21,33.56,data/filtered/PONY_None_33.56
PONY,2025-04-23,36.78,data/filtered/PONY_None_36.78
PONY,2025-04-24,41.80,data/filtered/PONY_None_41.80
PONY,2025-04-28,61.84,data/filtered/PONY_None_61.84
PONY,2025-05-02,36.45,data/filtered/PONY_None_36.45
PONY,2025-05-06,48.97,data/filtered/PONY_None_48.97
PPBT,2025-10-29,141.85,data/filtered/PPBT_None_141.85
PPCB,2025-08-18,226.13,data/filtered/PPCB_None_226.13
PPCB,2025-08-20,55.04,data/filtered/PPCB_None_55.04
PPCB,2025-09-05,31.31,data/filtered/PPCB_None_31.31
PPIH,2025-05-02,36.33,data/filtered/PPIH_None_36.33
PPIH,2025-06-13,31.37,data/filtered/PPIH_None_31.37
PPIH,2025-06-16,30.99,data/filtered/PPIH_None_30.99
PPSI,2025-08-15,83.28,data/filtered/PPSI_None_83.28
PRAX,2025-10-16,259.01,data/filtered/PRAX_None_259.01
PRA,2025-03-20,49.87,data/filtered/PRA_None_49.87
PRCH,2025-02-26,82.59,data/filtered/PRCH_None_82.59
PRCH,2025-05-07,71.45,data/filtered/PRCH_None_71.45
PRCH,2025-08-06,32.07,data/filtered/PRCH_None_32.07
PRE,2025-05-22,48.21,data/filtered/PRE_None_48.21
PRE,2025-06-18,30.36,data/filtered/PRE_None_30.36
PRFX,2025-01-24,108.46,data/filtered/PRFX_None_108.46
PRFX,2025-02-18,93.97,data/filtered/PRFX_None_93.97
PRFX,2025-04-10,91.76,data/filtered/PRFX_None_91.76
PRFX,2025-08-19,167.91,data/filtered/PRFX_None_167.91
PRHI,2025-10-07,119.55,data/filtered/PRHI_None_119.55
PRME,2025-07-07,35.37,data/filtered/PRME_None_35.37
PROK,2025-04-15,59.46,data/filtered/PROK_None_59.46
PROK,2025-07-08,711.21,data/filtered/PROK_None_711.21
PROK,2025-07-09,91.15,data/filtered/PROK_None_91.15
PROK,2025-07-10,37.10,data/filtered/PROK_None_37.10
PROK,2025-09-11,38.89,data/filtered/PROK_None_38.89
PROP,2025-01-15,54.41,data/filtered/PROP_None_54.41
PRO,2025-09-22,40.40,data/filtered/PRO_None_40.40
PRPL,2025-03-14,53.73,data/filtered/PRPL_None_53.73
PRPL,2025-07-23,31.71,data/filtered/PRPL_None_31.71
PRPO,2025-04-23,72.11,data/filtered/PRPO_None_72.11
PRSO,2025-01-03,41.51,data/filtered/PRSO_None_41.51
PRSO,2025-09-05,99.27,data/filtered/PRSO_None_99.27
PRSO,2025-10-09,45.99,data/filtered/PRSO_None_45.99
PRTS,2025-03-05,44.12,data/filtered/PRTS_None_44.12
PRTS,2025-09-03,34.18,data/filtered/PRTS_None_34.18
PRZO,2025-01-17,35.67,data/filtered/PRZO_None_35.67
PSIG,2025-01-07,39.20,data/filtered/PSIG_None_39.20
PSIG,2025-05-09,35.86,data/filtered/PSIG_None_35.86
PSIG,2025-08-19,30.88,data/filtered/PSIG_None_30.88
PSIG,2025-10-13,62.66,data/filtered/PSIG_None_62.66
PSIX,2025-08-08,38.72,data/filtered/PSIX_None_38.72
PSKY,2025-08-13,59.80,data/filtered/PSKY_None_59.80
PSQH,2025-05-27,42.21,data/filtered/PSQH_None_42.21
PSTG,2025-08-28,32.57,data/filtered/PSTG_None_32.57
PSTV,2025-03-06,340.00,data/filtered/PSTV_None_340.00
PSTV,2025-03-07,60.41,data/filtered/PSTV_None_60.41
PSTV,2025-03-11,48.81,data/filtered/PSTV_None_48.81
PSTV,2025-03-20,307.05,data/filtered/PSTV_None_307.05
PSTV,2025-03-25,37.72,data/filtered/PSTV_None_37.72
PSTV,2025-04-23,55.02,data/filtered/PSTV_None_55.02
PTGX,2025-03-10,51.17,data/filtered/PTGX_None_51.17
PTGX,2025-10-10,39.10,data/filtered/PTGX_None_39.10
PTHL,2025-02-24,66.67,data/filtered/PTHL_None_66.67
PTHL,2025-03-10,46.96,data/filtered/PTHL_None_46.96
PTHL,2025-06-06,114.04,data/filtered/PTHL_None_114.04
PTHL,2025-07-15,33.69,data/filtered/PTHL_None_33.69
PTHL,2025-08-04,62.96,data/filtered/PTHL_None_62.96
PTHL,2025-08-26,76.80,data/filtered/PTHL_None_76.80
PTHL,2025-09-03,38.82,data/filtered/PTHL_None_38.82
PTIR,2025-02-04,54.72,data/filtered/PTIR_None_54.72
PTIR,2025-04-09,41.34,data/filtered/PTIR_None_41.34
PTIX,2025-01-27,39.24,data/filtered/PTIX_None_39.24
PTIX,2025-03-04,71.91,data/filtered/PTIX_None_71.91
PTIX,2025-04-01,42.59,data/filtered/PTIX_None_42.59
PTIX,2025-04-03,172.24,data/filtered/PTIX_None_172.24
PTIX,2025-05-06,46.67,data/filtered/PTIX_None_46.67
PTIX,2025-05-19,371.29,data/filtered/PTIX_None_371.29
PTIX,2025-08-21,171.93,data/filtered/PTIX_None_171.93
PTLE,2025-01-06,46.01,data/filtered/PTLE_None_46.01
PTLE,2025-01-22,54.32,data/filtered/PTLE_None_54.32
PTLE,2025-05-06,58.83,data/filtered/PTLE_None_58.83
PTLE,2025-05-15,30.22,data/filtered/PTLE_None_30.22
PTNM,2025-06-04,53.52,data/filtered/PTNM_None_53.52
PTNM,2025-07-15,47.29,data/filtered/PTNM_None_47.29
PTNM,2025-08-27,83.64,data/filtered/PTNM_None_83.64
PTNM,2025-08-28,49.07,data/filtered/PTNM_None_49.07
PTNM,2025-09-09,110.22,data/filtered/PTNM_None_110.22
PTNM,2025-09-10,81.02,data/filtered/PTNM_None_81.02
PTNM,2025-09-25,37.50,data/filtered/PTNM_None_37.50
PT,2025-09-08,45.26,data/filtered/PT_None_45.26
PULM,2025-02-18,34.54,data/filtered/PULM_None_34.54
PUMP,2025-10-29,54.52,data/filtered/PUMP_None_54.52
PXLW,2025-06-20,50.13,data/filtered/PXLW_None_50.13
PYXS,2025-10-09,32.30,data/filtered/PYXS_None_32.30
QBTS,2025-01-15,34.25,data/filtered/QBTS_None_34.25
QBTS,2025-03-14,47.61,data/filtered/QBTS_None_47.61
QBTS,2025-05-08,58.06,data/filtered/QBTS_None_58.06
QBTS,2025-05-20,33.76,data/filtered/QBTS_None_33.76
QBTZ,2025-10-22,36.61,data/filtered/QBTZ_None_36.61
QCLS,2025-10-03,36.27,data/filtered/QCLS_None_36.27
QCLS,2025-10-30,37.37,data/filtered/QCLS_None_37.37
QCML,2025-04-09,31.80,data/filtered/QCML_None_31.80
QCML,2025-10-27,42.74,data/filtered/QCML_None_42.74
QCMU,2025-10-27,42.85,data/filtered/QCMU_None_42.85
QDEL,2025-05-08,44.06,data/filtered/QDEL_None_44.06
QETAR,2025-01-06,31.03,data/filtered/QETAR_None_31.03
QETAR,2025-01-07,30.67,data/filtered/QETAR_None_30.67
QETAR,2025-07-07,31.15,data/filtered/QETAR_None_31.15
QETAR,2025-08-01,33.21,data/filtered/QETAR_None_33.21
QETAR,2025-10-22,32.35,data/filtered/QETAR_None_32.35
QH,2025-08-25,42.54,data/filtered/QH_None_42.54
QIPT,2025-05-20,59.14,data/filtered/QIPT_None_59.14
QMCO,2025-01-15,57.92,data/filtered/QMCO_None_57.92
QMCO,2025-02-12,42.95,data/filtered/QMCO_None_42.95
QMCO,2025-03-13,37.03,data/filtered/QMCO_None_37.03
QMCO,2025-03-17,40.74,data/filtered/QMCO_None_40.74
QMCO,2025-05-19,31.17,data/filtered/QMCO_None_31.17
QMCO,2025-09-19,50.14,data/filtered/QMCO_None_50.14
QMMM,2025-03-05,37.96,data/filtered/QMMM_None_37.96
QMMM,2025-05-08,58.08,data/filtered/QMMM_None_58.08
QMMM,2025-05-09,33.96,data/filtered/QMMM_None_33.96
QMMM,2025-09-08,51.12,data/filtered/QMMM_None_51.12
QMMM,2025-09-09,2588.55,data/filtered/QMMM_None_2588.55
QMMM,2025-09-12,69.47,data/filtered/QMMM_None_69.47
QMMM,2025-09-16,32.40,data/filtered/QMMM_None_32.40
QMMM,2025-09-17,35.23,data/filtered/QMMM_None_35.23
QMMM,2025-09-22,37.61,data/filtered/QMMM_None_37.61
QNRX,2025-01-31,31.53,data/filtered/QNRX_None_31.53
QNRX,2025-02-04,55.93,data/filtered/QNRX_None_55.93
QNRX,2025-02-27,52.70,data/filtered/QNRX_None_52.70
QNRX,2025-04-02,98.49,data/filtered/QNRX_None_98.49
QNRX,2025-05-14,51.42,data/filtered/QNRX_None_51.42
QNRX,2025-10-10,412.25,data/filtered/QNRX_None_412.25
QNRX,2025-10-15,35.16,data/filtered/QNRX_None_35.16
QNTM,2025-02-04,128.93,data/filtered/QNTM_None_128.93
QNTM,2025-02-05,49.78,data/filtered/QNTM_None_49.78
QNTM,2025-02-06,109.79,data/filtered/QNTM_None_109.79
QNTM,2025-03-17,75.87,data/filtered/QNTM_None_75.87
QNTM,2025-03-27,30.65,data/filtered/QNTM_None_30.65
QNTM,2025-03-28,48.60,data/filtered/QNTM_None_48.60
QNTM,2025-06-17,39.81,data/filtered/QNTM_None_39.81
QNTM,2025-09-10,40.19,data/filtered/QNTM_None_40.19
QPUX,2025-09-19,32.45,data/filtered/QPUX_None_32.45
QPUX,2025-10-13,39.58,data/filtered/QPUX_None_39.58
QPUX,2025-10-23,31.28,data/filtered/QPUX_None_31.28
QSIAW,2025-01-03,60.07,data/filtered/QSIAW_None_60.07
QSIAW,2025-01-15,61.65,data/filtered/QSIAW_None_61.65
QSIAW,2025-05-21,38.46,data/filtered/QSIAW_None_38.46
QSI,2025-01-03,35.45,data/filtered/QSI_None_35.45
QSI,2025-09-18,30.16,data/filtered/QSI_None_30.16
QS,2025-06-25,46.65,data/filtered/QS_None_46.65
QS,2025-06-26,35.98,data/filtered/QS_None_35.98
QS,2025-09-08,36.22,data/filtered/QS_None_36.22
QTRX,2025-06-10,30.63,data/filtered/QTRX_None_30.63
QTTB,2025-07-10,148.34,data/filtered/QTTB_None_148.34
QTTB,2025-07-16,42.31,data/filtered/QTTB_None_42.31
QUBT,2025-01-15,56.12,data/filtered/QUBT_None_56.12
QUBT,2025-05-16,40.26,data/filtered/QUBT_None_40.26
QUBT,2025-06-11,38.20,data/filtered/QUBT_None_38.20
QUBT,2025-06-16,30.31,data/filtered/QUBT_None_30.31
QUBT,2025-09-19,30.68,data/filtered/QUBT_None_30.68
QURE,2025-04-17,50.80,data/filtered/QURE_None_50.80
QURE,2025-09-24,274.89,data/filtered/QURE_None_274.89
QVCGA,2025-03-25,41.76,data/filtered/QVCGA_None_41.76
QVCGA,2025-05-06,51.10,data/filtered/QVCGA_None_51.10
QVCGA,2025-06-05,53.20,data/filtered/QVCGA_None_53.20
QVCGA,2025-07-22,96.25,data/filtered/QVCGA_None_96.25
QVCGA,2025-07-25,43.80,data/filtered/QVCGA_None_43.80
QVCGA,2025-08-27,33.13,data/filtered/QVCGA_None_33.13
QVCGA,2025-09-02,32.40,data/filtered/QVCGA_None_32.40
QVCGP,2025-06-04,37.75,data/filtered/QVCGP_None_37.75
QVCGP,2025-06-05,65.31,data/filtered/QVCGP_None_65.31
RAAQW,2025-10-15,69.61,data/filtered/RAAQW_None_69.61
RADX,2025-01-10,39.20,data/filtered/RADX_None_39.20
RADX,2025-01-13,31.78,data/filtered/RADX_None_31.78
RADX,2025-02-27,31.64,data/filtered/RADX_None_31.64
RADX,2025-03-03,120.00,data/filtered/RADX_None_120.00
RADX,2025-03-05,35.51,data/filtered/RADX_None_35.51
RADX,2025-05-23,43.60,data/filtered/RADX_None_43.60
RADX,2025-08-20,45.02,data/filtered/RADX_None_45.02
RAIL,2025-03-13,33.23,data/filtered/RAIL_None_33.23
RAIN,2025-04-30,33.89,data/filtered/RAIN_None_33.89
RAIN,2025-05-06,49.80,data/filtered/RAIN_None_49.80
RAIN,2025-05-12,38.84,data/filtered/RAIN_None_38.84
RAIN,2025-06-04,35.00,data/filtered/RAIN_None_35.00
RAIN,2025-09-02,30.39,data/filtered/RAIN_None_30.39
RAIN,2025-09-08,46.79,data/filtered/RAIN_None_46.79
RAIN,2025-10-15,40.21,data/filtered/RAIN_None_40.21
RANI,2025-10-17,407.54,data/filtered/RANI_None_407.54
RANI,2025-10-20,71.95,data/filtered/RANI_None_71.95
RANI,2025-10-21,47.56,data/filtered/RANI_None_47.56
RANI,2025-10-22,35.79,data/filtered/RANI_None_35.79
RANI,2025-10-31,65.52,data/filtered/RANI_None_65.52
RAPP,2025-03-04,51.75,data/filtered/RAPP_None_51.75
RAPP,2025-06-03,35.53,data/filtered/RAPP_None_35.53
RAPP,2025-09-08,194.35,data/filtered/RAPP_None_194.35
RAPT,2025-05-23,43.92,data/filtered/RAPT_None_43.92
RAPT,2025-07-15,36.93,data/filtered/RAPT_None_36.93
RAPT,2025-10-20,44.48,data/filtered/RAPT_None_44.48
RAYA,2025-06-30,31.82,data/filtered/RAYA_None_31.82
RAYA,2025-07-15,33.95,data/filtered/RAYA_None_33.95
RAYA,2025-07-22,30.42,data/filtered/RAYA_None_30.42
RAYA,2025-07-24,35.83,data/filtered/RAYA_None_35.83
RAYA,2025-07-31,38.28,data/filtered/RAYA_None_38.28
RAYA,2025-08-01,59.93,data/filtered/RAYA_None_59.93
RAYA,2025-08-28,37.23,data/filtered/RAYA_None_37.23
RAYA,2025-09-18,45.41,data/filtered/RAYA_None_45.41
RAYA,2025-09-24,33.88,data/filtered/RAYA_None_33.88
RAYA,2025-10-01,47.43,data/filtered/RAYA_None_47.43
RAY,2025-03-11,167.82,data/filtered/RAY_None_167.82
RAY,2025-03-24,70.17,data/filtered/RAY_None_70.17
RAY,2025-03-25,78.46,data/filtered/RAY_None_78.46
RAY,2025-05-12,38.76,data/filtered/RAY_None_38.76
RAY,2025-05-22,31.36,data/filtered/RAY_None_31.36
RAY,2025-08-25,37.90,data/filtered/RAY_None_37.90
RAY,2025-09-09,43.26,data/filtered/RAY_None_43.26
RBNE,2025-06-13,514.03,data/filtered/RBNE_None_514.03
RBNE,2025-06-17,162.50,data/filtered/RBNE_None_162.50
RBNE,2025-06-23,37.75,data/filtered/RBNE_None_37.75
RBNE,2025-09-10,162.63,data/filtered/RBNE_None_162.63
RBNE,2025-10-23,37.80,data/filtered/RBNE_None_37.80
RBOT,2025-10-03,32.79,data/filtered/RBOT_None_32.79
RCAT,2025-07-11,33.63,data/filtered/RCAT_None_33.63
RCAT,2025-09-11,31.57,data/filtered/RCAT_None_31.57
RCEL,2025-09-15,56.14,data/filtered/RCEL_None_56.14
RCKT,2025-08-20,40.89,data/filtered/RCKT_None_40.89
RCKY,2025-04-30,53.33,data/filtered/RCKY_None_53.33
RCKY,2025-07-30,34.46,data/filtered/RCKY_None_34.46
RCON,2025-05-22,35.60,data/filtered/RCON_None_35.60
RCON,2025-07-29,142.51,data/filtered/RCON_None_142.51
RCON,2025-07-30,52.21,data/filtered/RCON_None_52.21
RCON,2025-07-31,65.44,data/filtered/RCON_None_65.44
RCT,2025-04-09,31.75,data/filtered/RCT_None_31.75
RCT,2025-06-27,232.40,data/filtered/RCT_None_232.40
RCT,2025-07-01,78.67,data/filtered/RCT_None_78.67
RCT,2025-07-28,31.82,data/filtered/RCT_None_31.82
RCT,2025-09-22,30.53,data/filtered/RCT_None_30.53
RCT,2025-09-24,69.61,data/filtered/RCT_None_69.61
RCT,2025-09-26,41.94,data/filtered/RCT_None_41.94
RDGT,2025-03-26,35.24,data/filtered/RDGT_None_35.24
RDGT,2025-07-15,34.77,data/filtered/RDGT_None_34.77
RDGT,2025-10-14,38.26,data/filtered/RDGT_None_38.26
RDHL,2025-07-17,34.02,data/filtered/RDHL_None_34.02
RDHL,2025-07-21,77.95,data/filtered/RDHL_None_77.95
RDHL,2025-09-29,51.63,data/filtered/RDHL_None_51.63
RDHL,2025-10-20,42.67,data/filtered/RDHL_None_42.67
RDIB,2025-03-05,39.09,data/filtered/RDIB_None_39.09
RDIB,2025-03-18,63.35,data/filtered/RDIB_None_63.35
RDIB,2025-05-15,31.78,data/filtered/RDIB_None_31.78
RDIB,2025-06-13,32.50,data/filtered/RDIB_None_32.50
RDIB,2025-08-05,36.88,data/filtered/RDIB_None_36.88
RDTL,2025-04-09,54.55,data/filtered/RDTL_None_54.55
RDTL,2025-05-14,30.23,data/filtered/RDTL_None_30.23
RDTL,2025-06-17,31.51,data/filtered/RDTL_None_31.51
RDTL,2025-08-01,43.57,data/filtered/RDTL_None_43.57
RDTL,2025-10-31,36.36,data/filtered/RDTL_None_36.36
RDW,2025-01-21,52.54,data/filtered/RDW_None_52.54
RDW,2025-04-09,33.33,data/filtered/RDW_None_33.33
REAL,2025-08-08,33.76,data/filtered/REAL_None_33.76
REBN,2025-01-29,62.35,data/filtered/REBN_None_62.35
REBN,2025-01-31,166.01,data/filtered/REBN_None_166.01
REBN,2025-02-03,104.55,data/filtered/REBN_None_104.55
REBN,2025-02-18,46.45,data/filtered/REBN_None_46.45
REBN,2025-02-20,48.48,data/filtered/REBN_None_48.48
REE,2025-10-16,61.95,data/filtered/REE_None_61.95
REFR,2025-05-09,42.86,data/filtered/REFR_None_42.86
REFR,2025-10-27,35.00,data/filtered/REFR_None_35.00
REKR,2025-01-06,41.26,data/filtered/REKR_None_41.26
REKR,2025-01-22,41.40,data/filtered/REKR_None_41.40
REKR,2025-06-03,42.73,data/filtered/REKR_None_42.73
RELI,2025-01-14,38.12,data/filtered/RELI_None_38.12
RELI,2025-06-17,96.61,data/filtered/RELI_None_96.61
RELI,2025-06-18,63.59,data/filtered/RELI_None_63.59
RELI,2025-06-24,36.84,data/filtered/RELI_None_36.84
RELI,2025-09-15,112.47,data/filtered/RELI_None_112.47
RELI,2025-09-22,165.31,data/filtered/RELI_None_165.31
RELI,2025-09-29,39.25,data/filtered/RELI_None_39.25
RELI,2025-10-28,39.99,data/filtered/RELI_None_39.99
RENT,2025-03-20,43.76,data/filtered/RENT_None_43.76
RENT,2025-06-06,50.00,data/filtered/RENT_None_50.00
RENT,2025-08-21,37.35,data/filtered/RENT_None_37.35
RENT,2025-09-11,31.20,data/filtered/RENT_None_31.20
REPL,2025-07-23,37.25,data/filtered/REPL_None_37.25
REPL,2025-07-30,115.20,data/filtered/REPL_None_115.20
REPL,2025-09-23,34.25,data/filtered/REPL_None_34.25
REPL,2025-10-20,128.67,data/filtered/REPL_None_128.67
RETO,2025-02-20,89.92,data/filtered/RETO_None_89.92
RETO,2025-02-24,203.03,data/filtered/RETO_None_203.03
RETO,2025-02-25,108.47,data/filtered/RETO_None_108.47
RETO,2025-03-03,37.89,data/filtered/RETO_None_37.89
RETO,2025-03-04,39.87,data/filtered/RETO_None_39.87
RETO,2025-04-25,60.14,data/filtered/RETO_None_60.14
REVB,2025-04-08,37.75,data/filtered/REVB_None_37.75
REVB,2025-06-03,39.73,data/filtered/REVB_None_39.73
RFL,2025-06-10,41.78,data/filtered/RFL_None_41.78
RFL,2025-07-10,40.93,data/filtered/RFL_None_40.93
RGC,2025-03-20,48.62,data/filtered/RGC_None_48.62
RGC,2025-03-21,43.83,data/filtered/RGC_None_43.83
RGC,2025-03-31,54.95,data/filtered/RGC_None_54.95
RGC,2025-04-04,56.37,data/filtered/RGC_None_56.37
RGC,2025-04-11,45.75,data/filtered/RGC_None_45.75
RGC,2025-04-30,103.86,data/filtered/RGC_None_103.86
RGC,2025-05-01,35.67,data/filtered/RGC_None_35.67
RGC,2025-05-05,64.90,data/filtered/RGC_None_64.90
RGC,2025-05-06,169.16,data/filtered/RGC_None_169.16
RGC,2025-05-07,36.55,data/filtered/RGC_None_36.55
RGC,2025-05-08,41.44,data/filtered/RGC_None_41.44
RGC,2025-05-09,79.25,data/filtered/RGC_None_79.25
RGC,2025-05-12,44.92,data/filtered/RGC_None_44.92
RGC,2025-05-14,34.53,data/filtered/RGC_None_34.53
RGC,2025-05-20,32.10,data/filtered/RGC_None_32.10
RGC,2025-05-29,58.54,data/filtered/RGC_None_58.54
RGC,2025-06-06,32.49,data/filtered/RGC_None_32.49
RGC,2025-06-16,433.83,data/filtered/RGC_None_433.83
RGC,2025-06-17,35.38,data/filtered/RGC_None_35.38
RGC,2025-06-24,45.91,data/filtered/RGC_None_45.91
RGC,2025-07-03,170.27,data/filtered/RGC_None_170.27
RGC,2025-07-07,30.49,data/filtered/RGC_None_30.49
RGC,2025-07-23,34.64,data/filtered/RGC_None_34.64
RGTIW,2025-01-10,34.30,data/filtered/RGTIW_None_34.30
RGTIW,2025-01-14,78.57,data/filtered/RGTIW_None_78.57
RGTIW,2025-01-15,61.81,data/filtered/RGTIW_None_61.81
RGTIW,2025-01-21,59.76,data/filtered/RGTIW_None_59.76
RGTIW,2025-03-14,33.01,data/filtered/RGTIW_None_33.01
RGTIW,2025-05-22,40.28,data/filtered/RGTIW_None_40.28
RGTIW,2025-06-11,34.52,data/filtered/RGTIW_None_34.52
RGTIW,2025-07-16,45.66,data/filtered/RGTIW_None_45.66
RGTIW,2025-09-12,41.95,data/filtered/RGTIW_None_41.95
RGTIW,2025-09-18,38.65,data/filtered/RGTIW_None_38.65
RGTIW,2025-09-19,31.92,data/filtered/RGTIW_None_31.92
RGTIW,2025-10-02,32.15,data/filtered/RGTIW_None_32.15
RGTIW,2025-10-13,34.83,data/filtered/RGTIW_None_34.83
RGTI,2025-01-14,48.26,data/filtered/RGTI_None_48.26
RGTI,2025-01-21,43.13,data/filtered/RGTI_None_43.13
RGTI,2025-05-22,31.75,data/filtered/RGTI_None_31.75
RGTI,2025-07-16,32.39,data/filtered/RGTI_None_32.39
RGTX,2025-04-07,35.32,data/filtered/RGTX_None_35.32
RGTX,2025-04-09,43.48,data/filtered/RGTX_None_43.48
RGTX,2025-05-02,38.29,data/filtered/RGTX_None_38.29
RGTX,2025-05-14,51.36,data/filtered/RGTX_None_51.36
RGTX,2025-05-22,63.24,data/filtered/RGTX_None_63.24
RGTX,2025-06-11,40.58,data/filtered/RGTX_None_40.58
RGTX,2025-07-02,30.59,data/filtered/RGTX_None_30.59
RGTX,2025-07-16,64.71,data/filtered/RGTX_None_64.71
RGTX,2025-09-12,41.12,data/filtered/RGTX_None_41.12
RGTX,2025-09-18,37.84,data/filtered/RGTX_None_37.84
RGTX,2025-09-19,34.34,data/filtered/RGTX_None_34.34
RGTX,2025-10-02,38.55,data/filtered/RGTX_None_38.55
RGTX,2025-10-13,49.92,data/filtered/RGTX_None_49.92
RGTX,2025-10-23,32.70,data/filtered/RGTX_None_32.70
RGTZ,2025-10-16,33.22,data/filtered/RGTZ_None_33.22
RHLD,2025-03-17,45.37,data/filtered/RHLD_None_45.37
RH,2025-04-09,32.35,data/filtered/RH_None_32.35
RIGL,2025-05-07,39.21,data/filtered/RIGL_None_39.21
RILYG,2025-05-21,33.25,data/filtered/RILYG_None_33.25
RILYL,2025-02-11,33.33,data/filtered/RILYL_None_33.33
RILYL,2025-02-26,30.68,data/filtered/RILYL_None_30.68
RILYL,2025-07-10,55.72,data/filtered/RILYL_None_55.72
RILYL,2025-07-17,35.56,data/filtered/RILYL_None_35.56
RILYP,2025-02-26,41.75,data/filtered/RILYP_None_41.75
RILYP,2025-04-14,31.58,data/filtered/RILYP_None_31.58
RILYP,2025-07-10,44.85,data/filtered/RILYP_None_44.85
RILYP,2025-08-14,31.70,data/filtered/RILYP_None_31.70
RILY,2025-02-21,33.12,data/filtered/RILY_None_33.12
RILY,2025-02-24,55.29,data/filtered/RILY_None_55.29
RILY,2025-02-26,52.45,data/filtered/RILY_None_52.45
RIME,2025-01-06,32.47,data/filtered/RIME_None_32.47
RIME,2025-01-07,133.84,data/filtered/RIME_None_133.84
RIME,2025-01-31,31.97,data/filtered/RIME_None_31.97
RITR,2025-02-28,36.87,data/filtered/RITR_None_36.87
RITR,2025-06-02,47.32,data/filtered/RITR_None_47.32
RITR,2025-06-05,41.78,data/filtered/RITR_None_41.78
RITR,2025-06-25,34.24,data/filtered/RITR_None_34.24
RITR,2025-06-30,40.50,data/filtered/RITR_None_40.50
RKDA,2025-10-08,98.52,data/filtered/RKDA_None_98.52
RKDA,2025-10-15,55.01,data/filtered/RKDA_None_55.01
RKLB,2025-01-21,31.83,data/filtered/RKLB_None_31.83
RKLX,2025-04-09,47.97,data/filtered/RKLX_None_47.97
RKLX,2025-04-15,31.74,data/filtered/RKLX_None_31.74
RKLX,2025-06-26,30.04,data/filtered/RKLX_None_30.04
RLMD,2025-08-29,53.55,data/filtered/RLMD_None_53.55
RLMD,2025-09-02,40.04,data/filtered/RLMD_None_40.04
RMCF,2025-06-18,39.34,data/filtered/RMCF_None_39.34
RMCF,2025-09-16,32.56,data/filtered/RMCF_None_32.56
RMCO,2025-07-02,33.85,data/filtered/RMCO_None_33.85
RMCO,2025-10-14,52.56,data/filtered/RMCO_None_52.56
RMCO,2025-10-20,38.16,data/filtered/RMCO_None_38.16
RMCO,2025-10-28,30.31,data/filtered/RMCO_None_30.31
RMNI,2025-07-10,36.20,data/filtered/RMNI_None_36.20
RMSG,2025-08-06,133.73,data/filtered/RMSG_None_133.73
RMSG,2025-08-12,35.29,data/filtered/RMSG_None_35.29
RMSG,2025-08-19,38.24,data/filtered/RMSG_None_38.24
RMSG,2025-10-15,54.01,data/filtered/RMSG_None_54.01
RMSG,2025-10-16,30.68,data/filtered/RMSG_None_30.68
RMTI,2025-08-25,42.98,data/filtered/RMTI_None_42.98
RNAC,2025-07-09,37.79,data/filtered/RNAC_None_37.79
RNAZ,2025-01-23,256.16,data/filtered/RNAZ_None_256.16
RNAZ,2025-01-24,76.73,data/filtered/RNAZ_None_76.73
RNAZ,2025-01-28,144.95,data/filtered/RNAZ_None_144.95
RNAZ,2025-02-05,106.17,data/filtered/RNAZ_None_106.17
RNAZ,2025-02-06,59.39,data/filtered/RNAZ_None_59.39
RNAZ,2025-03-21,116.88,data/filtered/RNAZ_None_116.88
RNAZ,2025-04-21,41.28,data/filtered/RNAZ_None_41.28
RNAZ,2025-04-24,49.08,data/filtered/RNAZ_None_49.08
RNAZ,2025-05-01,93.48,data/filtered/RNAZ_None_93.48
RNAZ,2025-07-23,82.63,data/filtered/RNAZ_None_82.63
RNAZ,2025-07-28,35.26,data/filtered/RNAZ_None_35.26
RNAZ,2025-10-08,71.77,data/filtered/RNAZ_None_71.77
RNA,2025-10-27,43.46,data/filtered/RNA_None_43.46
RNTX,2025-01-22,36.59,data/filtered/RNTX_None_36.59
RNTX,2025-01-29,40.56,data/filtered/RNTX_None_40.56
RNTX,2025-10-07,31.93,data/filtered/RNTX_None_31.93
ROMA,2025-09-03,53.63,data/filtered/ROMA_None_53.63
ROMA,2025-09-09,33.38,data/filtered/ROMA_None_33.38
ROOT,2025-02-27,38.29,data/filtered/ROOT_None_38.29
RPGL,2025-10-23,54.21,data/filtered/RPGL_None_54.21
RPGL,2025-10-27,54.55,data/filtered/RPGL_None_54.55
RPID,2025-01-14,31.82,data/filtered/RPID_None_31.82
RPID,2025-02-05,33.62,data/filtered/RPID_None_33.62
RRGB,2025-02-27,38.05,data/filtered/RRGB_None_38.05
RRGB,2025-05-30,82.43,data/filtered/RRGB_None_82.43
RR,2025-01-03,72.61,data/filtered/RR_None_72.61
RR,2025-01-14,53.77,data/filtered/RR_None_53.77
RR,2025-03-17,36.09,data/filtered/RR_None_36.09
RR,2025-05-27,30.45,data/filtered/RR_None_30.45
RR,2025-08-26,36.13,data/filtered/RR_None_36.13
RSVRW,2025-01-31,60.63,data/filtered/RSVRW_None_60.63
RSVRW,2025-02-26,30.63,data/filtered/RSVRW_None_30.63
RUBI,2025-08-05,35.29,data/filtered/RUBI_None_35.29
RUMBW,2025-04-09,36.28,data/filtered/RUMBW_None_36.28
RUMBW,2025-05-09,44.78,data/filtered/RUMBW_None_44.78
RUMBW,2025-08-11,45.83,data/filtered/RUMBW_None_45.83
RUMBW,2025-08-28,52.36,data/filtered/RUMBW_None_52.36
RUMBW,2025-10-03,38.53,data/filtered/RUMBW_None_38.53
RUM,2025-05-09,32.26,data/filtered/RUM_None_32.26
RUN,2025-08-07,35.94,data/filtered/RUN_None_35.94
RUN,2025-08-15,41.89,data/filtered/RUN_None_41.89
RVYL,2025-06-02,302.77,data/filtered/RVYL_None_302.77
RVYL,2025-06-05,212.26,data/filtered/RVYL_None_212.26
RXRX,2025-04-11,33.04,data/filtered/RXRX_None_33.04
RYET,2025-04-10,60.38,data/filtered/RYET_None_60.38
RYET,2025-04-15,38.70,data/filtered/RYET_None_38.70
RYET,2025-04-30,71.56,data/filtered/RYET_None_71.56
RYET,2025-05-08,35.84,data/filtered/RYET_None_35.84
RYET,2025-05-12,40.38,data/filtered/RYET_None_40.38
RYET,2025-05-16,46.54,data/filtered/RYET_None_46.54
RYET,2025-06-30,33.33,data/filtered/RYET_None_33.33
RYET,2025-07-10,38.68,data/filtered/RYET_None_38.68
RYET,2025-07-11,36.45,data/filtered/RYET_None_36.45
RYET,2025-07-17,39.02,data/filtered/RYET_None_39.02
RYM,2025-09-29,30.11,data/filtered/RYM_None_30.11
RYOJ,2025-10-16,146.54,data/filtered/RYOJ_None_146.54
RYOJ,2025-10-21,200.79,data/filtered/RYOJ_None_200.79
RYOJ,2025-10-28,42.89,data/filtered/RYOJ_None_42.89
RYTM,2025-07-09,36.71,data/filtered/RYTM_None_36.71
RZLT,2025-04-23,37.94,data/filtered/RZLT_None_37.94
RZLVW,2025-09-09,36.38,data/filtered/RZLVW_None_36.38
RZLVW,2025-09-10,82.91,data/filtered/RZLVW_None_82.91
RZLVW,2025-10-01,37.12,data/filtered/RZLVW_None_37.12
RZLVW,2025-10-02,43.14,data/filtered/RZLVW_None_43.14
RZLVW,2025-10-24,34.99,data/filtered/RZLVW_None_34.99
RZLV,2025-01-16,30.29,data/filtered/RZLV_None_30.29
RZLV,2025-04-15,36.84,data/filtered/RZLV_None_36.84
RZLV,2025-04-24,33.56,data/filtered/RZLV_None_33.56
RZLV,2025-06-24,40.20,data/filtered/RZLV_None_40.20
SABS,2025-07-08,34.18,data/filtered/SABS_None_34.18
SABS,2025-07-21,156.81,data/filtered/SABS_None_156.81
SAFX,2025-06-17,46.15,data/filtered/SAFX_None_46.15
SAFX,2025-06-18,38.82,data/filtered/SAFX_None_38.82
SAFX,2025-06-25,98.25,data/filtered/SAFX_None_98.25
SAFX,2025-07-10,139.33,data/filtered/SAFX_None_139.33
SAGT,2025-04-24,37.09,data/filtered/SAGT_None_37.09
SAGT,2025-04-29,42.71,data/filtered/SAGT_None_42.71
SAIH,2025-01-23,38.89,data/filtered/SAIH_None_38.89
SAIH,2025-03-24,33.93,data/filtered/SAIH_None_33.93
SAIH,2025-03-25,31.08,data/filtered/SAIH_None_31.08
SAIH,2025-04-09,33.65,data/filtered/SAIH_None_33.65
SAIH,2025-04-16,33.88,data/filtered/SAIH_None_33.88
SAIH,2025-04-29,44.18,data/filtered/SAIH_None_44.18
SAIH,2025-05-23,36.04,data/filtered/SAIH_None_36.04
SAIH,2025-07-17,41.11,data/filtered/SAIH_None_41.11
SAIH,2025-09-09,54.86,data/filtered/SAIH_None_54.86
SANA,2025-01-08,342.42,data/filtered/SANA_None_342.42
SANA,2025-10-15,47.19,data/filtered/SANA_None_47.19
SANM,2025-10-06,40.47,data/filtered/SANM_None_40.47
SATL,2025-03-12,33.05,data/filtered/SATL_None_33.05
SATS,2025-06-16,50.18,data/filtered/SATS_None_50.18
SATS,2025-08-26,84.71,data/filtered/SATS_None_84.71
SAVA,2025-09-23,57.76,data/filtered/SAVA_None_57.76
SBC,2025-02-13,35.66,data/filtered/SBC_None_35.66
SBC,2025-04-10,54.57,data/filtered/SBC_None_54.57
SBC,2025-05-22,32.56,data/filtered/SBC_None_32.56
SBDS,2025-08-11,58.48,data/filtered/SBDS_None_58.48
SBET,2025-01-29,50.51,data/filtered/SBET_None_50.51
SBET,2025-02-06,64.05,data/filtered/SBET_None_64.05
SBET,2025-03-03,35.11,data/filtered/SBET_None_35.11
SBET,2025-04-25,52.07,data/filtered/SBET_None_52.07
SBET,2025-05-05,31.20,data/filtered/SBET_None_31.20
SBET,2025-05-09,30.91,data/filtered/SBET_None_30.91
SBET,2025-05-22,38.35,data/filtered/SBET_None_38.35
SBET,2025-05-23,83.78,data/filtered/SBET_None_83.78
SBET,2025-05-27,695.39,data/filtered/SBET_None_695.39
SBET,2025-05-29,218.48,data/filtered/SBET_None_218.48
SBET,2025-05-30,56.70,data/filtered/SBET_None_56.70
SBET,2025-06-03,49.36,data/filtered/SBET_None_49.36
SBET,2025-06-11,45.73,data/filtered/SBET_None_45.73
SBET,2025-06-16,54.72,data/filtered/SBET_None_54.72
SBET,2025-07-02,33.05,data/filtered/SBET_None_33.05
SBET,2025-07-08,30.39,data/filtered/SBET_None_30.39
SBET,2025-07-16,34.90,data/filtered/SBET_None_34.90
SBFM,2025-04-02,87.50,data/filtered/SBFM_None_87.50
SBLX,2025-09-09,98.12,data/filtered/SBLX_None_98.12
SBLX,2025-10-14,42.86,data/filtered/SBLX_None_42.86
SCAG,2025-07-02,60.01,data/filtered/SCAG_None_60.01
SCAG,2025-07-09,94.52,data/filtered/SCAG_None_94.52
SCAG,2025-09-05,81.49,data/filtered/SCAG_None_81.49
SCLX,2025-04-02,39.37,data/filtered/SCLX_None_39.37
SCLX,2025-07-17,33.43,data/filtered/SCLX_None_33.43
SCLX,2025-07-23,33.37,data/filtered/SCLX_None_33.37
SCLX,2025-07-28,37.71,data/filtered/SCLX_None_37.71
SCNI,2025-06-05,145.24,data/filtered/SCNI_None_145.24
SCNI,2025-07-29,69.76,data/filtered/SCNI_None_69.76
SCNI,2025-08-13,37.76,data/filtered/SCNI_None_37.76
SCNX,2025-03-06,64.09,data/filtered/SCNX_None_64.09
SCNX,2025-03-17,74.50,data/filtered/SCNX_None_74.50
SCNX,2025-03-19,30.14,data/filtered/SCNX_None_30.14
SCNX,2025-10-16,56.38,data/filtered/SCNX_None_56.38
SCNX,2025-10-23,354.94,data/filtered/SCNX_None_354.94
SCNX,2025-10-31,43.29,data/filtered/SCNX_None_43.29
SCOR,2025-01-23,35.86,data/filtered/SCOR_None_35.86
SCOR,2025-09-29,66.31,data/filtered/SCOR_None_66.31
SCS,2025-08-04,68.27,data/filtered/SCS_None_68.27
SCWO,2025-10-09,55.71,data/filtered/SCWO_None_55.71
SDM,2025-05-07,43.26,data/filtered/SDM_None_43.26
SDM,2025-05-20,30.93,data/filtered/SDM_None_30.93
SDM,2025-05-21,47.32,data/filtered/SDM_None_47.32
SDM,2025-06-23,35.63,data/filtered/SDM_None_35.63
SDM,2025-06-30,45.76,data/filtered/SDM_None_45.76
SDM,2025-07-11,64.18,data/filtered/SDM_None_64.18
SDM,2025-07-16,46.09,data/filtered/SDM_None_46.09
SDM,2025-07-28,66.95,data/filtered/SDM_None_66.95
SDM,2025-07-30,34.62,data/filtered/SDM_None_34.62
SDM,2025-08-12,32.74,data/filtered/SDM_None_32.74
SDOT,2025-10-15,150.87,data/filtered/SDOT_None_150.87
SDST,2025-02-03,37.00,data/filtered/SDST_None_37.00
SDST,2025-02-19,32.86,data/filtered/SDST_None_32.86
SDST,2025-05-13,38.00,data/filtered/SDST_None_38.00
SDST,2025-07-14,146.83,data/filtered/SDST_None_146.83
SDST,2025-07-23,45.73,data/filtered/SDST_None_45.73
SDST,2025-10-13,40.00,data/filtered/SDST_None_40.00
SDST,2025-10-14,44.94,data/filtered/SDST_None_44.94
SEAT,2025-08-06,71.57,data/filtered/SEAT_None_71.57
SEDG,2025-02-19,40.40,data/filtered/SEDG_None_40.40
SEED,2025-06-24,43.76,data/filtered/SEED_None_43.76
SEED,2025-10-15,73.52,data/filtered/SEED_None_73.52
SEI,2025-02-21,33.01,data/filtered/SEI_None_33.01
SENS,2025-01-10,92.82,data/filtered/SENS_None_92.82
SEPN,2025-05-14,68.80,data/filtered/SEPN_None_68.80
SERA,2025-06-12,33.33,data/filtered/SERA_None_33.33
SERA,2025-06-27,106.57,data/filtered/SERA_None_106.57
SERV,2025-01-03,32.79,data/filtered/SERV_None_32.79
SERV,2025-10-09,30.23,data/filtered/SERV_None_30.23
SES,2025-01-16,34.35,data/filtered/SES_None_34.35
SES,2025-01-23,80.42,data/filtered/SES_None_80.42
SES,2025-04-25,43.86,data/filtered/SES_None_43.86
SEV,2025-10-23,59.39,data/filtered/SEV_None_59.39
SEZL,2025-04-09,30.90,data/filtered/SEZL_None_30.90
SEZL,2025-05-08,55.13,data/filtered/SEZL_None_55.13
SFHG,2025-01-03,43.45,data/filtered/SFHG_None_43.45
SGBX,2025-01-03,33.74,data/filtered/SGBX_None_33.74
SGBX,2025-01-15,255.56,data/filtered/SGBX_None_255.56
SGBX,2025-02-06,87.28,data/filtered/SGBX_None_87.28
SGBX,2025-05-08,48.75,data/filtered/SGBX_None_48.75
SGBX,2025-05-22,67.25,data/filtered/SGBX_None_67.25
SGBX,2025-05-23,64.29,data/filtered/SGBX_None_64.29
SGBX,2025-05-28,162.21,data/filtered/SGBX_None_162.21
SGBX,2025-06-02,36.36,data/filtered/SGBX_None_36.36
SGBX,2025-06-16,33.48,data/filtered/SGBX_None_33.48
SGBX,2025-06-17,31.72,data/filtered/SGBX_None_31.72
SGBX,2025-08-06,213.55,data/filtered/SGBX_None_213.55
SGBX,2025-10-10,127.78,data/filtered/SGBX_None_127.78
SGBX,2025-10-17,37.99,data/filtered/SGBX_None_37.99
SGBX,2025-10-23,64.03,data/filtered/SGBX_None_64.03
SGD,2025-05-28,56.46,data/filtered/SGD_None_56.46
SGD,2025-07-29,85.23,data/filtered/SGD_None_85.23
SGD,2025-07-30,68.25,data/filtered/SGD_None_68.25
SGD,2025-08-04,48.94,data/filtered/SGD_None_48.94
SGD,2025-09-08,42.45,data/filtered/SGD_None_42.45
SGD,2025-09-11,35.34,data/filtered/SGD_None_35.34
SGHT,2025-10-17,39.13,data/filtered/SGHT_None_39.13
SGLY,2025-01-22,52.50,data/filtered/SGLY_None_52.50
SGLY,2025-02-03,117.55,data/filtered/SGLY_None_117.55
SGLY,2025-03-21,169.53,data/filtered/SGLY_None_169.53
SGLY,2025-03-28,47.55,data/filtered/SGLY_None_47.55
SGLY,2025-04-30,41.07,data/filtered/SGLY_None_41.07
SGLY,2025-05-29,68.77,data/filtered/SGLY_None_68.77
SGML,2025-08-15,30.80,data/filtered/SGML_None_30.80
SGMT,2025-01-06,48.49,data/filtered/SGMT_None_48.49
SGMT,2025-06-12,41.84,data/filtered/SGMT_None_41.84
SHFS,2025-04-21,94.17,data/filtered/SHFS_None_94.17
SHFS,2025-07-09,64.68,data/filtered/SHFS_None_64.68
SHFS,2025-09-02,78.38,data/filtered/SHFS_None_78.38
SHFS,2025-09-24,181.90,data/filtered/SHFS_None_181.90
SHIM,2025-05-27,35.80,data/filtered/SHIM_None_35.80
SHMD,2025-10-15,30.99,data/filtered/SHMD_None_30.99
SHPH,2025-04-07,39.79,data/filtered/SHPH_None_39.79
SHPH,2025-04-22,47.41,data/filtered/SHPH_None_47.41
SHPH,2025-05-09,66.67,data/filtered/SHPH_None_66.67
SIDU,2025-09-12,36.92,data/filtered/SIDU_None_36.92
SILO,2025-01-08,209.17,data/filtered/SILO_None_209.17
SILO,2025-05-12,33.76,data/filtered/SILO_None_33.76
SINT,2025-02-19,116.67,data/filtered/SINT_None_116.67
SINT,2025-02-21,53.33,data/filtered/SINT_None_53.33
SINT,2025-09-03,48.36,data/filtered/SINT_None_48.36
SINT,2025-09-05,39.95,data/filtered/SINT_None_39.95
SION,2025-10-21,34.15,data/filtered/SION_None_34.15
SKBL,2025-01-30,38.08,data/filtered/SKBL_None_38.08
SKBL,2025-02-10,30.68,data/filtered/SKBL_None_30.68
SKBL,2025-08-27,98.88,data/filtered/SKBL_None_98.88
SKBL,2025-08-29,32.30,data/filtered/SKBL_None_32.30
SKBL,2025-09-04,33.03,data/filtered/SKBL_None_33.03
SKBL,2025-09-09,32.87,data/filtered/SKBL_None_32.87
SKBL,2025-09-10,54.49,data/filtered/SKBL_None_54.49
SKBL,2025-09-22,45.38,data/filtered/SKBL_None_45.38
SKIN,2025-05-07,40.95,data/filtered/SKIN_None_40.95
SKIN,2025-05-09,53.23,data/filtered/SKIN_None_53.23
SKIN,2025-08-08,47.80,data/filtered/SKIN_None_47.80
SKK,2025-02-27,32.06,data/filtered/SKK_None_32.06
SKYE,2025-01-29,31.11,data/filtered/SKYE_None_31.11
SKYE,2025-04-15,184.50,data/filtered/SKYE_None_184.50
SKYE,2025-06-23,47.22,data/filtered/SKYE_None_47.22
SKYE,2025-06-27,35.29,data/filtered/SKYE_None_35.29
SKYQ,2025-05-22,30.85,data/filtered/SKYQ_None_30.85
SKYQ,2025-06-16,157.23,data/filtered/SKYQ_None_157.23
SKYQ,2025-09-08,169.81,data/filtered/SKYQ_None_169.81
SKYT,2025-08-07,46.11,data/filtered/SKYT_None_46.11
SLDB,2025-02-10,37.85,data/filtered/SLDB_None_37.85
SLDB,2025-02-18,78.66,data/filtered/SLDB_None_78.66
SLDB,2025-02-19,31.13,data/filtered/SLDB_None_31.13
SLDPW,2025-07-22,75.21,data/filtered/SLDPW_None_75.21
SLDPW,2025-10-10,35.05,data/filtered/SLDPW_None_35.05
SLDPW,2025-10-13,30.75,data/filtered/SLDPW_None_30.75
SLDPW,2025-10-14,40.20,data/filtered/SLDPW_None_40.20
SLDPW,2025-10-16,30.04,data/filtered/SLDPW_None_30.04
SLDPW,2025-10-31,48.94,data/filtered/SLDPW_None_48.94
SLDP,2025-08-07,32.36,data/filtered/SLDP_None_32.36
SLDP,2025-10-06,45.95,data/filtered/SLDP_None_45.95
SLE,2025-03-04,43.71,data/filtered/SLE_None_43.71
SLE,2025-04-24,32.40,data/filtered/SLE_None_32.40
SLE,2025-05-16,50.31,data/filtered/SLE_None_50.31
SLE,2025-05-30,84.46,data/filtered/SLE_None_84.46
SLE,2025-07-21,30.07,data/filtered/SLE_None_30.07
SLE,2025-09-17,31.15,data/filtered/SLE_None_31.15
SLE,2025-09-23,248.48,data/filtered/SLE_None_248.48
SLE,2025-10-10,43.82,data/filtered/SLE_None_43.82
SLGB,2025-10-22,46.01,data/filtered/SLGB_None_46.01
SLGB,2025-10-23,48.66,data/filtered/SLGB_None_48.66
SLGL,2025-01-07,50.03,data/filtered/SLGL_None_50.03
SLGL,2025-04-17,54.06,data/filtered/SLGL_None_54.06
SLGL,2025-04-21,45.29,data/filtered/SLGL_None_45.29
SLGL,2025-05-06,73.30,data/filtered/SLGL_None_73.30
SLGL,2025-08-21,46.14,data/filtered/SLGL_None_46.14
SLGL,2025-10-06,50.17,data/filtered/SLGL_None_50.17
SLMT,2025-10-23,55.69,data/filtered/SLMT_None_55.69
SLNHP,2025-07-16,44.42,data/filtered/SLNHP_None_44.42
SLNHP,2025-07-31,43.86,data/filtered/SLNHP_None_43.86
SLNHP,2025-09-15,30.36,data/filtered/SLNHP_None_30.36
SLNHP,2025-09-16,72.60,data/filtered/SLNHP_None_72.60
SLNHP,2025-09-22,34.26,data/filtered/SLNHP_None_34.26
SLNHP,2025-10-15,31.42,data/filtered/SLNHP_None_31.42
SLNH,2025-07-10,33.73,data/filtered/SLNH_None_33.73
SLNH,2025-07-11,60.75,data/filtered/SLNH_None_60.75
SLNH,2025-09-22,100.00,data/filtered/SLNH_None_100.00
SLNH,2025-09-23,41.43,data/filtered/SLNH_None_41.43
SLNH,2025-09-24,47.68,data/filtered/SLNH_None_47.68
SLNH,2025-10-08,42.86,data/filtered/SLNH_None_42.86
SLNH,2025-10-14,36.73,data/filtered/SLNH_None_36.73
SLNH,2025-10-15,56.63,data/filtered/SLNH_None_56.63
SLNO,2025-03-27,48.98,data/filtered/SLNO_None_48.98
SLP,2025-04-11,30.50,data/filtered/SLP_None_30.50
SLQT,2025-02-11,56.62,data/filtered/SLQT_None_56.62
SLQT,2025-08-21,50.27,data/filtered/SLQT_None_50.27
SLRX,2025-01-13,360.06,data/filtered/SLRX_None_360.06
SLRX,2025-01-16,40.08,data/filtered/SLRX_None_40.08
SLRX,2025-02-26,49.11,data/filtered/SLRX_None_49.11
SLRX,2025-06-17,101.57,data/filtered/SLRX_None_101.57
SLRX,2025-07-29,211.70,data/filtered/SLRX_None_211.70
SLSN,2025-04-14,35.80,data/filtered/SLSN_None_35.80
SLSN,2025-10-02,40.43,data/filtered/SLSN_None_40.43
SLS,2025-01-27,49.50,data/filtered/SLS_None_49.50
SLXN,2025-01-28,168.95,data/filtered/SLXN_None_168.95
SLXN,2025-01-29,155.56,data/filtered/SLXN_None_155.56
SLXN,2025-02-05,39.19,data/filtered/SLXN_None_39.19
SLXN,2025-02-25,104.00,data/filtered/SLXN_None_104.00
SLXN,2025-03-05,60.36,data/filtered/SLXN_None_60.36
SLXN,2025-04-23,83.50,data/filtered/SLXN_None_83.50
SLXN,2025-07-17,31.51,data/filtered/SLXN_None_31.51
SLXN,2025-07-31,97.53,data/filtered/SLXN_None_97.53
SLXN,2025-09-11,73.24,data/filtered/SLXN_None_73.24
SMCL,2025-01-06,30.90,data/filtered/SMCL_None_30.90
SMCL,2025-02-10,35.75,data/filtered/SMCL_None_35.75
SMCL,2025-02-18,34.04,data/filtered/SMCL_None_34.04
SMCL,2025-02-19,36.68,data/filtered/SMCL_None_36.68
SMCL,2025-02-26,46.18,data/filtered/SMCL_None_46.18
SMCL,2025-04-09,34.72,data/filtered/SMCL_None_34.72
SMCL,2025-05-13,33.30,data/filtered/SMCL_None_33.30
SMCL,2025-05-14,39.06,data/filtered/SMCL_None_39.06
SMCX,2025-01-06,31.02,data/filtered/SMCX_None_31.02
SMCX,2025-02-10,36.01,data/filtered/SMCX_None_36.01
SMCX,2025-02-18,34.53,data/filtered/SMCX_None_34.53
SMCX,2025-02-19,37.47,data/filtered/SMCX_None_37.47
SMCX,2025-02-26,45.91,data/filtered/SMCX_None_45.91
SMCX,2025-04-09,35.11,data/filtered/SMCX_None_35.11
SMCX,2025-05-13,33.36,data/filtered/SMCX_None_33.36
SMCX,2025-05-14,39.67,data/filtered/SMCX_None_39.67
SMCZ,2025-04-30,40.22,data/filtered/SMCZ_None_40.22
SMCZ,2025-08-06,43.18,data/filtered/SMCZ_None_43.18
SMLR,2025-05-16,35.89,data/filtered/SMLR_None_35.89
SMLR,2025-10-27,39.52,data/filtered/SMLR_None_39.52
SMSI,2025-01-06,33.57,data/filtered/SMSI_None_33.57
SMST,2025-03-10,38.26,data/filtered/SMST_None_38.26
SMTK,2025-03-17,41.50,data/filtered/SMTK_None_41.50
SMTK,2025-05-20,48.62,data/filtered/SMTK_None_48.62
SMTK,2025-07-17,50.55,data/filtered/SMTK_None_50.55
SMTK,2025-09-02,177.68,data/filtered/SMTK_None_177.68
SMTK,2025-09-04,55.17,data/filtered/SMTK_None_55.17
SMTK,2025-10-02,49.43,data/filtered/SMTK_None_49.43
SMTK,2025-10-07,37.18,data/filtered/SMTK_None_37.18
SMTK,2025-10-14,44.04,data/filtered/SMTK_None_44.04
SMXT,2025-08-05,168.82,data/filtered/SMXT_None_168.82
SMX,2025-04-17,57.53,data/filtered/SMX_None_57.53
SMX,2025-07-25,116.07,data/filtered/SMX_None_116.07
SMX,2025-07-28,56.60,data/filtered/SMX_None_56.60
SMX,2025-08-08,71.52,data/filtered/SMX_None_71.52
SMX,2025-08-29,37.36,data/filtered/SMX_None_37.36
SMX,2025-09-04,77.05,data/filtered/SMX_None_77.05
SMX,2025-09-10,42.75,data/filtered/SMX_None_42.75
SNAL,2025-04-15,33.33,data/filtered/SNAL_None_33.33
SNAL,2025-07-15,54.68,data/filtered/SNAL_None_54.68
SNCR,2025-03-12,47.26,data/filtered/SNCR_None_47.26
SNES,2025-06-26,32.32,data/filtered/SNES_None_32.32
SNES,2025-07-22,31.80,data/filtered/SNES_None_31.80
SNGX,2025-07-01,43.51,data/filtered/SNGX_None_43.51
SNGX,2025-07-31,330.40,data/filtered/SNGX_None_330.40
SNGX,2025-08-04,57.85,data/filtered/SNGX_None_57.85
SNGX,2025-08-18,124.10,data/filtered/SNGX_None_124.10
SNGX,2025-10-07,37.23,data/filtered/SNGX_None_37.23
SNOA,2025-03-10,77.39,data/filtered/SNOA_None_77.39
SNOA,2025-03-11,59.86,data/filtered/SNOA_None_59.86
SNOA,2025-04-23,80.26,data/filtered/SNOA_None_80.26
SNOA,2025-08-14,126.73,data/filtered/SNOA_None_126.73
SNSE,2025-03-28,76.30,data/filtered/SNSE_None_76.30
SNSE,2025-08-01,46.93,data/filtered/SNSE_None_46.93
SNSE,2025-10-16,34.19,data/filtered/SNSE_None_34.19
SNSE,2025-10-30,32.27,data/filtered/SNSE_None_32.27
SNTG,2025-01-28,76.32,data/filtered/SNTG_None_76.32
SNTG,2025-09-04,66.83,data/filtered/SNTG_None_66.83
SNTG,2025-09-08,528.71,data/filtered/SNTG_None_528.71
SNTI,2025-10-14,45.22,data/filtered/SNTI_None_45.22
SNYR,2025-02-12,32.45,data/filtered/SNYR_None_32.45
SNYR,2025-04-15,127.93,data/filtered/SNYR_None_127.93
SOBR,2025-01-16,40.45,data/filtered/SOBR_None_40.45
SOBR,2025-02-14,30.69,data/filtered/SOBR_None_30.69
SOBR,2025-02-18,35.24,data/filtered/SOBR_None_35.24
SOBR,2025-03-05,65.56,data/filtered/SOBR_None_65.56
SOBR,2025-03-06,44.04,data/filtered/SOBR_None_44.04
SOBR,2025-03-11,39.00,data/filtered/SOBR_None_39.00
SOBR,2025-04-04,95.91,data/filtered/SOBR_None_95.91
SOBR,2025-04-08,57.46,data/filtered/SOBR_None_57.46
SOBR,2025-07-09,56.97,data/filtered/SOBR_None_56.97
SOC,2025-07-17,35.48,data/filtered/SOC_None_35.48
SOFX,2025-04-09,45.67,data/filtered/SOFX_None_45.67
SOFX,2025-07-29,37.87,data/filtered/SOFX_None_37.87
SOGP,2025-06-09,50.08,data/filtered/SOGP_None_50.08
SOGP,2025-06-16,72.84,data/filtered/SOGP_None_72.84
SOGP,2025-06-24,70.34,data/filtered/SOGP_None_70.34
SOGP,2025-07-09,40.61,data/filtered/SOGP_None_40.61
SOGP,2025-08-28,336.84,data/filtered/SOGP_None_336.84
SOGP,2025-09-02,93.83,data/filtered/SOGP_None_93.83
SOGP,2025-09-04,34.58,data/filtered/SOGP_None_34.58
SOGP,2025-10-15,96.28,data/filtered/SOGP_None_96.28
SOHOB,2025-10-27,48.02,data/filtered/SOHOB_None_48.02
SOHON,2025-10-27,44.56,data/filtered/SOHON_None_44.56
SOHOO,2025-10-27,64.41,data/filtered/SOHOO_None_64.41
SOHO,2025-10-27,141.49,data/filtered/SOHO_None_141.49
SOLS,2025-10-30,53799900.00,data/filtered/SOLS_None_53799900.00
SOLT,2025-04-09,32.78,data/filtered/SOLT_None_32.78
SOL,2025-03-17,51.26,data/filtered/SOL_None_51.26
SONM,2025-01-15,86.01,data/filtered/SONM_None_86.01
SONM,2025-04-01,58.37,data/filtered/SONM_None_58.37
SONM,2025-06-16,130.16,data/filtered/SONM_None_130.16
SONM,2025-06-25,56.25,data/filtered/SONM_None_56.25
SONM,2025-06-26,65.08,data/filtered/SONM_None_65.08
SONN,2025-01-06,44.00,data/filtered/SONN_None_44.00
SONN,2025-01-22,33.12,data/filtered/SONN_None_33.12
SONN,2025-04-04,33.86,data/filtered/SONN_None_33.86
SONN,2025-07-02,263.64,data/filtered/SONN_None_263.64
SONN,2025-07-07,53.06,data/filtered/SONN_None_53.06
SONN,2025-07-14,273.31,data/filtered/SONN_None_273.31
SONN,2025-08-13,35.45,data/filtered/SONN_None_35.45
SONN,2025-09-09,32.22,data/filtered/SONN_None_32.22
SONN,2025-09-12,67.93,data/filtered/SONN_None_67.93
SONN,2025-09-16,42.60,data/filtered/SONN_None_42.60
SOPA,2025-01-21,71.97,data/filtered/SOPA_None_71.97
SOPA,2025-01-31,68.70,data/filtered/SOPA_None_68.70
SOPA,2025-02-03,90.78,data/filtered/SOPA_None_90.78
SOPA,2025-02-06,51.63,data/filtered/SOPA_None_51.63
SOPA,2025-02-10,40.00,data/filtered/SOPA_None_40.00
SOPA,2025-02-11,159.62,data/filtered/SOPA_None_159.62
SOPA,2025-02-13,41.57,data/filtered/SOPA_None_41.57
SOPA,2025-05-01,42.86,data/filtered/SOPA_None_42.86
SOPA,2025-05-02,43.22,data/filtered/SOPA_None_43.22
SOPA,2025-08-14,31.50,data/filtered/SOPA_None_31.50
SOPA,2025-10-06,345.39,data/filtered/SOPA_None_345.39
SORA,2025-08-14,32.51,data/filtered/SORA_None_32.51
SORA,2025-10-08,34.42,data/filtered/SORA_None_34.42
SOS,2025-05-09,30.09,data/filtered/SOS_None_30.09
SOS,2025-05-12,33.63,data/filtered/SOS_None_33.63
SOS,2025-09-08,41.80,data/filtered/SOS_None_41.80
SOS,2025-09-09,70.00,data/filtered/SOS_None_70.00
SOUNW,2025-08-08,37.28,data/filtered/SOUNW_None_37.28
SOUN,2025-08-08,32.90,data/filtered/SOUN_None_32.90
SOUX,2025-07-08,34.80,data/filtered/SOUX_None_34.80
SOUX,2025-08-08,64.06,data/filtered/SOUX_None_64.06
SOUX,2025-08-11,36.77,data/filtered/SOUX_None_36.77
SOWG,2025-01-03,48.20,data/filtered/SOWG_None_48.20
SOWG,2025-06-02,50.52,data/filtered/SOWG_None_50.52
SOWG,2025-07-24,65.91,data/filtered/SOWG_None_65.91
SOWG,2025-07-25,60.61,data/filtered/SOWG_None_60.61
SOWG,2025-09-23,30.80,data/filtered/SOWG_None_30.80
SPAI,2025-02-13,65.76,data/filtered/SPAI_None_65.76
SPAI,2025-04-07,48.52,data/filtered/SPAI_None_48.52
SPAI,2025-04-22,34.40,data/filtered/SPAI_None_34.40
SPAI,2025-07-17,43.46,data/filtered/SPAI_None_43.46
SPCB,2025-01-03,37.76,data/filtered/SPCB_None_37.76
SPCB,2025-01-23,43.13,data/filtered/SPCB_None_43.13
SPCE,2025-05-16,98.21,data/filtered/SPCE_None_98.21
SPCY,2025-04-09,34.63,data/filtered/SPCY_None_34.63
SPHL,2025-03-11,59.31,data/filtered/SPHL_None_59.31
SPHL,2025-03-12,30.00,data/filtered/SPHL_None_30.00
SPIR,2025-04-08,33.16,data/filtered/SPIR_None_33.16
SPNS,2025-08-13,44.68,data/filtered/SPNS_None_44.68
SPPL,2025-01-03,69.44,data/filtered/SPPL_None_69.44
SPPL,2025-01-06,51.08,data/filtered/SPPL_None_51.08
SPPL,2025-02-26,52.70,data/filtered/SPPL_None_52.70
SPPL,2025-04-08,39.21,data/filtered/SPPL_None_39.21
SPPL,2025-07-25,30.73,data/filtered/SPPL_None_30.73
SPPL,2025-09-19,32.50,data/filtered/SPPL_None_32.50
SPRB,2025-09-29,31.61,data/filtered/SPRB_None_31.61
SPRB,2025-10-06,1827.44,data/filtered/SPRB_None_1827.44
SPRB,2025-10-07,84.05,data/filtered/SPRB_None_84.05
SPRC,2025-01-03,38.64,data/filtered/SPRC_None_38.64
SPRC,2025-01-06,239.08,data/filtered/SPRC_None_239.08
SPRC,2025-01-22,31.63,data/filtered/SPRC_None_31.63
SPRC,2025-02-05,40.76,data/filtered/SPRC_None_40.76
SPRC,2025-03-10,61.14,data/filtered/SPRC_None_61.14
SPRC,2025-05-05,73.01,data/filtered/SPRC_None_73.01
SPRC,2025-09-17,245.65,data/filtered/SPRC_None_245.65
SPRC,2025-09-25,132.38,data/filtered/SPRC_None_132.38
SPRC,2025-09-30,59.19,data/filtered/SPRC_None_59.19
SPRC,2025-10-15,40.58,data/filtered/SPRC_None_40.58
SPRO,2025-05-28,263.64,data/filtered/SPRO_None_263.64
SPRO,2025-05-30,31.46,data/filtered/SPRO_None_31.46
SPRU,2025-08-08,49.57,data/filtered/SPRU_None_49.57
SPWH,2025-04-02,126.94,data/filtered/SPWH_None_126.94
SPWH,2025-04-07,31.58,data/filtered/SPWH_None_31.58
SQFT,2025-07-14,350.10,data/filtered/SQFT_None_350.10
SQFT,2025-09-17,72.49,data/filtered/SQFT_None_72.49
SQNS,2025-07-08,87.41,data/filtered/SQNS_None_87.41
SQNS,2025-07-10,99.03,data/filtered/SQNS_None_99.03
SQNS,2025-07-11,41.03,data/filtered/SQNS_None_41.03
SRFM,2025-03-05,34.16,data/filtered/SRFM_None_34.16
SRFM,2025-06-24,137.70,data/filtered/SRFM_None_137.70
SRFM,2025-06-25,54.72,data/filtered/SRFM_None_54.72
SRFM,2025-06-26,40.55,data/filtered/SRFM_None_40.55
SRFM,2025-07-08,63.74,data/filtered/SRFM_None_63.74
SRFM,2025-07-09,31.15,data/filtered/SRFM_None_31.15
SRFM,2025-07-11,30.74,data/filtered/SRFM_None_30.74
SRFM,2025-08-13,32.22,data/filtered/SRFM_None_32.22
SRI,2025-05-01,30.00,data/filtered/SRI_None_30.00
SRL,2025-09-23,33.10,data/filtered/SRL_None_33.10
SRPT,2025-07-29,32.40,data/filtered/SRPT_None_32.40
SRZNW,2025-10-28,13495.51,data/filtered/SRZNW_None_13495.51
SSII,2025-04-25,180.25,data/filtered/SSII_None_180.25
SSII,2025-05-29,34.65,data/filtered/SSII_None_34.65
SSII,2025-06-18,66.67,data/filtered/SSII_None_66.67
SSII,2025-06-20,143.24,data/filtered/SSII_None_143.24
SSII,2025-07-16,36.77,data/filtered/SSII_None_36.77
SSII,2025-10-14,39.50,data/filtered/SSII_None_39.50
SSKN,2025-08-27,47.27,data/filtered/SSKN_None_47.27
SSKN,2025-09-02,62.18,data/filtered/SSKN_None_62.18
SSKN,2025-09-23,78.82,data/filtered/SSKN_None_78.82
SSKN,2025-09-26,31.63,data/filtered/SSKN_None_31.63
SSKN,2025-10-14,72.08,data/filtered/SSKN_None_72.08
SSP,2025-03-12,49.65,data/filtered/SSP_None_49.65
SSP,2025-03-13,37.56,data/filtered/SSP_None_37.56
SSP,2025-08-12,30.68,data/filtered/SSP_None_30.68
SST,2025-01-21,80.30,data/filtered/SST_None_80.30
SST,2025-04-25,42.17,data/filtered/SST_None_42.17
SST,2025-04-30,43.45,data/filtered/SST_None_43.45
SST,2025-05-07,42.09,data/filtered/SST_None_42.09
SST,2025-05-09,35.17,data/filtered/SST_None_35.17
SST,2025-06-09,41.39,data/filtered/SST_None_41.39
SST,2025-06-16,61.50,data/filtered/SST_None_61.50
SST,2025-06-20,84.34,data/filtered/SST_None_84.34
SST,2025-06-23,57.07,data/filtered/SST_None_57.07
SST,2025-07-02,33.60,data/filtered/SST_None_33.60
STAA,2025-08-05,46.94,data/filtered/STAA_None_46.94
STAI,2025-01-06,31.82,data/filtered/STAI_None_31.82
STAI,2025-01-07,49.78,data/filtered/STAI_None_49.78
STAI,2025-01-10,31.92,data/filtered/STAI_None_31.92
STAI,2025-01-22,91.16,data/filtered/STAI_None_91.16
STAI,2025-02-14,41.67,data/filtered/STAI_None_41.67
STAI,2025-02-18,115.12,data/filtered/STAI_None_115.12
STAI,2025-02-20,65.61,data/filtered/STAI_None_65.61
STAI,2025-02-25,47.91,data/filtered/STAI_None_47.91
STAI,2025-05-08,37.91,data/filtered/STAI_None_37.91
STAI,2025-07-29,130.19,data/filtered/STAI_None_130.19
STAK,2025-04-14,135.09,data/filtered/STAK_None_135.09
STAK,2025-04-24,36.17,data/filtered/STAK_None_36.17
STAK,2025-06-16,103.59,data/filtered/STAK_None_103.59
STAK,2025-07-22,31.34,data/filtered/STAK_None_31.34
STAK,2025-08-21,32.17,data/filtered/STAK_None_32.17
STAK,2025-09-30,46.94,data/filtered/STAK_None_46.94
STEC,2025-02-24,312.12,data/filtered/STEC_None_312.12
STEC,2025-05-02,40.28,data/filtered/STEC_None_40.28
STEC,2025-05-05,42.00,data/filtered/STEC_None_42.00
STEC,2025-09-09,359.09,data/filtered/STEC_None_359.09
STEC,2025-09-11,35.05,data/filtered/STEC_None_35.05
STEM,2025-01-03,57.32,data/filtered/STEM_None_57.32
STEM,2025-01-06,37.70,data/filtered/STEM_None_37.70
STEM,2025-01-14,36.50,data/filtered/STEM_None_36.50
STEM,2025-04-30,42.12,data/filtered/STEM_None_42.12
STEM,2025-07-18,53.18,data/filtered/STEM_None_53.18
STEM,2025-07-21,36.96,data/filtered/STEM_None_36.96
STEX,2025-10-06,37.21,data/filtered/STEX_None_37.21
STFS,2025-01-14,39.51,data/filtered/STFS_None_39.51
STG,2025-07-09,40.47,data/filtered/STG_None_40.47
STG,2025-07-14,30.88,data/filtered/STG_None_30.88
STIM,2025-01-13,63.74,data/filtered/STIM_None_63.74
STI,2025-03-12,94.13,data/filtered/STI_None_94.13
STI,2025-03-19,36.38,data/filtered/STI_None_36.38
STI,2025-04-16,42.91,data/filtered/STI_None_42.91
STI,2025-05-08,83.00,data/filtered/STI_None_83.00
STI,2025-09-03,137.80,data/filtered/STI_None_137.80
STI,2025-10-13,404.52,data/filtered/STI_None_404.52
STI,2025-10-14,57.18,data/filtered/STI_None_57.18
STI,2025-10-17,35.07,data/filtered/STI_None_35.07
STI,2025-10-24,30.61,data/filtered/STI_None_30.61
STKH,2025-07-10,105.14,data/filtered/STKH_None_105.14
STKH,2025-08-26,56.91,data/filtered/STKH_None_56.91
STKH,2025-09-29,60.79,data/filtered/STKH_None_60.79
STKL,2025-05-08,48.34,data/filtered/STKL_None_48.34
STOK,2025-08-13,30.15,data/filtered/STOK_None_30.15
STRO,2025-04-24,45.56,data/filtered/STRO_None_45.56
STRR,2025-09-05,368.08,data/filtered/STRR_None_368.08
STSS,2025-02-05,35.83,data/filtered/STSS_None_35.83
STSS,2025-02-20,64.40,data/filtered/STSS_None_64.40
STSS,2025-02-26,31.29,data/filtered/STSS_None_31.29
STSS,2025-03-10,137.28,data/filtered/STSS_None_137.28
STSS,2025-03-13,46.94,data/filtered/STSS_None_46.94
STSS,2025-04-10,167.86,data/filtered/STSS_None_167.86
STSS,2025-04-11,63.93,data/filtered/STSS_None_63.93
STSS,2025-04-14,108.00,data/filtered/STSS_None_108.00
STSS,2025-04-17,50.94,data/filtered/STSS_None_50.94
STSS,2025-04-30,47.80,data/filtered/STSS_None_47.80
STSS,2025-06-04,88.24,data/filtered/STSS_None_88.24
STSS,2025-08-08,34.60,data/filtered/STSS_None_34.60
STSS,2025-08-21,38.43,data/filtered/STSS_None_38.43
STSS,2025-08-25,80.56,data/filtered/STSS_None_80.56
STSS,2025-08-27,87.36,data/filtered/STSS_None_87.36
STTK,2025-02-24,35.77,data/filtered/STTK_None_35.77
STTK,2025-04-07,103.27,data/filtered/STTK_None_103.27
STTK,2025-08-05,54.84,data/filtered/STTK_None_54.84
STTK,2025-09-03,51.49,data/filtered/STTK_None_51.49
SUGP,2025-06-23,43.62,data/filtered/SUGP_None_43.62
SUGP,2025-07-09,309.34,data/filtered/SUGP_None_309.34
SUGP,2025-07-10,38.52,data/filtered/SUGP_None_38.52
SUGP,2025-07-24,58.56,data/filtered/SUGP_None_58.56
SUGP,2025-08-22,43.56,data/filtered/SUGP_None_43.56
SUGP,2025-08-25,37.56,data/filtered/SUGP_None_37.56
SUGP,2025-10-01,44.84,data/filtered/SUGP_None_44.84
SUGP,2025-10-09,61.78,data/filtered/SUGP_None_61.78
SUNE,2025-03-07,195.77,data/filtered/SUNE_None_195.77
SUNE,2025-03-11,35.74,data/filtered/SUNE_None_35.74
SUNE,2025-03-14,134.45,data/filtered/SUNE_None_134.45
SUNE,2025-03-19,61.13,data/filtered/SUNE_None_61.13
SUNE,2025-03-21,37.64,data/filtered/SUNE_None_37.64
SUNE,2025-04-07,151.38,data/filtered/SUNE_None_151.38
SUNE,2025-04-10,47.21,data/filtered/SUNE_None_47.21
SUNE,2025-04-14,33.33,data/filtered/SUNE_None_33.33
SUNE,2025-04-15,62.37,data/filtered/SUNE_None_62.37
SUPV,2025-10-09,30.92,data/filtered/SUPV_None_30.92
SUPV,2025-10-27,56.02,data/filtered/SUPV_None_56.02
SUPX,2025-07-29,47.45,data/filtered/SUPX_None_47.45
SUPX,2025-07-30,83.87,data/filtered/SUPX_None_83.87
SUPX,2025-08-25,44.63,data/filtered/SUPX_None_44.63
SUPX,2025-09-04,39.68,data/filtered/SUPX_None_39.68
SURG,2025-03-26,113.77,data/filtered/SURG_None_113.77
SUUN,2025-02-03,51.65,data/filtered/SUUN_None_51.65
SUUN,2025-02-10,39.18,data/filtered/SUUN_None_39.18
SUUN,2025-06-03,45.03,data/filtered/SUUN_None_45.03
SUUN,2025-06-16,46.29,data/filtered/SUUN_None_46.29
SUUN,2025-08-18,31.57,data/filtered/SUUN_None_31.57
SVRE,2025-06-11,49.27,data/filtered/SVRE_None_49.27
SVRE,2025-06-27,147.39,data/filtered/SVRE_None_147.39
SVRE,2025-07-07,67.00,data/filtered/SVRE_None_67.00
SWIM,2025-03-05,39.93,data/filtered/SWIM_None_39.93
SWVL,2025-05-14,47.80,data/filtered/SWVL_None_47.80
SXTC,2025-02-24,186.47,data/filtered/SXTC_None_186.47
SXTC,2025-04-17,147.75,data/filtered/SXTC_None_147.75
SXTC,2025-04-22,215.69,data/filtered/SXTC_None_215.69
SXTC,2025-04-25,88.61,data/filtered/SXTC_None_88.61
SXTC,2025-05-06,58.87,data/filtered/SXTC_None_58.87
SXTC,2025-05-19,47.50,data/filtered/SXTC_None_47.50
SXTC,2025-06-05,45.04,data/filtered/SXTC_None_45.04
SXTC,2025-06-06,67.00,data/filtered/SXTC_None_67.00
SXTP,2025-01-29,55.68,data/filtered/SXTP_None_55.68
SXTP,2025-04-08,145.21,data/filtered/SXTP_None_145.21
SXTP,2025-04-10,41.20,data/filtered/SXTP_None_41.20
SXTP,2025-04-22,39.87,data/filtered/SXTP_None_39.87
SYBX,2025-07-15,30.65,data/filtered/SYBX_None_30.65
SYPR,2025-01-03,91.62,data/filtered/SYPR_None_91.62
SYPR,2025-01-06,40.38,data/filtered/SYPR_None_40.38
SY,2025-06-23,68.38,data/filtered/SY_None_68.38
SY,2025-06-24,34.94,data/filtered/SY_None_34.94
SY,2025-06-30,36.71,data/filtered/SY_None_36.71
SY,2025-07-07,35.08,data/filtered/SY_None_35.08
TAIT,2025-09-08,138.87,data/filtered/TAIT_None_138.87
TANH,2025-02-18,33.33,data/filtered/TANH_None_33.33
TANH,2025-05-12,91.04,data/filtered/TANH_None_91.04
TANH,2025-09-16,37.04,data/filtered/TANH_None_37.04
TAOP,2025-01-15,33.33,data/filtered/TAOP_None_33.33
TAOP,2025-05-09,65.34,data/filtered/TAOP_None_65.34
TAOP,2025-05-12,309.35,data/filtered/TAOP_None_309.35
TAOP,2025-05-15,113.09,data/filtered/TAOP_None_113.09
TAOP,2025-06-20,35.70,data/filtered/TAOP_None_35.70
TAOX,2025-10-13,39.04,data/filtered/TAOX_None_39.04
TAOX,2025-10-20,30.01,data/filtered/TAOX_None_30.01
TARA,2025-09-22,31.03,data/filtered/TARA_None_31.03
TARK,2025-04-09,35.00,data/filtered/TARK_None_35.00
TBH,2025-04-03,36.89,data/filtered/TBH_None_36.89
TBH,2025-06-05,118.49,data/filtered/TBH_None_118.49
TBH,2025-06-23,33.75,data/filtered/TBH_None_33.75
TBH,2025-07-23,42.50,data/filtered/TBH_None_42.50
TBH,2025-07-25,37.50,data/filtered/TBH_None_37.50
TBH,2025-08-29,39.24,data/filtered/TBH_None_39.24
TBH,2025-09-02,35.14,data/filtered/TBH_None_35.14
TBI,2025-05-13,30.97,data/filtered/TBI_None_30.97
TBN,2025-01-24,52.65,data/filtered/TBN_None_52.65
TCMD,2025-08-05,39.79,data/filtered/TCMD_None_39.79
TCRT,2025-04-01,87.07,data/filtered/TCRT_None_87.07
TCRT,2025-04-02,48.84,data/filtered/TCRT_None_48.84
TCRT,2025-04-03,71.07,data/filtered/TCRT_None_71.07
TCRT,2025-06-16,55.12,data/filtered/TCRT_None_55.12
TCRT,2025-08-22,52.38,data/filtered/TCRT_None_52.38
TCRX,2025-10-01,31.87,data/filtered/TCRX_None_31.87
TCX,2025-02-14,34.96,data/filtered/TCX_None_34.96
TC,2025-01-27,119.10,data/filtered/TC_None_119.10
TC,2025-05-09,39.11,data/filtered/TC_None_39.11
TC,2025-08-11,48.31,data/filtered/TC_None_48.31
TC,2025-08-27,30.47,data/filtered/TC_None_30.47
TC,2025-09-10,44.00,data/filtered/TC_None_44.00
TC,2025-09-11,32.35,data/filtered/TC_None_32.35
TDTH,2025-01-22,33.95,data/filtered/TDTH_None_33.95
TDTH,2025-01-30,57.50,data/filtered/TDTH_None_57.50
TDTH,2025-01-31,126.32,data/filtered/TDTH_None_126.32
TDTH,2025-03-20,55.45,data/filtered/TDTH_None_55.45
TDTH,2025-07-16,86.21,data/filtered/TDTH_None_86.21
TDTH,2025-07-18,61.90,data/filtered/TDTH_None_61.90
TDTH,2025-07-21,46.85,data/filtered/TDTH_None_46.85
TDTH,2025-07-22,34.00,data/filtered/TDTH_None_34.00
TDUP,2025-01-14,71.54,data/filtered/TDUP_None_71.54
TDUP,2025-05-06,47.75,data/filtered/TDUP_None_47.75
TDW,2025-08-05,31.00,data/filtered/TDW_None_31.00
TECX,2025-01-30,127.92,data/filtered/TECX_None_127.92
TECX,2025-10-30,39.63,data/filtered/TECX_None_39.63
TELO,2025-07-18,156.20,data/filtered/TELO_None_156.20
TELO,2025-08-28,39.86,data/filtered/TELO_None_39.86
TELO,2025-10-07,30.63,data/filtered/TELO_None_30.63
TEM,2025-01-21,41.76,data/filtered/TEM_None_41.76
TEO,2025-10-27,38.64,data/filtered/TEO_None_38.64
TE,2025-10-09,31.74,data/filtered/TE_None_31.74
TE,2025-10-15,31.17,data/filtered/TE_None_31.17
TGE,2025-06-06,49.40,data/filtered/TGE_None_49.40
TGE,2025-06-17,69.07,data/filtered/TGE_None_69.07
TGE,2025-09-10,33.21,data/filtered/TGE_None_33.21
TGE,2025-09-17,69.88,data/filtered/TGE_None_69.88
TGE,2025-10-20,36.55,data/filtered/TGE_None_36.55
TGE,2025-10-31,91.07,data/filtered/TGE_None_91.07
TGL,2025-01-03,311.61,data/filtered/TGL_None_311.61
TGL,2025-01-17,77.32,data/filtered/TGL_None_77.32
TGL,2025-02-11,50.99,data/filtered/TGL_None_50.99
TGL,2025-03-24,68.64,data/filtered/TGL_None_68.64
TGL,2025-03-31,39.99,data/filtered/TGL_None_39.99
TGL,2025-04-09,76.55,data/filtered/TGL_None_76.55
TGL,2025-04-16,111.54,data/filtered/TGL_None_111.54
TGL,2025-05-16,37.36,data/filtered/TGL_None_37.36
TGL,2025-06-04,40.14,data/filtered/TGL_None_40.14
TGL,2025-09-11,99.55,data/filtered/TGL_None_99.55
TGL,2025-10-27,62.05,data/filtered/TGL_None_62.05
TGNA,2025-08-11,30.89,data/filtered/TGNA_None_30.89
TGS,2025-10-27,45.64,data/filtered/TGS_None_45.64
THAR,2025-08-20,246.15,data/filtered/THAR_None_246.15
THAR,2025-08-21,69.64,data/filtered/THAR_None_69.64
THAR,2025-08-25,92.37,data/filtered/THAR_None_92.37
THAR,2025-08-28,44.76,data/filtered/THAR_None_44.76
THAR,2025-09-19,46.24,data/filtered/THAR_None_46.24
TIL,2025-01-07,36.08,data/filtered/TIL_None_36.08
TIL,2025-04-23,47.97,data/filtered/TIL_None_47.97
TIL,2025-05-22,62.76,data/filtered/TIL_None_62.76
TIL,2025-05-29,31.88,data/filtered/TIL_None_31.88
TIL,2025-06-02,41.93,data/filtered/TIL_None_41.93
TIVC,2025-02-12,198.55,data/filtered/TIVC_None_198.55
TIVC,2025-02-13,31.43,data/filtered/TIVC_None_31.43
TIVC,2025-04-02,57.93,data/filtered/TIVC_None_57.93
TIVC,2025-04-03,78.46,data/filtered/TIVC_None_78.46
TIVC,2025-04-09,54.85,data/filtered/TIVC_None_54.85
TIVC,2025-04-22,278.00,data/filtered/TIVC_None_278.00
TIVC,2025-08-15,60.00,data/filtered/TIVC_None_60.00
TLIH,2025-07-09,37.00,data/filtered/TLIH_None_37.00
TLIH,2025-07-22,42.42,data/filtered/TLIH_None_42.42
TLPH,2025-09-08,94.83,data/filtered/TLPH_None_94.83
TLRY,2025-08-12,30.39,data/filtered/TLRY_None_30.39
TLRY,2025-08-13,31.51,data/filtered/TLRY_None_31.51
TLRY,2025-09-29,61.74,data/filtered/TLRY_None_61.74
TLRY,2025-10-09,34.88,data/filtered/TLRY_None_34.88
TLSA,2025-05-06,31.15,data/filtered/TLSA_None_31.15
TLSIW,2025-01-30,38.86,data/filtered/TLSIW_None_38.86
TLSIW,2025-02-03,30.20,data/filtered/TLSIW_None_30.20
TLSIW,2025-02-12,35.35,data/filtered/TLSIW_None_35.35
TLSIW,2025-04-02,30.51,data/filtered/TLSIW_None_30.51
TLSIW,2025-05-22,90.08,data/filtered/TLSIW_None_90.08
TLSIW,2025-05-28,30.34,data/filtered/TLSIW_None_30.34
TLSIW,2025-06-02,40.62,data/filtered/TLSIW_None_40.62
TLSIW,2025-06-04,64.83,data/filtered/TLSIW_None_64.83
TLSIW,2025-07-21,65.41,data/filtered/TLSIW_None_65.41
TLSIW,2025-07-22,143.90,data/filtered/TLSIW_None_143.90
TLSIW,2025-07-30,31.36,data/filtered/TLSIW_None_31.36
TLSIW,2025-09-09,41.29,data/filtered/TLSIW_None_41.29
TLS,2025-05-12,33.93,data/filtered/TLS_None_33.93
TLS,2025-08-11,65.13,data/filtered/TLS_None_65.13
TLS,2025-08-12,36.95,data/filtered/TLS_None_36.95
TLX,2025-02-24,55.69,data/filtered/TLX_None_55.69
TLYS,2025-05-30,35.78,data/filtered/TLYS_None_35.78
TLYS,2025-06-02,55.94,data/filtered/TLYS_None_55.94
TLYS,2025-06-05,40.77,data/filtered/TLYS_None_40.77
TLYS,2025-07-01,32.61,data/filtered/TLYS_None_32.61
TLYS,2025-07-24,36.15,data/filtered/TLYS_None_36.15
TMCWW,2025-06-16,37.06,data/filtered/TMCWW_None_37.06
TMCWW,2025-06-18,41.18,data/filtered/TMCWW_None_41.18
TMCWW,2025-06-25,41.67,data/filtered/TMCWW_None_41.67
TMCWW,2025-10-07,49.67,data/filtered/TMCWW_None_49.67
TMCWW,2025-10-13,62.74,data/filtered/TMCWW_None_62.74
TMC,2025-04-14,47.18,data/filtered/TMC_None_47.18
TMC,2025-04-24,49.02,data/filtered/TMC_None_49.02
TMC,2025-06-16,30.41,data/filtered/TMC_None_30.41
TMC,2025-06-18,34.19,data/filtered/TMC_None_34.19
TNGX,2025-05-19,77.33,data/filtered/TNGX_None_77.33
TNGX,2025-05-20,31.00,data/filtered/TNGX_None_31.00
TNGX,2025-05-29,37.58,data/filtered/TNGX_None_37.58
TNGX,2025-06-03,44.88,data/filtered/TNGX_None_44.88
TNGX,2025-06-06,34.19,data/filtered/TNGX_None_34.19
TNMG,2025-01-27,43.91,data/filtered/TNMG_None_43.91
TNMG,2025-01-29,31.82,data/filtered/TNMG_None_31.82
TNMG,2025-02-13,41.96,data/filtered/TNMG_None_41.96
TNMG,2025-02-20,128.14,data/filtered/TNMG_None_128.14
TNMG,2025-05-14,45.83,data/filtered/TNMG_None_45.83
TNMG,2025-05-20,121.51,data/filtered/TNMG_None_121.51
TNON,2025-03-11,60.00,data/filtered/TNON_None_60.00
TNON,2025-03-25,498.10,data/filtered/TNON_None_498.10
TNON,2025-03-27,34.71,data/filtered/TNON_None_34.71
TNON,2025-08-01,143.14,data/filtered/TNON_None_143.14
TNXP,2025-01-22,39.18,data/filtered/TNXP_None_39.18
TNXP,2025-01-28,41.47,data/filtered/TNXP_None_41.47
TNXP,2025-02-07,63.70,data/filtered/TNXP_None_63.70
TNXP,2025-03-05,50.00,data/filtered/TNXP_None_50.00
TNXP,2025-03-06,69.98,data/filtered/TNXP_None_69.98
TNXP,2025-03-18,33.29,data/filtered/TNXP_None_33.29
TNXP,2025-03-21,31.85,data/filtered/TNXP_None_31.85
TNXP,2025-03-24,64.26,data/filtered/TNXP_None_64.26
TNXP,2025-05-16,30.73,data/filtered/TNXP_None_30.73
TNXP,2025-05-27,30.80,data/filtered/TNXP_None_30.80
TNXP,2025-08-12,36.09,data/filtered/TNXP_None_36.09
TNYA,2025-02-14,30.93,data/filtered/TNYA_None_30.93
TOI,2025-02-10,31.71,data/filtered/TOI_None_31.71
TOI,2025-02-26,46.45,data/filtered/TOI_None_46.45
TOI,2025-03-24,36.52,data/filtered/TOI_None_36.52
TOI,2025-04-14,31.28,data/filtered/TOI_None_31.28
TOI,2025-05-15,40.51,data/filtered/TOI_None_40.51
TOMZ,2025-06-02,36.05,data/filtered/TOMZ_None_36.05
TOP,2025-09-10,168.55,data/filtered/TOP_None_168.55
TORO,2025-07-10,49.78,data/filtered/TORO_None_49.78
TORO,2025-10-01,42.68,data/filtered/TORO_None_42.68
TPC,2025-02-28,37.36,data/filtered/TPC_None_37.36
TPC,2025-08-07,35.28,data/filtered/TPC_None_35.28
TPST,2025-06-09,44.92,data/filtered/TPST_None_44.92
TRAW,2025-04-21,32.83,data/filtered/TRAW_None_32.83
TRAW,2025-06-03,81.69,data/filtered/TRAW_None_81.69
TRIB,2025-01-28,90.79,data/filtered/TRIB_None_90.79
TRIB,2025-08-12,41.59,data/filtered/TRIB_None_41.59
TRIB,2025-08-14,240.49,data/filtered/TRIB_None_240.49
TRIB,2025-08-20,43.80,data/filtered/TRIB_None_43.80
TRNR,2025-02-19,78.60,data/filtered/TRNR_None_78.60
TRNR,2025-02-26,167.44,data/filtered/TRNR_None_167.44
TRNR,2025-02-27,91.20,data/filtered/TRNR_None_91.20
TRNR,2025-02-28,94.12,data/filtered/TRNR_None_94.12
TRNR,2025-03-03,54.09,data/filtered/TRNR_None_54.09
TRNR,2025-03-19,38.32,data/filtered/TRNR_None_38.32
TRNR,2025-04-08,38.20,data/filtered/TRNR_None_38.20
TRNR,2025-06-11,56.54,data/filtered/TRNR_None_56.54
TRNR,2025-07-07,30.63,data/filtered/TRNR_None_30.63
TRON,2025-09-08,44.07,data/filtered/TRON_None_44.07
TRON,2025-10-02,32.99,data/filtered/TRON_None_32.99
TROO,2025-01-17,30.36,data/filtered/TROO_None_30.36
TROO,2025-03-13,39.09,data/filtered/TROO_None_39.09
TROO,2025-07-14,303.08,data/filtered/TROO_None_303.08
TROO,2025-09-24,34.55,data/filtered/TROO_None_34.55
TRSG,2025-03-24,143.14,data/filtered/TRSG_None_143.14
TRSG,2025-03-28,43.74,data/filtered/TRSG_None_43.74
TRUE,2025-10-15,68.92,data/filtered/TRUE_None_68.92
TRUG,2025-01-06,66.92,data/filtered/TRUG_None_66.92
TRUG,2025-01-24,31.96,data/filtered/TRUG_None_31.96
TRUG,2025-02-19,64.79,data/filtered/TRUG_None_64.79
TRUG,2025-04-22,53.92,data/filtered/TRUG_None_53.92
TRUG,2025-05-23,41.41,data/filtered/TRUG_None_41.41
TRUG,2025-05-29,100.67,data/filtered/TRUG_None_100.67
TRUG,2025-07-21,48.99,data/filtered/TRUG_None_48.99
TRVG,2025-02-06,30.56,data/filtered/TRVG_None_30.56
TRVG,2025-05-01,40.14,data/filtered/TRVG_None_40.14
TRVI,2025-03-10,71.86,data/filtered/TRVI_None_71.86
TSDD,2025-03-10,32.24,data/filtered/TSDD_None_32.24
TSDD,2025-06-05,35.43,data/filtered/TSDD_None_35.43
TSHA,2025-10-02,54.72,data/filtered/TSHA_None_54.72
TSLG,2025-04-09,47.32,data/filtered/TSLG_None_47.32
TSLQ,2025-03-10,32.39,data/filtered/TSLQ_None_32.39
TSLR,2025-04-09,47.49,data/filtered/TSLR_None_47.49
TSSI,2025-05-16,84.89,data/filtered/TSSI_None_84.89
TTEC,2025-04-02,66.06,data/filtered/TTEC_None_66.06
TTEC,2025-05-09,34.62,data/filtered/TTEC_None_34.62
TTRX,2025-10-09,278.57,data/filtered/TTRX_None_278.57
TURB,2025-09-16,657.41,data/filtered/TURB_None_657.41
TUSK,2025-04-14,39.68,data/filtered/TUSK_None_39.68
TVACW,2025-09-25,390.00,data/filtered/TVACW_None_390.00
TVACW,2025-10-08,30.43,data/filtered/TVACW_None_30.43
TVGN,2025-01-27,42.22,data/filtered/TVGN_None_42.22
TVGN,2025-04-09,30.21,data/filtered/TVGN_None_30.21
TVGN,2025-08-05,41.03,data/filtered/TVGN_None_41.03
TVTX,2025-09-10,32.59,data/filtered/TVTX_None_32.59
TWG,2025-02-18,52.79,data/filtered/TWG_None_52.79
TWG,2025-03-28,64.11,data/filtered/TWG_None_64.11
TWG,2025-05-12,53.32,data/filtered/TWG_None_53.32
TWG,2025-06-11,60.92,data/filtered/TWG_None_60.92
TWG,2025-07-25,32.80,data/filtered/TWG_None_32.80
TWG,2025-07-30,32.30,data/filtered/TWG_None_32.30
TWIN,2025-08-21,33.18,data/filtered/TWIN_None_33.18
TWNP,2025-06-09,104.96,data/filtered/TWNP_None_104.96
TXMD,2025-01-03,55.41,data/filtered/TXMD_None_55.41
TXMD,2025-02-21,64.36,data/filtered/TXMD_None_64.36
TXMD,2025-10-17,62.68,data/filtered/TXMD_None_62.68
TYGO,2025-01-07,64.65,data/filtered/TYGO_None_64.65
TYGO,2025-07-30,42.28,data/filtered/TYGO_None_42.28
TZOO,2025-04-29,32.23,data/filtered/TZOO_None_32.23
TZUP,2025-02-26,38.43,data/filtered/TZUP_None_38.43
TZUP,2025-05-13,40.78,data/filtered/TZUP_None_40.78
TZUP,2025-07-08,31.76,data/filtered/TZUP_None_31.76
TZUP,2025-07-14,35.07,data/filtered/TZUP_None_35.07
UBXG,2025-02-21,35.76,data/filtered/UBXG_None_35.76
UBXG,2025-03-12,32.35,data/filtered/UBXG_None_32.35
UBXG,2025-08-19,39.96,data/filtered/UBXG_None_39.96
UCL,2025-01-17,34.33,data/filtered/UCL_None_34.33
UCL,2025-04-23,30.36,data/filtered/UCL_None_30.36
UCL,2025-07-24,32.18,data/filtered/UCL_None_32.18
UDMY,2025-02-14,35.68,data/filtered/UDMY_None_35.68
UFG,2025-08-15,32.31,data/filtered/UFG_None_32.31
UFG,2025-09-02,30.21,data/filtered/UFG_None_30.21
UFG,2025-09-09,73.23,data/filtered/UFG_None_73.23
UFG,2025-10-29,39.29,data/filtered/UFG_None_39.29
UGRO,2025-02-06,33.33,data/filtered/UGRO_None_33.33
UHGWW,2025-02-26,33.33,data/filtered/UHGWW_None_33.33
UHGWW,2025-07-10,32.05,data/filtered/UHGWW_None_32.05
UHGWW,2025-08-11,76.21,data/filtered/UHGWW_None_76.21
UHGWW,2025-08-15,32.85,data/filtered/UHGWW_None_32.85
UHGWW,2025-09-17,50.61,data/filtered/UHGWW_None_50.61
UHG,2025-05-12,58.89,data/filtered/UHG_None_58.89
UI,2025-08-22,31.60,data/filtered/UI_None_31.60
UK,2025-09-09,42.20,data/filtered/UK_None_42.20
ULCC,2025-08-12,30.82,data/filtered/ULCC_None_30.82
ULY,2025-01-06,38.26,data/filtered/ULY_None_38.26
ULY,2025-02-27,127.62,data/filtered/ULY_None_127.62
ULY,2025-03-20,93.50,data/filtered/ULY_None_93.50
ULY,2025-03-26,60.36,data/filtered/ULY_None_60.36
ULY,2025-04-25,65.52,data/filtered/ULY_None_65.52
ULY,2025-04-29,58.00,data/filtered/ULY_None_58.00
ULY,2025-04-30,57.67,data/filtered/ULY_None_57.67
ULY,2025-06-25,109.76,data/filtered/ULY_None_109.76
ULY,2025-10-07,79.49,data/filtered/ULY_None_79.49
UNCY,2025-06-09,45.81,data/filtered/UNCY_None_45.81
UNCY,2025-06-23,30.06,data/filtered/UNCY_None_30.06
UNF,2025-01-07,43.92,data/filtered/UNF_None_43.92
UNIT,2025-08-04,70.06,data/filtered/UNIT_None_70.06
UOKA,2025-02-03,244.92,data/filtered/UOKA_None_244.92
UOKA,2025-02-07,72.04,data/filtered/UOKA_None_72.04
UOKA,2025-02-21,41.24,data/filtered/UOKA_None_41.24
UOKA,2025-03-04,63.79,data/filtered/UOKA_None_63.79
UOKA,2025-03-14,51.40,data/filtered/UOKA_None_51.40
UOKA,2025-05-16,144.07,data/filtered/UOKA_None_144.07
UONEK,2025-07-08,100.31,data/filtered/UONEK_None_100.31
UPC,2025-02-07,52.17,data/filtered/UPC_None_52.17
UPC,2025-02-21,144.77,data/filtered/UPC_None_144.77
UPC,2025-04-08,52.10,data/filtered/UPC_None_52.10
UPC,2025-04-16,57.70,data/filtered/UPC_None_57.70
UPC,2025-04-21,53.65,data/filtered/UPC_None_53.65
UPC,2025-04-28,65.00,data/filtered/UPC_None_65.00
UPC,2025-05-05,37.42,data/filtered/UPC_None_37.42
UPC,2025-05-12,53.69,data/filtered/UPC_None_53.69
UPC,2025-07-28,34.90,data/filtered/UPC_None_34.90
UPC,2025-08-13,58.36,data/filtered/UPC_None_58.36
UPC,2025-09-08,48.73,data/filtered/UPC_None_48.73
UPC,2025-09-19,63.86,data/filtered/UPC_None_63.86
UPC,2025-10-08,112.77,data/filtered/UPC_None_112.77
UPLD,2025-07-28,49.74,data/filtered/UPLD_None_49.74
UPLD,2025-08-18,31.95,data/filtered/UPLD_None_31.95
UPLD,2025-08-20,51.55,data/filtered/UPLD_None_51.55
UPST,2025-02-12,34.30,data/filtered/UPST_None_34.30
UPXI,2025-01-23,82.20,data/filtered/UPXI_None_82.20
UPXI,2025-02-24,64.38,data/filtered/UPXI_None_64.38
UPXI,2025-04-21,858.61,data/filtered/UPXI_None_858.61
UPXI,2025-04-23,40.00,data/filtered/UPXI_None_40.00
UPXI,2025-04-25,66.94,data/filtered/UPXI_None_66.94
UPXI,2025-05-02,33.33,data/filtered/UPXI_None_33.33
UPXI,2025-05-21,30.57,data/filtered/UPXI_None_30.57
UPXI,2025-07-16,48.08,data/filtered/UPXI_None_48.08
UPXI,2025-07-21,41.98,data/filtered/UPXI_None_41.98
UP,2025-08-15,40.85,data/filtered/UP_None_40.85
UP,2025-08-26,31.80,data/filtered/UP_None_31.80
URGN,2025-06-06,60.51,data/filtered/URGN_None_60.51
URGN,2025-06-12,71.23,data/filtered/URGN_None_71.23
USARW,2025-03-17,33.09,data/filtered/USARW_None_33.09
USARW,2025-03-18,36.00,data/filtered/USARW_None_36.00
USARW,2025-04-04,91.18,data/filtered/USARW_None_91.18
USARW,2025-04-07,64.72,data/filtered/USARW_None_64.72
USARW,2025-04-14,69.75,data/filtered/USARW_None_69.75
USARW,2025-04-16,97.27,data/filtered/USARW_None_97.27
USARW,2025-04-24,43.33,data/filtered/USARW_None_43.33
USARW,2025-06-04,47.50,data/filtered/USARW_None_47.50
USARW,2025-06-12,33.21,data/filtered/USARW_None_33.21
USARW,2025-07-10,33.33,data/filtered/USARW_None_33.33
USARW,2025-07-15,54.35,data/filtered/USARW_None_54.35
USARW,2025-08-12,39.02,data/filtered/USARW_None_39.02
USARW,2025-10-02,56.35,data/filtered/USARW_None_56.35
USARW,2025-10-03,46.93,data/filtered/USARW_None_46.93
USARW,2025-10-07,31.45,data/filtered/USARW_None_31.45
USARW,2025-10-09,38.56,data/filtered/USARW_None_38.56
USARW,2025-10-10,36.18,data/filtered/USARW_None_36.18
USARW,2025-10-13,54.71,data/filtered/USARW_None_54.71
USAR,2025-03-18,30.22,data/filtered/USAR_None_30.22
USAR,2025-04-04,61.54,data/filtered/USAR_None_61.54
USAR,2025-04-07,30.46,data/filtered/USAR_None_30.46
USAR,2025-04-14,61.25,data/filtered/USAR_None_61.25
USAR,2025-04-16,37.20,data/filtered/USAR_None_37.20
USAR,2025-07-15,33.67,data/filtered/USAR_None_33.67
USAR,2025-10-13,34.87,data/filtered/USAR_None_34.87
USEA,2025-06-13,49.26,data/filtered/USEA_None_49.26
USEG,2025-01-21,175.86,data/filtered/USEG_None_175.86
USEG,2025-02-03,58.93,data/filtered/USEG_None_58.93
USEG,2025-06-13,93.66,data/filtered/USEG_None_93.66
USEG,2025-06-17,39.36,data/filtered/USEG_None_39.36
USGOW,2025-01-07,48.78,data/filtered/USGOW_None_48.78
USGOW,2025-01-10,31.76,data/filtered/USGOW_None_31.76
USGOW,2025-02-03,40.50,data/filtered/USGOW_None_40.50
USGOW,2025-09-24,42.05,data/filtered/USGOW_None_42.05
USGOW,2025-10-22,30.15,data/filtered/USGOW_None_30.15
USGOW,2025-10-29,30.43,data/filtered/USGOW_None_30.43
USGO,2025-02-03,32.83,data/filtered/USGO_None_32.83
USGO,2025-09-22,34.64,data/filtered/USGO_None_34.64
USIO,2025-01-07,62.22,data/filtered/USIO_None_62.22
UTHR,2025-09-02,43.38,data/filtered/UTHR_None_43.38
UXIN,2025-07-11,39.58,data/filtered/UXIN_None_39.58
U,2025-02-20,30.46,data/filtered/U_None_30.46
VATE,2025-01-21,114.28,data/filtered/VATE_None_114.28
VATE,2025-05-27,31.01,data/filtered/VATE_None_31.01
VBIX,2025-06-05,40.00,data/filtered/VBIX_None_40.00
VBIX,2025-06-27,33.23,data/filtered/VBIX_None_33.23
VBIX,2025-08-08,30.62,data/filtered/VBIX_None_30.62
VBIX,2025-08-25,31.39,data/filtered/VBIX_None_31.39
VCICW,2025-09-08,257.38,data/filtered/VCICW_None_257.38
VCIG,2025-03-07,56.34,data/filtered/VCIG_None_56.34
VCIG,2025-03-14,33.75,data/filtered/VCIG_None_33.75
VCIG,2025-04-22,33.80,data/filtered/VCIG_None_33.80
VCIG,2025-06-23,37.50,data/filtered/VCIG_None_37.50
VCIG,2025-07-18,38.55,data/filtered/VCIG_None_38.55
VCIG,2025-07-25,41.59,data/filtered/VCIG_None_41.59
VCIG,2025-08-19,38.82,data/filtered/VCIG_None_38.82
VCIG,2025-08-26,39.57,data/filtered/VCIG_None_39.57
VCIG,2025-09-17,54.50,data/filtered/VCIG_None_54.50
VCIG,2025-10-23,49.15,data/filtered/VCIG_None_49.15
VCIG,2025-10-30,97.22,data/filtered/VCIG_None_97.22
VEEA,2025-05-14,52.98,data/filtered/VEEA_None_52.98
VEEA,2025-08-14,71.52,data/filtered/VEEA_None_71.52
VEEE,2025-01-03,42.18,data/filtered/VEEE_None_42.18
VEEE,2025-01-17,64.45,data/filtered/VEEE_None_64.45
VEEE,2025-04-08,82.90,data/filtered/VEEE_None_82.90
VEEE,2025-05-08,264.71,data/filtered/VEEE_None_264.71
VEEE,2025-09-03,34.51,data/filtered/VEEE_None_34.51
VEEE,2025-09-05,78.35,data/filtered/VEEE_None_78.35
VELO,2025-08-21,34.49,data/filtered/VELO_None_34.49
VELO,2025-08-22,32.31,data/filtered/VELO_None_32.31
VELO,2025-08-25,30.85,data/filtered/VELO_None_30.85
VELO,2025-10-07,35.03,data/filtered/VELO_None_35.03
VELO,2025-10-13,33.93,data/filtered/VELO_None_33.93
VELO,2025-10-14,36.04,data/filtered/VELO_None_36.04
VEON,2025-07-11,31.22,data/filtered/VEON_None_31.22
VERA,2025-06-02,73.25,data/filtered/VERA_None_73.25
VERI,2025-07-16,36.24,data/filtered/VERI_None_36.24
VERI,2025-07-21,41.15,data/filtered/VERI_None_41.15
VERI,2025-09-09,49.81,data/filtered/VERI_None_49.81
VERI,2025-10-15,72.53,data/filtered/VERI_None_72.53
VERO,2025-02-25,85.92,data/filtered/VERO_None_85.92
VERO,2025-04-08,33.33,data/filtered/VERO_None_33.33
VERO,2025-04-09,396.58,data/filtered/VERO_None_396.58
VERO,2025-06-06,77.82,data/filtered/VERO_None_77.82
VERU,2025-04-01,40.46,data/filtered/VERU_None_40.46
VERU,2025-05-28,30.65,data/filtered/VERU_None_30.65
VFC,2025-04-09,30.18,data/filtered/VFC_None_30.18
VFF,2025-08-11,42.44,data/filtered/VFF_None_42.44
VHC,2025-06-06,41.02,data/filtered/VHC_None_41.02
VHC,2025-08-04,33.96,data/filtered/VHC_None_33.96
VHC,2025-10-17,70.59,data/filtered/VHC_None_70.59
VICR,2025-07-23,39.38,data/filtered/VICR_None_39.38
VICR,2025-10-22,36.61,data/filtered/VICR_None_36.61
VIOT,2025-07-07,72.29,data/filtered/VIOT_None_72.29
VIOT,2025-07-08,34.47,data/filtered/VIOT_None_34.47
VIOT,2025-07-10,32.05,data/filtered/VIOT_None_32.05
VIR,2025-01-08,83.14,data/filtered/VIR_None_83.14
VIR,2025-08-27,31.08,data/filtered/VIR_None_31.08
VIVK,2025-01-13,32.44,data/filtered/VIVK_None_32.44
VIVK,2025-04-07,38.15,data/filtered/VIVK_None_38.15
VIVK,2025-05-30,49.45,data/filtered/VIVK_None_49.45
VIVK,2025-06-20,38.43,data/filtered/VIVK_None_38.43
VIVS,2025-08-29,59.89,data/filtered/VIVS_None_59.89
VIVS,2025-09-03,32.48,data/filtered/VIVS_None_32.48
VIVS,2025-10-30,39.13,data/filtered/VIVS_None_39.13
VMAR,2025-01-10,156.58,data/filtered/VMAR_None_156.58
VMAR,2025-01-15,82.14,data/filtered/VMAR_None_82.14
VMAR,2025-02-27,38.24,data/filtered/VMAR_None_38.24
VMAR,2025-04-02,116.90,data/filtered/VMAR_None_116.90
VMAR,2025-04-03,56.80,data/filtered/VMAR_None_56.80
VNCE,2025-01-23,137.02,data/filtered/VNCE_None_137.02
VNCE,2025-09-11,153.01,data/filtered/VNCE_None_153.01
VOR,2025-01-06,36.36,data/filtered/VOR_None_36.36
VOR,2025-05-13,56.52,data/filtered/VOR_None_56.52
VOR,2025-05-16,60.44,data/filtered/VOR_None_60.44
VOR,2025-06-20,30.37,data/filtered/VOR_None_30.37
VOR,2025-06-23,58.14,data/filtered/VOR_None_58.14
VOR,2025-06-24,62.07,data/filtered/VOR_None_62.07
VOR,2025-06-25,103.58,data/filtered/VOR_None_103.58
VOR,2025-06-26,127.27,data/filtered/VOR_None_127.27
VOR,2025-06-27,38.20,data/filtered/VOR_None_38.20
VOR,2025-06-30,64.15,data/filtered/VOR_None_64.15
VOR,2025-07-03,35.52,data/filtered/VOR_None_35.52
VOR,2025-07-07,67.54,data/filtered/VOR_None_67.54
VOR,2025-08-13,38.55,data/filtered/VOR_None_38.55
VRAX,2025-01-06,31.69,data/filtered/VRAX_None_31.69
VRAX,2025-04-11,52.88,data/filtered/VRAX_None_52.88
VRA,2025-06-16,34.83,data/filtered/VRA_None_34.83
VRME,2025-01-08,128.10,data/filtered/VRME_None_128.10
VRME,2025-01-10,85.12,data/filtered/VRME_None_85.12
VRME,2025-01-13,94.51,data/filtered/VRME_None_94.51
VRME,2025-01-15,52.81,data/filtered/VRME_None_52.81
VRME,2025-07-31,115.68,data/filtered/VRME_None_115.68
VRME,2025-09-19,45.85,data/filtered/VRME_None_45.85
VRME,2025-10-20,30.97,data/filtered/VRME_None_30.97
VRTL,2025-04-09,41.79,data/filtered/VRTL_None_41.79
VRTL,2025-04-23,39.87,data/filtered/VRTL_None_39.87
VSAT,2025-01-21,41.17,data/filtered/VSAT_None_41.17
VSAT,2025-08-06,34.29,data/filtered/VSAT_None_34.29
VSA,2025-06-06,36.20,data/filtered/VSA_None_36.20
VSA,2025-07-11,32.61,data/filtered/VSA_None_32.61
VSA,2025-07-14,38.54,data/filtered/VSA_None_38.54
VSA,2025-09-09,30.74,data/filtered/VSA_None_30.74
VSEE,2025-01-13,57.58,data/filtered/VSEE_None_57.58
VSEE,2025-07-14,33.60,data/filtered/VSEE_None_33.60
VSEE,2025-10-16,86.29,data/filtered/VSEE_None_86.29
VSEE,2025-10-28,308.10,data/filtered/VSEE_None_308.10
VSEE,2025-10-29,41.51,data/filtered/VSEE_None_41.51
VSME,2025-04-24,41.38,data/filtered/VSME_None_41.38
VSME,2025-06-24,34.57,data/filtered/VSME_None_34.57
VSME,2025-08-26,53.66,data/filtered/VSME_None_53.66
VSME,2025-10-10,36.15,data/filtered/VSME_None_36.15
VSTA,2025-04-08,33.89,data/filtered/VSTA_None_33.89
VSTD,2025-09-12,82.17,data/filtered/VSTD_None_82.17
VS,2025-01-17,97.40,data/filtered/VS_None_97.40
VTSI,2025-05-13,47.90,data/filtered/VTSI_None_47.90
VTVT,2025-03-17,81.75,data/filtered/VTVT_None_81.75
VTYX,2025-05-22,30.07,data/filtered/VTYX_None_30.07
VTYX,2025-10-23,102.59,data/filtered/VTYX_None_102.59
VUZI,2025-01-06,31.85,data/filtered/VUZI_None_31.85
VUZI,2025-09-22,34.63,data/filtered/VUZI_None_34.63
VVOS,2025-07-01,48.10,data/filtered/VVOS_None_48.10
VVOS,2025-08-01,31.41,data/filtered/VVOS_None_31.41
VVPR,2025-03-21,92.23,data/filtered/VVPR_None_92.23
VVPR,2025-03-24,238.76,data/filtered/VVPR_None_238.76
VVPR,2025-03-26,143.36,data/filtered/VVPR_None_143.36
VVPR,2025-03-27,59.33,data/filtered/VVPR_None_59.33
VVPR,2025-05-28,40.56,data/filtered/VVPR_None_40.56
VVPR,2025-05-29,30.40,data/filtered/VVPR_None_30.40
VVPR,2025-06-04,38.25,data/filtered/VVPR_None_38.25
VVPR,2025-08-08,47.41,data/filtered/VVPR_None_47.41
VWAVW,2025-10-17,88.57,data/filtered/VWAVW_None_88.57
VWAVW,2025-10-20,54.05,data/filtered/VWAVW_None_54.05
VWAVW,2025-10-22,72.44,data/filtered/VWAVW_None_72.44
VWAVW,2025-10-27,37.87,data/filtered/VWAVW_None_37.87
VWAVW,2025-10-31,31.62,data/filtered/VWAVW_None_31.62
VWAV,2025-07-28,435.74,data/filtered/VWAV_None_435.74
VWAV,2025-07-30,53.43,data/filtered/VWAV_None_53.43
VYGR,2025-06-02,36.13,data/filtered/VYGR_None_36.13
VYNE,2025-06-25,50.00,data/filtered/VYNE_None_50.00
VYNE,2025-07-23,33.04,data/filtered/VYNE_None_33.04
WAFU,2025-02-25,318.43,data/filtered/WAFU_None_318.43
WAFU,2025-09-08,129.05,data/filtered/WAFU_None_129.05
WAI,2025-06-23,36.97,data/filtered/WAI_None_36.97
WAI,2025-06-26,69.23,data/filtered/WAI_None_69.23
WAI,2025-07-25,79.87,data/filtered/WAI_None_79.87
WAI,2025-07-30,34.42,data/filtered/WAI_None_34.42
WAI,2025-08-27,227.14,data/filtered/WAI_None_227.14
WAI,2025-08-28,62.64,data/filtered/WAI_None_62.64
WAI,2025-09-11,31.20,data/filtered/WAI_None_31.20
WAI,2025-09-26,59.18,data/filtered/WAI_None_59.18
WAI,2025-10-10,43.79,data/filtered/WAI_None_43.79
WATT,2025-01-06,83.42,data/filtered/WATT_None_83.42
WATT,2025-07-18,30.60,data/filtered/WATT_None_30.60
WATT,2025-09-08,36.49,data/filtered/WATT_None_36.49
WATT,2025-10-15,30.09,data/filtered/WATT_None_30.09
WATT,2025-10-16,63.03,data/filtered/WATT_None_63.03
WBD,2025-09-11,37.48,data/filtered/WBD_None_37.48
WBTN,2025-08-13,97.12,data/filtered/WBTN_None_97.12
WBTN,2025-09-16,42.51,data/filtered/WBTN_None_42.51
WBUY,2025-05-08,11236.03,data/filtered/WBUY_None_11236.03
WBUY,2025-05-09,305.75,data/filtered/WBUY_None_305.75
WBUY,2025-06-06,116.08,data/filtered/WBUY_None_116.08
WBUY,2025-06-30,73.71,data/filtered/WBUY_None_73.71
WCT,2025-01-03,35.92,data/filtered/WCT_None_35.92
WCT,2025-03-06,31.81,data/filtered/WCT_None_31.81
WDH,2025-07-17,34.48,data/filtered/WDH_None_34.48
WETH,2025-08-25,31.05,data/filtered/WETH_None_31.05
WETH,2025-10-07,36.15,data/filtered/WETH_None_36.15
WETO,2025-05-29,116.84,data/filtered/WETO_None_116.84
WETO,2025-07-01,87.44,data/filtered/WETO_None_87.44
WFF,2025-03-28,47.20,data/filtered/WFF_None_47.20
WFF,2025-05-20,37.67,data/filtered/WFF_None_37.67
WFF,2025-06-23,71.87,data/filtered/WFF_None_71.87
WFF,2025-06-24,158.68,data/filtered/WFF_None_158.68
WFF,2025-06-27,340.66,data/filtered/WFF_None_340.66
WFF,2025-08-06,39.36,data/filtered/WFF_None_39.36
WFF,2025-09-11,33.19,data/filtered/WFF_None_33.19
WGRX,2025-04-14,43.25,data/filtered/WGRX_None_43.25
WGRX,2025-05-08,62.96,data/filtered/WGRX_None_62.96
WGRX,2025-05-15,45.25,data/filtered/WGRX_None_45.25
WGRX,2025-07-18,89.13,data/filtered/WGRX_None_89.13
WGRX,2025-08-18,77.11,data/filtered/WGRX_None_77.11
WGRX,2025-08-25,89.42,data/filtered/WGRX_None_89.42
WGRX,2025-10-24,262.37,data/filtered/WGRX_None_262.37
WGS,2025-02-18,49.21,data/filtered/WGS_None_49.21
WHLR,2025-01-07,43.64,data/filtered/WHLR_None_43.64
WHLR,2025-01-16,104.25,data/filtered/WHLR_None_104.25
WHLR,2025-03-04,79.64,data/filtered/WHLR_None_79.64
WHLR,2025-03-07,54.29,data/filtered/WHLR_None_54.29
WHLR,2025-04-10,56.96,data/filtered/WHLR_None_56.96
WHLR,2025-04-25,44.35,data/filtered/WHLR_None_44.35
WHLR,2025-06-04,83.02,data/filtered/WHLR_None_83.02
WHLR,2025-06-20,193.86,data/filtered/WHLR_None_193.86
WHLR,2025-08-27,45.45,data/filtered/WHLR_None_45.45
WHLR,2025-08-28,31.13,data/filtered/WHLR_None_31.13
WHLR,2025-09-11,42.31,data/filtered/WHLR_None_42.31
WHWK,2025-10-16,79.52,data/filtered/WHWK_None_79.52
WIMI,2025-01-07,43.17,data/filtered/WIMI_None_43.17
WIMI,2025-01-27,35.92,data/filtered/WIMI_None_35.92
WIMI,2025-02-21,43.29,data/filtered/WIMI_None_43.29
WIMI,2025-04-16,78.82,data/filtered/WIMI_None_78.82
WIMI,2025-04-21,30.47,data/filtered/WIMI_None_30.47
WKEY,2025-01-10,62.56,data/filtered/WKEY_None_62.56
WKEY,2025-01-21,44.02,data/filtered/WKEY_None_44.02
WKEY,2025-04-11,37.31,data/filtered/WKEY_None_37.31
WKEY,2025-10-14,31.10,data/filtered/WKEY_None_31.10
WKEY,2025-10-28,63.32,data/filtered/WKEY_None_63.32
WKEY,2025-10-29,30.31,data/filtered/WKEY_None_30.31
WKHS,2025-03-25,31.96,data/filtered/WKHS_None_31.96
WKHS,2025-07-07,37.93,data/filtered/WKHS_None_37.93
WKHS,2025-07-08,85.71,data/filtered/WKHS_None_85.71
WKHS,2025-07-09,43.54,data/filtered/WKHS_None_43.54
WKHS,2025-07-11,92.78,data/filtered/WKHS_None_92.78
WKHS,2025-07-16,31.46,data/filtered/WKHS_None_31.46
WKSP,2025-09-03,40.52,data/filtered/WKSP_None_40.52
WK,2025-08-01,33.07,data/filtered/WK_None_33.07
WLACW,2025-09-16,536.00,data/filtered/WLACW_None_536.00
WLACW,2025-09-17,55.64,data/filtered/WLACW_None_55.64
WLACW,2025-09-18,46.41,data/filtered/WLACW_None_46.41
WLACW,2025-09-19,120.00,data/filtered/WLACW_None_120.00
WLACW,2025-09-25,33.57,data/filtered/WLACW_None_33.57
WLACW,2025-10-08,34.30,data/filtered/WLACW_None_34.30
WLACW,2025-10-14,33.00,data/filtered/WLACW_None_33.00
WLDN,2025-03-07,31.11,data/filtered/WLDN_None_31.11
WLDSW,2025-01-14,46.17,data/filtered/WLDSW_None_46.17
WLDSW,2025-01-31,86.81,data/filtered/WLDSW_None_86.81
WLDSW,2025-02-07,283.58,data/filtered/WLDSW_None_283.58
WLDSW,2025-02-13,428.02,data/filtered/WLDSW_None_428.02
WLDSW,2025-02-18,44.00,data/filtered/WLDSW_None_44.00
WLDSW,2025-02-21,47.06,data/filtered/WLDSW_None_47.06
WLDSW,2025-03-04,37.70,data/filtered/WLDSW_None_37.70
WLDSW,2025-03-05,34.84,data/filtered/WLDSW_None_34.84
WLDSW,2025-03-12,54.73,data/filtered/WLDSW_None_54.73
WLDSW,2025-03-17,534.71,data/filtered/WLDSW_None_534.71
WLDSW,2025-04-09,32.45,data/filtered/WLDSW_None_32.45
WLDSW,2025-05-20,33.33,data/filtered/WLDSW_None_33.33
WLDSW,2025-06-18,42.45,data/filtered/WLDSW_None_42.45
WLDSW,2025-09-05,38.00,data/filtered/WLDSW_None_38.00
WLDSW,2025-09-10,63.39,data/filtered/WLDSW_None_63.39
WLDSW,2025-09-11,109.14,data/filtered/WLDSW_None_109.14
WLDSW,2025-09-16,32.04,data/filtered/WLDSW_None_32.04
WLDSW,2025-09-17,57.70,data/filtered/WLDSW_None_57.70
WLDSW,2025-10-08,39.55,data/filtered/WLDSW_None_39.55
WLDSW,2025-10-15,45.28,data/filtered/WLDSW_None_45.28
WLDS,2025-01-31,56.67,data/filtered/WLDS_None_56.67
WLDS,2025-02-07,31.18,data/filtered/WLDS_None_31.18
WLDS,2025-03-17,33.59,data/filtered/WLDS_None_33.59
WLDS,2025-04-23,34.78,data/filtered/WLDS_None_34.78
WLDS,2025-04-29,78.33,data/filtered/WLDS_None_78.33
WLDS,2025-05-15,65.58,data/filtered/WLDS_None_65.58
WLDS,2025-06-24,53.52,data/filtered/WLDS_None_53.52
WLDS,2025-09-10,967.65,data/filtered/WLDS_None_967.65
WLDS,2025-09-11,93.05,data/filtered/WLDS_None_93.05
WLDS,2025-09-12,40.57,data/filtered/WLDS_None_40.57
WLDS,2025-09-19,43.01,data/filtered/WLDS_None_43.01
WNW,2025-01-03,33.85,data/filtered/WNW_None_33.85
WNW,2025-02-24,80.00,data/filtered/WNW_None_80.00
WNW,2025-04-22,137.90,data/filtered/WNW_None_137.90
WNW,2025-06-20,32.00,data/filtered/WNW_None_32.00
WNW,2025-09-09,83.20,data/filtered/WNW_None_83.20
WOK,2025-02-20,140.96,data/filtered/WOK_None_140.96
WOK,2025-05-21,88.31,data/filtered/WOK_None_88.31
WOK,2025-05-28,35.17,data/filtered/WOK_None_35.17
WOK,2025-09-25,37.78,data/filtered/WOK_None_37.78
WOK,2025-10-09,38.71,data/filtered/WOK_None_38.71
WOK,2025-10-22,32.40,data/filtered/WOK_None_32.40
WOLF,2025-01-15,39.00,data/filtered/WOLF_None_39.00
WOLF,2025-05-02,32.92,data/filtered/WOLF_None_32.92
WOLF,2025-05-22,46.09,data/filtered/WOLF_None_46.09
WOLF,2025-07-01,175.83,data/filtered/WOLF_None_175.83
WOLF,2025-07-03,74.62,data/filtered/WOLF_None_74.62
WOLF,2025-07-07,134.75,data/filtered/WOLF_None_134.75
WOLF,2025-07-08,44.16,data/filtered/WOLF_None_44.16
WOLF,2025-07-23,44.37,data/filtered/WOLF_None_44.37
WOLF,2025-09-09,60.93,data/filtered/WOLF_None_60.93
WOLF,2025-09-15,36.27,data/filtered/WOLF_None_36.27
WOLF,2025-09-29,1726.45,data/filtered/WOLF_None_1726.45
WOLF,2025-09-30,55.11,data/filtered/WOLF_None_55.11
WOOF,2025-03-27,40.16,data/filtered/WOOF_None_40.16
WORX,2025-04-09,72.11,data/filtered/WORX_None_72.11
WOW,2025-08-12,50.59,data/filtered/WOW_None_50.59
WRD,2025-02-14,146.01,data/filtered/WRD_None_146.01
WRD,2025-02-18,39.68,data/filtered/WRD_None_39.68
WRD,2025-05-06,33.14,data/filtered/WRD_None_33.14
WRD,2025-05-12,30.96,data/filtered/WRD_None_30.96
WRD,2025-05-21,30.36,data/filtered/WRD_None_30.36
WTF,2025-04-14,37.50,data/filtered/WTF_None_37.50
WTF,2025-06-17,49.61,data/filtered/WTF_None_49.61
WTO,2025-04-11,75.94,data/filtered/WTO_None_75.94
WTO,2025-04-25,43.75,data/filtered/WTO_None_43.75
WTO,2025-05-19,30.89,data/filtered/WTO_None_30.89
WTO,2025-05-22,32.16,data/filtered/WTO_None_32.16
WTO,2025-10-31,33.95,data/filtered/WTO_None_33.95
WULF,2025-08-14,60.44,data/filtered/WULF_None_60.44
WVVI,2025-01-14,33.24,data/filtered/WVVI_None_33.24
WW,2025-04-30,54.37,data/filtered/WW_None_54.37
WW,2025-07-07,16570.27,data/filtered/WW_None_16570.27
WXM,2025-04-09,63.75,data/filtered/WXM_None_63.75
WXM,2025-04-14,46.04,data/filtered/WXM_None_46.04
WXM,2025-04-30,33.33,data/filtered/WXM_None_33.33
WXM,2025-05-06,36.41,data/filtered/WXM_None_36.41
WXM,2025-06-24,40.43,data/filtered/WXM_None_40.43
WXM,2025-06-27,34.39,data/filtered/WXM_None_34.39
WXM,2025-09-09,33.01,data/filtered/WXM_None_33.01
WYFI,2025-09-10,33.22,data/filtered/WYFI_None_33.22
WYHG,2025-01-10,31.08,data/filtered/WYHG_None_31.08
WYHG,2025-01-29,35.33,data/filtered/WYHG_None_35.33
WYHG,2025-06-30,44.83,data/filtered/WYHG_None_44.83
W,2025-04-09,30.41,data/filtered/W_None_30.41
XAIR,2025-06-17,62.64,data/filtered/XAIR_None_62.64
XAIR,2025-06-20,40.88,data/filtered/XAIR_None_40.88
XAIR,2025-09-08,116.29,data/filtered/XAIR_None_116.29
XBIO,2025-06-25,67.51,data/filtered/XBIO_None_67.51
XBIO,2025-10-07,45.95,data/filtered/XBIO_None_45.95
XBIO,2025-10-08,224.71,data/filtered/XBIO_None_224.71
XBP,2025-03-04,56.76,data/filtered/XBP_None_56.76
XBP,2025-07-30,184.40,data/filtered/XBP_None_184.40
XCH,2025-10-13,202.58,data/filtered/XCH_None_202.58
XCH,2025-10-15,43.05,data/filtered/XCH_None_43.05
XCUR,2025-01-15,31.90,data/filtered/XCUR_None_31.90
XCUR,2025-01-17,38.81,data/filtered/XCUR_None_38.81
XCUR,2025-01-23,47.06,data/filtered/XCUR_None_47.06
XCUR,2025-03-04,36.75,data/filtered/XCUR_None_36.75
XCUR,2025-03-06,45.13,data/filtered/XCUR_None_45.13
XCUR,2025-04-21,35.55,data/filtered/XCUR_None_35.55
XCUR,2025-06-30,41.94,data/filtered/XCUR_None_41.94
XCUR,2025-07-03,37.58,data/filtered/XCUR_None_37.58
XELB,2025-04-24,83.01,data/filtered/XELB_None_83.01
XELB,2025-10-03,53.75,data/filtered/XELB_None_53.75
XFOR,2025-01-29,65.01,data/filtered/XFOR_None_65.01
XFOR,2025-07-24,50.00,data/filtered/XFOR_None_50.00
XFOR,2025-08-12,85.92,data/filtered/XFOR_None_85.92
XFOR,2025-08-13,33.72,data/filtered/XFOR_None_33.72
XFOR,2025-08-19,37.35,data/filtered/XFOR_None_37.35
XFOR,2025-10-24,46.93,data/filtered/XFOR_None_46.93
XGN,2025-01-17,33.66,data/filtered/XGN_None_33.66
XGN,2025-02-04,37.89,data/filtered/XGN_None_37.89
XHG,2025-01-08,254.02,data/filtered/XHG_None_254.02
XHG,2025-01-10,147.31,data/filtered/XHG_None_147.31
XHG,2025-01-13,32.74,data/filtered/XHG_None_32.74
XHG,2025-01-17,45.65,data/filtered/XHG_None_45.65
XHG,2025-02-13,77.68,data/filtered/XHG_None_77.68
XHG,2025-02-14,49.03,data/filtered/XHG_None_49.03
XHG,2025-04-04,52.70,data/filtered/XHG_None_52.70
XHG,2025-04-09,30.36,data/filtered/XHG_None_30.36
XHG,2025-05-09,35.15,data/filtered/XHG_None_35.15
XHG,2025-05-13,44.20,data/filtered/XHG_None_44.20
XHG,2025-09-09,138.25,data/filtered/XHG_None_138.25
XHG,2025-09-12,73.15,data/filtered/XHG_None_73.15
XHLD,2025-02-19,33.97,data/filtered/XHLD_None_33.97
XHLD,2025-03-19,197.33,data/filtered/XHLD_None_197.33
XHLD,2025-03-21,88.49,data/filtered/XHLD_None_88.49
XHLD,2025-03-24,87.14,data/filtered/XHLD_None_87.14
XHLD,2025-04-02,45.59,data/filtered/XHLD_None_45.59
XHLD,2025-04-03,36.36,data/filtered/XHLD_None_36.36
XHLD,2025-04-08,37.17,data/filtered/XHLD_None_37.17
XHLD,2025-05-13,120.00,data/filtered/XHLD_None_120.00
XLO,2025-02-12,158.75,data/filtered/XLO_None_158.75
XLO,2025-05-13,61.42,data/filtered/XLO_None_61.42
XMTR,2025-08-05,53.24,data/filtered/XMTR_None_53.24
XNET,2025-02-27,65.69,data/filtered/XNET_None_65.69
XNET,2025-08-15,33.47,data/filtered/XNET_None_33.47
XNET,2025-08-18,37.72,data/filtered/XNET_None_37.72
XOS,2025-02-20,192.33,data/filtered/XOS_None_192.33
XOS,2025-08-14,60.46,data/filtered/XOS_None_60.46
XPOF,2025-07-03,35.91,data/filtered/XPOF_None_35.91
XPON,2025-07-18,53.85,data/filtered/XPON_None_53.85
XPON,2025-08-14,319.85,data/filtered/XPON_None_319.85
XPON,2025-09-22,30.70,data/filtered/XPON_None_30.70
XPON,2025-09-24,55.30,data/filtered/XPON_None_55.30
XPRO,2025-07-29,34.44,data/filtered/XPRO_None_34.44
XRPT,2025-07-11,38.09,data/filtered/XRPT_None_38.09
XRTX,2025-01-14,43.20,data/filtered/XRTX_None_43.20
XRTX,2025-02-27,50.06,data/filtered/XRTX_None_50.06
XRTX,2025-10-17,65.88,data/filtered/XRTX_None_65.88
XTIA,2025-01-06,113.29,data/filtered/XTIA_None_113.29
XTIA,2025-01-07,172.73,data/filtered/XTIA_None_172.73
XTIA,2025-06-09,39.25,data/filtered/XTIA_None_39.25
XTIA,2025-06-11,143.61,data/filtered/XTIA_None_143.61
XTIA,2025-06-17,52.35,data/filtered/XTIA_None_52.35
XTKG,2025-03-17,55.02,data/filtered/XTKG_None_55.02
XTKG,2025-05-09,44.08,data/filtered/XTKG_None_44.08
XTKG,2025-05-13,101.82,data/filtered/XTKG_None_101.82
XTKG,2025-06-23,36.59,data/filtered/XTKG_None_36.59
XTLB,2025-06-24,68.63,data/filtered/XTLB_None_68.63
XTLB,2025-07-09,34.15,data/filtered/XTLB_None_34.15
XTLB,2025-08-04,30.22,data/filtered/XTLB_None_30.22
XTLB,2025-10-07,37.68,data/filtered/XTLB_None_37.68
XTLB,2025-10-08,83.56,data/filtered/XTLB_None_83.56
XWEL,2025-05-08,32.60,data/filtered/XWEL_None_32.60
XWEL,2025-05-13,39.53,data/filtered/XWEL_None_39.53
XXII,2025-01-08,71.30,data/filtered/XXII_None_71.30
XXII,2025-01-13,155.42,data/filtered/XXII_None_155.42
XXII,2025-01-14,63.33,data/filtered/XXII_None_63.33
XXII,2025-01-15,48.35,data/filtered/XXII_None_48.35
XXII,2025-04-09,132.38,data/filtered/XXII_None_132.38
XXII,2025-05-02,35.00,data/filtered/XXII_None_35.00
XXII,2025-05-05,41.29,data/filtered/XXII_None_41.29
XXII,2025-06-26,37.88,data/filtered/XXII_None_37.88
XXII,2025-07-17,106.77,data/filtered/XXII_None_106.77
XXII,2025-09-25,42.72,data/filtered/XXII_None_42.72
YAAS,2025-03-12,31.02,data/filtered/YAAS_None_31.02
YAAS,2025-06-24,136.08,data/filtered/YAAS_None_136.08
YAAS,2025-06-27,34.41,data/filtered/YAAS_None_34.41
YAAS,2025-06-30,55.56,data/filtered/YAAS_None_55.56
YAAS,2025-07-07,30.51,data/filtered/YAAS_None_30.51
YAAS,2025-07-24,51.34,data/filtered/YAAS_None_51.34
YAAS,2025-09-19,96.03,data/filtered/YAAS_None_96.03
YAAS,2025-09-24,75.37,data/filtered/YAAS_None_75.37
YAAS,2025-10-03,30.46,data/filtered/YAAS_None_30.46
YDDL,2025-10-10,64.02,data/filtered/YDDL_None_64.02
YDDL,2025-10-14,33.47,data/filtered/YDDL_None_33.47
YDESW,2025-09-03,100.00,data/filtered/YDESW_None_100.00
YDESW,2025-09-08,43.33,data/filtered/YDESW_None_43.33
YDESW,2025-09-11,34.43,data/filtered/YDESW_None_34.43
YDESW,2025-09-12,50.33,data/filtered/YDESW_None_50.33
YDESW,2025-09-26,48.57,data/filtered/YDESW_None_48.57
YDESW,2025-10-31,76.47,data/filtered/YDESW_None_76.47
YDES,2025-09-03,75.40,data/filtered/YDES_None_75.40
YDES,2025-09-26,46.58,data/filtered/YDES_None_46.58
YDKG,2025-10-21,52.37,data/filtered/YDKG_None_52.37
YDKG,2025-10-23,30.43,data/filtered/YDKG_None_30.43
YDKG,2025-10-27,31.46,data/filtered/YDKG_None_31.46
YDKG,2025-10-31,38.88,data/filtered/YDKG_None_38.88
YEXT,2025-06-04,34.16,data/filtered/YEXT_None_34.16
YGMZ,2025-01-17,36.23,data/filtered/YGMZ_None_36.23
YGMZ,2025-04-17,63.51,data/filtered/YGMZ_None_63.51
YGMZ,2025-08-20,31.54,data/filtered/YGMZ_None_31.54
YGMZ,2025-10-16,39.24,data/filtered/YGMZ_None_39.24
YHC,2025-02-12,47.48,data/filtered/YHC_None_47.48
YHC,2025-02-24,33.04,data/filtered/YHC_None_33.04
YHC,2025-03-12,31.25,data/filtered/YHC_None_31.25
YHC,2025-05-02,33.33,data/filtered/YHC_None_33.33
YHC,2025-05-12,286.93,data/filtered/YHC_None_286.93
YHC,2025-07-01,37.41,data/filtered/YHC_None_37.41
YHC,2025-07-11,50.00,data/filtered/YHC_None_50.00
YHC,2025-07-14,90.00,data/filtered/YHC_None_90.00
YHC,2025-07-16,182.03,data/filtered/YHC_None_182.03
YHC,2025-08-07,48.33,data/filtered/YHC_None_48.33
YHGJ,2025-01-27,113.45,data/filtered/YHGJ_None_113.45
YHGJ,2025-07-21,37.82,data/filtered/YHGJ_None_37.82
YHGJ,2025-08-27,50.83,data/filtered/YHGJ_None_50.83
YHGJ,2025-10-10,71.50,data/filtered/YHGJ_None_71.50
YIBO,2025-01-27,712.56,data/filtered/YIBO_None_712.56
YIBO,2025-01-28,98.70,data/filtered/YIBO_None_98.70
YIBO,2025-05-14,56.40,data/filtered/YIBO_None_56.40
YJ,2025-03-12,31.43,data/filtered/YJ_None_31.43
YJ,2025-05-01,43.45,data/filtered/YJ_None_43.45
YJ,2025-10-07,35.53,data/filtered/YJ_None_35.53
YMAT,2025-09-19,72.44,data/filtered/YMAT_None_72.44
YMAT,2025-10-28,57.32,data/filtered/YMAT_None_57.32
YOUL,2025-07-15,33.21,data/filtered/YOUL_None_33.21
YOUL,2025-08-21,30.26,data/filtered/YOUL_None_30.26
YOUL,2025-09-09,150.00,data/filtered/YOUL_None_150.00
YPF,2025-10-27,38.37,data/filtered/YPF_None_38.37
YSXT,2025-01-07,44.77,data/filtered/YSXT_None_44.77
YSXT,2025-02-06,30.40,data/filtered/YSXT_None_30.40
YSXT,2025-02-20,61.22,data/filtered/YSXT_None_61.22
YSXT,2025-04-10,40.46,data/filtered/YSXT_None_40.46
YSXT,2025-05-22,42.99,data/filtered/YSXT_None_42.99
YSXT,2025-05-28,65.69,data/filtered/YSXT_None_65.69
YSXT,2025-06-03,56.85,data/filtered/YSXT_None_56.85
YSXT,2025-08-19,41.97,data/filtered/YSXT_None_41.97
YSXT,2025-09-16,90.49,data/filtered/YSXT_None_90.49
YSXT,2025-10-10,38.35,data/filtered/YSXT_None_38.35
YTRA,2025-08-11,37.40,data/filtered/YTRA_None_37.40
YXT,2025-01-10,30.35,data/filtered/YXT_None_30.35
YXT,2025-05-14,33.99,data/filtered/YXT_None_33.99
YXT,2025-09-09,31.72,data/filtered/YXT_None_31.72
YYAI,2025-01-27,67.41,data/filtered/YYAI_None_67.41
YYAI,2025-02-18,33.63,data/filtered/YYAI_None_33.63
YYAI,2025-02-24,198.39,data/filtered/YYAI_None_198.39
YYAI,2025-07-21,32.25,data/filtered/YYAI_None_32.25
YYAI,2025-07-23,88.65,data/filtered/YYAI_None_88.65
YYAI,2025-07-25,54.35,data/filtered/YYAI_None_54.35
YYAI,2025-07-28,39.05,data/filtered/YYAI_None_39.05
YYAI,2025-09-10,34.16,data/filtered/YYAI_None_34.16
YYAI,2025-10-08,137.11,data/filtered/YYAI_None_137.11
YYAI,2025-10-09,43.26,data/filtered/YYAI_None_43.26
YYAI,2025-10-22,159.44,data/filtered/YYAI_None_159.44
YYGH,2025-04-14,54.75,data/filtered/YYGH_None_54.75
ZBAI,2025-01-10,43.33,data/filtered/ZBAI_None_43.33
ZBAI,2025-01-13,32.98,data/filtered/ZBAI_None_32.98
ZBAI,2025-02-03,118.50,data/filtered/ZBAI_None_118.50
ZBAI,2025-06-11,63.29,data/filtered/ZBAI_None_63.29
ZBAI,2025-07-11,67.21,data/filtered/ZBAI_None_67.21
ZBAI,2025-07-16,42.77,data/filtered/ZBAI_None_42.77
ZBAI,2025-09-15,34.46,data/filtered/ZBAI_None_34.46
ZBAI,2025-10-15,32.68,data/filtered/ZBAI_None_32.68
ZBAO,2025-04-07,127.66,data/filtered/ZBAO_None_127.66
ZBIO,2025-10-27,43.67,data/filtered/ZBIO_None_43.67
ZCMD,2025-06-12,35.58,data/filtered/ZCMD_None_35.58
ZENA,2025-03-12,68.68,data/filtered/ZENA_None_68.68
ZENA,2025-04-24,38.36,data/filtered/ZENA_None_38.36
ZENA,2025-05-27,49.60,data/filtered/ZENA_None_49.60
ZENA,2025-06-05,117.61,data/filtered/ZENA_None_117.61
ZENA,2025-06-09,37.06,data/filtered/ZENA_None_37.06
ZENV,2025-01-06,31.84,data/filtered/ZENV_None_31.84
ZEO,2025-01-15,37.62,data/filtered/ZEO_None_37.62
ZEO,2025-01-17,65.81,data/filtered/ZEO_None_65.81
ZEO,2025-04-16,97.06,data/filtered/ZEO_None_97.06
ZEO,2025-05-29,119.62,data/filtered/ZEO_None_119.62
ZEO,2025-06-23,31.43,data/filtered/ZEO_None_31.43
ZEO,2025-09-19,52.58,data/filtered/ZEO_None_52.58
ZEO,2025-10-10,40.88,data/filtered/ZEO_None_40.88
ZEPP,2025-07-08,107.47,data/filtered/ZEPP_None_107.47
ZEPP,2025-07-11,71.67,data/filtered/ZEPP_None_71.67
ZEPP,2025-07-15,56.64,data/filtered/ZEPP_None_56.64
ZEPP,2025-08-04,48.15,data/filtered/ZEPP_None_48.15
ZEPP,2025-08-05,40.30,data/filtered/ZEPP_None_40.30
ZGM,2025-09-12,54.51,data/filtered/ZGM_None_54.51
ZIPP,2025-04-09,33.78,data/filtered/ZIPP_None_33.78
ZJK,2025-01-06,64.98,data/filtered/ZJK_None_64.98
ZKIN,2025-05-08,132.74,data/filtered/ZKIN_None_132.74
ZKIN,2025-05-09,77.38,data/filtered/ZKIN_None_77.38
ZKIN,2025-05-19,34.60,data/filtered/ZKIN_None_34.60
ZKIN,2025-07-15,56.08,data/filtered/ZKIN_None_56.08
ZKIN,2025-09-10,51.52,data/filtered/ZKIN_None_51.52
ZNB,2025-09-04,148.90,data/filtered/ZNB_None_148.90
ZNB,2025-09-05,33.08,data/filtered/ZNB_None_33.08
ZNB,2025-09-09,79.88,data/filtered/ZNB_None_79.88
ZNB,2025-10-07,215.06,data/filtered/ZNB_None_215.06
ZNTL,2025-02-05,34.36,data/filtered/ZNTL_None_34.36
ZOOZ,2025-04-22,32.88,data/filtered/ZOOZ_None_32.88
ZOOZ,2025-07-22,90.65,data/filtered/ZOOZ_None_90.65
ZOOZ,2025-07-23,54.93,data/filtered/ZOOZ_None_54.93
ZOOZ,2025-07-25,54.23,data/filtered/ZOOZ_None_54.23
ZOOZ,2025-09-10,30.88,data/filtered/ZOOZ_None_30.88
ZOOZ,2025-09-19,117.17,data/filtered/ZOOZ_None_117.17
ZSPC,2025-02-03,33.82,data/filtered/ZSPC_None_33.82
ZSPC,2025-02-27,37.41,data/filtered/ZSPC_None_37.41
ZSPC,2025-07-23,35.99,data/filtered/ZSPC_None_35.99
ZSPC,2025-08-12,30.55,data/filtered/ZSPC_None_30.55
ZSPC,2025-09-23,48.72,data/filtered/ZSPC_None_48.72
ZSPC,2025-09-29,36.00,data/filtered/ZSPC_None_36.00
ZSPC,2025-10-09,67.29,data/filtered/ZSPC_None_67.29
ZTEK,2025-09-02,85.07,data/filtered/ZTEK_None_85.07
ZURA,2025-07-17,51.94,data/filtered/ZURA_None_51.94
ZURA,2025-09-29,55.19,data/filtered/ZURA_None_55.19
ZURA,2025-09-30,55.52,data/filtered/ZURA_None_55.52
ZVIA,2025-05-08,57.64,data/filtered/ZVIA_None_57.64
ZYBT,2025-03-25,59.99,data/filtered/ZYBT_None_59.99
ZYBT,2025-04-02,38.16,data/filtered/ZYBT_None_38.16
ZYBT,2025-04-14,42.86,data/filtered/ZYBT_None_42.86
ZYBT,2025-04-16,40.37,data/filtered/ZYBT_None_40.37
ZYBT,2025-04-17,37.40,data/filtered/ZYBT_None_37.40
ZYBT,2025-04-24,34.91,data/filtered/ZYBT_None_34.91
ZYBT,2025-04-28,36.49,data/filtered/ZYBT_None_36.49
ZYBT,2025-05-02,31.16,data/filtered/ZYBT_None_31.16
ZYBT,2025-05-12,33.75,data/filtered/ZYBT_None_33.75
ZYBT,2025-06-10,33.91,data/filtered/ZYBT_None_33.91
ZYBT,2025-08-12,46.47,data/filtered/ZYBT_None_46.47
ZYBT,2025-08-20,36.58,data/filtered/ZYBT_None_36.58
ZYBT,2025-09-02,39.74,data/filtered/ZYBT_None_39.74
ZYBT,2025-09-30,100.00,data/filtered/ZYBT_None_100.00
ZYXI,2025-08-04,42.29,data/filtered/ZYXI_None_42.29
