ticker,date,source_folder,pct_whole_second,n_trades,had_exploded_markers
AACG,2025-07-21,AACG_trades_2025_07_21.parquet,0.0,1466,False
AACG,2025-07-30,AACG_trades_2025_07_30.parquet,0.0004970178926441351,2012,False
AACG,2025-07-31,AACG_trades_2025_07_31.parquet,0.0013931457230426303,3589,False
AACG,2025-08-04,AACG_trades_2025_08_04.parquet,0.0005677181279494731,28183,False
AAME,2025-08-14,AAME_trades_2025_08_14.parquet,0.0,1009,False
AAOI,2025-03-14,AAOI_trades_2025_03_14.parquet,0.0014619272377929076,143646,False
AAOI,2025-04-09,AAOI_trades_2025_04_09.parquet,0.0009743774810537712,55420,False
AAP,2025-05-22,AAP_trades_2025_05_22.parquet,0.0012111695874133046,253474,False
AAPB,2025-04-09,AAPB_trades_2025_04_09.parquet,0.0019054878048780487,5248,False
AAPU,2025-04-09,AAPU_trades_2025_04_09.parquet,0.0012837794466910586,31158,False
AARD,2025-02-20,AARD_trades_2025_02_20.parquet,0.0022466861379465287,4451,False
ABAT,2025-04-29,ABAT_trades_2025_04_29.parquet,0.0011574074074074073,25056,False
ABAT,2025-07-21,ABAT_trades_2025_07_21.parquet,0.0008297402616645182,67491,False
ABAT,2025-10-13,ABAT_trades_2025_10_13.parquet,0.0013037299714483137,230109,False
ABAT,2025-10-20,ABAT_trades_2025_10_20.parquet,0.001420052638041395,187317,False
ABEO,2025-04-30,ABEO_trades_2025_04_30.parquet,0.0007004981320049813,89936,False
ABLLL,2025-01-07,ABLLL_trades_2025_01_07.parquet,0.0,189,False
ABLV,2025-01-08,ABLV_trades_2025_01_08.parquet,0.0,85,False
ABLV,2025-02-11,ABLV_trades_2025_02_11.parquet,0.0016400775309378262,6707,False
ABLV,2025-03-07,ABLV_trades_2025_03_07.parquet,0.0008300796261567313,32527,False
ABLV,2025-03-19,ABLV_trades_2025_03_19.parquet,0.0,1015,False
ABLV,2025-09-10,ABLV_trades_2025_09_10.parquet,0.0008183306055646482,2444,False
ABP,2025-05-15,ABP_trades_2025_05_15.parquet,0.0009599166243846248,437538,False
ABP,2025-05-19,ABP_trades_2025_05_19.parquet,0.0010591445061906325,149177,False
ABP,2025-05-28,ABP_trades_2025_05_28.parquet,0.0014352104975396392,14632,False
ABP,2025-07-23,ABP_trades_2025_07_23.parquet,0.0007339924873710116,23161,False
ABP,2025-07-28,ABP_trades_2025_07_28.parquet,0.0009702124145903433,48443,False
ABSI,2025-01-08,ABSI_trades_2025_01_08.parquet,0.0017793962467153586,289986,False
ABSI,2025-01-22,ABSI_trades_2025_01_22.parquet,0.0010953852827937747,92205,False
ABTS,2025-04-14,ABTS_trades_2025_04_14.parquet,0.0,721,False
ABTS,2025-04-25,ABTS_trades_2025_04_25.parquet,0.0,470,False
ABTS,2025-05-09,ABTS_trades_2025_05_09.parquet,0.0009178366250807357,58834,False
ABTS,2025-07-02,ABTS_trades_2025_07_02.parquet,0.0012903225806451613,1550,False
ABTS,2025-07-11,ABTS_trades_2025_07_11.parquet,0.0006821282401091405,1466,False
ABTS,2025-09-19,ABTS_trades_2025_09_19.parquet,0.0024752475247524753,1616,False
ABTS,2025-09-22,ABTS_trades_2025_09_22.parquet,0.0005235602094240838,1910,False
ABVC,2025-04-01,ABVC_trades_2025_04_01.parquet,0.0004170141784820684,4796,False
ABVC,2025-04-07,ABVC_trades_2025_04_07.parquet,0.0005430145062446668,12891,False
ABVC,2025-07-08,ABVC_trades_2025_07_08.parquet,0.0014543587988707332,11689,False
ABVE,2025-04-28,ABVE_trades_2025_04_28.parquet,0.0021693783896537338,11985,False
ABVE,2025-04-29,ABVE_trades_2025_04_29.parquet,0.0008033972225410306,26139,False
ABVE,2025-04-30,ABVE_trades_2025_04_30.parquet,0.0005396654074473826,20383,False
ABVE,2025-05-01,ABVE_trades_2025_05_01.parquet,0.0006101746624971398,13111,False
ABVE,2025-05-13,ABVE_trades_2025_05_13.parquet,0.0005989817310572028,3339,False
ABVE,2025-05-22,ABVE_trades_2025_05_22.parquet,0.0011074197120708748,2709,False
ABVE,2025-06-16,ABVE_trades_2025_06_16.parquet,0.0002832058906825262,3531,False
ABVE,2025-07-07,ABVE_trades_2025_07_07.parquet,0.0007072399032198027,26865,False
ABVE,2025-07-10,ABVE_trades_2025_07_10.parquet,0.0009596918408564286,907583,False
ABVE,2025-07-11,ABVE_trades_2025_07_11.parquet,0.0012350096814448324,1319018,False
ABVE,2025-07-17,ABVE_trades_2025_07_17.parquet,0.00136707619899669,677358,False
ABVE,2025-09-24,ABVE_trades_2025_09_24.parquet,0.0010597947344935298,17928,False
ABVE,2025-10-08,ABVE_trades_2025_10_08.parquet,0.0016700088336374598,155089,False
ABVE,2025-10-23,ABVE_trades_2025_10_23.parquet,0.0013028544356271468,16886,False
ABVEW,2025-10-08,ABVEW_trades_2025_10_08.parquet,0.0010683760683760685,1872,False
ABVEW,2025-10-16,ABVEW_trades_2025_10_16.parquet,0.0020467836257309943,3420,False
ABVEW,2025-10-17,ABVEW_trades_2025_10_17.parquet,0.0,580,False
ABVEW,2025-10-27,ABVEW_trades_2025_10_27.parquet,0.0,1448,False
ABVX,2025-07-23,ABVX_trades_2025_07_23.parquet,0.0009361564969260887,421938,False
ACAD,2025-05-16,ACAD_trades_2025_05_16.parquet,0.0008271157049307505,175308,False
ACB,2025-02-05,ACB_trades_2025_02_05.parquet,0.0009497608185671908,315869,False
ACB,2025-09-29,ACB_trades_2025_09_29.parquet,0.0013398920744466063,54482,False
ACCL,2025-10-24,ACCL_trades_2025_10_24.parquet,0.005528255528255528,1628,False
ACCL,2025-10-31,ACCL_trades_2025_10_31.parquet,0.0,2763,False
ACHR.WS,2025-04-09,ACHR.WS_trades_2025_04_09.parquet,0.0,542,False
ACHR.WS,2025-05-13,ACHR.WS_trades_2025_05_13.parquet,0.0009630818619582664,3115,False
ACHR.WS,2025-05-16,ACHR.WS_trades_2025_05_16.parquet,0.0006236357966947302,3207,False
ACHR.WS,2025-10-06,ACHR.WS_trades_2025_10_06.parquet,0.006980273141122913,3295,False
ACHV,2025-10-17,ACHV_trades_2025_10_17.parquet,0.0008356727818763465,76585,False
ACOG,2025-05-16,ACOG_trades_2025_05_16.parquet,0.001579778830963665,3165,False
ACON,2025-01-24,ACON_trades_2025_01_24.parquet,0.0011807848061267763,240518,False
ACON,2025-01-30,ACON_trades_2025_01_30.parquet,0.000940043994058922,53189,False
ACON,2025-02-04,ACON_trades_2025_02_04.parquet,0.0011518504962645597,92894,False
ACON,2025-02-28,ACON_trades_2025_02_28.parquet,0.0010461538461538462,81250,False
ACON,2025-03-03,ACON_trades_2025_03_03.parquet,0.00116031060622382,649826,False
ACON,2025-03-05,ACON_trades_2025_03_05.parquet,0.001262593728258909,38809,False
ACON,2025-03-14,ACON_trades_2025_03_14.parquet,0.0008141213040743071,27023,False
ACON,2025-03-17,ACON_trades_2025_03_17.parquet,0.0010043942247332078,175230,False
ACON,2025-10-13,ACON_trades_2025_10_13.parquet,0.0014579606440071557,111800,False
ACRV,2025-02-05,ACRV_trades_2025_02_05.parquet,0.0003802763341361389,7889,False
ACRV,2025-04-15,ACRV_trades_2025_04_15.parquet,0.00043047783039173483,9292,False
ACRV,2025-09-08,ACRV_trades_2025_09_08.parquet,0.0010305110993446861,175641,False
ACXP,2025-01-06,ACXP_trades_2025_01_06.parquet,0.0006849315068493151,4380,False
ACXP,2025-06-17,ACXP_trades_2025_06_17.parquet,0.0007329870871846547,637119,False
ACXP,2025-08-28,ACXP_trades_2025_08_28.parquet,0.006993006993006993,4433,False
ACXP,2025-10-08,ACXP_trades_2025_10_08.parquet,0.0009971742479112898,392108,False
ADAG,2025-08-06,ADAG_trades_2025_08_06.parquet,0.0038197097020626434,1309,False
ADAG,2025-09-09,ADAG_trades_2025_09_09.parquet,0.00408371618172537,1959,False
ADCT,2025-05-14,ADCT_trades_2025_05_14.parquet,0.0006817296455005844,10268,False
ADGM,2025-04-17,ADGM_trades_2025_04_17.parquet,0.0009522243833493105,468377,False
ADGM,2025-08-27,ADGM_trades_2025_08_27.parquet,0.0,695,False
ADIL,2025-02-25,ADIL_trades_2025_02_25.parquet,0.0007905770324047755,112576,False
ADIL,2025-05-02,ADIL_trades_2025_05_02.parquet,0.0021333333333333334,60000,False
ADPT,2025-05-02,ADPT_trades_2025_05_02.parquet,0.0011288155116145134,130225,False
ADSEW,2025-05-09,ADSEW_trades_2025_05_09.parquet,0.003484320557491289,287,False
ADSEW,2025-05-16,ADSEW_trades_2025_05_16.parquet,0.0,347,False
ADSEW,2025-06-04,ADSEW_trades_2025_06_04.parquet,0.002421307506053269,413,False
ADSEW,2025-06-10,ADSEW_trades_2025_06_10.parquet,0.0,92,False
ADSEW,2025-07-18,ADSEW_trades_2025_07_18.parquet,0.0,169,False
ADSEW,2025-08-29,ADSEW_trades_2025_08_29.parquet,0.0,114,False
ADSEW,2025-09-30,ADSEW_trades_2025_09_30.parquet,0.0,273,False
ADSEW,2025-10-20,ADSEW_trades_2025_10_20.parquet,0.0,128,False
ADTX,2025-01-15,ADTX_trades_2025_01_15.parquet,0.0011090832514390003,71230,False
ADTX,2025-01-16,ADTX_trades_2025_01_16.parquet,0.001061753287145278,186484,False
ADTX,2025-02-18,ADTX_trades_2025_02_18.parquet,0.0012403981649982702,355531,False
ADTX,2025-02-19,ADTX_trades_2025_02_19.parquet,0.0009533232126191153,249653,False
ADTX,2025-03-05,ADTX_trades_2025_03_05.parquet,0.00045357734479766507,50708,False
ADTX,2025-03-18,ADTX_trades_2025_03_18.parquet,0.0011178772100138264,679860,False
ADTX,2025-03-19,ADTX_trades_2025_03_19.parquet,0.0009574487672847121,380177,False
ADTX,2025-04-17,ADTX_trades_2025_04_17.parquet,0.0012275586926499924,6517,False
ADTX,2025-06-25,ADTX_trades_2025_06_25.parquet,0.000777614424747579,82303,False
ADVB,2025-04-28,ADVB_trades_2025_04_28.parquet,0.0,219,False
ADVB,2025-05-12,ADVB_trades_2025_05_12.parquet,0.0,911,False
ADVM,2025-09-19,ADVM_trades_2025_09_19.parquet,0.00038804811796662784,5154,False
ADVM,2025-09-23,ADVM_trades_2025_09_23.parquet,0.0009656670862720077,57991,False
ADXN,2025-02-24,ADXN_trades_2025_02_24.parquet,0.0,943,False
ADXN,2025-06-06,ADXN_trades_2025_06_06.parquet,0.0,733,False
ADXN,2025-09-12,ADXN_trades_2025_09_12.parquet,0.0005576467307960407,28692,False
ADXN,2025-10-17,ADXN_trades_2025_10_17.parquet,0.001360132990781321,6617,False
AEBI,2025-07-03,AEBI_trades_2025_07_03.parquet,0.0009221166122854305,84588,False
AEHL,2025-02-12,AEHL_trades_2025_02_12.parquet,0.0007219414672071972,18007,False
AEHL,2025-04-04,AEHL_trades_2025_04_04.parquet,0.0008999491333098564,76671,False
AEHL,2025-04-09,AEHL_trades_2025_04_09.parquet,0.0008660430258262792,296752,False
AEHL,2025-04-11,AEHL_trades_2025_04_11.parquet,0.0003017046311660884,6629,False
AEHL,2025-04-22,AEHL_trades_2025_04_22.parquet,0.0006791940230925968,4417,False
AEHL,2025-07-29,AEHL_trades_2025_07_29.parquet,0.0010879196061058087,89161,False
AEHL,2025-08-14,AEHL_trades_2025_08_14.parquet,0.0005899705014749262,1695,False
AEHL,2025-09-10,AEHL_trades_2025_09_10.parquet,0.0011998555456468386,678415,False
AEHR,2025-04-09,AEHR_trades_2025_04_09.parquet,0.0007140023800079334,25210,False
AEHR,2025-07-22,AEHR_trades_2025_07_22.parquet,0.0007916834304551531,77051,False
AEHR,2025-08-25,AEHR_trades_2025_08_25.parquet,0.0014412637607502158,105463,False
AEI,2025-06-30,AEI_trades_2025_06_30.parquet,0.0012172854534388314,3286,False
AEI,2025-09-03,AEI_trades_2025_09_03.parquet,0.0016927589868679753,95111,False
AEI,2025-09-08,AEI_trades_2025_09_08.parquet,0.0006041079339508659,4966,False
AEI,2025-09-11,AEI_trades_2025_09_11.parquet,0.0011176066024759285,11632,False
AEI,2025-09-16,AEI_trades_2025_09_16.parquet,0.0005045408678102926,9910,False
AEMD,2025-07-09,AEMD_trades_2025_07_09.parquet,0.000754966262445147,21193,False
AEMD,2025-08-21,AEMD_trades_2025_08_21.parquet,0.0010206937424888465,546687,False
AEMD,2025-08-28,AEMD_trades_2025_08_28.parquet,0.0023154453827295015,7342,False
AEO,2025-09-04,AEO_trades_2025_09_04.parquet,0.0012244933658698714,457332,False
AERT,2025-06-10,AERT_trades_2025_06_10.parquet,0.001278363694471077,6258,False
AERT,2025-06-16,AERT_trades_2025_06_16.parquet,0.0007513148009015778,3993,False
AERT,2025-08-14,AERT_trades_2025_08_14.parquet,0.0014162378613142132,360109,False
AERT,2025-09-18,AERT_trades_2025_09_18.parquet,0.0013566638830550184,360443,False
AEVA,2025-03-20,AEVA_trades_2025_03_20.parquet,0.001102877821816302,29015,False
AEVAW,2025-06-27,AEVAW_trades_2025_06_27.parquet,0.004016064257028112,498,False
AEVAW,2025-07-02,AEVAW_trades_2025_07_02.parquet,0.002352941176470588,425,False
AFRIW,2025-01-30,AFRIW_trades_2025_01_30.parquet,0.0,28,False
AFRIW,2025-02-12,AFRIW_trades_2025_02_12.parquet,0.0,975,False
AGAE,2025-01-06,AGAE_trades_2025_01_06.parquet,0.0,699,False
AGAE,2025-05-12,AGAE_trades_2025_05_12.parquet,0.0010290712631849757,7774,False
AGAE,2025-05-28,AGAE_trades_2025_05_28.parquet,0.0009512690794309681,23127,False
AGAE,2025-06-03,AGAE_trades_2025_06_03.parquet,0.0005099439061703213,1961,False
AGAE,2025-06-12,AGAE_trades_2025_06_12.parquet,0.0023923444976076554,2090,False
AGAE,2025-09-12,AGAE_trades_2025_09_12.parquet,0.0011155748862844053,451785,False
AGCC,2025-10-28,AGCC_trades_2025_10_28.parquet,0.0013740458015267176,6550,False
AGEN,2025-04-22,AGEN_trades_2025_04_22.parquet,0.0004157043879907621,21650,True
AGEN,2025-05-12,AGEN_trades_2025_05_12.parquet,0.0013453776667307323,20812,False
AGH,2025-02-19,AGH_trades_2025_02_19.parquet,0.00043252595155709344,4624,False
AGH,2025-02-20,AGH_trades_2025_02_20.parquet,0.00108038029386344,13884,False
AGH,2025-02-26,AGH_trades_2025_02_26.parquet,0.0017716535433070866,5080,False
AGH,2025-03-20,AGH_trades_2025_03_20.parquet,0.0013427734375,16384,False
AGH,2025-07-23,AGH_trades_2025_07_23.parquet,0.001131848284166165,83050,False
AGH,2025-07-25,AGH_trades_2025_07_25.parquet,0.0011274534925434325,19513,False
AGH,2025-08-11,AGH_trades_2025_08_11.parquet,0.0007700600646850454,6493,False
AGH,2025-09-10,AGH_trades_2025_09_10.parquet,0.002056459151243223,5349,False
AGH,2025-09-26,AGH_trades_2025_09_26.parquet,0.005317175714109064,8087,False
AGH,2025-10-20,AGH_trades_2025_10_20.parquet,0.001846590909090909,7040,False
AGL,2025-04-08,AGL_trades_2025_04_08.parquet,0.001525527154383348,88494,False
AGMH,2025-03-06,AGMH_trades_2025_03_06.parquet,0.0009084876045478416,592193,False
AGMH,2025-04-02,AGMH_trades_2025_04_02.parquet,0.0007018951168154016,49865,False
AGMH,2025-04-23,AGMH_trades_2025_04_23.parquet,0.0010072423977567737,307771,False
AGMH,2025-04-25,AGMH_trades_2025_04_25.parquet,0.0008319953291490293,137020,False
AGMH,2025-04-28,AGMH_trades_2025_04_28.parquet,0.0009206813955399454,657122,False
AGMH,2025-05-05,AGMH_trades_2025_05_05.parquet,0.0008692696827492451,153002,False
AGMH,2025-05-16,AGMH_trades_2025_05_16.parquet,0.0008402110099549052,94024,False
AGMH,2025-06-04,AGMH_trades_2025_06_04.parquet,0.0008642755044377223,30083,False
AGMH,2025-09-09,AGMH_trades_2025_09_09.parquet,0.000350385423966363,2854,False
AGMH,2025-09-10,AGMH_trades_2025_09_10.parquet,0.0008916061648197682,70659,False
AGMH,2025-09-19,AGMH_trades_2025_09_19.parquet,0.0009768545284184924,2056601,False
AGRZ,2025-10-07,AGRZ_trades_2025_10_07.parquet,0.001171744224974891,5974,False
AGRZ,2025-10-08,AGRZ_trades_2025_10_08.parquet,0.0012924071082390954,3095,False
AGRZ,2025-10-10,AGRZ_trades_2025_10_10.parquet,0.0006718924972004479,4465,False
AGRZ,2025-10-16,AGRZ_trades_2025_10_16.parquet,0.00018747656542932134,5334,False
AGRZ,2025-10-21,AGRZ_trades_2025_10_21.parquet,0.0002955956251847473,3383,False
AGX,2025-03-28,AGX_trades_2025_03_28.parquet,0.000724134809763751,33143,False
AHG,2025-04-22,AHG_trades_2025_04_22.parquet,0.0007246376811594203,1380,False
AHG,2025-07-09,AHG_trades_2025_07_09.parquet,0.001342056701895655,5961,False
AHMA,2025-10-29,AHMA_trades_2025_10_29.parquet,0.00107095046854083,3735,False
AHT,2025-02-13,AHT_trades_2025_02_13.parquet,0.002066115702479339,1936,False
AI,2025-05-29,AI_trades_2025_05_29.parquet,0.0010313631298063944,433407,False
AIFF,2025-01-14,AIFF_trades_2025_01_14.parquet,0.0011450657880734375,704763,False
AIFF,2025-02-11,AIFF_trades_2025_02_11.parquet,0.000957005959371079,1095082,False
AIFF,2025-02-12,AIFF_trades_2025_02_12.parquet,0.0010797294993464795,756671,False
AIFF,2025-02-13,AIFF_trades_2025_02_13.parquet,0.0010914009899468135,390324,False
AIFF,2025-03-14,AIFF_trades_2025_03_14.parquet,0.0010949904188338351,10959,False
AIFF,2025-03-17,AIFF_trades_2025_03_17.parquet,0.0007487577428357498,14691,False
AIFF,2025-05-05,AIFF_trades_2025_05_05.parquet,0.000696753316592549,213849,False
AIFF,2025-08-26,AIFF_trades_2025_08_26.parquet,0.0013902750129420995,374746,False
AIFU,2025-02-07,AIFU_trades_2025_02_07.parquet,0.00032846115946789294,6089,False
AIFU,2025-05-02,AIFU_trades_2025_05_02.parquet,0.0011075379298381392,74941,False
AIFU,2025-05-06,AIFU_trades_2025_05_06.parquet,0.0011096773595702144,431657,False
AIFU,2025-05-12,AIFU_trades_2025_05_12.parquet,0.0006223453082943071,64273,False
AIFU,2025-06-24,AIFU_trades_2025_06_24.parquet,0.0017432536085349698,14341,False
AIHS,2025-06-05,AIHS_trades_2025_06_05.parquet,0.0008342196917558239,95898,False
AIHS,2025-06-10,AIHS_trades_2025_06_10.parquet,0.0005760623919883015,22567,False
AIHS,2025-09-03,AIHS_trades_2025_09_03.parquet,0.0010567842199641364,1254750,False
AIHS,2025-09-08,AIHS_trades_2025_09_08.parquet,0.0005707111060381235,8761,False
AIHS,2025-09-16,AIHS_trades_2025_09_16.parquet,0.001393524634878448,386789,False
AIHS,2025-10-01,AIHS_trades_2025_10_01.parquet,0.0015229882215651177,101117,False
AIIO,2025-09-15,AIIO_trades_2025_09_15.parquet,0.001194377239457324,97959,False
AIIO,2025-09-16,AIIO_trades_2025_09_16.parquet,0.0018094502205573107,102241,False
AIIO,2025-09-18,AIIO_trades_2025_09_18.parquet,0.001078378510857311,61203,False
AIIO,2025-09-25,AIIO_trades_2025_09_25.parquet,0.002263192757783175,54348,False
AIIO,2025-09-30,AIIO_trades_2025_09_30.parquet,0.0019813750743015654,80752,False
AIMD,2025-01-06,AIMD_trades_2025_01_06.parquet,0.004236524247340905,11094,False
AIMD,2025-01-10,AIMD_trades_2025_01_10.parquet,0.0011439390951047295,25351,False
AIMD,2025-01-14,AIMD_trades_2025_01_14.parquet,0.0,2121,False
AIMD,2025-05-28,AIMD_trades_2025_05_28.parquet,0.001329198050509526,2257,False
AIMD,2025-08-06,AIMD_trades_2025_08_06.parquet,0.0009517381297105489,765967,False
AIOT,2025-02-10,AIOT_trades_2025_02_10.parquet,0.0008214092096400585,60871,False
AIP,2025-08-05,AIP_trades_2025_08_05.parquet,0.0011632852175218272,239838,False
AIP,2025-10-06,AIP_trades_2025_10_06.parquet,0.0010603012342993855,36782,False
AIRE,2025-09-11,AIRE_trades_2025_09_11.parquet,0.0014515538864249555,248699,False
AIRE,2025-09-12,AIRE_trades_2025_09_12.parquet,0.001163607285104289,195083,False
AIRE,2025-10-22,AIRE_trades_2025_10_22.parquet,0.0010908838544852026,461094,False
AIRE,2025-10-23,AIRE_trades_2025_10_23.parquet,0.000892521608417888,127728,False
AIRG,2025-07-18,AIRG_trades_2025_07_18.parquet,0.0005074854097944684,3941,False
AIRJW,2025-02-13,AIRJW_trades_2025_02_13.parquet,0.0,198,False
AIRJW,2025-10-15,AIRJW_trades_2025_10_15.parquet,0.0006830601092896175,1464,False
AIRO,2025-07-11,AIRO_trades_2025_07_11.parquet,0.0009391295751674369,40463,False
AIRS,2025-05-02,AIRS_trades_2025_05_02.parquet,0.000891318557252362,16829,False
AISPW,2025-01-14,AISPW_trades_2025_01_14.parquet,0.0,326,False
AISPW,2025-01-15,AISPW_trades_2025_01_15.parquet,0.0,694,False
AISPW,2025-02-26,AISPW_trades_2025_02_26.parquet,0.0,184,False
AISPW,2025-03-25,AISPW_trades_2025_03_25.parquet,0.004357298474945534,459,False
AISPW,2025-05-19,AISPW_trades_2025_05_19.parquet,0.0,978,False
AISPW,2025-09-12,AISPW_trades_2025_09_12.parquet,0.0,773,False
AISPW,2025-10-06,AISPW_trades_2025_10_06.parquet,0.0,1493,False
AISPW,2025-10-13,AISPW_trades_2025_10_13.parquet,0.0,583,False
AKA,2025-05-14,AKA_trades_2025_05_14.parquet,0.0017947950942267424,3343,False
AKA,2025-10-14,AKA_trades_2025_10_14.parquet,0.0011009174311926607,8175,False
AKAN,2025-08-01,AKAN_trades_2025_08_01.parquet,0.001449569477865074,34493,False
AKAN,2025-09-29,AKAN_trades_2025_09_29.parquet,0.0007835455435847208,5105,False
AKAN,2025-10-01,AKAN_trades_2025_10_01.parquet,0.0010960936907160863,237206,False
AKBA,2025-03-14,AKBA_trades_2025_03_14.parquet,0.0021342264250065668,30456,False
AKRO,2025-01-27,AKRO_trades_2025_01_27.parquet,0.0007968127490039841,181975,False
AKTX,2025-03-20,AKTX_trades_2025_03_20.parquet,0.001447178002894356,691,False
AKTX,2025-09-24,AKTX_trades_2025_09_24.parquet,0.0032251128789507633,9302,False
ALAB,2025-08-06,ALAB_trades_2025_08_06.parquet,0.0011214570756164944,244325,False
ALAR,2025-06-09,ALAR_trades_2025_06_09.parquet,0.0007446869450650168,17457,False
ALBT,2025-02-26,ALBT_trades_2025_02_26.parquet,0.0012206286237412267,3277,False
ALBT,2025-03-14,ALBT_trades_2025_03_14.parquet,0.0,641,False
ALBT,2025-03-19,ALBT_trades_2025_03_19.parquet,0.0,838,False
ALBT,2025-04-16,ALBT_trades_2025_04_16.parquet,0.00030665440049064706,3261,False
ALBT,2025-07-28,ALBT_trades_2025_07_28.parquet,0.0010353434197146643,162265,False
ALDFW,2025-10-17,ALDFW_trades_2025_10_17.parquet,0.0031645569620253164,316,False
ALDX,2025-04-04,ALDX_trades_2025_04_04.parquet,0.0006796515891327288,55911,False
ALEC,2025-08-08,ALEC_trades_2025_08_08.parquet,0.0005384868519460316,33427,False
ALLO,2025-02-14,ALLO_trades_2025_02_14.parquet,0.0011224563690346875,82854,False
ALLO,2025-02-18,ALLO_trades_2025_02_18.parquet,0.0010688617236931015,244185,False
ALLO,2025-02-19,ALLO_trades_2025_02_19.parquet,0.000536271963491446,95101,False
ALLR,2025-01-08,ALLR_trades_2025_01_08.parquet,0.0008416187609660071,70103,False
ALLR,2025-01-23,ALLR_trades_2025_01_23.parquet,0.0013726487036095577,19670,False
ALLR,2025-01-27,ALLR_trades_2025_01_27.parquet,0.000839137366786943,35751,False
ALLR,2025-08-26,ALLR_trades_2025_08_26.parquet,0.0013128284052940176,946049,False
ALMS,2025-03-25,ALMS_trades_2025_03_25.parquet,0.0008846440536356414,122083,False
ALMS,2025-03-26,ALMS_trades_2025_03_26.parquet,0.0005682490825145022,42235,False
ALMS,2025-04-02,ALMS_trades_2025_04_02.parquet,0.0007842258570468295,26778,False
ALMU,2025-04-28,ALMU_trades_2025_04_28.parquet,0.0026292725679228747,2282,False
ALMU,2025-06-25,ALMU_trades_2025_06_25.parquet,0.0006103143118706134,9831,False
ALUR,2025-01-14,ALUR_trades_2025_01_14.parquet,0.0005349023803155924,3739,False
ALUR,2025-01-24,ALUR_trades_2025_01_24.parquet,0.001257341240418848,802487,False
ALUR,2025-03-21,ALUR_trades_2025_03_21.parquet,0.0009274595682184702,458241,False
ALUR,2025-05-14,ALUR_trades_2025_05_14.parquet,0.0006192717364379489,40370,False
ALVOW,2025-01-08,ALVOW_trades_2025_01_08.parquet,0.0,293,False
ALVOW,2025-03-11,ALVOW_trades_2025_03_11.parquet,0.0,28,False
ALVOW,2025-03-13,ALVOW_trades_2025_03_13.parquet,0.0,236,False
ALVOW,2025-03-21,ALVOW_trades_2025_03_21.parquet,0.0,116,False
ALVOW,2025-04-09,ALVOW_trades_2025_04_09.parquet,0.017857142857142856,56,False
ALVOW,2025-05-08,ALVOW_trades_2025_05_08.parquet,0.0,166,False
ALVOW,2025-06-02,ALVOW_trades_2025_06_02.parquet,0.0020161290322580645,496,False
ALVOW,2025-07-24,ALVOW_trades_2025_07_24.parquet,0.0,173,False
ALVOW,2025-07-25,ALVOW_trades_2025_07_25.parquet,0.0,142,False
ALVOW,2025-08-12,ALVOW_trades_2025_08_12.parquet,0.0,139,False
ALVOW,2025-08-18,ALVOW_trades_2025_08_18.parquet,0.0,111,False
ALVOW,2025-09-23,ALVOW_trades_2025_09_23.parquet,0.0,78,False
ALVOW,2025-09-30,ALVOW_trades_2025_09_30.parquet,0.0,189,False
ALVOW,2025-10-22,ALVOW_trades_2025_10_22.parquet,0.0,86,False
ALVOW,2025-10-23,ALVOW_trades_2025_10_23.parquet,0.0,104,False
ALVOW,2025-10-30,ALVOW_trades_2025_10_30.parquet,0.0,285,False
ALXO,2025-03-06,ALXO_trades_2025_03_06.parquet,0.0006527742907356264,39830,False
ALXO,2025-08-18,ALXO_trades_2025_08_18.parquet,0.0011139844837875473,25135,False
ALZN,2025-03-17,ALZN_trades_2025_03_17.parquet,0.0,1832,False
ALZN,2025-05-29,ALZN_trades_2025_05_29.parquet,0.0010584481282590085,642450,False
AMBA,2025-08-29,AMBA_trades_2025_08_29.parquet,0.0008751867064973861,85696,False
AMBQ,2025-07-31,AMBQ_trades_2025_07_31.parquet,0.0007759791347832647,46393,False
AMCX,2025-08-08,AMCX_trades_2025_08_08.parquet,0.0014402304368698992,24996,False
AMD,2025-10-06,AMD_trades_2025_10_06.parquet,0.0011913719172255513,3011654,False
AMDG,2025-04-09,AMDG_trades_2025_04_09.parquet,0.003134796238244514,319,False
AMDG,2025-10-06,AMDG_trades_2025_10_06.parquet,0.000968054211035818,16528,False
AMDL,2025-04-09,AMDL_trades_2025_04_09.parquet,0.0008623922009748781,26670,False
AMDL,2025-10-06,AMDL_trades_2025_10_06.parquet,0.0010340302935219784,420684,False
AMDU,2025-10-06,AMDU_trades_2025_10_06.parquet,0.001366120218579235,732,False
AMIX,2025-06-27,AMIX_trades_2025_06_27.parquet,0.0007704541438416681,141475,False
AMIX,2025-07-21,AMIX_trades_2025_07_21.parquet,0.0004753365166475812,92566,False
AMLX,2025-06-24,AMLX_trades_2025_06_24.parquet,0.000423149534535512,30722,False
AMOD,2025-01-17,AMOD_trades_2025_01_17.parquet,0.0026954177897574125,4081,False
AMOD,2025-01-30,AMOD_trades_2025_01_30.parquet,0.0010319814896305023,704470,False
AMOD,2025-02-13,AMOD_trades_2025_02_13.parquet,0.001015309669449182,599817,False
AMOD,2025-03-12,AMOD_trades_2025_03_12.parquet,0.0006277463904582549,1593,False
AMOD,2025-07-23,AMOD_trades_2025_07_23.parquet,0.0007899708686733277,543058,False
AMPGW,2025-01-06,AMPGW_trades_2025_01_06.parquet,0.0,134,False
AMPGW,2025-01-10,AMPGW_trades_2025_01_10.parquet,0.0,130,False
AMPGW,2025-01-14,AMPGW_trades_2025_01_14.parquet,0.0,72,False
AMPGW,2025-01-31,AMPGW_trades_2025_01_31.parquet,0.0029239766081871343,342,False
AMPGW,2025-02-04,AMPGW_trades_2025_02_04.parquet,0.012195121951219513,82,False
AMPX,2025-01-10,AMPX_trades_2025_01_10.parquet,0.001079821545281464,35191,False
AMPX,2025-03-21,AMPX_trades_2025_03_21.parquet,0.0016339408964137815,35497,False
AMPX.WS,2025-07-08,AMPX.WS_trades_2025_07_08.parquet,0.001081081081081081,925,False
AMPX.WS,2025-07-09,AMPX.WS_trades_2025_07_09.parquet,0.0018699355911074174,4813,False
AMPX.WS,2025-07-10,AMPX.WS_trades_2025_07_10.parquet,0.001142857142857143,2625,False
AMPX.WS,2025-08-04,AMPX.WS_trades_2025_08_04.parquet,0.0,480,False
AMPX.WS,2025-08-08,AMPX.WS_trades_2025_08_08.parquet,0.0,1243,False
AMPX.WS,2025-10-15,AMPX.WS_trades_2025_10_15.parquet,0.0,1600,False
AMRC,2025-05-06,AMRC_trades_2025_05_06.parquet,0.0007381435689241557,27095,False
AMRC,2025-08-05,AMRC_trades_2025_08_05.parquet,0.00029122101027215924,37772,False
AMRN,2025-06-24,AMRN_trades_2025_06_24.parquet,0.0005603810591202018,10707,False
AMSC,2025-02-06,AMSC_trades_2025_02_06.parquet,0.0012509610247455729,76741,False
AMST,2025-02-27,AMST_trades_2025_02_27.parquet,0.0011769775771870235,215807,False
AMST,2025-05-16,AMST_trades_2025_05_16.parquet,0.0009073344860726147,502571,False
AMST,2025-09-11,AMST_trades_2025_09_11.parquet,0.0010516791930556923,558155,False
AMTD,2025-10-31,AMTD_trades_2025_10_31.parquet,0.0007555599356131533,60882,False
AMUU,2025-04-09,AMUU_trades_2025_04_09.parquet,0.0,257,False
AMUU,2025-10-06,AMUU_trades_2025_10_06.parquet,0.0014890586559627088,15446,False
ANAB,2025-02-12,ANAB_trades_2025_02_12.parquet,0.0011505623776855416,92998,False
ANAB,2025-09-30,ANAB_trades_2025_09_30.parquet,0.0009673005237578445,42386,False
ANEB,2025-03-10,ANEB_trades_2025_03_10.parquet,0.0,423,False
ANEB,2025-03-11,ANEB_trades_2025_03_11.parquet,0.0015965939329430547,1879,False
ANEB,2025-07-01,ANEB_trades_2025_07_01.parquet,0.0,973,False
ANEB,2025-07-02,ANEB_trades_2025_07_02.parquet,0.0017605633802816902,1136,False
ANEB,2025-07-23,ANEB_trades_2025_07_23.parquet,0.0013724875465914237,143535,False
ANF,2025-05-28,ANF_trades_2025_05_28.parquet,0.001052048726467331,234780,False
ANGH,2025-07-14,ANGH_trades_2025_07_14.parquet,0.0,754,False
ANGH,2025-07-28,ANGH_trades_2025_07_28.parquet,0.0009250816054130489,75669,False
ANGI,2025-05-07,ANGI_trades_2025_05_07.parquet,0.0012122051743843729,57746,False
ANGO,2025-01-08,ANGO_trades_2025_01_08.parquet,0.0006949270326615705,31658,True
ANGX,2025-09-12,ANGX_trades_2025_09_12.parquet,0.0009937535491198182,14088,False
ANGX,2025-09-15,ANGX_trades_2025_09_15.parquet,0.0005072022722661798,9858,False
ANGX,2025-09-29,ANGX_trades_2025_09_29.parquet,0.0004927726675427069,18264,False
ANGX,2025-10-01,ANGX_trades_2025_10_01.parquet,0.0008953887479480674,20103,False
ANNA,2025-01-10,ANNA_trades_2025_01_10.parquet,0.0,842,False
ANNA,2025-03-20,ANNA_trades_2025_03_20.parquet,0.0,2652,False
ANNA,2025-04-16,ANNA_trades_2025_04_16.parquet,0.0,590,False
ANNX,2025-03-17,ANNX_trades_2025_03_17.parquet,0.000543773790103317,22068,False
ANPA,2025-07-09,ANPA_trades_2025_07_09.parquet,0.0015647651701682123,43457,False
ANPA,2025-07-15,ANPA_trades_2025_07_15.parquet,0.001256668350437986,81167,False
ANPA,2025-07-17,ANPA_trades_2025_07_17.parquet,0.000543773790103317,3678,False
ANPA,2025-07-18,ANPA_trades_2025_07_18.parquet,0.0007907916703277392,11381,False
ANPA,2025-07-21,ANPA_trades_2025_07_21.parquet,0.0018572565667285751,3769,False
ANPA,2025-07-23,ANPA_trades_2025_07_23.parquet,0.0008389965601141035,35757,False
ANPA,2025-07-24,ANPA_trades_2025_07_24.parquet,0.0007947320617620345,26424,False
ANPA,2025-07-29,ANPA_trades_2025_07_29.parquet,0.0005614823133071309,10686,False
ANRO,2025-10-03,ANRO_trades_2025_10_03.parquet,0.0009355457140704401,477796,False
ANRO,2025-10-20,ANRO_trades_2025_10_20.parquet,0.000884949993818364,153681,False
ANSCW,2025-02-11,ANSCW_trades_2025_02_11.parquet,0.023809523809523808,42,False
ANVS,2025-04-21,ANVS_trades_2025_04_21.parquet,0.000841944125526215,13065,False
ANVS,2025-06-04,ANVS_trades_2025_06_04.parquet,0.002173069460613116,12885,False
APED,2025-04-09,APED_trades_2025_04_09.parquet,0.0,42,False
APEI,2025-03-07,APEI_trades_2025_03_07.parquet,0.0005900575306092345,6779,False
APLD,2025-06-02,APLD_trades_2025_06_02.parquet,0.001023610711200691,694600,False
APLD,2025-06-04,APLD_trades_2025_06_04.parquet,0.001191854635780867,618364,False
APLD,2025-07-31,APLD_trades_2025_07_31.parquet,0.0007587239339372207,539063,False
APLD,2025-10-10,APLD_trades_2025_10_10.parquet,0.0010881550693517498,689240,False
APLM,2025-03-20,APLM_trades_2025_03_20.parquet,0.0010188487009679063,1963,False
APLM,2025-05-21,APLM_trades_2025_05_21.parquet,0.0009852216748768472,1015,False
APLM,2025-07-21,APLM_trades_2025_07_21.parquet,0.0013535462912831618,11082,False
APLM,2025-09-04,APLM_trades_2025_09_04.parquet,0.0016155088852988692,2476,False
APLM,2025-09-15,APLM_trades_2025_09_15.parquet,0.0004576659038901602,4370,False
APLM,2025-09-16,APLM_trades_2025_09_16.parquet,0.0014114326040931546,2834,False
APLM,2025-09-17,APLM_trades_2025_09_17.parquet,0.0007290223809870963,13717,False
APLM,2025-10-15,APLM_trades_2025_10_15.parquet,0.002190580503833516,13695,False
APLM,2025-10-16,APLM_trades_2025_10_16.parquet,0.0005245901639344263,7625,False
APLM,2025-10-31,APLM_trades_2025_10_31.parquet,0.0009334163036714375,3214,False
APLT,2025-09-26,APLT_trades_2025_09_26.parquet,0.0010404333943242565,167238,False
APM,2025-02-10,APM_trades_2025_02_10.parquet,0.0017598748533437622,5114,False
APM,2025-04-15,APM_trades_2025_04_15.parquet,0.0007158196134574087,6985,False
APM,2025-06-04,APM_trades_2025_06_04.parquet,0.001257071024512885,3182,False
APM,2025-07-16,APM_trades_2025_07_16.parquet,0.0010227405825153622,828167,False
APM,2025-08-21,APM_trades_2025_08_21.parquet,0.0009903100437007805,1604548,False
APM,2025-09-30,APM_trades_2025_09_30.parquet,0.0003713790542213419,8078,False
APP,2025-02-13,APP_trades_2025_02_13.parquet,0.00091801654583487,371453,False
APPS,2025-02-06,APPS_trades_2025_02_06.parquet,0.0011548258691214382,391401,False
APPS,2025-04-09,APPS_trades_2025_04_09.parquet,0.0007575757575757576,23760,False
APPS,2025-06-17,APPS_trades_2025_06_17.parquet,0.0011055241570017491,346442,False
APPX,2025-05-08,APPX_trades_2025_05_08.parquet,0.0021949078138718174,2278,False
APPX,2025-08-07,APPX_trades_2025_08_07.parquet,0.000959103813396762,26066,False
APVO,2025-04-02,APVO_trades_2025_04_02.parquet,0.0009947899981453067,118618,False
APVO,2025-04-03,APVO_trades_2025_04_03.parquet,0.0009767868173921575,448409,False
APVO,2025-04-21,APVO_trades_2025_04_21.parquet,0.0018179842112023396,202422,False
APVO,2025-05-21,APVO_trades_2025_05_21.parquet,0.000859159251304081,162950,False
APVO,2025-06-18,APVO_trades_2025_06_18.parquet,0.0009853447003666663,880910,False
APVO,2025-09-16,APVO_trades_2025_09_16.parquet,0.000900756788049833,525114,False
APVO,2025-09-18,APVO_trades_2025_09_18.parquet,0.0013375942552192692,509123,False
APVO,2025-10-07,APVO_trades_2025_10_07.parquet,0.0017476268022401397,176239,False
APYX,2025-05-13,APYX_trades_2025_05_13.parquet,0.0017577781683951485,28445,False
AQB,2025-03-26,AQB_trades_2025_03_26.parquet,0.001095719656607491,99478,False
AQB,2025-08-28,AQB_trades_2025_08_28.parquet,0.0013528391632545856,277934,False
AQB,2025-09-18,AQB_trades_2025_09_18.parquet,0.0012987012987012987,130900,False
AQMS,2025-06-10,AQMS_trades_2025_06_10.parquet,0.0007890324489594634,10139,False
AQMS,2025-07-09,AQMS_trades_2025_07_09.parquet,0.0010721496600684373,199599,False
AQMS,2025-09-24,AQMS_trades_2025_09_24.parquet,0.0010221088591975986,325797,False
AQMS,2025-09-26,AQMS_trades_2025_09_26.parquet,0.0011388023066418035,220407,False
AQMS,2025-10-13,AQMS_trades_2025_10_13.parquet,0.0008397165444640151,341782,False
AQMS,2025-10-14,AQMS_trades_2025_10_14.parquet,0.0009472136301404594,493025,False
AQMS,2025-10-16,AQMS_trades_2025_10_16.parquet,0.0009879542096819514,110329,False
AQMS,2025-10-30,AQMS_trades_2025_10_30.parquet,0.0008580144909114021,62936,False
ARAI,2025-05-28,ARAI_trades_2025_05_28.parquet,0.0008083480305702528,13608,False
ARAI,2025-06-10,ARAI_trades_2025_06_10.parquet,0.0011525580783453499,349657,False
ARAI,2025-10-06,ARAI_trades_2025_10_06.parquet,0.0011898859692612792,10085,False
ARAI,2025-10-14,ARAI_trades_2025_10_14.parquet,0.0006049606775559589,8265,False
ARBB,2025-01-06,ARBB_trades_2025_01_06.parquet,0.0014191106906338694,2114,False
ARBB,2025-02-28,ARBB_trades_2025_02_28.parquet,0.0010194125271236548,137334,False
ARBB,2025-03-05,ARBB_trades_2025_03_05.parquet,0.0011259494068168979,254896,False
ARBB,2025-03-07,ARBB_trades_2025_03_07.parquet,0.0009029774493263313,42083,False
ARBB,2025-04-14,ARBB_trades_2025_04_14.parquet,0.0007012622720897616,25668,False
ARBB,2025-04-15,ARBB_trades_2025_04_15.parquet,0.0009832154907481034,186124,False
ARBB,2025-09-19,ARBB_trades_2025_09_19.parquet,0.0010883239810691534,100154,False
ARBB,2025-09-22,ARBB_trades_2025_09_22.parquet,0.0010710561177034303,141916,False
ARBB,2025-10-30,ARBB_trades_2025_10_30.parquet,0.0018785495849716032,45780,False
ARBE,2025-01-06,ARBE_trades_2025_01_06.parquet,0.0008579793870452262,559454,False
ARBE,2025-09-22,ARBE_trades_2025_09_22.parquet,0.0009956928740071358,132571,False
ARBEW,2025-01-07,ARBEW_trades_2025_01_07.parquet,0.0012135922330097086,2472,False
ARBKL,2025-07-01,ARBKL_trades_2025_07_01.parquet,0.0010136847440446021,1973,False
ARBKL,2025-07-14,ARBKL_trades_2025_07_14.parquet,0.002162162162162162,925,False
ARBKL,2025-08-15,ARBKL_trades_2025_08_15.parquet,0.0,272,False
ARCT,2025-08-12,ARCT_trades_2025_08_12.parquet,0.0012371134020618556,26675,False
ARCT,2025-08-13,ARCT_trades_2025_08_13.parquet,0.0005577452219825983,26894,False
ARDX,2025-10-31,ARDX_trades_2025_10_31.parquet,0.0022650789541806887,92712,False
AREB,2025-01-07,AREB_trades_2025_01_07.parquet,0.0006668889629876625,23992,False
AREB,2025-03-12,AREB_trades_2025_03_12.parquet,0.0009977145946477282,203465,False
AREB,2025-03-19,AREB_trades_2025_03_19.parquet,0.0008370748040483981,13141,False
AREB,2025-03-26,AREB_trades_2025_03_26.parquet,0.0008457788955908211,44929,False
AREB,2025-04-01,AREB_trades_2025_04_01.parquet,0.00045392646391284613,8812,False
AREB,2025-04-02,AREB_trades_2025_04_02.parquet,0.0009410373479402317,480321,False
AREB,2025-04-10,AREB_trades_2025_04_10.parquet,0.0009161930468170845,263045,False
AREB,2025-04-11,AREB_trades_2025_04_11.parquet,0.0007069173168560507,76388,False
AREB,2025-04-14,AREB_trades_2025_04_14.parquet,0.0011782624938931517,104391,False
AREB,2025-04-23,AREB_trades_2025_04_23.parquet,0.001149526174371229,353189,False
AREB,2025-04-24,AREB_trades_2025_04_24.parquet,0.0010266044001111274,377945,False
AREB,2025-05-06,AREB_trades_2025_05_06.parquet,0.0007881407990356866,172558,False
AREB,2025-09-23,AREB_trades_2025_09_23.parquet,0.0015250489286531277,78686,False
AREB,2025-09-26,AREB_trades_2025_09_26.parquet,0.0007715362473663907,33699,False
AREB,2025-10-08,AREB_trades_2025_10_08.parquet,0.0008190858540412081,86682,False
AREB,2025-10-22,AREB_trades_2025_10_22.parquet,0.0008969081194709643,285425,False
AREB,2025-10-23,AREB_trades_2025_10_23.parquet,0.000899624477308775,319022,False
AREC,2025-04-16,AREC_trades_2025_04_16.parquet,0.0014855468669403924,96934,False
AREC,2025-04-17,AREC_trades_2025_04_17.parquet,0.0013529112415753349,161134,False
AREC,2025-07-10,AREC_trades_2025_07_10.parquet,0.0005063803929511849,9874,False
AREC,2025-10-14,AREC_trades_2025_10_14.parquet,0.0008804413946191691,187406,False
ARHS,2025-08-07,ARHS_trades_2025_08_07.parquet,0.0009265872632859101,51803,False
ARMG,2025-01-22,ARMG_trades_2025_01_22.parquet,0.0,1252,False
ARMG,2025-04-09,ARMG_trades_2025_04_09.parquet,0.005141388174807198,778,False
ARQQ,2025-01-15,ARQQ_trades_2025_01_15.parquet,0.0017460132697008498,17182,False
ARQQ,2025-01-16,ARQQ_trades_2025_01_16.parquet,0.0010240072818295596,52734,False
ARQQ,2025-03-17,ARQQ_trades_2025_03_17.parquet,0.0020689859013389295,33833,False
ARQQ,2025-05-19,ARQQ_trades_2025_05_19.parquet,0.0013560157790927022,32448,False
ARQQ,2025-05-27,ARQQ_trades_2025_05_27.parquet,0.0012258344612712925,39157,False
ARQQW,2025-03-07,ARQQW_trades_2025_03_07.parquet,0.0,163,False
ARQQW,2025-03-14,ARQQW_trades_2025_03_14.parquet,0.0,335,False
ARQQW,2025-03-17,ARQQW_trades_2025_03_17.parquet,0.0,670,False
ARQQW,2025-03-31,ARQQW_trades_2025_03_31.parquet,0.0,232,False
ARQQW,2025-04-22,ARQQW_trades_2025_04_22.parquet,0.0,412,False
ARQQW,2025-09-19,ARQQW_trades_2025_09_19.parquet,0.0014265335235378032,2103,False
ARQQW,2025-09-22,ARQQW_trades_2025_09_22.parquet,0.0017533606078316774,3422,False
ARQQW,2025-09-24,ARQQW_trades_2025_09_24.parquet,0.011469534050179211,1395,False
ARQQW,2025-09-29,ARQQW_trades_2025_09_29.parquet,0.0,501,False
ARQQW,2025-10-02,ARQQW_trades_2025_10_02.parquet,0.0009090909090909091,1100,False
ARQQW,2025-10-03,ARQQW_trades_2025_10_03.parquet,0.0011605415860735009,2585,False
ARQT,2025-10-28,ARQT_trades_2025_10_28.parquet,0.001142688954872443,115517,False
ARTL,2025-04-14,ARTL_trades_2025_04_14.parquet,0.0012629679747406405,77595,False
ARTL,2025-06-30,ARTL_trades_2025_06_30.parquet,0.001014314729455262,411115,False
ARTL,2025-07-02,ARTL_trades_2025_07_02.parquet,0.00046941010796432484,6391,False
ARTL,2025-07-07,ARTL_trades_2025_07_07.parquet,0.0010317688837700354,166704,False
ARTL,2025-07-08,ARTL_trades_2025_07_08.parquet,0.0008837044892188052,5658,False
ARTL,2025-07-09,ARTL_trades_2025_07_09.parquet,0.0018868971641045563,18019,False
ARTL,2025-07-10,ARTL_trades_2025_07_10.parquet,0.0006409229290177856,6241,False
ARTV,2025-04-07,ARTV_trades_2025_04_07.parquet,0.0012111807119471623,52841,False
ARTV,2025-10-17,ARTV_trades_2025_10_17.parquet,0.001131672465957161,863324,False
ASMG,2025-04-09,ASMG_trades_2025_04_09.parquet,0.003484320557491289,287,False
ASNS,2025-03-18,ASNS_trades_2025_03_18.parquet,0.0024298876176976816,9877,False
ASNS,2025-09-02,ASNS_trades_2025_09_02.parquet,0.0010622740285908911,209927,False
ASNS,2025-10-03,ASNS_trades_2025_10_03.parquet,0.0009975471272692488,585436,False
ASNS,2025-10-07,ASNS_trades_2025_10_07.parquet,0.0011856243052982586,26990,False
ASPI,2025-10-13,ASPI_trades_2025_10_13.parquet,0.0009575681842877322,147248,False
ASPS,2025-01-08,ASPS_trades_2025_01_08.parquet,0.0010198878123406426,1961,False
ASPS,2025-04-03,ASPS_trades_2025_04_03.parquet,0.0014461315979754157,1383,False
ASST,2025-01-21,ASST_trades_2025_01_21.parquet,0.0010484834269719643,643787,False
ASST,2025-01-22,ASST_trades_2025_01_22.parquet,0.001141564225172902,389816,False
ASST,2025-05-07,ASST_trades_2025_05_07.parquet,0.0009571530345020971,1009243,False
ASST,2025-05-08,ASST_trades_2025_05_08.parquet,0.0010090602831898453,1317067,False
ASST,2025-05-15,ASST_trades_2025_05_15.parquet,0.0011203621992863446,130315,False
ASST,2025-05-21,ASST_trades_2025_05_21.parquet,0.000872972709143901,358545,False
ASST,2025-05-22,ASST_trades_2025_05_22.parquet,0.0009813116261890708,276161,False
ASST,2025-07-07,ASST_trades_2025_07_07.parquet,0.0008263281550102286,447764,False
ASST,2025-08-11,ASST_trades_2025_08_11.parquet,0.0011635286651152951,18908,False
ASST,2025-09-10,ASST_trades_2025_09_10.parquet,0.001205100395119087,390009,False
ASST,2025-10-24,ASST_trades_2025_10_24.parquet,0.001087136654403235,301710,False
ASST,2025-10-27,ASST_trades_2025_10_27.parquet,0.0010299375715983922,1297166,False
ASTC,2025-10-03,ASTC_trades_2025_10_03.parquet,0.0011878956661546633,278644,False
ASTH,2025-08-08,ASTH_trades_2025_08_08.parquet,0.0008676337891302839,28814,False
ASTI,2025-06-26,ASTI_trades_2025_06_26.parquet,0.001244627995643802,494927,False
ASTI,2025-06-27,ASTI_trades_2025_06_27.parquet,0.0004983840275470444,66214,False
ASTLW,2025-02-18,ASTLW_trades_2025_02_18.parquet,0.0,14,False
ATAI,2025-07-01,ATAI_trades_2025_07_01.parquet,0.0009962253571893429,199754,False
ATEC,2025-08-01,ATEC_trades_2025_08_01.parquet,0.0010228329372869098,96790,False
ATER,2025-02-04,ATER_trades_2025_02_04.parquet,0.0,2471,False
ATER,2025-03-19,ATER_trades_2025_03_19.parquet,0.0009729971757250121,232272,False
ATEX,2025-02-11,ATEX_trades_2025_02_11.parquet,0.0014293139293139294,15392,False
ATGL,2025-02-11,ATGL_trades_2025_02_11.parquet,0.003477396920019871,2013,False
ATGL,2025-02-19,ATGL_trades_2025_02_19.parquet,0.0010829969479176922,10157,False
ATGL,2025-03-07,ATGL_trades_2025_03_07.parquet,0.0014245014245014246,1404,False
ATGL,2025-03-18,ATGL_trades_2025_03_18.parquet,0.0011862396204033216,2529,False
ATGL,2025-08-20,ATGL_trades_2025_08_20.parquet,0.00047770700636942675,6280,False
ATGL,2025-08-25,ATGL_trades_2025_08_25.parquet,0.0,650,False
ATHE,2025-01-30,ATHE_trades_2025_01_30.parquet,0.0007493892477630731,200163,False
ATHE,2025-05-05,ATHE_trades_2025_05_05.parquet,0.0036548753426445635,7661,False
ATHE,2025-07-11,ATHE_trades_2025_07_11.parquet,0.0015698587127158557,5096,False
ATHR,2025-05-21,ATHR_trades_2025_05_21.parquet,0.0013311148086522463,3005,False
ATHR,2025-07-24,ATHR_trades_2025_07_24.parquet,0.0012884226026136573,21732,False
ATLN,2025-01-06,ATLN_trades_2025_01_06.parquet,0.0009017132551848512,1109,False
ATLN,2025-03-03,ATLN_trades_2025_03_03.parquet,0.000870928409684724,5741,False
ATLN,2025-03-04,ATLN_trades_2025_03_04.parquet,0.0006821282401091405,1466,False
ATLN,2025-03-10,ATLN_trades_2025_03_10.parquet,0.0022598870056497176,885,False
ATLN,2025-08-08,ATLN_trades_2025_08_08.parquet,0.0029985007496251873,667,False
ATLN,2025-08-12,ATLN_trades_2025_08_12.parquet,0.0018587360594795538,538,False
ATLN,2025-08-15,ATLN_trades_2025_08_15.parquet,0.0007701193685021178,7791,False
ATLX,2025-08-04,ATLX_trades_2025_08_04.parquet,0.0009695046712497797,11346,False
ATMV,2025-09-08,ATMV_trades_2025_09_08.parquet,0.0032948929159802307,607,False
ATMV,2025-09-10,ATMV_trades_2025_09_10.parquet,0.001851851851851852,540,False
ATMV,2025-09-11,ATMV_trades_2025_09_11.parquet,0.0,515,False
ATMV,2025-09-19,ATMV_trades_2025_09_19.parquet,0.0015614309022965315,56999,False
ATMV,2025-10-21,ATMV_trades_2025_10_21.parquet,0.0008411439557798606,99864,False
ATMVU,2025-09-08,ATMVU_trades_2025_09_08.parquet,0.0,5,False
ATMVU,2025-09-18,ATMVU_trades_2025_09_18.parquet,0.0,290,False
ATMVU,2025-09-19,ATMVU_trades_2025_09_19.parquet,0.0008795074758135445,1137,False
ATON,2025-09-08,ATON_trades_2025_09_08.parquet,0.0008060182697474476,3722,False
ATON,2025-10-08,ATON_trades_2025_10_08.parquet,0.001138307087488617,540276,False
ATPC,2025-01-13,ATPC_trades_2025_01_13.parquet,0.0008527479030620842,486662,False
ATPC,2025-01-23,ATPC_trades_2025_01_23.parquet,0.000606918875177018,4943,False
ATPC,2025-02-24,ATPC_trades_2025_02_24.parquet,0.0008781814887939743,325673,False
ATPC,2025-04-03,ATPC_trades_2025_04_03.parquet,0.0014166102841677943,141888,False
ATPC,2025-04-07,ATPC_trades_2025_04_07.parquet,0.001339712918660287,10450,False
ATPC,2025-05-16,ATPC_trades_2025_05_16.parquet,0.002642007926023778,2271,False
ATXG,2025-04-29,ATXG_trades_2025_04_29.parquet,0.0,781,False
ATXG,2025-05-15,ATXG_trades_2025_05_15.parquet,0.0012471244512231089,118673,False
ATXG,2025-07-02,ATXG_trades_2025_07_02.parquet,0.0011495335908791105,106130,False
ATXG,2025-09-22,ATXG_trades_2025_09_22.parquet,0.00035617971810919454,19653,False
ATXS,2025-10-14,ATXS_trades_2025_10_14.parquet,0.0010587388303053404,165291,False
ATYR,2025-07-23,ATYR_trades_2025_07_23.parquet,0.000919925165638211,96747,False
AUID,2025-03-20,AUID_trades_2025_03_20.parquet,0.0014326647564469914,2094,False
AUID,2025-04-02,AUID_trades_2025_04_02.parquet,0.0022371364653243847,5364,False
AUID,2025-09-26,AUID_trades_2025_09_26.parquet,0.0003921056071101817,7651,False
AUR,2025-01-07,AUR_trades_2025_01_07.parquet,0.0012268885933679379,466220,False
AUROW,2025-01-07,AUROW_trades_2025_01_07.parquet,0.0009863878477017164,5069,False
AUROW,2025-02-13,AUROW_trades_2025_02_13.parquet,0.0,2697,False
AUROW,2025-03-03,AUROW_trades_2025_03_03.parquet,0.010526315789473684,95,False
AUROW,2025-05-02,AUROW_trades_2025_05_02.parquet,0.0,534,False
AUUD,2025-02-19,AUUD_trades_2025_02_19.parquet,0.0008289317741195168,145971,False
AUUD,2025-04-04,AUUD_trades_2025_04_04.parquet,0.0,1537,False
AUUD,2025-04-08,AUUD_trades_2025_04_08.parquet,0.0012674271229404308,1578,False
AUUD,2025-04-21,AUUD_trades_2025_04_21.parquet,0.0005088540606554041,9826,False
AUUD,2025-06-27,AUUD_trades_2025_06_27.parquet,0.0004767201652629906,6293,False
AUUD,2025-08-05,AUUD_trades_2025_08_05.parquet,0.0011743556349590645,179673,False
AUUD,2025-08-11,AUUD_trades_2025_08_11.parquet,0.0013101100726409245,256467,False
AUUD,2025-08-20,AUUD_trades_2025_08_20.parquet,0.0009114603655205781,320365,False
AVAH,2025-03-13,AVAH_trades_2025_03_13.parquet,0.0006024580287573299,24898,False
AVAH,2025-08-07,AVAH_trades_2025_08_07.parquet,0.0007648538086243061,86291,False
AVGG,2025-09-05,AVGG_trades_2025_09_05.parquet,0.0003785011355034065,2642,False
AVGU,2025-09-05,AVGU_trades_2025_09_05.parquet,0.0019723865877712033,1521,False
AVGX,2025-04-09,AVGX_trades_2025_04_09.parquet,0.0008009611533840609,9988,False
AVGX,2025-09-05,AVGX_trades_2025_09_05.parquet,0.0015724259387382854,31798,False
AVL,2025-04-09,AVL_trades_2025_04_09.parquet,0.0003903708523096942,7685,False
AVL,2025-09-05,AVL_trades_2025_09_05.parquet,0.0008294625082946251,18084,False
AVNW,2025-02-05,AVNW_trades_2025_02_05.parquet,0.0007226303745634108,16606,False
AVR,2025-04-23,AVR_trades_2025_04_23.parquet,0.0009507962918944616,4207,False
AVR,2025-05-27,AVR_trades_2025_05_27.parquet,0.00028951939779965256,3454,False
AVTX,2025-02-24,AVTX_trades_2025_02_24.parquet,0.0007301935012778386,2739,False
AVTX,2025-09-29,AVTX_trades_2025_09_29.parquet,0.002817258079832864,31591,False
AXTI,2025-06-12,AXTI_trades_2025_06_12.parquet,0.0003966837240668015,25209,False
AXTI,2025-10-31,AXTI_trades_2025_10_31.parquet,0.0011368719248546295,53656,False
AYTU,2025-05-15,AYTU_trades_2025_05_15.parquet,0.0007187685099529473,300514,False
AYTU,2025-06-06,AYTU_trades_2025_06_06.parquet,0.0015996343692870202,26256,False
AZI,2025-04-29,AZI_trades_2025_04_29.parquet,0.0,1219,False
BACQR,2025-10-08,BACQR_trades_2025_10_08.parquet,0.0,874,False
BACQR,2025-10-23,BACQR_trades_2025_10_23.parquet,0.0015767344078486335,5708,False
BAER,2025-01-08,BAER_trades_2025_01_08.parquet,0.0006784260515603799,22110,False
BAER,2025-01-10,BAER_trades_2025_01_10.parquet,0.0010411671582377013,304466,False
BAIG,2025-09-16,BAIG_trades_2025_09_16.parquet,0.0011295180722891566,5312,False
BAIG,2025-09-23,BAIG_trades_2025_09_23.parquet,0.0007193727069994964,13901,False
BAIG,2025-10-10,BAIG_trades_2025_10_10.parquet,0.00152401853206535,16404,False
BAIG,2025-10-13,BAIG_trades_2025_10_13.parquet,0.0012147900690911851,13171,False
BALY,2025-03-10,BALY_trades_2025_03_10.parquet,0.001098297638660077,1821,False
BALY,2025-04-09,BALY_trades_2025_04_09.parquet,0.0,1693,False
BALY,2025-07-01,BALY_trades_2025_07_01.parquet,0.0006548788474132286,3054,False
BAOS,2025-01-06,BAOS_trades_2025_01_06.parquet,0.0014692319241576047,93246,False
BAOS,2025-01-31,BAOS_trades_2025_01_31.parquet,0.0007215936912094425,38803,False
BAOS,2025-03-17,BAOS_trades_2025_03_17.parquet,0.0009673852957435047,7236,False
BAOS,2025-03-18,BAOS_trades_2025_03_18.parquet,0.00038284839203675346,2612,False
BAOS,2025-04-21,BAOS_trades_2025_04_21.parquet,0.003399915002124947,2353,False
BAOS,2025-05-12,BAOS_trades_2025_05_12.parquet,0.0010433970295202256,265479,False
BAOS,2025-06-04,BAOS_trades_2025_06_04.parquet,0.0009850509850509851,404040,False
BAOS,2025-09-03,BAOS_trades_2025_09_03.parquet,0.0008050619400183627,221101,False
BAOS,2025-10-09,BAOS_trades_2025_10_09.parquet,0.0012337756245706642,442544,False
BBAI,2025-02-05,BBAI_trades_2025_02_05.parquet,0.0009649752263796344,731625,False
BBAI,2025-02-07,BBAI_trades_2025_02_07.parquet,0.000933814290925303,616825,False
BBAI.WS,2025-01-16,BBAI.WS_trades_2025_01_16.parquet,0.001759014951627089,1137,False
BBAI.WS,2025-02-04,BBAI.WS_trades_2025_02_04.parquet,0.0,1410,False
BBAI.WS,2025-02-05,BBAI.WS_trades_2025_02_05.parquet,0.00039952057530962844,7509,False
BBAI.WS,2025-02-07,BBAI.WS_trades_2025_02_07.parquet,0.0013351134846461949,5992,False
BBAI.WS,2025-02-12,BBAI.WS_trades_2025_02_12.parquet,0.0022624434389140274,3094,False
BBAI.WS,2025-04-25,BBAI.WS_trades_2025_04_25.parquet,0.0006042296072507553,1655,False
BBAI.WS,2025-05-14,BBAI.WS_trades_2025_05_14.parquet,0.0010582010582010583,945,False
BBAI.WS,2025-05-27,BBAI.WS_trades_2025_05_27.parquet,0.0,1877,False
BBAI.WS,2025-06-24,BBAI.WS_trades_2025_06_24.parquet,0.004664723032069971,1715,False
BBAI.WS,2025-06-30,BBAI.WS_trades_2025_06_30.parquet,0.0,3423,False
BBAI.WS,2025-09-16,BBAI.WS_trades_2025_09_16.parquet,0.0014720314033366045,2038,False
BBAI.WS,2025-10-13,BBAI.WS_trades_2025_10_13.parquet,0.00030921459492888067,3234,False
BBAR,2025-10-27,BBAR_trades_2025_10_27.parquet,0.0006827720545414382,49797,False
BBBY,2025-10-02,BBBY_trades_2025_10_02.parquet,0.0005676489461473913,40518,False
BBLG,2025-05-20,BBLG_trades_2025_05_20.parquet,0.000727749072119933,13741,False
BBLG,2025-06-27,BBLG_trades_2025_06_27.parquet,0.0009535833243794993,372280,False
BBLG,2025-09-04,BBLG_trades_2025_09_04.parquet,0.0009740869052335575,671398,False
BBLGW,2025-02-05,BBLGW_trades_2025_02_05.parquet,0.003745318352059925,267,False
BCAX,2025-09-29,BCAX_trades_2025_09_29.parquet,0.0017000036170289725,27647,False
BCDA,2025-03-03,BCDA_trades_2025_03_03.parquet,0.0,1142,False
BCDA,2025-04-29,BCDA_trades_2025_04_29.parquet,0.0,1795,False
BCG,2025-02-27,BCG_trades_2025_02_27.parquet,0.0008784291245697422,376809,False
BCTX,2025-02-03,BCTX_trades_2025_02_03.parquet,0.0011776947834574215,123971,False
BCTX,2025-04-22,BCTX_trades_2025_04_22.parquet,0.00016641704110500916,6009,False
BCTX,2025-04-24,BCTX_trades_2025_04_24.parquet,0.0012893886796499082,373045,False
BDMD,2025-01-06,BDMD_trades_2025_01_06.parquet,0.0009504412763068567,7365,False
BDMD,2025-01-13,BDMD_trades_2025_01_13.parquet,0.0008354916868577157,11969,False
BDMD,2025-01-17,BDMD_trades_2025_01_17.parquet,0.0010925047013521985,167505,False
BDMD,2025-01-23,BDMD_trades_2025_01_23.parquet,0.0019165069577535205,12001,False
BDMD,2025-03-11,BDMD_trades_2025_03_11.parquet,0.006384676775738229,1253,False
BDMD,2025-03-12,BDMD_trades_2025_03_12.parquet,0.000613685179502915,3259,False
BDMD,2025-06-13,BDMD_trades_2025_06_13.parquet,0.0006269592476489029,3190,False
BDMD,2025-08-14,BDMD_trades_2025_08_14.parquet,0.003432003432003432,4662,False
BDRX,2025-02-10,BDRX_trades_2025_02_10.parquet,0.000950787562229658,245060,False
BDRX,2025-03-10,BDRX_trades_2025_03_10.parquet,0.0011982127422150472,218659,False
BDRX,2025-03-19,BDRX_trades_2025_03_19.parquet,0.0011223765854976933,266399,False
BDRX,2025-04-02,BDRX_trades_2025_04_02.parquet,0.00072992700729927,4110,False
BDRX,2025-05-22,BDRX_trades_2025_05_22.parquet,0.0009006008117744303,324228,False
BDRX,2025-06-18,BDRX_trades_2025_06_18.parquet,0.0011926275588006355,219683,False
BDRX,2025-07-14,BDRX_trades_2025_07_14.parquet,0.0018688506568460396,72772,False
BDRX,2025-10-09,BDRX_trades_2025_10_09.parquet,0.0011476338906205724,141160,False
BDSX,2025-03-05,BDSX_trades_2025_03_05.parquet,0.0021375133594584966,2807,False
BDSX,2025-05-16,BDSX_trades_2025_05_16.parquet,0.001011101898849366,49451,False
BDSX,2025-05-21,BDSX_trades_2025_05_21.parquet,0.0009359597916001666,369674,False
BDTX,2025-01-13,BDTX_trades_2025_01_13.parquet,0.0007581811848117867,48801,False
BDTX,2025-03-19,BDTX_trades_2025_03_19.parquet,0.001230689677461056,386775,False
BE,2025-10-13,BE_trades_2025_10_13.parquet,0.0010840063089724511,358854,False
BEAT,2025-08-12,BEAT_trades_2025_08_12.parquet,0.002688172043010753,1116,False
BEEM,2025-07-17,BEEM_trades_2025_07_17.parquet,0.0004664179104477612,15008,False
BEEM,2025-07-21,BEEM_trades_2025_07_21.parquet,0.0009359400998336107,9616,False
BEEP,2025-02-25,BEEP_trades_2025_02_25.parquet,0.0006798096532970768,1471,False
BENF,2025-09-30,BENF_trades_2025_09_30.parquet,0.0009706984045248042,963224,False
BENF,2025-10-02,BENF_trades_2025_10_02.parquet,0.000891578239644538,68418,False
BENF,2025-10-22,BENF_trades_2025_10_22.parquet,0.0011088467993286982,600624,False
BETR,2025-09-22,BETR_trades_2025_09_22.parquet,0.000608482699559789,133118,False
BETR,2025-09-23,BETR_trades_2025_09_23.parquet,0.0012973700227440178,124868,False
BETR,2025-10-20,BETR_trades_2025_10_20.parquet,0.0033633195558797307,24678,False
BETR,2025-10-23,BETR_trades_2025_10_23.parquet,0.0013385146804835925,23160,False
BETRW,2025-09-22,BETRW_trades_2025_09_22.parquet,0.0009204712812960235,10864,False
BFLY,2025-10-31,BFLY_trades_2025_10_31.parquet,0.0007757541564555087,56719,False
BFRG,2025-02-10,BFRG_trades_2025_02_10.parquet,0.0009332634750147357,61076,False
BFRG,2025-04-11,BFRG_trades_2025_04_11.parquet,0.0007893298791718108,49409,False
BFRG,2025-10-08,BFRG_trades_2025_10_08.parquet,0.001272900850115925,21997,False
BFRGW,2025-02-10,BFRGW_trades_2025_02_10.parquet,0.002053388090349076,487,False
BFRGW,2025-02-13,BFRGW_trades_2025_02_13.parquet,0.0,829,False
BFRGW,2025-02-25,BFRGW_trades_2025_02_25.parquet,0.0,126,False
BFRI,2025-01-08,BFRI_trades_2025_01_08.parquet,0.0005525525525525525,41625,False
BGL,2025-06-27,BGL_trades_2025_06_27.parquet,0.0007523106684817655,55828,False
BGL,2025-07-01,BGL_trades_2025_07_01.parquet,0.0005593288054334798,25030,False
BGL,2025-07-02,BGL_trades_2025_07_02.parquet,0.002411010280279945,29863,False
BGL,2025-07-14,BGL_trades_2025_07_14.parquet,0.0009179364787956673,21788,False
BGL,2025-07-22,BGL_trades_2025_07_22.parquet,0.0006981290142418319,7162,False
BGL,2025-08-08,BGL_trades_2025_08_08.parquet,0.0011828720132481666,4227,False
BGL,2025-09-17,BGL_trades_2025_09_17.parquet,0.0012123532414497192,15672,False
BGLC,2025-01-14,BGLC_trades_2025_01_14.parquet,0.001076889941847943,4643,False
BGLC,2025-04-07,BGLC_trades_2025_04_07.parquet,0.0009784735812133072,3066,False
BGLC,2025-04-11,BGLC_trades_2025_04_11.parquet,0.0009142091638154202,220956,False
BGLC,2025-05-30,BGLC_trades_2025_05_30.parquet,0.0016995963458678563,4707,False
BGLC,2025-07-01,BGLC_trades_2025_07_01.parquet,0.0010419803968191065,946275,False
BGLC,2025-07-17,BGLC_trades_2025_07_17.parquet,0.0009431711003284053,88001,False
BGLC,2025-07-30,BGLC_trades_2025_07_30.parquet,0.0010078501674275963,578459,False
BGLC,2025-09-12,BGLC_trades_2025_09_12.parquet,0.0009749982589316805,43077,False
BGM,2025-09-23,BGM_trades_2025_09_23.parquet,0.0,2146,False
BGMSP,2025-09-22,BGMSP_trades_2025_09_22.parquet,0.0,364,False
BGMSP,2025-10-20,BGMSP_trades_2025_10_20.parquet,0.0,1514,False
BGSF,2025-03-19,BGSF_trades_2025_03_19.parquet,0.00030864197530864197,3240,False
BGSF,2025-06-17,BGSF_trades_2025_06_17.parquet,0.0014564285136337892,12359,True
BHAT,2025-01-07,BHAT_trades_2025_01_07.parquet,0.0009821559700396534,108944,False
BHAT,2025-02-03,BHAT_trades_2025_02_03.parquet,0.0009076958239461913,153135,False
BHAT,2025-02-05,BHAT_trades_2025_02_05.parquet,0.0008282847406285498,42256,False
BHAT,2025-02-07,BHAT_trades_2025_02_07.parquet,0.0010629907759832666,58326,False
BHAT,2025-02-10,BHAT_trades_2025_02_10.parquet,0.0009987887030622436,94114,False
BHAT,2025-02-11,BHAT_trades_2025_02_11.parquet,0.0010448946874977636,419181,False
BHAT,2025-02-19,BHAT_trades_2025_02_19.parquet,0.0012793762825961893,116463,False
BHAT,2025-03-11,BHAT_trades_2025_03_11.parquet,0.0008604253238816915,102275,False
BHAT,2025-03-18,BHAT_trades_2025_03_18.parquet,0.0009884507335344917,38444,False
BHAT,2025-03-28,BHAT_trades_2025_03_28.parquet,0.0008832771028511027,69061,False
BHF,2025-09-19,BHF_trades_2025_09_19.parquet,0.0013755541717397973,107593,False
BHR,2025-08-27,BHR_trades_2025_08_27.parquet,0.0007915268930684859,26531,False
BHST,2025-09-12,BHST_trades_2025_09_12.parquet,0.0018779342723004694,1065,False
BIAF,2025-04-01,BIAF_trades_2025_04_01.parquet,0.0009185090942137173,924324,False
BIAF,2025-05-16,BIAF_trades_2025_05_16.parquet,0.0018167661562418895,7706,False
BIAF,2025-05-20,BIAF_trades_2025_05_20.parquet,0.0007259494775920532,108823,False
BIAF,2025-05-28,BIAF_trades_2025_05_28.parquet,0.0008314646375570057,39689,False
BIAF,2025-06-26,BIAF_trades_2025_06_26.parquet,0.0009246209054287742,200082,False
BIAF,2025-07-02,BIAF_trades_2025_07_02.parquet,0.0012899064817800709,6202,False
BIAF,2025-09-15,BIAF_trades_2025_09_15.parquet,0.001360362087866366,276397,False
BIAF,2025-09-26,BIAF_trades_2025_09_26.parquet,0.0009544676480657309,730250,False
BIAF,2025-10-08,BIAF_trades_2025_10_08.parquet,0.001675086012843581,265658,False
BIOA,2025-10-23,BIOA_trades_2025_10_23.parquet,0.0013453142451010254,39396,False
BIOX,2025-10-15,BIOX_trades_2025_10_15.parquet,0.0006036684467146505,21535,False
BIVI,2025-05-02,BIVI_trades_2025_05_02.parquet,0.0012298704792651524,26019,False
BIYA,2025-03-27,BIYA_trades_2025_03_27.parquet,0.0006939625260235947,4323,False
BIYA,2025-04-14,BIYA_trades_2025_04_14.parquet,0.0006238303181534623,1603,False
BIYA,2025-04-17,BIYA_trades_2025_04_17.parquet,0.001644736842105263,608,False
BIYA,2025-04-21,BIYA_trades_2025_04_21.parquet,0.0010793308148947653,1853,False
BIYA,2025-05-07,BIYA_trades_2025_05_07.parquet,0.00033840947546531303,2955,False
BIYA,2025-06-20,BIYA_trades_2025_06_20.parquet,0.0013277534076202961,178497,False
BJDX,2025-01-24,BJDX_trades_2025_01_24.parquet,0.0023894862604540022,2511,False
BJDX,2025-02-25,BJDX_trades_2025_02_25.parquet,0.0007642338555598013,2617,False
BJDX,2025-04-04,BJDX_trades_2025_04_04.parquet,0.000832408435072142,14416,False
BJDX,2025-04-07,BJDX_trades_2025_04_07.parquet,0.0011086348901156702,617877,False
BJDX,2025-04-10,BJDX_trades_2025_04_10.parquet,0.0007093875620714117,16916,False
BJDX,2025-06-06,BJDX_trades_2025_06_06.parquet,0.0010555847658648772,249151,False
BJDX,2025-08-11,BJDX_trades_2025_08_11.parquet,0.0010608242549495972,363868,False
BJDX,2025-10-07,BJDX_trades_2025_10_07.parquet,0.001131395527495705,286372,False
BJDX,2025-10-09,BJDX_trades_2025_10_09.parquet,0.0010018076947190236,765616,False
BJDX,2025-10-14,BJDX_trades_2025_10_14.parquet,0.0018196375282043817,13739,False
BKHAR,2025-01-21,BKHAR_trades_2025_01_21.parquet,0.0,386,False
BKHAR,2025-01-30,BKHAR_trades_2025_01_30.parquet,0.0,391,False
BKHAR,2025-02-03,BKHAR_trades_2025_02_03.parquet,0.0,222,False
BKHAR,2025-03-13,BKHAR_trades_2025_03_13.parquet,0.0,61,False
BKHAR,2025-06-23,BKHAR_trades_2025_06_23.parquet,0.008620689655172414,116,False
BKHAR,2025-07-14,BKHAR_trades_2025_07_14.parquet,0.0,7,False
BKKT,2025-03-05,BKKT_trades_2025_03_05.parquet,0.0007019335077531746,15671,False
BKKT,2025-03-20,BKKT_trades_2025_03_20.parquet,0.0012042751768779167,19929,False
BKKT,2025-04-09,BKKT_trades_2025_04_09.parquet,0.0016378100140383716,4274,False
BKKT,2025-05-13,BKKT_trades_2025_05_13.parquet,0.0007706297586387596,32441,False
BKKT,2025-07-02,BKKT_trades_2025_07_02.parquet,0.0005456890564540133,20158,False
BKKT,2025-09-22,BKKT_trades_2025_09_22.parquet,0.001164765305233824,183728,False
BKKT,2025-09-29,BKKT_trades_2025_09_29.parquet,0.001433052561183383,62803,False
BKKT,2025-09-30,BKKT_trades_2025_09_30.parquet,0.00111612443600095,84220,False
BKKT,2025-10-02,BKKT_trades_2025_10_02.parquet,0.0011819481380323758,125217,False
BKSY,2025-01-28,BKSY_trades_2025_01_28.parquet,0.0006640657425085084,60235,False
BKSY,2025-05-08,BKSY_trades_2025_05_08.parquet,0.0020629190304280558,23268,False
BKYI,2025-01-10,BKYI_trades_2025_01_10.parquet,0.0015436068947774634,15548,False
BKYI,2025-01-15,BKYI_trades_2025_01_15.parquet,0.0009306290626221006,703825,False
BKYI,2025-10-27,BKYI_trades_2025_10_27.parquet,0.0008231246439481274,891724,False
BLBX,2025-01-22,BLBX_trades_2025_01_22.parquet,0.0009090817771795361,995510,False
BLBX,2025-01-28,BLBX_trades_2025_01_28.parquet,0.0007145919679862799,13994,False
BLBX,2025-10-08,BLBX_trades_2025_10_08.parquet,0.000513347022587269,3896,False
BLBX,2025-10-13,BLBX_trades_2025_10_13.parquet,0.0006950801885193097,58986,False
BLBX,2025-10-14,BLBX_trades_2025_10_14.parquet,0.0011274865104292503,12417,False
BLIN,2025-01-06,BLIN_trades_2025_01_06.parquet,0.0006091370558375635,4925,False
BLIN,2025-04-02,BLIN_trades_2025_04_02.parquet,0.0007283321194464676,1373,False
BLIV,2025-04-09,BLIV_trades_2025_04_09.parquet,0.00099601593625498,35140,False
BLIV,2025-04-23,BLIV_trades_2025_04_23.parquet,0.0005141388174807198,1945,False
BLIV,2025-07-30,BLIV_trades_2025_07_30.parquet,0.0,962,False
BLMZ,2025-03-20,BLMZ_trades_2025_03_20.parquet,0.0011049723756906078,905,False
BLMZ,2025-05-01,BLMZ_trades_2025_05_01.parquet,0.0013432653559653192,8189,False
BLMZ,2025-05-06,BLMZ_trades_2025_05_06.parquet,0.0010261331407750156,210499,False
BLMZ,2025-05-15,BLMZ_trades_2025_05_15.parquet,0.0008621928437993965,6959,False
BLMZ,2025-05-20,BLMZ_trades_2025_05_20.parquet,0.0010539357914712754,637610,False
BLMZ,2025-05-23,BLMZ_trades_2025_05_23.parquet,0.000946387028344731,341298,False
BLMZ,2025-07-15,BLMZ_trades_2025_07_15.parquet,0.0009258006176105117,325124,False
BLMZ,2025-07-22,BLMZ_trades_2025_07_22.parquet,0.0009806346738285392,226384,False
BLMZ,2025-09-19,BLMZ_trades_2025_09_19.parquet,0.0009610209886983932,26014,False
BLMZ,2025-10-08,BLMZ_trades_2025_10_08.parquet,0.0010838463539408654,23066,False
BLMZ,2025-10-28,BLMZ_trades_2025_10_28.parquet,0.0007819441976186245,28135,False
BLNE,2025-03-25,BLNE_trades_2025_03_25.parquet,0.0026000167743017695,11923,False
BLNE,2025-03-26,BLNE_trades_2025_03_26.parquet,0.0008457890796150966,288488,False
BLNE,2025-06-18,BLNE_trades_2025_06_18.parquet,0.0013166556945358788,21266,False
BLNE,2025-06-20,BLNE_trades_2025_06_20.parquet,0.001994097471484406,12537,False
BLNE,2025-06-24,BLNE_trades_2025_06_24.parquet,0.001041443317915888,32647,False
BLNE,2025-07-22,BLNE_trades_2025_07_22.parquet,0.0010436480549430203,59407,False
BLNE,2025-08-27,BLNE_trades_2025_08_27.parquet,0.0011694874114609767,45319,False
BLNE,2025-09-15,BLNE_trades_2025_09_15.parquet,0.0004159980982944078,16827,False
BLRX,2025-05-30,BLRX_trades_2025_05_30.parquet,0.0009867120791985046,336471,False
BMA,2025-10-27,BMA_trades_2025_10_27.parquet,0.0006296237997796317,44471,False
BMEA,2025-06-03,BMEA_trades_2025_06_03.parquet,0.0009059259891668327,210834,False
BMEA,2025-10-06,BMEA_trades_2025_10_06.parquet,0.0008158790459314407,78443,False
BMGL,2025-05-14,BMGL_trades_2025_05_14.parquet,0.0009852590094357498,26389,False
BMGL,2025-05-15,BMGL_trades_2025_05_15.parquet,0.0014569241061473278,67265,False
BMGL,2025-05-16,BMGL_trades_2025_05_16.parquet,0.0008745991420598892,48022,False
BMGL,2025-05-30,BMGL_trades_2025_05_30.parquet,0.0008047795559762929,838739,False
BMGL,2025-06-02,BMGL_trades_2025_06_02.parquet,0.0013842589976834848,637164,False
BMGL,2025-06-03,BMGL_trades_2025_06_03.parquet,0.00133686103166544,214682,False
BMGL,2025-07-07,BMGL_trades_2025_07_07.parquet,0.0008017409231474057,8731,False
BMGL,2025-07-09,BMGL_trades_2025_07_09.parquet,0.0009711510996858041,700200,False
BMGL,2025-07-14,BMGL_trades_2025_07_14.parquet,0.000919988278667857,146741,False
BMRA,2025-01-16,BMRA_trades_2025_01_16.parquet,0.0009973115237050124,609639,False
BMRA,2025-02-10,BMRA_trades_2025_02_10.parquet,0.0020289343683839098,11336,False
BMRA,2025-02-18,BMRA_trades_2025_02_18.parquet,0.0019445297308361479,9771,False
BMRA,2025-08-14,BMRA_trades_2025_08_14.parquet,0.0011497257982719465,317467,False
BNAI,2025-02-10,BNAI_trades_2025_02_10.parquet,0.001197483255530749,344890,False
BNBX,2025-10-22,BNBX_trades_2025_10_22.parquet,0.0010784845252044747,514611,False
BNC,2025-08-11,BNC_trades_2025_08_11.parquet,0.0021197668256491787,24531,False
BNC,2025-08-13,BNC_trades_2025_08_13.parquet,0.004174521949905737,7426,False
BNGO,2025-04-10,BNGO_trades_2025_04_10.parquet,0.0005407354001441961,11096,False
BNGO,2025-05-15,BNGO_trades_2025_05_15.parquet,0.0007408779403593258,5399,False
BNR,2025-06-12,BNR_trades_2025_06_12.parquet,0.0,1145,False
BNR,2025-07-23,BNR_trades_2025_07_23.parquet,0.00015306903413439462,6533,False
BNR,2025-08-18,BNR_trades_2025_08_18.parquet,0.000658906215681968,4553,False
BNRG,2025-01-10,BNRG_trades_2025_01_10.parquet,0.00017719500310091257,11287,False
BNRG,2025-01-21,BNRG_trades_2025_01_21.parquet,0.0004305705059203445,4645,False
BNRG,2025-02-18,BNRG_trades_2025_02_18.parquet,0.0008976660682226212,1114,False
BNRG,2025-05-23,BNRG_trades_2025_05_23.parquet,0.0007871321013004791,29220,False
BNRG,2025-05-29,BNRG_trades_2025_05_29.parquet,0.0005585344057193923,8952,False
BNZI,2025-01-29,BNZI_trades_2025_01_29.parquet,0.0011122713034003723,88108,False
BNZI,2025-01-30,BNZI_trades_2025_01_30.parquet,0.0008740903362198642,196776,False
BNZI,2025-03-14,BNZI_trades_2025_03_14.parquet,0.0002747252747252747,3640,False
BNZI,2025-03-18,BNZI_trades_2025_03_18.parquet,0.0004018831094270295,17418,False
BNZI,2025-03-26,BNZI_trades_2025_03_26.parquet,0.001050828987312213,25694,False
BNZI,2025-06-16,BNZI_trades_2025_06_16.parquet,0.0009231604670105892,73660,False
BNZI,2025-08-08,BNZI_trades_2025_08_08.parquet,0.0007180039490217197,5571,False
BODI,2025-01-16,BODI_trades_2025_01_16.parquet,0.0,705,False
BODI,2025-06-10,BODI_trades_2025_06_10.parquet,0.0008457553652605984,9459,False
BODI,2025-08-06,BODI_trades_2025_08_06.parquet,0.00039277297721916735,2546,False
BOF,2025-10-21,BOF_trades_2025_10_21.parquet,0.001076662501161866,387308,False
BOLT,2025-05-21,BOLT_trades_2025_05_21.parquet,0.001088321473419841,11945,False
BON,2025-02-28,BON_trades_2025_02_28.parquet,0.0008610380291796221,20905,False
BON,2025-03-12,BON_trades_2025_03_12.parquet,0.0014509576320371445,3446,False
BON,2025-03-13,BON_trades_2025_03_13.parquet,0.001442335429527491,69332,False
BON,2025-03-14,BON_trades_2025_03_14.parquet,0.0009220231822971549,349232,False
BON,2025-04-07,BON_trades_2025_04_07.parquet,0.001264074533579906,42719,False
BON,2025-04-11,BON_trades_2025_04_11.parquet,0.0011174709329602743,351687,False
BON,2025-04-29,BON_trades_2025_04_29.parquet,0.0009555019744552519,133961,False
BON,2025-05-14,BON_trades_2025_05_14.parquet,0.0007605848052057804,70998,False
BON,2025-05-16,BON_trades_2025_05_16.parquet,0.001172568787828276,173977,False
BON,2025-05-20,BON_trades_2025_05_20.parquet,0.0012108369910700772,59463,False
BON,2025-05-22,BON_trades_2025_05_22.parquet,0.0009257841321991898,430986,False
BON,2025-06-04,BON_trades_2025_06_04.parquet,0.0010229374040996184,127085,False
BON,2025-09-09,BON_trades_2025_09_09.parquet,0.0010578820144189318,378114,False
BOSC,2025-05-29,BOSC_trades_2025_05_29.parquet,0.001254411346568767,59789,False
BOXL,2025-01-06,BOXL_trades_2025_01_06.parquet,0.0010590996253493396,428666,False
BOXL,2025-02-21,BOXL_trades_2025_02_21.parquet,0.0013109381401065136,12205,False
BOXL,2025-09-16,BOXL_trades_2025_09_16.parquet,0.0011477437897182855,212591,False
BOXL,2025-09-22,BOXL_trades_2025_09_22.parquet,0.0010602055541090963,1812856,False
BRBI,2025-09-23,BRBI_trades_2025_09_23.parquet,0.0015535321279074785,23173,True
BRFH,2025-01-22,BRFH_trades_2025_01_22.parquet,0.0,552,False
BRFH,2025-09-18,BRFH_trades_2025_09_18.parquet,0.0006795922446532081,25015,False
BRFH,2025-09-19,BRFH_trades_2025_09_19.parquet,0.00031523366695563086,12689,False
BRLS,2025-05-28,BRLS_trades_2025_05_28.parquet,0.0008613264427217916,2322,False
BRLS,2025-06-06,BRLS_trades_2025_06_06.parquet,0.0007262603643406161,16523,False
BRLS,2025-06-11,BRLS_trades_2025_06_11.parquet,0.0006720430107526882,2976,False
BRLS,2025-10-02,BRLS_trades_2025_10_02.parquet,0.000735872516430257,39409,False
BRLT,2025-03-13,BRLT_trades_2025_03_13.parquet,0.0004045307443365696,2472,False
BRLT,2025-08-07,BRLT_trades_2025_08_07.parquet,0.0012302127208883601,245486,False
BRNS,2025-07-16,BRNS_trades_2025_07_16.parquet,0.0012335579289109906,310484,False
BRNS,2025-07-21,BRNS_trades_2025_07_21.parquet,0.0011763783232687632,12751,False
BRNS,2025-10-01,BRNS_trades_2025_10_01.parquet,0.0007976601967561818,3761,False
BROS,2025-02-13,BROS_trades_2025_02_13.parquet,0.001014875376142622,140904,False
BRRWW,2025-10-21,BRRWW_trades_2025_10_21.parquet,0.0039447731755424065,2028,False
BSLK,2025-02-05,BSLK_trades_2025_02_05.parquet,0.0011150574048071364,24214,False
BSLK,2025-02-06,BSLK_trades_2025_02_06.parquet,0.001559367342392515,4489,False
BSLK,2025-02-13,BSLK_trades_2025_02_13.parquet,0.0010598044562387906,355726,False
BSLK,2025-02-18,BSLK_trades_2025_02_18.parquet,0.0018517479378261602,17821,False
BSLK,2025-02-19,BSLK_trades_2025_02_19.parquet,0.0010038678437509227,33869,False
BSLK,2025-04-23,BSLK_trades_2025_04_23.parquet,0.0011940298507462687,6700,False
BSLK,2025-05-30,BSLK_trades_2025_05_30.parquet,0.0013960088760013383,260027,False
BSLK,2025-07-08,BSLK_trades_2025_07_08.parquet,0.0011112632420229448,314057,False
BSLK,2025-07-17,BSLK_trades_2025_07_17.parquet,0.0010226100822421159,576955,False
BSLK,2025-07-29,BSLK_trades_2025_07_29.parquet,0.0013097767558285065,34357,False
BSLK,2025-08-13,BSLK_trades_2025_08_13.parquet,0.000985330125864513,1862320,False
BSLK,2025-08-15,BSLK_trades_2025_08_15.parquet,0.0010332198265638004,248737,False
BSLK,2025-08-19,BSLK_trades_2025_08_19.parquet,0.0008085854310367736,263423,False
BSLK,2025-09-04,BSLK_trades_2025_09_04.parquet,0.0012109177576471253,389787,False
BTAI,2025-01-06,BTAI_trades_2025_01_06.parquet,0.0013156321014232747,8361,False
BTAI,2025-02-28,BTAI_trades_2025_02_28.parquet,0.001026635622596416,421766,False
BTAI,2025-03-03,BTAI_trades_2025_03_03.parquet,0.000924472055343164,703104,False
BTAI,2025-03-19,BTAI_trades_2025_03_19.parquet,0.0006979252585495844,15761,False
BTAI,2025-08-01,BTAI_trades_2025_08_01.parquet,0.0010308183297363326,414234,False
BTAI,2025-08-04,BTAI_trades_2025_08_04.parquet,0.0010084022679292296,307417,False
BTAI,2025-08-05,BTAI_trades_2025_08_05.parquet,0.000569156341093857,130017,False
BTAI,2025-08-08,BTAI_trades_2025_08_08.parquet,0.0008822811661128944,159813,False
BTAI,2025-08-11,BTAI_trades_2025_08_11.parquet,0.0010646445662388171,184099,False
BTBD,2025-08-04,BTBD_trades_2025_08_04.parquet,0.0009483980378341161,746522,False
BTBD,2025-09-03,BTBD_trades_2025_09_03.parquet,0.0012431977726660264,537324,False
BTBT,2025-07-07,BTBT_trades_2025_07_07.parquet,0.0011595935838011676,304417,False
BTCS,2025-01-17,BTCS_trades_2025_01_17.parquet,0.001295541441526843,31647,False
BTCS,2025-05-09,BTCS_trades_2025_05_09.parquet,0.0005126671508523091,23407,False
BTCS,2025-07-08,BTCS_trades_2025_07_08.parquet,0.0008694394704096007,560131,False
BTCS,2025-07-16,BTCS_trades_2025_07_16.parquet,0.0007317457814224886,158525,False
BTCS,2025-07-18,BTCS_trades_2025_07_18.parquet,0.0007836263339691705,193970,False
BTCT,2025-01-17,BTCT_trades_2025_01_17.parquet,0.0007257246618851837,329326,False
BTCT,2025-01-23,BTCT_trades_2025_01_23.parquet,0.0010877295736936787,71709,False
BTCT,2025-03-03,BTCT_trades_2025_03_03.parquet,0.0015737332737091948,116284,False
BTDR,2025-10-15,BTDR_trades_2025_10_15.parquet,0.0010598305221685177,210411,False
BTM,2025-05-15,BTM_trades_2025_05_15.parquet,0.0008182874036532573,37884,False
BTM,2025-05-16,BTM_trades_2025_05_16.parquet,0.0013945380592678676,17210,False
BTOC,2025-05-13,BTOC_trades_2025_05_13.parquet,0.0005571030640668524,1795,False
BTOG,2025-07-18,BTOG_trades_2025_07_18.parquet,0.0010107988556644148,431342,False
BTQ,2025-09-29,BTQ_trades_2025_09_29.parquet,0.0007276003048991754,28862,False
BTQ,2025-10-06,BTQ_trades_2025_10_06.parquet,0.0019817109567127475,41883,False
BTQ,2025-10-07,BTQ_trades_2025_10_07.parquet,0.0012769247987953155,196566,False
BTTC,2025-10-02,BTTC_trades_2025_10_02.parquet,0.002040283151491024,80381,False
BULL,2025-04-14,BULL_trades_2025_04_14.parquet,0.0008286657955388626,761465,False
BULL,2025-04-22,BULL_trades_2025_04_22.parquet,0.0007435369480668039,87420,False
BULLW,2025-04-14,BULLW_trades_2025_04_14.parquet,0.0013503445706835536,21476,False
BULLW,2025-04-15,BULLW_trades_2025_04_15.parquet,0.0006200909466721786,9676,False
BULLW,2025-04-16,BULLW_trades_2025_04_16.parquet,0.001215066828675577,4115,False
BULLW,2025-04-22,BULLW_trades_2025_04_22.parquet,0.0007914523149980214,2527,False
BULLW,2025-05-02,BULLW_trades_2025_05_02.parquet,0.0014899428855227217,4027,False
BULLW,2025-05-07,BULLW_trades_2025_05_07.parquet,0.0004553734061930783,8784,False
BULLW,2025-05-08,BULLW_trades_2025_05_08.parquet,0.0007590708972218005,6587,False
BULLW,2025-05-16,BULLW_trades_2025_05_16.parquet,0.0011870845204178537,4212,False
BULLW,2025-05-20,BULLW_trades_2025_05_20.parquet,0.00034164673727365904,2927,False
BULLW,2025-05-21,BULLW_trades_2025_05_21.parquet,0.0003505082369435682,5706,False
BULLW,2025-05-28,BULLW_trades_2025_05_28.parquet,0.00234192037470726,2135,False
BUUU,2025-09-09,BUUU_trades_2025_09_09.parquet,0.006458557588805167,929,False
BUUU,2025-09-15,BUUU_trades_2025_09_15.parquet,0.0012072434607645875,2485,False
BW,2025-06-05,BW_trades_2025_06_05.parquet,0.0009020315318848537,101992,False
BW,2025-09-10,BW_trades_2025_09_10.parquet,0.0003135357878706441,22326,False
BWNB,2025-05-06,BWNB_trades_2025_05_06.parquet,0.0,612,False
BWNB,2025-05-07,BWNB_trades_2025_05_07.parquet,0.0,406,False
BWNB,2025-05-13,BWNB_trades_2025_05_13.parquet,0.0014347202295552368,697,False
BWNB,2025-06-05,BWNB_trades_2025_06_05.parquet,0.0010559662090813093,1894,False
BWSN,2025-05-06,BWSN_trades_2025_05_06.parquet,0.0,691,False
BWSN,2025-05-07,BWSN_trades_2025_05_07.parquet,0.0,454,False
BWSN,2025-05-13,BWSN_trades_2025_05_13.parquet,0.0,447,False
BWSN,2025-06-05,BWSN_trades_2025_06_05.parquet,0.0008006405124099279,1249,False
BWpA,2025-05-06,BWpA_trades_2025_05_06.parquet,0.0013458950201884253,743,False
BWpA,2025-05-15,BWpA_trades_2025_05_15.parquet,0.0010779734099892202,2783,False
BWpA,2025-06-05,BWpA_trades_2025_06_05.parquet,0.0014154281670205238,1413,False
BWpA,2025-08-12,BWpA_trades_2025_08_12.parquet,0.002331002331002331,858,False
BYND,2025-07-21,BYND_trades_2025_07_21.parquet,0.0011724638490313215,53733,False
BYND,2025-10-20,BYND_trades_2025_10_20.parquet,0.0010613548622376478,1192815,False
BYND,2025-10-21,BYND_trades_2025_10_21.parquet,0.0010084215968164513,3133610,False
BYND,2025-10-22,BYND_trades_2025_10_22.parquet,0.0010660015223389245,6039391,False
BYND,2025-10-28,BYND_trades_2025_10_28.parquet,0.0010298680147681968,542788,False
BYSI,2025-06-09,BYSI_trades_2025_06_09.parquet,0.0010695187165775401,1870,False
BZAI,2025-01-17,BZAI_trades_2025_01_17.parquet,0.0012445550715619166,20891,False
BZAI,2025-02-13,BZAI_trades_2025_02_13.parquet,0.00251646410023023,18677,False
BZAI,2025-02-14,BZAI_trades_2025_02_14.parquet,0.0011724703951225231,17058,False
BZAI,2025-07-18,BZAI_trades_2025_07_18.parquet,0.0013002159979422056,567598,False
BZAI,2025-10-06,BZAI_trades_2025_10_06.parquet,0.0013143991134249118,38801,False
BZAI,2025-10-15,BZAI_trades_2025_10_15.parquet,0.001160261058738216,75845,False
BZAIW,2025-10-06,BZAIW_trades_2025_10_06.parquet,0.0004798464491362764,2084,False
BZAIW,2025-10-15,BZAIW_trades_2025_10_15.parquet,0.0005045408678102926,3964,False
BZFD,2025-05-27,BZFD_trades_2025_05_27.parquet,0.0008716875871687587,5736,False
CABA,2025-05-15,CABA_trades_2025_05_15.parquet,0.0008738467743290705,59507,False
CABA,2025-08-13,CABA_trades_2025_08_13.parquet,0.000556947925368978,17955,False
CABA,2025-10-09,CABA_trades_2025_10_09.parquet,0.0011688824978766702,118917,False
CABA,2025-10-31,CABA_trades_2025_10_31.parquet,0.0016129713296457375,118415,False
CADL,2025-02-20,CADL_trades_2025_02_20.parquet,0.0007726677192864582,29767,False
CALC,2025-07-11,CALC_trades_2025_07_11.parquet,0.0005390835579514825,1855,False
CAMP,2025-01-21,CAMP_trades_2025_01_21.parquet,0.0008722197993894462,4586,False
CAMP,2025-02-28,CAMP_trades_2025_02_28.parquet,0.0,1191,False
CAMP,2025-03-11,CAMP_trades_2025_03_11.parquet,0.0,908,False
CAMP,2025-09-10,CAMP_trades_2025_09_10.parquet,0.001238974499776916,291370,False
CAN,2025-10-02,CAN_trades_2025_10_02.parquet,0.0009120711759695059,116219,False
CAN,2025-10-13,CAN_trades_2025_10_13.parquet,0.0010681519064604115,52427,False
CAN,2025-10-20,CAN_trades_2025_10_20.parquet,0.0012176454216532146,114976,False
CAPS,2025-02-27,CAPS_trades_2025_02_27.parquet,0.0,32,False
CAPS,2025-03-17,CAPS_trades_2025_03_17.parquet,0.0006310807257428347,38030,False
CAPS,2025-03-24,CAPS_trades_2025_03_24.parquet,0.0007154414273606815,90853,False
CAPS,2025-04-08,CAPS_trades_2025_04_08.parquet,0.0,1906,False
CAPS,2025-05-16,CAPS_trades_2025_05_16.parquet,0.0011918951132300357,151020,False
CAPS,2025-08-25,CAPS_trades_2025_08_25.parquet,0.001085027978708885,439620,False
CAPT,2025-02-04,CAPT_trades_2025_02_04.parquet,0.0008326607996105709,468378,False
CAPT,2025-05-30,CAPT_trades_2025_05_30.parquet,0.0022593764121102574,13278,False
CAPT,2025-06-04,CAPT_trades_2025_06_04.parquet,0.00035267148651031563,5671,False
CARV,2025-07-18,CARV_trades_2025_07_18.parquet,0.0,945,False
CARV,2025-09-02,CARV_trades_2025_09_02.parquet,0.0010498687664041995,3810,False
CARV,2025-09-03,CARV_trades_2025_09_03.parquet,0.0009003061040753856,16661,False
CASI,2025-06-13,CASI_trades_2025_06_13.parquet,0.0019397746166635876,21652,False
CASI,2025-06-17,CASI_trades_2025_06_17.parquet,0.0002585983966899405,3867,False
CASI,2025-08-04,CASI_trades_2025_08_04.parquet,0.0008259617595900639,308731,False
CASI,2025-08-15,CASI_trades_2025_08_15.parquet,0.000617771218725332,29137,False
CATO,2025-08-21,CATO_trades_2025_08_21.parquet,0.002956113090275146,13193,False
CBIO,2025-06-23,CBIO_trades_2025_06_23.parquet,0.0,886,False
CBIO,2025-06-25,CBIO_trades_2025_06_25.parquet,0.0021994134897360706,2728,False
CBLL,2025-04-11,CBLL_trades_2025_04_11.parquet,0.0011223726277124005,29402,False
CBUS,2025-10-15,CBUS_trades_2025_10_15.parquet,0.0006913303437967115,53520,False
CCCC,2025-08-07,CCCC_trades_2025_08_07.parquet,0.00041234497414914203,31527,False
CCCC,2025-09-15,CCCC_trades_2025_09_15.parquet,0.0006802318703418905,33812,False
CCCXW,2025-07-23,CCCXW_trades_2025_07_23.parquet,0.0,98,False
CCCXW,2025-09-08,CCCXW_trades_2025_09_08.parquet,0.003041568097330179,2959,False
CCCXW,2025-09-19,CCCXW_trades_2025_09_19.parquet,0.0,3812,False
CCCXW,2025-10-03,CCCXW_trades_2025_10_03.parquet,0.0003397893306150187,2943,False
CCCXW,2025-10-06,CCCXW_trades_2025_10_06.parquet,0.0006285355122564425,4773,False
CCCXW,2025-10-07,CCCXW_trades_2025_10_07.parquet,0.0010856079404466502,6448,False
CCCXW,2025-10-10,CCCXW_trades_2025_10_10.parquet,0.0008598452278589854,4652,False
CCCXW,2025-10-13,CCCXW_trades_2025_10_13.parquet,0.0011444921316165952,3495,False
CCG,2025-02-24,CCG_trades_2025_02_24.parquet,0.00021468441391155003,4658,False
CCG,2025-02-26,CCG_trades_2025_02_26.parquet,0.0004913039206052865,20354,False
CCG,2025-04-21,CCG_trades_2025_04_21.parquet,0.0005333333333333334,1875,False
CCHH,2025-10-07,CCHH_trades_2025_10_07.parquet,0.0011926058437686344,3354,False
CCHH,2025-10-10,CCHH_trades_2025_10_10.parquet,0.0024313997915943034,5758,False
CCIIW,2025-10-20,CCIIW_trades_2025_10_20.parquet,0.007352941176470588,680,False
CCIXW,2025-05-27,CCIXW_trades_2025_05_27.parquet,0.0,219,False
CCIXW,2025-05-28,CCIXW_trades_2025_05_28.parquet,0.0,50,False
CCIXW,2025-09-18,CCIXW_trades_2025_09_18.parquet,0.0,193,False
CCIXW,2025-10-09,CCIXW_trades_2025_10_09.parquet,0.0,137,False
CCIXW,2025-10-14,CCIXW_trades_2025_10_14.parquet,0.0013736263736263737,728,False
CCLD,2025-03-13,CCLD_trades_2025_03_13.parquet,0.0009637310157897002,116215,False
CCLD,2025-05-06,CCLD_trades_2025_05_06.parquet,0.0006071980569662177,18116,False
CCM,2025-01-06,CCM_trades_2025_01_06.parquet,0.002506265664160401,798,False
CCM,2025-01-30,CCM_trades_2025_01_30.parquet,0.004316546762589928,695,False
CCM,2025-04-29,CCM_trades_2025_04_29.parquet,0.00029976019184652276,3336,False
CCM,2025-07-16,CCM_trades_2025_07_16.parquet,0.0,229,False
CCM,2025-07-21,CCM_trades_2025_07_21.parquet,0.0014061401453011485,4267,False
CCM,2025-08-01,CCM_trades_2025_08_01.parquet,0.0034423407917383822,1162,False
CCO,2025-10-17,CCO_trades_2025_10_17.parquet,0.0007687950149712714,49428,False
CCTG,2025-09-10,CCTG_trades_2025_09_10.parquet,0.0012559059887735735,247630,False
CCTG,2025-09-29,CCTG_trades_2025_09_29.parquet,0.0006804264005443411,4409,False
CCTG,2025-10-06,CCTG_trades_2025_10_06.parquet,0.0009943652635067948,3017,False
CCTG,2025-10-07,CCTG_trades_2025_10_07.parquet,0.0007246376811594203,6900,False
CCTG,2025-10-10,CCTG_trades_2025_10_10.parquet,0.0019042938755451809,16279,False
CDIO,2025-02-07,CDIO_trades_2025_02_07.parquet,0.0011403690648973668,9646,False
CDLX,2025-03-13,CDLX_trades_2025_03_13.parquet,0.0005445576270100583,31218,False
CDLX,2025-06-16,CDLX_trades_2025_06_16.parquet,0.0005386842636859471,14851,False
CDLX,2025-07-22,CDLX_trades_2025_07_22.parquet,0.0011961722488038277,66044,False
CDLX,2025-09-18,CDLX_trades_2025_09_18.parquet,0.0008284648394975664,395913,False
CDLX,2025-09-24,CDLX_trades_2025_09_24.parquet,0.0012893668385822452,109356,False
CDT,2025-01-07,CDT_trades_2025_01_07.parquet,0.0011333157039779382,105884,False
CDT,2025-01-08,CDT_trades_2025_01_08.parquet,0.0012037982241568598,103838,False
CDT,2025-01-10,CDT_trades_2025_01_10.parquet,0.001024146935116513,383734,False
CDT,2025-02-07,CDT_trades_2025_02_07.parquet,0.0008973961634001138,648543,False
CDT,2025-03-28,CDT_trades_2025_03_28.parquet,0.0011529592621060721,13010,False
CDT,2025-04-10,CDT_trades_2025_04_10.parquet,0.0006587186113343034,138147,False
CDT,2025-04-11,CDT_trades_2025_04_11.parquet,0.0007413702692439831,110606,False
CDT,2025-06-02,CDT_trades_2025_06_02.parquet,0.0007586431126043134,9227,False
CDT,2025-09-17,CDT_trades_2025_09_17.parquet,0.00088732806555458,427125,False
CDT,2025-10-06,CDT_trades_2025_10_06.parquet,0.000894054537326777,13422,False
CDTG,2025-06-13,CDTG_trades_2025_06_13.parquet,0.0013559862806093962,25074,False
CDTG,2025-09-09,CDTG_trades_2025_09_09.parquet,0.0011138017558020936,159813,False
CDTX,2025-06-23,CDTX_trades_2025_06_23.parquet,0.001392055009529504,107036,False
CELC,2025-07-28,CELC_trades_2025_07_28.parquet,0.0007290562036055143,467728,False
CELC,2025-10-20,CELC_trades_2025_10_20.parquet,0.0010640118455025039,134397,False
CELH,2025-02-21,CELH_trades_2025_02_21.parquet,0.0011998403399706972,418389,False
CELU,2025-02-05,CELU_trades_2025_02_05.parquet,0.001358695652173913,5152,False
CELU,2025-03-05,CELU_trades_2025_03_05.parquet,0.000643707756678468,3107,False
CELU,2025-05-13,CELU_trades_2025_05_13.parquet,0.000375234521575985,2665,False
CELU,2025-07-18,CELU_trades_2025_07_18.parquet,0.0014385039558858787,4171,False
CELU,2025-07-22,CELU_trades_2025_07_22.parquet,0.00041322314049586776,4840,False
CELZ,2025-02-13,CELZ_trades_2025_02_13.parquet,0.0003590664272890485,2785,False
CELZ,2025-02-19,CELZ_trades_2025_02_19.parquet,0.0,2164,False
CELZ,2025-07-09,CELZ_trades_2025_07_09.parquet,0.0008370748040483981,13141,False
CENX,2025-06-02,CENX_trades_2025_06_02.parquet,0.0009153253629617113,71013,False
CEP,2025-04-23,CEP_trades_2025_04_23.parquet,0.0010101913105667799,111860,False
CEP,2025-04-24,CEP_trades_2025_04_24.parquet,0.0010237913206718797,528428,False
CEP,2025-04-25,CEP_trades_2025_04_25.parquet,0.0008425878834344186,263474,False
CEP,2025-04-30,CEP_trades_2025_04_30.parquet,0.0013450380259420632,139773,False
CEP,2025-05-01,CEP_trades_2025_05_01.parquet,0.0013628773185763174,133541,False
CEP,2025-05-20,CEP_trades_2025_05_20.parquet,0.001256281407035176,43780,False
CEPU,2025-10-27,CEPU_trades_2025_10_27.parquet,0.0020033054539990987,19967,False
CETX,2025-05-16,CETX_trades_2025_05_16.parquet,0.0,3720,False
CETX,2025-05-27,CETX_trades_2025_05_27.parquet,0.0015342622161168894,56053,False
CETX,2025-06-13,CETX_trades_2025_06_13.parquet,0.0002686246418338109,11168,False
CETX,2025-06-25,CETX_trades_2025_06_25.parquet,0.0007280669821623589,30217,False
CETY,2025-01-22,CETY_trades_2025_01_22.parquet,0.0,1106,False
CETY,2025-03-03,CETY_trades_2025_03_03.parquet,0.0009482168255807828,18983,False
CETY,2025-03-10,CETY_trades_2025_03_10.parquet,0.00034234851078397807,2921,False
CETY,2025-03-17,CETY_trades_2025_03_17.parquet,0.0,1014,False
CETY,2025-08-01,CETY_trades_2025_08_01.parquet,0.00042762454564892024,4677,False
CGC,2025-02-05,CGC_trades_2025_02_05.parquet,0.0011185503587350792,62581,False
CGC,2025-08-08,CGC_trades_2025_08_08.parquet,0.0007115468237340396,50594,False
CGC,2025-08-11,CGC_trades_2025_08_11.parquet,0.0009681996494449545,119810,False
CGON,2025-04-28,CGON_trades_2025_04_28.parquet,0.0011278407488862572,70932,True
CGTL,2025-04-03,CGTL_trades_2025_04_03.parquet,0.0006868131868131869,5824,False
CGTL,2025-05-01,CGTL_trades_2025_05_01.parquet,0.0028312570781426952,3532,False
CGTL,2025-06-12,CGTL_trades_2025_06_12.parquet,0.0010292668734979671,409029,False
CGTL,2025-06-13,CGTL_trades_2025_06_13.parquet,0.0006408202499198974,99872,False
CGTL,2025-06-16,CGTL_trades_2025_06_16.parquet,0.0017626626574731713,19289,False
CGTL,2025-09-10,CGTL_trades_2025_09_10.parquet,0.0016036476482723947,230724,False
CGTX,2025-07-10,CGTX_trades_2025_07_10.parquet,0.0009541085921428854,329103,False
CGTX,2025-08-13,CGTX_trades_2025_08_13.parquet,0.0005420240727516756,116231,False
CGTX,2025-08-14,CGTX_trades_2025_08_14.parquet,0.0006883101984627739,69736,False
CGTX,2025-08-22,CGTX_trades_2025_08_22.parquet,0.000738685140449999,50089,False
CGTX,2025-08-25,CGTX_trades_2025_08_25.parquet,0.0007334500544172621,84532,False
CHEK,2025-01-07,CHEK_trades_2025_01_07.parquet,0.0005614823133071309,8905,False
CHEK,2025-02-24,CHEK_trades_2025_02_24.parquet,0.0005702879954376961,21042,False
CHEK,2025-05-13,CHEK_trades_2025_05_13.parquet,0.0,2617,False
CHEK,2025-08-29,CHEK_trades_2025_08_29.parquet,0.0010237510237510238,24420,False
CHEK,2025-09-15,CHEK_trades_2025_09_15.parquet,0.001058336222469573,712439,False
CHEK,2025-09-16,CHEK_trades_2025_09_16.parquet,0.0009806429606890083,93816,False
CHGG,2025-06-06,CHGG_trades_2025_06_06.parquet,0.0008670626867874405,54206,False
CHNR,2025-06-11,CHNR_trades_2025_06_11.parquet,0.0009365400464523863,26694,True
CHNR,2025-09-25,CHNR_trades_2025_09_25.parquet,0.001887826563546678,16421,False
CHNR,2025-10-13,CHNR_trades_2025_10_13.parquet,0.0013132344853130997,267279,False
CHR,2025-09-09,CHR_trades_2025_09_09.parquet,0.000926858754785412,24815,False
CHSN,2025-04-07,CHSN_trades_2025_04_07.parquet,0.0010644162424640502,341032,False
CHSN,2025-05-12,CHSN_trades_2025_05_12.parquet,0.0014232849416453174,42156,False
CHSN,2025-06-11,CHSN_trades_2025_06_11.parquet,0.001709077098366882,5266,False
CHSN,2025-08-04,CHSN_trades_2025_08_04.parquet,0.00047611490239644503,12602,False
CHSN,2025-09-02,CHSN_trades_2025_09_02.parquet,0.0007295276308590188,10966,False
CHSN,2025-09-09,CHSN_trades_2025_09_09.parquet,0.0012381646030589948,13730,False
CIFR,2025-01-31,CIFR_trades_2025_01_31.parquet,0.0011151862122431942,167685,False
CIFRW,2025-01-31,CIFRW_trades_2025_01_31.parquet,0.007954545454545454,880,False
CIFRW,2025-02-28,CIFRW_trades_2025_02_28.parquet,0.0,40,False
CIFRW,2025-07-02,CIFRW_trades_2025_07_02.parquet,0.0009124087591240876,1096,False
CIFRW,2025-07-03,CIFRW_trades_2025_07_03.parquet,0.0042796005706134095,701,False
CIFRW,2025-08-18,CIFRW_trades_2025_08_18.parquet,0.0021598272138228943,926,False
CIFRW,2025-09-02,CIFRW_trades_2025_09_02.parquet,0.00027862914460852607,3589,False
CIFRW,2025-09-09,CIFRW_trades_2025_09_09.parquet,0.0007451564828614009,1342,False
CIFRW,2025-10-13,CIFRW_trades_2025_10_13.parquet,0.0011641443538998836,4295,False
CIGL,2025-05-07,CIGL_trades_2025_05_07.parquet,0.0010302197802197802,2912,False
CIGL,2025-06-23,CIGL_trades_2025_06_23.parquet,0.001422475106685633,703,False
CIGL,2025-06-30,CIGL_trades_2025_06_30.parquet,0.001215066828675577,4115,False
CIGL,2025-07-02,CIGL_trades_2025_07_02.parquet,0.0,3066,False
CIGL,2025-07-09,CIGL_trades_2025_07_09.parquet,0.0006828269033799932,2929,False
CIGL,2025-09-04,CIGL_trades_2025_09_04.parquet,0.0010865670113647998,781360,False
CIGL,2025-09-05,CIGL_trades_2025_09_05.parquet,0.001356827556263116,110552,False
CIGL,2025-09-08,CIGL_trades_2025_09_08.parquet,0.0010437051532941944,30660,False
CIGL,2025-09-29,CIGL_trades_2025_09_29.parquet,0.0009439586645468999,20128,False
CIGL,2025-10-02,CIGL_trades_2025_10_02.parquet,0.0009310407492139676,401701,False
CIIT,2025-02-12,CIIT_trades_2025_02_12.parquet,0.0,4,False
CIIT,2025-03-04,CIIT_trades_2025_03_04.parquet,0.0,4,False
CIIT,2025-03-21,CIIT_trades_2025_03_21.parquet,0.0,18,False
CIIT,2025-07-09,CIIT_trades_2025_07_09.parquet,0.0,1062,False
CIIT,2025-09-12,CIIT_trades_2025_09_12.parquet,0.0004961240310077519,16125,False
CIIT,2025-10-17,CIIT_trades_2025_10_17.parquet,0.0006782247467254462,23591,False
CIIT,2025-10-24,CIIT_trades_2025_10_24.parquet,0.0013773050730736859,13069,False
CIOpA,2025-07-24,CIOpA_trades_2025_07_24.parquet,0.0,1970,False
CISO,2025-02-14,CISO_trades_2025_02_14.parquet,0.0,1015,False
CISO,2025-05-06,CISO_trades_2025_05_06.parquet,0.0010393798690575642,102946,False
CISO,2025-05-08,CISO_trades_2025_05_08.parquet,0.00020916126333403055,9562,False
CISO,2025-05-12,CISO_trades_2025_05_12.parquet,0.001054428600120506,19916,False
CISO,2025-06-02,CISO_trades_2025_06_02.parquet,0.0013107386948787566,10681,False
CISS,2025-10-07,CISS_trades_2025_10_07.parquet,0.0009182974789458983,809106,False
CJET,2025-01-21,CJET_trades_2025_01_21.parquet,0.0006720994707216668,11903,False
CJET,2025-03-18,CJET_trades_2025_03_18.parquet,0.00821917808219178,365,False
CJET,2025-09-19,CJET_trades_2025_09_19.parquet,0.0010460830238955008,1173903,False
CJET,2025-09-24,CJET_trades_2025_09_24.parquet,0.0009468378400957977,35909,False
CJET,2025-09-26,CJET_trades_2025_09_26.parquet,0.0014241458795201949,136222,False
CJET,2025-10-01,CJET_trades_2025_10_01.parquet,0.0011646142773465346,1164334,False
CJET,2025-10-24,CJET_trades_2025_10_24.parquet,0.001115324559446799,44830,False
CJMB,2025-02-06,CJMB_trades_2025_02_06.parquet,0.000898737915184819,77887,False
CLB,2025-10-23,CLB_trades_2025_10_23.parquet,0.002477656844527033,22602,False
CLGN,2025-05-28,CLGN_trades_2025_05_28.parquet,0.002108314665963895,7589,False
CLGN,2025-05-29,CLGN_trades_2025_05_29.parquet,0.0010788711600704106,17611,False
CLGN,2025-08-21,CLGN_trades_2025_08_21.parquet,0.0,828,False
CLIK,2025-02-24,CLIK_trades_2025_02_24.parquet,0.0,1570,False
CLIK,2025-03-17,CLIK_trades_2025_03_17.parquet,0.013617021276595745,2350,False
CLIK,2025-03-20,CLIK_trades_2025_03_20.parquet,0.001488095238095238,1344,False
CLIK,2025-03-21,CLIK_trades_2025_03_21.parquet,0.0010416666666666667,3840,False
CLIK,2025-04-22,CLIK_trades_2025_04_22.parquet,0.001107085346215781,9936,False
CLIK,2025-05-02,CLIK_trades_2025_05_02.parquet,0.0012850992739189102,31126,False
CLIK,2025-05-15,CLIK_trades_2025_05_15.parquet,0.0010118735168949257,922052,False
CLIK,2025-05-19,CLIK_trades_2025_05_19.parquet,0.001025087671971945,18535,False
CLIK,2025-05-20,CLIK_trades_2025_05_20.parquet,0.001613328065323324,60744,False
CLIK,2025-09-30,CLIK_trades_2025_09_30.parquet,0.0009480962049318891,111803,False
CLIK,2025-10-13,CLIK_trades_2025_10_13.parquet,0.0013684570646595963,5846,False
CLIK,2025-10-27,CLIK_trades_2025_10_27.parquet,0.001113027745874924,451022,False
CLIR,2025-10-06,CLIR_trades_2025_10_06.parquet,0.00037650602409638556,2656,False
CLLS,2025-01-06,CLLS_trades_2025_01_06.parquet,0.0005372011818426001,3723,False
CLLS,2025-07-14,CLLS_trades_2025_07_14.parquet,0.0008111944838775097,4931,False
CLLS,2025-07-25,CLLS_trades_2025_07_25.parquet,0.0005267316302343956,3797,False
CLLS,2025-10-16,CLLS_trades_2025_10_16.parquet,0.0016193560678224423,10498,False
CLNN,2025-06-02,CLNN_trades_2025_06_02.parquet,0.0005473453749315818,5481,False
CLNN,2025-10-03,CLNN_trades_2025_10_03.parquet,0.00013008976193573565,7687,False
CLPS,2025-10-16,CLPS_trades_2025_10_16.parquet,0.000877963125548727,5695,False
CLPT,2025-09-24,CLPT_trades_2025_09_24.parquet,0.0009738303719536853,121171,False
CLRB,2025-06-04,CLRB_trades_2025_06_04.parquet,0.0009738822487826472,609930,False
CLRO,2025-03-03,CLRO_trades_2025_03_03.parquet,0.001113383596955138,82631,True
CLRO,2025-06-20,CLRO_trades_2025_06_20.parquet,0.0011995201919232307,2501,False
CLRO,2025-07-01,CLRO_trades_2025_07_01.parquet,0.0007574704253420928,690456,False
CLRO,2025-09-30,CLRO_trades_2025_09_30.parquet,0.0,2201,False
CLSD,2025-07-23,CLSD_trades_2025_07_23.parquet,0.0006764029670676305,307509,False
CMBM,2025-01-06,CMBM_trades_2025_01_06.parquet,0.0006578947368421052,3040,False
CMBM,2025-07-18,CMBM_trades_2025_07_18.parquet,0.0009530617107457708,4197,False
CMBM,2025-07-21,CMBM_trades_2025_07_21.parquet,0.0005493750858398572,7281,False
CMBM,2025-10-29,CMBM_trades_2025_10_29.parquet,0.0009461814306493656,2083110,False
CMBM,2025-10-30,CMBM_trades_2025_10_30.parquet,0.001016094194050075,1463447,False
CMCT,2025-08-07,CMCT_trades_2025_08_07.parquet,0.0012476786177532725,242851,False
CMND,2025-07-03,CMND_trades_2025_07_03.parquet,0.0011903061467409418,168024,False
CMND,2025-09-19,CMND_trades_2025_09_19.parquet,0.0010424571327829772,130461,False
CMPOW,2025-08-08,CMPOW_trades_2025_08_08.parquet,0.0,1224,False
CMPX,2025-01-08,CMPX_trades_2025_01_08.parquet,0.0009217107851402237,88965,False
CNCK,2025-05-22,CNCK_trades_2025_05_22.parquet,0.001910828025477707,3140,False
CNCKW,2025-01-16,CNCKW_trades_2025_01_16.parquet,0.0,31,False
CNCKW,2025-02-26,CNCKW_trades_2025_02_26.parquet,0.0,672,False
CNCKW,2025-04-22,CNCKW_trades_2025_04_22.parquet,0.0,114,False
CNCKW,2025-05-09,CNCKW_trades_2025_05_09.parquet,0.006756756756756757,148,False
CNCKW,2025-05-16,CNCKW_trades_2025_05_16.parquet,0.0,4,False
CNCKW,2025-07-02,CNCKW_trades_2025_07_02.parquet,0.0,6,False
CNCKW,2025-08-01,CNCKW_trades_2025_08_01.parquet,0.0,9,False
CNCKW,2025-08-06,CNCKW_trades_2025_08_06.parquet,0.0,18,False
CNCKW,2025-08-07,CNCKW_trades_2025_08_07.parquet,0.0,19,False
CNCKW,2025-08-08,CNCKW_trades_2025_08_08.parquet,0.0,36,False
CNET,2025-06-11,CNET_trades_2025_06_11.parquet,0.001388603979612769,63373,False
CNET,2025-09-12,CNET_trades_2025_09_12.parquet,0.0011616834888592649,52510,False
CNEY,2025-01-07,CNEY_trades_2025_01_07.parquet,0.00021547080370609782,9282,False
CNEY,2025-02-24,CNEY_trades_2025_02_24.parquet,0.0013848664206019955,166081,False
CNEY,2025-04-24,CNEY_trades_2025_04_24.parquet,0.0011105090637925762,186401,False
CNEY,2025-05-02,CNEY_trades_2025_05_02.parquet,0.001037370773603999,196651,False
CNEY,2025-05-07,CNEY_trades_2025_05_07.parquet,0.0009838318804933628,276470,False
CNEY,2025-05-12,CNEY_trades_2025_05_12.parquet,0.0015292591803945101,51659,False
CNF,2025-04-30,CNF_trades_2025_04_30.parquet,0.0026944494341656186,5567,False
CNF,2025-09-05,CNF_trades_2025_09_05.parquet,0.0007297748123436197,9592,False
CNSP,2025-01-06,CNSP_trades_2025_01_06.parquet,0.0010221092618403432,182955,False
CNSP,2025-02-14,CNSP_trades_2025_02_14.parquet,0.0009012498054531043,276283,False
CNSP,2025-05-13,CNSP_trades_2025_05_13.parquet,0.0009603754090221615,521671,False
CNSP,2025-08-20,CNSP_trades_2025_08_20.parquet,0.0006963788300835655,1436,False
CNTB,2025-04-15,CNTB_trades_2025_04_15.parquet,0.00043789227849948915,6851,False
CNTB,2025-07-11,CNTB_trades_2025_07_11.parquet,0.00046468401486988845,2152,False
CNTB,2025-07-22,CNTB_trades_2025_07_22.parquet,0.001184834123222749,3376,False
CNXC,2025-03-27,CNXC_trades_2025_03_27.parquet,0.0009444038450727978,88945,False
COCH,2025-10-07,COCH_trades_2025_10_07.parquet,0.0009869914145267367,517735,False
COCP,2025-09-12,COCP_trades_2025_09_12.parquet,0.0010563266187827401,462925,False
CODX,2025-01-06,CODX_trades_2025_01_06.parquet,0.000687757909215956,2908,False
CODX,2025-10-27,CODX_trades_2025_10_27.parquet,0.00096236391956575,1424617,False
COEP,2025-01-06,COEP_trades_2025_01_06.parquet,0.0017692156477295065,5087,False
COGT,2025-07-07,COGT_trades_2025_07_07.parquet,0.0008903635758026083,156116,False
COIG,2025-04-09,COIG_trades_2025_04_09.parquet,0.0,58,False
COIG,2025-05-13,COIG_trades_2025_05_13.parquet,0.0,457,False
COIG,2025-06-18,COIG_trades_2025_06_18.parquet,0.003745318352059925,534,False
COMM,2025-08-04,COMM_trades_2025_08_04.parquet,0.0014527984626471295,520375,False
CONI,2025-08-01,CONI_trades_2025_08_01.parquet,0.0026982330925232833,22978,False
CONL,2025-04-09,CONL_trades_2025_04_09.parquet,0.0007833750408007833,45955,False
CONL,2025-05-13,CONL_trades_2025_05_13.parquet,0.001435482341037721,158135,False
CONL,2025-06-18,CONL_trades_2025_06_18.parquet,0.0013177622639741367,170744,False
COOK,2025-06-09,COOK_trades_2025_06_09.parquet,0.0009292446568432231,30132,False
COOT,2025-10-14,COOT_trades_2025_10_14.parquet,0.000895968143354903,321440,False
COOT,2025-10-15,COOT_trades_2025_10_15.parquet,0.0010517197645666207,1159054,False
CORT,2025-03-31,CORT_trades_2025_03_31.parquet,0.0007424517406368586,242440,False
CORZ,2025-06-26,CORZ_trades_2025_06_26.parquet,0.0009464073195142092,422651,False
CORZW,2025-02-27,CORZW_trades_2025_02_27.parquet,0.0004544421722335833,4401,False
CORZW,2025-04-09,CORZW_trades_2025_04_09.parquet,0.0003098853424233034,3227,False
CORZW,2025-06-26,CORZW_trades_2025_06_26.parquet,0.002828054298642534,14144,False
CORZZ,2025-06-26,CORZZ_trades_2025_06_26.parquet,0.001314060446780552,1522,False
COSM,2025-08-06,COSM_trades_2025_08_06.parquet,0.001362653885912978,21282,False
COUR,2025-07-25,COUR_trades_2025_07_25.parquet,0.0005820219874973054,139170,False
CPIX,2025-01-14,CPIX_trades_2025_01_14.parquet,0.0006814116578177791,35221,False
CPIX,2025-02-04,CPIX_trades_2025_02_04.parquet,0.0011733282457311838,104830,False
CPIX,2025-02-05,CPIX_trades_2025_02_05.parquet,0.0008784430702533265,316469,False
CPIX,2025-02-19,CPIX_trades_2025_02_19.parquet,0.001658512314453935,12059,False
CPIX,2025-06-30,CPIX_trades_2025_06_30.parquet,0.0,1558,False
CPOP,2025-01-06,CPOP_trades_2025_01_06.parquet,0.0014234875444839859,2810,False
CPOP,2025-07-31,CPOP_trades_2025_07_31.parquet,0.0006214430561915353,61148,False
CPOP,2025-08-06,CPOP_trades_2025_08_06.parquet,0.0009232735967425014,126723,False
CPOP,2025-08-20,CPOP_trades_2025_08_20.parquet,0.0005367686527106817,26082,False
CPOP,2025-09-10,CPOP_trades_2025_09_10.parquet,0.001299545159194282,73872,False
CPOP,2025-09-25,CPOP_trades_2025_09_25.parquet,0.0007939556921500833,234270,False
CPRI,2025-04-09,CPRI_trades_2025_04_09.parquet,0.0006542998107835682,113098,False
CPS,2025-05-02,CPS_trades_2025_05_02.parquet,0.0010730847353696393,26093,False
CRCG,2025-08-12,CRCG_trades_2025_08_12.parquet,0.00040617384240454913,4924,False
CRCG,2025-09-11,CRCG_trades_2025_09_11.parquet,0.0003786239723063609,18488,False
CRCG,2025-10-02,CRCG_trades_2025_10_02.parquet,0.000331619963521804,18093,False
CRCL,2025-06-06,CRCL_trades_2025_06_06.parquet,0.0009744445391248416,727594,False
CRCL,2025-06-18,CRCL_trades_2025_06_18.parquet,0.0011431524287262736,793420,False
CRE,2025-07-24,CRE_trades_2025_07_24.parquet,0.000947814451382694,35872,False
CRE,2025-09-22,CRE_trades_2025_09_22.parquet,0.0014875494151689287,49074,False
CRE,2025-09-30,CRE_trades_2025_09_30.parquet,0.0016873964010160154,167714,False
CREG,2025-05-13,CREG_trades_2025_05_13.parquet,0.0007396449704142012,1352,False
CREG,2025-06-16,CREG_trades_2025_06_16.parquet,0.0008971483498878565,140445,False
CREG,2025-08-07,CREG_trades_2025_08_07.parquet,0.001102015737418984,252265,False
CREG,2025-10-01,CREG_trades_2025_10_01.parquet,0.00021226915729144556,4711,False
CRESW,2025-10-27,CRESW_trades_2025_10_27.parquet,0.005361930294906166,373,False
CRESY,2025-10-27,CRESY_trades_2025_10_27.parquet,0.0007406858751203614,13501,False
CREV,2025-01-24,CREV_trades_2025_01_24.parquet,0.0010893515882250996,40391,False
CREV,2025-05-02,CREV_trades_2025_05_02.parquet,0.0007374631268436578,1356,False
CREV,2025-06-24,CREV_trades_2025_06_24.parquet,0.0009142717825252187,32813,False
CREV,2025-06-25,CREV_trades_2025_06_25.parquet,0.0004385484047801776,18242,False
CREV,2025-07-07,CREV_trades_2025_07_07.parquet,0.0008597108245408363,12795,False
CREV,2025-07-25,CREV_trades_2025_07_25.parquet,0.0006180724380897442,24269,False
CREV,2025-07-28,CREV_trades_2025_07_28.parquet,0.001035486398746222,35732,False
CREV,2025-10-17,CREV_trades_2025_10_17.parquet,0.0010608747762849947,493932,False
CREV,2025-10-28,CREV_trades_2025_10_28.parquet,0.0007702182284980744,3895,False
CRGO,2025-04-09,CRGO_trades_2025_04_09.parquet,0.0,652,False
CRMD,2025-01-07,CRMD_trades_2025_01_07.parquet,0.0011394288903357828,43004,False
CRML,2025-01-10,CRML_trades_2025_01_10.parquet,0.0012371134020618556,2425,False
CRML,2025-03-04,CRML_trades_2025_03_04.parquet,0.0006639004149377593,6025,False
CRML,2025-04-11,CRML_trades_2025_04_11.parquet,0.002387934645999162,23870,False
CRML,2025-04-14,CRML_trades_2025_04_14.parquet,0.0015231289958631065,53180,False
CRML,2025-06-13,CRML_trades_2025_06_13.parquet,0.0005498470737826042,29099,False
CRML,2025-06-16,CRML_trades_2025_06_16.parquet,0.0009136035569631818,131348,False
CRML,2025-06-26,CRML_trades_2025_06_26.parquet,0.001375950195114249,44333,False
CRML,2025-07-15,CRML_trades_2025_07_15.parquet,0.0008128258310443411,71356,False
CRML,2025-10-06,CRML_trades_2025_10_06.parquet,0.0010970820718181713,1031828,False
CRML,2025-10-09,CRML_trades_2025_10_09.parquet,0.0009267056575188129,260061,False
CRML,2025-10-10,CRML_trades_2025_10_10.parquet,0.0008904691482332211,317810,False
CRML,2025-10-13,CRML_trades_2025_10_13.parquet,0.0009656782856169882,411110,False
CRML,2025-10-14,CRML_trades_2025_10_14.parquet,0.0010337075055805805,624935,False
CRMLW,2025-07-16,CRMLW_trades_2025_07_16.parquet,0.0017482517482517483,572,False
CRMLW,2025-07-17,CRMLW_trades_2025_07_17.parquet,0.0016406890894175555,1219,False
CRMLW,2025-07-18,CRMLW_trades_2025_07_18.parquet,0.0010822510822510823,924,False
CRMLW,2025-08-26,CRMLW_trades_2025_08_26.parquet,0.0015282730514518594,1963,False
CRMLW,2025-10-06,CRMLW_trades_2025_10_06.parquet,0.001034126163391934,14505,False
CRMLW,2025-10-08,CRMLW_trades_2025_10_08.parquet,0.00035739814152966406,2798,False
CRMLW,2025-10-09,CRMLW_trades_2025_10_09.parquet,0.0002848597065945022,7021,False
CRMLW,2025-10-10,CRMLW_trades_2025_10_10.parquet,0.00015530361857431278,6439,False
CRMLW,2025-10-13,CRMLW_trades_2025_10_13.parquet,0.0005529953917050691,5425,False
CRMLW,2025-10-14,CRMLW_trades_2025_10_14.parquet,0.00028499772001823985,17544,False
CRMLW,2025-10-24,CRMLW_trades_2025_10_24.parquet,0.0009935419771485345,2013,False
CRNC,2025-01-03,CRNC_trades_2025_01_03.parquet,0.0009786422626293207,951318,False
CRNC,2025-01-06,CRNC_trades_2025_01_06.parquet,0.001237714002391577,548592,False
CRNX,2025-09-26,CRNX_trades_2025_09_26.parquet,0.001183431952662722,111540,False
CRVO,2025-03-12,CRVO_trades_2025_03_12.parquet,0.0011159944272903,826169,False
CRVO,2025-03-17,CRVO_trades_2025_03_17.parquet,0.0009398563159056441,140447,False
CRVO,2025-03-20,CRVO_trades_2025_03_20.parquet,0.0024490123655050585,24908,False
CRVO,2025-03-21,CRVO_trades_2025_03_21.parquet,0.0007970244420828905,67752,False
CRVO,2025-03-27,CRVO_trades_2025_03_27.parquet,0.0014766587240326208,29797,False
CRVO,2025-04-02,CRVO_trades_2025_04_02.parquet,0.0013347669719328168,26971,False
CRVO,2025-07-28,CRVO_trades_2025_07_28.parquet,0.0011022461835439785,175097,False
CRVS,2025-05-09,CRVS_trades_2025_05_09.parquet,0.0010256629415158443,46799,False
CRWG,2025-09-10,CRWG_trades_2025_09_10.parquet,0.0006890314801257483,23221,False
CRWG,2025-09-30,CRWG_trades_2025_09_30.parquet,0.0010276360700260578,27247,False
CRWL,2025-04-09,CRWL_trades_2025_04_09.parquet,0.0,2945,False
CRWV,2025-04-01,CRWV_trades_2025_04_01.parquet,0.000837382972297724,291384,False
CSAI,2025-02-10,CSAI_trades_2025_02_10.parquet,0.0012056908608632747,82940,False
CSAI,2025-02-11,CSAI_trades_2025_02_11.parquet,0.0038115404976177872,18890,False
CSAI,2025-02-12,CSAI_trades_2025_02_12.parquet,0.0010227563283047815,15644,False
CSAI,2025-02-13,CSAI_trades_2025_02_13.parquet,0.0014856601498578934,46444,False
CSAI,2025-02-18,CSAI_trades_2025_02_18.parquet,0.0009446018780907929,17997,False
CSAI,2025-03-19,CSAI_trades_2025_03_19.parquet,0.000938790837401427,31956,False
CSAI,2025-04-01,CSAI_trades_2025_04_01.parquet,0.0009080140648762971,267617,False
CSAI,2025-10-15,CSAI_trades_2025_10_15.parquet,0.0010129297503426087,33566,False
CSBR,2025-06-12,CSBR_trades_2025_06_12.parquet,0.0008003201280512205,2499,False
CSTL,2025-08-05,CSTL_trades_2025_08_05.parquet,0.0014525383106979448,27538,False
CTEV,2025-05-29,CTEV_trades_2025_05_29.parquet,0.000459911083857121,6523,False
CTEV,2025-08-06,CTEV_trades_2025_08_06.parquet,0.00024213075060532688,8260,False
CTMX,2025-05-12,CTMX_trades_2025_05_12.parquet,0.00120103976700509,293912,False
CTNM,2025-06-20,CTNM_trades_2025_06_20.parquet,0.00039108330074305825,2557,False
CTNM,2025-07-21,CTNM_trades_2025_07_21.parquet,0.0008405127127547804,4759,False
CTNT,2025-06-05,CTNT_trades_2025_06_05.parquet,0.0010990026807448567,194722,False
CTOR,2025-03-31,CTOR_trades_2025_03_31.parquet,0.0012648532726437184,228485,False
CTOR,2025-06-20,CTOR_trades_2025_06_20.parquet,0.0012663066851435944,83708,False
CTOR,2025-06-24,CTOR_trades_2025_06_24.parquet,0.0014448779078167894,6921,False
CTOR,2025-06-27,CTOR_trades_2025_06_27.parquet,0.0011398609369656903,70184,False
CTOR,2025-07-23,CTOR_trades_2025_07_23.parquet,0.0009137401977497443,73325,False
CTOR,2025-10-16,CTOR_trades_2025_10_16.parquet,0.0005124701059104886,5854,False
CTOS,2025-03-05,CTOS_trades_2025_03_05.parquet,0.0002308669052291354,17326,False
CTXR,2025-03-28,CTXR_trades_2025_03_28.parquet,0.0003980891719745223,2512,False
CTXR,2025-03-31,CTXR_trades_2025_03_31.parquet,0.0008740584590863519,38899,False
CTXR,2025-06-09,CTXR_trades_2025_06_09.parquet,0.0010104950311135878,269175,False
CTXR,2025-06-20,CTXR_trades_2025_06_20.parquet,0.0008054309055344609,8691,False
CTXR,2025-06-27,CTXR_trades_2025_06_27.parquet,0.0008620689655172414,16240,False
CTXR,2025-10-16,CTXR_trades_2025_10_16.parquet,0.001521862578080636,44025,False
CTXR,2025-10-20,CTXR_trades_2025_10_20.parquet,0.0009570843382718886,26121,False
CUE,2025-01-03,CUE_trades_2025_01_03.parquet,0.0010628875110717448,5645,False
CUE,2025-07-16,CUE_trades_2025_07_16.parquet,0.0010227362127291323,12711,False
CUPR,2025-05-02,CUPR_trades_2025_05_02.parquet,0.0,1197,False
CUPR,2025-06-09,CUPR_trades_2025_06_09.parquet,0.00033967391304347825,2944,False
CUPR,2025-08-21,CUPR_trades_2025_08_21.parquet,0.00042075146211133083,23767,False
CUPR,2025-09-10,CUPR_trades_2025_09_10.parquet,0.001120496020039541,386436,False
CUPR,2025-10-27,CUPR_trades_2025_10_27.parquet,0.0005714285714285715,7000,False
CURI,2025-03-12,CURI_trades_2025_03_12.parquet,0.00015552099533437013,6430,False
CURI,2025-05-07,CURI_trades_2025_05_07.parquet,0.0008922142566446482,63886,False
CURR,2025-01-08,CURR_trades_2025_01_08.parquet,0.0008956959497588215,1167807,False
CURR,2025-02-19,CURR_trades_2025_02_19.parquet,0.0011159910720714235,27778,False
CURR,2025-03-17,CURR_trades_2025_03_17.parquet,0.0006202992944095526,12897,False
CURR,2025-07-01,CURR_trades_2025_07_01.parquet,0.002239955200895982,7143,False
CURR,2025-07-07,CURR_trades_2025_07_07.parquet,0.0012278294245710334,96919,False
CURR,2025-08-14,CURR_trades_2025_08_14.parquet,0.0008534243652656284,4687,False
CURR,2025-10-28,CURR_trades_2025_10_28.parquet,0.0019887904538058217,5531,False
CURR,2025-10-31,CURR_trades_2025_10_31.parquet,0.0005827505827505828,5148,False
CURX,2025-09-26,CURX_trades_2025_09_26.parquet,0.0007717289945014309,31099,False
CV,2025-07-03,CV_trades_2025_07_03.parquet,0.0015025503815687153,75871,False
CVAC,2025-06-12,CVAC_trades_2025_06_12.parquet,0.0007906843013225992,111296,False
CVE.WS,2025-04-09,CVE.WS_trades_2025_04_09.parquet,0.0,62,False
CVGI,2025-05-07,CVGI_trades_2025_05_07.parquet,0.0014467127471467609,6221,False
CVKD,2025-06-30,CVKD_trades_2025_06_30.parquet,0.0015923566878980893,1884,False
CVNX,2025-07-31,CVNX_trades_2025_07_31.parquet,0.0006657789613848203,1502,False
CWD,2025-08-05,CWD_trades_2025_08_05.parquet,0.0009537420647937677,692011,False
CWD,2025-08-28,CWD_trades_2025_08_28.parquet,0.001262872964510887,839356,False
CWD,2025-09-09,CWD_trades_2025_09_09.parquet,0.0011771807725801252,1991198,False
CWD,2025-09-17,CWD_trades_2025_09_17.parquet,0.0009532955615403941,425891,False
CYCN,2025-01-31,CYCN_trades_2025_01_31.parquet,0.0010516391064693937,441216,False
CYCN,2025-02-03,CYCN_trades_2025_02_03.parquet,0.0007573523498029544,149204,False
CYCU,2025-02-19,CYCU_trades_2025_02_19.parquet,0.0007334248462533388,201793,False
CYCU,2025-03-04,CYCU_trades_2025_03_04.parquet,0.0011608161196299581,197275,False
CYCU,2025-03-05,CYCU_trades_2025_03_05.parquet,0.0009695129720835665,180503,False
CYCU,2025-04-08,CYCU_trades_2025_04_08.parquet,0.0010805316582040282,218411,False
CYCU,2025-08-22,CYCU_trades_2025_08_22.parquet,0.0008081487941756408,421952,False
CYCU,2025-09-02,CYCU_trades_2025_09_02.parquet,0.0008265601322496211,152439,False
CYCU,2025-09-24,CYCU_trades_2025_09_24.parquet,0.001251806923684485,67103,False
CYCU,2025-09-25,CYCU_trades_2025_09_25.parquet,0.0010189394126754083,202171,False
CYCU,2025-09-29,CYCU_trades_2025_09_29.parquet,0.0007859607756450404,81429,False
CYCU,2025-10-16,CYCU_trades_2025_10_16.parquet,0.0009214178459298357,87908,False
CYCU,2025-10-29,CYCU_trades_2025_10_29.parquet,0.0003793266951161688,21090,False
CYD,2025-02-20,CYD_trades_2025_02_20.parquet,0.0006579909343471268,13678,False
CYD,2025-02-24,CYD_trades_2025_02_24.parquet,0.0009857612267250822,18260,False
CYH,2025-04-24,CYH_trades_2025_04_24.parquet,0.002103934357248054,42777,False
CYN,2025-01-14,CYN_trades_2025_01_14.parquet,0.001507860121912095,31170,False
CYN,2025-02-05,CYN_trades_2025_02_05.parquet,0.0013628723291488104,264148,False
CYN,2025-02-10,CYN_trades_2025_02_10.parquet,0.0009620131222315511,751549,False
CYN,2025-02-11,CYN_trades_2025_02_11.parquet,0.001040723894206637,515987,False
CYN,2025-02-21,CYN_trades_2025_02_21.parquet,0.001954461057363432,20466,False
CYN,2025-06-26,CYN_trades_2025_06_26.parquet,0.0008839090908054066,1753574,False
CYN,2025-06-27,CYN_trades_2025_06_27.parquet,0.0008983547486586549,808144,False
CYN,2025-07-02,CYN_trades_2025_07_02.parquet,0.001485019610395951,245788,False
CYN,2025-07-11,CYN_trades_2025_07_11.parquet,0.0008324887794990589,27628,False
CYRX,2025-03-05,CYRX_trades_2025_03_05.parquet,0.0002522863450015768,15855,False
CYRX,2025-03-11,CYRX_trades_2025_03_11.parquet,0.0008993884158772035,16678,False
CYRX,2025-08-06,CYRX_trades_2025_08_06.parquet,0.0009044980443285528,122720,False
CYTK,2025-09-02,CYTK_trades_2025_09_02.parquet,0.0007849056603773585,132500,False
DAIC,2025-06-24,DAIC_trades_2025_06_24.parquet,0.002938295788442703,4084,False
DAIC,2025-07-02,DAIC_trades_2025_07_02.parquet,0.0010945880724504385,549065,False
DAO,2025-02-10,DAO_trades_2025_02_10.parquet,0.0009243852837862821,10818,False
DARE,2025-07-14,DARE_trades_2025_07_14.parquet,0.0009730781706130393,561106,False
DAVE,2025-05-08,DAVE_trades_2025_05_08.parquet,0.0011281286449071684,52299,False
DAVEW,2025-05-21,DAVEW_trades_2025_05_21.parquet,0.0,641,False
DAVEW,2025-06-16,DAVEW_trades_2025_06_16.parquet,0.004545454545454545,220,False
DAVEW,2025-06-27,DAVEW_trades_2025_06_27.parquet,0.0,299,False
DAVEW,2025-06-30,DAVEW_trades_2025_06_30.parquet,0.004010695187165776,748,False
DAVEW,2025-07-09,DAVEW_trades_2025_07_09.parquet,0.0,238,False
DBGI,2025-01-22,DBGI_trades_2025_01_22.parquet,0.0,419,False
DBGI,2025-01-24,DBGI_trades_2025_01_24.parquet,0.0,185,False
DBGI,2025-02-03,DBGI_trades_2025_02_03.parquet,0.0,123,False
DBGI,2025-02-10,DBGI_trades_2025_02_10.parquet,0.0,116,False
DBGI,2025-02-14,DBGI_trades_2025_02_14.parquet,0.0014466546112115732,2765,False
DBGI,2025-02-18,DBGI_trades_2025_02_18.parquet,0.0018148820326678765,1653,False
DBGI,2025-05-20,DBGI_trades_2025_05_20.parquet,0.0,550,False
DBGI,2025-07-09,DBGI_trades_2025_07_09.parquet,0.0,174,False
DBGI,2025-07-21,DBGI_trades_2025_07_21.parquet,0.00980392156862745,102,False
DBGI,2025-08-19,DBGI_trades_2025_08_19.parquet,0.0015337423312883436,652,False
DBGI,2025-09-24,DBGI_trades_2025_09_24.parquet,0.0010657304955646804,31903,False
DBVT,2025-01-10,DBVT_trades_2025_01_10.parquet,0.000469630557294928,6388,False
DBVT,2025-03-28,DBVT_trades_2025_03_28.parquet,0.001124835519334437,188472,False
DBVT,2025-04-02,DBVT_trades_2025_04_02.parquet,0.00030248033877797946,3306,False
DCGO,2025-10-21,DCGO_trades_2025_10_21.parquet,0.0017882174654290585,131975,False
DDD,2025-08-12,DDD_trades_2025_08_12.parquet,0.0005768248265405343,60677,False
DERM,2025-05-15,DERM_trades_2025_05_15.parquet,0.0006449532408900354,3101,False
DEVS,2025-05-07,DEVS_trades_2025_05_07.parquet,0.0010720843677173347,263039,False
DEVS,2025-05-09,DEVS_trades_2025_05_09.parquet,0.0007480194485056612,117644,False
DEVS,2025-05-12,DEVS_trades_2025_05_12.parquet,0.0008831054142153998,308004,False
DEVS,2025-05-14,DEVS_trades_2025_05_14.parquet,0.0012416758113735099,332615,False
DEVS,2025-05-23,DEVS_trades_2025_05_23.parquet,0.0013552932111505545,145356,False
DEVS,2025-07-21,DEVS_trades_2025_07_21.parquet,0.0008835388676780063,186749,False
DEVS,2025-07-22,DEVS_trades_2025_07_22.parquet,0.0006324588901721388,36366,False
DEVS,2025-08-01,DEVS_trades_2025_08_01.parquet,0.0022449488650536295,8018,False
DEVS,2025-08-27,DEVS_trades_2025_08_27.parquet,0.0014542104827357787,193232,False
DFDV,2025-05-09,DFDV_trades_2025_05_09.parquet,0.002071251035625518,4828,False
DFDV,2025-05-12,DFDV_trades_2025_05_12.parquet,0.0018058690744920992,6645,False
DFDV,2025-05-16,DFDV_trades_2025_05_16.parquet,0.0015645534764378247,15979,False
DFDV,2025-05-20,DFDV_trades_2025_05_20.parquet,0.0011475932419509084,15685,False
DFDV,2025-05-21,DFDV_trades_2025_05_21.parquet,0.0009819737672722172,42771,False
DFDV,2025-05-22,DFDV_trades_2025_05_22.parquet,0.0009334163036714375,70708,False
DFDV,2025-06-06,DFDV_trades_2025_06_06.parquet,0.0018651279361193683,17157,False
DFDV,2025-06-09,DFDV_trades_2025_06_09.parquet,0.00138913783832228,22316,False
DFDV,2025-06-30,DFDV_trades_2025_06_30.parquet,0.0011834819730335178,23659,False
DFLI,2025-10-02,DFLI_trades_2025_10_02.parquet,0.0009273142927977001,419491,False
DFLI,2025-10-03,DFLI_trades_2025_10_03.parquet,0.0009240637060390281,625498,False
DFLI,2025-10-13,DFLI_trades_2025_10_13.parquet,0.0010451168923047238,62194,False
DFLI,2025-10-15,DFLI_trades_2025_10_15.parquet,0.001087986836849667,335482,False
DFSC,2025-10-31,DFSC_trades_2025_10_31.parquet,0.0014351622552326874,512834,False
DGLY,2025-02-18,DGLY_trades_2025_02_18.parquet,0.00067267749244713,84736,False
DGLY,2025-03-26,DGLY_trades_2025_03_26.parquet,0.0013455328310010765,37160,False
DGLY,2025-04-02,DGLY_trades_2025_04_02.parquet,0.0008652001570075684,361766,False
DGLY,2025-04-21,DGLY_trades_2025_04_21.parquet,0.0009179494421691851,28324,False
DGLY,2025-04-28,DGLY_trades_2025_04_28.parquet,0.0006790364472813079,58907,False
DGLY,2025-04-29,DGLY_trades_2025_04_29.parquet,0.0008116883116883117,56672,False
DGLY,2025-05-08,DGLY_trades_2025_05_08.parquet,0.0010213274366126616,207573,False
DGLY,2025-05-27,DGLY_trades_2025_05_27.parquet,0.0008526212905774949,48087,False
DGLY,2025-09-10,DGLY_trades_2025_09_10.parquet,0.001097006738755681,6381,False
DGNX,2025-01-23,DGNX_trades_2025_01_23.parquet,0.0010571025262851393,157979,False
DGNX,2025-01-28,DGNX_trades_2025_01_28.parquet,0.0009553633034340003,18841,False
DGNX,2025-01-29,DGNX_trades_2025_01_29.parquet,0.0008312551953449709,45714,False
DGNX,2025-01-31,DGNX_trades_2025_01_31.parquet,0.001115678214914856,17030,False
DGNX,2025-02-07,DGNX_trades_2025_02_07.parquet,0.0007392348918868971,5411,False
DGNX,2025-02-21,DGNX_trades_2025_02_21.parquet,0.0004359577992850292,11469,False
DGNX,2025-02-24,DGNX_trades_2025_02_24.parquet,0.0009125752874612155,5479,False
DGNX,2025-03-19,DGNX_trades_2025_03_19.parquet,0.0007642338555598013,5234,False
DGNX,2025-03-20,DGNX_trades_2025_03_20.parquet,0.0006922810661128419,5778,False
DGNX,2025-04-15,DGNX_trades_2025_04_15.parquet,0.0006612298875909191,4537,False
DGNX,2025-06-06,DGNX_trades_2025_06_06.parquet,0.0006351222610352493,3149,False
DGNX,2025-07-10,DGNX_trades_2025_07_10.parquet,0.001534683855125844,3258,False
DGNX,2025-09-10,DGNX_trades_2025_09_10.parquet,0.0007894736842105263,15200,False
DGNX,2025-09-22,DGNX_trades_2025_09_22.parquet,0.0004159041756779238,12022,False
DGNX,2025-10-08,DGNX_trades_2025_10_08.parquet,0.0005779575868047837,22493,False
DGXX,2025-04-21,DGXX_trades_2025_04_21.parquet,0.0007814290774969263,95978,False
DGXX,2025-10-27,DGXX_trades_2025_10_27.parquet,0.0007375328580343804,52879,False
DH,2025-05-09,DH_trades_2025_05_09.parquet,0.0004591518808828835,30491,False
DHC,2025-05-06,DHC_trades_2025_05_06.parquet,0.000778422138325614,25693,False
DHX,2025-05-08,DHX_trades_2025_05_08.parquet,0.0004063388866314506,2461,False
DJTWW,2025-01-13,DJTWW_trades_2025_01_13.parquet,0.0007077697389116074,12716,False
DKI,2025-08-25,DKI_trades_2025_08_25.parquet,0.0010178117048346056,3930,False
DKI,2025-09-11,DKI_trades_2025_09_11.parquet,0.0012925463162429987,2321,False
DKI,2025-09-25,DKI_trades_2025_09_25.parquet,0.0009350163627863488,2139,False
DKI,2025-10-02,DKI_trades_2025_10_02.parquet,0.0014151430637330854,96810,False
DLHC,2025-04-16,DLHC_trades_2025_04_16.parquet,0.0011037527593818985,3624,False
DLHC,2025-10-31,DLHC_trades_2025_10_31.parquet,0.002611688072266945,32546,False
DLLL,2025-04-09,DLLL_trades_2025_04_09.parquet,0.0,693,False
DLO,2025-08-14,DLO_trades_2025_08_14.parquet,0.0011949105053235323,121348,False
DLPN,2025-08-14,DLPN_trades_2025_08_14.parquet,0.0005648919644118063,35405,False
DLTH,2025-09-04,DLTH_trades_2025_09_04.parquet,0.0010871063547162245,319196,False
DNUT,2025-07-23,DNUT_trades_2025_07_23.parquet,0.0009568271544530166,596764,False
DNUT,2025-10-22,DNUT_trades_2025_10_22.parquet,0.001117652896380399,614681,False
DOCS,2025-02-07,DOCS_trades_2025_02_07.parquet,0.0008800185966194002,120452,False
DOGZ,2025-01-21,DOGZ_trades_2025_01_21.parquet,0.0007010983874737088,25674,False
DOGZ,2025-08-14,DOGZ_trades_2025_08_14.parquet,0.0007262164124909223,6885,False
DOMH,2025-01-24,DOMH_trades_2025_01_24.parquet,0.0,1900,False
DOMH,2025-01-30,DOMH_trades_2025_01_30.parquet,0.0012282954608899559,17911,False
DOMH,2025-02-10,DOMH_trades_2025_02_10.parquet,0.0012139168364092752,145809,False
DOMH,2025-02-11,DOMH_trades_2025_02_11.parquet,0.0009792790789314545,256311,False
DOMH,2025-02-13,DOMH_trades_2025_02_13.parquet,0.0012166915626656387,83012,False
DOMH,2025-02-25,DOMH_trades_2025_02_25.parquet,0.0011259449895447966,24868,False
DOMH,2025-03-24,DOMH_trades_2025_03_24.parquet,0.00026712969146520634,7487,False
DOMO,2025-05-22,DOMO_trades_2025_05_22.parquet,0.0010365963583919236,44376,False
DOUG,2025-05-23,DOUG_trades_2025_05_23.parquet,0.0012363067292644758,63900,False
DOYU,2025-01-16,DOYU_trades_2025_01_16.parquet,0.0007804370447450572,19220,False
DPRO,2025-06-05,DPRO_trades_2025_06_05.parquet,0.0007063144511936714,7079,False
DPRO,2025-06-10,DPRO_trades_2025_06_10.parquet,0.0009492168960607499,25284,False
DPRO,2025-06-20,DPRO_trades_2025_06_20.parquet,0.0009590486237652249,31281,False
DPRO,2025-07-16,DPRO_trades_2025_07_16.parquet,0.001027582047863899,252048,False
DPRO,2025-07-17,DPRO_trades_2025_07_17.parquet,0.0009708136244397166,145239,False
DPRO,2025-09-30,DPRO_trades_2025_09_30.parquet,0.0011216464726826914,383365,False
DRCT,2025-01-10,DRCT_trades_2025_01_10.parquet,0.0010620922324464715,112043,False
DRCT,2025-01-13,DRCT_trades_2025_01_13.parquet,0.0006370164466064397,17268,False
DRCT,2025-03-27,DRCT_trades_2025_03_27.parquet,0.0007724632307502163,64728,False
DRCT,2025-05-01,DRCT_trades_2025_05_01.parquet,0.0009163802978235968,61110,False
DRIO,2025-01-07,DRIO_trades_2025_01_07.parquet,0.00184218606079214,6514,False
DRIO,2025-01-14,DRIO_trades_2025_01_14.parquet,0.0009461009174311927,34880,False
DRIO,2025-04-11,DRIO_trades_2025_04_11.parquet,0.000481000481000481,2079,False
DRIO,2025-09-25,DRIO_trades_2025_09_25.parquet,0.001534352446439734,35194,False
DRMA,2025-01-24,DRMA_trades_2025_01_24.parquet,0.0004835849766267261,18611,False
DRMA,2025-03-27,DRMA_trades_2025_03_27.parquet,0.0009242046372496799,283487,False
DSY,2025-02-10,DSY_trades_2025_02_10.parquet,0.0007422068283028204,4042,False
DSY,2025-09-09,DSY_trades_2025_09_09.parquet,0.001766514946487883,812900,False
DTCK,2025-06-06,DTCK_trades_2025_06_06.parquet,0.001046105733760585,181626,False
DTCK,2025-06-17,DTCK_trades_2025_06_17.parquet,0.0014184397163120568,11985,False
DTCK,2025-10-02,DTCK_trades_2025_10_02.parquet,0.0009387712527380828,9587,False
DTCK,2025-10-27,DTCK_trades_2025_10_27.parquet,0.0003182011030971574,9428,False
DTIL,2025-01-10,DTIL_trades_2025_01_10.parquet,0.0010415014174075582,144983,False
DTSS,2025-01-27,DTSS_trades_2025_01_27.parquet,0.0007984942679518622,17533,False
DTST,2025-07-16,DTST_trades_2025_07_16.parquet,0.000905721266183108,131387,False
DUO,2025-05-12,DUO_trades_2025_05_12.parquet,0.001140753973805706,92921,False
DUO,2025-08-25,DUO_trades_2025_08_25.parquet,0.0014144115274539488,90497,False
DUO,2025-08-29,DUO_trades_2025_08_29.parquet,0.0009786290296956719,157363,False
DUO,2025-09-02,DUO_trades_2025_09_02.parquet,0.0015104139064073348,37738,False
DUO,2025-09-05,DUO_trades_2025_09_05.parquet,0.0011823619418556126,100646,False
DUO,2025-09-08,DUO_trades_2025_09_08.parquet,0.0010016584837189446,60899,False
DUOL,2025-08-07,DUOL_trades_2025_08_07.parquet,0.0007356885585102307,195735,False
DVLT,2025-09-25,DVLT_trades_2025_09_25.parquet,0.0009149558745721193,342093,False
DVLT,2025-09-26,DVLT_trades_2025_09_26.parquet,0.0010973069024064138,404627,False
DVLT,2025-10-06,DVLT_trades_2025_10_06.parquet,0.0008356996098529446,216585,False
DVLT,2025-10-07,DVLT_trades_2025_10_07.parquet,0.0010816749538447598,353156,False
DVLT,2025-10-14,DVLT_trades_2025_10_14.parquet,0.0007091879235427877,88834,False
DVLT,2025-10-20,DVLT_trades_2025_10_20.parquet,0.0010337536220534106,127690,False
DVLT,2025-10-24,DVLT_trades_2025_10_24.parquet,0.000865669233681049,322294,False
DWSN,2025-06-16,DWSN_trades_2025_06_16.parquet,0.0010251825567086463,579409,False
DWTX,2025-01-21,DWTX_trades_2025_01_21.parquet,0.0011200037333457778,171428,False
DWTX,2025-01-23,DWTX_trades_2025_01_23.parquet,0.0010752920113461103,927190,False
DWTX,2025-01-24,DWTX_trades_2025_01_24.parquet,0.0006307854856259758,126826,False
DWTX,2025-01-27,DWTX_trades_2025_01_27.parquet,0.0007547268873094315,152373,False
DWTX,2025-03-07,DWTX_trades_2025_03_07.parquet,0.0008431333902722116,182652,False
DWTX,2025-03-10,DWTX_trades_2025_03_10.parquet,0.0007899771647225822,81015,False
DWTX,2025-03-11,DWTX_trades_2025_03_11.parquet,0.0009050704515067366,97230,False
DWTX,2025-03-12,DWTX_trades_2025_03_12.parquet,0.0011323080451203257,69769,False
DWTX,2025-04-15,DWTX_trades_2025_04_15.parquet,0.0008779764157369704,132122,False
DWTX,2025-04-17,DWTX_trades_2025_04_17.parquet,0.0008277384346546491,10873,False
DWTX,2025-04-21,DWTX_trades_2025_04_21.parquet,0.0009444654325651682,158820,False
DWTX,2025-09-29,DWTX_trades_2025_09_29.parquet,0.0010700834352646387,640137,False
DXST,2025-01-23,DXST_trades_2025_01_23.parquet,0.0010083069693437678,108102,False
DXST,2025-01-29,DXST_trades_2025_01_29.parquet,0.002098805295447207,6194,False
DXST,2025-05-08,DXST_trades_2025_05_08.parquet,0.0031397174254317113,637,False
DXYZ,2025-10-01,DXYZ_trades_2025_10_01.parquet,0.002245916515426497,44080,False
DYN,2025-10-27,DYN_trades_2025_10_27.parquet,0.0011565865421335748,91649,False
EAF,2025-05-07,EAF_trades_2025_05_07.parquet,0.0011832985856764524,17747,False
EAF,2025-07-18,EAF_trades_2025_07_18.parquet,0.00040245047623306356,22363,False
EBON,2025-07-10,EBON_trades_2025_07_10.parquet,0.001056338028169014,2840,False
EBS,2025-05-08,EBS_trades_2025_05_08.parquet,0.001899171270718232,28960,False
EBS,2025-08-07,EBS_trades_2025_08_07.parquet,0.0017216294859359845,41240,False
EBS,2025-10-30,EBS_trades_2025_10_30.parquet,0.001014314694705563,69998,False
ECDA,2025-04-08,ECDA_trades_2025_04_08.parquet,0.0,799,False
ECDA,2025-04-21,ECDA_trades_2025_04_21.parquet,0.0011113169105389886,16197,False
ECDA,2025-05-07,ECDA_trades_2025_05_07.parquet,0.0,1502,False
ECDA,2025-05-13,ECDA_trades_2025_05_13.parquet,0.002059967956054017,4369,False
ECDA,2025-05-14,ECDA_trades_2025_05_14.parquet,0.0006020469596628537,3322,False
ECDA,2025-05-28,ECDA_trades_2025_05_28.parquet,0.0011402317353320925,59637,False
ECDA,2025-05-30,ECDA_trades_2025_05_30.parquet,0.0010769726778205365,145779,False
ECDA,2025-06-23,ECDA_trades_2025_06_23.parquet,0.0008731914353150369,377924,False
ECDA,2025-07-17,ECDA_trades_2025_07_17.parquet,0.001024924295364547,21465,False
ECDA,2025-09-05,ECDA_trades_2025_09_05.parquet,0.0007226738934056008,5535,False
ECDA,2025-10-08,ECDA_trades_2025_10_08.parquet,0.0005035608948996476,27802,False
ECOR,2025-07-08,ECOR_trades_2025_07_08.parquet,0.0006162695152013147,4868,False
ECX,2025-03-12,ECX_trades_2025_03_12.parquet,0.0004637911614655801,15093,False
ECX,2025-04-22,ECX_trades_2025_04_22.parquet,0.00019019844037278895,15773,False
EDAP,2025-10-15,EDAP_trades_2025_10_15.parquet,0.0005530973451327434,1808,False
EDBL,2025-02-05,EDBL_trades_2025_02_05.parquet,0.0008380239395505398,71597,False
EDBL,2025-02-18,EDBL_trades_2025_02_18.parquet,0.0004670818505338078,44960,False
EDBL,2025-03-26,EDBL_trades_2025_03_26.parquet,0.0012399256044637321,3226,False
EDBL,2025-05-20,EDBL_trades_2025_05_20.parquet,0.0009682640322322537,493667,False
EDBL,2025-05-21,EDBL_trades_2025_05_21.parquet,0.0008742198397393141,772117,False
EDBL,2025-09-03,EDBL_trades_2025_09_03.parquet,0.001495956243279884,21391,False
EDHL,2025-09-10,EDHL_trades_2025_09_10.parquet,0.0011757968612925236,328288,False
EDHL,2025-09-11,EDHL_trades_2025_09_11.parquet,0.001321562615636729,18917,False
EDHL,2025-10-14,EDHL_trades_2025_10_14.parquet,0.0012682804622177685,191598,False
EDHL,2025-10-29,EDHL_trades_2025_10_29.parquet,0.0010053244964068958,26857,False
EDIT,2025-02-19,EDIT_trades_2025_02_19.parquet,0.0009848957010841547,129963,False
EDIT,2025-08-13,EDIT_trades_2025_08_13.parquet,0.0005157766990291263,32960,False
EDN,2025-10-27,EDN_trades_2025_10_27.parquet,0.0005214066392445398,17261,False
EDSA,2025-01-24,EDSA_trades_2025_01_24.parquet,0.001352265043948614,1479,False
EDSA,2025-02-13,EDSA_trades_2025_02_13.parquet,0.0009243722969294555,626371,False
EEIQ,2025-08-22,EEIQ_trades_2025_08_22.parquet,0.0008422910316059683,523572,False
EFOI,2025-02-18,EFOI_trades_2025_02_18.parquet,0.000835280961851875,367541,False
EFOI,2025-02-25,EFOI_trades_2025_02_25.parquet,0.001466275659824047,1364,False
EFOI,2025-06-23,EFOI_trades_2025_06_23.parquet,0.0008764241893076249,1141,False
EHLD,2025-03-25,EHLD_trades_2025_03_25.parquet,0.0011615628299894403,18940,False
EHTH,2025-05-07,EHTH_trades_2025_05_07.parquet,0.0007221954742416948,16616,False
EHTH,2025-08-06,EHTH_trades_2025_08_06.parquet,0.0007050604108579303,31203,False
EJH,2025-02-03,EJH_trades_2025_02_03.parquet,0.0029458418309539994,4413,False
EJH,2025-03-07,EJH_trades_2025_03_07.parquet,0.002903907074973601,3788,False
EJH,2025-05-23,EJH_trades_2025_05_23.parquet,0.001353714253482994,70916,False
EJH,2025-05-27,EJH_trades_2025_05_27.parquet,0.000978049123370755,497930,False
EJH,2025-07-15,EJH_trades_2025_07_15.parquet,0.0011344884488448846,9696,False
EJH,2025-08-13,EJH_trades_2025_08_13.parquet,0.0,1474,False
EKSO,2025-01-03,EKSO_trades_2025_01_03.parquet,0.0005252100840336134,5712,False
EKSO,2025-01-06,EKSO_trades_2025_01_06.parquet,0.0008718211922857886,142231,False
EKSO,2025-05-15,EKSO_trades_2025_05_15.parquet,0.0008957076090111188,199842,False
ELAB,2025-01-24,ELAB_trades_2025_01_24.parquet,0.0009645664353683481,438539,False
ELAB,2025-03-20,ELAB_trades_2025_03_20.parquet,0.0007779349363507779,14140,False
ELAB,2025-04-10,ELAB_trades_2025_04_10.parquet,0.0009807966248141545,128467,False
ELAB,2025-05-02,ELAB_trades_2025_05_02.parquet,0.0018374725860944817,33742,False
ELAB,2025-06-09,ELAB_trades_2025_06_09.parquet,0.0012057835486894344,189918,False
ELAB,2025-07-14,ELAB_trades_2025_07_14.parquet,0.0007101264024996449,7041,False
ELAB,2025-08-22,ELAB_trades_2025_08_22.parquet,0.0008038119514526547,690460,False
ELAB,2025-10-14,ELAB_trades_2025_10_14.parquet,0.0009713946761573426,600168,False
ELBM,2025-03-21,ELBM_trades_2025_03_21.parquet,0.0013181846713953926,15931,False
ELBM,2025-09-12,ELBM_trades_2025_09_12.parquet,0.0005251614099039263,64742,False
ELBM,2025-10-01,ELBM_trades_2025_10_01.parquet,0.0019207683073229293,12495,False
ELBM,2025-10-08,ELBM_trades_2025_10_08.parquet,0.0009209987720016373,19544,False
ELBM,2025-10-13,ELBM_trades_2025_10_13.parquet,0.0011397283814775206,1294168,False
ELBM,2025-10-17,ELBM_trades_2025_10_17.parquet,0.0009063713890253159,223970,False
ELF,2025-05-29,ELF_trades_2025_05_29.parquet,0.0009835739326117907,261292,False
ELIL,2025-04-17,ELIL_trades_2025_04_17.parquet,0.0,310,False
ELPW,2025-04-14,ELPW_trades_2025_04_14.parquet,0.0007619241123584091,19687,False
ELPW,2025-04-15,ELPW_trades_2025_04_15.parquet,0.0010032326385018392,17942,False
ELPW,2025-04-16,ELPW_trades_2025_04_16.parquet,0.0009090909090909091,6600,False
ELPW,2025-04-17,ELPW_trades_2025_04_17.parquet,0.0006914672935970129,7231,False
ELPW,2025-05-08,ELPW_trades_2025_05_08.parquet,0.0,1350,False
ELPW,2025-05-13,ELPW_trades_2025_05_13.parquet,0.0016313213703099511,1839,False
ELPW,2025-07-02,ELPW_trades_2025_07_02.parquet,0.0011786806143872703,27149,False
ELPW,2025-07-07,ELPW_trades_2025_07_07.parquet,0.0010699445121799497,40189,False
ELWS,2025-05-13,ELWS_trades_2025_05_13.parquet,0.0012489139878366637,18416,False
ELWS,2025-07-02,ELWS_trades_2025_07_02.parquet,0.0013160568613979234,516695,False
ELWS,2025-07-28,ELWS_trades_2025_07_28.parquet,0.001005530417295123,1989,False
ELWS,2025-07-31,ELWS_trades_2025_07_31.parquet,0.0008374541394161748,25076,False
ELWS,2025-08-04,ELWS_trades_2025_08_04.parquet,0.0016750418760469012,8955,False
ELWS,2025-10-13,ELWS_trades_2025_10_13.parquet,0.0,2097,False
ELWS,2025-10-16,ELWS_trades_2025_10_16.parquet,0.0006797059691446647,301601,False
EM,2025-01-06,EM_trades_2025_01_06.parquet,0.00016503011799653437,12119,False
EMPG,2025-07-03,EMPG_trades_2025_07_03.parquet,0.00119233850967225,104836,False
ENGNW,2025-01-17,ENGNW_trades_2025_01_17.parquet,0.0,133,False
ENGNW,2025-01-21,ENGNW_trades_2025_01_21.parquet,0.0,74,False
ENGNW,2025-02-07,ENGNW_trades_2025_02_07.parquet,0.0,103,False
ENGNW,2025-07-02,ENGNW_trades_2025_07_02.parquet,0.0,36,False
ENGNW,2025-10-09,ENGNW_trades_2025_10_09.parquet,0.0,139,False
ENGNW,2025-10-15,ENGNW_trades_2025_10_15.parquet,0.0,82,False
ENGNW,2025-10-17,ENGNW_trades_2025_10_17.parquet,0.0,582,False
ENGNW,2025-10-22,ENGNW_trades_2025_10_22.parquet,0.0,828,False
ENGS,2025-04-23,ENGS_trades_2025_04_23.parquet,0.0006285355122564425,1591,False
ENGS,2025-07-07,ENGS_trades_2025_07_07.parquet,0.0005858917272088118,17068,False
ENGS,2025-07-23,ENGS_trades_2025_07_23.parquet,0.0004227436060029592,4731,False
ENGS,2025-08-14,ENGS_trades_2025_08_14.parquet,0.0,6898,False
ENGS,2025-09-09,ENGS_trades_2025_09_09.parquet,0.0008743806470416788,3431,False
ENGS,2025-09-11,ENGS_trades_2025_09_11.parquet,0.0030978934324659233,4842,False
ENSC,2025-04-23,ENSC_trades_2025_04_23.parquet,0.0008707367389665216,522546,True
ENTA,2025-09-29,ENTA_trades_2025_09_29.parquet,0.0010784680678292975,157631,False
ENTO,2025-03-03,ENTO_trades_2025_03_03.parquet,0.0013338668800853674,22491,False
ENTO,2025-05-29,ENTO_trades_2025_05_29.parquet,0.0011999768679157993,69168,False
ENTO,2025-05-30,ENTO_trades_2025_05_30.parquet,0.0012463000467362517,6419,False
ENTO,2025-07-08,ENTO_trades_2025_07_08.parquet,0.0011560693641618498,6920,False
ENTO,2025-08-11,ENTO_trades_2025_08_11.parquet,0.0008772192748453876,500445,False
ENTO,2025-09-12,ENTO_trades_2025_09_12.parquet,0.0032409074540871445,2777,False
ENVB,2025-02-26,ENVB_trades_2025_02_26.parquet,0.0010808408028059235,656896,False
ENVB,2025-02-28,ENVB_trades_2025_02_28.parquet,0.0007247353873120745,59332,False
ENVX,2025-01-07,ENVX_trades_2025_01_07.parquet,0.0008441260883197067,124389,False
EOLS,2025-01-21,EOLS_trades_2025_01_21.parquet,0.0009229220270723795,35756,False
EOSE,2025-05-07,EOSE_trades_2025_05_07.parquet,0.001138188477250317,177475,False
EPOW,2025-09-25,EPOW_trades_2025_09_25.parquet,0.0002789400278940028,3585,False
EPOW,2025-09-26,EPOW_trades_2025_09_26.parquet,0.0007506004803843075,19984,False
EPOW,2025-09-30,EPOW_trades_2025_09_30.parquet,0.0010256542855542196,232047,False
EPSM,2025-04-23,EPSM_trades_2025_04_23.parquet,0.00037925476438797765,10547,False
EPSM,2025-04-24,EPSM_trades_2025_04_24.parquet,0.0011096316023080338,9012,False
EPSM,2025-05-05,EPSM_trades_2025_05_05.parquet,0.0016899028305872412,9468,False
EPSM,2025-05-06,EPSM_trades_2025_05_06.parquet,0.0011256733939052825,12437,False
EPSM,2025-06-20,EPSM_trades_2025_06_20.parquet,0.0005257623554153522,1902,False
EPSM,2025-06-23,EPSM_trades_2025_06_23.parquet,0.0,2718,False
EPSM,2025-07-01,EPSM_trades_2025_07_01.parquet,0.0,847,False
EPSM,2025-07-09,EPSM_trades_2025_07_09.parquet,0.0,1195,False
EPSM,2025-09-09,EPSM_trades_2025_09_09.parquet,0.00038666022232962784,10345,False
EPSM,2025-09-11,EPSM_trades_2025_09_11.parquet,0.004448784722222222,9216,False
EPSM,2025-09-12,EPSM_trades_2025_09_12.parquet,0.0,4687,False
EPSM,2025-10-02,EPSM_trades_2025_10_02.parquet,0.0013164823591363876,18990,False
EPSM,2025-10-03,EPSM_trades_2025_10_03.parquet,0.0015222921966884931,143862,False
EPSM,2025-10-23,EPSM_trades_2025_10_23.parquet,0.0,2463,False
EPWK,2025-04-23,EPWK_trades_2025_04_23.parquet,0.0014136922742321355,82762,False
EPWK,2025-04-24,EPWK_trades_2025_04_24.parquet,0.0017205123303383673,5231,False
EPWK,2025-04-25,EPWK_trades_2025_04_25.parquet,0.0012762078395624431,5485,False
EPWK,2025-05-06,EPWK_trades_2025_05_06.parquet,0.0009318699523710913,9658,False
EPWK,2025-06-05,EPWK_trades_2025_06_05.parquet,0.0012706874108969193,32266,False
EPWK,2025-08-27,EPWK_trades_2025_08_27.parquet,0.0015624374023476624,24961,False
EPWK,2025-09-09,EPWK_trades_2025_09_09.parquet,0.0008009611533840609,7491,False
EPWK,2025-09-10,EPWK_trades_2025_09_10.parquet,0.0008188750703720764,19539,False
EPWK,2025-10-09,EPWK_trades_2025_10_09.parquet,0.001088382147523429,398757,False
EPWK,2025-10-16,EPWK_trades_2025_10_16.parquet,0.0009571070399384123,96123,False
EPWK,2025-10-22,EPWK_trades_2025_10_22.parquet,0.0009667583847698372,40341,False
EPWK,2025-10-31,EPWK_trades_2025_10_31.parquet,0.0011036745871548803,677736,False
EQ,2025-02-06,EQ_trades_2025_02_06.parquet,0.0009676721119443844,78539,False
EQ,2025-08-01,EQ_trades_2025_08_01.parquet,0.0010337917620025184,204103,False
EQ,2025-08-11,EQ_trades_2025_08_11.parquet,0.0012560736962374548,405231,False
EQ,2025-08-21,EQ_trades_2025_08_21.parquet,0.0024140405819795133,15327,False
EQ,2025-08-22,EQ_trades_2025_08_22.parquet,0.0006653043767523642,42086,False
EQ,2025-09-05,EQ_trades_2025_09_05.parquet,0.0001994316198833325,20057,False
EQS,2025-08-06,EQS_trades_2025_08_06.parquet,0.0011235955056179776,890,False
ERAS,2025-04-09,ERAS_trades_2025_04_09.parquet,0.0002042275094455223,9793,False
ERAS,2025-05-29,ERAS_trades_2025_05_29.parquet,0.0003040807638508788,16443,False
ERNA,2025-01-14,ERNA_trades_2025_01_14.parquet,0.0009152206231750975,654487,False
ERNA,2025-01-22,ERNA_trades_2025_01_22.parquet,0.0008937615444199488,16783,False
ERNA,2025-10-29,ERNA_trades_2025_10_29.parquet,0.00100688924218336,849150,False
ESGL,2025-01-10,ESGL_trades_2025_01_10.parquet,0.0,1581,False
ESGL,2025-01-13,ESGL_trades_2025_01_13.parquet,0.0008635578583765112,1158,False
ESGL,2025-02-27,ESGL_trades_2025_02_27.parquet,0.0009008226790249409,184276,False
ESGL,2025-02-28,ESGL_trades_2025_02_28.parquet,0.0007384685298795728,17604,False
ESLA,2025-02-18,ESLA_trades_2025_02_18.parquet,0.0007698229407236335,2598,False
ESLA,2025-10-01,ESLA_trades_2025_10_01.parquet,0.0,3313,False
ESPR,2025-07-24,ESPR_trades_2025_07_24.parquet,0.0009667851934389697,61027,False
EUDA,2025-09-24,EUDA_trades_2025_09_24.parquet,0.0018885741265344666,2118,False
EVAX,2025-01-23,EVAX_trades_2025_01_23.parquet,0.0009183439197979643,39201,False
EVAX,2025-01-24,EVAX_trades_2025_01_24.parquet,0.0009088821333623968,513818,False
EVAX,2025-02-04,EVAX_trades_2025_02_04.parquet,0.0009675730484515518,452679,False
EVAX,2025-09-25,EVAX_trades_2025_09_25.parquet,0.001010790603955671,603488,False
EVAX,2025-10-06,EVAX_trades_2025_10_06.parquet,0.0006931608133086876,8656,False
EVAX,2025-10-15,EVAX_trades_2025_10_15.parquet,0.0016354016354016355,20790,False
EVER,2025-02-25,EVER_trades_2025_02_25.parquet,0.0013320107694487742,35285,False
EVGN,2025-04-21,EVGN_trades_2025_04_21.parquet,0.0008218869623958568,88820,False
EVGN,2025-06-10,EVGN_trades_2025_06_10.parquet,0.0009627432962993901,478840,False
EVGO,2025-05-06,EVGO_trades_2025_05_06.parquet,0.0005394574599260172,90832,False
EVLV,2025-05-16,EVLV_trades_2025_05_16.parquet,0.0016225677453974012,78271,False
EVLVW,2025-08-15,EVLVW_trades_2025_08_15.parquet,0.0004116920543433512,2429,False
EVOK,2025-07-09,EVOK_trades_2025_07_09.parquet,0.0010184087754579153,1085026,False
EVOK,2025-08-01,EVOK_trades_2025_08_01.parquet,0.0015904572564612327,2515,False
EVTL,2025-01-15,EVTL_trades_2025_01_15.parquet,0.0015620932048945586,3841,False
EVTV,2025-01-29,EVTV_trades_2025_01_29.parquet,0.0010718730441913833,139009,False
EVTV,2025-01-31,EVTV_trades_2025_01_31.parquet,0.0017245839441234802,23194,False
EVTV,2025-03-07,EVTV_trades_2025_03_07.parquet,0.0008285004142502071,6035,False
EVTV,2025-08-04,EVTV_trades_2025_08_04.parquet,0.0005982650314089142,6686,False
EVTV,2025-09-12,EVTV_trades_2025_09_12.parquet,0.0017633228840125393,5104,False
EXOZ,2025-02-13,EXOZ_trades_2025_02_13.parquet,0.0,1039,False
EXOZ,2025-07-24,EXOZ_trades_2025_07_24.parquet,0.0,629,False
EZGO,2025-08-01,EZGO_trades_2025_08_01.parquet,0.001372728461236763,30596,True
EZGO,2025-09-24,EZGO_trades_2025_09_24.parquet,0.001020473929576557,93094,False
EZGO,2025-10-01,EZGO_trades_2025_10_01.parquet,0.0010725657784481314,29835,False
FAMI,2025-01-15,FAMI_trades_2025_01_15.parquet,0.0009098756503277886,128589,False
FAMI,2025-05-12,FAMI_trades_2025_05_12.parquet,0.0,905,False
FARM,2025-02-07,FARM_trades_2025_02_07.parquet,0.0012110037267663075,127993,False
FAT,2025-06-09,FAT_trades_2025_06_09.parquet,0.0034455340577789558,3773,False
FATBB,2025-04-08,FATBB_trades_2025_04_08.parquet,0.0,208,False
FATE,2025-08-13,FATE_trades_2025_08_13.parquet,0.000639335091504835,12513,False
FATN,2025-04-11,FATN_trades_2025_04_11.parquet,0.0014316392269148174,8382,False
FATN,2025-04-14,FATN_trades_2025_04_14.parquet,0.001364256480218281,46179,False
FATN,2025-04-17,FATN_trades_2025_04_17.parquet,0.0008247422680412372,36375,False
FATN,2025-04-23,FATN_trades_2025_04_23.parquet,0.004551096400496483,4834,False
FATN,2025-05-13,FATN_trades_2025_05_13.parquet,0.0020408163265306124,1960,False
FATN,2025-05-16,FATN_trades_2025_05_16.parquet,0.0,2330,False
FATN,2025-06-30,FATN_trades_2025_06_30.parquet,0.0,1594,False
FATN,2025-09-19,FATN_trades_2025_09_19.parquet,0.001283893699437567,137083,False
FBGL,2025-03-24,FBGL_trades_2025_03_24.parquet,0.000643707756678468,3107,False
FBGL,2025-03-25,FBGL_trades_2025_03_25.parquet,0.0007113596781710697,40767,False
FBIO,2025-09-05,FBIO_trades_2025_09_05.parquet,0.0016835016835016834,22572,False
FBL,2025-04-09,FBL_trades_2025_04_09.parquet,0.0011989449284629525,12511,False
FBLG,2025-05-15,FBLG_trades_2025_05_15.parquet,0.001671541997492687,2393,False
FBRX,2025-03-19,FBRX_trades_2025_03_19.parquet,0.002074688796680498,964,False
FBRX,2025-03-25,FBRX_trades_2025_03_25.parquet,0.000676132521974307,2958,False
FBRX,2025-05-27,FBRX_trades_2025_05_27.parquet,0.0,6197,False
FBRX,2025-06-23,FBRX_trades_2025_06_23.parquet,0.0008305647840531562,8428,False
FBYD,2025-02-06,FBYD_trades_2025_02_06.parquet,0.0014312977099236641,6288,False
FBYD,2025-05-02,FBYD_trades_2025_05_02.parquet,0.0,283,False
FBYD,2025-06-18,FBYD_trades_2025_06_18.parquet,0.000715307582260372,1398,False
FBYD,2025-07-17,FBYD_trades_2025_07_17.parquet,0.0,528,False
FBYDW,2025-02-12,FBYDW_trades_2025_02_12.parquet,0.0,373,False
FBYDW,2025-02-18,FBYDW_trades_2025_02_18.parquet,0.0,221,False
FBYDW,2025-07-16,FBYDW_trades_2025_07_16.parquet,0.0,186,False
FBYDW,2025-09-17,FBYDW_trades_2025_09_17.parquet,0.0,166,False
FBYDW,2025-09-24,FBYDW_trades_2025_09_24.parquet,0.0,207,False
FBYDW,2025-10-06,FBYDW_trades_2025_10_06.parquet,0.0,42,False
FBYDW,2025-10-16,FBYDW_trades_2025_10_16.parquet,0.0,463,False
FCEL,2025-06-06,FCEL_trades_2025_06_06.parquet,0.0012372061635361601,71128,False
FCUV,2025-01-03,FCUV_trades_2025_01_03.parquet,0.0009289278522515806,327259,False
FCUV,2025-01-31,FCUV_trades_2025_01_31.parquet,0.0006341519658710942,17346,False
FCUV,2025-03-05,FCUV_trades_2025_03_05.parquet,0.0,2547,False
FCUV,2025-09-03,FCUV_trades_2025_09_03.parquet,0.0007976601967561818,3761,False
FCUV,2025-10-06,FCUV_trades_2025_10_06.parquet,0.0007209805335255948,1387,False
FDMT,2025-08-01,FDMT_trades_2025_08_01.parquet,0.000934622047962068,263208,False
FEAM,2025-01-14,FEAM_trades_2025_01_14.parquet,0.0,1429,False
FEAM,2025-02-06,FEAM_trades_2025_02_06.parquet,0.0009629272989889263,2077,False
FEAM,2025-03-18,FEAM_trades_2025_03_18.parquet,0.0007403751233958539,8104,False
FEAM,2025-07-24,FEAM_trades_2025_07_24.parquet,0.0008006405124099279,1249,False
FEAM,2025-08-11,FEAM_trades_2025_08_11.parquet,0.0,2089,False
FEAM,2025-10-10,FEAM_trades_2025_10_10.parquet,0.0009835604889700718,14234,False
FEBO,2025-08-26,FEBO_trades_2025_08_26.parquet,0.0019187228980390653,26059,False
FEDU,2025-07-11,FEDU_trades_2025_07_11.parquet,0.0,229,False
FEDU,2025-09-03,FEDU_trades_2025_09_03.parquet,0.0010245901639344263,976,False
FENG,2025-09-24,FENG_trades_2025_09_24.parquet,0.0006222775357809583,1607,False
FFAI,2025-04-24,FFAI_trades_2025_04_24.parquet,0.0004645466447062798,23679,False
FFAI,2025-04-28,FFAI_trades_2025_04_28.parquet,0.0010800842992623814,37960,False
FFAI,2025-07-22,FFAI_trades_2025_07_22.parquet,0.0009923560498612107,213633,False
FFAI,2025-07-24,FFAI_trades_2025_07_24.parquet,0.0009261361056884732,110135,False
FGEN,2025-02-20,FGEN_trades_2025_02_20.parquet,0.0007864967073091218,245392,False
FGI,2025-05-09,FGI_trades_2025_05_09.parquet,0.0006994474365251451,14297,False
FGI,2025-06-02,FGI_trades_2025_06_02.parquet,0.002001668056713928,5995,False
FGI,2025-07-16,FGI_trades_2025_07_16.parquet,0.0005458515283842794,1832,False
FGI,2025-09-16,FGI_trades_2025_09_16.parquet,0.0009409765899400454,918195,False
FGI,2025-10-20,FGI_trades_2025_10_20.parquet,0.0009015373812939662,230717,False
FGL,2025-01-06,FGL_trades_2025_01_06.parquet,0.0008007259915656862,18733,False
FGL,2025-01-10,FGL_trades_2025_01_10.parquet,0.0012531328320802004,4788,False
FGL,2025-01-13,FGL_trades_2025_01_13.parquet,0.0011049723756906078,10860,False
FGNX,2025-09-17,FGNX_trades_2025_09_17.parquet,0.0014645044736870236,187094,False
FHTX,2025-02-10,FHTX_trades_2025_02_10.parquet,0.0008481764206955047,4716,False
FICO,2025-10-02,FICO_trades_2025_10_02.parquet,0.0006685400897430086,88252,False
FIEE,2025-07-31,FIEE_trades_2025_07_31.parquet,0.001793350807007863,7249,True
FIG,2025-07-31,FIG_trades_2025_07_31.parquet,0.0011034680424190312,907140,False
FLD,2025-03-06,FLD_trades_2025_03_06.parquet,0.0005798782255726297,3449,False
FLD,2025-03-21,FLD_trades_2025_03_21.parquet,0.001924310455420141,1559,False
FLD,2025-09-19,FLD_trades_2025_09_19.parquet,0.0011300216779668835,43362,False
FLDDW,2025-01-24,FLDDW_trades_2025_01_24.parquet,0.0,116,False
FLDDW,2025-02-19,FLDDW_trades_2025_02_19.parquet,0.0,675,False
FLGC,2025-08-11,FLGC_trades_2025_08_11.parquet,0.0008203445447087777,1219,False
FLGC,2025-09-22,FLGC_trades_2025_09_22.parquet,0.0018755992961234102,94903,False
FLNC,2025-05-12,FLNC_trades_2025_05_12.parquet,0.0010277492291880781,95354,False
FLNT,2025-08-27,FLNT_trades_2025_08_27.parquet,0.0012832428550305231,189364,False
FLS,2025-10-29,FLS_trades_2025_10_29.parquet,0.0008488898234464927,128403,False
FLUX,2025-03-17,FLUX_trades_2025_03_17.parquet,0.0008532423208191126,1172,False
FLUX,2025-03-21,FLUX_trades_2025_03_21.parquet,0.0,1240,False
FLUX,2025-09-16,FLUX_trades_2025_09_16.parquet,0.0007433716032047576,36321,False
FLUX,2025-10-06,FLUX_trades_2025_10_06.parquet,0.0017310252996005327,7510,False
FLWS,2025-07-22,FLWS_trades_2025_07_22.parquet,0.0014314164799601693,32136,False
FLWS,2025-10-22,FLWS_trades_2025_10_22.parquet,0.0013745233362314972,277187,False
FLX,2025-06-03,FLX_trades_2025_06_03.parquet,0.0,851,False
FLXS,2025-02-04,FLXS_trades_2025_02_04.parquet,0.0005005005005005005,3996,False
FLXS,2025-08-19,FLXS_trades_2025_08_19.parquet,0.0007765482430596001,5151,False
FLYE,2025-02-11,FLYE_trades_2025_02_11.parquet,0.0009846673231115486,28436,False
FLYE,2025-04-09,FLYE_trades_2025_04_09.parquet,0.0005241090146750524,1908,False
FLYE,2025-07-07,FLYE_trades_2025_07_07.parquet,0.0007882705344474224,6343,False
FLYE,2025-07-17,FLYE_trades_2025_07_17.parquet,0.0008438171218165081,13036,False
FLYE,2025-08-21,FLYE_trades_2025_08_21.parquet,0.00044795341284506414,17859,False
FLYE,2025-09-22,FLYE_trades_2025_09_22.parquet,0.0022358859698155395,5367,False
FMFC,2025-06-26,FMFC_trades_2025_06_26.parquet,0.0017872406558396147,12869,False
FMFC,2025-08-22,FMFC_trades_2025_08_22.parquet,0.0009900990099009901,21210,False
FMFC,2025-10-10,FMFC_trades_2025_10_10.parquet,0.00032615786040443573,6132,False
FMST,2025-01-24,FMST_trades_2025_01_24.parquet,0.00029407440082340834,6801,False
FMST,2025-01-27,FMST_trades_2025_01_27.parquet,0.0010052271813429834,19896,False
FMST,2025-05-05,FMST_trades_2025_05_05.parquet,0.00098405825624877,5081,False
FMST,2025-05-12,FMST_trades_2025_05_12.parquet,0.0010883366588064574,5513,False
FMST,2025-05-16,FMST_trades_2025_05_16.parquet,0.0003299241174529858,9093,False
FMST,2025-05-27,FMST_trades_2025_05_27.parquet,0.0003891429127347018,10279,False
FMST,2025-05-28,FMST_trades_2025_05_28.parquet,0.0017250126839167936,19710,False
FMST,2025-07-29,FMST_trades_2025_07_29.parquet,0.002876945207270825,7647,False
FMSTW,2025-06-05,FMSTW_trades_2025_06_05.parquet,0.00392156862745098,255,False
FMSTW,2025-10-15,FMSTW_trades_2025_10_15.parquet,0.0,140,False
FMSTW,2025-10-16,FMSTW_trades_2025_10_16.parquet,0.0,82,False
FNGR,2025-05-01,FNGR_trades_2025_05_01.parquet,0.0006269985579033168,15949,False
FNGR,2025-07-28,FNGR_trades_2025_07_28.parquet,0.0016924053310767928,9454,False
FNKO,2025-05-12,FNKO_trades_2025_05_12.parquet,0.0014121573913601644,31158,False
FOFO,2025-09-23,FOFO_trades_2025_09_23.parquet,0.00188040616773223,13295,True
FOFO,2025-09-25,FOFO_trades_2025_09_25.parquet,0.0006360587486989708,17294,False
FOFO,2025-09-26,FOFO_trades_2025_09_26.parquet,0.0010673877463886715,14053,False
FOFO,2025-09-29,FOFO_trades_2025_09_29.parquet,0.0010092726928657037,15853,False
FOFO,2025-10-13,FOFO_trades_2025_10_13.parquet,0.0011730205278592375,1705,False
FOFO,2025-10-14,FOFO_trades_2025_10_14.parquet,0.001033210332103321,6775,False
FORA,2025-02-14,FORA_trades_2025_02_14.parquet,0.0008417508417508417,1188,False
FORA,2025-08-25,FORA_trades_2025_08_25.parquet,0.0013559322033898306,4425,False
FOSL,2025-03-13,FOSL_trades_2025_03_13.parquet,0.00043591979075850045,13764,False
FOSL,2025-08-14,FOSL_trades_2025_08_14.parquet,0.002041896695152386,13223,False
FOSL,2025-08-15,FOSL_trades_2025_08_15.parquet,0.0006676124509722107,23966,False
FOSL,2025-10-15,FOSL_trades_2025_10_15.parquet,0.0007584899155318049,58010,False
FOXX,2025-01-03,FOXX_trades_2025_01_03.parquet,0.0003741114852225963,2673,False
FOXX,2025-01-30,FOXX_trades_2025_01_30.parquet,0.001495060710642876,357845,False
FOXX,2025-07-17,FOXX_trades_2025_07_17.parquet,0.0017094017094017094,1170,False
FOXX,2025-08-11,FOXX_trades_2025_08_11.parquet,0.0,1523,False
FPH,2025-01-24,FPH_trades_2025_01_24.parquet,0.0005903821382567626,18632,False
FRGE,2025-04-07,FRGE_trades_2025_04_07.parquet,0.000718132854578097,2785,False
FRGE,2025-04-15,FRGE_trades_2025_04_15.parquet,0.0007388642600802195,9474,False
FRGE,2025-04-21,FRGE_trades_2025_04_21.parquet,0.0010013351134846463,8988,False
FRGE,2025-07-31,FRGE_trades_2025_07_31.parquet,0.00046497210167389957,6452,False
FRGT,2025-03-04,FRGT_trades_2025_03_04.parquet,0.0007744801981038823,294391,False
FRGT,2025-04-11,FRGT_trades_2025_04_11.parquet,0.0012940197800166374,10819,False
FRGT,2025-04-30,FRGT_trades_2025_04_30.parquet,0.0008234971177600879,102004,False
FRGT,2025-05-02,FRGT_trades_2025_05_02.parquet,0.0010710502112995797,773073,False
FRGT,2025-05-12,FRGT_trades_2025_05_12.parquet,0.0010297275860309569,215591,False
FRGT,2025-09-15,FRGT_trades_2025_09_15.parquet,0.0008082862725155902,186815,False
FRGT,2025-10-28,FRGT_trades_2025_10_28.parquet,0.0006853692908353034,519428,False
FTCI,2025-02-14,FTCI_trades_2025_02_14.parquet,0.00117096018735363,3416,False
FTCI,2025-03-31,FTCI_trades_2025_03_31.parquet,0.0015873015873015873,5040,False
FTEK,2025-05-19,FTEK_trades_2025_05_19.parquet,0.000742084432717678,12128,False
FTEL,2025-01-08,FTEL_trades_2025_01_08.parquet,0.0005827505827505828,3432,False
FTEL,2025-02-14,FTEL_trades_2025_02_14.parquet,0.0004193751310547285,19076,False
FTEL,2025-07-24,FTEL_trades_2025_07_24.parquet,0.0007675775253300583,19542,False
FTEL,2025-09-10,FTEL_trades_2025_09_10.parquet,0.0011363636363636363,3520,False
FTEL,2025-09-23,FTEL_trades_2025_09_23.parquet,0.0010694514343231002,79480,False
FTFT,2025-03-03,FTFT_trades_2025_03_03.parquet,0.00118640563622195,314395,False
FTFT,2025-04-04,FTFT_trades_2025_04_04.parquet,0.0004830917874396135,2070,False
FTFT,2025-07-11,FTFT_trades_2025_07_11.parquet,0.0010092478360196728,601438,False
FTFT,2025-07-15,FTFT_trades_2025_07_15.parquet,0.000868001736003472,16129,False
FTFT,2025-09-12,FTFT_trades_2025_09_12.parquet,0.0005755395683453237,13900,False
FTHM,2025-05-14,FTHM_trades_2025_05_14.parquet,0.0,704,False
FTHM,2025-08-22,FTHM_trades_2025_08_22.parquet,0.0003812428516965307,2623,False
FTHM,2025-08-25,FTHM_trades_2025_08_25.parquet,0.0008570685195671804,65339,False
FTHM,2025-08-28,FTHM_trades_2025_08_28.parquet,0.001317829457364341,12900,False
FTHM,2025-09-10,FTHM_trades_2025_09_10.parquet,0.0009654373431164317,5179,False
FTK,2025-05-07,FTK_trades_2025_05_07.parquet,0.0007154611146884167,13977,False
FTRE,2025-08-04,FTRE_trades_2025_08_04.parquet,0.0012407332733645584,32239,False
FTRK,2025-06-03,FTRK_trades_2025_06_03.parquet,0.0012809774843572943,20297,False
FTRK,2025-06-16,FTRK_trades_2025_06_16.parquet,0.00011348161597821153,8812,False
FUBO,2025-01-06,FUBO_trades_2025_01_06.parquet,0.000990707738760258,1628129,False
FUFU,2025-03-25,FUFU_trades_2025_03_25.parquet,0.0009068923821039903,6616,False
FUFU,2025-08-15,FUFU_trades_2025_08_15.parquet,0.001106767917804889,156311,False
FULC,2025-05-02,FULC_trades_2025_05_02.parquet,0.0005593036669346664,28607,False
FWRD,2025-04-09,FWRD_trades_2025_04_09.parquet,0.0005744925315970893,26110,False
GALT,2025-06-17,GALT_trades_2025_06_17.parquet,0.0008476678795898114,48368,False
GALT,2025-06-18,GALT_trades_2025_06_18.parquet,0.0010034518744481014,24914,False
GAME,2025-07-08,GAME_trades_2025_07_08.parquet,0.0010053038444205636,57694,False
GAME,2025-07-09,GAME_trades_2025_07_09.parquet,0.0012030972040843607,291747,False
GAME,2025-07-16,GAME_trades_2025_07_16.parquet,0.0006964094887794023,249853,False
GANX,2025-08-15,GANX_trades_2025_08_15.parquet,0.00019569471624266145,5110,False
GAUZ,2025-03-11,GAUZ_trades_2025_03_11.parquet,0.0005624296962879641,1778,False
GBIO,2025-07-16,GBIO_trades_2025_07_16.parquet,0.000906070673512534,9933,False
GBIO,2025-08-13,GBIO_trades_2025_08_13.parquet,0.0008283684327906458,62774,False
GCL,2025-02-18,GCL_trades_2025_02_18.parquet,0.0008938944814803088,410563,False
GCL,2025-02-28,GCL_trades_2025_02_28.parquet,0.0013682770234712135,9501,False
GCL,2025-05-21,GCL_trades_2025_05_21.parquet,0.0009874301545257996,213686,False
GCT,2025-08-08,GCT_trades_2025_08_08.parquet,0.0008470645180807938,49583,False
GCTK,2025-01-13,GCTK_trades_2025_01_13.parquet,0.0008507271201286153,437273,False
GCTK,2025-01-17,GCTK_trades_2025_01_17.parquet,0.0007699590495853628,175334,False
GCTK,2025-01-21,GCTK_trades_2025_01_21.parquet,0.001025749724637297,264197,False
GCTK,2025-02-04,GCTK_trades_2025_02_04.parquet,0.0010455313988015223,167379,False
GCTK,2025-02-14,GCTK_trades_2025_02_14.parquet,0.0004819857814194481,8299,False
GCTK,2025-02-26,GCTK_trades_2025_02_26.parquet,0.0014074595355383533,8526,False
GCTK,2025-03-20,GCTK_trades_2025_03_20.parquet,0.0009443646068569082,73065,False
GCTK,2025-04-01,GCTK_trades_2025_04_01.parquet,0.0005928560841855639,13494,False
GCTK,2025-06-25,GCTK_trades_2025_06_25.parquet,0.001002229961664704,319288,False
GCTK,2025-06-27,GCTK_trades_2025_06_27.parquet,0.0010634786754189739,81807,False
GCTK,2025-07-21,GCTK_trades_2025_07_21.parquet,0.0015306332448395794,388728,False
GCTK,2025-09-02,GCTK_trades_2025_09_02.parquet,0.001526798736023335,131648,False
GCTK,2025-09-12,GCTK_trades_2025_09_12.parquet,0.000939294367552856,903870,False
GCTS,2025-05-14,GCTS_trades_2025_05_14.parquet,0.00125,9600,False
GDC,2025-02-24,GDC_trades_2025_02_24.parquet,0.0010069713400464755,25820,False
GDC,2025-02-25,GDC_trades_2025_02_25.parquet,0.0008300930578006903,22889,False
GDC,2025-05-12,GDC_trades_2025_05_12.parquet,0.0011596102701135662,79337,False
GDC,2025-09-29,GDC_trades_2025_09_29.parquet,0.0,2554,False
GDC,2025-10-02,GDC_trades_2025_10_02.parquet,0.003738855335058959,3477,False
GDEV,2025-02-21,GDEV_trades_2025_02_21.parquet,0.001009809578765147,6932,False
GDEV,2025-04-15,GDEV_trades_2025_04_15.parquet,0.0007283321194464676,1373,False
GDEV,2025-05-05,GDEV_trades_2025_05_05.parquet,0.0009891196834817012,3033,False
GDEV,2025-09-22,GDEV_trades_2025_09_22.parquet,0.0,848,False
GDEV,2025-09-26,GDEV_trades_2025_09_26.parquet,0.0007530120481927711,1328,False
GDEV,2025-10-02,GDEV_trades_2025_10_02.parquet,0.0014970059880239522,1336,False
GDHG,2025-03-24,GDHG_trades_2025_03_24.parquet,0.0005393161471254449,9271,False
GDHG,2025-03-25,GDHG_trades_2025_03_25.parquet,0.001167664867063323,152441,False
GDHG,2025-04-03,GDHG_trades_2025_04_03.parquet,0.0011689070718877848,6844,False
GDHG,2025-04-14,GDHG_trades_2025_04_14.parquet,0.0002591344908007256,7718,False
GDHG,2025-04-22,GDHG_trades_2025_04_22.parquet,0.0014352350197344816,2787,False
GDHG,2025-06-30,GDHG_trades_2025_06_30.parquet,0.0012248803827751196,52250,False
GDHG,2025-07-07,GDHG_trades_2025_07_07.parquet,0.0003295254833040422,9104,False
GDOT,2025-05-09,GDOT_trades_2025_05_09.parquet,0.0013215131325367546,36322,False
GDOT,2025-08-12,GDOT_trades_2025_08_12.parquet,0.000744047619047619,33600,False
GDRX,2025-08-18,GDRX_trades_2025_08_18.parquet,0.0011463198637003205,222451,False
GDRX,2025-10-09,GDRX_trades_2025_10_09.parquet,0.0006517869826440825,119671,False
GDTC,2025-01-10,GDTC_trades_2025_01_10.parquet,0.0,783,False
GDTC,2025-10-22,GDTC_trades_2025_10_22.parquet,0.00032318009210632626,12377,False
GEG,2025-09-03,GEG_trades_2025_09_03.parquet,0.0018440631160124633,110083,False
GELS,2025-01-22,GELS_trades_2025_01_22.parquet,0.0012531562704573085,53465,False
GELS,2025-04-22,GELS_trades_2025_04_22.parquet,0.001083370204159029,791050,False
GELS,2025-06-10,GELS_trades_2025_06_10.parquet,0.0010413288938450871,379323,False
GELS,2025-09-05,GELS_trades_2025_09_05.parquet,0.0007738517478632266,201589,False
GELS,2025-10-23,GELS_trades_2025_10_23.parquet,0.0012610340479192938,3172,False
GENK,2025-03-07,GENK_trades_2025_03_07.parquet,0.000683922558922559,19008,True
GENVR,2025-05-07,GENVR_trades_2025_05_07.parquet,0.0014184397163120568,2820,False
GENVR,2025-08-08,GENVR_trades_2025_08_08.parquet,0.0,3122,False
GENVR,2025-10-10,GENVR_trades_2025_10_10.parquet,0.000181967063961423,10991,False
GEOS,2025-06-17,GEOS_trades_2025_06_17.parquet,0.0007014262333411269,4277,False
GEOS,2025-06-20,GEOS_trades_2025_06_20.parquet,0.0017967658215212617,5009,False
GEOS,2025-06-23,GEOS_trades_2025_06_23.parquet,0.000720832046133251,29133,False
GEOS,2025-07-28,GEOS_trades_2025_07_28.parquet,0.0021770682148040637,11024,False
GES,2025-03-17,GES_trades_2025_03_17.parquet,0.0011577333458493695,63918,False
GETY,2025-01-03,GETY_trades_2025_01_03.parquet,0.0003687810111304814,29828,False
GETY,2025-01-07,GETY_trades_2025_01_07.parquet,0.0006256082302238288,345264,False
GETY,2025-10-31,GETY_trades_2025_10_31.parquet,0.0008661277795166577,603837,False
GEVO,2025-08-12,GEVO_trades_2025_08_12.parquet,0.001504310739915996,185467,False
GFAI,2025-01-03,GFAI_trades_2025_01_03.parquet,0.0008962935625032952,18967,False
GFAI,2025-01-06,GFAI_trades_2025_01_06.parquet,0.0010582932841953236,240954,False
GFAI,2025-01-14,GFAI_trades_2025_01_14.parquet,0.0012399068557776636,33067,False
GGAL,2025-10-27,GGAL_trades_2025_10_27.parquet,0.0008756757539134022,138179,False
GGR,2025-04-14,GGR_trades_2025_04_14.parquet,0.0018245400638589023,6577,False
GGR,2025-04-15,GGR_trades_2025_04_15.parquet,0.00039670732916790636,10083,False
GH,2025-10-30,GH_trades_2025_10_30.parquet,0.0009277052547876218,135819,False
GHRS,2025-02-03,GHRS_trades_2025_02_03.parquet,0.0008682763399082609,114019,False
GIBO,2025-07-10,GIBO_trades_2025_07_10.parquet,0.0010992232155943133,272920,False
GIBO,2025-07-22,GIBO_trades_2025_07_22.parquet,0.001867489444624878,36948,False
GIBO,2025-07-25,GIBO_trades_2025_07_25.parquet,0.0008288008288008288,96525,False
GIBO,2025-07-28,GIBO_trades_2025_07_28.parquet,0.0008065896634664206,344661,False
GIBO,2025-07-29,GIBO_trades_2025_07_29.parquet,0.0007756533494373743,180493,False
GIBO,2025-08-11,GIBO_trades_2025_08_11.parquet,0.0011454604620891636,76825,False
GIBO,2025-09-09,GIBO_trades_2025_09_09.parquet,0.001068500150983717,43051,False
GIFT,2025-01-07,GIFT_trades_2025_01_07.parquet,0.0,911,False
GIFT,2025-06-20,GIFT_trades_2025_06_20.parquet,0.0008688097306689834,1151,False
GIFT,2025-07-30,GIFT_trades_2025_07_30.parquet,0.0003099333643266698,6453,False
GIGGW,2025-10-08,GIGGW_trades_2025_10_08.parquet,0.00017618040873854828,5676,False
GIGGW,2025-10-14,GIGGW_trades_2025_10_14.parquet,0.0,3951,False
GIGGW,2025-10-23,GIGGW_trades_2025_10_23.parquet,0.0054869684499314125,729,False
GIPR,2025-08-21,GIPR_trades_2025_08_21.parquet,0.0,1600,False
GIPR,2025-09-17,GIPR_trades_2025_09_17.parquet,0.0009276437847866419,15092,False
GIPR,2025-10-03,GIPR_trades_2025_10_03.parquet,0.000820950660865282,60905,False
GIPR,2025-10-15,GIPR_trades_2025_10_15.parquet,0.0013025679196129512,5374,False
GIPRW,2025-02-28,GIPRW_trades_2025_02_28.parquet,0.001488095238095238,672,False
GITS,2025-01-27,GITS_trades_2025_01_27.parquet,0.0011639749745380474,27492,False
GITS,2025-04-22,GITS_trades_2025_04_22.parquet,0.0006027727546714888,3318,False
GITS,2025-05-30,GITS_trades_2025_05_30.parquet,0.0007634501108142139,351038,False
GITS,2025-07-03,GITS_trades_2025_07_03.parquet,0.0015553032610601907,433356,False
GKOS,2025-10-30,GKOS_trades_2025_10_30.parquet,0.0010748954044087248,60471,False
GLE,2025-01-24,GLE_trades_2025_01_24.parquet,0.0004233700254022015,2362,False
GLE,2025-06-16,GLE_trades_2025_06_16.parquet,0.0013785497656465398,3627,False
GLE,2025-07-31,GLE_trades_2025_07_31.parquet,0.0008643721515008643,12726,False
GLE,2025-08-19,GLE_trades_2025_08_19.parquet,0.001194716198548307,44362,False
GLE,2025-08-20,GLE_trades_2025_08_20.parquet,0.0007179523997558961,55714,False
GLE,2025-09-10,GLE_trades_2025_09_10.parquet,0.000976791384333366,763725,False
GLE,2025-10-30,GLE_trades_2025_10_30.parquet,0.001534292943107221,233984,False
GLMD,2025-03-17,GLMD_trades_2025_03_17.parquet,0.0010110788426374098,232425,False
GLMD,2025-04-28,GLMD_trades_2025_04_28.parquet,0.0007870608451340199,318908,False
GLTO,2025-03-21,GLTO_trades_2025_03_21.parquet,0.0012748939825004027,74516,False
GLTO,2025-09-10,GLTO_trades_2025_09_10.parquet,0.0003059975520195838,9804,False
GLTO,2025-09-23,GLTO_trades_2025_09_23.parquet,0.000829985724245543,753025,False
GLTO,2025-10-07,GLTO_trades_2025_10_07.parquet,0.0010739477372567275,1965645,False
GLTO,2025-10-09,GLTO_trades_2025_10_09.parquet,0.0009229021723697288,183118,False
GLUE,2025-09-15,GLUE_trades_2025_09_15.parquet,0.0009925029963974545,291183,False
GLXG,2025-01-10,GLXG_trades_2025_01_10.parquet,0.00078567413862918,165463,False
GLXG,2025-01-14,GLXG_trades_2025_01_14.parquet,0.0008787861034624172,34138,False
GLXG,2025-04-08,GLXG_trades_2025_04_08.parquet,0.0009456054730883221,315142,False
GLXG,2025-09-09,GLXG_trades_2025_09_09.parquet,0.0014394765539803708,22925,False
GLXG,2025-10-01,GLXG_trades_2025_10_01.parquet,0.0008243532880885004,369987,False
GMGI,2025-02-19,GMGI_trades_2025_02_19.parquet,0.00018789928598271326,5322,False
GMHS,2025-02-14,GMHS_trades_2025_02_14.parquet,0.0004286326618088298,2333,False
GMHS,2025-05-30,GMHS_trades_2025_05_30.parquet,0.00975609756097561,410,False
GMHS,2025-08-11,GMHS_trades_2025_08_11.parquet,0.0007941043319504538,134743,False
GMHS,2025-08-29,GMHS_trades_2025_08_29.parquet,0.0011375427313370977,680414,False
GMHS,2025-09-09,GMHS_trades_2025_09_09.parquet,0.0017294176543635289,153809,False
GMM,2025-09-11,GMM_trades_2025_09_11.parquet,0.0019666828400452855,154575,False
GNLN,2025-03-26,GNLN_trades_2025_03_26.parquet,0.0004713646005185011,4243,False
GNLN,2025-05-21,GNLN_trades_2025_05_21.parquet,0.0009863161610498556,96318,False
GNLN,2025-06-12,GNLN_trades_2025_06_12.parquet,0.001260368449842774,312607,False
GNLN,2025-06-16,GNLN_trades_2025_06_16.parquet,0.000585746827204686,92190,False
GNLN,2025-06-30,GNLN_trades_2025_06_30.parquet,0.0008327773598118681,211341,False
GNLX,2025-01-21,GNLX_trades_2025_01_21.parquet,0.0006712310377231843,7449,False
GNLX,2025-05-08,GNLX_trades_2025_05_08.parquet,0.002701242571582928,3702,False
GNPX,2025-03-18,GNPX_trades_2025_03_18.parquet,0.0007521828812481583,128958,False
GNPX,2025-04-02,GNPX_trades_2025_04_02.parquet,0.0009659846709317793,63148,False
GNPX,2025-04-03,GNPX_trades_2025_04_03.parquet,0.0008157999582613975,105418,False
GNPX,2025-05-29,GNPX_trades_2025_05_29.parquet,0.0004248088360237893,7062,False
GNPX,2025-08-22,GNPX_trades_2025_08_22.parquet,0.0006595837519153297,98547,False
GNPX,2025-09-05,GNPX_trades_2025_09_05.parquet,0.0008334027835652971,71994,False
GNPX,2025-09-08,GNPX_trades_2025_09_08.parquet,0.0012856962973272097,150891,False
GNPX,2025-10-14,GNPX_trades_2025_10_14.parquet,0.0010760642948416169,44607,False
GNPX,2025-10-15,GNPX_trades_2025_10_15.parquet,0.001096639102814352,1127080,False
GNTA,2025-02-03,GNTA_trades_2025_02_03.parquet,0.0,264,False
GNTA,2025-05-30,GNTA_trades_2025_05_30.parquet,0.0,210,False
GNTA,2025-06-05,GNTA_trades_2025_06_05.parquet,0.0,313,False
GNTA,2025-10-24,GNTA_trades_2025_10_24.parquet,0.001345507838602484,441469,False
GNTA,2025-10-29,GNTA_trades_2025_10_29.parquet,0.0009858211196771436,129841,False
GOGO,2025-05-09,GOGO_trades_2025_05_09.parquet,0.0007588532883642496,94880,False
GORV,2025-03-10,GORV_trades_2025_03_10.parquet,0.0,1481,False
GORV,2025-03-18,GORV_trades_2025_03_18.parquet,0.0003732736095558044,2679,False
GORV,2025-03-31,GORV_trades_2025_03_31.parquet,0.0,1802,False
GORV,2025-05-16,GORV_trades_2025_05_16.parquet,0.000977391992367034,171886,False
GORV,2025-05-23,GORV_trades_2025_05_23.parquet,0.0008976796494006223,198289,False
GORV,2025-09-16,GORV_trades_2025_09_16.parquet,0.0016179070620809287,179862,False
GOTU,2025-02-26,GOTU_trades_2025_02_26.parquet,0.0014002464433740338,35708,False
GOVX,2025-06-16,GOVX_trades_2025_06_16.parquet,0.00031670625494853525,6315,False
GOVX,2025-06-18,GOVX_trades_2025_06_18.parquet,0.0007190325743545048,45895,False
GP,2025-01-10,GP_trades_2025_01_10.parquet,0.0006514657980456026,3070,False
GP,2025-08-04,GP_trades_2025_08_04.parquet,0.0008862507471299904,97038,False
GP,2025-09-08,GP_trades_2025_09_08.parquet,0.0017910341892467016,56392,False
GPCR,2025-04-17,GPCR_trades_2025_04_17.parquet,0.0006190590302739836,50076,False
GPRO,2025-07-22,GPRO_trades_2025_07_22.parquet,0.0011067539317091834,73187,False
GPRO,2025-07-23,GPRO_trades_2025_07_23.parquet,0.0015165829199778429,557833,False
GPRO,2025-08-25,GPRO_trades_2025_08_25.parquet,0.0011996890946571594,59182,False
GRAL,2025-02-13,GRAL_trades_2025_02_13.parquet,0.000999968750976532,64002,False
GRAL,2025-10-20,GRAL_trades_2025_10_20.parquet,0.0010369472273626444,62684,False
GRAN,2025-08-14,GRAN_trades_2025_08_14.parquet,0.0,678,False
GRAN,2025-10-06,GRAN_trades_2025_10_06.parquet,0.0005336179295624333,9370,False
GREE,2025-04-25,GREE_trades_2025_04_25.parquet,0.00070482097547223,14188,False
GREE,2025-05-22,GREE_trades_2025_05_22.parquet,0.00020279862096937742,4931,False
GRI,2025-02-25,GRI_trades_2025_02_25.parquet,0.0,1597,False
GRI,2025-04-01,GRI_trades_2025_04_01.parquet,0.0010771312118156985,116049,False
GRI,2025-04-02,GRI_trades_2025_04_02.parquet,0.0008196161464380849,14641,False
GRI,2025-04-15,GRI_trades_2025_04_15.parquet,0.00038226299694189603,2616,False
GRI,2025-04-23,GRI_trades_2025_04_23.parquet,0.0006512536633018561,6142,False
GRI,2025-09-11,GRI_trades_2025_09_11.parquet,0.001445653312581374,334105,False
GRNQ,2025-01-10,GRNQ_trades_2025_01_10.parquet,0.0012205947625388372,9012,False
GRNQ,2025-05-16,GRNQ_trades_2025_05_16.parquet,0.00015190642564180464,6583,False
GROV,2025-07-09,GROV_trades_2025_07_09.parquet,0.0006008630578467253,18307,False
GRPN,2025-03-12,GRPN_trades_2025_03_12.parquet,0.001974147470073433,79528,False
GRPN,2025-05-08,GRPN_trades_2025_05_08.parquet,0.0007554901082015494,78095,False
GRPN,2025-08-07,GRPN_trades_2025_08_07.parquet,0.000662574975589343,57352,False
GRRR,2025-03-14,GRRR_trades_2025_03_14.parquet,0.0013182563862198266,68272,False
GRRR,2025-06-20,GRRR_trades_2025_06_20.parquet,0.000757529045953826,113527,False
GRRRW,2025-02-10,GRRRW_trades_2025_02_10.parquet,0.0,1359,False
GRRRW,2025-03-03,GRRRW_trades_2025_03_03.parquet,0.0003526093088857546,2836,False
GRRRW,2025-03-04,GRRRW_trades_2025_03_04.parquet,0.0,3035,False
GRRRW,2025-03-05,GRRRW_trades_2025_03_05.parquet,0.00026219192448872575,3814,False
GSAT,2025-10-30,GSAT_trades_2025_10_30.parquet,0.0008329220138203357,64832,False
GSIT,2025-01-17,GSIT_trades_2025_01_17.parquet,0.0012029612985622758,377402,False
GSIT,2025-10-20,GSIT_trades_2025_10_20.parquet,0.0011131614924946992,1141793,False
GSIT,2025-10-21,GSIT_trades_2025_10_21.parquet,0.0013543062925054513,647564,False
GSIT,2025-10-27,GSIT_trades_2025_10_27.parquet,0.0011480491365030423,121946,False
GSIW,2025-02-07,GSIW_trades_2025_02_07.parquet,0.0011295568297846888,359433,False
GSIW,2025-05-14,GSIW_trades_2025_05_14.parquet,0.0006902263942573164,65196,False
GSIW,2025-06-05,GSIW_trades_2025_06_05.parquet,0.002273760800363802,2199,False
GSRFR,2025-10-21,GSRFR_trades_2025_10_21.parquet,0.0,80,False
GSUN,2025-02-24,GSUN_trades_2025_02_24.parquet,0.0011687421915931165,24813,False
GTBP,2025-02-25,GTBP_trades_2025_02_25.parquet,0.0010766054740393794,180196,False
GTBP,2025-05-21,GTBP_trades_2025_05_21.parquet,0.0008916629514043691,2243,False
GTBP,2025-10-08,GTBP_trades_2025_10_08.parquet,0.0006783570192992572,176898,False
GTEC,2025-01-16,GTEC_trades_2025_01_16.parquet,0.00047787441460384213,10463,False
GTEC,2025-03-27,GTEC_trades_2025_03_27.parquet,0.0012574633060524261,325258,False
GTENW,2025-07-24,GTENW_trades_2025_07_24.parquet,0.001834862385321101,545,False
GTENW,2025-07-25,GTENW_trades_2025_07_25.parquet,0.002544529262086514,393,False
GTENW,2025-10-07,GTENW_trades_2025_10_07.parquet,0.0,215,False
GTIM,2025-10-22,GTIM_trades_2025_10_22.parquet,0.0003200512081933109,6249,False
GUTS,2025-06-09,GUTS_trades_2025_06_09.parquet,0.001607932466836393,7463,False
GUTS,2025-09-26,GUTS_trades_2025_09_26.parquet,0.000916765346269911,183253,False
GV,2025-02-24,GV_trades_2025_02_24.parquet,0.0004211708549768356,14246,False
GV,2025-03-05,GV_trades_2025_03_05.parquet,0.0009158015127991204,723956,False
GV,2025-03-06,GV_trades_2025_03_06.parquet,0.0012181723396628243,945679,False
GV,2025-03-07,GV_trades_2025_03_07.parquet,0.0009836217244057488,410727,False
GV,2025-03-12,GV_trades_2025_03_12.parquet,0.001028272551549577,202281,False
GV,2025-03-14,GV_trades_2025_03_14.parquet,0.0009500080661062216,167367,False
GV,2025-08-05,GV_trades_2025_08_05.parquet,0.0008188656069841311,151429,False
GV,2025-08-13,GV_trades_2025_08_13.parquet,0.0005079365079365079,7875,False
GV,2025-09-17,GV_trades_2025_09_17.parquet,0.0009559918974105001,492682,False
GVH,2025-02-03,GVH_trades_2025_02_03.parquet,0.0,572,False
GVH,2025-05-05,GVH_trades_2025_05_05.parquet,0.001053642815085686,32269,False
GVH,2025-05-06,GVH_trades_2025_05_06.parquet,0.001145147437732608,38423,False
GVH,2025-05-07,GVH_trades_2025_05_07.parquet,0.0008250825082508251,2424,False
GVH,2025-06-27,GVH_trades_2025_06_27.parquet,0.0010360676288960935,657293,False
GVH,2025-07-02,GVH_trades_2025_07_02.parquet,0.00078436706565107,220560,False
GVH,2025-07-22,GVH_trades_2025_07_22.parquet,0.0014637734461198971,135950,False
GVH,2025-08-29,GVH_trades_2025_08_29.parquet,0.0011005640390700233,7269,False
GWAV,2025-02-10,GWAV_trades_2025_02_10.parquet,0.000927183019305275,30199,False
GWAV,2025-04-22,GWAV_trades_2025_04_22.parquet,0.0009128714879805254,9859,False
GWAV,2025-04-28,GWAV_trades_2025_04_28.parquet,0.0008315693982461445,13228,False
GWAV,2025-10-14,GWAV_trades_2025_10_14.parquet,0.001002793055504288,650184,False
GWH,2025-02-18,GWH_trades_2025_02_18.parquet,0.0006455777921239509,3098,False
GWH,2025-05-30,GWH_trades_2025_05_30.parquet,0.0009378954981016091,88496,False
GWH,2025-06-26,GWH_trades_2025_06_26.parquet,0.0003177124702144559,6295,False
GWH,2025-07-02,GWH_trades_2025_07_02.parquet,0.0,2106,False
GWH,2025-07-22,GWH_trades_2025_07_22.parquet,0.0014453850918851952,4843,False
GWH,2025-10-10,GWH_trades_2025_10_10.parquet,0.0012831818315235217,1567198,False
GWH,2025-10-13,GWH_trades_2025_10_13.parquet,0.0010907725454883503,1371505,False
GWH,2025-10-17,GWH_trades_2025_10_17.parquet,0.0010859133161810095,221933,False
GXAI,2025-02-14,GXAI_trades_2025_02_14.parquet,0.00034695116662329775,11529,False
GXAI,2025-08-19,GXAI_trades_2025_08_19.parquet,0.0008828312180665274,831416,False
GXAI,2025-08-21,GXAI_trades_2025_08_21.parquet,0.0010210020113739623,97943,False
GYRE,2025-05-27,GYRE_trades_2025_05_27.parquet,0.0006889763779527559,20320,False
HAO,2025-01-28,HAO_trades_2025_01_28.parquet,0.001429957611970788,19581,False
HAO,2025-04-09,HAO_trades_2025_04_09.parquet,0.0,1520,False
HAO,2025-05-23,HAO_trades_2025_05_23.parquet,0.00024594195769798326,4066,False
HAO,2025-05-30,HAO_trades_2025_05_30.parquet,0.0014776505356483192,2707,False
HAO,2025-08-25,HAO_trades_2025_08_25.parquet,0.0,1783,False
HAO,2025-09-11,HAO_trades_2025_09_11.parquet,0.0012680488224888198,191633,False
HBI,2025-08-07,HBI_trades_2025_08_07.parquet,0.0007068343570244711,41028,False
HBI,2025-08-12,HBI_trades_2025_08_12.parquet,0.0007370866144394591,295759,False
HCAI,2025-02-07,HCAI_trades_2025_02_07.parquet,0.0006347191367819739,12604,False
HCAI,2025-03-14,HCAI_trades_2025_03_14.parquet,0.0,1051,False
HCAI,2025-03-17,HCAI_trades_2025_03_17.parquet,0.0015105740181268882,2648,False
HCAI,2025-03-26,HCAI_trades_2025_03_26.parquet,0.001152073732718894,4340,False
HCTI,2025-01-03,HCTI_trades_2025_01_03.parquet,0.0005034401745259272,59590,False
HCTI,2025-01-06,HCTI_trades_2025_01_06.parquet,0.0007397544015386891,6759,False
HCTI,2025-02-18,HCTI_trades_2025_02_18.parquet,0.0006665337751974685,160532,False
HCTI,2025-02-26,HCTI_trades_2025_02_26.parquet,0.0008176308677497675,160219,False
HCTI,2025-03-12,HCTI_trades_2025_03_12.parquet,0.0008556042075595149,79476,False
HCTI,2025-04-01,HCTI_trades_2025_04_01.parquet,0.0006611570247933885,6050,False
HCTI,2025-05-01,HCTI_trades_2025_05_01.parquet,0.000696051135249598,102004,False
HCTI,2025-05-14,HCTI_trades_2025_05_14.parquet,0.0013070652819696285,42079,False
HCTI,2025-05-19,HCTI_trades_2025_05_19.parquet,0.0010636191907770459,298039,False
HCTI,2025-05-20,HCTI_trades_2025_05_20.parquet,0.0008176901421612718,85607,False
HCTI,2025-05-29,HCTI_trades_2025_05_29.parquet,0.0007723952648812022,178665,False
HCTI,2025-06-11,HCTI_trades_2025_06_11.parquet,0.0014786268173394084,149463,False
HCTI,2025-06-12,HCTI_trades_2025_06_12.parquet,0.0010070444697281465,619635,False
HCTI,2025-06-16,HCTI_trades_2025_06_16.parquet,0.0010803723129201449,108296,False
HCTI,2025-07-10,HCTI_trades_2025_07_10.parquet,0.0010096965687725224,57443,False
HCTI,2025-07-23,HCTI_trades_2025_07_23.parquet,0.0006221521205748335,114120,False
HCTI,2025-07-24,HCTI_trades_2025_07_24.parquet,0.0010349846966166516,361358,False
HCTI,2025-07-25,HCTI_trades_2025_07_25.parquet,0.0013741517052932534,379143,False
HCTI,2025-07-31,HCTI_trades_2025_07_31.parquet,0.000931391675372242,79451,False
HCTI,2025-10-01,HCTI_trades_2025_10_01.parquet,0.0009068024694044846,137847,False
HCWB,2025-02-03,HCWB_trades_2025_02_03.parquet,0.001257427132985429,619519,False
HCWB,2025-05-13,HCWB_trades_2025_05_13.parquet,0.0008330282172950419,406949,False
HCWB,2025-08-25,HCWB_trades_2025_08_25.parquet,0.0008329961350095578,716690,False
HCWB,2025-09-12,HCWB_trades_2025_09_12.parquet,0.0014659846297953541,287179,False
HFFG,2025-03-14,HFFG_trades_2025_03_14.parquet,0.0006385696040868455,4698,False
HHS,2025-06-23,HHS_trades_2025_06_23.parquet,0.0008873114463176575,2254,False
HIMS,2025-04-29,HIMS_trades_2025_04_29.parquet,0.0010093876345072179,910453,False
HIMZ,2025-04-09,HIMZ_trades_2025_04_09.parquet,0.002144388849177984,1399,False
HIMZ,2025-04-29,HIMZ_trades_2025_04_29.parquet,0.0006430381662064531,26437,False
HIMZ,2025-05-06,HIMZ_trades_2025_05_06.parquet,0.0008387606078547464,40536,False
HIMZ,2025-05-13,HIMZ_trades_2025_05_13.parquet,0.0005307386112339673,22610,False
HIMZ,2025-06-03,HIMZ_trades_2025_06_03.parquet,0.0015295028194449564,54266,False
HIMZ,2025-07-23,HIMZ_trades_2025_07_23.parquet,0.0010694009781873654,63587,False
HIMZ,2025-10-15,HIMZ_trades_2025_10_15.parquet,0.0009252291484190918,81061,False
HIND,2025-09-17,HIND_trades_2025_09_17.parquet,0.0010267079762093217,221095,False
HIT,2025-05-14,HIT_trades_2025_05_14.parquet,0.0012486228424531767,13615,False
HIT,2025-07-21,HIT_trades_2025_07_21.parquet,0.00247320692497939,6065,False
HIT,2025-07-22,HIT_trades_2025_07_22.parquet,0.0005110883960712857,45002,False
HIT,2025-08-04,HIT_trades_2025_08_04.parquet,0.00037669512807634355,7964,False
HKD,2025-05-29,HKD_trades_2025_05_29.parquet,0.0013345637822105487,70435,False
HKD,2025-10-31,HKD_trades_2025_10_31.parquet,0.0009118721334400234,1584652,False
HKPD,2025-03-19,HKPD_trades_2025_03_19.parquet,0.0007587253414264037,1318,False
HKPD,2025-03-28,HKPD_trades_2025_03_28.parquet,0.0015274949083503055,1964,False
HKPD,2025-05-19,HKPD_trades_2025_05_19.parquet,0.0012309887025148984,260766,False
HKPD,2025-06-02,HKPD_trades_2025_06_02.parquet,0.0011514507643470128,157193,False
HKPD,2025-06-06,HKPD_trades_2025_06_06.parquet,0.0016762452107279694,12528,False
HKPD,2025-08-26,HKPD_trades_2025_08_26.parquet,0.0013248841555798857,452115,False
HKPD,2025-09-05,HKPD_trades_2025_09_05.parquet,0.0012258150013252055,60368,False
HKPD,2025-09-10,HKPD_trades_2025_09_10.parquet,0.0006605892456070815,7569,False
HKPD,2025-10-23,HKPD_trades_2025_10_23.parquet,0.0005963029218843172,6708,False
HLF,2025-02-20,HLF_trades_2025_02_20.parquet,0.0009397967789871079,124495,False
HLIO,2025-02-25,HLIO_trades_2025_02_25.parquet,0.0007514559458951719,10646,False
HLIO,2025-08-05,HLIO_trades_2025_08_05.parquet,0.00043830813061582295,22815,False
HLLY,2025-08-06,HLLY_trades_2025_08_06.parquet,0.00037498828161619947,10667,False
HMR,2025-03-10,HMR_trades_2025_03_10.parquet,0.0009079435985436585,110139,True
HMR,2025-03-12,HMR_trades_2025_03_12.parquet,0.0006447814751478792,35671,False
HMR,2025-03-13,HMR_trades_2025_03_13.parquet,0.0010236083282515898,321412,False
HMR,2025-03-18,HMR_trades_2025_03_18.parquet,0.00106845145097723,99209,False
HOLO,2025-01-16,HOLO_trades_2025_01_16.parquet,0.0008764516230005948,159735,False
HOLO,2025-01-27,HOLO_trades_2025_01_27.parquet,0.0007985483893908884,492143,False
HOLO,2025-02-21,HOLO_trades_2025_02_21.parquet,0.0009773444048912327,266027,False
HOLO,2025-03-21,HOLO_trades_2025_03_21.parquet,0.0007942918686052774,148560,False
HOLO,2025-04-16,HOLO_trades_2025_04_16.parquet,0.001067592771239308,77745,False
HOLO,2025-04-22,HOLO_trades_2025_04_22.parquet,0.0009268338549572179,74447,False
HOLO,2025-04-24,HOLO_trades_2025_04_24.parquet,0.0014767324592998127,27764,False
HOLO,2025-05-27,HOLO_trades_2025_05_27.parquet,0.0006662814419981368,169598,False
HOLO,2025-05-28,HOLO_trades_2025_05_28.parquet,0.0009142700766245397,321568,False
HOLO,2025-06-03,HOLO_trades_2025_06_03.parquet,0.0013594367568202606,119167,False
HOLO,2025-07-11,HOLO_trades_2025_07_11.parquet,0.001091961646327598,422176,False
HOOG,2025-04-09,HOOG_trades_2025_04_09.parquet,0.0,471,False
HOOG,2025-09-08,HOOG_trades_2025_09_08.parquet,0.0016959605303731114,6486,False
HOOX,2025-04-09,HOOX_trades_2025_04_09.parquet,0.0,536,False
HOOX,2025-09-08,HOOX_trades_2025_09_08.parquet,0.001195457262402869,5019,False
HOTH,2025-01-07,HOTH_trades_2025_01_07.parquet,0.0009351499601875608,1130300,False
HOTH,2025-03-04,HOTH_trades_2025_03_04.parquet,0.0004375336564351104,29712,False
HOTH,2025-06-04,HOTH_trades_2025_06_04.parquet,0.0007200633655761707,83326,False
HOUR,2025-01-27,HOUR_trades_2025_01_27.parquet,0.0006626173384870238,27165,False
HOUR,2025-02-03,HOUR_trades_2025_02_03.parquet,0.0013339261894175188,4498,False
HOUR,2025-03-26,HOUR_trades_2025_03_26.parquet,0.000618921308576481,11310,False
HOUR,2025-07-01,HOUR_trades_2025_07_01.parquet,0.0007375235597803819,36609,False
HOUR,2025-09-04,HOUR_trades_2025_09_04.parquet,0.0013067236873366595,42090,False
HOUR,2025-09-05,HOUR_trades_2025_09_05.parquet,0.0009404988805566421,1081341,False
HOUR,2025-09-08,HOUR_trades_2025_09_08.parquet,0.0012533056243628825,406126,False
HOUR,2025-09-26,HOUR_trades_2025_09_26.parquet,0.0007532956685499058,2655,False
HOUS,2025-09-22,HOUS_trades_2025_09_22.parquet,0.0008269797791231223,286585,False
HOVR,2025-06-13,HOVR_trades_2025_06_13.parquet,0.0009684196704090342,60924,False
HOVR,2025-06-18,HOVR_trades_2025_06_18.parquet,0.00031895891809134984,15676,False
HOVR,2025-10-13,HOVR_trades_2025_10_13.parquet,0.0032576082297471067,11665,False
HPAI,2025-04-04,HPAI_trades_2025_04_04.parquet,0.0016891891891891893,1776,False
HROW,2025-03-18,HROW_trades_2025_03_18.parquet,0.0018949056191239705,27442,False
HSAI,2025-03-11,HSAI_trades_2025_03_11.parquet,0.0008847771758533443,193269,False
HSCS,2025-07-10,HSCS_trades_2025_07_10.parquet,0.0,5771,False
HSDT,2025-01-21,HSDT_trades_2025_01_21.parquet,0.001192119110931592,356508,False
HSDT,2025-05-02,HSDT_trades_2025_05_02.parquet,0.0005797101449275362,1725,False
HSDT,2025-06-11,HSDT_trades_2025_06_11.parquet,0.0011576076393560967,468207,False
HSDT,2025-06-18,HSDT_trades_2025_06_18.parquet,0.0007866087722610283,127128,False
HSDT,2025-07-21,HSDT_trades_2025_07_21.parquet,0.0012332868874329252,337310,False
HSDT,2025-09-15,HSDT_trades_2025_09_15.parquet,0.0013241032449310026,569442,False
HSDT,2025-09-16,HSDT_trades_2025_09_16.parquet,0.0020514108682910493,23886,False
HTCO,2025-03-12,HTCO_trades_2025_03_12.parquet,0.0006562397462539647,9143,False
HTCO,2025-03-25,HTCO_trades_2025_03_25.parquet,0.0012360939431396785,3236,False
HTCO,2025-04-14,HTCO_trades_2025_04_14.parquet,0.00026253609871357313,3809,False
HTCO,2025-05-06,HTCO_trades_2025_05_06.parquet,0.0,1698,False
HTCO,2025-05-08,HTCO_trades_2025_05_08.parquet,0.0023969319271332696,2086,False
HTCO,2025-06-18,HTCO_trades_2025_06_18.parquet,0.0005974310465000497,10043,False
HTCO,2025-08-25,HTCO_trades_2025_08_25.parquet,0.0016467682173734047,4858,False
HTCR,2025-08-25,HTCR_trades_2025_08_25.parquet,0.0010388092648801312,61609,False
HTCR,2025-09-05,HTCR_trades_2025_09_05.parquet,0.0017825311942959,2805,False
HTOO,2025-07-15,HTOO_trades_2025_07_15.parquet,0.0007646721468170522,5231,False
HTOO,2025-07-22,HTOO_trades_2025_07_22.parquet,0.0011569334097796707,390688,False
HTOO,2025-07-25,HTOO_trades_2025_07_25.parquet,0.0012741646001452273,218967,False
HTZ,2025-04-16,HTZ_trades_2025_04_16.parquet,0.0008237526147659278,308345,False
HTZ,2025-04-17,HTZ_trades_2025_04_17.parquet,0.0009078146772349615,1151116,False
HTZWW,2025-04-16,HTZWW_trades_2025_04_16.parquet,0.0008241111372733694,16988,False
HTZWW,2025-04-17,HTZWW_trades_2025_04_17.parquet,0.001759014951627089,15918,False
HUBC,2025-02-04,HUBC_trades_2025_02_04.parquet,0.0005663500914873225,22954,False
HUBC,2025-02-28,HUBC_trades_2025_02_28.parquet,0.0015514809590973203,7090,False
HUBC,2025-04-09,HUBC_trades_2025_04_09.parquet,0.0010806562530700462,20358,False
HUBC,2025-07-14,HUBC_trades_2025_07_14.parquet,0.001745494311370949,47551,False
HUBC,2025-07-16,HUBC_trades_2025_07_16.parquet,0.0004614248800295312,10836,False
HUDI,2025-09-10,HUDI_trades_2025_09_10.parquet,0.0011964223487048438,258270,False
HUHU,2025-02-19,HUHU_trades_2025_02_19.parquet,0.007407407407407408,1350,False
HUHU,2025-03-21,HUHU_trades_2025_03_21.parquet,0.0009042759333419455,7741,False
HUHU,2025-03-24,HUHU_trades_2025_03_24.parquet,0.0010018605982539,6987,False
HUIZ,2025-04-15,HUIZ_trades_2025_04_15.parquet,0.0,619,False
HUIZ,2025-09-12,HUIZ_trades_2025_09_12.parquet,0.0015197305932130214,115810,False
HUMA,2025-04-09,HUMA_trades_2025_04_09.parquet,0.0011133227623899328,29641,False
HUMA,2025-05-13,HUMA_trades_2025_05_13.parquet,0.00022016732716864817,40878,False
HURA,2025-01-10,HURA_trades_2025_01_10.parquet,0.0007062146892655367,5664,False
HURA,2025-03-19,HURA_trades_2025_03_19.parquet,0.0002028809089064719,4929,False
HURA,2025-08-11,HURA_trades_2025_08_11.parquet,0.001028202115158637,27232,False
HWH,2025-01-27,HWH_trades_2025_01_27.parquet,0.001098992517218279,456782,False
HWH,2025-01-30,HWH_trades_2025_01_30.parquet,0.0014985014985014985,6006,False
HWH,2025-02-24,HWH_trades_2025_02_24.parquet,0.0014908684308609765,2683,False
HWH,2025-02-26,HWH_trades_2025_02_26.parquet,0.000494743351886209,8085,False
HWH,2025-03-21,HWH_trades_2025_03_21.parquet,0.0018927444794952682,1585,False
HWH,2025-05-12,HWH_trades_2025_05_12.parquet,0.002828854314002829,1414,False
HWH,2025-05-14,HWH_trades_2025_05_14.parquet,0.0008657584370609951,306090,False
HWH,2025-07-29,HWH_trades_2025_07_29.parquet,0.0008496601359456218,220088,False
HWH,2025-08-05,HWH_trades_2025_08_05.parquet,0.0017296050735082155,3469,False
HWH,2025-09-02,HWH_trades_2025_09_02.parquet,0.0009438756111956683,1656998,False
HWH,2025-09-04,HWH_trades_2025_09_04.parquet,0.0014425404520618777,303631,False
HXHX,2025-10-16,HXHX_trades_2025_10_16.parquet,0.005199306759098787,1154,False
HYAC.WS,2025-10-10,HYAC.WS_trades_2025_10_10.parquet,0.0009078529278256923,2203,False
HYFM,2025-04-10,HYFM_trades_2025_04_10.parquet,0.0008095445300088038,98821,False
HYFM,2025-04-11,HYFM_trades_2025_04_11.parquet,0.0012911555842479018,4647,False
HYFM,2025-05-05,HYFM_trades_2025_05_05.parquet,0.0020222446916076846,989,False
HYPD,2025-07-28,HYPD_trades_2025_07_28.parquet,0.0,10486,False
HYPD,2025-08-08,HYPD_trades_2025_08_08.parquet,0.0008962868117797695,7810,False
HYPD,2025-09-09,HYPD_trades_2025_09_09.parquet,0.00040170322165983773,12447,False
HYPR,2025-03-17,HYPR_trades_2025_03_17.parquet,0.0008767622922073368,114056,False
HYPR,2025-06-02,HYPR_trades_2025_06_02.parquet,0.0009046668330421762,128224,False
HYPR,2025-07-17,HYPR_trades_2025_07_17.parquet,0.0008451894633046908,7099,False
IBEX,2025-09-12,IBEX_trades_2025_09_12.parquet,0.00022177046756606913,27055,False
IBG,2025-04-02,IBG_trades_2025_04_02.parquet,0.0010190406392135104,629023,False
IBG,2025-07-14,IBG_trades_2025_07_14.parquet,0.0009230769230769231,211250,False
IBG,2025-07-15,IBG_trades_2025_07_15.parquet,0.000934639978531042,108063,False
IBG,2025-07-18,IBG_trades_2025_07_18.parquet,0.0013847219016847449,4333,False
IBG,2025-09-23,IBG_trades_2025_09_23.parquet,0.0007534708053786807,526895,False
IBG,2025-09-29,IBG_trades_2025_09_29.parquet,0.0014032815198618308,27792,False
IBG,2025-09-30,IBG_trades_2025_09_30.parquet,0.0008897828011761748,457415,False
IBG,2025-10-15,IBG_trades_2025_10_15.parquet,0.0009163079418553871,256464,False
IBIO,2025-02-27,IBIO_trades_2025_02_27.parquet,0.0015647872394124475,19811,False
IBIO,2025-04-28,IBIO_trades_2025_04_28.parquet,0.00034281796366129587,8751,False
IBIO,2025-04-29,IBIO_trades_2025_04_29.parquet,0.0011849551555764399,48947,False
IBIO,2025-06-24,IBIO_trades_2025_06_24.parquet,0.0013715957754850115,196851,False
IBIO,2025-10-21,IBIO_trades_2025_10_21.parquet,0.0012047470303803403,183441,False
IBIO,2025-10-22,IBIO_trades_2025_10_22.parquet,0.0007464108753652648,62968,False
ICCM,2025-08-28,ICCM_trades_2025_08_28.parquet,0.001999164528256848,33514,False
ICCM,2025-10-03,ICCM_trades_2025_10_03.parquet,0.0012581610446137106,29408,False
ICG,2025-06-23,ICG_trades_2025_06_23.parquet,0.0022642730066310852,6183,False
ICG,2025-07-08,ICG_trades_2025_07_08.parquet,0.0009093664746892998,3299,False
ICON,2025-03-07,ICON_trades_2025_03_07.parquet,0.0008692340805986953,120796,False
ICON,2025-03-13,ICON_trades_2025_03_13.parquet,0.001325883132872431,42236,False
ICON,2025-04-02,ICON_trades_2025_04_02.parquet,0.0014077897700610043,6393,False
ICON,2025-06-13,ICON_trades_2025_06_13.parquet,0.0009530899433555463,388211,False
ICU,2025-01-31,ICU_trades_2025_01_31.parquet,0.0007547912838015227,30472,False
ICU,2025-02-03,ICU_trades_2025_02_03.parquet,0.0005134483984359572,25319,False
IDAI,2025-05-15,IDAI_trades_2025_05_15.parquet,0.0,1525,False
IDAI,2025-09-19,IDAI_trades_2025_09_19.parquet,0.0007519857122714669,21277,True
IDAI,2025-09-24,IDAI_trades_2025_09_24.parquet,0.0009458448814394439,136386,False
IDN,2025-05-20,IDN_trades_2025_05_20.parquet,0.0011792452830188679,9328,False
IFBD,2025-05-09,IFBD_trades_2025_05_09.parquet,0.001498800959232614,6672,False
IFBD,2025-09-09,IFBD_trades_2025_09_09.parquet,0.0020597322348094747,17478,False
IFRX,2025-08-29,IFRX_trades_2025_08_29.parquet,0.0022315001439677513,13892,False
IH,2025-07-17,IH_trades_2025_07_17.parquet,0.0005941770647653001,1683,False
IHRT,2025-08-12,IHRT_trades_2025_08_12.parquet,0.0004257130693912303,35235,False
IINN,2025-07-02,IINN_trades_2025_07_02.parquet,0.0004994797086368366,24025,False
IINN,2025-07-07,IINN_trades_2025_07_07.parquet,0.0017793594306049821,7868,False
ILLR,2025-01-14,ILLR_trades_2025_01_14.parquet,0.0008693428790590642,19555,False
ILLR,2025-03-12,ILLR_trades_2025_03_12.parquet,0.0010778765831312314,3711,False
ILLR,2025-04-15,ILLR_trades_2025_04_15.parquet,0.00023239600278875203,4303,False
ILLR,2025-04-22,ILLR_trades_2025_04_22.parquet,0.0,3481,False
ILLR,2025-06-30,ILLR_trades_2025_06_30.parquet,0.0007219782203236869,16621,False
ILLR,2025-09-16,ILLR_trades_2025_09_16.parquet,0.0007024445068839561,14236,False
ILLR,2025-10-03,ILLR_trades_2025_10_03.parquet,0.0003679175864606328,2718,False
ILPT,2025-06-16,ILPT_trades_2025_06_16.parquet,0.0013524264120922831,12570,False
IMCC,2025-05-28,IMCC_trades_2025_05_28.parquet,0.00044837304637458366,15612,False
IMCC,2025-05-29,IMCC_trades_2025_05_29.parquet,0.000992581757392122,19142,False
IMCC,2025-05-30,IMCC_trades_2025_05_30.parquet,0.0007191945021575835,12514,False
IMCC,2025-06-17,IMCC_trades_2025_06_17.parquet,0.0,2341,False
IMCC,2025-10-23,IMCC_trades_2025_10_23.parquet,0.0012651676347115992,173890,False
IMDX,2025-06-20,IMDX_trades_2025_06_20.parquet,0.005405405405405406,1295,False
IMG,2025-01-08,IMG_trades_2025_01_08.parquet,0.0014825233307357497,105226,False
IMMP,2025-05-05,IMMP_trades_2025_05_05.parquet,0.0004346881112801565,32207,False
IMNN,2025-05-13,IMNN_trades_2025_05_13.parquet,0.0006925207756232687,2888,False
IMNN,2025-05-22,IMNN_trades_2025_05_22.parquet,0.0006014675808973896,24939,False
IMNN,2025-05-23,IMNN_trades_2025_05_23.parquet,0.0010990026515393856,703365,False
IMNN,2025-05-27,IMNN_trades_2025_05_27.parquet,0.0008163265306122449,188650,False
IMNN,2025-05-29,IMNN_trades_2025_05_29.parquet,0.0008902640143609802,68519,False
IMNN,2025-05-30,IMNN_trades_2025_05_30.parquet,0.00096514745308311,83925,False
IMNN,2025-06-10,IMNN_trades_2025_06_10.parquet,0.000488792682075274,28642,False
IMNN,2025-07-17,IMNN_trades_2025_07_17.parquet,0.0011777144310167154,74721,False
IMRX,2025-01-07,IMRX_trades_2025_01_07.parquet,0.001237390594435929,429937,False
IMRX,2025-06-18,IMRX_trades_2025_06_18.parquet,0.0013489308064837133,45221,False
IMRX,2025-08-21,IMRX_trades_2025_08_21.parquet,0.0011817614811410564,30463,False
IMRX,2025-09-10,IMRX_trades_2025_09_10.parquet,0.0021219708865594365,23563,False
IMTE,2025-03-24,IMTE_trades_2025_03_24.parquet,0.0009748781402324709,360045,False
IMTE,2025-03-26,IMTE_trades_2025_03_26.parquet,0.0007051949360287451,59558,False
IMTE,2025-03-27,IMTE_trades_2025_03_27.parquet,0.0004284490145672665,4668,False
IMXI,2025-08-11,IMXI_trades_2025_08_11.parquet,0.0010016643037662578,64892,False
INAB,2025-01-06,INAB_trades_2025_01_06.parquet,0.0014359563469270534,3482,False
INAB,2025-02-11,INAB_trades_2025_02_11.parquet,0.001024722209125057,318135,False
INAB,2025-05-29,INAB_trades_2025_05_29.parquet,0.0005181884133070785,19298,False
INBX,2025-10-24,INBX_trades_2025_10_24.parquet,0.000853472566504967,159349,False
INDP,2025-03-18,INDP_trades_2025_03_18.parquet,0.0010623930854416134,55535,False
INDP,2025-06-23,INDP_trades_2025_06_23.parquet,0.000887416320322415,516105,False
INDP,2025-06-26,INDP_trades_2025_06_26.parquet,0.002876480541455161,5910,False
INDP,2025-09-26,INDP_trades_2025_09_26.parquet,0.0010990840965861782,120100,False
INDP,2025-10-07,INDP_trades_2025_10_07.parquet,0.002037463029904699,45645,False
INEO,2025-05-23,INEO_trades_2025_05_23.parquet,0.0014724246547257376,107306,False
INEO,2025-06-11,INEO_trades_2025_06_11.parquet,0.0015982366240706485,282186,False
INEO,2025-06-17,INEO_trades_2025_06_17.parquet,0.0007140935152029474,96626,False
INEO,2025-08-28,INEO_trades_2025_08_28.parquet,0.0003863987635239567,2588,False
INEO,2025-10-23,INEO_trades_2025_10_23.parquet,0.0008082011144667999,23509,False
INHD,2025-01-28,INHD_trades_2025_01_28.parquet,0.001059322033898305,1888,False
INHD,2025-04-21,INHD_trades_2025_04_21.parquet,0.0017857142857142857,1680,False
INHD,2025-05-12,INHD_trades_2025_05_12.parquet,0.0007977575601696652,229393,False
INHD,2025-05-13,INHD_trades_2025_05_13.parquet,0.0020272543741588155,118880,False
INHD,2025-08-25,INHD_trades_2025_08_25.parquet,0.0010469683370443938,957049,False
INHD,2025-08-27,INHD_trades_2025_08_27.parquet,0.0012358784543114103,321229,False
INHD,2025-09-04,INHD_trades_2025_09_04.parquet,0.0010221335613185144,263175,False
INHD,2025-09-05,INHD_trades_2025_09_05.parquet,0.0011369152551033443,78282,False
INHD,2025-09-08,INHD_trades_2025_09_08.parquet,0.0008509934166203742,84607,False
INKT,2025-01-29,INKT_trades_2025_01_29.parquet,0.0,2200,False
INKT,2025-01-31,INKT_trades_2025_01_31.parquet,0.001955671447196871,1534,False
INKT,2025-02-04,INKT_trades_2025_02_04.parquet,0.00020157226365652087,4961,False
INKT,2025-07-11,INKT_trades_2025_07_11.parquet,0.0010844939442189298,1087143,False
INKT,2025-07-17,INKT_trades_2025_07_17.parquet,0.000555471393223249,19803,False
INLF,2025-01-03,INLF_trades_2025_01_03.parquet,0.00048579062424095217,4117,False
INLF,2025-02-12,INLF_trades_2025_02_12.parquet,0.0005227391531625719,3826,False
INLF,2025-02-13,INLF_trades_2025_02_13.parquet,0.0009004952723998199,8884,False
INLF,2025-02-14,INLF_trades_2025_02_14.parquet,0.0007946226193887919,76766,False
INLF,2025-06-16,INLF_trades_2025_06_16.parquet,0.0005215123859191656,3835,False
INLF,2025-06-20,INLF_trades_2025_06_20.parquet,0.0009750557789261768,174349,False
INLF,2025-06-25,INLF_trades_2025_06_25.parquet,0.0008674907829104315,13833,False
INM,2025-01-21,INM_trades_2025_01_21.parquet,0.0010252919176279643,240907,False
INM,2025-05-14,INM_trades_2025_05_14.parquet,0.0013442305624260674,18598,False
INM,2025-06-02,INM_trades_2025_06_02.parquet,0.0008931174426299301,648291,False
INM,2025-06-24,INM_trades_2025_06_24.parquet,0.0008321529745042493,734240,False
INMB,2025-06-27,INMB_trades_2025_06_27.parquet,0.001446176471141351,531747,False
INOD,2025-02-21,INOD_trades_2025_02_21.parquet,0.0010826538552627127,147785,False
INTC,2025-09-18,INTC_trades_2025_09_18.parquet,0.000985680705007539,2135580,False
INTG,2025-10-15,INTG_trades_2025_10_15.parquet,0.0,1186,False
INTS,2025-10-30,INTS_trades_2025_10_30.parquet,0.0010077525092484782,1628376,False
INTW,2025-02-18,INTW_trades_2025_02_18.parquet,0.0012287168685272951,5697,False
INTW,2025-03-13,INTW_trades_2025_03_13.parquet,0.0005613562366677894,8907,False
INTW,2025-04-09,INTW_trades_2025_04_09.parquet,0.0,6065,False
INTW,2025-09-18,INTW_trades_2025_09_18.parquet,0.0012697386646966478,86632,False
INTZ,2025-01-03,INTZ_trades_2025_01_03.parquet,0.0011100511664209522,57655,False
INTZ,2025-01-10,INTZ_trades_2025_01_10.parquet,0.0012547653109340408,125123,False
INTZ,2025-03-13,INTZ_trades_2025_03_13.parquet,0.00124595066035385,4013,False
INTZ,2025-03-17,INTZ_trades_2025_03_17.parquet,0.001611170784103115,9310,False
INTZ,2025-06-02,INTZ_trades_2025_06_02.parquet,0.001694915254237288,4130,False
INV,2025-08-04,INV_trades_2025_08_04.parquet,0.0008914008269165118,52726,False
INVZ,2025-01-07,INVZ_trades_2025_01_07.parquet,0.0011833291268603299,241691,False
INVZ,2025-06-17,INVZ_trades_2025_06_17.parquet,0.0002657140326533022,33871,False
IOBT,2025-03-25,IOBT_trades_2025_03_25.parquet,0.0017540782318891423,5701,False
IOBT,2025-08-12,IOBT_trades_2025_08_12.parquet,0.0025255318364487706,54246,False
IOBT,2025-08-15,IOBT_trades_2025_08_15.parquet,0.00080720734094768,107779,False
IONL,2025-04-07,IONL_trades_2025_04_07.parquet,0.002512562814070352,398,False
IONL,2025-04-09,IONL_trades_2025_04_09.parquet,0.0,496,False
IONL,2025-05-22,IONL_trades_2025_05_22.parquet,0.00036264732547597464,5515,False
IONL,2025-09-12,IONL_trades_2025_09_12.parquet,0.001652030258238414,11501,False
IONL,2025-10-13,IONL_trades_2025_10_13.parquet,0.0013454423141607804,8919,False
IONQ,2025-01-15,IONQ_trades_2025_01_15.parquet,0.0009452870499640395,756384,False
IONQ,2025-05-22,IONQ_trades_2025_05_22.parquet,0.0009315058076535559,1052060,False
IONQ.WS,2025-01-15,IONQ.WS_trades_2025_01_15.parquet,0.0,1568,False
IONQ.WS,2025-03-12,IONQ.WS_trades_2025_03_12.parquet,0.0022701475595913734,881,False
IONQ.WS,2025-03-14,IONQ.WS_trades_2025_03_14.parquet,0.0,548,False
IONQ.WS,2025-03-24,IONQ.WS_trades_2025_03_24.parquet,0.0,395,False
IONQ.WS,2025-04-07,IONQ.WS_trades_2025_04_07.parquet,0.0,438,False
IONQ.WS,2025-04-09,IONQ.WS_trades_2025_04_09.parquet,0.0037105751391465678,539,False
IONQ.WS,2025-05-22,IONQ.WS_trades_2025_05_22.parquet,0.0006234413965087282,1604,False
IONR,2025-09-24,IONR_trades_2025_09_24.parquet,0.0005554012774229381,3601,False
IONR,2025-10-06,IONR_trades_2025_10_06.parquet,0.0014090138806907976,52519,False
IONS,2025-09-02,IONS_trades_2025_09_02.parquet,0.0008630825807420009,159892,False
IONX,2025-03-14,IONX_trades_2025_03_14.parquet,0.0008227067050596463,7293,False
IONX,2025-03-24,IONX_trades_2025_03_24.parquet,0.0007845598619174643,6373,False
IONX,2025-04-07,IONX_trades_2025_04_07.parquet,0.002026946464766901,8387,False
IONX,2025-04-09,IONX_trades_2025_04_09.parquet,0.000513136288998358,9744,False
IONX,2025-05-22,IONX_trades_2025_05_22.parquet,0.0007748393161090364,78726,False
IONX,2025-09-12,IONX_trades_2025_09_12.parquet,0.000942560370991762,53047,False
IONX,2025-10-13,IONX_trades_2025_10_13.parquet,0.001256822752082735,27848,False
IOTR,2025-04-14,IOTR_trades_2025_04_14.parquet,0.000390015600624025,2564,False
IOTR,2025-04-16,IOTR_trades_2025_04_16.parquet,0.0003820520439784353,23557,False
IOVA,2025-07-23,IOVA_trades_2025_07_23.parquet,0.0009072669283219159,250202,False
IPDN,2025-02-20,IPDN_trades_2025_02_20.parquet,0.0006737031214911295,4453,False
IPDN,2025-04-09,IPDN_trades_2025_04_09.parquet,0.0006715014773032501,7446,False
IPDN,2025-06-30,IPDN_trades_2025_06_30.parquet,0.001003999232564594,536853,False
IPDN,2025-08-06,IPDN_trades_2025_08_06.parquet,0.0009407294763424803,218979,False
IPDN,2025-08-29,IPDN_trades_2025_08_29.parquet,0.0009866487985653477,1844628,False
IPDN,2025-09-03,IPDN_trades_2025_09_03.parquet,0.0011330258233231486,186227,False
IPDN,2025-09-23,IPDN_trades_2025_09_23.parquet,0.0010116189875031612,478441,False
IPDN,2025-10-13,IPDN_trades_2025_10_13.parquet,0.0004043262913170929,9893,False
IPM,2025-09-17,IPM_trades_2025_09_17.parquet,0.0014337751870222297,403829,False
IPW,2025-04-15,IPW_trades_2025_04_15.parquet,0.0,749,False
IPW,2025-06-05,IPW_trades_2025_06_05.parquet,0.001141262997717474,15772,False
IPW,2025-06-06,IPW_trades_2025_06_06.parquet,0.0007632131272657889,5241,False
IPW,2025-06-09,IPW_trades_2025_06_09.parquet,0.0009062075215224287,4414,False
IPW,2025-09-22,IPW_trades_2025_09_22.parquet,0.0009774340232034339,94124,False
IPWR,2025-08-14,IPWR_trades_2025_08_14.parquet,0.0005785363031530228,10371,False
IQST,2025-05-14,IQST_trades_2025_05_14.parquet,0.0006900253009277007,26086,False
IQST,2025-06-02,IQST_trades_2025_06_02.parquet,0.000999000999000999,6006,False
IRBT,2025-01-06,IRBT_trades_2025_01_06.parquet,0.0010045687235096603,72668,False
IRBT,2025-05-27,IRBT_trades_2025_05_27.parquet,0.0008404217389089797,117798,False
IRBT,2025-10-15,IRBT_trades_2025_10_15.parquet,0.0007678119125576963,113309,False
IRD,2025-06-02,IRD_trades_2025_06_02.parquet,0.0007060683504861895,130299,False
IRIX,2025-03-21,IRIX_trades_2025_03_21.parquet,0.002403846153846154,416,False
IRIX,2025-07-17,IRIX_trades_2025_07_17.parquet,0.001697792869269949,1767,False
IRS,2025-10-27,IRS_trades_2025_10_27.parquet,0.004328650767722967,12244,False
IRS.WS,2025-10-27,IRS.WS_trades_2025_10_27.parquet,0.0,370,False
IRWD,2025-08-07,IRWD_trades_2025_08_07.parquet,0.0010590631364562118,12275,False
ISPC,2025-02-24,ISPC_trades_2025_02_24.parquet,0.0010358288563367217,129365,False
ISPC,2025-04-01,ISPC_trades_2025_04_01.parquet,0.0,2307,False
ISPC,2025-04-09,ISPC_trades_2025_04_09.parquet,0.0003816793893129771,5240,False
ISPC,2025-09-05,ISPC_trades_2025_09_05.parquet,0.001376065862981476,255075,False
ISPC,2025-09-09,ISPC_trades_2025_09_09.parquet,0.0009188804113280403,290571,False
ISPC,2025-09-12,ISPC_trades_2025_09_12.parquet,0.0008379681736401501,243446,False
ISPO,2025-05-30,ISPO_trades_2025_05_30.parquet,0.0004166666666666667,2400,False
ISPR,2025-04-09,ISPR_trades_2025_04_09.parquet,0.0,3786,False
ISSC,2025-05-15,ISSC_trades_2025_05_15.parquet,0.0017525411847178409,14265,False
ISUL,2025-10-22,ISUL_trades_2025_10_22.parquet,0.0,2440,False
IVDA,2025-10-02,IVDA_trades_2025_10_02.parquet,0.000906971708087589,392515,False
IVF,2025-04-30,IVF_trades_2025_04_30.parquet,0.0007462325619960339,434181,False
IVF,2025-05-05,IVF_trades_2025_05_05.parquet,0.0010253445293126578,221389,False
IVF,2025-06-25,IVF_trades_2025_06_25.parquet,0.000737178362059887,28487,False
IVF,2025-07-22,IVF_trades_2025_07_22.parquet,0.0008686874299632336,539895,False
IVF,2025-10-16,IVF_trades_2025_10_16.parquet,0.0009016298693792625,605570,False
IVP,2025-05-30,IVP_trades_2025_05_30.parquet,0.0,1861,False
IVP,2025-08-14,IVP_trades_2025_08_14.parquet,0.0008095823957264249,156871,False
IVVD,2025-02-03,IVVD_trades_2025_02_03.parquet,0.0010414636083374848,554028,False
IVVD,2025-02-04,IVVD_trades_2025_02_04.parquet,0.0013910227131171365,240830,False
IVVD,2025-02-05,IVVD_trades_2025_02_05.parquet,0.0009368674053791804,179321,False
IVVD,2025-02-07,IVVD_trades_2025_02_07.parquet,0.0011669734483463867,83121,False
IVVD,2025-02-21,IVVD_trades_2025_02_21.parquet,0.0006132185388228657,81537,False
IVVD,2025-03-04,IVVD_trades_2025_03_04.parquet,0.0005809961442983151,18933,False
IVVD,2025-05-13,IVVD_trades_2025_05_13.parquet,0.0009570787013178238,13583,False
IVVD,2025-08-26,IVVD_trades_2025_08_26.parquet,0.0014219616507880949,457115,False
IVVD,2025-10-06,IVVD_trades_2025_10_06.parquet,0.0019293460182289934,30062,False
IXHL,2025-03-19,IXHL_trades_2025_03_19.parquet,0.0017381228273464658,1726,False
IXHL,2025-04-08,IXHL_trades_2025_04_08.parquet,0.0009081383164512749,14315,False
IXHL,2025-05-15,IXHL_trades_2025_05_15.parquet,0.001003387523530528,458447,False
IXHL,2025-07-24,IXHL_trades_2025_07_24.parquet,0.0009718444281210252,573137,False
IZEA,2025-05-14,IZEA_trades_2025_05_14.parquet,0.0014184397163120568,4230,False
IZEA,2025-10-10,IZEA_trades_2025_10_10.parquet,0.0005400151204233718,9259,False
JAGX,2025-04-10,JAGX_trades_2025_04_10.parquet,0.0011580775911986102,3454,False
JAGX,2025-04-25,JAGX_trades_2025_04_25.parquet,0.0007485676446031152,34733,False
JBDI,2025-05-06,JBDI_trades_2025_05_06.parquet,0.0012379301807378064,36351,False
JBDI,2025-05-08,JBDI_trades_2025_05_08.parquet,0.0009641342074816814,10372,False
JBDI,2025-09-10,JBDI_trades_2025_09_10.parquet,0.0011524520047228788,459889,False
JBDI,2025-09-12,JBDI_trades_2025_09_12.parquet,0.0007653061224489796,7840,False
JBDI,2025-10-06,JBDI_trades_2025_10_06.parquet,0.0005373455131649651,3722,False
JBIO,2025-05-02,JBIO_trades_2025_05_02.parquet,0.0011677695601401323,2569,False
JCSE,2025-04-07,JCSE_trades_2025_04_07.parquet,0.0032537960954446853,922,False
JCSE,2025-05-05,JCSE_trades_2025_05_05.parquet,0.0005953480733304592,48711,False
JCSE,2025-05-09,JCSE_trades_2025_05_09.parquet,0.0009852216748768472,4060,False
JCSE,2025-09-10,JCSE_trades_2025_09_10.parquet,0.001336104513064133,6736,False
JDZG,2025-04-09,JDZG_trades_2025_04_09.parquet,0.0017513134851138354,2284,False
JDZG,2025-04-16,JDZG_trades_2025_04_16.parquet,0.0020335536349771225,5901,False
JDZG,2025-04-28,JDZG_trades_2025_04_28.parquet,0.0009627727856225931,3116,False
JDZG,2025-06-11,JDZG_trades_2025_06_11.parquet,0.00030349013657056146,3295,False
JDZG,2025-06-24,JDZG_trades_2025_06_24.parquet,0.0016508460586050352,2423,False
JDZG,2025-10-14,JDZG_trades_2025_10_14.parquet,0.0009828126358613313,379523,False
JEM,2025-06-11,JEM_trades_2025_06_11.parquet,0.001072731173567904,32627,False
JEM,2025-06-25,JEM_trades_2025_06_25.parquet,0.0007137758743754461,1401,False
JEM,2025-07-03,JEM_trades_2025_07_03.parquet,0.0019011406844106464,2104,False
JEM,2025-07-30,JEM_trades_2025_07_30.parquet,0.0020631318341242004,4847,False
JEM,2025-09-03,JEM_trades_2025_09_03.parquet,0.0012235854360263237,120956,False
JFB,2025-07-14,JFB_trades_2025_07_14.parquet,0.0025303643724696357,1976,False
JFB,2025-09-26,JFB_trades_2025_09_26.parquet,0.0009115074447258294,222708,False
JFB,2025-09-29,JFB_trades_2025_09_29.parquet,0.0009461362436190812,545376,False
JFBR,2025-04-30,JFBR_trades_2025_04_30.parquet,0.0011244356895329826,358402,False
JFBR,2025-06-10,JFBR_trades_2025_06_10.parquet,0.001435602953240361,14628,False
JFIN,2025-03-04,JFIN_trades_2025_03_04.parquet,0.0011034820990681706,8156,False
JFIN,2025-03-27,JFIN_trades_2025_03_27.parquet,0.00013831258644536652,7230,False
JFU,2025-02-14,JFU_trades_2025_02_14.parquet,0.017543859649122806,228,False
JFU,2025-04-30,JFU_trades_2025_04_30.parquet,0.0,442,False
JFU,2025-08-11,JFU_trades_2025_08_11.parquet,0.0,506,False
JFU,2025-08-25,JFU_trades_2025_08_25.parquet,0.0008347245409015025,1198,False
JFU,2025-10-09,JFU_trades_2025_10_09.parquet,0.0007216609303874764,18014,False
JFU,2025-10-10,JFU_trades_2025_10_10.parquet,0.0012550988390335738,3187,False
JFU,2025-10-20,JFU_trades_2025_10_20.parquet,0.0,1783,False
JG,2025-01-27,JG_trades_2025_01_27.parquet,0.0009607313362362941,609952,False
JG,2025-02-05,JG_trades_2025_02_05.parquet,0.0014570179698882952,6177,False
JG,2025-02-10,JG_trades_2025_02_10.parquet,0.002521290900941282,17848,False
JL,2025-01-27,JL_trades_2025_01_27.parquet,0.001553867403314917,11584,False
JL,2025-01-28,JL_trades_2025_01_28.parquet,0.0008267391047596551,8467,False
JL,2025-01-30,JL_trades_2025_01_30.parquet,0.000576978555630349,10399,False
JL,2025-01-31,JL_trades_2025_01_31.parquet,0.0009349070936075728,17114,False
JMIA,2025-08-07,JMIA_trades_2025_08_07.parquet,0.0012899704795217186,80622,False
JOBY,2025-05-28,JOBY_trades_2025_05_28.parquet,0.0007692484705433721,304193,False
JOBY.WS,2025-04-09,JOBY.WS_trades_2025_04_09.parquet,0.0,182,False
JOBY.WS,2025-05-28,JOBY.WS_trades_2025_05_28.parquet,0.000547945205479452,1825,False
JOBY.WS,2025-06-03,JOBY.WS_trades_2025_06_03.parquet,0.0,548,False
JOBY.WS,2025-06-09,JOBY.WS_trades_2025_06_09.parquet,0.0,2132,False
JOBY.WS,2025-06-30,JOBY.WS_trades_2025_06_30.parquet,0.0007874015748031496,1270,False
JOBY.WS,2025-07-16,JOBY.WS_trades_2025_07_16.parquet,0.0013605442176870747,2205,False
JOBY.WS,2025-08-04,JOBY.WS_trades_2025_08_04.parquet,0.000846740050804403,4724,False
JSPR,2025-07-09,JSPR_trades_2025_07_09.parquet,0.0006629376424280091,24135,False
JTAI,2025-02-14,JTAI_trades_2025_02_14.parquet,0.0010748796415611809,641002,False
JTAI,2025-02-19,JTAI_trades_2025_02_19.parquet,0.0008570430040468731,809761,False
JTAI,2025-02-25,JTAI_trades_2025_02_25.parquet,0.0007617963002862507,129956,False
JTAI,2025-03-17,JTAI_trades_2025_03_17.parquet,0.0012677484787018255,3944,False
JUNS,2025-06-11,JUNS_trades_2025_06_11.parquet,0.0007144388083160677,27994,False
JUNS,2025-06-18,JUNS_trades_2025_06_18.parquet,0.00040112314480545525,2493,False
JUNS,2025-07-02,JUNS_trades_2025_07_02.parquet,0.0019537609899055682,3071,False
JUNS,2025-07-03,JUNS_trades_2025_07_03.parquet,0.0006687336616207672,16449,False
JUNS,2025-07-11,JUNS_trades_2025_07_11.parquet,0.0008700191404210892,5747,False
JVA,2025-02-03,JVA_trades_2025_02_03.parquet,0.001296252651425878,8486,False
JVA,2025-06-13,JVA_trades_2025_06_13.parquet,0.0008092579104960751,12357,False
JWEL,2025-07-01,JWEL_trades_2025_07_01.parquet,0.002840909090909091,352,False
JWEL,2025-10-21,JWEL_trades_2025_10_21.parquet,0.0009314750698606303,113798,False
JXG,2025-07-15,JXG_trades_2025_07_15.parquet,0.0010801323162087356,14813,False
JXG,2025-07-22,JXG_trades_2025_07_22.parquet,0.0007194244604316547,23630,False
JXG,2025-09-23,JXG_trades_2025_09_23.parquet,0.0013212258796821794,220250,False
JYD,2025-01-22,JYD_trades_2025_01_22.parquet,0.0026876162910895183,4837,False
JYD,2025-04-03,JYD_trades_2025_04_03.parquet,0.0009346502639755476,79174,False
JYD,2025-04-23,JYD_trades_2025_04_23.parquet,0.0008724083587465974,390872,False
JYD,2025-05-12,JYD_trades_2025_05_12.parquet,0.0009302110023106309,302082,False
JYD,2025-09-22,JYD_trades_2025_09_22.parquet,0.0008001600320064013,4999,False
JZ,2025-05-08,JZ_trades_2025_05_08.parquet,0.001315900731408278,189224,False
JZ,2025-05-12,JZ_trades_2025_05_12.parquet,0.0019429479819835732,11323,False
JZ,2025-09-08,JZ_trades_2025_09_08.parquet,0.0023305999136814847,11585,False
JZXN,2025-01-24,JZXN_trades_2025_01_24.parquet,0.0,1504,False
JZXN,2025-01-27,JZXN_trades_2025_01_27.parquet,0.005878712871287129,3232,False
JZXN,2025-01-28,JZXN_trades_2025_01_28.parquet,0.0,763,False
JZXN,2025-02-07,JZXN_trades_2025_02_07.parquet,0.0016958733747880158,1769,False
JZXN,2025-02-19,JZXN_trades_2025_02_19.parquet,0.0,3900,False
JZXN,2025-03-04,JZXN_trades_2025_03_04.parquet,0.0028790786948176585,1042,False
JZXN,2025-04-08,JZXN_trades_2025_04_08.parquet,0.0009570686354935739,7314,False
JZXN,2025-06-18,JZXN_trades_2025_06_18.parquet,0.0012708498808578236,6295,False
JZXN,2025-09-19,JZXN_trades_2025_09_19.parquet,0.0009285051067780873,2154,False
JZXN,2025-09-23,JZXN_trades_2025_09_23.parquet,0.0010954197760613435,160669,False
JZXN,2025-09-24,JZXN_trades_2025_09_24.parquet,0.0008834722725625226,397296,False
KALA,2025-04-29,KALA_trades_2025_04_29.parquet,0.0005425935973955507,3686,False
KALV,2025-07-07,KALV_trades_2025_07_07.parquet,0.0010655406791663634,151097,False
KAVL,2025-01-08,KAVL_trades_2025_01_08.parquet,0.001167618059159315,30832,False
KAVL,2025-07-14,KAVL_trades_2025_07_14.parquet,0.0008508508508508508,39960,False
KAVL,2025-08-29,KAVL_trades_2025_08_29.parquet,0.003194888178913738,2191,False
KBSX,2025-01-29,KBSX_trades_2025_01_29.parquet,0.0,541,False
KBSX,2025-03-18,KBSX_trades_2025_03_18.parquet,0.0008119833019562904,305425,False
KBSX,2025-03-25,KBSX_trades_2025_03_25.parquet,0.0009987814865863645,50061,False
KBSX,2025-04-10,KBSX_trades_2025_04_10.parquet,0.0,1664,False
KBSX,2025-05-02,KBSX_trades_2025_05_02.parquet,0.0011157361713084151,23303,False
KBSX,2025-06-11,KBSX_trades_2025_06_11.parquet,0.0008330384123267906,183665,False
KDKRW,2025-10-10,KDKRW_trades_2025_10_10.parquet,0.0,1071,False
KEQU,2025-06-26,KEQU_trades_2025_06_26.parquet,0.0005813953488372093,1720,False
KIDZ,2025-04-14,KIDZ_trades_2025_04_14.parquet,0.0008702401392384223,170068,False
KIDZ,2025-05-01,KIDZ_trades_2025_05_01.parquet,0.0009830983707909196,1148410,False
KIDZ,2025-05-02,KIDZ_trades_2025_05_02.parquet,0.0012211468861424626,746020,False
KIDZ,2025-05-08,KIDZ_trades_2025_05_08.parquet,0.0013774387862091652,48641,False
KIDZ,2025-05-16,KIDZ_trades_2025_05_16.parquet,0.0010850732424438649,57139,False
KIDZ,2025-06-02,KIDZ_trades_2025_06_02.parquet,0.0014343131846481204,63445,False
KIDZ,2025-06-03,KIDZ_trades_2025_06_03.parquet,0.000777804918812594,155566,False
KIDZ,2025-07-31,KIDZ_trades_2025_07_31.parquet,0.0013860752745495255,9379,False
KIDZ,2025-09-09,KIDZ_trades_2025_09_09.parquet,0.0007679754247864068,20834,False
KIDZ,2025-09-10,KIDZ_trades_2025_09_10.parquet,0.0015552577817806383,227615,False
KITT,2025-01-03,KITT_trades_2025_01_03.parquet,0.0007629987237112258,360420,False
KITT,2025-01-06,KITT_trades_2025_01_06.parquet,0.0012374140768709459,330528,False
KITT,2025-01-10,KITT_trades_2025_01_10.parquet,0.0014254603048901207,50510,False
KITT,2025-01-14,KITT_trades_2025_01_14.parquet,0.0009784595018490006,69497,False
KITT,2025-01-15,KITT_trades_2025_01_15.parquet,0.0008479366873940079,159210,False
KITT,2025-01-31,KITT_trades_2025_01_31.parquet,0.001284804786377234,208592,False
KITT,2025-03-06,KITT_trades_2025_03_06.parquet,0.0005130046683424819,77972,False
KITT,2025-09-22,KITT_trades_2025_09_22.parquet,0.0004698144233027954,12771,False
KITT,2025-10-27,KITT_trades_2025_10_27.parquet,0.0008169518618310792,451679,False
KLRS,2025-09-03,KLRS_trades_2025_09_03.parquet,0.0008542141230068337,84288,False
KLRS,2025-09-16,KLRS_trades_2025_09_16.parquet,0.001386001386001386,2886,False
KLRS,2025-10-06,KLRS_trades_2025_10_06.parquet,0.002341235001463272,6834,False
KLTO,2025-06-09,KLTO_trades_2025_06_09.parquet,0.0009716436763235511,1595235,False
KLTO,2025-06-10,KLTO_trades_2025_06_10.parquet,0.0009118342650039929,1041856,False
KLTO,2025-06-12,KLTO_trades_2025_06_12.parquet,0.0012387230879855945,330986,False
KLTO,2025-06-30,KLTO_trades_2025_06_30.parquet,0.0008254760245074659,272570,False
KMRK,2025-08-04,KMRK_trades_2025_08_04.parquet,0.0024752475247524753,4444,False
KMRK,2025-09-02,KMRK_trades_2025_09_02.parquet,0.0005549389567147614,5406,False
KOD,2025-09-22,KOD_trades_2025_09_22.parquet,0.0004280385642363588,49061,False
KOPN,2025-01-23,KOPN_trades_2025_01_23.parquet,0.0007924542103701777,246071,False
KOSS,2025-07-23,KOSS_trades_2025_07_23.parquet,0.0007616146230007616,57772,False
KPLT,2025-01-16,KPLT_trades_2025_01_16.parquet,0.0006161192190688898,25969,False
KPLT,2025-09-02,KPLT_trades_2025_09_02.parquet,0.0004472271914132379,4472,False
KPRX,2025-06-03,KPRX_trades_2025_06_03.parquet,0.001201923076923077,238784,False
KPTI,2025-08-15,KPTI_trades_2025_08_15.parquet,0.00031645569620253165,12640,False
KPTI,2025-09-23,KPTI_trades_2025_09_23.parquet,0.0002454590083456063,4074,False
KRKR,2025-01-29,KRKR_trades_2025_01_29.parquet,0.0009461606636698258,250486,False
KRKR,2025-09-08,KRKR_trades_2025_09_08.parquet,0.001113265819148172,111384,False
KRUS,2025-04-09,KRUS_trades_2025_04_09.parquet,0.000983341045812124,17288,False
KSCP,2025-04-15,KSCP_trades_2025_04_15.parquet,0.0007058408328921829,11334,False
KSS,2025-07-22,KSS_trades_2025_07_22.parquet,0.0009301551316847392,1165397,False
KTTA,2025-02-05,KTTA_trades_2025_02_05.parquet,0.0009093207698606558,431091,False
KTTA,2025-04-10,KTTA_trades_2025_04_10.parquet,0.0010269321230993475,422618,False
KTTA,2025-05-06,KTTA_trades_2025_05_06.parquet,0.0009320090913160029,1005355,False
KTTA,2025-05-16,KTTA_trades_2025_05_16.parquet,0.0011935423079339155,15919,False
KWM,2025-06-04,KWM_trades_2025_06_04.parquet,0.0012980993397764676,724906,False
KWM,2025-06-09,KWM_trades_2025_06_09.parquet,0.0016096960515102736,42244,False
KWM,2025-06-10,KWM_trades_2025_06_10.parquet,0.001167487062981194,63384,False
KWM,2025-06-16,KWM_trades_2025_06_16.parquet,0.0014953004841925378,70220,False
KWM,2025-09-05,KWM_trades_2025_09_05.parquet,0.00092891365991982,20454,False
KXIN,2025-10-20,KXIN_trades_2025_10_20.parquet,0.0012257212898359419,10606,False
KXIN,2025-10-31,KXIN_trades_2025_10_31.parquet,0.002020846628376941,9402,False
KYIV,2025-08-18,KYIV_trades_2025_08_18.parquet,0.0009867433180316615,23309,False
KYMR,2025-06-02,KYMR_trades_2025_06_02.parquet,0.002004707830000776,77318,False
KYTX,2025-10-08,KYTX_trades_2025_10_08.parquet,0.0007801202526828525,52556,False
KZIA,2025-01-30,KZIA_trades_2025_01_30.parquet,0.0010280665876509973,540821,False
KZIA,2025-03-07,KZIA_trades_2025_03_07.parquet,0.0008063333822020232,13642,False
KZIA,2025-06-03,KZIA_trades_2025_06_03.parquet,0.0,1032,False
KZIA,2025-06-11,KZIA_trades_2025_06_11.parquet,0.000992793400252203,536869,False
KZIA,2025-07-09,KZIA_trades_2025_07_09.parquet,0.0010353321988313836,168062,False
KZR,2025-10-17,KZR_trades_2025_10_17.parquet,0.0008314793590867211,44499,False
LAB,2025-01-13,LAB_trades_2025_01_13.parquet,0.0009459842966606754,21142,False
LAB,2025-06-23,LAB_trades_2025_06_23.parquet,0.0009970720898947534,63185,False
LAC,2025-09-24,LAC_trades_2025_09_24.parquet,0.0012911596823010827,787664,False
LAC,2025-10-01,LAC_trades_2025_10_01.parquet,0.000710534058683227,638956,False
LAC,2025-10-03,LAC_trades_2025_10_03.parquet,0.0010689942281367749,566888,False
LAES,2025-01-15,LAES_trades_2025_01_15.parquet,0.0011438203600024081,332220,False
LAES,2025-05-21,LAES_trades_2025_05_21.parquet,0.0009393997682813905,223547,False
LAES,2025-10-09,LAES_trades_2025_10_09.parquet,0.0018003818603518754,312156,False
LAES,2025-10-14,LAES_trades_2025_10_14.parquet,0.0013338718420185572,376348,False
LANV,2025-03-11,LANV_trades_2025_03_11.parquet,0.0015923566878980893,628,False
LAR,2025-08-11,LAR_trades_2025_08_11.parquet,0.0005351811165568137,35502,False
LASE,2025-07-08,LASE_trades_2025_07_08.parquet,0.0012359848150437008,11327,False
LASE,2025-08-19,LASE_trades_2025_08_19.parquet,0.0009589369088950078,835300,False
LASE,2025-08-25,LASE_trades_2025_08_25.parquet,0.001096740034793132,26442,False
LASE,2025-09-18,LASE_trades_2025_09_18.parquet,0.001194520811073628,666376,False
LASE,2025-09-22,LASE_trades_2025_09_22.parquet,0.0013609477779910318,57313,False
LASR,2025-05-09,LASR_trades_2025_05_09.parquet,0.003388593473047649,19182,False
LASR,2025-08-08,LASR_trades_2025_08_08.parquet,0.0006833214890941891,36586,False
LAWR,2025-08-07,LAWR_trades_2025_08_07.parquet,0.0030739362562692122,6181,False
LAWR,2025-09-02,LAWR_trades_2025_09_02.parquet,0.000848047975285459,330170,False
LAWR,2025-09-18,LAWR_trades_2025_09_18.parquet,0.001442397683355171,90821,False
LAYS,2025-04-09,LAYS_trades_2025_04_09.parquet,0.0,53,False
LAYS,2025-10-06,LAYS_trades_2025_10_06.parquet,0.0,290,False
LAZR,2025-01-06,LAZR_trades_2025_01_06.parquet,0.0007202881152460984,45815,False
LAZR,2025-03-21,LAZR_trades_2025_03_21.parquet,0.0009031465626241827,55362,False
LAZR,2025-10-24,LAZR_trades_2025_10_24.parquet,0.0005845167994457915,46192,False
LBGJ,2025-02-26,LBGJ_trades_2025_02_26.parquet,0.004183128050197537,4303,False
LBGJ,2025-02-27,LBGJ_trades_2025_02_27.parquet,0.0006025306286402892,4979,False
LBGJ,2025-02-28,LBGJ_trades_2025_02_28.parquet,0.0014190435646374343,7047,False
LBGJ,2025-03-06,LBGJ_trades_2025_03_06.parquet,0.0014005602240896359,714,False
LBGJ,2025-03-07,LBGJ_trades_2025_03_07.parquet,0.0,321,False
LBGJ,2025-04-03,LBGJ_trades_2025_04_03.parquet,0.0,302,False
LBGJ,2025-05-30,LBGJ_trades_2025_05_30.parquet,0.0014395393474088292,2084,False
LBGJ,2025-09-09,LBGJ_trades_2025_09_09.parquet,0.0,645,False
LBRT,2025-10-17,LBRT_trades_2025_10_17.parquet,0.0009913946940555973,176519,False
LCDL,2025-07-17,LCDL_trades_2025_07_17.parquet,0.0009497758528987159,26322,False
LCDL,2025-09-05,LCDL_trades_2025_09_05.parquet,0.0015864621893178213,3782,False
LCFY,2025-04-28,LCFY_trades_2025_04_28.parquet,0.0007892659826361484,1267,False
LCFY,2025-06-27,LCFY_trades_2025_06_27.parquet,0.0010902450909519297,933735,False
LCFY,2025-09-03,LCFY_trades_2025_09_03.parquet,0.0008297496475794507,224164,False
LCFYW,2025-01-03,LCFYW_trades_2025_01_03.parquet,0.0,451,False
LCFYW,2025-01-10,LCFYW_trades_2025_01_10.parquet,0.0,361,False
LCFYW,2025-01-13,LCFYW_trades_2025_01_13.parquet,0.0,1027,False
LCFYW,2025-01-21,LCFYW_trades_2025_01_21.parquet,0.0,406,False
LCFYW,2025-01-22,LCFYW_trades_2025_01_22.parquet,0.00631578947368421,475,False
LCFYW,2025-01-23,LCFYW_trades_2025_01_23.parquet,0.001863932898415657,1073,False
LCFYW,2025-02-03,LCFYW_trades_2025_02_03.parquet,0.002178649237472767,459,False
LCFYW,2025-02-05,LCFYW_trades_2025_02_05.parquet,0.0035778175313059034,559,False
LCFYW,2025-02-06,LCFYW_trades_2025_02_06.parquet,0.0,251,False
LCFYW,2025-02-25,LCFYW_trades_2025_02_25.parquet,0.0,238,False
LCFYW,2025-02-27,LCFYW_trades_2025_02_27.parquet,0.0,147,False
LCFYW,2025-03-06,LCFYW_trades_2025_03_06.parquet,0.0,156,False
LCFYW,2025-03-26,LCFYW_trades_2025_03_26.parquet,0.0,43,False
LCFYW,2025-06-27,LCFYW_trades_2025_06_27.parquet,0.005555555555555556,540,False
LCFYW,2025-07-09,LCFYW_trades_2025_07_09.parquet,0.0,46,False
LCFYW,2025-08-29,LCFYW_trades_2025_08_29.parquet,0.0,24,False
LCID,2025-07-17,LCID_trades_2025_07_17.parquet,0.0011068715784206275,1103109,False
LDI,2025-09-05,LDI_trades_2025_09_05.parquet,0.001017456114543493,81576,False
LDI,2025-09-08,LDI_trades_2025_09_08.parquet,0.0008697622406244747,136819,False
LEDS,2025-01-21,LEDS_trades_2025_01_21.parquet,0.001380071763731714,47099,False
LEDS,2025-09-12,LEDS_trades_2025_09_12.parquet,0.0003568242640499554,5605,False
LEE,2025-09-16,LEE_trades_2025_09_16.parquet,0.0004158868787689748,4809,False
LEG,2025-04-29,LEG_trades_2025_04_29.parquet,0.00214299069453034,69529,False
LEXX,2025-08-25,LEXX_trades_2025_08_25.parquet,0.0006397952655150352,1563,False
LEXXW,2025-01-10,LEXXW_trades_2025_01_10.parquet,0.0,201,False
LFMD,2025-03-11,LFMD_trades_2025_03_11.parquet,0.0008502450048105967,44693,False
LFMD,2025-04-29,LFMD_trades_2025_04_29.parquet,0.0007072023393299854,125848,False
LFS,2025-10-10,LFS_trades_2025_10_10.parquet,0.0022133391846897985,104819,False
LFVN,2025-01-08,LFVN_trades_2025_01_08.parquet,0.001998737639385651,9506,False
LFWD,2025-01-06,LFWD_trades_2025_01_06.parquet,0.001084314825200972,26745,False
LFWD,2025-02-10,LFWD_trades_2025_02_10.parquet,0.0009656548749476936,31067,False
LFWD,2025-02-11,LFWD_trades_2025_02_11.parquet,0.000931661790425132,61181,False
LFWD,2025-03-13,LFWD_trades_2025_03_13.parquet,0.001078787628525416,387472,False
LGCB,2025-01-15,LGCB_trades_2025_01_15.parquet,0.00046008741660915573,4347,False
LGCB,2025-04-04,LGCB_trades_2025_04_04.parquet,0.001367053998632946,7315,False
LGCB,2025-04-07,LGCB_trades_2025_04_07.parquet,0.00023629489603024575,4232,False
LGCB,2025-10-16,LGCB_trades_2025_10_16.parquet,0.0011266495488137086,664803,False
LGCL,2025-01-29,LGCL_trades_2025_01_29.parquet,0.0011062509536646152,157288,False
LGCL,2025-06-20,LGCL_trades_2025_06_20.parquet,0.000778816199376947,20544,False
LGHL,2025-05-12,LGHL_trades_2025_05_12.parquet,0.0011192836584585865,12508,False
LGHL,2025-06-18,LGHL_trades_2025_06_18.parquet,0.001118510424664816,270896,False
LGHL,2025-08-28,LGHL_trades_2025_08_28.parquet,0.0009692319004298043,149603,False
LGHL,2025-09-09,LGHL_trades_2025_09_09.parquet,0.0012602084266593154,406282,False
LGO,2025-10-13,LGO_trades_2025_10_13.parquet,0.0004347826086956522,16100,False
LGVN,2025-07-08,LGVN_trades_2025_07_08.parquet,0.0007253989694331883,39978,False
LHAI,2025-07-25,LHAI_trades_2025_07_25.parquet,0.0011927762888968645,465301,False
LHAI,2025-08-06,LHAI_trades_2025_08_06.parquet,0.0014287515233012565,23797,False
LHSW,2025-04-09,LHSW_trades_2025_04_09.parquet,0.002169921548990152,5991,False
LHSW,2025-05-19,LHSW_trades_2025_05_19.parquet,0.0010056989607777405,5966,False
LHSW,2025-06-25,LHSW_trades_2025_06_25.parquet,0.0013253810470510272,1509,False
LICN,2025-04-01,LICN_trades_2025_04_01.parquet,0.0005750431282346176,1739,False
LICN,2025-04-09,LICN_trades_2025_04_09.parquet,0.00023750148438427741,8421,False
LICN,2025-05-12,LICN_trades_2025_05_12.parquet,0.0014561920047618541,94081,False
LICN,2025-05-13,LICN_trades_2025_05_13.parquet,0.0008552831857124219,275932,False
LICN,2025-08-04,LICN_trades_2025_08_04.parquet,0.0009725173792457587,27763,False
LIDR,2025-01-03,LIDR_trades_2025_01_03.parquet,0.0008818758759704571,63501,False
LIDR,2025-01-07,LIDR_trades_2025_01_07.parquet,0.0008352995416700566,184365,False
LIDR,2025-06-30,LIDR_trades_2025_06_30.parquet,0.0009390046550656304,50053,False
LIDR,2025-07-24,LIDR_trades_2025_07_24.parquet,0.0009646894871455811,1459537,False
LIDR,2025-07-25,LIDR_trades_2025_07_25.parquet,0.0012729981333358463,1167323,False
LIDR,2025-07-28,LIDR_trades_2025_07_28.parquet,0.0011147999401604162,695192,False
LIMN,2025-06-04,LIMN_trades_2025_06_04.parquet,0.0008445758229057854,44993,False
LIMN,2025-06-05,LIMN_trades_2025_06_05.parquet,0.0009476820868545748,102355,False
LIMN,2025-06-12,LIMN_trades_2025_06_12.parquet,0.001352878720416481,58394,False
LIMN,2025-06-23,LIMN_trades_2025_06_23.parquet,0.0027420375448217677,14223,False
LIMN,2025-06-24,LIMN_trades_2025_06_24.parquet,0.0013295907815039148,6769,False
LIMN,2025-06-30,LIMN_trades_2025_06_30.parquet,0.0014637002341920376,6832,False
LIMN,2025-07-10,LIMN_trades_2025_07_10.parquet,0.0004011767852366943,7478,False
LIMN,2025-07-22,LIMN_trades_2025_07_22.parquet,0.0017903099474096452,8937,False
LIMN,2025-07-24,LIMN_trades_2025_07_24.parquet,0.0014187889114196312,154357,False
LIMN,2025-08-22,LIMN_trades_2025_08_22.parquet,0.0013555919154553287,253026,False
LINK,2025-06-23,LINK_trades_2025_06_23.parquet,0.009259259259259259,864,False
LINK,2025-06-27,LINK_trades_2025_06_27.parquet,0.001072961373390558,932,False
LINK,2025-09-17,LINK_trades_2025_09_17.parquet,0.001125703564727955,5330,True
LIQT,2025-07-22,LIQT_trades_2025_07_22.parquet,0.0,658,False
LITB,2025-03-31,LITB_trades_2025_03_31.parquet,0.00043706293706293706,2288,False
LITB,2025-09-04,LITB_trades_2025_09_04.parquet,0.000482392667631452,4146,False
LITM,2025-01-13,LITM_trades_2025_01_13.parquet,0.0009618810117563235,112280,False
LITM,2025-01-21,LITM_trades_2025_01_21.parquet,0.001073057319145131,33549,False
LITM,2025-01-23,LITM_trades_2025_01_23.parquet,0.0013772119465129313,62445,False
LITM,2025-02-04,LITM_trades_2025_02_04.parquet,0.00089226782702227,81814,False
LITM,2025-03-18,LITM_trades_2025_03_18.parquet,0.0009534344711335862,189840,False
LITM,2025-03-21,LITM_trades_2025_03_21.parquet,0.001393463389916392,149986,False
LITM,2025-10-13,LITM_trades_2025_10_13.parquet,0.000983187493855078,101710,False
LIVE,2025-04-15,LIVE_trades_2025_04_15.parquet,0.0,917,False
LIVE,2025-04-16,LIVE_trades_2025_04_16.parquet,0.0032142857142857142,2800,False
LIVE,2025-05-08,LIVE_trades_2025_05_08.parquet,0.0,687,False
LIVE,2025-06-23,LIVE_trades_2025_06_23.parquet,0.0003020235578375113,3311,False
LIVE,2025-06-26,LIVE_trades_2025_06_26.parquet,0.001037319942475894,42417,False
LIVE,2025-08-14,LIVE_trades_2025_08_14.parquet,0.004275732610282615,9589,False
LIVE,2025-09-11,LIVE_trades_2025_09_11.parquet,0.00808080808080808,1485,False
LIXT,2025-07-01,LIXT_trades_2025_07_01.parquet,0.0016657534246575342,45625,False
LIXT,2025-07-02,LIXT_trades_2025_07_02.parquet,0.0010082271334086142,148776,False
LIXT,2025-07-03,LIXT_trades_2025_07_03.parquet,0.0008123307644240783,336070,False
LIXT,2025-07-10,LIXT_trades_2025_07_10.parquet,0.00011680878402055835,8561,False
LMFA,2025-06-24,LMFA_trades_2025_06_24.parquet,0.001183431952662722,1690,False
LMFA,2025-07-11,LMFA_trades_2025_07_11.parquet,0.0010793102572567743,630032,False
LMFA,2025-07-18,LMFA_trades_2025_07_18.parquet,0.0012140617703955707,74955,False
LMFA,2025-07-21,LMFA_trades_2025_07_21.parquet,0.0007806137734025899,236993,False
LMND,2025-08-05,LMND_trades_2025_08_05.parquet,0.0010207461586820882,147931,False
LNKS,2025-06-04,LNKS_trades_2025_06_04.parquet,0.0009287514926363275,7537,False
LNSR,2025-02-27,LNSR_trades_2025_02_27.parquet,0.00047961630695443646,4170,False
LNZA,2025-02-18,LNZA_trades_2025_02_18.parquet,0.0011338725527250738,13229,False
LNZA,2025-03-31,LNZA_trades_2025_03_31.parquet,0.0014818057824102918,59387,False
LNZA,2025-04-01,LNZA_trades_2025_04_01.parquet,0.0014230534661516568,9838,False
LNZA,2025-05-28,LNZA_trades_2025_05_28.parquet,0.0006610841780520053,4538,False
LNZA,2025-05-30,LNZA_trades_2025_05_30.parquet,0.0005011526510975244,29931,False
LNZA,2025-07-22,LNZA_trades_2025_07_22.parquet,0.0007687469424837515,14309,False
LNZA,2025-07-24,LNZA_trades_2025_07_24.parquet,0.0008385744234800838,19080,False
LNZA,2025-08-20,LNZA_trades_2025_08_20.parquet,0.0018083182640144665,2765,False
LNZA,2025-09-22,LNZA_trades_2025_09_22.parquet,0.0008968609865470852,4460,False
LOBO,2025-02-12,LOBO_trades_2025_02_12.parquet,0.0,816,False
LOBO,2025-05-13,LOBO_trades_2025_05_13.parquet,0.0009568862920058131,501627,False
LOBO,2025-05-15,LOBO_trades_2025_05_15.parquet,0.0009680862116189235,211758,False
LOBO,2025-08-01,LOBO_trades_2025_08_01.parquet,0.0010794405188878453,634588,False
LOBO,2025-08-05,LOBO_trades_2025_08_05.parquet,0.0009033951716185121,188179,False
LOBO,2025-10-16,LOBO_trades_2025_10_16.parquet,0.0018071012849113274,80239,False
LOCL,2025-04-03,LOCL_trades_2025_04_03.parquet,0.0025278058645096056,1978,False
LOCL,2025-04-04,LOCL_trades_2025_04_04.parquet,0.000812787862367922,3691,False
LOCL,2025-07-28,LOCL_trades_2025_07_28.parquet,0.0,658,False
LOCL,2025-09-17,LOCL_trades_2025_09_17.parquet,0.0013320647002854425,5255,False
LOMA,2025-10-27,LOMA_trades_2025_10_27.parquet,0.0014538347871681206,41958,False
LOOP,2025-06-04,LOOP_trades_2025_06_04.parquet,0.000716809175157442,19531,False
LOOP,2025-07-28,LOOP_trades_2025_07_28.parquet,0.001577442571231391,10143,False
LOT,2025-02-18,LOT_trades_2025_02_18.parquet,0.0015917230401910067,2513,False
LOT,2025-03-24,LOT_trades_2025_03_24.parquet,0.0005328123612467809,11261,False
LPSN,2025-08-06,LPSN_trades_2025_08_06.parquet,0.0010494384514248601,252516,False
LPTH,2025-09-03,LPTH_trades_2025_09_03.parquet,0.0007953762129487247,37718,False
LRE,2025-06-26,LRE_trades_2025_06_26.parquet,0.001639344262295082,610,False
LRE,2025-08-06,LRE_trades_2025_08_06.parquet,0.0005245213742460005,7626,False
LRE,2025-09-15,LRE_trades_2025_09_15.parquet,0.001290879224808774,301345,False
LRE,2025-09-26,LRE_trades_2025_09_26.parquet,0.0011966493817311527,7521,False
LRE,2025-10-23,LRE_trades_2025_10_23.parquet,0.0006646726487205051,3009,False
LRHC,2025-01-08,LRHC_trades_2025_01_08.parquet,0.0008153806540211141,23302,False
LRHC,2025-01-29,LRHC_trades_2025_01_29.parquet,0.0013186813186813187,4550,False
LRHC,2025-02-12,LRHC_trades_2025_02_12.parquet,0.0006293266205160479,11123,False
LRHC,2025-04-24,LRHC_trades_2025_04_24.parquet,0.001067675927221318,135809,False
LRHC,2025-05-30,LRHC_trades_2025_05_30.parquet,0.0008743806470416788,13724,False
LRHC,2025-07-03,LRHC_trades_2025_07_03.parquet,0.0010044382153702406,385290,False
LRMR,2025-10-01,LRMR_trades_2025_10_01.parquet,0.0007398917726936413,68929,False
LSE,2025-03-18,LSE_trades_2025_03_18.parquet,0.0016670455406531787,13197,False
LSE,2025-03-19,LSE_trades_2025_03_19.parquet,0.0008878127522195319,272580,False
LSE,2025-04-01,LSE_trades_2025_04_01.parquet,0.0004484304932735426,2230,False
LSE,2025-06-16,LSE_trades_2025_06_16.parquet,0.001296026452950737,142744,False
LSE,2025-06-18,LSE_trades_2025_06_18.parquet,0.001271691614783415,264215,False
LSH,2025-05-12,LSH_trades_2025_05_12.parquet,0.00253592561284869,1183,False
LSH,2025-08-29,LSH_trades_2025_08_29.parquet,0.0009652509652509653,21756,False
LTBR,2025-01-03,LTBR_trades_2025_01_03.parquet,0.0003007337904486948,16626,False
LTBR,2025-01-23,LTBR_trades_2025_01_23.parquet,0.0005752479044540623,73012,False
LTBR,2025-01-30,LTBR_trades_2025_01_30.parquet,0.00041869784968747196,33437,False
LTBR,2025-02-07,LTBR_trades_2025_02_07.parquet,0.0008120583542284021,70192,False
LTBR,2025-02-12,LTBR_trades_2025_02_12.parquet,0.0014697296100183214,49669,False
LTBR,2025-05-23,LTBR_trades_2025_05_23.parquet,0.0007998012144554363,128782,False
LTRN,2025-01-06,LTRN_trades_2025_01_06.parquet,0.0006381620931716656,1567,False
LTRN,2025-01-24,LTRN_trades_2025_01_24.parquet,0.0010814708002883922,11096,False
LUCD,2025-02-10,LUCD_trades_2025_02_10.parquet,0.0008165487207403375,11022,False
LUCY,2025-04-09,LUCY_trades_2025_04_09.parquet,0.0004065040650406504,2460,False
LUCY,2025-04-10,LUCY_trades_2025_04_10.parquet,0.0011280597372519267,100172,False
LUCY,2025-04-29,LUCY_trades_2025_04_29.parquet,0.00020831163420477033,9601,False
LUCY,2025-05-14,LUCY_trades_2025_05_14.parquet,0.0014955983503994433,270126,False
LUCY,2025-06-20,LUCY_trades_2025_06_20.parquet,0.0009491599389046476,549960,False
LUNG,2025-02-20,LUNG_trades_2025_02_20.parquet,0.0008242545871559633,27904,False
LUNG,2025-10-28,LUNG_trades_2025_10_28.parquet,0.001045671042769759,330888,False
LUNR,2025-03-24,LUNR_trades_2025_03_24.parquet,0.0006804572672836146,154308,False
LUNR,2025-05-13,LUNR_trades_2025_05_13.parquet,0.0011059340574797205,207969,False
LVLU,2025-03-20,LVLU_trades_2025_03_20.parquet,0.0008865248226950354,1128,False
LVLU,2025-07-01,LVLU_trades_2025_07_01.parquet,0.0006027000964320154,16592,False
LVLU,2025-07-02,LVLU_trades_2025_07_02.parquet,0.0011568123393316196,23340,False
LVLU,2025-07-07,LVLU_trades_2025_07_07.parquet,0.00102880658436214,1944,False
LVLU,2025-07-31,LVLU_trades_2025_07_31.parquet,0.0008787346221441124,7966,False
LVLU,2025-09-08,LVLU_trades_2025_09_08.parquet,0.00040160642570281126,4980,False
LVLU,2025-09-15,LVLU_trades_2025_09_15.parquet,0.0011761630946157868,15304,False
LVO,2025-01-31,LVO_trades_2025_01_31.parquet,0.0008221297997872135,20678,False
LVRO,2025-09-16,LVRO_trades_2025_09_16.parquet,0.0005014416447285947,15954,False
LVWR,2025-04-09,LVWR_trades_2025_04_09.parquet,0.0009267840593141798,1079,False
LVWR,2025-05-15,LVWR_trades_2025_05_15.parquet,0.0,1219,False
LVWR,2025-05-27,LVWR_trades_2025_05_27.parquet,0.0008466129817765848,353172,False
LVWR,2025-05-28,LVWR_trades_2025_05_28.parquet,0.0008413641704584468,413614,False
LVWR,2025-05-30,LVWR_trades_2025_05_30.parquet,0.0009837532776366252,270393,False
LVWR,2025-06-04,LVWR_trades_2025_06_04.parquet,0.0011713665943600868,23050,False
LVWR,2025-06-10,LVWR_trades_2025_06_10.parquet,0.0017528044871794872,19968,False
LVWR,2025-09-08,LVWR_trades_2025_09_08.parquet,0.002504101545635092,11581,False
LWLG,2025-07-16,LWLG_trades_2025_07_16.parquet,0.0002890841813135985,17296,False
LWLG,2025-07-22,LWLG_trades_2025_07_22.parquet,0.002798828797795384,23224,False
LWLG,2025-08-26,LWLG_trades_2025_08_26.parquet,0.0009965436334737744,79274,False
LXEH,2025-02-04,LXEH_trades_2025_02_04.parquet,0.0007453647628808348,10733,False
LXEH,2025-03-26,LXEH_trades_2025_03_26.parquet,0.0006440532417346501,4658,False
LXEH,2025-03-28,LXEH_trades_2025_03_28.parquet,0.0009010632546404757,5549,False
LXEH,2025-04-01,LXEH_trades_2025_04_01.parquet,0.0016028851933480265,4991,False
LXEH,2025-04-07,LXEH_trades_2025_04_07.parquet,0.0008485362749257531,2357,False
LXEH,2025-05-06,LXEH_trades_2025_05_06.parquet,0.00020329335230737954,4919,False
LXEH,2025-07-31,LXEH_trades_2025_07_31.parquet,0.0008807896735003797,32925,False
LXEH,2025-08-01,LXEH_trades_2025_08_01.parquet,0.0008175779253960143,9785,False
LXEH,2025-08-25,LXEH_trades_2025_08_25.parquet,0.0006673896721448235,11987,False
LXEO,2025-03-24,LXEO_trades_2025_03_24.parquet,0.0010467057059605647,35349,False
LXEO,2025-04-09,LXEO_trades_2025_04_09.parquet,0.0011032513466156142,15409,False
LXEO,2025-09-24,LXEO_trades_2025_09_24.parquet,0.0005023232450081628,31852,False
LXEO,2025-10-07,LXEO_trades_2025_10_07.parquet,0.001023580256274168,105512,False
LYEL,2025-03-19,LYEL_trades_2025_03_19.parquet,0.0011305822498586771,5307,False
LYEL,2025-06-04,LYEL_trades_2025_06_04.parquet,0.0005914659907055344,11835,False
LYRA,2025-05-07,LYRA_trades_2025_05_07.parquet,0.0030161921896496983,18898,False
LYRA,2025-05-14,LYRA_trades_2025_05_14.parquet,0.001117353114621807,32219,False
LYRA,2025-06-02,LYRA_trades_2025_06_02.parquet,0.0009138976252336023,438780,False
LYRA,2025-06-03,LYRA_trades_2025_06_03.parquet,0.0005387073472336154,81677,False
LZ,2025-05-08,LZ_trades_2025_05_08.parquet,0.00033866734400135465,47244,False
LZ,2025-08-08,LZ_trades_2025_08_08.parquet,0.0017324308910720626,92933,False
LZMH,2025-03-06,LZMH_trades_2025_03_06.parquet,0.0002576655501159495,3881,False
LZMH,2025-03-07,LZMH_trades_2025_03_07.parquet,0.0015118196811434853,7276,False
LZMH,2025-03-10,LZMH_trades_2025_03_10.parquet,0.0021872863978127134,7315,False
LZMH,2025-03-13,LZMH_trades_2025_03_13.parquet,0.0008641975308641976,8100,False
LZMH,2025-03-26,LZMH_trades_2025_03_26.parquet,0.00046468401486988845,2152,False
LZMH,2025-05-29,LZMH_trades_2025_05_29.parquet,0.0006225357958082589,9638,False
LZMH,2025-06-18,LZMH_trades_2025_06_18.parquet,0.0005549004647291392,14417,False
LZMH,2025-06-26,LZMH_trades_2025_06_26.parquet,0.0012053033346725592,4978,False
LZMH,2025-07-15,LZMH_trades_2025_07_15.parquet,0.0005063291139240507,11850,False
LZMH,2025-07-18,LZMH_trades_2025_07_18.parquet,0.00012848515996402416,7783,False
LZMH,2025-08-07,LZMH_trades_2025_08_07.parquet,0.0009745588838736151,19496,False
MAGH,2025-10-17,MAGH_trades_2025_10_17.parquet,0.0,1316,False
MAMK,2025-09-11,MAMK_trades_2025_09_11.parquet,0.0003480682213713888,2873,False
MAMK,2025-10-14,MAMK_trades_2025_10_14.parquet,0.0004184975936388366,4779,False
MAMK,2025-10-15,MAMK_trades_2025_10_15.parquet,0.0,1178,False
MAMK,2025-10-24,MAMK_trades_2025_10_24.parquet,0.0012442362585083802,40989,False
MAMK,2025-10-27,MAMK_trades_2025_10_27.parquet,0.0010805657079294454,62930,False
MAMK,2025-10-29,MAMK_trades_2025_10_29.parquet,0.0009152061501853292,21853,False
MAPS,2025-08-11,MAPS_trades_2025_08_11.parquet,0.0007913570052298376,29064,False
MARPS,2025-06-16,MARPS_trades_2025_06_16.parquet,0.0009495891994550184,48442,False
MARPS,2025-06-17,MARPS_trades_2025_06_17.parquet,0.0009047044632086852,3316,False
MASK,2025-08-19,MASK_trades_2025_08_19.parquet,0.000510073960724305,7842,False
MASK,2025-08-26,MASK_trades_2025_08_26.parquet,0.001488095238095238,22848,False
MASS,2025-01-15,MASS_trades_2025_01_15.parquet,0.0008485592547122121,55388,False
MASS,2025-03-04,MASS_trades_2025_03_04.parquet,0.001121359632349605,462831,False
MASS,2025-03-12,MASS_trades_2025_03_12.parquet,0.0013841701270919844,23841,False
MATV,2025-08-07,MATV_trades_2025_08_07.parquet,0.001211116777154513,15688,False
MAXI,2025-04-09,MAXI_trades_2025_04_09.parquet,0.0,791,False
MAZE,2025-07-08,MAZE_trades_2025_07_08.parquet,0.0,4559,False
MAZE,2025-09-11,MAZE_trades_2025_09_11.parquet,0.0017842199169469312,63333,False
MB,2025-04-14,MB_trades_2025_04_14.parquet,0.0007527601204416192,23912,False
MB,2025-06-06,MB_trades_2025_06_06.parquet,0.0002977963073257892,3358,False
MB,2025-06-11,MB_trades_2025_06_11.parquet,0.001321003963011889,1514,False
MB,2025-07-10,MB_trades_2025_07_10.parquet,0.0007326007326007326,4095,False
MB,2025-08-18,MB_trades_2025_08_18.parquet,0.0009639697758399514,134859,False
MB,2025-08-28,MB_trades_2025_08_28.parquet,0.001585204755614267,3785,False
MBAVU,2025-07-03,MBAVU_trades_2025_07_03.parquet,0.0,3,False
MBAVW,2025-05-27,MBAVW_trades_2025_05_27.parquet,0.0010495932826029913,3811,False
MBAVW,2025-06-11,MBAVW_trades_2025_06_11.parquet,0.0,416,False
MBIO,2025-01-24,MBIO_trades_2025_01_24.parquet,0.0004105933073290905,9742,False
MBIO,2025-01-28,MBIO_trades_2025_01_28.parquet,0.0010017758754155093,21961,False
MBIO,2025-07-01,MBIO_trades_2025_07_01.parquet,0.0007625910412130723,90481,False
MBIO,2025-07-07,MBIO_trades_2025_07_07.parquet,0.0008161468893480012,1404159,False
MBIO,2025-07-09,MBIO_trades_2025_07_09.parquet,0.0008865724571489979,223332,False
MBOT,2025-01-03,MBOT_trades_2025_01_03.parquet,0.0009017132551848512,76521,False
MBOT,2025-01-06,MBOT_trades_2025_01_06.parquet,0.001126373078686629,300966,False
MBOT,2025-01-22,MBOT_trades_2025_01_22.parquet,0.000773109243697479,29750,False
MBOT,2025-04-09,MBOT_trades_2025_04_09.parquet,0.0015280835620432086,99471,False
MBOT,2025-04-11,MBOT_trades_2025_04_11.parquet,0.00041307378530490007,38734,False
MBRX,2025-02-13,MBRX_trades_2025_02_13.parquet,0.0012006928588300133,254020,False
MBRX,2025-02-14,MBRX_trades_2025_02_14.parquet,0.0008125110931429585,507070,False
MBRX,2025-02-25,MBRX_trades_2025_02_25.parquet,0.001122986122188547,156725,False
MBVIW,2025-10-21,MBVIW_trades_2025_10_21.parquet,0.0,17,False
MBX,2025-09-22,MBX_trades_2025_09_22.parquet,0.0010194374487333031,381583,True
MCRB,2025-01-22,MCRB_trades_2025_01_22.parquet,0.0009630493182624563,19729,False
MCRI,2025-07-17,MCRI_trades_2025_07_17.parquet,0.0006456704211205969,13939,False
MCTA,2025-10-27,MCTA_trades_2025_10_27.parquet,0.001763668430335097,1701,False
MCTA,2025-10-28,MCTA_trades_2025_10_28.parquet,0.0015544661006815735,8363,False
MCTA,2025-10-29,MCTA_trades_2025_10_29.parquet,0.0015842839036755386,6312,False
MCTA,2025-10-30,MCTA_trades_2025_10_30.parquet,0.000819768122730999,8539,False
MCTR,2025-01-23,MCTR_trades_2025_01_23.parquet,0.0008174519899465606,81962,False
MCTR,2025-02-26,MCTR_trades_2025_02_26.parquet,0.0,659,False
MCTR,2025-04-10,MCTR_trades_2025_04_10.parquet,0.0,1725,False
MCTR,2025-06-03,MCTR_trades_2025_06_03.parquet,0.0007204948569554114,512148,False
MCTR,2025-06-04,MCTR_trades_2025_06_04.parquet,0.0011158276113558986,297537,False
MCTR,2025-06-05,MCTR_trades_2025_06_05.parquet,0.001563242611817656,174637,False
MCTR,2025-06-17,MCTR_trades_2025_06_17.parquet,0.0014392254350385975,7643,False
MCTR,2025-09-08,MCTR_trades_2025_09_08.parquet,0.00028686173264486515,3486,False
MCTR,2025-10-31,MCTR_trades_2025_10_31.parquet,0.0007279786459597186,12363,False
MDB,2025-08-27,MDB_trades_2025_08_27.parquet,0.0009179434281874876,317013,False
MDCX,2025-03-12,MDCX_trades_2025_03_12.parquet,0.0015479876160990713,646,False
MDCX,2025-05-12,MDCX_trades_2025_05_12.parquet,0.0006075334143377885,1646,False
MDCXW,2025-01-06,MDCXW_trades_2025_01_06.parquet,0.0,346,False
MDCXW,2025-01-07,MDCXW_trades_2025_01_07.parquet,0.0,193,False
MDCXW,2025-01-21,MDCXW_trades_2025_01_21.parquet,0.00625,320,False
MDCXW,2025-02-06,MDCXW_trades_2025_02_06.parquet,0.0,131,False
MDCXW,2025-03-05,MDCXW_trades_2025_03_05.parquet,0.0,43,False
MDCXW,2025-04-15,MDCXW_trades_2025_04_15.parquet,0.0,146,False
MDCXW,2025-05-12,MDCXW_trades_2025_05_12.parquet,0.0,76,False
MDCXW,2025-05-14,MDCXW_trades_2025_05_14.parquet,0.0,310,False
MDCXW,2025-05-15,MDCXW_trades_2025_05_15.parquet,0.0,81,False
MDCXW,2025-05-16,MDCXW_trades_2025_05_16.parquet,0.0,154,False
MDCXW,2025-05-19,MDCXW_trades_2025_05_19.parquet,0.0023923444976076554,418,False
MDCXW,2025-05-20,MDCXW_trades_2025_05_20.parquet,0.0,595,False
MDCXW,2025-05-27,MDCXW_trades_2025_05_27.parquet,0.0,193,False
MDCXW,2025-05-29,MDCXW_trades_2025_05_29.parquet,0.0,107,False
MDCXW,2025-06-26,MDCXW_trades_2025_06_26.parquet,0.0,46,False
MDCXW,2025-09-17,MDCXW_trades_2025_09_17.parquet,0.0,63,False
MDCXW,2025-09-18,MDCXW_trades_2025_09_18.parquet,0.0,24,False
MDCXW,2025-10-02,MDCXW_trades_2025_10_02.parquet,0.0,65,False
MDCXW,2025-10-28,MDCXW_trades_2025_10_28.parquet,0.0,52,False
MDIA,2025-06-10,MDIA_trades_2025_06_10.parquet,0.0012330456226880395,4055,False
MDIA,2025-07-07,MDIA_trades_2025_07_07.parquet,0.0014824251549018473,86345,False
MEDP,2025-07-22,MEDP_trades_2025_07_22.parquet,0.0015507929781536547,110911,False
MEG,2025-02-27,MEG_trades_2025_02_27.parquet,0.0006232686980609418,14440,True
MEG,2025-05-08,MEG_trades_2025_05_08.parquet,0.0006575801052128168,16728,False
MEG,2025-08-07,MEG_trades_2025_08_07.parquet,0.0005094762584063583,19628,False
MEGL,2025-01-06,MEGL_trades_2025_01_06.parquet,0.000743663517528438,277007,False
MEGL,2025-02-24,MEGL_trades_2025_02_24.parquet,0.0006214689265536723,17700,False
MEGL,2025-05-07,MEGL_trades_2025_05_07.parquet,0.0009767180151391292,282579,False
MEGL,2025-06-10,MEGL_trades_2025_06_10.parquet,0.0010577353654205462,388566,False
MEGL,2025-06-12,MEGL_trades_2025_06_12.parquet,0.000832387438516837,13215,False
MEGL,2025-07-24,MEGL_trades_2025_07_24.parquet,0.0005217572785140353,9583,False
MENS,2025-08-08,MENS_trades_2025_08_08.parquet,0.0005681818181818182,3520,False
MENS,2025-10-01,MENS_trades_2025_10_01.parquet,0.000423908435777872,9436,False
MESO,2025-07-18,MESO_trades_2025_07_18.parquet,0.001047246948886293,24827,False
METC,2025-03-11,METC_trades_2025_03_11.parquet,0.0011171797418073487,32224,False
METC,2025-07-10,METC_trades_2025_07_10.parquet,0.0021412630436093852,66316,False
METCB,2025-08-14,METCB_trades_2025_08_14.parquet,0.00037105751391465676,5390,False
METU,2025-04-09,METU_trades_2025_04_09.parquet,0.000801362315937093,9983,False
MFI,2025-01-03,MFI_trades_2025_01_03.parquet,0.0008809856196039631,295124,False
MFI,2025-02-25,MFI_trades_2025_02_25.parquet,0.0012772207676096812,156590,False
MFI,2025-05-30,MFI_trades_2025_05_30.parquet,0.0008676371348693724,10373,False
MFI,2025-06-02,MFI_trades_2025_06_02.parquet,0.0011434511434511435,19240,False
MFI,2025-06-04,MFI_trades_2025_06_04.parquet,0.0007792545131823889,46198,False
MFI,2025-06-05,MFI_trades_2025_06_05.parquet,0.0008302200083022001,24090,False
MFI,2025-06-09,MFI_trades_2025_06_09.parquet,0.00044749403341288785,6704,False
MFI,2025-06-11,MFI_trades_2025_06_11.parquet,0.0009845288326300985,21330,False
MFI,2025-06-16,MFI_trades_2025_06_16.parquet,0.0006158899609936358,4871,False
MFI,2025-06-23,MFI_trades_2025_06_23.parquet,0.0005522827687776141,5432,False
MFI,2025-06-24,MFI_trades_2025_06_24.parquet,0.0005511919525974921,7257,False
MFI,2025-08-08,MFI_trades_2025_08_08.parquet,0.0,2351,False
MFI,2025-09-12,MFI_trades_2025_09_12.parquet,0.0006807351940095302,5876,False
MFI,2025-09-15,MFI_trades_2025_09_15.parquet,0.0011967090501121915,6685,False
MGIH,2025-01-14,MGIH_trades_2025_01_14.parquet,0.0003441629955947137,14528,False
MGIH,2025-02-21,MGIH_trades_2025_02_21.parquet,0.00101010101010101,990,False
MGIH,2025-09-08,MGIH_trades_2025_09_08.parquet,0.0012966804979253112,208224,False
MGIH,2025-09-09,MGIH_trades_2025_09_09.parquet,0.0014826093925308544,49912,False
MGIH,2025-09-11,MGIH_trades_2025_09_11.parquet,0.0017192602632560424,109931,False
MGIH,2025-09-12,MGIH_trades_2025_09_12.parquet,0.000988395286664404,167949,False
MGNX,2025-06-10,MGNX_trades_2025_06_10.parquet,0.0008140517862174771,95817,True
MGRT,2025-07-29,MGRT_trades_2025_07_29.parquet,0.001492942453854506,7368,False
MGRT,2025-08-01,MGRT_trades_2025_08_01.parquet,0.0016884761502743773,4738,False
MGRT,2025-08-06,MGRT_trades_2025_08_06.parquet,0.000564652738565782,1771,False
MGRT,2025-09-12,MGRT_trades_2025_09_12.parquet,0.0011318619128466328,1767,False
MGRT,2025-10-17,MGRT_trades_2025_10_17.parquet,0.000946521533364884,4226,False
MGRT,2025-10-28,MGRT_trades_2025_10_28.parquet,0.0019311232700354038,3107,False
MGRX,2025-07-18,MGRX_trades_2025_07_18.parquet,0.0006038647342995169,3312,False
MGTX,2025-03-13,MGTX_trades_2025_03_13.parquet,0.001174821715651923,48518,False
MGX,2025-01-22,MGX_trades_2025_01_22.parquet,0.0010826010544815465,71125,False
MHUA,2025-05-12,MHUA_trades_2025_05_12.parquet,0.004995004995004995,2002,False
MIGI,2025-04-25,MIGI_trades_2025_04_25.parquet,0.0006527415143603133,1532,False
MIGI,2025-05-12,MIGI_trades_2025_05_12.parquet,0.0004843787842092516,4129,False
MIGI,2025-10-01,MIGI_trades_2025_10_01.parquet,0.0010718113612004287,933,False
MIGI,2025-10-02,MIGI_trades_2025_10_02.parquet,0.001335235031711832,32953,False
MIGI,2025-10-15,MIGI_trades_2025_10_15.parquet,0.00043418930653765043,32244,False
MIGI,2025-10-16,MIGI_trades_2025_10_16.parquet,0.0007120717098098349,23874,False
MIMI,2025-09-10,MIMI_trades_2025_09_10.parquet,0.0009515653249595584,42036,False
MIND,2025-04-23,MIND_trades_2025_04_23.parquet,0.0002214103841470165,9033,False
MIND,2025-06-23,MIND_trades_2025_06_23.parquet,0.0005541561712846348,19850,False
MIRA,2025-03-13,MIRA_trades_2025_03_13.parquet,0.0005117052577715236,7817,False
MIRA,2025-04-16,MIRA_trades_2025_04_16.parquet,0.0013104696097629986,134303,False
MIRA,2025-07-14,MIRA_trades_2025_07_14.parquet,0.0007783681342854242,29549,False
MIRA,2025-10-16,MIRA_trades_2025_10_16.parquet,0.0009485209906866836,482857,False
MKDW,2025-04-07,MKDW_trades_2025_04_07.parquet,0.0009949777314507723,337696,False
MKTW,2025-03-03,MKTW_trades_2025_03_03.parquet,0.0008078137622090035,13617,False
MKTW,2025-04-11,MKTW_trades_2025_04_11.parquet,0.0003132832080200501,3192,False
MKZR,2025-01-03,MKZR_trades_2025_01_03.parquet,0.0009671179883945841,1034,False
MKZR,2025-02-13,MKZR_trades_2025_02_13.parquet,0.0013591573224600749,8829,False
MKZR,2025-07-23,MKZR_trades_2025_07_23.parquet,0.0007722575662854411,27193,False
MLEC,2025-02-26,MLEC_trades_2025_02_26.parquet,0.0,796,False
MLGO,2025-01-27,MLGO_trades_2025_01_27.parquet,0.0009248183590288854,361152,False
MLGO,2025-02-21,MLGO_trades_2025_02_21.parquet,0.0009222405375853039,2248871,False
MLGO,2025-02-27,MLGO_trades_2025_02_27.parquet,0.0008872188299149313,95805,False
MLGO,2025-03-05,MLGO_trades_2025_03_05.parquet,0.0010916553862276757,45802,False
MLGO,2025-03-24,MLGO_trades_2025_03_24.parquet,0.0010277566546791827,1660899,False
MLGO,2025-03-25,MLGO_trades_2025_03_25.parquet,0.0008191322394250181,654351,False
MLGO,2025-03-27,MLGO_trades_2025_03_27.parquet,0.0009234514698269229,643239,False
MLGO,2025-03-31,MLGO_trades_2025_03_31.parquet,0.0011937146785539112,507659,False
MLGO,2025-04-01,MLGO_trades_2025_04_01.parquet,0.0011810212496771778,344617,False
MLGO,2025-04-21,MLGO_trades_2025_04_21.parquet,0.0010583379934096507,649131,False
MLGO,2025-04-28,MLGO_trades_2025_04_28.parquet,0.0008831826210751101,227586,False
MLGO,2025-05-12,MLGO_trades_2025_05_12.parquet,0.0010580144595309468,153117,False
MLGO,2025-05-22,MLGO_trades_2025_05_22.parquet,0.0011615117668253277,210932,False
MLGO,2025-07-02,MLGO_trades_2025_07_02.parquet,0.0009827118310945142,132287,False
MLGO,2025-07-09,MLGO_trades_2025_07_09.parquet,0.0010268830225236135,103225,False
MLGO,2025-09-17,MLGO_trades_2025_09_17.parquet,0.0004882944958359331,36863,False
MLYS,2025-03-10,MLYS_trades_2025_03_10.parquet,0.001305953345942538,155442,False
MLYS,2025-09-02,MLYS_trades_2025_09_02.parquet,0.0010932322093539682,175626,False
MNDR,2025-02-12,MNDR_trades_2025_02_12.parquet,0.0007458512026850643,5363,False
MNDR,2025-02-20,MNDR_trades_2025_02_20.parquet,0.0009339090183127377,517181,False
MNDR,2025-03-03,MNDR_trades_2025_03_03.parquet,0.00065470734581642,7637,False
MNDR,2025-08-13,MNDR_trades_2025_08_13.parquet,0.0004826466587688123,22791,False
MNDY,2025-02-10,MNDY_trades_2025_02_10.parquet,0.0012362904222814857,113242,False
MNKD,2025-09-02,MNKD_trades_2025_09_02.parquet,0.0013680875576036866,124992,False
MNOV,2025-10-31,MNOV_trades_2025_10_31.parquet,0.0008684218573219582,163515,False
MNRO,2025-05-28,MNRO_trades_2025_05_28.parquet,0.0013702961947928746,47435,False
MNTN,2025-05-22,MNTN_trades_2025_05_22.parquet,0.0008548753413121699,78374,False
MNTS,2025-01-21,MNTS_trades_2025_01_21.parquet,0.0036370249136206583,5499,False
MNTS,2025-02-10,MNTS_trades_2025_02_10.parquet,0.0009714419028022656,261467,False
MNTS,2025-03-19,MNTS_trades_2025_03_19.parquet,0.0007047216349541931,5676,False
MNTS,2025-06-09,MNTS_trades_2025_06_09.parquet,0.001312874374333306,24374,False
MNTS,2025-06-30,MNTS_trades_2025_06_30.parquet,0.0010600531379828316,221687,False
MNTS,2025-08-13,MNTS_trades_2025_08_13.parquet,0.0010326797785396298,980943,False
MNTS,2025-10-14,MNTS_trades_2025_10_14.parquet,0.0010095256618644734,215943,False
MNY,2025-07-15,MNY_trades_2025_07_15.parquet,0.0013025073266037122,6142,False
MNY,2025-07-16,MNY_trades_2025_07_16.parquet,0.0007939028262940616,6298,False
MOBBW,2025-08-25,MOBBW_trades_2025_08_25.parquet,0.0,48,False
MOBBW,2025-09-05,MOBBW_trades_2025_09_05.parquet,0.0,68,False
MOBBW,2025-09-11,MOBBW_trades_2025_09_11.parquet,0.0,37,False
MOBBW,2025-10-15,MOBBW_trades_2025_10_15.parquet,0.007722007722007722,259,False
MOBBW,2025-10-17,MOBBW_trades_2025_10_17.parquet,0.0012511729746637473,3197,False
MOBBW,2025-10-20,MOBBW_trades_2025_10_20.parquet,0.0,699,False
MOBX,2025-01-22,MOBX_trades_2025_01_22.parquet,0.000889015326624231,56242,False
MOBX,2025-07-21,MOBX_trades_2025_07_21.parquet,0.0004365668383829564,11453,False
MOBX,2025-08-28,MOBX_trades_2025_08_28.parquet,0.0013082419241219683,19874,False
MODD,2025-04-08,MODD_trades_2025_04_08.parquet,0.005738880918220947,697,False
MODD,2025-09-12,MODD_trades_2025_09_12.parquet,0.0013673959445037354,29984,False
MOFG,2025-10-24,MOFG_trades_2025_10_24.parquet,0.001008846810492007,25772,False
MOGO,2025-05-02,MOGO_trades_2025_05_02.parquet,0.0,1319,False
MOGO,2025-05-13,MOGO_trades_2025_05_13.parquet,0.00114647752591592,416057,False
MOGO,2025-07-02,MOGO_trades_2025_07_02.parquet,0.0009050651596305512,1185550,False
MOGU,2025-09-11,MOGU_trades_2025_09_11.parquet,0.0012588113606768758,784073,False
MOLN,2025-08-25,MOLN_trades_2025_08_25.parquet,0.0,370,False
MOVE,2025-05-13,MOVE_trades_2025_05_13.parquet,0.0006868131868131869,1456,False
MOVE,2025-07-15,MOVE_trades_2025_07_15.parquet,0.0011287810593395915,69987,False
MOVE,2025-08-22,MOVE_trades_2025_08_22.parquet,0.0008636510849616755,9263,False
MOVE,2025-08-29,MOVE_trades_2025_08_29.parquet,0.0006867738797001088,244622,False
MOVE,2025-09-03,MOVE_trades_2025_09_03.parquet,0.001578365865207555,38014,False
MP,2025-07-10,MP_trades_2025_07_10.parquet,0.001087619704485768,603152,False
MPAA,2025-02-10,MPAA_trades_2025_02_10.parquet,0.0003872216844143272,5165,False
MPAA,2025-08-11,MPAA_trades_2025_08_11.parquet,0.00013156163662675965,7601,False
MRAL,2025-03-24,MRAL_trades_2025_03_24.parquet,0.0018484288354898336,541,False
MRAL,2025-04-09,MRAL_trades_2025_04_09.parquet,0.0,561,False
MRAL,2025-04-22,MRAL_trades_2025_04_22.parquet,0.0011135857461024498,898,False
MRAL,2025-09-29,MRAL_trades_2025_09_29.parquet,0.0007268498328245384,6879,False
MRKR,2025-03-05,MRKR_trades_2025_03_05.parquet,0.0010089251067132324,12885,False
MRKR,2025-03-10,MRKR_trades_2025_03_10.parquet,0.0010842067220816769,2767,False
MRKR,2025-05-30,MRKR_trades_2025_05_30.parquet,0.0012315270935960591,6496,False
MRKR,2025-07-17,MRKR_trades_2025_07_17.parquet,0.0009226259123951815,268798,False
MRM,2025-04-09,MRM_trades_2025_04_09.parquet,0.0009218907140462622,35796,False
MRM,2025-04-10,MRM_trades_2025_04_10.parquet,0.0005631207126036654,19534,False
MRM,2025-05-20,MRM_trades_2025_05_20.parquet,0.0004970531846907619,28166,False
MRM,2025-05-21,MRM_trades_2025_05_21.parquet,0.0008482297131726933,31831,False
MRM,2025-08-08,MRM_trades_2025_08_08.parquet,0.0010422621171029842,465334,False
MRM,2025-09-08,MRM_trades_2025_09_08.parquet,0.0009453072248480756,7405,False
MRM,2025-09-26,MRM_trades_2025_09_26.parquet,0.001049271174385155,538469,False
MRSN,2025-01-24,MRSN_trades_2025_01_24.parquet,0.0007976825223561022,23819,False
MRUS,2025-05-23,MRUS_trades_2025_05_23.parquet,0.002080399842701475,78831,False
MRUS,2025-09-29,MRUS_trades_2025_09_29.parquet,0.0006417965318063145,160487,False
MRVI,2025-08-12,MRVI_trades_2025_08_12.parquet,0.0011176406965425244,27737,False
MSAI,2025-01-07,MSAI_trades_2025_01_07.parquet,0.0008989118435577984,443870,False
MSAI,2025-02-18,MSAI_trades_2025_02_18.parquet,0.0011132315521628498,6288,False
MSAI,2025-10-23,MSAI_trades_2025_10_23.parquet,0.0007438703341023868,172073,False
MSAI,2025-10-29,MSAI_trades_2025_10_29.parquet,0.001155810411253472,223220,False
MSAI,2025-10-30,MSAI_trades_2025_10_30.parquet,0.0006462720169513971,188775,False
MSAI,2025-10-31,MSAI_trades_2025_10_31.parquet,0.0009214094110976222,550244,False
MSC,2025-07-01,MSC_trades_2025_07_01.parquet,0.0,1337,False
MSC,2025-08-07,MSC_trades_2025_08_07.parquet,0.0,602,False
MSC,2025-09-11,MSC_trades_2025_09_11.parquet,0.0007776913676258194,9001,False
MSGM,2025-04-16,MSGM_trades_2025_04_16.parquet,0.0006469700237222342,4637,False
MSGM,2025-04-17,MSGM_trades_2025_04_17.parquet,0.0010136847440446021,124299,False
MSGY,2025-07-09,MSGY_trades_2025_07_09.parquet,0.0005167958656330749,5805,False
MSGY,2025-07-18,MSGY_trades_2025_07_18.parquet,0.0015071590052750565,1327,False
MSGY,2025-07-23,MSGY_trades_2025_07_23.parquet,0.0013233348037053375,2267,False
MSGY,2025-09-04,MSGY_trades_2025_09_04.parquet,0.0009722897423432182,2057,False
MSPR,2025-02-06,MSPR_trades_2025_02_06.parquet,0.0010678848464173946,67423,False
MSPR,2025-04-11,MSPR_trades_2025_04_11.parquet,0.0008589081707103078,541385,False
MSPR,2025-09-05,MSPR_trades_2025_09_05.parquet,0.002182231256726055,33452,False
MSS,2025-01-06,MSS_trades_2025_01_06.parquet,0.0014141113426615064,13436,False
MSS,2025-09-08,MSS_trades_2025_09_08.parquet,0.00032690421706440013,6118,False
MSS,2025-09-09,MSS_trades_2025_09_09.parquet,0.0008154943934760449,9810,False
MSS,2025-09-29,MSS_trades_2025_09_29.parquet,0.0009067294936064423,807297,False
MSS,2025-09-30,MSS_trades_2025_09_30.parquet,0.0009147350187812616,102762,False
MSTX,2025-03-03,MSTX_trades_2025_03_03.parquet,0.0010278183355106431,104104,False
MSTX,2025-03-04,MSTX_trades_2025_03_04.parquet,0.0007565647756049891,95167,False
MSTX,2025-04-09,MSTX_trades_2025_04_09.parquet,0.0010264557820700488,112036,False
MSW,2025-01-10,MSW_trades_2025_01_10.parquet,0.0007086259099400889,15523,False
MSW,2025-02-19,MSW_trades_2025_02_19.parquet,0.001875293014533521,2133,False
MSW,2025-05-12,MSW_trades_2025_05_12.parquet,0.00022408963585434174,8925,False
MSW,2025-05-13,MSW_trades_2025_05_13.parquet,0.0009254974548819991,2161,False
MSW,2025-05-22,MSW_trades_2025_05_22.parquet,0.0,972,False
MSW,2025-06-17,MSW_trades_2025_06_17.parquet,0.0027080256031511572,4062,False
MSW,2025-08-12,MSW_trades_2025_08_12.parquet,0.0,1676,False
MSW,2025-08-20,MSW_trades_2025_08_20.parquet,0.002191380569758948,20535,False
MTC,2025-04-10,MTC_trades_2025_04_10.parquet,0.0,907,False
MTC,2025-08-11,MTC_trades_2025_08_11.parquet,0.0,1225,False
MTC,2025-09-10,MTC_trades_2025_09_10.parquet,0.0006809978889065444,44053,False
MTEKW,2025-01-06,MTEKW_trades_2025_01_06.parquet,0.0,157,False
MTEN,2025-03-14,MTEN_trades_2025_03_14.parquet,0.0014441591784338896,6232,False
MTEN,2025-03-17,MTEN_trades_2025_03_17.parquet,0.000646830530401035,4638,False
MTEN,2025-04-07,MTEN_trades_2025_04_07.parquet,0.002165674066053059,1847,False
MTEN,2025-04-21,MTEN_trades_2025_04_21.parquet,0.0005915409642117716,3381,False
MTEN,2025-05-06,MTEN_trades_2025_05_06.parquet,0.0026203734032099572,3053,False
MTEN,2025-07-10,MTEN_trades_2025_07_10.parquet,0.0008741258741258741,10296,False
MTEN,2025-07-11,MTEN_trades_2025_07_11.parquet,0.002564102564102564,2730,False
MTEN,2025-10-16,MTEN_trades_2025_10_16.parquet,0.002337228714524207,5990,False
MTEX,2025-01-29,MTEX_trades_2025_01_29.parquet,0.0006341154090044388,1577,False
MTEX,2025-10-13,MTEX_trades_2025_10_13.parquet,0.002012265235722499,10436,False
MTR,2025-06-13,MTR_trades_2025_06_13.parquet,0.0008488964346349745,1178,False
MTR,2025-06-18,MTR_trades_2025_06_18.parquet,0.0014190032920876376,35236,False
MTVA,2025-09-15,MTVA_trades_2025_09_15.parquet,0.0007830889215681811,219643,False
MULL,2025-04-09,MULL_trades_2025_04_09.parquet,0.0,1176,False
MURA,2025-04-15,MURA_trades_2025_04_15.parquet,0.0009609864593975379,956309,False
MUU,2025-04-09,MUU_trades_2025_04_09.parquet,0.0041459369817578775,3618,False
MVIS,2025-02-19,MVIS_trades_2025_02_19.parquet,0.0015113253749617385,52272,False
MVLL,2025-04-09,MVLL_trades_2025_04_09.parquet,0.0,352,False
MVST,2025-01-10,MVST_trades_2025_01_10.parquet,0.0009405088312185168,188196,False
MVST,2025-04-01,MVST_trades_2025_04_01.parquet,0.0008083042627414277,94024,False
MVST,2025-05-13,MVST_trades_2025_05_13.parquet,0.0009204142724426246,116252,False
MWYN,2025-05-09,MWYN_trades_2025_05_09.parquet,0.0010085728693898135,1983,False
MWYN,2025-05-12,MWYN_trades_2025_05_12.parquet,0.00045578851412944393,2194,False
MWYN,2025-05-21,MWYN_trades_2025_05_21.parquet,0.00030883261272390367,6476,False
MWYN,2025-08-01,MWYN_trades_2025_08_01.parquet,0.0009132585478930375,386528,False
MWYN,2025-09-10,MWYN_trades_2025_09_10.parquet,0.0011997550844793062,483432,False
MXL,2025-07-24,MXL_trades_2025_07_24.parquet,0.0007643652901721733,104662,False
MYE,2025-03-06,MYE_trades_2025_03_06.parquet,0.0009855072463768116,17250,False
MYNZ,2025-01-30,MYNZ_trades_2025_01_30.parquet,0.0,2824,False
MYSZ,2025-03-28,MYSZ_trades_2025_03_28.parquet,0.0008839694069718283,52038,False
MYSZ,2025-03-31,MYSZ_trades_2025_03_31.parquet,0.0009030432557719514,232547,False
NA,2025-06-04,NA_trades_2025_06_04.parquet,0.0005291180263897615,30239,False
NA,2025-06-09,NA_trades_2025_06_09.parquet,0.0012334801762114538,22700,False
NA,2025-06-24,NA_trades_2025_06_24.parquet,0.0009313055769603509,423062,False
NAAS,2025-02-21,NAAS_trades_2025_02_21.parquet,0.0011538497914558368,422932,False
NAAS,2025-04-28,NAAS_trades_2025_04_28.parquet,0.0009005521141933746,118816,False
NAKA,2025-05-27,NAKA_trades_2025_05_27.parquet,0.0011313017040231917,28286,False
NAKA,2025-06-11,NAKA_trades_2025_06_11.parquet,0.0020265608830631254,46384,False
NAKA,2025-08-08,NAKA_trades_2025_08_08.parquet,0.00019727756954034326,5069,False
NAKA,2025-08-11,NAKA_trades_2025_08_11.parquet,0.0015412120091239752,32442,False
NAKA,2025-09-05,NAKA_trades_2025_09_05.parquet,0.0011133234847025071,46707,False
NAKA,2025-09-09,NAKA_trades_2025_09_09.parquet,0.0009673070788355269,97177,False
NAMI,2025-03-03,NAMI_trades_2025_03_03.parquet,0.0038893044128646224,6685,False
NAMI,2025-05-20,NAMI_trades_2025_05_20.parquet,0.00012992074834351045,7697,False
NAMI,2025-08-27,NAMI_trades_2025_08_27.parquet,0.0010919605048651199,195062,False
NAMM,2025-07-02,NAMM_trades_2025_07_02.parquet,0.001578442061412787,184359,False
NAMM,2025-08-01,NAMM_trades_2025_08_01.parquet,0.0013568729062377824,260894,False
NAMM,2025-10-13,NAMM_trades_2025_10_13.parquet,0.0007427175265969707,195229,False
NAOV,2025-01-06,NAOV_trades_2025_01_06.parquet,0.0010366303036192974,123477,False
NAOV,2025-01-15,NAOV_trades_2025_01_15.parquet,0.0008360039013515396,7177,False
NAOV,2025-01-30,NAOV_trades_2025_01_30.parquet,0.0009692203314733533,216669,False
NAOV,2025-02-06,NAOV_trades_2025_02_06.parquet,0.001623000231857176,4313,False
NAOV,2025-02-14,NAOV_trades_2025_02_14.parquet,0.0008969456639758296,21183,False
NAOV,2025-03-17,NAOV_trades_2025_03_17.parquet,0.001039344058416466,337713,False
NAOV,2025-03-20,NAOV_trades_2025_03_20.parquet,0.0005334755934915977,7498,False
NAOV,2025-04-08,NAOV_trades_2025_04_08.parquet,0.001066936267707079,947573,False
NAOV,2025-04-14,NAOV_trades_2025_04_14.parquet,0.0009463993805385873,11623,False
NAOV,2025-05-01,NAOV_trades_2025_05_01.parquet,0.0008682828672629795,217671,False
NAOV,2025-05-28,NAOV_trades_2025_05_28.parquet,0.00131520450503853,53984,False
NAOV,2025-05-29,NAOV_trades_2025_05_29.parquet,0.0009278575209390665,160585,False
NAOV,2025-06-11,NAOV_trades_2025_06_11.parquet,0.0009157818487533732,266439,False
NAOV,2025-06-27,NAOV_trades_2025_06_27.parquet,0.0011936421004590256,113937,False
NAOV,2025-09-15,NAOV_trades_2025_09_15.parquet,0.001340928138183781,703990,False
NAUT,2025-05-13,NAUT_trades_2025_05_13.parquet,0.0005027652086475615,1989,False
NAUT,2025-10-21,NAUT_trades_2025_10_21.parquet,0.0011546010853250202,8661,False
NB,2025-04-14,NB_trades_2025_04_14.parquet,0.0007750435962022863,15483,False
NB,2025-04-16,NB_trades_2025_04_16.parquet,0.0008505895465477797,68188,False
NBIS,2025-09-09,NBIS_trades_2025_09_09.parquet,0.0010679519095824852,828689,False
NBTX,2025-10-08,NBTX_trades_2025_10_08.parquet,0.00047596382674916705,4202,False
NCEW,2025-03-20,NCEW_trades_2025_03_20.parquet,0.0,505,False
NCEW,2025-05-07,NCEW_trades_2025_05_07.parquet,0.0011407075148595798,362056,False
NCEW,2025-06-03,NCEW_trades_2025_06_03.parquet,0.0016734651187114318,9561,False
NCEW,2025-06-24,NCEW_trades_2025_06_24.parquet,0.0006221807435059885,12858,False
NCEW,2025-08-26,NCEW_trades_2025_08_26.parquet,0.0014825796886582653,5396,False
NCEW,2025-09-09,NCEW_trades_2025_09_09.parquet,0.0021061158363710002,12345,False
NCI,2025-01-03,NCI_trades_2025_01_03.parquet,0.001095290251916758,8217,False
NCI,2025-02-25,NCI_trades_2025_02_25.parquet,0.001868722261153936,8562,False
NCI,2025-05-20,NCI_trades_2025_05_20.parquet,0.0026552287581699347,4896,False
NCI,2025-06-16,NCI_trades_2025_06_16.parquet,0.0,1382,False
NCI,2025-09-04,NCI_trades_2025_09_04.parquet,0.0010614101592115238,131900,False
NCI,2025-10-27,NCI_trades_2025_10_27.parquet,0.0,1204,False
NCNA,2025-03-27,NCNA_trades_2025_03_27.parquet,0.0,977,False
NCNA,2025-05-05,NCNA_trades_2025_05_05.parquet,0.0009420441784254651,348179,False
NCNA,2025-05-14,NCNA_trades_2025_05_14.parquet,0.0009850275807722615,126900,False
NCNA,2025-05-15,NCNA_trades_2025_05_15.parquet,0.001144335377792762,308476,False
NCNA,2025-06-03,NCNA_trades_2025_06_03.parquet,0.0010716365754222482,85850,False
NCNA,2025-06-06,NCNA_trades_2025_06_06.parquet,0.0008265951697169441,94363,False
NCNA,2025-06-09,NCNA_trades_2025_06_09.parquet,0.001139978429150682,292988,False
NCNA,2025-06-10,NCNA_trades_2025_06_10.parquet,0.0009096541402756398,889349,False
NCNA,2025-06-11,NCNA_trades_2025_06_11.parquet,0.000830121553513193,472220,False
NCNA,2025-07-09,NCNA_trades_2025_07_09.parquet,0.001030404096358569,348407,False
NCNA,2025-09-30,NCNA_trades_2025_09_30.parquet,0.0009881032370262046,25301,False
NCNA,2025-10-07,NCNA_trades_2025_10_07.parquet,0.0014915393714961683,19443,False
NCPL,2025-05-30,NCPL_trades_2025_05_30.parquet,0.00020206102242877348,4949,False
NCPL,2025-06-16,NCPL_trades_2025_06_16.parquet,0.0011808367071524967,5928,False
NCPL,2025-06-20,NCPL_trades_2025_06_20.parquet,0.00042140750105351877,11865,False
NCPL,2025-06-30,NCPL_trades_2025_06_30.parquet,0.001080205238995409,7406,False
NCRA,2025-01-14,NCRA_trades_2025_01_14.parquet,0.0,795,False
NCRA,2025-05-07,NCRA_trades_2025_05_07.parquet,0.00045413260672116256,2202,False
NCRA,2025-05-27,NCRA_trades_2025_05_27.parquet,0.00035075412136092597,5702,False
NCSM,2025-03-17,NCSM_trades_2025_03_17.parquet,0.001081665765278529,1849,False
NCT,2025-04-15,NCT_trades_2025_04_15.parquet,0.0,4536,False
NCT,2025-04-22,NCT_trades_2025_04_22.parquet,0.0014077897700610043,2131,False
NCT,2025-08-20,NCT_trades_2025_08_20.parquet,0.0008317095195095291,42082,False
NCT,2025-09-16,NCT_trades_2025_09_16.parquet,0.0012004801920768306,19159,False
NDLS,2025-01-24,NDLS_trades_2025_01_24.parquet,0.0007760962359332557,2577,False
NDLS,2025-10-22,NDLS_trades_2025_10_22.parquet,0.0009278847938239989,53886,False
NDRA,2025-04-07,NDRA_trades_2025_04_07.parquet,0.0008178286648947046,4891,False
NDRA,2025-04-17,NDRA_trades_2025_04_17.parquet,0.0010447273914462945,15315,False
NDRA,2025-04-29,NDRA_trades_2025_04_29.parquet,0.0005617977528089888,5340,False
NDRA,2025-07-08,NDRA_trades_2025_07_08.parquet,0.0008628608749674767,1129962,False
NDRA,2025-10-13,NDRA_trades_2025_10_13.parquet,0.000842294216131315,289685,False
NE.WS,2025-02-25,NE.WS_trades_2025_02_25.parquet,0.0,229,False
NE.WS.A,2025-04-07,NE.WS.A_trades_2025_04_07.parquet,0.0,74,False
NE.WS.A,2025-04-09,NE.WS.A_trades_2025_04_09.parquet,0.0,304,False
NE.WS.A,2025-04-28,NE.WS.A_trades_2025_04_28.parquet,0.0,39,False
NEGG,2025-05-14,NEGG_trades_2025_05_14.parquet,0.0005236150382238977,19098,False
NEGG,2025-06-05,NEGG_trades_2025_06_05.parquet,0.000840721491898502,78504,False
NEGG,2025-06-09,NEGG_trades_2025_06_09.parquet,0.0012552179116676883,34257,False
NEGG,2025-06-30,NEGG_trades_2025_06_30.parquet,0.0009245348434069109,8653,False
NEGG,2025-07-10,NEGG_trades_2025_07_10.parquet,0.001665001665001665,12012,False
NEGG,2025-07-11,NEGG_trades_2025_07_11.parquet,0.0010069692874367332,37737,False
NEGG,2025-07-29,NEGG_trades_2025_07_29.parquet,0.0003667257502597641,32722,False
NEGG,2025-07-31,NEGG_trades_2025_07_31.parquet,0.0013979622012527892,37197,False
NEGG,2025-08-08,NEGG_trades_2025_08_08.parquet,0.0006293891612561283,30188,False
NEGG,2025-08-13,NEGG_trades_2025_08_13.parquet,0.0006264278870955855,27138,False
NEGG,2025-08-14,NEGG_trades_2025_08_14.parquet,0.0009098146252701012,52758,False
NEGG,2025-08-20,NEGG_trades_2025_08_20.parquet,0.0005365766410302271,27955,False
NEGG,2025-09-04,NEGG_trades_2025_09_04.parquet,0.001561966124859667,40974,False
NEGG,2025-10-24,NEGG_trades_2025_10_24.parquet,0.0008471226068786355,35414,False
NEON,2025-06-13,NEON_trades_2025_06_13.parquet,0.000717776942270226,58514,False
NEON,2025-06-16,NEON_trades_2025_06_16.parquet,0.00039898440333696047,27570,False
NEOVW,2025-01-30,NEOVW_trades_2025_01_30.parquet,0.0,46,False
NEOVW,2025-02-11,NEOVW_trades_2025_02_11.parquet,0.0,177,False
NEOVW,2025-04-10,NEOVW_trades_2025_04_10.parquet,0.0,17,False
NEOVW,2025-04-15,NEOVW_trades_2025_04_15.parquet,0.0,111,False
NEOVW,2025-05-27,NEOVW_trades_2025_05_27.parquet,0.0,17,False
NEOVW,2025-05-30,NEOVW_trades_2025_05_30.parquet,0.0,17,False
NEOVW,2025-08-15,NEOVW_trades_2025_08_15.parquet,0.008658008658008658,231,False
NEOVW,2025-09-09,NEOVW_trades_2025_09_09.parquet,0.0,125,False
NEPH,2025-06-20,NEPH_trades_2025_06_20.parquet,0.0012903225806451613,775,False
NEPH,2025-08-08,NEPH_trades_2025_08_08.parquet,0.00078064012490242,1281,False
NERV,2025-08-15,NERV_trades_2025_08_15.parquet,0.0008281573498964803,2415,False
NERV,2025-10-08,NERV_trades_2025_10_08.parquet,0.001067152116256807,63721,False
NERV,2025-10-21,NERV_trades_2025_10_21.parquet,0.0011142007492372457,1553580,False
NEUP,2025-01-24,NEUP_trades_2025_01_24.parquet,0.0009598237700618903,190660,False
NEUP,2025-08-27,NEUP_trades_2025_08_27.parquet,0.0007731958762886598,3880,False
NEUP,2025-10-03,NEUP_trades_2025_10_03.parquet,0.0007722007722007722,2590,False
NEUP,2025-10-24,NEUP_trades_2025_10_24.parquet,0.0010249888341319767,660495,False
NEXN,2025-03-05,NEXN_trades_2025_03_05.parquet,0.0004119040263618577,9711,False
NFE,2025-04-09,NFE_trades_2025_04_09.parquet,0.0008983322266921845,76809,False
NFE,2025-06-30,NFE_trades_2025_06_30.parquet,0.001110624978965436,118852,False
NFE,2025-09-16,NFE_trades_2025_09_16.parquet,0.0008962686919194301,190791,False
NFE,2025-09-17,NFE_trades_2025_09_17.parquet,0.0012814941723844925,361297,False
NFE,2025-09-22,NFE_trades_2025_09_22.parquet,0.0008523231725362533,84475,False
NGNE,2025-02-05,NGNE_trades_2025_02_05.parquet,0.0008334105009723123,10799,False
NGNE,2025-07-01,NGNE_trades_2025_07_01.parquet,0.00043325470562749724,20773,False
NGVC,2025-05-09,NGVC_trades_2025_05_09.parquet,0.0017489164322104782,13151,False
NINE,2025-01-21,NINE_trades_2025_01_21.parquet,0.0009017727532661769,45466,False
NINE,2025-06-18,NINE_trades_2025_06_18.parquet,0.0013660334201664654,31478,False
NINE,2025-06-23,NINE_trades_2025_06_23.parquet,0.0008952403057079859,60319,False
NIOBW,2025-09-25,NIOBW_trades_2025_09_25.parquet,0.0,680,False
NIOBW,2025-10-03,NIOBW_trades_2025_10_03.parquet,0.0,1420,False
NIOBW,2025-10-06,NIOBW_trades_2025_10_06.parquet,0.003001200480192077,1666,False
NIOBW,2025-10-13,NIOBW_trades_2025_10_13.parquet,0.002,2500,False
NIOBW,2025-10-20,NIOBW_trades_2025_10_20.parquet,0.0,1139,False
NIPG,2025-02-06,NIPG_trades_2025_02_06.parquet,0.00046882325363338024,2133,False
NIPG,2025-03-14,NIPG_trades_2025_03_14.parquet,0.0008401189091379088,15474,False
NIPG,2025-03-17,NIPG_trades_2025_03_17.parquet,0.0013536379018612521,2955,False
NIPG,2025-03-20,NIPG_trades_2025_03_20.parquet,0.001336898395721925,2244,False
NITO,2025-01-03,NITO_trades_2025_01_03.parquet,0.0009791084215120737,1017252,False
NITO,2025-01-08,NITO_trades_2025_01_08.parquet,0.0007334709047418347,182693,False
NITO,2025-01-23,NITO_trades_2025_01_23.parquet,0.0008350288233299423,235920,False
NITO,2025-02-26,NITO_trades_2025_02_26.parquet,0.000891946992864424,7848,False
NITO,2025-03-07,NITO_trades_2025_03_07.parquet,0.00021003990758244065,4761,False
NITO,2025-05-02,NITO_trades_2025_05_02.parquet,0.0008684067696254996,101335,False
NITO,2025-05-05,NITO_trades_2025_05_05.parquet,0.00102701158516287,847118,False
NITO,2025-05-09,NITO_trades_2025_05_09.parquet,0.0009218898742421965,99795,False
NITO,2025-07-24,NITO_trades_2025_07_24.parquet,0.0010138978188832287,40438,False
NITO,2025-10-07,NITO_trades_2025_10_07.parquet,0.0012573637273849162,42947,False
NIVF,2025-02-06,NIVF_trades_2025_02_06.parquet,0.0014627486672734364,30764,False
NIVF,2025-02-12,NIVF_trades_2025_02_12.parquet,0.0013340003335000834,11994,False
NIVF,2025-02-19,NIVF_trades_2025_02_19.parquet,0.0014102591088004377,95018,False
NIVF,2025-03-05,NIVF_trades_2025_03_05.parquet,0.00038171581257753605,10479,False
NIVF,2025-04-03,NIVF_trades_2025_04_03.parquet,0.0009387404784894325,298272,False
NIVF,2025-05-02,NIVF_trades_2025_05_02.parquet,0.0013162672476397966,22032,False
NIVF,2025-05-05,NIVF_trades_2025_05_05.parquet,0.0020340434642971846,9341,False
NIVF,2025-05-06,NIVF_trades_2025_05_06.parquet,0.0010818608005769925,16638,False
NIVF,2025-06-02,NIVF_trades_2025_06_02.parquet,0.0009904671759853965,295820,False
NIVF,2025-06-03,NIVF_trades_2025_06_03.parquet,0.0009274876587232878,825887,False
NIVF,2025-10-16,NIVF_trades_2025_10_16.parquet,0.001197119546199606,54297,False
NIXX,2025-02-24,NIXX_trades_2025_02_24.parquet,0.001520401668906018,28282,False
NIXX,2025-02-27,NIXX_trades_2025_02_27.parquet,0.001061069618164912,266712,False
NKTR,2025-04-11,NKTR_trades_2025_04_11.parquet,0.0008730901153726223,16035,False
NKTR,2025-06-10,NKTR_trades_2025_06_10.parquet,0.001147635052053447,12199,False
NKTR,2025-06-24,NKTR_trades_2025_06_24.parquet,0.00104629871828407,367008,False
NKTR,2025-06-25,NKTR_trades_2025_06_25.parquet,0.0008665669354544459,219256,False
NKTX,2025-03-27,NKTX_trades_2025_03_27.parquet,0.0007754761541082612,85109,False
NMAX,2025-04-01,NMAX_trades_2025_04_01.parquet,0.0011596519733738666,305264,False
NMAX,2025-04-03,NMAX_trades_2025_04_03.parquet,0.0013437797144271648,127253,False
NMAX,2025-04-07,NMAX_trades_2025_04_07.parquet,0.0009675763200505509,50642,False
NMG,2025-10-13,NMG_trades_2025_10_13.parquet,0.0009170487703209671,47980,False
NMRA,2025-06-09,NMRA_trades_2025_06_09.parquet,0.00041308658294778586,12104,False
NMRA,2025-07-09,NMRA_trades_2025_07_09.parquet,0.0014233187047799788,8431,False
NMRA,2025-07-11,NMRA_trades_2025_07_11.parquet,0.00038887808671981335,20572,False
NMRA,2025-10-23,NMRA_trades_2025_10_23.parquet,0.0007733517062950829,71119,False
NNAVW,2025-03-05,NNAVW_trades_2025_03_05.parquet,0.0,277,False
NNAVW,2025-03-13,NNAVW_trades_2025_03_13.parquet,0.002,500,False
NNAVW,2025-03-26,NNAVW_trades_2025_03_26.parquet,0.0,501,False
NNAVW,2025-03-28,NNAVW_trades_2025_03_28.parquet,0.0,1120,False
NNBR,2025-01-14,NNBR_trades_2025_01_14.parquet,0.0009590982778668975,117819,False
NNE,2025-01-21,NNE_trades_2025_01_21.parquet,0.0006249920281629061,78401,False
NNE,2025-05-23,NNE_trades_2025_05_23.parquet,0.000997302035545944,190514,False
NNNN,2025-06-20,NNNN_trades_2025_06_20.parquet,0.0012264922322158627,9784,False
NNNN,2025-06-25,NNNN_trades_2025_06_25.parquet,0.0014769230769230768,8125,False
NNNN,2025-10-03,NNNN_trades_2025_10_03.parquet,0.001086473406094128,20249,False
NOTE,2025-02-10,NOTE_trades_2025_02_10.parquet,0.000475988999365348,18908,False
NPACW,2025-06-20,NPACW_trades_2025_06_20.parquet,0.0,82,False
NPT,2025-10-27,NPT_trades_2025_10_27.parquet,0.00033025099075297226,3028,False
NPT,2025-10-29,NPT_trades_2025_10_29.parquet,0.004579517069109076,2402,False
NPWR,2025-05-29,NPWR_trades_2025_05_29.parquet,0.000619402792474256,38747,False
NPWR,2025-06-06,NPWR_trades_2025_06_06.parquet,0.0008628127696289905,20862,False
NPWR,2025-10-08,NPWR_trades_2025_10_08.parquet,0.0003989328546139078,40107,False
NPWR.WS,2025-10-06,NPWR.WS_trades_2025_10_06.parquet,0.002577319587628866,388,False
NPWR.WS,2025-10-08,NPWR.WS_trades_2025_10_08.parquet,0.004032258064516129,248,False
NPWR.WS,2025-10-29,NPWR.WS_trades_2025_10_29.parquet,0.0,308,False
NRDS,2025-05-07,NRDS_trades_2025_05_07.parquet,0.0008200082000820008,24390,False
NRGV,2025-05-12,NRGV_trades_2025_05_12.parquet,0.001225704780248643,11422,False
NRGV,2025-07-24,NRGV_trades_2025_07_24.parquet,0.0006046792874087167,21499,False
NRGV,2025-08-07,NRGV_trades_2025_08_07.parquet,0.001810076090235645,29833,False
NRSN,2025-09-10,NRSN_trades_2025_09_10.parquet,0.0012760374543951403,55641,False
NRSNW,2025-01-14,NRSNW_trades_2025_01_14.parquet,0.0,53,False
NRSNW,2025-07-31,NRSNW_trades_2025_07_31.parquet,0.0,373,False
NRXP,2025-01-06,NRXP_trades_2025_01_06.parquet,0.0008524180257998522,17597,False
NRXP,2025-01-07,NRXP_trades_2025_01_07.parquet,0.0017566272756307888,25048,False
NRXP,2025-01-10,NRXP_trades_2025_01_10.parquet,0.0001834357516279923,21806,False
NRXP,2025-01-28,NRXP_trades_2025_01_28.parquet,0.001059322033898305,5664,False
NSYS,2025-05-07,NSYS_trades_2025_05_07.parquet,0.0010307153164296021,4851,False
NSYS,2025-06-23,NSYS_trades_2025_06_23.parquet,0.00078125,1280,False
NTCL,2025-01-08,NTCL_trades_2025_01_08.parquet,0.0005633802816901409,1775,False
NTCL,2025-01-28,NTCL_trades_2025_01_28.parquet,0.0006555227794165847,3051,False
NTCL,2025-03-07,NTCL_trades_2025_03_07.parquet,0.0027008777852802163,1481,False
NTCL,2025-04-04,NTCL_trades_2025_04_04.parquet,0.0,1517,False
NTCL,2025-05-06,NTCL_trades_2025_05_06.parquet,0.0006903500261213523,53596,False
NTCL,2025-05-07,NTCL_trades_2025_05_07.parquet,0.001176812214393789,65431,False
NTCL,2025-05-29,NTCL_trades_2025_05_29.parquet,0.00027240533914464724,7342,False
NTCL,2025-06-10,NTCL_trades_2025_06_10.parquet,0.0005528934758569849,10852,False
NTCL,2025-06-20,NTCL_trades_2025_06_20.parquet,0.0014098886674121251,61707,False
NTCL,2025-07-21,NTCL_trades_2025_07_21.parquet,0.0009352037408149633,7485,False
NTCL,2025-07-29,NTCL_trades_2025_07_29.parquet,0.0017654476670870113,3965,False
NTCL,2025-08-11,NTCL_trades_2025_08_11.parquet,0.0011756407241946861,4253,False
NTHI,2025-03-28,NTHI_trades_2025_03_28.parquet,0.0012552301255230125,2390,False
NTHI,2025-04-03,NTHI_trades_2025_04_03.parquet,0.0005555555555555556,1800,False
NTHI,2025-04-04,NTHI_trades_2025_04_04.parquet,0.0013966480446927375,1432,False
NTHI,2025-05-08,NTHI_trades_2025_05_08.parquet,0.0006858710562414266,2916,False
NTHI,2025-07-02,NTHI_trades_2025_07_02.parquet,0.001417434443656981,2822,False
NTLA,2025-09-18,NTLA_trades_2025_09_18.parquet,0.0009620481809435925,101866,True
NTRB,2025-01-22,NTRB_trades_2025_01_22.parquet,0.0007106449715742012,40808,False
NTRB,2025-01-23,NTRB_trades_2025_01_23.parquet,0.0011205737337516809,31234,False
NTRB,2025-02-07,NTRB_trades_2025_02_07.parquet,0.0009201748332183115,8694,False
NTRB,2025-04-30,NTRB_trades_2025_04_30.parquet,0.0011597084161696488,6036,False
NTRB,2025-06-02,NTRB_trades_2025_06_02.parquet,0.0008784038147822813,7969,False
NTRB,2025-07-02,NTRB_trades_2025_07_02.parquet,0.0011509687320161136,20852,False
NTRBW,2025-01-22,NTRBW_trades_2025_01_22.parquet,0.002570694087403599,389,False
NTRBW,2025-01-23,NTRBW_trades_2025_01_23.parquet,0.0,433,False
NTRBW,2025-01-30,NTRBW_trades_2025_01_30.parquet,0.0,372,False
NTRBW,2025-01-31,NTRBW_trades_2025_01_31.parquet,0.0,168,False
NTRBW,2025-02-04,NTRBW_trades_2025_02_04.parquet,0.0,106,False
NTRBW,2025-02-07,NTRBW_trades_2025_02_07.parquet,0.0,175,False
NTRBW,2025-02-24,NTRBW_trades_2025_02_24.parquet,0.0,193,False
NTRBW,2025-02-25,NTRBW_trades_2025_02_25.parquet,0.0,171,False
NTRBW,2025-02-26,NTRBW_trades_2025_02_26.parquet,0.0,48,False
NTRBW,2025-02-27,NTRBW_trades_2025_02_27.parquet,0.0,76,False
NTRBW,2025-03-04,NTRBW_trades_2025_03_04.parquet,0.0,62,False
NTRBW,2025-03-05,NTRBW_trades_2025_03_05.parquet,0.0,125,False
NTRBW,2025-03-06,NTRBW_trades_2025_03_06.parquet,0.0024449877750611247,409,False
NTRBW,2025-03-07,NTRBW_trades_2025_03_07.parquet,0.0,247,False
NTRBW,2025-03-10,NTRBW_trades_2025_03_10.parquet,0.0,256,False
NTRBW,2025-03-17,NTRBW_trades_2025_03_17.parquet,0.002036659877800407,491,False
NTRBW,2025-04-30,NTRBW_trades_2025_04_30.parquet,0.0,31,False
NTRBW,2025-06-02,NTRBW_trades_2025_06_02.parquet,0.0,118,False
NTRBW,2025-07-02,NTRBW_trades_2025_07_02.parquet,0.0,248,False
NTRBW,2025-09-11,NTRBW_trades_2025_09_11.parquet,0.0,32,False
NTRBW,2025-10-02,NTRBW_trades_2025_10_02.parquet,0.0,26,False
NTRBW,2025-10-17,NTRBW_trades_2025_10_17.parquet,0.0,40,False
NTRP,2025-02-12,NTRP_trades_2025_02_12.parquet,0.0,425,False
NTRP,2025-05-02,NTRP_trades_2025_05_02.parquet,0.0014270724029380902,23825,False
NTRP,2025-10-24,NTRP_trades_2025_10_24.parquet,0.000419639110365086,2383,False
NTZ,2025-08-04,NTZ_trades_2025_08_04.parquet,0.0,659,False
NUAI,2025-09-23,NUAI_trades_2025_09_23.parquet,0.0009233415590411309,426711,False
NUAI,2025-09-25,NUAI_trades_2025_09_25.parquet,0.0007970976705379292,134237,False
NUAI,2025-09-26,NUAI_trades_2025_09_26.parquet,0.001324775066872011,394784,False
NUAI,2025-09-29,NUAI_trades_2025_09_29.parquet,0.0010603447794761897,179187,False
NUAI,2025-10-09,NUAI_trades_2025_10_09.parquet,0.0010739931314392758,400375,False
NUAI,2025-10-14,NUAI_trades_2025_10_14.parquet,0.0008474748638955369,147497,False
NUAI,2025-10-15,NUAI_trades_2025_10_15.parquet,0.0015126730339647865,113706,False
NUAI,2025-10-17,NUAI_trades_2025_10_17.parquet,0.0011435710167211224,104060,False
NUAI,2025-10-20,NUAI_trades_2025_10_20.parquet,0.0010490582684620805,185881,False
NUAI,2025-10-24,NUAI_trades_2025_10_24.parquet,0.0009910405926222535,199790,False
NUAIW,2025-10-20,NUAIW_trades_2025_10_20.parquet,0.0015917230401910067,2513,False
NUAIW,2025-10-27,NUAIW_trades_2025_10_27.parquet,0.0014035087719298245,1425,False
NUKK,2025-01-06,NUKK_trades_2025_01_06.parquet,0.0006477942605428515,15437,False
NUKK,2025-01-15,NUKK_trades_2025_01_15.parquet,0.001122334455667789,14256,False
NUKK,2025-01-17,NUKK_trades_2025_01_17.parquet,0.0010610493691526638,345884,False
NUKK,2025-02-26,NUKK_trades_2025_02_26.parquet,0.0014378145219266715,5564,False
NUKK,2025-05-21,NUKK_trades_2025_05_21.parquet,0.000686918027782018,13102,False
NUKK,2025-06-13,NUKK_trades_2025_06_13.parquet,0.0010968968024182748,78403,False
NUKK,2025-08-26,NUKK_trades_2025_08_26.parquet,0.0011683016868108374,332106,False
NUKK,2025-08-29,NUKK_trades_2025_08_29.parquet,0.0009825864945180443,501737,False
NUKK,2025-09-02,NUKK_trades_2025_09_02.parquet,0.000637000637000637,263736,False
NUKK,2025-10-13,NUKK_trades_2025_10_13.parquet,0.001278935925310142,15638,False
NUS,2025-02-14,NUS_trades_2025_02_14.parquet,0.0009611277231952157,28092,False
NUTX,2025-04-01,NUTX_trades_2025_04_01.parquet,0.0013009540329575022,9224,False
NUTX,2025-05-14,NUTX_trades_2025_05_14.parquet,0.0007039361764533349,17047,False
NUWE,2025-01-30,NUWE_trades_2025_01_30.parquet,0.0009396330112578672,56405,False
NUWE,2025-06-11,NUWE_trades_2025_06_11.parquet,0.001010628163390409,362151,False
NUWE,2025-07-16,NUWE_trades_2025_07_16.parquet,0.0009486510273753582,656722,False
NUWE,2025-10-30,NUWE_trades_2025_10_30.parquet,0.0007645259938837921,6540,False
NVA,2025-10-13,NVA_trades_2025_10_13.parquet,0.00076103500761035,11826,False
NVA,2025-10-14,NVA_trades_2025_10_14.parquet,0.0013817577189835805,259814,False
NVA,2025-10-16,NVA_trades_2025_10_16.parquet,0.0012452977039823583,38545,False
NVAWW,2025-01-03,NVAWW_trades_2025_01_03.parquet,0.0,320,False
NVAWW,2025-04-14,NVAWW_trades_2025_04_14.parquet,0.0,214,False
NVAWW,2025-05-08,NVAWW_trades_2025_05_08.parquet,0.0,169,False
NVAWW,2025-07-30,NVAWW_trades_2025_07_30.parquet,0.004672897196261682,214,False
NVAWW,2025-08-15,NVAWW_trades_2025_08_15.parquet,0.0,499,False
NVAWW,2025-08-25,NVAWW_trades_2025_08_25.parquet,0.005434782608695652,184,False
NVAWW,2025-09-09,NVAWW_trades_2025_09_09.parquet,0.0,306,False
NVAWW,2025-09-18,NVAWW_trades_2025_09_18.parquet,0.002849002849002849,351,False
NVAWW,2025-09-29,NVAWW_trades_2025_09_29.parquet,0.0,52,False
NVAWW,2025-10-01,NVAWW_trades_2025_10_01.parquet,0.0,148,False
NVAWW,2025-10-03,NVAWW_trades_2025_10_03.parquet,0.0,71,False
NVAWW,2025-10-06,NVAWW_trades_2025_10_06.parquet,0.0,80,False
NVAWW,2025-10-10,NVAWW_trades_2025_10_10.parquet,0.0,109,False
NVAWW,2025-10-13,NVAWW_trades_2025_10_13.parquet,0.0,214,False
NVAWW,2025-10-14,NVAWW_trades_2025_10_14.parquet,0.001584786053882726,631,False
NVAWW,2025-10-16,NVAWW_trades_2025_10_16.parquet,0.0,297,False
NVAWW,2025-10-23,NVAWW_trades_2025_10_23.parquet,0.0,107,False
NVAWW,2025-10-31,NVAWW_trades_2025_10_31.parquet,0.0,1317,False
NVAX,2025-05-19,NVAX_trades_2025_05_19.parquet,0.001277520353935967,381990,False
NVD,2025-01-27,NVD_trades_2025_01_27.parquet,0.0007383741569045083,70425,False
NVDG,2025-04-09,NVDG_trades_2025_04_09.parquet,0.0003940110323089047,2538,False
NVDL,2025-04-09,NVDL_trades_2025_04_09.parquet,0.0010996986216371936,361008,False
NVDU,2025-04-09,NVDU_trades_2025_04_09.parquet,0.0008368200836820083,29875,False
NVNI,2025-01-24,NVNI_trades_2025_01_24.parquet,0.0008837299229539357,1132699,False
NVNI,2025-01-27,NVNI_trades_2025_01_27.parquet,0.001103698314239558,162182,False
NVNI,2025-01-28,NVNI_trades_2025_01_28.parquet,0.0010052145504806183,47751,False
NVNI,2025-01-29,NVNI_trades_2025_01_29.parquet,0.0006986006381032632,138849,False
NVNI,2025-02-24,NVNI_trades_2025_02_24.parquet,0.0018155179003694739,31396,False
NVNI,2025-03-07,NVNI_trades_2025_03_07.parquet,0.0012070711003815903,51364,False
NVNI,2025-03-14,NVNI_trades_2025_03_14.parquet,0.0007993240002740539,43787,False
NVNI,2025-03-26,NVNI_trades_2025_03_26.parquet,0.0013859343776187714,31026,False
NVNI,2025-03-27,NVNI_trades_2025_03_27.parquet,0.00039277297721916735,38190,False
NVNI,2025-04-29,NVNI_trades_2025_04_29.parquet,0.0007211538461538462,58240,False
NVNI,2025-04-30,NVNI_trades_2025_04_30.parquet,0.0010566720101174265,360566,False
NVNI,2025-05-01,NVNI_trades_2025_05_01.parquet,0.001072861515552614,386816,False
NVNI,2025-05-05,NVNI_trades_2025_05_05.parquet,0.0007668128098713979,170837,False
NVNI,2025-05-09,NVNI_trades_2025_05_09.parquet,0.0010114669569137064,90957,False
NVNI,2025-07-28,NVNI_trades_2025_07_28.parquet,0.0009734162147864039,189025,False
NVNI,2025-07-31,NVNI_trades_2025_07_31.parquet,0.0010573105472121527,46344,False
NVNI,2025-09-17,NVNI_trades_2025_09_17.parquet,0.0010308746971805576,19401,False
NVNI,2025-09-18,NVNI_trades_2025_09_18.parquet,0.001119353114140604,59856,False
NVNI,2025-09-22,NVNI_trades_2025_09_22.parquet,0.0008672884961544755,61110,False
NVNI,2025-10-14,NVNI_trades_2025_10_14.parquet,0.000312256049960968,6405,False
NVNO,2025-06-06,NVNO_trades_2025_06_06.parquet,0.0032314923619271444,3404,False
NVNO,2025-07-17,NVNO_trades_2025_07_17.parquet,0.002680965147453083,2984,False
NVTS,2025-05-22,NVTS_trades_2025_05_22.parquet,0.0009506932612503013,966663,False
NVTS,2025-05-27,NVTS_trades_2025_05_27.parquet,0.0011137138023323404,634813,False
NVTS,2025-07-21,NVTS_trades_2025_07_21.parquet,0.0010972451830936463,341765,False
NVTS,2025-10-14,NVTS_trades_2025_10_14.parquet,0.0009265666402254814,592510,False
NVVE,2025-01-28,NVVE_trades_2025_01_28.parquet,0.00028672464876230524,10463,False
NVVE,2025-02-04,NVVE_trades_2025_02_04.parquet,0.0009591668950397369,109470,False
NVVE,2025-02-28,NVVE_trades_2025_02_28.parquet,0.0009207718833306379,383374,False
NVVE,2025-05-08,NVVE_trades_2025_05_08.parquet,0.0008854781582054309,13552,False
NVVE,2025-05-09,NVVE_trades_2025_05_09.parquet,0.0011814980865643586,980958,False
NVVE,2025-05-29,NVVE_trades_2025_05_29.parquet,0.0009734728644439036,24654,False
NVVE,2025-06-02,NVVE_trades_2025_06_02.parquet,0.0009093084469968892,41790,False
NVX,2025-07-15,NVX_trades_2025_07_15.parquet,0.0016992353440951572,2354,False
NVX,2025-07-17,NVX_trades_2025_07_17.parquet,0.0006666666666666666,3000,False
NVX,2025-07-21,NVX_trades_2025_07_21.parquet,0.0,4913,False
NVX,2025-10-03,NVX_trades_2025_10_03.parquet,0.002422907488986784,13620,False
NVX,2025-10-09,NVX_trades_2025_10_09.parquet,0.0007277755540191405,27481,False
NVX,2025-10-10,NVX_trades_2025_10_10.parquet,0.0012491022077881523,128092,False
NWGL,2025-06-17,NWGL_trades_2025_06_17.parquet,0.0005563945632302679,12581,False
NWGL,2025-06-18,NWGL_trades_2025_06_18.parquet,0.0011519871778818461,39931,False
NWGL,2025-09-03,NWGL_trades_2025_09_03.parquet,0.0011261261261261261,4440,False
NWTG,2025-03-31,NWTG_trades_2025_03_31.parquet,0.0007902778764835477,351775,False
NWTG,2025-04-04,NWTG_trades_2025_04_04.parquet,0.0005432252056495421,12886,False
NWTG,2025-04-07,NWTG_trades_2025_04_07.parquet,0.0010157231410842607,316031,False
NXGLW,2025-02-13,NXGLW_trades_2025_02_13.parquet,0.0,287,False
NXL,2025-08-22,NXL_trades_2025_08_22.parquet,0.0013622686083305312,115983,False
NXL,2025-10-08,NXL_trades_2025_10_08.parquet,0.0010518025631038642,582809,False
NXPL,2025-01-06,NXPL_trades_2025_01_06.parquet,0.0013200984996572821,39391,False
NXPL,2025-10-15,NXPL_trades_2025_10_15.parquet,0.0026290630975143404,4184,False
NXPL,2025-10-30,NXPL_trades_2025_10_30.parquet,0.0015721801936427883,64242,False
NXTC,2025-04-15,NXTC_trades_2025_04_15.parquet,0.0,603,False
NXTC,2025-10-17,NXTC_trades_2025_10_17.parquet,0.0007263922518159806,4130,False
NXTT,2025-01-23,NXTT_trades_2025_01_23.parquet,0.002904443799012489,3443,False
NXTT,2025-02-20,NXTT_trades_2025_02_20.parquet,0.0015479876160990713,3230,False
NXTT,2025-02-26,NXTT_trades_2025_02_26.parquet,0.0,1074,False
NXTT,2025-02-27,NXTT_trades_2025_02_27.parquet,0.0009373901495918447,25603,False
NXTT,2025-05-09,NXTT_trades_2025_05_09.parquet,0.0009977974663644398,623373,False
NXTT,2025-05-12,NXTT_trades_2025_05_12.parquet,0.0008793931634095013,723226,False
NXTT,2025-05-15,NXTT_trades_2025_05_15.parquet,0.0012198230346284092,109852,False
NXTT,2025-05-22,NXTT_trades_2025_05_22.parquet,0.0012425790418334943,14486,False
NXTT,2025-06-20,NXTT_trades_2025_06_20.parquet,0.0008797561818581708,63654,False
NXTT,2025-08-29,NXTT_trades_2025_08_29.parquet,0.0012175217490056466,378638,False
NXTT,2025-09-08,NXTT_trades_2025_09_08.parquet,0.001032000693781979,115310,False
NXTT,2025-09-11,NXTT_trades_2025_09_11.parquet,0.0012413332260275143,410043,False
NXXT,2025-03-05,NXXT_trades_2025_03_05.parquet,0.0,747,False
NXXT,2025-09-23,NXXT_trades_2025_09_23.parquet,0.0007184451334795432,26446,False
NXXT,2025-10-07,NXXT_trades_2025_10_07.parquet,0.0008619815434540108,19722,False
OACCW,2025-01-03,OACCW_trades_2025_01_03.parquet,0.0,61,False
OACCW,2025-02-25,OACCW_trades_2025_02_25.parquet,0.0,327,False
OACCW,2025-03-17,OACCW_trades_2025_03_17.parquet,0.007575757575757576,396,False
OBLG,2025-04-22,OBLG_trades_2025_04_22.parquet,0.000747861795140258,147086,False
OBLG,2025-06-09,OBLG_trades_2025_06_09.parquet,0.0010315659170621002,4847,False
OCC,2025-07-08,OCC_trades_2025_07_08.parquet,0.001179298093716879,66989,False
OCC,2025-07-14,OCC_trades_2025_07_14.parquet,0.00042021220716461814,9519,False
OCC,2025-09-11,OCC_trades_2025_09_11.parquet,0.0011522949875168043,5207,False
OCG,2025-03-27,OCG_trades_2025_03_27.parquet,0.0021253985122210413,1882,False
OCG,2025-03-28,OCG_trades_2025_03_28.parquet,0.0006079027355623101,4935,False
OCG,2025-05-07,OCG_trades_2025_05_07.parquet,0.0009066183136899365,2206,False
OCG,2025-08-26,OCG_trades_2025_08_26.parquet,0.0009006690684508493,7772,False
OCSAW,2025-01-10,OCSAW_trades_2025_01_10.parquet,0.002070393374741201,966,False
ODD,2025-04-30,ODD_trades_2025_04_30.parquet,0.0007953482873141948,93041,False
ODP,2025-05-07,ODP_trades_2025_05_07.parquet,0.0005295335291002744,20773,False
ODYS,2025-06-27,ODYS_trades_2025_06_27.parquet,0.0,483,False
OFAL,2025-05-27,OFAL_trades_2025_05_27.parquet,0.007545374209774998,14711,False
OFAL,2025-07-11,OFAL_trades_2025_07_11.parquet,0.00235626767200754,2122,False
OFAL,2025-07-23,OFAL_trades_2025_07_23.parquet,0.0015788642703015632,209011,False
OFAL,2025-09-10,OFAL_trades_2025_09_10.parquet,0.0001021659174499387,9788,False
OKLL,2025-07-24,OKLL_trades_2025_07_24.parquet,0.0011128775834658188,18870,False
OKLL,2025-09-15,OKLL_trades_2025_09_15.parquet,0.0008437200383509108,26075,False
OKLL,2025-09-18,OKLL_trades_2025_09_18.parquet,0.00152317400449699,27574,False
OKLL,2025-09-19,OKLL_trades_2025_09_19.parquet,0.0009475563978279092,54878,False
OKLL,2025-10-06,OKLL_trades_2025_10_06.parquet,0.0010571262747699195,48244,False
OKLL,2025-10-10,OKLL_trades_2025_10_10.parquet,0.0009893304515913,65701,False
OKLL,2025-10-13,OKLL_trades_2025_10_13.parquet,0.0010017102369899828,40930,False
OKLO,2025-05-23,OKLO_trades_2025_05_23.parquet,0.0009229343488565236,789872,False
OKLO,2025-06-11,OKLO_trades_2025_06_11.parquet,0.000902477410550181,545166,False
OKLO,2025-09-19,OKLO_trades_2025_09_19.parquet,0.0009526592461617822,670754,False
OKYO,2025-01-29,OKYO_trades_2025_01_29.parquet,0.00068667170225915,14563,False
OLB,2025-04-25,OLB_trades_2025_04_25.parquet,0.0010054680936049474,145206,False
OLMA,2025-09-05,OLMA_trades_2025_09_05.parquet,0.000847688535012564,33031,False
OM,2025-03-20,OM_trades_2025_03_20.parquet,0.00022851919561243144,4376,False
OM,2025-05-08,OM_trades_2025_05_08.parquet,0.001649387370405278,8488,False
OM,2025-08-07,OM_trades_2025_08_07.parquet,0.0009535413466122795,18877,False
OMER,2025-10-15,OMER_trades_2025_10_15.parquet,0.0010345984926474739,974291,False
OMEX,2025-04-24,OMEX_trades_2025_04_24.parquet,0.000867272876305206,378197,True
OMEX,2025-04-25,OMEX_trades_2025_04_25.parquet,0.001030248497275528,597914,False
OMEX,2025-04-28,OMEX_trades_2025_04_28.parquet,0.0008005332058275919,276066,False
OMEX,2025-10-06,OMEX_trades_2025_10_06.parquet,0.0005598516393155814,28579,False
OMH,2025-04-17,OMH_trades_2025_04_17.parquet,0.0008019648137937948,39902,False
OMH,2025-04-29,OMH_trades_2025_04_29.parquet,0.0009736183363916608,383107,False
OMH,2025-04-30,OMH_trades_2025_04_30.parquet,0.0006383447061413163,45430,False
OMH,2025-05-19,OMH_trades_2025_05_19.parquet,0.0008790656787642849,15926,False
OMH,2025-06-09,OMH_trades_2025_06_09.parquet,0.0010809039146155643,286797,False
OMH,2025-09-10,OMH_trades_2025_09_10.parquet,0.0005645730416372619,7085,False
OMI,2025-02-28,OMI_trades_2025_02_28.parquet,0.0010511457488662642,66594,True
OMSE,2025-10-06,OMSE_trades_2025_10_06.parquet,0.0,1244,False
OMSE,2025-10-21,OMSE_trades_2025_10_21.parquet,0.001006155303030303,16896,False
ONCHW,2025-09-17,ONCHW_trades_2025_09_17.parquet,0.0,159,False
ONCHW,2025-09-22,ONCHW_trades_2025_09_22.parquet,0.0,396,False
ONCO,2025-01-03,ONCO_trades_2025_01_03.parquet,0.001228186436933952,113175,False
ONCO,2025-01-13,ONCO_trades_2025_01_13.parquet,0.001106118216384376,14465,False
ONCO,2025-01-27,ONCO_trades_2025_01_27.parquet,0.0010428907915286745,393138,False
ONCO,2025-03-27,ONCO_trades_2025_03_27.parquet,0.0007841396656310105,67590,False
ONCO,2025-04-08,ONCO_trades_2025_04_08.parquet,0.0015171856751476254,183234,False
ONCO,2025-05-14,ONCO_trades_2025_05_14.parquet,0.0013394625066973126,257566,False
ONCO,2025-05-16,ONCO_trades_2025_05_16.parquet,0.0011393229166666667,73728,False
ONCO,2025-07-31,ONCO_trades_2025_07_31.parquet,0.0007549013077555008,270234,False
ONDS,2025-03-11,ONDS_trades_2025_03_11.parquet,0.0009506298634394585,175673,False
ONEG,2025-03-03,ONEG_trades_2025_03_03.parquet,0.0,651,False
ONEG,2025-05-06,ONEG_trades_2025_05_06.parquet,0.0,483,False
ONEG,2025-05-07,ONEG_trades_2025_05_07.parquet,0.0019212295869356388,1041,False
ONEG,2025-06-18,ONEG_trades_2025_06_18.parquet,0.001402524544179523,713,False
ONEG,2025-06-30,ONEG_trades_2025_06_30.parquet,0.0010329323125531657,16458,False
ONEG,2025-08-11,ONEG_trades_2025_08_11.parquet,0.0008910386965376783,7856,False
ONEW,2025-01-30,ONEW_trades_2025_01_30.parquet,0.0022641509433962265,6625,False
ONFO,2025-04-02,ONFO_trades_2025_04_02.parquet,0.0029498525073746312,1017,False
ONFO,2025-06-24,ONFO_trades_2025_06_24.parquet,0.0005106382978723404,5875,False
ONFO,2025-09-15,ONFO_trades_2025_09_15.parquet,0.0013356894563495026,120537,False
ONMD,2025-08-14,ONMD_trades_2025_08_14.parquet,0.0009565689157933811,490294,False
ONMD,2025-10-06,ONMD_trades_2025_10_06.parquet,0.0009448749320965278,995899,False
ONMD,2025-10-10,ONMD_trades_2025_10_10.parquet,0.0007355711440822405,111478,False
OPAD,2025-07-16,OPAD_trades_2025_07_16.parquet,0.0007047216349541931,2838,False
OPAD,2025-07-17,OPAD_trades_2025_07_17.parquet,0.0006804606970941808,39679,False
OPAD,2025-07-21,OPAD_trades_2025_07_21.parquet,0.0009200740440540215,91297,False
OPAD,2025-08-25,OPAD_trades_2025_08_25.parquet,0.0009027567305619621,616999,False
OPAD,2025-08-28,OPAD_trades_2025_08_28.parquet,0.0010360913980626148,378345,False
OPAD,2025-09-11,OPAD_trades_2025_09_11.parquet,0.0009492669549625567,104291,False
OPAL,2025-05-28,OPAL_trades_2025_05_28.parquet,0.0007018528916339135,7124,False
OPEN,2025-07-16,OPEN_trades_2025_07_16.parquet,0.0009821005252236665,324814,False
OPEN,2025-07-17,OPEN_trades_2025_07_17.parquet,0.000916856054745475,872547,False
OPEN,2025-07-18,OPEN_trades_2025_07_18.parquet,0.0007475500032262685,635409,False
OPEN,2025-07-21,OPEN_trades_2025_07_21.parquet,0.0009617509783272878,3076680,False
OPEN,2025-08-22,OPEN_trades_2025_08_22.parquet,0.0011520534812432984,739549,False
OPEN,2025-09-11,OPEN_trades_2025_09_11.parquet,0.0010746142662385464,2009093,False
OPFI.WS,2025-01-10,OPFI.WS_trades_2025_01_10.parquet,0.0020855057351407717,959,False
OPFI.WS,2025-01-14,OPFI.WS_trades_2025_01_14.parquet,0.0,1028,False
OPFI.WS,2025-01-15,OPFI.WS_trades_2025_01_15.parquet,0.0,855,False
OPFI.WS,2025-01-28,OPFI.WS_trades_2025_01_28.parquet,0.001692047377326565,591,False
OPFI.WS,2025-08-06,OPFI.WS_trades_2025_08_06.parquet,0.0,444,False
OPRT,2025-02-13,OPRT_trades_2025_02_13.parquet,0.0013172518832585518,24293,False
OPRX,2025-03-12,OPRX_trades_2025_03_12.parquet,0.0007978157577476774,112808,False
OPRX,2025-05-13,OPRX_trades_2025_05_13.parquet,0.0005939653124257543,16836,False
OPRX,2025-08-08,OPRX_trades_2025_08_08.parquet,0.0004820051413881748,31120,False
OPTX,2025-03-04,OPTX_trades_2025_03_04.parquet,0.001466275659824047,682,False
OPTX,2025-04-15,OPTX_trades_2025_04_15.parquet,0.0008804754567466431,4543,False
OPTX,2025-04-22,OPTX_trades_2025_04_22.parquet,0.0006396588486140725,4690,False
ORBS,2025-09-12,ORBS_trades_2025_09_12.parquet,0.0010995723885155772,65480,False
ORBS,2025-09-18,ORBS_trades_2025_09_18.parquet,0.0013050888726564402,102675,False
ORBS,2025-10-06,ORBS_trades_2025_10_06.parquet,0.0030910230637874758,46263,False
ORBS,2025-10-10,ORBS_trades_2025_10_10.parquet,0.0011663153906268501,168908,False
ORCL,2025-09-10,ORCL_trades_2025_09_10.parquet,0.0011172124555273333,1760632,False
ORCX,2025-09-10,ORCX_trades_2025_09_10.parquet,0.0009103608482051765,63711,False
ORGN,2025-02-20,ORGN_trades_2025_02_20.parquet,0.0005356760231412042,18668,False
ORGO,2025-02-28,ORGO_trades_2025_02_28.parquet,0.0011851478689943358,309666,False
ORIC,2025-05-29,ORIC_trades_2025_05_29.parquet,0.0006354324734446131,105440,False
ORIS,2025-01-14,ORIS_trades_2025_01_14.parquet,0.00028922631959508316,6915,False
ORIS,2025-02-24,ORIS_trades_2025_02_24.parquet,0.0012242858332639293,240140,False
ORIS,2025-05-13,ORIS_trades_2025_05_13.parquet,0.0011908553387706495,72217,False
ORKA,2025-09-29,ORKA_trades_2025_09_29.parquet,0.0002904443799012489,13772,False
ORKT,2025-01-27,ORKT_trades_2025_01_27.parquet,0.0010528497409326425,120625,False
ORKT,2025-01-28,ORKT_trades_2025_01_28.parquet,0.0016793146695576388,47043,False
ORKT,2025-01-31,ORKT_trades_2025_01_31.parquet,0.0012078072661685132,62096,False
ORKT,2025-05-08,ORKT_trades_2025_05_08.parquet,0.0038816108685104317,2061,False
ORMP,2025-02-11,ORMP_trades_2025_02_11.parquet,0.0007846757442880221,21665,False
OSCR,2025-05-07,OSCR_trades_2025_05_07.parquet,0.0008919531363000819,207410,False
OSRH,2025-02-19,OSRH_trades_2025_02_19.parquet,0.0008331126412429379,362496,False
OSRH,2025-02-21,OSRH_trades_2025_02_21.parquet,0.0008453745009039005,153778,False
OSRH,2025-03-18,OSRH_trades_2025_03_18.parquet,0.0004152823920265781,2408,False
OSRH,2025-03-26,OSRH_trades_2025_03_26.parquet,0.0011029872424083594,566643,False
OSRH,2025-04-03,OSRH_trades_2025_04_03.parquet,0.0011439331943014527,340929,False
OSRH,2025-05-30,OSRH_trades_2025_05_30.parquet,0.0007836990595611285,1276,False
OSRH,2025-08-25,OSRH_trades_2025_08_25.parquet,0.000891738306862888,514725,False
OST,2025-01-13,OST_trades_2025_01_13.parquet,0.0009200368014720589,24999,False
OST,2025-01-14,OST_trades_2025_01_14.parquet,0.0011057170838554775,94961,False
OST,2025-01-23,OST_trades_2025_01_23.parquet,0.0014681208053691276,4768,False
OST,2025-01-24,OST_trades_2025_01_24.parquet,0.0009178914113114107,93693,False
OST,2025-03-20,OST_trades_2025_03_20.parquet,0.0,371,False
OST,2025-04-15,OST_trades_2025_04_15.parquet,0.0009627162350918663,465350,False
OST,2025-04-17,OST_trades_2025_04_17.parquet,0.0012601222938357296,48408,False
OST,2025-04-24,OST_trades_2025_04_24.parquet,0.0009989102796948784,11012,False
OST,2025-07-03,OST_trades_2025_07_03.parquet,0.0009851318069871386,164445,False
OTLY,2025-02-13,OTLY_trades_2025_02_13.parquet,0.0008232428909546187,29153,False
OUST,2025-03-21,OUST_trades_2025_03_21.parquet,0.0009319845445896356,51503,False
OUST,2025-06-11,OUST_trades_2025_06_11.parquet,0.001050032308686421,173328,False
OUST,2025-08-08,OUST_trades_2025_08_08.parquet,0.0007768695534688914,88818,False
OWLT,2025-08-08,OWLT_trades_2025_08_08.parquet,0.00096,3125,False
OXBR,2025-05-06,OXBR_trades_2025_05_06.parquet,0.0011098779134295228,5406,False
OXBR,2025-05-09,OXBR_trades_2025_05_09.parquet,0.00078003120124805,1282,False
OXBR,2025-05-12,OXBR_trades_2025_05_12.parquet,0.0011061946902654867,904,False
OXBR,2025-07-02,OXBR_trades_2025_07_02.parquet,0.0005281225244256667,3787,False
PACB,2025-02-14,PACB_trades_2025_02_14.parquet,0.001512592331156881,79334,False
PACK,2025-01-29,PACK_trades_2025_01_29.parquet,0.001104456055392719,94164,False
PACK,2025-08-26,PACK_trades_2025_08_26.parquet,0.0010050251256281408,63680,False
PACS,2025-09-11,PACS_trades_2025_09_11.parquet,0.0011185682326621924,48276,False
PAL,2025-02-10,PAL_trades_2025_02_10.parquet,0.0008425890463423975,13055,False
PAL,2025-05-02,PAL_trades_2025_05_02.parquet,0.0008882966910948257,4503,False
PALI,2025-05-13,PALI_trades_2025_05_13.parquet,0.0019182352235942932,8341,False
PALI,2025-07-23,PALI_trades_2025_07_23.parquet,0.0010624597553122988,31060,False
PALI,2025-08-07,PALI_trades_2025_08_07.parquet,0.0009611428733561265,281956,False
PALI,2025-10-01,PALI_trades_2025_10_01.parquet,0.0010065514583586872,394416,False
PALI,2025-10-02,PALI_trades_2025_10_02.parquet,0.0012988529231487697,68522,False
PALI,2025-10-06,PALI_trades_2025_10_06.parquet,0.0012154422973919493,145626,False
PAM,2025-10-27,PAM_trades_2025_10_27.parquet,0.0017653449212384573,29456,False
PASG,2025-05-29,PASG_trades_2025_05_29.parquet,0.00025025025025025025,3996,False
PASG,2025-07-25,PASG_trades_2025_07_25.parquet,0.0007492240179813764,9343,False
PAVS,2025-07-31,PAVS_trades_2025_07_31.parquet,0.0,235,False
PAVS,2025-09-04,PAVS_trades_2025_09_04.parquet,0.000999000999000999,1001,False
PBM,2025-01-13,PBM_trades_2025_01_13.parquet,0.0004314994606256742,4635,False
PBM,2025-01-23,PBM_trades_2025_01_23.parquet,0.0025418343571277273,9442,False
PBM,2025-01-29,PBM_trades_2025_01_29.parquet,0.006222775357809583,3214,False
PBM,2025-05-05,PBM_trades_2025_05_05.parquet,0.0007407407407407407,2700,False
PBM,2025-05-19,PBM_trades_2025_05_19.parquet,0.0012421173323141602,10466,False
PBM,2025-05-30,PBM_trades_2025_05_30.parquet,0.0008015389547932029,12476,False
PBM,2025-07-22,PBM_trades_2025_07_22.parquet,0.000856898029134533,4668,False
PBM,2025-07-24,PBM_trades_2025_07_24.parquet,0.0018267223382045928,3832,False
PBM,2025-07-31,PBM_trades_2025_07_31.parquet,0.0008120209455870077,395310,False
PBM,2025-08-04,PBM_trades_2025_08_04.parquet,0.0008390869281955395,495777,False
PBM,2025-09-18,PBM_trades_2025_09_18.parquet,0.001017363530014853,380395,False
PBYI,2025-08-11,PBYI_trades_2025_08_11.parquet,0.000752717309487249,33213,False
PC,2025-02-19,PC_trades_2025_02_19.parquet,0.003952569169960474,1265,False
PC,2025-10-02,PC_trades_2025_10_02.parquet,0.0006926806742091896,8662,False
PCLA,2025-01-23,PCLA_trades_2025_01_23.parquet,0.0004438526409232135,2253,False
PCLA,2025-01-24,PCLA_trades_2025_01_24.parquet,0.0008358583220144186,9571,False
PCLA,2025-01-27,PCLA_trades_2025_01_27.parquet,0.00023218017181332715,4307,False
PCLA,2025-02-26,PCLA_trades_2025_02_26.parquet,0.0024868198547697206,10053,False
PCLA,2025-06-03,PCLA_trades_2025_06_03.parquet,0.0004679457182966776,2137,False
PCLA,2025-07-10,PCLA_trades_2025_07_10.parquet,0.00014692918013517486,6806,False
PCT,2025-06-17,PCT_trades_2025_06_17.parquet,0.0011813060071856956,143062,False
PCTTW,2025-01-17,PCTTW_trades_2025_01_17.parquet,0.0,30,False
PCTTW,2025-01-29,PCTTW_trades_2025_01_29.parquet,0.0,48,False
PCTTW,2025-02-18,PCTTW_trades_2025_02_18.parquet,0.0,418,False
PCTTW,2025-04-22,PCTTW_trades_2025_04_22.parquet,0.0,58,False
PCTTW,2025-05-08,PCTTW_trades_2025_05_08.parquet,0.0,183,False
PCTTW,2025-05-16,PCTTW_trades_2025_05_16.parquet,0.04032258064516129,124,False
PCTTW,2025-05-22,PCTTW_trades_2025_05_22.parquet,0.0,318,False
PCTTW,2025-06-17,PCTTW_trades_2025_06_17.parquet,0.0,953,False
PCTTW,2025-07-07,PCTTW_trades_2025_07_07.parquet,0.010309278350515464,97,False
PDSB,2025-02-26,PDSB_trades_2025_02_26.parquet,0.0006164911379398921,19465,False
PDSB,2025-02-27,PDSB_trades_2025_02_27.parquet,0.0015133876600698488,25770,False
PDYN,2025-01-14,PDYN_trades_2025_01_14.parquet,0.0012329481687558287,63263,False
PDYN,2025-01-22,PDYN_trades_2025_01_22.parquet,0.0011706017859731835,186229,False
PDYN,2025-07-17,PDYN_trades_2025_07_17.parquet,0.00103397341211226,101550,False
PEPG,2025-02-24,PEPG_trades_2025_02_24.parquet,0.001234922018177877,456709,False
PEPG,2025-02-27,PEPG_trades_2025_02_27.parquet,0.000863165016155183,85731,False
PEPG,2025-02-28,PEPG_trades_2025_02_28.parquet,0.0008990903321345462,37816,False
PEPG,2025-09-16,PEPG_trades_2025_09_16.parquet,0.002728690228690229,7696,False
PEPG,2025-09-24,PEPG_trades_2025_09_24.parquet,0.0010550402148445529,218949,False
PEPG,2025-09-25,PEPG_trades_2025_09_25.parquet,0.0010588442531082982,1033202,False
PETZ,2025-09-16,PETZ_trades_2025_09_16.parquet,0.0010718688032584811,18659,False
PEW.WS,2025-07-18,PEW.WS_trades_2025_07_18.parquet,0.0016849199663016006,1187,False
PFAI,2025-09-05,PFAI_trades_2025_09_05.parquet,0.0035487068000895168,31279,False
PFAI,2025-10-15,PFAI_trades_2025_10_15.parquet,0.0010678219079476648,755744,False
PFSA,2025-07-28,PFSA_trades_2025_07_28.parquet,0.0010243657109005472,324103,False
PGEN,2025-08-15,PGEN_trades_2025_08_15.parquet,0.0008799271164494509,578457,False
PGY,2025-08-07,PGY_trades_2025_08_07.parquet,0.0012074845607890129,108490,False
PHAR,2025-08-08,PHAR_trades_2025_08_08.parquet,0.025157232704402517,159,False
PHAT,2025-05-09,PHAT_trades_2025_05_09.parquet,0.002149340307899473,77233,False
PHAT,2025-06-06,PHAT_trades_2025_06_06.parquet,0.0009429082170522332,305438,False
PHIO,2025-01-13,PHIO_trades_2025_01_13.parquet,0.0009152507155973127,1568969,False
PHIO,2025-01-16,PHIO_trades_2025_01_16.parquet,0.001200258100614117,221619,False
PHIO,2025-01-28,PHIO_trades_2025_01_28.parquet,0.0014745916515426498,52896,False
PHIO,2025-04-09,PHIO_trades_2025_04_09.parquet,0.0009095146801627663,570634,False
PHIO,2025-04-15,PHIO_trades_2025_04_15.parquet,0.0006665185514330149,18004,False
PHIO,2025-06-05,PHIO_trades_2025_06_05.parquet,0.0011360988114658588,34328,False
PHIO,2025-07-25,PHIO_trades_2025_07_25.parquet,0.00111898656028874,336912,False
PHOE,2025-06-16,PHOE_trades_2025_06_16.parquet,0.0,1661,False
PHOE,2025-06-30,PHOE_trades_2025_06_30.parquet,0.0,1122,False
PHOE,2025-07-17,PHOE_trades_2025_07_17.parquet,0.001195933824995017,15051,False
PHOE,2025-07-24,PHOE_trades_2025_07_24.parquet,0.0,2951,False
PHOE,2025-10-07,PHOE_trades_2025_10_07.parquet,0.0008605851979345956,1162,False
PI,2025-07-31,PI_trades_2025_07_31.parquet,0.0015282846715328467,43840,True
PIII,2025-01-14,PIII_trades_2025_01_14.parquet,0.0006144315666321575,118809,False
PIII,2025-07-30,PIII_trades_2025_07_30.parquet,0.005582137161084529,1254,False
PIII,2025-09-18,PIII_trades_2025_09_18.parquet,0.002797202797202797,715,False
PL,2025-06-05,PL_trades_2025_06_05.parquet,0.0007054648329380091,277831,False
PL,2025-09-08,PL_trades_2025_09_08.parquet,0.0007451511947257489,281822,False
PL.WS,2025-07-01,PL.WS_trades_2025_07_01.parquet,0.0,495,False
PL.WS,2025-09-08,PL.WS_trades_2025_09_08.parquet,0.003234152652005175,4638,False
PL.WS,2025-09-11,PL.WS_trades_2025_09_11.parquet,0.0,680,False
PLBY,2025-01-31,PLBY_trades_2025_01_31.parquet,0.0007195369935867355,31965,False
PLBY,2025-05-16,PLBY_trades_2025_05_16.parquet,0.0003219229531065565,9319,False
PLCE,2025-07-22,PLCE_trades_2025_07_22.parquet,0.0007880414706823947,40607,False
PLRX,2025-02-13,PLRX_trades_2025_02_13.parquet,0.0008540122462133419,62060,False
PLRZ,2025-03-24,PLRZ_trades_2025_03_24.parquet,0.0004889975550122249,4090,False
PLRZ,2025-05-02,PLRZ_trades_2025_05_02.parquet,0.0009584456934923162,554022,False
PLRZ,2025-05-05,PLRZ_trades_2025_05_05.parquet,0.001067038926863708,124644,False
PLRZ,2025-05-28,PLRZ_trades_2025_05_28.parquet,0.001175152861680836,108922,False
PLRZ,2025-05-29,PLRZ_trades_2025_05_29.parquet,0.0010212404756062786,150797,False
PLRZ,2025-06-12,PLRZ_trades_2025_06_12.parquet,0.0010353180184403813,102384,False
PLRZ,2025-07-15,PLRZ_trades_2025_07_15.parquet,0.0011997035544800533,244227,False
PLRZ,2025-07-22,PLRZ_trades_2025_07_22.parquet,0.0008587648770928792,347010,False
PLRZ,2025-07-23,PLRZ_trades_2025_07_23.parquet,0.0014095934306389884,244042,False
PLRZ,2025-09-12,PLRZ_trades_2025_09_12.parquet,0.0011779995774566733,156197,False
PLTS,2025-09-22,PLTS_trades_2025_09_22.parquet,0.0012041025494004573,139523,True
PLTS,2025-09-26,PLTS_trades_2025_09_26.parquet,0.0039257673090649535,11208,False
PLTU,2025-02-04,PLTU_trades_2025_02_04.parquet,0.0014417620172397926,32599,False
PLTU,2025-04-09,PLTU_trades_2025_04_09.parquet,0.0009450085452900372,49735,False
PLUG,2025-04-28,PLUG_trades_2025_04_28.parquet,0.0007293011085376849,226244,False
PLUG,2025-06-30,PLUG_trades_2025_06_30.parquet,0.0009812453639076928,171211,False
PLUG,2025-07-09,PLUG_trades_2025_07_09.parquet,0.0007114111385174607,192575,False
PLUG,2025-10-03,PLUG_trades_2025_10_03.parquet,0.0009149632804418934,619697,False
PLUR,2025-04-23,PLUR_trades_2025_04_23.parquet,0.00038491147036181676,2598,False
PLUR,2025-06-23,PLUR_trades_2025_06_23.parquet,0.0,1925,False
PLYM,2025-08-19,PLYM_trades_2025_08_19.parquet,0.0006058298137506059,57772,False
PMAX,2025-01-16,PMAX_trades_2025_01_16.parquet,0.0009855672116882944,225251,False
PMAX,2025-02-07,PMAX_trades_2025_02_07.parquet,0.0007399508150340595,45949,False
PMAX,2025-02-13,PMAX_trades_2025_02_13.parquet,0.0003237293622531564,3089,False
PMAX,2025-02-28,PMAX_trades_2025_02_28.parquet,0.0009657889312190318,261962,False
PMAX,2025-05-23,PMAX_trades_2025_05_23.parquet,0.0008811803935421511,515218,False
PMAX,2025-05-28,PMAX_trades_2025_05_28.parquet,0.0009094114808559604,107762,False
PMAX,2025-08-27,PMAX_trades_2025_08_27.parquet,0.0014624384236453201,25984,False
PMAX,2025-10-06,PMAX_trades_2025_10_06.parquet,0.0007593014426727411,2634,False
PMAX,2025-10-13,PMAX_trades_2025_10_13.parquet,0.0009333797531349386,468191,False
PMCB,2025-09-08,PMCB_trades_2025_09_08.parquet,0.0,1513,False
PMEC,2025-01-16,PMEC_trades_2025_01_16.parquet,0.0007635044855888528,73346,False
PMEC,2025-02-12,PMEC_trades_2025_02_12.parquet,0.0008775008775008775,5698,False
PMN,2025-07-14,PMN_trades_2025_07_14.parquet,0.000977309924994407,169854,False
PMN,2025-07-21,PMN_trades_2025_07_21.parquet,0.000812932785091463,615057,False
PN,2025-08-13,PN_trades_2025_08_13.parquet,0.0008210180623973727,1218,False
PNBK,2025-02-10,PNBK_trades_2025_02_10.parquet,0.0009782650278450297,365954,False
PNBK,2025-03-21,PNBK_trades_2025_03_21.parquet,0.0011175575423245196,84112,False
PNBK,2025-04-17,PNBK_trades_2025_04_17.parquet,0.0008517887563884157,8218,True
PNBK,2025-04-21,PNBK_trades_2025_04_21.parquet,0.0005560704355885078,5395,False
PNBK,2025-05-12,PNBK_trades_2025_05_12.parquet,0.000851063829787234,4700,False
PNBK,2025-05-13,PNBK_trades_2025_05_13.parquet,0.0004361098996947231,4586,False
POAI,2025-01-03,POAI_trades_2025_01_03.parquet,0.0010979961570134504,10929,False
POAI,2025-01-06,POAI_trades_2025_01_06.parquet,0.0007443824125767298,180015,False
POAI,2025-01-22,POAI_trades_2025_01_22.parquet,0.0010925317650063494,140957,False
POAI,2025-03-25,POAI_trades_2025_03_25.parquet,0.0006956045080723081,576477,False
POAI,2025-09-29,POAI_trades_2025_09_29.parquet,0.0009591246111375218,239802,False
PODC,2025-04-30,PODC_trades_2025_04_30.parquet,0.02108433734939759,332,False
POLA,2025-03-04,POLA_trades_2025_03_04.parquet,0.0011979055973105088,51757,False
POLA,2025-07-01,POLA_trades_2025_07_01.parquet,0.0008125952260030473,29535,False
POLA,2025-09-04,POLA_trades_2025_09_04.parquet,0.0008937560354215035,97342,False
PONY,2025-02-21,PONY_trades_2025_02_21.parquet,0.0006099484698706488,47545,False
PONY,2025-04-23,PONY_trades_2025_04_23.parquet,0.0009760660471358562,49177,False
PONY,2025-04-24,PONY_trades_2025_04_24.parquet,0.0017117560255779636,101650,False
PONY,2025-04-28,PONY_trades_2025_04_28.parquet,0.0008625516823999864,353602,False
PONY,2025-05-02,PONY_trades_2025_05_02.parquet,0.0013797667507429512,160172,False
PONY,2025-05-06,PONY_trades_2025_05_06.parquet,0.0010925223651614875,301138,False
PPBT,2025-10-29,PPBT_trades_2025_10_29.parquet,0.0009972204666379456,914542,False
PPCB,2025-01-07,PPCB_trades_2025_01_07.parquet,0.0,23,False
PPCB,2025-01-17,PPCB_trades_2025_01_17.parquet,0.0,21,False
PPCB,2025-01-22,PPCB_trades_2025_01_22.parquet,0.0,23,False
PPCB,2025-01-23,PPCB_trades_2025_01_23.parquet,0.0,27,False
PPCB,2025-04-10,PPCB_trades_2025_04_10.parquet,0.0,16,False
PPCB,2025-04-14,PPCB_trades_2025_04_14.parquet,0.0,11,False
PPCB,2025-04-16,PPCB_trades_2025_04_16.parquet,0.0,26,False
PPCB,2025-04-28,PPCB_trades_2025_04_28.parquet,0.0,22,False
PPCB,2025-04-30,PPCB_trades_2025_04_30.parquet,0.0,9,False
PPCB,2025-05-01,PPCB_trades_2025_05_01.parquet,0.0,10,False
PPCB,2025-05-02,PPCB_trades_2025_05_02.parquet,0.0,15,False
PPCB,2025-05-05,PPCB_trades_2025_05_05.parquet,0.0,32,False
PPCB,2025-05-06,PPCB_trades_2025_05_06.parquet,0.0,30,False
PPCB,2025-05-07,PPCB_trades_2025_05_07.parquet,0.0,21,False
PPCB,2025-05-08,PPCB_trades_2025_05_08.parquet,0.041666666666666664,24,False
PPCB,2025-05-23,PPCB_trades_2025_05_23.parquet,0.0,10,False
PPCB,2025-06-03,PPCB_trades_2025_06_03.parquet,0.0,16,False
PPCB,2025-06-04,PPCB_trades_2025_06_04.parquet,0.0,11,False
PPCB,2025-07-09,PPCB_trades_2025_07_09.parquet,0.05263157894736842,19,False
PPCB,2025-07-17,PPCB_trades_2025_07_17.parquet,0.045454545454545456,22,False
PPCB,2025-07-29,PPCB_trades_2025_07_29.parquet,0.0,22,False
PPCB,2025-08-11,PPCB_trades_2025_08_11.parquet,0.0,10,False
PPCB,2025-08-13,PPCB_trades_2025_08_13.parquet,0.0,47,False
PPCB,2025-08-14,PPCB_trades_2025_08_14.parquet,0.0,19,False
PPCB,2025-08-18,PPCB_trades_2025_08_18.parquet,0.0012081531414165087,686999,False
PPCB,2025-08-20,PPCB_trades_2025_08_20.parquet,0.0010080859552784147,235099,False
PPCB,2025-09-05,PPCB_trades_2025_09_05.parquet,0.0010174665083940986,5897,False
PPIH,2025-05-02,PPIH_trades_2025_05_02.parquet,0.0007087172218284905,1411,False
PPIH,2025-06-13,PPIH_trades_2025_06_13.parquet,0.0016452780519907865,3039,False
PPIH,2025-06-16,PPIH_trades_2025_06_16.parquet,0.0033594624860022394,3572,False
PPSI,2025-08-15,PPSI_trades_2025_08_15.parquet,0.0009954968798856182,748370,False
PRA,2025-03-20,PRA_trades_2025_03_20.parquet,0.0013123113552426838,53341,False
PRAX,2025-10-16,PRAX_trades_2025_10_16.parquet,0.001079752118821113,454734,False
PRCH,2025-02-26,PRCH_trades_2025_02_26.parquet,0.0008464664870348473,154761,False
PRCH,2025-05-07,PRCH_trades_2025_05_07.parquet,0.0010244382438971788,148374,False
PRCH,2025-08-06,PRCH_trades_2025_08_06.parquet,0.000810349318438341,69106,False
PRE,2025-05-22,PRE_trades_2025_05_22.parquet,0.0024813895781637717,2015,False
PRE,2025-06-18,PRE_trades_2025_06_18.parquet,0.0,2965,False
PRFX,2025-01-24,PRFX_trades_2025_01_24.parquet,0.0014087831359070055,135578,False
PRFX,2025-02-18,PRFX_trades_2025_02_18.parquet,0.000890136806260828,334780,False
PRFX,2025-04-10,PRFX_trades_2025_04_10.parquet,0.0009253311873524946,406341,False
PRFX,2025-08-19,PRFX_trades_2025_08_19.parquet,0.0009677363838431711,755371,False
PRHI,2025-10-07,PRHI_trades_2025_10_07.parquet,0.0011521831338115105,157961,False
PRME,2025-07-07,PRME_trades_2025_07_07.parquet,0.0011334221691249675,65289,False
PRO,2025-09-22,PRO_trades_2025_09_22.parquet,0.0009993833592038955,47029,False
PROK,2025-04-15,PROK_trades_2025_04_15.parquet,0.0002924617971777437,13677,False
PROK,2025-07-08,PROK_trades_2025_07_08.parquet,0.000957722767174589,931376,False
PROK,2025-07-09,PROK_trades_2025_07_09.parquet,0.0012790363184556652,1230614,False
PROK,2025-07-10,PROK_trades_2025_07_10.parquet,0.001028912439551394,262413,False
PROK,2025-09-11,PROK_trades_2025_09_11.parquet,0.0013966776002539414,47255,False
PROP,2025-01-15,PROP_trades_2025_01_15.parquet,0.0007810756527560813,8962,False
PRPL,2025-03-14,PRPL_trades_2025_03_14.parquet,0.0005645402317935775,30113,False
PRPL,2025-07-23,PRPL_trades_2025_07_23.parquet,0.0005674563767910342,7049,False
PRPO,2025-04-23,PRPO_trades_2025_04_23.parquet,0.0025,2000,False
PRSO,2025-01-03,PRSO_trades_2025_01_03.parquet,0.0007639419404125286,3927,False
PRSO,2025-09-05,PRSO_trades_2025_09_05.parquet,0.0009425386628176385,507141,False
PRSO,2025-10-09,PRSO_trades_2025_10_09.parquet,0.0013660122602422696,88579,False
PRTS,2025-03-05,PRTS_trades_2025_03_05.parquet,0.0006782247467254462,23591,False
PRTS,2025-09-03,PRTS_trades_2025_09_03.parquet,0.0020658646251063314,8229,False
PRZO,2025-01-17,PRZO_trades_2025_01_17.parquet,0.001142408883371477,262603,False
PSIG,2025-01-07,PSIG_trades_2025_01_07.parquet,0.0,1401,False
PSIG,2025-05-09,PSIG_trades_2025_05_09.parquet,0.0009088843444671666,4401,False
PSIG,2025-08-19,PSIG_trades_2025_08_19.parquet,0.0007559531309058839,7937,False
PSIG,2025-10-13,PSIG_trades_2025_10_13.parquet,0.0008626266982963123,9274,False
PSIX,2025-08-08,PSIX_trades_2025_08_08.parquet,0.0013296104241457252,37605,False
PSKY,2025-08-13,PSKY_trades_2025_08_13.parquet,0.001051399699069344,538330,False
PSQH,2025-05-27,PSQH_trades_2025_05_27.parquet,0.0022100829823610358,23981,False
PSTG,2025-08-28,PSTG_trades_2025_08_28.parquet,0.0011407974078015205,208626,False
PSTV,2025-03-06,PSTV_trades_2025_03_06.parquet,0.0009695737082148087,654927,False
PSTV,2025-03-07,PSTV_trades_2025_03_07.parquet,0.0009448146700462575,417013,False
PSTV,2025-03-11,PSTV_trades_2025_03_11.parquet,0.0007061434479975789,69391,False
PSTV,2025-03-20,PSTV_trades_2025_03_20.parquet,0.0008576314320169566,571341,False
PSTV,2025-03-25,PSTV_trades_2025_03_25.parquet,0.0006517293300671956,44497,False
PSTV,2025-04-23,PSTV_trades_2025_04_23.parquet,0.0007034977026403148,45487,False
PT,2025-09-08,PT_trades_2025_09_08.parquet,0.0010341180618120569,127645,False
PTGX,2025-03-10,PTGX_trades_2025_03_10.parquet,0.0009663854572047953,76574,False
PTGX,2025-10-10,PTGX_trades_2025_10_10.parquet,0.0007371913011426465,97668,False
PTHL,2025-02-24,PTHL_trades_2025_02_24.parquet,0.0003360779700890607,5951,False
PTHL,2025-03-10,PTHL_trades_2025_03_10.parquet,0.00043271311120726956,2311,False
PTHL,2025-06-06,PTHL_trades_2025_06_06.parquet,0.0012731171267756634,14924,False
PTHL,2025-07-15,PTHL_trades_2025_07_15.parquet,0.000665179794185546,25557,False
PTHL,2025-08-04,PTHL_trades_2025_08_04.parquet,0.0006686407488776388,41876,False
PTHL,2025-08-26,PTHL_trades_2025_08_26.parquet,0.001007336450374425,52614,False
PTHL,2025-09-03,PTHL_trades_2025_09_03.parquet,0.00043296290951075193,6929,False
PTIR,2025-02-04,PTIR_trades_2025_02_04.parquet,0.0010273752702210997,46721,False
PTIR,2025-04-09,PTIR_trades_2025_04_09.parquet,0.0008831886951847016,52084,False
PTIX,2025-01-27,PTIX_trades_2025_01_27.parquet,0.0009419152276295133,3185,False
PTIX,2025-03-04,PTIX_trades_2025_03_04.parquet,0.0007541432630874022,165751,False
PTIX,2025-04-01,PTIX_trades_2025_04_01.parquet,0.0,1353,False
PTIX,2025-04-03,PTIX_trades_2025_04_03.parquet,0.00097015734094322,387566,False
PTIX,2025-05-06,PTIX_trades_2025_05_06.parquet,0.0012808783165599268,16395,False
PTIX,2025-05-19,PTIX_trades_2025_05_19.parquet,0.0011649983221794498,896997,False
PTIX,2025-08-21,PTIX_trades_2025_08_21.parquet,0.0008256214542211141,904773,False
PTLE,2025-01-06,PTLE_trades_2025_01_06.parquet,0.0006004202942059442,6662,False
PTLE,2025-01-22,PTLE_trades_2025_01_22.parquet,0.0008573061535530577,20996,False
PTLE,2025-05-06,PTLE_trades_2025_05_06.parquet,0.0014231499051233396,6324,False
PTLE,2025-05-15,PTLE_trades_2025_05_15.parquet,0.00556745182012848,2335,False
PTNM,2025-06-04,PTNM_trades_2025_06_04.parquet,0.0013739893251598584,18923,False
PTNM,2025-07-15,PTNM_trades_2025_07_15.parquet,0.000766199649737303,9136,False
PTNM,2025-08-27,PTNM_trades_2025_08_27.parquet,0.0009497447878310775,196895,False
PTNM,2025-08-28,PTNM_trades_2025_08_28.parquet,0.00119233238558195,43612,False
PTNM,2025-09-09,PTNM_trades_2025_09_09.parquet,0.0011100096754854067,168467,False
PTNM,2025-09-10,PTNM_trades_2025_09_10.parquet,0.000911838532862046,97605,False
PTNM,2025-09-25,PTNM_trades_2025_09_25.parquet,0.001011784311391501,16802,False
PULM,2025-02-18,PULM_trades_2025_02_18.parquet,0.0,2358,False
PUMP,2025-10-29,PUMP_trades_2025_10_29.parquet,0.0011456649311964561,157114,False
PXLW,2025-06-20,PXLW_trades_2025_06_20.parquet,0.0005728197049978519,6983,False
PYXS,2025-10-09,PYXS_trades_2025_10_09.parquet,0.0005653266331658291,15920,False
QBTS,2025-01-15,QBTS_trades_2025_01_15.parquet,0.0013066311927068229,634456,False
QBTS,2025-03-14,QBTS_trades_2025_03_14.parquet,0.0008137772118125037,824550,False
QBTS,2025-05-08,QBTS_trades_2025_05_08.parquet,0.0011352939566422432,840311,False
QBTS,2025-05-20,QBTS_trades_2025_05_20.parquet,0.0013068466586413478,1280946,False
QBTZ,2025-10-22,QBTZ_trades_2025_10_22.parquet,0.0012719128463197478,18083,False
QCLS,2025-10-03,QCLS_trades_2025_10_03.parquet,0.001953125,40448,False
QCLS,2025-10-30,QCLS_trades_2025_10_30.parquet,0.0012080249556547802,65396,False
QCML,2025-04-09,QCML_trades_2025_04_09.parquet,0.0,104,False
QCML,2025-10-27,QCML_trades_2025_10_27.parquet,0.0005250154416306362,32380,False
QCMU,2025-10-27,QCMU_trades_2025_10_27.parquet,0.0011054421768707484,11760,False
QDEL,2025-05-08,QDEL_trades_2025_05_08.parquet,0.000798881565807869,85119,False
QETAR,2025-01-06,QETAR_trades_2025_01_06.parquet,0.0,92,False
QETAR,2025-01-07,QETAR_trades_2025_01_07.parquet,0.010810810810810811,185,False
QETAR,2025-07-07,QETAR_trades_2025_07_07.parquet,0.0,52,False
QETAR,2025-08-01,QETAR_trades_2025_08_01.parquet,0.0,119,False
QETAR,2025-10-22,QETAR_trades_2025_10_22.parquet,0.0,159,False
QH,2025-08-25,QH_trades_2025_08_25.parquet,0.000892325996430696,3362,False
QIPT,2025-05-20,QIPT_trades_2025_05_20.parquet,0.0010657708507409238,117286,False
QMCO,2025-01-15,QMCO_trades_2025_01_15.parquet,0.000959322079064128,75053,False
QMCO,2025-02-12,QMCO_trades_2025_02_12.parquet,0.0012553569109562356,46202,False
QMCO,2025-03-13,QMCO_trades_2025_03_13.parquet,0.001720302535963221,33715,False
QMCO,2025-03-17,QMCO_trades_2025_03_17.parquet,0.0010087131950120873,57499,False
QMCO,2025-05-19,QMCO_trades_2025_05_19.parquet,0.0012309630138554906,69864,False
QMCO,2025-09-19,QMCO_trades_2025_09_19.parquet,0.0008572290974947177,165650,False
QMMM,2025-03-05,QMMM_trades_2025_03_05.parquet,0.00025131942699170643,7958,False
QMMM,2025-05-08,QMMM_trades_2025_05_08.parquet,0.0011472024648464388,30509,False
QMMM,2025-05-09,QMMM_trades_2025_05_09.parquet,0.00073117231294175,12309,False
QMMM,2025-09-08,QMMM_trades_2025_09_08.parquet,0.0007693047408404654,10399,False
QMMM,2025-09-09,QMMM_trades_2025_09_09.parquet,0.001039533457384326,192394,False
QMMM,2025-09-12,QMMM_trades_2025_09_12.parquet,0.0013552584026020962,66408,False
QMMM,2025-09-16,QMMM_trades_2025_09_16.parquet,0.0007025212707829209,12811,False
QMMM,2025-09-17,QMMM_trades_2025_09_17.parquet,0.0010084033613445378,14875,False
QMMM,2025-09-22,QMMM_trades_2025_09_22.parquet,0.0009768804949527841,12284,False
QNRX,2025-01-31,QNRX_trades_2025_01_31.parquet,0.0,5169,False
QNRX,2025-02-04,QNRX_trades_2025_02_04.parquet,0.0009294705168801298,63477,False
QNRX,2025-02-27,QNRX_trades_2025_02_27.parquet,0.0010027486511249109,196460,False
QNRX,2025-04-02,QNRX_trades_2025_04_02.parquet,0.0011770980853763955,271855,False
QNRX,2025-05-14,QNRX_trades_2025_05_14.parquet,0.0009643614855452928,139989,False
QNRX,2025-10-10,QNRX_trades_2025_10_10.parquet,0.001832349725925609,257047,False
QNRX,2025-10-15,QNRX_trades_2025_10_15.parquet,0.0009029345372460496,6645,False
QNTM,2025-02-04,QNTM_trades_2025_02_04.parquet,0.0010557324569618744,587270,False
QNTM,2025-02-05,QNTM_trades_2025_02_05.parquet,0.0011651012281443769,125311,False
QNTM,2025-02-06,QNTM_trades_2025_02_06.parquet,0.0010594823671863176,323743,False
QNTM,2025-03-17,QNTM_trades_2025_03_17.parquet,0.0006021939389993815,61442,False
QNTM,2025-03-27,QNTM_trades_2025_03_27.parquet,0.0016908552909680147,7097,False
QNTM,2025-03-28,QNTM_trades_2025_03_28.parquet,0.0012492663704200553,119270,False
QNTM,2025-06-17,QNTM_trades_2025_06_17.parquet,0.0007221954742416948,8308,False
QNTM,2025-09-10,QNTM_trades_2025_09_10.parquet,0.00045310376076121433,6621,False
QPUX,2025-09-19,QPUX_trades_2025_09_19.parquet,0.0,2393,False
QPUX,2025-10-13,QPUX_trades_2025_10_13.parquet,0.0005445140212360468,3673,False
QPUX,2025-10-23,QPUX_trades_2025_10_23.parquet,0.0019569471624266144,6643,False
QS,2025-06-25,QS_trades_2025_06_25.parquet,0.0013352031776156126,476332,False
QS,2025-06-26,QS_trades_2025_06_26.parquet,0.0007944529321894465,425450,False
QS,2025-09-08,QS_trades_2025_09_08.parquet,0.0012067532966691349,353842,False
QSI,2025-01-03,QSI_trades_2025_01_03.parquet,0.0010190400446809865,612341,False
QSI,2025-09-18,QSI_trades_2025_09_18.parquet,0.0006646427994036179,55669,False
QSIAW,2025-01-03,QSIAW_trades_2025_01_03.parquet,0.0019149751053236309,2611,False
QSIAW,2025-01-15,QSIAW_trades_2025_01_15.parquet,0.0,491,False
QSIAW,2025-05-21,QSIAW_trades_2025_05_21.parquet,0.0,544,False
QTRX,2025-06-10,QTRX_trades_2025_06_10.parquet,0.0009430996541967935,22267,False
QTTB,2025-07-10,QTTB_trades_2025_07_10.parquet,0.0009804450680914601,222348,False
QTTB,2025-07-16,QTTB_trades_2025_07_16.parquet,0.0006414779652318943,15589,False
QUBT,2025-01-15,QUBT_trades_2025_01_15.parquet,0.0012445172102902213,542379,False
QUBT,2025-05-16,QUBT_trades_2025_05_16.parquet,0.0008559388991308928,486016,False
QUBT,2025-06-11,QUBT_trades_2025_06_11.parquet,0.0009185556778400576,703278,False
QUBT,2025-06-16,QUBT_trades_2025_06_16.parquet,0.0010627262097704867,394269,False
QUBT,2025-09-19,QUBT_trades_2025_09_19.parquet,0.0010615288669506256,527541,False
QURE,2025-04-17,QURE_trades_2025_04_17.parquet,0.0013996508087672972,138606,False
QURE,2025-09-24,QURE_trades_2025_09_24.parquet,0.0011879007957969559,724808,False
QVCGA,2025-03-25,QVCGA_trades_2025_03_25.parquet,0.0009384824738398011,21311,False
QVCGA,2025-05-06,QVCGA_trades_2025_05_06.parquet,0.0011289153987430285,59349,False
QVCGA,2025-06-05,QVCGA_trades_2025_06_05.parquet,0.0008737439930100481,6867,False
QVCGA,2025-07-22,QVCGA_trades_2025_07_22.parquet,0.0007710920258448776,75218,False
QVCGA,2025-07-25,QVCGA_trades_2025_07_25.parquet,0.0007584376185058779,7911,False
QVCGA,2025-08-27,QVCGA_trades_2025_08_27.parquet,0.001176624395345797,7649,False
QVCGA,2025-09-02,QVCGA_trades_2025_09_02.parquet,0.0,8441,False
QVCGP,2025-06-04,QVCGP_trades_2025_06_04.parquet,0.0004833252779120348,2069,False
QVCGP,2025-06-05,QVCGP_trades_2025_06_05.parquet,0.0007911392405063291,3792,False
RAAQW,2025-10-15,RAAQW_trades_2025_10_15.parquet,0.0,1067,False
RADX,2025-01-10,RADX_trades_2025_01_10.parquet,0.0007860605266605528,7633,False
RADX,2025-01-13,RADX_trades_2025_01_13.parquet,0.0029792746113989636,7720,False
RADX,2025-02-27,RADX_trades_2025_02_27.parquet,0.0,1280,False
RADX,2025-03-03,RADX_trades_2025_03_03.parquet,0.0005732967662963479,64539,False
RADX,2025-03-05,RADX_trades_2025_03_05.parquet,0.001380977041256689,5793,False
RADX,2025-05-23,RADX_trades_2025_05_23.parquet,0.001594896331738437,627,False
RADX,2025-08-20,RADX_trades_2025_08_20.parquet,0.0003698224852071006,5408,False
RAIL,2025-03-13,RAIL_trades_2025_03_13.parquet,0.0007796257796257797,11544,False
RAIN,2025-04-30,RAIN_trades_2025_04_30.parquet,0.0,1365,False
RAIN,2025-05-06,RAIN_trades_2025_05_06.parquet,0.0014084507042253522,710,False
RAIN,2025-05-12,RAIN_trades_2025_05_12.parquet,0.0010298661174047373,1942,False
RAIN,2025-06-04,RAIN_trades_2025_06_04.parquet,0.0,470,False
RAIN,2025-09-02,RAIN_trades_2025_09_02.parquet,0.0,757,False
RAIN,2025-09-08,RAIN_trades_2025_09_08.parquet,0.0019402405898331393,2577,False
RAIN,2025-10-15,RAIN_trades_2025_10_15.parquet,0.0004938271604938272,2025,False
RANI,2025-10-17,RANI_trades_2025_10_17.parquet,0.0008603927484431439,1055332,False
RANI,2025-10-20,RANI_trades_2025_10_20.parquet,0.0012335074882300137,464529,False
RANI,2025-10-21,RANI_trades_2025_10_21.parquet,0.0010156116888887404,299327,False
RANI,2025-10-22,RANI_trades_2025_10_22.parquet,0.0014070953185777017,247318,False
RANI,2025-10-31,RANI_trades_2025_10_31.parquet,0.0011268152172290793,134006,False
RAPP,2025-03-04,RAPP_trades_2025_03_04.parquet,0.0007461829870278958,17422,False
RAPP,2025-06-03,RAPP_trades_2025_06_03.parquet,0.0009656004828002414,8285,False
RAPP,2025-09-08,RAPP_trades_2025_09_08.parquet,0.001326628204732669,259304,False
RAPT,2025-05-23,RAPT_trades_2025_05_23.parquet,0.0003305238803503553,12102,False
RAPT,2025-07-15,RAPT_trades_2025_07_15.parquet,0.0012302874398836818,8941,False
RAPT,2025-10-20,RAPT_trades_2025_10_20.parquet,0.0011675814958463625,74513,False
RAY,2025-03-11,RAY_trades_2025_03_11.parquet,0.0010221428987548923,377638,False
RAY,2025-03-24,RAY_trades_2025_03_24.parquet,0.0018290506780870807,22416,False
RAY,2025-03-25,RAY_trades_2025_03_25.parquet,0.0012093698252925744,53747,False
RAY,2025-05-12,RAY_trades_2025_05_12.parquet,0.000800182898948331,8748,False
RAY,2025-05-22,RAY_trades_2025_05_22.parquet,0.002207792207792208,7700,False
RAY,2025-08-25,RAY_trades_2025_08_25.parquet,0.0010171293834808943,43259,False
RAY,2025-09-09,RAY_trades_2025_09_09.parquet,0.0009179575444635686,8715,False
RAYA,2025-04-15,RAYA_trades_2025_04_15.parquet,0.0,323,False
RAYA,2025-06-30,RAYA_trades_2025_06_30.parquet,0.0020408163265306124,1960,False
RAYA,2025-07-15,RAYA_trades_2025_07_15.parquet,0.0012046741356463078,8301,False
RAYA,2025-07-22,RAYA_trades_2025_07_22.parquet,0.0010072014906582062,99285,False
RAYA,2025-07-24,RAYA_trades_2025_07_24.parquet,0.0008287772861554091,74809,False
RAYA,2025-07-31,RAYA_trades_2025_07_31.parquet,0.0009578206762495687,283978,False
RAYA,2025-08-01,RAYA_trades_2025_08_01.parquet,0.0010092120493222496,209074,False
RAYA,2025-08-28,RAYA_trades_2025_08_28.parquet,0.0007984078128254379,172844,False
RAYA,2025-09-18,RAYA_trades_2025_09_18.parquet,0.0010123224072328691,28647,False
RAYA,2025-09-24,RAYA_trades_2025_09_24.parquet,0.0012882811617131878,88490,False
RAYA,2025-10-01,RAYA_trades_2025_10_01.parquet,0.0009521995810321843,15753,False
RBNE,2025-06-13,RBNE_trades_2025_06_13.parquet,0.0009830769761022212,1276604,False
RBNE,2025-06-17,RBNE_trades_2025_06_17.parquet,0.0009667657167896805,365135,False
RBNE,2025-06-23,RBNE_trades_2025_06_23.parquet,0.0015096272433802172,148381,False
RBNE,2025-09-10,RBNE_trades_2025_09_10.parquet,0.0009640511681168215,408692,False
RBNE,2025-10-23,RBNE_trades_2025_10_23.parquet,0.0012011619608592078,198974,False
RBOT,2025-10-03,RBOT_trades_2025_10_03.parquet,0.001048767697954903,5721,False
RCAT,2025-07-11,RCAT_trades_2025_07_11.parquet,0.0012883811031303058,217327,False
RCAT,2025-09-11,RCAT_trades_2025_09_11.parquet,0.0007402681817087557,166156,False
RCEL,2025-09-15,RCEL_trades_2025_09_15.parquet,0.0008528251871326605,184094,False
RCKT,2025-08-20,RCKT_trades_2025_08_20.parquet,0.0014069798434844163,228859,False
RCKY,2025-04-30,RCKY_trades_2025_04_30.parquet,0.0013410356921807305,9694,False
RCKY,2025-07-30,RCKY_trades_2025_07_30.parquet,0.0015895092390224518,5033,True
RCON,2025-05-22,RCON_trades_2025_05_22.parquet,0.0017513134851138354,571,False
RCON,2025-07-29,RCON_trades_2025_07_29.parquet,0.00108543223179128,252434,False
RCON,2025-07-30,RCON_trades_2025_07_30.parquet,0.0009546953653879535,34566,False
RCON,2025-07-31,RCON_trades_2025_07_31.parquet,0.0010559042646800024,17047,False
RCT,2025-04-09,RCT_trades_2025_04_09.parquet,0.0,684,False
RCT,2025-06-27,RCT_trades_2025_06_27.parquet,0.000906290599723398,381776,False
RCT,2025-07-01,RCT_trades_2025_07_01.parquet,0.0011194160379668606,85759,False
RCT,2025-07-28,RCT_trades_2025_07_28.parquet,0.00040306328093510683,2481,False
RCT,2025-09-22,RCT_trades_2025_09_22.parquet,0.0018300653594771241,3825,False
RCT,2025-09-24,RCT_trades_2025_09_24.parquet,0.0007006910565545269,228346,False
RCT,2025-09-26,RCT_trades_2025_09_26.parquet,0.0007465781833264206,24110,False
RDGT,2025-03-26,RDGT_trades_2025_03_26.parquet,0.0009576250897773521,4177,False
RDGT,2025-07-15,RDGT_trades_2025_07_15.parquet,0.0,305,False
RDGT,2025-10-14,RDGT_trades_2025_10_14.parquet,0.002086811352253756,2396,False
RDHL,2025-07-17,RDHL_trades_2025_07_17.parquet,0.0023325558147284237,3001,False
RDHL,2025-07-21,RDHL_trades_2025_07_21.parquet,0.0013552242785096977,135033,False
RDHL,2025-09-29,RDHL_trades_2025_09_29.parquet,0.0009644768228998775,387775,False
RDHL,2025-10-20,RDHL_trades_2025_10_20.parquet,0.0011817650078187482,167546,False
RDIB,2025-03-05,RDIB_trades_2025_03_05.parquet,0.0,399,False
RDIB,2025-03-18,RDIB_trades_2025_03_18.parquet,0.0019933554817275745,1505,False
RDIB,2025-05-15,RDIB_trades_2025_05_15.parquet,0.0,440,False
RDIB,2025-06-13,RDIB_trades_2025_06_13.parquet,0.0,481,False
RDIB,2025-08-05,RDIB_trades_2025_08_05.parquet,0.0012919896640826874,774,False
RDTL,2025-04-09,RDTL_trades_2025_04_09.parquet,0.002325581395348837,430,False
RDTL,2025-05-14,RDTL_trades_2025_05_14.parquet,0.0020614306328592042,4851,False
RDTL,2025-06-17,RDTL_trades_2025_06_17.parquet,0.0012867804752509221,11657,False
RDTL,2025-08-01,RDTL_trades_2025_08_01.parquet,0.0020046775810223854,20951,False
RDTL,2025-10-31,RDTL_trades_2025_10_31.parquet,0.0009501343293362165,30522,False
RDW,2025-01-21,RDW_trades_2025_01_21.parquet,0.00056165486838201,94364,False
RDW,2025-04-09,RDW_trades_2025_04_09.parquet,0.0007201044151401953,22219,False
REAL,2025-08-08,REAL_trades_2025_08_08.parquet,0.0014456304334910985,100994,False
REBN,2025-01-29,REBN_trades_2025_01_29.parquet,0.000503651473180559,19855,False
REBN,2025-01-31,REBN_trades_2025_01_31.parquet,0.0008299422696544589,273513,False
REBN,2025-02-03,REBN_trades_2025_02_03.parquet,0.0010988731661820805,511433,False
REBN,2025-02-18,REBN_trades_2025_02_18.parquet,0.00044790325289737414,17861,False
REBN,2025-02-20,REBN_trades_2025_02_20.parquet,0.0009619816822654669,49897,False
REE,2025-10-16,REE_trades_2025_10_16.parquet,0.0010749410386818334,62329,False
REFR,2025-05-09,REFR_trades_2025_05_09.parquet,0.0,906,False
REFR,2025-10-27,REFR_trades_2025_10_27.parquet,0.0030663089306247606,2609,False
REKR,2025-01-06,REKR_trades_2025_01_06.parquet,0.0010688303777683281,87011,False
REKR,2025-01-22,REKR_trades_2025_01_22.parquet,0.0009001927173141292,78872,False
REKR,2025-06-03,REKR_trades_2025_06_03.parquet,0.000975245367584504,96386,False
RELI,2025-01-14,RELI_trades_2025_01_14.parquet,0.0008705114254624592,4595,False
RELI,2025-06-17,RELI_trades_2025_06_17.parquet,0.001036159864664834,94580,False
RELI,2025-06-18,RELI_trades_2025_06_18.parquet,0.0008312255056351245,307979,False
RELI,2025-06-24,RELI_trades_2025_06_24.parquet,0.0012507106310403638,8795,False
RELI,2025-09-15,RELI_trades_2025_09_15.parquet,0.0010499779352462883,197147,False
RELI,2025-09-22,RELI_trades_2025_09_22.parquet,0.0010837689659569042,235290,False
RELI,2025-09-29,RELI_trades_2025_09_29.parquet,0.0007378766860482276,33881,False
RELI,2025-10-28,RELI_trades_2025_10_28.parquet,0.0009664136250315135,142796,False
RENT,2025-03-20,RENT_trades_2025_03_20.parquet,0.0009295840111550081,4303,False
RENT,2025-06-06,RENT_trades_2025_06_06.parquet,0.0009304386353566681,22570,False
RENT,2025-08-21,RENT_trades_2025_08_21.parquet,0.0007789895392833296,17972,False
RENT,2025-09-11,RENT_trades_2025_09_11.parquet,0.00041050903119868636,4872,False
REPL,2025-07-23,REPL_trades_2025_07_23.parquet,0.0007576546251633874,172902,False
REPL,2025-07-30,REPL_trades_2025_07_30.parquet,0.0010628442682976752,1319102,False
REPL,2025-09-23,REPL_trades_2025_09_23.parquet,0.0008431703204047217,59300,False
REPL,2025-10-20,REPL_trades_2025_10_20.parquet,0.0009259194717263461,860766,False
RETO,2025-02-20,RETO_trades_2025_02_20.parquet,0.0009808948436141516,44857,False
RETO,2025-02-24,RETO_trades_2025_02_24.parquet,0.0011351733209909625,205255,False
RETO,2025-02-25,RETO_trades_2025_02_25.parquet,0.0011371842653540628,120473,False
RETO,2025-03-03,RETO_trades_2025_03_03.parquet,0.0004836057645807138,10339,False
RETO,2025-03-04,RETO_trades_2025_03_04.parquet,0.0006255585344057193,11190,False
RETO,2025-04-25,RETO_trades_2025_04_25.parquet,0.0012040312750839848,67274,False
REVB,2025-04-08,REVB_trades_2025_04_08.parquet,0.0,3641,False
REVB,2025-06-03,REVB_trades_2025_06_03.parquet,0.0006971052060849538,193658,False
RFL,2025-06-10,RFL_trades_2025_06_10.parquet,0.0014417012074247613,11098,False
RFL,2025-07-10,RFL_trades_2025_07_10.parquet,0.0008919611996878136,8969,False
RGC,2025-03-20,RGC_trades_2025_03_20.parquet,0.0008939746111210441,27965,False
RGC,2025-03-21,RGC_trades_2025_03_21.parquet,0.0011265874641540352,39056,False
RGC,2025-03-31,RGC_trades_2025_03_31.parquet,0.0006568144499178982,12180,False
RGC,2025-04-04,RGC_trades_2025_04_04.parquet,0.0005006884466140943,7989,False
RGC,2025-04-11,RGC_trades_2025_04_11.parquet,0.001006204930404159,5963,False
RGC,2025-04-30,RGC_trades_2025_04_30.parquet,0.0006251674555684558,22394,False
RGC,2025-05-01,RGC_trades_2025_05_01.parquet,0.000513347022587269,5844,False
RGC,2025-05-05,RGC_trades_2025_05_05.parquet,0.00014074595355383532,7105,False
RGC,2025-05-06,RGC_trades_2025_05_06.parquet,0.0017952329660010495,36207,False
RGC,2025-05-07,RGC_trades_2025_05_07.parquet,0.0009803182263781011,13261,False
RGC,2025-05-08,RGC_trades_2025_05_08.parquet,0.0009938561619082039,11068,False
RGC,2025-05-09,RGC_trades_2025_05_09.parquet,0.0014065738821439147,13508,False
RGC,2025-05-12,RGC_trades_2025_05_12.parquet,0.0005903536218194699,16939,False
RGC,2025-05-14,RGC_trades_2025_05_14.parquet,0.0012972038051311616,6938,False
RGC,2025-05-20,RGC_trades_2025_05_20.parquet,0.002892453326321325,7606,False
RGC,2025-05-29,RGC_trades_2025_05_29.parquet,0.0006356605572624219,9439,False
RGC,2025-06-06,RGC_trades_2025_06_06.parquet,0.00048590864917395527,4116,False
RGC,2025-06-16,RGC_trades_2025_06_16.parquet,0.0012559658377292139,111468,False
RGC,2025-06-17,RGC_trades_2025_06_17.parquet,0.0010320148969106858,89146,False
RGC,2025-06-24,RGC_trades_2025_06_24.parquet,0.0007951615623719911,41501,False
RGC,2025-07-03,RGC_trades_2025_07_03.parquet,0.0007960551047033589,271338,False
RGC,2025-07-07,RGC_trades_2025_07_07.parquet,0.0014682467798678579,104887,False
RGC,2025-07-23,RGC_trades_2025_07_23.parquet,0.001157054990560867,32842,False
RGTI,2025-01-14,RGTI_trades_2025_01_14.parquet,0.0011612744286011612,1177155,False
RGTI,2025-01-21,RGTI_trades_2025_01_21.parquet,0.0008425478827478504,891344,False
RGTI,2025-05-22,RGTI_trades_2025_05_22.parquet,0.0008954197560392251,668960,False
RGTI,2025-07-16,RGTI_trades_2025_07_16.parquet,0.0011576113254835787,805970,False
RGTIW,2025-01-10,RGTIW_trades_2025_01_10.parquet,0.0003996003996003996,5005,False
RGTIW,2025-01-14,RGTIW_trades_2025_01_14.parquet,0.0005694760820045558,10536,False
RGTIW,2025-01-15,RGTIW_trades_2025_01_15.parquet,0.0022278803309993636,9426,False
RGTIW,2025-01-21,RGTIW_trades_2025_01_21.parquet,0.001029336078229542,11658,False
RGTIW,2025-03-14,RGTIW_trades_2025_03_14.parquet,0.0017196904557179708,2326,False
RGTIW,2025-05-22,RGTIW_trades_2025_05_22.parquet,0.0006902502157031924,5795,False
RGTIW,2025-06-11,RGTIW_trades_2025_06_11.parquet,0.00038204393505253105,5235,False
RGTIW,2025-07-16,RGTIW_trades_2025_07_16.parquet,0.00032557382386456127,6143,False
RGTIW,2025-09-12,RGTIW_trades_2025_09_12.parquet,0.0028596568411790586,4546,False
RGTIW,2025-09-18,RGTIW_trades_2025_09_18.parquet,0.0006423786363219235,10897,False
RGTIW,2025-09-19,RGTIW_trades_2025_09_19.parquet,0.0008284023668639054,8450,False
RGTIW,2025-10-02,RGTIW_trades_2025_10_02.parquet,0.002841275991217874,7743,False
RGTIW,2025-10-13,RGTIW_trades_2025_10_13.parquet,0.000945179584120983,6348,False
RGTX,2025-04-07,RGTX_trades_2025_04_07.parquet,0.0,1124,False
RGTX,2025-04-09,RGTX_trades_2025_04_09.parquet,0.0,958,False
RGTX,2025-05-02,RGTX_trades_2025_05_02.parquet,0.0010186757215619694,2945,False
RGTX,2025-05-14,RGTX_trades_2025_05_14.parquet,0.000883638731280811,21502,False
RGTX,2025-05-22,RGTX_trades_2025_05_22.parquet,0.0013740038472107722,32751,False
RGTX,2025-06-11,RGTX_trades_2025_06_11.parquet,0.0007926975738650012,41630,False
RGTX,2025-07-02,RGTX_trades_2025_07_02.parquet,0.0027552204176334106,13792,False
RGTX,2025-07-16,RGTX_trades_2025_07_16.parquet,0.0013468790887400908,51972,False
RGTX,2025-09-12,RGTX_trades_2025_09_12.parquet,0.0008699657131160125,39082,False
RGTX,2025-09-18,RGTX_trades_2025_09_18.parquet,0.0006812262071729113,24955,False
RGTX,2025-09-19,RGTX_trades_2025_09_19.parquet,0.0009553633034340003,37682,False
RGTX,2025-10-02,RGTX_trades_2025_10_02.parquet,0.0012642565095760706,37176,False
RGTX,2025-10-13,RGTX_trades_2025_10_13.parquet,0.0025578173292124056,56298,False
RGTX,2025-10-23,RGTX_trades_2025_10_23.parquet,0.001258235077897475,70734,False
RGTZ,2025-10-16,RGTZ_trades_2025_10_16.parquet,0.0010544266392428956,153638,False
RH,2025-04-09,RH_trades_2025_04_09.parquet,0.00098322616168171,101706,False
RHLD,2025-03-17,RHLD_trades_2025_03_17.parquet,0.002206114087614245,3173,False
RIGL,2025-05-07,RIGL_trades_2025_05_07.parquet,0.0026836942439385524,10806,False
RILY,2025-02-21,RILY_trades_2025_02_21.parquet,0.0014100022031284425,22695,False
RILY,2025-02-24,RILY_trades_2025_02_24.parquet,0.0010985389432055367,91030,False
RILY,2025-02-26,RILY_trades_2025_02_26.parquet,0.0009425662938293327,79570,False
RILYG,2025-05-21,RILYG_trades_2025_05_21.parquet,0.0,370,False
RILYL,2025-02-11,RILYL_trades_2025_02_11.parquet,0.0,346,False
RILYL,2025-02-26,RILYL_trades_2025_02_26.parquet,0.0,133,False
RILYL,2025-07-10,RILYL_trades_2025_07_10.parquet,0.004329004329004329,462,False
RILYL,2025-07-17,RILYL_trades_2025_07_17.parquet,0.0,192,False
RILYP,2025-02-26,RILYP_trades_2025_02_26.parquet,0.0,300,False
RILYP,2025-04-14,RILYP_trades_2025_04_14.parquet,0.0,307,False
RILYP,2025-07-10,RILYP_trades_2025_07_10.parquet,0.0,822,False
RILYP,2025-08-14,RILYP_trades_2025_08_14.parquet,0.0,257,False
RIME,2025-01-06,RIME_trades_2025_01_06.parquet,0.0007431827276711702,52477,False
RIME,2025-01-07,RIME_trades_2025_01_07.parquet,0.0011363789790141182,444394,False
RIME,2025-01-31,RIME_trades_2025_01_31.parquet,0.001589872364452237,67301,False
RITR,2025-02-28,RITR_trades_2025_02_28.parquet,0.000727802037845706,1374,False
RITR,2025-06-02,RITR_trades_2025_06_02.parquet,0.0013900610633967136,20143,False
RITR,2025-06-05,RITR_trades_2025_06_05.parquet,0.0016115587663239788,17995,False
RITR,2025-06-25,RITR_trades_2025_06_25.parquet,0.0009742157563161655,15397,False
RITR,2025-06-30,RITR_trades_2025_06_30.parquet,0.0007665772326561902,7827,False
RKDA,2025-10-08,RKDA_trades_2025_10_08.parquet,0.000638461682909883,53253,False
RKDA,2025-10-15,RKDA_trades_2025_10_15.parquet,0.0013265795643683882,443999,False
RKLB,2025-01-21,RKLB_trades_2025_01_21.parquet,0.0010774612500483167,413936,False
RKLX,2025-04-09,RKLX_trades_2025_04_09.parquet,0.004314994606256742,927,False
RKLX,2025-04-15,RKLX_trades_2025_04_15.parquet,0.0012738853503184713,1570,False
RKLX,2025-06-26,RKLX_trades_2025_06_26.parquet,0.0005874454514937899,11916,False
RLMD,2025-08-29,RLMD_trades_2025_08_29.parquet,0.0005380200860832137,33456,False
RLMD,2025-09-02,RLMD_trades_2025_09_02.parquet,0.00047582228037827874,16813,False
RMCF,2025-06-18,RMCF_trades_2025_06_18.parquet,0.0006675567423230974,1498,False
RMCF,2025-09-16,RMCF_trades_2025_09_16.parquet,0.0003632664922987504,13764,True
RMCO,2025-07-02,RMCO_trades_2025_07_02.parquet,0.0006724949562878278,2974,False
RMCO,2025-10-14,RMCO_trades_2025_10_14.parquet,0.0005928853754940712,5060,False
RMCO,2025-10-20,RMCO_trades_2025_10_20.parquet,0.0008481764206955047,4716,False
RMCO,2025-10-28,RMCO_trades_2025_10_28.parquet,0.00234192037470726,854,False
RMNI,2025-07-10,RMNI_trades_2025_07_10.parquet,0.0010859004400754415,17497,False
RMSG,2025-08-06,RMSG_trades_2025_08_06.parquet,0.0011663436678182278,225491,False
RMSG,2025-08-12,RMSG_trades_2025_08_12.parquet,0.0010515247108307045,3804,False
RMSG,2025-08-19,RMSG_trades_2025_08_19.parquet,0.00021123785382340515,4734,False
RMSG,2025-10-15,RMSG_trades_2025_10_15.parquet,0.0005806077027288562,5167,False
RMSG,2025-10-16,RMSG_trades_2025_10_16.parquet,0.00025284450063211124,3955,False
RMTI,2025-08-25,RMTI_trades_2025_08_25.parquet,0.0003808073115003808,23634,False
RNA,2025-10-27,RNA_trades_2025_10_27.parquet,0.0009280175282139964,220901,False
RNAC,2025-07-09,RNAC_trades_2025_07_09.parquet,0.0024849130280440185,5634,False
RNAZ,2025-01-23,RNAZ_trades_2025_01_23.parquet,0.001155882284948101,86514,False
RNAZ,2025-01-24,RNAZ_trades_2025_01_24.parquet,0.0007971415442038431,106631,False
RNAZ,2025-01-28,RNAZ_trades_2025_01_28.parquet,0.0011600898689706355,394797,False
RNAZ,2025-02-05,RNAZ_trades_2025_02_05.parquet,0.0007767268400438493,181531,False
RNAZ,2025-02-06,RNAZ_trades_2025_02_06.parquet,0.0008535601216711155,128872,False
RNAZ,2025-03-21,RNAZ_trades_2025_03_21.parquet,0.0009964793263535785,606134,False
RNAZ,2025-04-21,RNAZ_trades_2025_04_21.parquet,0.000487397298426403,14362,False
RNAZ,2025-04-24,RNAZ_trades_2025_04_24.parquet,0.0012862171676144057,14772,False
RNAZ,2025-05-01,RNAZ_trades_2025_05_01.parquet,0.0008351893095768374,150864,False
RNAZ,2025-07-23,RNAZ_trades_2025_07_23.parquet,0.0008364201218783606,58583,False
RNAZ,2025-07-28,RNAZ_trades_2025_07_28.parquet,0.0020635575732562937,2423,False
RNAZ,2025-10-08,RNAZ_trades_2025_10_08.parquet,0.0008816600261125538,207563,False
RNTX,2025-01-22,RNTX_trades_2025_01_22.parquet,0.0016488046166529267,1213,False
RNTX,2025-01-29,RNTX_trades_2025_01_29.parquet,0.0009439899307740718,3178,False
RNTX,2025-10-07,RNTX_trades_2025_10_07.parquet,0.03154459753444525,2758,False
ROMA,2025-09-03,ROMA_trades_2025_09_03.parquet,0.003125,960,False
ROMA,2025-09-09,ROMA_trades_2025_09_09.parquet,0.0012642225031605564,791,False
ROOT,2025-02-27,ROOT_trades_2025_02_27.parquet,0.0011715546530245637,51214,False
RPGL,2025-10-23,RPGL_trades_2025_10_23.parquet,0.0009738678785911378,12322,False
RPGL,2025-10-27,RPGL_trades_2025_10_27.parquet,0.0025904818296203095,13511,False
RPID,2025-01-14,RPID_trades_2025_01_14.parquet,0.0,1265,False
RPID,2025-02-05,RPID_trades_2025_02_05.parquet,0.0013297872340425532,7520,False
RR,2025-01-03,RR_trades_2025_01_03.parquet,0.001080794485908887,147114,False
RR,2025-01-14,RR_trades_2025_01_14.parquet,0.0010062209426160275,136153,False
RR,2025-03-17,RR_trades_2025_03_17.parquet,0.0012927359243061858,36357,False
RR,2025-05-27,RR_trades_2025_05_27.parquet,0.0012032660077352815,58175,False
RR,2025-08-26,RR_trades_2025_08_26.parquet,0.0009277439934930832,157371,False
RRGB,2025-02-27,RRGB_trades_2025_02_27.parquet,0.001085481682496608,25795,False
RRGB,2025-05-30,RRGB_trades_2025_05_30.parquet,0.0009498292503486367,182138,False
RSVRW,2025-01-31,RSVRW_trades_2025_01_31.parquet,0.0,252,False
RSVRW,2025-02-26,RSVRW_trades_2025_02_26.parquet,0.006896551724137931,290,False
RSVRW,2025-08-21,RSVRW_trades_2025_08_21.parquet,0.0,6,False
RUM,2025-05-09,RUM_trades_2025_05_09.parquet,0.0008269344359125812,67720,False
RUMBW,2025-04-09,RUMBW_trades_2025_04_09.parquet,0.0,92,False
RUMBW,2025-05-09,RUMBW_trades_2025_05_09.parquet,0.00423728813559322,472,False
RUMBW,2025-08-11,RUMBW_trades_2025_08_11.parquet,0.004032258064516129,248,False
RUMBW,2025-08-28,RUMBW_trades_2025_08_28.parquet,0.0,439,False
RUMBW,2025-10-03,RUMBW_trades_2025_10_03.parquet,0.0,443,False
RUN,2025-08-07,RUN_trades_2025_08_07.parquet,0.0010837492644475207,236217,False
RUN,2025-08-15,RUN_trades_2025_08_15.parquet,0.0010069232494926254,383346,False
RVYL,2025-06-02,RVYL_trades_2025_06_02.parquet,0.0008658797794285193,394974,False
RVYL,2025-06-05,RVYL_trades_2025_06_05.parquet,0.0009997713527399564,669153,False
RXRX,2025-04-11,RXRX_trades_2025_04_11.parquet,0.001211475092072107,226996,False
RYET,2025-04-10,RYET_trades_2025_04_10.parquet,0.0009484666455896301,12652,False
RYET,2025-04-15,RYET_trades_2025_04_15.parquet,0.0008431703204047217,4744,False
RYET,2025-04-30,RYET_trades_2025_04_30.parquet,0.0015413409666409777,9083,False
RYET,2025-05-08,RYET_trades_2025_05_08.parquet,0.000686027898467871,4373,False
RYET,2025-05-12,RYET_trades_2025_05_12.parquet,0.0013241135795203766,6797,False
RYET,2025-05-16,RYET_trades_2025_05_16.parquet,0.0009140767824497258,7658,False
RYET,2025-06-30,RYET_trades_2025_06_30.parquet,0.0011755485893416929,5104,False
RYET,2025-07-10,RYET_trades_2025_07_10.parquet,0.0009676795045480937,5167,False
RYET,2025-07-11,RYET_trades_2025_07_11.parquet,0.0010690613641223007,4677,False
RYET,2025-07-17,RYET_trades_2025_07_17.parquet,0.00033392698130008905,17968,False
RYM,2025-09-29,RYM_trades_2025_09_29.parquet,0.0,1953,False
RYOJ,2025-10-16,RYOJ_trades_2025_10_16.parquet,0.0009296086839434052,386184,False
RYOJ,2025-10-21,RYOJ_trades_2025_10_21.parquet,0.0012323560110684428,307541,False
RYOJ,2025-10-28,RYOJ_trades_2025_10_28.parquet,0.0016087947446038343,7459,False
RYTM,2025-07-09,RYTM_trades_2025_07_09.parquet,0.001618147221431461,66743,False
RZLT,2025-04-23,RZLT_trades_2025_04_23.parquet,0.0011670968465940972,89110,False
RZLV,2025-01-16,RZLV_trades_2025_01_16.parquet,0.0013847726772703154,77269,False
RZLV,2025-04-15,RZLV_trades_2025_04_15.parquet,0.0010205569324974486,41154,False
RZLV,2025-04-24,RZLV_trades_2025_04_24.parquet,0.00306428024235671,28718,False
RZLV,2025-06-24,RZLV_trades_2025_06_24.parquet,0.000976570582052619,120831,False
RZLVW,2025-09-09,RZLVW_trades_2025_09_09.parquet,0.0,723,False
RZLVW,2025-09-10,RZLVW_trades_2025_09_10.parquet,0.0010964912280701754,1824,False
RZLVW,2025-10-01,RZLVW_trades_2025_10_01.parquet,0.0016927634363097758,2363,False
RZLVW,2025-10-02,RZLVW_trades_2025_10_02.parquet,0.0,1848,False
RZLVW,2025-10-24,RZLVW_trades_2025_10_24.parquet,0.003236245954692557,618,False
SABS,2025-07-08,SABS_trades_2025_07_08.parquet,0.0,988,False
SABS,2025-07-21,SABS_trades_2025_07_21.parquet,0.0010115902413826501,557538,False
SAFX,2025-06-18,SAFX_trades_2025_06_18.parquet,0.0021263600787205647,88414,False
SAFX,2025-06-25,SAFX_trades_2025_06_25.parquet,0.0011552825068734832,223322,False
SAFX,2025-07-10,SAFX_trades_2025_07_10.parquet,0.0009147904405304698,552039,False
SAGT,2025-04-29,SAGT_trades_2025_04_29.parquet,0.0002195389681668496,4555,False
SAIH,2025-01-23,SAIH_trades_2025_01_23.parquet,0.0011677695601401323,2569,False
SAIH,2025-03-24,SAIH_trades_2025_03_24.parquet,0.0,364,False
SAIH,2025-03-25,SAIH_trades_2025_03_25.parquet,0.0,755,False
SAIH,2025-04-09,SAIH_trades_2025_04_09.parquet,0.0023023791250959325,1303,False
SAIH,2025-04-16,SAIH_trades_2025_04_16.parquet,0.0010523546435148646,3801,False
SAIH,2025-04-25,SAIH_trades_2025_04_25.parquet,0.0,2204,False
SAIH,2025-04-29,SAIH_trades_2025_04_29.parquet,0.00020458265139116204,4888,False
SAIH,2025-05-23,SAIH_trades_2025_05_23.parquet,0.0011624527753560012,3441,False
SAIH,2025-07-17,SAIH_trades_2025_07_17.parquet,0.0,3060,False
SAIH,2025-09-09,SAIH_trades_2025_09_09.parquet,0.0,2297,False
SAIH,2025-09-19,SAIH_trades_2025_09_19.parquet,0.0,1276,False
SANA,2025-01-08,SANA_trades_2025_01_08.parquet,0.0008720491184292609,761425,False
SANA,2025-10-15,SANA_trades_2025_10_15.parquet,0.0015058842260285785,150742,False
SANM,2025-10-06,SANM_trades_2025_10_06.parquet,0.000871493201071424,78027,False
SATL,2025-03-12,SATL_trades_2025_03_12.parquet,0.0008624655013799448,17392,False
SATS,2025-06-16,SATS_trades_2025_06_16.parquet,0.0009889119343292464,114267,False
SATS,2025-08-26,SATS_trades_2025_08_26.parquet,0.0010468286999907137,473812,False
SAVA,2025-09-23,SAVA_trades_2025_09_23.parquet,0.002029936436333812,195080,False
SBC,2025-02-13,SBC_trades_2025_02_13.parquet,0.0005141388174807198,1945,False
SBC,2025-04-10,SBC_trades_2025_04_10.parquet,0.001876172607879925,533,False
SBC,2025-05-22,SBC_trades_2025_05_22.parquet,0.0007401924500370096,1351,False
SBDS,2025-08-11,SBDS_trades_2025_08_11.parquet,0.003054989816700611,982,False
SBET,2025-01-29,SBET_trades_2025_01_29.parquet,0.0005442176870748299,11025,False
SBET,2025-02-06,SBET_trades_2025_02_06.parquet,0.0010508079861406947,105633,False
SBET,2025-03-03,SBET_trades_2025_03_03.parquet,0.0005051015254066068,9899,False
SBET,2025-04-25,SBET_trades_2025_04_25.parquet,0.00043426338074041906,9211,False
SBET,2025-05-05,SBET_trades_2025_05_05.parquet,0.0010296355985316501,22338,False
SBET,2025-05-09,SBET_trades_2025_05_09.parquet,0.0008200082000820008,2439,False
SBET,2025-05-22,SBET_trades_2025_05_22.parquet,0.0005249343832020997,1905,False
SBET,2025-05-23,SBET_trades_2025_05_23.parquet,0.0009672933921770146,49623,False
SBET,2025-05-27,SBET_trades_2025_05_27.parquet,0.0007473237517751563,952733,False
SBET,2025-05-29,SBET_trades_2025_05_29.parquet,0.0010074309878192434,316647,False
SBET,2025-05-30,SBET_trades_2025_05_30.parquet,0.0013653287674771307,270997,False
SBET,2025-06-03,SBET_trades_2025_06_03.parquet,0.0011479923586758625,111499,False
SBET,2025-06-11,SBET_trades_2025_06_11.parquet,0.001201731343918495,94031,False
SBET,2025-06-16,SBET_trades_2025_06_16.parquet,0.0009914555144499026,311663,False
SBET,2025-07-02,SBET_trades_2025_07_02.parquet,0.0007828389423999386,130295,False
SBET,2025-07-08,SBET_trades_2025_07_08.parquet,0.0008511483409700254,281972,False
SBET,2025-07-16,SBET_trades_2025_07_16.parquet,0.0009672060262624884,615174,False
SBFM,2025-04-02,SBFM_trades_2025_04_02.parquet,0.0009388769165305478,364265,False
SBLX,2025-09-09,SBLX_trades_2025_09_09.parquet,0.0016129032258064516,32240,False
SBLX,2025-10-14,SBLX_trades_2025_10_14.parquet,0.0010178368496467217,101195,False
SBXD.WS,2025-02-06,SBXD.WS_trades_2025_02_06.parquet,0.0,61,False
SBXD.WS,2025-06-09,SBXD.WS_trades_2025_06_09.parquet,0.0005714285714285715,1750,False
SBXD.WS,2025-06-20,SBXD.WS_trades_2025_06_20.parquet,0.0,794,False
SCAG,2025-07-02,SCAG_trades_2025_07_02.parquet,0.0010193185127657508,41204,False
SCAG,2025-07-09,SCAG_trades_2025_07_09.parquet,0.0011137867201559302,193933,False
SCAG,2025-09-05,SCAG_trades_2025_09_05.parquet,0.0011358088140819736,194575,False
SCLX,2025-04-02,SCLX_trades_2025_04_02.parquet,0.0006077795786061589,4936,False
SCLX,2025-07-17,SCLX_trades_2025_07_17.parquet,0.0005330490405117271,3752,False
SCLX,2025-07-23,SCLX_trades_2025_07_23.parquet,0.0003445305770887166,5805,False
SCLX,2025-07-28,SCLX_trades_2025_07_28.parquet,0.001583627725666951,8209,False
SCNI,2025-06-05,SCNI_trades_2025_06_05.parquet,0.0006877222732518429,212295,False
SCNI,2025-07-29,SCNI_trades_2025_07_29.parquet,0.0010167637311367804,466185,False
SCNI,2025-08-13,SCNI_trades_2025_08_13.parquet,0.0,5372,False
SCNX,2025-03-06,SCNX_trades_2025_03_06.parquet,0.000725990458411118,250692,False
SCNX,2025-03-17,SCNX_trades_2025_03_17.parquet,0.0013913212687293249,102780,False
SCNX,2025-03-19,SCNX_trades_2025_03_19.parquet,0.0011801570829772514,73719,False
SCNX,2025-10-16,SCNX_trades_2025_10_16.parquet,0.0011787956695874216,285885,False
SCNX,2025-10-23,SCNX_trades_2025_10_23.parquet,0.000913387593801827,1461592,False
SCNX,2025-10-31,SCNX_trades_2025_10_31.parquet,0.0009876682563422412,35437,False
SCOR,2025-01-23,SCOR_trades_2025_01_23.parquet,0.0005698005698005698,3510,False
SCOR,2025-09-29,SCOR_trades_2025_09_29.parquet,0.0005666180994010038,37062,False
SCS,2025-08-04,SCS_trades_2025_08_04.parquet,0.0010598397286810295,169837,False
SCWO,2025-10-09,SCWO_trades_2025_10_09.parquet,0.0007707045824509847,138834,False
SDM,2025-05-07,SDM_trades_2025_05_07.parquet,0.002290950744558992,6111,False
SDM,2025-05-20,SDM_trades_2025_05_20.parquet,0.004396678065461651,2047,False
SDM,2025-05-21,SDM_trades_2025_05_21.parquet,0.0009812167087188113,7134,False
SDM,2025-06-23,SDM_trades_2025_06_23.parquet,0.001431980906921241,2095,False
SDM,2025-06-30,SDM_trades_2025_06_30.parquet,0.0003147623544224111,3177,False
SDM,2025-07-11,SDM_trades_2025_07_11.parquet,0.0003832151753209427,5219,False
SDM,2025-07-16,SDM_trades_2025_07_16.parquet,0.0014731156395777069,4073,False
SDM,2025-07-28,SDM_trades_2025_07_28.parquet,0.0010667479427003963,6562,False
SDM,2025-07-30,SDM_trades_2025_07_30.parquet,0.004051604648683228,9379,False
SDM,2025-08-12,SDM_trades_2025_08_12.parquet,0.0031773541305603697,3462,False
SDOT,2025-10-15,SDOT_trades_2025_10_15.parquet,0.0010105047505835493,577929,False
SDST,2025-02-03,SDST_trades_2025_02_03.parquet,0.0019966722129783694,39065,False
SDST,2025-02-19,SDST_trades_2025_02_19.parquet,0.0018564356435643563,4848,False
SDST,2025-05-13,SDST_trades_2025_05_13.parquet,0.00038153376573826786,5242,False
SDST,2025-07-14,SDST_trades_2025_07_14.parquet,0.0010310477150277143,515980,False
SDST,2025-07-23,SDST_trades_2025_07_23.parquet,0.0006392694063926941,21900,False
SDST,2025-10-13,SDST_trades_2025_10_13.parquet,0.0006244146113019045,6406,False
SDST,2025-10-14,SDST_trades_2025_10_14.parquet,0.0007877251866566204,29198,False
SEDG,2025-02-19,SEDG_trades_2025_02_19.parquet,0.0008316209568481126,227267,False
SEED,2025-06-24,SEED_trades_2025_06_24.parquet,0.0,2750,False
SEED,2025-10-15,SEED_trades_2025_10_15.parquet,0.000772389644829495,310724,False
SEI,2025-02-21,SEI_trades_2025_02_21.parquet,0.0012800758563470428,42185,False
SENS,2025-01-10,SENS_trades_2025_01_10.parquet,0.0014343226900070086,122706,False
SEPN,2025-05-14,SEPN_trades_2025_05_14.parquet,0.0010035023083395875,351768,False
SERA,2025-06-12,SERA_trades_2025_06_12.parquet,0.001237404984974368,5657,False
SERA,2025-06-27,SERA_trades_2025_06_27.parquet,0.0010469559755012302,19103,False
SERV,2025-01-03,SERV_trades_2025_01_03.parquet,0.001334409384014255,125149,False
SERV,2025-10-09,SERV_trades_2025_10_09.parquet,0.0012094968893878342,448947,False
SES,2025-01-16,SES_trades_2025_01_16.parquet,0.0005590661900486218,59027,False
SES,2025-01-23,SES_trades_2025_01_23.parquet,0.0009553839090393496,296216,False
SES,2025-04-25,SES_trades_2025_04_25.parquet,0.0010700017370158068,143925,False
SEV,2025-10-23,SEV_trades_2025_10_23.parquet,0.0009488893681259435,23185,False
SEZL,2025-04-09,SEZL_trades_2025_04_09.parquet,0.0021633872463170905,19414,False
SEZL,2025-05-08,SEZL_trades_2025_05_08.parquet,0.0010324810097242854,94917,False
SFHG,2025-01-03,SFHG_trades_2025_01_03.parquet,0.000977230528681716,10233,False
SGBX,2025-01-03,SGBX_trades_2025_01_03.parquet,0.0,6330,False
SGBX,2025-01-15,SGBX_trades_2025_01_15.parquet,0.001281250530709443,529951,False
SGBX,2025-02-06,SGBX_trades_2025_02_06.parquet,0.0011848842621979604,70893,False
SGBX,2025-05-08,SGBX_trades_2025_05_08.parquet,0.00039556962025316455,2528,False
SGBX,2025-05-22,SGBX_trades_2025_05_22.parquet,0.0008957956028120193,102702,False
SGBX,2025-05-23,SGBX_trades_2025_05_23.parquet,0.0010640628422996276,63906,False
SGBX,2025-05-28,SGBX_trades_2025_05_28.parquet,0.0009097540613030008,360537,False
SGBX,2025-06-02,SGBX_trades_2025_06_02.parquet,0.0008994018977380042,22237,False
SGBX,2025-06-16,SGBX_trades_2025_06_16.parquet,0.0007872982548222018,7621,False
SGBX,2025-06-17,SGBX_trades_2025_06_17.parquet,0.0009419152276295133,6370,False
SGBX,2025-08-06,SGBX_trades_2025_08_06.parquet,0.001026979099184089,1004889,False
SGBX,2025-08-08,SGBX_trades_2025_08_08.parquet,0.000922614735911063,393447,False
SGBX,2025-10-10,SGBX_trades_2025_10_10.parquet,0.001104711741646767,924223,False
SGBX,2025-10-17,SGBX_trades_2025_10_17.parquet,0.0017457072936698961,248037,False
SGBX,2025-10-23,SGBX_trades_2025_10_23.parquet,0.00137751467352587,317238,False
SGD,2025-05-28,SGD_trades_2025_05_28.parquet,0.0009831373281065272,80355,False
SGD,2025-07-29,SGD_trades_2025_07_29.parquet,0.000685938541031213,355717,False
SGD,2025-07-30,SGD_trades_2025_07_30.parquet,0.0016377883235845934,226525,False
SGD,2025-08-04,SGD_trades_2025_08_04.parquet,0.0006445144657691206,13964,False
SGD,2025-09-08,SGD_trades_2025_09_08.parquet,0.001692047377326565,5319,False
SGD,2025-09-11,SGD_trades_2025_09_11.parquet,0.0017552657973921766,7976,False
SGHT,2025-10-17,SGHT_trades_2025_10_17.parquet,0.00026166593981683385,11465,False
SGLY,2025-01-22,SGLY_trades_2025_01_22.parquet,0.0003796987723073029,7901,False
SGLY,2025-02-03,SGLY_trades_2025_02_03.parquet,0.0010575785417313883,151289,False
SGLY,2025-03-21,SGLY_trades_2025_03_21.parquet,0.0011638511312806706,115135,False
SGLY,2025-03-28,SGLY_trades_2025_03_28.parquet,0.0020494226145903126,25373,False
SGLY,2025-04-30,SGLY_trades_2025_04_30.parquet,0.0,2126,False
SGLY,2025-05-29,SGLY_trades_2025_05_29.parquet,0.0009471191791633781,25340,False
SGML,2025-08-15,SGML_trades_2025_08_15.parquet,0.0008952093511011075,78194,False
SGMT,2025-01-06,SGMT_trades_2025_01_06.parquet,0.0008584078792807445,44268,False
SGMT,2025-06-12,SGMT_trades_2025_06_12.parquet,0.0008538565855781948,59729,False
SHFS,2025-04-21,SHFS_trades_2025_04_21.parquet,0.0011129596030444082,345026,False
SHFS,2025-07-09,SHFS_trades_2025_07_09.parquet,0.0003312355084465055,3019,False
SHFS,2025-09-02,SHFS_trades_2025_09_02.parquet,0.0009055623658763136,343433,False
SHFS,2025-09-24,SHFS_trades_2025_09_24.parquet,0.0011595768998981734,481210,False
SHIM,2025-05-27,SHIM_trades_2025_05_27.parquet,0.0,913,False
SHMD,2025-10-15,SHMD_trades_2025_10_15.parquet,0.0007102272727272727,1408,False
SHPH,2025-04-07,SHPH_trades_2025_04_07.parquet,0.0005250262513125656,5714,False
SHPH,2025-04-22,SHPH_trades_2025_04_22.parquet,0.0009375976664235858,9599,False
SHPH,2025-05-09,SHPH_trades_2025_05_09.parquet,0.0007440871644964124,376300,False
SIDU,2025-09-12,SIDU_trades_2025_09_12.parquet,0.0013756104271270377,43617,False
SILO,2025-01-08,SILO_trades_2025_01_08.parquet,0.0007584731129350327,619666,False
SILO,2025-05-12,SILO_trades_2025_05_12.parquet,0.0036572622779519333,1914,False
SINT,2025-02-19,SINT_trades_2025_02_19.parquet,0.0007034948804058703,584226,False
SINT,2025-02-21,SINT_trades_2025_02_21.parquet,0.0008208884538881698,31673,False
SINT,2025-09-03,SINT_trades_2025_09_03.parquet,0.0010898833183741504,358754,False
SINT,2025-09-05,SINT_trades_2025_09_05.parquet,0.00099647910715472,15053,False
SION,2025-10-21,SION_trades_2025_10_21.parquet,0.00061735323829835,17818,False
SKBL,2025-01-30,SKBL_trades_2025_01_30.parquet,0.0013120899718837863,21340,False
SKBL,2025-02-10,SKBL_trades_2025_02_10.parquet,0.00046061722708429296,2171,False
SKBL,2025-08-27,SKBL_trades_2025_08_27.parquet,0.0009363738279219803,232813,False
SKBL,2025-08-29,SKBL_trades_2025_08_29.parquet,0.0010474128901613016,14321,False
SKBL,2025-09-04,SKBL_trades_2025_09_04.parquet,0.000874221396568681,9151,False
SKBL,2025-09-09,SKBL_trades_2025_09_09.parquet,0.0008833922261484099,5660,False
SKBL,2025-09-10,SKBL_trades_2025_09_10.parquet,0.0005702066999287242,21045,False
SKBL,2025-09-22,SKBL_trades_2025_09_22.parquet,0.0010984484415762735,21849,False
SKIN,2025-05-07,SKIN_trades_2025_05_07.parquet,0.0005826147751106968,8582,False
SKIN,2025-05-09,SKIN_trades_2025_05_09.parquet,0.0018214936247723133,22509,False
SKIN,2025-08-08,SKIN_trades_2025_08_08.parquet,0.0006026862587533004,34844,False
SKK,2025-02-27,SKK_trades_2025_02_27.parquet,0.0003885003885003885,2574,True
SKYE,2025-01-29,SKYE_trades_2025_01_29.parquet,0.0011406844106463879,5260,False
SKYE,2025-04-15,SKYE_trades_2025_04_15.parquet,0.0006414819110888496,113799,False
SKYE,2025-06-23,SKYE_trades_2025_06_23.parquet,0.0008966524973432518,60224,False
SKYE,2025-06-27,SKYE_trades_2025_06_27.parquet,0.0004810197618952179,24947,False
SKYQ,2025-05-22,SKYQ_trades_2025_05_22.parquet,0.0,1161,False
SKYQ,2025-06-16,SKYQ_trades_2025_06_16.parquet,0.0010005190192412313,159917,False
SKYQ,2025-09-08,SKYQ_trades_2025_09_08.parquet,0.001233133404694043,393307,False
SKYT,2025-08-07,SKYT_trades_2025_08_07.parquet,0.0008040066330547227,59701,False
SLDB,2025-02-10,SLDB_trades_2025_02_10.parquet,0.0009031650043194848,25466,False
SLDB,2025-02-18,SLDB_trades_2025_02_18.parquet,0.001150969137132165,473514,False
SLDB,2025-02-19,SLDB_trades_2025_02_19.parquet,0.0007971350727534473,84051,False
SLDP,2025-08-07,SLDP_trades_2025_08_07.parquet,0.0011504334058524029,87793,False
SLDP,2025-10-06,SLDP_trades_2025_10_06.parquet,0.0010717727481514173,222062,False
SLDPW,2025-07-22,SLDPW_trades_2025_07_22.parquet,0.0,863,False
SLDPW,2025-10-10,SLDPW_trades_2025_10_10.parquet,0.0,1155,False
SLDPW,2025-10-13,SLDPW_trades_2025_10_13.parquet,0.0,1148,False
SLDPW,2025-10-14,SLDPW_trades_2025_10_14.parquet,0.0005941770647653001,1683,False
SLDPW,2025-10-16,SLDPW_trades_2025_10_16.parquet,0.0,899,False
SLDPW,2025-10-31,SLDPW_trades_2025_10_31.parquet,0.0012578616352201257,1590,False
SLE,2025-03-04,SLE_trades_2025_03_04.parquet,0.0016560861164780568,3623,False
SLE,2025-04-24,SLE_trades_2025_04_24.parquet,0.0,418,False
SLE,2025-05-16,SLE_trades_2025_05_16.parquet,0.000651748859439496,4603,False
SLE,2025-05-30,SLE_trades_2025_05_30.parquet,0.0010929439538340474,137244,False
SLE,2025-07-21,SLE_trades_2025_07_21.parquet,0.000572737686139748,1746,False
SLE,2025-09-17,SLE_trades_2025_09_17.parquet,0.0,2186,False
SLE,2025-09-23,SLE_trades_2025_09_23.parquet,0.0012698841493658328,903232,False
SLE,2025-10-10,SLE_trades_2025_10_10.parquet,0.000950620759435829,245103,False
SLGB,2025-10-22,SLGB_trades_2025_10_22.parquet,0.0012553351744915891,7966,False
SLGB,2025-10-23,SLGB_trades_2025_10_23.parquet,0.0007611798287345385,5255,False
SLGL,2025-01-07,SLGL_trades_2025_01_07.parquet,0.0024737167594310453,4851,False
SLGL,2025-04-17,SLGL_trades_2025_04_17.parquet,0.0009293680297397769,11836,False
SLGL,2025-04-21,SLGL_trades_2025_04_21.parquet,0.00040816326530612246,2450,False
SLGL,2025-05-06,SLGL_trades_2025_05_06.parquet,0.0009315323707498836,4294,False
SLGL,2025-08-21,SLGL_trades_2025_08_21.parquet,0.0017152658662092624,3498,False
SLGL,2025-10-06,SLGL_trades_2025_10_06.parquet,0.00030892801977139327,3237,False
SLMT,2025-10-23,SLMT_trades_2025_10_23.parquet,0.0009752428267172802,228661,False
SLNH,2025-07-10,SLNH_trades_2025_07_10.parquet,0.0017006802721088435,9996,False
SLNH,2025-07-11,SLNH_trades_2025_07_11.parquet,0.0009160910148802892,40389,False
SLNH,2025-09-22,SLNH_trades_2025_09_22.parquet,0.000875429898610925,335835,False
SLNH,2025-09-23,SLNH_trades_2025_09_23.parquet,0.0009586400639776899,390136,False
SLNH,2025-09-24,SLNH_trades_2025_09_24.parquet,0.0008442488743348343,117264,False
SLNH,2025-10-08,SLNH_trades_2025_10_08.parquet,0.0004226685602218165,59148,False
SLNH,2025-10-14,SLNH_trades_2025_10_14.parquet,0.001622858359050761,37588,False
SLNH,2025-10-15,SLNH_trades_2025_10_15.parquet,0.0008246307749501504,147945,False
SLNHP,2025-07-16,SLNHP_trades_2025_07_16.parquet,0.0,551,False
SLNHP,2025-07-31,SLNHP_trades_2025_07_31.parquet,0.0008058017727639,1241,False
SLNHP,2025-09-15,SLNHP_trades_2025_09_15.parquet,0.0,392,False
SLNHP,2025-09-16,SLNHP_trades_2025_09_16.parquet,0.0006724949562878278,2974,False
SLNHP,2025-09-22,SLNHP_trades_2025_09_22.parquet,0.0,665,False
SLNHP,2025-10-15,SLNHP_trades_2025_10_15.parquet,0.0,330,False
SLNO,2025-03-27,SLNO_trades_2025_03_27.parquet,0.0009501871580765909,138920,False
SLP,2025-04-11,SLP_trades_2025_04_11.parquet,0.001274840644919385,26670,False
SLQT,2025-02-11,SLQT_trades_2025_02_11.parquet,0.0009755711705535707,151706,False
SLQT,2025-08-21,SLQT_trades_2025_08_21.parquet,0.0013994402239104358,75030,False
SLRX,2025-01-13,SLRX_trades_2025_01_13.parquet,0.0010459044040415995,675970,False
SLRX,2025-01-16,SLRX_trades_2025_01_16.parquet,0.0014810700731278349,10803,False
SLRX,2025-02-26,SLRX_trades_2025_02_26.parquet,0.0010085728693898135,7932,False
SLRX,2025-06-17,SLRX_trades_2025_06_17.parquet,0.0009604882340191333,235297,False
SLRX,2025-07-29,SLRX_trades_2025_07_29.parquet,0.0008731656479734107,497042,False
SLS,2025-01-27,SLS_trades_2025_01_27.parquet,0.001172497889503799,42644,False
SLSN,2025-04-14,SLSN_trades_2025_04_14.parquet,0.005608524957936063,1783,False
SLSN,2025-10-02,SLSN_trades_2025_10_02.parquet,0.0,1971,False
SLXN,2025-01-28,SLXN_trades_2025_01_28.parquet,0.0009486801554334718,559725,False
SLXN,2025-01-29,SLXN_trades_2025_01_29.parquet,0.0010600874858566881,1134812,False
SLXN,2025-02-05,SLXN_trades_2025_02_05.parquet,0.0006133780991735537,30976,False
SLXN,2025-02-25,SLXN_trades_2025_02_25.parquet,0.0009926285128472165,184359,False
SLXN,2025-03-05,SLXN_trades_2025_03_05.parquet,0.000702453182653266,259092,False
SLXN,2025-04-23,SLXN_trades_2025_04_23.parquet,0.0007878596882499818,165004,False
SLXN,2025-07-17,SLXN_trades_2025_07_17.parquet,0.0012394645513138325,4034,False
SLXN,2025-07-31,SLXN_trades_2025_07_31.parquet,0.0008698623753456149,32189,False
SLXN,2025-09-11,SLXN_trades_2025_09_11.parquet,0.0012048066912038666,287183,False
SMCL,2025-01-06,SMCL_trades_2025_01_06.parquet,0.000998003992015968,1002,False
SMCL,2025-02-10,SMCL_trades_2025_02_10.parquet,0.0020170327207530256,4462,False
SMCL,2025-02-18,SMCL_trades_2025_02_18.parquet,0.0012364760432766616,9705,False
SMCL,2025-02-19,SMCL_trades_2025_02_19.parquet,0.001121830827911151,22285,False
SMCL,2025-02-26,SMCL_trades_2025_02_26.parquet,0.00029653059207274883,10117,False
SMCL,2025-04-09,SMCL_trades_2025_04_09.parquet,0.0019090041361756285,6286,False
SMCL,2025-05-13,SMCL_trades_2025_05_13.parquet,0.001382767262985049,11571,False
SMCL,2025-05-14,SMCL_trades_2025_05_14.parquet,0.0004867364322219518,24654,False
SMCX,2025-01-06,SMCX_trades_2025_01_06.parquet,0.0006890441972635102,20318,False
SMCX,2025-02-10,SMCX_trades_2025_02_10.parquet,0.0006442869520783809,45011,False
SMCX,2025-02-18,SMCX_trades_2025_02_18.parquet,0.0009770231116501583,59364,False
SMCX,2025-02-19,SMCX_trades_2025_02_19.parquet,0.001042367182246133,118960,False
SMCX,2025-02-26,SMCX_trades_2025_02_26.parquet,0.002062097858289503,76621,False
SMCX,2025-04-09,SMCX_trades_2025_04_09.parquet,0.001025072724754121,36095,False
SMCX,2025-05-13,SMCX_trades_2025_05_13.parquet,0.0013691669254439207,70846,False
SMCX,2025-05-14,SMCX_trades_2025_05_14.parquet,0.0011352291391581591,124204,False
SMCZ,2025-04-30,SMCZ_trades_2025_04_30.parquet,0.0010307153164296021,4851,False
SMCZ,2025-08-06,SMCZ_trades_2025_08_06.parquet,0.0007329587099926704,20465,True
SMLR,2025-05-16,SMLR_trades_2025_05_16.parquet,0.000437815592072619,34261,False
SMLR,2025-10-27,SMLR_trades_2025_10_27.parquet,0.001471240275706397,49618,False
SMSI,2025-01-06,SMSI_trades_2025_01_06.parquet,0.0003596475454055026,5561,False
SMST,2025-03-10,SMST_trades_2025_03_10.parquet,0.0014941919313635707,62241,False
SMTK,2025-03-17,SMTK_trades_2025_03_17.parquet,0.0,652,False
SMTK,2025-05-20,SMTK_trades_2025_05_20.parquet,0.0028563267637817767,3501,False
SMTK,2025-07-17,SMTK_trades_2025_07_17.parquet,0.00031104199066874026,9645,False
SMTK,2025-09-02,SMTK_trades_2025_09_02.parquet,0.0009161950956615468,259770,False
SMTK,2025-09-04,SMTK_trades_2025_09_04.parquet,0.0010091224671026076,24774,False
SMTK,2025-10-02,SMTK_trades_2025_10_02.parquet,0.0012815036309269544,4682,False
SMTK,2025-10-07,SMTK_trades_2025_10_07.parquet,0.0014796547472256474,4055,False
SMTK,2025-10-14,SMTK_trades_2025_10_14.parquet,0.0,2403,False
SMX,2025-01-10,SMX_trades_2025_01_10.parquet,0.000778083968228238,61690,False
SMX,2025-01-24,SMX_trades_2025_01_24.parquet,0.0005697735150277765,21061,False
SMX,2025-04-17,SMX_trades_2025_04_17.parquet,0.000914496930929148,208858,False
SMX,2025-07-25,SMX_trades_2025_07_25.parquet,0.0014234227793142222,307709,False
SMX,2025-07-28,SMX_trades_2025_07_28.parquet,0.0011327609991798058,425509,False
SMX,2025-08-08,SMX_trades_2025_08_08.parquet,0.0008491625950408905,76546,False
SMX,2025-08-29,SMX_trades_2025_08_29.parquet,0.0009603284985760646,301980,False
SMX,2025-09-04,SMX_trades_2025_09_04.parquet,0.0011925756743473358,138356,False
SMX,2025-09-10,SMX_trades_2025_09_10.parquet,0.0010032213529682467,217300,False
SMXT,2025-08-05,SMXT_trades_2025_08_05.parquet,0.0007716995733402218,921343,False
SNAL,2025-04-15,SNAL_trades_2025_04_15.parquet,0.0012836970474967907,779,False
SNAL,2025-07-15,SNAL_trades_2025_07_15.parquet,0.00044233108481698554,9043,False
SNCR,2025-03-12,SNCR_trades_2025_03_12.parquet,0.0030036043251902285,4994,False
SNES,2025-06-26,SNES_trades_2025_06_26.parquet,0.0,3489,False
SNES,2025-07-22,SNES_trades_2025_07_22.parquet,0.002672209026128266,3368,False
SNGX,2025-07-01,SNGX_trades_2025_07_01.parquet,0.0011200575605739738,269629,False
SNGX,2025-07-31,SNGX_trades_2025_07_31.parquet,0.0008709518268439704,1554621,False
SNGX,2025-08-04,SNGX_trades_2025_08_04.parquet,0.0006664188526209684,298611,False
SNGX,2025-08-18,SNGX_trades_2025_08_18.parquet,0.001138215762604561,1039346,False
SNGX,2025-10-07,SNGX_trades_2025_10_07.parquet,0.001973345114498196,67905,False
SNOA,2025-03-10,SNOA_trades_2025_03_10.parquet,0.0008831558100947385,186830,False
SNOA,2025-03-11,SNOA_trades_2025_03_11.parquet,0.0008197402012917605,373289,False
SNOA,2025-04-23,SNOA_trades_2025_04_23.parquet,0.001031608483948172,436212,False
SNOA,2025-08-14,SNOA_trades_2025_08_14.parquet,0.0009916599845827862,774459,False
SNSE,2025-03-28,SNSE_trades_2025_03_28.parquet,0.0012290271352620313,217245,False
SNSE,2025-08-01,SNSE_trades_2025_08_01.parquet,0.0014388489208633094,2780,False
SNSE,2025-10-16,SNSE_trades_2025_10_16.parquet,0.0005920663114268798,1689,False
SNSE,2025-10-30,SNSE_trades_2025_10_30.parquet,0.0005992808629644426,5006,False
SNTG,2025-01-28,SNTG_trades_2025_01_28.parquet,0.0012288709434719366,39874,False
SNTG,2025-09-04,SNTG_trades_2025_09_04.parquet,0.001612787613791126,27902,False
SNTG,2025-09-08,SNTG_trades_2025_09_08.parquet,0.0010213842472065228,570794,False
SNTI,2025-10-14,SNTI_trades_2025_10_14.parquet,0.0008792174964281789,9099,False
SNYR,2025-02-12,SNYR_trades_2025_02_12.parquet,0.0018656716417910447,536,False
SNYR,2025-04-15,SNYR_trades_2025_04_15.parquet,0.0010342273859718135,541467,False
SOBR,2025-01-16,SOBR_trades_2025_01_16.parquet,0.0011291418521923338,200152,False
SOBR,2025-02-14,SOBR_trades_2025_02_14.parquet,0.0008113843465235301,16022,False
SOBR,2025-02-18,SOBR_trades_2025_02_18.parquet,0.0009482660278348163,140256,False
SOBR,2025-03-05,SOBR_trades_2025_03_05.parquet,0.0007583270139415504,17143,False
SOBR,2025-03-06,SOBR_trades_2025_03_06.parquet,0.0006060272161313426,18151,False
SOBR,2025-03-11,SOBR_trades_2025_03_11.parquet,0.0007396449704142012,4056,False
SOBR,2025-04-04,SOBR_trades_2025_04_04.parquet,0.0005901639344262295,15250,False
SOBR,2025-04-08,SOBR_trades_2025_04_08.parquet,0.0008413703033956199,79632,False
SOBR,2025-07-09,SOBR_trades_2025_07_09.parquet,0.001447103706959895,311657,False
SOC,2025-07-17,SOC_trades_2025_07_17.parquet,0.0006151953245155337,84526,False
SOFX,2025-04-09,SOFX_trades_2025_04_09.parquet,0.0,4092,False
SOFX,2025-07-29,SOFX_trades_2025_07_29.parquet,0.0008369306669015945,22702,False
SOGP,2025-06-09,SOGP_trades_2025_06_09.parquet,0.0009440564057197935,151474,False
SOGP,2025-06-16,SOGP_trades_2025_06_16.parquet,0.00044792061468490506,29023,False
SOGP,2025-06-24,SOGP_trades_2025_06_24.parquet,0.001052228811938014,10454,False
SOGP,2025-07-09,SOGP_trades_2025_07_09.parquet,0.0009541984732824427,3144,False
SOGP,2025-08-28,SOGP_trades_2025_08_28.parquet,0.00111157326320548,968897,False
SOGP,2025-09-02,SOGP_trades_2025_09_02.parquet,0.001108759197661526,198420,False
SOGP,2025-09-04,SOGP_trades_2025_09_04.parquet,0.00098257006151743,70224,False
SOGP,2025-10-15,SOGP_trades_2025_10_15.parquet,0.0008069095364752996,33461,False
SOHO,2025-10-27,SOHO_trades_2025_10_27.parquet,0.005170945370483027,32876,False
SOHOB,2025-10-27,SOHOB_trades_2025_10_27.parquet,0.003766478342749529,531,False
SOHON,2025-10-27,SOHON_trades_2025_10_27.parquet,0.0,853,False
SOHOO,2025-10-27,SOHOO_trades_2025_10_27.parquet,0.0012468827930174563,1604,False
SOL,2025-03-17,SOL_trades_2025_03_17.parquet,0.0008813024722853565,21559,False
SOLS,2025-10-30,SOLS_trades_2025_10_30.parquet,0.0008939416022931546,102915,False
SOLT,2025-04-09,SOLT_trades_2025_04_09.parquet,0.004316546762589928,1390,False
SONM,2025-01-15,SONM_trades_2025_01_15.parquet,0.0009161156695610611,25106,False
SONM,2025-04-01,SONM_trades_2025_04_01.parquet,0.0014048890137679123,7118,False
SONM,2025-06-16,SONM_trades_2025_06_16.parquet,0.0011749207818563749,365131,False
SONM,2025-06-25,SONM_trades_2025_06_25.parquet,0.0008883648111925998,251023,False
SONM,2025-06-26,SONM_trades_2025_06_26.parquet,0.0009838254412574225,85381,False
SONN,2025-01-06,SONN_trades_2025_01_06.parquet,0.002409058058299205,8302,False
SONN,2025-01-22,SONN_trades_2025_01_22.parquet,0.0010940919037199124,4570,False
SONN,2025-04-04,SONN_trades_2025_04_04.parquet,0.0040650406504065045,984,False
SONN,2025-07-02,SONN_trades_2025_07_02.parquet,0.0011136934217841888,579154,False
SONN,2025-07-07,SONN_trades_2025_07_07.parquet,0.0011452368558042686,297755,False
SONN,2025-07-14,SONN_trades_2025_07_14.parquet,0.0009351054620845905,561434,False
SONN,2025-08-13,SONN_trades_2025_08_13.parquet,0.0014002927884921392,15711,False
SONN,2025-09-09,SONN_trades_2025_09_09.parquet,0.0007900677200902935,8860,False
SONN,2025-09-12,SONN_trades_2025_09_12.parquet,0.0008106730902858202,43174,False
SONN,2025-09-16,SONN_trades_2025_09_16.parquet,0.0018460712247843453,29793,False
SOPA,2025-01-21,SOPA_trades_2025_01_21.parquet,0.0006056476644711938,13209,False
SOPA,2025-01-31,SOPA_trades_2025_01_31.parquet,0.0011688826734016573,47909,False
SOPA,2025-02-03,SOPA_trades_2025_02_03.parquet,0.0011424668438923477,407014,False
SOPA,2025-02-06,SOPA_trades_2025_02_06.parquet,0.0008291873963515755,10854,False
SOPA,2025-02-10,SOPA_trades_2025_02_10.parquet,0.0007378984651711924,13552,False
SOPA,2025-02-11,SOPA_trades_2025_02_11.parquet,0.0013157510014327066,205206,False
SOPA,2025-05-01,SOPA_trades_2025_05_01.parquet,0.001055842327545753,25572,False
SOPA,2025-05-02,SOPA_trades_2025_05_02.parquet,0.001189113664402396,67277,False
SOPA,2025-08-14,SOPA_trades_2025_08_14.parquet,0.0004743833017077799,2108,False
SOPA,2025-10-06,SOPA_trades_2025_10_06.parquet,0.0011332329872467894,1209813,False
SORA,2025-08-14,SORA_trades_2025_08_14.parquet,0.0,481,False
SORA,2025-10-08,SORA_trades_2025_10_08.parquet,0.0,2679,False
SOS,2025-05-09,SOS_trades_2025_05_09.parquet,0.0,766,False
SOS,2025-05-12,SOS_trades_2025_05_12.parquet,0.0005672149744753262,1763,False
SOS,2025-09-08,SOS_trades_2025_09_08.parquet,0.0,896,False
SOS,2025-09-09,SOS_trades_2025_09_09.parquet,0.0006251465187153239,38391,False
SOUN,2025-08-08,SOUN_trades_2025_08_08.parquet,0.0009606772774806238,799436,False
SOUNW,2025-08-08,SOUNW_trades_2025_08_08.parquet,0.0,2449,False
SOUX,2025-07-08,SOUX_trades_2025_07_08.parquet,0.0021258503401360546,2352,False
SOUX,2025-08-08,SOUX_trades_2025_08_08.parquet,0.0004031354983202688,22325,False
SOUX,2025-08-11,SOUX_trades_2025_08_11.parquet,0.0010574177857671566,9457,False
SOWG,2025-01-03,SOWG_trades_2025_01_03.parquet,0.0006743088334457181,5932,False
SOWG,2025-06-02,SOWG_trades_2025_06_02.parquet,0.000562350625615071,7113,False
SOWG,2025-07-24,SOWG_trades_2025_07_24.parquet,0.0007696828906490526,71458,False
SOWG,2025-07-25,SOWG_trades_2025_07_25.parquet,0.001182606140737476,272280,False
SOWG,2025-09-23,SOWG_trades_2025_09_23.parquet,0.0010960906101571063,2737,False
SPAI,2025-04-07,SPAI_trades_2025_04_07.parquet,0.0,1597,False
SPAI,2025-04-22,SPAI_trades_2025_04_22.parquet,0.0,2105,False
SPAI,2025-07-17,SPAI_trades_2025_07_17.parquet,0.004296455424274973,2793,False
SPCB,2025-01-03,SPCB_trades_2025_01_03.parquet,0.0012636001115906592,60937,False
SPCB,2025-01-23,SPCB_trades_2025_01_23.parquet,0.0005755357166758127,74713,False
SPCE,2025-05-16,SPCE_trades_2025_05_16.parquet,0.0010514513516880527,401350,False
SPCY,2025-04-09,SPCY_trades_2025_04_09.parquet,0.0,215,False
SPHL,2025-03-11,SPHL_trades_2025_03_11.parquet,0.0,8445,False
SPHL,2025-03-12,SPHL_trades_2025_03_12.parquet,0.0015838781424816338,29674,False
SPIR,2025-04-08,SPIR_trades_2025_04_08.parquet,0.0007387862796833773,18950,False
SPNS,2025-08-13,SPNS_trades_2025_08_13.parquet,0.0011684042935647886,77884,False
SPPL,2025-01-03,SPPL_trades_2025_01_03.parquet,0.0012067966788955396,20716,False
SPPL,2025-01-06,SPPL_trades_2025_01_06.parquet,0.0009885330170027679,50580,False
SPPL,2025-02-26,SPPL_trades_2025_02_26.parquet,0.001497326203208556,4675,False
SPPL,2025-04-08,SPPL_trades_2025_04_08.parquet,0.0035236081747709656,1419,False
SPPL,2025-07-25,SPPL_trades_2025_07_25.parquet,0.000473260766682442,2113,False
SPPL,2025-09-19,SPPL_trades_2025_09_19.parquet,0.003219575016097875,1553,False
SPRB,2025-06-12,SPRB_trades_2025_06_12.parquet,0.0,154,False
SPRB,2025-07-11,SPRB_trades_2025_07_11.parquet,0.0,217,False
SPRB,2025-09-12,SPRB_trades_2025_09_12.parquet,0.0,668,False
SPRB,2025-09-29,SPRB_trades_2025_09_29.parquet,0.0011160714285714285,896,False
SPRB,2025-10-06,SPRB_trades_2025_10_06.parquet,0.0012464367205820075,791055,False
SPRB,2025-10-07,SPRB_trades_2025_10_07.parquet,0.0011153020316938978,227741,False
SPRC,2025-01-03,SPRC_trades_2025_01_03.parquet,0.00017464198393293747,5726,False
SPRC,2025-01-06,SPRC_trades_2025_01_06.parquet,0.0008978477307254895,350839,False
SPRC,2025-01-22,SPRC_trades_2025_01_22.parquet,0.000559753708368318,3573,False
SPRC,2025-02-05,SPRC_trades_2025_02_05.parquet,0.0006080875646093037,9867,False
SPRC,2025-03-10,SPRC_trades_2025_03_10.parquet,0.0008863980785177136,174865,False
SPRC,2025-05-05,SPRC_trades_2025_05_05.parquet,0.0010468357011759908,147110,False
SPRC,2025-09-17,SPRC_trades_2025_09_17.parquet,0.0008961871036144188,987517,False
SPRC,2025-09-25,SPRC_trades_2025_09_25.parquet,0.0009622513737844717,747206,False
SPRC,2025-09-30,SPRC_trades_2025_09_30.parquet,0.0010738018179314143,464704,False
SPRC,2025-10-15,SPRC_trades_2025_10_15.parquet,0.001513067400275103,21810,False
SPRO,2025-05-28,SPRO_trades_2025_05_28.parquet,0.0009206890112292211,690787,False
SPRO,2025-05-30,SPRO_trades_2025_05_30.parquet,0.0013310876887971314,73624,False
SPRU,2025-08-08,SPRU_trades_2025_08_08.parquet,0.0009056759514374262,261683,False
SPWH,2025-04-02,SPWH_trades_2025_04_02.parquet,0.0009722216500578801,242743,False
SPWH,2025-04-07,SPWH_trades_2025_04_07.parquet,0.0012544100352802822,12755,False
SQFT,2025-07-14,SQFT_trades_2025_07_14.parquet,0.001041313011399757,877738,False
SQFT,2025-09-17,SQFT_trades_2025_09_17.parquet,0.0010066821931523846,367544,False
SQNS,2025-07-08,SQNS_trades_2025_07_08.parquet,0.0007280955261330286,357096,False
SQNS,2025-07-10,SQNS_trades_2025_07_10.parquet,0.0011528394553421758,170015,False
SQNS,2025-07-11,SQNS_trades_2025_07_11.parquet,0.001237034922447426,73563,False
SRFM,2025-03-05,SRFM_trades_2025_03_05.parquet,0.0007246376811594203,2760,False
SRFM,2025-06-24,SRFM_trades_2025_06_24.parquet,0.0012223245635297132,288794,False
SRFM,2025-06-25,SRFM_trades_2025_06_25.parquet,0.0009681555328780385,343953,False
SRFM,2025-06-26,SRFM_trades_2025_06_26.parquet,0.0008329581269698334,133260,False
SRFM,2025-07-08,SRFM_trades_2025_07_08.parquet,0.0007504473820931709,155907,False
SRFM,2025-07-09,SRFM_trades_2025_07_09.parquet,0.0011910433539780848,104950,False
SRFM,2025-07-11,SRFM_trades_2025_07_11.parquet,0.0010596632813957038,117962,False
SRFM,2025-08-13,SRFM_trades_2025_08_13.parquet,0.0009094251272227705,51681,False
SRI,2025-05-01,SRI_trades_2025_05_01.parquet,0.0010001428775539363,6999,False
SRL,2025-09-23,SRL_trades_2025_09_23.parquet,0.00209351011863224,1433,False
SRPT,2025-07-29,SRPT_trades_2025_07_29.parquet,0.0009558443246404753,369307,True
SRZNW,2025-10-28,SRZNW_trades_2025_10_28.parquet,0.00468384074941452,427,False
SSII,2025-04-25,SSII_trades_2025_04_25.parquet,0.0010423905489923557,8634,False
SSII,2025-05-29,SSII_trades_2025_05_29.parquet,0.0004180602006688963,2392,False
SSII,2025-06-18,SSII_trades_2025_06_18.parquet,0.0004017139796464917,7468,False
SSII,2025-06-20,SSII_trades_2025_06_20.parquet,0.0010763033870941439,61321,False
SSII,2025-07-16,SSII_trades_2025_07_16.parquet,0.0003189792663476874,3135,False
SSII,2025-10-14,SSII_trades_2025_10_14.parquet,0.0016806722689075631,4760,False
SSKN,2025-08-27,SSKN_trades_2025_08_27.parquet,0.0011028674553839983,9974,False
SSKN,2025-09-02,SSKN_trades_2025_09_02.parquet,0.0011109639873272596,309641,False
SSKN,2025-09-23,SSKN_trades_2025_09_23.parquet,0.0014062797940634336,629320,False
SSKN,2025-09-26,SSKN_trades_2025_09_26.parquet,0.00027005130974885227,7406,False
SSKN,2025-10-14,SSKN_trades_2025_10_14.parquet,0.0008489625373913869,526525,False
SSP,2025-03-12,SSP_trades_2025_03_12.parquet,0.0005138954628440056,73945,False
SSP,2025-03-13,SSP_trades_2025_03_13.parquet,0.000501002004008016,45908,False
SSP,2025-08-12,SSP_trades_2025_08_12.parquet,0.0011337868480725624,13230,False
SST,2025-01-21,SST_trades_2025_01_21.parquet,0.0013358625664591627,37429,False
SST,2025-04-25,SST_trades_2025_04_25.parquet,0.0005991611743559018,1669,False
SST,2025-04-30,SST_trades_2025_04_30.parquet,0.0008237232289950577,1214,False
SST,2025-05-07,SST_trades_2025_05_07.parquet,0.0,594,False
SST,2025-05-09,SST_trades_2025_05_09.parquet,0.0022497187851518562,889,False
SST,2025-06-09,SST_trades_2025_06_09.parquet,0.0,2197,True
SST,2025-06-16,SST_trades_2025_06_16.parquet,0.0019554753309265946,6648,False
SST,2025-06-20,SST_trades_2025_06_20.parquet,0.0018221744615240854,21403,False
SST,2025-06-23,SST_trades_2025_06_23.parquet,0.0010425716768027802,17265,False
SST,2025-07-02,SST_trades_2025_07_02.parquet,0.0008552490912978405,4677,False
STAI,2025-01-06,STAI_trades_2025_01_06.parquet,0.00040871934604904634,7340,False
STAI,2025-01-07,STAI_trades_2025_01_07.parquet,0.0011493372155390391,13051,False
STAI,2025-01-10,STAI_trades_2025_01_10.parquet,0.0016155088852988692,67471,False
STAI,2025-01-22,STAI_trades_2025_01_22.parquet,0.0009272727272727273,165000,False
STAI,2025-02-14,STAI_trades_2025_02_14.parquet,0.0010401272626297806,212474,False
STAI,2025-02-18,STAI_trades_2025_02_18.parquet,0.0009596020176895056,475197,False
STAI,2025-02-20,STAI_trades_2025_02_20.parquet,0.0009078275385826704,232423,False
STAI,2025-02-25,STAI_trades_2025_02_25.parquet,0.001236450562585006,48526,False
STAI,2025-05-08,STAI_trades_2025_05_08.parquet,0.0019204506657562307,23432,False
STAI,2025-07-29,STAI_trades_2025_07_29.parquet,0.0007772632462711041,609832,False
STAK,2025-04-14,STAK_trades_2025_04_14.parquet,0.0009656211477879743,146020,False
STAK,2025-04-24,STAK_trades_2025_04_24.parquet,0.002607561929595828,2301,False
STAK,2025-06-16,STAK_trades_2025_06_16.parquet,0.0008860347910908795,246040,False
STAK,2025-07-22,STAK_trades_2025_07_22.parquet,0.000567000567000567,5291,False
STAK,2025-08-21,STAK_trades_2025_08_21.parquet,0.0014124293785310734,11328,False
STAK,2025-09-30,STAK_trades_2025_09_30.parquet,0.0012862372613040467,90963,False
STEC,2025-02-24,STEC_trades_2025_02_24.parquet,0.0010685545930258125,682230,False
STEC,2025-05-02,STEC_trades_2025_05_02.parquet,0.001326259946949602,3016,False
STEC,2025-05-05,STEC_trades_2025_05_05.parquet,0.001325820351342393,3017,False
STEC,2025-09-09,STEC_trades_2025_09_09.parquet,0.000815524657250564,545661,False
STEC,2025-09-11,STEC_trades_2025_09_11.parquet,0.0008362602441879914,5979,False
STEM,2025-01-03,STEM_trades_2025_01_03.parquet,0.0008561247628303022,86436,False
STEM,2025-01-06,STEM_trades_2025_01_06.parquet,0.0014609659857149993,80084,False
STEM,2025-01-14,STEM_trades_2025_01_14.parquet,0.0009685751183814034,55752,False
STEM,2025-04-30,STEM_trades_2025_04_30.parquet,0.0009667128540585827,31033,False
STEM,2025-07-18,STEM_trades_2025_07_18.parquet,0.000494674969446546,34366,False
STEM,2025-07-21,STEM_trades_2025_07_21.parquet,0.000792522318827067,42901,False
STEX,2025-10-06,STEX_trades_2025_10_06.parquet,0.0006479281725340162,32411,False
STFS,2025-01-14,STFS_trades_2025_01_14.parquet,0.0005224660397074191,3828,False
STG,2025-07-09,STG_trades_2025_07_09.parquet,0.0012575452716297787,3976,False
STG,2025-07-14,STG_trades_2025_07_14.parquet,0.0004329004329004329,2310,False
STI,2025-03-12,STI_trades_2025_03_12.parquet,0.0009140317791938967,467161,False
STI,2025-03-19,STI_trades_2025_03_19.parquet,0.0009801898472967395,19384,False
STI,2025-04-16,STI_trades_2025_04_16.parquet,0.0008038088171644099,32346,False
STI,2025-05-08,STI_trades_2025_05_08.parquet,0.0016281450385621293,329209,False
STI,2025-09-03,STI_trades_2025_09_03.parquet,0.001431417381910853,897013,False
STI,2025-10-13,STI_trades_2025_10_13.parquet,0.0010764443487605024,1607143,False
STI,2025-10-14,STI_trades_2025_10_14.parquet,0.00130989157429281,132072,False
STI,2025-10-17,STI_trades_2025_10_17.parquet,0.0013598326359832635,28680,False
STI,2025-10-24,STI_trades_2025_10_24.parquet,0.000286820593718629,6973,False
STIM,2025-01-13,STIM_trades_2025_01_13.parquet,0.0008218193024808671,38938,False
STKH,2025-07-10,STKH_trades_2025_07_10.parquet,0.0007526893184216979,468985,False
STKH,2025-08-26,STKH_trades_2025_08_26.parquet,0.0015783440125381432,180569,False
STKH,2025-09-29,STKH_trades_2025_09_29.parquet,0.0014216470418435708,415715,False
STKL,2025-05-08,STKL_trades_2025_05_08.parquet,0.0008577889839099581,38471,False
STOK,2025-08-13,STOK_trades_2025_08_13.parquet,0.0011783814771171056,31399,False
STRO,2025-04-24,STRO_trades_2025_04_24.parquet,0.0007378258730939498,12198,False
STRR,2025-09-05,STRR_trades_2025_09_05.parquet,0.0,613,False
STSS,2025-02-05,STSS_trades_2025_02_05.parquet,0.00100993098804915,11882,False
STSS,2025-02-20,STSS_trades_2025_02_20.parquet,0.0007895273023634881,78528,False
STSS,2025-02-26,STSS_trades_2025_02_26.parquet,0.0006696129637069774,7467,False
STSS,2025-03-10,STSS_trades_2025_03_10.parquet,0.0009915117857615312,778609,False
STSS,2025-03-13,STSS_trades_2025_03_13.parquet,0.0012980043183605206,80123,False
STSS,2025-04-10,STSS_trades_2025_04_10.parquet,0.0010705521303987396,364298,False
STSS,2025-04-11,STSS_trades_2025_04_11.parquet,0.0009884923491834939,175014,False
STSS,2025-04-14,STSS_trades_2025_04_14.parquet,0.0010878687097877102,289557,False
STSS,2025-04-17,STSS_trades_2025_04_17.parquet,0.0008054828383548707,144013,False
STSS,2025-04-30,STSS_trades_2025_04_30.parquet,0.000764389634876551,196235,False
STSS,2025-06-04,STSS_trades_2025_06_04.parquet,0.0009281835636123773,424485,False
STSS,2025-08-08,STSS_trades_2025_08_08.parquet,0.00087527352297593,2285,False
STSS,2025-08-21,STSS_trades_2025_08_21.parquet,0.0,2333,False
STSS,2025-08-25,STSS_trades_2025_08_25.parquet,0.0013721389899452863,349090,False
STSS,2025-08-27,STSS_trades_2025_08_27.parquet,0.0010227351855720355,229776,False
STTK,2025-02-24,STTK_trades_2025_02_24.parquet,0.0014887598630340926,6717,False
STTK,2025-04-07,STTK_trades_2025_04_07.parquet,0.0008406186953597848,11896,False
STTK,2025-08-05,STTK_trades_2025_08_05.parquet,0.0008214054035838549,237398,False
STTK,2025-09-03,STTK_trades_2025_09_03.parquet,0.0009891435464414958,41450,False
SUGP,2025-06-23,SUGP_trades_2025_06_23.parquet,0.0,1757,False
SUGP,2025-07-09,SUGP_trades_2025_07_09.parquet,0.0009898626828788858,569776,False
SUGP,2025-07-10,SUGP_trades_2025_07_10.parquet,0.0009798265615413495,109203,False
SUGP,2025-07-24,SUGP_trades_2025_07_24.parquet,0.0007530774800868935,34525,False
SUGP,2025-08-22,SUGP_trades_2025_08_22.parquet,0.0008599021034528377,15118,False
SUGP,2025-08-25,SUGP_trades_2025_08_25.parquet,0.0015128593040847202,4627,False
SUGP,2025-10-01,SUGP_trades_2025_10_01.parquet,0.0009502692429521698,3157,False
SUGP,2025-10-09,SUGP_trades_2025_10_09.parquet,0.0008360371837490296,50237,False
SUNE,2025-03-07,SUNE_trades_2025_03_07.parquet,0.0008674240304437853,679022,False
SUNE,2025-03-11,SUNE_trades_2025_03_11.parquet,0.0005780505931900135,36329,False
SUNE,2025-03-14,SUNE_trades_2025_03_14.parquet,0.0010484388549479944,612339,False
SUNE,2025-03-19,SUNE_trades_2025_03_19.parquet,0.0009658768540782969,148052,False
SUNE,2025-03-21,SUNE_trades_2025_03_21.parquet,0.0010224012696087408,65532,False
SUNE,2025-04-07,SUNE_trades_2025_04_07.parquet,0.0009417661243355896,623297,False
SUNE,2025-04-10,SUNE_trades_2025_04_10.parquet,0.0006764464776056087,174441,False
SUNE,2025-04-14,SUNE_trades_2025_04_14.parquet,0.0008639723528847077,93753,False
SUNE,2025-04-15,SUNE_trades_2025_04_15.parquet,0.0009321972835681089,222056,False
SUPV,2025-10-09,SUPV_trades_2025_10_09.parquet,0.0005275020380760562,41706,False
SUPV,2025-10-27,SUPV_trades_2025_10_27.parquet,0.0016058563120280084,138244,False
SUPX,2025-07-29,SUPX_trades_2025_07_29.parquet,0.00014725371815638345,6791,False
SUPX,2025-07-30,SUPX_trades_2025_07_30.parquet,0.0011249246184534027,86228,False
SUPX,2025-08-25,SUPX_trades_2025_08_25.parquet,0.00026549847338377806,15066,False
SUPX,2025-09-04,SUPX_trades_2025_09_04.parquet,0.0,4147,False
SURG,2025-03-26,SURG_trades_2025_03_26.parquet,0.001097523317719979,268787,False
SUUN,2025-02-03,SUUN_trades_2025_02_03.parquet,0.0013182950051267028,6827,False
SUUN,2025-02-10,SUUN_trades_2025_02_10.parquet,0.00042857142857142855,7000,False
SUUN,2025-06-03,SUUN_trades_2025_06_03.parquet,0.0005398839249561345,14818,False
SUUN,2025-06-16,SUUN_trades_2025_06_16.parquet,0.0009264978381717109,12952,False
SUUN,2025-08-18,SUUN_trades_2025_08_18.parquet,0.0004827031375703942,6215,False
SVRE,2025-06-11,SVRE_trades_2025_06_11.parquet,0.001100715465052284,9085,False
SVRE,2025-06-27,SVRE_trades_2025_06_27.parquet,0.0008221169852086886,294362,False
SVRE,2025-07-07,SVRE_trades_2025_07_07.parquet,0.0011071382666713405,342324,False
SWIM,2025-03-05,SWIM_trades_2025_03_05.parquet,0.0017956252040483187,24504,False
SWVL,2025-05-14,SWVL_trades_2025_05_14.parquet,0.0,1651,False
SXTC,2025-02-24,SXTC_trades_2025_02_24.parquet,0.000835133510010467,89806,False
SXTC,2025-04-17,SXTC_trades_2025_04_17.parquet,0.0008047998625510348,221173,False
SXTC,2025-04-22,SXTC_trades_2025_04_22.parquet,0.0011926875004141277,452759,False
SXTC,2025-04-25,SXTC_trades_2025_04_25.parquet,0.0008024691358024691,145800,False
SXTC,2025-05-06,SXTC_trades_2025_05_06.parquet,0.0009039010466222645,168160,False
SXTC,2025-05-19,SXTC_trades_2025_05_19.parquet,0.0022536365498873182,58572,False
SXTC,2025-06-05,SXTC_trades_2025_06_05.parquet,0.0004897426130489198,18377,False
SXTC,2025-06-06,SXTC_trades_2025_06_06.parquet,0.00032586937293422095,21481,False
SXTP,2025-01-29,SXTP_trades_2025_01_29.parquet,0.0012568664466733098,199703,False
SXTP,2025-04-08,SXTP_trades_2025_04_08.parquet,0.0008834488703966258,421077,False
SXTP,2025-04-10,SXTP_trades_2025_04_10.parquet,0.0010359536867763559,16410,False
SXTP,2025-04-22,SXTP_trades_2025_04_22.parquet,0.0016894745734076701,11838,False
SY,2025-06-23,SY_trades_2025_06_23.parquet,0.0012587810127096277,24627,False
SY,2025-06-24,SY_trades_2025_06_24.parquet,0.0008100081000810009,11111,False
SY,2025-06-30,SY_trades_2025_06_30.parquet,0.001848249027237354,10280,False
SY,2025-07-07,SY_trades_2025_07_07.parquet,0.001275811557907669,21163,False
SYBX,2025-07-15,SYBX_trades_2025_07_15.parquet,0.0010245901639344263,1952,False
SYPR,2025-01-03,SYPR_trades_2025_01_03.parquet,0.0010192294625263301,14717,False
SYPR,2025-01-06,SYPR_trades_2025_01_06.parquet,0.002480568877129155,6047,False
TAIT,2025-09-08,TAIT_trades_2025_09_08.parquet,0.0011496455259628281,114818,False
TANH,2025-02-18,TANH_trades_2025_02_18.parquet,0.0032853171594642407,3957,False
TANH,2025-05-12,TANH_trades_2025_05_12.parquet,0.000883906868358143,49779,False
TANH,2025-09-16,TANH_trades_2025_09_16.parquet,0.0010089670167261152,140738,False
TAOP,2025-01-15,TAOP_trades_2025_01_15.parquet,0.0008562886418391339,68902,False
TAOP,2025-05-09,TAOP_trades_2025_05_09.parquet,0.0009416195856873823,33984,False
TAOP,2025-05-12,TAOP_trades_2025_05_12.parquet,0.0010405789203216467,546811,False
TAOP,2025-05-15,TAOP_trades_2025_05_15.parquet,0.0006298653773647674,225445,False
TAOP,2025-06-20,TAOP_trades_2025_06_20.parquet,0.0,2165,False
TAOX,2025-10-13,TAOX_trades_2025_10_13.parquet,0.000682710360129715,5859,False
TAOX,2025-10-20,TAOX_trades_2025_10_20.parquet,0.0004049566696363489,12347,False
TARA,2025-09-22,TARA_trades_2025_09_22.parquet,0.0005537098560354374,12642,False
TARK,2025-04-09,TARK_trades_2025_04_09.parquet,0.0,2943,False
TBH,2025-04-03,TBH_trades_2025_04_03.parquet,0.001844233224570861,7049,False
TBH,2025-06-05,TBH_trades_2025_06_05.parquet,0.000639849248704481,142221,False
TBH,2025-06-23,TBH_trades_2025_06_23.parquet,0.0015249068112504235,5902,False
TBH,2025-07-23,TBH_trades_2025_07_23.parquet,0.0012981393336218088,2311,False
TBH,2025-07-25,TBH_trades_2025_07_25.parquet,0.00031928480204342275,3132,False
TBH,2025-08-29,TBH_trades_2025_08_29.parquet,0.001030502885408079,4852,False
TBH,2025-09-02,TBH_trades_2025_09_02.parquet,0.0007869058860560277,12708,False
TBI,2025-05-13,TBI_trades_2025_05_13.parquet,0.0004180776788327271,23919,False
TBN,2025-01-24,TBN_trades_2025_01_24.parquet,0.00017257248044178554,17384,False
TC,2025-01-27,TC_trades_2025_01_27.parquet,0.0011207826624349264,95469,False
TC,2025-05-09,TC_trades_2025_05_09.parquet,0.003457814661134163,1446,False
TC,2025-08-11,TC_trades_2025_08_11.parquet,0.0006435962176345363,20199,False
TC,2025-08-27,TC_trades_2025_08_27.parquet,0.0,1486,False
TC,2025-09-10,TC_trades_2025_09_10.parquet,0.0,3330,False
TC,2025-09-11,TC_trades_2025_09_11.parquet,0.0,2381,False
TCRT,2025-04-01,TCRT_trades_2025_04_01.parquet,0.0004795326736126248,22939,False
TCRT,2025-04-02,TCRT_trades_2025_04_02.parquet,0.0009204138893424979,67361,False
TCRT,2025-04-03,TCRT_trades_2025_04_03.parquet,0.0010304630643395375,31054,False
TCRT,2025-06-16,TCRT_trades_2025_06_16.parquet,0.0,2554,False
TCRT,2025-08-22,TCRT_trades_2025_08_22.parquet,0.0008964589870013447,33465,False
TCRX,2025-10-01,TCRX_trades_2025_10_01.parquet,0.0007503564192991671,13327,False
TCX,2025-02-14,TCX_trades_2025_02_14.parquet,0.0012465719272001994,4011,False
TDTH,2025-01-22,TDTH_trades_2025_01_22.parquet,0.0016,1250,False
TDTH,2025-01-30,TDTH_trades_2025_01_30.parquet,0.001700990219306239,16461,False
TDTH,2025-01-31,TDTH_trades_2025_01_31.parquet,0.0014045765786855505,153783,False
TDTH,2025-03-20,TDTH_trades_2025_03_20.parquet,0.0006327512022272843,7902,False
TDTH,2025-07-16,TDTH_trades_2025_07_16.parquet,0.0009410050541077906,65887,False
TDTH,2025-07-18,TDTH_trades_2025_07_18.parquet,0.0008644010821020954,62471,False
TDTH,2025-07-21,TDTH_trades_2025_07_21.parquet,0.001005458201666188,41772,False
TDTH,2025-07-22,TDTH_trades_2025_07_22.parquet,0.0005982948596499975,40114,False
TDUP,2025-01-14,TDUP_trades_2025_01_14.parquet,0.0004097139451728248,53696,False
TDUP,2025-05-06,TDUP_trades_2025_05_06.parquet,0.0008716107929783785,106699,False
TE,2025-10-09,TE_trades_2025_10_09.parquet,0.0012706668045684903,67681,False
TE,2025-10-15,TE_trades_2025_10_15.parquet,0.0014043444339506426,121765,False
TECX,2025-01-30,TECX_trades_2025_01_30.parquet,0.0011367678673616158,129314,False
TECX,2025-10-30,TECX_trades_2025_10_30.parquet,0.0011563156133037155,32863,False
TELO,2025-07-18,TELO_trades_2025_07_18.parquet,0.001142377086506603,764196,False
TELO,2025-08-28,TELO_trades_2025_08_28.parquet,0.0013263289295745344,230712,False
TELO,2025-10-07,TELO_trades_2025_10_07.parquet,0.0009693776098627958,80464,False
TEM,2025-01-21,TEM_trades_2025_01_21.parquet,0.0007423048927261328,416271,False
TEO,2025-10-27,TEO_trades_2025_10_27.parquet,0.001607052665411635,21779,False
TGE,2025-06-06,TGE_trades_2025_06_06.parquet,0.001487196170469861,43034,False
TGE,2025-06-17,TGE_trades_2025_06_17.parquet,0.0021646823744900508,12011,False
TGE,2025-09-10,TGE_trades_2025_09_10.parquet,0.0,1831,False
TGE,2025-09-17,TGE_trades_2025_09_17.parquet,0.0009875213214830775,111390,False
TGE,2025-10-20,TGE_trades_2025_10_20.parquet,0.0009376465072667605,2133,False
TGE,2025-10-31,TGE_trades_2025_10_31.parquet,0.001445086705202312,276108,False
TGL,2025-01-03,TGL_trades_2025_01_03.parquet,0.0008527499709513578,507769,False
TGL,2025-01-17,TGL_trades_2025_01_17.parquet,0.0010098022951363593,277282,False
TGL,2025-02-11,TGL_trades_2025_02_11.parquet,0.0010253071852876557,61445,False
TGL,2025-03-24,TGL_trades_2025_03_24.parquet,0.0016286144485757306,65086,False
TGL,2025-03-31,TGL_trades_2025_03_31.parquet,0.0007584619933409608,77789,False
TGL,2025-04-09,TGL_trades_2025_04_09.parquet,0.0008391404283264621,27409,False
TGL,2025-04-16,TGL_trades_2025_04_16.parquet,0.0009018456710609696,626493,False
TGL,2025-05-16,TGL_trades_2025_05_16.parquet,0.0015996420381453101,178790,False
TGL,2025-06-04,TGL_trades_2025_06_04.parquet,0.0009535942875887796,131083,False
TGL,2025-09-11,TGL_trades_2025_09_11.parquet,0.0016278114714582453,336034,False
TGL,2025-10-27,TGL_trades_2025_10_27.parquet,0.0010779678166287238,256965,False
TGNA,2025-08-11,TGNA_trades_2025_08_11.parquet,0.0009593790201251553,91726,False
TGS,2025-10-27,TGS_trades_2025_10_27.parquet,0.0007941151884978684,23926,False
THAR,2025-08-20,THAR_trades_2025_08_20.parquet,0.0009789918466940428,1344240,False
THAR,2025-08-21,THAR_trades_2025_08_21.parquet,0.0011970764358594644,711734,False
THAR,2025-08-25,THAR_trades_2025_08_25.parquet,0.0010486513955461384,464406,False
THAR,2025-08-28,THAR_trades_2025_08_28.parquet,0.0015428369611688384,107594,False
THAR,2025-09-19,THAR_trades_2025_09_19.parquet,0.0014709086947047288,18356,False
TIL,2025-01-07,TIL_trades_2025_01_07.parquet,0.0023783783783783785,9250,False
TIL,2025-04-23,TIL_trades_2025_04_23.parquet,0.000955211207811505,9422,False
TIL,2025-05-22,TIL_trades_2025_05_22.parquet,0.0020242914979757085,18772,False
TIL,2025-05-29,TIL_trades_2025_05_29.parquet,0.002012072434607646,9443,False
TIL,2025-06-02,TIL_trades_2025_06_02.parquet,0.0010124252185918085,21730,False
TIVC,2025-02-12,TIVC_trades_2025_02_12.parquet,0.0009146114651725582,685537,False
TIVC,2025-02-13,TIVC_trades_2025_02_13.parquet,0.0016786925545717343,175732,False
TIVC,2025-04-02,TIVC_trades_2025_04_02.parquet,0.0008911332244170504,6733,False
TIVC,2025-04-03,TIVC_trades_2025_04_03.parquet,0.0010428300804028164,324118,False
TIVC,2025-04-09,TIVC_trades_2025_04_09.parquet,0.0012769909449732992,8614,False
TIVC,2025-04-22,TIVC_trades_2025_04_22.parquet,0.0012718868466114362,404124,False
TIVC,2025-08-15,TIVC_trades_2025_08_15.parquet,0.0010215727431622465,375891,False
TLIH,2025-07-09,TLIH_trades_2025_07_09.parquet,0.0005984440454817474,5013,False
TLIH,2025-07-22,TLIH_trades_2025_07_22.parquet,0.00045330915684496827,2206,False
TLPH,2025-09-08,TLPH_trades_2025_09_08.parquet,0.0010949813355454168,120550,False
TLRY,2025-08-12,TLRY_trades_2025_08_12.parquet,0.0010709791426811962,224094,False
TLRY,2025-08-13,TLRY_trades_2025_08_13.parquet,0.0008056089526285983,125371,False
TLRY,2025-09-29,TLRY_trades_2025_09_29.parquet,0.0009625020728040894,277402,False
TLRY,2025-10-09,TLRY_trades_2025_10_09.parquet,0.0017220017994365698,271196,False
TLS,2025-05-12,TLS_trades_2025_05_12.parquet,0.0006673542437663047,16483,False
TLS,2025-08-11,TLS_trades_2025_08_11.parquet,0.0006848861100678258,90526,False
TLS,2025-08-12,TLS_trades_2025_08_12.parquet,0.0006158066367160711,71451,False
TLSA,2025-05-06,TLSA_trades_2025_05_06.parquet,0.0006165228113440197,3244,False
TLSIW,2025-01-30,TLSIW_trades_2025_01_30.parquet,0.0,132,False
TLSIW,2025-02-03,TLSIW_trades_2025_02_03.parquet,0.0,31,False
TLSIW,2025-02-12,TLSIW_trades_2025_02_12.parquet,0.0,75,False
TLSIW,2025-04-02,TLSIW_trades_2025_04_02.parquet,0.0,18,False
TLSIW,2025-04-14,TLSIW_trades_2025_04_14.parquet,0.0,9,False
TLSIW,2025-04-30,TLSIW_trades_2025_04_30.parquet,0.0,3,False
TLSIW,2025-05-22,TLSIW_trades_2025_05_22.parquet,0.0,274,False
TLSIW,2025-05-28,TLSIW_trades_2025_05_28.parquet,0.0,35,False
TLSIW,2025-06-02,TLSIW_trades_2025_06_02.parquet,0.0,346,False
TLSIW,2025-06-04,TLSIW_trades_2025_06_04.parquet,0.0,353,False
TLSIW,2025-07-21,TLSIW_trades_2025_07_21.parquet,0.003464203233256351,866,False
TLSIW,2025-07-22,TLSIW_trades_2025_07_22.parquet,0.002035623409669211,1965,False
TLSIW,2025-07-30,TLSIW_trades_2025_07_30.parquet,0.004528301886792453,1325,False
TLSIW,2025-09-09,TLSIW_trades_2025_09_09.parquet,0.0,23,False
TLX,2025-02-24,TLX_trades_2025_02_24.parquet,0.0008703220191470844,4596,False
TLYS,2025-05-30,TLYS_trades_2025_05_30.parquet,0.0008268367587999055,25398,False
TLYS,2025-06-02,TLYS_trades_2025_06_02.parquet,0.0011196498549544507,19649,False
TLYS,2025-06-05,TLYS_trades_2025_06_05.parquet,0.0005747126436781609,15660,False
TLYS,2025-07-01,TLYS_trades_2025_07_01.parquet,0.0007009673349221927,7133,False
TLYS,2025-07-24,TLYS_trades_2025_07_24.parquet,0.0007112375533428165,8436,False
TMC,2025-04-14,TMC_trades_2025_04_14.parquet,0.00064846255423505,84816,False
TMC,2025-04-24,TMC_trades_2025_04_24.parquet,0.0007268956472675332,196727,False
TMC,2025-06-16,TMC_trades_2025_06_16.parquet,0.0010840964109041153,95010,False
TMC,2025-06-18,TMC_trades_2025_06_18.parquet,0.0014978329830796129,175587,False
TMCWW,2025-06-16,TMCWW_trades_2025_06_16.parquet,0.0008873114463176575,3381,False
TMCWW,2025-06-18,TMCWW_trades_2025_06_18.parquet,0.002640981823830977,6437,False
TMCWW,2025-06-25,TMCWW_trades_2025_06_25.parquet,0.0002703433360367667,3699,False
TMCWW,2025-10-07,TMCWW_trades_2025_10_07.parquet,0.001151576219951058,6947,False
TMCWW,2025-10-13,TMCWW_trades_2025_10_13.parquet,0.0023323615160349854,5145,False
TNGX,2025-05-19,TNGX_trades_2025_05_19.parquet,0.0008075489230837306,90397,False
TNGX,2025-05-20,TNGX_trades_2025_05_20.parquet,0.0015222110446338752,75548,False
TNGX,2025-05-29,TNGX_trades_2025_05_29.parquet,0.0006896741979089078,36249,False
TNGX,2025-06-03,TNGX_trades_2025_06_03.parquet,0.0011344922232387922,54650,False
TNGX,2025-06-06,TNGX_trades_2025_06_06.parquet,0.0006554392353208922,54925,False
TNMG,2025-01-27,TNMG_trades_2025_01_27.parquet,0.00038684719535783365,2585,False
TNMG,2025-01-29,TNMG_trades_2025_01_29.parquet,0.00125,1600,False
TNMG,2025-02-13,TNMG_trades_2025_02_13.parquet,0.006644518272425249,602,False
TNMG,2025-02-20,TNMG_trades_2025_02_20.parquet,0.0006431438646293052,45091,False
TNMG,2025-05-14,TNMG_trades_2025_05_14.parquet,0.0009073380968583418,44085,False
TNMG,2025-05-20,TNMG_trades_2025_05_20.parquet,0.0008081080171049531,178194,False
TNON,2025-03-11,TNON_trades_2025_03_11.parquet,0.0013161333238305656,210465,False
TNON,2025-03-25,TNON_trades_2025_03_25.parquet,0.0008693563915943238,1369979,False
TNON,2025-03-27,TNON_trades_2025_03_27.parquet,0.0012016925246826516,177250,False
TNON,2025-08-01,TNON_trades_2025_08_01.parquet,0.000784659443197162,753193,False
TNXP,2025-01-22,TNXP_trades_2025_01_22.parquet,0.001073973421492543,107079,False
TNXP,2025-01-28,TNXP_trades_2025_01_28.parquet,0.000907402816690599,213797,False
TNXP,2025-02-07,TNXP_trades_2025_02_07.parquet,0.0009753378849101296,114832,False
TNXP,2025-03-05,TNXP_trades_2025_03_05.parquet,0.0015730828053310028,22885,False
TNXP,2025-03-06,TNXP_trades_2025_03_06.parquet,0.001297182190363361,133366,False
TNXP,2025-03-18,TNXP_trades_2025_03_18.parquet,0.0018640569868850277,30042,False
TNXP,2025-03-21,TNXP_trades_2025_03_21.parquet,0.0015391073177557016,35735,False
TNXP,2025-03-24,TNXP_trades_2025_03_24.parquet,0.0011977742148448552,106030,False
TNXP,2025-05-16,TNXP_trades_2025_05_16.parquet,0.0010297777396378615,23306,False
TNXP,2025-05-27,TNXP_trades_2025_05_27.parquet,0.0009940891993551854,37220,False
TNXP,2025-08-12,TNXP_trades_2025_08_12.parquet,0.0010653795142739112,45993,False
TNYA,2025-02-14,TNYA_trades_2025_02_14.parquet,0.0013698630136986301,7300,False
TOI,2025-02-10,TOI_trades_2025_02_10.parquet,0.0009101941747572816,3296,False
TOI,2025-02-26,TOI_trades_2025_02_26.parquet,0.00065302568567697,9188,False
TOI,2025-03-24,TOI_trades_2025_03_24.parquet,0.0007285089849441476,4118,False
TOI,2025-04-14,TOI_trades_2025_04_14.parquet,0.0024459078080903106,10630,False
TOI,2025-05-15,TOI_trades_2025_05_15.parquet,0.0012647221563512766,37953,False
TOMZ,2025-06-02,TOMZ_trades_2025_06_02.parquet,0.003870967741935484,775,False
TOP,2025-09-10,TOP_trades_2025_09_10.parquet,0.000829748673493897,183188,False
TORO,2025-07-10,TORO_trades_2025_07_10.parquet,0.0008208991259838717,20709,False
TORO,2025-10-01,TORO_trades_2025_10_01.parquet,0.0015634395670475045,8315,False
TPC,2025-02-28,TPC_trades_2025_02_28.parquet,0.000917254031090084,20714,True
TPC,2025-08-07,TPC_trades_2025_08_07.parquet,0.001100820829444564,41787,False
TPST,2025-06-09,TPST_trades_2025_06_09.parquet,0.0014493920605523794,24838,False
TQQQ,2025-04-09,TQQQ_trades_2025_04_09.parquet,0.0010494016748035125,2406133,False
TRAW,2025-04-21,TRAW_trades_2025_04_21.parquet,0.0011695906432748538,1710,False
TRAW,2025-06-03,TRAW_trades_2025_06_03.parquet,0.001149201094376822,379394,False
TRIB,2025-01-28,TRIB_trades_2025_01_28.parquet,0.0008394402403240189,401458,False
TRIB,2025-08-12,TRIB_trades_2025_08_12.parquet,0.001062428286090689,23531,False
TRIB,2025-08-14,TRIB_trades_2025_08_14.parquet,0.0009246623113106478,695389,False
TRIB,2025-08-20,TRIB_trades_2025_08_20.parquet,0.0010858721249838816,147347,False
TRNR,2025-02-19,TRNR_trades_2025_02_19.parquet,0.0009581939213112456,256733,False
TRNR,2025-02-26,TRNR_trades_2025_02_26.parquet,0.0010267791911349464,506438,False
TRNR,2025-02-27,TRNR_trades_2025_02_27.parquet,0.0012180497984080373,423628,False
TRNR,2025-02-28,TRNR_trades_2025_02_28.parquet,0.0009654801956404964,707420,False
TRNR,2025-03-03,TRNR_trades_2025_03_03.parquet,0.0007449619416724058,444318,False
TRNR,2025-03-19,TRNR_trades_2025_03_19.parquet,0.0017669145255098284,40749,False
TRNR,2025-04-08,TRNR_trades_2025_04_08.parquet,0.0006465746021636123,103623,False
TRNR,2025-06-11,TRNR_trades_2025_06_11.parquet,0.0009234755761384938,145104,False
TRNR,2025-07-07,TRNR_trades_2025_07_07.parquet,0.0006183335909723295,6469,False
TRON,2025-09-08,TRON_trades_2025_09_08.parquet,0.0009600451785966398,35415,False
TRON,2025-10-02,TRON_trades_2025_10_02.parquet,0.0013193901485535574,20464,False
TROO,2025-01-17,TROO_trades_2025_01_17.parquet,0.0004941932295527551,4047,False
TROO,2025-03-13,TROO_trades_2025_03_13.parquet,0.0008230452674897119,3645,False
TROO,2025-07-14,TROO_trades_2025_07_14.parquet,0.0008724455091237098,270504,False
TROO,2025-09-24,TROO_trades_2025_09_24.parquet,0.0011895321173671688,2522,False
TRSG,2025-03-24,TRSG_trades_2025_03_24.parquet,0.001288992008249549,15516,False
TRSG,2025-03-28,TRSG_trades_2025_03_28.parquet,0.001272264631043257,786,False
TRUE,2025-10-15,TRUE_trades_2025_10_15.parquet,0.0009152086137281292,18575,False
TRUG,2025-01-06,TRUG_trades_2025_01_06.parquet,0.0009515125084248504,25223,False
TRUG,2025-01-24,TRUG_trades_2025_01_24.parquet,0.001003092869681518,11963,False
TRUG,2025-02-19,TRUG_trades_2025_02_19.parquet,0.0008462799315849487,112256,False
TRUG,2025-04-22,TRUG_trades_2025_04_22.parquet,0.0007357674974707993,10873,False
TRUG,2025-05-23,TRUG_trades_2025_05_23.parquet,0.00031295639474233255,9586,False
TRUG,2025-05-29,TRUG_trades_2025_05_29.parquet,0.0006840853166702402,97941,False
TRUG,2025-07-21,TRUG_trades_2025_07_21.parquet,0.0009825595676737902,4071,False
TRVG,2025-02-06,TRVG_trades_2025_02_06.parquet,0.00034458993797381116,2902,False
TRVG,2025-05-01,TRVG_trades_2025_05_01.parquet,0.0007846494043797703,14019,False
TRVI,2025-03-10,TRVI_trades_2025_03_10.parquet,0.000990366435581165,344317,False
TSDD,2025-03-10,TSDD_trades_2025_03_10.parquet,0.0006816342180377455,23473,False
TSDD,2025-06-05,TSDD_trades_2025_06_05.parquet,0.0007851582654732261,89154,False
TSHA,2025-10-02,TSHA_trades_2025_10_02.parquet,0.0012001074222028265,476624,False
TSLG,2025-04-09,TSLG_trades_2025_04_09.parquet,0.00048192771084337347,6225,False
TSLL,2025-04-09,TSLL_trades_2025_04_09.parquet,0.001011743981994432,748213,False
TSLQ,2025-03-10,TSLQ_trades_2025_03_10.parquet,0.0009468370973441887,149973,False
TSLQ,2025-06-05,TSLQ_trades_2025_06_05.parquet,0.0010098948767457315,382218,False
TSLR,2025-04-09,TSLR_trades_2025_04_09.parquet,0.0007701037613488975,24672,False
TSSI,2025-05-16,TSSI_trades_2025_05_16.parquet,0.0011090090677800249,229935,False
TTEC,2025-04-02,TTEC_trades_2025_04_02.parquet,0.0008110122309412126,91244,False
TTEC,2025-05-09,TTEC_trades_2025_05_09.parquet,0.00038968124074507054,12831,False
TTRX,2025-10-09,TTRX_trades_2025_10_09.parquet,0.0011939295969057477,541908,False
TURB,2025-09-16,TURB_trades_2025_09_16.parquet,0.0010343760244175431,1531358,False
TUSK,2025-04-14,TUSK_trades_2025_04_14.parquet,0.0015492572678392417,10973,False
TVACW,2025-09-25,TVACW_trades_2025_09_25.parquet,0.0006186204763377668,3233,False
TVACW,2025-10-08,TVACW_trades_2025_10_08.parquet,0.0,1457,False
TVGN,2025-01-27,TVGN_trades_2025_01_27.parquet,0.0011546477699041267,239900,False
TVGN,2025-04-09,TVGN_trades_2025_04_09.parquet,0.0004514672686230248,4430,False
TVGN,2025-08-05,TVGN_trades_2025_08_05.parquet,0.0011867546601829339,34548,False
TVTX,2025-09-10,TVTX_trades_2025_09_10.parquet,0.001392612522144434,105557,False
TWG,2025-02-18,TWG_trades_2025_02_18.parquet,0.0012803441565092696,19526,False
TWG,2025-03-28,TWG_trades_2025_03_28.parquet,0.0010241596638655463,152320,False
TWG,2025-05-12,TWG_trades_2025_05_12.parquet,0.0012300555282209883,28454,False
TWG,2025-06-11,TWG_trades_2025_06_11.parquet,0.000735803324099723,46208,False
TWG,2025-07-25,TWG_trades_2025_07_25.parquet,0.0005765350245027386,3469,False
TWG,2025-07-30,TWG_trades_2025_07_30.parquet,0.0014084507042253522,3550,False
TWIN,2025-08-21,TWIN_trades_2025_08_21.parquet,0.001295672454003628,3859,False
TWNP,2025-06-09,TWNP_trades_2025_06_09.parquet,0.0006828035915468915,29291,False
TXMD,2025-01-03,TXMD_trades_2025_01_03.parquet,0.0007796610169491525,29500,False
TXMD,2025-02-21,TXMD_trades_2025_02_21.parquet,0.000488227069971816,45061,False
TXMD,2025-10-17,TXMD_trades_2025_10_17.parquet,0.001143781732968811,35846,False
TYGO,2025-01-07,TYGO_trades_2025_01_07.parquet,0.0017592728338953233,13642,False
TYGO,2025-07-30,TYGO_trades_2025_07_30.parquet,0.0014549193247234441,206197,False
TZOO,2025-04-29,TZOO_trades_2025_04_29.parquet,0.0019734987313222443,7094,False
TZUP,2025-02-26,TZUP_trades_2025_02_26.parquet,0.0002663825253063399,3754,False
TZUP,2025-05-13,TZUP_trades_2025_05_13.parquet,0.0012919896640826874,5418,False
TZUP,2025-07-08,TZUP_trades_2025_07_08.parquet,0.00105736188210415,3783,False
TZUP,2025-07-14,TZUP_trades_2025_07_14.parquet,0.0007494379215588309,12009,False
U,2025-02-20,U_trades_2025_02_20.parquet,0.0009683980294760941,391368,False
UBXG,2025-02-21,UBXG_trades_2025_02_21.parquet,0.0,1420,False
UBXG,2025-03-12,UBXG_trades_2025_03_12.parquet,0.0,711,False
UBXG,2025-08-19,UBXG_trades_2025_08_19.parquet,0.0017683465959328027,3393,False
UCL,2025-01-17,UCL_trades_2025_01_17.parquet,0.004724409448818898,3175,False
UCL,2025-04-23,UCL_trades_2025_04_23.parquet,0.015748031496062992,127,False
UCL,2025-07-24,UCL_trades_2025_07_24.parquet,0.00036563071297989033,2735,False
UDMY,2025-02-14,UDMY_trades_2025_02_14.parquet,0.0005596984213212175,60747,False
UFG,2025-08-15,UFG_trades_2025_08_15.parquet,0.00043606235691703914,27519,False
UFG,2025-09-02,UFG_trades_2025_09_02.parquet,0.0006770480704129993,1477,False
UFG,2025-09-09,UFG_trades_2025_09_09.parquet,0.001201634222542658,4161,False
UFG,2025-10-29,UFG_trades_2025_10_29.parquet,0.00404767258826175,4447,False
UGRO,2025-02-06,UGRO_trades_2025_02_06.parquet,0.000676132521974307,4437,False
UHG,2025-05-12,UHG_trades_2025_05_12.parquet,0.0008561643835616438,5840,False
UHGWW,2025-02-26,UHGWW_trades_2025_02_26.parquet,0.0,190,False
UHGWW,2025-07-10,UHGWW_trades_2025_07_10.parquet,0.0,97,False
UHGWW,2025-08-11,UHGWW_trades_2025_08_11.parquet,0.0,218,False
UHGWW,2025-08-15,UHGWW_trades_2025_08_15.parquet,0.0,125,False
UHGWW,2025-09-17,UHGWW_trades_2025_09_17.parquet,0.0,162,False
UI,2025-08-22,UI_trades_2025_08_22.parquet,0.0008382229673093043,34597,False
UK,2025-09-09,UK_trades_2025_09_09.parquet,0.0016176610524312495,10509,False
ULCC,2025-08-12,ULCC_trades_2025_08_12.parquet,0.001124086679572847,48039,False
ULY,2025-01-06,ULY_trades_2025_01_06.parquet,0.0,1816,False
ULY,2025-02-27,ULY_trades_2025_02_27.parquet,0.0009244102070293693,363475,False
ULY,2025-03-20,ULY_trades_2025_03_20.parquet,0.0005683432793407218,7038,False
ULY,2025-03-26,ULY_trades_2025_03_26.parquet,0.00038782237735117316,5157,False
ULY,2025-04-25,ULY_trades_2025_04_25.parquet,0.0,2413,False
ULY,2025-04-29,ULY_trades_2025_04_29.parquet,0.0008481437218088592,25939,False
ULY,2025-04-30,ULY_trades_2025_04_30.parquet,0.0009448035803083044,40220,False
ULY,2025-06-25,ULY_trades_2025_06_25.parquet,0.0011806297133988208,301534,False
ULY,2025-10-07,ULY_trades_2025_10_07.parquet,0.0012584173393844465,224091,False
UNCY,2025-06-09,UNCY_trades_2025_06_09.parquet,0.0005516328331862312,27192,False
UNCY,2025-06-23,UNCY_trades_2025_06_23.parquet,0.0004955810688031717,12107,False
UNF,2025-01-07,UNF_trades_2025_01_07.parquet,0.0011586411456643649,21577,True
UNIT,2025-08-04,UNIT_trades_2025_08_04.parquet,0.0006242197253433209,17622,False
UOKA,2025-02-03,UOKA_trades_2025_02_03.parquet,0.0008715139442231076,489952,False
UOKA,2025-02-07,UOKA_trades_2025_02_07.parquet,0.0011626234538306645,83432,False
UOKA,2025-02-21,UOKA_trades_2025_02_21.parquet,0.0009142892563264168,64531,False
UOKA,2025-03-04,UOKA_trades_2025_03_04.parquet,0.0011485526290175008,154107,False
UOKA,2025-03-14,UOKA_trades_2025_03_14.parquet,0.0007962908259590809,155722,False
UOKA,2025-05-16,UOKA_trades_2025_05_16.parquet,0.000614436506699192,109043,False
UONEK,2025-07-08,UONEK_trades_2025_07_08.parquet,0.0004188657116528441,11937,False
UP,2025-08-15,UP_trades_2025_08_15.parquet,0.000983567230418616,41685,False
UP,2025-08-26,UP_trades_2025_08_26.parquet,0.000789300591975444,68415,False
UPC,2025-02-07,UPC_trades_2025_02_07.parquet,0.0009538218655440073,243232,False
UPC,2025-02-21,UPC_trades_2025_02_21.parquet,0.0009107269692836631,458974,False
UPC,2025-04-08,UPC_trades_2025_04_08.parquet,0.001015697137580794,10830,False
UPC,2025-04-16,UPC_trades_2025_04_16.parquet,0.0006042296072507553,11585,False
UPC,2025-04-21,UPC_trades_2025_04_21.parquet,0.00048132460531382363,20776,False
UPC,2025-04-28,UPC_trades_2025_04_28.parquet,0.0006585446163977609,57703,False
UPC,2025-05-05,UPC_trades_2025_05_05.parquet,0.0004880429477794046,10245,False
UPC,2025-05-12,UPC_trades_2025_05_12.parquet,0.0009702457956015524,9276,False
UPC,2025-07-28,UPC_trades_2025_07_28.parquet,0.0,2622,False
UPC,2025-08-13,UPC_trades_2025_08_13.parquet,0.00021353833013025838,4683,False
UPC,2025-09-08,UPC_trades_2025_09_08.parquet,0.0008785140562248996,7968,False
UPC,2025-09-19,UPC_trades_2025_09_19.parquet,0.0009240658899156288,24890,False
UPC,2025-10-08,UPC_trades_2025_10_08.parquet,0.0009252239490852503,400984,False
UPLD,2025-07-28,UPLD_trades_2025_07_28.parquet,0.0018396277459149443,9241,False
UPLD,2025-08-18,UPLD_trades_2025_08_18.parquet,0.002671118530884808,5990,False
UPLD,2025-08-20,UPLD_trades_2025_08_20.parquet,0.001454705752700022,45370,False
UPST,2025-02-12,UPST_trades_2025_02_12.parquet,0.0007943023624567653,337403,False
UPXI,2025-01-23,UPXI_trades_2025_01_23.parquet,0.0003776824034334764,29125,False
UPXI,2025-02-24,UPXI_trades_2025_02_24.parquet,0.00234009360374415,5128,False
UPXI,2025-04-21,UPXI_trades_2025_04_21.parquet,0.0009338658006758239,1139350,False
UPXI,2025-04-23,UPXI_trades_2025_04_23.parquet,0.0014617408564262743,129982,False
UPXI,2025-04-25,UPXI_trades_2025_04_25.parquet,0.000734324314690051,140265,False
UPXI,2025-05-02,UPXI_trades_2025_05_02.parquet,0.0012449977767896843,11245,False
UPXI,2025-05-21,UPXI_trades_2025_05_21.parquet,0.001049317943336831,9530,False
UPXI,2025-07-16,UPXI_trades_2025_07_16.parquet,0.0008525456292026898,83280,False
UPXI,2025-07-21,UPXI_trades_2025_07_21.parquet,0.0008848680952223727,151435,False
URGN,2025-06-06,URGN_trades_2025_06_06.parquet,0.0006475943773570531,157506,False
URGN,2025-06-12,URGN_trades_2025_06_12.parquet,0.0012333004912532125,145139,False
USAR,2025-03-18,USAR_trades_2025_03_18.parquet,0.001641025641025641,4875,False
USAR,2025-04-04,USAR_trades_2025_04_04.parquet,0.0010009540343139554,63939,False
USAR,2025-04-07,USAR_trades_2025_04_07.parquet,0.001110596945858399,10805,False
USAR,2025-04-14,USAR_trades_2025_04_14.parquet,0.0011995555331077328,79196,False
USAR,2025-04-16,USAR_trades_2025_04_16.parquet,0.0014190418435415402,82450,False
USAR,2025-07-15,USAR_trades_2025_07_15.parquet,0.0013731857910352016,99768,False
USAR,2025-10-13,USAR_trades_2025_10_13.parquet,0.000860830738241613,410069,False
USARW,2025-03-17,USARW_trades_2025_03_17.parquet,0.0,648,False
USARW,2025-03-18,USARW_trades_2025_03_18.parquet,0.0,807,False
USARW,2025-04-04,USARW_trades_2025_04_04.parquet,0.003205128205128205,1560,False
USARW,2025-04-07,USARW_trades_2025_04_07.parquet,0.0013540961408259986,1477,False
USARW,2025-04-14,USARW_trades_2025_04_14.parquet,0.0007041013906002464,5681,False
USARW,2025-04-16,USARW_trades_2025_04_16.parquet,0.0007959671000265323,7538,False
USARW,2025-04-24,USARW_trades_2025_04_24.parquet,0.001990049751243781,2010,False
USARW,2025-06-04,USARW_trades_2025_06_04.parquet,0.0014258555133079848,4208,False
USARW,2025-06-12,USARW_trades_2025_06_12.parquet,0.0006315124723713293,3167,False
USARW,2025-07-10,USARW_trades_2025_07_10.parquet,0.0007833920877399138,2553,False
USARW,2025-07-15,USARW_trades_2025_07_15.parquet,0.000787773751378604,6347,False
USARW,2025-08-12,USARW_trades_2025_08_12.parquet,0.0022508038585209,15550,False
USARW,2025-10-02,USARW_trades_2025_10_02.parquet,0.0008895610016456879,22483,False
USARW,2025-10-03,USARW_trades_2025_10_03.parquet,0.0009248412355878907,16219,False
USARW,2025-10-07,USARW_trades_2025_10_07.parquet,0.0016759776536312849,5370,False
USARW,2025-10-09,USARW_trades_2025_10_09.parquet,0.0011621150493898896,5163,False
USARW,2025-10-10,USARW_trades_2025_10_10.parquet,0.000959600806064677,10421,False
USARW,2025-10-13,USARW_trades_2025_10_13.parquet,0.0010031004924311508,10966,False
USEA,2025-06-13,USEA_trades_2025_06_13.parquet,0.0006374647117748838,10981,False
USEG,2025-01-21,USEG_trades_2025_01_21.parquet,0.0009005865806057698,458590,False
USEG,2025-02-03,USEG_trades_2025_02_03.parquet,0.0007391796678409663,190752,False
USEG,2025-06-13,USEG_trades_2025_06_13.parquet,0.0010155459778286003,492346,False
USEG,2025-06-17,USEG_trades_2025_06_17.parquet,0.0008098373931760544,46923,False
USGO,2025-02-03,USGO_trades_2025_02_03.parquet,0.0011587485515643105,4315,False
USGO,2025-09-22,USGO_trades_2025_09_22.parquet,0.0002290950744558992,4365,False
USGOW,2025-01-07,USGOW_trades_2025_01_07.parquet,0.0,123,False
USGOW,2025-01-10,USGOW_trades_2025_01_10.parquet,0.0,120,False
USGOW,2025-02-03,USGOW_trades_2025_02_03.parquet,0.0,142,False
USGOW,2025-09-24,USGOW_trades_2025_09_24.parquet,0.0,197,False
USGOW,2025-10-22,USGOW_trades_2025_10_22.parquet,0.0,171,False
USGOW,2025-10-29,USGOW_trades_2025_10_29.parquet,0.0,184,False
USIO,2025-01-07,USIO_trades_2025_01_07.parquet,0.0011583650504716201,24172,False
UTHR,2025-09-02,UTHR_trades_2025_09_02.parquet,0.0008221510996270958,68114,False
UXIN,2025-07-11,UXIN_trades_2025_07_11.parquet,0.0004675081813931744,4278,False
VAL.WS,2025-10-23,VAL.WS_trades_2025_10_23.parquet,0.0,408,False
VATE,2025-01-21,VATE_trades_2025_01_21.parquet,0.0011652405221219148,254883,False
VATE,2025-05-27,VATE_trades_2025_05_27.parquet,0.0005720823798627002,1748,False
VBIX,2025-02-07,VBIX_trades_2025_02_07.parquet,0.0,9,False
VBIX,2025-02-13,VBIX_trades_2025_02_13.parquet,0.0,15,False
VBIX,2025-03-12,VBIX_trades_2025_03_12.parquet,0.0,7,False
VBIX,2025-04-11,VBIX_trades_2025_04_11.parquet,0.0,21,False
VBIX,2025-04-23,VBIX_trades_2025_04_23.parquet,0.0,11,False
VBIX,2025-06-04,VBIX_trades_2025_06_04.parquet,0.0,63,False
VBIX,2025-06-05,VBIX_trades_2025_06_05.parquet,0.0008913492212422594,21316,False
VBIX,2025-06-27,VBIX_trades_2025_06_27.parquet,0.001379310344827586,725,False
VBIX,2025-08-08,VBIX_trades_2025_08_08.parquet,0.0,552,False
VBIX,2025-08-25,VBIX_trades_2025_08_25.parquet,0.0035335689045936395,283,False
VCICW,2025-09-08,VCICW_trades_2025_09_08.parquet,0.0006779661016949153,1475,False
VCIG,2025-03-07,VCIG_trades_2025_03_07.parquet,0.0006026819346090101,26548,False
VCIG,2025-03-14,VCIG_trades_2025_03_14.parquet,0.0006925207756232687,7220,False
VCIG,2025-04-22,VCIG_trades_2025_04_22.parquet,0.00178826895565093,5592,False
VCIG,2025-06-23,VCIG_trades_2025_06_23.parquet,0.00291970802919708,5480,False
VCIG,2025-07-18,VCIG_trades_2025_07_18.parquet,0.0006230529595015577,22470,False
VCIG,2025-07-25,VCIG_trades_2025_07_25.parquet,0.0016274717226788184,61445,False
VCIG,2025-08-19,VCIG_trades_2025_08_19.parquet,0.00097621392416495,232531,False
VCIG,2025-08-26,VCIG_trades_2025_08_26.parquet,0.0020390869127694506,37762,False
VCIG,2025-09-17,VCIG_trades_2025_09_17.parquet,0.001893450382993373,11619,False
VCIG,2025-10-23,VCIG_trades_2025_10_23.parquet,0.0010889909817934321,58770,False
VCIG,2025-10-30,VCIG_trades_2025_10_30.parquet,0.00098130006609507,543157,False
VEEA,2025-05-14,VEEA_trades_2025_05_14.parquet,0.0,1425,False
VEEA,2025-08-14,VEEA_trades_2025_08_14.parquet,0.0007206947497387481,27751,False
VEEE,2025-01-03,VEEE_trades_2025_01_03.parquet,0.0005139406398560967,15566,False
VEEE,2025-01-17,VEEE_trades_2025_01_17.parquet,0.0024930341692330255,6819,False
VEEE,2025-04-08,VEEE_trades_2025_04_08.parquet,0.0006371455877668047,3139,False
VEEE,2025-05-08,VEEE_trades_2025_05_08.parquet,0.0010085858222628624,583986,False
VEEE,2025-09-03,VEEE_trades_2025_09_03.parquet,0.0008125029871433351,20923,False
VEEE,2025-09-05,VEEE_trades_2025_09_05.parquet,0.0008969246454243937,464922,False
VELO,2025-08-21,VELO_trades_2025_08_21.parquet,0.0014664121782039941,42962,False
VELO,2025-08-22,VELO_trades_2025_08_22.parquet,0.0007011803202056796,8557,False
VELO,2025-08-25,VELO_trades_2025_08_25.parquet,0.0012742254529568098,82403,False
VELO,2025-10-07,VELO_trades_2025_10_07.parquet,0.0011025358324145535,11791,False
VELO,2025-10-13,VELO_trades_2025_10_13.parquet,0.001601379650160138,8118,False
VELO,2025-10-14,VELO_trades_2025_10_14.parquet,0.0006764755623203111,11826,False
VEON,2025-07-11,VEON_trades_2025_07_11.parquet,0.0012793858947705101,12506,False
VERA,2025-06-02,VERA_trades_2025_06_02.parquet,0.0009237021984112322,146151,False
VERI,2025-07-16,VERI_trades_2025_07_16.parquet,0.0007527853056308341,13284,False
VERI,2025-07-21,VERI_trades_2025_07_21.parquet,0.0006380535114211579,47018,False
VERI,2025-09-09,VERI_trades_2025_09_09.parquet,0.0009218134584764938,59665,False
VERI,2025-10-15,VERI_trades_2025_10_15.parquet,0.0012397409037615084,208108,False
VERO,2025-02-25,VERO_trades_2025_02_25.parquet,0.0007172457762193178,25096,False
VERO,2025-04-08,VERO_trades_2025_04_08.parquet,0.000780896156429118,64029,False
VERO,2025-04-09,VERO_trades_2025_04_09.parquet,0.0010663217145054713,572060,False
VERO,2025-06-06,VERO_trades_2025_06_06.parquet,0.0010209033392237473,436868,False
VERU,2025-04-01,VERU_trades_2025_04_01.parquet,0.0009618467457518436,21833,False
VERU,2025-05-28,VERU_trades_2025_05_28.parquet,0.0010943431914289961,74017,False
VFC,2025-04-09,VFC_trades_2025_04_09.parquet,0.0011263892633534046,166905,False
VFF,2025-08-11,VFF_trades_2025_08_11.parquet,0.000687757909215956,75608,False
VHC,2025-06-06,VHC_trades_2025_06_06.parquet,0.0019223375624759708,2601,False
VHC,2025-08-04,VHC_trades_2025_08_04.parquet,0.0,7930,False
VHC,2025-09-04,VHC_trades_2025_09_04.parquet,0.005671077504725898,529,False
VHC,2025-10-17,VHC_trades_2025_10_17.parquet,0.000990916597853014,66605,False
VICR,2025-07-23,VICR_trades_2025_07_23.parquet,0.0014543587988707332,35067,False
VICR,2025-10-22,VICR_trades_2025_10_22.parquet,0.0014078954778397252,53271,False
VIOT,2025-07-07,VIOT_trades_2025_07_07.parquet,0.0010541305272501987,54073,False
VIOT,2025-07-08,VIOT_trades_2025_07_08.parquet,0.0007392721529621291,29759,False
VIOT,2025-07-10,VIOT_trades_2025_07_10.parquet,0.00045542525333029714,8783,False
VIR,2025-01-08,VIR_trades_2025_01_08.parquet,0.001133071406528518,217109,True
VIR,2025-08-27,VIR_trades_2025_08_27.parquet,0.0005384101824133698,46433,False
VIVK,2025-01-13,VIVK_trades_2025_01_13.parquet,0.0022346368715083797,895,False
VIVK,2025-04-07,VIVK_trades_2025_04_07.parquet,0.0,737,False
VIVK,2025-05-30,VIVK_trades_2025_05_30.parquet,0.0010980405508929027,117482,False
VIVK,2025-06-20,VIVK_trades_2025_06_20.parquet,0.0016129032258064516,1860,False
VIVS,2025-08-29,VIVS_trades_2025_08_29.parquet,0.0007211927645232033,67943,False
VIVS,2025-09-03,VIVS_trades_2025_09_03.parquet,0.0001840942562592047,5432,False
VIVS,2025-10-30,VIVS_trades_2025_10_30.parquet,0.0011192757160218688,301981,False
VMAR,2025-01-10,VMAR_trades_2025_01_10.parquet,0.001064726076638888,841531,False
VMAR,2025-01-15,VMAR_trades_2025_01_15.parquet,0.001363593970599113,310943,False
VMAR,2025-02-27,VMAR_trades_2025_02_27.parquet,0.001101470559817581,103498,False
VMAR,2025-04-02,VMAR_trades_2025_04_02.parquet,0.0015433352286572985,24622,False
VMAR,2025-04-03,VMAR_trades_2025_04_03.parquet,0.000845522955948254,11827,False
VNCE,2025-01-23,VNCE_trades_2025_01_23.parquet,0.0009999514261451285,597029,False
VNCE,2025-09-11,VNCE_trades_2025_09_11.parquet,0.0012038064888391614,682834,False
VOR,2025-01-06,VOR_trades_2025_01_06.parquet,0.004230617866981503,10164,False
VOR,2025-05-13,VOR_trades_2025_05_13.parquet,0.0,4379,False
VOR,2025-05-16,VOR_trades_2025_05_16.parquet,0.0010807889759524452,40711,False
VOR,2025-06-20,VOR_trades_2025_06_20.parquet,0.0015060240963855422,4648,False
VOR,2025-06-23,VOR_trades_2025_06_23.parquet,0.001150064923019848,26955,False
VOR,2025-06-24,VOR_trades_2025_06_24.parquet,0.0010314770524693106,88223,False
VOR,2025-06-25,VOR_trades_2025_06_25.parquet,0.000998210857043114,183328,False
VOR,2025-06-26,VOR_trades_2025_06_26.parquet,0.0009829013157582347,421202,False
VOR,2025-06-27,VOR_trades_2025_06_27.parquet,0.0008568692350341908,59519,False
VOR,2025-06-30,VOR_trades_2025_06_30.parquet,0.0011390690419505788,97448,False
VOR,2025-07-03,VOR_trades_2025_07_03.parquet,0.0009049353783325986,43097,False
VOR,2025-07-07,VOR_trades_2025_07_07.parquet,0.0005700848001140169,126297,False
VOR,2025-08-13,VOR_trades_2025_08_13.parquet,0.0009241279273799218,85486,False
VRA,2025-06-16,VRA_trades_2025_06_16.parquet,0.0004862039625622949,8227,False
VRAX,2025-01-06,VRAX_trades_2025_01_06.parquet,0.0011927480916030535,8384,False
VRAX,2025-04-11,VRAX_trades_2025_04_11.parquet,0.000927299703264095,16176,False
VRME,2025-01-08,VRME_trades_2025_01_08.parquet,0.0006705743300287044,207285,False
VRME,2025-01-10,VRME_trades_2025_01_10.parquet,0.000954694316547632,165498,False
VRME,2025-01-13,VRME_trades_2025_01_13.parquet,0.0009179475130725561,183017,False
VRME,2025-01-15,VRME_trades_2025_01_15.parquet,0.0012993319596288373,76193,False
VRME,2025-07-31,VRME_trades_2025_07_31.parquet,0.0009385275545477539,450706,False
VRME,2025-09-19,VRME_trades_2025_09_19.parquet,0.0008737571557698102,33190,False
VRME,2025-10-20,VRME_trades_2025_10_20.parquet,0.0010787486515641855,25029,False
VRTL,2025-04-09,VRTL_trades_2025_04_09.parquet,0.0,256,False
VRTL,2025-04-23,VRTL_trades_2025_04_23.parquet,0.0,796,False
VS,2025-01-17,VS_trades_2025_01_17.parquet,0.0009094925591870602,463995,False
VSA,2025-06-06,VSA_trades_2025_06_06.parquet,0.0,1477,False
VSA,2025-07-11,VSA_trades_2025_07_11.parquet,0.0030257186081694403,1322,False
VSA,2025-07-14,VSA_trades_2025_07_14.parquet,0.0,1576,False
VSA,2025-09-09,VSA_trades_2025_09_09.parquet,0.0,1262,False
VSAT,2025-01-21,VSAT_trades_2025_01_21.parquet,0.0015248992676031256,89842,False
VSAT,2025-08-06,VSAT_trades_2025_08_06.parquet,0.0009596184105614473,141723,False
VSEE,2025-01-13,VSEE_trades_2025_01_13.parquet,0.0016237444301789895,26482,False
VSEE,2025-07-14,VSEE_trades_2025_07_14.parquet,0.0007944352581452708,108253,False
VSEE,2025-10-16,VSEE_trades_2025_10_16.parquet,0.0008617048238573963,118370,False
VSEE,2025-10-28,VSEE_trades_2025_10_28.parquet,0.0008579461775338064,933625,False
VSEE,2025-10-29,VSEE_trades_2025_10_29.parquet,0.0012637088024835333,246101,False
VSME,2025-04-24,VSME_trades_2025_04_24.parquet,0.0019333011116481392,6207,False
VSME,2025-06-24,VSME_trades_2025_06_24.parquet,0.0002701972439881113,7402,False
VSME,2025-08-26,VSME_trades_2025_08_26.parquet,0.0008974491733112422,28971,False
VSME,2025-10-10,VSME_trades_2025_10_10.parquet,0.0004846526655896607,6190,False
VSTA,2025-04-08,VSTA_trades_2025_04_08.parquet,0.0005227391531625719,1913,False
VSTD,2025-09-12,VSTD_trades_2025_09_12.parquet,0.001420910299307879,458157,False
VTSI,2025-05-13,VTSI_trades_2025_05_13.parquet,0.001198202695956066,10015,False
VTVT,2025-03-17,VTVT_trades_2025_03_17.parquet,0.0007567874373285403,10571,False
VTYX,2025-05-22,VTYX_trades_2025_05_22.parquet,0.0009541157082140688,23058,False
VTYX,2025-10-23,VTYX_trades_2025_10_23.parquet,0.0010451691798584555,996011,False
VUZI,2025-01-06,VUZI_trades_2025_01_06.parquet,0.001039629693804302,40399,False
VUZI,2025-09-22,VUZI_trades_2025_09_22.parquet,0.0014086427045939928,44014,False
VVOS,2025-07-01,VVOS_trades_2025_07_01.parquet,0.0010376498632826193,213945,False
VVOS,2025-08-01,VVOS_trades_2025_08_01.parquet,0.0007230657989877079,4149,False
VVPR,2025-03-21,VVPR_trades_2025_03_21.parquet,0.0009490684007154516,191767,False
VVPR,2025-03-24,VVPR_trades_2025_03_24.parquet,0.0010554579097517246,226442,False
VVPR,2025-03-26,VVPR_trades_2025_03_26.parquet,0.0010306493665720947,522001,False
VVPR,2025-03-27,VVPR_trades_2025_03_27.parquet,0.0010232856428780263,212062,False
VVPR,2025-05-28,VVPR_trades_2025_05_28.parquet,0.0013468677113104037,30441,False
VVPR,2025-05-29,VVPR_trades_2025_05_29.parquet,0.000660728916140286,37837,False
VVPR,2025-06-04,VVPR_trades_2025_06_04.parquet,0.0006264355815410315,19156,False
VVPR,2025-08-08,VVPR_trades_2025_08_08.parquet,0.0009549609245580869,51311,False
VWAV,2025-07-28,VWAV_trades_2025_07_28.parquet,0.0010664535577886226,1466543,False
VWAV,2025-07-30,VWAV_trades_2025_07_30.parquet,0.0007897026794561615,198809,False
VWAVW,2025-10-17,VWAVW_trades_2025_10_17.parquet,0.0,768,False
VWAVW,2025-10-20,VWAVW_trades_2025_10_20.parquet,0.0007407407407407407,1350,False
VWAVW,2025-10-22,VWAVW_trades_2025_10_22.parquet,0.0024242424242424242,1650,False
VWAVW,2025-10-27,VWAVW_trades_2025_10_27.parquet,0.005546751188589541,1262,False
VWAVW,2025-10-31,VWAVW_trades_2025_10_31.parquet,0.0,692,False
VYGR,2025-06-02,VYGR_trades_2025_06_02.parquet,0.0006351688083255973,20467,False
VYNE,2025-06-25,VYNE_trades_2025_06_25.parquet,0.000946126447016919,17968,False
VYNE,2025-07-23,VYNE_trades_2025_07_23.parquet,0.0002331002331002331,4290,False
W,2025-04-09,W_trades_2025_04_09.parquet,0.0007018153624040852,149612,False
WAFU,2025-02-25,WAFU_trades_2025_02_25.parquet,0.0009467615439540153,696057,False
WAFU,2025-09-08,WAFU_trades_2025_09_08.parquet,0.0013163725464640408,76726,False
WAI,2025-06-23,WAI_trades_2025_06_23.parquet,0.00043554006968641115,4592,False
WAI,2025-06-26,WAI_trades_2025_06_26.parquet,0.0007273432575280027,20623,False
WAI,2025-07-25,WAI_trades_2025_07_25.parquet,0.0012550444466016724,144218,False
WAI,2025-07-30,WAI_trades_2025_07_30.parquet,0.0013024602026049203,6910,False
WAI,2025-08-27,WAI_trades_2025_08_27.parquet,0.0010637177461822011,379800,False
WAI,2025-08-28,WAI_trades_2025_08_28.parquet,0.0010707134739820492,258706,False
WAI,2025-09-11,WAI_trades_2025_09_11.parquet,0.00026437541308658297,7565,False
WAI,2025-09-26,WAI_trades_2025_09_26.parquet,0.0013441357453787626,486558,False
WAI,2025-10-10,WAI_trades_2025_10_10.parquet,0.0009973496356903413,216574,False
WATT,2025-01-06,WATT_trades_2025_01_06.parquet,0.0011374715632109197,73848,False
WATT,2025-07-18,WATT_trades_2025_07_18.parquet,0.00031481189988981584,6353,False
WATT,2025-09-08,WATT_trades_2025_09_08.parquet,0.0019389238972370335,2063,False
WATT,2025-10-15,WATT_trades_2025_10_15.parquet,0.0013921113689095127,2155,False
WATT,2025-10-16,WATT_trades_2025_10_16.parquet,0.000612281649558797,27765,False
WBD,2025-09-11,WBD_trades_2025_09_11.parquet,0.000984402360943025,739535,False
WBTN,2025-08-13,WBTN_trades_2025_08_13.parquet,0.0009080617724155049,165187,False
WBTN,2025-09-16,WBTN_trades_2025_09_16.parquet,0.0011126679304376494,121330,False
WBUY,2025-05-08,WBUY_trades_2025_05_08.parquet,0.001050177479994119,47611,False
WBUY,2025-05-09,WBUY_trades_2025_05_09.parquet,0.0008687751068035452,376392,False
WBUY,2025-06-06,WBUY_trades_2025_06_06.parquet,0.0012557443625093514,336852,False
WBUY,2025-06-30,WBUY_trades_2025_06_30.parquet,0.0011491280990548421,522135,False
WCT,2025-01-03,WCT_trades_2025_01_03.parquet,0.005471956224350205,1462,False
WCT,2025-03-06,WCT_trades_2025_03_06.parquet,0.0003307972213033411,27207,False
WDH,2025-07-17,WDH_trades_2025_07_17.parquet,0.0013041210224308817,7668,False
WETH,2025-08-25,WETH_trades_2025_08_25.parquet,0.00021925016443762334,4561,False
WETH,2025-10-07,WETH_trades_2025_10_07.parquet,0.00035710034519700033,8401,False
WETO,2025-05-29,WETO_trades_2025_05_29.parquet,0.0011759852724776347,162417,False
WETO,2025-07-01,WETO_trades_2025_07_01.parquet,0.000965778523073101,322020,False
WFF,2025-03-28,WFF_trades_2025_03_28.parquet,0.001694915254237288,8260,False
WFF,2025-05-20,WFF_trades_2025_05_20.parquet,0.0005656108597285068,1768,False
WFF,2025-06-23,WFF_trades_2025_06_23.parquet,0.0003206498503634032,9356,False
WFF,2025-06-24,WFF_trades_2025_06_24.parquet,0.0008485791350554102,98989,False
WFF,2025-06-27,WFF_trades_2025_06_27.parquet,0.0012283428473202072,279238,False
WFF,2025-08-06,WFF_trades_2025_08_06.parquet,0.0013436560240578412,15629,False
WFF,2025-09-11,WFF_trades_2025_09_11.parquet,0.0013945685225962043,95370,False
WGRX,2025-04-14,WGRX_trades_2025_04_14.parquet,0.0,2463,False
WGRX,2025-05-08,WGRX_trades_2025_05_08.parquet,0.0009866511897852583,120610,False
WGRX,2025-05-15,WGRX_trades_2025_05_15.parquet,0.0008326394671107411,6005,False
WGRX,2025-07-18,WGRX_trades_2025_07_18.parquet,0.0009684560044272275,93964,False
WGRX,2025-08-18,WGRX_trades_2025_08_18.parquet,0.0008479990050145007,176887,False
WGRX,2025-08-25,WGRX_trades_2025_08_25.parquet,0.0007508610417380801,61263,False
WGRX,2025-10-24,WGRX_trades_2025_10_24.parquet,0.0009030268032613526,1262421,False
WGS,2025-02-18,WGS_trades_2025_02_18.parquet,0.0015778120184899846,81125,False
WHLR,2025-01-07,WHLR_trades_2025_01_07.parquet,0.0010333489901362142,21290,False
WHLR,2025-01-16,WHLR_trades_2025_01_16.parquet,0.001162236703929679,606589,False
WHLR,2025-03-04,WHLR_trades_2025_03_04.parquet,0.0010610136431350274,93307,False
WHLR,2025-03-07,WHLR_trades_2025_03_07.parquet,0.0011737482812971595,89457,False
WHLR,2025-04-10,WHLR_trades_2025_04_10.parquet,0.001127966054515132,413133,False
WHLR,2025-04-25,WHLR_trades_2025_04_25.parquet,0.0006262011185247566,46311,False
WHLR,2025-06-04,WHLR_trades_2025_06_04.parquet,0.0005272176090681429,22761,False
WHLR,2025-06-20,WHLR_trades_2025_06_20.parquet,0.0009371177546000974,608248,False
WHLR,2025-08-27,WHLR_trades_2025_08_27.parquet,0.0008785983771771151,19349,False
WHLR,2025-08-28,WHLR_trades_2025_08_28.parquet,0.001079892208924467,100936,False
WHLR,2025-09-11,WHLR_trades_2025_09_11.parquet,0.001417416695465769,199659,False
WHWK,2025-10-16,WHWK_trades_2025_10_16.parquet,0.0009617265704501703,608281,False
WIMI,2025-01-07,WIMI_trades_2025_01_07.parquet,0.0013140342843490553,50227,False
WIMI,2025-01-27,WIMI_trades_2025_01_27.parquet,0.001528891378686554,85683,False
WIMI,2025-02-21,WIMI_trades_2025_02_21.parquet,0.0006544636465896309,48895,False
WIMI,2025-04-16,WIMI_trades_2025_04_16.parquet,0.0010059425122482815,107362,False
WIMI,2025-04-21,WIMI_trades_2025_04_21.parquet,0.001392039595792947,19396,False
WK,2025-08-01,WK_trades_2025_08_01.parquet,0.0012660076934313679,61611,True
WKEY,2025-01-10,WKEY_trades_2025_01_10.parquet,0.000982018156424581,45824,False
WKEY,2025-01-21,WKEY_trades_2025_01_21.parquet,0.0013156072566126574,28884,False
WKEY,2025-04-11,WKEY_trades_2025_04_11.parquet,0.000392156862745098,2550,False
WKEY,2025-10-14,WKEY_trades_2025_10_14.parquet,0.000636064878617619,18866,False
WKEY,2025-10-28,WKEY_trades_2025_10_28.parquet,0.0007498962197195924,149354,False
WKEY,2025-10-29,WKEY_trades_2025_10_29.parquet,0.002838473137991189,33821,False
WKHS,2025-03-25,WKHS_trades_2025_03_25.parquet,0.0012160947496431026,18913,False
WKHS,2025-07-07,WKHS_trades_2025_07_07.parquet,0.0007653812187224022,16985,False
WKHS,2025-07-08,WKHS_trades_2025_07_08.parquet,0.0011688598499334773,185651,False
WKHS,2025-07-09,WKHS_trades_2025_07_09.parquet,0.0011469243873231123,59289,False
WKHS,2025-07-11,WKHS_trades_2025_07_11.parquet,0.0014485667414559694,218837,False
WKHS,2025-07-16,WKHS_trades_2025_07_16.parquet,0.0012851933767708769,33458,False
WKSP,2025-09-03,WKSP_trades_2025_09_03.parquet,0.0016395023628122288,20738,False
WLACW,2025-09-16,WLACW_trades_2025_09_16.parquet,0.0021950454687989967,3189,False
WLACW,2025-09-17,WLACW_trades_2025_09_17.parquet,0.0,1282,False
WLACW,2025-09-18,WLACW_trades_2025_09_18.parquet,0.0,1165,False
WLACW,2025-09-19,WLACW_trades_2025_09_19.parquet,0.000744047619047619,1344,False
WLACW,2025-09-25,WLACW_trades_2025_09_25.parquet,0.0,1513,False
WLACW,2025-10-08,WLACW_trades_2025_10_08.parquet,0.004291845493562232,466,False
WLACW,2025-10-14,WLACW_trades_2025_10_14.parquet,0.0,786,False
WLDN,2025-03-07,WLDN_trades_2025_03_07.parquet,0.0002761922297919352,10862,False
WLDS,2025-01-31,WLDS_trades_2025_01_31.parquet,0.0005460999362883408,10987,False
WLDS,2025-02-07,WLDS_trades_2025_02_07.parquet,0.00025220680958385876,3965,False
WLDS,2025-03-17,WLDS_trades_2025_03_17.parquet,0.0004302925989672978,2324,False
WLDS,2025-04-23,WLDS_trades_2025_04_23.parquet,0.0004627059041273367,10806,False
WLDS,2025-04-29,WLDS_trades_2025_04_29.parquet,0.0008615461826394262,239105,False
WLDS,2025-05-15,WLDS_trades_2025_05_15.parquet,0.0007831663563554689,67674,False
WLDS,2025-06-24,WLDS_trades_2025_06_24.parquet,0.0016331935555065106,22655,False
WLDS,2025-09-10,WLDS_trades_2025_09_10.parquet,0.0010020235499253885,1897161,False
WLDS,2025-09-11,WLDS_trades_2025_09_11.parquet,0.0010789336642894785,641374,False
WLDS,2025-09-12,WLDS_trades_2025_09_12.parquet,0.001544067062450633,392470,False
WLDS,2025-09-19,WLDS_trades_2025_09_19.parquet,0.0008024136602901528,62312,False
WLDSW,2025-01-14,WLDSW_trades_2025_01_14.parquet,0.0,11,False
WLDSW,2025-01-31,WLDSW_trades_2025_01_31.parquet,0.0,31,False
WLDSW,2025-02-07,WLDSW_trades_2025_02_07.parquet,0.008097165991902834,247,False
WLDSW,2025-02-13,WLDSW_trades_2025_02_13.parquet,0.002161383285302594,1388,False
WLDSW,2025-02-18,WLDSW_trades_2025_02_18.parquet,0.0,427,False
WLDSW,2025-02-19,WLDSW_trades_2025_02_19.parquet,0.0,44,False
WLDSW,2025-02-21,WLDSW_trades_2025_02_21.parquet,0.0,487,False
WLDSW,2025-03-04,WLDSW_trades_2025_03_04.parquet,0.0,90,False
WLDSW,2025-03-05,WLDSW_trades_2025_03_05.parquet,0.046511627906976744,43,False
WLDSW,2025-03-12,WLDSW_trades_2025_03_12.parquet,0.0,68,False
WLDSW,2025-03-17,WLDSW_trades_2025_03_17.parquet,0.0007404664938911515,2701,False
WLDSW,2025-04-09,WLDSW_trades_2025_04_09.parquet,0.0,75,False
WLDSW,2025-05-20,WLDSW_trades_2025_05_20.parquet,0.058823529411764705,17,False
WLDSW,2025-06-12,WLDSW_trades_2025_06_12.parquet,0.0,8,False
WLDSW,2025-06-18,WLDSW_trades_2025_06_18.parquet,0.0,27,False
WLDSW,2025-08-07,WLDSW_trades_2025_08_07.parquet,0.0,7,False
WLDSW,2025-08-21,WLDSW_trades_2025_08_21.parquet,0.0,23,False
WLDSW,2025-09-05,WLDSW_trades_2025_09_05.parquet,0.0,46,False
WLDSW,2025-09-10,WLDSW_trades_2025_09_10.parquet,0.002304147465437788,434,False
WLDSW,2025-09-11,WLDSW_trades_2025_09_11.parquet,0.0,299,False
WLDSW,2025-09-16,WLDSW_trades_2025_09_16.parquet,0.0,51,False
WLDSW,2025-09-17,WLDSW_trades_2025_09_17.parquet,0.0,173,False
WLDSW,2025-10-08,WLDSW_trades_2025_10_08.parquet,0.0,68,False
WLDSW,2025-10-15,WLDSW_trades_2025_10_15.parquet,0.0,39,False
WNW,2025-01-03,WNW_trades_2025_01_03.parquet,0.0007451137731415143,17447,False
WNW,2025-02-24,WNW_trades_2025_02_24.parquet,0.0008356024261284234,69411,False
WNW,2025-04-22,WNW_trades_2025_04_22.parquet,0.0009085812931683259,583327,False
WNW,2025-06-20,WNW_trades_2025_06_20.parquet,0.001153846153846154,2600,False
WNW,2025-09-09,WNW_trades_2025_09_09.parquet,0.0009715025906735751,6176,False
WOK,2025-02-20,WOK_trades_2025_02_20.parquet,0.0007902490673671895,647897,False
WOK,2025-05-21,WOK_trades_2025_05_21.parquet,0.0009837637644257795,120964,False
WOK,2025-05-28,WOK_trades_2025_05_28.parquet,0.00023607176581680832,4236,False
WOK,2025-09-25,WOK_trades_2025_09_25.parquet,0.0013405507352227395,216329,False
WOK,2025-10-09,WOK_trades_2025_10_09.parquet,0.0008746123876918184,37731,False
WOK,2025-10-22,WOK_trades_2025_10_22.parquet,0.001993230537796164,26590,False
WOLF,2025-01-15,WOLF_trades_2025_01_15.parquet,0.0005629858459584112,138547,False
WOLF,2025-05-02,WOLF_trades_2025_05_02.parquet,0.0006242285811568091,211461,False
WOLF,2025-05-22,WOLF_trades_2025_05_22.parquet,0.0010349130977384104,197118,False
WOLF,2025-07-01,WOLF_trades_2025_07_01.parquet,0.000988785524179926,606805,False
WOLF,2025-07-03,WOLF_trades_2025_07_03.parquet,0.0006227932522557865,203920,False
WOLF,2025-07-07,WOLF_trades_2025_07_07.parquet,0.001087258904893394,823171,False
WOLF,2025-07-08,WOLF_trades_2025_07_08.parquet,0.0009012922462271316,676806,False
WOLF,2025-07-23,WOLF_trades_2025_07_23.parquet,0.0007682953510499188,196539,False
WOLF,2025-09-09,WOLF_trades_2025_09_09.parquet,0.0010803632721502604,266577,False
WOLF,2025-09-15,WOLF_trades_2025_09_15.parquet,0.0008833880078884162,209421,False
WOLF,2025-09-29,WOLF_trades_2025_09_29.parquet,0.0012558687713739205,155271,False
WOLF,2025-09-30,WOLF_trades_2025_09_30.parquet,0.0012411550207286886,428633,False
WOOF,2025-03-27,WOOF_trades_2025_03_27.parquet,0.0009191662000401474,94651,False
WORX,2025-04-09,WORX_trades_2025_04_09.parquet,0.0014676053499691145,228263,False
WOW,2025-08-12,WOW_trades_2025_08_12.parquet,0.00046514718585952553,45147,False
WRD,2025-02-14,WRD_trades_2025_02_14.parquet,0.0011283670872491453,326135,False
WRD,2025-02-18,WRD_trades_2025_02_18.parquet,0.00135749627244876,134807,False
WRD,2025-05-06,WRD_trades_2025_05_06.parquet,0.000874906668987536,218309,False
WRD,2025-05-12,WRD_trades_2025_05_12.parquet,0.0007035877803357562,193295,False
WRD,2025-05-21,WRD_trades_2025_05_21.parquet,0.0009493771450362273,251744,False
WTF,2025-04-14,WTF_trades_2025_04_14.parquet,0.0019217570350034316,7285,False
WTF,2025-06-17,WTF_trades_2025_06_17.parquet,0.00020781379883624273,4812,False
WTO,2025-04-11,WTO_trades_2025_04_11.parquet,0.0008839127872716559,10182,False
WTO,2025-04-25,WTO_trades_2025_04_25.parquet,0.0013142763265976672,6087,False
WTO,2025-05-19,WTO_trades_2025_05_19.parquet,0.000510986203372509,1957,False
WTO,2025-05-22,WTO_trades_2025_05_22.parquet,0.0008274720728175424,4834,False
WTO,2025-10-31,WTO_trades_2025_10_31.parquet,0.0007571087099949165,92457,False
WULF,2025-08-14,WULF_trades_2025_08_14.parquet,0.0009203047718289353,821467,False
WVVI,2025-01-14,WVVI_trades_2025_01_14.parquet,0.008875739644970414,338,False
WW,2025-04-30,WW_trades_2025_04_30.parquet,0.0009651881856803536,384381,False
WW,2025-07-07,WW_trades_2025_07_07.parquet,0.0006058770069675856,3301,False
WXM,2025-04-09,WXM_trades_2025_04_09.parquet,0.0008863938543359433,6769,False
WXM,2025-04-14,WXM_trades_2025_04_14.parquet,0.0011590843233845263,3451,False
WXM,2025-04-30,WXM_trades_2025_04_30.parquet,0.0007272727272727272,2750,False
WXM,2025-05-06,WXM_trades_2025_05_06.parquet,0.0012315270935960591,2436,False
WXM,2025-06-24,WXM_trades_2025_06_24.parquet,0.00037383177570093456,5350,False
WXM,2025-06-27,WXM_trades_2025_06_27.parquet,0.0006020469596628537,3322,False
WXM,2025-09-09,WXM_trades_2025_09_09.parquet,0.0,408,False
WYFI,2025-09-10,WYFI_trades_2025_09_10.parquet,0.0014852452608950556,25585,False
WYHG,2025-01-10,WYHG_trades_2025_01_10.parquet,0.0,914,False
WYHG,2025-01-29,WYHG_trades_2025_01_29.parquet,0.0013961605584642235,2865,False
WYHG,2025-06-30,WYHG_trades_2025_06_30.parquet,0.0013415892672858616,9690,False
XAIR,2025-06-17,XAIR_trades_2025_06_17.parquet,0.0006237158790724978,27256,False
XAIR,2025-06-20,XAIR_trades_2025_06_20.parquet,0.001623736069082589,13549,False
XAIR,2025-09-08,XAIR_trades_2025_09_08.parquet,0.0010141519241164865,865748,False
XBIO,2025-06-25,XBIO_trades_2025_06_25.parquet,0.000861903849837196,20884,False
XBIO,2025-10-07,XBIO_trades_2025_10_07.parquet,0.0,2274,False
XBIO,2025-10-08,XBIO_trades_2025_10_08.parquet,0.0010081948734263406,873839,False
XBP,2025-03-04,XBP_trades_2025_03_04.parquet,0.0005870841487279843,15330,False
XBP,2025-07-30,XBP_trades_2025_07_30.parquet,0.0011520298575672177,525160,False
XCH,2025-10-13,XCH_trades_2025_10_13.parquet,0.001057886400155538,174877,False
XCH,2025-10-15,XCH_trades_2025_10_15.parquet,0.0005533421868083222,9036,False
XCUR,2025-01-15,XCUR_trades_2025_01_15.parquet,0.00089126559714795,3366,False
XCUR,2025-01-17,XCUR_trades_2025_01_17.parquet,0.0010393569844789356,14432,False
XCUR,2025-01-23,XCUR_trades_2025_01_23.parquet,0.0013062138458667662,10718,False
XCUR,2025-03-04,XCUR_trades_2025_03_04.parquet,0.0009891196834817012,4044,False
XCUR,2025-03-06,XCUR_trades_2025_03_06.parquet,0.0016273393002441008,2458,False
XCUR,2025-04-21,XCUR_trades_2025_04_21.parquet,0.002967359050445104,1011,False
XCUR,2025-06-30,XCUR_trades_2025_06_30.parquet,0.0005370368057550363,80069,False
XCUR,2025-07-03,XCUR_trades_2025_07_03.parquet,0.0,3336,False
XELB,2025-04-24,XELB_trades_2025_04_24.parquet,0.0009370162144544936,24546,False
XELB,2025-10-03,XELB_trades_2025_10_03.parquet,0.000799403112342784,206404,False
XFOR,2025-01-29,XFOR_trades_2025_01_29.parquet,0.0009955957543747152,59261,False
XFOR,2025-07-24,XFOR_trades_2025_07_24.parquet,0.0007090905407321867,49359,False
XFOR,2025-08-12,XFOR_trades_2025_08_12.parquet,0.0011773866998909827,321050,False
XFOR,2025-08-13,XFOR_trades_2025_08_13.parquet,0.0010098542636752148,397087,False
XFOR,2025-08-19,XFOR_trades_2025_08_19.parquet,0.0016102570334811934,32914,False
XFOR,2025-10-24,XFOR_trades_2025_10_24.parquet,0.00137615967196847,106819,False
XGN,2025-01-17,XGN_trades_2025_01_17.parquet,0.0004892367906066536,6132,False
XGN,2025-02-04,XGN_trades_2025_02_04.parquet,0.0018081139111764042,8849,False
XHG,2025-01-08,XHG_trades_2025_01_08.parquet,0.0009752452026151413,377341,False
XHG,2025-01-10,XHG_trades_2025_01_10.parquet,0.0009563734806494784,327278,False
XHG,2025-01-13,XHG_trades_2025_01_13.parquet,0.0011446756346455158,123179,False
XHG,2025-01-17,XHG_trades_2025_01_17.parquet,0.0009277974750654429,120716,False
XHG,2025-02-14,XHG_trades_2025_02_14.parquet,0.0008094852626065425,21001,False
XHG,2025-04-04,XHG_trades_2025_04_04.parquet,0.0013187972569017057,11374,False
XHG,2025-04-09,XHG_trades_2025_04_09.parquet,0.0007006071929005138,4282,False
XHG,2025-05-09,XHG_trades_2025_05_09.parquet,0.0018031013342949874,2773,False
XHG,2025-05-13,XHG_trades_2025_05_13.parquet,0.0012156633547632963,171100,False
XHG,2025-09-09,XHG_trades_2025_09_09.parquet,0.0006727501681875421,115942,False
XHG,2025-09-12,XHG_trades_2025_09_12.parquet,0.000677996745615621,22124,False
XHLD,2025-02-19,XHLD_trades_2025_02_19.parquet,0.0026242892549934393,20577,False
XHLD,2025-03-19,XHLD_trades_2025_03_19.parquet,0.0010460023099217678,458890,False
XHLD,2025-03-21,XHLD_trades_2025_03_21.parquet,0.0009036470431014184,157141,False
XHLD,2025-03-24,XHLD_trades_2025_03_24.parquet,0.0008999189110499936,415593,False
XHLD,2025-04-02,XHLD_trades_2025_04_02.parquet,0.0005757604836388062,10421,False
XHLD,2025-04-03,XHLD_trades_2025_04_03.parquet,0.0007555723460521345,15882,False
XHLD,2025-04-08,XHLD_trades_2025_04_08.parquet,0.0008298755186721991,8435,False
XHLD,2025-05-13,XHLD_trades_2025_05_13.parquet,0.0010244762464461,125918,False
XLO,2025-02-12,XLO_trades_2025_02_12.parquet,0.0009830331344202372,419111,False
XLO,2025-05-13,XLO_trades_2025_05_13.parquet,0.0009412742653170994,81804,False
XMTR,2025-08-05,XMTR_trades_2025_08_05.parquet,0.0014234007076334946,73767,False
XNET,2025-02-27,XNET_trades_2025_02_27.parquet,0.0012286227617524948,313359,False
XNET,2025-08-15,XNET_trades_2025_08_15.parquet,0.0012446917557475473,27316,False
XNET,2025-08-18,XNET_trades_2025_08_18.parquet,0.0008000731495451012,43746,False
XOS,2025-02-20,XOS_trades_2025_02_20.parquet,0.001093806530866379,594255,False
XOS,2025-08-14,XOS_trades_2025_08_14.parquet,0.0011165554725059749,216738,False
XPOF,2025-07-03,XPOF_trades_2025_07_03.parquet,0.0012895766631092138,22488,False
XPON,2025-07-18,XPON_trades_2025_07_18.parquet,0.0008971396145786773,315447,False
XPON,2025-08-14,XPON_trades_2025_08_14.parquet,0.0008791663295904027,1866541,False
XPON,2025-09-22,XPON_trades_2025_09_22.parquet,0.0011208544867145776,15167,False
XPON,2025-09-24,XPON_trades_2025_09_24.parquet,0.0008073519486826917,158543,False
XPRO,2025-07-29,XPRO_trades_2025_07_29.parquet,0.00048546517272850845,51497,False
XRPT,2025-07-11,XRPT_trades_2025_07_11.parquet,0.0022840531561461796,9632,False
XRTX,2025-01-14,XRTX_trades_2025_01_14.parquet,0.0010580411124546554,13232,False
XRTX,2025-10-17,XRTX_trades_2025_10_17.parquet,0.0008172316007115364,367093,False
XTIA,2025-01-06,XTIA_trades_2025_01_06.parquet,0.0007891723725805936,219217,False
XTIA,2025-01-07,XTIA_trades_2025_01_07.parquet,0.0009970519410481393,858531,False
XTIA,2025-06-09,XTIA_trades_2025_06_09.parquet,0.0008984725965858042,16695,False
XTIA,2025-06-11,XTIA_trades_2025_06_11.parquet,0.0008819529535325245,297068,False
XTIA,2025-06-17,XTIA_trades_2025_06_17.parquet,0.0008025682182985554,98434,False
XTKG,2025-03-17,XTKG_trades_2025_03_17.parquet,0.0,1515,False
XTKG,2025-05-09,XTKG_trades_2025_05_09.parquet,0.0005483959418700301,3647,False
XTKG,2025-05-13,XTKG_trades_2025_05_13.parquet,0.0008463100880162492,11816,False
XTKG,2025-06-23,XTKG_trades_2025_06_23.parquet,0.001467351430667645,1363,False
XTLB,2025-06-24,XTLB_trades_2025_06_24.parquet,0.001714971702966901,5831,False
XTLB,2025-07-09,XTLB_trades_2025_07_09.parquet,0.001941747572815534,515,False
XTLB,2025-08-04,XTLB_trades_2025_08_04.parquet,0.0,227,False
XTLB,2025-10-07,XTLB_trades_2025_10_07.parquet,0.0009338640538885486,130640,False
XTLB,2025-10-08,XTLB_trades_2025_10_08.parquet,0.0013261133826942204,253372,False
XWEL,2025-05-08,XWEL_trades_2025_05_08.parquet,0.0012484394506866417,801,False
XWEL,2025-05-13,XWEL_trades_2025_05_13.parquet,0.0,1715,False
XXII,2025-01-08,XXII_trades_2025_01_08.parquet,0.0007729353707116952,16819,False
XXII,2025-01-13,XXII_trades_2025_01_13.parquet,0.001247614853955673,231642,False
XXII,2025-01-14,XXII_trades_2025_01_14.parquet,0.001070076762531395,113076,False
XXII,2025-01-15,XXII_trades_2025_01_15.parquet,0.000916268344455813,65483,False
XXII,2025-04-09,XXII_trades_2025_04_09.parquet,0.0010472828827431055,103124,False
XXII,2025-05-02,XXII_trades_2025_05_02.parquet,0.0006125574272588055,6530,False
XXII,2025-05-05,XXII_trades_2025_05_05.parquet,0.0013159626266614028,15198,False
XXII,2025-06-26,XXII_trades_2025_06_26.parquet,0.0009276437847866419,2156,False
XXII,2025-07-17,XXII_trades_2025_07_17.parquet,0.0008150690373727095,390151,False
XXII,2025-09-25,XXII_trades_2025_09_25.parquet,0.0010716756135342887,102643,False
YAAS,2025-03-12,YAAS_trades_2025_03_12.parquet,0.0020876826722338203,479,False
YAAS,2025-06-24,YAAS_trades_2025_06_24.parquet,0.0009977141921121014,134307,False
YAAS,2025-06-27,YAAS_trades_2025_06_27.parquet,0.00087527352297593,2285,False
YAAS,2025-06-30,YAAS_trades_2025_06_30.parquet,0.0008283288465520812,14487,False
YAAS,2025-07-07,YAAS_trades_2025_07_07.parquet,0.0007039202945635694,18468,False
YAAS,2025-07-24,YAAS_trades_2025_07_24.parquet,0.0010440593025683859,23945,False
YAAS,2025-09-19,YAAS_trades_2025_09_19.parquet,0.0009576306815527631,256884,False
YAAS,2025-09-24,YAAS_trades_2025_09_24.parquet,0.0009742282639478901,441375,False
YAAS,2025-10-03,YAAS_trades_2025_10_03.parquet,0.00036302032913843176,16528,False
YDDL,2025-10-10,YDDL_trades_2025_10_10.parquet,0.002374141876430206,139840,False
YDDL,2025-10-14,YDDL_trades_2025_10_14.parquet,0.001834862385321101,5450,False
YDES,2025-09-03,YDES_trades_2025_09_03.parquet,0.0009612303748798462,9363,False
YDES,2025-09-26,YDES_trades_2025_09_26.parquet,0.000461361014994233,4335,False
YDESW,2025-09-03,YDESW_trades_2025_09_03.parquet,0.0017123287671232876,1168,False
YDESW,2025-09-08,YDESW_trades_2025_09_08.parquet,0.0,559,False
YDESW,2025-09-11,YDESW_trades_2025_09_11.parquet,0.0017406440382941688,1149,False
YDESW,2025-09-12,YDESW_trades_2025_09_12.parquet,0.0018281535648994515,547,False
YDESW,2025-09-26,YDESW_trades_2025_09_26.parquet,0.0,2843,False
YDESW,2025-10-31,YDESW_trades_2025_10_31.parquet,0.0,429,False
YDKG,2025-10-21,YDKG_trades_2025_10_21.parquet,0.0007713302480123413,370788,False
YDKG,2025-10-23,YDKG_trades_2025_10_23.parquet,0.0011343451254162609,274167,False
YDKG,2025-10-27,YDKG_trades_2025_10_27.parquet,0.0008798298995527531,68195,False
YDKG,2025-10-31,YDKG_trades_2025_10_31.parquet,0.0008869953396392401,137543,False
YEXT,2025-06-04,YEXT_trades_2025_06_04.parquet,0.0016986168405726766,53573,False
YGMZ,2025-01-17,YGMZ_trades_2025_01_17.parquet,0.0,1335,False
YGMZ,2025-04-17,YGMZ_trades_2025_04_17.parquet,0.00047321597577134206,10566,False
YGMZ,2025-08-20,YGMZ_trades_2025_08_20.parquet,0.001142857142857143,875,False
YGMZ,2025-10-16,YGMZ_trades_2025_10_16.parquet,0.00035714285714285714,2800,False
YHC,2025-02-12,YHC_trades_2025_02_12.parquet,0.0003497726477789437,2859,False
YHC,2025-02-24,YHC_trades_2025_02_24.parquet,0.0006793478260869565,1472,False
YHC,2025-03-12,YHC_trades_2025_03_12.parquet,0.0009077705156136529,5508,False
YHC,2025-05-02,YHC_trades_2025_05_02.parquet,0.0,1785,False
YHC,2025-05-12,YHC_trades_2025_05_12.parquet,0.0008288771711517672,483787,False
YHC,2025-07-01,YHC_trades_2025_07_01.parquet,0.0005617977528089888,5340,False
YHC,2025-07-11,YHC_trades_2025_07_11.parquet,0.0012429323454864495,41032,False
YHC,2025-07-14,YHC_trades_2025_07_14.parquet,0.0011326692422136643,326662,False
YHC,2025-07-16,YHC_trades_2025_07_16.parquet,0.0010014125496668322,340519,False
YHC,2025-08-07,YHC_trades_2025_08_07.parquet,0.0009116455672409094,425604,False
YHGJ,2025-01-27,YHGJ_trades_2025_01_27.parquet,0.0015397249024840895,9742,False
YHGJ,2025-07-21,YHGJ_trades_2025_07_21.parquet,0.0,213,False
YHGJ,2025-08-27,YHGJ_trades_2025_08_27.parquet,0.00031756113051762465,6298,False
YHGJ,2025-10-10,YHGJ_trades_2025_10_10.parquet,0.001541623843782117,97300,False
YIBO,2025-01-27,YIBO_trades_2025_01_27.parquet,0.0008571890667960537,309150,False
YIBO,2025-01-28,YIBO_trades_2025_01_28.parquet,0.0013142657394551167,512073,False
YIBO,2025-05-14,YIBO_trades_2025_05_14.parquet,0.0004656216048424647,6443,False
YJ,2025-03-12,YJ_trades_2025_03_12.parquet,0.0,290,False
YJ,2025-05-01,YJ_trades_2025_05_01.parquet,0.0,1316,False
YJ,2025-10-07,YJ_trades_2025_10_07.parquet,0.001579778830963665,1266,False
YMAT,2025-09-19,YMAT_trades_2025_09_19.parquet,0.0015064470828545895,39165,False
YMAT,2025-10-28,YMAT_trades_2025_10_28.parquet,0.0014205931128670373,164016,False
YOUL,2025-07-15,YOUL_trades_2025_07_15.parquet,0.001581206234470296,8854,False
YOUL,2025-08-21,YOUL_trades_2025_08_21.parquet,0.0009338409597011709,41763,False
YOUL,2025-09-09,YOUL_trades_2025_09_09.parquet,0.0011152387526077818,644705,False
YPF,2025-10-27,YPF_trades_2025_10_27.parquet,0.0010834412701516004,122757,False
YSXT,2025-01-07,YSXT_trades_2025_01_07.parquet,0.0022543678376855157,5323,False
YSXT,2025-02-06,YSXT_trades_2025_02_06.parquet,0.0,470,False
YSXT,2025-02-20,YSXT_trades_2025_02_20.parquet,0.0008941877794336811,3355,False
YSXT,2025-04-10,YSXT_trades_2025_04_10.parquet,0.0005178663904712584,1931,False
YSXT,2025-05-22,YSXT_trades_2025_05_22.parquet,0.0015067805123053742,1991,False
YSXT,2025-05-28,YSXT_trades_2025_05_28.parquet,0.0013770311209033324,3631,False
YSXT,2025-06-03,YSXT_trades_2025_06_03.parquet,0.001226241569589209,1631,False
YSXT,2025-08-19,YSXT_trades_2025_08_19.parquet,0.0008615243237034059,17411,False
YSXT,2025-09-16,YSXT_trades_2025_09_16.parquet,0.001197310656064839,65146,False
YSXT,2025-10-10,YSXT_trades_2025_10_10.parquet,0.0,6079,False
YTRA,2025-08-11,YTRA_trades_2025_08_11.parquet,0.00031357792411414236,3189,False
YXT,2025-01-10,YXT_trades_2025_01_10.parquet,0.0008936550491510277,2238,False
YXT,2025-05-14,YXT_trades_2025_05_14.parquet,0.0013386880856760374,747,False
YXT,2025-09-09,YXT_trades_2025_09_09.parquet,0.001466275659824047,682,False
YYAI,2025-01-27,YYAI_trades_2025_01_27.parquet,0.0008591951060246761,29097,False
YYAI,2025-02-18,YYAI_trades_2025_02_18.parquet,0.0006176652254478073,3238,False
YYAI,2025-02-24,YYAI_trades_2025_02_24.parquet,0.0007886245134403805,414646,False
YYAI,2025-07-21,YYAI_trades_2025_07_21.parquet,0.0004288164665523156,2332,False
YYAI,2025-07-23,YYAI_trades_2025_07_23.parquet,0.0012282418868865988,104214,False
YYAI,2025-07-25,YYAI_trades_2025_07_25.parquet,0.0012258478781156967,17131,False
YYAI,2025-07-28,YYAI_trades_2025_07_28.parquet,0.001762255687279718,12484,False
YYAI,2025-09-10,YYAI_trades_2025_09_10.parquet,0.00033433634236041456,2991,False
YYAI,2025-10-08,YYAI_trades_2025_10_08.parquet,0.0010239496901319387,689487,False
YYAI,2025-10-09,YYAI_trades_2025_10_09.parquet,0.0012750977954469902,439182,False
YYAI,2025-10-22,YYAI_trades_2025_10_22.parquet,0.0009287167917128064,1013226,False
YYGH,2025-04-14,YYGH_trades_2025_04_14.parquet,0.0002673082063619353,3741,False
ZBAI,2025-01-10,ZBAI_trades_2025_01_10.parquet,0.0012554927809165098,1593,False
ZBAI,2025-01-13,ZBAI_trades_2025_01_13.parquet,0.0,959,False
ZBAI,2025-01-17,ZBAI_trades_2025_01_17.parquet,0.0,1276,False
ZBAI,2025-02-03,ZBAI_trades_2025_02_03.parquet,0.0013254501318003783,134294,False
ZBAI,2025-06-11,ZBAI_trades_2025_06_11.parquet,0.0009230769230769231,26000,False
ZBAI,2025-07-11,ZBAI_trades_2025_07_11.parquet,0.0009703770355863724,226716,False
ZBAI,2025-07-16,ZBAI_trades_2025_07_16.parquet,0.0011544677903486493,25986,False
ZBAI,2025-09-15,ZBAI_trades_2025_09_15.parquet,0.000892458723784025,2241,False
ZBAI,2025-10-15,ZBAI_trades_2025_10_15.parquet,0.0006221864363356879,27323,False
ZBAO,2025-04-07,ZBAO_trades_2025_04_07.parquet,0.0007783057512698672,24412,False
ZBIO,2025-10-27,ZBIO_trades_2025_10_27.parquet,0.0017385655878644302,52342,False
ZCMD,2025-06-12,ZCMD_trades_2025_06_12.parquet,0.0005747598324985631,12179,False
ZENA,2025-03-12,ZENA_trades_2025_03_12.parquet,0.0013040901007705986,42175,False
ZENA,2025-04-24,ZENA_trades_2025_04_24.parquet,0.0012490713603448417,244982,False
ZENA,2025-05-27,ZENA_trades_2025_05_27.parquet,0.0008576623554838931,116596,False
ZENA,2025-06-05,ZENA_trades_2025_06_05.parquet,0.0009637725904093806,785455,False
ZENA,2025-06-09,ZENA_trades_2025_06_09.parquet,0.0008151652707627389,62564,False
ZENV,2025-01-06,ZENV_trades_2025_01_06.parquet,0.0030450669914738123,1642,False
ZEO,2025-01-15,ZEO_trades_2025_01_15.parquet,0.0,763,False
ZEO,2025-01-17,ZEO_trades_2025_01_17.parquet,0.0012733898374483069,244230,False
ZEO,2025-04-16,ZEO_trades_2025_04_16.parquet,0.0005276735459662289,119392,False
ZEO,2025-05-29,ZEO_trades_2025_05_29.parquet,0.0010762803216454535,597428,False
ZEO,2025-06-23,ZEO_trades_2025_06_23.parquet,0.0010147133434804667,1971,False
ZEO,2025-09-19,ZEO_trades_2025_09_19.parquet,0.0005744375299186214,20890,False
ZEO,2025-10-10,ZEO_trades_2025_10_10.parquet,0.0009569377990430622,18810,False
ZEPP,2025-07-08,ZEPP_trades_2025_07_08.parquet,0.0012652581207672656,123295,False
ZEPP,2025-07-11,ZEPP_trades_2025_07_11.parquet,0.0007395424081349665,21635,False
ZEPP,2025-07-15,ZEPP_trades_2025_07_15.parquet,0.0007838142360260618,20413,False
ZEPP,2025-08-04,ZEPP_trades_2025_08_04.parquet,0.001244887070958563,11246,False
ZEPP,2025-08-05,ZEPP_trades_2025_08_05.parquet,0.0008951215873489483,13406,False
ZGM,2025-09-12,ZGM_trades_2025_09_12.parquet,0.005429162357807653,3868,False
ZIPP,2025-04-09,ZIPP_trades_2025_04_09.parquet,0.0,37,False
ZJK,2025-01-06,ZJK_trades_2025_01_06.parquet,0.0011169311354182715,25964,False
ZKIN,2025-05-08,ZKIN_trades_2025_05_08.parquet,0.001136939010356732,434500,False
ZKIN,2025-05-09,ZKIN_trades_2025_05_09.parquet,0.00097712067848647,367406,False
ZKIN,2025-05-19,ZKIN_trades_2025_05_19.parquet,0.0006253908692933083,3198,False
ZKIN,2025-07-15,ZKIN_trades_2025_07_15.parquet,0.001093983092988563,10055,False
ZKIN,2025-09-10,ZKIN_trades_2025_09_10.parquet,0.0020685900925421882,9185,False
ZNB,2025-09-04,ZNB_trades_2025_09_04.parquet,0.010754383629452613,773731,False
ZNB,2025-09-05,ZNB_trades_2025_09_05.parquet,0.0008727409436343618,74478,False
ZNB,2025-09-09,ZNB_trades_2025_09_09.parquet,0.0009964526286420344,175623,False
ZNB,2025-10-07,ZNB_trades_2025_10_07.parquet,0.0008631189826552834,1056633,False
ZNTL,2025-02-05,ZNTL_trades_2025_02_05.parquet,0.0005964969361748278,18441,False
ZOOZ,2025-04-22,ZOOZ_trades_2025_04_22.parquet,0.0,85,False
ZOOZ,2025-07-22,ZOOZ_trades_2025_07_22.parquet,0.0009371170435158709,124851,False
ZOOZ,2025-07-23,ZOOZ_trades_2025_07_23.parquet,0.0010777084515031198,70520,False
ZOOZ,2025-07-25,ZOOZ_trades_2025_07_25.parquet,0.0005729838132072769,6981,False
ZOOZ,2025-09-10,ZOOZ_trades_2025_09_10.parquet,0.00041425020712510354,2414,False
ZOOZ,2025-09-19,ZOOZ_trades_2025_09_19.parquet,0.0008195499925495455,322128,False
ZSPC,2025-02-03,ZSPC_trades_2025_02_03.parquet,0.0008321198252548367,4807,False
ZSPC,2025-02-27,ZSPC_trades_2025_02_27.parquet,0.0,2257,False
ZSPC,2025-07-23,ZSPC_trades_2025_07_23.parquet,0.000355998576005696,2809,False
ZSPC,2025-08-12,ZSPC_trades_2025_08_12.parquet,0.00055005500550055,1818,False
ZSPC,2025-09-23,ZSPC_trades_2025_09_23.parquet,0.001151253323205469,84256,False
ZSPC,2025-09-29,ZSPC_trades_2025_09_29.parquet,0.000560891817990605,14263,False
ZSPC,2025-10-09,ZSPC_trades_2025_10_09.parquet,0.0008563110121596164,52551,False
ZTEK,2025-09-02,ZTEK_trades_2025_09_02.parquet,0.0009101941747572816,36256,False
ZURA,2025-07-17,ZURA_trades_2025_07_17.parquet,0.00128080972165818,32011,False
ZURA,2025-09-29,ZURA_trades_2025_09_29.parquet,0.0006677916202922486,139265,False
ZURA,2025-09-30,ZURA_trades_2025_09_30.parquet,0.0017836162972612664,164273,False
ZVIA,2025-05-08,ZVIA_trades_2025_05_08.parquet,0.0008608191373686118,22072,False
ZYBT,2025-03-25,ZYBT_trades_2025_03_25.parquet,0.001168736303871439,13690,False
ZYBT,2025-04-02,ZYBT_trades_2025_04_02.parquet,0.0006053268765133172,4956,False
ZYBT,2025-04-14,ZYBT_trades_2025_04_14.parquet,0.000887705281846427,2253,False
ZYBT,2025-04-16,ZYBT_trades_2025_04_16.parquet,0.0003048780487804878,3280,False
ZYBT,2025-04-17,ZYBT_trades_2025_04_17.parquet,0.0004238186056367875,4719,False
ZYBT,2025-04-24,ZYBT_trades_2025_04_24.parquet,0.004781943381790359,5228,False
ZYBT,2025-04-28,ZYBT_trades_2025_04_28.parquet,0.0004767580452920143,4195,False
ZYBT,2025-05-02,ZYBT_trades_2025_05_02.parquet,0.0007380073800738007,2710,False
ZYBT,2025-05-12,ZYBT_trades_2025_05_12.parquet,0.0004833252779120348,2069,False
ZYBT,2025-06-10,ZYBT_trades_2025_06_10.parquet,0.0002473410833539451,4043,False
ZYBT,2025-08-12,ZYBT_trades_2025_08_12.parquet,0.0004798464491362764,2084,False
ZYBT,2025-08-20,ZYBT_trades_2025_08_20.parquet,0.000365764447695684,5468,False
ZYBT,2025-09-02,ZYBT_trades_2025_09_02.parquet,0.00026014568158168577,3844,False
ZYBT,2025-09-30,ZYBT_trades_2025_09_30.parquet,0.0009405066026105414,78681,False
ZYXI,2025-08-04,ZYXI_trades_2025_08_04.parquet,0.0005087763927753752,15724,True
