dest_dir,status,detail
AACG_2025-07-21_40.24,good,1466
AACG_2025-07-30_37.29,good,2012
AACG_2025-07-31_35.29,good,3589
AACG_2025-08-04_38.89,good,28183
AAME_2025-08-14_30.61,good,1009
AAOI_2025-03-14_49.28,good,143646
AAOI_2025-04-09_35.56,good,55420
AAP_2025-05-22_59.82,good,253474
AAPB_2025-04-09_31.41,good,5248
AAPU_2025-04-09_32.07,good,31158
AARD_2025-02-20_31.41,good,4451
ABAT_2025-04-29_33.91,good,25056
ABAT_2025-07-21_37.50,good,67491
ABAT_2025-10-13_50.81,good,230109
ABAT_2025-10-20_41.65,good,187317
ABEO_2025-04-30_38.18,good,89936
ABLLL_2025-01-07_31.62,good,189
ABLV_2025-01-08_33.09,good,85
ABLV_2025-02-11_70.44,good,6707
ABLV_2025-03-07_138.55,good,32527
ABLV_2025-03-19_40.62,good,1015
ABLV_2025-09-10_70.21,good,2444
ABP_2025-05-15_130.36,good,437538
ABP_2025-05-19_43.43,good,149177
ABP_2025-05-28_30.41,good,14632
ABP_2025-07-23_32.61,good,23161
ABP_2025-07-28_44.26,good,48443
ABSI_2025-01-08_37.46,good,289986
ABSI_2025-01-22_36.65,good,92205
ABTS_2025-04-14_33.01,good,721
ABTS_2025-04-25_30.27,good,470
ABTS_2025-05-09_303.43,good,58834
ABTS_2025-07-02_36.57,good,1550
ABTS_2025-07-11_36.02,good,1466
ABTS_2025-09-19_45.19,good,1616
ABTS_2025-09-22_34.51,good,1910
ABVC_2025-04-01_32.08,good,4796
ABVC_2025-04-07_80.59,good,12891
ABVC_2025-07-08_37.34,good,11689
ABVE_2025-04-28_50.00,good,11985
ABVE_2025-04-29_54.75,good,26139
ABVE_2025-04-30_41.22,good,20383
ABVE_2025-05-01_68.79,good,13111
ABVE_2025-05-13_39.62,good,3339
ABVE_2025-05-22_31.47,good,2709
ABVE_2025-06-16_35.45,good,3531
ABVE_2025-07-07_85.53,good,26865
ABVE_2025-07-10_480.82,good,907583
ABVE_2025-07-11_183.87,good,1319018
ABVE_2025-07-17_127.98,good,677358
ABVE_2025-09-24_33.56,good,17928
ABVE_2025-10-08_70.61,good,155089
ABVE_2025-10-23_30.13,good,16886
ABVEW_2025-10-08_57.14,good,1872
ABVEW_2025-10-16_57.89,good,3420
ABVEW_2025-10-17_31.42,good,580
ABVEW_2025-10-27_36.21,good,1448
ABVX_2025-07-23_613.50,good,421938
ACAD_2025-05-16_43.35,good,175308
ACB_2025-02-05_54.62,good,315869
ACB_2025-09-29_32.30,good,54482
ACCL_2025-10-24_36.36,good,1628
ACCL_2025-10-31_39.42,good,2763
ACHR.WS_2025-04-09_33.10,good,542
ACHR.WS_2025-05-13_39.75,good,3115
ACHR.WS_2025-05-16_32.60,good,3207
ACHR.WS_2025-10-06_41.98,good,3295
ACHV_2025-10-17_44.15,good,76585
ACOG_2025-05-16_42.14,good,3165
ACON_2025-01-24_77.31,good,240518
ACON_2025-01-30_126.21,good,53189
ACON_2025-02-04_31.88,good,92894
ACON_2025-02-28_109.13,good,81250
ACON_2025-03-03_153.73,good,649826
ACON_2025-03-05_44.52,good,38809
ACON_2025-03-14_37.23,good,27023
ACON_2025-03-17_48.96,good,175230
ACON_2025-10-13_39.93,good,111800
ACRV_2025-02-05_35.36,good,7889
ACRV_2025-04-15_46.00,good,9292
ACRV_2025-09-08_100.75,good,175641
ACXP_2025-01-06_40.47,good,4380
ACXP_2025-06-17_241.91,good,637119
ACXP_2025-08-28_46.82,good,4433
ACXP_2025-10-08_94.41,good,392108
ADAG_2025-08-06_36.90,good,1309
ADAG_2025-09-09_32.22,good,1959
ADCT_2025-05-14_37.88,good,10268
ADGM_2025-04-17_210.88,good,468377
ADGM_2025-08-27_31.91,good,695
ADIL_2025-02-25_69.93,good,112576
ADIL_2025-05-02_55.13,good,60000
ADPT_2025-05-02_39.67,good,130225
ADSEW_2025-05-09_36.49,good,287
ADSEW_2025-05-16_36.36,good,347
ADSEW_2025-06-04_41.43,good,413
ADSEW_2025-06-10_41.33,good,92
ADSEW_2025-07-18_36.76,good,169
ADSEW_2025-08-29_44.14,good,114
ADSEW_2025-09-30_79.09,good,273
ADSEW_2025-10-20_50.00,good,128
ADTX_2025-01-15_52.92,good,71230
ADTX_2025-01-16_58.55,good,186484
ADTX_2025-02-18_65.71,good,355531
ADTX_2025-02-19_43.64,good,249653
ADTX_2025-03-05_40.56,good,50708
ADTX_2025-03-18_129.75,good,679860
ADTX_2025-03-19_64.00,good,380177
ADTX_2025-04-17_30.45,good,6517
ADTX_2025-06-25_64.65,good,82303
ADVB_2025-04-28_32.60,good,219
ADVB_2025-05-12_35.95,good,911
ADVM_2025-09-19_30.17,good,5154
ADVM_2025-09-23_50.00,good,57991
ADXN_2025-02-24_30.85,good,943
ADXN_2025-06-06_31.97,good,733
ADXN_2025-09-12_37.24,good,28692
ADXN_2025-10-17_40.33,good,6617
AEBI_2025-07-03_34.26,good,84588
AEHL_2025-02-12_35.75,good,18007
AEHL_2025-04-04_135.24,good,76671
AEHL_2025-04-09_285.78,good,296752
AEHL_2025-04-11_55.59,good,6629
AEHL_2025-04-22_31.98,good,4417
AEHL_2025-07-29_53.65,good,89161
AEHL_2025-08-14_32.53,good,1695
AEHL_2025-09-10_127.56,good,678415
AEHR_2025-04-09_30.53,good,25210
AEHR_2025-07-22_32.64,good,77051
AEHR_2025-08-25_42.38,good,105463
AEI_2025-06-30_38.30,good,3286
AEI_2025-09-03_37.04,good,95111
AEI_2025-09-08_33.73,good,4966
AEI_2025-09-11_59.24,good,11632
AEI_2025-09-16_41.74,good,9910
AEMD_2025-07-09_32.77,good,21193
AEMD_2025-08-21_146.85,good,546687
AEMD_2025-08-28_30.74,good,7342
AEO_2025-09-04_38.40,good,457332
AERT_2025-06-10_53.62,good,6258
AERT_2025-06-16_57.59,good,3993
AERT_2025-08-14_107.14,good,360109
AERT_2025-09-18_111.42,good,360443
AEVA_2025-03-20_38.59,good,29015
AEVAW_2025-06-27_47.50,good,498
AEVAW_2025-07-02_44.93,good,425
AFRIW_2025-01-30_31.59,good,28
AFRIW_2025-02-12_46.81,good,975
AGAE_2025-01-06_32.50,good,699
AGAE_2025-05-12_71.56,good,7774
AGAE_2025-05-28_61.97,good,23127
AGAE_2025-06-03_30.89,good,1961
AGAE_2025-06-12_31.69,good,2090
AGAE_2025-09-12_150.25,good,451785
AGCC_2025-10-28_60.47,good,6550
AGEN_2025-04-22_42.86,good,20000
AGEN_2025-05-12_39.51,good,20812
AGH_2025-02-19_65.31,good,4624
AGH_2025-02-20_87.05,good,13884
AGH_2025-02-26_35.50,good,5080
AGH_2025-03-20_41.61,good,16384
AGH_2025-07-23_238.15,good,83050
AGH_2025-07-25_46.20,good,19513
AGH_2025-08-11_51.14,good,6493
AGH_2025-09-10_43.66,good,5349
AGH_2025-09-26_41.74,good,8087
AGH_2025-10-20_35.36,good,7040
AGL_2025-04-08_43.06,good,88494
AGMH_2025-03-06_182.30,good,592193
AGMH_2025-04-02_39.05,good,49865
AGMH_2025-04-23_158.00,good,307771
AGMH_2025-04-25_74.36,good,137020
AGMH_2025-04-28_203.50,good,657122
AGMH_2025-05-05_50.75,good,153002
AGMH_2025-05-16_39.50,good,94024
AGMH_2025-06-04_75.44,good,30083
AGMH_2025-09-09_30.39,good,2854
AGMH_2025-09-10_99.09,good,70659
AGMH_2025-09-19_711.66,good,2056601
AGRZ_2025-10-07_69.03,good,5974
AGRZ_2025-10-08_46.17,good,3095
AGRZ_2025-10-10_47.89,good,4465
AGRZ_2025-10-16_36.91,good,5334
AGRZ_2025-10-21_47.54,good,3383
AGX_2025-03-28_30.90,good,33143
AHG_2025-04-22_42.06,good,1380
AHG_2025-07-09_58.91,good,5961
AHMA_2025-10-29_34.12,good,3735
AHT_2025-02-13_38.74,good,1936
AI_2025-05-29_31.36,good,433407
AIFF_2025-01-14_205.26,good,704763
AIFF_2025-02-11_271.29,good,1095082
AIFF_2025-02-12_72.02,good,756671
AIFF_2025-02-13_32.61,good,390324
AIFF_2025-03-14_32.61,good,10959
AIFF_2025-03-17_34.58,good,14691
AIFF_2025-05-05_37.92,good,213849
AIFF_2025-08-26_40.15,good,374746
AIFU_2025-02-07_41.20,good,6089
AIFU_2025-05-02_146.70,good,74941
AIFU_2025-05-06_126.72,good,431657
AIFU_2025-05-12_84.20,good,64273
AIFU_2025-06-24_79.43,good,14341
AIHS_2025-06-05_48.35,good,95898
AIHS_2025-06-10_55.96,good,22567
AIHS_2025-09-03_244.17,good,1254750
AIHS_2025-09-08_38.66,good,8761
AIHS_2025-09-16_43.26,good,386789
AIHS_2025-10-01_53.50,good,101117
AIIO_2025-09-15_65.07,good,97959
AIIO_2025-09-16_45.70,good,102241
AIIO_2025-09-18_40.41,good,61203
AIIO_2025-09-25_34.98,good,54348
AIIO_2025-09-30_37.31,good,80752
AIMD_2025-01-06_60.62,good,11094
AIMD_2025-01-10_74.49,good,25351
AIMD_2025-01-14_32.43,good,2121
AIMD_2025-05-28_31.80,good,2257
AIMD_2025-08-06_93.13,good,765967
AIOT_2025-02-10_38.74,good,60871
AIP_2025-08-05_51.22,good,239838
AIP_2025-10-06_32.79,good,36782
AIRE_2025-09-11_95.71,good,248699
AIRE_2025-09-12_46.34,good,195083
AIRE_2025-10-22_78.67,good,461094
AIRE_2025-10-23_47.14,good,127728
AIRG_2025-07-18_36.05,good,3941
AIRJW_2025-02-13_35.66,good,198
AIRJW_2025-10-15_44.37,good,1464
AIRO_2025-07-11_31.53,good,40463
AIRS_2025-05-02_38.05,good,16829
AISPW_2025-01-14_37.40,good,326
AISPW_2025-01-15_33.71,good,694
AISPW_2025-02-26_48.43,good,184
AISPW_2025-03-25_47.83,good,459
AISPW_2025-05-19_41.18,good,978
AISPW_2025-09-12_38.98,good,773
AISPW_2025-10-06_43.18,good,1493
AISPW_2025-10-13_36.00,good,583
AKA_2025-05-14_61.84,good,3343
AKA_2025-10-14_43.44,good,8175
AKAN_2025-08-01_50.88,good,34493
AKAN_2025-09-29_35.53,good,5105
AKAN_2025-10-01_113.32,good,237206
AKBA_2025-03-14_35.50,good,30456
AKRO_2025-01-27_123.07,good,181975
AKTX_2025-03-20_38.40,good,691
AKTX_2025-09-24_60.42,good,9302
ALAB_2025-08-06_35.47,good,244325
ALAR_2025-06-09_43.65,good,17457
ALBT_2025-02-26_49.31,good,3277
ALBT_2025-03-14_30.44,good,641
ALBT_2025-03-19_39.71,good,838
ALBT_2025-04-16_34.57,good,3261
ALBT_2025-07-28_108.81,good,162265
ALDFW_2025-10-17_1253.08,good,316
ALDX_2025-04-04_40.85,good,55911
ALEC_2025-08-08_52.05,good,33427
ALLO_2025-02-14_49.29,good,82854
ALLO_2025-02-18_84.31,good,244185
ALLO_2025-02-19_33.10,good,95101
ALLR_2025-01-08_70.30,good,70103
ALLR_2025-01-23_48.51,good,19670
ALLR_2025-01-27_46.32,good,35751
ALLR_2025-08-26_149.65,good,946049
ALMS_2025-03-25_50.99,good,122083
ALMS_2025-03-26_51.00,good,42235
ALMS_2025-04-02_43.92,good,26778
ALMU_2025-04-28_30.34,good,2282
ALMU_2025-06-25_32.09,good,9831
ALUR_2025-01-14_41.41,good,3739
ALUR_2025-01-24_354.32,good,802487
ALUR_2025-03-21_83.33,good,458241
ALUR_2025-05-14_44.92,good,40370
ALVOW_2025-01-08_51.67,good,293
ALVOW_2025-03-11_44.54,good,28
ALVOW_2025-03-13_72.02,good,236
ALVOW_2025-03-21_48.72,good,116
ALVOW_2025-04-09_41.12,good,56
ALVOW_2025-05-08_33.33,good,166
ALVOW_2025-06-02_37.33,good,496
ALVOW_2025-07-24_48.92,good,173
ALVOW_2025-07-25_37.44,good,142
ALVOW_2025-08-12_35.34,good,139
ALVOW_2025-08-18_34.78,good,111
ALVOW_2025-09-23_40.42,good,78
ALVOW_2025-09-30_75.00,good,189
ALVOW_2025-10-22_42.01,good,86
ALVOW_2025-10-23_64.84,good,104
ALVOW_2025-10-30_62.91,good,285
ALXO_2025-03-06_44.23,good,39830
ALXO_2025-08-18_61.42,good,25135
ALZN_2025-03-17_32.52,good,1832
ALZN_2025-05-29_147.59,good,642450
AMBA_2025-08-29_32.30,good,85696
AMBQ_2025-07-31_34.34,good,46393
AMCX_2025-08-08_36.33,good,24996
AMD_2025-10-06_37.67,good,3011654
AMDG_2025-04-09_49.26,good,319
AMDG_2025-10-06_75.05,good,16528
AMDL_2025-04-09_50.34,good,26670
AMDL_2025-10-06_75.14,good,420684
AMDU_2025-10-06_69.71,good,732
AMIX_2025-06-27_94.40,good,141475
AMIX_2025-07-21_67.08,good,92566
AMLX_2025-06-24_33.47,good,30722
AMOD_2025-01-17_41.24,good,4081
AMOD_2025-01-30_259.73,good,704470
AMOD_2025-02-13_227.17,good,599817
AMOD_2025-03-12_32.59,good,1593
AMOD_2025-07-23_124.14,good,543058
AMPGW_2025-01-06_79.27,good,134
AMPGW_2025-01-10_89.29,good,130
AMPGW_2025-01-14_36.49,good,72
AMPGW_2025-01-31_159.67,good,342
AMPGW_2025-02-04_55.56,good,82
AMPX_2025-01-10_36.63,good,35191
AMPX_2025-03-21_34.63,good,35497
AMPX.WS_2025-07-08_63.70,good,925
AMPX.WS_2025-07-09_90.48,good,4813
AMPX.WS_2025-07-10_33.47,good,2625
AMPX.WS_2025-08-04_42.76,good,480
AMPX.WS_2025-08-08_34.29,good,1243
AMPX.WS_2025-10-15_34.20,good,1600
AMRC_2025-05-06_34.09,good,27095
AMRC_2025-08-05_50.12,good,37772
AMRN_2025-06-24_36.35,good,10707
AMSC_2025-02-06_38.87,good,76741
AMST_2025-02-27_81.59,good,215807
AMST_2025-05-16_81.70,good,502571
AMST_2025-09-11_78.36,good,558155
AMTD_2025-10-31_58.65,good,60882
AMUU_2025-04-09_49.16,good,257
AMUU_2025-10-06_75.13,good,15446
ANAB_2025-02-12_34.46,good,92998
ANAB_2025-09-30_39.66,good,42386
ANEB_2025-03-10_31.78,good,423
ANEB_2025-03-11_51.79,good,1879
ANEB_2025-07-01_50.69,good,973
ANEB_2025-07-02_40.57,good,1136
ANEB_2025-07-23_86.89,good,143535
ANF_2025-05-28_36.09,good,234780
ANGH_2025-07-14_35.14,good,754
ANGH_2025-07-28_56.49,good,75669
ANGI_2025-05-07_38.56,good,57746
ANGO_2025-01-08_39.67,good,31493
ANGX_2025-09-12_38.31,good,14088
ANGX_2025-09-15_42.53,good,9858
ANGX_2025-09-29_44.70,good,18264
ANGX_2025-10-01_40.45,good,20103
ANNA_2025-01-10_50.29,good,842
ANNA_2025-03-20_39.14,good,2652
ANNA_2025-04-16_38.72,good,590
ANNX_2025-03-17_35.00,good,22068
ANPA_2025-07-09_321.31,good,43457
ANPA_2025-07-15_135.53,good,81167
ANPA_2025-07-17_35.32,good,3678
ANPA_2025-07-18_57.03,good,11381
ANPA_2025-07-21_40.59,good,3769
ANPA_2025-07-23_80.68,good,35757
ANPA_2025-07-24_34.94,good,26424
ANPA_2025-07-29_49.05,good,10686
ANRO_2025-10-03_91.84,good,477796
ANRO_2025-10-20_100.49,good,153681
ANSCW_2025-02-11_185.71,good,42
ANVS_2025-04-21_40.02,good,13065
ANVS_2025-06-04_33.33,good,12885
APED_2025-04-09_44.20,good,42
APEI_2025-03-07_32.99,good,6779
APLD_2025-06-02_54.32,good,694600
APLD_2025-06-04_31.41,good,618364
APLD_2025-07-31_40.18,good,539063
APLD_2025-10-10_33.39,good,689240
APLM_2025-03-20_41.21,good,1963
APLM_2025-05-21_34.08,good,1015
APLM_2025-07-21_31.72,good,11082
APLM_2025-09-04_36.04,good,2476
APLM_2025-09-15_45.68,good,4370
APLM_2025-09-16_34.55,good,2834
APLM_2025-09-17_72.25,good,13717
APLM_2025-10-15_128.50,good,13695
APLM_2025-10-16_78.97,good,7625
APLM_2025-10-31_49.01,good,3214
APLT_2025-09-26_135.63,good,167238
APM_2025-02-10_47.54,good,5114
APM_2025-04-15_64.42,good,6985
APM_2025-06-04_30.43,good,3182
APM_2025-07-16_355.76,good,828167
APM_2025-08-21_251.97,good,1604548
APM_2025-09-30_31.31,good,8078
APP_2025-02-13_38.08,good,371453
APPS_2025-02-06_101.97,good,391401
APPS_2025-04-09_33.13,good,23760
APPS_2025-06-17_61.43,good,346442
APPX_2025-05-08_34.95,good,2278
APPX_2025-08-07_31.18,good,26066
APVO_2025-04-02_261.69,good,118618
APVO_2025-04-03_91.30,good,448409
APVO_2025-04-21_56.63,good,202422
APVO_2025-05-21_131.27,good,162950
APVO_2025-06-18_364.89,good,880910
APVO_2025-09-16_88.19,good,525114
APVO_2025-09-18_80.85,good,509123
APVO_2025-10-07_40.43,good,176239
APYX_2025-05-13_59.28,good,28445
AQB_2025-03-26_89.15,good,99478
AQB_2025-08-28_76.21,good,277934
AQB_2025-09-18_39.47,good,130900
AQMS_2025-06-10_44.94,good,10139
AQMS_2025-07-09_112.50,good,199599
AQMS_2025-09-24_49.14,good,325797
AQMS_2025-09-26_71.34,good,220407
AQMS_2025-10-13_133.57,good,341782
AQMS_2025-10-14_297.58,good,493025
AQMS_2025-10-16_39.74,good,110329
AQMS_2025-10-30_65.42,good,62936
ARAI_2025-05-28_56.40,good,13608
ARAI_2025-06-10_149.88,good,349657
ARAI_2025-10-06_33.85,good,10085
ARAI_2025-10-14_34.42,good,8265
ARBB_2025-01-06_38.76,good,2114
ARBB_2025-02-28_70.85,good,137334
ARBB_2025-03-05_87.02,good,254896
ARBB_2025-03-07_61.25,good,42083
ARBB_2025-04-14_42.95,good,25668
ARBB_2025-04-15_67.69,good,186124
ARBB_2025-09-19_31.79,good,100154
ARBB_2025-09-22_122.24,good,141916
ARBB_2025-10-30_35.00,good,45780
ARBE_2025-01-06_86.31,good,559454
ARBE_2025-09-22_36.65,good,132571
ARBEW_2025-01-07_35.14,good,2472
ARBKL_2025-07-01_39.85,good,1973
ARBKL_2025-07-14_38.16,good,925
ARBKL_2025-08-15_39.16,good,272
ARCT_2025-08-12_36.08,good,26675
ARCT_2025-08-13_31.43,good,26894
ARDX_2025-10-31_34.33,good,92712
AREB_2025-01-07_86.29,good,23992
AREB_2025-03-12_60.91,good,203465
AREB_2025-03-19_46.95,good,13141
AREB_2025-03-26_45.00,good,44929
AREB_2025-04-01_54.48,good,8812
AREB_2025-04-02_495.07,good,480321
AREB_2025-04-10_122.22,good,263045
AREB_2025-04-11_44.41,good,76388
AREB_2025-04-14_52.17,good,104391
AREB_2025-04-23_79.63,good,353189
AREB_2025-04-24_56.03,good,377945
AREB_2025-05-06_39.93,good,172558
AREB_2025-09-23_68.26,good,78686
AREB_2025-09-26_50.49,good,33699
AREB_2025-10-08_91.59,good,86682
AREB_2025-10-22_84.80,good,285425
AREB_2025-10-23_75.81,good,319022
AREC_2025-04-16_106.58,good,96934
AREC_2025-04-17_51.35,good,161134
AREC_2025-07-10_31.61,good,9874
AREC_2025-10-14_42.77,good,187406
ARHS_2025-08-07_31.51,good,51803
ARMG_2025-01-22_35.83,good,1252
ARMG_2025-04-09_51.01,good,778
ARQQ_2025-01-15_40.78,good,17182
ARQQ_2025-01-16_54.40,good,52734
ARQQ_2025-03-17_59.27,good,33833
ARQQ_2025-05-19_34.14,good,32448
ARQQ_2025-05-27_31.02,good,39157
ARQQW_2025-03-07_33.52,good,163
ARQQW_2025-03-14_30.43,good,335
ARQQW_2025-03-17_47.83,good,670
ARQQW_2025-03-31_50.86,good,232
ARQQW_2025-04-22_44.30,good,412
ARQQW_2025-09-19_125.68,good,2103
ARQQW_2025-09-22_99.00,good,3422
ARQQW_2025-09-24_41.38,good,1395
ARQQW_2025-09-29_52.50,good,501
ARQQW_2025-10-02_30.27,good,1100
ARQQW_2025-10-03_43.16,good,2585
ARQT_2025-10-28_31.11,good,115517
ARTL_2025-04-14_70.34,good,77595
ARTL_2025-06-30_276.73,good,411115
ARTL_2025-07-02_39.14,good,6391
ARTL_2025-07-07_134.03,good,166704
ARTL_2025-07-08_32.68,good,5658
ARTL_2025-07-09_40.88,good,18019
ARTL_2025-07-10_32.41,good,6241
ARTV_2025-04-07_102.87,good,52841
ARTV_2025-10-17_165.70,good,863324
ASMG_2025-04-09_31.38,good,287
ASNS_2025-03-18_58.38,good,9877
ASNS_2025-09-02_73.45,good,209927
ASNS_2025-10-03_110.81,good,585436
ASNS_2025-10-07_31.42,good,26990
ASPI_2025-10-13_33.17,good,147248
ASPS_2025-01-08_35.69,good,1961
ASPS_2025-04-03_152.79,good,1383
ASST_2025-01-21_212.16,good,643787
ASST_2025-01-22_88.89,good,389816
ASST_2025-05-07_459.02,good,1009243
ASST_2025-05-08_159.59,good,1317067
ASST_2025-05-15_48.30,good,130315
ASST_2025-05-21_40.83,good,358545
ASST_2025-05-22_66.92,good,276161
ASST_2025-07-07_144.73,good,447764
ASST_2025-08-11_33.74,good,18908
ASST_2025-09-10_100.64,good,390009
ASST_2025-10-24_38.86,good,301710
ASST_2025-10-27_64.55,good,1297166
ASTC_2025-10-03_66.53,good,278644
ASTH_2025-08-08_38.68,good,28814
ASTI_2025-06-26_218.45,good,494927
ASTI_2025-06-27_35.92,good,66214
ASTLW_2025-02-18_31.15,good,14
ATAI_2025-07-01_32.19,good,199754
ATEC_2025-08-01_31.29,good,96790
ATER_2025-02-04_31.93,good,2471
ATER_2025-03-19_65.88,good,232272
ATEX_2025-02-11_39.27,good,15392
ATGL_2025-02-11_52.00,good,2013
ATGL_2025-02-19_87.93,good,10157
ATGL_2025-03-07_44.86,good,1404
ATGL_2025-03-18_48.04,good,2529
ATGL_2025-08-20_81.04,good,6280
ATGL_2025-08-25_35.92,good,650
ATHE_2025-01-30_101.72,good,200163
ATHE_2025-05-05_45.35,good,7661
ATHE_2025-07-11_41.65,good,5096
ATHR_2025-05-21_39.03,good,3005
ATHR_2025-07-24_60.60,good,21732
ATLN_2025-01-06_30.59,good,1109
ATLN_2025-03-03_84.83,good,5741
ATLN_2025-03-04_40.12,good,1466
ATLN_2025-03-10_38.10,good,885
ATLN_2025-08-08_30.46,good,667
ATLN_2025-08-12_30.90,good,538
ATLN_2025-08-15_41.51,good,7791
ATLX_2025-08-04_32.26,good,11346
ATMV_2025-09-08_99.92,good,607
ATMV_2025-09-10_32.74,good,540
ATMV_2025-09-11_42.17,good,515
ATMV_2025-09-19_177.96,good,56999
ATMV_2025-10-21_91.95,good,99864
ATMVU_2025-09-08_48.23,good,5
ATMVU_2025-09-18_33.87,good,290
ATMVU_2025-09-19_152.20,good,1137
ATON_2025-09-08_37.13,good,3722
ATON_2025-10-08_147.31,good,540276
ATPC_2025-01-13_132.54,good,486662
ATPC_2025-01-23_32.18,good,4943
ATPC_2025-02-24_142.52,good,325673
ATPC_2025-04-03_67.44,good,141888
ATPC_2025-04-07_40.98,good,10450
ATPC_2025-05-16_36.67,good,2271
ATXG_2025-04-29_41.94,good,781
ATXG_2025-05-15_158.87,good,118673
ATXG_2025-07-02_53.47,good,106130
ATXG_2025-09-22_57.10,good,19653
ATXS_2025-10-14_43.68,good,165291
ATYR_2025-07-23_35.50,good,96747
AUID_2025-03-20_35.96,good,2094
AUID_2025-04-02_30.23,good,5364
AUID_2025-09-26_30.01,good,7651
AUR_2025-01-07_51.23,good,466220
AUROW_2025-01-07_145.95,good,5069
AUROW_2025-02-13_106.09,good,2697
AUROW_2025-03-03_30.92,good,95
AUROW_2025-05-02_35.71,good,534
AUUD_2025-02-19_94.21,good,145971
AUUD_2025-04-04_39.65,good,1537
AUUD_2025-04-08_31.78,good,1578
AUUD_2025-04-21_54.52,good,9826
AUUD_2025-06-27_61.64,good,6293
AUUD_2025-08-05_32.21,good,179673
AUUD_2025-08-11_42.64,good,256467
AUUD_2025-08-20_41.10,good,320365
AVAH_2025-03-13_43.05,good,24898
AVAH_2025-08-07_59.38,good,86291
AVGG_2025-09-05_32.02,good,2642
AVGU_2025-09-05_33.39,good,1521
AVGX_2025-04-09_39.49,good,9988
AVGX_2025-09-05_32.86,good,31798
AVL_2025-04-09_39.81,good,7685
AVL_2025-09-05_32.82,good,18084
AVNW_2025-02-05_30.56,good,16606
AVR_2025-04-23_30.48,good,4207
AVR_2025-05-27_34.34,good,3454
AVTX_2025-02-24_33.06,good,2739
AVTX_2025-09-29_30.28,good,31591
AXTI_2025-06-12_36.36,good,25209
AXTI_2025-10-31_34.43,good,53656
AYTU_2025-05-15_100.00,good,300514
AYTU_2025-06-06_52.30,good,26256
AZI_2025-04-29_32.69,good,1219
BACQR_2025-10-08_33.33,good,874
BACQR_2025-10-23_100.00,good,5708
BAER_2025-01-08_37.20,good,22110
BAER_2025-01-10_58.96,good,304466
BAIG_2025-09-16_36.26,good,5312
BAIG_2025-09-23_39.68,good,13901
BAIG_2025-10-10_34.94,good,16404
BAIG_2025-10-13_53.53,good,13171
BALY_2025-03-10_43.89,good,1821
BALY_2025-04-09_45.61,good,1693
BALY_2025-07-01_56.58,good,3054
BAOS_2025-01-06_44.62,good,93246
BAOS_2025-01-31_91.94,good,38803
BAOS_2025-03-17_55.70,good,7236
BAOS_2025-03-18_40.81,good,2612
BAOS_2025-04-21_62.35,good,2353
BAOS_2025-05-12_310.89,good,265479
BAOS_2025-06-04_85.23,good,404040
BAOS_2025-09-03_89.47,good,221101
BAOS_2025-10-09_57.70,good,442544
BBAI_2025-02-05_53.54,good,731625
BBAI_2025-02-07_37.44,good,616825
BBAI.WS_2025-01-16_47.74,good,1137
BBAI.WS_2025-02-04_39.34,good,1410
BBAI.WS_2025-02-05_54.84,good,7509
BBAI.WS_2025-02-07_58.05,good,5992
BBAI.WS_2025-02-12_38.15,good,3094
BBAI.WS_2025-04-25_60.87,good,1655
BBAI.WS_2025-05-14_36.46,good,945
BBAI.WS_2025-05-27_40.16,good,1877
BBAI.WS_2025-06-24_33.33,good,1715
BBAI.WS_2025-06-30_53.59,good,3423
BBAI.WS_2025-09-16_31.97,good,2038
BBAI.WS_2025-10-13_38.66,good,3234
BBAR_2025-10-27_48.17,good,49797
BBBY_2025-10-02_30.81,good,40518
BBLG_2025-05-20_48.13,good,13741
BBLG_2025-06-27_48.80,good,372280
BBLG_2025-09-04_99.51,good,671398
BBLGW_2025-02-05_37.24,good,267
BCAX_2025-09-29_30.66,good,27647
BCDA_2025-03-03_32.84,good,1142
BCDA_2025-04-29_32.23,good,1795
BCG_2025-02-27_212.67,good,376809
BCTX_2025-02-03_56.77,good,123971
BCTX_2025-04-22_30.31,good,6009
BCTX_2025-04-24_80.85,good,373045
BDMD_2025-01-06_32.28,good,7365
BDMD_2025-01-13_41.11,good,11969
BDMD_2025-01-17_118.82,good,167505
BDMD_2025-01-23_40.31,good,12001
BDMD_2025-03-11_43.63,good,1253
BDMD_2025-03-12_35.28,good,3259
BDMD_2025-06-13_50.35,good,3190
BDMD_2025-08-14_36.86,good,4662
BDRX_2025-02-10_126.04,good,245060
BDRX_2025-03-10_45.57,good,218659
BDRX_2025-03-19_31.51,good,266399
BDRX_2025-04-02_40.00,good,4110
BDRX_2025-05-22_48.46,good,324228
BDRX_2025-06-18_62.00,good,219683
BDRX_2025-07-14_52.17,good,72772
BDRX_2025-10-09_54.09,good,141160
BDSX_2025-03-05_32.86,good,2807
BDSX_2025-05-16_59.00,good,49451
BDSX_2025-05-21_90.07,good,369674
BDTX_2025-01-13_38.34,good,48801
BDTX_2025-03-19_65.48,good,386775
BE_2025-10-13_32.62,good,358854
BEAT_2025-08-12_39.05,good,1116
BEEM_2025-07-17_39.99,good,15008
BEEM_2025-07-21_32.81,good,9616
BEEP_2025-02-25_31.72,good,1471
BENF_2025-09-30_195.16,good,963224
BENF_2025-10-02_41.55,good,68418
BENF_2025-10-22_220.33,good,600624
BETR_2025-09-22_175.92,good,133118
BETR_2025-09-23_50.06,good,124868
BETR_2025-10-20_33.32,good,24678
BETR_2025-10-23_32.63,good,23160
BETRW_2025-09-22_633.33,good,10864
BFLY_2025-10-31_35.78,good,56719
BFRG_2025-02-10_52.08,good,61076
BFRG_2025-04-11_56.02,good,49409
BFRG_2025-10-08_36.91,good,21997
BFRGW_2025-02-10_84.59,good,487
BFRGW_2025-02-13_35.87,good,829
BFRGW_2025-02-25_51.52,good,126
BFRI_2025-01-08_68.47,good,41625
BGL_2025-06-27_471.81,good,55828
BGL_2025-07-01_81.03,good,25030
BGL_2025-07-02_131.41,good,29863
BGL_2025-07-14_57.77,good,21788
BGL_2025-07-22_35.12,good,7162
BGL_2025-08-08_34.47,good,4227
BGL_2025-09-17_42.14,good,15672
BGLC_2025-01-14_37.91,good,4643
BGLC_2025-04-07_48.76,good,3066
BGLC_2025-04-11_54.37,good,220956
BGLC_2025-05-30_30.63,good,4707
BGLC_2025-07-01_408.14,good,946275
BGLC_2025-07-17_65.88,good,88001
BGLC_2025-07-30_101.35,good,578459
BGLC_2025-09-12_31.38,good,43077
BGM_2025-09-23_32.03,good,2146
BGMSP_2025-09-22_31.78,good,364
BGMSP_2025-10-20_118.75,good,1514
BGSF_2025-03-19_47.89,good,3240
BGSF_2025-06-17_49.75,good,12244
BHAT_2025-01-07_50.84,good,108944
BHAT_2025-02-03_66.20,good,153135
BHAT_2025-02-05_31.28,good,42256
BHAT_2025-02-07_49.57,good,58326
BHAT_2025-02-10_52.78,good,94114
BHAT_2025-02-11_104.35,good,419181
BHAT_2025-02-19_55.96,good,116463
BHAT_2025-03-11_79.10,good,102275
BHAT_2025-03-18_55.73,good,38444
BHAT_2025-03-28_67.91,good,69061
BHF_2025-09-19_34.20,good,107593
BHR_2025-08-27_37.78,good,26531
BHST_2025-09-12_30.95,good,1065
BIAF_2025-04-01_496.54,good,924324
BIAF_2025-05-16_43.39,good,7706
BIAF_2025-05-20_42.19,good,108823
BIAF_2025-05-28_83.52,good,39689
BIAF_2025-06-26_87.76,good,200082
BIAF_2025-07-02_34.61,good,6202
BIAF_2025-09-15_66.67,good,276397
BIAF_2025-09-26_113.78,good,730250
BIAF_2025-10-08_48.98,good,265658
BIOA_2025-10-23_42.15,good,39396
BIOX_2025-10-15_31.17,good,21535
BIVI_2025-05-02_51.97,good,26019
BIYA_2025-03-27_42.13,good,4323
BIYA_2025-04-14_52.73,good,1603
BIYA_2025-04-17_35.02,good,608
BIYA_2025-04-21_39.81,good,1853
BIYA_2025-05-07_34.82,good,2955
BIYA_2025-06-20_35.02,good,178497
BJDX_2025-01-24_35.00,good,2511
BJDX_2025-02-25_34.05,good,2617
BJDX_2025-04-04_38.46,good,14416
BJDX_2025-04-07_188.95,good,617877
BJDX_2025-04-10_45.16,good,16916
BJDX_2025-06-06_61.18,good,249151
BJDX_2025-08-11_77.14,good,363868
BJDX_2025-10-07_73.55,good,286372
BJDX_2025-10-09_122.99,good,765616
BJDX_2025-10-14_32.60,good,13739
BKHAR_2025-01-21_33.33,good,386
BKHAR_2025-01-30_38.61,good,391
BKHAR_2025-02-03_68.71,good,222
BKHAR_2025-03-13_34.97,good,61
BKHAR_2025-06-23_68.33,good,116
BKHAR_2025-07-14_42.64,good,7
BKKT_2025-03-05_30.33,good,15671
BKKT_2025-03-20_41.78,good,19929
BKKT_2025-04-09_30.05,good,4274
BKKT_2025-05-13_54.75,good,32441
BKKT_2025-07-02_35.61,good,20158
BKKT_2025-09-22_52.11,good,183728
BKKT_2025-09-29_48.86,good,62803
BKKT_2025-09-30_32.88,good,84220
BKKT_2025-10-02_45.80,good,125217
BKSY_2025-01-28_32.14,good,60235
BKSY_2025-05-08_34.32,good,23268
BKYI_2025-01-10_34.72,good,15548
BKYI_2025-01-15_168.61,good,703825
BKYI_2025-10-27_155.81,good,891724
BLBX_2025-01-22_255.02,good,995510
BLBX_2025-01-28_51.04,good,13994
BLBX_2025-10-08_30.23,good,3896
BLBX_2025-10-13_71.17,good,58986
BLBX_2025-10-14_39.49,good,12417
BLIN_2025-01-06_53.63,good,4925
BLIN_2025-04-02_34.16,good,1373
BLIV_2025-04-09_106.45,good,35140
BLIV_2025-04-23_30.26,good,1945
BLIV_2025-07-30_38.61,good,962
BLMZ_2025-03-20_30.63,good,905
BLMZ_2025-05-01_50.20,good,8189
BLMZ_2025-05-06_113.90,good,210499
BLMZ_2025-05-15_31.31,good,6959
BLMZ_2025-05-20_283.10,good,637610
BLMZ_2025-05-23_93.43,good,341298
BLMZ_2025-07-15_99.93,good,325124
BLMZ_2025-07-22_64.26,good,226384
BLMZ_2025-09-19_37.72,good,26014
BLMZ_2025-10-08_48.11,good,23066
BLMZ_2025-10-28_37.66,good,28135
BLNE_2025-03-25_30.47,good,11923
BLNE_2025-03-26_67.55,good,288488
BLNE_2025-06-18_59.21,good,21266
BLNE_2025-06-20_33.64,good,12537
BLNE_2025-06-24_46.36,good,32647
BLNE_2025-07-22_65.66,good,59407
BLNE_2025-08-27_41.78,good,45319
BLNE_2025-09-15_41.20,good,16827
BLRX_2025-05-30_104.96,good,336471
BMA_2025-10-27_46.97,good,44471
BMEA_2025-06-03_73.55,good,210834
BMEA_2025-10-06_39.07,good,78443
BMGL_2025-05-14_44.44,good,26389
BMGL_2025-05-15_91.58,good,67265
BMGL_2025-05-16_37.64,good,48022
BMGL_2025-05-30_590.38,good,838739
BMGL_2025-06-02_54.61,good,637164
BMGL_2025-06-03_35.20,good,214682
BMGL_2025-07-07_32.56,good,8731
BMGL_2025-07-09_104.95,good,700200
BMGL_2025-07-14_102.22,good,146741
BMRA_2025-01-16_262.86,good,609639
BMRA_2025-02-10_49.45,good,11336
BMRA_2025-02-18_32.53,good,9771
BMRA_2025-08-14_51.82,good,317467
BNAI_2025-02-10_156.07,good,344890
BNBX_2025-10-22_80.41,good,514611
BNC_2025-08-11_63.74,good,24531
BNC_2025-08-13_34.18,good,7426
BNGO_2025-04-10_49.35,good,11096
BNGO_2025-05-15_32.35,good,5399
BNR_2025-06-12_39.20,good,1145
BNR_2025-07-23_62.70,good,6533
BNR_2025-08-18_43.58,good,4553
BNRG_2025-01-10_33.04,good,11287
BNRG_2025-01-21_37.78,good,4645
BNRG_2025-02-18_34.43,good,1114
BNRG_2025-05-23_35.45,good,29220
BNRG_2025-05-29_31.91,good,8952
BNZI_2025-01-29_63.20,good,88108
BNZI_2025-01-30_39.90,good,196776
BNZI_2025-03-14_33.26,good,3640
BNZI_2025-03-18_37.61,good,17418
BNZI_2025-03-26_46.60,good,25694
BNZI_2025-06-16_78.69,good,73660
BNZI_2025-08-08_39.87,good,5571
BODI_2025-01-16_31.58,good,705
BODI_2025-06-10_50.14,good,9459
BODI_2025-08-06_50.52,good,2546
BOF_2025-10-21_44.15,good,387308
BOLT_2025-05-21_40.25,good,11945
BON_2025-02-28_73.68,good,20905
BON_2025-03-12_55.27,good,3446
BON_2025-03-13_84.19,good,69332
BON_2025-03-14_300.98,good,349232
BON_2025-04-07_59.66,good,42719
BON_2025-04-11_119.11,good,351687
BON_2025-04-29_58.31,good,133961
BON_2025-05-14_59.29,good,70998
BON_2025-05-16_62.19,good,173977
BON_2025-05-20_42.31,good,59463
BON_2025-05-22_101.43,good,430986
BON_2025-06-04_40.93,good,127085
BON_2025-09-09_120.78,good,378114
BOSC_2025-05-29_41.75,good,59789
BOXL_2025-01-06_363.04,good,428666
BOXL_2025-02-21_84.39,good,12205
BOXL_2025-09-16_87.86,good,212591
BOXL_2025-09-22_550.64,good,1812856
BRBI_2025-09-23_179.21,good,23126
BRFH_2025-01-22_35.74,good,552
BRFH_2025-09-18_40.21,good,25015
BRFH_2025-09-19_58.33,good,12689
BRLS_2025-05-28_39.88,good,2322
BRLS_2025-06-06_102.90,good,16523
BRLS_2025-06-11_38.78,good,2976
BRLS_2025-10-02_91.97,good,39409
BRLT_2025-03-13_44.98,good,2472
BRLT_2025-08-07_97.82,good,245486
BRNS_2025-07-16_186.27,good,310484
BRNS_2025-07-21_94.31,good,12751
BRNS_2025-10-01_33.60,good,3761
BROS_2025-02-13_33.55,good,140904
BRRWW_2025-10-21_34.00,good,2028
BSLK_2025-02-05_40.96,good,24214
BSLK_2025-02-06_33.90,good,4489
BSLK_2025-02-13_309.84,good,355726
BSLK_2025-02-18_42.40,good,17821
BSLK_2025-02-19_74.05,good,33869
BSLK_2025-04-23_52.35,good,6700
BSLK_2025-05-30_96.13,good,260027
BSLK_2025-07-08_89.60,good,314057
BSLK_2025-07-17_96.38,good,576955
BSLK_2025-07-29_30.11,good,34357
BSLK_2025-08-13_705.05,good,1862320
BSLK_2025-08-15_65.65,good,248737
BSLK_2025-08-19_76.07,good,263423
BSLK_2025-09-04_80.28,good,389787
BTAI_2025-01-06_39.73,good,8361
BTAI_2025-02-28_63.01,good,421766
BTAI_2025-03-03_216.20,good,703104
BTAI_2025-03-19_41.36,good,15761
BTAI_2025-08-01_58.02,good,414234
BTAI_2025-08-04_100.73,good,307417
BTAI_2025-08-05_37.01,good,130017
BTAI_2025-08-08_37.24,good,159813
BTAI_2025-08-11_65.59,good,184099
BTBD_2025-08-04_241.46,good,746522
BTBD_2025-09-03_143.24,good,537324
BTBT_2025-07-07_31.29,good,304417
BTCS_2025-01-17_54.48,good,31647
BTCS_2025-05-09_63.02,good,23407
BTCS_2025-07-08_121.07,good,560131
BTCS_2025-07-16_36.53,good,158525
BTCS_2025-07-18_31.22,good,193970
BTCT_2025-01-17_107.98,good,329326
BTCT_2025-01-23_37.99,good,71709
BTCT_2025-03-03_37.50,good,116284
BTDR_2025-10-15_38.17,good,210411
BTM_2025-05-15_41.18,good,37884
BTM_2025-05-16_37.32,good,17210
BTOC_2025-05-13_42.86,good,1795
BTOG_2025-07-18_60.06,good,431342
BTQ_2025-09-29_34.41,good,28862
BTQ_2025-10-06_31.99,good,41883
BTQ_2025-10-07_58.04,good,196566
BTTC_2025-10-02_309.66,good,80381
BULL_2025-04-14_500.45,good,761465
BULL_2025-04-22_35.37,good,87420
BULLW_2025-04-14_260.00,good,21476
BULLW_2025-04-15_31.63,good,9676
BULLW_2025-04-16_35.20,good,4115
BULLW_2025-04-22_30.85,good,2527
BULLW_2025-05-02_57.65,good,4027
BULLW_2025-05-07_75.44,good,8784
BULLW_2025-05-08_45.27,good,6587
BULLW_2025-05-16_39.27,good,4212
BULLW_2025-05-20_51.97,good,2927
BULLW_2025-05-21_36.38,good,5706
BULLW_2025-05-28_30.03,good,2135
BUUU_2025-09-09_30.71,good,929
BUUU_2025-09-15_34.94,good,2485
BW_2025-06-05_119.98,good,101992
BW_2025-09-10_34.33,good,22326
BWNB_2025-05-06_32.44,good,612
BWNB_2025-05-07_31.17,good,406
BWNB_2025-05-13_49.87,good,697
BWNB_2025-06-05_55.38,good,1894
BWSN_2025-05-06_47.51,good,691
BWSN_2025-05-07_32.28,good,454
BWSN_2025-05-13_40.97,good,447
BWSN_2025-06-05_35.91,good,1249
BWpA_2025-05-06_40.09,good,743
BWpA_2025-05-15_99.47,good,2783
BWpA_2025-06-05_64.15,good,1413
BWpA_2025-08-12_38.43,good,858
BYND_2025-07-21_30.29,good,53733
BYND_2025-10-20_136.99,good,1192815
BYND_2025-10-21_162.59,good,3133610
BYND_2025-10-22_112.43,good,6039391
BYND_2025-10-28_30.39,good,542788
BYSI_2025-06-09_30.00,good,1870
BZAI_2025-01-17_76.92,good,20891
BZAI_2025-02-13_48.85,good,18677
BZAI_2025-02-14_37.25,good,17058
BZAI_2025-07-18_79.54,good,567598
BZAI_2025-10-06_34.10,good,38801
BZAI_2025-10-15_34.93,good,75845
BZAIW_2025-10-06_74.62,good,2084
BZAIW_2025-10-15_59.57,good,3964
BZFD_2025-05-27_30.21,good,5736
CABA_2025-05-15_40.38,good,59507
CABA_2025-08-13_31.58,good,17955
CABA_2025-10-09_38.59,good,118917
CABA_2025-10-31_48.58,good,118415
CADL_2025-02-20_30.66,good,29767
CALC_2025-07-11_39.49,good,1855
CAMP_2025-01-21_46.97,good,4586
CAMP_2025-02-28_31.47,good,1191
CAMP_2025-03-11_31.03,good,908
CAMP_2025-09-10_85.93,good,291370
CAN_2025-10-02_30.77,good,116219
CAN_2025-10-13_40.37,good,52427
CAN_2025-10-20_38.75,good,114976
CAPS_2025-02-27_46.92,good,32
CAPS_2025-03-17_45.20,good,38030
CAPS_2025-03-24_143.02,good,90853
CAPS_2025-04-08_52.20,good,1906
CAPS_2025-05-16_98.19,good,151020
CAPS_2025-08-25_88.18,good,439620
CAPT_2025-02-04_341.91,good,468378
CAPT_2025-05-30_46.94,good,13278
CAPT_2025-06-04_36.78,good,5671
CARV_2025-07-18_34.72,good,945
CARV_2025-09-02_47.38,good,3810
CARV_2025-09-03_65.59,good,16661
CASI_2025-06-13_63.13,good,21652
CASI_2025-06-17_55.64,good,3867
CASI_2025-08-04_99.22,good,308731
CASI_2025-08-15_59.28,good,29137
CATO_2025-08-21_40.85,good,13193
CBIO_2025-06-23_39.93,good,886
CBIO_2025-06-25_42.05,good,2728
CBLL_2025-04-11_42.06,good,29402
CBUS_2025-10-15_35.16,good,53520
CCCC_2025-08-07_41.33,good,31527
CCCC_2025-09-15_37.22,good,33812
CCCXW_2025-07-23_36.36,good,98
CCCXW_2025-09-08_140.64,good,2959
CCCXW_2025-09-19_33.47,good,3812
CCCXW_2025-10-03_31.72,good,2943
CCCXW_2025-10-06_69.00,good,4773
CCCXW_2025-10-07_43.61,good,6448
CCCXW_2025-10-10_30.77,good,4652
CCCXW_2025-10-13_37.61,good,3495
CCG_2025-02-24_31.38,good,4658
CCG_2025-02-26_44.23,good,20354
CCG_2025-04-21_31.69,good,1875
CCHH_2025-10-07_34.41,good,3354
CCHH_2025-10-10_31.26,good,5758
CCIIW_2025-10-20_40.00,good,680
CCIXW_2025-05-27_50.00,good,219
CCIXW_2025-05-28_44.00,good,50
CCIXW_2025-09-18_34.18,good,193
CCIXW_2025-10-09_33.62,good,137
CCIXW_2025-10-14_79.60,good,728
CCLD_2025-03-13_46.88,good,116215
CCLD_2025-05-06_39.43,good,18116
CCM_2025-01-06_31.56,good,798
CCM_2025-01-30_33.87,good,695
CCM_2025-04-29_41.10,good,3336
CCM_2025-07-16_30.00,good,229
CCM_2025-07-21_99.44,good,4267
CCM_2025-08-01_30.52,good,1162
CCO_2025-10-17_35.21,good,49428
CCTG_2025-09-10_87.20,good,247630
CCTG_2025-09-29_40.17,good,4409
CCTG_2025-10-06_34.29,good,3017
CCTG_2025-10-07_47.68,good,6900
CCTG_2025-10-10_40.13,good,16279
CDIO_2025-02-07_37.51,good,9646
CDLX_2025-03-13_36.36,good,31218
CDLX_2025-06-16_41.06,good,14851
CDLX_2025-07-22_50.74,good,66044
CDLX_2025-09-18_120.98,good,395913
CDLX_2025-09-24_35.41,good,109356
CDT_2025-01-07_74.27,good,105884
CDT_2025-01-08_40.21,good,103838
CDT_2025-01-10_123.41,good,383734
CDT_2025-02-07_138.71,good,648543
CDT_2025-03-28_32.81,good,13010
CDT_2025-04-10_83.87,good,138147
CDT_2025-04-11_30.84,good,110606
CDT_2025-06-02_30.46,good,9227
CDT_2025-09-17_83.92,good,427125
CDT_2025-10-06_31.65,good,13422
CDTG_2025-06-13_81.12,good,25074
CDTG_2025-09-09_285.94,good,159813
CDTX_2025-06-23_115.94,good,107036
CELC_2025-07-28_237.11,good,467728
CELC_2025-10-20_59.74,good,134397
CELH_2025-02-21_34.90,good,418389
CELU_2025-02-05_45.23,good,5152
CELU_2025-03-05_55.56,good,3107
CELU_2025-05-13_45.00,good,2665
CELU_2025-07-18_42.73,good,4171
CELU_2025-07-22_38.10,good,4840
CELZ_2025-02-13_38.99,good,2785
CELZ_2025-02-19_31.75,good,2164
CELZ_2025-07-09_59.11,good,13141
CENX_2025-06-02_31.89,good,71013
CEP_2025-04-23_67.89,good,111860
CEP_2025-04-24_138.12,good,528428
CEP_2025-04-25_56.77,good,263474
CEP_2025-04-30_42.52,good,139773
CEP_2025-05-01_41.82,good,133541
CEP_2025-05-20_31.65,good,43780
CEPU_2025-10-27_44.97,good,19967
CETX_2025-05-16_34.90,good,3720
CETX_2025-05-27_68.55,good,56053
CETX_2025-06-13_31.37,good,11168
CETX_2025-06-25_44.10,good,30217
CETY_2025-01-22_32.71,good,1106
CETY_2025-03-03_42.77,good,18983
CETY_2025-03-10_32.34,good,2921
CETY_2025-03-17_31.36,good,1014
CETY_2025-08-01_34.27,good,4677
CGC_2025-02-05_34.30,good,62581
CGC_2025-08-08_36.19,good,50594
CGC_2025-08-11_36.00,good,119810
CGON_2025-04-28_44.39,good,70923
CGTL_2025-04-03_39.28,good,5824
CGTL_2025-05-01_30.98,good,3532
CGTL_2025-06-12_100.46,good,409029
CGTL_2025-06-13_44.81,good,99872
CGTL_2025-06-16_43.65,good,19289
CGTL_2025-09-10_113.50,good,230724
CGTX_2025-07-10_95.38,good,329103
CGTX_2025-08-13_33.64,good,116231
CGTX_2025-08-14_48.36,good,69736
CGTX_2025-08-22_44.22,good,50089
CGTX_2025-08-25_36.30,good,84532
CHEK_2025-01-07_48.15,good,8905
CHEK_2025-02-24_96.31,good,21042
CHEK_2025-05-13_47.24,good,2617
CHEK_2025-08-29_64.72,good,24420
CHEK_2025-09-15_319.63,good,712439
CHEK_2025-09-16_35.85,good,93816
CHGG_2025-06-06_48.76,good,54206
CHNR_2025-06-11_60.36,good,26692
CHNR_2025-09-25_46.93,good,16421
CHNR_2025-10-13_64.75,good,267279
CHR_2025-09-09_56.57,good,24815
CHSN_2025-04-07_151.14,good,341032
CHSN_2025-05-12_108.53,good,42156
CHSN_2025-06-11_36.85,good,5266
CHSN_2025-08-04_31.70,good,12602
CHSN_2025-09-02_50.88,good,10966
CHSN_2025-09-09_73.97,good,13730
CIFR_2025-01-31_33.83,good,167685
CIFRW_2025-01-31_64.71,good,880
CIFRW_2025-02-28_42.53,good,40
CIFRW_2025-07-02_31.48,good,1096
CIFRW_2025-07-03_30.43,good,701
CIFRW_2025-08-18_47.33,good,926
CIFRW_2025-09-02_33.52,good,3589
CIFRW_2025-09-09_52.31,good,1342
CIFRW_2025-10-13_46.23,good,4295
CIGL_2025-05-07_65.23,good,2912
CIGL_2025-06-23_33.49,good,703
CIGL_2025-06-30_180.15,good,4115
CIGL_2025-07-02_61.94,good,3066
CIGL_2025-07-09_36.93,good,2929
CIGL_2025-09-04_222.45,good,781360
CIGL_2025-09-05_56.01,good,110552
CIGL_2025-09-08_76.89,good,30660
CIGL_2025-09-29_50.20,good,20128
CIGL_2025-10-02_112.06,good,401701
CIIT_2025-02-12_100.00,good,4
CIIT_2025-03-04_94.17,good,4
CIIT_2025-03-21_76.21,good,18
CIIT_2025-07-09_34.47,good,1062
CIIT_2025-09-12_70.00,good,16125
CIIT_2025-10-17_75.86,good,23591
CIIT_2025-10-24_40.65,good,13069
CIOpA_2025-07-24_30.19,good,1970
CISO_2025-02-14_30.28,good,1015
CISO_2025-05-06_81.03,good,102946
CISO_2025-05-08_33.64,good,9562
CISO_2025-05-12_50.50,good,19916
CISO_2025-06-02_33.32,good,10681
CISS_2025-10-07_168.77,good,809106
CJET_2025-01-21_70.37,good,11903
CJET_2025-03-18_45.22,good,365
CJET_2025-09-19_236.43,good,1173903
CJET_2025-09-24_39.41,good,35909
CJET_2025-09-26_32.03,good,136222
CJET_2025-10-01_213.39,good,1164334
CJET_2025-10-24_36.01,good,44830
CJMB_2025-02-06_89.27,good,77887
CLB_2025-10-23_32.73,good,22602
CLGN_2025-05-28_81.35,good,7589
CLGN_2025-05-29_46.47,good,17611
CLGN_2025-08-21_30.15,good,828
CLIK_2025-02-24_35.07,good,1570
CLIK_2025-03-17_38.89,good,2350
CLIK_2025-03-20_32.34,good,1344
CLIK_2025-03-21_43.90,good,3840
CLIK_2025-04-22_30.56,good,9936
CLIK_2025-05-02_82.15,good,31126
CLIK_2025-05-15_307.14,good,922052
CLIK_2025-05-19_42.05,good,18535
CLIK_2025-05-20_42.31,good,60744
CLIK_2025-09-30_62.71,good,111803
CLIK_2025-10-13_50.66,good,5846
CLIK_2025-10-27_90.02,good,451022
CLIR_2025-10-06_30.52,good,2656
CLLS_2025-01-06_33.13,good,3723
CLLS_2025-07-14_43.40,good,4931
CLLS_2025-07-25_33.00,good,3797
CLLS_2025-10-16_33.32,good,10498
CLNN_2025-06-02_55.17,good,5481
CLNN_2025-10-03_32.08,good,7687
CLPS_2025-10-16_57.31,good,5695
CLPT_2025-09-24_72.20,good,121171
CLRB_2025-06-04_147.29,good,609930
CLRO_2025-03-03_61.64,good,82606
CLRO_2025-06-20_41.65,good,2501
CLRO_2025-07-01_168.17,good,690456
CLRO_2025-09-30_30.86,good,2201
CLSD_2025-07-23_76.52,good,307509
CMBM_2025-01-06_37.09,good,3040
CMBM_2025-07-18_48.15,good,4197
CMBM_2025-07-21_42.16,good,7281
CMBM_2025-10-29_576.38,good,2083110
CMBM_2025-10-30_130.51,good,1463447
CMCT_2025-08-07_46.13,good,242851
CMND_2025-07-03_45.07,good,168024
CMND_2025-09-19_31.00,good,130461
CMPOW_2025-08-08_46.84,good,1224
CMPX_2025-01-08_87.41,good,88965
CNCK_2025-05-22_33.61,good,3140
CNCKW_2025-01-16_30.59,good,31
CNCKW_2025-02-26_56.84,good,672
CNCKW_2025-04-22_53.33,good,114
CNCKW_2025-05-09_31.16,good,148
CNCKW_2025-05-16_41.41,good,4
CNCKW_2025-07-02_43.68,good,6
CNCKW_2025-08-01_42.23,good,9
CNCKW_2025-08-06_39.61,good,18
CNCKW_2025-08-07_58.70,good,19
CNCKW_2025-08-08_44.74,good,36
CNET_2025-06-11_41.50,good,63373
CNET_2025-09-12_66.47,good,52510
CNEY_2025-01-07_35.42,good,9282
CNEY_2025-02-24_67.62,good,166081
CNEY_2025-04-24_59.32,good,186401
CNEY_2025-05-02_50.21,good,196651
CNEY_2025-05-07_62.53,good,276470
CNEY_2025-05-12_52.62,good,51659
CNF_2025-04-30_50.47,good,5567
CNF_2025-09-05_160.42,good,9592
CNSP_2025-01-06_32.28,good,182955
CNSP_2025-02-14_76.25,good,276283
CNSP_2025-05-13_139.66,good,521671
CNSP_2025-08-20_35.30,good,1436
CNTB_2025-04-15_53.63,good,6851
CNTB_2025-07-11_35.65,good,2152
CNTB_2025-07-22_43.00,good,3376
CNXC_2025-03-27_44.48,good,88945
COCH_2025-10-07_134.26,good,517735
COCP_2025-09-12_85.42,good,462925
CODX_2025-01-06_37.18,good,2908
CODX_2025-10-27_341.97,good,1424617
COEP_2025-01-06_43.88,good,5087
COGT_2025-07-07_34.96,good,156116
COIG_2025-04-09_34.82,good,58
COIG_2025-05-13_50.65,good,457
COIG_2025-06-18_35.86,good,534
COMM_2025-08-04_94.48,good,520375
CONI_2025-08-01_35.68,good,22978
CONL_2025-04-09_42.31,good,45955
CONL_2025-05-13_51.27,good,158135
CONL_2025-06-18_35.49,good,170744
COOK_2025-06-09_50.34,good,30132
COOT_2025-10-14_78.79,good,321440
COOT_2025-10-15_366.32,good,1159054
CORT_2025-03-31_114.77,good,242440
CORZ_2025-06-26_37.32,good,422651
CORZW_2025-02-27_32.00,good,4401
CORZW_2025-04-09_34.36,good,3227
CORZW_2025-06-26_63.33,good,14144
CORZZ_2025-06-26_37.54,good,1522
COSM_2025-08-06_45.79,good,21282
COUR_2025-07-25_37.56,good,139170
CPIX_2025-01-14_68.67,good,35221
CPIX_2025-02-04_77.93,good,104830
CPIX_2025-02-05_71.01,good,316469
CPIX_2025-02-19_49.17,good,12059
CPIX_2025-06-30_35.38,good,1558
CPOP_2025-01-06_32.79,good,2810
CPOP_2025-07-31_177.98,good,61148
CPOP_2025-08-06_104.13,good,126723
CPOP_2025-08-20_40.21,good,26082
CPOP_2025-09-10_47.91,good,73872
CPOP_2025-09-25_85.77,good,234270
CPRI_2025-04-09_33.41,good,113098
CPS_2025-05-02_45.86,good,26093
CRCG_2025-08-12_35.16,good,4924
CRCG_2025-09-11_39.53,good,18488
CRCG_2025-10-02_35.12,good,18093
CRCL_2025-06-06_48.40,good,727594
CRCL_2025-06-18_34.70,good,793420
CRE_2025-07-24_93.52,good,35872
CRE_2025-09-22_52.47,good,49074
CRE_2025-09-30_62.67,good,167714
CREG_2025-05-13_32.84,good,1352
CREG_2025-06-16_154.33,good,140445
CREG_2025-08-07_68.39,good,252265
CREG_2025-10-01_35.25,good,4711
CRESW_2025-10-27_52.06,good,373
CRESY_2025-10-27_44.29,good,13501
CREV_2025-01-24_122.28,good,40391
CREV_2025-05-02_42.00,good,1356
CREV_2025-06-24_57.78,good,32813
CREV_2025-06-25_35.43,good,18242
CREV_2025-07-07_62.60,good,12795
CREV_2025-07-25_59.42,good,24269
CREV_2025-07-28_87.37,good,35732
CREV_2025-10-17_51.41,good,493932
CREV_2025-10-28_31.45,good,3895
CRGO_2025-04-09_31.87,good,652
CRMD_2025-01-07_37.33,good,43004
CRML_2025-01-10_30.60,good,2425
CRML_2025-03-04_37.13,good,6025
CRML_2025-04-11_45.13,good,23870
CRML_2025-04-14_30.16,good,53180
CRML_2025-06-13_32.30,good,29099
CRML_2025-06-16_76.35,good,131348
CRML_2025-06-26_38.99,good,44333
CRML_2025-07-15_38.93,good,71356
CRML_2025-10-06_109.02,good,1031828
CRML_2025-10-09_34.77,good,260061
CRML_2025-10-10_30.86,good,317810
CRML_2025-10-13_58.01,good,411110
CRML_2025-10-14_38.10,good,624935
CRMLW_2025-07-16_40.10,good,572
CRMLW_2025-07-17_52.39,good,1219
CRMLW_2025-07-18_48.50,good,924
CRMLW_2025-08-26_40.53,good,1963
CRMLW_2025-10-06_172.98,good,14505
CRMLW_2025-10-08_47.63,good,2798
CRMLW_2025-10-09_46.32,good,7021
CRMLW_2025-10-10_38.30,good,6439
CRMLW_2025-10-13_80.53,good,5425
CRMLW_2025-10-14_68.34,good,17544
CRMLW_2025-10-24_41.64,good,2013
CRNC_2025-01-03_150.82,good,951318
CRNC_2025-01-06_42.27,good,548592
CRNX_2025-09-26_30.79,good,111540
CRVO_2025-03-12_189.83,good,826169
CRVO_2025-03-17_47.67,good,140447
CRVO_2025-03-20_30.95,good,24908
CRVO_2025-03-21_46.54,good,67752
CRVO_2025-03-27_39.04,good,29797
CRVO_2025-04-02_40.28,good,26971
CRVO_2025-07-28_46.21,good,175097
CRVS_2025-05-09_34.03,good,46799
CRWG_2025-09-10_48.96,good,23221
CRWG_2025-09-30_32.69,good,27247
CRWL_2025-04-09_34.81,good,2945
CRWV_2025-04-01_43.66,good,291384
CSAI_2025-02-10_176.44,good,82940
CSAI_2025-02-11_31.52,good,18890
CSAI_2025-02-12_53.19,good,15644
CSAI_2025-02-13_197.39,good,46444
CSAI_2025-02-18_35.07,good,17997
CSAI_2025-03-19_54.40,good,31956
CSAI_2025-04-01_158.11,good,267617
CSAI_2025-10-15_41.54,good,33566
CSBR_2025-06-12_36.84,good,2499
CSTL_2025-08-05_39.25,good,27538
CTEV_2025-05-29_37.51,good,6523
CTEV_2025-08-06_31.65,good,8260
CTMX_2025-05-12_134.81,good,293912
CTNM_2025-06-20_33.42,good,2557
CTNM_2025-07-21_31.72,good,4759
CTNT_2025-06-05_62.68,good,194722
CTOR_2025-03-31_75.94,good,228485
CTOR_2025-06-20_121.29,good,83708
CTOR_2025-06-24_30.40,good,6921
CTOR_2025-06-27_76.86,good,70184
CTOR_2025-07-23_72.12,good,73325
CTOR_2025-10-16_30.81,good,5854
CTOS_2025-03-05_36.32,good,17326
CTXR_2025-03-28_32.31,good,2512
CTXR_2025-03-31_47.10,good,38899
CTXR_2025-06-09_179.67,good,269175
CTXR_2025-06-20_35.88,good,8691
CTXR_2025-06-27_34.59,good,16240
CTXR_2025-10-16_39.57,good,44025
CTXR_2025-10-20_51.03,good,26121
CUE_2025-01-03_41.28,good,5645
CUE_2025-07-16_47.14,good,12711
CUPR_2025-05-02_34.87,good,1197
CUPR_2025-06-09_34.75,good,2944
CUPR_2025-08-21_65.50,good,23767
CUPR_2025-09-10_249.00,good,386436
CUPR_2025-10-27_41.45,good,7000
CURI_2025-03-12_32.23,good,6430
CURI_2025-05-07_60.61,good,63886
CURR_2025-01-08_409.35,good,1167807
CURR_2025-02-19_62.94,good,27778
CURR_2025-03-17_37.44,good,12897
CURR_2025-07-01_37.44,good,7143
CURR_2025-07-07_128.85,good,96919
CURR_2025-08-14_41.30,good,4687
CURR_2025-10-28_38.80,good,5531
CURR_2025-10-31_31.28,good,5148
CURX_2025-09-26_54.64,good,31099
CV_2025-07-03_41.71,good,75871
CVAC_2025-06-12_40.54,good,111296
CVE.WS_2025-04-09_32.73,good,62
CVGI_2025-05-07_33.33,good,6221
CVKD_2025-06-30_31.28,good,1884
CVNX_2025-07-31_47.09,good,1502
CWD_2025-08-05_217.79,good,692011
CWD_2025-08-28_177.65,good,839356
CWD_2025-09-09_2132.56,good,1991198
CWD_2025-09-17_48.50,good,425891
CYCN_2025-01-31_75.98,good,441216
CYCN_2025-02-03_59.44,good,149204
CYCU_2025-02-19_46.27,good,201793
CYCU_2025-03-04_44.34,good,197275
CYCU_2025-03-05_49.91,good,180503
CYCU_2025-04-08_61.83,good,218411
CYCU_2025-08-22_57.23,good,421952
CYCU_2025-09-02_30.98,good,152439
CYCU_2025-09-24_35.40,good,67103
CYCU_2025-09-25_86.79,good,202171
CYCU_2025-09-29_55.62,good,81429
CYCU_2025-10-16_43.32,good,87908
CYCU_2025-10-29_30.83,good,21090
CYD_2025-02-20_48.47,good,13678
CYD_2025-02-24_30.00,good,18260
CYH_2025-04-24_30.66,good,42777
CYN_2025-01-14_45.62,good,31170
CYN_2025-02-05_43.94,good,264148
CYN_2025-02-10_227.24,good,751549
CYN_2025-02-11_56.74,good,515987
CYN_2025-02-21_37.06,good,20466
CYN_2025-06-26_729.14,good,1753574
CYN_2025-06-27_81.47,good,808144
CYN_2025-07-02_34.37,good,245788
CYN_2025-07-11_32.22,good,27628
CYRX_2025-03-05_32.21,good,15855
CYRX_2025-03-11_42.13,good,16678
CYRX_2025-08-06_38.72,good,122720
CYTK_2025-09-02_42.15,good,132500
DAIC_2025-06-24_75.34,good,4084
DAIC_2025-07-02_210.20,good,549065
DAO_2025-02-10_50.96,good,10818
DARE_2025-07-14_265.41,good,561106
DAVE_2025-05-08_42.18,good,52299
DAVEW_2025-05-21_50.00,good,641
DAVEW_2025-06-16_30.26,good,220
DAVEW_2025-06-27_30.47,good,299
DAVEW_2025-06-30_38.30,good,748
DAVEW_2025-07-09_48.37,good,238
DBGI_2025-01-22_119.23,good,419
DBGI_2025-01-24_30.13,good,185
DBGI_2025-02-03_36.96,good,123
DBGI_2025-02-10_31.90,good,116
DBGI_2025-02-14_203.79,good,2765
DBGI_2025-02-18_51.52,good,1653
DBGI_2025-05-20_60.65,good,550
DBGI_2025-07-09_34.51,good,174
DBGI_2025-07-21_34.19,good,102
DBGI_2025-08-19_34.94,good,652
DBGI_2025-09-24_59.77,good,31903
DBVT_2025-01-10_34.20,good,6388
DBVT_2025-03-28_73.40,good,188472
DBVT_2025-04-02_31.58,good,3306
DCGO_2025-10-21_37.50,good,131975
DDD_2025-08-12_37.22,good,60677
DERM_2025-05-15_38.02,good,3101
DEVS_2025-05-07_130.57,good,263039
DEVS_2025-05-09_43.87,good,117644
DEVS_2025-05-12_302.86,good,308004
DEVS_2025-05-14_85.96,good,332615
DEVS_2025-05-23_83.34,good,145356
DEVS_2025-07-21_132.72,good,186749
DEVS_2025-07-22_36.65,good,36366
DEVS_2025-08-01_30.34,good,8018
DEVS_2025-08-27_88.66,good,193232
DFDV_2025-05-09_41.34,good,4828
DFDV_2025-05-12_30.38,good,6645
DFDV_2025-05-16_74.45,good,15979
DFDV_2025-05-20_48.26,good,15685
DFDV_2025-05-21_47.49,good,42771
DFDV_2025-05-22_51.65,good,70708
DFDV_2025-06-06_37.39,good,17157
DFDV_2025-06-09_34.49,good,22316
DFDV_2025-06-30_36.03,good,23659
DFLI_2025-10-02_88.62,good,419491
DFLI_2025-10-03_113.08,good,625498
DFLI_2025-10-13_44.95,good,62194
DFLI_2025-10-15_70.59,good,335482
DFSC_2025-10-31_37.93,good,512834
DGLY_2025-02-18_43.42,good,84736
DGLY_2025-03-26_47.50,good,37160
DGLY_2025-04-02_218.08,good,361766
DGLY_2025-04-21_31.47,good,28324
DGLY_2025-04-28_70.82,good,58907
DGLY_2025-04-29_34.29,good,56672
DGLY_2025-05-08_52.86,good,207573
DGLY_2025-05-27_67.98,good,48087
DGLY_2025-09-10_35.91,good,6381
DGNX_2025-01-23_206.01,good,157979
DGNX_2025-01-28_88.96,good,18841
DGNX_2025-01-29_234.55,good,45714
DGNX_2025-01-31_44.69,good,17030
DGNX_2025-02-07_34.86,good,5411
DGNX_2025-02-21_42.96,good,11469
DGNX_2025-02-24_46.68,good,5479
DGNX_2025-03-19_55.07,good,5234
DGNX_2025-03-20_37.73,good,5778
DGNX_2025-04-15_30.27,good,4537
DGNX_2025-06-06_58.87,good,3149
DGNX_2025-07-10_30.83,good,3258
DGNX_2025-09-10_82.38,good,15200
DGNX_2025-09-22_43.70,good,12022
DGNX_2025-10-08_30.82,good,22493
DGXX_2025-04-21_92.94,good,95978
DGXX_2025-10-27_30.50,good,52879
DH_2025-05-09_54.41,good,30491
DHC_2025-05-06_44.04,good,25693
DHX_2025-05-08_32.35,good,2461
DJTWW_2025-01-13_32.98,good,12716
DKI_2025-08-25_54.92,good,3930
DKI_2025-09-11_31.59,good,2321
DKI_2025-09-25_31.16,good,2139
DKI_2025-10-02_30.21,good,96810
DLHC_2025-04-16_41.97,good,3624
DLHC_2025-10-31_32.79,good,32546
DLLL_2025-04-09_33.91,good,693
DLO_2025-08-14_34.64,good,121348
DLPN_2025-08-14_52.14,good,35405
DLTH_2025-09-04_97.46,good,319196
DNUT_2025-07-23_38.74,good,596764
DNUT_2025-10-22_37.74,good,614681
DOCS_2025-02-07_38.53,good,120452
DOGZ_2025-01-21_78.26,good,25674
DOGZ_2025-08-14_42.90,good,6885
DOMH_2025-01-24_36.36,good,1900
DOMH_2025-01-30_67.40,good,17911
DOMH_2025-02-10_101.86,good,145809
DOMH_2025-02-11_83.93,good,256311
DOMH_2025-02-13_97.67,good,83012
DOMH_2025-02-25_31.93,good,24868
DOMH_2025-03-24_41.65,good,7487
DOMO_2025-05-22_36.02,good,44376
DOUG_2025-05-23_49.53,good,63900
DOYU_2025-01-16_31.41,good,19220
DPRO_2025-06-05_31.03,good,7079
DPRO_2025-06-10_30.84,good,25284
DPRO_2025-06-20_38.58,good,31281
DPRO_2025-07-16_46.81,good,252048
DPRO_2025-07-17_41.02,good,145239
DPRO_2025-09-30_37.41,good,383365
DRCT_2025-01-10_119.33,good,112043
DRCT_2025-01-13_34.15,good,17268
DRCT_2025-03-27_88.39,good,64728
DRCT_2025-05-01_75.46,good,61110
DRIO_2025-01-07_81.92,good,6514
DRIO_2025-01-14_74.60,good,34880
DRIO_2025-04-11_34.26,good,2079
DRIO_2025-09-25_65.07,good,35194
DRMA_2025-01-24_38.66,good,18611
DRMA_2025-03-27_75.56,good,283487
DSY_2025-02-10_63.46,good,4042
DSY_2025-09-09_618.63,good,812900
DTCK_2025-06-06_108.33,good,181626
DTCK_2025-06-17_90.84,good,11985
DTCK_2025-10-02_30.71,good,9587
DTCK_2025-10-27_43.48,good,9428
DTIL_2025-01-10_65.33,good,144983
DTSS_2025-01-27_47.62,good,17533
DTST_2025-07-16_60.93,good,131387
DUO_2025-05-12_64.50,good,92921
DUO_2025-08-25_55.86,good,90497
DUO_2025-08-29_67.95,good,157363
DUO_2025-09-02_35.98,good,37738
DUO_2025-09-05_59.85,good,100646
DUO_2025-09-08_55.23,good,60899
DUOL_2025-08-07_36.20,good,195735
DVLT_2025-09-25_64.62,good,342093
DVLT_2025-09-26_65.31,good,404627
DVLT_2025-10-06_63.43,good,216585
DVLT_2025-10-07_49.04,good,353156
DVLT_2025-10-14_31.76,good,88834
DVLT_2025-10-20_38.55,good,127690
DVLT_2025-10-24_55.11,good,322294
DWTX_2025-04-17_36.46,good,10873
MBAVU_2025-07-03_30.79,good,3
NEOVW_2025-05-27_51.58,good,17
NEOVW_2025-05-30_36.89,good,17
PPCB_2025-01-17_50.00,good,21
PPCB_2025-01-22_50.00,good,23
RSVRW_2025-08-21_66.67,good,6
TLSIW_2025-04-14_35.34,good,9
TLSIW_2025-04-30_31.97,good,3
VBIX_2025-02-07_63.55,good,9
VBIX_2025-02-13_40.00,good,15
VBIX_2025-03-12_63.95,good,7
VBIX_2025-04-23_63.40,good,11
WLDSW_2025-01-14_46.17,good,11
DWSN_2025-06-16_304.38,broken_removed,"unreadable: Invalid Input Error: No magic bytes found at end of file 'data/filtered/DWSN_2025-06-16_304.38/trades.parquet'

LINE 1: SELECT count(*) FROM read_parquet('data/filtered/DWSN_2025-06-16_304.38/trades...
                             ^"
DWTX_2025-01-21_113.37,broken_removed,"unreadable: Invalid Input Error: No magic bytes found at end of file 'data/filtered/DWTX_2025-01-21_113.37/trades.parquet'

LINE 1: SELECT count(*) FROM read_parquet('data/filtered/DWTX_2025-01-21_113.37/trades...
                             ^"
DWTX_2025-01-23_945.71,broken_removed,"unreadable: Invalid Input Error: No magic bytes found at end of file 'data/filtered/DWTX_2025-01-23_945.71/trades.parquet'

LINE 1: SELECT count(*) FROM read_parquet('data/filtered/DWTX_2025-01-23_945.71/trades...
                             ^"
DWTX_2025-01-24_44.79,broken_removed,"unreadable: Invalid Input Error: No magic bytes found at end of file 'data/filtered/DWTX_2025-01-24_44.79/trades.parquet'

LINE 1: SELECT count(*) FROM read_parquet('data/filtered/DWTX_2025-01-24_44.79/trades...
                             ^"
DWTX_2025-01-27_91.05,broken_removed,"unreadable: Invalid Input Error: No magic bytes found at end of file 'data/filtered/DWTX_2025-01-27_91.05/trades.parquet'

LINE 1: SELECT count(*) FROM read_parquet('data/filtered/DWTX_2025-01-27_91.05/trades...
                             ^"
DWTX_2025-03-07_81.94,broken_removed,"unreadable: Invalid Input Error: No magic bytes found at end of file 'data/filtered/DWTX_2025-03-07_81.94/trades.parquet'

LINE 1: SELECT count(*) FROM read_parquet('data/filtered/DWTX_2025-03-07_81.94/trades...
                             ^"
DWTX_2025-03-10_43.18,broken_removed,"unreadable: Invalid Input Error: No magic bytes found at end of file 'data/filtered/DWTX_2025-03-10_43.18/trades.parquet'

LINE 1: SELECT count(*) FROM read_parquet('data/filtered/DWTX_2025-03-10_43.18/trades...
                             ^"
DWTX_2025-03-11_55.69,broken_removed,"unreadable: Invalid Input Error: No magic bytes found at end of file 'data/filtered/DWTX_2025-03-11_55.69/trades.parquet'

LINE 1: SELECT count(*) FROM read_parquet('data/filtered/DWTX_2025-03-11_55.69/trades...
                             ^"
DWTX_2025-03-12_31.99,broken_removed,"unreadable: Invalid Input Error: No magic bytes found at end of file 'data/filtered/DWTX_2025-03-12_31.99/trades.parquet'

LINE 1: SELECT count(*) FROM read_parquet('data/filtered/DWTX_2025-03-12_31.99/trades...
                             ^"
DWTX_2025-04-15_91.67,broken_removed,"unreadable: Invalid Input Error: No magic bytes found at end of file 'data/filtered/DWTX_2025-04-15_91.67/trades.parquet'

LINE 1: SELECT count(*) FROM read_parquet('data/filtered/DWTX_2025-04-15_91.67/trades...
                             ^"
DWTX_2025-04-21_81.03,broken_removed,"unreadable: Invalid Input Error: No magic bytes found at end of file 'data/filtered/DWTX_2025-04-21_81.03/trades.parquet'

LINE 1: SELECT count(*) FROM read_parquet('data/filtered/DWTX_2025-04-21_81.03/trades...
                             ^"
DWTX_2025-09-29_72.10,broken_removed,"unreadable: Invalid Input Error: No magic bytes found at end of file 'data/filtered/DWTX_2025-09-29_72.10/trades.parquet'

LINE 1: SELECT count(*) FROM read_parquet('data/filtered/DWTX_2025-09-29_72.10/trades...
                             ^"
DXST_2025-01-23_41.38,broken_removed,"unreadable: Invalid Input Error: No magic bytes found at end of file 'data/filtered/DXST_2025-01-23_41.38/trades.parquet'

LINE 1: SELECT count(*) FROM read_parquet('data/filtered/DXST_2025-01-23_41.38/trades...
                             ^"
DXST_2025-01-29_36.05,broken_removed,"unreadable: Invalid Input Error: No magic bytes found at end of file 'data/filtered/DXST_2025-01-29_36.05/trades.parquet'

LINE 1: SELECT count(*) FROM read_parquet('data/filtered/DXST_2025-01-29_36.05/trades...
                             ^"
DXST_2025-05-08_31.05,broken_removed,zero_byte
DXYZ_2025-10-01_33.80,broken_removed,zero_byte
DYN_2025-10-27_45.74,broken_removed,zero_byte
EAF_2025-05-07_36.60,broken_removed,zero_byte
EAF_2025-07-18_38.99,broken_removed,zero_byte
EBON_2025-07-10_39.73,broken_removed,zero_byte
EBS_2025-05-08_41.35,broken_removed,zero_byte
EBS_2025-08-07_36.82,broken_removed,zero_byte
EBS_2025-10-30_42.66,broken_removed,zero_byte
ECDA_2025-04-08_31.89,broken_removed,zero_byte
ECDA_2025-04-21_77.20,broken_removed,zero_byte
ECDA_2025-05-07_42.25,broken_removed,zero_byte
ECDA_2025-05-13_42.24,broken_removed,zero_byte
ECDA_2025-05-14_50.20,broken_removed,zero_byte
ECDA_2025-05-28_81.22,broken_removed,zero_byte
ECDA_2025-05-30_67.36,broken_removed,zero_byte
ECDA_2025-06-23_135.71,broken_removed,zero_byte
ECDA_2025-07-17_36.79,broken_removed,zero_byte
ECDA_2025-09-05_31.19,broken_removed,zero_byte
ECDA_2025-10-08_37.74,broken_removed,zero_byte
ECOR_2025-07-08_30.54,broken_removed,zero_byte
ECX_2025-03-12_30.52,broken_removed,zero_byte
ECX_2025-04-22_32.62,broken_removed,zero_byte
EDAP_2025-10-15_30.37,broken_removed,zero_byte
EDBL_2025-02-05_34.49,broken_removed,zero_byte
EDBL_2025-02-18_53.85,broken_removed,zero_byte
EDBL_2025-03-26_37.21,broken_removed,zero_byte
EDBL_2025-05-20_94.00,broken_removed,zero_byte
EDBL_2025-05-21_74.72,broken_removed,zero_byte
EDBL_2025-09-03_45.56,broken_removed,zero_byte
EDHL_2025-09-10_270.28,broken_removed,zero_byte
EDHL_2025-09-11_40.14,broken_removed,zero_byte
EDHL_2025-10-14_142.48,broken_removed,zero_byte
EDHL_2025-10-29_53.87,broken_removed,zero_byte
EDIT_2025-02-19_89.65,broken_removed,zero_byte
EDIT_2025-08-13_38.43,broken_removed,zero_byte
EDN_2025-10-27_54.64,broken_removed,zero_byte
EDSA_2025-01-24_34.08,broken_removed,zero_byte
EDSA_2025-02-13_141.39,broken_removed,zero_byte
EEIQ_2025-08-22_220.54,broken_removed,zero_byte
EFOI_2025-02-18_124.03,broken_removed,zero_byte
EFOI_2025-02-25_32.85,broken_removed,zero_byte
EFOI_2025-06-23_37.35,broken_removed,zero_byte
EHLD_2025-03-25_86.51,broken_removed,zero_byte
EHTH_2025-05-07_51.50,broken_removed,zero_byte
EHTH_2025-08-06_50.15,broken_removed,zero_byte
EJH_2025-02-03_34.89,broken_removed,zero_byte
EJH_2025-03-07_32.82,broken_removed,zero_byte
EJH_2025-05-23_88.98,broken_removed,zero_byte
EJH_2025-05-27_146.52,broken_removed,zero_byte
EJH_2025-07-15_45.48,broken_removed,zero_byte
EJH_2025-08-13_36.06,broken_removed,zero_byte
EKSO_2025-01-03_30.12,broken_removed,zero_byte
EKSO_2025-01-06_36.75,broken_removed,zero_byte
EKSO_2025-05-15_43.81,broken_removed,zero_byte
ELAB_2025-01-24_105.56,broken_removed,zero_byte
ELAB_2025-03-20_44.86,broken_removed,zero_byte
ELAB_2025-04-10_39.10,broken_removed,zero_byte
ELAB_2025-05-02_33.89,broken_removed,zero_byte
ELAB_2025-06-09_43.78,broken_removed,zero_byte
ELAB_2025-07-14_30.77,broken_removed,zero_byte
ELAB_2025-08-22_94.71,broken_removed,zero_byte
ELAB_2025-10-14_113.63,broken_removed,zero_byte
ELBM_2025-03-21_47.01,broken_removed,zero_byte
ELBM_2025-09-12_50.88,broken_removed,zero_byte
ELBM_2025-10-01_30.33,broken_removed,zero_byte
ELBM_2025-10-08_45.73,broken_removed,zero_byte
ELBM_2025-10-13_427.27,broken_removed,zero_byte
ELBM_2025-10-17_61.59,broken_removed,zero_byte
ELF_2025-05-29_33.49,broken_removed,zero_byte
ELIL_2025-04-17_32.96,broken_removed,zero_byte
ELPW_2025-04-14_74.51,broken_removed,zero_byte
ELPW_2025-04-15_60.13,broken_removed,zero_byte
ELPW_2025-04-16_48.40,broken_removed,zero_byte
ELPW_2025-04-17_40.13,broken_removed,zero_byte
ELPW_2025-05-08_35.33,broken_removed,zero_byte
ELPW_2025-05-13_44.82,broken_removed,zero_byte
ELPW_2025-07-02_79.75,broken_removed,zero_byte
ELPW_2025-07-07_92.37,broken_removed,zero_byte
ELWS_2025-05-13_69.91,broken_removed,zero_byte
ELWS_2025-07-02_74.21,broken_removed,zero_byte
ELWS_2025-07-28_37.50,broken_removed,zero_byte
ELWS_2025-07-31_66.40,broken_removed,zero_byte
ELWS_2025-08-04_60.62,broken_removed,zero_byte
ELWS_2025-10-13_51.40,broken_removed,zero_byte
ELWS_2025-10-16_139.95,broken_removed,zero_byte
EM_2025-01-06_46.81,broken_removed,zero_byte
EMPG_2025-07-03_57.47,broken_removed,zero_byte
ENGNW_2025-01-17_42.62,broken_removed,zero_byte
ENGNW_2025-01-21_32.92,broken_removed,zero_byte
ENGNW_2025-02-07_36.67,broken_removed,zero_byte
ENGNW_2025-07-02_30.87,broken_removed,zero_byte
ENGNW_2025-10-09_34.67,broken_removed,zero_byte
ENGNW_2025-10-15_230.43,broken_removed,zero_byte
ENGNW_2025-10-17_31.58,broken_removed,zero_byte
ENGNW_2025-10-22_30.48,broken_removed,zero_byte
ENGS_2025-04-23_34.53,broken_removed,zero_byte
ENGS_2025-07-07_52.54,broken_removed,zero_byte
ENGS_2025-07-23_33.02,broken_removed,zero_byte
ENGS_2025-08-14_57.48,broken_removed,zero_byte
ENGS_2025-09-09_45.75,broken_removed,zero_byte
ENGS_2025-09-11_31.84,broken_removed,zero_byte
ENSC_2025-04-23_159.36,broken_removed,zero_byte
ENTA_2025-09-29_94.18,broken_removed,zero_byte
ENTO_2025-03-03_81.71,broken_removed,zero_byte
ENTO_2025-05-29_71.55,broken_removed,zero_byte
ENTO_2025-05-30_30.44,broken_removed,zero_byte
ENTO_2025-07-08_43.58,broken_removed,zero_byte
ENTO_2025-08-11_113.76,broken_removed,zero_byte
ENTO_2025-09-12_43.03,broken_removed,zero_byte
ENVB_2025-02-26_281.36,broken_removed,zero_byte
ENVB_2025-02-28_46.23,broken_removed,zero_byte
ENVX_2025-01-07_30.02,broken_removed,zero_byte
EOLS_2025-01-21_37.87,broken_removed,zero_byte
EOSE_2025-05-07_36.71,broken_removed,zero_byte
EPOW_2025-09-25_40.74,broken_removed,zero_byte
EPOW_2025-09-26_66.07,broken_removed,zero_byte
EPOW_2025-09-30_76.86,broken_removed,zero_byte
EPSM_2025-04-23_46.03,broken_removed,zero_byte
EPSM_2025-04-24_33.83,broken_removed,zero_byte
EPSM_2025-05-05_36.85,broken_removed,zero_byte
EPSM_2025-05-06_44.81,broken_removed,zero_byte
EPSM_2025-06-20_33.66,broken_removed,zero_byte
EPSM_2025-06-23_30.30,broken_removed,zero_byte
EPSM_2025-07-01_32.28,broken_removed,zero_byte
EPSM_2025-07-09_37.72,broken_removed,zero_byte
EPSM_2025-09-09_474.50,broken_removed,zero_byte
EPSM_2025-09-11_35.68,broken_removed,zero_byte
EPSM_2025-09-12_40.18,broken_removed,zero_byte
EPSM_2025-10-02_55.27,broken_removed,zero_byte
EPSM_2025-10-03_163.40,broken_removed,zero_byte
EPSM_2025-10-23_33.63,broken_removed,zero_byte
EPWK_2025-04-23_85.34,broken_removed,zero_byte
EPWK_2025-04-24_36.82,broken_removed,zero_byte
EPWK_2025-04-25_30.28,broken_removed,zero_byte
EPWK_2025-05-06_32.80,broken_removed,zero_byte
EPWK_2025-06-05_40.99,broken_removed,zero_byte
EPWK_2025-08-27_47.53,broken_removed,zero_byte
EPWK_2025-09-09_30.28,broken_removed,zero_byte
EPWK_2025-09-10_55.28,broken_removed,zero_byte
EPWK_2025-10-09_103.31,broken_removed,zero_byte
EPWK_2025-10-16_52.54,broken_removed,zero_byte
EPWK_2025-10-22_35.80,broken_removed,zero_byte
EPWK_2025-10-31_146.07,broken_removed,zero_byte
EQ_2025-02-06_45.09,broken_removed,zero_byte
EQ_2025-08-01_247.83,broken_removed,zero_byte
EQ_2025-08-11_152.42,broken_removed,zero_byte
EQ_2025-08-21_37.72,broken_removed,zero_byte
EQ_2025-08-22_44.87,broken_removed,zero_byte
EQ_2025-09-05_34.29,broken_removed,zero_byte
EQS_2025-08-06_40.67,broken_removed,zero_byte
ERAS_2025-04-09_30.19,broken_removed,zero_byte
ERAS_2025-05-29_33.64,broken_removed,zero_byte
ERNA_2025-01-14_210.68,broken_removed,zero_byte
ERNA_2025-01-22_57.39,broken_removed,zero_byte
ERNA_2025-10-29_128.79,broken_removed,zero_byte
ESGL_2025-01-10_34.13,broken_removed,zero_byte
ESGL_2025-01-13_48.23,broken_removed,zero_byte
ESGL_2025-02-27_200.00,broken_removed,zero_byte
ESGL_2025-02-28_47.33,broken_removed,zero_byte
ESLA_2025-02-18_40.89,broken_removed,zero_byte
ESLA_2025-10-01_33.04,broken_removed,zero_byte
ESPR_2025-07-24_56.39,broken_removed,zero_byte
EUDA_2025-09-24_32.14,broken_removed,zero_byte
EVAX_2025-01-23_76.05,broken_removed,zero_byte
EVAX_2025-01-24_169.23,broken_removed,zero_byte
EVAX_2025-02-04_68.75,broken_removed,zero_byte
EVAX_2025-09-25_43.94,broken_removed,zero_byte
EVAX_2025-10-06_33.15,broken_removed,zero_byte
EVAX_2025-10-15_54.97,broken_removed,zero_byte
EVER_2025-02-25_30.27,broken_removed,zero_byte
EVGN_2025-04-21_38.14,broken_removed,zero_byte
EVGN_2025-06-10_114.16,broken_removed,zero_byte
EVGO_2025-05-06_41.88,broken_removed,zero_byte
EVLV_2025-05-16_31.19,broken_removed,zero_byte
EVLVW_2025-08-15_59.93,broken_removed,zero_byte
EVOK_2025-07-09_271.43,broken_removed,zero_byte
EVOK_2025-08-01_39.39,broken_removed,zero_byte
EVTL_2025-01-15_32.13,broken_removed,zero_byte
EVTV_2025-01-29_42.36,broken_removed,zero_byte
EVTV_2025-01-31_38.53,broken_removed,zero_byte
EVTV_2025-03-07_31.58,broken_removed,zero_byte
EVTV_2025-08-04_31.29,broken_removed,zero_byte
EVTV_2025-09-12_61.45,broken_removed,zero_byte
EXOZ_2025-02-13_35.46,broken_removed,zero_byte
EXOZ_2025-07-24_36.74,broken_removed,zero_byte
EZGO_2025-08-01_105.09,broken_removed,zero_byte
EZGO_2025-09-24_40.86,broken_removed,zero_byte
EZGO_2025-10-01_53.58,broken_removed,zero_byte
FAMI_2025-01-15_87.83,broken_removed,zero_byte
FAMI_2025-05-12_30.59,broken_removed,zero_byte
FARM_2025-02-07_57.22,broken_removed,zero_byte
FAT_2025-06-09_40.24,broken_removed,zero_byte
FATBB_2025-04-08_30.59,broken_removed,zero_byte
FATE_2025-08-13_32.44,broken_removed,zero_byte
FATN_2025-04-11_31.78,broken_removed,zero_byte
FATN_2025-04-14_72.64,broken_removed,zero_byte
FATN_2025-04-17_87.85,broken_removed,zero_byte
FATN_2025-04-23_35.52,broken_removed,zero_byte
FATN_2025-05-13_32.44,broken_removed,zero_byte
FATN_2025-05-16_33.00,broken_removed,zero_byte
FATN_2025-06-30_39.74,broken_removed,zero_byte
FATN_2025-09-19_79.20,broken_removed,zero_byte
FBGL_2025-03-24_31.61,broken_removed,zero_byte
FBGL_2025-03-25_66.67,broken_removed,zero_byte
FBIO_2025-09-05_30.99,broken_removed,zero_byte
FBL_2025-04-09_30.11,broken_removed,zero_byte
FBLG_2025-05-15_35.90,broken_removed,zero_byte
FBRX_2025-03-19_36.00,broken_removed,zero_byte
FBRX_2025-03-25_42.25,broken_removed,zero_byte
FBRX_2025-05-27_51.94,broken_removed,zero_byte
FBRX_2025-06-23_33.90,broken_removed,zero_byte
FBYD_2025-02-06_68.39,broken_removed,zero_byte
FBYD_2025-05-02_35.85,broken_removed,zero_byte
FBYD_2025-06-18_33.70,broken_removed,zero_byte
FBYD_2025-07-17_33.60,broken_removed,zero_byte
FBYDW_2025-02-12_141.13,broken_removed,zero_byte
FBYDW_2025-02-18_44.24,broken_removed,zero_byte
FBYDW_2025-07-16_47.73,broken_removed,zero_byte
FBYDW_2025-09-17_86.81,broken_removed,zero_byte
FBYDW_2025-09-24_42.86,broken_removed,zero_byte
FBYDW_2025-10-06_36.09,broken_removed,zero_byte
FBYDW_2025-10-16_91.26,broken_removed,zero_byte
FCEL_2025-06-06_43.85,broken_removed,zero_byte
FCUV_2025-01-03_212.59,broken_removed,zero_byte
FCUV_2025-01-31_149.20,broken_removed,zero_byte
FCUV_2025-03-05_31.14,broken_removed,zero_byte
FCUV_2025-09-03_42.12,broken_removed,zero_byte
FCUV_2025-10-06_33.63,broken_removed,zero_byte
FDMT_2025-08-01_48.67,broken_removed,zero_byte
FEAM_2025-01-14_31.51,broken_removed,zero_byte
FEAM_2025-02-06_31.90,broken_removed,zero_byte
FEAM_2025-03-18_58.76,broken_removed,zero_byte
FEAM_2025-07-24_37.35,broken_removed,zero_byte
FEAM_2025-08-11_42.97,broken_removed,zero_byte
FEAM_2025-10-10_50.60,broken_removed,zero_byte
FEBO_2025-08-26_81.08,broken_removed,zero_byte
FEDU_2025-07-11_35.59,broken_removed,zero_byte
FEDU_2025-09-03_45.45,broken_removed,zero_byte
FENG_2025-09-24_37.74,broken_removed,zero_byte
FFAI_2025-04-24_31.46,broken_removed,zero_byte
FFAI_2025-04-28_31.43,broken_removed,zero_byte
FFAI_2025-07-22_55.61,broken_removed,zero_byte
FFAI_2025-07-24_31.75,broken_removed,zero_byte
FGEN_2025-02-20_56.14,broken_removed,zero_byte
FGI_2025-05-09_48.13,broken_removed,zero_byte
FGI_2025-06-02_66.64,broken_removed,zero_byte
FGI_2025-07-16_35.98,broken_removed,zero_byte
FGI_2025-09-16_217.88,broken_removed,zero_byte
FLD_2025-03-06_32.53,broken_removed,zero_byte
FLD_2025-03-21_32.40,broken_removed,zero_byte
FLD_2025-09-19_35.00,broken_removed,zero_byte
FLDDW_2025-01-24_42.22,broken_removed,zero_byte
FLDDW_2025-02-19_53.33,broken_removed,zero_byte
FLGC_2025-08-11_32.43,broken_removed,zero_byte
FLGC_2025-09-22_72.79,broken_removed,zero_byte
FLNC_2025-05-12_33.41,broken_removed,zero_byte
FLNT_2025-08-27_33.18,broken_removed,zero_byte
FLS_2025-10-29_33.54,broken_removed,zero_byte
FLUX_2025-03-17_33.33,broken_removed,zero_byte
FLUX_2025-03-21_34.76,broken_removed,zero_byte
FLYE_2025-02-11_52.25,broken_removed,zero_byte
FLYE_2025-04-09_43.27,broken_removed,zero_byte
FLYE_2025-07-07_48.73,broken_removed,zero_byte
FLYE_2025-07-17_30.41,broken_removed,zero_byte
FLYE_2025-08-21_38.02,broken_removed,zero_byte
FLYE_2025-09-22_37.78,broken_removed,zero_byte
FMFC_2025-06-26_47.73,broken_removed,zero_byte
FMFC_2025-08-22_30.37,broken_removed,zero_byte
FMFC_2025-10-10_47.87,broken_removed,zero_byte
FMST_2025-01-24_33.80,broken_removed,zero_byte
FMST_2025-01-27_42.39,broken_removed,zero_byte
FMST_2025-05-05_35.16,broken_removed,zero_byte
FMST_2025-05-12_52.92,broken_removed,zero_byte
FMST_2025-05-16_35.07,broken_removed,zero_byte
FMST_2025-05-27_33.44,broken_removed,zero_byte
FMST_2025-05-28_33.95,broken_removed,zero_byte
FMST_2025-07-29_30.61,broken_removed,zero_byte
FMSTW_2025-06-05_35.46,broken_removed,zero_byte
FMSTW_2025-10-15_88.92,broken_removed,zero_byte
FMSTW_2025-10-16_77.06,broken_removed,zero_byte
FNGR_2025-05-01_37.33,broken_removed,zero_byte
FNGR_2025-07-28_30.56,broken_removed,zero_byte
FNKO_2025-05-12_49.29,broken_removed,zero_byte
FOFO_2025-09-23_48.99,broken_removed,zero_byte
FOFO_2025-09-25_66.18,broken_removed,zero_byte
FOFO_2025-09-26_61.34,broken_removed,zero_byte
FOFO_2025-09-29_51.11,broken_removed,zero_byte
FOFO_2025-10-13_41.03,broken_removed,zero_byte
FOFO_2025-10-14_34.53,broken_removed,zero_byte
FORA_2025-02-14_31.16,broken_removed,zero_byte
FORA_2025-08-25_53.11,broken_removed,zero_byte
FOSL_2025-03-13_37.01,broken_removed,zero_byte
FOSL_2025-08-14_32.04,broken_removed,zero_byte
FOSL_2025-08-15_37.02,broken_removed,zero_byte
FOSL_2025-10-15_66.04,broken_removed,zero_byte
FOXX_2025-01-03_30.28,broken_removed,zero_byte
FOXX_2025-01-30_280.62,broken_removed,zero_byte
FOXX_2025-07-17_30.69,broken_removed,zero_byte
FOXX_2025-08-11_36.86,broken_removed,zero_byte
FPH_2025-01-24_41.99,broken_removed,zero_byte
FRGE_2025-04-07_31.37,broken_removed,zero_byte
FRGE_2025-04-15_65.65,broken_removed,zero_byte
FRGE_2025-04-21_49.14,broken_removed,zero_byte
FRGE_2025-07-31_30.44,broken_removed,zero_byte
FRGT_2025-03-04_93.20,broken_removed,zero_byte
FRGT_2025-04-11_44.83,broken_removed,zero_byte
FRGT_2025-04-30_46.06,broken_removed,zero_byte
FRGT_2025-05-02_254.38,broken_removed,zero_byte
FRGT_2025-05-12_72.00,broken_removed,zero_byte
FRGT_2025-09-15_46.10,broken_removed,zero_byte
FRGT_2025-10-28_66.67,broken_removed,zero_byte
FTCI_2025-02-14_30.84,broken_removed,zero_byte
FTCI_2025-03-31_37.60,broken_removed,zero_byte
FTEK_2025-05-19_40.71,broken_removed,zero_byte
FTEL_2025-01-08_31.65,broken_removed,zero_byte
FTEL_2025-02-14_59.35,broken_removed,zero_byte
FTEL_2025-07-24_59.98,broken_removed,zero_byte
FTEL_2025-09-10_66.83,broken_removed,zero_byte
FTEL_2025-09-23_105.17,broken_removed,zero_byte
FTFT_2025-03-03_147.38,broken_removed,zero_byte
FTFT_2025-04-04_30.43,broken_removed,zero_byte
FTFT_2025-07-11_166.89,broken_removed,zero_byte
FUBO_2025-01-06_268.06,broken_removed,zero_byte
FUFU_2025-03-25_30.04,broken_removed,zero_byte
FUFU_2025-08-15_35.52,broken_removed,zero_byte
FULC_2025-05-02_40.41,broken_removed,zero_byte
FWRD_2025-04-09_33.81,broken_removed,zero_byte
GALT_2025-06-17_87.25,broken_removed,zero_byte
GALT_2025-06-18_38.08,broken_removed,zero_byte
GAME_2025-07-08_74.23,broken_removed,zero_byte
GAME_2025-07-09_86.36,broken_removed,zero_byte
GAME_2025-07-16_86.75,broken_removed,zero_byte
GANX_2025-08-15_37.66,broken_removed,zero_byte
GAUZ_2025-03-11_31.58,broken_removed,zero_byte
GBIO_2025-07-16_38.47,broken_removed,zero_byte
GBIO_2025-08-13_71.60,broken_removed,zero_byte
GCL_2025-02-18_224.35,broken_removed,zero_byte
GCL_2025-02-28_54.05,broken_removed,zero_byte
GCL_2025-05-21_35.19,broken_removed,zero_byte
GCT_2025-08-08_30.84,broken_removed,zero_byte
GCTK_2025-01-13_58.12,broken_removed,zero_byte
GCTK_2025-01-17_53.52,broken_removed,zero_byte
GDC_2025-02-24_72.32,broken_removed,zero_byte
GDC_2025-02-25_77.63,broken_removed,zero_byte
GDC_2025-05-12_79.55,broken_removed,zero_byte
GDC_2025-09-29_33.05,broken_removed,zero_byte
GDC_2025-10-02_43.93,broken_removed,zero_byte
GDEV_2025-02-21_73.88,broken_removed,zero_byte
GDTC_2025-01-10_30.57,broken_removed,zero_byte
GDTC_2025-10-22_43.19,broken_removed,zero_byte
GEG_2025-09-03_37.11,broken_removed,zero_byte
GELS_2025-01-22_33.33,broken_removed,zero_byte
GELS_2025-04-22_356.67,broken_removed,zero_byte
GELS_2025-06-10_106.47,broken_removed,zero_byte
GELS_2025-09-05_110.42,broken_removed,zero_byte
GELS_2025-10-23_32.74,broken_removed,zero_byte
GENK_2025-03-07_45.58,broken_removed,zero_byte
GENVR_2025-05-07_42.97,broken_removed,zero_byte
GENVR_2025-08-08_64.52,broken_removed,zero_byte
GENVR_2025-10-10_41.82,broken_removed,zero_byte
GEOS_2025-06-17_37.88,broken_removed,zero_byte
GEOS_2025-06-20_40.54,broken_removed,zero_byte
GEOS_2025-06-23_61.01,broken_removed,zero_byte
GEOS_2025-07-28_32.35,broken_removed,zero_byte
GES_2025-03-17_32.16,broken_removed,zero_byte
GETY_2025-01-03_32.23,broken_removed,zero_byte
GETY_2025-01-07_50.39,broken_removed,zero_byte
GETY_2025-10-31_59.70,broken_removed,zero_byte
GEVO_2025-08-12_61.60,broken_removed,zero_byte
GFAI_2025-01-03_34.97,broken_removed,zero_byte
GFAI_2025-01-06_101.04,broken_removed,zero_byte
GFAI_2025-01-14_45.20,broken_removed,zero_byte
GGAL_2025-10-27_47.14,broken_removed,zero_byte
GGR_2025-04-14_46.12,broken_removed,zero_byte
GIPR_2025-08-21_44.20,broken_removed,zero_byte
GIPR_2025-09-17_38.89,broken_removed,zero_byte
GIPR_2025-10-03_64.86,broken_removed,zero_byte
GIPR_2025-10-15_47.41,broken_removed,zero_byte
GIPRW_2025-02-28_338.24,broken_removed,zero_byte
GITS_2025-01-27_160.02,broken_removed,zero_byte
GITS_2025-04-22_53.72,broken_removed,zero_byte
GLE_2025-01-24_33.82,broken_removed,zero_byte
GLE_2025-06-16_57.89,broken_removed,zero_byte
GLE_2025-07-31_76.64,broken_removed,zero_byte
GLE_2025-08-19_46.44,broken_removed,zero_byte
GLE_2025-08-20_53.54,broken_removed,zero_byte
GLE_2025-09-10_275.85,broken_removed,zero_byte
GLE_2025-10-30_67.04,broken_removed,zero_byte
GLMD_2025-03-17_102.68,broken_removed,zero_byte
GLMD_2025-04-28_70.70,broken_removed,zero_byte
GLTO_2025-03-21_76.33,broken_removed,zero_byte
GLTO_2025-09-10_54.65,broken_removed,zero_byte
GLTO_2025-09-23_67.33,broken_removed,zero_byte
GLTO_2025-10-07_754.45,broken_removed,zero_byte
GLTO_2025-10-09_73.24,broken_removed,zero_byte
GLUE_2025-09-15_53.85,broken_removed,zero_byte
GLXG_2025-01-10_129.79,broken_removed,zero_byte
GLXG_2025-01-14_44.14,broken_removed,zero_byte
GLXG_2025-04-08_78.76,broken_removed,zero_byte
GLXG_2025-09-09_34.00,broken_removed,zero_byte
GLXG_2025-10-01_36.72,broken_removed,zero_byte
GMGI_2025-02-19_35.14,broken_removed,zero_byte
GMHS_2025-02-14_42.44,broken_removed,zero_byte
GMHS_2025-05-30_32.67,broken_removed,zero_byte
GMHS_2025-08-11_80.89,broken_removed,zero_byte
GMHS_2025-08-29_135.40,broken_removed,zero_byte
GMHS_2025-09-09_41.82,broken_removed,zero_byte
GMM_2025-09-11_45.07,broken_removed,zero_byte
GNLN_2025-03-26_37.68,broken_removed,zero_byte
GNLN_2025-05-21_57.89,broken_removed,zero_byte
GNLN_2025-06-12_119.48,broken_removed,zero_byte
GNLN_2025-06-16_51.49,broken_removed,zero_byte
GNLN_2025-06-30_142.53,broken_removed,zero_byte
GNLX_2025-01-21_38.62,broken_removed,zero_byte
GNLX_2025-05-08_31.90,broken_removed,zero_byte
GNPX_2025-03-18_30.00,broken_removed,zero_byte
GNPX_2025-04-02_67.19,broken_removed,zero_byte
GNPX_2025-04-03_48.00,broken_removed,zero_byte
GNPX_2025-05-29_33.52,broken_removed,zero_byte
GNPX_2025-08-22_31.22,broken_removed,zero_byte
GNPX_2025-09-05_64.10,broken_removed,zero_byte
GNPX_2025-09-08_76.25,broken_removed,zero_byte
GNPX_2025-10-14_33.51,broken_removed,zero_byte
GNTA_2025-02-03_30.40,broken_removed,zero_byte
GNTA_2025-05-30_34.68,broken_removed,zero_byte
GNTA_2025-06-05_40.37,broken_removed,zero_byte
GNTA_2025-10-24_209.60,broken_removed,zero_byte
GNTA_2025-10-29_35.39,broken_removed,zero_byte
GOTU_2025-02-26_34.39,broken_removed,zero_byte
GOVX_2025-06-16_34.95,broken_removed,zero_byte
GOVX_2025-06-18_36.67,broken_removed,zero_byte
GP_2025-01-10_39.74,broken_removed,zero_byte
GP_2025-08-04_92.73,broken_removed,zero_byte
GP_2025-09-08_56.30,broken_removed,zero_byte
GPCR_2025-04-17_30.44,broken_removed,zero_byte
GPRO_2025-07-22_48.45,broken_removed,zero_byte
GPRO_2025-07-23_72.99,broken_removed,zero_byte
GPRO_2025-08-25_36.36,broken_removed,zero_byte
GRAL_2025-02-13_34.61,broken_removed,zero_byte
GRAL_2025-10-20_32.05,broken_removed,zero_byte
GRAN_2025-08-14_32.69,broken_removed,zero_byte
GRAN_2025-10-06_30.22,broken_removed,zero_byte
GREE_2025-04-25_58.62,broken_removed,zero_byte
GREE_2025-05-22_32.37,broken_removed,zero_byte
GRI_2025-02-25_56.65,broken_removed,zero_byte
GRI_2025-04-01_247.50,broken_removed,zero_byte
GRI_2025-04-02_41.58,broken_removed,zero_byte
GRI_2025-04-15_31.13,broken_removed,zero_byte
GRI_2025-04-23_45.52,broken_removed,zero_byte
GRI_2025-09-11_83.97,broken_removed,zero_byte
GRNQ_2025-01-10_44.44,broken_removed,zero_byte
GRNQ_2025-05-16_39.13,broken_removed,zero_byte
GROV_2025-07-09_57.26,broken_removed,zero_byte
GRPN_2025-03-12_44.73,broken_removed,zero_byte
GRPN_2025-05-08_43.46,broken_removed,zero_byte
GRPN_2025-08-07_40.46,broken_removed,zero_byte
GRRR_2025-03-14_31.22,broken_removed,zero_byte
GRRR_2025-06-20_48.32,broken_removed,zero_byte
GRRRW_2025-02-10_42.01,broken_removed,zero_byte
GRRRW_2025-03-03_77.89,broken_removed,zero_byte
GRRRW_2025-03-04_52.14,broken_removed,zero_byte
GRRRW_2025-03-05_42.24,broken_removed,zero_byte
GSAT_2025-10-30_31.37,broken_removed,zero_byte
GSIT_2025-01-17_78.18,broken_removed,zero_byte
GSIT_2025-10-20_257.28,broken_removed,zero_byte
GSIT_2025-10-21_32.15,broken_removed,zero_byte
GSIT_2025-10-27_42.25,broken_removed,zero_byte
GSIW_2025-02-07_182.81,broken_removed,zero_byte
GSIW_2025-05-14_112.33,broken_removed,zero_byte
GSIW_2025-06-05_35.73,broken_removed,zero_byte
GSRFR_2025-10-21_53.08,broken_removed,zero_byte
GSUN_2025-02-24_98.11,broken_removed,zero_byte
GTBP_2025-02-25_53.69,broken_removed,zero_byte
GTBP_2025-05-21_37.64,broken_removed,zero_byte
GTBP_2025-10-08_82.25,broken_removed,zero_byte
GTEC_2025-01-16_32.62,broken_removed,zero_byte
GTEC_2025-03-27_96.95,broken_removed,zero_byte
GTENW_2025-07-24_84.21,broken_removed,zero_byte
GTENW_2025-07-25_30.77,broken_removed,zero_byte
GTENW_2025-10-07_33.06,broken_removed,zero_byte
GTIM_2025-10-22_30.26,broken_removed,zero_byte
GUTS_2025-06-09_52.26,broken_removed,zero_byte
GUTS_2025-09-26_34.65,broken_removed,zero_byte
GV_2025-02-24_67.31,broken_removed,zero_byte
GV_2025-03-05_208.53,broken_removed,zero_byte
GV_2025-03-06_90.53,broken_removed,zero_byte
GV_2025-03-07_96.32,broken_removed,zero_byte
GV_2025-03-12_55.76,broken_removed,zero_byte
GV_2025-03-14_43.77,broken_removed,zero_byte
GV_2025-08-05_107.41,broken_removed,zero_byte
GV_2025-08-13_35.36,broken_removed,zero_byte
GV_2025-09-17_151.05,broken_removed,zero_byte
GVH_2025-02-03_34.97,broken_removed,zero_byte
GVH_2025-05-05_88.08,broken_removed,zero_byte
GVH_2025-05-06_68.75,broken_removed,zero_byte
GVH_2025-05-07_30.07,broken_removed,zero_byte
GVH_2025-06-27_92.89,broken_removed,zero_byte
GVH_2025-07-02_44.63,broken_removed,zero_byte
GWAV_2025-02-10_62.45,broken_removed,zero_byte
GWAV_2025-04-22_43.70,broken_removed,zero_byte
GWAV_2025-04-28_41.59,broken_removed,zero_byte
GWAV_2025-10-14_182.02,broken_removed,zero_byte
GWH_2025-02-18_36.07,broken_removed,zero_byte
GXAI_2025-02-14_31.58,broken_removed,zero_byte
GXAI_2025-08-19_120.91,broken_removed,zero_byte
GXAI_2025-08-21_62.64,broken_removed,zero_byte
GYRE_2025-05-27_33.76,broken_removed,zero_byte
HAO_2025-01-28_59.36,broken_removed,zero_byte
HAO_2025-04-09_40.63,broken_removed,zero_byte
HAO_2025-05-23_59.31,broken_removed,zero_byte
HAO_2025-05-30_31.42,broken_removed,zero_byte
HAO_2025-08-25_30.25,broken_removed,zero_byte
HCTI_2025-01-03_34.83,broken_removed,zero_byte
HCTI_2025-01-06_45.83,broken_removed,zero_byte
HCTI_2025-02-18_82.92,broken_removed,zero_byte
HCTI_2025-02-26_71.05,broken_removed,zero_byte
HCTI_2025-03-12_50.68,broken_removed,zero_byte
HCTI_2025-04-01_46.83,broken_removed,zero_byte
HCTI_2025-05-01_180.25,broken_removed,zero_byte
HCTI_2025-05-14_134.74,broken_removed,zero_byte
HCTI_2025-05-19_117.72,broken_removed,zero_byte
HCTI_2025-05-20_39.56,broken_removed,zero_byte
HCTI_2025-05-29_120.69,broken_removed,zero_byte
HCTI_2025-06-11_43.06,broken_removed,zero_byte
HCWB_2025-02-03_270.24,broken_removed,zero_byte
HCWB_2025-05-13_241.65,broken_removed,zero_byte
HCWB_2025-08-25_112.98,broken_removed,zero_byte
HCWB_2025-09-12_83.97,broken_removed,zero_byte
HFFG_2025-03-14_38.79,broken_removed,zero_byte
HHS_2025-06-23_40.73,broken_removed,zero_byte
HIMS_2025-04-29_33.22,broken_removed,zero_byte
HIMZ_2025-04-09_30.14,broken_removed,zero_byte
HIMZ_2025-04-29_63.71,broken_removed,zero_byte
HIMZ_2025-05-06_40.55,broken_removed,zero_byte
HIMZ_2025-05-13_31.88,broken_removed,zero_byte
HIMZ_2025-06-03_37.10,broken_removed,zero_byte
HIMZ_2025-07-23_36.73,broken_removed,zero_byte
HIMZ_2025-10-15_41.55,broken_removed,zero_byte
HIT_2025-05-14_40.75,broken_removed,zero_byte
HIT_2025-07-21_34.55,broken_removed,zero_byte
HIT_2025-07-22_66.67,broken_removed,zero_byte
HIT_2025-08-04_31.00,broken_removed,zero_byte
HKD_2025-05-29_75.51,broken_removed,zero_byte
HKD_2025-10-31_223.67,broken_removed,zero_byte
HKPD_2025-03-19_36.67,broken_removed,zero_byte
HKPD_2025-03-28_33.59,broken_removed,zero_byte
HKPD_2025-05-19_56.88,broken_removed,zero_byte
HKPD_2025-06-02_135.90,broken_removed,zero_byte
HMR_2025-03-10_115.23,broken_removed,zero_byte
HMR_2025-03-12_38.03,broken_removed,zero_byte
HMR_2025-03-13_88.24,broken_removed,zero_byte
HMR_2025-03-18_49.63,broken_removed,zero_byte
HOLO_2025-01-16_32.28,broken_removed,zero_byte
HOLO_2025-01-27_67.10,broken_removed,zero_byte
HOLO_2025-02-21_52.10,broken_removed,zero_byte
HOTH_2025-01-07_363.64,broken_removed,zero_byte
HOTH_2025-03-04_44.83,broken_removed,zero_byte
HOTH_2025-06-04_78.30,broken_removed,zero_byte
HOUR_2025-01-27_68.29,broken_removed,zero_byte
HOUR_2025-02-03_33.50,broken_removed,zero_byte
HOUR_2025-03-26_41.14,broken_removed,zero_byte
HOUR_2025-07-01_52.45,broken_removed,zero_byte
HOUR_2025-09-04_49.61,broken_removed,zero_byte
HPAI_2025-04-04_32.49,broken_removed,zero_byte
HROW_2025-03-18_36.11,broken_removed,zero_byte
HSAI_2025-03-11_51.03,broken_removed,zero_byte
HSCS_2025-07-10_48.05,broken_removed,zero_byte
HSDT_2025-01-21_113.05,broken_removed,zero_byte
HSDT_2025-05-02_36.10,broken_removed,zero_byte
HSDT_2025-06-11_118.93,broken_removed,zero_byte
HTCR_2025-08-25_130.34,broken_removed,zero_byte
HTCR_2025-09-05_36.79,broken_removed,zero_byte
HTOO_2025-07-15_45.20,broken_removed,zero_byte
HTOO_2025-07-22_195.09,broken_removed,zero_byte
HTOO_2025-07-25_80.76,broken_removed,zero_byte
HTZ_2025-04-16_58.08,broken_removed,zero_byte
HTZ_2025-04-17_53.06,broken_removed,zero_byte
HTZWW_2025-04-16_59.20,broken_removed,zero_byte
HTZWW_2025-04-17_51.67,broken_removed,zero_byte
HUBC_2025-02-04_32.98,broken_removed,zero_byte
HUBC_2025-02-28_33.50,broken_removed,zero_byte
HUBC_2025-04-09_56.50,broken_removed,zero_byte
HUBC_2025-07-14_36.31,broken_removed,zero_byte
HUBC_2025-07-16_43.08,broken_removed,zero_byte
HUDI_2025-09-10_310.53,broken_removed,zero_byte
HUHU_2025-02-19_34.69,broken_removed,zero_byte
HUHU_2025-03-21_62.87,broken_removed,zero_byte
HUHU_2025-03-24_42.45,broken_removed,zero_byte
HUIZ_2025-04-15_36.76,broken_removed,zero_byte
HUIZ_2025-09-12_60.07,broken_removed,zero_byte
HUMA_2025-04-09_33.91,broken_removed,zero_byte
HUMA_2025-05-13_36.36,broken_removed,zero_byte
HURA_2025-01-10_31.89,broken_removed,zero_byte
HURA_2025-03-19_37.50,broken_removed,zero_byte
HURA_2025-08-11_36.96,broken_removed,zero_byte
HWH_2025-01-27_204.83,broken_removed,zero_byte
HWH_2025-01-30_50.51,broken_removed,zero_byte
HYPD_2025-07-28_30.56,broken_removed,zero_byte
HYPD_2025-08-08_48.18,broken_removed,zero_byte
HYPD_2025-09-09_38.89,broken_removed,zero_byte
IBIO_2025-02-27_38.30,broken_removed,zero_byte
IBIO_2025-04-28_32.75,broken_removed,zero_byte
IBIO_2025-04-29_54.29,broken_removed,zero_byte
IBIO_2025-06-24_45.99,broken_removed,zero_byte
IBIO_2025-10-21_64.61,broken_removed,zero_byte
IBIO_2025-10-22_42.34,broken_removed,zero_byte
ICCM_2025-08-28_32.98,broken_removed,zero_byte
ICCM_2025-10-03_41.41,broken_removed,zero_byte
ICG_2025-06-23_53.78,broken_removed,zero_byte
ICG_2025-07-08_36.24,broken_removed,zero_byte
ICON_2025-03-07_53.79,broken_removed,zero_byte
ICON_2025-03-13_54.67,broken_removed,zero_byte
ICON_2025-04-02_48.04,broken_removed,zero_byte
ICON_2025-06-13_83.79,broken_removed,zero_byte
ICU_2025-01-31_58.96,broken_removed,zero_byte
ICU_2025-02-03_37.05,broken_removed,zero_byte
IDAI_2025-05-15_33.32,broken_removed,zero_byte
IDAI_2025-09-19_40.10,broken_removed,zero_byte
IDAI_2025-09-24_60.33,broken_removed,zero_byte
IDN_2025-05-20_30.17,broken_removed,zero_byte
IFBD_2025-05-09_40.83,broken_removed,zero_byte
IFBD_2025-09-09_32.05,broken_removed,zero_byte
IFRX_2025-08-29_36.75,broken_removed,zero_byte
IH_2025-07-17_34.44,broken_removed,zero_byte
IHRT_2025-08-12_40.18,broken_removed,zero_byte
IINN_2025-07-02_40.08,broken_removed,zero_byte
IINN_2025-07-07_37.82,broken_removed,zero_byte
ILLR_2025-01-14_35.78,broken_removed,zero_byte
ILLR_2025-03-12_32.77,broken_removed,zero_byte
ILLR_2025-04-15_32.53,broken_removed,zero_byte
ILLR_2025-04-22_37.85,broken_removed,zero_byte
ILLR_2025-06-30_60.59,broken_removed,zero_byte
ILLR_2025-09-16_39.97,broken_removed,zero_byte
ILLR_2025-10-03_31.84,broken_removed,zero_byte
ILPT_2025-06-16_30.35,broken_removed,zero_byte
IMCC_2025-05-28_99.47,broken_removed,zero_byte
IMCC_2025-05-29_120.30,broken_removed,zero_byte
IMCC_2025-05-30_35.07,broken_removed,zero_byte
IMCC_2025-06-17_33.92,broken_removed,zero_byte
IMCC_2025-10-23_38.17,broken_removed,zero_byte
IMDX_2025-06-20_34.18,broken_removed,zero_byte
IMG_2025-01-08_105.68,broken_removed,zero_byte
IMMP_2025-05-05_58.48,broken_removed,zero_byte
IMNN_2025-05-13_32.35,broken_removed,zero_byte
IMNN_2025-05-22_47.80,broken_removed,zero_byte
IMNN_2025-05-23_234.54,broken_removed,zero_byte
IMNN_2025-05-27_106.90,broken_removed,zero_byte
IMNN_2025-05-29_46.71,broken_removed,zero_byte
IMNN_2025-05-30_45.73,broken_removed,zero_byte
IMNN_2025-06-10_59.40,broken_removed,zero_byte
IMNN_2025-07-17_61.54,broken_removed,zero_byte
IMRX_2025-01-07_61.02,broken_removed,zero_byte
IMRX_2025-06-18_63.18,broken_removed,zero_byte
IMRX_2025-08-21_37.03,broken_removed,zero_byte
IMRX_2025-09-10_32.91,broken_removed,zero_byte
IMTE_2025-03-24_313.04,broken_removed,zero_byte
IMTE_2025-03-26_67.72,broken_removed,zero_byte
IMTE_2025-03-27_31.60,broken_removed,zero_byte
IMXI_2025-08-11_64.55,broken_removed,zero_byte
INAB_2025-01-06_32.12,broken_removed,zero_byte
INAB_2025-02-11_54.65,broken_removed,zero_byte
INAB_2025-05-29_31.69,broken_removed,zero_byte
INBX_2025-10-24_112.27,broken_removed,zero_byte
INDP_2025-03-18_109.28,broken_removed,zero_byte
INDP_2025-06-23_163.31,broken_removed,zero_byte
INDP_2025-06-26_30.43,broken_removed,zero_byte
INDP_2025-09-26_161.28,broken_removed,zero_byte
INDP_2025-10-07_61.13,broken_removed,zero_byte
INHD_2025-01-28_43.63,broken_removed,zero_byte
INHD_2025-04-21_37.82,broken_removed,zero_byte
INHD_2025-05-12_266.30,broken_removed,zero_byte
INHD_2025-05-13_48.73,broken_removed,zero_byte
INHD_2025-08-25_376.34,broken_removed,zero_byte
INHD_2025-08-27_80.05,broken_removed,zero_byte
INHD_2025-09-04_129.83,broken_removed,zero_byte
INHD_2025-09-05_42.56,broken_removed,zero_byte
INHD_2025-09-08_65.18,broken_removed,zero_byte
INKT_2025-01-29_32.67,broken_removed,zero_byte
INKT_2025-01-31_33.53,broken_removed,zero_byte
INKT_2025-02-04_73.16,broken_removed,zero_byte
INKT_2025-07-11_883.18,broken_removed,zero_byte
INKT_2025-07-17_31.11,broken_removed,zero_byte
INLF_2025-01-03_38.20,broken_removed,zero_byte
INLF_2025-02-12_38.23,broken_removed,zero_byte
INLF_2025-02-13_66.94,broken_removed,zero_byte
INLF_2025-02-14_133.07,broken_removed,zero_byte
INLF_2025-06-16_52.77,broken_removed,zero_byte
INLF_2025-06-20_93.82,broken_removed,zero_byte
INLF_2025-06-25_49.73,broken_removed,zero_byte
INM_2025-01-21_67.07,broken_removed,zero_byte
INM_2025-05-14_52.67,broken_removed,zero_byte
INM_2025-06-02_220.48,broken_removed,zero_byte
INM_2025-06-24_124.49,broken_removed,zero_byte
INOD_2025-02-21_30.13,broken_removed,zero_byte
INTC_2025-09-18_30.03,broken_removed,zero_byte
INTG_2025-10-15_51.65,broken_removed,zero_byte
INTS_2025-10-30_551.93,broken_removed,zero_byte
INTW_2025-02-18_32.13,broken_removed,zero_byte
INTW_2025-03-13_36.87,broken_removed,zero_byte
INTW_2025-04-09_38.58,broken_removed,zero_byte
INTW_2025-09-18_59.97,broken_removed,zero_byte
INTZ_2025-01-03_37.57,broken_removed,zero_byte
INTZ_2025-01-10_77.50,broken_removed,zero_byte
INTZ_2025-03-13_32.86,broken_removed,zero_byte
INTZ_2025-03-17_37.17,broken_removed,zero_byte
INTZ_2025-06-02_30.77,broken_removed,zero_byte
INV_2025-08-04_55.61,broken_removed,zero_byte
INVZ_2025-01-07_57.79,broken_removed,zero_byte
INVZ_2025-06-17_32.88,broken_removed,zero_byte
IOBT_2025-03-25_36.99,broken_removed,zero_byte
IOBT_2025-08-12_49.58,broken_removed,zero_byte
IOBT_2025-08-15_72.66,broken_removed,zero_byte
IONQ_2025-01-15_37.24,broken_removed,zero_byte
IONQ_2025-05-22_45.86,broken_removed,zero_byte
IONQ.WS_2025-01-15_57.45,broken_removed,zero_byte
IONQ.WS_2025-03-12_51.15,broken_removed,zero_byte
IONQ.WS_2025-03-14_33.82,broken_removed,zero_byte
IONQ.WS_2025-03-24_35.89,broken_removed,zero_byte
IONQ.WS_2025-04-07_31.59,broken_removed,zero_byte
IONQ.WS_2025-04-09_47.66,broken_removed,zero_byte
IONQ.WS_2025-05-22_66.39,broken_removed,zero_byte
IONR_2025-09-24_37.39,broken_removed,zero_byte
IONR_2025-10-06_71.58,broken_removed,zero_byte
IONS_2025-09-02_35.85,broken_removed,zero_byte
IONX_2025-03-14_34.86,broken_removed,zero_byte
IONX_2025-03-24_36.85,broken_removed,zero_byte
IONX_2025-04-07_31.49,broken_removed,zero_byte
IONX_2025-04-09_49.66,broken_removed,zero_byte
IONX_2025-05-22_91.04,broken_removed,zero_byte
IONX_2025-09-12_38.87,broken_removed,zero_byte
IONX_2025-10-13_38.83,broken_removed,zero_byte
IPDN_2025-02-20_33.33,broken_removed,zero_byte
IPDN_2025-04-09_96.08,broken_removed,zero_byte
IPDN_2025-06-30_182.29,broken_removed,zero_byte
IPDN_2025-08-06_48.07,broken_removed,zero_byte
IPDN_2025-08-29_461.66,broken_removed,zero_byte
IPDN_2025-09-03_78.27,broken_removed,zero_byte
IPDN_2025-09-23_77.27,broken_removed,zero_byte
IPDN_2025-10-13_41.22,broken_removed,zero_byte
IPM_2025-09-17_49.22,broken_removed,zero_byte
IPW_2025-04-15_30.16,broken_removed,zero_byte
IPW_2025-06-05_95.55,broken_removed,zero_byte
IPW_2025-06-06_39.78,broken_removed,zero_byte
IPW_2025-06-09_34.17,broken_removed,zero_byte
IPW_2025-09-22_122.12,broken_removed,zero_byte
IPWR_2025-08-14_48.21,broken_removed,zero_byte
IQST_2025-05-14_86.42,broken_removed,zero_byte
IQST_2025-06-02_49.54,broken_removed,zero_byte
IRBT_2025-01-06_31.79,broken_removed,zero_byte
IRBT_2025-05-27_66.66,broken_removed,zero_byte
IRBT_2025-10-15_55.22,broken_removed,zero_byte
IRD_2025-06-02_75.97,broken_removed,zero_byte
IRIX_2025-03-21_34.15,broken_removed,zero_byte
IRIX_2025-07-17_33.64,broken_removed,zero_byte
IRS_2025-10-27_38.25,broken_removed,zero_byte
IRS.WS_2025-10-27_38.89,broken_removed,zero_byte
IRWD_2025-08-07_41.61,broken_removed,zero_byte
ISPC_2025-02-24_74.14,broken_removed,zero_byte
ISPC_2025-04-01_36.79,broken_removed,zero_byte
ISPC_2025-04-09_45.83,broken_removed,zero_byte
ISPC_2025-09-05_53.75,broken_removed,zero_byte
ISPC_2025-09-09_325.65,broken_removed,zero_byte
ISPC_2025-09-12_95.45,broken_removed,zero_byte
ISPO_2025-05-30_42.01,broken_removed,zero_byte
ISPR_2025-04-09_46.88,broken_removed,zero_byte
ISSC_2025-05-15_42.86,broken_removed,zero_byte
ISUL_2025-10-22_37.21,broken_removed,zero_byte
IVDA_2025-10-02_64.71,broken_removed,zero_byte
IVF_2025-04-30_98.76,broken_removed,zero_byte
IVF_2025-05-05_66.67,broken_removed,zero_byte
IVF_2025-06-25_53.00,broken_removed,zero_byte
IVF_2025-07-22_66.27,broken_removed,zero_byte
IVF_2025-10-16_179.83,broken_removed,zero_byte
IVP_2025-05-30_35.04,broken_removed,zero_byte
IVP_2025-08-14_64.62,broken_removed,zero_byte
IVVD_2025-02-03_210.32,broken_removed,zero_byte
IVVD_2025-02-04_34.91,broken_removed,zero_byte
IVVD_2025-02-05_87.20,broken_removed,zero_byte
IVVD_2025-02-07_33.33,broken_removed,zero_byte
IVVD_2025-02-21_73.55,broken_removed,zero_byte
IVVD_2025-03-04_35.21,broken_removed,zero_byte
IVVD_2025-05-13_30.10,broken_removed,zero_byte
IVVD_2025-08-26_103.68,broken_removed,zero_byte
IXHL_2025-03-19_43.03,broken_removed,zero_byte
IXHL_2025-04-08_179.82,broken_removed,zero_byte
IXHL_2025-05-15_51.43,broken_removed,zero_byte
IXHL_2025-07-24_64.36,broken_removed,zero_byte
IZEA_2025-05-14_37.55,broken_removed,zero_byte
IZEA_2025-10-10_34.62,broken_removed,zero_byte
JAGX_2025-04-10_49.65,broken_removed,zero_byte
JAGX_2025-04-25_92.06,broken_removed,zero_byte
JBDI_2025-05-06_32.34,broken_removed,zero_byte
JBDI_2025-05-08_37.35,broken_removed,zero_byte
JBDI_2025-09-10_179.07,broken_removed,zero_byte
JBDI_2025-09-12_31.58,broken_removed,zero_byte
JBDI_2025-10-06_31.61,broken_removed,zero_byte
JBIO_2025-05-02_34.72,broken_removed,zero_byte
JCSE_2025-04-07_70.00,broken_removed,zero_byte
JCSE_2025-05-05_86.17,broken_removed,zero_byte
JCSE_2025-05-09_31.29,broken_removed,zero_byte
JCSE_2025-09-10_40.32,broken_removed,zero_byte
JDZG_2025-04-09_30.46,broken_removed,zero_byte
JDZG_2025-04-16_32.68,broken_removed,zero_byte
JDZG_2025-04-28_38.44,broken_removed,zero_byte
JDZG_2025-06-11_30.57,broken_removed,zero_byte
JDZG_2025-06-24_32.74,broken_removed,zero_byte
JDZG_2025-10-14_67.55,broken_removed,zero_byte
JFB_2025-07-14_42.12,broken_removed,zero_byte
JFB_2025-09-26_34.59,broken_removed,zero_byte
JFB_2025-09-29_90.66,broken_removed,zero_byte
JFBR_2025-04-30_111.76,broken_removed,zero_byte
JFBR_2025-06-10_38.74,broken_removed,zero_byte
JFIN_2025-03-04_38.47,broken_removed,zero_byte
JFIN_2025-03-27_34.05,broken_removed,zero_byte
JFU_2025-02-14_31.93,broken_removed,zero_byte
JFU_2025-04-30_31.39,broken_removed,zero_byte
JFU_2025-08-11_33.72,broken_removed,zero_byte
JFU_2025-08-25_35.98,broken_removed,zero_byte
JFU_2025-10-09_70.29,broken_removed,zero_byte
JFU_2025-10-10_30.95,broken_removed,zero_byte
JFU_2025-10-20_45.60,broken_removed,zero_byte
JL_2025-01-27_107.91,broken_removed,zero_byte
JL_2025-01-28_72.54,broken_removed,zero_byte
JL_2025-01-30_66.82,broken_removed,zero_byte
JL_2025-01-31_53.15,broken_removed,zero_byte
JMIA_2025-08-07_36.46,broken_removed,zero_byte
JOBY_2025-05-28_31.69,broken_removed,zero_byte
JOBY.WS_2025-04-09_31.44,broken_removed,zero_byte
JOBY.WS_2025-05-28_57.55,broken_removed,zero_byte
JOBY.WS_2025-06-03_31.53,broken_removed,zero_byte
JOBY.WS_2025-06-09_46.92,broken_removed,zero_byte
JOBY.WS_2025-06-30_32.59,broken_removed,zero_byte
JOBY.WS_2025-07-16_33.97,broken_removed,zero_byte
JOBY.WS_2025-08-04_46.84,broken_removed,zero_byte
JSPR_2025-07-09_32.45,broken_removed,zero_byte
JTAI_2025-02-14_217.83,broken_removed,zero_byte
JTAI_2025-02-19_189.90,broken_removed,zero_byte
JTAI_2025-02-25_64.80,broken_removed,zero_byte
JTAI_2025-03-17_30.47,broken_removed,zero_byte
JUNS_2025-06-11_136.81,broken_removed,zero_byte
JUNS_2025-06-18_38.84,broken_removed,zero_byte
JUNS_2025-07-02_33.66,broken_removed,zero_byte
JUNS_2025-07-03_58.82,broken_removed,zero_byte
JVA_2025-02-03_33.42,broken_removed,zero_byte
JVA_2025-06-13_41.60,broken_removed,zero_byte
JWEL_2025-07-01_37.97,broken_removed,zero_byte
JWEL_2025-10-21_46.78,broken_removed,zero_byte
JXG_2025-07-15_56.25,broken_removed,zero_byte
JXG_2025-07-22_53.33,broken_removed,zero_byte
JXG_2025-09-23_31.74,broken_removed,zero_byte
JYD_2025-01-22_48.18,broken_removed,zero_byte
JYD_2025-04-03_72.21,broken_removed,zero_byte
JZ_2025-05-08_164.95,broken_removed,zero_byte
JZ_2025-05-12_49.89,broken_removed,zero_byte
JZ_2025-09-08_72.08,broken_removed,zero_byte
KALA_2025-04-29_40.90,broken_removed,zero_byte
KALV_2025-07-07_32.80,broken_removed,zero_byte
KAVL_2025-01-08_78.53,broken_removed,zero_byte
KAVL_2025-07-14_94.10,broken_removed,zero_byte
KAVL_2025-08-29_30.04,broken_removed,zero_byte
KBSX_2025-01-29_37.25,broken_removed,zero_byte
KBSX_2025-03-18_338.81,broken_removed,zero_byte
KBSX_2025-03-25_30.97,broken_removed,zero_byte
KBSX_2025-04-10_36.36,broken_removed,zero_byte
KBSX_2025-05-02_96.67,broken_removed,zero_byte
KDKRW_2025-10-10_30.77,broken_removed,zero_byte
KEQU_2025-06-26_35.97,broken_removed,zero_byte
KIDZ_2025-04-14_47.31,broken_removed,zero_byte
KIDZ_2025-05-01_372.17,broken_removed,zero_byte
KIDZ_2025-05-02_98.69,broken_removed,zero_byte
KITT_2025-01-03_148.43,broken_removed,zero_byte
KITT_2025-01-06_58.95,broken_removed,zero_byte
KMRK_2025-08-04_41.32,broken_removed,zero_byte
KMRK_2025-09-02_35.02,broken_removed,zero_byte
KOD_2025-09-22_71.04,broken_removed,zero_byte
KOPN_2025-01-23_39.46,broken_removed,zero_byte
KOSS_2025-07-23_50.44,broken_removed,zero_byte
KPLT_2025-01-16_73.93,broken_removed,zero_byte
KPLT_2025-09-02_32.67,broken_removed,zero_byte
KPRX_2025-06-03_46.67,broken_removed,zero_byte
KPTI_2025-08-15_48.39,broken_removed,zero_byte
KPTI_2025-09-23_34.87,broken_removed,zero_byte
KRKR_2025-01-29_205.65,broken_removed,zero_byte
KRKR_2025-09-08_307.63,broken_removed,zero_byte
KRUS_2025-04-09_39.51,broken_removed,zero_byte
KSCP_2025-04-15_46.67,broken_removed,zero_byte
KSS_2025-07-22_105.28,broken_removed,zero_byte
KTTA_2025-02-05_85.10,broken_removed,zero_byte
KTTA_2025-04-10_114.68,broken_removed,zero_byte
KTTA_2025-05-06_166.90,broken_removed,zero_byte
KTTA_2025-05-16_31.30,broken_removed,zero_byte
KWM_2025-06-04_236.97,broken_removed,zero_byte
KWM_2025-06-09_68.76,broken_removed,zero_byte
KWM_2025-06-10_53.90,broken_removed,zero_byte
KWM_2025-06-16_47.24,broken_removed,zero_byte
KXIN_2025-10-20_58.46,broken_removed,zero_byte
KXIN_2025-10-31_39.61,broken_removed,zero_byte
KYIV_2025-08-18_31.51,broken_removed,zero_byte
KYMR_2025-06-02_48.33,broken_removed,zero_byte
KYTX_2025-10-08_42.88,broken_removed,zero_byte
KZIA_2025-01-30_91.30,broken_removed,zero_byte
KZIA_2025-03-07_70.39,broken_removed,zero_byte
KZIA_2025-06-03_41.53,broken_removed,zero_byte
KZIA_2025-06-11_144.70,broken_removed,zero_byte
KZIA_2025-07-09_58.10,broken_removed,zero_byte
KZR_2025-10-17_53.48,broken_removed,zero_byte
LAB_2025-01-13_31.29,broken_removed,zero_byte
LAB_2025-06-23_51.43,broken_removed,zero_byte
LAC_2025-09-24_105.21,broken_removed,zero_byte
LAC_2025-10-01_32.22,broken_removed,zero_byte
LAC_2025-10-03_36.01,broken_removed,zero_byte
LAES_2025-01-15_43.44,broken_removed,zero_byte
LAES_2025-05-21_33.54,broken_removed,zero_byte
LAES_2025-10-09_40.14,broken_removed,zero_byte
LAES_2025-10-14_30.18,broken_removed,zero_byte
LANV_2025-03-11_31.58,broken_removed,zero_byte
LAR_2025-08-11_31.32,broken_removed,zero_byte
LASE_2025-07-08_37.66,broken_removed,zero_byte
LASE_2025-08-19_117.07,broken_removed,zero_byte
LASE_2025-08-25_30.57,broken_removed,zero_byte
LASE_2025-09-18_110.00,broken_removed,zero_byte
LASE_2025-09-22_33.10,broken_removed,zero_byte
LAZR_2025-01-06_30.48,broken_removed,zero_byte
LAZR_2025-03-21_35.35,broken_removed,zero_byte
LAZR_2025-10-24_34.91,broken_removed,zero_byte
LBGJ_2025-02-26_64.71,broken_removed,zero_byte
LCFY_2025-04-28_42.68,broken_removed,zero_byte
LCFY_2025-06-27_448.24,broken_removed,zero_byte
LCFY_2025-09-03_70.52,broken_removed,zero_byte
LCFYW_2025-01-03_46.19,broken_removed,zero_byte
LCFYW_2025-01-10_44.59,broken_removed,zero_byte
LCFYW_2025-01-13_60.46,broken_removed,zero_byte
LCID_2025-07-17_47.16,broken_removed,zero_byte
LDI_2025-09-05_30.70,broken_removed,zero_byte
LDI_2025-09-08_39.45,broken_removed,zero_byte
LEDS_2025-01-21_47.53,broken_removed,zero_byte
LEDS_2025-09-12_39.09,broken_removed,zero_byte
LEE_2025-09-16_53.76,broken_removed,zero_byte
LEG_2025-04-29_33.01,broken_removed,zero_byte
LEXX_2025-08-25_36.23,broken_removed,zero_byte
LEXXW_2025-01-10_114.75,broken_removed,zero_byte
LFMD_2025-03-11_36.07,broken_removed,zero_byte
LFMD_2025-04-29_42.46,broken_removed,zero_byte
LFS_2025-10-10_84.24,broken_removed,zero_byte
LFVN_2025-01-08_45.90,broken_removed,zero_byte
LFWD_2025-01-06_50.38,broken_removed,zero_byte
LFWD_2025-02-10_62.85,broken_removed,zero_byte
LFWD_2025-02-11_43.85,broken_removed,zero_byte
LFWD_2025-03-13_100.68,broken_removed,zero_byte
LGCB_2025-01-15_39.64,broken_removed,zero_byte
LGCB_2025-04-04_33.06,broken_removed,zero_byte
LGCB_2025-04-07_31.42,broken_removed,zero_byte
LGCB_2025-10-16_87.88,broken_removed,zero_byte
LGCL_2025-01-29_55.59,broken_removed,zero_byte
LGCL_2025-06-20_73.64,broken_removed,zero_byte
LGHL_2025-05-12_38.46,broken_removed,zero_byte
LGHL_2025-06-18_74.10,broken_removed,zero_byte
LGHL_2025-08-28_33.33,broken_removed,zero_byte
LGHL_2025-09-09_80.66,broken_removed,zero_byte
LGO_2025-10-13_34.99,broken_removed,zero_byte
LGVN_2025-07-08_33.33,broken_removed,zero_byte
LHAI_2025-07-25_130.91,broken_removed,zero_byte
LHAI_2025-08-06_47.72,broken_removed,zero_byte
LHSW_2025-04-09_30.43,broken_removed,zero_byte
LHSW_2025-05-19_30.15,broken_removed,zero_byte
LHSW_2025-06-25_33.33,broken_removed,zero_byte
LICN_2025-04-01_34.03,broken_removed,zero_byte
LICN_2025-04-09_52.32,broken_removed,zero_byte
LICN_2025-05-12_77.64,broken_removed,zero_byte
LICN_2025-05-13_137.93,broken_removed,zero_byte
LICN_2025-08-04_80.64,broken_removed,zero_byte
LIDR_2025-01-03_51.98,broken_removed,zero_byte
LIDR_2025-01-07_84.55,broken_removed,zero_byte
LINK_2025-06-23_33.19,broken_removed,zero_byte
LINK_2025-06-27_38.65,broken_removed,zero_byte
LINK_2025-09-17_35.29,broken_removed,zero_byte
LIQT_2025-07-22_44.66,broken_removed,zero_byte
LITB_2025-03-31_49.71,broken_removed,zero_byte
LITB_2025-09-04_43.75,broken_removed,zero_byte
LITM_2025-01-13_57.61,broken_removed,zero_byte
LITM_2025-01-21_34.85,broken_removed,zero_byte
LITM_2025-01-23_32.58,broken_removed,zero_byte
LITM_2025-02-04_30.04,broken_removed,zero_byte
LITM_2025-03-18_46.04,broken_removed,zero_byte
LITM_2025-03-21_32.91,broken_removed,zero_byte
LITM_2025-10-13_65.85,broken_removed,zero_byte
LIVE_2025-04-15_36.91,broken_removed,zero_byte
LIVE_2025-04-16_40.00,broken_removed,zero_byte
LIVE_2025-05-08_49.69,broken_removed,zero_byte
LIVE_2025-06-23_43.50,broken_removed,zero_byte
LIVE_2025-06-26_188.17,broken_removed,zero_byte
LIVE_2025-08-14_67.46,broken_removed,zero_byte
LIVE_2025-09-11_30.68,broken_removed,zero_byte
LIXT_2025-07-01_70.17,broken_removed,zero_byte
LIXT_2025-07-02_105.08,broken_removed,zero_byte
LIXT_2025-07-03_110.40,broken_removed,zero_byte
LIXT_2025-07-10_57.45,broken_removed,zero_byte
LMFA_2025-06-24_38.95,broken_removed,zero_byte
LMFA_2025-07-11_33.47,broken_removed,zero_byte
LMFA_2025-07-18_57.66,broken_removed,zero_byte
LMFA_2025-07-21_54.18,broken_removed,zero_byte
LMND_2025-08-05_33.24,broken_removed,zero_byte
LNKS_2025-06-04_60.32,broken_removed,zero_byte
LNSR_2025-02-27_33.37,broken_removed,zero_byte
LNZA_2025-02-18_43.22,broken_removed,zero_byte
LNZA_2025-03-31_63.93,broken_removed,zero_byte
LNZA_2025-04-01_32.18,broken_removed,zero_byte
LOCL_2025-04-03_42.38,broken_removed,zero_byte
LOCL_2025-04-04_68.44,broken_removed,zero_byte
LOCL_2025-07-28_31.99,broken_removed,zero_byte
LOCL_2025-09-17_48.46,broken_removed,zero_byte
LOMA_2025-10-27_40.89,broken_removed,zero_byte
LOOP_2025-06-04_83.20,broken_removed,zero_byte
LOOP_2025-07-28_31.62,broken_removed,zero_byte
LOT_2025-02-18_40.00,broken_removed,zero_byte
LPSN_2025-08-06_62.22,broken_removed,zero_byte
LPTH_2025-09-03_31.16,broken_removed,zero_byte
LRE_2025-06-26_30.25,broken_removed,zero_byte
LRE_2025-08-06_30.43,broken_removed,zero_byte
LRE_2025-09-15_90.32,broken_removed,zero_byte
LRE_2025-09-26_33.65,broken_removed,zero_byte
LRE_2025-10-23_40.00,broken_removed,zero_byte
LRHC_2025-01-08_56.58,broken_removed,zero_byte
LRMR_2025-10-01_36.22,broken_removed,zero_byte
LSE_2025-03-18_42.28,broken_removed,zero_byte
LSE_2025-03-19_92.92,broken_removed,zero_byte
LSE_2025-04-01_48.61,broken_removed,zero_byte
LSE_2025-06-16_86.27,broken_removed,zero_byte
LSE_2025-06-18_76.21,broken_removed,zero_byte
LSH_2025-05-12_46.42,broken_removed,zero_byte
LSH_2025-08-29_69.07,broken_removed,zero_byte
LTBR_2025-01-03_34.31,broken_removed,zero_byte
LTBR_2025-01-23_45.14,broken_removed,zero_byte
LTBR_2025-01-30_31.65,broken_removed,zero_byte
LTBR_2025-02-07_41.52,broken_removed,zero_byte
LTBR_2025-02-12_35.24,broken_removed,zero_byte
LTBR_2025-05-23_51.41,broken_removed,zero_byte
LTRN_2025-01-06_32.35,broken_removed,zero_byte
LTRN_2025-01-24_46.71,broken_removed,zero_byte
LUCD_2025-02-10_40.19,broken_removed,zero_byte
LUCY_2025-04-09_42.46,broken_removed,zero_byte
LUCY_2025-04-10_126.94,broken_removed,zero_byte
LUCY_2025-04-29_30.15,broken_removed,zero_byte
LUCY_2025-05-14_63.64,broken_removed,zero_byte
LUCY_2025-06-20_117.98,broken_removed,zero_byte
LUNG_2025-02-20_41.11,broken_removed,zero_byte
LUNG_2025-10-28_85.26,broken_removed,zero_byte
LUNR_2025-03-24_31.88,broken_removed,zero_byte
LUNR_2025-05-13_34.74,broken_removed,zero_byte
LVLU_2025-03-20_51.13,broken_removed,zero_byte
LVLU_2025-07-01_86.67,broken_removed,zero_byte
LVLU_2025-07-02_64.88,broken_removed,zero_byte
LVLU_2025-07-07_33.09,broken_removed,zero_byte
LVWR_2025-04-09_32.84,broken_removed,zero_byte
LVWR_2025-05-15_30.10,broken_removed,zero_byte
LVWR_2025-05-27_157.43,broken_removed,zero_byte
LVWR_2025-05-28_82.42,broken_removed,zero_byte
LVWR_2025-05-30_79.44,broken_removed,zero_byte
LVWR_2025-06-04_47.25,broken_removed,zero_byte
LXEH_2025-02-04_64.44,broken_removed,zero_byte
LXEH_2025-03-26_111.44,broken_removed,zero_byte
LXEH_2025-03-28_75.69,broken_removed,zero_byte
LXEH_2025-04-01_103.05,broken_removed,zero_byte
LYEL_2025-03-19_31.07,broken_removed,zero_byte
LYEL_2025-06-04_72.72,broken_removed,zero_byte
LYRA_2025-05-07_45.39,broken_removed,zero_byte
LYRA_2025-05-14_77.44,broken_removed,zero_byte
LYRA_2025-06-02_660.65,broken_removed,zero_byte
LYRA_2025-06-03_67.90,broken_removed,zero_byte
LZ_2025-05-08_31.03,broken_removed,zero_byte
LZ_2025-08-08_42.53,broken_removed,zero_byte
LZMH_2025-03-06_36.43,broken_removed,zero_byte
LZMH_2025-03-07_48.19,broken_removed,zero_byte
LZMH_2025-03-10_47.26,broken_removed,zero_byte
LZMH_2025-03-13_69.93,broken_removed,zero_byte
LZMH_2025-03-26_30.55,broken_removed,zero_byte
LZMH_2025-05-29_64.53,broken_removed,zero_byte
LZMH_2025-06-18_60.08,broken_removed,zero_byte
LZMH_2025-06-26_30.60,broken_removed,zero_byte
LZMH_2025-07-15_47.87,broken_removed,zero_byte
LZMH_2025-07-18_41.67,broken_removed,zero_byte
LZMH_2025-08-07_69.58,broken_removed,zero_byte
MAGH_2025-10-17_31.85,broken_removed,zero_byte
MAMK_2025-09-11_35.68,broken_removed,zero_byte
MAMK_2025-10-14_53.27,broken_removed,zero_byte
MAMK_2025-10-15_38.00,broken_removed,zero_byte
MAMK_2025-10-24_153.51,broken_removed,zero_byte
MAMK_2025-10-27_141.59,broken_removed,zero_byte
MAMK_2025-10-29_40.97,broken_removed,zero_byte
MAPS_2025-08-11_30.86,broken_removed,zero_byte
MARPS_2025-06-16_51.05,broken_removed,zero_byte
MARPS_2025-06-17_31.73,broken_removed,zero_byte
MASK_2025-08-19_37.78,broken_removed,zero_byte
MASK_2025-08-26_67.42,broken_removed,zero_byte
MASS_2025-01-15_56.06,broken_removed,zero_byte
MASS_2025-03-04_102.02,broken_removed,zero_byte
MASS_2025-03-12_38.73,broken_removed,zero_byte
MATV_2025-08-07_36.94,broken_removed,zero_byte
MAZE_2025-07-08_30.27,broken_removed,zero_byte
MAZE_2025-09-11_59.18,broken_removed,zero_byte
MB_2025-04-14_67.81,broken_removed,zero_byte
MB_2025-06-06_65.88,broken_removed,zero_byte
MB_2025-06-11_34.71,broken_removed,zero_byte
MB_2025-07-10_58.45,broken_removed,zero_byte
MB_2025-08-18_139.44,broken_removed,zero_byte
MB_2025-08-28_46.48,broken_removed,zero_byte
MBAVW_2025-05-27_260.00,broken_removed,zero_byte
MBAVW_2025-06-11_50.00,broken_removed,zero_byte
MBIO_2025-01-24_37.75,broken_removed,zero_byte
MBIO_2025-01-28_61.06,broken_removed,zero_byte
MBIO_2025-07-01_123.01,broken_removed,zero_byte
MBOT_2025-01-03_97.37,broken_removed,zero_byte
MBOT_2025-01-06_57.94,broken_removed,zero_byte
MBOT_2025-01-22_31.31,broken_removed,zero_byte
MBOT_2025-04-09_51.80,broken_removed,zero_byte
MBOT_2025-04-11_32.96,broken_removed,zero_byte
MCRB_2025-01-22_30.26,broken_removed,zero_byte
MCRI_2025-07-17_30.36,broken_removed,zero_byte
MCTA_2025-10-27_30.50,broken_removed,zero_byte
MDB_2025-08-27_38.69,broken_removed,zero_byte
MDCX_2025-03-12_31.80,broken_removed,zero_byte
MDCX_2025-05-12_30.94,broken_removed,zero_byte
MDCXW_2025-01-06_47.06,broken_removed,zero_byte
MDCXW_2025-01-07_103.49,broken_removed,zero_byte
MDCXW_2025-01-21_144.17,broken_removed,zero_byte
MDCXW_2025-02-06_31.01,broken_removed,zero_byte
MDCXW_2025-03-05_54.55,broken_removed,zero_byte
MDCXW_2025-04-15_159.37,broken_removed,zero_byte
MDCXW_2025-05-12_59.55,broken_removed,zero_byte
MDCXW_2025-05-14_74.24,broken_removed,zero_byte
MDCXW_2025-05-15_33.72,broken_removed,zero_byte
MDCXW_2025-05-16_94.98,broken_removed,zero_byte
MDIA_2025-06-10_55.34,broken_removed,zero_byte
MDIA_2025-07-07_32.73,broken_removed,zero_byte
MEDP_2025-07-22_62.30,broken_removed,zero_byte
MEG_2025-02-27_35.21,broken_removed,zero_byte
MEG_2025-05-08_50.23,broken_removed,zero_byte
MEG_2025-08-07_41.53,broken_removed,zero_byte
MEGL_2025-01-06_145.51,broken_removed,zero_byte
MEGL_2025-02-24_74.86,broken_removed,zero_byte
MEGL_2025-05-07_84.75,broken_removed,zero_byte
MENS_2025-08-08_35.77,broken_removed,zero_byte
MENS_2025-10-01_32.58,broken_removed,zero_byte
MESO_2025-07-18_30.23,broken_removed,zero_byte
METC_2025-03-11_39.76,broken_removed,zero_byte
METC_2025-07-10_36.45,broken_removed,zero_byte
METCB_2025-08-14_31.38,broken_removed,zero_byte
METU_2025-04-09_30.04,broken_removed,zero_byte
MFI_2025-01-03_117.09,broken_removed,zero_byte
MFI_2025-02-25_110.11,broken_removed,zero_byte
MFI_2025-05-30_30.28,broken_removed,zero_byte
MFI_2025-06-02_55.63,broken_removed,zero_byte
MGIH_2025-01-14_65.90,broken_removed,zero_byte
MGIH_2025-02-21_33.33,broken_removed,zero_byte
MGIH_2025-09-08_204.40,broken_removed,zero_byte
MGIH_2025-09-09_99.12,broken_removed,zero_byte
MGIH_2025-09-11_30.86,broken_removed,zero_byte
MGIH_2025-09-12_30.37,broken_removed,zero_byte
MGNX_2025-06-10_32.32,broken_removed,zero_byte
MGRT_2025-07-29_57.89,broken_removed,zero_byte
MGRT_2025-08-01_46.34,broken_removed,zero_byte
MGRT_2025-08-06_34.25,broken_removed,zero_byte
MGRT_2025-09-12_30.68,broken_removed,zero_byte
MGRT_2025-10-17_37.79,broken_removed,zero_byte
MGRT_2025-10-28_38.94,broken_removed,zero_byte
MGRX_2025-07-18_31.65,broken_removed,zero_byte
MGTX_2025-03-13_32.45,broken_removed,zero_byte
MGX_2025-01-22_47.06,broken_removed,zero_byte
MHUA_2025-05-12_38.71,broken_removed,zero_byte
MIGI_2025-04-25_38.59,broken_removed,zero_byte
MIGI_2025-05-12_30.21,broken_removed,zero_byte
MIGI_2025-10-01_30.64,broken_removed,zero_byte
MIGI_2025-10-02_66.79,broken_removed,zero_byte
MIGI_2025-10-15_100.20,broken_removed,zero_byte
MIGI_2025-10-16_34.97,broken_removed,zero_byte
MIMI_2025-09-10_55.39,broken_removed,zero_byte
MIND_2025-04-23_36.95,broken_removed,zero_byte
MIND_2025-06-23_38.83,broken_removed,zero_byte
MIRA_2025-03-13_32.80,broken_removed,zero_byte
MIRA_2025-04-16_48.24,broken_removed,zero_byte
MIRA_2025-07-14_31.25,broken_removed,zero_byte
MIRA_2025-10-16_85.61,broken_removed,zero_byte
MKDW_2025-04-07_605.88,broken_removed,zero_byte
MKTW_2025-03-03_37.91,broken_removed,zero_byte
MKTW_2025-04-11_42.59,broken_removed,zero_byte
MKZR_2025-01-03_52.49,broken_removed,zero_byte
MKZR_2025-02-13_51.78,broken_removed,zero_byte
MKZR_2025-07-23_122.37,broken_removed,zero_byte
MLEC_2025-02-26_30.77,broken_removed,zero_byte
MLGO_2025-01-27_58.55,broken_removed,zero_byte
MLGO_2025-02-21_918.26,broken_removed,zero_byte
MLYS_2025-03-10_73.86,broken_removed,zero_byte
MLYS_2025-09-02_94.70,broken_removed,zero_byte
MNDR_2025-02-12_37.35,broken_removed,zero_byte
MNDR_2025-02-20_203.67,broken_removed,zero_byte
MNDR_2025-03-03_33.81,broken_removed,zero_byte
MNDR_2025-08-13_68.54,broken_removed,zero_byte
MNDY_2025-02-10_32.68,broken_removed,zero_byte
MNKD_2025-09-02_35.05,broken_removed,zero_byte
MNOV_2025-10-31_64.71,broken_removed,zero_byte
MNRO_2025-05-28_40.56,broken_removed,zero_byte
MNTN_2025-05-22_144.36,broken_removed,zero_byte
MNTS_2025-01-21_35.54,broken_removed,zero_byte
MNTS_2025-02-10_67.11,broken_removed,zero_byte
MNTS_2025-03-19_31.94,broken_removed,zero_byte
MNTS_2025-06-09_42.60,broken_removed,zero_byte
MNTS_2025-06-30_34.75,broken_removed,zero_byte
MNTS_2025-08-13_119.82,broken_removed,zero_byte
MNTS_2025-10-14_34.96,broken_removed,zero_byte
MNY_2025-07-15_38.32,broken_removed,zero_byte
MNY_2025-07-16_37.80,broken_removed,zero_byte
MOBBW_2025-08-25_47.77,broken_removed,zero_byte
MOBBW_2025-09-05_35.71,broken_removed,zero_byte
MOBBW_2025-09-11_38.29,broken_removed,zero_byte
MOBBW_2025-10-15_40.79,broken_removed,zero_byte
MOBBW_2025-10-17_37.59,broken_removed,zero_byte
MOBBW_2025-10-20_35.65,broken_removed,zero_byte
MOBX_2025-01-22_41.53,broken_removed,zero_byte
MOBX_2025-07-21_56.79,broken_removed,zero_byte
MOBX_2025-08-28_42.11,broken_removed,zero_byte
MODD_2025-04-08_30.00,broken_removed,zero_byte
MODD_2025-09-12_42.82,broken_removed,zero_byte
MOFG_2025-10-24_39.74,broken_removed,zero_byte
MOGO_2025-05-02_34.68,broken_removed,zero_byte
MOGO_2025-05-13_173.93,broken_removed,zero_byte
MOGO_2025-07-02_216.53,broken_removed,zero_byte
MOGU_2025-09-11_224.00,broken_removed,zero_byte
MOLN_2025-08-25_30.79,broken_removed,zero_byte
MOVE_2025-05-13_47.98,broken_removed,zero_byte
MOVE_2025-07-15_33.50,broken_removed,zero_byte
MOVE_2025-08-22_30.54,broken_removed,zero_byte
MOVE_2025-08-29_112.11,broken_removed,zero_byte
MOVE_2025-09-03_43.17,broken_removed,zero_byte
MP_2025-07-10_60.22,broken_removed,zero_byte
MPAA_2025-02-10_33.91,broken_removed,zero_byte
MRAL_2025-03-24_36.48,broken_removed,zero_byte
MRAL_2025-04-09_41.37,broken_removed,zero_byte
MRAL_2025-04-22_30.41,broken_removed,zero_byte
MRAL_2025-09-29_32.12,broken_removed,zero_byte
MRKR_2025-03-05_51.45,broken_removed,zero_byte
MRKR_2025-03-10_32.67,broken_removed,zero_byte
MRKR_2025-05-30_50.40,broken_removed,zero_byte
MRKR_2025-07-17_154.38,broken_removed,zero_byte
MRM_2025-04-09_100.35,broken_removed,zero_byte
MRM_2025-04-10_56.25,broken_removed,zero_byte
MRM_2025-05-20_75.94,broken_removed,zero_byte
MRM_2025-05-21_56.15,broken_removed,zero_byte
MRM_2025-08-08_194.16,broken_removed,zero_byte
MRM_2025-09-08_33.54,broken_removed,zero_byte
MRM_2025-09-26_206.90,broken_removed,zero_byte
MRSN_2025-01-24_32.40,broken_removed,zero_byte
MRUS_2025-05-23_38.10,broken_removed,zero_byte
MRUS_2025-09-29_37.26,broken_removed,zero_byte
MRVI_2025-08-12_31.07,broken_removed,zero_byte
MSAI_2025-01-07_66.50,broken_removed,zero_byte
MSAI_2025-02-18_34.48,broken_removed,zero_byte
MSAI_2025-10-23_109.21,broken_removed,zero_byte
MSAI_2025-10-29_67.24,broken_removed,zero_byte
MSAI_2025-10-30_63.37,broken_removed,zero_byte
MSAI_2025-10-31_81.82,broken_removed,zero_byte
MSC_2025-07-01_44.25,broken_removed,zero_byte
MSC_2025-08-07_41.94,broken_removed,zero_byte
MSGM_2025-04-16_33.33,broken_removed,zero_byte
MSGM_2025-04-17_176.79,broken_removed,zero_byte
MSGY_2025-07-09_59.25,broken_removed,zero_byte
MSGY_2025-07-18_34.65,broken_removed,zero_byte
MSGY_2025-07-23_33.50,broken_removed,zero_byte
MSGY_2025-09-04_48.25,broken_removed,zero_byte
MSPR_2025-02-06_72.32,broken_removed,zero_byte
MSPR_2025-04-11_175.78,broken_removed,zero_byte
MSPR_2025-09-05_56.25,broken_removed,zero_byte
MSS_2025-01-06_60.00,broken_removed,zero_byte
MSS_2025-09-08_52.70,broken_removed,zero_byte
MTC_2025-04-10_32.15,broken_removed,zero_byte
MTC_2025-08-11_35.24,broken_removed,zero_byte
MTC_2025-09-10_83.69,broken_removed,zero_byte
MTEKW_2025-01-06_47.75,broken_removed,zero_byte
MTEN_2025-03-14_47.70,broken_removed,zero_byte
MTEN_2025-03-17_45.25,broken_removed,zero_byte
MTEN_2025-04-07_34.33,broken_removed,zero_byte
MTEN_2025-04-21_48.34,broken_removed,zero_byte
MTEN_2025-05-06_57.46,broken_removed,zero_byte
MTEN_2025-07-10_104.86,broken_removed,zero_byte
MTEN_2025-07-11_31.50,broken_removed,zero_byte
MTR_2025-06-13_33.59,broken_removed,zero_byte
MTR_2025-06-18_59.69,broken_removed,zero_byte
MTVA_2025-09-15_148.58,broken_removed,zero_byte
MULL_2025-04-09_38.53,broken_removed,zero_byte
MURA_2025-04-15_211.64,broken_removed,zero_byte
MUU_2025-04-09_39.29,broken_removed,zero_byte
MVIS_2025-02-19_36.09,broken_removed,zero_byte
MVLL_2025-04-09_44.63,broken_removed,zero_byte
MVST_2025-01-10_53.48,broken_removed,zero_byte
MVST_2025-04-01_38.46,broken_removed,zero_byte
MVST_2025-05-13_44.98,broken_removed,zero_byte
MWYN_2025-05-09_33.11,broken_removed,zero_byte
MWYN_2025-05-12_33.33,broken_removed,zero_byte
MWYN_2025-05-21_32.48,broken_removed,zero_byte
MYNZ_2025-01-30_30.69,broken_removed,zero_byte
MYSZ_2025-03-28_46.03,broken_removed,zero_byte
MYSZ_2025-03-31_69.83,broken_removed,zero_byte
NA_2025-06-04_88.65,broken_removed,zero_byte
NA_2025-06-09_77.42,broken_removed,zero_byte
NA_2025-06-24_189.07,broken_removed,zero_byte
NAAS_2025-02-21_81.29,broken_removed,zero_byte
NAAS_2025-04-28_91.33,broken_removed,zero_byte
NAKA_2025-05-27_30.30,broken_removed,zero_byte
NAKA_2025-06-11_74.14,broken_removed,zero_byte
NB_2025-04-14_30.58,broken_removed,zero_byte
NB_2025-04-16_43.55,broken_removed,zero_byte
NBIS_2025-09-09_54.04,broken_removed,zero_byte
NBTX_2025-10-08_32.43,broken_removed,zero_byte
NCEW_2025-03-20_35.87,broken_removed,zero_byte
NCEW_2025-05-07_78.03,broken_removed,zero_byte
NCEW_2025-06-03_57.14,broken_removed,zero_byte
NCEW_2025-06-24_43.78,broken_removed,zero_byte
NCEW_2025-08-26_40.57,broken_removed,zero_byte
NCI_2025-01-03_40.90,broken_removed,zero_byte
NCI_2025-02-25_41.67,broken_removed,zero_byte
NCI_2025-05-20_32.00,broken_removed,zero_byte
NCI_2025-06-16_32.71,broken_removed,zero_byte
NCI_2025-09-04_64.44,broken_removed,zero_byte
NCI_2025-10-27_31.84,broken_removed,zero_byte
NCNA_2025-03-27_32.53,broken_removed,zero_byte
NCNA_2025-05-05_171.62,broken_removed,zero_byte
NCNA_2025-05-14_47.72,broken_removed,zero_byte
NCNA_2025-05-15_93.93,broken_removed,zero_byte
NCNA_2025-06-03_57.63,broken_removed,zero_byte
NCPL_2025-05-30_38.08,broken_removed,zero_byte
NCPL_2025-06-16_48.12,broken_removed,zero_byte
NCPL_2025-06-20_48.58,broken_removed,zero_byte
NCPL_2025-06-30_32.92,broken_removed,zero_byte
NCRA_2025-01-14_32.51,broken_removed,zero_byte
NCRA_2025-05-07_48.15,broken_removed,zero_byte
NCRA_2025-05-27_45.82,broken_removed,zero_byte
NCSM_2025-03-17_32.45,broken_removed,zero_byte
NCT_2025-04-15_53.68,broken_removed,zero_byte
NCT_2025-04-22_32.09,broken_removed,zero_byte
NCT_2025-08-20_84.08,broken_removed,zero_byte
NCT_2025-09-16_46.15,broken_removed,zero_byte
NDLS_2025-01-24_32.10,broken_removed,zero_byte
NDLS_2025-10-22_73.64,broken_removed,zero_byte
NDRA_2025-04-07_73.73,broken_removed,zero_byte
NDRA_2025-04-17_66.57,broken_removed,zero_byte
NDRA_2025-04-29_44.19,broken_removed,zero_byte
NDRA_2025-07-08_246.00,broken_removed,zero_byte
NDRA_2025-10-13_52.01,broken_removed,zero_byte
NE.WS_2025-02-25_30.49,broken_removed,zero_byte
NE.WS.A_2025-04-07_33.10,broken_removed,zero_byte
NE.WS.A_2025-04-09_69.91,broken_removed,zero_byte
NEGG_2025-05-14_70.19,broken_removed,zero_byte
NEGG_2025-06-05_111.62,broken_removed,zero_byte
NEGG_2025-06-09_67.79,broken_removed,zero_byte
NEGG_2025-06-30_35.02,broken_removed,zero_byte
NEON_2025-06-13_80.18,broken_removed,zero_byte
NEON_2025-06-16_34.56,broken_removed,zero_byte
NEOVW_2025-01-30_49.19,broken_removed,zero_byte
NEOVW_2025-02-11_86.09,broken_removed,zero_byte
NEOVW_2025-04-10_60.00,broken_removed,zero_byte
NEOVW_2025-04-15_35.58,broken_removed,zero_byte
NEOVW_2025-08-15_50.45,broken_removed,zero_byte
NERV_2025-08-15_33.70,broken_removed,zero_byte
NERV_2025-10-08_50.91,broken_removed,zero_byte
NERV_2025-10-21_368.42,broken_removed,zero_byte
NEUP_2025-01-24_259.60,broken_removed,zero_byte
NEUP_2025-08-27_39.54,broken_removed,zero_byte
NEUP_2025-10-03_34.29,broken_removed,zero_byte
NEUP_2025-10-24_108.40,broken_removed,zero_byte
NEXN_2025-03-05_30.05,broken_removed,zero_byte
NFE_2025-04-09_30.07,broken_removed,zero_byte
NFE_2025-06-30_40.40,broken_removed,zero_byte
NFE_2025-09-16_45.29,broken_removed,zero_byte
NFE_2025-09-17_42.50,broken_removed,zero_byte
NFE_2025-09-22_31.62,broken_removed,zero_byte
NGNE_2025-02-05_31.29,broken_removed,zero_byte
NGNE_2025-07-01_41.74,broken_removed,zero_byte
NGVC_2025-05-09_32.64,broken_removed,zero_byte
NINE_2025-01-21_49.15,broken_removed,zero_byte
NINE_2025-06-18_50.50,broken_removed,zero_byte
NINE_2025-06-23_50.49,broken_removed,zero_byte
NIOBW_2025-09-25_31.47,broken_removed,zero_byte
NIOBW_2025-10-03_45.90,broken_removed,zero_byte
NIOBW_2025-10-06_35.51,broken_removed,zero_byte
NIOBW_2025-10-13_34.06,broken_removed,zero_byte
NIOBW_2025-10-20_43.52,broken_removed,zero_byte
NIPG_2025-02-06_38.89,broken_removed,zero_byte
NIPG_2025-03-14_64.00,broken_removed,zero_byte
NIPG_2025-03-17_37.72,broken_removed,zero_byte
NIPG_2025-03-20_30.91,broken_removed,zero_byte
NITO_2025-01-03_226.17,broken_removed,zero_byte
NITO_2025-01-08_97.08,broken_removed,zero_byte
NITO_2025-01-23_90.06,broken_removed,zero_byte
NITO_2025-02-26_34.11,broken_removed,zero_byte
NITO_2025-03-07_30.00,broken_removed,zero_byte
NITO_2025-05-02_68.22,broken_removed,zero_byte
NITO_2025-05-05_196.82,broken_removed,zero_byte
NITO_2025-05-09_39.50,broken_removed,zero_byte
NITO_2025-07-24_32.79,broken_removed,zero_byte
NITO_2025-10-07_66.67,broken_removed,zero_byte
NIVF_2025-02-06_52.13,broken_removed,zero_byte
NIVF_2025-02-12_33.17,broken_removed,zero_byte
NIVF_2025-02-19_31.80,broken_removed,zero_byte
NIVF_2025-03-05_52.00,broken_removed,zero_byte
NIVF_2025-04-03_151.27,broken_removed,zero_byte
NIVF_2025-05-02_74.55,broken_removed,zero_byte
NIVF_2025-05-05_42.52,broken_removed,zero_byte
NIVF_2025-05-06_40.11,broken_removed,zero_byte
NIVF_2025-06-02_117.33,broken_removed,zero_byte
NIVF_2025-06-03_256.40,broken_removed,zero_byte
NIVF_2025-10-16_57.46,broken_removed,zero_byte
NIXX_2025-02-24_39.80,broken_removed,zero_byte
NIXX_2025-02-27_62.03,broken_removed,zero_byte
NKTR_2025-04-11_30.23,broken_removed,zero_byte
NKTR_2025-06-10_32.54,broken_removed,zero_byte
NKTR_2025-06-24_190.15,broken_removed,zero_byte
NKTR_2025-06-25_52.88,broken_removed,zero_byte
NKTX_2025-03-27_70.80,broken_removed,zero_byte
NMAX_2025-04-01_217.33,broken_removed,zero_byte
NMAX_2025-04-03_43.66,broken_removed,zero_byte
NMAX_2025-04-07_42.11,broken_removed,zero_byte
NMG_2025-10-13_72.16,broken_removed,zero_byte
NMRA_2025-06-09_31.37,broken_removed,zero_byte
NMRA_2025-07-09_30.86,broken_removed,zero_byte
NMRA_2025-07-11_33.02,broken_removed,zero_byte
NMRA_2025-10-23_49.12,broken_removed,zero_byte
NNAVW_2025-03-05_35.18,broken_removed,zero_byte
NNAVW_2025-03-13_38.23,broken_removed,zero_byte
NNAVW_2025-03-26_37.31,broken_removed,zero_byte
NNAVW_2025-03-28_48.09,broken_removed,zero_byte
NNBR_2025-01-14_94.58,broken_removed,zero_byte
NNE_2025-01-21_30.72,broken_removed,zero_byte
NNE_2025-05-23_35.04,broken_removed,zero_byte
NNNN_2025-06-20_60.03,broken_removed,zero_byte
NNNN_2025-06-25_49.09,broken_removed,zero_byte
NNNN_2025-10-03_102.09,broken_removed,zero_byte
NOTE_2025-02-10_31.64,broken_removed,zero_byte
NPACW_2025-06-20_31.58,broken_removed,zero_byte
NPT_2025-10-27_52.44,broken_removed,zero_byte
NPT_2025-10-29_37.40,broken_removed,zero_byte
NPWR_2025-05-29_44.00,broken_removed,zero_byte
NPWR_2025-06-06_39.07,broken_removed,zero_byte
NPWR_2025-10-08_39.03,broken_removed,zero_byte
NPWR.WS_2025-10-06_66.62,broken_removed,zero_byte
NPWR.WS_2025-10-08_42.05,broken_removed,zero_byte
NRGV_2025-05-12_50.41,broken_removed,zero_byte
NRGV_2025-07-24_37.82,broken_removed,zero_byte
NRGV_2025-08-07_44.44,broken_removed,zero_byte
NRSN_2025-09-10_69.23,broken_removed,zero_byte
NRSNW_2025-01-14_107.84,broken_removed,zero_byte
NRSNW_2025-07-31_31.58,broken_removed,zero_byte
NRXP_2025-01-06_41.26,broken_removed,zero_byte
NRXP_2025-01-07_38.18,broken_removed,zero_byte
NRXP_2025-01-10_30.85,broken_removed,zero_byte
NRXP_2025-01-28_34.39,broken_removed,zero_byte
NSYS_2025-05-07_34.96,broken_removed,zero_byte
NSYS_2025-06-23_32.00,broken_removed,zero_byte
NTCL_2025-01-08_38.42,broken_removed,zero_byte
NTCL_2025-01-28_36.38,broken_removed,zero_byte
NTCL_2025-03-07_31.00,broken_removed,zero_byte
NTCL_2025-04-04_68.57,broken_removed,zero_byte
NTCL_2025-05-06_290.29,broken_removed,zero_byte
NTCL_2025-05-07_56.97,broken_removed,zero_byte
NTCL_2025-05-29_32.00,broken_removed,zero_byte
NTCL_2025-06-10_47.14,broken_removed,zero_byte
NTCL_2025-06-20_46.26,broken_removed,zero_byte
NTCL_2025-07-21_30.00,broken_removed,zero_byte
NTCL_2025-07-29_30.91,broken_removed,zero_byte
NTCL_2025-08-11_31.50,broken_removed,zero_byte
NTHI_2025-03-28_75.00,broken_removed,zero_byte
NTLA_2025-09-18_31.99,broken_removed,zero_byte
NTRB_2025-01-22_57.01,broken_removed,zero_byte
NTRB_2025-01-23_60.49,broken_removed,zero_byte
NTRB_2025-02-07_32.83,broken_removed,zero_byte
NTRB_2025-04-30_42.78,broken_removed,zero_byte
NTRB_2025-06-02_31.54,broken_removed,zero_byte
NTRB_2025-07-02_45.61,broken_removed,zero_byte
NTRBW_2025-01-22_67.44,broken_removed,zero_byte
NTRBW_2025-01-23_180.75,broken_removed,zero_byte
NTRBW_2025-01-30_45.40,broken_removed,zero_byte
NTRBW_2025-01-31_43.18,broken_removed,zero_byte
NTRBW_2025-02-04_37.64,broken_removed,zero_byte
NTRBW_2025-02-07_42.94,broken_removed,zero_byte
NTRBW_2025-02-24_179.02,broken_removed,zero_byte
NTRBW_2025-02-25_37.93,broken_removed,zero_byte
NTRBW_2025-02-26_35.06,broken_removed,zero_byte
NTRBW_2025-02-27_30.43,broken_removed,zero_byte
NTRBW_2025-03-04_46.46,broken_removed,zero_byte
NTRBW_2025-03-05_48.70,broken_removed,zero_byte
NTRBW_2025-03-06_43.54,broken_removed,zero_byte
NTRP_2025-02-12_30.30,broken_removed,zero_byte
NTRP_2025-05-02_85.80,broken_removed,zero_byte
NUKK_2025-01-06_46.22,broken_removed,zero_byte
NUKK_2025-01-15_43.16,broken_removed,zero_byte
NUKK_2025-01-17_94.11,broken_removed,zero_byte
NUKK_2025-02-26_34.89,broken_removed,zero_byte
NUKK_2025-05-21_35.10,broken_removed,zero_byte
NUKK_2025-06-13_42.57,broken_removed,zero_byte
NUKK_2025-08-26_125.71,broken_removed,zero_byte
NUS_2025-02-14_56.39,broken_removed,zero_byte
NUTX_2025-04-01_55.20,broken_removed,zero_byte
NUTX_2025-05-14_44.52,broken_removed,zero_byte
NUWE_2025-01-30_47.79,broken_removed,zero_byte
NUWE_2025-06-11_150.09,broken_removed,zero_byte
NUWE_2025-07-16_276.36,broken_removed,zero_byte
NUWE_2025-10-30_31.15,broken_removed,zero_byte
NVA_2025-10-13_36.01,broken_removed,zero_byte
NVA_2025-10-14_138.29,broken_removed,zero_byte
NVA_2025-10-16_39.07,broken_removed,zero_byte
NVAX_2025-05-19_30.46,broken_removed,zero_byte
NVD_2025-01-27_36.29,broken_removed,zero_byte
NVDG_2025-04-09_37.64,broken_removed,zero_byte
NVDL_2025-04-09_37.76,broken_removed,zero_byte
NVDU_2025-04-09_38.24,broken_removed,zero_byte
NVNI_2025-01-24_293.96,broken_removed,zero_byte
NVNI_2025-01-27_55.91,broken_removed,zero_byte
NVNI_2025-01-28_38.57,broken_removed,zero_byte
NVNI_2025-01-29_42.72,broken_removed,zero_byte
NVNI_2025-02-24_61.35,broken_removed,zero_byte
NVNI_2025-03-07_41.46,broken_removed,zero_byte
NVNI_2025-03-14_33.58,broken_removed,zero_byte
NVNI_2025-03-26_43.25,broken_removed,zero_byte
NVNI_2025-03-27_40.29,broken_removed,zero_byte
NVNI_2025-04-29_52.55,broken_removed,zero_byte
NVVE_2025-01-28_59.05,broken_removed,zero_byte
NVVE_2025-02-04_80.15,broken_removed,zero_byte
NVVE_2025-02-28_109.16,broken_removed,zero_byte
NVVE_2025-05-08_49.99,broken_removed,zero_byte
NVVE_2025-05-09_211.40,broken_removed,zero_byte
NVVE_2025-05-29_34.29,broken_removed,zero_byte
NVVE_2025-06-02_47.54,broken_removed,zero_byte
NVX_2025-07-15_31.08,broken_removed,zero_byte
NVX_2025-07-17_32.81,broken_removed,zero_byte
NVX_2025-07-21_30.76,broken_removed,zero_byte
NVX_2025-10-03_40.63,broken_removed,zero_byte
NXL_2025-08-22_68.49,broken_removed,zero_byte
NXL_2025-10-08_113.17,broken_removed,zero_byte
NXPL_2025-01-06_114.95,broken_removed,zero_byte
NXPL_2025-10-15_36.97,broken_removed,zero_byte
NXPL_2025-10-30_31.84,broken_removed,zero_byte
NXTC_2025-04-15_41.03,broken_removed,zero_byte
NXTC_2025-10-17_51.38,broken_removed,zero_byte
OBLG_2025-04-22_105.61,broken_removed,zero_byte
OBLG_2025-06-09_45.16,broken_removed,zero_byte
OCC_2025-07-08_45.86,broken_removed,zero_byte
OCC_2025-07-14_44.01,broken_removed,zero_byte
OCC_2025-09-11_41.56,broken_removed,zero_byte
OCG_2025-03-27_40.93,broken_removed,zero_byte
OCG_2025-03-28_45.74,broken_removed,zero_byte
OCG_2025-05-07_50.00,broken_removed,zero_byte
OCG_2025-08-26_50.52,broken_removed,zero_byte
OCSAW_2025-01-10_41.58,broken_removed,zero_byte
ODD_2025-04-30_31.71,broken_removed,zero_byte
ODP_2025-05-07_34.19,broken_removed,zero_byte
ODYS_2025-06-27_41.05,broken_removed,zero_byte
OFAL_2025-05-27_54.28,broken_removed,zero_byte
OFAL_2025-07-11_35.96,broken_removed,zero_byte
OFAL_2025-07-23_39.88,broken_removed,zero_byte
OFAL_2025-09-10_40.00,broken_removed,zero_byte
OKLL_2025-07-24_30.39,broken_removed,zero_byte
OKLL_2025-09-15_31.93,broken_removed,zero_byte
OKLL_2025-09-18_32.54,broken_removed,zero_byte
OKLL_2025-09-19_59.98,broken_removed,zero_byte
OKLL_2025-10-06_31.05,broken_removed,zero_byte
OKLL_2025-10-10_33.22,broken_removed,zero_byte
OKLL_2025-10-13_38.66,broken_removed,zero_byte
OKLO_2025-05-23_31.34,broken_removed,zero_byte
OKLO_2025-06-11_31.16,broken_removed,zero_byte
OKLO_2025-09-19_30.07,broken_removed,zero_byte
OKYO_2025-01-29_42.86,broken_removed,zero_byte
OLB_2025-04-25_47.70,broken_removed,zero_byte
OLMA_2025-09-05_32.91,broken_removed,zero_byte
OM_2025-03-20_40.33,broken_removed,zero_byte
OM_2025-05-08_39.69,broken_removed,zero_byte
OM_2025-08-07_30.60,broken_removed,zero_byte
OMER_2025-10-15_195.12,broken_removed,zero_byte
OMEX_2025-04-24_165.32,broken_removed,zero_byte
OMEX_2025-04-25_111.24,broken_removed,zero_byte
OMEX_2025-04-28_38.41,broken_removed,zero_byte
OMEX_2025-10-06_40.29,broken_removed,zero_byte
OMH_2025-04-17_74.47,broken_removed,zero_byte
OMH_2025-04-29_96.06,broken_removed,zero_byte
OMH_2025-04-30_42.90,broken_removed,zero_byte
OMH_2025-05-19_55.09,broken_removed,zero_byte
OMH_2025-06-09_438.53,broken_removed,zero_byte
OMH_2025-09-10_44.14,broken_removed,zero_byte
OMI_2025-02-28_42.67,broken_removed,zero_byte
OMSE_2025-10-06_32.02,broken_removed,zero_byte
ONCHW_2025-09-17_42.11,broken_removed,zero_byte
ONCHW_2025-09-22_46.67,broken_removed,zero_byte
ONCO_2025-01-03_42.84,broken_removed,zero_byte
ONCO_2025-01-13_49.02,broken_removed,zero_byte
ONCO_2025-01-27_116.67,broken_removed,zero_byte
ONCO_2025-03-27_41.13,broken_removed,zero_byte
ONCO_2025-04-08_47.36,broken_removed,zero_byte
ONCO_2025-05-14_130.00,broken_removed,zero_byte
ONCO_2025-05-16_68.90,broken_removed,zero_byte
ONCO_2025-07-31_42.99,broken_removed,zero_byte
ONDS_2025-03-11_62.31,broken_removed,zero_byte
ONEG_2025-03-03_31.03,broken_removed,zero_byte
ONEG_2025-05-06_43.29,broken_removed,zero_byte
ONEG_2025-05-07_56.43,broken_removed,zero_byte
ONEG_2025-06-18_35.17,broken_removed,zero_byte
ONEG_2025-06-30_118.18,broken_removed,zero_byte
ONEG_2025-08-11_51.16,broken_removed,zero_byte
ONEW_2025-01-30_31.27,broken_removed,zero_byte
ONFO_2025-04-02_50.00,broken_removed,zero_byte
ONFO_2025-06-24_48.00,broken_removed,zero_byte
ONFO_2025-09-15_72.57,broken_removed,zero_byte
ONMD_2025-08-14_149.98,broken_removed,zero_byte
ONMD_2025-10-06_256.31,broken_removed,zero_byte
ONMD_2025-10-10_58.05,broken_removed,zero_byte
OPAD_2025-07-16_39.74,broken_removed,zero_byte
OPAD_2025-07-17_69.83,broken_removed,zero_byte
OPAD_2025-07-21_131.31,broken_removed,zero_byte
OPAD_2025-08-25_220.13,broken_removed,zero_byte
OPEN_2025-07-16_43.26,broken_removed,zero_byte
OPEN_2025-07-17_35.57,broken_removed,zero_byte
OPTX_2025-03-04_31.53,broken_removed,zero_byte
OPTX_2025-04-15_41.82,broken_removed,zero_byte
OPTX_2025-04-22_38.71,broken_removed,zero_byte
ORBS_2025-09-12_33.03,broken_removed,zero_byte
ORBS_2025-09-18_46.96,broken_removed,zero_byte
ORBS_2025-10-06_36.77,broken_removed,zero_byte
ORBS_2025-10-10_30.45,broken_removed,zero_byte
ORGO_2025-02-28_108.47,broken_removed,zero_byte
ORIC_2025-05-29_41.36,broken_removed,zero_byte
ORIS_2025-01-14_36.11,broken_removed,zero_byte
ORIS_2025-02-24_103.57,broken_removed,zero_byte
ORIS_2025-05-13_38.25,broken_removed,zero_byte
ORKA_2025-09-29_31.58,broken_removed,zero_byte
ORKT_2025-01-27_102.90,broken_removed,zero_byte
ORKT_2025-01-28_33.33,broken_removed,zero_byte
ORKT_2025-01-31_38.62,broken_removed,zero_byte
ORKT_2025-05-08_30.39,broken_removed,zero_byte
ORMP_2025-02-11_42.40,broken_removed,zero_byte
OSCR_2025-05-07_33.13,broken_removed,zero_byte
OSRH_2025-02-19_221.54,broken_removed,zero_byte
OSRH_2025-02-21_101.45,broken_removed,zero_byte
OSRH_2025-03-18_42.80,broken_removed,zero_byte
OSRH_2025-03-26_170.62,broken_removed,zero_byte
OSRH_2025-04-03_124.49,broken_removed,zero_byte
OSRH_2025-05-30_31.97,broken_removed,zero_byte
OSRH_2025-08-25_140.78,broken_removed,zero_byte
OST_2025-01-13_92.17,broken_removed,zero_byte
OST_2025-01-14_34.70,broken_removed,zero_byte
OST_2025-01-23_38.96,broken_removed,zero_byte
OST_2025-01-24_34.30,broken_removed,zero_byte
OST_2025-03-20_30.56,broken_removed,zero_byte
OST_2025-04-15_424.21,broken_removed,zero_byte
OST_2025-04-17_54.30,broken_removed,zero_byte
OST_2025-04-24_47.85,broken_removed,zero_byte
OTLY_2025-02-13_40.26,broken_removed,zero_byte
OUST_2025-03-21_32.58,broken_removed,zero_byte
OUST_2025-06-11_30.38,broken_removed,zero_byte
OUST_2025-08-08_42.64,broken_removed,zero_byte
OWLT_2025-08-08_31.88,broken_removed,zero_byte
OXBR_2025-05-06_39.19,broken_removed,zero_byte
OXBR_2025-05-09_38.89,broken_removed,zero_byte
OXBR_2025-05-12_30.66,broken_removed,zero_byte
OXBR_2025-07-02_33.71,broken_removed,zero_byte
PACB_2025-02-14_39.19,broken_removed,zero_byte
PACK_2025-01-29_50.19,broken_removed,zero_byte
PACK_2025-08-26_30.64,broken_removed,zero_byte
PACS_2025-09-11_31.86,broken_removed,zero_byte
PAL_2025-02-10_34.52,broken_removed,zero_byte
PAL_2025-05-02_31.91,broken_removed,zero_byte
PALI_2025-05-13_36.54,broken_removed,zero_byte
PALI_2025-07-23_58.14,broken_removed,zero_byte
PALI_2025-08-07_90.00,broken_removed,zero_byte
PALI_2025-10-01_110.54,broken_removed,zero_byte
PAVS_2025-07-31_33.33,broken_removed,zero_byte
PAVS_2025-09-04_37.27,broken_removed,zero_byte
PC_2025-02-19_32.93,broken_removed,zero_byte
PC_2025-10-02_33.72,broken_removed,zero_byte
PCT_2025-06-17_30.33,broken_removed,zero_byte
PCTTW_2025-01-17_66.79,broken_removed,zero_byte
PCTTW_2025-01-29_55.52,broken_removed,zero_byte
PCTTW_2025-02-18_34.87,broken_removed,zero_byte
PCTTW_2025-04-22_41.00,broken_removed,zero_byte
PCTTW_2025-05-08_71.07,broken_removed,zero_byte
PCTTW_2025-05-16_36.14,broken_removed,zero_byte
PCTTW_2025-05-22_99.99,broken_removed,zero_byte
PDSB_2025-02-26_39.68,broken_removed,zero_byte
PDSB_2025-02-27_42.86,broken_removed,zero_byte
PDYN_2025-01-14_30.66,broken_removed,zero_byte
PDYN_2025-01-22_40.52,broken_removed,zero_byte
PDYN_2025-07-17_32.64,broken_removed,zero_byte
PEPG_2025-02-24_227.01,broken_removed,zero_byte
PEPG_2025-02-27_65.36,broken_removed,zero_byte
PEPG_2025-02-28_30.45,broken_removed,zero_byte
PEPG_2025-09-16_32.08,broken_removed,zero_byte
PETZ_2025-09-16_49.99,broken_removed,zero_byte
PEW.WS_2025-07-18_41.51,broken_removed,zero_byte
PFAI_2025-09-05_65.56,broken_removed,zero_byte
PFAI_2025-10-15_158.12,broken_removed,zero_byte
PFSA_2025-07-28_226.37,broken_removed,zero_byte
PGEN_2025-08-15_88.64,broken_removed,zero_byte
PGY_2025-08-07_32.27,broken_removed,zero_byte
PHAR_2025-08-08_40.58,broken_removed,zero_byte
PHAT_2025-05-09_65.07,broken_removed,zero_byte
PHAT_2025-06-06_162.68,broken_removed,zero_byte
PHIO_2025-01-13_479.29,broken_removed,zero_byte
PHIO_2025-01-16_70.30,broken_removed,zero_byte
PHIO_2025-01-28_41.58,broken_removed,zero_byte
PHIO_2025-04-09_170.30,broken_removed,zero_byte
PHIO_2025-04-15_42.27,broken_removed,zero_byte
PHIO_2025-06-05_30.48,broken_removed,zero_byte
PHIO_2025-07-25_38.64,broken_removed,zero_byte
PHOE_2025-06-16_31.00,broken_removed,zero_byte
PHOE_2025-06-30_35.06,broken_removed,zero_byte
PHOE_2025-07-17_130.06,broken_removed,zero_byte
PHOE_2025-07-24_36.50,broken_removed,zero_byte
PHOE_2025-10-07_47.51,broken_removed,zero_byte
PI_2025-07-31_34.48,broken_removed,zero_byte
PIII_2025-01-14_34.95,broken_removed,zero_byte
PIII_2025-07-30_37.07,broken_removed,zero_byte
PIII_2025-09-18_30.48,broken_removed,zero_byte
PL_2025-06-05_61.65,broken_removed,zero_byte
PL_2025-09-08_48.67,broken_removed,zero_byte
PL.WS_2025-07-01_39.14,broken_removed,zero_byte
PL.WS_2025-09-08_112.50,broken_removed,zero_byte
PL.WS_2025-09-11_30.99,broken_removed,zero_byte
PLBY_2025-01-31_46.99,broken_removed,zero_byte
PLBY_2025-05-16_34.19,broken_removed,zero_byte
PLCE_2025-07-22_38.51,broken_removed,zero_byte
PLRX_2025-02-13_38.97,broken_removed,zero_byte
PLRZ_2025-03-24_54.04,broken_removed,zero_byte
PLRZ_2025-05-02_369.61,broken_removed,zero_byte
PLRZ_2025-05-05_47.52,broken_removed,zero_byte
PLTS_2025-09-22_130.29,broken_removed,zero_byte
PLTS_2025-09-26_64.56,broken_removed,zero_byte
PLTU_2025-02-04_54.35,broken_removed,zero_byte
PLTU_2025-04-09_41.59,broken_removed,zero_byte
PLUG_2025-04-28_46.62,broken_removed,zero_byte
PLUG_2025-06-30_35.34,broken_removed,zero_byte
PLUG_2025-07-09_30.28,broken_removed,zero_byte
PLUG_2025-10-03_39.58,broken_removed,zero_byte
PLUR_2025-04-23_48.54,broken_removed,zero_byte
PLUR_2025-06-23_34.04,broken_removed,zero_byte
PLYM_2025-08-19_54.71,broken_removed,zero_byte
PMAX_2025-01-16_50.63,broken_removed,zero_byte
PMAX_2025-02-07_61.89,broken_removed,zero_byte
PMAX_2025-02-13_36.20,broken_removed,zero_byte
PMAX_2025-02-28_82.58,broken_removed,zero_byte
PMAX_2025-05-23_245.68,broken_removed,zero_byte
PMCB_2025-09-08_33.04,broken_removed,zero_byte
PMEC_2025-01-16_52.70,broken_removed,zero_byte
PMEC_2025-02-12_38.46,broken_removed,zero_byte
PMN_2025-07-14_220.18,broken_removed,zero_byte
PMN_2025-07-21_261.28,broken_removed,zero_byte
PN_2025-08-13_43.89,broken_removed,zero_byte
PNBK_2025-02-10_70.34,broken_removed,zero_byte
PNBK_2025-03-21_49.06,broken_removed,zero_byte
PNBK_2025-04-17_93.65,broken_removed,zero_byte
PNBK_2025-04-21_32.01,broken_removed,zero_byte
PNBK_2025-05-12_42.69,broken_removed,zero_byte
PNBK_2025-05-13_38.59,broken_removed,zero_byte
POAI_2025-01-03_66.30,broken_removed,zero_byte
POAI_2025-01-06_155.00,broken_removed,zero_byte
POAI_2025-01-22_86.61,broken_removed,zero_byte
POAI_2025-03-25_133.18,broken_removed,zero_byte
POAI_2025-09-29_176.09,broken_removed,zero_byte
PODC_2025-04-30_38.07,broken_removed,zero_byte
POLA_2025-03-04_38.31,broken_removed,zero_byte
POLA_2025-07-01_58.06,broken_removed,zero_byte
POLA_2025-09-04_67.58,broken_removed,zero_byte
PONY_2025-02-21_33.56,broken_removed,zero_byte
PONY_2025-04-23_36.78,broken_removed,zero_byte
PONY_2025-04-24_41.80,broken_removed,zero_byte
PONY_2025-04-28_61.84,broken_removed,zero_byte
PONY_2025-05-02_36.45,broken_removed,zero_byte
PONY_2025-05-06_48.97,broken_removed,zero_byte
PPBT_2025-10-29_141.85,broken_removed,zero_byte
PPCB_2025-01-07_33.33,broken_removed,zero_byte
PPCB_2025-01-23_50.00,broken_removed,zero_byte
PPSI_2025-08-15_83.28,broken_removed,zero_byte
PRA_2025-03-20_49.87,broken_removed,zero_byte
PRAX_2025-10-16_259.01,broken_removed,zero_byte
PRCH_2025-02-26_82.59,broken_removed,zero_byte
PRCH_2025-05-07_71.45,broken_removed,zero_byte
PRCH_2025-08-06_32.07,broken_removed,zero_byte
PRE_2025-05-22_48.21,broken_removed,zero_byte
PRE_2025-06-18_30.36,broken_removed,zero_byte
PRFX_2025-01-24_108.46,broken_removed,zero_byte
PRFX_2025-02-18_93.97,broken_removed,zero_byte
PRFX_2025-04-10_91.76,broken_removed,zero_byte
PRFX_2025-08-19_167.91,broken_removed,zero_byte
PRHI_2025-10-07_119.55,broken_removed,zero_byte
PRME_2025-07-07_35.37,broken_removed,zero_byte
PRO_2025-09-22_40.40,broken_removed,zero_byte
PROK_2025-04-15_59.46,broken_removed,zero_byte
PROK_2025-07-08_711.21,broken_removed,zero_byte
PROK_2025-07-09_91.15,broken_removed,zero_byte
PROK_2025-07-10_37.10,broken_removed,zero_byte
PROK_2025-09-11_38.89,broken_removed,zero_byte
PROP_2025-01-15_54.41,broken_removed,zero_byte
PRPL_2025-03-14_53.73,broken_removed,zero_byte
PRPL_2025-07-23_31.71,broken_removed,zero_byte
PRPO_2025-04-23_72.11,broken_removed,zero_byte
PRSO_2025-01-03_41.51,broken_removed,zero_byte
PRSO_2025-09-05_99.27,broken_removed,zero_byte
PRSO_2025-10-09_45.99,broken_removed,zero_byte
PRTS_2025-03-05_44.12,broken_removed,zero_byte
PRTS_2025-09-03_34.18,broken_removed,zero_byte
PRZO_2025-01-17_35.67,broken_removed,zero_byte
PSIG_2025-01-07_39.20,broken_removed,zero_byte
PSIG_2025-05-09_35.86,broken_removed,zero_byte
PSIG_2025-08-19_30.88,broken_removed,zero_byte
PSIG_2025-10-13_62.66,broken_removed,zero_byte
PSIX_2025-08-08_38.72,broken_removed,zero_byte
PSKY_2025-08-13_59.80,broken_removed,zero_byte
PSQH_2025-05-27_42.21,broken_removed,zero_byte
PSTG_2025-08-28_32.57,broken_removed,zero_byte
PSTV_2025-03-06_340.00,broken_removed,zero_byte
PT_2025-09-08_45.26,broken_removed,zero_byte
PULM_2025-02-18_34.54,broken_removed,zero_byte
PUMP_2025-10-29_54.52,broken_removed,zero_byte
PXLW_2025-06-20_50.13,broken_removed,zero_byte
PYXS_2025-10-09_32.30,broken_removed,zero_byte
QBTS_2025-01-15_34.25,broken_removed,zero_byte
QBTS_2025-03-14_47.61,broken_removed,zero_byte
QBTS_2025-05-08_58.06,broken_removed,zero_byte
QBTS_2025-05-20_33.76,broken_removed,zero_byte
QBTZ_2025-10-22_36.61,broken_removed,zero_byte
QCLS_2025-10-03_36.27,broken_removed,zero_byte
QETAR_2025-01-06_31.03,broken_removed,zero_byte
QETAR_2025-01-07_30.67,broken_removed,zero_byte
QETAR_2025-07-07_31.15,broken_removed,zero_byte
QETAR_2025-08-01_33.21,broken_removed,zero_byte
QETAR_2025-10-22_32.35,broken_removed,zero_byte
QH_2025-08-25_42.54,broken_removed,zero_byte
QIPT_2025-05-20_59.14,broken_removed,zero_byte
QMCO_2025-01-15_57.92,broken_removed,zero_byte
QMCO_2025-02-12_42.95,broken_removed,zero_byte
QMCO_2025-03-13_37.03,broken_removed,zero_byte
QNRX_2025-01-31_31.53,broken_removed,zero_byte
QNRX_2025-02-04_55.93,broken_removed,zero_byte
QNRX_2025-02-27_52.70,broken_removed,zero_byte
QNRX_2025-04-02_98.49,broken_removed,zero_byte
QNRX_2025-05-14_51.42,broken_removed,zero_byte
QNRX_2025-10-10_412.25,broken_removed,zero_byte
QNRX_2025-10-15_35.16,broken_removed,zero_byte
QNTM_2025-02-04_128.93,broken_removed,zero_byte
QNTM_2025-02-05_49.78,broken_removed,zero_byte
QNTM_2025-02-06_109.79,broken_removed,zero_byte
QNTM_2025-03-17_75.87,broken_removed,zero_byte
QNTM_2025-03-27_30.65,broken_removed,zero_byte
QPUX_2025-09-19_32.45,broken_removed,zero_byte
QPUX_2025-10-13_39.58,broken_removed,zero_byte
QPUX_2025-10-23_31.28,broken_removed,zero_byte
QS_2025-06-25_46.65,broken_removed,zero_byte
QS_2025-06-26_35.98,broken_removed,zero_byte
QS_2025-09-08_36.22,broken_removed,zero_byte
QSI_2025-01-03_35.45,broken_removed,zero_byte
QSI_2025-09-18_30.16,broken_removed,zero_byte
QSIAW_2025-01-03_60.07,broken_removed,zero_byte
QSIAW_2025-01-15_61.65,broken_removed,zero_byte
QSIAW_2025-05-21_38.46,broken_removed,zero_byte
QTRX_2025-06-10_30.63,broken_removed,zero_byte
QTTB_2025-07-10_148.34,broken_removed,zero_byte
QTTB_2025-07-16_42.31,broken_removed,zero_byte
QUBT_2025-01-15_56.12,broken_removed,zero_byte
QUBT_2025-05-16_40.26,broken_removed,zero_byte
QUBT_2025-06-11_38.20,broken_removed,zero_byte
QUBT_2025-06-16_30.31,broken_removed,zero_byte
QUBT_2025-09-19_30.68,broken_removed,zero_byte
QURE_2025-04-17_50.80,broken_removed,zero_byte
QURE_2025-09-24_274.89,broken_removed,zero_byte
QVCGA_2025-03-25_41.76,broken_removed,zero_byte
QVCGA_2025-05-06_51.10,broken_removed,zero_byte
QVCGA_2025-06-05_53.20,broken_removed,zero_byte
QVCGA_2025-07-22_96.25,broken_removed,zero_byte
QVCGA_2025-07-25_43.80,broken_removed,zero_byte
QVCGA_2025-08-27_33.13,broken_removed,zero_byte
QVCGA_2025-09-02_32.40,broken_removed,zero_byte
QVCGP_2025-06-04_37.75,broken_removed,zero_byte
QVCGP_2025-06-05_65.31,broken_removed,zero_byte
RAAQW_2025-10-15_69.61,broken_removed,zero_byte
RADX_2025-01-10_39.20,broken_removed,zero_byte
RADX_2025-01-13_31.78,broken_removed,zero_byte
RADX_2025-02-27_31.64,broken_removed,zero_byte
RADX_2025-03-03_120.00,broken_removed,zero_byte
RADX_2025-03-05_35.51,broken_removed,zero_byte
RADX_2025-05-23_43.60,broken_removed,zero_byte
RADX_2025-08-20_45.02,broken_removed,zero_byte
RAIL_2025-03-13_33.23,broken_removed,zero_byte
RAIN_2025-04-30_33.89,broken_removed,zero_byte
RAIN_2025-05-06_49.80,broken_removed,zero_byte
RAIN_2025-05-12_38.84,broken_removed,zero_byte
RAIN_2025-06-04_35.00,broken_removed,zero_byte
RAIN_2025-09-02_30.39,broken_removed,zero_byte
RAIN_2025-09-08_46.79,broken_removed,zero_byte
RAIN_2025-10-15_40.21,broken_removed,zero_byte
RANI_2025-10-17_407.54,broken_removed,zero_byte
RANI_2025-10-20_71.95,broken_removed,zero_byte
RANI_2025-10-21_47.56,broken_removed,zero_byte
RANI_2025-10-22_35.79,broken_removed,zero_byte
RANI_2025-10-31_65.52,broken_removed,zero_byte
RAPP_2025-03-04_51.75,broken_removed,zero_byte
RAY_2025-03-11_167.82,broken_removed,zero_byte
RAY_2025-03-24_70.17,broken_removed,zero_byte
RAY_2025-03-25_78.46,broken_removed,zero_byte
RAY_2025-05-12_38.76,broken_removed,zero_byte
RAY_2025-05-22_31.36,broken_removed,zero_byte
RAY_2025-08-25_37.90,broken_removed,zero_byte
RAY_2025-09-09_43.26,broken_removed,zero_byte
RAYA_2025-04-15_31.78,broken_removed,zero_byte
RAYA_2025-06-30_31.82,broken_removed,zero_byte
RAYA_2025-07-15_33.95,broken_removed,zero_byte
RAYA_2025-07-22_30.42,broken_removed,zero_byte
RAYA_2025-07-24_35.83,broken_removed,zero_byte
RAYA_2025-07-31_38.28,broken_removed,zero_byte
RAYA_2025-08-01_59.93,broken_removed,zero_byte
RAYA_2025-08-28_37.23,broken_removed,zero_byte
RAYA_2025-09-18_45.41,broken_removed,zero_byte
RAYA_2025-09-24_33.88,broken_removed,zero_byte
RAYA_2025-10-01_47.43,broken_removed,zero_byte
RBNE_2025-06-13_514.03,broken_removed,zero_byte
RBNE_2025-06-17_162.50,broken_removed,zero_byte
RBNE_2025-06-23_37.75,broken_removed,zero_byte
RBNE_2025-09-10_162.63,broken_removed,zero_byte
RBNE_2025-10-23_37.80,broken_removed,zero_byte
RBOT_2025-10-03_32.79,broken_removed,zero_byte
RCAT_2025-07-11_33.63,broken_removed,zero_byte
RCAT_2025-09-11_31.57,broken_removed,zero_byte
RCEL_2025-09-15_56.14,broken_removed,zero_byte
RCKT_2025-08-20_40.89,broken_removed,zero_byte
RCKY_2025-04-30_53.33,broken_removed,zero_byte
RCKY_2025-07-30_34.46,broken_removed,zero_byte
RCON_2025-05-22_35.60,broken_removed,zero_byte
RCON_2025-07-29_142.51,broken_removed,zero_byte
RCON_2025-07-30_52.21,broken_removed,zero_byte
RCON_2025-07-31_65.44,broken_removed,zero_byte
RDHL_2025-07-17_34.02,broken_removed,zero_byte
RDHL_2025-07-21_77.95,broken_removed,zero_byte
RDHL_2025-09-29_51.63,broken_removed,zero_byte
RDHL_2025-10-20_42.67,broken_removed,zero_byte
RDIB_2025-03-05_39.09,broken_removed,zero_byte
RDIB_2025-03-18_63.35,broken_removed,zero_byte
RDIB_2025-05-15_31.78,broken_removed,zero_byte
RDIB_2025-06-13_32.50,broken_removed,zero_byte
RDIB_2025-08-05_36.88,broken_removed,zero_byte
REAL_2025-08-08_33.76,broken_removed,zero_byte
REBN_2025-01-29_62.35,broken_removed,zero_byte
REBN_2025-01-31_166.01,broken_removed,zero_byte
REBN_2025-02-03_104.55,broken_removed,zero_byte
REBN_2025-02-18_46.45,broken_removed,zero_byte
REBN_2025-02-20_48.48,broken_removed,zero_byte
REE_2025-10-16_61.95,broken_removed,zero_byte
REFR_2025-05-09_42.86,broken_removed,zero_byte
REFR_2025-10-27_35.00,broken_removed,zero_byte
REKR_2025-01-06_41.26,broken_removed,zero_byte
REKR_2025-01-22_41.40,broken_removed,zero_byte
REKR_2025-06-03_42.73,broken_removed,zero_byte
RELI_2025-01-14_38.12,broken_removed,zero_byte
RELI_2025-06-17_96.61,broken_removed,zero_byte
RELI_2025-06-18_63.59,broken_removed,zero_byte
RELI_2025-06-24_36.84,broken_removed,zero_byte
RELI_2025-09-15_112.47,broken_removed,zero_byte
RELI_2025-09-22_165.31,broken_removed,zero_byte
RELI_2025-09-29_39.25,broken_removed,zero_byte
RELI_2025-10-28_39.99,broken_removed,zero_byte
RENT_2025-03-20_43.76,broken_removed,zero_byte
RENT_2025-06-06_50.00,broken_removed,zero_byte
RENT_2025-08-21_37.35,broken_removed,zero_byte
RENT_2025-09-11_31.20,broken_removed,zero_byte
REPL_2025-07-23_37.25,broken_removed,zero_byte
REPL_2025-07-30_115.20,broken_removed,zero_byte
REPL_2025-09-23_34.25,broken_removed,zero_byte
REPL_2025-10-20_128.67,broken_removed,zero_byte
RETO_2025-02-20_89.92,broken_removed,zero_byte
RETO_2025-02-24_203.03,broken_removed,zero_byte
RETO_2025-02-25_108.47,broken_removed,zero_byte
RETO_2025-03-03_37.89,broken_removed,zero_byte
RETO_2025-03-04_39.87,broken_removed,zero_byte
RETO_2025-04-25_60.14,broken_removed,zero_byte
REVB_2025-04-08_37.75,broken_removed,zero_byte
REVB_2025-06-03_39.73,broken_removed,zero_byte
RFL_2025-06-10_41.78,broken_removed,zero_byte
RFL_2025-07-10_40.93,broken_removed,zero_byte
RGC_2025-03-20_48.62,broken_removed,zero_byte
RGC_2025-03-21_43.83,broken_removed,zero_byte
RGC_2025-03-31_54.95,broken_removed,zero_byte
RGC_2025-04-04_56.37,broken_removed,zero_byte
RGC_2025-04-11_45.75,broken_removed,zero_byte
RGC_2025-04-30_103.86,broken_removed,zero_byte
RGC_2025-05-01_35.67,broken_removed,zero_byte
RGC_2025-05-05_64.90,broken_removed,zero_byte
RGC_2025-05-06_169.16,broken_removed,zero_byte
RGC_2025-05-07_36.55,broken_removed,zero_byte
RGTI_2025-01-14_48.26,broken_removed,zero_byte
RGTI_2025-01-21_43.13,broken_removed,zero_byte
RGTI_2025-05-22_31.75,broken_removed,zero_byte
RGTI_2025-07-16_32.39,broken_removed,zero_byte
RGTIW_2025-01-10_34.30,broken_removed,zero_byte
RGTIW_2025-01-14_78.57,broken_removed,zero_byte
RGTX_2025-04-07_35.32,broken_removed,zero_byte
RGTX_2025-04-09_43.48,broken_removed,zero_byte
RGTX_2025-05-02_38.29,broken_removed,zero_byte
RGTX_2025-05-14_51.36,broken_removed,zero_byte
RGTX_2025-05-22_63.24,broken_removed,zero_byte
RGTX_2025-06-11_40.58,broken_removed,zero_byte
RGTX_2025-07-02_30.59,broken_removed,zero_byte
RGTX_2025-07-16_64.71,broken_removed,zero_byte
RGTX_2025-09-12_41.12,broken_removed,zero_byte
RGTX_2025-09-18_37.84,broken_removed,zero_byte
RGTX_2025-09-19_34.34,broken_removed,zero_byte
RGTX_2025-10-02_38.55,broken_removed,zero_byte
RGTX_2025-10-13_49.92,broken_removed,zero_byte
RGTX_2025-10-23_32.70,broken_removed,zero_byte
RH_2025-04-09_32.35,broken_removed,zero_byte
RIGL_2025-05-07_39.21,broken_removed,zero_byte
RILY_2025-02-21_33.12,broken_removed,zero_byte
RILY_2025-02-24_55.29,broken_removed,zero_byte
RILY_2025-02-26_52.45,broken_removed,zero_byte
RILYG_2025-05-21_33.25,broken_removed,zero_byte
RILYL_2025-02-11_33.33,broken_removed,zero_byte
RILYL_2025-02-26_30.68,broken_removed,zero_byte
RILYL_2025-07-10_55.72,broken_removed,zero_byte
RILYL_2025-07-17_35.56,broken_removed,zero_byte
RILYP_2025-02-26_41.75,broken_removed,zero_byte
RILYP_2025-04-14_31.58,broken_removed,zero_byte
RILYP_2025-07-10_44.85,broken_removed,zero_byte
RILYP_2025-08-14_31.70,broken_removed,zero_byte
RIME_2025-01-06_32.47,broken_removed,zero_byte
RIME_2025-01-07_133.84,broken_removed,zero_byte
RIME_2025-01-31_31.97,broken_removed,zero_byte
RITR_2025-02-28_36.87,broken_removed,zero_byte
RITR_2025-06-02_47.32,broken_removed,zero_byte
RITR_2025-06-05_41.78,broken_removed,zero_byte
RITR_2025-06-25_34.24,broken_removed,zero_byte
RITR_2025-06-30_40.50,broken_removed,zero_byte
RKDA_2025-10-08_98.52,broken_removed,zero_byte
RKDA_2025-10-15_55.01,broken_removed,zero_byte
RKLB_2025-01-21_31.83,broken_removed,zero_byte
RKLX_2025-04-09_47.97,broken_removed,zero_byte
RKLX_2025-04-15_31.74,broken_removed,zero_byte
RKLX_2025-06-26_30.04,broken_removed,zero_byte
RLMD_2025-08-29_53.55,broken_removed,zero_byte
RLMD_2025-09-02_40.04,broken_removed,zero_byte
RMCF_2025-06-18_39.34,broken_removed,zero_byte
RMCF_2025-09-16_32.56,broken_removed,zero_byte
RMCO_2025-07-02_33.85,broken_removed,zero_byte
RMCO_2025-10-14_52.56,broken_removed,zero_byte
RMCO_2025-10-20_38.16,broken_removed,zero_byte
RMCO_2025-10-28_30.31,broken_removed,zero_byte
RMNI_2025-07-10_36.20,broken_removed,zero_byte
RNA_2025-10-27_43.46,broken_removed,zero_byte
RNAZ_2025-01-23_256.16,broken_removed,zero_byte
RNAZ_2025-01-24_76.73,broken_removed,zero_byte
RNAZ_2025-01-28_144.95,broken_removed,zero_byte
RNAZ_2025-02-05_106.17,broken_removed,zero_byte
RNAZ_2025-02-06_59.39,broken_removed,zero_byte
RNTX_2025-01-22_36.59,broken_removed,zero_byte
RNTX_2025-01-29_40.56,broken_removed,zero_byte
RNTX_2025-10-07_31.93,broken_removed,zero_byte
ROMA_2025-09-03_53.63,broken_removed,zero_byte
ROMA_2025-09-09_33.38,broken_removed,zero_byte
ROOT_2025-02-27_38.29,broken_removed,zero_byte
RPGL_2025-10-23_54.21,broken_removed,zero_byte
RPGL_2025-10-27_54.55,broken_removed,zero_byte
RPID_2025-01-14_31.82,broken_removed,zero_byte
RPID_2025-02-05_33.62,broken_removed,zero_byte
RR_2025-01-03_72.61,broken_removed,zero_byte
RR_2025-01-14_53.77,broken_removed,zero_byte
RR_2025-03-17_36.09,broken_removed,zero_byte
RR_2025-05-27_30.45,broken_removed,zero_byte
RR_2025-08-26_36.13,broken_removed,zero_byte
RRGB_2025-02-27_38.05,broken_removed,zero_byte
RRGB_2025-05-30_82.43,broken_removed,zero_byte
RSVRW_2025-01-31_60.63,broken_removed,zero_byte
RSVRW_2025-02-26_30.63,broken_removed,zero_byte
RUM_2025-05-09_32.26,broken_removed,zero_byte
RUMBW_2025-04-09_36.28,broken_removed,zero_byte
RUMBW_2025-05-09_44.78,broken_removed,zero_byte
RUMBW_2025-08-11_45.83,broken_removed,zero_byte
RUMBW_2025-08-28_52.36,broken_removed,zero_byte
RUMBW_2025-10-03_38.53,broken_removed,zero_byte
RUN_2025-08-07_35.94,broken_removed,zero_byte
RUN_2025-08-15_41.89,broken_removed,zero_byte
RVYL_2025-06-02_302.77,broken_removed,zero_byte
RVYL_2025-06-05_212.26,broken_removed,zero_byte
RXRX_2025-04-11_33.04,broken_removed,zero_byte
RYET_2025-04-10_60.38,broken_removed,zero_byte
RYET_2025-04-15_38.70,broken_removed,zero_byte
RYET_2025-04-30_71.56,broken_removed,zero_byte
RZLT_2025-04-23_37.94,broken_removed,zero_byte
RZLV_2025-01-16_30.29,broken_removed,zero_byte
RZLV_2025-04-15_36.84,broken_removed,zero_byte
RZLV_2025-04-24_33.56,broken_removed,zero_byte
RZLV_2025-06-24_40.20,broken_removed,zero_byte
RZLVW_2025-09-09_36.38,broken_removed,zero_byte
RZLVW_2025-09-10_82.91,broken_removed,zero_byte
SABS_2025-07-08_34.18,broken_removed,zero_byte
SABS_2025-07-21_156.81,broken_removed,zero_byte
SAFX_2025-06-18_38.82,broken_removed,zero_byte
SAFX_2025-06-25_98.25,broken_removed,zero_byte
SAFX_2025-07-10_139.33,broken_removed,zero_byte
SAGT_2025-04-29_42.71,broken_removed,zero_byte
SAIH_2025-01-23_38.89,broken_removed,zero_byte
SAIH_2025-03-24_33.93,broken_removed,zero_byte
SAIH_2025-03-25_31.08,broken_removed,zero_byte
SAIH_2025-04-09_33.65,broken_removed,zero_byte
SAIH_2025-04-16_33.88,broken_removed,zero_byte
SATL_2025-03-12_33.05,broken_removed,zero_byte
SATS_2025-06-16_50.18,broken_removed,zero_byte
SATS_2025-08-26_84.71,broken_removed,zero_byte
SAVA_2025-09-23_57.76,broken_removed,zero_byte
SBC_2025-02-13_35.66,broken_removed,zero_byte
SBC_2025-04-10_54.57,broken_removed,zero_byte
SBC_2025-05-22_32.56,broken_removed,zero_byte
SBDS_2025-08-11_58.48,broken_removed,zero_byte
SBET_2025-01-29_50.51,broken_removed,zero_byte
SBFM_2025-04-02_87.50,broken_removed,zero_byte
SBLX_2025-09-09_98.12,broken_removed,zero_byte
SBLX_2025-10-14_42.86,broken_removed,zero_byte
SBXD.WS_2025-02-06_246.88,broken_removed,zero_byte
SBXD.WS_2025-06-09_66.51,broken_removed,zero_byte
SBXD.WS_2025-06-20_149.41,broken_removed,zero_byte
SCAG_2025-07-02_60.01,broken_removed,zero_byte
SCAG_2025-07-09_94.52,broken_removed,zero_byte
SCAG_2025-09-05_81.49,broken_removed,zero_byte
SCLX_2025-04-02_39.37,broken_removed,zero_byte
SCLX_2025-07-17_33.43,broken_removed,zero_byte
SCLX_2025-07-23_33.37,broken_removed,zero_byte
SCLX_2025-07-28_37.71,broken_removed,zero_byte
SCNI_2025-06-05_145.24,broken_removed,zero_byte
SCNI_2025-07-29_69.76,broken_removed,zero_byte
SCNI_2025-08-13_37.76,broken_removed,zero_byte
SCNX_2025-03-06_64.09,broken_removed,zero_byte
SDM_2025-05-07_43.26,broken_removed,zero_byte
SDM_2025-05-20_30.93,broken_removed,zero_byte
SDM_2025-05-21_47.32,broken_removed,zero_byte
SDM_2025-06-23_35.63,broken_removed,zero_byte
SDM_2025-06-30_45.76,broken_removed,zero_byte
SDM_2025-07-11_64.18,broken_removed,zero_byte
SDM_2025-07-16_46.09,broken_removed,zero_byte
SDOT_2025-10-15_150.87,broken_removed,zero_byte
SDST_2025-02-03_37.00,broken_removed,zero_byte
SDST_2025-02-19_32.86,broken_removed,zero_byte
SDST_2025-05-13_38.00,broken_removed,zero_byte
SDST_2025-07-14_146.83,broken_removed,zero_byte
SDST_2025-07-23_45.73,broken_removed,zero_byte
SDST_2025-10-13_40.00,broken_removed,zero_byte
SDST_2025-10-14_44.94,broken_removed,zero_byte
SEDG_2025-02-19_40.40,broken_removed,zero_byte
SEED_2025-06-24_43.76,broken_removed,zero_byte
SEED_2025-10-15_73.52,broken_removed,zero_byte
SEI_2025-02-21_33.01,broken_removed,zero_byte
SENS_2025-01-10_92.82,broken_removed,zero_byte
SEPN_2025-05-14_68.80,broken_removed,zero_byte
SERA_2025-06-12_33.33,broken_removed,zero_byte
SERA_2025-06-27_106.57,broken_removed,zero_byte
SERV_2025-01-03_32.79,broken_removed,zero_byte
SERV_2025-10-09_30.23,broken_removed,zero_byte
SES_2025-01-16_34.35,broken_removed,zero_byte
SES_2025-01-23_80.42,broken_removed,zero_byte
SES_2025-04-25_43.86,broken_removed,zero_byte
SEV_2025-10-23_59.39,broken_removed,zero_byte
SEZL_2025-04-09_30.90,broken_removed,zero_byte
SEZL_2025-05-08_55.13,broken_removed,zero_byte
SFHG_2025-01-03_43.45,broken_removed,zero_byte
SGBX_2025-01-03_33.74,broken_removed,zero_byte
SGBX_2025-01-15_255.56,broken_removed,zero_byte
SGBX_2025-02-06_87.28,broken_removed,zero_byte
SGD_2025-05-28_56.46,broken_removed,zero_byte
SGD_2025-07-29_85.23,broken_removed,zero_byte
SGD_2025-07-30_68.25,broken_removed,zero_byte
SGD_2025-08-04_48.94,broken_removed,zero_byte
SGD_2025-09-08_42.45,broken_removed,zero_byte
SGD_2025-09-11_35.34,broken_removed,zero_byte
SGHT_2025-10-17_39.13,broken_removed,zero_byte
SGLY_2025-01-22_52.50,broken_removed,zero_byte
SGLY_2025-02-03_117.55,broken_removed,zero_byte
SGLY_2025-03-21_169.53,broken_removed,zero_byte
SGLY_2025-03-28_47.55,broken_removed,zero_byte
SGLY_2025-04-30_41.07,broken_removed,zero_byte
SGLY_2025-05-29_68.77,broken_removed,zero_byte
SGML_2025-08-15_30.80,broken_removed,zero_byte
SGMT_2025-01-06_48.49,broken_removed,zero_byte
SGMT_2025-06-12_41.84,broken_removed,zero_byte
SHFS_2025-04-21_94.17,broken_removed,zero_byte
SHFS_2025-07-09_64.68,broken_removed,zero_byte
SHFS_2025-09-02_78.38,broken_removed,zero_byte
SHFS_2025-09-24_181.90,broken_removed,zero_byte
SHIM_2025-05-27_35.80,broken_removed,zero_byte
SHMD_2025-10-15_30.99,broken_removed,zero_byte
SHPH_2025-04-07_39.79,broken_removed,zero_byte
SHPH_2025-04-22_47.41,broken_removed,zero_byte
SHPH_2025-05-09_66.67,broken_removed,zero_byte
SIDU_2025-09-12_36.92,broken_removed,zero_byte
SILO_2025-01-08_209.17,broken_removed,zero_byte
SILO_2025-05-12_33.76,broken_removed,zero_byte
SINT_2025-02-19_116.67,broken_removed,zero_byte
SINT_2025-02-21_53.33,broken_removed,zero_byte
SINT_2025-09-03_48.36,broken_removed,zero_byte
SINT_2025-09-05_39.95,broken_removed,zero_byte
SION_2025-10-21_34.15,broken_removed,zero_byte
SKBL_2025-01-30_38.08,broken_removed,zero_byte
SKBL_2025-02-10_30.68,broken_removed,zero_byte
SKBL_2025-08-27_98.88,broken_removed,zero_byte
SKBL_2025-08-29_32.30,broken_removed,zero_byte
SKBL_2025-09-04_33.03,broken_removed,zero_byte
SKBL_2025-09-09_32.87,broken_removed,zero_byte
SKK_2025-02-27_32.06,broken_removed,zero_byte
SKYE_2025-01-29_31.11,broken_removed,zero_byte
SKYE_2025-04-15_184.50,broken_removed,zero_byte
SKYE_2025-06-23_47.22,broken_removed,zero_byte
SKYE_2025-06-27_35.29,broken_removed,zero_byte
SKYQ_2025-05-22_30.85,broken_removed,zero_byte
SKYQ_2025-06-16_157.23,broken_removed,zero_byte
SKYQ_2025-09-08_169.81,broken_removed,zero_byte
SKYT_2025-08-07_46.11,broken_removed,zero_byte
SLDB_2025-02-10_37.85,broken_removed,zero_byte
SLDB_2025-02-18_78.66,broken_removed,zero_byte
SLDB_2025-02-19_31.13,broken_removed,zero_byte
SLDP_2025-08-07_32.36,broken_removed,zero_byte
SLDP_2025-10-06_45.95,broken_removed,zero_byte
SLDPW_2025-07-22_75.21,broken_removed,zero_byte
SLE_2025-03-04_43.71,broken_removed,zero_byte
SLE_2025-04-24_32.40,broken_removed,zero_byte
SLE_2025-05-16_50.31,broken_removed,zero_byte
SLE_2025-05-30_84.46,broken_removed,zero_byte
SLE_2025-07-21_30.07,broken_removed,zero_byte
SLE_2025-09-17_31.15,broken_removed,zero_byte
SLE_2025-09-23_248.48,broken_removed,zero_byte
SLE_2025-10-10_43.82,broken_removed,zero_byte
SLGB_2025-10-22_46.01,broken_removed,zero_byte
SLGB_2025-10-23_48.66,broken_removed,zero_byte
SLNH_2025-07-10_33.73,broken_removed,zero_byte
SLNH_2025-07-11_60.75,broken_removed,zero_byte
SLNH_2025-09-22_100.00,broken_removed,zero_byte
SLNH_2025-09-23_41.43,broken_removed,zero_byte
SLNH_2025-09-24_47.68,broken_removed,zero_byte
SLNH_2025-10-08_42.86,broken_removed,zero_byte
SLNH_2025-10-14_36.73,broken_removed,zero_byte
SLNH_2025-10-15_56.63,broken_removed,zero_byte
SLNHP_2025-07-16_44.42,broken_removed,zero_byte
SLNHP_2025-07-31_43.86,broken_removed,zero_byte
SLNHP_2025-09-15_30.36,broken_removed,zero_byte
SLNHP_2025-09-16_72.60,broken_removed,zero_byte
SLNHP_2025-09-22_34.26,broken_removed,zero_byte
SLNHP_2025-10-15_31.42,broken_removed,zero_byte
SLNO_2025-03-27_48.98,broken_removed,zero_byte
SLP_2025-04-11_30.50,broken_removed,zero_byte
SLQT_2025-02-11_56.62,broken_removed,zero_byte
SLQT_2025-08-21_50.27,broken_removed,zero_byte
SLRX_2025-01-13_360.06,broken_removed,zero_byte
SLRX_2025-01-16_40.08,broken_removed,zero_byte
SLRX_2025-02-26_49.11,broken_removed,zero_byte
SLRX_2025-06-17_101.57,broken_removed,zero_byte
SLRX_2025-07-29_211.70,broken_removed,zero_byte
SLSN_2025-04-14_35.80,broken_removed,zero_byte
SLSN_2025-10-02_40.43,broken_removed,zero_byte
SMCX_2025-01-06_31.02,broken_removed,zero_byte
SMCX_2025-02-10_36.01,broken_removed,zero_byte
SMCX_2025-02-18_34.53,broken_removed,zero_byte
SMCX_2025-02-19_37.47,broken_removed,zero_byte
SMCX_2025-02-26_45.91,broken_removed,zero_byte
SMSI_2025-01-06_33.57,broken_removed,zero_byte
SMST_2025-03-10_38.26,broken_removed,zero_byte
SMTK_2025-03-17_41.50,broken_removed,zero_byte
SMTK_2025-05-20_48.62,broken_removed,zero_byte
SNAL_2025-04-15_33.33,broken_removed,zero_byte
SNAL_2025-07-15_54.68,broken_removed,zero_byte
SNCR_2025-03-12_47.26,broken_removed,zero_byte
SNES_2025-06-26_32.32,broken_removed,zero_byte
SNES_2025-07-22_31.80,broken_removed,zero_byte
SNGX_2025-07-01_43.51,broken_removed,zero_byte
SNGX_2025-07-31_330.40,broken_removed,zero_byte
SNGX_2025-08-04_57.85,broken_removed,zero_byte
SNGX_2025-08-18_124.10,broken_removed,zero_byte
SNGX_2025-10-07_37.23,broken_removed,zero_byte
SNOA_2025-03-10_77.39,broken_removed,zero_byte
SNOA_2025-03-11_59.86,broken_removed,zero_byte
SNOA_2025-04-23_80.26,broken_removed,zero_byte
SNOA_2025-08-14_126.73,broken_removed,zero_byte
SNSE_2025-03-28_76.30,broken_removed,zero_byte
SNSE_2025-08-01_46.93,broken_removed,zero_byte
SNSE_2025-10-16_34.19,broken_removed,zero_byte
SNSE_2025-10-30_32.27,broken_removed,zero_byte
SNTG_2025-01-28_76.32,broken_removed,zero_byte
SNTG_2025-09-04_66.83,broken_removed,zero_byte
SNTG_2025-09-08_528.71,broken_removed,zero_byte
SNTI_2025-10-14_45.22,broken_removed,zero_byte
SNYR_2025-02-12_32.45,broken_removed,zero_byte
SNYR_2025-04-15_127.93,broken_removed,zero_byte
SOBR_2025-01-16_40.45,broken_removed,zero_byte
SOBR_2025-02-14_30.69,broken_removed,zero_byte
SOBR_2025-02-18_35.24,broken_removed,zero_byte
SOBR_2025-03-05_65.56,broken_removed,zero_byte
SOBR_2025-03-06_44.04,broken_removed,zero_byte
SOBR_2025-03-11_39.00,broken_removed,zero_byte
SOBR_2025-04-04_95.91,broken_removed,zero_byte
SOBR_2025-04-08_57.46,broken_removed,zero_byte
SOBR_2025-07-09_56.97,broken_removed,zero_byte
SOC_2025-07-17_35.48,broken_removed,zero_byte
SOFX_2025-04-09_45.67,broken_removed,zero_byte
SOFX_2025-07-29_37.87,broken_removed,zero_byte
SOGP_2025-06-09_50.08,broken_removed,zero_byte
SOGP_2025-06-16_72.84,broken_removed,zero_byte
SOGP_2025-06-24_70.34,broken_removed,zero_byte
SOGP_2025-07-09_40.61,broken_removed,zero_byte
SOGP_2025-08-28_336.84,broken_removed,zero_byte
SOGP_2025-09-02_93.83,broken_removed,zero_byte
SOGP_2025-09-04_34.58,broken_removed,zero_byte
SOGP_2025-10-15_96.28,broken_removed,zero_byte
SOHO_2025-10-27_141.49,broken_removed,zero_byte
SOHOB_2025-10-27_48.02,broken_removed,zero_byte
SOHON_2025-10-27_44.56,broken_removed,zero_byte
SOHOO_2025-10-27_64.41,broken_removed,zero_byte
SOL_2025-03-17_51.26,broken_removed,zero_byte
SOLS_2025-10-30_53799900.00,broken_removed,zero_byte
SOLT_2025-04-09_32.78,broken_removed,zero_byte
SONM_2025-01-15_86.01,broken_removed,zero_byte
SONM_2025-04-01_58.37,broken_removed,zero_byte
SONM_2025-06-16_130.16,broken_removed,zero_byte
SONM_2025-06-25_56.25,broken_removed,zero_byte
SONM_2025-06-26_65.08,broken_removed,zero_byte
SONN_2025-01-06_44.00,broken_removed,zero_byte
SONN_2025-01-22_33.12,broken_removed,zero_byte
SONN_2025-04-04_33.86,broken_removed,zero_byte
SONN_2025-07-02_263.64,broken_removed,zero_byte
SONN_2025-07-07_53.06,broken_removed,zero_byte
SONN_2025-07-14_273.31,broken_removed,zero_byte
SONN_2025-08-13_35.45,broken_removed,zero_byte
SOPA_2025-01-21_71.97,broken_removed,zero_byte
SOPA_2025-01-31_68.70,broken_removed,zero_byte
SOPA_2025-02-03_90.78,broken_removed,zero_byte
SOPA_2025-02-06_51.63,broken_removed,zero_byte
SOS_2025-05-09_30.09,broken_removed,zero_byte
SOUN_2025-08-08_32.90,broken_removed,zero_byte
SOUX_2025-07-08_34.80,broken_removed,zero_byte
SOUX_2025-08-08_64.06,broken_removed,zero_byte
SOUX_2025-08-11_36.77,broken_removed,zero_byte
SOWG_2025-01-03_48.20,broken_removed,zero_byte
SOWG_2025-06-02_50.52,broken_removed,zero_byte
SOWG_2025-07-24_65.91,broken_removed,zero_byte
SOWG_2025-07-25_60.61,broken_removed,zero_byte
SOWG_2025-09-23_30.80,broken_removed,zero_byte
SPAI_2025-04-07_48.52,broken_removed,zero_byte
SPAI_2025-04-22_34.40,broken_removed,zero_byte
SPAI_2025-07-17_43.46,broken_removed,zero_byte
SPCB_2025-01-03_37.76,broken_removed,zero_byte
SPCB_2025-01-23_43.13,broken_removed,zero_byte
SPCE_2025-05-16_98.21,broken_removed,zero_byte
SPCY_2025-04-09_34.63,broken_removed,zero_byte
SPHL_2025-03-11_59.31,broken_removed,zero_byte
SPHL_2025-03-12_30.00,broken_removed,zero_byte
SPIR_2025-04-08_33.16,broken_removed,zero_byte
SPNS_2025-08-13_44.68,broken_removed,zero_byte
SPPL_2025-01-03_69.44,broken_removed,zero_byte
SPPL_2025-01-06_51.08,broken_removed,zero_byte
SPPL_2025-02-26_52.70,broken_removed,zero_byte
SPPL_2025-04-08_39.21,broken_removed,zero_byte
SPPL_2025-07-25_30.73,broken_removed,zero_byte
SPRC_2025-01-03_38.64,broken_removed,zero_byte
SPRC_2025-01-06_239.08,broken_removed,zero_byte
SPRC_2025-01-22_31.63,broken_removed,zero_byte
SPRC_2025-02-05_40.76,broken_removed,zero_byte
SPWH_2025-04-02_126.94,broken_removed,zero_byte
SPWH_2025-04-07_31.58,broken_removed,zero_byte
SQFT_2025-07-14_350.10,broken_removed,zero_byte
SQFT_2025-09-17_72.49,broken_removed,zero_byte
SQNS_2025-07-08_87.41,broken_removed,zero_byte
SQNS_2025-07-10_99.03,broken_removed,zero_byte
SQNS_2025-07-11_41.03,broken_removed,zero_byte
SRFM_2025-03-05_34.16,broken_removed,zero_byte
SRFM_2025-06-24_137.70,broken_removed,zero_byte
SRFM_2025-06-25_54.72,broken_removed,zero_byte
SRFM_2025-06-26_40.55,broken_removed,zero_byte
SRFM_2025-07-08_63.74,broken_removed,zero_byte
SRFM_2025-07-09_31.15,broken_removed,zero_byte
SRFM_2025-07-11_30.74,broken_removed,zero_byte
SRFM_2025-08-13_32.22,broken_removed,zero_byte
SRL_2025-09-23_33.10,broken_removed,zero_byte
SRPT_2025-07-29_32.40,broken_removed,zero_byte
SRZNW_2025-10-28_13495.51,broken_removed,zero_byte
SSII_2025-04-25_180.25,broken_removed,zero_byte
SSII_2025-05-29_34.65,broken_removed,zero_byte
SSII_2025-06-18_66.67,broken_removed,zero_byte
SSII_2025-06-20_143.24,broken_removed,zero_byte
SSII_2025-07-16_36.77,broken_removed,zero_byte
SSII_2025-10-14_39.50,broken_removed,zero_byte
SSKN_2025-08-27_47.27,broken_removed,zero_byte
SSKN_2025-09-02_62.18,broken_removed,zero_byte
SSKN_2025-09-23_78.82,broken_removed,zero_byte
SSKN_2025-09-26_31.63,broken_removed,zero_byte
SSKN_2025-10-14_72.08,broken_removed,zero_byte
SSP_2025-03-12_49.65,broken_removed,zero_byte
SSP_2025-03-13_37.56,broken_removed,zero_byte
SSP_2025-08-12_30.68,broken_removed,zero_byte
SST_2025-01-21_80.30,broken_removed,zero_byte
SST_2025-04-25_42.17,broken_removed,zero_byte
SST_2025-04-30_43.45,broken_removed,zero_byte
STEC_2025-02-24_312.12,broken_removed,zero_byte
STEC_2025-05-02_40.28,broken_removed,zero_byte
STEC_2025-05-05_42.00,broken_removed,zero_byte
STEC_2025-09-09_359.09,broken_removed,zero_byte
STEC_2025-09-11_35.05,broken_removed,zero_byte
STEM_2025-01-03_57.32,broken_removed,zero_byte
STEM_2025-01-06_37.70,broken_removed,zero_byte
STEM_2025-01-14_36.50,broken_removed,zero_byte
STEM_2025-04-30_42.12,broken_removed,zero_byte
STG_2025-07-09_40.47,broken_removed,zero_byte
STG_2025-07-14_30.88,broken_removed,zero_byte
STI_2025-03-12_94.13,broken_removed,zero_byte
STI_2025-03-19_36.38,broken_removed,zero_byte
STI_2025-04-16_42.91,broken_removed,zero_byte
STI_2025-05-08_83.00,broken_removed,zero_byte
STI_2025-09-03_137.80,broken_removed,zero_byte
STI_2025-10-13_404.52,broken_removed,zero_byte
STI_2025-10-14_57.18,broken_removed,zero_byte
STI_2025-10-17_35.07,broken_removed,zero_byte
STIM_2025-01-13_63.74,broken_removed,zero_byte
STKH_2025-07-10_105.14,broken_removed,zero_byte
STKH_2025-08-26_56.91,broken_removed,zero_byte
STKH_2025-09-29_60.79,broken_removed,zero_byte
STKL_2025-05-08_48.34,broken_removed,zero_byte
STOK_2025-08-13_30.15,broken_removed,zero_byte
STRO_2025-04-24_45.56,broken_removed,zero_byte
STRR_2025-09-05_368.08,broken_removed,zero_byte
STSS_2025-02-05_35.83,broken_removed,zero_byte
STSS_2025-02-20_64.40,broken_removed,zero_byte
STSS_2025-02-26_31.29,broken_removed,zero_byte
STSS_2025-03-10_137.28,broken_removed,zero_byte
STSS_2025-03-13_46.94,broken_removed,zero_byte
STSS_2025-04-10_167.86,broken_removed,zero_byte
STSS_2025-04-11_63.93,broken_removed,zero_byte
STSS_2025-04-14_108.00,broken_removed,zero_byte
STSS_2025-04-17_50.94,broken_removed,zero_byte
STSS_2025-04-30_47.80,broken_removed,zero_byte
STSS_2025-06-04_88.24,broken_removed,zero_byte
STSS_2025-08-08_34.60,broken_removed,zero_byte
STSS_2025-08-21_38.43,broken_removed,zero_byte
STSS_2025-08-25_80.56,broken_removed,zero_byte
STSS_2025-08-27_87.36,broken_removed,zero_byte
STTK_2025-02-24_35.77,broken_removed,zero_byte
STTK_2025-04-07_103.27,broken_removed,zero_byte
STTK_2025-08-05_54.84,broken_removed,zero_byte
STTK_2025-09-03_51.49,broken_removed,zero_byte
SUGP_2025-06-23_43.62,broken_removed,zero_byte
SUGP_2025-07-09_309.34,broken_removed,zero_byte
SUGP_2025-07-10_38.52,broken_removed,zero_byte
SUGP_2025-07-24_58.56,broken_removed,zero_byte
SUGP_2025-08-22_43.56,broken_removed,zero_byte
SUGP_2025-08-25_37.56,broken_removed,zero_byte
SUGP_2025-10-01_44.84,broken_removed,zero_byte
SUGP_2025-10-09_61.78,broken_removed,zero_byte
SUNE_2025-03-07_195.77,broken_removed,zero_byte
SUNE_2025-03-11_35.74,broken_removed,zero_byte
SUNE_2025-03-14_134.45,broken_removed,zero_byte
SUNE_2025-03-19_61.13,broken_removed,zero_byte
SUNE_2025-03-21_37.64,broken_removed,zero_byte
SUPV_2025-10-09_30.92,broken_removed,zero_byte
SUPV_2025-10-27_56.02,broken_removed,zero_byte
SUPX_2025-07-29_47.45,broken_removed,zero_byte
SUPX_2025-07-30_83.87,broken_removed,zero_byte
SUPX_2025-08-25_44.63,broken_removed,zero_byte
SUPX_2025-09-04_39.68,broken_removed,zero_byte
SURG_2025-03-26_113.77,broken_removed,zero_byte
SUUN_2025-02-03_51.65,broken_removed,zero_byte
SUUN_2025-02-10_39.18,broken_removed,zero_byte
SVRE_2025-06-11_49.27,broken_removed,zero_byte
SVRE_2025-06-27_147.39,broken_removed,zero_byte
SVRE_2025-07-07_67.00,broken_removed,zero_byte
SWIM_2025-03-05_39.93,broken_removed,zero_byte
SWVL_2025-05-14_47.80,broken_removed,zero_byte
SXTC_2025-02-24_186.47,broken_removed,zero_byte
SXTC_2025-04-17_147.75,broken_removed,zero_byte
SXTC_2025-04-22_215.69,broken_removed,zero_byte
SXTC_2025-04-25_88.61,broken_removed,zero_byte
SXTC_2025-05-06_58.87,broken_removed,zero_byte
SXTC_2025-05-19_47.50,broken_removed,zero_byte
SXTC_2025-06-05_45.04,broken_removed,zero_byte
SXTC_2025-06-06_67.00,broken_removed,zero_byte
SXTP_2025-01-29_55.68,broken_removed,zero_byte
SXTP_2025-04-08_145.21,broken_removed,zero_byte
SXTP_2025-04-10_41.20,broken_removed,zero_byte
SXTP_2025-04-22_39.87,broken_removed,zero_byte
SY_2025-06-23_68.38,broken_removed,zero_byte
SY_2025-06-24_34.94,broken_removed,zero_byte
SY_2025-06-30_36.71,broken_removed,zero_byte
SY_2025-07-07_35.08,broken_removed,zero_byte
SYBX_2025-07-15_30.65,broken_removed,zero_byte
SYPR_2025-01-03_91.62,broken_removed,zero_byte
SYPR_2025-01-06_40.38,broken_removed,zero_byte
TAIT_2025-09-08_138.87,broken_removed,zero_byte
TANH_2025-02-18_33.33,broken_removed,zero_byte
TANH_2025-05-12_91.04,broken_removed,zero_byte
TANH_2025-09-16_37.04,broken_removed,zero_byte
TAOP_2025-01-15_33.33,broken_removed,zero_byte
TBN_2025-01-24_52.65,broken_removed,zero_byte
TC_2025-01-27_119.10,broken_removed,zero_byte
TC_2025-05-09_39.11,broken_removed,zero_byte
TC_2025-08-11_48.31,broken_removed,zero_byte
TC_2025-08-27_30.47,broken_removed,zero_byte
TCRT_2025-04-01_87.07,broken_removed,zero_byte
TCRT_2025-04-02_48.84,broken_removed,zero_byte
TCRT_2025-04-03_71.07,broken_removed,zero_byte
TCRT_2025-06-16_55.12,broken_removed,zero_byte
TCRT_2025-08-22_52.38,broken_removed,zero_byte
TCRX_2025-10-01_31.87,broken_removed,zero_byte
TCX_2025-02-14_34.96,broken_removed,zero_byte
TDUP_2025-01-14_71.54,broken_removed,zero_byte
TDUP_2025-05-06_47.75,broken_removed,zero_byte
TE_2025-10-09_31.74,broken_removed,zero_byte
TE_2025-10-15_31.17,broken_removed,zero_byte
TECX_2025-01-30_127.92,broken_removed,zero_byte
TECX_2025-10-30_39.63,broken_removed,zero_byte
TELO_2025-07-18_156.20,broken_removed,zero_byte
TELO_2025-08-28_39.86,broken_removed,zero_byte
TELO_2025-10-07_30.63,broken_removed,zero_byte
TEM_2025-01-21_41.76,broken_removed,zero_byte
TEO_2025-10-27_38.64,broken_removed,zero_byte
TGE_2025-06-06_49.40,broken_removed,zero_byte
TGE_2025-06-17_69.07,broken_removed,zero_byte
TGE_2025-09-10_33.21,broken_removed,zero_byte
TGE_2025-09-17_69.88,broken_removed,zero_byte
TGE_2025-10-20_36.55,broken_removed,zero_byte
TGL_2025-01-03_311.61,broken_removed,zero_byte
TGL_2025-01-17_77.32,broken_removed,zero_byte
TGL_2025-02-11_50.99,broken_removed,zero_byte
TGL_2025-03-24_68.64,broken_removed,zero_byte
TGL_2025-03-31_39.99,broken_removed,zero_byte
THAR_2025-08-20_246.15,broken_removed,zero_byte
THAR_2025-08-21_69.64,broken_removed,zero_byte
THAR_2025-08-25_92.37,broken_removed,zero_byte
THAR_2025-08-28_44.76,broken_removed,zero_byte
THAR_2025-09-19_46.24,broken_removed,zero_byte
TIL_2025-01-07_36.08,broken_removed,zero_byte
TIL_2025-04-23_47.97,broken_removed,zero_byte
TIL_2025-05-22_62.76,broken_removed,zero_byte
TIL_2025-05-29_31.88,broken_removed,zero_byte
TIL_2025-06-02_41.93,broken_removed,zero_byte
TIVC_2025-02-12_198.55,broken_removed,zero_byte
TIVC_2025-02-13_31.43,broken_removed,zero_byte
TIVC_2025-04-02_57.93,broken_removed,zero_byte
TIVC_2025-04-03_78.46,broken_removed,zero_byte
TIVC_2025-04-09_54.85,broken_removed,zero_byte
TIVC_2025-04-22_278.00,broken_removed,zero_byte
TIVC_2025-08-15_60.00,broken_removed,zero_byte
TLIH_2025-07-09_37.00,broken_removed,zero_byte
TLIH_2025-07-22_42.42,broken_removed,zero_byte
TLPH_2025-09-08_94.83,broken_removed,zero_byte
TLRY_2025-08-12_30.39,broken_removed,zero_byte
TLRY_2025-08-13_31.51,broken_removed,zero_byte
TLRY_2025-09-29_61.74,broken_removed,zero_byte
TLRY_2025-10-09_34.88,broken_removed,zero_byte
TLS_2025-05-12_33.93,broken_removed,zero_byte
TLS_2025-08-11_65.13,broken_removed,zero_byte
TLS_2025-08-12_36.95,broken_removed,zero_byte
TLSA_2025-05-06_31.15,broken_removed,zero_byte
TLSIW_2025-01-30_38.86,broken_removed,zero_byte
TLSIW_2025-02-03_30.20,broken_removed,zero_byte
TLSIW_2025-02-12_35.35,broken_removed,zero_byte
TLSIW_2025-04-02_30.51,broken_removed,zero_byte
TLSIW_2025-05-22_90.08,broken_removed,zero_byte
TLSIW_2025-05-28_30.34,broken_removed,zero_byte
TLSIW_2025-06-02_40.62,broken_removed,zero_byte
TLSIW_2025-06-04_64.83,broken_removed,zero_byte
TLSIW_2025-07-21_65.41,broken_removed,zero_byte
TLSIW_2025-07-22_143.90,broken_removed,zero_byte
TLSIW_2025-07-30_31.36,broken_removed,zero_byte
TLX_2025-02-24_55.69,broken_removed,zero_byte
TLYS_2025-05-30_35.78,broken_removed,zero_byte
TLYS_2025-06-02_55.94,broken_removed,zero_byte
TLYS_2025-06-05_40.77,broken_removed,zero_byte
TLYS_2025-07-01_32.61,broken_removed,zero_byte
TLYS_2025-07-24_36.15,broken_removed,zero_byte
TMC_2025-04-14_47.18,broken_removed,zero_byte
TMC_2025-04-24_49.02,broken_removed,zero_byte
TMC_2025-06-16_30.41,broken_removed,zero_byte
TMC_2025-06-18_34.19,broken_removed,zero_byte
TMCWW_2025-06-16_37.06,broken_removed,zero_byte
TMCWW_2025-06-18_41.18,broken_removed,zero_byte
TMCWW_2025-06-25_41.67,broken_removed,zero_byte
TMCWW_2025-10-07_49.67,broken_removed,zero_byte
TNGX_2025-05-19_77.33,broken_removed,zero_byte
TNGX_2025-05-20_31.00,broken_removed,zero_byte
TNGX_2025-05-29_37.58,broken_removed,zero_byte
TNGX_2025-06-03_44.88,broken_removed,zero_byte
TNGX_2025-06-06_34.19,broken_removed,zero_byte
TNMG_2025-01-27_43.91,broken_removed,zero_byte
TNON_2025-03-11_60.00,broken_removed,zero_byte
TNON_2025-03-25_498.10,broken_removed,zero_byte
TNON_2025-03-27_34.71,broken_removed,zero_byte
TNYA_2025-02-14_30.93,broken_removed,zero_byte
TOI_2025-02-10_31.71,broken_removed,zero_byte
TOI_2025-02-26_46.45,broken_removed,zero_byte
TOI_2025-03-24_36.52,broken_removed,zero_byte
TOI_2025-04-14_31.28,broken_removed,zero_byte
TOI_2025-05-15_40.51,broken_removed,zero_byte
TOMZ_2025-06-02_36.05,broken_removed,zero_byte
TOP_2025-09-10_168.55,broken_removed,zero_byte
TORO_2025-07-10_49.78,broken_removed,zero_byte
TORO_2025-10-01_42.68,broken_removed,zero_byte
TPC_2025-02-28_37.36,broken_removed,zero_byte
TPC_2025-08-07_35.28,broken_removed,zero_byte
TPST_2025-06-09_44.92,broken_removed,zero_byte
TQQQ_2025-04-09_37.30,broken_removed,zero_byte
TRAW_2025-04-21_32.83,broken_removed,zero_byte
TRAW_2025-06-03_81.69,broken_removed,zero_byte
TRIB_2025-01-28_90.79,broken_removed,zero_byte
TRIB_2025-08-12_41.59,broken_removed,zero_byte
TRIB_2025-08-14_240.49,broken_removed,zero_byte
TRIB_2025-08-20_43.80,broken_removed,zero_byte
TRNR_2025-02-19_78.60,broken_removed,zero_byte
TRNR_2025-02-26_167.44,broken_removed,zero_byte
TRNR_2025-02-27_91.20,broken_removed,zero_byte
TRNR_2025-02-28_94.12,broken_removed,zero_byte
TRNR_2025-03-03_54.09,broken_removed,zero_byte
TRNR_2025-03-19_38.32,broken_removed,zero_byte
TROO_2025-01-17_30.36,broken_removed,zero_byte
TROO_2025-03-13_39.09,broken_removed,zero_byte
TROO_2025-07-14_303.08,broken_removed,zero_byte
TROO_2025-09-24_34.55,broken_removed,zero_byte
TRSG_2025-03-24_143.14,broken_removed,zero_byte
TRSG_2025-03-28_43.74,broken_removed,zero_byte
TRUE_2025-10-15_68.92,broken_removed,zero_byte
TRUG_2025-01-06_66.92,broken_removed,zero_byte
TRUG_2025-01-24_31.96,broken_removed,zero_byte
TRUG_2025-02-19_64.79,broken_removed,zero_byte
TRUG_2025-04-22_53.92,broken_removed,zero_byte
TRUG_2025-05-23_41.41,broken_removed,zero_byte
TRUG_2025-05-29_100.67,broken_removed,zero_byte
TRUG_2025-07-21_48.99,broken_removed,zero_byte
TRVG_2025-02-06_30.56,broken_removed,zero_byte
TRVG_2025-05-01_40.14,broken_removed,zero_byte
TRVI_2025-03-10_71.86,broken_removed,zero_byte
TSDD_2025-03-10_32.24,broken_removed,zero_byte
TSDD_2025-06-05_35.43,broken_removed,zero_byte
TSHA_2025-10-02_54.72,broken_removed,zero_byte
TSLG_2025-04-09_47.32,broken_removed,zero_byte
TSLL_2025-04-09_47.56,broken_removed,zero_byte
TSLQ_2025-03-10_32.39,broken_removed,zero_byte
TSLQ_2025-06-05_35.54,broken_removed,zero_byte
TSLR_2025-04-09_47.49,broken_removed,zero_byte
TSSI_2025-05-16_84.89,broken_removed,zero_byte
TTEC_2025-04-02_66.06,broken_removed,zero_byte
TTEC_2025-05-09_34.62,broken_removed,zero_byte
TTRX_2025-10-09_278.57,broken_removed,zero_byte
TURB_2025-09-16_657.41,broken_removed,zero_byte
TUSK_2025-04-14_39.68,broken_removed,zero_byte
TVACW_2025-09-25_390.00,broken_removed,zero_byte
TVACW_2025-10-08_30.43,broken_removed,zero_byte
TVGN_2025-01-27_42.22,broken_removed,zero_byte
TVGN_2025-04-09_30.21,broken_removed,zero_byte
TVGN_2025-08-05_41.03,broken_removed,zero_byte
TVTX_2025-09-10_32.59,broken_removed,zero_byte
TWG_2025-02-18_52.79,broken_removed,zero_byte
TWG_2025-03-28_64.11,broken_removed,zero_byte
TWG_2025-05-12_53.32,broken_removed,zero_byte
TWG_2025-06-11_60.92,broken_removed,zero_byte
TWG_2025-07-25_32.80,broken_removed,zero_byte
TWG_2025-07-30_32.30,broken_removed,zero_byte
TWIN_2025-08-21_33.18,broken_removed,zero_byte
TWNP_2025-06-09_104.96,broken_removed,zero_byte
TXMD_2025-01-03_55.41,broken_removed,zero_byte
TXMD_2025-02-21_64.36,broken_removed,zero_byte
TXMD_2025-10-17_62.68,broken_removed,zero_byte
TYGO_2025-01-07_64.65,broken_removed,zero_byte
TYGO_2025-07-30_42.28,broken_removed,zero_byte
TZOO_2025-04-29_32.23,broken_removed,zero_byte
TZUP_2025-02-26_38.43,broken_removed,zero_byte
TZUP_2025-05-13_40.78,broken_removed,zero_byte
TZUP_2025-07-08_31.76,broken_removed,zero_byte
TZUP_2025-07-14_35.07,broken_removed,zero_byte
U_2025-02-20_30.46,broken_removed,zero_byte
UBXG_2025-02-21_35.76,broken_removed,zero_byte
UBXG_2025-03-12_32.35,broken_removed,zero_byte
UBXG_2025-08-19_39.96,broken_removed,zero_byte
UCL_2025-01-17_34.33,broken_removed,zero_byte
UCL_2025-04-23_30.36,broken_removed,zero_byte
UCL_2025-07-24_32.18,broken_removed,zero_byte
UDMY_2025-02-14_35.68,broken_removed,zero_byte
UFG_2025-08-15_32.31,broken_removed,zero_byte
UFG_2025-09-02_30.21,broken_removed,zero_byte
UFG_2025-09-09_73.23,broken_removed,zero_byte
UFG_2025-10-29_39.29,broken_removed,zero_byte
UHG_2025-05-12_58.89,broken_removed,zero_byte
UHGWW_2025-02-26_33.33,broken_removed,zero_byte
UHGWW_2025-07-10_32.05,broken_removed,zero_byte
UHGWW_2025-08-11_76.21,broken_removed,zero_byte
UHGWW_2025-08-15_32.85,broken_removed,zero_byte
UHGWW_2025-09-17_50.61,broken_removed,zero_byte
UI_2025-08-22_31.60,broken_removed,zero_byte
UK_2025-09-09_42.20,broken_removed,zero_byte
ULCC_2025-08-12_30.82,broken_removed,zero_byte
ULY_2025-01-06_38.26,broken_removed,zero_byte
ULY_2025-02-27_127.62,broken_removed,zero_byte
ULY_2025-03-20_93.50,broken_removed,zero_byte
ULY_2025-03-26_60.36,broken_removed,zero_byte
ULY_2025-04-25_65.52,broken_removed,zero_byte
UNCY_2025-06-09_45.81,broken_removed,zero_byte
UNCY_2025-06-23_30.06,broken_removed,zero_byte
UNF_2025-01-07_43.92,broken_removed,zero_byte
UNIT_2025-08-04_70.06,broken_removed,zero_byte
UOKA_2025-02-03_244.92,broken_removed,zero_byte
UOKA_2025-02-07_72.04,broken_removed,zero_byte
UOKA_2025-02-21_41.24,broken_removed,zero_byte
UOKA_2025-03-04_63.79,broken_removed,zero_byte
UOKA_2025-03-14_51.40,broken_removed,zero_byte
UOKA_2025-05-16_144.07,broken_removed,zero_byte
UP_2025-08-15_40.85,broken_removed,zero_byte
UP_2025-08-26_31.80,broken_removed,zero_byte
UPC_2025-02-07_52.17,broken_removed,zero_byte
UPC_2025-02-21_144.77,broken_removed,zero_byte
UPST_2025-02-12_34.30,broken_removed,zero_byte
UPXI_2025-01-23_82.20,broken_removed,zero_byte
UPXI_2025-02-24_64.38,broken_removed,zero_byte
UPXI_2025-04-21_858.61,broken_removed,zero_byte
UPXI_2025-04-23_40.00,broken_removed,zero_byte
URGN_2025-06-06_60.51,broken_removed,zero_byte
URGN_2025-06-12_71.23,broken_removed,zero_byte
USAR_2025-03-18_30.22,broken_removed,zero_byte
USAR_2025-04-04_61.54,broken_removed,zero_byte
USAR_2025-04-07_30.46,broken_removed,zero_byte
USAR_2025-04-14_61.25,broken_removed,zero_byte
USAR_2025-04-16_37.20,broken_removed,zero_byte
USAR_2025-07-15_33.67,broken_removed,zero_byte
USAR_2025-10-13_34.87,broken_removed,zero_byte
USARW_2025-03-17_33.09,broken_removed,zero_byte
USARW_2025-03-18_36.00,broken_removed,zero_byte
USARW_2025-04-04_91.18,broken_removed,zero_byte
USARW_2025-04-07_64.72,broken_removed,zero_byte
USARW_2025-04-14_69.75,broken_removed,zero_byte
USARW_2025-04-16_97.27,broken_removed,zero_byte
USEA_2025-06-13_49.26,broken_removed,zero_byte
USEG_2025-01-21_175.86,broken_removed,zero_byte
USEG_2025-02-03_58.93,broken_removed,zero_byte
USEG_2025-06-13_93.66,broken_removed,zero_byte
USEG_2025-06-17_39.36,broken_removed,zero_byte
USGO_2025-02-03_32.83,broken_removed,zero_byte
USGO_2025-09-22_34.64,broken_removed,zero_byte
USGOW_2025-01-07_48.78,broken_removed,zero_byte
USGOW_2025-01-10_31.76,broken_removed,zero_byte
USGOW_2025-02-03_40.50,broken_removed,zero_byte
USGOW_2025-09-24_42.05,broken_removed,zero_byte
USGOW_2025-10-22_30.15,broken_removed,zero_byte
USGOW_2025-10-29_30.43,broken_removed,zero_byte
USIO_2025-01-07_62.22,broken_removed,zero_byte
UTHR_2025-09-02_43.38,broken_removed,zero_byte
UXIN_2025-07-11_39.58,broken_removed,zero_byte
VAL.WS_2025-10-23_33.47,broken_removed,zero_byte
VATE_2025-01-21_114.28,broken_removed,zero_byte
VATE_2025-05-27_31.01,broken_removed,zero_byte
VBIX_2025-04-11_93.55,broken_removed,zero_byte
VBIX_2025-06-04_72.89,broken_removed,zero_byte
VBIX_2025-06-05_40.00,broken_removed,zero_byte
VBIX_2025-06-27_33.23,broken_removed,zero_byte
VBIX_2025-08-08_30.62,broken_removed,zero_byte
VBIX_2025-08-25_31.39,broken_removed,zero_byte
VCICW_2025-09-08_257.38,broken_removed,zero_byte
VCIG_2025-03-07_56.34,broken_removed,zero_byte
VCIG_2025-03-14_33.75,broken_removed,zero_byte
VCIG_2025-04-22_33.80,broken_removed,zero_byte
VCIG_2025-06-23_37.50,broken_removed,zero_byte
VCIG_2025-07-18_38.55,broken_removed,zero_byte
VCIG_2025-07-25_41.59,broken_removed,zero_byte
VCIG_2025-08-19_38.82,broken_removed,zero_byte
VCIG_2025-08-26_39.57,broken_removed,zero_byte
VCIG_2025-09-17_54.50,broken_removed,zero_byte
VCIG_2025-10-23_49.15,broken_removed,zero_byte
VCIG_2025-10-30_97.22,broken_removed,zero_byte
VEEA_2025-05-14_52.98,broken_removed,zero_byte
VEEA_2025-08-14_71.52,broken_removed,zero_byte
VEEE_2025-01-03_42.18,broken_removed,zero_byte
VEEE_2025-01-17_64.45,broken_removed,zero_byte
VEEE_2025-04-08_82.90,broken_removed,zero_byte
VEEE_2025-05-08_264.71,broken_removed,zero_byte
VEEE_2025-09-03_34.51,broken_removed,zero_byte
VEON_2025-07-11_31.22,broken_removed,zero_byte
VERA_2025-06-02_73.25,broken_removed,zero_byte
VERI_2025-07-16_36.24,broken_removed,zero_byte
VERI_2025-07-21_41.15,broken_removed,zero_byte
VERI_2025-09-09_49.81,broken_removed,zero_byte
VERI_2025-10-15_72.53,broken_removed,zero_byte
VERO_2025-02-25_85.92,broken_removed,zero_byte
VERO_2025-04-08_33.33,broken_removed,zero_byte
VERO_2025-04-09_396.58,broken_removed,zero_byte
VERO_2025-06-06_77.82,broken_removed,zero_byte
VERU_2025-04-01_40.46,broken_removed,zero_byte
VERU_2025-05-28_30.65,broken_removed,zero_byte
VFC_2025-04-09_30.18,broken_removed,zero_byte
VFF_2025-08-11_42.44,broken_removed,zero_byte
VHC_2025-06-06_41.02,broken_removed,zero_byte
VHC_2025-08-04_33.96,broken_removed,zero_byte
VHC_2025-09-04_33.96,broken_removed,zero_byte
VHC_2025-10-17_70.59,broken_removed,zero_byte
VICR_2025-07-23_39.38,broken_removed,zero_byte
VICR_2025-10-22_36.61,broken_removed,zero_byte
VIOT_2025-07-07_72.29,broken_removed,zero_byte
VIOT_2025-07-08_34.47,broken_removed,zero_byte
VIOT_2025-07-10_32.05,broken_removed,zero_byte
VIR_2025-01-08_83.14,broken_removed,zero_byte
VIR_2025-08-27_31.08,broken_removed,zero_byte
VIVK_2025-01-13_32.44,broken_removed,zero_byte
VIVK_2025-04-07_38.15,broken_removed,zero_byte
VIVK_2025-05-30_49.45,broken_removed,zero_byte
VIVK_2025-06-20_38.43,broken_removed,zero_byte
VIVS_2025-08-29_59.89,broken_removed,zero_byte
VIVS_2025-09-03_32.48,broken_removed,zero_byte
VIVS_2025-10-30_39.13,broken_removed,zero_byte
VMAR_2025-01-10_156.58,broken_removed,zero_byte
VMAR_2025-01-15_82.14,broken_removed,zero_byte
VMAR_2025-02-27_38.24,broken_removed,zero_byte
VMAR_2025-04-02_116.90,broken_removed,zero_byte
VMAR_2025-04-03_56.80,broken_removed,zero_byte
VNCE_2025-01-23_137.02,broken_removed,zero_byte
VNCE_2025-09-11_153.01,broken_removed,zero_byte
VOR_2025-01-06_36.36,broken_removed,zero_byte
VOR_2025-05-13_56.52,broken_removed,zero_byte
VOR_2025-05-16_60.44,broken_removed,zero_byte
VOR_2025-06-20_30.37,broken_removed,zero_byte
VOR_2025-06-23_58.14,broken_removed,zero_byte
VRA_2025-06-16_34.83,broken_removed,zero_byte
VRAX_2025-01-06_31.69,broken_removed,zero_byte
VRAX_2025-04-11_52.88,broken_removed,zero_byte
VRME_2025-01-08_128.10,broken_removed,zero_byte
VRME_2025-01-10_85.12,broken_removed,zero_byte
VRME_2025-01-13_94.51,broken_removed,zero_byte
VS_2025-01-17_97.40,broken_removed,zero_byte
VSEE_2025-01-13_57.58,broken_removed,zero_byte
VSEE_2025-07-14_33.60,broken_removed,zero_byte
VSEE_2025-10-16_86.29,broken_removed,zero_byte
VSEE_2025-10-28_308.10,broken_removed,zero_byte
VSEE_2025-10-29_41.51,broken_removed,zero_byte
VSME_2025-04-24_41.38,broken_removed,zero_byte
VSME_2025-06-24_34.57,broken_removed,zero_byte
VSME_2025-08-26_53.66,broken_removed,zero_byte
VSME_2025-10-10_36.15,broken_removed,zero_byte
VSTA_2025-04-08_33.89,broken_removed,zero_byte
VSTD_2025-09-12_82.17,broken_removed,zero_byte
VTSI_2025-05-13_47.90,broken_removed,zero_byte
VTVT_2025-03-17_81.75,broken_removed,zero_byte
VTYX_2025-05-22_30.07,broken_removed,zero_byte
VTYX_2025-10-23_102.59,broken_removed,zero_byte
VUZI_2025-01-06_31.85,broken_removed,zero_byte
VUZI_2025-09-22_34.63,broken_removed,zero_byte
VVOS_2025-07-01_48.10,broken_removed,zero_byte
VVOS_2025-08-01_31.41,broken_removed,zero_byte
VVPR_2025-03-21_92.23,broken_removed,zero_byte
VVPR_2025-03-24_238.76,broken_removed,zero_byte
VYGR_2025-06-02_36.13,broken_removed,zero_byte
VYNE_2025-06-25_50.00,broken_removed,zero_byte
VYNE_2025-07-23_33.04,broken_removed,zero_byte
W_2025-04-09_30.41,broken_removed,zero_byte
WAFU_2025-02-25_318.43,broken_removed,zero_byte
WAFU_2025-09-08_129.05,broken_removed,zero_byte
WAI_2025-06-23_36.97,broken_removed,zero_byte
WAI_2025-06-26_69.23,broken_removed,zero_byte
WAI_2025-07-25_79.87,broken_removed,zero_byte
WAI_2025-07-30_34.42,broken_removed,zero_byte
WATT_2025-01-06_83.42,broken_removed,zero_byte
WATT_2025-07-18_30.60,broken_removed,zero_byte
WATT_2025-09-08_36.49,broken_removed,zero_byte
WATT_2025-10-15_30.09,broken_removed,zero_byte
WATT_2025-10-16_63.03,broken_removed,zero_byte
WBD_2025-09-11_37.48,broken_removed,zero_byte
WBTN_2025-08-13_97.12,broken_removed,zero_byte
WBTN_2025-09-16_42.51,broken_removed,zero_byte
WBUY_2025-05-08_11236.03,broken_removed,zero_byte
WBUY_2025-05-09_305.75,broken_removed,zero_byte
WBUY_2025-06-06_116.08,broken_removed,zero_byte
WBUY_2025-06-30_73.71,broken_removed,zero_byte
WCT_2025-01-03_35.92,broken_removed,zero_byte
WDH_2025-07-17_34.48,broken_removed,zero_byte
WETH_2025-08-25_31.05,broken_removed,zero_byte
WETH_2025-10-07_36.15,broken_removed,zero_byte
WETO_2025-05-29_116.84,broken_removed,zero_byte
WETO_2025-07-01_87.44,broken_removed,zero_byte
WFF_2025-03-28_47.20,broken_removed,zero_byte
WFF_2025-05-20_37.67,broken_removed,zero_byte
WFF_2025-06-23_71.87,broken_removed,zero_byte
WFF_2025-06-24_158.68,broken_removed,zero_byte
WFF_2025-06-27_340.66,broken_removed,zero_byte
WFF_2025-08-06_39.36,broken_removed,zero_byte
WFF_2025-09-11_33.19,broken_removed,zero_byte
WGRX_2025-04-14_43.25,broken_removed,zero_byte
WGRX_2025-05-08_62.96,broken_removed,zero_byte
WGRX_2025-05-15_45.25,broken_removed,zero_byte
WGRX_2025-07-18_89.13,broken_removed,zero_byte
WGS_2025-02-18_49.21,broken_removed,zero_byte
WHLR_2025-01-07_43.64,broken_removed,zero_byte
WHLR_2025-01-16_104.25,broken_removed,zero_byte
WHLR_2025-03-04_79.64,broken_removed,zero_byte
WHLR_2025-03-07_54.29,broken_removed,zero_byte
WHLR_2025-04-10_56.96,broken_removed,zero_byte
WIMI_2025-01-07_43.17,broken_removed,zero_byte
WIMI_2025-01-27_35.92,broken_removed,zero_byte
WIMI_2025-02-21_43.29,broken_removed,zero_byte
WIMI_2025-04-16_78.82,broken_removed,zero_byte
WIMI_2025-04-21_30.47,broken_removed,zero_byte
WK_2025-08-01_33.07,broken_removed,zero_byte
WKEY_2025-01-10_62.56,broken_removed,zero_byte
WKEY_2025-01-21_44.02,broken_removed,zero_byte
WKEY_2025-04-11_37.31,broken_removed,zero_byte
WKEY_2025-10-14_31.10,broken_removed,zero_byte
WKEY_2025-10-28_63.32,broken_removed,zero_byte
WKSP_2025-09-03_40.52,broken_removed,zero_byte
WLACW_2025-09-16_536.00,broken_removed,zero_byte
WLACW_2025-09-17_55.64,broken_removed,zero_byte
WLACW_2025-09-18_46.41,broken_removed,zero_byte
WLACW_2025-09-19_120.00,broken_removed,zero_byte
WLACW_2025-09-25_33.57,broken_removed,zero_byte
WLDS_2025-01-31_56.67,broken_removed,zero_byte
WLDS_2025-02-07_31.18,broken_removed,zero_byte
WLDS_2025-03-17_33.59,broken_removed,zero_byte
WLDS_2025-04-23_34.78,broken_removed,zero_byte
WLDS_2025-04-29_78.33,broken_removed,zero_byte
WLDS_2025-05-15_65.58,broken_removed,zero_byte
WLDSW_2025-01-31_86.81,broken_removed,zero_byte
WNW_2025-01-03_33.85,broken_removed,zero_byte
WNW_2025-02-24_80.00,broken_removed,zero_byte
WNW_2025-04-22_137.90,broken_removed,zero_byte
WNW_2025-06-20_32.00,broken_removed,zero_byte
WNW_2025-09-09_83.20,broken_removed,zero_byte
WOK_2025-02-20_140.96,broken_removed,zero_byte
WOK_2025-05-21_88.31,broken_removed,zero_byte
WOK_2025-05-28_35.17,broken_removed,zero_byte
WOK_2025-09-25_37.78,broken_removed,zero_byte
WOK_2025-10-09_38.71,broken_removed,zero_byte
WOK_2025-10-22_32.40,broken_removed,zero_byte
WOLF_2025-01-15_39.00,broken_removed,zero_byte
WOLF_2025-05-02_32.92,broken_removed,zero_byte
WOOF_2025-03-27_40.16,broken_removed,zero_byte
WORX_2025-04-09_72.11,broken_removed,zero_byte
WOW_2025-08-12_50.59,broken_removed,zero_byte
WRD_2025-02-14_146.01,broken_removed,zero_byte
WRD_2025-02-18_39.68,broken_removed,zero_byte
WRD_2025-05-06_33.14,broken_removed,zero_byte
WRD_2025-05-12_30.96,broken_removed,zero_byte
WRD_2025-05-21_30.36,broken_removed,zero_byte
WTF_2025-04-14_37.50,broken_removed,zero_byte
WTF_2025-06-17_49.61,broken_removed,zero_byte
WTO_2025-04-11_75.94,broken_removed,zero_byte
WTO_2025-04-25_43.75,broken_removed,zero_byte
WTO_2025-05-19_30.89,broken_removed,zero_byte
WTO_2025-05-22_32.16,broken_removed,zero_byte
WTO_2025-10-31_33.95,broken_removed,zero_byte
WULF_2025-08-14_60.44,broken_removed,zero_byte
WVVI_2025-01-14_33.24,broken_removed,zero_byte
WW_2025-04-30_54.37,broken_removed,zero_byte
WW_2025-07-07_16570.27,broken_removed,zero_byte
WXM_2025-04-09_63.75,broken_removed,zero_byte
XAIR_2025-06-17_62.64,broken_removed,zero_byte
XAIR_2025-06-20_40.88,broken_removed,zero_byte
XAIR_2025-09-08_116.29,broken_removed,zero_byte
XBIO_2025-06-25_67.51,broken_removed,zero_byte
XBIO_2025-10-07_45.95,broken_removed,zero_byte
XBIO_2025-10-08_224.71,broken_removed,zero_byte
XBP_2025-03-04_56.76,broken_removed,zero_byte
XBP_2025-07-30_184.40,broken_removed,zero_byte
XCH_2025-10-13_202.58,broken_removed,zero_byte
XCH_2025-10-15_43.05,broken_removed,zero_byte
XCUR_2025-01-15_31.90,broken_removed,zero_byte
XCUR_2025-01-17_38.81,broken_removed,zero_byte
XCUR_2025-01-23_47.06,broken_removed,zero_byte
XCUR_2025-03-04_36.75,broken_removed,zero_byte
XCUR_2025-03-06_45.13,broken_removed,zero_byte
XCUR_2025-04-21_35.55,broken_removed,zero_byte
XCUR_2025-06-30_41.94,broken_removed,zero_byte
XCUR_2025-07-03_37.58,broken_removed,zero_byte
XELB_2025-04-24_83.01,broken_removed,zero_byte
XELB_2025-10-03_53.75,broken_removed,zero_byte
XFOR_2025-01-29_65.01,broken_removed,zero_byte
XFOR_2025-07-24_50.00,broken_removed,zero_byte
XFOR_2025-08-12_85.92,broken_removed,zero_byte
XFOR_2025-08-13_33.72,broken_removed,zero_byte
XFOR_2025-08-19_37.35,broken_removed,zero_byte
XFOR_2025-10-24_46.93,broken_removed,zero_byte
XGN_2025-01-17_33.66,broken_removed,zero_byte
XGN_2025-02-04_37.89,broken_removed,zero_byte
XHG_2025-01-08_254.02,broken_removed,zero_byte
XHG_2025-01-10_147.31,broken_removed,zero_byte
XHG_2025-01-13_32.74,broken_removed,zero_byte
XHG_2025-01-17_45.65,broken_removed,zero_byte
XHG_2025-02-14_49.03,broken_removed,zero_byte
XHG_2025-04-04_52.70,broken_removed,zero_byte
XHG_2025-04-09_30.36,broken_removed,zero_byte
XHG_2025-05-09_35.15,broken_removed,zero_byte
XHG_2025-05-13_44.20,broken_removed,zero_byte
XHG_2025-09-09_138.25,broken_removed,zero_byte
XHG_2025-09-12_73.15,broken_removed,zero_byte
XHLD_2025-02-19_33.97,broken_removed,zero_byte
XHLD_2025-03-19_197.33,broken_removed,zero_byte
XHLD_2025-03-21_88.49,broken_removed,zero_byte
XHLD_2025-03-24_87.14,broken_removed,zero_byte
XHLD_2025-04-02_45.59,broken_removed,zero_byte
XHLD_2025-04-03_36.36,broken_removed,zero_byte
XHLD_2025-04-08_37.17,broken_removed,zero_byte
XHLD_2025-05-13_120.00,broken_removed,zero_byte
XLO_2025-02-12_158.75,broken_removed,zero_byte
XLO_2025-05-13_61.42,broken_removed,zero_byte
XMTR_2025-08-05_53.24,broken_removed,zero_byte
XNET_2025-02-27_65.69,broken_removed,zero_byte
XNET_2025-08-15_33.47,broken_removed,zero_byte
XNET_2025-08-18_37.72,broken_removed,zero_byte
XOS_2025-02-20_192.33,broken_removed,zero_byte
XOS_2025-08-14_60.46,broken_removed,zero_byte
XPOF_2025-07-03_35.91,broken_removed,zero_byte
XPON_2025-07-18_53.85,broken_removed,zero_byte
XPON_2025-08-14_319.85,broken_removed,zero_byte
XPON_2025-09-22_30.70,broken_removed,zero_byte
XPON_2025-09-24_55.30,broken_removed,zero_byte
XPRO_2025-07-29_34.44,broken_removed,zero_byte
XRPT_2025-07-11_38.09,broken_removed,zero_byte
XRTX_2025-01-14_43.20,broken_removed,zero_byte
XRTX_2025-10-17_65.88,broken_removed,zero_byte
XTIA_2025-01-06_113.29,broken_removed,zero_byte
XTIA_2025-01-07_172.73,broken_removed,zero_byte
XTIA_2025-06-09_39.25,broken_removed,zero_byte
XTIA_2025-06-11_143.61,broken_removed,zero_byte
XTIA_2025-06-17_52.35,broken_removed,zero_byte
XTKG_2025-03-17_55.02,broken_removed,zero_byte
XTKG_2025-05-09_44.08,broken_removed,zero_byte
XTKG_2025-05-13_101.82,broken_removed,zero_byte
XTKG_2025-06-23_36.59,broken_removed,zero_byte
XTLB_2025-06-24_68.63,broken_removed,zero_byte
YAAS_2025-03-12_31.02,broken_removed,zero_byte
YAAS_2025-06-24_136.08,broken_removed,zero_byte
YAAS_2025-06-27_34.41,broken_removed,zero_byte
YAAS_2025-06-30_55.56,broken_removed,zero_byte
YAAS_2025-07-07_30.51,broken_removed,zero_byte
YAAS_2025-07-24_51.34,broken_removed,zero_byte
YAAS_2025-09-19_96.03,broken_removed,zero_byte
YAAS_2025-09-24_75.37,broken_removed,zero_byte
YAAS_2025-10-03_30.46,broken_removed,zero_byte
YDDL_2025-10-10_64.02,broken_removed,zero_byte
YDDL_2025-10-14_33.47,broken_removed,zero_byte
YDES_2025-09-03_75.40,broken_removed,zero_byte
YDES_2025-09-26_46.58,broken_removed,zero_byte
YDESW_2025-09-03_100.00,broken_removed,zero_byte
YDESW_2025-09-08_43.33,broken_removed,zero_byte
YDESW_2025-09-11_34.43,broken_removed,zero_byte
YDESW_2025-09-12_50.33,broken_removed,zero_byte
YDESW_2025-09-26_48.57,broken_removed,zero_byte
YDESW_2025-10-31_76.47,broken_removed,zero_byte
YDKG_2025-10-21_52.37,broken_removed,zero_byte
YDKG_2025-10-23_30.43,broken_removed,zero_byte
YDKG_2025-10-27_31.46,broken_removed,zero_byte
YIBO_2025-01-27_712.56,broken_removed,zero_byte
YIBO_2025-01-28_98.70,broken_removed,zero_byte
YIBO_2025-05-14_56.40,broken_removed,zero_byte
YJ_2025-03-12_31.43,broken_removed,zero_byte
YJ_2025-05-01_43.45,broken_removed,zero_byte
YJ_2025-10-07_35.53,broken_removed,zero_byte
YMAT_2025-09-19_72.44,broken_removed,zero_byte
YMAT_2025-10-28_57.32,broken_removed,zero_byte
YOUL_2025-07-15_33.21,broken_removed,zero_byte
YOUL_2025-08-21_30.26,broken_removed,zero_byte
YOUL_2025-09-09_150.00,broken_removed,zero_byte
YSXT_2025-01-07_44.77,broken_removed,zero_byte
YSXT_2025-02-06_30.40,broken_removed,zero_byte
YSXT_2025-02-20_61.22,broken_removed,zero_byte
YSXT_2025-04-10_40.46,broken_removed,zero_byte
YSXT_2025-05-22_42.99,broken_removed,zero_byte
YSXT_2025-05-28_65.69,broken_removed,zero_byte
YXT_2025-01-10_30.35,broken_removed,zero_byte
YXT_2025-05-14_33.99,broken_removed,zero_byte
YXT_2025-09-09_31.72,broken_removed,zero_byte
YYAI_2025-01-27_67.41,broken_removed,zero_byte
YYAI_2025-02-18_33.63,broken_removed,zero_byte
YYAI_2025-02-24_198.39,broken_removed,zero_byte
YYAI_2025-07-21_32.25,broken_removed,zero_byte
YYAI_2025-07-23_88.65,broken_removed,zero_byte
YYAI_2025-07-25_54.35,broken_removed,zero_byte
YYAI_2025-07-28_39.05,broken_removed,zero_byte
YYAI_2025-09-10_34.16,broken_removed,zero_byte
YYAI_2025-10-08_137.11,broken_removed,zero_byte
YYGH_2025-04-14_54.75,broken_removed,zero_byte
ZBAI_2025-01-10_43.33,broken_removed,zero_byte
ZBAI_2025-01-13_32.98,broken_removed,zero_byte
ZBAI_2025-01-17_43.33,broken_removed,zero_byte
ZBAI_2025-02-03_118.50,broken_removed,zero_byte
ZBAI_2025-06-11_63.29,broken_removed,zero_byte
ZBAI_2025-07-11_67.21,broken_removed,zero_byte
ZBAI_2025-07-16_42.77,broken_removed,zero_byte
ZBAI_2025-09-15_34.46,broken_removed,zero_byte
ZBAI_2025-10-15_32.68,broken_removed,zero_byte
ZBAO_2025-04-07_127.66,broken_removed,zero_byte
ZBIO_2025-10-27_43.67,broken_removed,zero_byte
ZCMD_2025-06-12_35.58,broken_removed,zero_byte
ZENA_2025-03-12_68.68,broken_removed,zero_byte
ZENA_2025-04-24_38.36,broken_removed,zero_byte
ZENA_2025-05-27_49.60,broken_removed,zero_byte
ZENA_2025-06-05_117.61,broken_removed,zero_byte
ZENA_2025-06-09_37.06,broken_removed,zero_byte
ZENV_2025-01-06_31.84,broken_removed,zero_byte
ZEO_2025-01-15_37.62,broken_removed,zero_byte
ZEO_2025-01-17_65.81,broken_removed,zero_byte
ZEO_2025-04-16_97.06,broken_removed,zero_byte
ZKIN_2025-05-08_132.74,broken_removed,zero_byte
ZKIN_2025-05-09_77.38,broken_removed,zero_byte
ZKIN_2025-05-19_34.60,broken_removed,zero_byte
ZKIN_2025-07-15_56.08,broken_removed,zero_byte
ZKIN_2025-09-10_51.52,broken_removed,zero_byte
ZNB_2025-09-04_148.90,broken_removed,zero_byte
ZNB_2025-09-05_33.08,broken_removed,zero_byte
ZNB_2025-09-09_79.88,broken_removed,zero_byte
ZNB_2025-10-07_215.06,broken_removed,zero_byte
ZNTL_2025-02-05_34.36,broken_removed,zero_byte
ZOOZ_2025-04-22_32.88,broken_removed,zero_byte
ZOOZ_2025-07-22_90.65,broken_removed,zero_byte
ZOOZ_2025-07-23_54.93,broken_removed,zero_byte
ZOOZ_2025-07-25_54.23,broken_removed,zero_byte
ZOOZ_2025-09-10_30.88,broken_removed,zero_byte
ZOOZ_2025-09-19_117.17,broken_removed,zero_byte
ZSPC_2025-02-03_33.82,broken_removed,zero_byte
ZSPC_2025-02-27_37.41,broken_removed,zero_byte
ZSPC_2025-07-23_35.99,broken_removed,zero_byte
ZSPC_2025-08-12_30.55,broken_removed,zero_byte
ZSPC_2025-09-23_48.72,broken_removed,zero_byte
ZSPC_2025-09-29_36.00,broken_removed,zero_byte
ZTEK_2025-09-02_85.07,broken_removed,zero_byte
ZURA_2025-07-17_51.94,broken_removed,zero_byte
ZURA_2025-09-29_55.19,broken_removed,zero_byte
ZURA_2025-09-30_55.52,broken_removed,zero_byte
ZVIA_2025-05-08_57.64,broken_removed,zero_byte
ZYBT_2025-03-25_59.99,broken_removed,zero_byte
ZYBT_2025-04-02_38.16,broken_removed,zero_byte
ZYBT_2025-04-14_42.86,broken_removed,zero_byte
ZYBT_2025-04-16_40.37,broken_removed,zero_byte
ZYBT_2025-04-17_37.40,broken_removed,zero_byte
ZYBT_2025-04-24_34.91,broken_removed,zero_byte
ZYBT_2025-04-28_36.49,broken_removed,zero_byte
ZYBT_2025-05-02_31.16,broken_removed,zero_byte
ZYBT_2025-05-12_33.75,broken_removed,zero_byte
ZYBT_2025-06-10_33.91,broken_removed,zero_byte
ZYBT_2025-08-12_46.47,broken_removed,zero_byte
FGI_2025-10-20_44.12,missing_not_attempted,
FGL_2025-01-06_62.09,missing_not_attempted,
FGL_2025-01-10_30.08,missing_not_attempted,
FGL_2025-01-13_31.18,missing_not_attempted,
FGNX_2025-09-17_34.51,missing_not_attempted,
FHTX_2025-02-10_30.25,missing_not_attempted,
FICO_2025-10-02_32.08,missing_not_attempted,
FIEE_2025-07-31_53.19,missing_not_attempted,
FIG_2025-07-31_423.11,missing_not_attempted,
FLUX_2025-09-16_59.66,missing_not_attempted,
FLUX_2025-10-06_38.07,missing_not_attempted,
FLWS_2025-07-22_31.40,missing_not_attempted,
FLWS_2025-10-22_37.86,missing_not_attempted,
FLX_2025-06-03_37.90,missing_not_attempted,
FLXS_2025-02-04_33.07,missing_not_attempted,
FLXS_2025-08-19_31.30,missing_not_attempted,
FTFT_2025-07-15_32.69,missing_not_attempted,
FTFT_2025-09-12_46.42,missing_not_attempted,
FTHM_2025-05-14_31.77,missing_not_attempted,
FTHM_2025-08-22_33.33,missing_not_attempted,
FTHM_2025-08-25_106.00,missing_not_attempted,
FTHM_2025-08-28_47.45,missing_not_attempted,
FTHM_2025-09-10_31.32,missing_not_attempted,
FTK_2025-05-07_45.66,missing_not_attempted,
FTRE_2025-08-04_31.68,missing_not_attempted,
FTRK_2025-06-03_96.95,missing_not_attempted,
FTRK_2025-06-16_37.45,missing_not_attempted,
GCTK_2025-01-21_66.08,missing_not_attempted,
GCTK_2025-02-04_86.84,missing_not_attempted,
GCTK_2025-02-14_31.50,missing_not_attempted,
GCTK_2025-02-26_41.21,missing_not_attempted,
GCTK_2025-03-20_30.61,missing_not_attempted,
GCTK_2025-04-01_36.39,missing_not_attempted,
GCTK_2025-06-25_156.04,missing_not_attempted,
GCTK_2025-06-27_38.89,missing_not_attempted,
GCTK_2025-07-21_67.24,missing_not_attempted,
GCTK_2025-09-02_39.33,missing_not_attempted,
GCTK_2025-09-12_190.35,missing_not_attempted,
GCTS_2025-05-14_47.02,missing_not_attempted,
GDEV_2025-04-15_37.55,missing_not_attempted,
GDEV_2025-05-05_47.08,missing_not_attempted,
GDEV_2025-09-22_71.06,missing_not_attempted,
GDEV_2025-09-26_41.19,missing_not_attempted,
GDEV_2025-10-02_42.31,missing_not_attempted,
GDHG_2025-03-24_49.47,missing_not_attempted,
GDHG_2025-03-25_114.29,missing_not_attempted,
GDHG_2025-04-03_33.04,missing_not_attempted,
GDHG_2025-04-14_58.86,missing_not_attempted,
GDHG_2025-04-22_44.18,missing_not_attempted,
GDHG_2025-06-30_54.96,missing_not_attempted,
GDHG_2025-07-07_34.39,missing_not_attempted,
GDOT_2025-05-09_35.98,missing_not_attempted,
GDOT_2025-08-12_37.61,missing_not_attempted,
GDRX_2025-08-18_45.04,missing_not_attempted,
GDRX_2025-10-09_32.34,missing_not_attempted,
GGR_2025-04-15_33.55,missing_not_attempted,
GH_2025-10-30_32.67,missing_not_attempted,
GHRS_2025-02-03_93.40,missing_not_attempted,
GIBO_2025-07-10_83.14,missing_not_attempted,
GIBO_2025-07-22_34.98,missing_not_attempted,
GIBO_2025-07-25_65.87,missing_not_attempted,
GIBO_2025-07-28_89.11,missing_not_attempted,
GIBO_2025-07-29_55.36,missing_not_attempted,
GIBO_2025-08-11_31.37,missing_not_attempted,
GIBO_2025-09-09_44.78,missing_not_attempted,
GIFT_2025-01-07_35.00,missing_not_attempted,
GIFT_2025-06-20_34.15,missing_not_attempted,
GIFT_2025-07-30_46.65,missing_not_attempted,
GIGGW_2025-10-08_105.01,missing_not_attempted,
GIGGW_2025-10-14_59.29,missing_not_attempted,
GIGGW_2025-10-23_36.90,missing_not_attempted,
GITS_2025-05-30_228.41,missing_not_attempted,
GITS_2025-07-03_200.61,missing_not_attempted,
GKOS_2025-10-30_33.35,missing_not_attempted,
GNPX_2025-10-15_335.64,missing_not_attempted,
GOGO_2025-05-09_49.83,missing_not_attempted,
GORV_2025-03-10_32.26,missing_not_attempted,
GORV_2025-03-18_36.99,missing_not_attempted,
GORV_2025-03-31_42.20,missing_not_attempted,
GORV_2025-05-16_236.71,missing_not_attempted,
GORV_2025-05-23_135.64,missing_not_attempted,
GORV_2025-09-16_175.10,missing_not_attempted,
GVH_2025-07-22_50.00,missing_not_attempted,
GVH_2025-08-29_30.29,missing_not_attempted,
GWH_2025-05-30_151.22,missing_not_attempted,
GWH_2025-06-26_34.58,missing_not_attempted,
GWH_2025-07-02_31.06,missing_not_attempted,
GWH_2025-07-22_35.90,missing_not_attempted,
GWH_2025-10-10_209.88,missing_not_attempted,
GWH_2025-10-13_233.41,missing_not_attempted,
GWH_2025-10-17_46.81,missing_not_attempted,
HAO_2025-09-11_78.40,missing_not_attempted,
HBI_2025-08-07_32.85,missing_not_attempted,
HBI_2025-08-12_39.75,missing_not_attempted,
HCAI_2025-02-07_36.17,missing_not_attempted,
HCAI_2025-03-14_36.43,missing_not_attempted,
HCAI_2025-03-17_30.65,missing_not_attempted,
HCAI_2025-03-26_53.69,missing_not_attempted,
HCTI_2025-06-12_371.74,missing_not_attempted,
HCTI_2025-06-16_50.25,missing_not_attempted,
HCTI_2025-07-10_32.50,missing_not_attempted,
HCTI_2025-07-23_50.00,missing_not_attempted,
HCTI_2025-07-24_138.10,missing_not_attempted,
HCTI_2025-07-25_60.22,missing_not_attempted,
HCTI_2025-07-31_35.76,missing_not_attempted,
HCTI_2025-10-01_41.44,missing_not_attempted,
HIND_2025-09-17_58.15,missing_not_attempted,
HKPD_2025-06-06_37.80,missing_not_attempted,
HKPD_2025-08-26_145.71,missing_not_attempted,
HKPD_2025-09-05_49.04,missing_not_attempted,
HKPD_2025-09-10_31.99,missing_not_attempted,
HKPD_2025-10-23_48.22,missing_not_attempted,
HLF_2025-02-20_49.47,missing_not_attempted,
HLIO_2025-02-25_30.28,missing_not_attempted,
HLIO_2025-08-05_32.70,missing_not_attempted,
HLLY_2025-08-06_31.86,missing_not_attempted,
HOLO_2025-03-21_60.16,missing_not_attempted,
HOLO_2025-04-16_39.40,missing_not_attempted,
HOLO_2025-04-22_35.90,missing_not_attempted,
HOLO_2025-04-24_31.59,missing_not_attempted,
HOLO_2025-05-27_32.78,missing_not_attempted,
HOLO_2025-05-28_95.70,missing_not_attempted,
HOLO_2025-06-03_39.23,missing_not_attempted,
HOLO_2025-07-11_65.40,missing_not_attempted,
HOOG_2025-04-09_48.78,missing_not_attempted,
HOOG_2025-09-08_31.32,missing_not_attempted,
HOOX_2025-04-09_48.10,missing_not_attempted,
HOOX_2025-09-08_31.68,missing_not_attempted,
HOUR_2025-09-05_185.71,missing_not_attempted,
HOUR_2025-09-08_87.40,missing_not_attempted,
HOUR_2025-09-26_33.43,missing_not_attempted,
HOUS_2025-09-22_70.16,missing_not_attempted,
HOVR_2025-06-13_69.34,missing_not_attempted,
HOVR_2025-06-18_33.52,missing_not_attempted,
HOVR_2025-10-13_33.45,missing_not_attempted,
HSDT_2025-06-18_39.02,missing_not_attempted,
HSDT_2025-07-21_62.36,missing_not_attempted,
HSDT_2025-09-15_223.94,missing_not_attempted,
HSDT_2025-09-16_32.46,missing_not_attempted,
HTCO_2025-03-12_58.86,missing_not_attempted,
HTCO_2025-03-25_47.87,missing_not_attempted,
HTCO_2025-04-14_42.06,missing_not_attempted,
HTCO_2025-05-06_32.59,missing_not_attempted,
HTCO_2025-05-08_31.01,missing_not_attempted,
HTCO_2025-06-18_41.52,missing_not_attempted,
HTCO_2025-08-25_31.60,missing_not_attempted,
HWH_2025-02-24_30.25,missing_not_attempted,
HWH_2025-02-26_64.63,missing_not_attempted,
HWH_2025-03-21_34.85,missing_not_attempted,
HWH_2025-05-12_36.36,missing_not_attempted,
HWH_2025-05-14_71.90,missing_not_attempted,
HWH_2025-07-29_119.44,missing_not_attempted,
HWH_2025-08-05_34.97,missing_not_attempted,
HWH_2025-09-02_439.58,missing_not_attempted,
HWH_2025-09-04_61.62,missing_not_attempted,
HXHX_2025-10-16_30.43,missing_not_attempted,
HYAC.WS_2025-10-10_81.36,missing_not_attempted,
HYFM_2025-04-10_45.83,missing_not_attempted,
HYFM_2025-04-11_30.23,missing_not_attempted,
HYFM_2025-05-05_33.90,missing_not_attempted,
HYPR_2025-03-17_47.99,missing_not_attempted,
HYPR_2025-06-02_97.51,missing_not_attempted,
HYPR_2025-07-17_36.25,missing_not_attempted,
IBEX_2025-09-12_41.14,missing_not_attempted,
IBG_2025-04-02_299.76,missing_not_attempted,
IBG_2025-07-14_138.98,missing_not_attempted,
IBG_2025-07-15_41.75,missing_not_attempted,
IBG_2025-07-18_42.53,missing_not_attempted,
IBG_2025-09-23_252.21,missing_not_attempted,
IBG_2025-09-29_44.77,missing_not_attempted,
IBG_2025-09-30_70.79,missing_not_attempted,
IBG_2025-10-15_53.42,missing_not_attempted,
INEO_2025-05-23_44.15,missing_not_attempted,
INEO_2025-06-11_81.03,missing_not_attempted,
INEO_2025-06-17_74.77,missing_not_attempted,
INEO_2025-08-28_32.29,missing_not_attempted,
INEO_2025-10-23_53.37,missing_not_attempted,
INMB_2025-06-27_85.35,missing_not_attempted,
IONL_2025-04-07_30.62,missing_not_attempted,
IONL_2025-04-09_46.52,missing_not_attempted,
IONL_2025-05-22_89.23,missing_not_attempted,
IONL_2025-09-12_38.60,missing_not_attempted,
IONL_2025-10-13_38.90,missing_not_attempted,
IOTR_2025-04-14_38.64,missing_not_attempted,
IOTR_2025-04-16_48.02,missing_not_attempted,
IOVA_2025-07-23_38.34,missing_not_attempted,
IVVD_2025-10-06_32.76,missing_not_attempted,
JEM_2025-06-11_86.53,missing_not_attempted,
JEM_2025-06-25_30.58,missing_not_attempted,
JEM_2025-07-03_36.07,missing_not_attempted,
JEM_2025-07-30_50.00,missing_not_attempted,
JEM_2025-09-03_66.22,missing_not_attempted,
JG_2025-01-27_248.30,missing_not_attempted,
JG_2025-02-05_32.38,missing_not_attempted,
JG_2025-02-10_56.49,missing_not_attempted,
JUNS_2025-07-11_43.46,missing_not_attempted,
JYD_2025-04-23_213.73,missing_not_attempted,
JYD_2025-05-12_135.97,missing_not_attempted,
JYD_2025-09-22_36.31,missing_not_attempted,
JZXN_2025-01-24_32.90,missing_not_attempted,
JZXN_2025-01-27_44.89,missing_not_attempted,
JZXN_2025-01-28_30.00,missing_not_attempted,
JZXN_2025-02-07_30.59,missing_not_attempted,
JZXN_2025-02-19_47.49,missing_not_attempted,
JZXN_2025-03-04_41.12,missing_not_attempted,
JZXN_2025-04-08_66.35,missing_not_attempted,
JZXN_2025-06-18_45.30,missing_not_attempted,
JZXN_2025-09-19_39.37,missing_not_attempted,
JZXN_2025-09-23_50.00,missing_not_attempted,
JZXN_2025-09-24_46.91,missing_not_attempted,
KBSX_2025-06-11_48.07,missing_not_attempted,
KIDZ_2025-05-08_37.86,missing_not_attempted,
KIDZ_2025-05-16_61.09,missing_not_attempted,
KIDZ_2025-06-02_81.20,missing_not_attempted,
KIDZ_2025-06-03_66.13,missing_not_attempted,
KIDZ_2025-07-31_32.39,missing_not_attempted,
KIDZ_2025-09-09_44.04,missing_not_attempted,
KIDZ_2025-09-10_119.55,missing_not_attempted,
KITT_2025-01-10_40.41,missing_not_attempted,
KITT_2025-01-14_40.10,missing_not_attempted,
KITT_2025-01-15_73.74,missing_not_attempted,
KITT_2025-01-31_48.08,missing_not_attempted,
KITT_2025-03-06_33.21,missing_not_attempted,
KITT_2025-09-22_34.13,missing_not_attempted,
KITT_2025-10-27_94.89,missing_not_attempted,
KLRS_2025-09-03_81.50,missing_not_attempted,
KLRS_2025-09-16_38.81,missing_not_attempted,
KLRS_2025-10-06_32.61,missing_not_attempted,
KLTO_2025-06-09_797.56,missing_not_attempted,
KLTO_2025-06-10_114.83,missing_not_attempted,
KLTO_2025-06-12_68.97,missing_not_attempted,
KLTO_2025-06-30_93.03,missing_not_attempted,
KWM_2025-09-05_41.26,missing_not_attempted,
LASR_2025-05-09_36.47,missing_not_attempted,
LASR_2025-08-08_31.90,missing_not_attempted,
LAWR_2025-08-07_33.75,missing_not_attempted,
LAWR_2025-09-02_146.94,missing_not_attempted,
LAWR_2025-09-18_58.42,missing_not_attempted,
LAYS_2025-04-09_42.00,missing_not_attempted,
LAYS_2025-10-06_35.68,missing_not_attempted,
LBGJ_2025-02-27_72.54,missing_not_attempted,
LBGJ_2025-02-28_50.41,missing_not_attempted,
LBGJ_2025-03-06_30.74,missing_not_attempted,
LBGJ_2025-03-07_32.60,missing_not_attempted,
LBGJ_2025-04-03_35.19,missing_not_attempted,
LBGJ_2025-05-30_38.89,missing_not_attempted,
LBGJ_2025-09-09_38.28,missing_not_attempted,
LBRT_2025-10-17_31.07,missing_not_attempted,
LCDL_2025-07-17_92.40,missing_not_attempted,
LCDL_2025-09-05_30.54,missing_not_attempted,
LCFYW_2025-01-21_95.45,missing_not_attempted,
LCFYW_2025-01-22_47.12,missing_not_attempted,
LCFYW_2025-01-23_83.37,missing_not_attempted,
LCFYW_2025-02-03_120.00,missing_not_attempted,
LCFYW_2025-02-05_49.52,missing_not_attempted,
LCFYW_2025-02-06_64.23,missing_not_attempted,
LCFYW_2025-02-25_51.48,missing_not_attempted,
LCFYW_2025-02-27_31.72,missing_not_attempted,
LCFYW_2025-03-06_56.34,missing_not_attempted,
LCFYW_2025-03-26_37.36,missing_not_attempted,
LCFYW_2025-06-27_81.90,missing_not_attempted,
LCFYW_2025-07-09_63.78,missing_not_attempted,
LCFYW_2025-08-29_55.42,missing_not_attempted,
LIDR_2025-06-30_37.37,missing_not_attempted,
LIDR_2025-07-24_324.78,missing_not_attempted,
LIDR_2025-07-25_83.56,missing_not_attempted,
LIDR_2025-07-28_45.21,missing_not_attempted,
LIMN_2025-06-04_139.81,missing_not_attempted,
LIMN_2025-06-05_95.75,missing_not_attempted,
LIMN_2025-06-12_110.44,missing_not_attempted,
LIMN_2025-06-23_53.36,missing_not_attempted,
LIMN_2025-06-24_35.00,missing_not_attempted,
LIMN_2025-06-30_36.08,missing_not_attempted,
LIMN_2025-07-10_42.72,missing_not_attempted,
LIMN_2025-07-22_33.67,missing_not_attempted,
LIMN_2025-07-24_34.47,missing_not_attempted,
LIMN_2025-08-22_46.04,missing_not_attempted,
LNZA_2025-05-28_32.99,missing_not_attempted,
LNZA_2025-05-30_69.66,missing_not_attempted,
LNZA_2025-07-22_50.06,missing_not_attempted,
LNZA_2025-07-24_49.82,missing_not_attempted,
LNZA_2025-08-20_39.39,missing_not_attempted,
LNZA_2025-09-22_67.67,missing_not_attempted,
LOBO_2025-02-12_34.28,missing_not_attempted,
LOBO_2025-05-13_217.11,missing_not_attempted,
LOBO_2025-05-15_82.24,missing_not_attempted,
LOBO_2025-08-01_253.17,missing_not_attempted,
LOBO_2025-08-05_66.30,missing_not_attempted,
LOBO_2025-10-16_30.11,missing_not_attempted,
LOT_2025-03-24_53.16,missing_not_attempted,
LRHC_2025-01-29_31.18,missing_not_attempted,
LRHC_2025-02-12_53.65,missing_not_attempted,
LRHC_2025-04-24_59.13,missing_not_attempted,
LRHC_2025-05-30_31.40,missing_not_attempted,
LRHC_2025-07-03_191.14,missing_not_attempted,
LVLU_2025-07-31_46.77,missing_not_attempted,
LVLU_2025-09-08_33.42,missing_not_attempted,
LVLU_2025-09-15_43.82,missing_not_attempted,
LVO_2025-01-31_33.33,missing_not_attempted,
LVRO_2025-09-16_96.18,missing_not_attempted,
LVWR_2025-06-10_38.80,missing_not_attempted,
LVWR_2025-09-08_44.07,missing_not_attempted,
LWLG_2025-07-16_32.87,missing_not_attempted,
LWLG_2025-07-22_32.52,missing_not_attempted,
LWLG_2025-08-26_42.03,missing_not_attempted,
LXEH_2025-04-07_107.07,missing_not_attempted,
LXEH_2025-05-06_78.16,missing_not_attempted,
LXEH_2025-07-31_60.71,missing_not_attempted,
LXEH_2025-08-01_36.79,missing_not_attempted,
LXEH_2025-08-25_32.59,missing_not_attempted,
LXEO_2025-03-24_57.56,missing_not_attempted,
LXEO_2025-04-09_45.05,missing_not_attempted,
LXEO_2025-09-24_38.32,missing_not_attempted,
LXEO_2025-10-07_37.25,missing_not_attempted,
MAXI_2025-04-09_32.32,missing_not_attempted,
MBIO_2025-07-07_488.24,missing_not_attempted,
MBIO_2025-07-09_38.35,missing_not_attempted,
MBRX_2025-02-13_769.02,missing_not_attempted,
MBRX_2025-02-14_118.90,missing_not_attempted,
MBRX_2025-02-25_53.27,missing_not_attempted,
MBVIW_2025-10-21_62.86,missing_not_attempted,
MBX_2025-09-22_164.70,missing_not_attempted,
MCTA_2025-10-28_49.12,missing_not_attempted,
MCTA_2025-10-29_46.38,missing_not_attempted,
MCTA_2025-10-30_63.22,missing_not_attempted,
MCTR_2025-01-23_177.14,missing_not_attempted,
MCTR_2025-02-26_30.51,missing_not_attempted,
MCTR_2025-04-10_37.48,missing_not_attempted,
MCTR_2025-06-03_587.57,missing_not_attempted,
MCTR_2025-06-04_66.90,missing_not_attempted,
MCTR_2025-06-05_40.19,missing_not_attempted,
MCTR_2025-06-17_31.23,missing_not_attempted,
MCTR_2025-09-08_31.76,missing_not_attempted,
MCTR_2025-10-31_48.70,missing_not_attempted,
MDCXW_2025-05-19_66.67,missing_not_attempted,
MDCXW_2025-05-20_49.64,missing_not_attempted,
MDCXW_2025-05-27_45.22,missing_not_attempted,
MDCXW_2025-05-29_33.33,missing_not_attempted,
MDCXW_2025-06-26_72.22,missing_not_attempted,
MDCXW_2025-09-17_30.31,missing_not_attempted,
MDCXW_2025-09-18_35.80,missing_not_attempted,
MDCXW_2025-10-02_47.44,missing_not_attempted,
MDCXW_2025-10-28_39.98,missing_not_attempted,
MEGL_2025-06-10_74.07,missing_not_attempted,
MEGL_2025-06-12_32.99,missing_not_attempted,
MEGL_2025-07-24_45.05,missing_not_attempted,
MFI_2025-06-04_145.83,missing_not_attempted,
MFI_2025-06-05_62.18,missing_not_attempted,
MFI_2025-06-09_38.25,missing_not_attempted,
MFI_2025-06-11_55.15,missing_not_attempted,
MFI_2025-06-16_33.23,missing_not_attempted,
MFI_2025-06-23_35.38,missing_not_attempted,
MFI_2025-06-24_32.73,missing_not_attempted,
MFI_2025-08-08_35.59,missing_not_attempted,
MFI_2025-09-12_70.11,missing_not_attempted,
MFI_2025-09-15_35.88,missing_not_attempted,
MLGO_2025-02-27_31.65,missing_not_attempted,
MLGO_2025-03-05_31.33,missing_not_attempted,
MLGO_2025-03-24_508.71,missing_not_attempted,
MLGO_2025-03-25_40.74,missing_not_attempted,
MLGO_2025-03-27_74.87,missing_not_attempted,
MLGO_2025-03-31_73.49,missing_not_attempted,
MLGO_2025-04-01_33.61,missing_not_attempted,
MLGO_2025-04-21_143.36,missing_not_attempted,
MLGO_2025-04-28_34.47,missing_not_attempted,
MLGO_2025-05-12_48.72,missing_not_attempted,
MLGO_2025-05-22_38.22,missing_not_attempted,
MLGO_2025-07-02_43.10,missing_not_attempted,
MLGO_2025-07-09_38.47,missing_not_attempted,
MLGO_2025-09-17_34.37,missing_not_attempted,
MPAA_2025-08-11_32.65,missing_not_attempted,
MSC_2025-09-11_92.17,missing_not_attempted,
MSS_2025-09-09_43.33,missing_not_attempted,
MSS_2025-09-29_314.65,missing_not_attempted,
MSS_2025-09-30_33.04,missing_not_attempted,
MSTX_2025-03-03_30.76,missing_not_attempted,
MSTX_2025-03-04_32.70,missing_not_attempted,
MSTX_2025-04-09_53.88,missing_not_attempted,
MSW_2025-01-10_104.64,missing_not_attempted,
MSW_2025-02-19_34.03,missing_not_attempted,
MSW_2025-05-12_114.55,missing_not_attempted,
MSW_2025-05-13_37.61,missing_not_attempted,
MSW_2025-05-22_35.39,missing_not_attempted,
MSW_2025-06-17_51.97,missing_not_attempted,
MSW_2025-08-12_32.53,missing_not_attempted,
MSW_2025-08-20_48.65,missing_not_attempted,
MTEN_2025-10-16_56.27,missing_not_attempted,
MTEX_2025-01-29_39.07,missing_not_attempted,
MTEX_2025-10-13_33.33,missing_not_attempted,
MWYN_2025-08-01_94.44,missing_not_attempted,
MWYN_2025-09-10_173.38,missing_not_attempted,
MXL_2025-07-24_30.55,missing_not_attempted,
MYE_2025-03-06_30.29,missing_not_attempted,
NAKA_2025-08-08_35.58,missing_not_attempted,
NAKA_2025-08-11_72.20,missing_not_attempted,
NAKA_2025-09-05_30.18,missing_not_attempted,
NAKA_2025-09-09_88.16,missing_not_attempted,
NAMI_2025-03-03_49.43,missing_not_attempted,
NAMI_2025-05-20_54.86,missing_not_attempted,
NAMI_2025-08-27_99.03,missing_not_attempted,
NAMM_2025-07-02_69.04,missing_not_attempted,
NAMM_2025-08-01_46.46,missing_not_attempted,
NAMM_2025-10-13_56.65,missing_not_attempted,
NAOV_2025-01-06_111.31,missing_not_attempted,
NAOV_2025-01-15_37.42,missing_not_attempted,
NAOV_2025-01-30_74.71,missing_not_attempted,
NAOV_2025-02-06_32.16,missing_not_attempted,
NAOV_2025-02-14_53.26,missing_not_attempted,
NAOV_2025-03-17_88.13,missing_not_attempted,
NAOV_2025-03-20_62.58,missing_not_attempted,
NAOV_2025-04-08_452.72,missing_not_attempted,
NAOV_2025-04-14_30.28,missing_not_attempted,
NAOV_2025-05-01_56.99,missing_not_attempted,
NAOV_2025-05-28_33.05,missing_not_attempted,
NAOV_2025-05-29_62.46,missing_not_attempted,
NAOV_2025-06-11_104.06,missing_not_attempted,
NAOV_2025-06-27_51.88,missing_not_attempted,
NAOV_2025-09-15_168.10,missing_not_attempted,
NAUT_2025-05-13_39.70,missing_not_attempted,
NAUT_2025-10-21_41.44,missing_not_attempted,
NCEW_2025-09-09_43.06,missing_not_attempted,
NCNA_2025-06-06_41.77,missing_not_attempted,
NCNA_2025-06-09_91.38,missing_not_attempted,
NCNA_2025-06-10_146.72,missing_not_attempted,
NCNA_2025-06-11_39.37,missing_not_attempted,
NCNA_2025-07-09_130.04,missing_not_attempted,
NCNA_2025-09-30_35.25,missing_not_attempted,
NCNA_2025-10-07_42.13,missing_not_attempted,
NE.WS.A_2025-04-28_34.78,missing_not_attempted,
NEGG_2025-07-10_32.69,missing_not_attempted,
NEGG_2025-07-11_94.92,missing_not_attempted,
NEGG_2025-07-29_45.27,missing_not_attempted,
NEGG_2025-07-31_54.55,missing_not_attempted,
NEGG_2025-08-08_44.67,missing_not_attempted,
NEGG_2025-08-13_33.69,missing_not_attempted,
NEGG_2025-08-14_44.74,missing_not_attempted,
NEGG_2025-08-20_30.87,missing_not_attempted,
NEGG_2025-09-04_36.78,missing_not_attempted,
NEGG_2025-10-24_48.47,missing_not_attempted,
NEOVW_2025-09-09_68.03,missing_not_attempted,
NEPH_2025-06-20_39.66,missing_not_attempted,
NEPH_2025-08-08_40.84,missing_not_attempted,
NPWR.WS_2025-10-29_42.26,missing_not_attempted,
NRDS_2025-05-07_34.75,missing_not_attempted,
NTHI_2025-04-03_49.14,missing_not_attempted,
NTHI_2025-04-04_61.80,missing_not_attempted,
NTHI_2025-05-08_45.19,missing_not_attempted,
NTHI_2025-07-02_69.55,missing_not_attempted,
NTRBW_2025-03-07_32.76,missing_not_attempted,
NTRBW_2025-03-10_52.00,missing_not_attempted,
NTRBW_2025-03-17_73.06,missing_not_attempted,
NTRBW_2025-04-30_81.03,missing_not_attempted,
NTRBW_2025-06-02_102.80,missing_not_attempted,
NTRBW_2025-07-02_154.24,missing_not_attempted,
NTRBW_2025-09-11_34.00,missing_not_attempted,
NTRBW_2025-10-02_45.04,missing_not_attempted,
NTRBW_2025-10-17_35.29,missing_not_attempted,
NTRP_2025-10-24_41.14,missing_not_attempted,
NTZ_2025-08-04_34.35,missing_not_attempted,
NUAI_2025-09-23_89.39,missing_not_attempted,
NUAI_2025-09-25_56.35,missing_not_attempted,
NUAI_2025-09-26_84.78,missing_not_attempted,
NUAI_2025-09-29_44.29,missing_not_attempted,
NUAI_2025-10-09_106.49,missing_not_attempted,
NUAI_2025-10-14_48.09,missing_not_attempted,
NUAI_2025-10-15_40.07,missing_not_attempted,
NUAI_2025-10-17_49.52,missing_not_attempted,
NUAI_2025-10-20_36.48,missing_not_attempted,
NUAI_2025-10-24_56.96,missing_not_attempted,
NUAIW_2025-10-20_102.53,missing_not_attempted,
NUAIW_2025-10-27_37.12,missing_not_attempted,
NUKK_2025-08-29_58.54,missing_not_attempted,
NUKK_2025-09-02_47.64,missing_not_attempted,
NUKK_2025-10-13_31.85,missing_not_attempted,
NVAWW_2025-01-03_40.52,missing_not_attempted,
NVAWW_2025-04-14_38.89,missing_not_attempted,
NVAWW_2025-05-08_32.88,missing_not_attempted,
NVAWW_2025-07-30_36.36,missing_not_attempted,
NVAWW_2025-08-15_42.59,missing_not_attempted,
NVAWW_2025-08-25_34.22,missing_not_attempted,
NVAWW_2025-09-09_69.62,missing_not_attempted,
NVAWW_2025-09-18_48.78,missing_not_attempted,
NVAWW_2025-09-29_33.55,missing_not_attempted,
NVAWW_2025-10-01_41.44,missing_not_attempted,
NVAWW_2025-10-03_48.91,missing_not_attempted,
NVAWW_2025-10-06_43.75,missing_not_attempted,
NVAWW_2025-10-10_41.70,missing_not_attempted,
NVAWW_2025-10-13_45.15,missing_not_attempted,
NVAWW_2025-10-14_163.15,missing_not_attempted,
NVAWW_2025-10-16_39.61,missing_not_attempted,
NVAWW_2025-10-23_45.00,missing_not_attempted,
NVAWW_2025-10-31_64.08,missing_not_attempted,
NVNI_2025-04-30_122.54,missing_not_attempted,
NVNI_2025-05-01_69.44,missing_not_attempted,
NVNI_2025-05-05_63.51,missing_not_attempted,
NVNI_2025-05-09_38.80,missing_not_attempted,
NVNI_2025-07-28_66.55,missing_not_attempted,
NVNI_2025-07-31_52.64,missing_not_attempted,
NVNI_2025-09-17_30.30,missing_not_attempted,
NVNI_2025-09-18_41.60,missing_not_attempted,
NVNI_2025-09-22_65.56,missing_not_attempted,
NVNI_2025-10-14_30.60,missing_not_attempted,
NVNO_2025-06-06_32.18,missing_not_attempted,
NVNO_2025-07-17_31.62,missing_not_attempted,
NVTS_2025-05-22_174.87,missing_not_attempted,
NVTS_2025-05-27_70.73,missing_not_attempted,
NVTS_2025-07-21_39.62,missing_not_attempted,
NVTS_2025-10-14_33.70,missing_not_attempted,
NVX_2025-10-09_31.76,missing_not_attempted,
NVX_2025-10-10_78.29,missing_not_attempted,
NWGL_2025-06-17_71.52,missing_not_attempted,
NWGL_2025-06-18_184.91,missing_not_attempted,
NWGL_2025-09-03_45.63,missing_not_attempted,
NWTG_2025-03-31_69.80,missing_not_attempted,
NWTG_2025-04-04_34.46,missing_not_attempted,
NWTG_2025-04-07_88.17,missing_not_attempted,
NXGLW_2025-02-13_141.82,missing_not_attempted,
NXTT_2025-01-23_33.69,missing_not_attempted,
NXTT_2025-02-20_32.08,missing_not_attempted,
NXTT_2025-02-26_33.33,missing_not_attempted,
NXTT_2025-02-27_34.35,missing_not_attempted,
NXTT_2025-05-09_812.90,missing_not_attempted,
NXTT_2025-05-12_103.39,missing_not_attempted,
NXTT_2025-05-15_52.15,missing_not_attempted,
NXTT_2025-05-22_45.92,missing_not_attempted,
NXTT_2025-06-20_177.41,missing_not_attempted,
NXTT_2025-08-29_92.97,missing_not_attempted,
NXTT_2025-09-08_49.32,missing_not_attempted,
NXTT_2025-09-11_105.56,missing_not_attempted,
NXXT_2025-03-05_30.21,missing_not_attempted,
NXXT_2025-09-23_41.42,missing_not_attempted,
NXXT_2025-10-07_39.13,missing_not_attempted,
OACCW_2025-01-03_38.83,missing_not_attempted,
OACCW_2025-02-25_57.93,missing_not_attempted,
OACCW_2025-03-17_91.43,missing_not_attempted,
OMSE_2025-10-21_48.87,missing_not_attempted,
OPAD_2025-08-28_88.99,missing_not_attempted,
OPAD_2025-09-11_41.30,missing_not_attempted,
OPAL_2025-05-28_30.35,missing_not_attempted,
OPEN_2025-07-18_40.00,missing_not_attempted,
OPEN_2025-07-21_120.89,missing_not_attempted,
OPEN_2025-08-22_41.11,missing_not_attempted,
OPEN_2025-09-11_82.59,missing_not_attempted,
OPFI.WS_2025-01-10_79.98,missing_not_attempted,
OPFI.WS_2025-01-14_41.13,missing_not_attempted,
OPFI.WS_2025-01-15_41.78,missing_not_attempted,
OPFI.WS_2025-01-28_33.54,missing_not_attempted,
OPFI.WS_2025-08-06_56.57,missing_not_attempted,
OPRT_2025-02-13_31.13,missing_not_attempted,
OPRX_2025-03-12_62.80,missing_not_attempted,
OPRX_2025-05-13_38.86,missing_not_attempted,
OPRX_2025-08-08_41.90,missing_not_attempted,
ORCL_2025-09-10_43.15,missing_not_attempted,
ORCX_2025-09-10_85.50,missing_not_attempted,
ORGN_2025-02-20_34.31,missing_not_attempted,
OST_2025-07-03_69.77,missing_not_attempted,
PALI_2025-10-02_35.88,missing_not_attempted,
PALI_2025-10-06_42.50,missing_not_attempted,
PAM_2025-10-27_39.80,missing_not_attempted,
PASG_2025-05-29_30.63,missing_not_attempted,
PASG_2025-07-25_34.37,missing_not_attempted,
PBM_2025-01-13_32.35,missing_not_attempted,
PBM_2025-01-23_30.54,missing_not_attempted,
PBM_2025-01-29_38.06,missing_not_attempted,
PBM_2025-05-05_40.21,missing_not_attempted,
PBM_2025-05-19_47.88,missing_not_attempted,
PBM_2025-05-30_33.52,missing_not_attempted,
PBM_2025-07-22_52.96,missing_not_attempted,
PBM_2025-07-24_33.78,missing_not_attempted,
PBM_2025-07-31_75.93,missing_not_attempted,
PBM_2025-08-04_145.76,missing_not_attempted,
PBM_2025-09-18_48.92,missing_not_attempted,
PBYI_2025-08-11_37.13,missing_not_attempted,
PCLA_2025-01-23_48.94,missing_not_attempted,
PCLA_2025-01-24_79.55,missing_not_attempted,
PCLA_2025-01-27_39.78,missing_not_attempted,
PCLA_2025-02-26_37.54,missing_not_attempted,
PCLA_2025-06-03_46.33,missing_not_attempted,
PCLA_2025-07-10_30.65,missing_not_attempted,
PCTTW_2025-06-17_54.85,missing_not_attempted,
PCTTW_2025-07-07_46.81,missing_not_attempted,
PEPG_2025-09-24_39.98,missing_not_attempted,
PEPG_2025-09-25_138.35,missing_not_attempted,
PLRZ_2025-05-28_150.77,missing_not_attempted,
PLRZ_2025-05-29_33.01,missing_not_attempted,
PLRZ_2025-06-12_72.50,missing_not_attempted,
PLRZ_2025-07-15_94.99,missing_not_attempted,
PLRZ_2025-07-22_105.99,missing_not_attempted,
PLRZ_2025-07-23_68.97,missing_not_attempted,
PLRZ_2025-09-12_38.11,missing_not_attempted,
PMAX_2025-05-28_35.84,missing_not_attempted,
PMAX_2025-08-27_39.31,missing_not_attempted,
PMAX_2025-10-06_36.58,missing_not_attempted,
PMAX_2025-10-13_100.77,missing_not_attempted,
PPCB_2025-04-10_65.60,missing_not_attempted,
PPCB_2025-04-14_292.91,missing_not_attempted,
PPCB_2025-04-16_124.69,missing_not_attempted,
PPCB_2025-04-28_50.00,missing_not_attempted,
PPCB_2025-04-30_54.64,missing_not_attempted,
PPCB_2025-05-01_32.89,missing_not_attempted,
PPCB_2025-05-02_112.50,missing_not_attempted,
PPCB_2025-05-05_122.22,missing_not_attempted,
PPCB_2025-05-06_66.67,missing_not_attempted,
PPCB_2025-05-07_76.33,missing_not_attempted,
PPCB_2025-05-08_49.79,missing_not_attempted,
PPCB_2025-05-23_63.32,missing_not_attempted,
PPCB_2025-06-03_39.20,missing_not_attempted,
PPCB_2025-06-04_49.35,missing_not_attempted,
PPCB_2025-07-09_102.90,missing_not_attempted,
PPCB_2025-07-17_45.06,missing_not_attempted,
PPCB_2025-07-29_31.39,missing_not_attempted,
PPCB_2025-08-11_47.54,missing_not_attempted,
PPCB_2025-08-13_44.71,missing_not_attempted,
PPCB_2025-08-14_30.00,missing_not_attempted,
PPCB_2025-08-18_226.13,missing_not_attempted,
PPCB_2025-08-20_55.04,missing_not_attempted,
PPCB_2025-09-05_31.31,missing_not_attempted,
PPIH_2025-05-02_36.33,missing_not_attempted,
PPIH_2025-06-13_31.37,missing_not_attempted,
PPIH_2025-06-16_30.99,missing_not_attempted,
PSTV_2025-03-07_60.41,missing_not_attempted,
PSTV_2025-03-11_48.81,missing_not_attempted,
PSTV_2025-03-20_307.05,missing_not_attempted,
PSTV_2025-03-25_37.72,missing_not_attempted,
PSTV_2025-04-23_55.02,missing_not_attempted,
PTGX_2025-03-10_51.17,missing_not_attempted,
PTGX_2025-10-10_39.10,missing_not_attempted,
PTHL_2025-02-24_66.67,missing_not_attempted,
PTHL_2025-03-10_46.96,missing_not_attempted,
PTHL_2025-06-06_114.04,missing_not_attempted,
PTHL_2025-07-15_33.69,missing_not_attempted,
PTHL_2025-08-04_62.96,missing_not_attempted,
PTHL_2025-08-26_76.80,missing_not_attempted,
PTHL_2025-09-03_38.82,missing_not_attempted,
PTIR_2025-02-04_54.72,missing_not_attempted,
PTIR_2025-04-09_41.34,missing_not_attempted,
PTIX_2025-01-27_39.24,missing_not_attempted,
PTIX_2025-03-04_71.91,missing_not_attempted,
PTIX_2025-04-01_42.59,missing_not_attempted,
PTIX_2025-04-03_172.24,missing_not_attempted,
PTIX_2025-05-06_46.67,missing_not_attempted,
PTIX_2025-05-19_371.29,missing_not_attempted,
PTIX_2025-08-21_171.93,missing_not_attempted,
PTLE_2025-01-06_46.01,missing_not_attempted,
PTLE_2025-01-22_54.32,missing_not_attempted,
PTLE_2025-05-06_58.83,missing_not_attempted,
PTLE_2025-05-15_30.22,missing_not_attempted,
PTNM_2025-06-04_53.52,missing_not_attempted,
PTNM_2025-07-15_47.29,missing_not_attempted,
PTNM_2025-08-27_83.64,missing_not_attempted,
PTNM_2025-08-28_49.07,missing_not_attempted,
PTNM_2025-09-09_110.22,missing_not_attempted,
PTNM_2025-09-10_81.02,missing_not_attempted,
PTNM_2025-09-25_37.50,missing_not_attempted,
QCLS_2025-10-30_37.37,missing_not_attempted,
QCML_2025-04-09_31.80,missing_not_attempted,
QCML_2025-10-27_42.74,missing_not_attempted,
QCMU_2025-10-27_42.85,missing_not_attempted,
QDEL_2025-05-08_44.06,missing_not_attempted,
QMCO_2025-03-17_40.74,missing_not_attempted,
QMCO_2025-05-19_31.17,missing_not_attempted,
QMCO_2025-09-19_50.14,missing_not_attempted,
QMMM_2025-03-05_37.96,missing_not_attempted,
QMMM_2025-05-08_58.08,missing_not_attempted,
QMMM_2025-05-09_33.96,missing_not_attempted,
QMMM_2025-09-08_51.12,missing_not_attempted,
QMMM_2025-09-09_2588.55,missing_not_attempted,
QMMM_2025-09-12_69.47,missing_not_attempted,
QMMM_2025-09-16_32.40,missing_not_attempted,
QMMM_2025-09-17_35.23,missing_not_attempted,
QMMM_2025-09-22_37.61,missing_not_attempted,
QNTM_2025-03-28_48.60,missing_not_attempted,
QNTM_2025-06-17_39.81,missing_not_attempted,
QNTM_2025-09-10_40.19,missing_not_attempted,
RAPP_2025-06-03_35.53,missing_not_attempted,
RAPP_2025-09-08_194.35,missing_not_attempted,
RAPT_2025-05-23_43.92,missing_not_attempted,
RAPT_2025-07-15_36.93,missing_not_attempted,
RAPT_2025-10-20_44.48,missing_not_attempted,
RCT_2025-04-09_31.75,missing_not_attempted,
RCT_2025-06-27_232.40,missing_not_attempted,
RCT_2025-07-01_78.67,missing_not_attempted,
RCT_2025-07-28_31.82,missing_not_attempted,
RCT_2025-09-22_30.53,missing_not_attempted,
RCT_2025-09-24_69.61,missing_not_attempted,
RCT_2025-09-26_41.94,missing_not_attempted,
RDGT_2025-03-26_35.24,missing_not_attempted,
RDGT_2025-07-15_34.77,missing_not_attempted,
RDGT_2025-10-14_38.26,missing_not_attempted,
RDTL_2025-04-09_54.55,missing_not_attempted,
RDTL_2025-05-14_30.23,missing_not_attempted,
RDTL_2025-06-17_31.51,missing_not_attempted,
RDTL_2025-08-01_43.57,missing_not_attempted,
RDTL_2025-10-31_36.36,missing_not_attempted,
RDW_2025-01-21_52.54,missing_not_attempted,
RDW_2025-04-09_33.33,missing_not_attempted,
RGC_2025-05-08_41.44,missing_not_attempted,
RGC_2025-05-09_79.25,missing_not_attempted,
RGC_2025-05-12_44.92,missing_not_attempted,
RGC_2025-05-14_34.53,missing_not_attempted,
RGC_2025-05-20_32.10,missing_not_attempted,
RGC_2025-05-29_58.54,missing_not_attempted,
RGC_2025-06-06_32.49,missing_not_attempted,
RGC_2025-06-16_433.83,missing_not_attempted,
RGC_2025-06-17_35.38,missing_not_attempted,
RGC_2025-06-24_45.91,missing_not_attempted,
RGC_2025-07-03_170.27,missing_not_attempted,
RGC_2025-07-07_30.49,missing_not_attempted,
RGC_2025-07-23_34.64,missing_not_attempted,
RGTIW_2025-01-15_61.81,missing_not_attempted,
RGTIW_2025-01-21_59.76,missing_not_attempted,
RGTIW_2025-03-14_33.01,missing_not_attempted,
RGTIW_2025-05-22_40.28,missing_not_attempted,
RGTIW_2025-06-11_34.52,missing_not_attempted,
RGTIW_2025-07-16_45.66,missing_not_attempted,
RGTIW_2025-09-12_41.95,missing_not_attempted,
RGTIW_2025-09-18_38.65,missing_not_attempted,
RGTIW_2025-09-19_31.92,missing_not_attempted,
RGTIW_2025-10-02_32.15,missing_not_attempted,
RGTIW_2025-10-13_34.83,missing_not_attempted,
RGTZ_2025-10-16_33.22,missing_not_attempted,
RHLD_2025-03-17_45.37,missing_not_attempted,
RMSG_2025-08-06_133.73,missing_not_attempted,
RMSG_2025-08-12_35.29,missing_not_attempted,
RMSG_2025-08-19_38.24,missing_not_attempted,
RMSG_2025-10-15_54.01,missing_not_attempted,
RMSG_2025-10-16_30.68,missing_not_attempted,
RMTI_2025-08-25_42.98,missing_not_attempted,
RNAC_2025-07-09_37.79,missing_not_attempted,
RNAZ_2025-03-21_116.88,missing_not_attempted,
RNAZ_2025-04-21_41.28,missing_not_attempted,
RNAZ_2025-04-24_49.08,missing_not_attempted,
RNAZ_2025-05-01_93.48,missing_not_attempted,
RNAZ_2025-07-23_82.63,missing_not_attempted,
RNAZ_2025-07-28_35.26,missing_not_attempted,
RNAZ_2025-10-08_71.77,missing_not_attempted,
RYET_2025-05-08_35.84,missing_not_attempted,
RYET_2025-05-12_40.38,missing_not_attempted,
RYET_2025-05-16_46.54,missing_not_attempted,
RYET_2025-06-30_33.33,missing_not_attempted,
RYET_2025-07-10_38.68,missing_not_attempted,
RYET_2025-07-11_36.45,missing_not_attempted,
RYET_2025-07-17_39.02,missing_not_attempted,
RYM_2025-09-29_30.11,missing_not_attempted,
RYOJ_2025-10-16_146.54,missing_not_attempted,
RYOJ_2025-10-21_200.79,missing_not_attempted,
RYOJ_2025-10-28_42.89,missing_not_attempted,
RYTM_2025-07-09_36.71,missing_not_attempted,
RZLVW_2025-10-01_37.12,missing_not_attempted,
RZLVW_2025-10-02_43.14,missing_not_attempted,
RZLVW_2025-10-24_34.99,missing_not_attempted,
SAIH_2025-04-25_38.89,missing_not_attempted,
SAIH_2025-04-29_44.18,missing_not_attempted,
SAIH_2025-05-23_36.04,missing_not_attempted,
SAIH_2025-07-17_41.11,missing_not_attempted,
SAIH_2025-09-09_54.86,missing_not_attempted,
SAIH_2025-09-19_33.88,missing_not_attempted,
SANA_2025-01-08_342.42,missing_not_attempted,
SANA_2025-10-15_47.19,missing_not_attempted,
SANM_2025-10-06_40.47,missing_not_attempted,
SBET_2025-02-06_64.05,missing_not_attempted,
SBET_2025-03-03_35.11,missing_not_attempted,
SBET_2025-04-25_52.07,missing_not_attempted,
SBET_2025-05-05_31.20,missing_not_attempted,
SBET_2025-05-09_30.91,missing_not_attempted,
SBET_2025-05-22_38.35,missing_not_attempted,
SBET_2025-05-23_83.78,missing_not_attempted,
SBET_2025-05-27_695.39,missing_not_attempted,
SBET_2025-05-29_218.48,missing_not_attempted,
SBET_2025-05-30_56.70,missing_not_attempted,
SBET_2025-06-03_49.36,missing_not_attempted,
SBET_2025-06-11_45.73,missing_not_attempted,
SBET_2025-06-16_54.72,missing_not_attempted,
SBET_2025-07-02_33.05,missing_not_attempted,
SBET_2025-07-08_30.39,missing_not_attempted,
SBET_2025-07-16_34.90,missing_not_attempted,
SCNX_2025-03-17_74.50,missing_not_attempted,
SCNX_2025-03-19_30.14,missing_not_attempted,
SCNX_2025-10-16_56.38,missing_not_attempted,
SCNX_2025-10-23_354.94,missing_not_attempted,
SCNX_2025-10-31_43.29,missing_not_attempted,
SCOR_2025-01-23_35.86,missing_not_attempted,
SCOR_2025-09-29_66.31,missing_not_attempted,
SCS_2025-08-04_68.27,missing_not_attempted,
SCWO_2025-10-09_55.71,missing_not_attempted,
SDM_2025-07-28_66.95,missing_not_attempted,
SDM_2025-07-30_34.62,missing_not_attempted,
SDM_2025-08-12_32.74,missing_not_attempted,
SGBX_2025-05-08_48.75,missing_not_attempted,
SGBX_2025-05-22_67.25,missing_not_attempted,
SGBX_2025-05-23_64.29,missing_not_attempted,
SGBX_2025-05-28_162.21,missing_not_attempted,
SGBX_2025-06-02_36.36,missing_not_attempted,
SGBX_2025-06-16_33.48,missing_not_attempted,
SGBX_2025-06-17_31.72,missing_not_attempted,
SGBX_2025-08-06_213.55,missing_not_attempted,
SGBX_2025-08-08_67.25,missing_not_attempted,
SGBX_2025-10-10_127.78,missing_not_attempted,
SGBX_2025-10-17_37.99,missing_not_attempted,
SGBX_2025-10-23_64.03,missing_not_attempted,
SKBL_2025-09-10_54.49,missing_not_attempted,
SKBL_2025-09-22_45.38,missing_not_attempted,
SKIN_2025-05-07_40.95,missing_not_attempted,
SKIN_2025-05-09_53.23,missing_not_attempted,
SKIN_2025-08-08_47.80,missing_not_attempted,
SLDPW_2025-10-10_35.05,missing_not_attempted,
SLDPW_2025-10-13_30.75,missing_not_attempted,
SLDPW_2025-10-14_40.20,missing_not_attempted,
SLDPW_2025-10-16_30.04,missing_not_attempted,
SLDPW_2025-10-31_48.94,missing_not_attempted,
SLGL_2025-01-07_50.03,missing_not_attempted,
SLGL_2025-04-17_54.06,missing_not_attempted,
SLGL_2025-04-21_45.29,missing_not_attempted,
SLGL_2025-05-06_73.30,missing_not_attempted,
SLGL_2025-08-21_46.14,missing_not_attempted,
SLGL_2025-10-06_50.17,missing_not_attempted,
SLMT_2025-10-23_55.69,missing_not_attempted,
SLS_2025-01-27_49.50,missing_not_attempted,
SLXN_2025-01-28_168.95,missing_not_attempted,
SLXN_2025-01-29_155.56,missing_not_attempted,
SLXN_2025-02-05_39.19,missing_not_attempted,
SLXN_2025-02-25_104.00,missing_not_attempted,
SLXN_2025-03-05_60.36,missing_not_attempted,
SLXN_2025-04-23_83.50,missing_not_attempted,
SLXN_2025-07-17_31.51,missing_not_attempted,
SLXN_2025-07-31_97.53,missing_not_attempted,
SLXN_2025-09-11_73.24,missing_not_attempted,
SMCL_2025-01-06_30.90,missing_not_attempted,
SMCL_2025-02-10_35.75,missing_not_attempted,
SMCL_2025-02-18_34.04,missing_not_attempted,
SMCL_2025-02-19_36.68,missing_not_attempted,
SMCL_2025-02-26_46.18,missing_not_attempted,
SMCL_2025-04-09_34.72,missing_not_attempted,
SMCL_2025-05-13_33.30,missing_not_attempted,
SMCL_2025-05-14_39.06,missing_not_attempted,
SMCX_2025-04-09_35.11,missing_not_attempted,
SMCX_2025-05-13_33.36,missing_not_attempted,
SMCX_2025-05-14_39.67,missing_not_attempted,
SMCZ_2025-04-30_40.22,missing_not_attempted,
SMCZ_2025-08-06_43.18,missing_not_attempted,
SMLR_2025-05-16_35.89,missing_not_attempted,
SMLR_2025-10-27_39.52,missing_not_attempted,
SMTK_2025-07-17_50.55,missing_not_attempted,
SMTK_2025-09-02_177.68,missing_not_attempted,
SMTK_2025-09-04_55.17,missing_not_attempted,
SMTK_2025-10-02_49.43,missing_not_attempted,
SMTK_2025-10-07_37.18,missing_not_attempted,
SMTK_2025-10-14_44.04,missing_not_attempted,
SMX_2025-01-10_59.89,missing_not_attempted,
SMX_2025-01-24_57.39,missing_not_attempted,
SMX_2025-04-17_57.53,missing_not_attempted,
SMX_2025-07-25_116.07,missing_not_attempted,
SMX_2025-07-28_56.60,missing_not_attempted,
SMX_2025-08-08_71.52,missing_not_attempted,
SMX_2025-08-29_37.36,missing_not_attempted,
SMX_2025-09-04_77.05,missing_not_attempted,
SMX_2025-09-10_42.75,missing_not_attempted,
SMXT_2025-08-05_168.82,missing_not_attempted,
SONN_2025-09-09_32.22,missing_not_attempted,
SONN_2025-09-12_67.93,missing_not_attempted,
SONN_2025-09-16_42.60,missing_not_attempted,
SOPA_2025-02-10_40.00,missing_not_attempted,
SOPA_2025-02-11_159.62,missing_not_attempted,
SOPA_2025-05-01_42.86,missing_not_attempted,
SOPA_2025-05-02_43.22,missing_not_attempted,
SOPA_2025-08-14_31.50,missing_not_attempted,
SOPA_2025-10-06_345.39,missing_not_attempted,
SORA_2025-08-14_32.51,missing_not_attempted,
SORA_2025-10-08_34.42,missing_not_attempted,
SOS_2025-05-12_33.63,missing_not_attempted,
SOS_2025-09-08_41.80,missing_not_attempted,
SOS_2025-09-09_70.00,missing_not_attempted,
SOUNW_2025-08-08_37.28,missing_not_attempted,
SPPL_2025-09-19_32.50,missing_not_attempted,
SPRB_2025-06-12_47.97,missing_not_attempted,
SPRB_2025-07-11_55.31,missing_not_attempted,
SPRB_2025-09-12_44.89,missing_not_attempted,
SPRB_2025-09-29_31.61,missing_not_attempted,
SPRB_2025-10-06_1827.44,missing_not_attempted,
SPRB_2025-10-07_84.05,missing_not_attempted,
SPRC_2025-03-10_61.14,missing_not_attempted,
SPRC_2025-05-05_73.01,missing_not_attempted,
SPRC_2025-09-17_245.65,missing_not_attempted,
SPRC_2025-09-25_132.38,missing_not_attempted,
SPRC_2025-09-30_59.19,missing_not_attempted,
SPRC_2025-10-15_40.58,missing_not_attempted,
SPRO_2025-05-28_263.64,missing_not_attempted,
SPRO_2025-05-30_31.46,missing_not_attempted,
SPRU_2025-08-08_49.57,missing_not_attempted,
SRI_2025-05-01_30.00,missing_not_attempted,
SST_2025-05-07_42.09,missing_not_attempted,
SST_2025-05-09_35.17,missing_not_attempted,
SST_2025-06-09_41.39,missing_not_attempted,
SST_2025-06-16_61.50,missing_not_attempted,
SST_2025-06-20_84.34,missing_not_attempted,
SST_2025-06-23_57.07,missing_not_attempted,
SST_2025-07-02_33.60,missing_not_attempted,
STAI_2025-01-06_31.82,missing_not_attempted,
STAI_2025-01-07_49.78,missing_not_attempted,
STAI_2025-01-10_31.92,missing_not_attempted,
STAI_2025-01-22_91.16,missing_not_attempted,
STAI_2025-02-14_41.67,missing_not_attempted,
STAI_2025-02-18_115.12,missing_not_attempted,
STAI_2025-02-20_65.61,missing_not_attempted,
STAI_2025-02-25_47.91,missing_not_attempted,
STAI_2025-05-08_37.91,missing_not_attempted,
STAI_2025-07-29_130.19,missing_not_attempted,
STAK_2025-04-14_135.09,missing_not_attempted,
STAK_2025-04-24_36.17,missing_not_attempted,
STAK_2025-06-16_103.59,missing_not_attempted,
STAK_2025-07-22_31.34,missing_not_attempted,
STAK_2025-08-21_32.17,missing_not_attempted,
STAK_2025-09-30_46.94,missing_not_attempted,
STEM_2025-07-18_53.18,missing_not_attempted,
STEM_2025-07-21_36.96,missing_not_attempted,
STEX_2025-10-06_37.21,missing_not_attempted,
STFS_2025-01-14_39.51,missing_not_attempted,
STI_2025-10-24_30.61,missing_not_attempted,
SUNE_2025-04-07_151.38,missing_not_attempted,
SUNE_2025-04-10_47.21,missing_not_attempted,
SUNE_2025-04-14_33.33,missing_not_attempted,
SUNE_2025-04-15_62.37,missing_not_attempted,
SUUN_2025-06-03_45.03,missing_not_attempted,
SUUN_2025-06-16_46.29,missing_not_attempted,
SUUN_2025-08-18_31.57,missing_not_attempted,
TAOP_2025-05-09_65.34,missing_not_attempted,
TAOP_2025-05-12_309.35,missing_not_attempted,
TAOP_2025-05-15_113.09,missing_not_attempted,
TAOP_2025-06-20_35.70,missing_not_attempted,
TAOX_2025-10-13_39.04,missing_not_attempted,
TAOX_2025-10-20_30.01,missing_not_attempted,
TARA_2025-09-22_31.03,missing_not_attempted,
TARK_2025-04-09_35.00,missing_not_attempted,
TBH_2025-04-03_36.89,missing_not_attempted,
TBH_2025-06-05_118.49,missing_not_attempted,
TBH_2025-06-23_33.75,missing_not_attempted,
TBH_2025-07-23_42.50,missing_not_attempted,
TBH_2025-07-25_37.50,missing_not_attempted,
TBH_2025-08-29_39.24,missing_not_attempted,
TBH_2025-09-02_35.14,missing_not_attempted,
TBI_2025-05-13_30.97,missing_not_attempted,
TC_2025-09-10_44.00,missing_not_attempted,
TC_2025-09-11_32.35,missing_not_attempted,
TDTH_2025-01-22_33.95,missing_not_attempted,
TDTH_2025-01-30_57.50,missing_not_attempted,
TDTH_2025-01-31_126.32,missing_not_attempted,
TDTH_2025-03-20_55.45,missing_not_attempted,
TDTH_2025-07-16_86.21,missing_not_attempted,
TDTH_2025-07-18_61.90,missing_not_attempted,
TDTH_2025-07-21_46.85,missing_not_attempted,
TDTH_2025-07-22_34.00,missing_not_attempted,
TGE_2025-10-31_91.07,missing_not_attempted,
TGL_2025-04-09_76.55,missing_not_attempted,
TGL_2025-04-16_111.54,missing_not_attempted,
TGL_2025-05-16_37.36,missing_not_attempted,
TGL_2025-06-04_40.14,missing_not_attempted,
TGL_2025-09-11_99.55,missing_not_attempted,
TGL_2025-10-27_62.05,missing_not_attempted,
TGNA_2025-08-11_30.89,missing_not_attempted,
TGS_2025-10-27_45.64,missing_not_attempted,
TLSIW_2025-09-09_41.29,missing_not_attempted,
TMCWW_2025-10-13_62.74,missing_not_attempted,
TNMG_2025-01-29_31.82,missing_not_attempted,
TNMG_2025-02-13_41.96,missing_not_attempted,
TNMG_2025-02-20_128.14,missing_not_attempted,
TNMG_2025-05-14_45.83,missing_not_attempted,
TNMG_2025-05-20_121.51,missing_not_attempted,
TNON_2025-08-01_143.14,missing_not_attempted,
TNXP_2025-01-22_39.18,missing_not_attempted,
TNXP_2025-01-28_41.47,missing_not_attempted,
TNXP_2025-02-07_63.70,missing_not_attempted,
TNXP_2025-03-05_50.00,missing_not_attempted,
TNXP_2025-03-06_69.98,missing_not_attempted,
TNXP_2025-03-18_33.29,missing_not_attempted,
TNXP_2025-03-21_31.85,missing_not_attempted,
TNXP_2025-03-24_64.26,missing_not_attempted,
TNXP_2025-05-16_30.73,missing_not_attempted,
TNXP_2025-05-27_30.80,missing_not_attempted,
TNXP_2025-08-12_36.09,missing_not_attempted,
TRNR_2025-04-08_38.20,missing_not_attempted,
TRNR_2025-06-11_56.54,missing_not_attempted,
TRNR_2025-07-07_30.63,missing_not_attempted,
TRON_2025-09-08_44.07,missing_not_attempted,
TRON_2025-10-02_32.99,missing_not_attempted,
UGRO_2025-02-06_33.33,missing_not_attempted,
ULY_2025-04-29_58.00,missing_not_attempted,
ULY_2025-04-30_57.67,missing_not_attempted,
ULY_2025-06-25_109.76,missing_not_attempted,
ULY_2025-10-07_79.49,missing_not_attempted,
UONEK_2025-07-08_100.31,missing_not_attempted,
UPC_2025-04-08_52.10,missing_not_attempted,
UPC_2025-04-16_57.70,missing_not_attempted,
UPC_2025-04-21_53.65,missing_not_attempted,
UPC_2025-04-28_65.00,missing_not_attempted,
UPC_2025-05-05_37.42,missing_not_attempted,
UPC_2025-05-12_53.69,missing_not_attempted,
UPC_2025-07-28_34.90,missing_not_attempted,
UPC_2025-08-13_58.36,missing_not_attempted,
UPC_2025-09-08_48.73,missing_not_attempted,
UPC_2025-09-19_63.86,missing_not_attempted,
UPC_2025-10-08_112.77,missing_not_attempted,
UPLD_2025-07-28_49.74,missing_not_attempted,
UPLD_2025-08-18_31.95,missing_not_attempted,
UPLD_2025-08-20_51.55,missing_not_attempted,
UPXI_2025-04-25_66.94,missing_not_attempted,
UPXI_2025-05-02_33.33,missing_not_attempted,
UPXI_2025-05-21_30.57,missing_not_attempted,
UPXI_2025-07-16_48.08,missing_not_attempted,
UPXI_2025-07-21_41.98,missing_not_attempted,
USARW_2025-04-24_43.33,missing_not_attempted,
USARW_2025-06-04_47.50,missing_not_attempted,
USARW_2025-06-12_33.21,missing_not_attempted,
USARW_2025-07-10_33.33,missing_not_attempted,
USARW_2025-07-15_54.35,missing_not_attempted,
USARW_2025-08-12_39.02,missing_not_attempted,
USARW_2025-10-02_56.35,missing_not_attempted,
USARW_2025-10-03_46.93,missing_not_attempted,
USARW_2025-10-07_31.45,missing_not_attempted,
USARW_2025-10-09_38.56,missing_not_attempted,
USARW_2025-10-10_36.18,missing_not_attempted,
USARW_2025-10-13_54.71,missing_not_attempted,
VEEE_2025-09-05_78.35,missing_not_attempted,
VELO_2025-08-21_34.49,missing_not_attempted,
VELO_2025-08-22_32.31,missing_not_attempted,
VELO_2025-08-25_30.85,missing_not_attempted,
VELO_2025-10-07_35.03,missing_not_attempted,
VELO_2025-10-13_33.93,missing_not_attempted,
VELO_2025-10-14_36.04,missing_not_attempted,
VOR_2025-06-24_62.07,missing_not_attempted,
VOR_2025-06-25_103.58,missing_not_attempted,
VOR_2025-06-26_127.27,missing_not_attempted,
VOR_2025-06-27_38.20,missing_not_attempted,
VOR_2025-06-30_64.15,missing_not_attempted,
VOR_2025-07-03_35.52,missing_not_attempted,
VOR_2025-07-07_67.54,missing_not_attempted,
VOR_2025-08-13_38.55,missing_not_attempted,
VRME_2025-01-15_52.81,missing_not_attempted,
VRME_2025-07-31_115.68,missing_not_attempted,
VRME_2025-09-19_45.85,missing_not_attempted,
VRME_2025-10-20_30.97,missing_not_attempted,
VRTL_2025-04-09_41.79,missing_not_attempted,
VRTL_2025-04-23_39.87,missing_not_attempted,
VSA_2025-06-06_36.20,missing_not_attempted,
VSA_2025-07-11_32.61,missing_not_attempted,
VSA_2025-07-14_38.54,missing_not_attempted,
VSA_2025-09-09_30.74,missing_not_attempted,
VSAT_2025-01-21_41.17,missing_not_attempted,
VSAT_2025-08-06_34.29,missing_not_attempted,
VVPR_2025-03-26_143.36,missing_not_attempted,
VVPR_2025-03-27_59.33,missing_not_attempted,
VVPR_2025-05-28_40.56,missing_not_attempted,
VVPR_2025-05-29_30.40,missing_not_attempted,
VVPR_2025-06-04_38.25,missing_not_attempted,
VVPR_2025-08-08_47.41,missing_not_attempted,
VWAV_2025-07-28_435.74,missing_not_attempted,
VWAV_2025-07-30_53.43,missing_not_attempted,
VWAVW_2025-10-17_88.57,missing_not_attempted,
VWAVW_2025-10-20_54.05,missing_not_attempted,
VWAVW_2025-10-22_72.44,missing_not_attempted,
VWAVW_2025-10-27_37.87,missing_not_attempted,
VWAVW_2025-10-31_31.62,missing_not_attempted,
WAI_2025-08-27_227.14,missing_not_attempted,
WAI_2025-08-28_62.64,missing_not_attempted,
WAI_2025-09-11_31.20,missing_not_attempted,
WAI_2025-09-26_59.18,missing_not_attempted,
WAI_2025-10-10_43.79,missing_not_attempted,
WCT_2025-03-06_31.81,missing_not_attempted,
WGRX_2025-08-18_77.11,missing_not_attempted,
WGRX_2025-08-25_89.42,missing_not_attempted,
WGRX_2025-10-24_262.37,missing_not_attempted,
WHLR_2025-04-25_44.35,missing_not_attempted,
WHLR_2025-06-04_83.02,missing_not_attempted,
WHLR_2025-06-20_193.86,missing_not_attempted,
WHLR_2025-08-27_45.45,missing_not_attempted,
WHLR_2025-08-28_31.13,missing_not_attempted,
WHLR_2025-09-11_42.31,missing_not_attempted,
WHWK_2025-10-16_79.52,missing_not_attempted,
WKEY_2025-10-29_30.31,missing_not_attempted,
WKHS_2025-03-25_31.96,missing_not_attempted,
WKHS_2025-07-07_37.93,missing_not_attempted,
WKHS_2025-07-08_85.71,missing_not_attempted,
WKHS_2025-07-09_43.54,missing_not_attempted,
WKHS_2025-07-11_92.78,missing_not_attempted,
WKHS_2025-07-16_31.46,missing_not_attempted,
WLACW_2025-10-08_34.30,missing_not_attempted,
WLACW_2025-10-14_33.00,missing_not_attempted,
WLDN_2025-03-07_31.11,missing_not_attempted,
WLDS_2025-06-24_53.52,missing_not_attempted,
WLDS_2025-09-10_967.65,missing_not_attempted,
WLDS_2025-09-11_93.05,missing_not_attempted,
WLDS_2025-09-12_40.57,missing_not_attempted,
WLDS_2025-09-19_43.01,missing_not_attempted,
WLDSW_2025-02-07_283.58,missing_not_attempted,
WLDSW_2025-02-13_428.02,missing_not_attempted,
WLDSW_2025-02-18_44.00,missing_not_attempted,
WLDSW_2025-02-19_50.00,missing_not_attempted,
WLDSW_2025-02-21_47.06,missing_not_attempted,
WLDSW_2025-03-04_37.70,missing_not_attempted,
WLDSW_2025-03-05_34.84,missing_not_attempted,
WLDSW_2025-03-12_54.73,missing_not_attempted,
WLDSW_2025-03-17_534.71,missing_not_attempted,
WLDSW_2025-04-09_32.45,missing_not_attempted,
WLDSW_2025-05-20_33.33,missing_not_attempted,
WLDSW_2025-06-12_43.75,missing_not_attempted,
WLDSW_2025-06-18_42.45,missing_not_attempted,
WLDSW_2025-08-07_69.23,missing_not_attempted,
WLDSW_2025-08-21_125.00,missing_not_attempted,
WLDSW_2025-09-05_38.00,missing_not_attempted,
WLDSW_2025-09-10_63.39,missing_not_attempted,
WLDSW_2025-09-11_109.14,missing_not_attempted,
WLDSW_2025-09-16_32.04,missing_not_attempted,
WLDSW_2025-09-17_57.70,missing_not_attempted,
WLDSW_2025-10-08_39.55,missing_not_attempted,
WLDSW_2025-10-15_45.28,missing_not_attempted,
WOLF_2025-05-22_46.09,missing_not_attempted,
WOLF_2025-07-01_175.83,missing_not_attempted,
WOLF_2025-07-03_74.62,missing_not_attempted,
WOLF_2025-07-07_134.75,missing_not_attempted,
WOLF_2025-07-08_44.16,missing_not_attempted,
WOLF_2025-07-23_44.37,missing_not_attempted,
WOLF_2025-09-09_60.93,missing_not_attempted,
WOLF_2025-09-15_36.27,missing_not_attempted,
WOLF_2025-09-29_1726.45,missing_not_attempted,
WOLF_2025-09-30_55.11,missing_not_attempted,
WXM_2025-04-14_46.04,missing_not_attempted,
WXM_2025-04-30_33.33,missing_not_attempted,
WXM_2025-05-06_36.41,missing_not_attempted,
WXM_2025-06-24_40.43,missing_not_attempted,
WXM_2025-06-27_34.39,missing_not_attempted,
WXM_2025-09-09_33.01,missing_not_attempted,
WYFI_2025-09-10_33.22,missing_not_attempted,
WYHG_2025-01-10_31.08,missing_not_attempted,
WYHG_2025-01-29_35.33,missing_not_attempted,
WYHG_2025-06-30_44.83,missing_not_attempted,
XTLB_2025-07-09_34.15,missing_not_attempted,
XTLB_2025-08-04_30.22,missing_not_attempted,
XTLB_2025-10-07_37.68,missing_not_attempted,
XTLB_2025-10-08_83.56,missing_not_attempted,
XWEL_2025-05-08_32.60,missing_not_attempted,
XWEL_2025-05-13_39.53,missing_not_attempted,
XXII_2025-01-08_71.30,missing_not_attempted,
XXII_2025-01-13_155.42,missing_not_attempted,
XXII_2025-01-14_63.33,missing_not_attempted,
XXII_2025-01-15_48.35,missing_not_attempted,
XXII_2025-04-09_132.38,missing_not_attempted,
XXII_2025-05-02_35.00,missing_not_attempted,
XXII_2025-05-05_41.29,missing_not_attempted,
XXII_2025-06-26_37.88,missing_not_attempted,
XXII_2025-07-17_106.77,missing_not_attempted,
XXII_2025-09-25_42.72,missing_not_attempted,
YDKG_2025-10-31_38.88,missing_not_attempted,
YEXT_2025-06-04_34.16,missing_not_attempted,
YGMZ_2025-01-17_36.23,missing_not_attempted,
YGMZ_2025-04-17_63.51,missing_not_attempted,
YGMZ_2025-08-20_31.54,missing_not_attempted,
YGMZ_2025-10-16_39.24,missing_not_attempted,
YHC_2025-02-12_47.48,missing_not_attempted,
YHC_2025-02-24_33.04,missing_not_attempted,
YHC_2025-03-12_31.25,missing_not_attempted,
YHC_2025-05-02_33.33,missing_not_attempted,
YHC_2025-05-12_286.93,missing_not_attempted,
YHC_2025-07-01_37.41,missing_not_attempted,
YHC_2025-07-11_50.00,missing_not_attempted,
YHC_2025-07-14_90.00,missing_not_attempted,
YHC_2025-07-16_182.03,missing_not_attempted,
YHC_2025-08-07_48.33,missing_not_attempted,
YHGJ_2025-01-27_113.45,missing_not_attempted,
YHGJ_2025-07-21_37.82,missing_not_attempted,
YHGJ_2025-08-27_50.83,missing_not_attempted,
YHGJ_2025-10-10_71.50,missing_not_attempted,
YPF_2025-10-27_38.37,missing_not_attempted,
YSXT_2025-06-03_56.85,missing_not_attempted,
YSXT_2025-08-19_41.97,missing_not_attempted,
YSXT_2025-09-16_90.49,missing_not_attempted,
YSXT_2025-10-10_38.35,missing_not_attempted,
YTRA_2025-08-11_37.40,missing_not_attempted,
YYAI_2025-10-09_43.26,missing_not_attempted,
YYAI_2025-10-22_159.44,missing_not_attempted,
ZEO_2025-05-29_119.62,missing_not_attempted,
ZEO_2025-06-23_31.43,missing_not_attempted,
ZEO_2025-09-19_52.58,missing_not_attempted,
ZEO_2025-10-10_40.88,missing_not_attempted,
ZEPP_2025-07-08_107.47,missing_not_attempted,
ZEPP_2025-07-11_71.67,missing_not_attempted,
ZEPP_2025-07-15_56.64,missing_not_attempted,
ZEPP_2025-08-04_48.15,missing_not_attempted,
ZEPP_2025-08-05_40.30,missing_not_attempted,
ZGM_2025-09-12_54.51,missing_not_attempted,
ZIPP_2025-04-09_33.78,missing_not_attempted,
ZJK_2025-01-06_64.98,missing_not_attempted,
ZSPC_2025-10-09_67.29,missing_not_attempted,
ZYBT_2025-08-20_36.58,missing_not_attempted,
ZYBT_2025-09-02_39.74,missing_not_attempted,
ZYBT_2025-09-30_100.00,missing_not_attempted,
ZYXI_2025-08-04_42.29,missing_not_attempted,
