folder,total,null_sip_timestamp,null_price,null_size,error
AACG_trades_2025_07_21.parquet,1466,0,0,0,
AACG_trades_2025_07_30.parquet,2012,0,0,0,
AACG_trades_2025_07_31.parquet,3589,0,0,0,
AACG_trades_2025_08_04.parquet,28183,0,0,0,
AAME_trades_2025_08_14.parquet,1009,0,0,0,
AAOI_trades_2025_03_14.parquet,143646,0,0,0,
AAOI_trades_2025_04_09.parquet,55420,0,0,0,
AAPB_trades_2025_04_09.parquet,5248,0,0,0,
AAPU_trades_2025_04_09.parquet,31158,0,0,0,
AAP_trades_2025_05_22.parquet,253474,0,0,0,
AARD_trades_2025_02_20.parquet,4451,0,0,0,
ABAT_trades_2025_04_29.parquet,25056,0,0,0,
ABAT_trades_2025_07_21.parquet,67491,0,0,0,
ABAT_trades_2025_10_13.parquet,230109,0,0,0,
ABAT_trades_2025_10_20.parquet,187317,0,0,0,
ABEO_trades_2025_04_30.parquet,89936,0,0,0,
ABLLL_trades_2025_01_07.parquet,189,0,0,0,
ABLV_trades_2025_01_08.parquet,85,0,0,0,
ABLV_trades_2025_02_11.parquet,6707,0,0,0,
ABLV_trades_2025_03_07.parquet,32527,0,0,0,
ABLV_trades_2025_03_19.parquet,1015,0,0,0,
ABLV_trades_2025_09_10.parquet,2444,0,0,0,
ABP_trades_2025_05_15.parquet,437538,0,0,0,
ABP_trades_2025_05_19.parquet,149177,0,0,0,
ABP_trades_2025_05_28.parquet,14632,0,0,0,
ABP_trades_2025_07_23.parquet,23161,0,0,0,
ABP_trades_2025_07_28.parquet,48443,0,0,0,
ABSI_trades_2025_01_08.parquet,289986,0,0,0,
ABSI_trades_2025_01_22.parquet,92205,0,0,0,
ABTS_trades_2025_04_14.parquet,721,0,0,0,
ABTS_trades_2025_04_25.parquet,470,0,0,0,
ABTS_trades_2025_05_09.parquet,58834,0,0,0,
ABTS_trades_2025_07_02.parquet,1550,0,0,0,
ABTS_trades_2025_07_11.parquet,1466,0,0,0,
ABTS_trades_2025_09_19.parquet,1616,0,0,0,
ABTS_trades_2025_09_22.parquet,1910,0,0,0,
ABVC_trades_2025_04_01.parquet,4796,0,0,0,
ABVC_trades_2025_04_07.parquet,12891,0,0,0,
ABVC_trades_2025_07_08.parquet,11689,0,0,0,
ABVEW_trades_2025_10_08.parquet,1872,0,0,0,
ABVEW_trades_2025_10_16.parquet,3420,0,0,0,
ABVEW_trades_2025_10_17.parquet,580,0,0,0,
ABVEW_trades_2025_10_27.parquet,1448,0,0,0,
ABVE_trades_2025_04_28.parquet,11985,0,0,0,
ABVE_trades_2025_04_29.parquet,26139,0,0,0,
ABVE_trades_2025_04_30.parquet,20383,0,0,0,
ABVE_trades_2025_05_01.parquet,13111,0,0,0,
ABVE_trades_2025_05_13.parquet,3339,0,0,0,
ABVE_trades_2025_05_22.parquet,2709,0,0,0,
ABVE_trades_2025_06_16.parquet,3531,0,0,0,
ABVE_trades_2025_07_07.parquet,26865,0,0,0,
ABVE_trades_2025_07_10.parquet,907583,0,0,0,
ABVE_trades_2025_07_11.parquet,1319018,0,0,0,
ABVE_trades_2025_07_17.parquet,677358,0,0,0,
ABVE_trades_2025_09_24.parquet,17928,0,0,0,
ABVE_trades_2025_10_08.parquet,155089,0,0,0,
ABVE_trades_2025_10_23.parquet,16886,0,0,0,
ABVX_trades_2025_07_23.parquet,421938,0,0,0,
ACAD_trades_2025_05_16.parquet,175308,0,0,0,
ACB_trades_2025_02_05.parquet,315869,0,0,0,
ACB_trades_2025_09_29.parquet,54482,0,0,0,
ACCL_trades_2025_10_24.parquet,1628,0,0,0,
ACCL_trades_2025_10_31.parquet,2763,0,0,0,
ACHR.WS_trades_2025_04_09.parquet,542,0,0,0,
ACHR.WS_trades_2025_05_13.parquet,3115,0,0,0,
ACHR.WS_trades_2025_05_16.parquet,3207,0,0,0,
ACHR.WS_trades_2025_10_06.parquet,3295,0,0,0,
ACHV_trades_2025_10_17.parquet,76585,0,0,0,
ACOG_trades_2025_05_16.parquet,3165,0,0,0,
ACON_trades_2025_01_03.parquet,231292,0,0,0,
ACON_trades_2025_01_24.parquet,240518,0,0,0,
ACON_trades_2025_01_30.parquet,53189,0,0,0,
ACON_trades_2025_02_04.parquet,92894,0,0,0,
ACON_trades_2025_02_28.parquet,81250,0,0,0,
ACON_trades_2025_03_03.parquet,649826,0,0,0,
ACON_trades_2025_03_05.parquet,38809,0,0,0,
ACON_trades_2025_03_14.parquet,27023,0,0,0,
ACON_trades_2025_03_17.parquet,175230,0,0,0,
ACON_trades_2025_10_13.parquet,111800,0,0,0,
ACRV_trades_2025_02_05.parquet,7889,0,0,0,
ACRV_trades_2025_04_15.parquet,9292,0,0,0,
ACRV_trades_2025_09_08.parquet,175641,0,0,0,
ACXP_trades_2025_01_06.parquet,4380,0,0,0,
ACXP_trades_2025_06_17.parquet,637119,0,0,0,
ACXP_trades_2025_08_28.parquet,4433,0,0,0,
ACXP_trades_2025_10_08.parquet,392108,0,0,0,
ADAG_trades_2025_08_06.parquet,1309,0,0,0,
ADAG_trades_2025_09_09.parquet,1959,0,0,0,
ADCT_trades_2025_05_14.parquet,10268,0,0,0,
ADGM_trades_2025_04_17.parquet,468377,0,0,0,
ADGM_trades_2025_08_27.parquet,695,0,0,0,
ADIL_trades_2025_02_25.parquet,112576,0,0,0,
ADIL_trades_2025_05_02.parquet,60000,0,0,0,
ADPT_trades_2025_05_02.parquet,130225,0,0,0,
ADSEW_trades_2025_05_09.parquet,287,0,0,0,
ADSEW_trades_2025_05_16.parquet,347,0,0,0,
ADSEW_trades_2025_06_04.parquet,413,0,0,0,
ADSEW_trades_2025_06_10.parquet,92,0,0,0,
ADSEW_trades_2025_07_18.parquet,169,0,0,0,
ADSEW_trades_2025_08_29.parquet,114,0,0,0,
ADSEW_trades_2025_09_30.parquet,273,0,0,0,
ADSEW_trades_2025_10_20.parquet,128,0,0,0,
ADTX_trades_2025_01_15.parquet,71230,0,0,0,
ADTX_trades_2025_01_16.parquet,186484,0,0,0,
ADTX_trades_2025_02_18.parquet,355531,0,0,0,
ADTX_trades_2025_02_19.parquet,249653,0,0,0,
ADTX_trades_2025_03_05.parquet,50708,0,0,0,
ADTX_trades_2025_03_18.parquet,679860,0,0,0,
ADTX_trades_2025_03_19.parquet,380177,0,0,0,
ADTX_trades_2025_04_17.parquet,6517,0,0,0,
ADTX_trades_2025_06_25.parquet,82303,0,0,0,
ADVB_trades_2025_04_28.parquet,219,0,0,0,
ADVB_trades_2025_05_12.parquet,911,0,0,0,
ADVM_trades_2025_09_19.parquet,5154,0,0,0,
ADVM_trades_2025_09_23.parquet,57991,0,0,0,
ADXN_trades_2025_02_24.parquet,943,0,0,0,
ADXN_trades_2025_06_06.parquet,733,0,0,0,
ADXN_trades_2025_09_12.parquet,28692,0,0,0,
ADXN_trades_2025_10_17.parquet,6617,0,0,0,
AEBI_trades_2025_07_03.parquet,84588,0,0,0,
AEHL_trades_2025_02_12.parquet,18007,0,0,0,
AEHL_trades_2025_04_04.parquet,76671,0,0,0,
AEHL_trades_2025_04_09.parquet,296752,0,0,0,
AEHL_trades_2025_04_11.parquet,6629,0,0,0,
AEHL_trades_2025_04_22.parquet,4417,0,0,0,
AEHL_trades_2025_07_29.parquet,89161,0,0,0,
AEHL_trades_2025_08_14.parquet,1695,0,0,0,
AEHL_trades_2025_09_10.parquet,678415,0,0,0,
AEHR_trades_2025_04_09.parquet,25210,0,0,0,
AEHR_trades_2025_07_22.parquet,77051,0,0,0,
AEHR_trades_2025_08_25.parquet,105463,0,0,0,
AEI_trades_2025_06_30.parquet,3286,0,0,0,
AEI_trades_2025_09_03.parquet,95111,0,0,0,
AEI_trades_2025_09_08.parquet,4966,0,0,0,
AEI_trades_2025_09_11.parquet,11632,0,0,0,
AEI_trades_2025_09_16.parquet,9910,0,0,0,
AEMD_trades_2025_07_09.parquet,21193,0,0,0,
AEMD_trades_2025_08_21.parquet,546687,0,0,0,
AEMD_trades_2025_08_28.parquet,7342,0,0,0,
AEO_trades_2025_09_04.parquet,457332,0,0,0,
AERT_trades_2025_06_10.parquet,6258,0,0,0,
AERT_trades_2025_06_16.parquet,3993,0,0,0,
AERT_trades_2025_08_14.parquet,360109,0,0,0,
AERT_trades_2025_09_18.parquet,360443,0,0,0,
AEVAW_trades_2025_06_27.parquet,498,0,0,0,
AEVAW_trades_2025_07_02.parquet,425,0,0,0,
AEVA_trades_2025_03_20.parquet,29015,0,0,0,
AFRIW_trades_2025_01_30.parquet,28,0,0,0,
AFRIW_trades_2025_02_12.parquet,975,0,0,0,
AGAE_trades_2025_01_06.parquet,699,0,0,0,
AGAE_trades_2025_05_12.parquet,7774,0,0,0,
AGAE_trades_2025_05_28.parquet,23127,0,0,0,
AGAE_trades_2025_06_03.parquet,1961,0,0,0,
AGAE_trades_2025_06_12.parquet,2090,0,0,0,
AGAE_trades_2025_09_12.parquet,451785,0,0,0,
AGCC_trades_2025_10_28.parquet,6550,0,0,0,
AGEN_trades_2025_04_22.parquet,21650,1650,0,0,
AGEN_trades_2025_05_12.parquet,20812,0,0,0,
AGH_trades_2025_02_19.parquet,4624,0,0,0,
AGH_trades_2025_02_20.parquet,13884,0,0,0,
AGH_trades_2025_02_26.parquet,5080,0,0,0,
AGH_trades_2025_03_20.parquet,16384,0,0,0,
AGH_trades_2025_07_23.parquet,83050,0,0,0,
AGH_trades_2025_07_25.parquet,19513,0,0,0,
AGH_trades_2025_08_11.parquet,6493,0,0,0,
AGH_trades_2025_09_10.parquet,5349,0,0,0,
AGH_trades_2025_09_26.parquet,8087,0,0,0,
AGH_trades_2025_10_20.parquet,7040,0,0,0,
AGL_trades_2025_04_08.parquet,88494,0,0,0,
AGMH_trades_2025_03_06.parquet,592193,0,0,0,
AGMH_trades_2025_04_02.parquet,49865,0,0,0,
AGMH_trades_2025_04_23.parquet,307771,0,0,0,
AGMH_trades_2025_04_25.parquet,137020,0,0,0,
AGMH_trades_2025_04_28.parquet,657122,0,0,0,
AGMH_trades_2025_05_05.parquet,153002,0,0,0,
AGMH_trades_2025_05_16.parquet,94024,0,0,0,
AGMH_trades_2025_06_04.parquet,30083,0,0,0,
AGMH_trades_2025_09_09.parquet,2854,0,0,0,
AGMH_trades_2025_09_10.parquet,70659,0,0,0,
AGMH_trades_2025_09_19.parquet,2056601,0,0,0,
AGRZ_trades_2025_10_07.parquet,5974,0,0,0,
AGRZ_trades_2025_10_08.parquet,3095,0,0,0,
AGRZ_trades_2025_10_10.parquet,4465,0,0,0,
AGRZ_trades_2025_10_16.parquet,5334,0,0,0,
AGRZ_trades_2025_10_21.parquet,3383,0,0,0,
AGX_trades_2025_03_28.parquet,33143,0,0,0,
AHG_trades_2025_04_22.parquet,1380,0,0,0,
AHG_trades_2025_07_09.parquet,5961,0,0,0,
AHMA_trades_2025_10_29.parquet,3735,0,0,0,
AHT_trades_2025_02_13.parquet,1936,0,0,0,
AIFF_trades_2025_01_14.parquet,704763,0,0,0,
AIFF_trades_2025_02_11.parquet,1095082,0,0,0,
AIFF_trades_2025_02_12.parquet,756671,0,0,0,
AIFF_trades_2025_02_13.parquet,390324,0,0,0,
AIFF_trades_2025_03_14.parquet,10959,0,0,0,
AIFF_trades_2025_03_17.parquet,14691,0,0,0,
AIFF_trades_2025_05_05.parquet,213849,0,0,0,
AIFF_trades_2025_08_26.parquet,374746,0,0,0,
AIFU_trades_2025_02_07.parquet,6089,0,0,0,
AIFU_trades_2025_05_02.parquet,74941,0,0,0,
AIFU_trades_2025_05_06.parquet,431657,0,0,0,
AIFU_trades_2025_05_12.parquet,64273,0,0,0,
AIFU_trades_2025_06_24.parquet,14341,0,0,0,
AIHS_trades_2025_06_05.parquet,95898,0,0,0,
AIHS_trades_2025_06_10.parquet,22567,0,0,0,
AIHS_trades_2025_09_03.parquet,1254750,0,0,0,
AIHS_trades_2025_09_08.parquet,8761,0,0,0,
AIHS_trades_2025_09_16.parquet,386789,0,0,0,
AIHS_trades_2025_10_01.parquet,101117,0,0,0,
AIIO_trades_2025_09_15.parquet,97959,0,0,0,
AIIO_trades_2025_09_16.parquet,102241,0,0,0,
AIIO_trades_2025_09_18.parquet,61203,0,0,0,
AIIO_trades_2025_09_25.parquet,54348,0,0,0,
AIIO_trades_2025_09_30.parquet,80752,0,0,0,
AIMD_trades_2025_01_06.parquet,11094,0,0,0,
AIMD_trades_2025_01_10.parquet,25351,0,0,0,
AIMD_trades_2025_01_14.parquet,2121,0,0,0,
AIMD_trades_2025_05_28.parquet,2257,0,0,0,
AIMD_trades_2025_08_06.parquet,765967,0,0,0,
AIOT_trades_2025_02_10.parquet,60871,0,0,0,
AIP_trades_2025_08_05.parquet,239838,0,0,0,
AIP_trades_2025_10_06.parquet,36782,0,0,0,
AIRE_trades_2025_09_11.parquet,248699,0,0,0,
AIRE_trades_2025_09_12.parquet,195083,0,0,0,
AIRE_trades_2025_10_22.parquet,461094,0,0,0,
AIRE_trades_2025_10_23.parquet,127728,0,0,0,
AIRG_trades_2025_07_18.parquet,3941,0,0,0,
AIRJW_trades_2025_02_13.parquet,198,0,0,0,
AIRJW_trades_2025_10_15.parquet,1464,0,0,0,
AIRO_trades_2025_06_16.parquet,2113357,1991160,0,0,
AIRO_trades_2025_07_11.parquet,40463,0,0,0,
AIRS_trades_2025_05_02.parquet,16829,0,0,0,
AISPW_trades_2025_01_14.parquet,326,0,0,0,
AISPW_trades_2025_01_15.parquet,694,0,0,0,
AISPW_trades_2025_02_26.parquet,184,0,0,0,
AISPW_trades_2025_03_25.parquet,459,0,0,0,
AISPW_trades_2025_05_19.parquet,978,0,0,0,
AISPW_trades_2025_09_12.parquet,773,0,0,0,
AISPW_trades_2025_10_06.parquet,1493,0,0,0,
AISPW_trades_2025_10_13.parquet,583,0,0,0,
AI_trades_2025_05_29.parquet,433407,0,0,0,
AKAN_trades_2025_08_01.parquet,34493,0,0,0,
AKAN_trades_2025_09_29.parquet,5105,0,0,0,
AKAN_trades_2025_10_01.parquet,237206,0,0,0,
AKA_trades_2025_05_14.parquet,3343,0,0,0,
AKA_trades_2025_10_14.parquet,8175,0,0,0,
AKBA_trades_2025_03_14.parquet,30456,0,0,0,
AKRO_trades_2025_01_27.parquet,181975,0,0,0,
AKTX_trades_2025_03_20.parquet,691,0,0,0,
AKTX_trades_2025_09_24.parquet,9302,0,0,0,
ALAB_trades_2025_08_06.parquet,244325,0,0,0,
ALAR_trades_2025_06_09.parquet,17457,0,0,0,
ALBT_trades_2025_02_26.parquet,3277,0,0,0,
ALBT_trades_2025_03_14.parquet,641,0,0,0,
ALBT_trades_2025_03_19.parquet,838,0,0,0,
ALBT_trades_2025_04_16.parquet,3261,0,0,0,
ALBT_trades_2025_07_28.parquet,162265,0,0,0,
ALDFW_trades_2025_10_17.parquet,316,0,0,0,
ALDX_trades_2025_04_04.parquet,55911,0,0,0,
ALEC_trades_2025_08_08.parquet,33427,0,0,0,
ALLO_trades_2025_02_14.parquet,82854,0,0,0,
ALLO_trades_2025_02_18.parquet,244185,0,0,0,
ALLO_trades_2025_02_19.parquet,95101,0,0,0,
ALLR_trades_2025_01_08.parquet,70103,0,0,0,
ALLR_trades_2025_01_23.parquet,19670,0,0,0,
ALLR_trades_2025_01_27.parquet,35751,0,0,0,
ALLR_trades_2025_08_26.parquet,946049,0,0,0,
ALMS_trades_2025_03_25.parquet,122083,0,0,0,
ALMS_trades_2025_03_26.parquet,42235,0,0,0,
ALMS_trades_2025_04_02.parquet,26778,0,0,0,
ALMU_trades_2025_04_28.parquet,2282,0,0,0,
ALMU_trades_2025_06_25.parquet,9831,0,0,0,
ALUR_trades_2025_01_14.parquet,3739,0,0,0,
ALUR_trades_2025_01_24.parquet,802487,0,0,0,
ALUR_trades_2025_03_21.parquet,458241,0,0,0,
ALUR_trades_2025_05_14.parquet,40370,0,0,0,
ALVOW_trades_2025_01_08.parquet,293,0,0,0,
ALVOW_trades_2025_03_11.parquet,28,0,0,0,
ALVOW_trades_2025_03_13.parquet,236,0,0,0,
ALVOW_trades_2025_03_21.parquet,116,0,0,0,
ALVOW_trades_2025_04_09.parquet,56,0,0,0,
ALVOW_trades_2025_05_08.parquet,166,0,0,0,
ALVOW_trades_2025_06_02.parquet,496,0,0,0,
ALVOW_trades_2025_07_24.parquet,173,0,0,0,
ALVOW_trades_2025_07_25.parquet,142,0,0,0,
ALVOW_trades_2025_08_12.parquet,139,0,0,0,
ALVOW_trades_2025_08_18.parquet,111,0,0,0,
ALVOW_trades_2025_09_23.parquet,78,0,0,0,
ALVOW_trades_2025_09_30.parquet,189,0,0,0,
ALVOW_trades_2025_10_22.parquet,86,0,0,0,
ALVOW_trades_2025_10_23.parquet,104,0,0,0,
ALVOW_trades_2025_10_30.parquet,285,0,0,0,
ALXO_trades_2025_03_06.parquet,39830,0,0,0,
ALXO_trades_2025_08_18.parquet,25135,0,0,0,
ALZN_trades_2025_03_17.parquet,1832,0,0,0,
ALZN_trades_2025_05_29.parquet,642450,0,0,0,
AMBA_trades_2025_08_29.parquet,85696,0,0,0,
AMBP_trades_2025_04_24.parquet,32247,6934,0,0,
AMBQ_trades_2025_07_31.parquet,46393,0,0,0,
AMCX_trades_2025_08_08.parquet,24996,0,0,0,
AMDG_trades_2025_04_09.parquet,319,0,0,0,
AMDG_trades_2025_10_06.parquet,16528,0,0,0,
AMDL_trades_2025_04_09.parquet,26670,0,0,0,
AMDL_trades_2025_10_06.parquet,420684,0,0,0,
AMDU_trades_2025_10_06.parquet,732,0,0,0,
AMD_trades_2025_10_06.parquet,3011654,0,0,0,
AMIX_trades_2025_06_27.parquet,141475,0,0,0,
AMIX_trades_2025_07_21.parquet,92566,0,0,0,
AMLX_trades_2025_06_24.parquet,30722,0,0,0,
AMOD_trades_2025_01_17.parquet,4081,0,0,0,
AMOD_trades_2025_01_30.parquet,704470,0,0,0,
AMOD_trades_2025_02_13.parquet,599817,0,0,0,
AMOD_trades_2025_03_12.parquet,1593,0,0,0,
AMOD_trades_2025_07_23.parquet,543058,0,0,0,
AMPGW_trades_2025_01_03.parquet,42,0,0,0,
AMPGW_trades_2025_01_06.parquet,134,0,0,0,
AMPGW_trades_2025_01_10.parquet,130,0,0,0,
AMPGW_trades_2025_01_14.parquet,72,0,0,0,
AMPGW_trades_2025_01_31.parquet,342,0,0,0,
AMPGW_trades_2025_02_04.parquet,82,0,0,0,
AMPX.WS_trades_2025_07_08.parquet,925,0,0,0,
AMPX.WS_trades_2025_07_09.parquet,4813,0,0,0,
AMPX.WS_trades_2025_07_10.parquet,2625,0,0,0,
AMPX.WS_trades_2025_08_04.parquet,480,0,0,0,
AMPX.WS_trades_2025_08_08.parquet,1243,0,0,0,
AMPX.WS_trades_2025_10_15.parquet,1600,0,0,0,
AMPX_trades_2025_01_10.parquet,35191,0,0,0,
AMPX_trades_2025_03_21.parquet,35497,0,0,0,
AMRC_trades_2025_05_06.parquet,27095,0,0,0,
AMRC_trades_2025_08_05.parquet,37772,0,0,0,
AMRN_trades_2025_06_24.parquet,10707,0,0,0,
AMSC_trades_2025_02_06.parquet,76741,0,0,0,
AMSC_trades_2025_07_31.parquet,69455,9441,0,0,
AMST_trades_2025_02_27.parquet,215807,0,0,0,
AMST_trades_2025_05_16.parquet,502571,0,0,0,
AMST_trades_2025_09_11.parquet,558155,0,0,0,
AMTD_trades_2025_10_31.parquet,60882,0,0,0,
AMUU_trades_2025_04_09.parquet,257,0,0,0,
AMUU_trades_2025_10_06.parquet,15446,0,0,0,
ANAB_trades_2025_02_12.parquet,92998,0,0,0,
ANAB_trades_2025_09_30.parquet,42386,0,0,0,
ANEB_trades_2025_03_10.parquet,423,0,0,0,
ANEB_trades_2025_03_11.parquet,1879,0,0,0,
ANEB_trades_2025_07_01.parquet,973,0,0,0,
ANEB_trades_2025_07_02.parquet,1136,0,0,0,
ANEB_trades_2025_07_23.parquet,143535,0,0,0,
ANF_trades_2025_05_28.parquet,234780,0,0,0,
ANGH_trades_2025_07_14.parquet,754,0,0,0,
ANGH_trades_2025_07_28.parquet,75669,0,0,0,
ANGI_trades_2025_05_07.parquet,57746,0,0,0,
ANGO_trades_2025_01_08.parquet,31658,165,0,0,
ANGX_trades_2025_09_12.parquet,14088,0,0,0,
ANGX_trades_2025_09_15.parquet,9858,0,0,0,
ANGX_trades_2025_09_29.parquet,18264,0,0,0,
ANGX_trades_2025_10_01.parquet,20103,0,0,0,
ANNA_trades_2025_01_10.parquet,842,0,0,0,
ANNA_trades_2025_03_20.parquet,2652,0,0,0,
ANNA_trades_2025_04_16.parquet,590,0,0,0,
ANNX_trades_2025_03_17.parquet,22068,0,0,0,
ANPA_trades_2025_07_09.parquet,43457,0,0,0,
ANPA_trades_2025_07_15.parquet,81167,0,0,0,
ANPA_trades_2025_07_17.parquet,3678,0,0,0,
ANPA_trades_2025_07_18.parquet,11381,0,0,0,
ANPA_trades_2025_07_21.parquet,3769,0,0,0,
ANPA_trades_2025_07_23.parquet,35757,0,0,0,
ANPA_trades_2025_07_24.parquet,26424,0,0,0,
ANPA_trades_2025_07_29.parquet,10686,0,0,0,
ANRO_trades_2025_10_03.parquet,477796,0,0,0,
ANRO_trades_2025_10_20.parquet,153681,0,0,0,
ANSCW_trades_2025_02_11.parquet,42,0,0,0,
ANVS_trades_2025_04_21.parquet,13065,0,0,0,
ANVS_trades_2025_06_04.parquet,12885,0,0,0,
APED_trades_2025_04_09.parquet,42,0,0,0,
APEI_trades_2025_03_07.parquet,6779,0,0,0,
APLD_trades_2025_06_02.parquet,694600,0,0,0,
APLD_trades_2025_06_04.parquet,618364,0,0,0,
APLD_trades_2025_07_31.parquet,539063,0,0,0,
APLD_trades_2025_10_10.parquet,689240,0,0,0,
APLM_trades_2025_03_20.parquet,1963,0,0,0,
APLM_trades_2025_05_21.parquet,1015,0,0,0,
APLM_trades_2025_07_21.parquet,11082,0,0,0,
APLM_trades_2025_09_04.parquet,2476,0,0,0,
APLM_trades_2025_09_15.parquet,4370,0,0,0,
APLM_trades_2025_09_16.parquet,2834,0,0,0,
APLM_trades_2025_09_17.parquet,13717,0,0,0,
APLM_trades_2025_10_15.parquet,13695,0,0,0,
APLM_trades_2025_10_16.parquet,7625,0,0,0,
APLM_trades_2025_10_31.parquet,3214,0,0,0,
APLT_trades_2025_09_26.parquet,167238,0,0,0,
APM_trades_2025_02_10.parquet,5114,0,0,0,
APM_trades_2025_04_15.parquet,6985,0,0,0,
APM_trades_2025_06_04.parquet,3182,0,0,0,
APM_trades_2025_07_16.parquet,828167,0,0,0,
APM_trades_2025_08_21.parquet,1604548,0,0,0,
APM_trades_2025_09_30.parquet,8078,0,0,0,
APPS_trades_2025_02_06.parquet,391401,0,0,0,
APPS_trades_2025_04_09.parquet,23760,0,0,0,
APPS_trades_2025_06_17.parquet,346442,0,0,0,
APPX_trades_2025_05_08.parquet,2278,0,0,0,
APPX_trades_2025_08_07.parquet,26066,0,0,0,
APP_trades_2025_02_13.parquet,371453,0,0,0,
APRE_trades_2025_01_03.parquet,1365,0,0,0,
APVO_trades_2025_04_02.parquet,118618,0,0,0,
APVO_trades_2025_04_03.parquet,448409,0,0,0,
APVO_trades_2025_04_21.parquet,202422,0,0,0,
APVO_trades_2025_05_21.parquet,162950,0,0,0,
APVO_trades_2025_06_18.parquet,880910,0,0,0,
APVO_trades_2025_09_16.parquet,525114,0,0,0,
APVO_trades_2025_09_18.parquet,509123,0,0,0,
APVO_trades_2025_10_07.parquet,176239,0,0,0,
APYX_trades_2025_05_13.parquet,28445,0,0,0,
AQB_trades_2025_03_26.parquet,99478,0,0,0,
AQB_trades_2025_08_28.parquet,277934,0,0,0,
AQB_trades_2025_09_18.parquet,130900,0,0,0,
AQMS_trades_2025_06_10.parquet,10139,0,0,0,
AQMS_trades_2025_07_09.parquet,199599,0,0,0,
AQMS_trades_2025_09_24.parquet,325797,0,0,0,
AQMS_trades_2025_09_26.parquet,220407,0,0,0,
AQMS_trades_2025_10_13.parquet,341782,0,0,0,
AQMS_trades_2025_10_14.parquet,493025,0,0,0,
AQMS_trades_2025_10_16.parquet,110329,0,0,0,
AQMS_trades_2025_10_30.parquet,62936,0,0,0,
ARAI_trades_2025_05_28.parquet,13608,0,0,0,
ARAI_trades_2025_06_10.parquet,349657,0,0,0,
ARAI_trades_2025_10_06.parquet,10085,0,0,0,
ARAI_trades_2025_10_14.parquet,8265,0,0,0,
ARBB_trades_2025_01_06.parquet,2114,0,0,0,
ARBB_trades_2025_02_28.parquet,137334,0,0,0,
ARBB_trades_2025_03_05.parquet,254896,0,0,0,
ARBB_trades_2025_03_07.parquet,42083,0,0,0,
ARBB_trades_2025_04_14.parquet,25668,0,0,0,
ARBB_trades_2025_04_15.parquet,186124,0,0,0,
ARBB_trades_2025_09_19.parquet,100154,0,0,0,
ARBB_trades_2025_09_22.parquet,141916,0,0,0,
ARBB_trades_2025_10_30.parquet,45780,0,0,0,
ARBEW_trades_2025_01_07.parquet,2472,0,0,0,
ARBE_trades_2025_01_03.parquet,23582,0,0,0,
ARBE_trades_2025_01_06.parquet,559454,0,0,0,
ARBE_trades_2025_09_22.parquet,132571,0,0,0,
ARBKL_trades_2025_07_01.parquet,1973,0,0,0,
ARBKL_trades_2025_07_14.parquet,925,0,0,0,
ARBKL_trades_2025_08_15.parquet,272,0,0,0,
ARCT_trades_2025_08_12.parquet,26675,0,0,0,
ARCT_trades_2025_08_13.parquet,26894,0,0,0,
ARDX_trades_2025_10_31.parquet,92712,0,0,0,
AREB_trades_2025_01_07.parquet,23992,0,0,0,
AREB_trades_2025_03_12.parquet,203465,0,0,0,
AREB_trades_2025_03_19.parquet,13141,0,0,0,
AREB_trades_2025_03_26.parquet,44929,0,0,0,
AREB_trades_2025_04_01.parquet,8812,0,0,0,
AREB_trades_2025_04_02.parquet,480321,0,0,0,
AREB_trades_2025_04_04.parquet,18766778,18127233,0,0,
AREB_trades_2025_04_10.parquet,263045,0,0,0,
AREB_trades_2025_04_11.parquet,76388,0,0,0,
AREB_trades_2025_04_14.parquet,104391,0,0,0,
AREB_trades_2025_04_23.parquet,353189,0,0,0,
AREB_trades_2025_04_24.parquet,377945,0,0,0,
AREB_trades_2025_05_06.parquet,172558,0,0,0,
AREB_trades_2025_09_23.parquet,78686,0,0,0,
AREB_trades_2025_09_26.parquet,33699,0,0,0,
AREB_trades_2025_10_08.parquet,86682,0,0,0,
AREB_trades_2025_10_22.parquet,285425,0,0,0,
AREB_trades_2025_10_23.parquet,319022,0,0,0,
AREC_trades_2025_04_16.parquet,96934,0,0,0,
AREC_trades_2025_04_17.parquet,161134,0,0,0,
AREC_trades_2025_07_10.parquet,9874,0,0,0,
AREC_trades_2025_10_14.parquet,187406,0,0,0,
ARHS_trades_2025_08_07.parquet,51803,0,0,0,
ARMG_trades_2025_01_22.parquet,1252,0,0,0,
ARMG_trades_2025_04_09.parquet,778,0,0,0,
ARQQW_trades_2025_03_07.parquet,163,0,0,0,
ARQQW_trades_2025_03_14.parquet,335,0,0,0,
ARQQW_trades_2025_03_17.parquet,670,0,0,0,
ARQQW_trades_2025_03_31.parquet,232,0,0,0,
ARQQW_trades_2025_04_22.parquet,412,0,0,0,
ARQQW_trades_2025_09_19.parquet,2103,0,0,0,
ARQQW_trades_2025_09_22.parquet,3422,0,0,0,
ARQQW_trades_2025_09_24.parquet,1395,0,0,0,
ARQQW_trades_2025_09_29.parquet,501,0,0,0,
ARQQW_trades_2025_10_02.parquet,1100,0,0,0,
ARQQW_trades_2025_10_03.parquet,2585,0,0,0,
ARQQ_trades_2025_01_15.parquet,17182,0,0,0,
ARQQ_trades_2025_01_16.parquet,52734,0,0,0,
ARQQ_trades_2025_03_17.parquet,33833,0,0,0,
ARQQ_trades_2025_05_19.parquet,32448,0,0,0,
ARQQ_trades_2025_05_27.parquet,39157,0,0,0,
ARQT_trades_2025_10_28.parquet,115517,0,0,0,
ARTL_trades_2025_04_14.parquet,77595,0,0,0,
ARTL_trades_2025_06_30.parquet,411115,0,0,0,
ARTL_trades_2025_07_02.parquet,6391,0,0,0,
ARTL_trades_2025_07_07.parquet,166704,0,0,0,
ARTL_trades_2025_07_08.parquet,5658,0,0,0,
ARTL_trades_2025_07_09.parquet,18019,0,0,0,
ARTL_trades_2025_07_10.parquet,6241,0,0,0,
ARTV_trades_2025_04_07.parquet,52841,0,0,0,
ARTV_trades_2025_10_17.parquet,863324,0,0,0,
ASMG_trades_2025_04_09.parquet,287,0,0,0,
ASNS_trades_2025_03_18.parquet,9877,0,0,0,
ASNS_trades_2025_09_02.parquet,209927,0,0,0,
ASNS_trades_2025_10_03.parquet,585436,0,0,0,
ASNS_trades_2025_10_07.parquet,26990,0,0,0,
ASPI_trades_2025_10_13.parquet,147248,0,0,0,
ASPS_trades_2025_01_08.parquet,1961,0,0,0,
ASPS_trades_2025_04_03.parquet,1383,0,0,0,
ASST_trades_2025_01_21.parquet,643787,0,0,0,
ASST_trades_2025_01_22.parquet,389816,0,0,0,
ASST_trades_2025_05_07.parquet,1009243,0,0,0,
ASST_trades_2025_05_08.parquet,1317067,0,0,0,
ASST_trades_2025_05_15.parquet,130315,0,0,0,
ASST_trades_2025_05_21.parquet,358545,0,0,0,
ASST_trades_2025_05_22.parquet,276161,0,0,0,
ASST_trades_2025_07_07.parquet,447764,0,0,0,
ASST_trades_2025_08_11.parquet,18908,0,0,0,
ASST_trades_2025_09_10.parquet,390009,0,0,0,
ASST_trades_2025_10_24.parquet,301710,0,0,0,
ASST_trades_2025_10_27.parquet,1297166,0,0,0,
ASTC_trades_2025_10_03.parquet,278644,0,0,0,
ASTH_trades_2025_08_08.parquet,28814,0,0,0,
ASTI_trades_2025_06_26.parquet,494927,0,0,0,
ASTI_trades_2025_06_27.parquet,66214,0,0,0,
ASTLW_trades_2025_02_18.parquet,14,0,0,0,
ATAI_trades_2025_07_01.parquet,199754,0,0,0,
ATEC_trades_2025_08_01.parquet,96790,0,0,0,
ATER_trades_2025_02_04.parquet,2471,0,0,0,
ATER_trades_2025_03_19.parquet,232272,0,0,0,
ATEX_trades_2025_02_11.parquet,15392,0,0,0,
ATGL_trades_2025_02_11.parquet,2013,0,0,0,
ATGL_trades_2025_02_19.parquet,10157,0,0,0,
ATGL_trades_2025_03_07.parquet,1404,0,0,0,
ATGL_trades_2025_03_18.parquet,2529,0,0,0,
ATGL_trades_2025_08_20.parquet,6280,0,0,0,
ATGL_trades_2025_08_25.parquet,650,0,0,0,
ATHE_trades_2025_01_30.parquet,200163,0,0,0,
ATHE_trades_2025_05_05.parquet,7661,0,0,0,
ATHE_trades_2025_07_11.parquet,5096,0,0,0,
ATHR_trades_2025_05_21.parquet,3005,0,0,0,
ATHR_trades_2025_07_24.parquet,21732,0,0,0,
ATLN_trades_2025_01_06.parquet,1109,0,0,0,
ATLN_trades_2025_03_03.parquet,5741,0,0,0,
ATLN_trades_2025_03_04.parquet,1466,0,0,0,
ATLN_trades_2025_03_10.parquet,885,0,0,0,
ATLN_trades_2025_08_08.parquet,667,0,0,0,
ATLN_trades_2025_08_12.parquet,538,0,0,0,
ATLN_trades_2025_08_15.parquet,7791,0,0,0,
ATLX_trades_2025_08_04.parquet,11346,0,0,0,
ATMVU_trades_2025_09_08.parquet,5,0,0,0,
ATMVU_trades_2025_09_18.parquet,290,0,0,0,
ATMVU_trades_2025_09_19.parquet,1137,0,0,0,
ATMV_trades_2025_09_08.parquet,607,0,0,0,
ATMV_trades_2025_09_10.parquet,540,0,0,0,
ATMV_trades_2025_09_11.parquet,515,0,0,0,
ATMV_trades_2025_09_19.parquet,56999,0,0,0,
ATMV_trades_2025_10_21.parquet,99864,0,0,0,
ATOM_trades_2025_01_03.parquet,20997,0,0,0,
ATON_trades_2025_09_08.parquet,3722,0,0,0,
ATON_trades_2025_10_08.parquet,540276,0,0,0,
ATPC_trades_2025_01_13.parquet,486662,0,0,0,
ATPC_trades_2025_01_23.parquet,4943,0,0,0,
ATPC_trades_2025_02_24.parquet,325673,0,0,0,
ATPC_trades_2025_04_03.parquet,141888,0,0,0,
ATPC_trades_2025_04_07.parquet,10450,0,0,0,
ATPC_trades_2025_05_16.parquet,2271,0,0,0,
ATRA_trades_2025_01_03.parquet,5611,0,0,0,
ATXG_trades_2025_04_29.parquet,781,0,0,0,
ATXG_trades_2025_05_15.parquet,118673,0,0,0,
ATXG_trades_2025_07_02.parquet,106130,0,0,0,
ATXG_trades_2025_09_22.parquet,19653,0,0,0,
ATXS_trades_2025_10_14.parquet,165291,0,0,0,
ATYR_trades_2025_07_23.parquet,96747,0,0,0,
AUID_trades_2025_03_20.parquet,2094,0,0,0,
AUID_trades_2025_04_02.parquet,5364,0,0,0,
AUID_trades_2025_09_26.parquet,7651,0,0,0,
AUROW_trades_2025_01_07.parquet,5069,0,0,0,
AUROW_trades_2025_02_13.parquet,2697,0,0,0,
AUROW_trades_2025_03_03.parquet,95,0,0,0,
AUROW_trades_2025_05_02.parquet,534,0,0,0,
AUR_trades_2025_01_07.parquet,466220,0,0,0,
AUR_trades_2025_02_13.parquet,29989829,29865288,0,0,
AUUD_trades_2025_02_19.parquet,145971,0,0,0,
AUUD_trades_2025_04_04.parquet,1537,0,0,0,
AUUD_trades_2025_04_08.parquet,1578,0,0,0,
AUUD_trades_2025_04_21.parquet,9826,0,0,0,
AUUD_trades_2025_06_27.parquet,6293,0,0,0,
AUUD_trades_2025_08_05.parquet,179673,0,0,0,
AUUD_trades_2025_08_11.parquet,256467,0,0,0,
AUUD_trades_2025_08_20.parquet,320365,0,0,0,
AVAH_trades_2025_03_13.parquet,24898,0,0,0,
AVAH_trades_2025_08_07.parquet,86291,0,0,0,
AVGG_trades_2025_09_05.parquet,2642,0,0,0,
AVGU_trades_2025_09_05.parquet,1521,0,0,0,
AVGX_trades_2025_04_09.parquet,9988,0,0,0,
AVGX_trades_2025_09_05.parquet,31798,0,0,0,
AVL_trades_2025_04_09.parquet,7685,0,0,0,
AVL_trades_2025_09_05.parquet,18084,0,0,0,
AVNW_trades_2025_02_05.parquet,16606,0,0,0,
AVR_trades_2025_04_23.parquet,4207,0,0,0,
AVR_trades_2025_05_27.parquet,3454,0,0,0,
AVTX_trades_2025_02_24.parquet,2739,0,0,0,
AVTX_trades_2025_09_29.parquet,31591,0,0,0,
AXTI_trades_2025_06_12.parquet,25209,0,0,0,
AXTI_trades_2025_10_31.parquet,53656,0,0,0,
AYTU_trades_2025_05_15.parquet,300514,0,0,0,
AYTU_trades_2025_06_06.parquet,26256,0,0,0,
AZI_trades_2025_04_29.parquet,1219,0,0,0,
BACQR_trades_2025_10_08.parquet,874,0,0,0,
BACQR_trades_2025_10_23.parquet,5708,0,0,0,
BAER_trades_2025_01_08.parquet,22110,0,0,0,
BAER_trades_2025_01_10.parquet,304466,0,0,0,
BAIG_trades_2025_09_16.parquet,5312,0,0,0,
BAIG_trades_2025_09_23.parquet,13901,0,0,0,
BAIG_trades_2025_10_10.parquet,16404,0,0,0,
BAIG_trades_2025_10_13.parquet,13171,0,0,0,
BALY_trades_2025_03_10.parquet,1821,0,0,0,
BALY_trades_2025_04_09.parquet,1693,0,0,0,
BALY_trades_2025_07_01.parquet,3054,0,0,0,
BAOS_trades_2025_01_06.parquet,93246,0,0,0,
BAOS_trades_2025_01_31.parquet,38803,0,0,0,
BAOS_trades_2025_03_17.parquet,7236,0,0,0,
BAOS_trades_2025_03_18.parquet,2612,0,0,0,
BAOS_trades_2025_04_21.parquet,2353,0,0,0,
BAOS_trades_2025_05_12.parquet,265479,0,0,0,
BAOS_trades_2025_06_04.parquet,404040,0,0,0,
BAOS_trades_2025_09_03.parquet,221101,0,0,0,
BAOS_trades_2025_10_09.parquet,442544,0,0,0,
BBAI.WS_trades_2025_01_16.parquet,1137,0,0,0,
BBAI.WS_trades_2025_02_04.parquet,1410,0,0,0,
BBAI.WS_trades_2025_02_05.parquet,7509,0,0,0,
BBAI.WS_trades_2025_02_07.parquet,5992,0,0,0,
BBAI.WS_trades_2025_02_12.parquet,3094,0,0,0,
BBAI.WS_trades_2025_04_25.parquet,1655,0,0,0,
BBAI.WS_trades_2025_05_14.parquet,945,0,0,0,
BBAI.WS_trades_2025_05_27.parquet,1877,0,0,0,
BBAI.WS_trades_2025_06_24.parquet,1715,0,0,0,
BBAI.WS_trades_2025_06_30.parquet,3423,0,0,0,
BBAI.WS_trades_2025_09_16.parquet,2038,0,0,0,
BBAI.WS_trades_2025_10_13.parquet,3234,0,0,0,
BBAI_trades_2025_02_05.parquet,731625,0,0,0,
BBAI_trades_2025_02_07.parquet,616825,0,0,0,
BBAR_trades_2025_10_27.parquet,49797,0,0,0,
BBBY_trades_2025_10_02.parquet,40518,0,0,0,
BBLGW_trades_2025_02_05.parquet,267,0,0,0,
BBLG_trades_2025_05_20.parquet,13741,0,0,0,
BBLG_trades_2025_06_27.parquet,372280,0,0,0,
BBLG_trades_2025_09_04.parquet,671398,0,0,0,
BCAX_trades_2025_09_29.parquet,27647,0,0,0,
BCDA_trades_2025_03_03.parquet,1142,0,0,0,
BCDA_trades_2025_04_29.parquet,1795,0,0,0,
BCG_trades_2025_02_27.parquet,376809,0,0,0,
BCTX_trades_2025_02_03.parquet,123971,0,0,0,
BCTX_trades_2025_04_22.parquet,6009,0,0,0,
BCTX_trades_2025_04_24.parquet,373045,0,0,0,
BDMD_trades_2025_01_03.parquet,36448,0,0,0,
BDMD_trades_2025_01_06.parquet,7365,0,0,0,
BDMD_trades_2025_01_13.parquet,11969,0,0,0,
BDMD_trades_2025_01_17.parquet,167505,0,0,0,
BDMD_trades_2025_01_23.parquet,12001,0,0,0,
BDMD_trades_2025_03_11.parquet,1253,0,0,0,
BDMD_trades_2025_03_12.parquet,3259,0,0,0,
BDMD_trades_2025_06_13.parquet,3190,0,0,0,
BDMD_trades_2025_08_14.parquet,4662,0,0,0,
BDRX_trades_2025_02_10.parquet,245060,0,0,0,
BDRX_trades_2025_03_10.parquet,218659,0,0,0,
BDRX_trades_2025_03_19.parquet,266399,0,0,0,
BDRX_trades_2025_04_02.parquet,4110,0,0,0,
BDRX_trades_2025_05_22.parquet,324228,0,0,0,
BDRX_trades_2025_06_18.parquet,219683,0,0,0,
BDRX_trades_2025_07_14.parquet,72772,0,0,0,
BDRX_trades_2025_10_09.parquet,141160,0,0,0,
BDSX_trades_2025_03_05.parquet,2807,0,0,0,
BDSX_trades_2025_05_16.parquet,49451,0,0,0,
BDSX_trades_2025_05_21.parquet,369674,0,0,0,
BDTX_trades_2025_01_13.parquet,48801,0,0,0,
BDTX_trades_2025_03_19.parquet,386775,0,0,0,
BEAT_trades_2025_08_12.parquet,1116,0,0,0,
BEEM_trades_2025_07_17.parquet,15008,0,0,0,
BEEM_trades_2025_07_21.parquet,9616,0,0,0,
BEEP_trades_2025_02_25.parquet,1471,0,0,0,
BENF_trades_2025_09_30.parquet,963224,0,0,0,
BENF_trades_2025_10_02.parquet,68418,0,0,0,
BENF_trades_2025_10_22.parquet,600624,0,0,0,
BETRW_trades_2025_09_22.parquet,10864,0,0,0,
BETR_trades_2025_09_22.parquet,133118,0,0,0,
BETR_trades_2025_09_23.parquet,124868,0,0,0,
BETR_trades_2025_10_20.parquet,24678,0,0,0,
BETR_trades_2025_10_23.parquet,23160,0,0,0,
BE_trades_2025_10_13.parquet,358854,0,0,0,
BFLY_trades_2025_10_31.parquet,56719,0,0,0,
BFRGW_trades_2025_02_10.parquet,487,0,0,0,
BFRGW_trades_2025_02_13.parquet,829,0,0,0,
BFRGW_trades_2025_02_25.parquet,126,0,0,0,
BFRG_trades_2025_02_10.parquet,61076,0,0,0,
BFRG_trades_2025_04_11.parquet,49409,0,0,0,
BFRG_trades_2025_10_08.parquet,21997,0,0,0,
BFRI_trades_2025_01_08.parquet,41625,0,0,0,
BGLC_trades_2025_01_03.parquet,12500,0,0,0,
BGLC_trades_2025_01_14.parquet,4643,0,0,0,
BGLC_trades_2025_04_07.parquet,3066,0,0,0,
BGLC_trades_2025_04_11.parquet,220956,0,0,0,
BGLC_trades_2025_05_30.parquet,4707,0,0,0,
BGLC_trades_2025_07_01.parquet,946275,0,0,0,
BGLC_trades_2025_07_17.parquet,88001,0,0,0,
BGLC_trades_2025_07_30.parquet,578459,0,0,0,
BGLC_trades_2025_09_12.parquet,43077,0,0,0,
BGL_trades_2025_06_27.parquet,55828,0,0,0,
BGL_trades_2025_07_01.parquet,25030,0,0,0,
BGL_trades_2025_07_02.parquet,29863,0,0,0,
BGL_trades_2025_07_14.parquet,21788,0,0,0,
BGL_trades_2025_07_22.parquet,7162,0,0,0,
BGL_trades_2025_08_08.parquet,4227,0,0,0,
BGL_trades_2025_09_17.parquet,15672,0,0,0,
BGMSP_trades_2025_09_22.parquet,364,0,0,0,
BGMSP_trades_2025_10_20.parquet,1514,0,0,0,
BGM_trades_2025_09_23.parquet,2146,0,0,0,
BGSF_trades_2025_03_19.parquet,3240,0,0,0,
BGSF_trades_2025_06_17.parquet,12359,115,0,0,
BHAT_trades_2025_01_07.parquet,108944,0,0,0,
BHAT_trades_2025_02_03.parquet,153135,0,0,0,
BHAT_trades_2025_02_05.parquet,42256,0,0,0,
BHAT_trades_2025_02_07.parquet,58326,0,0,0,
BHAT_trades_2025_02_10.parquet,94114,0,0,0,
BHAT_trades_2025_02_11.parquet,419181,0,0,0,
BHAT_trades_2025_02_19.parquet,116463,0,0,0,
BHAT_trades_2025_03_11.parquet,102275,0,0,0,
BHAT_trades_2025_03_18.parquet,38444,0,0,0,
BHAT_trades_2025_03_28.parquet,69061,0,0,0,
BHF_trades_2025_09_19.parquet,107593,0,0,0,
BHR_trades_2025_08_27.parquet,26531,0,0,0,
BHST_trades_2025_09_12.parquet,1065,0,0,0,
BIAF_trades_2025_04_01.parquet,924324,0,0,0,
BIAF_trades_2025_05_16.parquet,7706,0,0,0,
BIAF_trades_2025_05_20.parquet,108823,0,0,0,
BIAF_trades_2025_05_28.parquet,39689,0,0,0,
BIAF_trades_2025_06_26.parquet,200082,0,0,0,
BIAF_trades_2025_07_02.parquet,6202,0,0,0,
BIAF_trades_2025_09_15.parquet,276397,0,0,0,
BIAF_trades_2025_09_26.parquet,730250,0,0,0,
BIAF_trades_2025_10_08.parquet,265658,0,0,0,
BIOA_trades_2025_10_23.parquet,39396,0,0,0,
BIOX_trades_2025_10_15.parquet,21535,0,0,0,
BIVI_trades_2025_05_02.parquet,26019,0,0,0,
BIYA_trades_2025_03_27.parquet,4323,0,0,0,
BIYA_trades_2025_04_14.parquet,1603,0,0,0,
BIYA_trades_2025_04_17.parquet,608,0,0,0,
BIYA_trades_2025_04_21.parquet,1853,0,0,0,
BIYA_trades_2025_05_07.parquet,2955,0,0,0,
BIYA_trades_2025_06_20.parquet,178497,0,0,0,
BJDX_trades_2025_01_24.parquet,2511,0,0,0,
BJDX_trades_2025_02_25.parquet,2617,0,0,0,
BJDX_trades_2025_04_04.parquet,14416,0,0,0,
BJDX_trades_2025_04_07.parquet,617877,0,0,0,
BJDX_trades_2025_04_10.parquet,16916,0,0,0,
BJDX_trades_2025_06_06.parquet,249151,0,0,0,
BJDX_trades_2025_08_11.parquet,363868,0,0,0,
BJDX_trades_2025_10_07.parquet,286372,0,0,0,
BJDX_trades_2025_10_09.parquet,765616,0,0,0,
BJDX_trades_2025_10_14.parquet,13739,0,0,0,
BKHAR_trades_2025_01_21.parquet,386,0,0,0,
BKHAR_trades_2025_01_30.parquet,391,0,0,0,
BKHAR_trades_2025_02_03.parquet,222,0,0,0,
BKHAR_trades_2025_03_13.parquet,61,0,0,0,
BKHAR_trades_2025_06_23.parquet,116,0,0,0,
BKHAR_trades_2025_07_14.parquet,7,0,0,0,
BKKT_trades_2025_03_05.parquet,15671,0,0,0,
BKKT_trades_2025_03_20.parquet,19929,0,0,0,
BKKT_trades_2025_04_09.parquet,4274,0,0,0,
BKKT_trades_2025_05_13.parquet,32441,0,0,0,
BKKT_trades_2025_07_02.parquet,20158,0,0,0,
BKKT_trades_2025_09_22.parquet,183728,0,0,0,
BKKT_trades_2025_09_29.parquet,62803,0,0,0,
BKKT_trades_2025_09_30.parquet,84220,0,0,0,
BKKT_trades_2025_10_02.parquet,125217,0,0,0,
BKSY_trades_2025_01_28.parquet,60235,0,0,0,
BKSY_trades_2025_05_08.parquet,23268,0,0,0,
BKYI_trades_2025_01_03.parquet,2292,0,0,0,
BKYI_trades_2025_01_10.parquet,15548,0,0,0,
BKYI_trades_2025_01_15.parquet,703825,0,0,0,
BKYI_trades_2025_10_27.parquet,891724,0,0,0,
BLBX_trades_2025_01_22.parquet,995510,0,0,0,
BLBX_trades_2025_01_28.parquet,13994,0,0,0,
BLBX_trades_2025_10_08.parquet,3896,0,0,0,
BLBX_trades_2025_10_13.parquet,58986,0,0,0,
BLBX_trades_2025_10_14.parquet,12417,0,0,0,
BLIN_trades_2025_01_06.parquet,4925,0,0,0,
BLIN_trades_2025_04_02.parquet,1373,0,0,0,
BLIV_trades_2025_04_09.parquet,35140,0,0,0,
BLIV_trades_2025_04_23.parquet,1945,0,0,0,
BLIV_trades_2025_07_30.parquet,962,0,0,0,
BLMZ_trades_2025_03_20.parquet,905,0,0,0,
BLMZ_trades_2025_05_01.parquet,8189,0,0,0,
BLMZ_trades_2025_05_06.parquet,210499,0,0,0,
BLMZ_trades_2025_05_15.parquet,6959,0,0,0,
BLMZ_trades_2025_05_20.parquet,637610,0,0,0,
BLMZ_trades_2025_05_23.parquet,341298,0,0,0,
BLMZ_trades_2025_07_15.parquet,325124,0,0,0,
BLMZ_trades_2025_07_22.parquet,226384,0,0,0,
BLMZ_trades_2025_09_19.parquet,26014,0,0,0,
BLMZ_trades_2025_10_08.parquet,23066,0,0,0,
BLMZ_trades_2025_10_28.parquet,28135,0,0,0,
BLNE_trades_2025_03_25.parquet,11923,0,0,0,
BLNE_trades_2025_03_26.parquet,288488,0,0,0,
BLNE_trades_2025_06_18.parquet,21266,0,0,0,
BLNE_trades_2025_06_20.parquet,12537,0,0,0,
BLNE_trades_2025_06_24.parquet,32647,0,0,0,
BLNE_trades_2025_07_22.parquet,59407,0,0,0,
BLNE_trades_2025_08_27.parquet,45319,0,0,0,
BLNE_trades_2025_09_15.parquet,16827,0,0,0,
BLRX_trades_2025_05_30.parquet,336471,0,0,0,
BMA_trades_2025_10_27.parquet,44471,0,0,0,
BMEA_trades_2025_06_03.parquet,210834,0,0,0,
BMEA_trades_2025_10_06.parquet,78443,0,0,0,
BMGL_trades_2025_05_14.parquet,26389,0,0,0,
BMGL_trades_2025_05_15.parquet,67265,0,0,0,
BMGL_trades_2025_05_16.parquet,48022,0,0,0,
BMGL_trades_2025_05_30.parquet,838739,0,0,0,
BMGL_trades_2025_06_02.parquet,637164,0,0,0,
BMGL_trades_2025_06_03.parquet,214682,0,0,0,
BMGL_trades_2025_07_07.parquet,8731,0,0,0,
BMGL_trades_2025_07_09.parquet,700200,0,0,0,
BMGL_trades_2025_07_14.parquet,146741,0,0,0,
BMRA_trades_2025_01_16.parquet,609639,0,0,0,
BMRA_trades_2025_02_10.parquet,11336,0,0,0,
BMRA_trades_2025_02_18.parquet,9771,0,0,0,
BMRA_trades_2025_08_14.parquet,317467,0,0,0,
BNAI_trades_2025_02_10.parquet,344890,0,0,0,
BNBX_trades_2025_10_22.parquet,514611,0,0,0,
BNC_trades_2025_08_11.parquet,24531,0,0,0,
BNC_trades_2025_08_13.parquet,7426,0,0,0,
BNGO_trades_2025_01_03.parquet,71102,0,0,0,
BNGO_trades_2025_04_10.parquet,11096,0,0,0,
BNGO_trades_2025_05_15.parquet,5399,0,0,0,
BNRG_trades_2025_01_10.parquet,11287,0,0,0,
BNRG_trades_2025_01_21.parquet,4645,0,0,0,
BNRG_trades_2025_02_18.parquet,1114,0,0,0,
BNRG_trades_2025_05_23.parquet,29220,0,0,0,
BNRG_trades_2025_05_29.parquet,8952,0,0,0,
BNR_trades_2025_06_12.parquet,1145,0,0,0,
BNR_trades_2025_07_23.parquet,6533,0,0,0,
BNR_trades_2025_08_18.parquet,4553,0,0,0,
BNZI_trades_2025_01_29.parquet,88108,0,0,0,
BNZI_trades_2025_01_30.parquet,196776,0,0,0,
BNZI_trades_2025_03_14.parquet,3640,0,0,0,
BNZI_trades_2025_03_18.parquet,17418,0,0,0,
BNZI_trades_2025_03_26.parquet,25694,0,0,0,
BNZI_trades_2025_06_16.parquet,73660,0,0,0,
BNZI_trades_2025_08_08.parquet,5571,0,0,0,
BODI_trades_2025_01_16.parquet,705,0,0,0,
BODI_trades_2025_06_10.parquet,9459,0,0,0,
BODI_trades_2025_08_06.parquet,2546,0,0,0,
BOF_trades_2025_10_21.parquet,387308,0,0,0,
BOLT_trades_2025_05_21.parquet,11945,0,0,0,
BON_trades_2025_02_28.parquet,20905,0,0,0,
BON_trades_2025_03_12.parquet,3446,0,0,0,
BON_trades_2025_03_13.parquet,69332,0,0,0,
BON_trades_2025_03_14.parquet,349232,0,0,0,
BON_trades_2025_04_07.parquet,42719,0,0,0,
BON_trades_2025_04_11.parquet,351687,0,0,0,
BON_trades_2025_04_29.parquet,133961,0,0,0,
BON_trades_2025_05_14.parquet,70998,0,0,0,
BON_trades_2025_05_16.parquet,173977,0,0,0,
BON_trades_2025_05_20.parquet,59463,0,0,0,
BON_trades_2025_05_22.parquet,430986,0,0,0,
BON_trades_2025_06_04.parquet,127085,0,0,0,
BON_trades_2025_09_09.parquet,378114,0,0,0,
BOSC_trades_2025_05_29.parquet,59789,0,0,0,
BOXL_trades_2025_01_06.parquet,428666,0,0,0,
BOXL_trades_2025_02_21.parquet,12205,0,0,0,
BOXL_trades_2025_09_16.parquet,212591,0,0,0,
BOXL_trades_2025_09_22.parquet,1812856,0,0,0,
BRBI_trades_2025_09_23.parquet,23173,47,0,0,
BRFH_trades_2025_01_22.parquet,552,0,0,0,
BRFH_trades_2025_09_18.parquet,25015,0,0,0,
BRFH_trades_2025_09_19.parquet,12689,0,0,0,
BRLS_trades_2025_05_28.parquet,2322,0,0,0,
BRLS_trades_2025_06_06.parquet,16523,0,0,0,
BRLS_trades_2025_06_11.parquet,2976,0,0,0,
BRLS_trades_2025_10_02.parquet,39409,0,0,0,
BRLT_trades_2025_03_13.parquet,2472,0,0,0,
BRLT_trades_2025_08_07.parquet,245486,0,0,0,
BRNS_trades_2025_07_16.parquet,310484,0,0,0,
BRNS_trades_2025_07_21.parquet,12751,0,0,0,
BRNS_trades_2025_10_01.parquet,3761,0,0,0,
BROS_trades_2025_02_13.parquet,140904,0,0,0,
BRRWW_trades_2025_10_21.parquet,2028,0,0,0,
BSLK_trades_2025_02_05.parquet,24214,0,0,0,
BSLK_trades_2025_02_06.parquet,4489,0,0,0,
BSLK_trades_2025_02_13.parquet,355726,0,0,0,
BSLK_trades_2025_02_18.parquet,17821,0,0,0,
BSLK_trades_2025_02_19.parquet,33869,0,0,0,
BSLK_trades_2025_04_23.parquet,6700,0,0,0,
BSLK_trades_2025_05_30.parquet,260027,0,0,0,
BSLK_trades_2025_07_08.parquet,314057,0,0,0,
BSLK_trades_2025_07_17.parquet,576955,0,0,0,
BSLK_trades_2025_07_29.parquet,34357,0,0,0,
BSLK_trades_2025_08_13.parquet,1862320,0,0,0,
BSLK_trades_2025_08_15.parquet,248737,0,0,0,
BSLK_trades_2025_08_19.parquet,263423,0,0,0,
BSLK_trades_2025_09_04.parquet,389787,0,0,0,
BTAI_trades_2025_01_06.parquet,8361,0,0,0,
BTAI_trades_2025_02_28.parquet,421766,0,0,0,
BTAI_trades_2025_03_03.parquet,703104,0,0,0,
BTAI_trades_2025_03_19.parquet,15761,0,0,0,
BTAI_trades_2025_08_01.parquet,414234,0,0,0,
BTAI_trades_2025_08_04.parquet,307417,0,0,0,
BTAI_trades_2025_08_05.parquet,130017,0,0,0,
BTAI_trades_2025_08_08.parquet,159813,0,0,0,
BTAI_trades_2025_08_11.parquet,184099,0,0,0,
BTBD_trades_2025_08_04.parquet,746522,0,0,0,
BTBD_trades_2025_09_03.parquet,537324,0,0,0,
BTBT_trades_2025_07_07.parquet,304417,0,0,0,
BTCS_trades_2025_01_17.parquet,31647,0,0,0,
BTCS_trades_2025_05_09.parquet,23407,0,0,0,
BTCS_trades_2025_07_08.parquet,560131,0,0,0,
BTCS_trades_2025_07_16.parquet,158525,0,0,0,
BTCS_trades_2025_07_18.parquet,193970,0,0,0,
BTCT_trades_2025_01_17.parquet,329326,0,0,0,
BTCT_trades_2025_01_23.parquet,71709,0,0,0,
BTCT_trades_2025_03_03.parquet,116284,0,0,0,
BTDR_trades_2025_10_15.parquet,210411,0,0,0,
BTM_trades_2025_05_15.parquet,37884,0,0,0,
BTM_trades_2025_05_16.parquet,17210,0,0,0,
BTOC_trades_2025_05_13.parquet,1795,0,0,0,
BTOG_trades_2025_07_18.parquet,431342,0,0,0,
BTQ_trades_2025_09_29.parquet,28862,0,0,0,
BTQ_trades_2025_10_06.parquet,41883,0,0,0,
BTQ_trades_2025_10_07.parquet,196566,0,0,0,
BTTC_trades_2025_10_02.parquet,80381,0,0,0,
BULLW_trades_2025_04_14.parquet,21476,0,0,0,
BULLW_trades_2025_04_15.parquet,9676,0,0,0,
BULLW_trades_2025_04_16.parquet,4115,0,0,0,
BULLW_trades_2025_04_22.parquet,2527,0,0,0,
BULLW_trades_2025_05_02.parquet,4027,0,0,0,
BULLW_trades_2025_05_07.parquet,8784,0,0,0,
BULLW_trades_2025_05_08.parquet,6587,0,0,0,
BULLW_trades_2025_05_16.parquet,4212,0,0,0,
BULLW_trades_2025_05_20.parquet,2927,0,0,0,
BULLW_trades_2025_05_21.parquet,5706,0,0,0,
BULLW_trades_2025_05_28.parquet,2135,0,0,0,
BULL_trades_2025_04_14.parquet,761465,0,0,0,
BULL_trades_2025_04_22.parquet,87420,0,0,0,
BUUU_trades_2025_09_09.parquet,929,0,0,0,
BUUU_trades_2025_09_15.parquet,2485,0,0,0,
BWNB_trades_2025_05_06.parquet,612,0,0,0,
BWNB_trades_2025_05_07.parquet,406,0,0,0,
BWNB_trades_2025_05_13.parquet,697,0,0,0,
BWNB_trades_2025_06_05.parquet,1894,0,0,0,
BWSN_trades_2025_05_06.parquet,691,0,0,0,
BWSN_trades_2025_05_07.parquet,454,0,0,0,
BWSN_trades_2025_05_13.parquet,447,0,0,0,
BWSN_trades_2025_06_05.parquet,1249,0,0,0,
BW_trades_2025_06_05.parquet,101992,0,0,0,
BW_trades_2025_09_10.parquet,22326,0,0,0,
BWpA_trades_2025_05_06.parquet,743,0,0,0,
BWpA_trades_2025_05_15.parquet,2783,0,0,0,
BWpA_trades_2025_06_05.parquet,1413,0,0,0,
BWpA_trades_2025_08_12.parquet,858,0,0,0,
BYND_trades_2025_07_21.parquet,53733,0,0,0,
BYND_trades_2025_10_20.parquet,1192815,0,0,0,
BYND_trades_2025_10_21.parquet,3133610,0,0,0,
BYND_trades_2025_10_22.parquet,6039391,0,0,0,
BYND_trades_2025_10_28.parquet,542788,0,0,0,
BYSI_trades_2025_06_09.parquet,1870,0,0,0,
BZAIW_trades_2025_10_06.parquet,2084,0,0,0,
BZAIW_trades_2025_10_15.parquet,3964,0,0,0,
BZAI_trades_2025_01_17.parquet,20891,0,0,0,
BZAI_trades_2025_02_13.parquet,18677,0,0,0,
BZAI_trades_2025_02_14.parquet,17058,0,0,0,
BZAI_trades_2025_07_18.parquet,567598,0,0,0,
BZAI_trades_2025_10_06.parquet,38801,0,0,0,
BZAI_trades_2025_10_15.parquet,75845,0,0,0,
BZFD_trades_2025_05_27.parquet,5736,0,0,0,
CABA_trades_2025_05_15.parquet,59507,0,0,0,
CABA_trades_2025_08_13.parquet,17955,0,0,0,
CABA_trades_2025_10_09.parquet,118917,0,0,0,
CABA_trades_2025_10_31.parquet,118415,0,0,0,
CADL_trades_2025_02_20.parquet,29767,0,0,0,
CALC_trades_2025_07_11.parquet,1855,0,0,0,
CAMP_trades_2025_01_21.parquet,4586,0,0,0,
CAMP_trades_2025_02_28.parquet,1191,0,0,0,
CAMP_trades_2025_03_11.parquet,908,0,0,0,
CAMP_trades_2025_09_10.parquet,291370,0,0,0,
CAN_trades_2025_10_02.parquet,116219,0,0,0,
CAN_trades_2025_10_13.parquet,52427,0,0,0,
CAN_trades_2025_10_20.parquet,114976,0,0,0,
CAPS_trades_2025_02_27.parquet,32,0,0,0,
CAPS_trades_2025_03_17.parquet,38030,0,0,0,
CAPS_trades_2025_03_24.parquet,90853,0,0,0,
CAPS_trades_2025_04_08.parquet,1906,0,0,0,
CAPS_trades_2025_05_16.parquet,151020,0,0,0,
CAPS_trades_2025_08_25.parquet,439620,0,0,0,
CAPT_trades_2025_02_04.parquet,468378,0,0,0,
CAPT_trades_2025_05_30.parquet,13278,0,0,0,
CAPT_trades_2025_06_04.parquet,5671,0,0,0,
CARV_trades_2025_07_18.parquet,945,0,0,0,
CARV_trades_2025_09_02.parquet,3810,0,0,0,
CARV_trades_2025_09_03.parquet,16661,0,0,0,
CASI_trades_2025_06_13.parquet,21652,0,0,0,
CASI_trades_2025_06_17.parquet,3867,0,0,0,
CASI_trades_2025_08_04.parquet,308731,0,0,0,
CASI_trades_2025_08_15.parquet,29137,0,0,0,
CATO_trades_2025_08_21.parquet,13193,0,0,0,
CBIO_trades_2025_06_23.parquet,886,0,0,0,
CBIO_trades_2025_06_25.parquet,2728,0,0,0,
CBLL_trades_2025_04_11.parquet,29402,0,0,0,
CBUS_trades_2025_10_15.parquet,53520,0,0,0,
CCCC_trades_2025_08_07.parquet,31527,0,0,0,
CCCC_trades_2025_09_15.parquet,33812,0,0,0,
CCCXW_trades_2025_07_23.parquet,98,0,0,0,
CCCXW_trades_2025_09_08.parquet,2959,0,0,0,
CCCXW_trades_2025_09_19.parquet,3812,0,0,0,
CCCXW_trades_2025_10_03.parquet,2943,0,0,0,
CCCXW_trades_2025_10_06.parquet,4773,0,0,0,
CCCXW_trades_2025_10_07.parquet,6448,0,0,0,
CCCXW_trades_2025_10_10.parquet,4652,0,0,0,
CCCXW_trades_2025_10_13.parquet,3495,0,0,0,
CCG_trades_2025_02_24.parquet,4658,0,0,0,
CCG_trades_2025_02_26.parquet,20354,0,0,0,
CCG_trades_2025_04_21.parquet,1875,0,0,0,
CCHH_trades_2025_10_07.parquet,3354,0,0,0,
CCHH_trades_2025_10_10.parquet,5758,0,0,0,
CCIIW_trades_2025_10_20.parquet,680,0,0,0,
CCIXW_trades_2025_05_27.parquet,219,0,0,0,
CCIXW_trades_2025_05_28.parquet,50,0,0,0,
CCIXW_trades_2025_09_18.parquet,193,0,0,0,
CCIXW_trades_2025_10_09.parquet,137,0,0,0,
CCIXW_trades_2025_10_14.parquet,728,0,0,0,
CCLD_trades_2025_03_13.parquet,116215,0,0,0,
CCLD_trades_2025_05_06.parquet,18116,0,0,0,
CCM_trades_2025_01_03.parquet,1551,0,0,0,
CCM_trades_2025_01_06.parquet,798,0,0,0,
CCM_trades_2025_01_30.parquet,695,0,0,0,
CCM_trades_2025_04_29.parquet,3336,0,0,0,
CCM_trades_2025_07_16.parquet,229,0,0,0,
CCM_trades_2025_07_21.parquet,4267,0,0,0,
CCM_trades_2025_08_01.parquet,1162,0,0,0,
CCO_trades_2025_10_17.parquet,49428,0,0,0,
CCTG_trades_2025_09_10.parquet,247630,0,0,0,
CCTG_trades_2025_09_29.parquet,4409,0,0,0,
CCTG_trades_2025_10_06.parquet,3017,0,0,0,
CCTG_trades_2025_10_07.parquet,6900,0,0,0,
CCTG_trades_2025_10_10.parquet,16279,0,0,0,
CDIO_trades_2025_02_07.parquet,9646,0,0,0,
CDLX_trades_2025_03_13.parquet,31218,0,0,0,
CDLX_trades_2025_06_16.parquet,14851,0,0,0,
CDLX_trades_2025_07_22.parquet,66044,0,0,0,
CDLX_trades_2025_09_18.parquet,395913,0,0,0,
CDLX_trades_2025_09_24.parquet,109356,0,0,0,
CDTG_trades_2025_06_13.parquet,25074,0,0,0,
CDTG_trades_2025_09_09.parquet,159813,0,0,0,
CDTX_trades_2025_06_23.parquet,107036,0,0,0,
CDT_trades_2025_01_07.parquet,105884,0,0,0,
CDT_trades_2025_01_08.parquet,103838,0,0,0,
CDT_trades_2025_01_10.parquet,383734,0,0,0,
CDT_trades_2025_02_07.parquet,648543,0,0,0,
CDT_trades_2025_03_28.parquet,13010,0,0,0,
CDT_trades_2025_04_10.parquet,138147,0,0,0,
CDT_trades_2025_04_11.parquet,110606,0,0,0,
CDT_trades_2025_06_02.parquet,9227,0,0,0,
CDT_trades_2025_09_17.parquet,427125,0,0,0,
CDT_trades_2025_10_06.parquet,13422,0,0,0,
CELC_trades_2025_07_28.parquet,467728,0,0,0,
CELC_trades_2025_10_20.parquet,134397,0,0,0,
CELH_trades_2025_02_21.parquet,418389,0,0,0,
CELU_trades_2025_02_05.parquet,5152,0,0,0,
CELU_trades_2025_03_05.parquet,3107,0,0,0,
CELU_trades_2025_05_13.parquet,2665,0,0,0,
CELU_trades_2025_07_18.parquet,4171,0,0,0,
CELU_trades_2025_07_22.parquet,4840,0,0,0,
CELZ_trades_2025_02_13.parquet,2785,0,0,0,
CELZ_trades_2025_02_19.parquet,2164,0,0,0,
CELZ_trades_2025_07_09.parquet,13141,0,0,0,
CENX_trades_2025_06_02.parquet,71013,0,0,0,
CEPU_trades_2025_10_27.parquet,19967,0,0,0,
CEP_trades_2025_04_23.parquet,111860,0,0,0,
CEP_trades_2025_04_24.parquet,528428,0,0,0,
CEP_trades_2025_04_25.parquet,263474,0,0,0,
CEP_trades_2025_04_30.parquet,139773,0,0,0,
CEP_trades_2025_05_01.parquet,133541,0,0,0,
CEP_trades_2025_05_20.parquet,43780,0,0,0,
CETX_trades_2025_05_16.parquet,3720,0,0,0,
CETX_trades_2025_05_27.parquet,56053,0,0,0,
CETX_trades_2025_06_13.parquet,11168,0,0,0,
CETX_trades_2025_06_25.parquet,30217,0,0,0,
CETY_trades_2025_01_22.parquet,1106,0,0,0,
CETY_trades_2025_03_03.parquet,18983,0,0,0,
CETY_trades_2025_03_10.parquet,2921,0,0,0,
CETY_trades_2025_03_17.parquet,1014,0,0,0,
CETY_trades_2025_08_01.parquet,4677,0,0,0,
CGC_trades_2025_02_05.parquet,62581,0,0,0,
CGC_trades_2025_08_08.parquet,50594,0,0,0,
CGC_trades_2025_08_11.parquet,119810,0,0,0,
CGON_trades_2025_04_28.parquet,70932,9,0,0,
CGTL_trades_2025_04_03.parquet,5824,0,0,0,
CGTL_trades_2025_05_01.parquet,3532,0,0,0,
CGTL_trades_2025_06_12.parquet,409029,0,0,0,
CGTL_trades_2025_06_13.parquet,99872,0,0,0,
CGTL_trades_2025_06_16.parquet,19289,0,0,0,
CGTL_trades_2025_09_10.parquet,230724,0,0,0,
CGTX_trades_2025_07_10.parquet,329103,0,0,0,
CGTX_trades_2025_08_13.parquet,116231,0,0,0,
CGTX_trades_2025_08_14.parquet,69736,0,0,0,
CGTX_trades_2025_08_22.parquet,50089,0,0,0,
CGTX_trades_2025_08_25.parquet,84532,0,0,0,
CHEK_trades_2025_01_03.parquet,54451,0,0,0,
CHEK_trades_2025_01_07.parquet,8905,0,0,0,
CHEK_trades_2025_02_24.parquet,21042,0,0,0,
CHEK_trades_2025_05_13.parquet,2617,0,0,0,
CHEK_trades_2025_08_29.parquet,24420,0,0,0,
CHEK_trades_2025_09_15.parquet,712439,0,0,0,
CHEK_trades_2025_09_16.parquet,93816,0,0,0,
CHGG_trades_2025_06_06.parquet,54206,0,0,0,
CHNR_trades_2025_06_11.parquet,26694,2,0,0,
CHNR_trades_2025_09_25.parquet,16421,0,0,0,
CHNR_trades_2025_10_13.parquet,267279,0,0,0,
CHR_trades_2025_09_09.parquet,24815,0,0,0,
CHSN_trades_2025_04_07.parquet,341032,0,0,0,
CHSN_trades_2025_05_12.parquet,42156,0,0,0,
CHSN_trades_2025_06_11.parquet,5266,0,0,0,
CHSN_trades_2025_08_04.parquet,12602,0,0,0,
CHSN_trades_2025_09_02.parquet,10966,0,0,0,
CHSN_trades_2025_09_09.parquet,13730,0,0,0,
CIFRW_trades_2025_01_03.parquet,139,0,0,0,
CIFRW_trades_2025_01_31.parquet,880,0,0,0,
CIFRW_trades_2025_02_28.parquet,40,0,0,0,
CIFRW_trades_2025_07_02.parquet,1096,0,0,0,
CIFRW_trades_2025_07_03.parquet,701,0,0,0,
CIFRW_trades_2025_08_18.parquet,926,0,0,0,
CIFRW_trades_2025_09_02.parquet,3589,0,0,0,
CIFRW_trades_2025_09_09.parquet,1342,0,0,0,
CIFRW_trades_2025_10_13.parquet,4295,0,0,0,
CIFR_trades_2025_01_31.parquet,167685,0,0,0,
CIGL_trades_2025_05_07.parquet,2912,0,0,0,
CIGL_trades_2025_06_23.parquet,703,0,0,0,
CIGL_trades_2025_06_30.parquet,4115,0,0,0,
CIGL_trades_2025_07_02.parquet,3066,0,0,0,
CIGL_trades_2025_07_09.parquet,2929,0,0,0,
CIGL_trades_2025_09_04.parquet,781360,0,0,0,
CIGL_trades_2025_09_05.parquet,110552,0,0,0,
CIGL_trades_2025_09_08.parquet,30660,0,0,0,
CIGL_trades_2025_09_29.parquet,20128,0,0,0,
CIGL_trades_2025_10_02.parquet,401701,0,0,0,
CIIT_trades_2025_02_12.parquet,4,0,0,0,
CIIT_trades_2025_03_04.parquet,4,0,0,0,
CIIT_trades_2025_03_21.parquet,18,0,0,0,
CIIT_trades_2025_07_09.parquet,1062,0,0,0,
CIIT_trades_2025_09_12.parquet,16125,0,0,0,
CIIT_trades_2025_10_17.parquet,23591,0,0,0,
CIIT_trades_2025_10_24.parquet,13069,0,0,0,
CIOpA_trades_2025_07_24.parquet,1970,0,0,0,
CISO_trades_2025_02_14.parquet,1015,0,0,0,
CISO_trades_2025_05_06.parquet,102946,0,0,0,
CISO_trades_2025_05_08.parquet,9562,0,0,0,
CISO_trades_2025_05_12.parquet,19916,0,0,0,
CISO_trades_2025_06_02.parquet,10681,0,0,0,
CISS_trades_2025_10_07.parquet,809106,0,0,0,
CJET_trades_2025_01_21.parquet,11903,0,0,0,
CJET_trades_2025_03_18.parquet,365,0,0,0,
CJET_trades_2025_09_19.parquet,1173903,0,0,0,
CJET_trades_2025_09_24.parquet,35909,0,0,0,
CJET_trades_2025_09_26.parquet,136222,0,0,0,
CJET_trades_2025_10_01.parquet,1164334,0,0,0,
CJET_trades_2025_10_24.parquet,44830,0,0,0,
CJMB_trades_2025_02_06.parquet,77887,0,0,0,
CLB_trades_2025_10_23.parquet,22602,0,0,0,
CLGN_trades_2025_05_28.parquet,7589,0,0,0,
CLGN_trades_2025_05_29.parquet,17611,0,0,0,
CLGN_trades_2025_08_21.parquet,828,0,0,0,
CLIK_trades_2025_02_24.parquet,1570,0,0,0,
CLIK_trades_2025_03_17.parquet,2350,0,0,0,
CLIK_trades_2025_03_20.parquet,1344,0,0,0,
CLIK_trades_2025_03_21.parquet,3840,0,0,0,
CLIK_trades_2025_04_22.parquet,9936,0,0,0,
CLIK_trades_2025_05_02.parquet,31126,0,0,0,
CLIK_trades_2025_05_15.parquet,922052,0,0,0,
CLIK_trades_2025_05_19.parquet,18535,0,0,0,
CLIK_trades_2025_05_20.parquet,60744,0,0,0,
CLIK_trades_2025_09_30.parquet,111803,0,0,0,
CLIK_trades_2025_10_13.parquet,5846,0,0,0,
CLIK_trades_2025_10_27.parquet,451022,0,0,0,
CLIR_trades_2025_10_06.parquet,2656,0,0,0,
CLLS_trades_2025_01_06.parquet,3723,0,0,0,
CLLS_trades_2025_07_14.parquet,4931,0,0,0,
CLLS_trades_2025_07_25.parquet,3797,0,0,0,
CLLS_trades_2025_10_16.parquet,10498,0,0,0,
CLNN_trades_2025_06_02.parquet,5481,0,0,0,
CLNN_trades_2025_10_03.parquet,7687,0,0,0,
CLPS_trades_2025_10_16.parquet,5695,0,0,0,
CLPT_trades_2025_09_24.parquet,121171,0,0,0,
CLRB_trades_2025_06_04.parquet,609930,0,0,0,
CLRO_trades_2025_01_03.parquet,11233,0,0,0,
CLRO_trades_2025_03_03.parquet,82631,25,0,0,
CLRO_trades_2025_06_20.parquet,2501,0,0,0,
CLRO_trades_2025_07_01.parquet,690456,0,0,0,
CLRO_trades_2025_09_30.parquet,2201,0,0,0,
CLSD_trades_2025_07_23.parquet,307509,0,0,0,
CMBM_trades_2025_01_06.parquet,3040,0,0,0,
CMBM_trades_2025_07_18.parquet,4197,0,0,0,
CMBM_trades_2025_07_21.parquet,7281,0,0,0,
CMBM_trades_2025_10_29.parquet,2083110,0,0,0,
CMBM_trades_2025_10_30.parquet,1463447,0,0,0,
CMCT_trades_2025_04_22.parquet,15568,5647,0,0,
CMCT_trades_2025_08_07.parquet,242851,0,0,0,
CMND_trades_2025_07_03.parquet,168024,0,0,0,
CMND_trades_2025_09_19.parquet,130461,0,0,0,
CMPOW_trades_2025_08_08.parquet,1224,0,0,0,
CMPX_trades_2025_01_08.parquet,88965,0,0,0,
CNCKW_trades_2025_01_16.parquet,31,0,0,0,
CNCKW_trades_2025_02_26.parquet,672,0,0,0,
CNCKW_trades_2025_04_22.parquet,114,0,0,0,
CNCKW_trades_2025_05_09.parquet,148,0,0,0,
CNCKW_trades_2025_05_16.parquet,4,0,0,0,
CNCKW_trades_2025_07_02.parquet,6,0,0,0,
CNCKW_trades_2025_08_01.parquet,9,0,0,0,
CNCKW_trades_2025_08_06.parquet,18,0,0,0,
CNCKW_trades_2025_08_07.parquet,19,0,0,0,
CNCKW_trades_2025_08_08.parquet,36,0,0,0,
CNCK_trades_2025_05_22.parquet,3140,0,0,0,
CNET_trades_2025_06_11.parquet,63373,0,0,0,
CNET_trades_2025_09_12.parquet,52510,0,0,0,
CNEY_trades_2025_01_07.parquet,9282,0,0,0,
CNEY_trades_2025_02_24.parquet,166081,0,0,0,
CNEY_trades_2025_04_24.parquet,186401,0,0,0,
CNEY_trades_2025_05_02.parquet,196651,0,0,0,
CNEY_trades_2025_05_07.parquet,276470,0,0,0,
CNEY_trades_2025_05_12.parquet,51659,0,0,0,
CNF_trades_2025_04_30.parquet,5567,0,0,0,
CNF_trades_2025_09_05.parquet,9592,0,0,0,
CNSP_trades_2025_01_06.parquet,182955,0,0,0,
CNSP_trades_2025_02_14.parquet,276283,0,0,0,
CNSP_trades_2025_05_13.parquet,521671,0,0,0,
CNSP_trades_2025_08_20.parquet,1436,0,0,0,
CNTB_trades_2025_04_15.parquet,6851,0,0,0,
CNTB_trades_2025_07_11.parquet,2152,0,0,0,
CNTB_trades_2025_07_22.parquet,3376,0,0,0,
CNXC_trades_2025_03_27.parquet,88945,0,0,0,
COCH_trades_2025_10_07.parquet,517735,0,0,0,
COCP_trades_2025_09_12.parquet,462925,0,0,0,
CODX_trades_2025_01_06.parquet,2908,0,0,0,
CODX_trades_2025_10_27.parquet,1424617,0,0,0,
COEP_trades_2025_01_06.parquet,5087,0,0,0,
COGT_trades_2025_07_07.parquet,156116,0,0,0,
COIG_trades_2025_04_09.parquet,58,0,0,0,
COIG_trades_2025_05_13.parquet,457,0,0,0,
COIG_trades_2025_06_18.parquet,534,0,0,0,
COMM_trades_2025_08_04.parquet,520375,0,0,0,
CONI_trades_2025_08_01.parquet,22978,0,0,0,
CONL_trades_2025_04_09.parquet,45955,0,0,0,
CONL_trades_2025_05_13.parquet,158135,0,0,0,
CONL_trades_2025_06_18.parquet,170744,0,0,0,
COOK_trades_2025_06_09.parquet,30132,0,0,0,
COOT_trades_2025_10_14.parquet,321440,0,0,0,
COOT_trades_2025_10_15.parquet,1159054,0,0,0,
CORT_trades_2025_03_31.parquet,242440,0,0,0,
CORZW_trades_2025_02_27.parquet,4401,0,0,0,
CORZW_trades_2025_04_09.parquet,3227,0,0,0,
CORZW_trades_2025_06_26.parquet,14144,0,0,0,
CORZZ_trades_2025_06_26.parquet,1522,0,0,0,
CORZ_trades_2025_06_26.parquet,422651,0,0,0,
COSM_trades_2025_08_06.parquet,21282,0,0,0,
COUR_trades_2025_07_25.parquet,139170,0,0,0,
CPIX_trades_2025_01_14.parquet,35221,0,0,0,
CPIX_trades_2025_02_04.parquet,104830,0,0,0,
CPIX_trades_2025_02_05.parquet,316469,0,0,0,
CPIX_trades_2025_02_19.parquet,12059,0,0,0,
CPIX_trades_2025_06_30.parquet,1558,0,0,0,
CPOP_trades_2025_01_06.parquet,2810,0,0,0,
CPOP_trades_2025_07_31.parquet,61148,0,0,0,
CPOP_trades_2025_08_06.parquet,126723,0,0,0,
CPOP_trades_2025_08_20.parquet,26082,0,0,0,
CPOP_trades_2025_09_10.parquet,73872,0,0,0,
CPOP_trades_2025_09_25.parquet,234270,0,0,0,
CPRI_trades_2025_04_09.parquet,113098,0,0,0,
CPS_trades_2025_05_02.parquet,26093,0,0,0,
CRCG_trades_2025_08_12.parquet,4924,0,0,0,
CRCG_trades_2025_09_11.parquet,18488,0,0,0,
CRCG_trades_2025_10_02.parquet,18093,0,0,0,
CRCL_trades_2025_06_06.parquet,727594,0,0,0,
CRCL_trades_2025_06_18.parquet,793420,0,0,0,
CREG_trades_2025_05_13.parquet,1352,0,0,0,
CREG_trades_2025_06_16.parquet,140445,0,0,0,
CREG_trades_2025_08_07.parquet,252265,0,0,0,
CREG_trades_2025_10_01.parquet,4711,0,0,0,
CRESW_trades_2025_10_27.parquet,373,0,0,0,
CRESY_trades_2025_10_27.parquet,13501,0,0,0,
CREV_trades_2025_01_24.parquet,40391,0,0,0,
CREV_trades_2025_05_02.parquet,1356,0,0,0,
CREV_trades_2025_06_24.parquet,32813,0,0,0,
CREV_trades_2025_06_25.parquet,18242,0,0,0,
CREV_trades_2025_07_07.parquet,12795,0,0,0,
CREV_trades_2025_07_25.parquet,24269,0,0,0,
CREV_trades_2025_07_28.parquet,35732,0,0,0,
CREV_trades_2025_10_17.parquet,493932,0,0,0,
CREV_trades_2025_10_28.parquet,3895,0,0,0,
CRE_trades_2025_07_24.parquet,35872,0,0,0,
CRE_trades_2025_09_22.parquet,49074,0,0,0,
CRE_trades_2025_09_30.parquet,167714,0,0,0,
CRGO_trades_2025_04_09.parquet,652,0,0,0,
CRMD_trades_2025_01_07.parquet,43004,0,0,0,
CRMLW_trades_2025_07_16.parquet,572,0,0,0,
CRMLW_trades_2025_07_17.parquet,1219,0,0,0,
CRMLW_trades_2025_07_18.parquet,924,0,0,0,
CRMLW_trades_2025_08_26.parquet,1963,0,0,0,
CRMLW_trades_2025_10_06.parquet,14505,0,0,0,
CRMLW_trades_2025_10_08.parquet,2798,0,0,0,
CRMLW_trades_2025_10_09.parquet,7021,0,0,0,
CRMLW_trades_2025_10_10.parquet,6439,0,0,0,
CRMLW_trades_2025_10_13.parquet,5425,0,0,0,
CRMLW_trades_2025_10_14.parquet,17544,0,0,0,
CRMLW_trades_2025_10_24.parquet,2013,0,0,0,
CRML_trades_2025_01_10.parquet,2425,0,0,0,
CRML_trades_2025_03_04.parquet,6025,0,0,0,
CRML_trades_2025_04_11.parquet,23870,0,0,0,
CRML_trades_2025_04_14.parquet,53180,0,0,0,
CRML_trades_2025_06_13.parquet,29099,0,0,0,
CRML_trades_2025_06_16.parquet,131348,0,0,0,
CRML_trades_2025_06_26.parquet,44333,0,0,0,
CRML_trades_2025_07_15.parquet,71356,0,0,0,
CRML_trades_2025_10_06.parquet,1031828,0,0,0,
CRML_trades_2025_10_09.parquet,260061,0,0,0,
CRML_trades_2025_10_10.parquet,317810,0,0,0,
CRML_trades_2025_10_13.parquet,411110,0,0,0,
CRML_trades_2025_10_14.parquet,624935,0,0,0,
CRNC_trades_2025_01_03.parquet,951318,0,0,0,
CRNC_trades_2025_01_06.parquet,548592,0,0,0,
CRNX_trades_2025_09_26.parquet,111540,0,0,0,
CRVO_trades_2025_03_12.parquet,826169,0,0,0,
CRVO_trades_2025_03_17.parquet,140447,0,0,0,
CRVO_trades_2025_03_20.parquet,24908,0,0,0,
CRVO_trades_2025_03_21.parquet,67752,0,0,0,
CRVO_trades_2025_03_27.parquet,29797,0,0,0,
CRVO_trades_2025_04_02.parquet,26971,0,0,0,
CRVO_trades_2025_07_28.parquet,175097,0,0,0,
CRVS_trades_2025_05_09.parquet,46799,0,0,0,
CRWG_trades_2025_09_10.parquet,23221,0,0,0,
CRWG_trades_2025_09_30.parquet,27247,0,0,0,
CRWL_trades_2025_04_09.parquet,2945,0,0,0,
CRWV_trades_2025_04_01.parquet,291384,0,0,0,
CSAI_trades_2025_02_10.parquet,82940,0,0,0,
CSAI_trades_2025_02_11.parquet,18890,0,0,0,
CSAI_trades_2025_02_12.parquet,15644,0,0,0,
CSAI_trades_2025_02_13.parquet,46444,0,0,0,
CSAI_trades_2025_02_18.parquet,17997,0,0,0,
CSAI_trades_2025_03_19.parquet,31956,0,0,0,
CSAI_trades_2025_04_01.parquet,267617,0,0,0,
CSAI_trades_2025_10_15.parquet,33566,0,0,0,
CSBR_trades_2025_06_12.parquet,2499,0,0,0,
CSTL_trades_2025_08_05.parquet,27538,0,0,0,
CTEV_trades_2025_05_29.parquet,6523,0,0,0,
CTEV_trades_2025_08_06.parquet,8260,0,0,0,
CTMX_trades_2025_05_12.parquet,293912,0,0,0,
CTNM_trades_2025_06_20.parquet,2557,0,0,0,
CTNM_trades_2025_07_21.parquet,4759,0,0,0,
CTNT_trades_2025_06_05.parquet,194722,0,0,0,
CTOR_trades_2025_03_31.parquet,228485,0,0,0,
CTOR_trades_2025_06_20.parquet,83708,0,0,0,
CTOR_trades_2025_06_24.parquet,6921,0,0,0,
CTOR_trades_2025_06_27.parquet,70184,0,0,0,
CTOR_trades_2025_07_23.parquet,73325,0,0,0,
CTOR_trades_2025_10_16.parquet,5854,0,0,0,
CTOS_trades_2025_03_05.parquet,17326,0,0,0,
CTW_trades_2025_09_23.parquet,33966,22154,0,0,
CTXR_trades_2025_03_28.parquet,2512,0,0,0,
CTXR_trades_2025_03_31.parquet,38899,0,0,0,
CTXR_trades_2025_06_09.parquet,269175,0,0,0,
CTXR_trades_2025_06_20.parquet,8691,0,0,0,
CTXR_trades_2025_06_27.parquet,16240,0,0,0,
CTXR_trades_2025_10_16.parquet,44025,0,0,0,
CTXR_trades_2025_10_20.parquet,26121,0,0,0,
CUE_trades_2025_01_03.parquet,5645,0,0,0,
CUE_trades_2025_07_16.parquet,12711,0,0,0,
CUPR_trades_2025_05_02.parquet,1197,0,0,0,
CUPR_trades_2025_06_09.parquet,2944,0,0,0,
CUPR_trades_2025_08_21.parquet,23767,0,0,0,
CUPR_trades_2025_09_10.parquet,386436,0,0,0,
CUPR_trades_2025_10_27.parquet,7000,0,0,0,
CURI_trades_2025_03_12.parquet,6430,0,0,0,
CURI_trades_2025_05_07.parquet,63886,0,0,0,
CURR_trades_2025_01_08.parquet,1167807,0,0,0,
CURR_trades_2025_02_19.parquet,27778,0,0,0,
CURR_trades_2025_03_17.parquet,12897,0,0,0,
CURR_trades_2025_07_01.parquet,7143,0,0,0,
CURR_trades_2025_07_07.parquet,96919,0,0,0,
CURR_trades_2025_08_14.parquet,4687,0,0,0,
CURR_trades_2025_10_28.parquet,5531,0,0,0,
CURR_trades_2025_10_31.parquet,5148,0,0,0,
CURX_trades_2025_09_26.parquet,31099,0,0,0,
CVAC_trades_2025_06_12.parquet,111296,0,0,0,
CVE.WS_trades_2025_04_09.parquet,62,0,0,0,
CVGI_trades_2025_05_07.parquet,6221,0,0,0,
CVKD_trades_2025_06_30.parquet,1884,0,0,0,
CVNX_trades_2025_07_31.parquet,1502,0,0,0,
CV_trades_2025_07_03.parquet,75871,0,0,0,
CWD_trades_2025_08_05.parquet,692011,0,0,0,
CWD_trades_2025_08_28.parquet,839356,0,0,0,
CWD_trades_2025_09_09.parquet,1991198,0,0,0,
CWD_trades_2025_09_17.parquet,425891,0,0,0,
CXAI_trades_2025_04_04.parquet,7839340,7651491,0,0,
CYCN_trades_2025_01_31.parquet,441216,0,0,0,
CYCN_trades_2025_02_03.parquet,149204,0,0,0,
CYCU_trades_2025_02_19.parquet,201793,0,0,0,
CYCU_trades_2025_03_04.parquet,197275,0,0,0,
CYCU_trades_2025_03_05.parquet,180503,0,0,0,
CYCU_trades_2025_04_08.parquet,218411,0,0,0,
CYCU_trades_2025_08_22.parquet,421952,0,0,0,
CYCU_trades_2025_09_02.parquet,152439,0,0,0,
CYCU_trades_2025_09_24.parquet,67103,0,0,0,
CYCU_trades_2025_09_25.parquet,202171,0,0,0,
CYCU_trades_2025_09_29.parquet,81429,0,0,0,
CYCU_trades_2025_10_16.parquet,87908,0,0,0,
CYCU_trades_2025_10_29.parquet,21090,0,0,0,
CYD_trades_2025_02_20.parquet,13678,0,0,0,
CYD_trades_2025_02_24.parquet,18260,0,0,0,
CYH_trades_2025_04_24.parquet,42777,0,0,0,
CYN_trades_2025_01_14.parquet,31170,0,0,0,
CYN_trades_2025_02_05.parquet,264148,0,0,0,
CYN_trades_2025_02_10.parquet,751549,0,0,0,
CYN_trades_2025_02_11.parquet,515987,0,0,0,
CYN_trades_2025_02_21.parquet,20466,0,0,0,
CYN_trades_2025_06_26.parquet,1753574,0,0,0,
CYN_trades_2025_06_27.parquet,808144,0,0,0,
CYN_trades_2025_07_02.parquet,245788,0,0,0,
CYN_trades_2025_07_11.parquet,27628,0,0,0,
CYRX_trades_2025_03_05.parquet,15855,0,0,0,
CYRX_trades_2025_03_11.parquet,16678,0,0,0,
CYRX_trades_2025_08_06.parquet,122720,0,0,0,
CYTK_trades_2025_09_02.parquet,132500,0,0,0,
DAIC_trades_2025_06_24.parquet,4084,0,0,0,
DAIC_trades_2025_07_02.parquet,549065,0,0,0,
DAO_trades_2025_02_10.parquet,10818,0,0,0,
DARE_trades_2025_07_14.parquet,561106,0,0,0,
DAVEW_trades_2025_05_21.parquet,641,0,0,0,
DAVEW_trades_2025_06_16.parquet,220,0,0,0,
DAVEW_trades_2025_06_27.parquet,299,0,0,0,
DAVEW_trades_2025_06_30.parquet,748,0,0,0,
DAVEW_trades_2025_07_09.parquet,238,0,0,0,
DAVE_trades_2025_05_08.parquet,52299,0,0,0,
DBGI_trades_2025_01_22.parquet,419,0,0,0,
DBGI_trades_2025_01_24.parquet,185,0,0,0,
DBGI_trades_2025_02_03.parquet,123,0,0,0,
DBGI_trades_2025_02_10.parquet,116,0,0,0,
DBGI_trades_2025_02_14.parquet,2765,0,0,0,
DBGI_trades_2025_02_18.parquet,1653,0,0,0,
DBGI_trades_2025_05_20.parquet,550,0,0,0,
DBGI_trades_2025_07_09.parquet,174,0,0,0,
DBGI_trades_2025_07_21.parquet,102,0,0,0,
DBGI_trades_2025_08_19.parquet,652,0,0,0,
DBGI_trades_2025_09_24.parquet,31903,0,0,0,
DBVT_trades_2025_01_10.parquet,6388,0,0,0,
DBVT_trades_2025_03_28.parquet,188472,0,0,0,
DBVT_trades_2025_04_02.parquet,3306,0,0,0,
DCGO_trades_2025_10_21.parquet,131975,0,0,0,
DDD_trades_2025_08_12.parquet,60677,0,0,0,
DERM_trades_2025_05_15.parquet,3101,0,0,0,
DEVS_trades_2025_05_07.parquet,263039,0,0,0,
DEVS_trades_2025_05_09.parquet,117644,0,0,0,
DEVS_trades_2025_05_12.parquet,308004,0,0,0,
DEVS_trades_2025_05_14.parquet,332615,0,0,0,
DEVS_trades_2025_05_23.parquet,145356,0,0,0,
DEVS_trades_2025_07_21.parquet,186749,0,0,0,
DEVS_trades_2025_07_22.parquet,36366,0,0,0,
DEVS_trades_2025_08_01.parquet,8018,0,0,0,
DEVS_trades_2025_08_27.parquet,193232,0,0,0,
DFDV_trades_2025_05_09.parquet,4828,0,0,0,
DFDV_trades_2025_05_12.parquet,6645,0,0,0,
DFDV_trades_2025_05_16.parquet,15979,0,0,0,
DFDV_trades_2025_05_20.parquet,15685,0,0,0,
DFDV_trades_2025_05_21.parquet,42771,0,0,0,
DFDV_trades_2025_05_22.parquet,70708,0,0,0,
DFDV_trades_2025_06_06.parquet,17157,0,0,0,
DFDV_trades_2025_06_09.parquet,22316,0,0,0,
DFDV_trades_2025_06_30.parquet,23659,0,0,0,
DFLI_trades_2025_10_02.parquet,419491,0,0,0,
DFLI_trades_2025_10_03.parquet,625498,0,0,0,
DFLI_trades_2025_10_13.parquet,62194,0,0,0,
DFLI_trades_2025_10_15.parquet,335482,0,0,0,
DFSC_trades_2025_10_31.parquet,512834,0,0,0,
DGLY_trades_2025_02_18.parquet,84736,0,0,0,
DGLY_trades_2025_03_26.parquet,37160,0,0,0,
DGLY_trades_2025_04_02.parquet,361766,0,0,0,
DGLY_trades_2025_04_21.parquet,28324,0,0,0,
DGLY_trades_2025_04_28.parquet,58907,0,0,0,
DGLY_trades_2025_04_29.parquet,56672,0,0,0,
DGLY_trades_2025_05_08.parquet,207573,0,0,0,
DGLY_trades_2025_05_27.parquet,48087,0,0,0,
DGLY_trades_2025_09_10.parquet,6381,0,0,0,
DGNX_trades_2025_01_23.parquet,157979,0,0,0,
DGNX_trades_2025_01_28.parquet,18841,0,0,0,
DGNX_trades_2025_01_29.parquet,45714,0,0,0,
DGNX_trades_2025_01_31.parquet,17030,0,0,0,
DGNX_trades_2025_02_07.parquet,5411,0,0,0,
DGNX_trades_2025_02_21.parquet,11469,0,0,0,
DGNX_trades_2025_02_24.parquet,5479,0,0,0,
DGNX_trades_2025_03_19.parquet,5234,0,0,0,
DGNX_trades_2025_03_20.parquet,5778,0,0,0,
DGNX_trades_2025_04_15.parquet,4537,0,0,0,
DGNX_trades_2025_06_06.parquet,3149,0,0,0,
DGNX_trades_2025_07_10.parquet,3258,0,0,0,
DGNX_trades_2025_09_10.parquet,15200,0,0,0,
DGNX_trades_2025_09_22.parquet,12022,0,0,0,
DGNX_trades_2025_10_08.parquet,22493,0,0,0,
DGXX_trades_2025_04_21.parquet,95978,0,0,0,
DGXX_trades_2025_10_27.parquet,52879,0,0,0,
DHC_trades_2025_05_06.parquet,25693,0,0,0,
DHX_trades_2025_05_08.parquet,2461,0,0,0,
DH_trades_2025_05_09.parquet,30491,0,0,0,
DJTWW_trades_2025_01_13.parquet,12716,0,0,0,
DKI_trades_2025_08_25.parquet,3930,0,0,0,
DKI_trades_2025_09_11.parquet,2321,0,0,0,
DKI_trades_2025_09_25.parquet,2139,0,0,0,
DKI_trades_2025_10_02.parquet,96810,0,0,0,
DLHC_trades_2025_04_16.parquet,3624,0,0,0,
DLHC_trades_2025_10_31.parquet,32546,0,0,0,
DLLL_trades_2025_04_09.parquet,693,0,0,0,
DLO_trades_2025_08_14.parquet,121348,0,0,0,
DLPN_trades_2025_08_14.parquet,35405,0,0,0,
DLTH_trades_2025_09_04.parquet,319196,0,0,0,
DNOW_trades_2025_02_13.parquet,25909945,25890047,0,0,
DNUT_trades_2025_07_23.parquet,596764,0,0,0,
DNUT_trades_2025_10_22.parquet,614681,0,0,0,
DOCN_trades_2025_08_05.parquet,139584,46854,0,0,
DOCS_trades_2025_02_07.parquet,120452,0,0,0,
DOGZ_trades_2025_01_21.parquet,25674,0,0,0,
DOGZ_trades_2025_08_14.parquet,6885,0,0,0,
DOMH_trades_2025_01_24.parquet,1900,0,0,0,
DOMH_trades_2025_01_30.parquet,17911,0,0,0,
DOMH_trades_2025_02_10.parquet,145809,0,0,0,
DOMH_trades_2025_02_11.parquet,256311,0,0,0,
DOMH_trades_2025_02_13.parquet,83012,0,0,0,
DOMH_trades_2025_02_25.parquet,24868,0,0,0,
DOMH_trades_2025_03_24.parquet,7487,0,0,0,
DOMO_trades_2025_05_22.parquet,44376,0,0,0,
DOUG_trades_2025_05_23.parquet,63900,0,0,0,
DOYU_trades_2025_01_16.parquet,19220,0,0,0,
DPRO_trades_2025_06_05.parquet,7079,0,0,0,
DPRO_trades_2025_06_10.parquet,25284,0,0,0,
DPRO_trades_2025_06_20.parquet,31281,0,0,0,
DPRO_trades_2025_07_16.parquet,252048,0,0,0,
DPRO_trades_2025_07_17.parquet,145239,0,0,0,
DPRO_trades_2025_09_30.parquet,383365,0,0,0,
DRCT_trades_2025_01_10.parquet,112043,0,0,0,
DRCT_trades_2025_01_13.parquet,17268,0,0,0,
DRCT_trades_2025_03_27.parquet,64728,0,0,0,
DRCT_trades_2025_05_01.parquet,61110,0,0,0,
DRIO_trades_2025_01_07.parquet,6514,0,0,0,
DRIO_trades_2025_01_14.parquet,34880,0,0,0,
DRIO_trades_2025_04_11.parquet,2079,0,0,0,
DRIO_trades_2025_09_25.parquet,35194,0,0,0,
DRMA_trades_2025_01_24.parquet,18611,0,0,0,
DRMA_trades_2025_03_27.parquet,283487,0,0,0,
DSY_trades_2025_02_10.parquet,4042,0,0,0,
DSY_trades_2025_09_09.parquet,812900,0,0,0,
DTCK_trades_2025_06_06.parquet,181626,0,0,0,
DTCK_trades_2025_06_17.parquet,11985,0,0,0,
DTCK_trades_2025_10_02.parquet,9587,0,0,0,
DTCK_trades_2025_10_27.parquet,9428,0,0,0,
DTIL_trades_2025_01_10.parquet,144983,0,0,0,
DTSS_trades_2025_01_27.parquet,17533,0,0,0,
DTST_trades_2025_07_16.parquet,131387,0,0,0,
DUOL_trades_2025_08_07.parquet,195735,0,0,0,
DUO_trades_2025_05_12.parquet,92921,0,0,0,
DUO_trades_2025_08_25.parquet,90497,0,0,0,
DUO_trades_2025_08_29.parquet,157363,0,0,0,
DUO_trades_2025_09_02.parquet,37738,0,0,0,
DUO_trades_2025_09_05.parquet,100646,0,0,0,
DUO_trades_2025_09_08.parquet,60899,0,0,0,
DVLT_trades_2025_09_25.parquet,342093,0,0,0,
DVLT_trades_2025_09_26.parquet,404627,0,0,0,
DVLT_trades_2025_10_06.parquet,216585,0,0,0,
DVLT_trades_2025_10_07.parquet,353156,0,0,0,
DVLT_trades_2025_10_14.parquet,88834,0,0,0,
DVLT_trades_2025_10_20.parquet,127690,0,0,0,
DVLT_trades_2025_10_24.parquet,322294,0,0,0,
DWSN_trades_2025_06_16.parquet,579409,0,0,0,
DWTX_trades_2025_01_21.parquet,171428,0,0,0,
DWTX_trades_2025_01_23.parquet,927190,0,0,0,
DWTX_trades_2025_01_24.parquet,126826,0,0,0,
DWTX_trades_2025_01_27.parquet,152373,0,0,0,
DWTX_trades_2025_03_07.parquet,182652,0,0,0,
DWTX_trades_2025_03_10.parquet,81015,0,0,0,
DWTX_trades_2025_03_11.parquet,97230,0,0,0,
DWTX_trades_2025_03_12.parquet,69769,0,0,0,
DWTX_trades_2025_04_15.parquet,132122,0,0,0,
DWTX_trades_2025_04_17.parquet,10873,0,0,0,
DWTX_trades_2025_04_21.parquet,158820,0,0,0,
DWTX_trades_2025_09_29.parquet,640137,0,0,0,
DXST_trades_2025_01_23.parquet,108102,0,0,0,
DXST_trades_2025_01_29.parquet,6194,0,0,0,
DXST_trades_2025_05_08.parquet,637,0,0,0,
DXYZ_trades_2025_10_01.parquet,44080,0,0,0,
DYN_trades_2025_10_27.parquet,91649,0,0,0,
EAF_trades_2025_05_07.parquet,17747,0,0,0,
EAF_trades_2025_07_18.parquet,22363,0,0,0,
EBON_trades_2025_07_10.parquet,2840,0,0,0,
EBS_trades_2025_05_08.parquet,28960,0,0,0,
EBS_trades_2025_08_07.parquet,41240,0,0,0,
EBS_trades_2025_10_30.parquet,69998,0,0,0,
ECDA_trades_2025_04_08.parquet,799,0,0,0,
ECDA_trades_2025_04_21.parquet,16197,0,0,0,
ECDA_trades_2025_05_07.parquet,1502,0,0,0,
ECDA_trades_2025_05_13.parquet,4369,0,0,0,
ECDA_trades_2025_05_14.parquet,3322,0,0,0,
ECDA_trades_2025_05_28.parquet,59637,0,0,0,
ECDA_trades_2025_05_30.parquet,145779,0,0,0,
ECDA_trades_2025_06_23.parquet,377924,0,0,0,
ECDA_trades_2025_07_17.parquet,21465,0,0,0,
ECDA_trades_2025_09_05.parquet,5535,0,0,0,
ECDA_trades_2025_10_08.parquet,27802,0,0,0,
ECOR_trades_2025_07_08.parquet,4868,0,0,0,
ECX_trades_2025_03_12.parquet,15093,0,0,0,
ECX_trades_2025_04_22.parquet,15773,0,0,0,
EDAP_trades_2025_10_15.parquet,1808,0,0,0,
EDBL_trades_2025_02_05.parquet,71597,0,0,0,
EDBL_trades_2025_02_18.parquet,44960,0,0,0,
EDBL_trades_2025_03_26.parquet,3226,0,0,0,
EDBL_trades_2025_05_20.parquet,493667,0,0,0,
EDBL_trades_2025_05_21.parquet,772117,0,0,0,
EDBL_trades_2025_09_03.parquet,21391,0,0,0,
EDHL_trades_2025_09_10.parquet,328288,0,0,0,
EDHL_trades_2025_09_11.parquet,18917,0,0,0,
EDHL_trades_2025_10_14.parquet,191598,0,0,0,
EDHL_trades_2025_10_29.parquet,26857,0,0,0,
EDIT_trades_2025_02_19.parquet,129963,0,0,0,
EDIT_trades_2025_08_13.parquet,32960,0,0,0,
EDN_trades_2025_10_27.parquet,17261,0,0,0,
EDSA_trades_2025_01_24.parquet,1479,0,0,0,
EDSA_trades_2025_02_13.parquet,626371,0,0,0,
EDUC_trades_2025_09_17.parquet,736147,672465,0,0,
EEIQ_trades_2025_08_22.parquet,523572,0,0,0,
EFOI_trades_2025_02_18.parquet,367541,0,0,0,
EFOI_trades_2025_02_25.parquet,1364,0,0,0,
EFOI_trades_2025_06_23.parquet,1141,0,0,0,
EHLD_trades_2025_03_25.parquet,18940,0,0,0,
EHTH_trades_2025_05_07.parquet,16616,0,0,0,
EHTH_trades_2025_08_06.parquet,31203,0,0,0,
EJH_trades_2025_02_03.parquet,4413,0,0,0,
EJH_trades_2025_03_07.parquet,3788,0,0,0,
EJH_trades_2025_05_23.parquet,70916,0,0,0,
EJH_trades_2025_05_27.parquet,497930,0,0,0,
EJH_trades_2025_07_15.parquet,9696,0,0,0,
EJH_trades_2025_08_13.parquet,1474,0,0,0,
EKSO_trades_2025_01_03.parquet,5712,0,0,0,
EKSO_trades_2025_01_06.parquet,142231,0,0,0,
EKSO_trades_2025_05_15.parquet,199842,0,0,0,
ELAB_trades_2025_01_24.parquet,438539,0,0,0,
ELAB_trades_2025_03_20.parquet,14140,0,0,0,
ELAB_trades_2025_04_10.parquet,128467,0,0,0,
ELAB_trades_2025_05_02.parquet,33742,0,0,0,
ELAB_trades_2025_06_09.parquet,189918,0,0,0,
ELAB_trades_2025_07_14.parquet,7041,0,0,0,
ELAB_trades_2025_08_22.parquet,690460,0,0,0,
ELAB_trades_2025_10_14.parquet,600168,0,0,0,
ELBM_trades_2025_03_21.parquet,15931,0,0,0,
ELBM_trades_2025_09_12.parquet,64742,0,0,0,
ELBM_trades_2025_10_01.parquet,12495,0,0,0,
ELBM_trades_2025_10_08.parquet,19544,0,0,0,
ELBM_trades_2025_10_13.parquet,1294168,0,0,0,
ELBM_trades_2025_10_17.parquet,223970,0,0,0,
ELF_trades_2025_05_29.parquet,261292,0,0,0,
ELIL_trades_2025_04_17.parquet,310,0,0,0,
ELPW_trades_2025_04_14.parquet,19687,0,0,0,
ELPW_trades_2025_04_15.parquet,17942,0,0,0,
ELPW_trades_2025_04_16.parquet,6600,0,0,0,
ELPW_trades_2025_04_17.parquet,7231,0,0,0,
ELPW_trades_2025_05_08.parquet,1350,0,0,0,
ELPW_trades_2025_05_13.parquet,1839,0,0,0,
ELPW_trades_2025_07_02.parquet,27149,0,0,0,
ELPW_trades_2025_07_07.parquet,40189,0,0,0,
ELWS_trades_2025_05_13.parquet,18416,0,0,0,
ELWS_trades_2025_07_02.parquet,516695,0,0,0,
ELWS_trades_2025_07_28.parquet,1989,0,0,0,
ELWS_trades_2025_07_31.parquet,25076,0,0,0,
ELWS_trades_2025_08_04.parquet,8955,0,0,0,
ELWS_trades_2025_10_13.parquet,2097,0,0,0,
ELWS_trades_2025_10_16.parquet,301601,0,0,0,
EMPG_trades_2025_07_03.parquet,104836,0,0,0,
EM_trades_2025_01_06.parquet,12119,0,0,0,
ENGNW_trades_2025_01_17.parquet,133,0,0,0,
ENGNW_trades_2025_01_21.parquet,74,0,0,0,
ENGNW_trades_2025_02_07.parquet,103,0,0,0,
ENGNW_trades_2025_07_02.parquet,36,0,0,0,
ENGNW_trades_2025_10_09.parquet,139,0,0,0,
ENGNW_trades_2025_10_15.parquet,82,0,0,0,
ENGNW_trades_2025_10_17.parquet,582,0,0,0,
ENGNW_trades_2025_10_22.parquet,828,0,0,0,
ENGS_trades_2025_04_23.parquet,1591,0,0,0,
ENGS_trades_2025_07_07.parquet,17068,0,0,0,
ENGS_trades_2025_07_23.parquet,4731,0,0,0,
ENGS_trades_2025_08_14.parquet,6898,0,0,0,
ENGS_trades_2025_09_09.parquet,3431,0,0,0,
ENGS_trades_2025_09_11.parquet,4842,0,0,0,
ENSC_trades_2025_04_23.parquet,522546,260,0,0,
ENTA_trades_2025_02_13.parquet,10097443,10084441,0,0,
ENTA_trades_2025_09_29.parquet,157631,0,0,0,
ENTO_trades_2025_03_03.parquet,22491,0,0,0,
ENTO_trades_2025_05_29.parquet,69168,0,0,0,
ENTO_trades_2025_05_30.parquet,6419,0,0,0,
ENTO_trades_2025_07_08.parquet,6920,0,0,0,
ENTO_trades_2025_08_11.parquet,500445,0,0,0,
ENTO_trades_2025_09_12.parquet,2777,0,0,0,
ENVB_trades_2025_02_26.parquet,656896,0,0,0,
ENVB_trades_2025_02_28.parquet,59332,0,0,0,
ENVX_trades_2025_01_07.parquet,124389,0,0,0,
EOLS_trades_2025_01_21.parquet,35756,0,0,0,
EOSE_trades_2025_05_07.parquet,177475,0,0,0,
EPOW_trades_2025_09_25.parquet,3585,0,0,0,
EPOW_trades_2025_09_26.parquet,19984,0,0,0,
EPOW_trades_2025_09_30.parquet,232047,0,0,0,
EPSM_trades_2025_04_23.parquet,10547,0,0,0,
EPSM_trades_2025_04_24.parquet,9012,0,0,0,
EPSM_trades_2025_05_05.parquet,9468,0,0,0,
EPSM_trades_2025_05_06.parquet,12437,0,0,0,
EPSM_trades_2025_06_20.parquet,1902,0,0,0,
EPSM_trades_2025_06_23.parquet,2718,0,0,0,
EPSM_trades_2025_07_01.parquet,847,0,0,0,
EPSM_trades_2025_07_09.parquet,1195,0,0,0,
EPSM_trades_2025_09_09.parquet,10345,0,0,0,
EPSM_trades_2025_09_11.parquet,9216,0,0,0,
EPSM_trades_2025_09_12.parquet,4687,0,0,0,
EPSM_trades_2025_10_02.parquet,18990,0,0,0,
EPSM_trades_2025_10_03.parquet,143862,0,0,0,
EPSM_trades_2025_10_23.parquet,2463,0,0,0,
EPWK_trades_2025_04_23.parquet,82762,0,0,0,
EPWK_trades_2025_04_24.parquet,5231,0,0,0,
EPWK_trades_2025_04_25.parquet,5485,0,0,0,
EPWK_trades_2025_05_06.parquet,9658,0,0,0,
EPWK_trades_2025_06_05.parquet,32266,0,0,0,
EPWK_trades_2025_08_27.parquet,24961,0,0,0,
EPWK_trades_2025_09_09.parquet,7491,0,0,0,
EPWK_trades_2025_09_10.parquet,19539,0,0,0,
EPWK_trades_2025_10_09.parquet,398757,0,0,0,
EPWK_trades_2025_10_16.parquet,96123,0,0,0,
EPWK_trades_2025_10_22.parquet,40341,0,0,0,
EPWK_trades_2025_10_31.parquet,677736,0,0,0,
EQS_trades_2025_08_06.parquet,890,0,0,0,
EQ_trades_2025_02_06.parquet,78539,0,0,0,
EQ_trades_2025_08_01.parquet,204103,0,0,0,
EQ_trades_2025_08_11.parquet,405231,0,0,0,
EQ_trades_2025_08_21.parquet,15327,0,0,0,
EQ_trades_2025_08_22.parquet,42086,0,0,0,
EQ_trades_2025_09_05.parquet,20057,0,0,0,
ERAS_trades_2025_04_09.parquet,9793,0,0,0,
ERAS_trades_2025_05_29.parquet,16443,0,0,0,
ERNA_trades_2025_01_14.parquet,654487,0,0,0,
ERNA_trades_2025_01_22.parquet,16783,0,0,0,
ERNA_trades_2025_10_29.parquet,849150,0,0,0,
ESGL_trades_2025_01_10.parquet,1581,0,0,0,
ESGL_trades_2025_01_13.parquet,1158,0,0,0,
ESGL_trades_2025_02_27.parquet,184276,0,0,0,
ESGL_trades_2025_02_28.parquet,17604,0,0,0,
ESLA_trades_2025_02_18.parquet,2598,0,0,0,
ESLA_trades_2025_10_01.parquet,3313,0,0,0,
ESPR_trades_2025_07_24.parquet,61027,0,0,0,
EUDA_trades_2025_09_24.parquet,2118,0,0,0,
EVAX_trades_2025_01_23.parquet,39201,0,0,0,
EVAX_trades_2025_01_24.parquet,513818,0,0,0,
EVAX_trades_2025_02_04.parquet,452679,0,0,0,
EVAX_trades_2025_09_25.parquet,603488,0,0,0,
EVAX_trades_2025_10_06.parquet,8656,0,0,0,
EVAX_trades_2025_10_15.parquet,20790,0,0,0,
EVER_trades_2025_02_25.parquet,35285,0,0,0,
EVGN_trades_2025_04_21.parquet,88820,0,0,0,
EVGN_trades_2025_06_10.parquet,478840,0,0,0,
EVGO_trades_2025_05_06.parquet,90832,0,0,0,
EVLVW_trades_2025_08_15.parquet,2429,0,0,0,
EVLV_trades_2025_05_16.parquet,78271,0,0,0,
EVOK_trades_2025_07_09.parquet,1085026,0,0,0,
EVOK_trades_2025_08_01.parquet,2515,0,0,0,
EVTL_trades_2025_01_15.parquet,3841,0,0,0,
EVTV_trades_2025_01_29.parquet,139009,0,0,0,
EVTV_trades_2025_01_31.parquet,23194,0,0,0,
EVTV_trades_2025_03_07.parquet,6035,0,0,0,
EVTV_trades_2025_08_04.parquet,6686,0,0,0,
EVTV_trades_2025_09_12.parquet,5104,0,0,0,
EXOZ_trades_2025_02_13.parquet,1039,0,0,0,
EXOZ_trades_2025_07_24.parquet,629,0,0,0,
EZGO_trades_2025_08_01.parquet,30596,140,0,0,
EZGO_trades_2025_09_24.parquet,93094,0,0,0,
EZGO_trades_2025_10_01.parquet,29835,0,0,0,
FAMI_trades_2025_01_15.parquet,128589,0,0,0,
FAMI_trades_2025_05_12.parquet,905,0,0,0,
FARM_trades_2025_02_07.parquet,127993,0,0,0,
FATBB_trades_2025_04_08.parquet,208,0,0,0,
FATE_trades_2025_08_13.parquet,12513,0,0,0,
FATN_trades_2025_04_11.parquet,8382,0,0,0,
FATN_trades_2025_04_14.parquet,46179,0,0,0,
FATN_trades_2025_04_17.parquet,36375,0,0,0,
FATN_trades_2025_04_23.parquet,4834,0,0,0,
FATN_trades_2025_05_13.parquet,1960,0,0,0,
FATN_trades_2025_05_16.parquet,2330,0,0,0,
FATN_trades_2025_06_30.parquet,1594,0,0,0,
FATN_trades_2025_09_19.parquet,137083,0,0,0,
FAT_trades_2025_06_09.parquet,3773,0,0,0,
FBGL_trades_2025_03_24.parquet,3107,0,0,0,
FBGL_trades_2025_03_25.parquet,40767,0,0,0,
FBIO_trades_2025_09_05.parquet,22572,0,0,0,
FBLG_trades_2025_05_15.parquet,2393,0,0,0,
FBL_trades_2025_04_09.parquet,12511,0,0,0,
FBRX_trades_2025_03_19.parquet,964,0,0,0,
FBRX_trades_2025_03_25.parquet,2958,0,0,0,
FBRX_trades_2025_05_27.parquet,6197,0,0,0,
FBRX_trades_2025_06_23.parquet,8428,0,0,0,
FBYDW_trades_2025_02_12.parquet,373,0,0,0,
FBYDW_trades_2025_02_18.parquet,221,0,0,0,
FBYDW_trades_2025_07_16.parquet,186,0,0,0,
FBYDW_trades_2025_09_17.parquet,166,0,0,0,
FBYDW_trades_2025_09_24.parquet,207,0,0,0,
FBYDW_trades_2025_10_06.parquet,42,0,0,0,
FBYDW_trades_2025_10_16.parquet,463,0,0,0,
FBYD_trades_2025_02_06.parquet,6288,0,0,0,
FBYD_trades_2025_05_02.parquet,283,0,0,0,
FBYD_trades_2025_06_18.parquet,1398,0,0,0,
FBYD_trades_2025_07_17.parquet,528,0,0,0,
FCEL_trades_2025_06_06.parquet,71128,0,0,0,
FCUV_trades_2025_01_03.parquet,327259,0,0,0,
FCUV_trades_2025_01_31.parquet,17346,0,0,0,
FCUV_trades_2025_03_05.parquet,2547,0,0,0,
FCUV_trades_2025_09_03.parquet,3761,0,0,0,
FCUV_trades_2025_10_06.parquet,1387,0,0,0,
FDMT_trades_2025_08_01.parquet,263208,0,0,0,
FEAM_trades_2025_01_14.parquet,1429,0,0,0,
FEAM_trades_2025_02_06.parquet,2077,0,0,0,
FEAM_trades_2025_03_18.parquet,8104,0,0,0,
FEAM_trades_2025_07_24.parquet,1249,0,0,0,
FEAM_trades_2025_08_11.parquet,2089,0,0,0,
FEAM_trades_2025_10_10.parquet,14234,0,0,0,
FEBO_trades_2025_08_26.parquet,26059,0,0,0,
FEDU_trades_2025_07_11.parquet,229,0,0,0,
FEDU_trades_2025_09_03.parquet,976,0,0,0,
FENG_trades_2025_09_24.parquet,1607,0,0,0,
FFAI_trades_2025_04_24.parquet,23679,0,0,0,
FFAI_trades_2025_04_28.parquet,37960,0,0,0,
FFAI_trades_2025_07_22.parquet,213633,0,0,0,
FFAI_trades_2025_07_24.parquet,110135,0,0,0,
FGEN_trades_2025_02_20.parquet,245392,0,0,0,
FGI_trades_2025_05_09.parquet,14297,0,0,0,
FGI_trades_2025_06_02.parquet,5995,0,0,0,
FGI_trades_2025_07_16.parquet,1832,0,0,0,
FGI_trades_2025_09_16.parquet,918195,0,0,0,
FGI_trades_2025_10_20.parquet,230717,0,0,0,
FGL_trades_2025_01_06.parquet,18733,0,0,0,
FGL_trades_2025_01_10.parquet,4788,0,0,0,
FGL_trades_2025_01_13.parquet,10860,0,0,0,
FGNX_trades_2025_09_17.parquet,187094,0,0,0,
FHTX_trades_2025_02_10.parquet,4716,0,0,0,
FICO_trades_2025_10_02.parquet,88252,0,0,0,
FIEE_trades_2025_07_31.parquet,7249,7,0,0,
FIG_trades_2025_07_31.parquet,907140,0,0,0,
FLDDW_trades_2025_01_24.parquet,116,0,0,0,
FLDDW_trades_2025_02_19.parquet,675,0,0,0,
FLD_trades_2025_03_06.parquet,3449,0,0,0,
FLD_trades_2025_03_21.parquet,1559,0,0,0,
FLD_trades_2025_09_19.parquet,43362,0,0,0,
FLGC_trades_2025_08_11.parquet,1219,0,0,0,
FLGC_trades_2025_09_22.parquet,94903,0,0,0,
FLNC_trades_2025_05_12.parquet,95354,0,0,0,
FLNT_trades_2025_08_27.parquet,189364,0,0,0,
FLS_trades_2025_10_29.parquet,128403,0,0,0,
FLUX_trades_2025_03_17.parquet,1172,0,0,0,
FLUX_trades_2025_03_21.parquet,1240,0,0,0,
FLUX_trades_2025_09_16.parquet,36321,0,0,0,
FLUX_trades_2025_10_06.parquet,7510,0,0,0,
FLWS_trades_2025_07_22.parquet,32136,0,0,0,
FLWS_trades_2025_10_22.parquet,277187,0,0,0,
FLXS_trades_2025_02_04.parquet,3996,0,0,0,
FLXS_trades_2025_08_19.parquet,5151,0,0,0,
FLX_trades_2025_06_03.parquet,851,0,0,0,
FLYE_trades_2025_02_11.parquet,28436,0,0,0,
FLYE_trades_2025_04_09.parquet,1908,0,0,0,
FLYE_trades_2025_07_07.parquet,6343,0,0,0,
FLYE_trades_2025_07_17.parquet,13036,0,0,0,
FLYE_trades_2025_08_21.parquet,17859,0,0,0,
FLYE_trades_2025_09_22.parquet,5367,0,0,0,
FMFC_trades_2025_06_26.parquet,12869,0,0,0,
FMFC_trades_2025_08_22.parquet,21210,0,0,0,
FMFC_trades_2025_10_10.parquet,6132,0,0,0,
FMSTW_trades_2025_06_05.parquet,255,0,0,0,
FMSTW_trades_2025_10_15.parquet,140,0,0,0,
FMSTW_trades_2025_10_16.parquet,82,0,0,0,
FMST_trades_2025_01_24.parquet,6801,0,0,0,
FMST_trades_2025_01_27.parquet,19896,0,0,0,
FMST_trades_2025_05_05.parquet,5081,0,0,0,
FMST_trades_2025_05_12.parquet,5513,0,0,0,
FMST_trades_2025_05_16.parquet,9093,0,0,0,
FMST_trades_2025_05_27.parquet,10279,0,0,0,
FMST_trades_2025_05_28.parquet,19710,0,0,0,
FMST_trades_2025_07_29.parquet,7647,0,0,0,
FNGR_trades_2025_05_01.parquet,15949,0,0,0,
FNGR_trades_2025_07_28.parquet,9454,0,0,0,
FNKO_trades_2025_05_12.parquet,31158,0,0,0,
FOFO_trades_2025_09_23.parquet,13295,838,0,0,
FOFO_trades_2025_09_25.parquet,17294,0,0,0,
FOFO_trades_2025_09_26.parquet,14053,0,0,0,
FOFO_trades_2025_09_29.parquet,15853,0,0,0,
FOFO_trades_2025_10_13.parquet,1705,0,0,0,
FOFO_trades_2025_10_14.parquet,6775,0,0,0,
FORA_trades_2025_02_14.parquet,1188,0,0,0,
FORA_trades_2025_08_25.parquet,4425,0,0,0,
FOSL_trades_2025_03_13.parquet,13764,0,0,0,
FOSL_trades_2025_08_14.parquet,13223,0,0,0,
FOSL_trades_2025_08_15.parquet,23966,0,0,0,
FOSL_trades_2025_10_15.parquet,58010,0,0,0,
FOXX_trades_2025_01_03.parquet,2673,0,0,0,
FOXX_trades_2025_01_30.parquet,357845,0,0,0,
FOXX_trades_2025_07_17.parquet,1170,0,0,0,
FOXX_trades_2025_08_11.parquet,1523,0,0,0,
FPH_trades_2025_01_24.parquet,18632,0,0,0,
FRGE_trades_2025_04_07.parquet,2785,0,0,0,
FRGE_trades_2025_04_15.parquet,9474,0,0,0,
FRGE_trades_2025_04_21.parquet,8988,0,0,0,
FRGE_trades_2025_07_31.parquet,6452,0,0,0,
FRGT_trades_2025_03_04.parquet,294391,0,0,0,
FRGT_trades_2025_04_11.parquet,10819,0,0,0,
FRGT_trades_2025_04_30.parquet,102004,0,0,0,
FRGT_trades_2025_05_02.parquet,773073,0,0,0,
FRGT_trades_2025_05_12.parquet,215591,0,0,0,
FRGT_trades_2025_09_15.parquet,186815,0,0,0,
FRGT_trades_2025_10_28.parquet,519428,0,0,0,
FTCI_trades_2025_02_14.parquet,3416,0,0,0,
FTCI_trades_2025_03_31.parquet,5040,0,0,0,
FTEK_trades_2025_05_19.parquet,12128,0,0,0,
FTEL_trades_2025_01_08.parquet,3432,0,0,0,
FTEL_trades_2025_02_14.parquet,19076,0,0,0,
FTEL_trades_2025_07_24.parquet,19542,0,0,0,
FTEL_trades_2025_09_10.parquet,3520,0,0,0,
FTEL_trades_2025_09_23.parquet,79480,0,0,0,
FTFT_trades_2025_03_03.parquet,314395,0,0,0,
FTFT_trades_2025_04_04.parquet,2070,0,0,0,
FTFT_trades_2025_07_11.parquet,601438,0,0,0,
FTFT_trades_2025_07_15.parquet,16129,0,0,0,
FTFT_trades_2025_09_12.parquet,13900,0,0,0,
FTHM_trades_2025_05_14.parquet,704,0,0,0,
FTHM_trades_2025_08_22.parquet,2623,0,0,0,
FTHM_trades_2025_08_25.parquet,65339,0,0,0,
FTHM_trades_2025_08_28.parquet,12900,0,0,0,
FTHM_trades_2025_09_10.parquet,5179,0,0,0,
FTK_trades_2025_05_07.parquet,13977,0,0,0,
FTRE_trades_2025_08_04.parquet,32239,0,0,0,
FTRK_trades_2025_06_03.parquet,20297,0,0,0,
FTRK_trades_2025_06_16.parquet,8812,0,0,0,
FUBO_trades_2025_01_06.parquet,1628129,0,0,0,
FUFU_trades_2025_03_25.parquet,6616,0,0,0,
FUFU_trades_2025_08_15.parquet,156311,0,0,0,
FULC_trades_2025_05_02.parquet,28607,0,0,0,
FWRD_trades_2025_04_09.parquet,26110,0,0,0,
GALT_trades_2025_06_17.parquet,48368,0,0,0,
GALT_trades_2025_06_18.parquet,24914,0,0,0,
GAME_trades_2025_07_08.parquet,57694,0,0,0,
GAME_trades_2025_07_09.parquet,291747,0,0,0,
GAME_trades_2025_07_16.parquet,249853,0,0,0,
GANX_trades_2025_08_15.parquet,5110,0,0,0,
GAUZ_trades_2025_03_11.parquet,1778,0,0,0,
GBIO_trades_2025_07_16.parquet,9933,0,0,0,
GBIO_trades_2025_08_13.parquet,62774,0,0,0,
GCL_trades_2025_02_18.parquet,410563,0,0,0,
GCL_trades_2025_02_28.parquet,9501,0,0,0,
GCL_trades_2025_05_21.parquet,213686,0,0,0,
GCTK_trades_2025_01_13.parquet,437273,0,0,0,
GCTK_trades_2025_01_17.parquet,175334,0,0,0,
GCTK_trades_2025_01_21.parquet,264197,0,0,0,
GCTK_trades_2025_02_04.parquet,167379,0,0,0,
GCTK_trades_2025_02_14.parquet,8299,0,0,0,
GCTK_trades_2025_02_26.parquet,8526,0,0,0,
GCTK_trades_2025_03_20.parquet,73065,0,0,0,
GCTK_trades_2025_04_01.parquet,13494,0,0,0,
GCTK_trades_2025_06_25.parquet,319288,0,0,0,
GCTK_trades_2025_06_27.parquet,81807,0,0,0,
GCTK_trades_2025_07_21.parquet,388728,0,0,0,
GCTK_trades_2025_09_02.parquet,131648,0,0,0,
GCTK_trades_2025_09_12.parquet,903870,0,0,0,
GCTS_trades_2025_05_14.parquet,9600,0,0,0,
GCT_trades_2025_08_08.parquet,49583,0,0,0,
GDC_trades_2025_02_24.parquet,25820,0,0,0,
GDC_trades_2025_02_25.parquet,22889,0,0,0,
GDC_trades_2025_05_12.parquet,79337,0,0,0,
GDC_trades_2025_09_29.parquet,2554,0,0,0,
GDC_trades_2025_10_02.parquet,3477,0,0,0,
GDEV_trades_2025_02_21.parquet,6932,0,0,0,
GDEV_trades_2025_04_15.parquet,1373,0,0,0,
GDEV_trades_2025_05_05.parquet,3033,0,0,0,
GDEV_trades_2025_09_22.parquet,848,0,0,0,
GDEV_trades_2025_09_26.parquet,1328,0,0,0,
GDEV_trades_2025_10_02.parquet,1336,0,0,0,
GDHG_trades_2025_03_24.parquet,9271,0,0,0,
GDHG_trades_2025_03_25.parquet,152441,0,0,0,
GDHG_trades_2025_04_03.parquet,6844,0,0,0,
GDHG_trades_2025_04_14.parquet,7718,0,0,0,
GDHG_trades_2025_04_22.parquet,2787,0,0,0,
GDHG_trades_2025_06_30.parquet,52250,0,0,0,
GDHG_trades_2025_07_07.parquet,9104,0,0,0,
GDOT_trades_2025_05_09.parquet,36322,0,0,0,
GDOT_trades_2025_08_12.parquet,33600,0,0,0,
GDRX_trades_2025_08_18.parquet,222451,0,0,0,
GDRX_trades_2025_10_09.parquet,119671,0,0,0,
GDTC_trades_2025_01_10.parquet,783,0,0,0,
GDTC_trades_2025_10_22.parquet,12377,0,0,0,
GEG_trades_2025_09_03.parquet,110083,0,0,0,
GELS_trades_2025_01_22.parquet,53465,0,0,0,
GELS_trades_2025_04_22.parquet,791050,0,0,0,
GELS_trades_2025_06_10.parquet,379323,0,0,0,
GELS_trades_2025_09_05.parquet,201589,0,0,0,
GELS_trades_2025_10_23.parquet,3172,0,0,0,
GENK_trades_2025_03_07.parquet,19008,1153,0,0,
GENVR_trades_2025_05_07.parquet,2820,0,0,0,
GENVR_trades_2025_08_08.parquet,3122,0,0,0,
GENVR_trades_2025_10_10.parquet,10991,0,0,0,
GEOS_trades_2025_06_17.parquet,4277,0,0,0,
GEOS_trades_2025_06_20.parquet,5009,0,0,0,
GEOS_trades_2025_06_23.parquet,29133,0,0,0,
GEOS_trades_2025_07_28.parquet,11024,0,0,0,
GES_trades_2025_03_17.parquet,63918,0,0,0,
GETY_trades_2025_01_03.parquet,29828,0,0,0,
GETY_trades_2025_01_07.parquet,345264,0,0,0,
GETY_trades_2025_10_31.parquet,603837,0,0,0,
GEVO_trades_2025_08_12.parquet,185467,0,0,0,
GFAI_trades_2025_01_03.parquet,18967,0,0,0,
GFAI_trades_2025_01_06.parquet,240954,0,0,0,
GFAI_trades_2025_01_14.parquet,33067,0,0,0,
GGAL_trades_2025_10_27.parquet,138179,0,0,0,
GGR_trades_2025_04_14.parquet,6577,0,0,0,
GGR_trades_2025_04_15.parquet,10083,0,0,0,
GHRS_trades_2025_02_03.parquet,114019,0,0,0,
GH_trades_2025_10_30.parquet,135819,0,0,0,
GIBO_trades_2025_07_10.parquet,272920,0,0,0,
GIBO_trades_2025_07_22.parquet,36948,0,0,0,
GIBO_trades_2025_07_25.parquet,96525,0,0,0,
GIBO_trades_2025_07_28.parquet,344661,0,0,0,
GIBO_trades_2025_07_29.parquet,180493,0,0,0,
GIBO_trades_2025_08_11.parquet,76825,0,0,0,
GIBO_trades_2025_09_09.parquet,43051,0,0,0,
GIFT_trades_2025_01_07.parquet,911,0,0,0,
GIFT_trades_2025_06_20.parquet,1151,0,0,0,
GIFT_trades_2025_07_30.parquet,6453,0,0,0,
GIGGW_trades_2025_10_08.parquet,5676,0,0,0,
GIGGW_trades_2025_10_14.parquet,3951,0,0,0,
GIGGW_trades_2025_10_23.parquet,729,0,0,0,
GIPRW_trades_2025_02_28.parquet,672,0,0,0,
GIPR_trades_2025_08_21.parquet,1600,0,0,0,
GIPR_trades_2025_09_17.parquet,15092,0,0,0,
GIPR_trades_2025_10_03.parquet,60905,0,0,0,
GIPR_trades_2025_10_15.parquet,5374,0,0,0,
GITS_trades_2025_01_27.parquet,27492,0,0,0,
GITS_trades_2025_04_22.parquet,3318,0,0,0,
GITS_trades_2025_05_30.parquet,351038,0,0,0,
GITS_trades_2025_07_03.parquet,433356,0,0,0,
GKOS_trades_2025_10_30.parquet,60471,0,0,0,
GLE_trades_2025_01_24.parquet,2362,0,0,0,
GLE_trades_2025_06_16.parquet,3627,0,0,0,
GLE_trades_2025_07_31.parquet,12726,0,0,0,
GLE_trades_2025_08_19.parquet,44362,0,0,0,
GLE_trades_2025_08_20.parquet,55714,0,0,0,
GLE_trades_2025_09_10.parquet,763725,0,0,0,
GLE_trades_2025_10_30.parquet,233984,0,0,0,
GLMD_trades_2025_03_17.parquet,232425,0,0,0,
GLMD_trades_2025_04_28.parquet,318908,0,0,0,
GLTO_trades_2025_03_21.parquet,74516,0,0,0,
GLTO_trades_2025_09_10.parquet,9804,0,0,0,
GLTO_trades_2025_09_23.parquet,753025,0,0,0,
GLTO_trades_2025_10_07.parquet,1965645,0,0,0,
GLTO_trades_2025_10_09.parquet,183118,0,0,0,
GLUE_trades_2025_09_15.parquet,291183,0,0,0,
GLXG_trades_2025_01_10.parquet,165463,0,0,0,
GLXG_trades_2025_01_14.parquet,34138,0,0,0,
GLXG_trades_2025_04_08.parquet,315142,0,0,0,
GLXG_trades_2025_09_09.parquet,22925,0,0,0,
GLXG_trades_2025_10_01.parquet,369987,0,0,0,
GMGI_trades_2025_02_19.parquet,5322,0,0,0,
GMHS_trades_2025_02_14.parquet,2333,0,0,0,
GMHS_trades_2025_05_30.parquet,410,0,0,0,
GMHS_trades_2025_08_11.parquet,134743,0,0,0,
GMHS_trades_2025_08_29.parquet,680414,0,0,0,
GMHS_trades_2025_09_09.parquet,153809,0,0,0,
GMM_trades_2025_09_11.parquet,154575,0,0,0,
GNLN_trades_2025_03_26.parquet,4243,0,0,0,
GNLN_trades_2025_05_21.parquet,96318,0,0,0,
GNLN_trades_2025_06_12.parquet,312607,0,0,0,
GNLN_trades_2025_06_16.parquet,92190,0,0,0,
GNLN_trades_2025_06_30.parquet,211341,0,0,0,
GNLX_trades_2025_01_21.parquet,7449,0,0,0,
GNLX_trades_2025_05_08.parquet,3702,0,0,0,
GNPX_trades_2025_03_18.parquet,128958,0,0,0,
GNPX_trades_2025_04_02.parquet,63148,0,0,0,
GNPX_trades_2025_04_03.parquet,105418,0,0,0,
GNPX_trades_2025_05_29.parquet,7062,0,0,0,
GNPX_trades_2025_08_22.parquet,98547,0,0,0,
GNPX_trades_2025_09_05.parquet,71994,0,0,0,
GNPX_trades_2025_09_08.parquet,150891,0,0,0,
GNPX_trades_2025_10_14.parquet,44607,0,0,0,
GNPX_trades_2025_10_15.parquet,1127080,0,0,0,
GNTA_trades_2025_02_03.parquet,264,0,0,0,
GNTA_trades_2025_05_30.parquet,210,0,0,0,
GNTA_trades_2025_06_05.parquet,313,0,0,0,
GNTA_trades_2025_10_24.parquet,441469,0,0,0,
GNTA_trades_2025_10_29.parquet,129841,0,0,0,
GOGO_trades_2025_05_09.parquet,94880,0,0,0,
GORV_trades_2025_03_10.parquet,1481,0,0,0,
GORV_trades_2025_03_18.parquet,2679,0,0,0,
GORV_trades_2025_03_31.parquet,1802,0,0,0,
GORV_trades_2025_05_16.parquet,171886,0,0,0,
GORV_trades_2025_05_23.parquet,198289,0,0,0,
GORV_trades_2025_09_16.parquet,179862,0,0,0,
GOTU_trades_2025_02_26.parquet,35708,0,0,0,
GOVX_trades_2025_06_16.parquet,6315,0,0,0,
GOVX_trades_2025_06_18.parquet,45895,0,0,0,
GO_trades_2025_08_06.parquet,178556,36539,0,0,
GPCR_trades_2025_04_17.parquet,50076,0,0,0,
GPRO_trades_2025_07_22.parquet,73187,0,0,0,
GPRO_trades_2025_07_23.parquet,557833,0,0,0,
GPRO_trades_2025_08_25.parquet,59182,0,0,0,
GP_trades_2025_01_10.parquet,3070,0,0,0,
GP_trades_2025_08_04.parquet,97038,0,0,0,
GP_trades_2025_09_08.parquet,56392,0,0,0,
GRAL_trades_2025_02_13.parquet,64002,0,0,0,
GRAL_trades_2025_10_20.parquet,62684,0,0,0,
GRAN_trades_2025_08_14.parquet,678,0,0,0,
GRAN_trades_2025_10_06.parquet,9370,0,0,0,
GREE_trades_2025_04_25.parquet,14188,0,0,0,
GREE_trades_2025_05_22.parquet,4931,0,0,0,
GRI_trades_2025_02_25.parquet,1597,0,0,0,
GRI_trades_2025_04_01.parquet,116049,0,0,0,
GRI_trades_2025_04_02.parquet,14641,0,0,0,
GRI_trades_2025_04_15.parquet,2616,0,0,0,
GRI_trades_2025_04_23.parquet,6142,0,0,0,
GRI_trades_2025_09_11.parquet,334105,0,0,0,
GRNQ_trades_2025_01_10.parquet,9012,0,0,0,
GRNQ_trades_2025_05_16.parquet,6583,0,0,0,
GROV_trades_2025_07_09.parquet,18307,0,0,0,
GRPN_trades_2025_03_12.parquet,79528,0,0,0,
GRPN_trades_2025_05_08.parquet,78095,0,0,0,
GRPN_trades_2025_08_07.parquet,57352,0,0,0,
GRRRW_trades_2025_02_10.parquet,1359,0,0,0,
GRRRW_trades_2025_03_03.parquet,2836,0,0,0,
GRRRW_trades_2025_03_04.parquet,3035,0,0,0,
GRRRW_trades_2025_03_05.parquet,3814,0,0,0,
GRRR_trades_2025_03_14.parquet,68272,0,0,0,
GRRR_trades_2025_06_20.parquet,113527,0,0,0,
GSAT_trades_2025_10_30.parquet,64832,0,0,0,
GSIT_trades_2025_01_17.parquet,377402,0,0,0,
GSIT_trades_2025_10_20.parquet,1141793,0,0,0,
GSIT_trades_2025_10_21.parquet,647564,0,0,0,
GSIT_trades_2025_10_27.parquet,121946,0,0,0,
GSIW_trades_2025_02_07.parquet,359433,0,0,0,
GSIW_trades_2025_05_14.parquet,65196,0,0,0,
GSIW_trades_2025_06_05.parquet,2199,0,0,0,
GSRFR_trades_2025_10_21.parquet,80,0,0,0,
GSUN_trades_2025_02_24.parquet,24813,0,0,0,
GTBP_trades_2025_02_25.parquet,180196,0,0,0,
GTBP_trades_2025_05_21.parquet,2243,0,0,0,
GTBP_trades_2025_10_08.parquet,176898,0,0,0,
GTEC_trades_2025_01_16.parquet,10463,0,0,0,
GTEC_trades_2025_03_27.parquet,325258,0,0,0,
GTENW_trades_2025_07_24.parquet,545,0,0,0,
GTENW_trades_2025_07_25.parquet,393,0,0,0,
GTENW_trades_2025_10_07.parquet,215,0,0,0,
GTIM_trades_2025_10_22.parquet,6249,0,0,0,
GTN.A_trades_2025_06_12.parquet,8673,7812,0,0,
GUTS_trades_2025_06_09.parquet,7463,0,0,0,
GUTS_trades_2025_09_26.parquet,183253,0,0,0,
GVH_trades_2025_02_03.parquet,572,0,0,0,
GVH_trades_2025_05_05.parquet,32269,0,0,0,
GVH_trades_2025_05_06.parquet,38423,0,0,0,
GVH_trades_2025_05_07.parquet,2424,0,0,0,
GVH_trades_2025_06_27.parquet,657293,0,0,0,
GVH_trades_2025_07_02.parquet,220560,0,0,0,
GVH_trades_2025_07_22.parquet,135950,0,0,0,
GVH_trades_2025_08_29.parquet,7269,0,0,0,
GV_trades_2025_02_24.parquet,14246,0,0,0,
GV_trades_2025_03_05.parquet,723956,0,0,0,
GV_trades_2025_03_06.parquet,945679,0,0,0,
GV_trades_2025_03_07.parquet,410727,0,0,0,
GV_trades_2025_03_12.parquet,202281,0,0,0,
GV_trades_2025_03_14.parquet,167367,0,0,0,
GV_trades_2025_08_05.parquet,151429,0,0,0,
GV_trades_2025_08_13.parquet,7875,0,0,0,
GV_trades_2025_09_17.parquet,492682,0,0,0,
GWAV_trades_2025_02_10.parquet,30199,0,0,0,
GWAV_trades_2025_04_22.parquet,9859,0,0,0,
GWAV_trades_2025_04_28.parquet,13228,0,0,0,
GWAV_trades_2025_10_14.parquet,650184,0,0,0,
GWH_trades_2025_02_18.parquet,3098,0,0,0,
GWH_trades_2025_05_30.parquet,88496,0,0,0,
GWH_trades_2025_06_26.parquet,6295,0,0,0,
GWH_trades_2025_07_02.parquet,2106,0,0,0,
GWH_trades_2025_07_22.parquet,4843,0,0,0,
GWH_trades_2025_10_10.parquet,1567198,0,0,0,
GWH_trades_2025_10_13.parquet,1371505,0,0,0,
GWH_trades_2025_10_17.parquet,221933,0,0,0,
GXAI_trades_2025_02_14.parquet,11529,0,0,0,
GXAI_trades_2025_08_19.parquet,831416,0,0,0,
GXAI_trades_2025_08_21.parquet,97943,0,0,0,
GYRE_trades_2025_05_27.parquet,20320,0,0,0,
HAO_trades_2025_01_28.parquet,19581,0,0,0,
HAO_trades_2025_04_09.parquet,1520,0,0,0,
HAO_trades_2025_05_23.parquet,4066,0,0,0,
HAO_trades_2025_05_30.parquet,2707,0,0,0,
HAO_trades_2025_08_25.parquet,1783,0,0,0,
HAO_trades_2025_09_11.parquet,191633,0,0,0,
HBI_trades_2025_08_07.parquet,41028,0,0,0,
HBI_trades_2025_08_12.parquet,295759,0,0,0,
HCAI_trades_2025_02_07.parquet,12604,0,0,0,
HCAI_trades_2025_03_14.parquet,1051,0,0,0,
HCAI_trades_2025_03_17.parquet,2648,0,0,0,
HCAI_trades_2025_03_26.parquet,4340,0,0,0,
HCTI_trades_2025_01_03.parquet,59590,0,0,0,
HCTI_trades_2025_01_06.parquet,6759,0,0,0,
HCTI_trades_2025_02_18.parquet,160532,0,0,0,
HCTI_trades_2025_02_26.parquet,160219,0,0,0,
HCTI_trades_2025_03_12.parquet,79476,0,0,0,
HCTI_trades_2025_04_01.parquet,6050,0,0,0,
HCTI_trades_2025_05_01.parquet,102004,0,0,0,
HCTI_trades_2025_05_14.parquet,42079,0,0,0,
HCTI_trades_2025_05_19.parquet,298039,0,0,0,
HCTI_trades_2025_05_20.parquet,85607,0,0,0,
HCTI_trades_2025_05_29.parquet,178665,0,0,0,
HCTI_trades_2025_06_11.parquet,149463,0,0,0,
HCTI_trades_2025_06_12.parquet,619635,0,0,0,
HCTI_trades_2025_06_16.parquet,108296,0,0,0,
HCTI_trades_2025_07_10.parquet,57443,0,0,0,
HCTI_trades_2025_07_23.parquet,114120,0,0,0,
HCTI_trades_2025_07_24.parquet,361358,0,0,0,
HCTI_trades_2025_07_25.parquet,379143,0,0,0,
HCTI_trades_2025_07_31.parquet,79451,0,0,0,
HCTI_trades_2025_10_01.parquet,137847,0,0,0,
HCWB_trades_2025_02_03.parquet,619519,0,0,0,
HCWB_trades_2025_05_13.parquet,406949,0,0,0,
HCWB_trades_2025_08_25.parquet,716690,0,0,0,
HCWB_trades_2025_09_12.parquet,287179,0,0,0,
HFFG_trades_2025_03_14.parquet,4698,0,0,0,
HHS_trades_2025_06_23.parquet,2254,0,0,0,
HIMS_trades_2025_04_29.parquet,910453,0,0,0,
HIMZ_trades_2025_04_09.parquet,1399,0,0,0,
HIMZ_trades_2025_04_29.parquet,26437,0,0,0,
HIMZ_trades_2025_05_06.parquet,40536,0,0,0,
HIMZ_trades_2025_05_13.parquet,22610,0,0,0,
HIMZ_trades_2025_06_03.parquet,54266,0,0,0,
HIMZ_trades_2025_07_23.parquet,63587,0,0,0,
HIMZ_trades_2025_10_15.parquet,81061,0,0,0,
HIND_trades_2025_09_17.parquet,221095,0,0,0,
HIT_trades_2025_05_14.parquet,13615,0,0,0,
HIT_trades_2025_07_21.parquet,6065,0,0,0,
HIT_trades_2025_07_22.parquet,45002,0,0,0,
HIT_trades_2025_08_04.parquet,7964,0,0,0,
HKD_trades_2025_05_29.parquet,70435,0,0,0,
HKD_trades_2025_10_31.parquet,1584652,0,0,0,
HKPD_trades_2025_03_19.parquet,1318,0,0,0,
HKPD_trades_2025_03_28.parquet,1964,0,0,0,
HKPD_trades_2025_05_19.parquet,260766,0,0,0,
HKPD_trades_2025_06_02.parquet,157193,0,0,0,
HKPD_trades_2025_06_06.parquet,12528,0,0,0,
HKPD_trades_2025_08_26.parquet,452115,0,0,0,
HKPD_trades_2025_09_05.parquet,60368,0,0,0,
HKPD_trades_2025_09_10.parquet,7569,0,0,0,
HKPD_trades_2025_10_23.parquet,6708,0,0,0,
HLF_trades_2025_02_20.parquet,124495,0,0,0,
HLIO_trades_2025_02_25.parquet,10646,0,0,0,
HLIO_trades_2025_08_05.parquet,22815,0,0,0,
HLLY_trades_2025_08_06.parquet,10667,0,0,0,
HMR_trades_2025_03_10.parquet,110139,43,0,0,
HMR_trades_2025_03_12.parquet,35671,0,0,0,
HMR_trades_2025_03_13.parquet,321412,0,0,0,
HMR_trades_2025_03_18.parquet,99209,0,0,0,
HOLO_trades_2025_01_16.parquet,159735,0,0,0,
HOLO_trades_2025_01_27.parquet,492143,0,0,0,
HOLO_trades_2025_02_21.parquet,266027,0,0,0,
HOLO_trades_2025_03_21.parquet,148560,0,0,0,
HOLO_trades_2025_04_16.parquet,77745,0,0,0,
HOLO_trades_2025_04_22.parquet,74447,0,0,0,
HOLO_trades_2025_04_24.parquet,27764,0,0,0,
HOLO_trades_2025_05_27.parquet,169598,0,0,0,
HOLO_trades_2025_05_28.parquet,321568,0,0,0,
HOLO_trades_2025_06_03.parquet,119167,0,0,0,
HOLO_trades_2025_07_11.parquet,422176,0,0,0,
HOOG_trades_2025_04_09.parquet,471,0,0,0,
HOOG_trades_2025_09_08.parquet,6486,0,0,0,
HOOX_trades_2025_04_09.parquet,536,0,0,0,
HOOX_trades_2025_09_08.parquet,5019,0,0,0,
HOTH_trades_2025_01_07.parquet,1130300,0,0,0,
HOTH_trades_2025_03_04.parquet,29712,0,0,0,
HOTH_trades_2025_06_04.parquet,83326,0,0,0,
HOUR_trades_2025_01_27.parquet,27165,0,0,0,
HOUR_trades_2025_02_03.parquet,4498,0,0,0,
HOUR_trades_2025_03_26.parquet,11310,0,0,0,
HOUR_trades_2025_07_01.parquet,36609,0,0,0,
HOUR_trades_2025_09_04.parquet,42090,0,0,0,
HOUR_trades_2025_09_05.parquet,1081341,0,0,0,
HOUR_trades_2025_09_08.parquet,406126,0,0,0,
HOUR_trades_2025_09_26.parquet,2655,0,0,0,
HOUS_trades_2025_09_22.parquet,286585,0,0,0,
HOVR_trades_2025_06_13.parquet,60924,0,0,0,
HOVR_trades_2025_06_18.parquet,15676,0,0,0,
HOVR_trades_2025_10_13.parquet,11665,0,0,0,
HPAI_trades_2025_04_04.parquet,1776,0,0,0,
HROW_trades_2025_03_18.parquet,27442,0,0,0,
HSAI_trades_2025_03_11.parquet,193269,0,0,0,
HSCS_trades_2025_07_10.parquet,5771,0,0,0,
HSDT_trades_2025_01_21.parquet,356508,0,0,0,
HSDT_trades_2025_05_02.parquet,1725,0,0,0,
HSDT_trades_2025_06_11.parquet,468207,0,0,0,
HSDT_trades_2025_06_18.parquet,127128,0,0,0,
HSDT_trades_2025_07_21.parquet,337310,0,0,0,
HSDT_trades_2025_09_15.parquet,569442,0,0,0,
HSDT_trades_2025_09_16.parquet,23886,0,0,0,
HTCO_trades_2025_03_12.parquet,9143,0,0,0,
HTCO_trades_2025_03_25.parquet,3236,0,0,0,
HTCO_trades_2025_04_14.parquet,3809,0,0,0,
HTCO_trades_2025_05_06.parquet,1698,0,0,0,
HTCO_trades_2025_05_08.parquet,2086,0,0,0,
HTCO_trades_2025_06_18.parquet,10043,0,0,0,
HTCO_trades_2025_08_25.parquet,4858,0,0,0,
HTCR_trades_2025_08_25.parquet,61609,0,0,0,
HTCR_trades_2025_09_05.parquet,2805,0,0,0,
HTOO_trades_2025_07_15.parquet,5231,0,0,0,
HTOO_trades_2025_07_22.parquet,390688,0,0,0,
HTOO_trades_2025_07_25.parquet,218967,0,0,0,
HTZWW_trades_2025_04_16.parquet,16988,0,0,0,
HTZWW_trades_2025_04_17.parquet,15918,0,0,0,
HTZ_trades_2025_04_16.parquet,308345,0,0,0,
HTZ_trades_2025_04_17.parquet,1151116,0,0,0,
HUBC_trades_2025_02_04.parquet,22954,0,0,0,
HUBC_trades_2025_02_28.parquet,7090,0,0,0,
HUBC_trades_2025_04_09.parquet,20358,0,0,0,
HUBC_trades_2025_07_14.parquet,47551,0,0,0,
HUBC_trades_2025_07_16.parquet,10836,0,0,0,
HUDI_trades_2025_09_10.parquet,258270,0,0,0,
HUHU_trades_2025_02_19.parquet,1350,0,0,0,
HUHU_trades_2025_03_21.parquet,7741,0,0,0,
HUHU_trades_2025_03_24.parquet,6987,0,0,0,
HUIZ_trades_2025_04_15.parquet,619,0,0,0,
HUIZ_trades_2025_09_12.parquet,115810,0,0,0,
HUMA_trades_2025_04_09.parquet,29641,0,0,0,
HUMA_trades_2025_05_13.parquet,40878,0,0,0,
HURA_trades_2025_01_10.parquet,5664,0,0,0,
HURA_trades_2025_03_19.parquet,4929,0,0,0,
HURA_trades_2025_08_11.parquet,27232,0,0,0,
HWH_trades_2025_01_27.parquet,456782,0,0,0,
HWH_trades_2025_01_30.parquet,6006,0,0,0,
HWH_trades_2025_02_24.parquet,2683,0,0,0,
HWH_trades_2025_02_26.parquet,8085,0,0,0,
HWH_trades_2025_03_21.parquet,1585,0,0,0,
HWH_trades_2025_05_12.parquet,1414,0,0,0,
HWH_trades_2025_05_14.parquet,306090,0,0,0,
HWH_trades_2025_07_29.parquet,220088,0,0,0,
HWH_trades_2025_08_05.parquet,3469,0,0,0,
HWH_trades_2025_09_02.parquet,1656998,0,0,0,
HWH_trades_2025_09_04.parquet,303631,0,0,0,
HXHX_trades_2025_10_16.parquet,1154,0,0,0,
HYAC.WS_trades_2025_10_10.parquet,2203,0,0,0,
HYFM_trades_2025_04_10.parquet,98821,0,0,0,
HYFM_trades_2025_04_11.parquet,4647,0,0,0,
HYFM_trades_2025_05_05.parquet,989,0,0,0,
HYPD_trades_2025_07_28.parquet,10486,0,0,0,
HYPD_trades_2025_08_08.parquet,7810,0,0,0,
HYPD_trades_2025_09_09.parquet,12447,0,0,0,
HYPR_trades_2025_03_17.parquet,114056,0,0,0,
HYPR_trades_2025_06_02.parquet,128224,0,0,0,
HYPR_trades_2025_07_17.parquet,7099,0,0,0,
IBEX_trades_2025_09_12.parquet,27055,0,0,0,
IBG_trades_2025_04_02.parquet,629023,0,0,0,
IBG_trades_2025_07_14.parquet,211250,0,0,0,
IBG_trades_2025_07_15.parquet,108063,0,0,0,
IBG_trades_2025_07_18.parquet,4333,0,0,0,
IBG_trades_2025_09_23.parquet,526895,0,0,0,
IBG_trades_2025_09_29.parquet,27792,0,0,0,
IBG_trades_2025_09_30.parquet,457415,0,0,0,
IBG_trades_2025_10_15.parquet,256464,0,0,0,
IBIO_trades_2025_02_27.parquet,19811,0,0,0,
IBIO_trades_2025_04_28.parquet,8751,0,0,0,
IBIO_trades_2025_04_29.parquet,48947,0,0,0,
IBIO_trades_2025_06_24.parquet,196851,0,0,0,
IBIO_trades_2025_10_21.parquet,183441,0,0,0,
IBIO_trades_2025_10_22.parquet,62968,0,0,0,
ICCM_trades_2025_08_28.parquet,33514,0,0,0,
ICCM_trades_2025_10_03.parquet,29408,0,0,0,
ICG_trades_2025_06_23.parquet,6183,0,0,0,
ICG_trades_2025_07_08.parquet,3299,0,0,0,
ICON_trades_2025_03_07.parquet,120796,0,0,0,
ICON_trades_2025_03_13.parquet,42236,0,0,0,
ICON_trades_2025_04_02.parquet,6393,0,0,0,
ICON_trades_2025_06_13.parquet,388211,0,0,0,
ICU_trades_2025_01_31.parquet,30472,0,0,0,
ICU_trades_2025_02_03.parquet,25319,0,0,0,
IDAI_trades_2025_05_15.parquet,1525,0,0,0,
IDAI_trades_2025_09_19.parquet,21277,57,0,0,
IDAI_trades_2025_09_24.parquet,136386,0,0,0,
IDN_trades_2025_05_20.parquet,9328,0,0,0,
IFBD_trades_2025_05_09.parquet,6672,0,0,0,
IFBD_trades_2025_09_09.parquet,17478,0,0,0,
IFRX_trades_2025_08_29.parquet,13892,0,0,0,
IHRT_trades_2025_08_12.parquet,35235,0,0,0,
IH_trades_2025_07_17.parquet,1683,0,0,0,
IINN_trades_2025_07_02.parquet,24025,0,0,0,
IINN_trades_2025_07_07.parquet,7868,0,0,0,
ILLR_trades_2025_01_14.parquet,19555,0,0,0,
ILLR_trades_2025_03_12.parquet,3711,0,0,0,
ILLR_trades_2025_04_15.parquet,4303,0,0,0,
ILLR_trades_2025_04_22.parquet,3481,0,0,0,
ILLR_trades_2025_06_30.parquet,16621,0,0,0,
ILLR_trades_2025_09_16.parquet,14236,0,0,0,
ILLR_trades_2025_10_03.parquet,2718,0,0,0,
ILPT_trades_2025_06_16.parquet,12570,0,0,0,
IMCC_trades_2025_05_28.parquet,15612,0,0,0,
IMCC_trades_2025_05_29.parquet,19142,0,0,0,
IMCC_trades_2025_05_30.parquet,12514,0,0,0,
IMCC_trades_2025_06_17.parquet,2341,0,0,0,
IMCC_trades_2025_10_23.parquet,173890,0,0,0,
IMDX_trades_2025_06_20.parquet,1295,0,0,0,
IMG_trades_2025_01_08.parquet,105226,0,0,0,
IMMP_trades_2025_05_05.parquet,32207,0,0,0,
IMNN_trades_2025_05_13.parquet,2888,0,0,0,
IMNN_trades_2025_05_22.parquet,24939,0,0,0,
IMNN_trades_2025_05_23.parquet,703365,0,0,0,
IMNN_trades_2025_05_27.parquet,188650,0,0,0,
IMNN_trades_2025_05_29.parquet,68519,0,0,0,
IMNN_trades_2025_05_30.parquet,83925,0,0,0,
IMNN_trades_2025_06_10.parquet,28642,0,0,0,
IMNN_trades_2025_07_17.parquet,74721,0,0,0,
IMRX_trades_2025_01_07.parquet,429937,0,0,0,
IMRX_trades_2025_06_18.parquet,45221,0,0,0,
IMRX_trades_2025_08_21.parquet,30463,0,0,0,
IMRX_trades_2025_09_10.parquet,23563,0,0,0,
IMTE_trades_2025_03_24.parquet,360045,0,0,0,
IMTE_trades_2025_03_26.parquet,59558,0,0,0,
IMTE_trades_2025_03_27.parquet,4668,0,0,0,
IMXI_trades_2025_08_11.parquet,64892,0,0,0,
INAB_trades_2025_01_06.parquet,3482,0,0,0,
INAB_trades_2025_02_11.parquet,318135,0,0,0,
INAB_trades_2025_05_29.parquet,19298,0,0,0,
INBX_trades_2025_10_24.parquet,159349,0,0,0,
INDP_trades_2025_03_18.parquet,55535,0,0,0,
INDP_trades_2025_06_23.parquet,516105,0,0,0,
INDP_trades_2025_06_26.parquet,5910,0,0,0,
INDP_trades_2025_09_26.parquet,120100,0,0,0,
INDP_trades_2025_10_07.parquet,45645,0,0,0,
INEO_trades_2025_05_23.parquet,107306,0,0,0,
INEO_trades_2025_06_11.parquet,282186,0,0,0,
INEO_trades_2025_06_17.parquet,96626,0,0,0,
INEO_trades_2025_08_28.parquet,2588,0,0,0,
INEO_trades_2025_10_23.parquet,23509,0,0,0,
INHD_trades_2025_01_28.parquet,1888,0,0,0,
INHD_trades_2025_04_21.parquet,1680,0,0,0,
INHD_trades_2025_05_12.parquet,229393,0,0,0,
INHD_trades_2025_05_13.parquet,118880,0,0,0,
INHD_trades_2025_08_25.parquet,957049,0,0,0,
INHD_trades_2025_08_27.parquet,321229,0,0,0,
INHD_trades_2025_09_04.parquet,263175,0,0,0,
INHD_trades_2025_09_05.parquet,78282,0,0,0,
INHD_trades_2025_09_08.parquet,84607,0,0,0,
INKT_trades_2025_01_29.parquet,2200,0,0,0,
INKT_trades_2025_01_31.parquet,1534,0,0,0,
INKT_trades_2025_02_04.parquet,4961,0,0,0,
INKT_trades_2025_07_11.parquet,1087143,0,0,0,
INKT_trades_2025_07_17.parquet,19803,0,0,0,
INLF_trades_2025_01_03.parquet,4117,0,0,0,
INLF_trades_2025_02_12.parquet,3826,0,0,0,
INLF_trades_2025_02_13.parquet,8884,0,0,0,
INLF_trades_2025_02_14.parquet,76766,0,0,0,
INLF_trades_2025_06_16.parquet,3835,0,0,0,
INLF_trades_2025_06_20.parquet,174349,0,0,0,
INLF_trades_2025_06_25.parquet,13833,0,0,0,
INMB_trades_2025_06_27.parquet,531747,0,0,0,
INM_trades_2025_01_21.parquet,240907,0,0,0,
INM_trades_2025_05_14.parquet,18598,0,0,0,
INM_trades_2025_06_02.parquet,648291,0,0,0,
INM_trades_2025_06_24.parquet,734240,0,0,0,
INOD_trades_2025_02_21.parquet,147785,0,0,0,
INTC_trades_2025_09_18.parquet,2135580,0,0,0,
INTG_trades_2025_10_15.parquet,1186,0,0,0,
INTS_trades_2025_10_30.parquet,1628376,0,0,0,
INTW_trades_2025_02_18.parquet,5697,0,0,0,
INTW_trades_2025_03_13.parquet,8907,0,0,0,
INTW_trades_2025_04_09.parquet,6065,0,0,0,
INTW_trades_2025_09_18.parquet,86632,0,0,0,
INTZ_trades_2025_01_03.parquet,57655,0,0,0,
INTZ_trades_2025_01_10.parquet,125123,0,0,0,
INTZ_trades_2025_03_13.parquet,4013,0,0,0,
INTZ_trades_2025_03_17.parquet,9310,0,0,0,
INTZ_trades_2025_06_02.parquet,4130,0,0,0,
INVZ_trades_2025_01_07.parquet,241691,0,0,0,
INVZ_trades_2025_06_17.parquet,33871,0,0,0,
INV_trades_2025_08_04.parquet,52726,0,0,0,
IOBT_trades_2025_03_25.parquet,5701,0,0,0,
IOBT_trades_2025_08_12.parquet,54246,0,0,0,
IOBT_trades_2025_08_15.parquet,107779,0,0,0,
IONL_trades_2025_04_07.parquet,398,0,0,0,
IONL_trades_2025_04_09.parquet,496,0,0,0,
IONL_trades_2025_05_22.parquet,5515,0,0,0,
IONL_trades_2025_09_12.parquet,11501,0,0,0,
IONL_trades_2025_10_13.parquet,8919,0,0,0,
IONQ.WS_trades_2025_01_15.parquet,1568,0,0,0,
IONQ.WS_trades_2025_03_12.parquet,881,0,0,0,
IONQ.WS_trades_2025_03_14.parquet,548,0,0,0,
IONQ.WS_trades_2025_03_24.parquet,395,0,0,0,
IONQ.WS_trades_2025_04_07.parquet,438,0,0,0,
IONQ.WS_trades_2025_04_09.parquet,539,0,0,0,
IONQ.WS_trades_2025_05_22.parquet,1604,0,0,0,
IONQ_trades_2025_01_15.parquet,756384,0,0,0,
IONQ_trades_2025_05_22.parquet,1052060,0,0,0,
IONR_trades_2025_09_24.parquet,3601,0,0,0,
IONR_trades_2025_10_06.parquet,52519,0,0,0,
IONS_trades_2025_09_02.parquet,159892,0,0,0,
IONX_trades_2025_03_14.parquet,7293,0,0,0,
IONX_trades_2025_03_24.parquet,6373,0,0,0,
IONX_trades_2025_04_07.parquet,8387,0,0,0,
IONX_trades_2025_04_09.parquet,9744,0,0,0,
IONX_trades_2025_05_22.parquet,78726,0,0,0,
IONX_trades_2025_09_12.parquet,53047,0,0,0,
IONX_trades_2025_10_13.parquet,27848,0,0,0,
IOTR_trades_2025_04_14.parquet,2564,0,0,0,
IOTR_trades_2025_04_16.parquet,23557,0,0,0,
IOVA_trades_2025_07_23.parquet,250202,0,0,0,
IPDN_trades_2025_02_20.parquet,4453,0,0,0,
IPDN_trades_2025_04_09.parquet,7446,0,0,0,
IPDN_trades_2025_06_30.parquet,536853,0,0,0,
IPDN_trades_2025_08_06.parquet,218979,0,0,0,
IPDN_trades_2025_08_29.parquet,1844628,0,0,0,
IPDN_trades_2025_09_03.parquet,186227,0,0,0,
IPDN_trades_2025_09_23.parquet,478441,0,0,0,
IPDN_trades_2025_10_13.parquet,9893,0,0,0,
IPM_trades_2025_09_17.parquet,403829,0,0,0,
IPWR_trades_2025_08_14.parquet,10371,0,0,0,
IPW_trades_2025_04_15.parquet,749,0,0,0,
IPW_trades_2025_06_05.parquet,15772,0,0,0,
IPW_trades_2025_06_06.parquet,5241,0,0,0,
IPW_trades_2025_06_09.parquet,4414,0,0,0,
IPW_trades_2025_09_22.parquet,94124,0,0,0,
IQST_trades_2025_05_14.parquet,26086,0,0,0,
IQST_trades_2025_06_02.parquet,6006,0,0,0,
IRBT_trades_2025_01_06.parquet,72668,0,0,0,
IRBT_trades_2025_05_27.parquet,117798,0,0,0,
IRBT_trades_2025_10_15.parquet,113309,0,0,0,
IRD_trades_2025_06_02.parquet,130299,0,0,0,
IRIX_trades_2025_03_21.parquet,416,0,0,0,
IRIX_trades_2025_07_17.parquet,1767,0,0,0,
IRS.WS_trades_2025_10_27.parquet,370,0,0,0,
IRS_trades_2025_10_27.parquet,12244,0,0,0,
IRWD_trades_2025_08_07.parquet,12275,0,0,0,
ISPC_trades_2025_02_24.parquet,129365,0,0,0,
ISPC_trades_2025_04_01.parquet,2307,0,0,0,
ISPC_trades_2025_04_09.parquet,5240,0,0,0,
ISPC_trades_2025_09_05.parquet,255075,0,0,0,
ISPC_trades_2025_09_09.parquet,290571,0,0,0,
ISPC_trades_2025_09_12.parquet,243446,0,0,0,
ISPO_trades_2025_05_30.parquet,2400,0,0,0,
ISPR_trades_2025_04_09.parquet,3786,0,0,0,
ISSC_trades_2025_05_15.parquet,14265,0,0,0,
ISUL_trades_2025_10_22.parquet,2440,0,0,0,
IVDA_trades_2025_10_02.parquet,392515,0,0,0,
IVF_trades_2025_04_30.parquet,434181,0,0,0,
IVF_trades_2025_05_05.parquet,221389,0,0,0,
IVF_trades_2025_06_25.parquet,28487,0,0,0,
IVF_trades_2025_07_22.parquet,539895,0,0,0,
IVF_trades_2025_10_16.parquet,605570,0,0,0,
IVP_trades_2025_05_30.parquet,1861,0,0,0,
IVP_trades_2025_08_14.parquet,156871,0,0,0,
IVVD_trades_2025_02_03.parquet,554028,0,0,0,
IVVD_trades_2025_02_04.parquet,240830,0,0,0,
IVVD_trades_2025_02_05.parquet,179321,0,0,0,
IVVD_trades_2025_02_07.parquet,83121,0,0,0,
IVVD_trades_2025_02_21.parquet,81537,0,0,0,
IVVD_trades_2025_03_04.parquet,18933,0,0,0,
IVVD_trades_2025_05_13.parquet,13583,0,0,0,
IVVD_trades_2025_08_26.parquet,457115,0,0,0,
IVVD_trades_2025_10_06.parquet,30062,0,0,0,
IXHL_trades_2025_03_19.parquet,1726,0,0,0,
IXHL_trades_2025_04_08.parquet,14315,0,0,0,
IXHL_trades_2025_05_15.parquet,458447,0,0,0,
IXHL_trades_2025_07_24.parquet,573137,0,0,0,
IZEA_trades_2025_05_14.parquet,4230,0,0,0,
IZEA_trades_2025_10_10.parquet,9259,0,0,0,
JAGX_trades_2025_04_10.parquet,3454,0,0,0,
JAGX_trades_2025_04_25.parquet,34733,0,0,0,
JBDI_trades_2025_05_06.parquet,36351,0,0,0,
JBDI_trades_2025_05_08.parquet,10372,0,0,0,
JBDI_trades_2025_09_10.parquet,459889,0,0,0,
JBDI_trades_2025_09_12.parquet,7840,0,0,0,
JBDI_trades_2025_10_06.parquet,3722,0,0,0,
JBIO_trades_2025_05_02.parquet,2569,0,0,0,
JCSE_trades_2025_04_07.parquet,922,0,0,0,
JCSE_trades_2025_05_05.parquet,48711,0,0,0,
JCSE_trades_2025_05_09.parquet,4060,0,0,0,
JCSE_trades_2025_09_10.parquet,6736,0,0,0,
JDZG_trades_2025_04_09.parquet,2284,0,0,0,
JDZG_trades_2025_04_16.parquet,5901,0,0,0,
JDZG_trades_2025_04_28.parquet,3116,0,0,0,
JDZG_trades_2025_06_11.parquet,3295,0,0,0,
JDZG_trades_2025_06_24.parquet,2423,0,0,0,
JDZG_trades_2025_10_14.parquet,379523,0,0,0,
JEM_trades_2025_06_11.parquet,32627,0,0,0,
JEM_trades_2025_06_25.parquet,1401,0,0,0,
JEM_trades_2025_07_03.parquet,2104,0,0,0,
JEM_trades_2025_07_30.parquet,4847,0,0,0,
JEM_trades_2025_09_03.parquet,120956,0,0,0,
JFBR_trades_2025_04_30.parquet,358402,0,0,0,
JFBR_trades_2025_06_10.parquet,14628,0,0,0,
JFB_trades_2025_07_14.parquet,1976,0,0,0,
JFB_trades_2025_09_26.parquet,222708,0,0,0,
JFB_trades_2025_09_29.parquet,545376,0,0,0,
JFIN_trades_2025_03_04.parquet,8156,0,0,0,
JFIN_trades_2025_03_27.parquet,7230,0,0,0,
JFU_trades_2025_02_14.parquet,228,0,0,0,
JFU_trades_2025_04_30.parquet,442,0,0,0,
JFU_trades_2025_08_11.parquet,506,0,0,0,
JFU_trades_2025_08_25.parquet,1198,0,0,0,
JFU_trades_2025_10_09.parquet,18014,0,0,0,
JFU_trades_2025_10_10.parquet,3187,0,0,0,
JFU_trades_2025_10_20.parquet,1783,0,0,0,
JG_trades_2025_01_27.parquet,609952,0,0,0,
JG_trades_2025_02_05.parquet,6177,0,0,0,
JG_trades_2025_02_10.parquet,17848,0,0,0,
JL_trades_2025_01_27.parquet,11584,0,0,0,
JL_trades_2025_01_28.parquet,8467,0,0,0,
JL_trades_2025_01_30.parquet,10399,0,0,0,
JL_trades_2025_01_31.parquet,17114,0,0,0,
JMIA_trades_2025_08_07.parquet,80622,0,0,0,
JOBY.WS_trades_2025_04_09.parquet,182,0,0,0,
JOBY.WS_trades_2025_05_28.parquet,1825,0,0,0,
JOBY.WS_trades_2025_06_03.parquet,548,0,0,0,
JOBY.WS_trades_2025_06_09.parquet,2132,0,0,0,
JOBY.WS_trades_2025_06_30.parquet,1270,0,0,0,
JOBY.WS_trades_2025_07_16.parquet,2205,0,0,0,
JOBY.WS_trades_2025_08_04.parquet,4724,0,0,0,
JOBY_trades_2025_05_28.parquet,304193,0,0,0,
JSPR_trades_2025_07_09.parquet,24135,0,0,0,
JTAI_trades_2025_02_14.parquet,641002,0,0,0,
JTAI_trades_2025_02_19.parquet,809761,0,0,0,
JTAI_trades_2025_02_25.parquet,129956,0,0,0,
JTAI_trades_2025_03_17.parquet,3944,0,0,0,
JUNS_trades_2025_06_11.parquet,27994,0,0,0,
JUNS_trades_2025_06_18.parquet,2493,0,0,0,
JUNS_trades_2025_07_02.parquet,3071,0,0,0,
JUNS_trades_2025_07_03.parquet,16449,0,0,0,
JUNS_trades_2025_07_11.parquet,5747,0,0,0,
JVA_trades_2025_02_03.parquet,8486,0,0,0,
JVA_trades_2025_06_13.parquet,12357,0,0,0,
JWEL_trades_2025_07_01.parquet,352,0,0,0,
JWEL_trades_2025_10_21.parquet,113798,0,0,0,
JXG_trades_2025_07_15.parquet,14813,0,0,0,
JXG_trades_2025_07_22.parquet,23630,0,0,0,
JXG_trades_2025_09_23.parquet,220250,0,0,0,
JYD_trades_2025_01_22.parquet,4837,0,0,0,
JYD_trades_2025_04_03.parquet,79174,0,0,0,
JYD_trades_2025_04_23.parquet,390872,0,0,0,
JYD_trades_2025_05_12.parquet,302082,0,0,0,
JYD_trades_2025_09_22.parquet,4999,0,0,0,
JZXN_trades_2025_01_24.parquet,1504,0,0,0,
JZXN_trades_2025_01_27.parquet,3232,0,0,0,
JZXN_trades_2025_01_28.parquet,763,0,0,0,
JZXN_trades_2025_02_07.parquet,1769,0,0,0,
JZXN_trades_2025_02_19.parquet,3900,0,0,0,
JZXN_trades_2025_03_04.parquet,1042,0,0,0,
JZXN_trades_2025_04_08.parquet,7314,0,0,0,
JZXN_trades_2025_06_18.parquet,6295,0,0,0,
JZXN_trades_2025_09_19.parquet,2154,0,0,0,
JZXN_trades_2025_09_23.parquet,160669,0,0,0,
JZXN_trades_2025_09_24.parquet,397296,0,0,0,
JZ_trades_2025_05_08.parquet,189224,0,0,0,
JZ_trades_2025_05_12.parquet,11323,0,0,0,
JZ_trades_2025_09_08.parquet,11585,0,0,0,
KALA_trades_2025_04_29.parquet,3686,0,0,0,
KALV_trades_2025_07_07.parquet,151097,0,0,0,
KAVL_trades_2025_01_08.parquet,30832,0,0,0,
KAVL_trades_2025_07_14.parquet,39960,0,0,0,
KAVL_trades_2025_08_29.parquet,2191,0,0,0,
KBSX_trades_2025_01_29.parquet,541,0,0,0,
KBSX_trades_2025_03_18.parquet,305425,0,0,0,
KBSX_trades_2025_03_25.parquet,50061,0,0,0,
KBSX_trades_2025_04_10.parquet,1664,0,0,0,
KBSX_trades_2025_05_02.parquet,23303,0,0,0,
KBSX_trades_2025_06_11.parquet,183665,0,0,0,
KDKRW_trades_2025_10_10.parquet,1071,0,0,0,
KEQU_trades_2025_06_26.parquet,1720,0,0,0,
KIDZ_trades_2025_04_14.parquet,170068,0,0,0,
KIDZ_trades_2025_05_01.parquet,1148410,0,0,0,
KIDZ_trades_2025_05_02.parquet,746020,0,0,0,
KIDZ_trades_2025_05_08.parquet,48641,0,0,0,
KIDZ_trades_2025_05_16.parquet,57139,0,0,0,
KIDZ_trades_2025_06_02.parquet,63445,0,0,0,
KIDZ_trades_2025_06_03.parquet,155566,0,0,0,
KIDZ_trades_2025_07_31.parquet,9379,0,0,0,
KIDZ_trades_2025_09_09.parquet,20834,0,0,0,
KIDZ_trades_2025_09_10.parquet,227615,0,0,0,
KITT_trades_2025_01_03.parquet,360420,0,0,0,
KITT_trades_2025_01_06.parquet,330528,0,0,0,
KITT_trades_2025_01_10.parquet,50510,0,0,0,
KITT_trades_2025_01_14.parquet,69497,0,0,0,
KITT_trades_2025_01_15.parquet,159210,0,0,0,
KITT_trades_2025_01_31.parquet,208592,0,0,0,
KITT_trades_2025_03_06.parquet,77972,0,0,0,
KITT_trades_2025_09_22.parquet,12771,0,0,0,
KITT_trades_2025_10_27.parquet,451679,0,0,0,
KLRS_trades_2025_09_03.parquet,84288,0,0,0,
KLRS_trades_2025_09_16.parquet,2886,0,0,0,
KLRS_trades_2025_10_06.parquet,6834,0,0,0,
KLTO_trades_2025_06_09.parquet,1595235,0,0,0,
KLTO_trades_2025_06_10.parquet,1041856,0,0,0,
KLTO_trades_2025_06_12.parquet,330986,0,0,0,
KLTO_trades_2025_06_30.parquet,272570,0,0,0,
KMRK_trades_2025_08_04.parquet,4444,0,0,0,
KMRK_trades_2025_09_02.parquet,5406,0,0,0,
KOD_trades_2025_09_22.parquet,49061,0,0,0,
KOPN_trades_2025_01_23.parquet,246071,0,0,0,
KOSS_trades_2025_07_23.parquet,57772,0,0,0,
KPLT_trades_2025_01_16.parquet,25969,0,0,0,
KPLT_trades_2025_09_02.parquet,4472,0,0,0,
KPRX_trades_2025_06_03.parquet,238784,0,0,0,
KPTI_trades_2025_08_15.parquet,12640,0,0,0,
KPTI_trades_2025_09_23.parquet,4074,0,0,0,
KRKR_trades_2025_01_29.parquet,250486,0,0,0,
KRKR_trades_2025_09_08.parquet,111384,0,0,0,
KRUS_trades_2025_04_09.parquet,17288,0,0,0,
KSCP_trades_2025_04_15.parquet,11334,0,0,0,
KSS_trades_2025_07_22.parquet,1165397,0,0,0,
KTTA_trades_2025_02_05.parquet,431091,0,0,0,
KTTA_trades_2025_04_10.parquet,422618,0,0,0,
KTTA_trades_2025_05_06.parquet,1005355,0,0,0,
KTTA_trades_2025_05_16.parquet,15919,0,0,0,
KWM_trades_2025_06_04.parquet,724906,0,0,0,
KWM_trades_2025_06_09.parquet,42244,0,0,0,
KWM_trades_2025_06_10.parquet,63384,0,0,0,
KWM_trades_2025_06_16.parquet,70220,0,0,0,
KWM_trades_2025_09_05.parquet,20454,0,0,0,
KXIN_trades_2025_10_20.parquet,10606,0,0,0,
KXIN_trades_2025_10_31.parquet,9402,0,0,0,
KYIV_trades_2025_08_18.parquet,23309,0,0,0,
KYMR_trades_2025_06_02.parquet,77318,0,0,0,
KYTX_trades_2025_10_08.parquet,52556,0,0,0,
KZIA_trades_2025_01_30.parquet,540821,0,0,0,
KZIA_trades_2025_03_07.parquet,13642,0,0,0,
KZIA_trades_2025_06_03.parquet,1032,0,0,0,
KZIA_trades_2025_06_11.parquet,536869,0,0,0,
KZIA_trades_2025_07_09.parquet,168062,0,0,0,
KZR_trades_2025_10_17.parquet,44499,0,0,0,
LAB_trades_2025_01_13.parquet,21142,0,0,0,
LAB_trades_2025_06_23.parquet,63185,0,0,0,
LAC_trades_2025_09_24.parquet,787664,0,0,0,
LAC_trades_2025_10_01.parquet,638956,0,0,0,
LAC_trades_2025_10_03.parquet,566888,0,0,0,
LAES_trades_2025_01_15.parquet,332220,0,0,0,
LAES_trades_2025_05_21.parquet,223547,0,0,0,
LAES_trades_2025_10_09.parquet,312156,0,0,0,
LAES_trades_2025_10_14.parquet,376348,0,0,0,
LANV_trades_2025_03_11.parquet,628,0,0,0,
LAR_trades_2025_08_11.parquet,35502,0,0,0,
LASE_trades_2025_07_08.parquet,11327,0,0,0,
LASE_trades_2025_08_19.parquet,835300,0,0,0,
LASE_trades_2025_08_25.parquet,26442,0,0,0,
LASE_trades_2025_09_18.parquet,666376,0,0,0,
LASE_trades_2025_09_22.parquet,57313,0,0,0,
LASR_trades_2025_05_09.parquet,19182,0,0,0,
LASR_trades_2025_08_08.parquet,36586,0,0,0,
LAWR_trades_2025_08_07.parquet,6181,0,0,0,
LAWR_trades_2025_09_02.parquet,330170,0,0,0,
LAWR_trades_2025_09_18.parquet,90821,0,0,0,
LAYS_trades_2025_04_09.parquet,53,0,0,0,
LAYS_trades_2025_10_06.parquet,290,0,0,0,
LAZR_trades_2025_01_06.parquet,45815,0,0,0,
LAZR_trades_2025_03_21.parquet,55362,0,0,0,
LAZR_trades_2025_10_24.parquet,46192,0,0,0,
LBGJ_trades_2025_02_26.parquet,4303,0,0,0,
LBGJ_trades_2025_02_27.parquet,4979,0,0,0,
LBGJ_trades_2025_02_28.parquet,7047,0,0,0,
LBGJ_trades_2025_03_06.parquet,714,0,0,0,
LBGJ_trades_2025_03_07.parquet,321,0,0,0,
LBGJ_trades_2025_04_03.parquet,302,0,0,0,
LBGJ_trades_2025_05_30.parquet,2084,0,0,0,
LBGJ_trades_2025_09_09.parquet,645,0,0,0,
LBRT_trades_2025_10_17.parquet,176519,0,0,0,
LCDL_trades_2025_07_17.parquet,26322,0,0,0,
LCDL_trades_2025_09_05.parquet,3782,0,0,0,
LCFYW_trades_2025_01_03.parquet,451,0,0,0,
LCFYW_trades_2025_01_10.parquet,361,0,0,0,
LCFYW_trades_2025_01_13.parquet,1027,0,0,0,
LCFYW_trades_2025_01_21.parquet,406,0,0,0,
LCFYW_trades_2025_01_22.parquet,475,0,0,0,
LCFYW_trades_2025_01_23.parquet,1073,0,0,0,
LCFYW_trades_2025_02_03.parquet,459,0,0,0,
LCFYW_trades_2025_02_05.parquet,559,0,0,0,
LCFYW_trades_2025_02_06.parquet,251,0,0,0,
LCFYW_trades_2025_02_25.parquet,238,0,0,0,
LCFYW_trades_2025_02_27.parquet,147,0,0,0,
LCFYW_trades_2025_03_06.parquet,156,0,0,0,
LCFYW_trades_2025_03_26.parquet,43,0,0,0,
LCFYW_trades_2025_06_27.parquet,540,0,0,0,
LCFYW_trades_2025_07_09.parquet,46,0,0,0,
LCFYW_trades_2025_08_29.parquet,24,0,0,0,
LCFY_trades_2025_04_28.parquet,1267,0,0,0,
LCFY_trades_2025_06_27.parquet,933735,0,0,0,
LCFY_trades_2025_09_03.parquet,224164,0,0,0,
LCID_trades_2025_07_17.parquet,1103109,0,0,0,
LC_trades_2025_07_30.parquet,88286,21362,0,0,
LDI_trades_2025_09_05.parquet,81576,0,0,0,
LDI_trades_2025_09_08.parquet,136819,0,0,0,
LEDS_trades_2025_01_21.parquet,47099,0,0,0,
LEDS_trades_2025_09_12.parquet,5605,0,0,0,
LEE_trades_2025_09_16.parquet,4809,0,0,0,
LEG_trades_2025_04_29.parquet,69529,0,0,0,
LEXXW_trades_2025_01_10.parquet,201,0,0,0,
LEXX_trades_2025_08_25.parquet,1563,0,0,0,
LFMD_trades_2025_03_11.parquet,44693,0,0,0,
LFMD_trades_2025_04_29.parquet,125848,0,0,0,
LFS_trades_2025_10_10.parquet,104819,0,0,0,
LFVN_trades_2025_01_08.parquet,9506,0,0,0,
LFWD_trades_2025_01_06.parquet,26745,0,0,0,
LFWD_trades_2025_02_10.parquet,31067,0,0,0,
LFWD_trades_2025_02_11.parquet,61181,0,0,0,
LFWD_trades_2025_03_13.parquet,387472,0,0,0,
LGCB_trades_2025_01_15.parquet,4347,0,0,0,
LGCB_trades_2025_04_04.parquet,7315,0,0,0,
LGCB_trades_2025_04_07.parquet,4232,0,0,0,
LGCB_trades_2025_10_16.parquet,664803,0,0,0,
LGCL_trades_2025_01_29.parquet,157288,0,0,0,
LGCL_trades_2025_06_20.parquet,20544,0,0,0,
LGHL_trades_2025_05_12.parquet,12508,0,0,0,
LGHL_trades_2025_06_18.parquet,270896,0,0,0,
LGHL_trades_2025_08_28.parquet,149603,0,0,0,
LGHL_trades_2025_09_09.parquet,406282,0,0,0,
LGO_trades_2025_10_13.parquet,16100,0,0,0,
LGVN_trades_2025_07_08.parquet,39978,0,0,0,
LHAI_trades_2025_07_25.parquet,465301,0,0,0,
LHAI_trades_2025_08_06.parquet,23797,0,0,0,
LHSW_trades_2025_04_09.parquet,5991,0,0,0,
LHSW_trades_2025_05_19.parquet,5966,0,0,0,
LHSW_trades_2025_06_25.parquet,1509,0,0,0,
LICN_trades_2025_04_01.parquet,1739,0,0,0,
LICN_trades_2025_04_09.parquet,8421,0,0,0,
LICN_trades_2025_05_12.parquet,94081,0,0,0,
LICN_trades_2025_05_13.parquet,275932,0,0,0,
LICN_trades_2025_08_04.parquet,27763,0,0,0,
LIDR_trades_2025_01_03.parquet,63501,0,0,0,
LIDR_trades_2025_01_07.parquet,184365,0,0,0,
LIDR_trades_2025_06_30.parquet,50053,0,0,0,
LIDR_trades_2025_07_24.parquet,1459537,0,0,0,
LIDR_trades_2025_07_25.parquet,1167323,0,0,0,
LIDR_trades_2025_07_28.parquet,695192,0,0,0,
LIMN_trades_2025_06_04.parquet,44993,0,0,0,
LIMN_trades_2025_06_05.parquet,102355,0,0,0,
LIMN_trades_2025_06_12.parquet,58394,0,0,0,
LIMN_trades_2025_06_23.parquet,14223,0,0,0,
LIMN_trades_2025_06_24.parquet,6769,0,0,0,
LIMN_trades_2025_06_30.parquet,6832,0,0,0,
LIMN_trades_2025_07_10.parquet,7478,0,0,0,
LIMN_trades_2025_07_22.parquet,8937,0,0,0,
LIMN_trades_2025_07_24.parquet,154357,0,0,0,
LIMN_trades_2025_08_22.parquet,253026,0,0,0,
LINK_trades_2025_06_23.parquet,864,0,0,0,
LINK_trades_2025_06_27.parquet,932,0,0,0,
LINK_trades_2025_09_17.parquet,5330,6,0,0,
LIQT_trades_2025_07_22.parquet,658,0,0,0,
LITB_trades_2025_03_31.parquet,2288,0,0,0,
LITB_trades_2025_09_04.parquet,4146,0,0,0,
LITM_trades_2025_01_13.parquet,112280,0,0,0,
LITM_trades_2025_01_21.parquet,33549,0,0,0,
LITM_trades_2025_01_23.parquet,62445,0,0,0,
LITM_trades_2025_02_04.parquet,81814,0,0,0,
LITM_trades_2025_03_18.parquet,189840,0,0,0,
LITM_trades_2025_03_21.parquet,149986,0,0,0,
LITM_trades_2025_10_13.parquet,101710,0,0,0,
LIVE_trades_2025_04_15.parquet,917,0,0,0,
LIVE_trades_2025_04_16.parquet,2800,0,0,0,
LIVE_trades_2025_05_08.parquet,687,0,0,0,
LIVE_trades_2025_06_23.parquet,3311,0,0,0,
LIVE_trades_2025_06_26.parquet,42417,0,0,0,
LIVE_trades_2025_08_14.parquet,9589,0,0,0,
LIVE_trades_2025_09_11.parquet,1485,0,0,0,
LIXT_trades_2025_07_01.parquet,45625,0,0,0,
LIXT_trades_2025_07_02.parquet,148776,0,0,0,
LIXT_trades_2025_07_03.parquet,336070,0,0,0,
LIXT_trades_2025_07_10.parquet,8561,0,0,0,
LMFA_trades_2025_06_24.parquet,1690,0,0,0,
LMFA_trades_2025_07_11.parquet,630032,0,0,0,
LMFA_trades_2025_07_18.parquet,74955,0,0,0,
LMFA_trades_2025_07_21.parquet,236993,0,0,0,
LMND_trades_2025_08_05.parquet,147931,0,0,0,
LNKS_trades_2025_06_04.parquet,7537,0,0,0,
LNSR_trades_2025_02_27.parquet,4170,0,0,0,
LNZA_trades_2025_02_18.parquet,13229,0,0,0,
LNZA_trades_2025_03_31.parquet,59387,0,0,0,
LNZA_trades_2025_04_01.parquet,9838,0,0,0,
LNZA_trades_2025_05_28.parquet,4538,0,0,0,
LNZA_trades_2025_05_30.parquet,29931,0,0,0,
LNZA_trades_2025_07_22.parquet,14309,0,0,0,
LNZA_trades_2025_07_24.parquet,19080,0,0,0,
LNZA_trades_2025_08_20.parquet,2765,0,0,0,
LNZA_trades_2025_09_22.parquet,4460,0,0,0,
LOBO_trades_2025_02_12.parquet,816,0,0,0,
LOBO_trades_2025_05_13.parquet,501627,0,0,0,
LOBO_trades_2025_05_15.parquet,211758,0,0,0,
LOBO_trades_2025_08_01.parquet,634588,0,0,0,
LOBO_trades_2025_08_05.parquet,188179,0,0,0,
LOBO_trades_2025_10_16.parquet,80239,0,0,0,
LOCL_trades_2025_04_03.parquet,1978,0,0,0,
LOCL_trades_2025_04_04.parquet,3691,0,0,0,
LOCL_trades_2025_07_28.parquet,658,0,0,0,
LOCL_trades_2025_09_17.parquet,5255,0,0,0,
LOMA_trades_2025_10_27.parquet,41958,0,0,0,
LOOP_trades_2025_06_04.parquet,19531,0,0,0,
LOOP_trades_2025_07_28.parquet,10143,0,0,0,
LOT_trades_2025_02_18.parquet,2513,0,0,0,
LOT_trades_2025_03_24.parquet,11261,0,0,0,
LPSN_trades_2025_08_06.parquet,252516,0,0,0,
LPTH_trades_2025_09_03.parquet,37718,0,0,0,
LRE_trades_2025_06_26.parquet,610,0,0,0,
LRE_trades_2025_08_06.parquet,7626,0,0,0,
LRE_trades_2025_09_15.parquet,301345,0,0,0,
LRE_trades_2025_09_26.parquet,7521,0,0,0,
LRE_trades_2025_10_23.parquet,3009,0,0,0,
LRHC_trades_2025_01_08.parquet,23302,0,0,0,
LRHC_trades_2025_01_29.parquet,4550,0,0,0,
LRHC_trades_2025_02_12.parquet,11123,0,0,0,
LRHC_trades_2025_04_24.parquet,135809,0,0,0,
LRHC_trades_2025_05_30.parquet,13724,0,0,0,
LRHC_trades_2025_07_03.parquet,385290,0,0,0,
LRMR_trades_2025_10_01.parquet,68929,0,0,0,
LSE_trades_2025_03_18.parquet,13197,0,0,0,
LSE_trades_2025_03_19.parquet,272580,0,0,0,
LSE_trades_2025_04_01.parquet,2230,0,0,0,
LSE_trades_2025_06_13.parquet,1400,250,0,0,
LSE_trades_2025_06_16.parquet,142744,0,0,0,
LSE_trades_2025_06_18.parquet,264215,0,0,0,
LSH_trades_2025_05_12.parquet,1183,0,0,0,
LSH_trades_2025_08_29.parquet,21756,0,0,0,
LTBR_trades_2025_01_03.parquet,16626,0,0,0,
LTBR_trades_2025_01_23.parquet,73012,0,0,0,
LTBR_trades_2025_01_30.parquet,33437,0,0,0,
LTBR_trades_2025_02_07.parquet,70192,0,0,0,
LTBR_trades_2025_02_12.parquet,49669,0,0,0,
LTBR_trades_2025_05_23.parquet,128782,0,0,0,
LTRN_trades_2025_01_06.parquet,1567,0,0,0,
LTRN_trades_2025_01_24.parquet,11096,0,0,0,
LUCD_trades_2025_02_10.parquet,11022,0,0,0,
LUCY_trades_2025_04_09.parquet,2460,0,0,0,
LUCY_trades_2025_04_10.parquet,100172,0,0,0,
LUCY_trades_2025_04_29.parquet,9601,0,0,0,
LUCY_trades_2025_05_14.parquet,270126,0,0,0,
LUCY_trades_2025_06_20.parquet,549960,0,0,0,
LUNG_trades_2025_02_20.parquet,27904,0,0,0,
LUNG_trades_2025_10_28.parquet,330888,0,0,0,
LUNR_trades_2025_03_24.parquet,154308,0,0,0,
LUNR_trades_2025_05_13.parquet,207969,0,0,0,
LVLU_trades_2025_03_20.parquet,1128,0,0,0,
LVLU_trades_2025_07_01.parquet,16592,0,0,0,
LVLU_trades_2025_07_02.parquet,23340,0,0,0,
LVLU_trades_2025_07_07.parquet,1944,0,0,0,
LVLU_trades_2025_07_31.parquet,7966,0,0,0,
LVLU_trades_2025_09_08.parquet,4980,0,0,0,
LVLU_trades_2025_09_15.parquet,15304,0,0,0,
LVO_trades_2025_01_31.parquet,20678,0,0,0,
LVRO_trades_2025_09_16.parquet,15954,0,0,0,
LVWR_trades_2025_04_09.parquet,1079,0,0,0,
LVWR_trades_2025_05_15.parquet,1219,0,0,0,
LVWR_trades_2025_05_27.parquet,353172,0,0,0,
LVWR_trades_2025_05_28.parquet,413614,0,0,0,
LVWR_trades_2025_05_30.parquet,270393,0,0,0,
LVWR_trades_2025_06_04.parquet,23050,0,0,0,
LVWR_trades_2025_06_10.parquet,19968,0,0,0,
LVWR_trades_2025_09_08.parquet,11581,0,0,0,
LWLG_trades_2025_07_16.parquet,17296,0,0,0,
LWLG_trades_2025_07_22.parquet,23224,0,0,0,
LWLG_trades_2025_08_26.parquet,79274,0,0,0,
LXEH_trades_2025_02_04.parquet,10733,0,0,0,
LXEH_trades_2025_03_26.parquet,4658,0,0,0,
LXEH_trades_2025_03_28.parquet,5549,0,0,0,
LXEH_trades_2025_04_01.parquet,4991,0,0,0,
LXEH_trades_2025_04_07.parquet,2357,0,0,0,
LXEH_trades_2025_05_06.parquet,4919,0,0,0,
LXEH_trades_2025_07_31.parquet,32925,0,0,0,
LXEH_trades_2025_08_01.parquet,9785,0,0,0,
LXEH_trades_2025_08_25.parquet,11987,0,0,0,
LXEO_trades_2025_03_24.parquet,35349,0,0,0,
LXEO_trades_2025_04_09.parquet,15409,0,0,0,
LXEO_trades_2025_09_24.parquet,31852,0,0,0,
LXEO_trades_2025_10_07.parquet,105512,0,0,0,
LYEL_trades_2025_03_19.parquet,5307,0,0,0,
LYEL_trades_2025_06_04.parquet,11835,0,0,0,
LYRA_trades_2025_05_07.parquet,18898,0,0,0,
LYRA_trades_2025_05_14.parquet,32219,0,0,0,
LYRA_trades_2025_06_02.parquet,438780,0,0,0,
LYRA_trades_2025_06_03.parquet,81677,0,0,0,
LZMH_trades_2025_03_06.parquet,3881,0,0,0,
LZMH_trades_2025_03_07.parquet,7276,0,0,0,
LZMH_trades_2025_03_10.parquet,7315,0,0,0,
LZMH_trades_2025_03_13.parquet,8100,0,0,0,
LZMH_trades_2025_03_26.parquet,2152,0,0,0,
LZMH_trades_2025_05_29.parquet,9638,0,0,0,
LZMH_trades_2025_06_18.parquet,14417,0,0,0,
LZMH_trades_2025_06_26.parquet,4978,0,0,0,
LZMH_trades_2025_07_15.parquet,11850,0,0,0,
LZMH_trades_2025_07_18.parquet,7783,0,0,0,
LZMH_trades_2025_08_07.parquet,19496,0,0,0,
LZ_trades_2025_05_08.parquet,47244,0,0,0,
LZ_trades_2025_08_08.parquet,92933,0,0,0,
MAGH_trades_2025_10_17.parquet,1316,0,0,0,
MAMK_trades_2025_09_11.parquet,2873,0,0,0,
MAMK_trades_2025_10_14.parquet,4779,0,0,0,
MAMK_trades_2025_10_15.parquet,1178,0,0,0,
MAMK_trades_2025_10_24.parquet,40989,0,0,0,
MAMK_trades_2025_10_27.parquet,62930,0,0,0,
MAMK_trades_2025_10_29.parquet,21853,0,0,0,
MAPS_trades_2025_08_11.parquet,29064,0,0,0,
MARPS_trades_2025_06_16.parquet,48442,0,0,0,
MARPS_trades_2025_06_17.parquet,3316,0,0,0,
MASK_trades_2025_08_19.parquet,7842,0,0,0,
MASK_trades_2025_08_26.parquet,22848,0,0,0,
MASS_trades_2025_01_15.parquet,55388,0,0,0,
MASS_trades_2025_03_04.parquet,462831,0,0,0,
MASS_trades_2025_03_12.parquet,23841,0,0,0,
MATV_trades_2025_08_07.parquet,15688,0,0,0,
MAXI_trades_2025_04_09.parquet,791,0,0,0,
MAZE_trades_2025_07_08.parquet,4559,0,0,0,
MAZE_trades_2025_09_11.parquet,63333,0,0,0,
MBAVU_trades_2025_07_03.parquet,3,0,0,0,
MBAVW_trades_2025_05_27.parquet,3811,0,0,0,
MBAVW_trades_2025_06_11.parquet,416,0,0,0,
MBIO_trades_2025_01_24.parquet,9742,0,0,0,
MBIO_trades_2025_01_28.parquet,21961,0,0,0,
MBIO_trades_2025_07_01.parquet,90481,0,0,0,
MBIO_trades_2025_07_07.parquet,1404159,0,0,0,
MBIO_trades_2025_07_09.parquet,223332,0,0,0,
MBOT_trades_2025_01_03.parquet,76521,0,0,0,
MBOT_trades_2025_01_06.parquet,300966,0,0,0,
MBOT_trades_2025_01_22.parquet,29750,0,0,0,
MBOT_trades_2025_04_09.parquet,99471,0,0,0,
MBOT_trades_2025_04_11.parquet,38734,0,0,0,
MBRX_trades_2025_02_13.parquet,254020,0,0,0,
MBRX_trades_2025_02_14.parquet,507070,0,0,0,
MBRX_trades_2025_02_25.parquet,156725,0,0,0,
MBVIW_trades_2025_10_21.parquet,17,0,0,0,
MBX_trades_2025_09_22.parquet,381583,477,0,0,
MB_trades_2025_04_14.parquet,23912,0,0,0,
MB_trades_2025_06_06.parquet,3358,0,0,0,
MB_trades_2025_06_11.parquet,1514,0,0,0,
MB_trades_2025_07_10.parquet,4095,0,0,0,
MB_trades_2025_08_18.parquet,134859,0,0,0,
MB_trades_2025_08_28.parquet,3785,0,0,0,
MCRB_trades_2025_01_22.parquet,19729,0,0,0,
MCRI_trades_2025_07_17.parquet,13939,0,0,0,
MCTA_trades_2025_10_27.parquet,1701,0,0,0,
MCTA_trades_2025_10_28.parquet,8363,0,0,0,
MCTA_trades_2025_10_29.parquet,6312,0,0,0,
MCTA_trades_2025_10_30.parquet,8539,0,0,0,
MCTR_trades_2025_01_23.parquet,81962,0,0,0,
MCTR_trades_2025_02_26.parquet,659,0,0,0,
MCTR_trades_2025_04_10.parquet,1725,0,0,0,
MCTR_trades_2025_06_03.parquet,512148,0,0,0,
MCTR_trades_2025_06_04.parquet,297537,0,0,0,
MCTR_trades_2025_06_05.parquet,174637,0,0,0,
MCTR_trades_2025_06_17.parquet,7643,0,0,0,
MCTR_trades_2025_09_08.parquet,3486,0,0,0,
MCTR_trades_2025_10_31.parquet,12363,0,0,0,
MDB_trades_2025_08_27.parquet,317013,0,0,0,
MDCXW_trades_2025_01_06.parquet,346,0,0,0,
MDCXW_trades_2025_01_07.parquet,193,0,0,0,
MDCXW_trades_2025_01_21.parquet,320,0,0,0,
MDCXW_trades_2025_02_06.parquet,131,0,0,0,
MDCXW_trades_2025_03_05.parquet,43,0,0,0,
MDCXW_trades_2025_04_15.parquet,146,0,0,0,
MDCXW_trades_2025_05_12.parquet,76,0,0,0,
MDCXW_trades_2025_05_14.parquet,310,0,0,0,
MDCXW_trades_2025_05_15.parquet,81,0,0,0,
MDCXW_trades_2025_05_16.parquet,154,0,0,0,
MDCXW_trades_2025_05_19.parquet,418,0,0,0,
MDCXW_trades_2025_05_20.parquet,595,0,0,0,
MDCXW_trades_2025_05_27.parquet,193,0,0,0,
MDCXW_trades_2025_05_29.parquet,107,0,0,0,
MDCXW_trades_2025_06_26.parquet,46,0,0,0,
MDCXW_trades_2025_09_17.parquet,63,0,0,0,
MDCXW_trades_2025_09_18.parquet,24,0,0,0,
MDCXW_trades_2025_10_02.parquet,65,0,0,0,
MDCXW_trades_2025_10_28.parquet,52,0,0,0,
MDCX_trades_2025_03_12.parquet,646,0,0,0,
MDCX_trades_2025_05_12.parquet,1646,0,0,0,
MDIA_trades_2025_06_10.parquet,4055,0,0,0,
MDIA_trades_2025_07_07.parquet,86345,0,0,0,
MEDP_trades_2025_07_22.parquet,110911,0,0,0,
MEGL_trades_2025_01_06.parquet,277007,0,0,0,
MEGL_trades_2025_02_24.parquet,17700,0,0,0,
MEGL_trades_2025_05_07.parquet,282579,0,0,0,
MEGL_trades_2025_06_10.parquet,388566,0,0,0,
MEGL_trades_2025_06_12.parquet,13215,0,0,0,
MEGL_trades_2025_07_24.parquet,9583,0,0,0,
MEG_trades_2025_02_27.parquet,14440,1442,0,0,
MEG_trades_2025_05_08.parquet,16728,0,0,0,
MEG_trades_2025_08_07.parquet,19628,0,0,0,
MENS_trades_2025_08_08.parquet,3520,0,0,0,
MENS_trades_2025_10_01.parquet,9436,0,0,0,
MESO_trades_2025_07_18.parquet,24827,0,0,0,
METCB_trades_2025_08_14.parquet,5390,0,0,0,
METC_trades_2025_03_11.parquet,32224,0,0,0,
METC_trades_2025_07_10.parquet,66316,0,0,0,
METU_trades_2025_04_09.parquet,9983,0,0,0,
MFI_trades_2025_01_03.parquet,295124,0,0,0,
MFI_trades_2025_02_25.parquet,156590,0,0,0,
MFI_trades_2025_05_30.parquet,10373,0,0,0,
MFI_trades_2025_06_02.parquet,19240,0,0,0,
MFI_trades_2025_06_04.parquet,46198,0,0,0,
MFI_trades_2025_06_05.parquet,24090,0,0,0,
MFI_trades_2025_06_09.parquet,6704,0,0,0,
MFI_trades_2025_06_11.parquet,21330,0,0,0,
MFI_trades_2025_06_16.parquet,4871,0,0,0,
MFI_trades_2025_06_23.parquet,5432,0,0,0,
MFI_trades_2025_06_24.parquet,7257,0,0,0,
MFI_trades_2025_08_08.parquet,2351,0,0,0,
MFI_trades_2025_09_12.parquet,5876,0,0,0,
MFI_trades_2025_09_15.parquet,6685,0,0,0,
MGIH_trades_2025_01_14.parquet,14528,0,0,0,
MGIH_trades_2025_02_21.parquet,990,0,0,0,
MGIH_trades_2025_09_08.parquet,208224,0,0,0,
MGIH_trades_2025_09_09.parquet,49912,0,0,0,
MGIH_trades_2025_09_11.parquet,109931,0,0,0,
MGIH_trades_2025_09_12.parquet,167949,0,0,0,
MGNX_trades_2025_06_10.parquet,95817,1510,0,0,
MGRT_trades_2025_07_29.parquet,7368,0,0,0,
MGRT_trades_2025_08_01.parquet,4738,0,0,0,
MGRT_trades_2025_08_06.parquet,1771,0,0,0,
MGRT_trades_2025_09_12.parquet,1767,0,0,0,
MGRT_trades_2025_10_17.parquet,4226,0,0,0,
MGRT_trades_2025_10_28.parquet,3107,0,0,0,
MGRX_trades_2025_07_18.parquet,3312,0,0,0,
MGTX_trades_2025_03_13.parquet,48518,0,0,0,
MGX_trades_2025_01_22.parquet,71125,0,0,0,
MHUA_trades_2025_05_12.parquet,2002,0,0,0,
MIGI_trades_2025_04_25.parquet,1532,0,0,0,
MIGI_trades_2025_05_12.parquet,4129,0,0,0,
MIGI_trades_2025_10_01.parquet,933,0,0,0,
MIGI_trades_2025_10_02.parquet,32953,0,0,0,
MIGI_trades_2025_10_15.parquet,32244,0,0,0,
MIGI_trades_2025_10_16.parquet,23874,0,0,0,
MIMI_trades_2025_09_10.parquet,42036,0,0,0,
MIND_trades_2025_04_23.parquet,9033,0,0,0,
MIND_trades_2025_06_23.parquet,19850,0,0,0,
MIRA_trades_2025_03_13.parquet,7817,0,0,0,
MIRA_trades_2025_04_16.parquet,134303,0,0,0,
MIRA_trades_2025_07_14.parquet,29549,0,0,0,
MIRA_trades_2025_10_16.parquet,482857,0,0,0,
MKDW_trades_2025_04_07.parquet,337696,0,0,0,
MKTW_trades_2025_03_03.parquet,13617,0,0,0,
MKTW_trades_2025_04_11.parquet,3192,0,0,0,
MKZR_trades_2025_01_03.parquet,1034,0,0,0,
MKZR_trades_2025_02_13.parquet,8829,0,0,0,
MKZR_trades_2025_07_23.parquet,27193,0,0,0,
MLEC_trades_2025_02_26.parquet,796,0,0,0,
MLGO_trades_2025_01_27.parquet,361152,0,0,0,
MLGO_trades_2025_02_21.parquet,2248871,0,0,0,
MLGO_trades_2025_02_27.parquet,95805,0,0,0,
MLGO_trades_2025_03_05.parquet,45802,0,0,0,
MLGO_trades_2025_03_24.parquet,1660899,0,0,0,
MLGO_trades_2025_03_25.parquet,654351,0,0,0,
MLGO_trades_2025_03_27.parquet,643239,0,0,0,
MLGO_trades_2025_03_31.parquet,507659,0,0,0,
MLGO_trades_2025_04_01.parquet,344617,0,0,0,
MLGO_trades_2025_04_21.parquet,649131,0,0,0,
MLGO_trades_2025_04_28.parquet,227586,0,0,0,
MLGO_trades_2025_05_12.parquet,153117,0,0,0,
MLGO_trades_2025_05_22.parquet,210932,0,0,0,
MLGO_trades_2025_07_02.parquet,132287,0,0,0,
MLGO_trades_2025_07_09.parquet,103225,0,0,0,
MLGO_trades_2025_09_17.parquet,36863,0,0,0,
MLYS_trades_2025_03_10.parquet,155442,0,0,0,
MLYS_trades_2025_09_02.parquet,175626,0,0,0,
MNDR_trades_2025_02_12.parquet,5363,0,0,0,
MNDR_trades_2025_02_20.parquet,517181,0,0,0,
MNDR_trades_2025_03_03.parquet,7637,0,0,0,
MNDR_trades_2025_08_13.parquet,22791,0,0,0,
MNDY_trades_2025_02_10.parquet,113242,0,0,0,
MNKD_trades_2025_09_02.parquet,124992,0,0,0,
MNOV_trades_2025_10_31.parquet,163515,0,0,0,
MNRO_trades_2025_05_28.parquet,47435,0,0,0,
MNTN_trades_2025_05_22.parquet,78374,0,0,0,
MNTS_trades_2025_01_21.parquet,5499,0,0,0,
MNTS_trades_2025_02_10.parquet,261467,0,0,0,
MNTS_trades_2025_03_19.parquet,5676,0,0,0,
MNTS_trades_2025_06_09.parquet,24374,0,0,0,
MNTS_trades_2025_06_30.parquet,221687,0,0,0,
MNTS_trades_2025_08_13.parquet,980943,0,0,0,
MNTS_trades_2025_10_14.parquet,215943,0,0,0,
MNY_trades_2025_07_15.parquet,6142,0,0,0,
MNY_trades_2025_07_16.parquet,6298,0,0,0,
MOBBW_trades_2025_08_25.parquet,48,0,0,0,
MOBBW_trades_2025_09_05.parquet,68,0,0,0,
MOBBW_trades_2025_09_11.parquet,37,0,0,0,
MOBBW_trades_2025_10_15.parquet,259,0,0,0,
MOBBW_trades_2025_10_17.parquet,3197,0,0,0,
MOBBW_trades_2025_10_20.parquet,699,0,0,0,
MOBX_trades_2025_01_22.parquet,56242,0,0,0,
MOBX_trades_2025_07_21.parquet,11453,0,0,0,
MOBX_trades_2025_08_28.parquet,19874,0,0,0,
MODD_trades_2025_04_08.parquet,697,0,0,0,
MODD_trades_2025_09_12.parquet,29984,0,0,0,
MOFG_trades_2025_10_24.parquet,25772,0,0,0,
MOGO_trades_2025_05_02.parquet,1319,0,0,0,
MOGO_trades_2025_05_13.parquet,416057,0,0,0,
MOGO_trades_2025_07_02.parquet,1185550,0,0,0,
MOGU_trades_2025_09_11.parquet,784073,0,0,0,
MOLN_trades_2025_08_25.parquet,370,0,0,0,
MOVE_trades_2025_05_13.parquet,1456,0,0,0,
MOVE_trades_2025_07_15.parquet,69987,0,0,0,
MOVE_trades_2025_08_22.parquet,9263,0,0,0,
MOVE_trades_2025_08_29.parquet,244622,0,0,0,
MOVE_trades_2025_09_03.parquet,38014,0,0,0,
MPAA_trades_2025_02_10.parquet,5165,0,0,0,
MPAA_trades_2025_08_11.parquet,7601,0,0,0,
MP_trades_2025_07_10.parquet,603152,0,0,0,
MRAL_trades_2025_03_24.parquet,541,0,0,0,
MRAL_trades_2025_04_09.parquet,561,0,0,0,
MRAL_trades_2025_04_22.parquet,898,0,0,0,
MRAL_trades_2025_09_29.parquet,6879,0,0,0,
MRKR_trades_2025_03_05.parquet,12885,0,0,0,
MRKR_trades_2025_03_10.parquet,2767,0,0,0,
MRKR_trades_2025_05_30.parquet,6496,0,0,0,
MRKR_trades_2025_07_17.parquet,268798,0,0,0,
MRM_trades_2025_04_09.parquet,35796,0,0,0,
MRM_trades_2025_04_10.parquet,19534,0,0,0,
MRM_trades_2025_05_20.parquet,28166,0,0,0,
MRM_trades_2025_05_21.parquet,31831,0,0,0,
MRM_trades_2025_08_08.parquet,465334,0,0,0,
MRM_trades_2025_09_08.parquet,7405,0,0,0,
MRM_trades_2025_09_26.parquet,538469,0,0,0,
MRSN_trades_2025_01_24.parquet,23819,0,0,0,
MRUS_trades_2025_05_23.parquet,78831,0,0,0,
MRUS_trades_2025_09_29.parquet,160487,0,0,0,
MRVI_trades_2025_08_12.parquet,27737,0,0,0,
MSAI_trades_2025_01_07.parquet,443870,0,0,0,
MSAI_trades_2025_02_18.parquet,6288,0,0,0,
MSAI_trades_2025_10_23.parquet,172073,0,0,0,
MSAI_trades_2025_10_29.parquet,223220,0,0,0,
MSAI_trades_2025_10_30.parquet,188775,0,0,0,
MSAI_trades_2025_10_31.parquet,550244,0,0,0,
MSC_trades_2025_07_01.parquet,1337,0,0,0,
MSC_trades_2025_08_07.parquet,602,0,0,0,
MSC_trades_2025_09_11.parquet,9001,0,0,0,
MSGM_trades_2025_04_16.parquet,4637,0,0,0,
MSGM_trades_2025_04_17.parquet,124299,0,0,0,
MSGY_trades_2025_07_09.parquet,5805,0,0,0,
MSGY_trades_2025_07_18.parquet,1327,0,0,0,
MSGY_trades_2025_07_23.parquet,2267,0,0,0,
MSGY_trades_2025_09_04.parquet,2057,0,0,0,
MSPR_trades_2025_02_06.parquet,67423,0,0,0,
MSPR_trades_2025_04_11.parquet,541385,0,0,0,
MSPR_trades_2025_09_05.parquet,33452,0,0,0,
MSS_trades_2025_01_06.parquet,13436,0,0,0,
MSS_trades_2025_09_08.parquet,6118,0,0,0,
MSS_trades_2025_09_09.parquet,9810,0,0,0,
MSS_trades_2025_09_29.parquet,807297,0,0,0,
MSS_trades_2025_09_30.parquet,102762,0,0,0,
MSTX_trades_2025_03_03.parquet,104104,0,0,0,
MSTX_trades_2025_03_04.parquet,95167,0,0,0,
MSTX_trades_2025_04_09.parquet,112036,0,0,0,
MSW_trades_2025_01_10.parquet,15523,0,0,0,
MSW_trades_2025_02_19.parquet,2133,0,0,0,
MSW_trades_2025_05_12.parquet,8925,0,0,0,
MSW_trades_2025_05_13.parquet,2161,0,0,0,
MSW_trades_2025_05_22.parquet,972,0,0,0,
MSW_trades_2025_06_17.parquet,4062,0,0,0,
MSW_trades_2025_08_12.parquet,1676,0,0,0,
MSW_trades_2025_08_20.parquet,20535,0,0,0,
MTC_trades_2025_04_10.parquet,907,0,0,0,
MTC_trades_2025_08_11.parquet,1225,0,0,0,
MTC_trades_2025_09_10.parquet,44053,0,0,0,
MTEKW_trades_2025_01_06.parquet,157,0,0,0,
MTEN_trades_2025_03_14.parquet,6232,0,0,0,
MTEN_trades_2025_03_17.parquet,4638,0,0,0,
MTEN_trades_2025_04_07.parquet,1847,0,0,0,
MTEN_trades_2025_04_21.parquet,3381,0,0,0,
MTEN_trades_2025_05_06.parquet,3053,0,0,0,
MTEN_trades_2025_07_10.parquet,10296,0,0,0,
MTEN_trades_2025_07_11.parquet,2730,0,0,0,
MTEN_trades_2025_10_16.parquet,5990,0,0,0,
MTEX_trades_2025_01_29.parquet,1577,0,0,0,
MTEX_trades_2025_10_13.parquet,10436,0,0,0,
MTR_trades_2025_06_13.parquet,1178,0,0,0,
MTR_trades_2025_06_18.parquet,35236,0,0,0,
MTVA_trades_2025_09_15.parquet,219643,0,0,0,
MULL_trades_2025_04_09.parquet,1176,0,0,0,
MURA_trades_2025_04_15.parquet,956309,0,0,0,
MUU_trades_2025_04_09.parquet,3618,0,0,0,
MVIS_trades_2025_02_19.parquet,52272,0,0,0,
MVLL_trades_2025_04_09.parquet,352,0,0,0,
MVST_trades_2025_01_10.parquet,188196,0,0,0,
MVST_trades_2025_04_01.parquet,94024,0,0,0,
MVST_trades_2025_05_13.parquet,116252,0,0,0,
MWYN_trades_2025_05_09.parquet,1983,0,0,0,
MWYN_trades_2025_05_12.parquet,2194,0,0,0,
MWYN_trades_2025_05_21.parquet,6476,0,0,0,
MWYN_trades_2025_08_01.parquet,386528,0,0,0,
MWYN_trades_2025_09_10.parquet,483432,0,0,0,
MXL_trades_2025_07_24.parquet,104662,0,0,0,
MYE_trades_2025_03_06.parquet,17250,0,0,0,
MYGN_trades_2025_08_06.parquet,110778,23205,0,0,
MYNZ_trades_2025_01_30.parquet,2824,0,0,0,
MYSZ_trades_2025_03_28.parquet,52038,0,0,0,
MYSZ_trades_2025_03_31.parquet,232547,0,0,0,
NAAS_trades_2025_02_21.parquet,422932,0,0,0,
NAAS_trades_2025_04_28.parquet,118816,0,0,0,
NAKA_trades_2025_05_27.parquet,28286,0,0,0,
NAKA_trades_2025_06_11.parquet,46384,0,0,0,
NAKA_trades_2025_08_08.parquet,5069,0,0,0,
NAKA_trades_2025_08_11.parquet,32442,0,0,0,
NAKA_trades_2025_09_05.parquet,46707,0,0,0,
NAKA_trades_2025_09_09.parquet,97177,0,0,0,
NAMI_trades_2025_03_03.parquet,6685,0,0,0,
NAMI_trades_2025_05_20.parquet,7697,0,0,0,
NAMI_trades_2025_08_27.parquet,195062,0,0,0,
NAMM_trades_2025_07_02.parquet,184359,0,0,0,
NAMM_trades_2025_08_01.parquet,260894,0,0,0,
NAMM_trades_2025_10_13.parquet,195229,0,0,0,
NAOV_trades_2025_01_06.parquet,123477,0,0,0,
NAOV_trades_2025_01_15.parquet,7177,0,0,0,
NAOV_trades_2025_01_30.parquet,216669,0,0,0,
NAOV_trades_2025_02_06.parquet,4313,0,0,0,
NAOV_trades_2025_02_14.parquet,21183,0,0,0,
NAOV_trades_2025_03_17.parquet,337713,0,0,0,
NAOV_trades_2025_03_20.parquet,7498,0,0,0,
NAOV_trades_2025_04_08.parquet,947573,0,0,0,
NAOV_trades_2025_04_14.parquet,11623,0,0,0,
NAOV_trades_2025_05_01.parquet,217671,0,0,0,
NAOV_trades_2025_05_28.parquet,53984,0,0,0,
NAOV_trades_2025_05_29.parquet,160585,0,0,0,
NAOV_trades_2025_06_11.parquet,266439,0,0,0,
NAOV_trades_2025_06_27.parquet,113937,0,0,0,
NAOV_trades_2025_09_15.parquet,703990,0,0,0,
NAUT_trades_2025_05_13.parquet,1989,0,0,0,
NAUT_trades_2025_10_21.parquet,8661,0,0,0,
NA_trades_2025_06_04.parquet,30239,0,0,0,
NA_trades_2025_06_09.parquet,22700,0,0,0,
NA_trades_2025_06_24.parquet,423062,0,0,0,
NBIS_trades_2025_09_09.parquet,828689,0,0,0,
NBTX_trades_2025_10_08.parquet,4202,0,0,0,
NB_trades_2025_04_14.parquet,15483,0,0,0,
NB_trades_2025_04_16.parquet,68188,0,0,0,
NCEW_trades_2025_03_20.parquet,505,0,0,0,
NCEW_trades_2025_05_07.parquet,362056,0,0,0,
NCEW_trades_2025_06_03.parquet,9561,0,0,0,
NCEW_trades_2025_06_24.parquet,12858,0,0,0,
NCEW_trades_2025_08_26.parquet,5396,0,0,0,
NCEW_trades_2025_09_09.parquet,12345,0,0,0,
NCI_trades_2025_01_03.parquet,8217,0,0,0,
NCI_trades_2025_02_25.parquet,8562,0,0,0,
NCI_trades_2025_05_20.parquet,4896,0,0,0,
NCI_trades_2025_06_16.parquet,1382,0,0,0,
NCI_trades_2025_09_04.parquet,131900,0,0,0,
NCI_trades_2025_10_27.parquet,1204,0,0,0,
NCNA_trades_2025_03_27.parquet,977,0,0,0,
NCNA_trades_2025_05_05.parquet,348179,0,0,0,
NCNA_trades_2025_05_14.parquet,126900,0,0,0,
NCNA_trades_2025_05_15.parquet,308476,0,0,0,
NCNA_trades_2025_06_03.parquet,85850,0,0,0,
NCNA_trades_2025_06_06.parquet,94363,0,0,0,
NCNA_trades_2025_06_09.parquet,292988,0,0,0,
NCNA_trades_2025_06_10.parquet,889349,0,0,0,
NCNA_trades_2025_06_11.parquet,472220,0,0,0,
NCNA_trades_2025_07_09.parquet,348407,0,0,0,
NCNA_trades_2025_09_30.parquet,25301,0,0,0,
NCNA_trades_2025_10_07.parquet,19443,0,0,0,
NCPL_trades_2025_05_30.parquet,4949,0,0,0,
NCPL_trades_2025_06_16.parquet,5928,0,0,0,
NCPL_trades_2025_06_20.parquet,11865,0,0,0,
NCPL_trades_2025_06_30.parquet,7406,0,0,0,
NCRA_trades_2025_01_14.parquet,795,0,0,0,
NCRA_trades_2025_05_07.parquet,2202,0,0,0,
NCRA_trades_2025_05_27.parquet,5702,0,0,0,
NCSM_trades_2025_03_17.parquet,1849,0,0,0,
NCT_trades_2025_04_15.parquet,4536,0,0,0,
NCT_trades_2025_04_22.parquet,2131,0,0,0,
NCT_trades_2025_08_20.parquet,42082,0,0,0,
NCT_trades_2025_09_16.parquet,19159,0,0,0,
NDLS_trades_2025_01_24.parquet,2577,0,0,0,
NDLS_trades_2025_10_22.parquet,53886,0,0,0,
NDRA_trades_2025_04_07.parquet,4891,0,0,0,
NDRA_trades_2025_04_17.parquet,15315,0,0,0,
NDRA_trades_2025_04_29.parquet,5340,0,0,0,
NDRA_trades_2025_07_08.parquet,1129962,0,0,0,
NDRA_trades_2025_10_13.parquet,289685,0,0,0,
NE.WS.A_trades_2025_04_07.parquet,74,0,0,0,
NE.WS.A_trades_2025_04_09.parquet,304,0,0,0,
NE.WS.A_trades_2025_04_28.parquet,39,0,0,0,
NE.WS_trades_2025_02_25.parquet,229,0,0,0,
NEGG_trades_2025_05_14.parquet,19098,0,0,0,
NEGG_trades_2025_06_05.parquet,78504,0,0,0,
NEGG_trades_2025_06_09.parquet,34257,0,0,0,
NEGG_trades_2025_06_30.parquet,8653,0,0,0,
NEGG_trades_2025_07_10.parquet,12012,0,0,0,
NEGG_trades_2025_07_11.parquet,37737,0,0,0,
NEGG_trades_2025_07_29.parquet,32722,0,0,0,
NEGG_trades_2025_07_31.parquet,37197,0,0,0,
NEGG_trades_2025_08_08.parquet,30188,0,0,0,
NEGG_trades_2025_08_13.parquet,27138,0,0,0,
NEGG_trades_2025_08_14.parquet,52758,0,0,0,
NEGG_trades_2025_08_20.parquet,27955,0,0,0,
NEGG_trades_2025_09_04.parquet,40974,0,0,0,
NEGG_trades_2025_10_24.parquet,35414,0,0,0,
NEON_trades_2025_06_13.parquet,58514,0,0,0,
NEON_trades_2025_06_16.parquet,27570,0,0,0,
NEOVW_trades_2025_01_30.parquet,46,0,0,0,
NEOVW_trades_2025_02_11.parquet,177,0,0,0,
NEOVW_trades_2025_04_10.parquet,17,0,0,0,
NEOVW_trades_2025_04_15.parquet,111,0,0,0,
NEOVW_trades_2025_05_27.parquet,17,0,0,0,
NEOVW_trades_2025_05_30.parquet,17,0,0,0,
NEOVW_trades_2025_08_15.parquet,231,0,0,0,
NEOVW_trades_2025_09_09.parquet,125,0,0,0,
NEPH_trades_2025_06_20.parquet,775,0,0,0,
NEPH_trades_2025_08_08.parquet,1281,0,0,0,
NERV_trades_2025_08_15.parquet,2415,0,0,0,
NERV_trades_2025_10_08.parquet,63721,0,0,0,
NERV_trades_2025_10_21.parquet,1553580,0,0,0,
NEUP_trades_2025_01_24.parquet,190660,0,0,0,
NEUP_trades_2025_08_27.parquet,3880,0,0,0,
NEUP_trades_2025_10_03.parquet,2590,0,0,0,
NEUP_trades_2025_10_24.parquet,660495,0,0,0,
NEXN_trades_2025_03_05.parquet,9711,0,0,0,
NFE_trades_2025_04_09.parquet,76809,0,0,0,
NFE_trades_2025_06_30.parquet,118852,0,0,0,
NFE_trades_2025_09_16.parquet,190791,0,0,0,
NFE_trades_2025_09_17.parquet,361297,0,0,0,
NFE_trades_2025_09_22.parquet,84475,0,0,0,
NGNE_trades_2025_02_05.parquet,10799,0,0,0,
NGNE_trades_2025_07_01.parquet,20773,0,0,0,
NGVC_trades_2025_05_09.parquet,13151,0,0,0,
NINE_trades_2025_01_21.parquet,45466,0,0,0,
NINE_trades_2025_06_18.parquet,31478,0,0,0,
NINE_trades_2025_06_23.parquet,60319,0,0,0,
NIOBW_trades_2025_09_25.parquet,680,0,0,0,
NIOBW_trades_2025_10_03.parquet,1420,0,0,0,
NIOBW_trades_2025_10_06.parquet,1666,0,0,0,
NIOBW_trades_2025_10_13.parquet,2500,0,0,0,
NIOBW_trades_2025_10_20.parquet,1139,0,0,0,
NIPG_trades_2025_02_06.parquet,2133,0,0,0,
NIPG_trades_2025_03_14.parquet,15474,0,0,0,
NIPG_trades_2025_03_17.parquet,2955,0,0,0,
NIPG_trades_2025_03_20.parquet,2244,0,0,0,
NITO_trades_2025_01_03.parquet,1017252,0,0,0,
NITO_trades_2025_01_08.parquet,182693,0,0,0,
NITO_trades_2025_01_23.parquet,235920,0,0,0,
NITO_trades_2025_02_26.parquet,7848,0,0,0,
NITO_trades_2025_03_07.parquet,4761,0,0,0,
NITO_trades_2025_05_02.parquet,101335,0,0,0,
NITO_trades_2025_05_05.parquet,847118,0,0,0,
NITO_trades_2025_05_09.parquet,99795,0,0,0,
NITO_trades_2025_07_24.parquet,40438,0,0,0,
NITO_trades_2025_10_07.parquet,42947,0,0,0,
NIVF_trades_2025_02_06.parquet,30764,0,0,0,
NIVF_trades_2025_02_12.parquet,11994,0,0,0,
NIVF_trades_2025_02_19.parquet,95018,0,0,0,
NIVF_trades_2025_03_05.parquet,10479,0,0,0,
NIVF_trades_2025_04_03.parquet,298272,0,0,0,
NIVF_trades_2025_05_02.parquet,22032,0,0,0,
NIVF_trades_2025_05_05.parquet,9341,0,0,0,
NIVF_trades_2025_05_06.parquet,16638,0,0,0,
NIVF_trades_2025_06_02.parquet,295820,0,0,0,
NIVF_trades_2025_06_03.parquet,825887,0,0,0,
NIVF_trades_2025_10_16.parquet,54297,0,0,0,
NIXX_trades_2025_02_24.parquet,28282,0,0,0,
NIXX_trades_2025_02_27.parquet,266712,0,0,0,
NKTR_trades_2025_04_11.parquet,16035,0,0,0,
NKTR_trades_2025_06_10.parquet,12199,0,0,0,
NKTR_trades_2025_06_24.parquet,367008,0,0,0,
NKTR_trades_2025_06_25.parquet,219256,0,0,0,
NKTX_trades_2025_03_27.parquet,85109,0,0,0,
NMAX_trades_2025_04_01.parquet,305264,0,0,0,
NMAX_trades_2025_04_03.parquet,127253,0,0,0,
NMAX_trades_2025_04_07.parquet,50642,0,0,0,
NMG_trades_2025_10_13.parquet,47980,0,0,0,
NMRA_trades_2025_06_09.parquet,12104,0,0,0,
NMRA_trades_2025_07_09.parquet,8431,0,0,0,
NMRA_trades_2025_07_11.parquet,20572,0,0,0,
NMRA_trades_2025_10_23.parquet,71119,0,0,0,
NNAVW_trades_2025_03_05.parquet,277,0,0,0,
NNAVW_trades_2025_03_13.parquet,500,0,0,0,
NNAVW_trades_2025_03_26.parquet,501,0,0,0,
NNAVW_trades_2025_03_28.parquet,1120,0,0,0,
NNBR_trades_2025_01_14.parquet,117819,0,0,0,
NNE_trades_2025_01_21.parquet,78401,0,0,0,
NNE_trades_2025_05_23.parquet,190514,0,0,0,
NNNN_trades_2025_06_20.parquet,9784,0,0,0,
NNNN_trades_2025_06_25.parquet,8125,0,0,0,
NNNN_trades_2025_10_03.parquet,20249,0,0,0,
NOTE_trades_2025_02_10.parquet,18908,0,0,0,
NPACW_trades_2025_06_20.parquet,82,0,0,0,
NPT_trades_2025_10_27.parquet,3028,0,0,0,
NPT_trades_2025_10_29.parquet,2402,0,0,0,
NPWR.WS_trades_2025_10_06.parquet,388,0,0,0,
NPWR.WS_trades_2025_10_08.parquet,248,0,0,0,
NPWR.WS_trades_2025_10_29.parquet,308,0,0,0,
NPWR_trades_2025_05_29.parquet,38747,0,0,0,
NPWR_trades_2025_06_06.parquet,20862,0,0,0,
NPWR_trades_2025_10_08.parquet,40107,0,0,0,
NRDS_trades_2025_05_07.parquet,24390,0,0,0,
NRGV_trades_2025_05_12.parquet,11422,0,0,0,
NRGV_trades_2025_07_24.parquet,21499,0,0,0,
NRGV_trades_2025_08_07.parquet,29833,0,0,0,
NRSNW_trades_2025_01_14.parquet,53,0,0,0,
NRSNW_trades_2025_07_31.parquet,373,0,0,0,
NRSN_trades_2025_09_10.parquet,55641,0,0,0,
NRXP_trades_2025_01_06.parquet,17597,0,0,0,
NRXP_trades_2025_01_07.parquet,25048,0,0,0,
NRXP_trades_2025_01_10.parquet,21806,0,0,0,
NRXP_trades_2025_01_28.parquet,5664,0,0,0,
NSYS_trades_2025_05_07.parquet,4851,0,0,0,
NSYS_trades_2025_06_23.parquet,1280,0,0,0,
NTCL_trades_2025_01_08.parquet,1775,0,0,0,
NTCL_trades_2025_01_28.parquet,3051,0,0,0,
NTCL_trades_2025_03_07.parquet,1481,0,0,0,
NTCL_trades_2025_04_04.parquet,1517,0,0,0,
NTCL_trades_2025_05_06.parquet,53596,0,0,0,
NTCL_trades_2025_05_07.parquet,65431,0,0,0,
NTCL_trades_2025_05_29.parquet,7342,0,0,0,
NTCL_trades_2025_06_10.parquet,10852,0,0,0,
NTCL_trades_2025_06_20.parquet,61707,0,0,0,
NTCL_trades_2025_07_21.parquet,7485,0,0,0,
NTCL_trades_2025_07_29.parquet,3965,0,0,0,
NTCL_trades_2025_08_11.parquet,4253,0,0,0,
NTHI_trades_2025_03_28.parquet,2390,0,0,0,
NTHI_trades_2025_04_03.parquet,1800,0,0,0,
NTHI_trades_2025_04_04.parquet,1432,0,0,0,
NTHI_trades_2025_05_08.parquet,2916,0,0,0,
NTHI_trades_2025_07_02.parquet,2822,0,0,0,
NTLA_trades_2025_09_18.parquet,101866,690,0,0,
NTRBW_trades_2025_01_22.parquet,389,0,0,0,
NTRBW_trades_2025_01_23.parquet,433,0,0,0,
NTRBW_trades_2025_01_30.parquet,372,0,0,0,
NTRBW_trades_2025_01_31.parquet,168,0,0,0,
NTRBW_trades_2025_02_04.parquet,106,0,0,0,
NTRBW_trades_2025_02_07.parquet,175,0,0,0,
NTRBW_trades_2025_02_24.parquet,193,0,0,0,
NTRBW_trades_2025_02_25.parquet,171,0,0,0,
NTRBW_trades_2025_02_26.parquet,48,0,0,0,
NTRBW_trades_2025_02_27.parquet,76,0,0,0,
NTRBW_trades_2025_03_04.parquet,62,0,0,0,
NTRBW_trades_2025_03_05.parquet,125,0,0,0,
NTRBW_trades_2025_03_06.parquet,409,0,0,0,
NTRBW_trades_2025_03_07.parquet,247,0,0,0,
NTRBW_trades_2025_03_10.parquet,256,0,0,0,
NTRBW_trades_2025_03_17.parquet,491,0,0,0,
NTRBW_trades_2025_04_30.parquet,31,0,0,0,
NTRBW_trades_2025_06_02.parquet,118,0,0,0,
NTRBW_trades_2025_07_02.parquet,248,0,0,0,
NTRBW_trades_2025_09_11.parquet,32,0,0,0,
NTRBW_trades_2025_10_02.parquet,26,0,0,0,
NTRBW_trades_2025_10_17.parquet,40,0,0,0,
NTRB_trades_2025_01_22.parquet,40808,0,0,0,
NTRB_trades_2025_01_23.parquet,31234,0,0,0,
NTRB_trades_2025_02_07.parquet,8694,0,0,0,
NTRB_trades_2025_04_30.parquet,6036,0,0,0,
NTRB_trades_2025_06_02.parquet,7969,0,0,0,
NTRB_trades_2025_07_02.parquet,20852,0,0,0,
NTRP_trades_2025_02_12.parquet,425,0,0,0,
NTRP_trades_2025_05_02.parquet,23825,0,0,0,
NTRP_trades_2025_10_24.parquet,2383,0,0,0,
NTZ_trades_2025_08_04.parquet,659,0,0,0,
NUAIW_trades_2025_10_20.parquet,2513,0,0,0,
NUAIW_trades_2025_10_27.parquet,1425,0,0,0,
NUAI_trades_2025_09_23.parquet,426711,0,0,0,
NUAI_trades_2025_09_25.parquet,134237,0,0,0,
NUAI_trades_2025_09_26.parquet,394784,0,0,0,
NUAI_trades_2025_09_29.parquet,179187,0,0,0,
NUAI_trades_2025_10_09.parquet,400375,0,0,0,
NUAI_trades_2025_10_14.parquet,147497,0,0,0,
NUAI_trades_2025_10_15.parquet,113706,0,0,0,
NUAI_trades_2025_10_17.parquet,104060,0,0,0,
NUAI_trades_2025_10_20.parquet,185881,0,0,0,
NUAI_trades_2025_10_24.parquet,199790,0,0,0,
NUKK_trades_2025_01_06.parquet,15437,0,0,0,
NUKK_trades_2025_01_15.parquet,14256,0,0,0,
NUKK_trades_2025_01_17.parquet,345884,0,0,0,
NUKK_trades_2025_02_26.parquet,5564,0,0,0,
NUKK_trades_2025_05_21.parquet,13102,0,0,0,
NUKK_trades_2025_06_13.parquet,78403,0,0,0,
NUKK_trades_2025_08_26.parquet,332106,0,0,0,
NUKK_trades_2025_08_29.parquet,501737,0,0,0,
NUKK_trades_2025_09_02.parquet,263736,0,0,0,
NUKK_trades_2025_10_13.parquet,15638,0,0,0,
NUS_trades_2025_02_14.parquet,28092,0,0,0,
NUTX_trades_2025_04_01.parquet,9224,0,0,0,
NUTX_trades_2025_05_14.parquet,17047,0,0,0,
NUWE_trades_2025_01_30.parquet,56405,0,0,0,
NUWE_trades_2025_06_11.parquet,362151,0,0,0,
NUWE_trades_2025_07_16.parquet,656722,0,0,0,
NUWE_trades_2025_10_30.parquet,6540,0,0,0,
NVAWW_trades_2025_01_03.parquet,320,0,0,0,
NVAWW_trades_2025_04_14.parquet,214,0,0,0,
NVAWW_trades_2025_05_08.parquet,169,0,0,0,
NVAWW_trades_2025_07_30.parquet,214,0,0,0,
NVAWW_trades_2025_08_15.parquet,499,0,0,0,
NVAWW_trades_2025_08_25.parquet,184,0,0,0,
NVAWW_trades_2025_09_09.parquet,306,0,0,0,
NVAWW_trades_2025_09_18.parquet,351,0,0,0,
NVAWW_trades_2025_09_29.parquet,52,0,0,0,
NVAWW_trades_2025_10_01.parquet,148,0,0,0,
NVAWW_trades_2025_10_03.parquet,71,0,0,0,
NVAWW_trades_2025_10_06.parquet,80,0,0,0,
NVAWW_trades_2025_10_10.parquet,109,0,0,0,
NVAWW_trades_2025_10_13.parquet,214,0,0,0,
NVAWW_trades_2025_10_14.parquet,631,0,0,0,
NVAWW_trades_2025_10_16.parquet,297,0,0,0,
NVAWW_trades_2025_10_23.parquet,107,0,0,0,
NVAWW_trades_2025_10_31.parquet,1317,0,0,0,
NVAX_trades_2025_05_19.parquet,381990,0,0,0,
NVA_trades_2025_10_13.parquet,11826,0,0,0,
NVA_trades_2025_10_14.parquet,259814,0,0,0,
NVA_trades_2025_10_16.parquet,38545,0,0,0,
NVDG_trades_2025_04_09.parquet,2538,0,0,0,
NVDL_trades_2025_04_09.parquet,361008,0,0,0,
NVDU_trades_2025_04_09.parquet,29875,0,0,0,
NVD_trades_2025_01_27.parquet,70425,0,0,0,
NVNI_trades_2025_01_24.parquet,1132699,0,0,0,
NVNI_trades_2025_01_27.parquet,162182,0,0,0,
NVNI_trades_2025_01_28.parquet,47751,0,0,0,
NVNI_trades_2025_01_29.parquet,138849,0,0,0,
NVNI_trades_2025_02_24.parquet,31396,0,0,0,
NVNI_trades_2025_03_07.parquet,51364,0,0,0,
NVNI_trades_2025_03_14.parquet,43787,0,0,0,
NVNI_trades_2025_03_26.parquet,31026,0,0,0,
NVNI_trades_2025_03_27.parquet,38190,0,0,0,
NVNI_trades_2025_04_29.parquet,58240,0,0,0,
NVNI_trades_2025_04_30.parquet,360566,0,0,0,
NVNI_trades_2025_05_01.parquet,386816,0,0,0,
NVNI_trades_2025_05_05.parquet,170837,0,0,0,
NVNI_trades_2025_05_09.parquet,90957,0,0,0,
NVNI_trades_2025_07_28.parquet,189025,0,0,0,
NVNI_trades_2025_07_31.parquet,46344,0,0,0,
NVNI_trades_2025_09_17.parquet,19401,0,0,0,
NVNI_trades_2025_09_18.parquet,59856,0,0,0,
NVNI_trades_2025_09_22.parquet,61110,0,0,0,
NVNI_trades_2025_10_14.parquet,6405,0,0,0,
NVNO_trades_2025_06_06.parquet,3404,0,0,0,
NVNO_trades_2025_07_17.parquet,2984,0,0,0,
NVTS_trades_2025_05_22.parquet,966663,0,0,0,
NVTS_trades_2025_05_27.parquet,634813,0,0,0,
NVTS_trades_2025_07_21.parquet,341765,0,0,0,
NVTS_trades_2025_10_14.parquet,592510,0,0,0,
NVVE_trades_2025_01_28.parquet,10463,0,0,0,
NVVE_trades_2025_02_04.parquet,109470,0,0,0,
NVVE_trades_2025_02_28.parquet,383374,0,0,0,
NVVE_trades_2025_05_08.parquet,13552,0,0,0,
NVVE_trades_2025_05_09.parquet,980958,0,0,0,
NVVE_trades_2025_05_29.parquet,24654,0,0,0,
NVVE_trades_2025_06_02.parquet,41790,0,0,0,
NVX_trades_2025_07_15.parquet,2354,0,0,0,
NVX_trades_2025_07_17.parquet,3000,0,0,0,
NVX_trades_2025_07_21.parquet,4913,0,0,0,
NVX_trades_2025_10_03.parquet,13620,0,0,0,
NVX_trades_2025_10_09.parquet,27481,0,0,0,
NVX_trades_2025_10_10.parquet,128092,0,0,0,
NWGL_trades_2025_06_17.parquet,12581,0,0,0,
NWGL_trades_2025_06_18.parquet,39931,0,0,0,
NWGL_trades_2025_09_03.parquet,4440,0,0,0,
NWTG_trades_2025_03_31.parquet,351775,0,0,0,
NWTG_trades_2025_04_04.parquet,12886,0,0,0,
NWTG_trades_2025_04_07.parquet,316031,0,0,0,
NXGLW_trades_2025_02_13.parquet,287,0,0,0,
NXL_trades_2025_08_22.parquet,115983,0,0,0,
NXL_trades_2025_10_08.parquet,582809,0,0,0,
NXPL_trades_2025_01_06.parquet,39391,0,0,0,
NXPL_trades_2025_10_15.parquet,4184,0,0,0,
NXPL_trades_2025_10_30.parquet,64242,0,0,0,
NXTC_trades_2025_04_15.parquet,603,0,0,0,
NXTC_trades_2025_10_17.parquet,4130,0,0,0,
NXTT_trades_2025_01_23.parquet,3443,0,0,0,
NXTT_trades_2025_02_20.parquet,3230,0,0,0,
NXTT_trades_2025_02_26.parquet,1074,0,0,0,
NXTT_trades_2025_02_27.parquet,25603,0,0,0,
NXTT_trades_2025_05_09.parquet,623373,0,0,0,
NXTT_trades_2025_05_12.parquet,723226,0,0,0,
NXTT_trades_2025_05_15.parquet,109852,0,0,0,
NXTT_trades_2025_05_22.parquet,14486,0,0,0,
NXTT_trades_2025_06_20.parquet,63654,0,0,0,
NXTT_trades_2025_08_29.parquet,378638,0,0,0,
NXTT_trades_2025_09_08.parquet,115310,0,0,0,
NXTT_trades_2025_09_11.parquet,410043,0,0,0,
NXXT_trades_2025_03_05.parquet,747,0,0,0,
NXXT_trades_2025_09_23.parquet,26446,0,0,0,
NXXT_trades_2025_10_07.parquet,19722,0,0,0,
OACCW_trades_2025_01_03.parquet,61,0,0,0,
OACCW_trades_2025_02_25.parquet,327,0,0,0,
OACCW_trades_2025_03_17.parquet,396,0,0,0,
OBLG_trades_2025_04_22.parquet,147086,0,0,0,
OBLG_trades_2025_06_09.parquet,4847,0,0,0,
OCC_trades_2025_07_08.parquet,66989,0,0,0,
OCC_trades_2025_07_14.parquet,9519,0,0,0,
OCC_trades_2025_09_11.parquet,5207,0,0,0,
OCG_trades_2025_03_27.parquet,1882,0,0,0,
OCG_trades_2025_03_28.parquet,4935,0,0,0,
OCG_trades_2025_05_07.parquet,2206,0,0,0,
OCG_trades_2025_08_26.parquet,7772,0,0,0,
OCSAW_trades_2025_01_10.parquet,966,0,0,0,
ODD_trades_2025_04_30.parquet,93041,0,0,0,
ODP_trades_2025_05_07.parquet,20773,0,0,0,
ODP_trades_2025_09_22.parquet,43699,12817,0,0,
ODYS_trades_2025_06_27.parquet,483,0,0,0,
OESX_trades_2025_08_06.parquet,4378,693,0,0,
OFAL_trades_2025_05_27.parquet,14711,0,0,0,
OFAL_trades_2025_07_11.parquet,2122,0,0,0,
OFAL_trades_2025_07_23.parquet,209011,0,0,0,
OFAL_trades_2025_09_10.parquet,9788,0,0,0,
OKLL_trades_2025_07_24.parquet,18870,0,0,0,
OKLL_trades_2025_09_15.parquet,26075,0,0,0,
OKLL_trades_2025_09_18.parquet,27574,0,0,0,
OKLL_trades_2025_09_19.parquet,54878,0,0,0,
OKLL_trades_2025_10_06.parquet,48244,0,0,0,
OKLL_trades_2025_10_10.parquet,65701,0,0,0,
OKLL_trades_2025_10_13.parquet,40930,0,0,0,
OKLO_trades_2025_05_23.parquet,789872,0,0,0,
OKLO_trades_2025_06_11.parquet,545166,0,0,0,
OKLO_trades_2025_09_19.parquet,670754,0,0,0,
OKYO_trades_2025_01_29.parquet,14563,0,0,0,
OLB_trades_2025_04_25.parquet,145206,0,0,0,
OLMA_trades_2025_09_05.parquet,33031,0,0,0,
OMER_trades_2025_10_15.parquet,974291,0,0,0,
OMEX_trades_2025_04_24.parquet,378197,607,0,0,
OMEX_trades_2025_04_25.parquet,597914,0,0,0,
OMEX_trades_2025_04_28.parquet,276066,0,0,0,
OMEX_trades_2025_10_06.parquet,28579,0,0,0,
OMH_trades_2025_04_17.parquet,39902,0,0,0,
OMH_trades_2025_04_29.parquet,383107,0,0,0,
OMH_trades_2025_04_30.parquet,45430,0,0,0,
OMH_trades_2025_05_19.parquet,15926,0,0,0,
OMH_trades_2025_06_09.parquet,286797,0,0,0,
OMH_trades_2025_09_10.parquet,7085,0,0,0,
OMI_trades_2025_02_28.parquet,66594,3871,0,0,
OMSE_trades_2025_10_06.parquet,1244,0,0,0,
OMSE_trades_2025_10_21.parquet,16896,0,0,0,
OM_trades_2025_03_20.parquet,4376,0,0,0,
OM_trades_2025_05_08.parquet,8488,0,0,0,
OM_trades_2025_08_07.parquet,18877,0,0,0,
ONCHW_trades_2025_09_17.parquet,159,0,0,0,
ONCHW_trades_2025_09_22.parquet,396,0,0,0,
ONCO_trades_2025_01_03.parquet,113175,0,0,0,
ONCO_trades_2025_01_13.parquet,14465,0,0,0,
ONCO_trades_2025_01_27.parquet,393138,0,0,0,
ONCO_trades_2025_03_27.parquet,67590,0,0,0,
ONCO_trades_2025_04_08.parquet,183234,0,0,0,
ONCO_trades_2025_05_14.parquet,257566,0,0,0,
ONCO_trades_2025_05_16.parquet,73728,0,0,0,
ONCO_trades_2025_07_31.parquet,270234,0,0,0,
ONDS_trades_2025_03_11.parquet,175673,0,0,0,
ONEG_trades_2025_03_03.parquet,651,0,0,0,
ONEG_trades_2025_05_06.parquet,483,0,0,0,
ONEG_trades_2025_05_07.parquet,1041,0,0,0,
ONEG_trades_2025_06_18.parquet,713,0,0,0,
ONEG_trades_2025_06_30.parquet,16458,0,0,0,
ONEG_trades_2025_08_11.parquet,7856,0,0,0,
ONEW_trades_2025_01_30.parquet,6625,0,0,0,
ONFO_trades_2025_04_02.parquet,1017,0,0,0,
ONFO_trades_2025_06_24.parquet,5875,0,0,0,
ONFO_trades_2025_09_15.parquet,120537,0,0,0,
ONMD_trades_2025_08_14.parquet,490294,0,0,0,
ONMD_trades_2025_10_06.parquet,995899,0,0,0,
ONMD_trades_2025_10_10.parquet,111478,0,0,0,
OPAD_trades_2025_07_16.parquet,2838,0,0,0,
OPAD_trades_2025_07_17.parquet,39679,0,0,0,
OPAD_trades_2025_07_21.parquet,91297,0,0,0,
OPAD_trades_2025_08_25.parquet,616999,0,0,0,
OPAD_trades_2025_08_28.parquet,378345,0,0,0,
OPAD_trades_2025_09_11.parquet,104291,0,0,0,
OPAL_trades_2025_05_28.parquet,7124,0,0,0,
OPEN_trades_2025_07_16.parquet,324814,0,0,0,
OPEN_trades_2025_07_17.parquet,872547,0,0,0,
OPEN_trades_2025_07_18.parquet,635409,0,0,0,
OPEN_trades_2025_07_21.parquet,3076680,0,0,0,
OPEN_trades_2025_08_22.parquet,739549,0,0,0,
OPEN_trades_2025_09_11.parquet,2009093,0,0,0,
OPFI.WS_trades_2025_01_10.parquet,959,0,0,0,
OPFI.WS_trades_2025_01_14.parquet,1028,0,0,0,
OPFI.WS_trades_2025_01_15.parquet,855,0,0,0,
OPFI.WS_trades_2025_01_28.parquet,591,0,0,0,
OPFI.WS_trades_2025_08_06.parquet,444,0,0,0,
OPRT_trades_2025_02_13.parquet,24293,0,0,0,
OPRX_trades_2025_03_12.parquet,112808,0,0,0,
OPRX_trades_2025_05_13.parquet,16836,0,0,0,
OPRX_trades_2025_08_08.parquet,31120,0,0,0,
OPTX_trades_2025_03_04.parquet,682,0,0,0,
OPTX_trades_2025_04_15.parquet,4543,0,0,0,
OPTX_trades_2025_04_22.parquet,4690,0,0,0,
ORBS_trades_2025_09_12.parquet,65480,0,0,0,
ORBS_trades_2025_09_18.parquet,102675,0,0,0,
ORBS_trades_2025_10_06.parquet,46263,0,0,0,
ORBS_trades_2025_10_10.parquet,168908,0,0,0,
ORCL_trades_2025_09_10.parquet,1760632,0,0,0,
ORCX_trades_2025_09_10.parquet,63711,0,0,0,
ORGN_trades_2025_02_20.parquet,18668,0,0,0,
ORGO_trades_2025_02_28.parquet,309666,0,0,0,
ORIC_trades_2025_05_29.parquet,105440,0,0,0,
ORIS_trades_2025_01_14.parquet,6915,0,0,0,
ORIS_trades_2025_02_24.parquet,240140,0,0,0,
ORIS_trades_2025_05_13.parquet,72217,0,0,0,
ORKA_trades_2025_09_29.parquet,13772,0,0,0,
ORKT_trades_2025_01_27.parquet,120625,0,0,0,
ORKT_trades_2025_01_28.parquet,47043,0,0,0,
ORKT_trades_2025_01_31.parquet,62096,0,0,0,
ORKT_trades_2025_05_08.parquet,2061,0,0,0,
ORMP_trades_2025_02_11.parquet,21665,0,0,0,
OSCR_trades_2025_05_07.parquet,207410,0,0,0,
OSRH_trades_2025_02_19.parquet,362496,0,0,0,
OSRH_trades_2025_02_21.parquet,153778,0,0,0,
OSRH_trades_2025_03_18.parquet,2408,0,0,0,
OSRH_trades_2025_03_26.parquet,566643,0,0,0,
OSRH_trades_2025_04_03.parquet,340929,0,0,0,
OSRH_trades_2025_05_30.parquet,1276,0,0,0,
OSRH_trades_2025_08_25.parquet,514725,0,0,0,
OST_trades_2025_01_13.parquet,24999,0,0,0,
OST_trades_2025_01_14.parquet,94961,0,0,0,
OST_trades_2025_01_23.parquet,4768,0,0,0,
OST_trades_2025_01_24.parquet,93693,0,0,0,
OST_trades_2025_03_20.parquet,371,0,0,0,
OST_trades_2025_04_15.parquet,465350,0,0,0,
OST_trades_2025_04_17.parquet,48408,0,0,0,
OST_trades_2025_04_24.parquet,11012,0,0,0,
OST_trades_2025_07_03.parquet,164445,0,0,0,
OTLY_trades_2025_02_13.parquet,29153,0,0,0,
OUST_trades_2025_03_21.parquet,51503,0,0,0,
OUST_trades_2025_06_11.parquet,173328,0,0,0,
OUST_trades_2025_08_08.parquet,88818,0,0,0,
OWLT_trades_2025_08_08.parquet,3125,0,0,0,
OXBR_trades_2025_05_06.parquet,5406,0,0,0,
OXBR_trades_2025_05_09.parquet,1282,0,0,0,
OXBR_trades_2025_05_12.parquet,904,0,0,0,
OXBR_trades_2025_07_02.parquet,3787,0,0,0,
PACB_trades_2025_02_14.parquet,79334,0,0,0,
PACK_trades_2025_01_29.parquet,94164,0,0,0,
PACK_trades_2025_08_26.parquet,63680,0,0,0,
PACS_trades_2025_09_11.parquet,48276,0,0,0,
PALI_trades_2025_05_13.parquet,8341,0,0,0,
PALI_trades_2025_07_23.parquet,31060,0,0,0,
PALI_trades_2025_08_07.parquet,281956,0,0,0,
PALI_trades_2025_10_01.parquet,394416,0,0,0,
PALI_trades_2025_10_02.parquet,68522,0,0,0,
PALI_trades_2025_10_06.parquet,145626,0,0,0,
PAL_trades_2025_02_10.parquet,13055,0,0,0,
PAL_trades_2025_05_02.parquet,4503,0,0,0,
PAM_trades_2025_10_27.parquet,29456,0,0,0,
PASG_trades_2025_05_29.parquet,3996,0,0,0,
PASG_trades_2025_07_25.parquet,9343,0,0,0,
PAVS_trades_2025_07_31.parquet,235,0,0,0,
PAVS_trades_2025_09_04.parquet,1001,0,0,0,
PBM_trades_2025_01_13.parquet,4635,0,0,0,
PBM_trades_2025_01_23.parquet,9442,0,0,0,
PBM_trades_2025_01_29.parquet,3214,0,0,0,
PBM_trades_2025_05_05.parquet,2700,0,0,0,
PBM_trades_2025_05_19.parquet,10466,0,0,0,
PBM_trades_2025_05_30.parquet,12476,0,0,0,
PBM_trades_2025_07_22.parquet,4668,0,0,0,
PBM_trades_2025_07_24.parquet,3832,0,0,0,
PBM_trades_2025_07_31.parquet,395310,0,0,0,
PBM_trades_2025_08_04.parquet,495777,0,0,0,
PBM_trades_2025_09_18.parquet,380395,0,0,0,
PBYI_trades_2025_08_11.parquet,33213,0,0,0,
PCLA_trades_2025_01_23.parquet,2253,0,0,0,
PCLA_trades_2025_01_24.parquet,9571,0,0,0,
PCLA_trades_2025_01_27.parquet,4307,0,0,0,
PCLA_trades_2025_02_26.parquet,10053,0,0,0,
PCLA_trades_2025_06_03.parquet,2137,0,0,0,
PCLA_trades_2025_07_10.parquet,6806,0,0,0,
PCTTU_trades_2025_06_17.parquet,93,13,0,0,
PCTTW_trades_2025_01_17.parquet,30,0,0,0,
PCTTW_trades_2025_01_29.parquet,48,0,0,0,
PCTTW_trades_2025_02_18.parquet,418,0,0,0,
PCTTW_trades_2025_04_22.parquet,58,0,0,0,
PCTTW_trades_2025_05_08.parquet,183,0,0,0,
PCTTW_trades_2025_05_16.parquet,124,0,0,0,
PCTTW_trades_2025_05_22.parquet,318,0,0,0,
PCTTW_trades_2025_06_17.parquet,953,0,0,0,
PCTTW_trades_2025_07_07.parquet,97,0,0,0,
PCT_trades_2025_06_17.parquet,143062,0,0,0,
PC_trades_2025_02_19.parquet,1265,0,0,0,
PC_trades_2025_10_02.parquet,8662,0,0,0,
PDSB_trades_2025_02_26.parquet,19465,0,0,0,
PDSB_trades_2025_02_27.parquet,25770,0,0,0,
PDYN_trades_2025_01_14.parquet,63263,0,0,0,
PDYN_trades_2025_01_22.parquet,186229,0,0,0,
PDYN_trades_2025_07_17.parquet,101550,0,0,0,
PEGA_trades_2025_04_23.parquet,67164,8424,0,0,
PEPG_trades_2025_02_24.parquet,456709,0,0,0,
PEPG_trades_2025_02_27.parquet,85731,0,0,0,
PEPG_trades_2025_02_28.parquet,37816,0,0,0,
PEPG_trades_2025_09_16.parquet,7696,0,0,0,
PEPG_trades_2025_09_24.parquet,218949,0,0,0,
PEPG_trades_2025_09_25.parquet,1033202,0,0,0,
PETZ_trades_2025_09_16.parquet,18659,0,0,0,
PEW.WS_trades_2025_07_18.parquet,1187,0,0,0,
PFAI_trades_2025_09_05.parquet,31279,0,0,0,
PFAI_trades_2025_10_15.parquet,755744,0,0,0,
PFSA_trades_2025_07_28.parquet,324103,0,0,0,
PGEN_trades_2025_08_15.parquet,578457,0,0,0,
PGY_trades_2025_08_07.parquet,108490,0,0,0,
PHAR_trades_2025_08_08.parquet,159,0,0,0,
PHAT_trades_2025_05_09.parquet,77233,0,0,0,
PHAT_trades_2025_06_06.parquet,305438,0,0,0,
PHIO_trades_2025_01_13.parquet,1568969,0,0,0,
PHIO_trades_2025_01_16.parquet,221619,0,0,0,
PHIO_trades_2025_01_28.parquet,52896,0,0,0,
PHIO_trades_2025_04_09.parquet,570634,0,0,0,
PHIO_trades_2025_04_15.parquet,18004,0,0,0,
PHIO_trades_2025_06_05.parquet,34328,0,0,0,
PHIO_trades_2025_07_25.parquet,336912,0,0,0,
PHOE_trades_2025_06_16.parquet,1661,0,0,0,
PHOE_trades_2025_06_30.parquet,1122,0,0,0,
PHOE_trades_2025_07_17.parquet,15051,0,0,0,
PHOE_trades_2025_07_24.parquet,2951,0,0,0,
PHOE_trades_2025_10_07.parquet,1162,0,0,0,
PIII_trades_2025_01_14.parquet,118809,0,0,0,
PIII_trades_2025_07_30.parquet,1254,0,0,0,
PIII_trades_2025_09_18.parquet,715,0,0,0,
PI_trades_2025_07_31.parquet,43840,2,0,0,
PL.WS_trades_2025_07_01.parquet,495,0,0,0,
PL.WS_trades_2025_09_08.parquet,4638,0,0,0,
PL.WS_trades_2025_09_11.parquet,680,0,0,0,
PLBY_trades_2025_01_31.parquet,31965,0,0,0,
PLBY_trades_2025_05_16.parquet,9319,0,0,0,
PLCE_trades_2025_07_22.parquet,40607,0,0,0,
PLRX_trades_2025_02_13.parquet,62060,0,0,0,
PLRZ_trades_2025_03_24.parquet,4090,0,0,0,
PLRZ_trades_2025_05_02.parquet,554022,0,0,0,
PLRZ_trades_2025_05_05.parquet,124644,0,0,0,
PLRZ_trades_2025_05_28.parquet,108922,0,0,0,
PLRZ_trades_2025_05_29.parquet,150797,0,0,0,
PLRZ_trades_2025_06_12.parquet,102384,0,0,0,
PLRZ_trades_2025_07_15.parquet,244227,0,0,0,
PLRZ_trades_2025_07_22.parquet,347010,0,0,0,
PLRZ_trades_2025_07_23.parquet,244042,0,0,0,
PLRZ_trades_2025_09_12.parquet,156197,0,0,0,
PLTS_trades_2025_09_22.parquet,139523,1051,0,0,
PLTS_trades_2025_09_26.parquet,11208,0,0,0,
PLTU_trades_2025_02_04.parquet,32599,0,0,0,
PLTU_trades_2025_04_09.parquet,49735,0,0,0,
PLUG_trades_2025_04_28.parquet,226244,0,0,0,
PLUG_trades_2025_06_09.parquet,128110,21101,0,0,
PLUG_trades_2025_06_30.parquet,171211,0,0,0,
PLUG_trades_2025_07_09.parquet,192575,0,0,0,
PLUG_trades_2025_10_03.parquet,619697,0,0,0,
PLUR_trades_2025_04_23.parquet,2598,0,0,0,
PLUR_trades_2025_06_23.parquet,1925,0,0,0,
PLYM_trades_2025_08_19.parquet,57772,0,0,0,
PL_trades_2025_06_05.parquet,277831,0,0,0,
PL_trades_2025_09_08.parquet,281822,0,0,0,
PMAX_trades_2025_01_16.parquet,225251,0,0,0,
PMAX_trades_2025_02_07.parquet,45949,0,0,0,
PMAX_trades_2025_02_13.parquet,3089,0,0,0,
PMAX_trades_2025_02_28.parquet,261962,0,0,0,
PMAX_trades_2025_05_23.parquet,515218,0,0,0,
PMAX_trades_2025_05_28.parquet,107762,0,0,0,
PMAX_trades_2025_08_27.parquet,25984,0,0,0,
PMAX_trades_2025_10_06.parquet,2634,0,0,0,
PMAX_trades_2025_10_13.parquet,468191,0,0,0,
PMCB_trades_2025_09_08.parquet,1513,0,0,0,
PMEC_trades_2025_01_16.parquet,73346,0,0,0,
PMEC_trades_2025_02_12.parquet,5698,0,0,0,
PMN_trades_2025_07_14.parquet,169854,0,0,0,
PMN_trades_2025_07_21.parquet,615057,0,0,0,
PNBK_trades_2025_02_10.parquet,365954,0,0,0,
PNBK_trades_2025_03_21.parquet,84112,0,0,0,
PNBK_trades_2025_04_17.parquet,8218,9,0,0,
PNBK_trades_2025_04_21.parquet,5395,0,0,0,
PNBK_trades_2025_05_12.parquet,4700,0,0,0,
PNBK_trades_2025_05_13.parquet,4586,0,0,0,
PN_trades_2025_08_13.parquet,1218,0,0,0,
POAI_trades_2025_01_03.parquet,10929,0,0,0,
POAI_trades_2025_01_06.parquet,180015,0,0,0,
POAI_trades_2025_01_22.parquet,140957,0,0,0,
POAI_trades_2025_03_25.parquet,576477,0,0,0,
POAI_trades_2025_09_29.parquet,239802,0,0,0,
PODC_trades_2025_04_30.parquet,332,0,0,0,
POLA_trades_2025_03_04.parquet,51757,0,0,0,
POLA_trades_2025_07_01.parquet,29535,0,0,0,
POLA_trades_2025_09_04.parquet,97342,0,0,0,
PONY_trades_2025_02_21.parquet,47545,0,0,0,
PONY_trades_2025_04_23.parquet,49177,0,0,0,
PONY_trades_2025_04_24.parquet,101650,0,0,0,
PONY_trades_2025_04_28.parquet,353602,0,0,0,
PONY_trades_2025_05_02.parquet,160172,0,0,0,
PONY_trades_2025_05_06.parquet,301138,0,0,0,
PPBT_trades_2025_10_29.parquet,914542,0,0,0,
PPCB_trades_2025_01_07.parquet,23,0,0,0,
PPCB_trades_2025_01_17.parquet,21,0,0,0,
PPCB_trades_2025_01_22.parquet,23,0,0,0,
PPCB_trades_2025_01_23.parquet,27,0,0,0,
PPCB_trades_2025_04_10.parquet,16,0,0,0,
PPCB_trades_2025_04_14.parquet,11,0,0,0,
PPCB_trades_2025_04_16.parquet,26,0,0,0,
PPCB_trades_2025_04_28.parquet,22,0,0,0,
PPCB_trades_2025_04_30.parquet,9,0,0,0,
PPCB_trades_2025_05_01.parquet,10,0,0,0,
PPCB_trades_2025_05_02.parquet,15,0,0,0,
PPCB_trades_2025_05_05.parquet,32,0,0,0,
PPCB_trades_2025_05_06.parquet,30,0,0,0,
PPCB_trades_2025_05_07.parquet,21,0,0,0,
PPCB_trades_2025_05_08.parquet,24,0,0,0,
PPCB_trades_2025_05_23.parquet,10,0,0,0,
PPCB_trades_2025_06_03.parquet,16,0,0,0,
PPCB_trades_2025_06_04.parquet,11,0,0,0,
PPCB_trades_2025_07_09.parquet,19,0,0,0,
PPCB_trades_2025_07_17.parquet,22,0,0,0,
PPCB_trades_2025_07_29.parquet,22,0,0,0,
PPCB_trades_2025_08_11.parquet,10,0,0,0,
PPCB_trades_2025_08_13.parquet,47,0,0,0,
PPCB_trades_2025_08_14.parquet,19,0,0,0,
PPCB_trades_2025_08_18.parquet,686999,0,0,0,
PPCB_trades_2025_08_20.parquet,235099,0,0,0,
PPCB_trades_2025_09_05.parquet,5897,0,0,0,
PPIH_trades_2025_05_02.parquet,1411,0,0,0,
PPIH_trades_2025_06_13.parquet,3039,0,0,0,
PPIH_trades_2025_06_16.parquet,3572,0,0,0,
PPSI_trades_2025_08_15.parquet,748370,0,0,0,
PRAX_trades_2025_10_16.parquet,454734,0,0,0,
PRA_trades_2025_03_20.parquet,53341,0,0,0,
PRCH_trades_2025_02_26.parquet,154761,0,0,0,
PRCH_trades_2025_05_07.parquet,148374,0,0,0,
PRCH_trades_2025_08_06.parquet,69106,0,0,0,
PRE_trades_2025_05_22.parquet,2015,0,0,0,
PRE_trades_2025_06_18.parquet,2965,0,0,0,
PRFX_trades_2025_01_24.parquet,135578,0,0,0,
PRFX_trades_2025_02_18.parquet,334780,0,0,0,
PRFX_trades_2025_04_10.parquet,406341,0,0,0,
PRFX_trades_2025_08_19.parquet,755371,0,0,0,
PRHI_trades_2025_10_07.parquet,157961,0,0,0,
PRME_trades_2025_07_07.parquet,65289,0,0,0,
PROK_trades_2025_04_15.parquet,13677,0,0,0,
PROK_trades_2025_07_08.parquet,931376,0,0,0,
PROK_trades_2025_07_09.parquet,1230614,0,0,0,
PROK_trades_2025_07_10.parquet,262413,0,0,0,
PROK_trades_2025_09_11.parquet,47255,0,0,0,
PROP_trades_2025_01_15.parquet,8962,0,0,0,
PRO_trades_2025_09_22.parquet,47029,0,0,0,
PRPL_trades_2025_03_14.parquet,30113,0,0,0,
PRPL_trades_2025_07_23.parquet,7049,0,0,0,
PRPO_trades_2025_04_23.parquet,2000,0,0,0,
PRSO_trades_2025_01_03.parquet,3927,0,0,0,
PRSO_trades_2025_09_05.parquet,507141,0,0,0,
PRSO_trades_2025_10_09.parquet,88579,0,0,0,
PRTS_trades_2025_03_05.parquet,23591,0,0,0,
PRTS_trades_2025_09_03.parquet,8229,0,0,0,
PRZO_trades_2025_01_17.parquet,262603,0,0,0,
PSIG_trades_2025_01_07.parquet,1401,0,0,0,
PSIG_trades_2025_05_09.parquet,4401,0,0,0,
PSIG_trades_2025_08_19.parquet,7937,0,0,0,
PSIG_trades_2025_10_13.parquet,9274,0,0,0,
PSIX_trades_2025_08_08.parquet,37605,0,0,0,
PSKY_trades_2025_08_13.parquet,538330,0,0,0,
PSQH_trades_2025_05_27.parquet,23981,0,0,0,
PSTG_trades_2025_08_28.parquet,208626,0,0,0,
PSTV_trades_2025_03_06.parquet,654927,0,0,0,
PSTV_trades_2025_03_07.parquet,417013,0,0,0,
PSTV_trades_2025_03_11.parquet,69391,0,0,0,
PSTV_trades_2025_03_20.parquet,571341,0,0,0,
PSTV_trades_2025_03_25.parquet,44497,0,0,0,
PSTV_trades_2025_04_23.parquet,45487,0,0,0,
PTGX_trades_2025_03_10.parquet,76574,0,0,0,
PTGX_trades_2025_10_10.parquet,97668,0,0,0,
PTHL_trades_2025_02_24.parquet,5951,0,0,0,
PTHL_trades_2025_03_10.parquet,2311,0,0,0,
PTHL_trades_2025_06_06.parquet,14924,0,0,0,
PTHL_trades_2025_07_15.parquet,25557,0,0,0,
PTHL_trades_2025_08_04.parquet,41876,0,0,0,
PTHL_trades_2025_08_26.parquet,52614,0,0,0,
PTHL_trades_2025_09_03.parquet,6929,0,0,0,
PTIR_trades_2025_02_04.parquet,46721,0,0,0,
PTIR_trades_2025_04_09.parquet,52084,0,0,0,
PTIX_trades_2025_01_27.parquet,3185,0,0,0,
PTIX_trades_2025_03_04.parquet,165751,0,0,0,
PTIX_trades_2025_04_01.parquet,1353,0,0,0,
PTIX_trades_2025_04_03.parquet,387566,0,0,0,
PTIX_trades_2025_05_06.parquet,16395,0,0,0,
PTIX_trades_2025_05_19.parquet,896997,0,0,0,
PTIX_trades_2025_08_21.parquet,904773,0,0,0,
PTLE_trades_2025_01_06.parquet,6662,0,0,0,
PTLE_trades_2025_01_22.parquet,20996,0,0,0,
PTLE_trades_2025_05_06.parquet,6324,0,0,0,
PTLE_trades_2025_05_15.parquet,2335,0,0,0,
PTNM_trades_2025_06_04.parquet,18923,0,0,0,
PTNM_trades_2025_07_15.parquet,9136,0,0,0,
PTNM_trades_2025_08_27.parquet,196895,0,0,0,
PTNM_trades_2025_08_28.parquet,43612,0,0,0,
PTNM_trades_2025_09_09.parquet,168467,0,0,0,
PTNM_trades_2025_09_10.parquet,97605,0,0,0,
PTNM_trades_2025_09_25.parquet,16802,0,0,0,
PT_trades_2025_09_08.parquet,127645,0,0,0,
PULM_trades_2025_02_18.parquet,2358,0,0,0,
PUMP_trades_2025_10_29.parquet,157114,0,0,0,
PXLW_trades_2025_06_20.parquet,6983,0,0,0,
PYXS_trades_2025_10_09.parquet,15920,0,0,0,
QBTS_trades_2025_01_15.parquet,634456,0,0,0,
QBTS_trades_2025_03_14.parquet,824550,0,0,0,
QBTS_trades_2025_05_08.parquet,840311,0,0,0,
QBTS_trades_2025_05_20.parquet,1280946,0,0,0,
QBTZ_trades_2025_10_22.parquet,18083,0,0,0,
QCLS_trades_2025_10_03.parquet,40448,0,0,0,
QCLS_trades_2025_10_30.parquet,65396,0,0,0,
QCML_trades_2025_04_09.parquet,104,0,0,0,
QCML_trades_2025_10_27.parquet,32380,0,0,0,
QCMU_trades_2025_10_27.parquet,11760,0,0,0,
QDEL_trades_2025_05_08.parquet,85119,0,0,0,
QETAR_trades_2025_01_06.parquet,92,0,0,0,
QETAR_trades_2025_01_07.parquet,185,0,0,0,
QETAR_trades_2025_07_07.parquet,52,0,0,0,
QETAR_trades_2025_08_01.parquet,119,0,0,0,
QETAR_trades_2025_10_22.parquet,159,0,0,0,
QH_trades_2025_08_25.parquet,3362,0,0,0,
QIPT_trades_2025_05_20.parquet,117286,0,0,0,
QMCO_trades_2025_01_15.parquet,75053,0,0,0,
QMCO_trades_2025_02_12.parquet,46202,0,0,0,
QMCO_trades_2025_03_13.parquet,33715,0,0,0,
QMCO_trades_2025_03_17.parquet,57499,0,0,0,
QMCO_trades_2025_05_19.parquet,69864,0,0,0,
QMCO_trades_2025_09_19.parquet,165650,0,0,0,
QMMM_trades_2025_03_05.parquet,7958,0,0,0,
QMMM_trades_2025_05_08.parquet,30509,0,0,0,
QMMM_trades_2025_05_09.parquet,12309,0,0,0,
QMMM_trades_2025_09_08.parquet,10399,0,0,0,
QMMM_trades_2025_09_09.parquet,192394,0,0,0,
QMMM_trades_2025_09_12.parquet,66408,0,0,0,
QMMM_trades_2025_09_16.parquet,12811,0,0,0,
QMMM_trades_2025_09_17.parquet,14875,0,0,0,
QMMM_trades_2025_09_22.parquet,12284,0,0,0,
QNRX_trades_2025_01_31.parquet,5169,0,0,0,
QNRX_trades_2025_02_04.parquet,63477,0,0,0,
QNRX_trades_2025_02_27.parquet,196460,0,0,0,
QNRX_trades_2025_04_02.parquet,271855,0,0,0,
QNRX_trades_2025_05_14.parquet,139989,0,0,0,
QNRX_trades_2025_10_10.parquet,257047,0,0,0,
QNRX_trades_2025_10_15.parquet,6645,0,0,0,
QNTM_trades_2025_02_04.parquet,587270,0,0,0,
QNTM_trades_2025_02_05.parquet,125311,0,0,0,
QNTM_trades_2025_02_06.parquet,323743,0,0,0,
QNTM_trades_2025_03_17.parquet,61442,0,0,0,
QNTM_trades_2025_03_27.parquet,7097,0,0,0,
QNTM_trades_2025_03_28.parquet,119270,0,0,0,
QNTM_trades_2025_06_17.parquet,8308,0,0,0,
QNTM_trades_2025_09_10.parquet,6621,0,0,0,
QPUX_trades_2025_09_19.parquet,2393,0,0,0,
QPUX_trades_2025_10_13.parquet,3673,0,0,0,
QPUX_trades_2025_10_23.parquet,6643,0,0,0,
QSIAW_trades_2025_01_03.parquet,2611,0,0,0,
QSIAW_trades_2025_01_15.parquet,491,0,0,0,
QSIAW_trades_2025_05_21.parquet,544,0,0,0,
QSI_trades_2025_01_03.parquet,612341,0,0,0,
QSI_trades_2025_09_18.parquet,55669,0,0,0,
QS_trades_2025_06_25.parquet,476332,0,0,0,
QS_trades_2025_06_26.parquet,425450,0,0,0,
QS_trades_2025_09_08.parquet,353842,0,0,0,
QTRX_trades_2025_06_10.parquet,22267,0,0,0,
QTTB_trades_2025_07_10.parquet,222348,0,0,0,
QTTB_trades_2025_07_16.parquet,15589,0,0,0,
QUBT_trades_2025_01_15.parquet,542379,0,0,0,
QUBT_trades_2025_05_16.parquet,486016,0,0,0,
QUBT_trades_2025_06_11.parquet,703278,0,0,0,
QUBT_trades_2025_06_16.parquet,394269,0,0,0,
QUBT_trades_2025_09_19.parquet,527541,0,0,0,
QURE_trades_2025_04_17.parquet,138606,0,0,0,
QURE_trades_2025_09_24.parquet,724808,0,0,0,
QVCGA_trades_2025_03_25.parquet,21311,0,0,0,
QVCGA_trades_2025_05_06.parquet,59349,0,0,0,
QVCGA_trades_2025_06_05.parquet,6867,0,0,0,
QVCGA_trades_2025_07_22.parquet,75218,0,0,0,
QVCGA_trades_2025_07_25.parquet,7911,0,0,0,
QVCGA_trades_2025_08_27.parquet,7649,0,0,0,
QVCGA_trades_2025_09_02.parquet,8441,0,0,0,
QVCGP_trades_2025_06_04.parquet,2069,0,0,0,
QVCGP_trades_2025_06_05.parquet,3792,0,0,0,
RAAQW_trades_2025_10_15.parquet,1067,0,0,0,
RADX_trades_2025_01_10.parquet,7633,0,0,0,
RADX_trades_2025_01_13.parquet,7720,0,0,0,
RADX_trades_2025_02_27.parquet,1280,0,0,0,
RADX_trades_2025_03_03.parquet,64539,0,0,0,
RADX_trades_2025_03_05.parquet,5793,0,0,0,
RADX_trades_2025_05_23.parquet,627,0,0,0,
RADX_trades_2025_08_20.parquet,5408,0,0,0,
RAIL_trades_2025_03_13.parquet,11544,0,0,0,
RAIN_trades_2025_04_30.parquet,1365,0,0,0,
RAIN_trades_2025_05_06.parquet,710,0,0,0,
RAIN_trades_2025_05_12.parquet,1942,0,0,0,
RAIN_trades_2025_06_04.parquet,470,0,0,0,
RAIN_trades_2025_09_02.parquet,757,0,0,0,
RAIN_trades_2025_09_08.parquet,2577,0,0,0,
RAIN_trades_2025_10_15.parquet,2025,0,0,0,
RANI_trades_2025_10_17.parquet,1055332,0,0,0,
RANI_trades_2025_10_20.parquet,464529,0,0,0,
RANI_trades_2025_10_21.parquet,299327,0,0,0,
RANI_trades_2025_10_22.parquet,247318,0,0,0,
RANI_trades_2025_10_31.parquet,134006,0,0,0,
RAPP_trades_2025_03_04.parquet,17422,0,0,0,
RAPP_trades_2025_06_03.parquet,8285,0,0,0,
RAPP_trades_2025_09_08.parquet,259304,0,0,0,
RAPT_trades_2025_05_23.parquet,12102,0,0,0,
RAPT_trades_2025_07_15.parquet,8941,0,0,0,
RAPT_trades_2025_10_20.parquet,74513,0,0,0,
RAYA_trades_2025_04_15.parquet,323,0,0,0,
RAYA_trades_2025_06_30.parquet,1960,0,0,0,
RAYA_trades_2025_07_15.parquet,8301,0,0,0,
RAYA_trades_2025_07_22.parquet,99285,0,0,0,
RAYA_trades_2025_07_24.parquet,74809,0,0,0,
RAYA_trades_2025_07_31.parquet,283978,0,0,0,
RAYA_trades_2025_08_01.parquet,209074,0,0,0,
RAYA_trades_2025_08_28.parquet,172844,0,0,0,
RAYA_trades_2025_09_18.parquet,28647,0,0,0,
RAYA_trades_2025_09_24.parquet,88490,0,0,0,
RAYA_trades_2025_10_01.parquet,15753,0,0,0,
RAY_trades_2025_03_11.parquet,377638,0,0,0,
RAY_trades_2025_03_24.parquet,22416,0,0,0,
RAY_trades_2025_03_25.parquet,53747,0,0,0,
RAY_trades_2025_05_12.parquet,8748,0,0,0,
RAY_trades_2025_05_22.parquet,7700,0,0,0,
RAY_trades_2025_08_25.parquet,43259,0,0,0,
RAY_trades_2025_09_09.parquet,8715,0,0,0,
RBNE_trades_2025_06_13.parquet,1276604,0,0,0,
RBNE_trades_2025_06_17.parquet,365135,0,0,0,
RBNE_trades_2025_06_23.parquet,148381,0,0,0,
RBNE_trades_2025_09_10.parquet,408692,0,0,0,
RBNE_trades_2025_10_23.parquet,198974,0,0,0,
RBOT_trades_2025_10_03.parquet,5721,0,0,0,
RCAT_trades_2025_07_11.parquet,217327,0,0,0,
RCAT_trades_2025_09_11.parquet,166156,0,0,0,
RCEL_trades_2025_09_15.parquet,184094,0,0,0,
RCKT_trades_2025_08_20.parquet,228859,0,0,0,
RCKY_trades_2025_04_30.parquet,9694,0,0,0,
RCKY_trades_2025_07_30.parquet,5033,211,0,0,
RCON_trades_2025_05_22.parquet,571,0,0,0,
RCON_trades_2025_07_29.parquet,252434,0,0,0,
RCON_trades_2025_07_30.parquet,34566,0,0,0,
RCON_trades_2025_07_31.parquet,17047,0,0,0,
RCT_trades_2025_04_09.parquet,684,0,0,0,
RCT_trades_2025_06_27.parquet,381776,0,0,0,
RCT_trades_2025_07_01.parquet,85759,0,0,0,
RCT_trades_2025_07_28.parquet,2481,0,0,0,
RCT_trades_2025_09_22.parquet,3825,0,0,0,
RCT_trades_2025_09_24.parquet,228346,0,0,0,
RCT_trades_2025_09_26.parquet,24110,0,0,0,
RDGT_trades_2025_03_26.parquet,4177,0,0,0,
RDGT_trades_2025_07_15.parquet,305,0,0,0,
RDGT_trades_2025_10_14.parquet,2396,0,0,0,
RDHL_trades_2025_07_17.parquet,3001,0,0,0,
RDHL_trades_2025_07_21.parquet,135033,0,0,0,
RDHL_trades_2025_09_29.parquet,387775,0,0,0,
RDHL_trades_2025_10_20.parquet,167546,0,0,0,
RDIB_trades_2025_03_05.parquet,399,0,0,0,
RDIB_trades_2025_03_18.parquet,1505,0,0,0,
RDIB_trades_2025_05_15.parquet,440,0,0,0,
RDIB_trades_2025_06_13.parquet,481,0,0,0,
RDIB_trades_2025_08_05.parquet,774,0,0,0,
RDTL_trades_2025_04_09.parquet,430,0,0,0,
RDTL_trades_2025_05_14.parquet,4851,0,0,0,
RDTL_trades_2025_06_17.parquet,11657,0,0,0,
RDTL_trades_2025_08_01.parquet,20951,0,0,0,
RDTL_trades_2025_10_31.parquet,30522,0,0,0,
RDW_trades_2025_01_21.parquet,94364,0,0,0,
RDW_trades_2025_04_09.parquet,22219,0,0,0,
REAL_trades_2025_08_08.parquet,100994,0,0,0,
REBN_trades_2025_01_29.parquet,19855,0,0,0,
REBN_trades_2025_01_31.parquet,273513,0,0,0,
REBN_trades_2025_02_03.parquet,511433,0,0,0,
REBN_trades_2025_02_18.parquet,17861,0,0,0,
REBN_trades_2025_02_20.parquet,49897,0,0,0,
REE_trades_2025_10_16.parquet,62329,0,0,0,
REFR_trades_2025_05_09.parquet,906,0,0,0,
REFR_trades_2025_10_27.parquet,2609,0,0,0,
REKR_trades_2025_01_06.parquet,87011,0,0,0,
REKR_trades_2025_01_22.parquet,78872,0,0,0,
REKR_trades_2025_06_03.parquet,96386,0,0,0,
RELI_trades_2025_01_14.parquet,4595,0,0,0,
RELI_trades_2025_06_17.parquet,94580,0,0,0,
RELI_trades_2025_06_18.parquet,307979,0,0,0,
RELI_trades_2025_06_24.parquet,8795,0,0,0,
RELI_trades_2025_09_15.parquet,197147,0,0,0,
RELI_trades_2025_09_22.parquet,235290,0,0,0,
RELI_trades_2025_09_29.parquet,33881,0,0,0,
RELI_trades_2025_10_28.parquet,142796,0,0,0,
RENT_trades_2025_03_20.parquet,4303,0,0,0,
RENT_trades_2025_06_06.parquet,22570,0,0,0,
RENT_trades_2025_08_21.parquet,17972,0,0,0,
RENT_trades_2025_09_11.parquet,4872,0,0,0,
REPL_trades_2025_07_23.parquet,172902,0,0,0,
REPL_trades_2025_07_30.parquet,1319102,0,0,0,
REPL_trades_2025_09_23.parquet,59300,0,0,0,
REPL_trades_2025_10_20.parquet,860766,0,0,0,
RETO_trades_2025_02_20.parquet,44857,0,0,0,
RETO_trades_2025_02_24.parquet,205255,0,0,0,
RETO_trades_2025_02_25.parquet,120473,0,0,0,
RETO_trades_2025_03_03.parquet,10339,0,0,0,
RETO_trades_2025_03_04.parquet,11190,0,0,0,
RETO_trades_2025_04_25.parquet,67274,0,0,0,
REVB_trades_2025_04_08.parquet,3641,0,0,0,
REVB_trades_2025_06_03.parquet,193658,0,0,0,
RFL_trades_2025_06_10.parquet,11098,0,0,0,
RFL_trades_2025_07_10.parquet,8969,0,0,0,
RGC_trades_2025_03_20.parquet,27965,0,0,0,
RGC_trades_2025_03_21.parquet,39056,0,0,0,
RGC_trades_2025_03_31.parquet,12180,0,0,0,
RGC_trades_2025_04_04.parquet,7989,0,0,0,
RGC_trades_2025_04_11.parquet,5963,0,0,0,
RGC_trades_2025_04_30.parquet,22394,0,0,0,
RGC_trades_2025_05_01.parquet,5844,0,0,0,
RGC_trades_2025_05_05.parquet,7105,0,0,0,
RGC_trades_2025_05_06.parquet,36207,0,0,0,
RGC_trades_2025_05_07.parquet,13261,0,0,0,
RGC_trades_2025_05_08.parquet,11068,0,0,0,
RGC_trades_2025_05_09.parquet,13508,0,0,0,
RGC_trades_2025_05_12.parquet,16939,0,0,0,
RGC_trades_2025_05_14.parquet,6938,0,0,0,
RGC_trades_2025_05_20.parquet,7606,0,0,0,
RGC_trades_2025_05_29.parquet,9439,0,0,0,
RGC_trades_2025_06_06.parquet,4116,0,0,0,
RGC_trades_2025_06_16.parquet,111468,0,0,0,
RGC_trades_2025_06_17.parquet,89146,0,0,0,
RGC_trades_2025_06_24.parquet,41501,0,0,0,
RGC_trades_2025_07_03.parquet,271338,0,0,0,
RGC_trades_2025_07_07.parquet,104887,0,0,0,
RGC_trades_2025_07_23.parquet,32842,0,0,0,
RGTIW_trades_2025_01_10.parquet,5005,0,0,0,
RGTIW_trades_2025_01_14.parquet,10536,0,0,0,
RGTIW_trades_2025_01_15.parquet,9426,0,0,0,
RGTIW_trades_2025_01_21.parquet,11658,0,0,0,
RGTIW_trades_2025_03_14.parquet,2326,0,0,0,
RGTIW_trades_2025_05_22.parquet,5795,0,0,0,
RGTIW_trades_2025_06_11.parquet,5235,0,0,0,
RGTIW_trades_2025_07_16.parquet,6143,0,0,0,
RGTIW_trades_2025_09_12.parquet,4546,0,0,0,
RGTIW_trades_2025_09_18.parquet,10897,0,0,0,
RGTIW_trades_2025_09_19.parquet,8450,0,0,0,
RGTIW_trades_2025_10_02.parquet,7743,0,0,0,
RGTIW_trades_2025_10_13.parquet,6348,0,0,0,
RGTI_trades_2025_01_14.parquet,1177155,0,0,0,
RGTI_trades_2025_01_21.parquet,891344,0,0,0,
RGTI_trades_2025_05_22.parquet,668960,0,0,0,
RGTI_trades_2025_07_16.parquet,805970,0,0,0,
RGTX_trades_2025_04_07.parquet,1124,0,0,0,
RGTX_trades_2025_04_09.parquet,958,0,0,0,
RGTX_trades_2025_05_02.parquet,2945,0,0,0,
RGTX_trades_2025_05_14.parquet,21502,0,0,0,
RGTX_trades_2025_05_22.parquet,32751,0,0,0,
RGTX_trades_2025_06_11.parquet,41630,0,0,0,
RGTX_trades_2025_07_02.parquet,13792,0,0,0,
RGTX_trades_2025_07_16.parquet,51972,0,0,0,
RGTX_trades_2025_09_12.parquet,39082,0,0,0,
RGTX_trades_2025_09_18.parquet,24955,0,0,0,
RGTX_trades_2025_09_19.parquet,37682,0,0,0,
RGTX_trades_2025_10_02.parquet,37176,0,0,0,
RGTX_trades_2025_10_13.parquet,56298,0,0,0,
RGTX_trades_2025_10_23.parquet,70734,0,0,0,
RGTZ_trades_2025_10_16.parquet,153638,0,0,0,
RHLD_trades_2025_03_17.parquet,3173,0,0,0,
RH_trades_2025_04_09.parquet,101706,0,0,0,
RIGL_trades_2025_05_07.parquet,10806,0,0,0,
RILYG_trades_2025_05_21.parquet,370,0,0,0,
RILYL_trades_2025_02_11.parquet,346,0,0,0,
RILYL_trades_2025_02_26.parquet,133,0,0,0,
RILYL_trades_2025_07_10.parquet,462,0,0,0,
RILYL_trades_2025_07_17.parquet,192,0,0,0,
RILYP_trades_2025_02_26.parquet,300,0,0,0,
RILYP_trades_2025_04_14.parquet,307,0,0,0,
RILYP_trades_2025_07_10.parquet,822,0,0,0,
RILYP_trades_2025_08_14.parquet,257,0,0,0,
RILY_trades_2025_02_21.parquet,22695,0,0,0,
RILY_trades_2025_02_24.parquet,91030,0,0,0,
RILY_trades_2025_02_26.parquet,79570,0,0,0,
RIME_trades_2025_01_06.parquet,52477,0,0,0,
RIME_trades_2025_01_07.parquet,444394,0,0,0,
RIME_trades_2025_01_31.parquet,67301,0,0,0,
RITR_trades_2025_02_28.parquet,1374,0,0,0,
RITR_trades_2025_06_02.parquet,20143,0,0,0,
RITR_trades_2025_06_05.parquet,17995,0,0,0,
RITR_trades_2025_06_25.parquet,15397,0,0,0,
RITR_trades_2025_06_30.parquet,7827,0,0,0,
RKDA_trades_2025_10_08.parquet,53253,0,0,0,
RKDA_trades_2025_10_15.parquet,443999,0,0,0,
RKLB_trades_2025_01_21.parquet,413936,0,0,0,
RKLX_trades_2025_04_09.parquet,927,0,0,0,
RKLX_trades_2025_04_15.parquet,1570,0,0,0,
RKLX_trades_2025_06_26.parquet,11916,0,0,0,
RLMD_trades_2025_08_29.parquet,33456,0,0,0,
RLMD_trades_2025_09_02.parquet,16813,0,0,0,
RMCF_trades_2025_06_18.parquet,1498,0,0,0,
RMCF_trades_2025_09_16.parquet,13764,29,0,0,
RMCO_trades_2025_07_02.parquet,2974,0,0,0,
RMCO_trades_2025_10_14.parquet,5060,0,0,0,
RMCO_trades_2025_10_20.parquet,4716,0,0,0,
RMCO_trades_2025_10_28.parquet,854,0,0,0,
RMNI_trades_2025_07_10.parquet,17497,0,0,0,
RMSG_trades_2025_08_06.parquet,225491,0,0,0,
RMSG_trades_2025_08_12.parquet,3804,0,0,0,
RMSG_trades_2025_08_19.parquet,4734,0,0,0,
RMSG_trades_2025_10_15.parquet,5167,0,0,0,
RMSG_trades_2025_10_16.parquet,3955,0,0,0,
RMTI_trades_2025_08_25.parquet,23634,0,0,0,
RNAC_trades_2025_07_09.parquet,5634,0,0,0,
RNAZ_trades_2025_01_23.parquet,86514,0,0,0,
RNAZ_trades_2025_01_24.parquet,106631,0,0,0,
RNAZ_trades_2025_01_28.parquet,394797,0,0,0,
RNAZ_trades_2025_02_05.parquet,181531,0,0,0,
RNAZ_trades_2025_02_06.parquet,128872,0,0,0,
RNAZ_trades_2025_03_21.parquet,606134,0,0,0,
RNAZ_trades_2025_04_21.parquet,14362,0,0,0,
RNAZ_trades_2025_04_24.parquet,14772,0,0,0,
RNAZ_trades_2025_05_01.parquet,150864,0,0,0,
RNAZ_trades_2025_07_23.parquet,58583,0,0,0,
RNAZ_trades_2025_07_28.parquet,2423,0,0,0,
RNAZ_trades_2025_10_08.parquet,207563,0,0,0,
RNA_trades_2025_10_27.parquet,220901,0,0,0,
RNTX_trades_2025_01_22.parquet,1213,0,0,0,
RNTX_trades_2025_01_29.parquet,3178,0,0,0,
RNTX_trades_2025_10_07.parquet,2758,0,0,0,
ROMA_trades_2025_09_03.parquet,960,0,0,0,
ROMA_trades_2025_09_09.parquet,791,0,0,0,
ROOT_trades_2025_02_27.parquet,51214,0,0,0,
RPGL_trades_2025_10_23.parquet,12322,0,0,0,
RPGL_trades_2025_10_27.parquet,13511,0,0,0,
RPID_trades_2025_01_14.parquet,1265,0,0,0,
RPID_trades_2025_02_05.parquet,7520,0,0,0,
RRGB_trades_2025_02_27.parquet,25795,0,0,0,
RRGB_trades_2025_05_30.parquet,182138,0,0,0,
RR_trades_2025_01_03.parquet,147114,0,0,0,
RR_trades_2025_01_14.parquet,136153,0,0,0,
RR_trades_2025_03_17.parquet,36357,0,0,0,
RR_trades_2025_05_27.parquet,58175,0,0,0,
RR_trades_2025_08_26.parquet,157371,0,0,0,
RSVRW_trades_2025_01_31.parquet,252,0,0,0,
RSVRW_trades_2025_02_26.parquet,290,0,0,0,
RSVRW_trades_2025_08_21.parquet,6,0,0,0,
RUBI_trades_2025_08_05.parquet,89506,22388,0,0,
RUMBW_trades_2025_04_09.parquet,92,0,0,0,
RUMBW_trades_2025_05_09.parquet,472,0,0,0,
RUMBW_trades_2025_08_11.parquet,248,0,0,0,
RUMBW_trades_2025_08_28.parquet,439,0,0,0,
RUMBW_trades_2025_10_03.parquet,443,0,0,0,
RUM_trades_2025_05_09.parquet,67720,0,0,0,
RUN_trades_2025_08_07.parquet,236217,0,0,0,
RUN_trades_2025_08_15.parquet,383346,0,0,0,
RVYL_trades_2025_06_02.parquet,394974,0,0,0,
RVYL_trades_2025_06_05.parquet,669153,0,0,0,
RXRX_trades_2025_04_11.parquet,226996,0,0,0,
RYET_trades_2025_04_10.parquet,12652,0,0,0,
RYET_trades_2025_04_15.parquet,4744,0,0,0,
RYET_trades_2025_04_30.parquet,9083,0,0,0,
RYET_trades_2025_05_08.parquet,4373,0,0,0,
RYET_trades_2025_05_12.parquet,6797,0,0,0,
RYET_trades_2025_05_16.parquet,7658,0,0,0,
RYET_trades_2025_06_30.parquet,5104,0,0,0,
RYET_trades_2025_07_10.parquet,5167,0,0,0,
RYET_trades_2025_07_11.parquet,4677,0,0,0,
RYET_trades_2025_07_17.parquet,17968,0,0,0,
RYM_trades_2025_09_29.parquet,1953,0,0,0,
RYOJ_trades_2025_10_16.parquet,386184,0,0,0,
RYOJ_trades_2025_10_21.parquet,307541,0,0,0,
RYOJ_trades_2025_10_28.parquet,7459,0,0,0,
RYTM_trades_2025_07_09.parquet,66743,0,0,0,
RZLT_trades_2025_04_23.parquet,89110,0,0,0,
RZLVW_trades_2025_09_09.parquet,723,0,0,0,
RZLVW_trades_2025_09_10.parquet,1824,0,0,0,
RZLVW_trades_2025_10_01.parquet,2363,0,0,0,
RZLVW_trades_2025_10_02.parquet,1848,0,0,0,
RZLVW_trades_2025_10_24.parquet,618,0,0,0,
RZLV_trades_2025_01_16.parquet,77269,0,0,0,
RZLV_trades_2025_04_15.parquet,41154,0,0,0,
RZLV_trades_2025_04_24.parquet,28718,0,0,0,
RZLV_trades_2025_06_24.parquet,120831,0,0,0,
SABS_trades_2025_07_08.parquet,988,0,0,0,
SABS_trades_2025_07_21.parquet,557538,0,0,0,
SAFX_trades_2025_06_17.parquet,2085998,1887485,0,0,
SAFX_trades_2025_06_18.parquet,88414,0,0,0,
SAFX_trades_2025_06_25.parquet,223322,0,0,0,
SAFX_trades_2025_07_10.parquet,552039,0,0,0,
SAGT_trades_2025_04_24.parquet,1111,522,0,0,
SAGT_trades_2025_04_29.parquet,4555,0,0,0,
SAIH_trades_2025_01_23.parquet,2569,0,0,0,
SAIH_trades_2025_03_24.parquet,364,0,0,0,
SAIH_trades_2025_03_25.parquet,755,0,0,0,
SAIH_trades_2025_04_09.parquet,1303,0,0,0,
SAIH_trades_2025_04_16.parquet,3801,0,0,0,
SAIH_trades_2025_04_25.parquet,2204,0,0,0,
SAIH_trades_2025_04_29.parquet,4888,0,0,0,
SAIH_trades_2025_05_23.parquet,3441,0,0,0,
SAIH_trades_2025_07_17.parquet,3060,0,0,0,
SAIH_trades_2025_09_09.parquet,2297,0,0,0,
SAIH_trades_2025_09_19.parquet,1276,0,0,0,
SANA_trades_2025_01_08.parquet,761425,0,0,0,
SANA_trades_2025_10_15.parquet,150742,0,0,0,
SANM_trades_2025_10_06.parquet,78027,0,0,0,
SATL_trades_2025_03_12.parquet,17392,0,0,0,
SATS_trades_2025_06_16.parquet,114267,0,0,0,
SATS_trades_2025_08_26.parquet,473812,0,0,0,
SAVA_trades_2025_09_23.parquet,195080,0,0,0,
SBC_trades_2025_02_13.parquet,1945,0,0,0,
SBC_trades_2025_04_10.parquet,533,0,0,0,
SBC_trades_2025_05_22.parquet,1351,0,0,0,
SBDS_trades_2025_08_11.parquet,982,0,0,0,
SBET_trades_2025_01_29.parquet,11025,0,0,0,
SBET_trades_2025_02_06.parquet,105633,0,0,0,
SBET_trades_2025_03_03.parquet,9899,0,0,0,
SBET_trades_2025_04_25.parquet,9211,0,0,0,
SBET_trades_2025_05_05.parquet,22338,0,0,0,
SBET_trades_2025_05_09.parquet,2439,0,0,0,
SBET_trades_2025_05_22.parquet,1905,0,0,0,
SBET_trades_2025_05_23.parquet,49623,0,0,0,
SBET_trades_2025_05_27.parquet,952733,0,0,0,
SBET_trades_2025_05_29.parquet,316647,0,0,0,
SBET_trades_2025_05_30.parquet,270997,0,0,0,
SBET_trades_2025_06_03.parquet,111499,0,0,0,
SBET_trades_2025_06_11.parquet,94031,0,0,0,
SBET_trades_2025_06_16.parquet,311663,0,0,0,
SBET_trades_2025_07_02.parquet,130295,0,0,0,
SBET_trades_2025_07_08.parquet,281972,0,0,0,
SBET_trades_2025_07_16.parquet,615174,0,0,0,
SBFM_trades_2025_04_02.parquet,364265,0,0,0,
SBLX_trades_2025_09_09.parquet,32240,0,0,0,
SBLX_trades_2025_10_14.parquet,101195,0,0,0,
SBXD.WS_trades_2025_02_06.parquet,61,0,0,0,
SBXD.WS_trades_2025_06_09.parquet,1750,0,0,0,
SBXD.WS_trades_2025_06_20.parquet,794,0,0,0,
SCAG_trades_2025_07_02.parquet,41204,0,0,0,
SCAG_trades_2025_07_09.parquet,193933,0,0,0,
SCAG_trades_2025_09_05.parquet,194575,0,0,0,
SCLX_trades_2025_04_02.parquet,4936,0,0,0,
SCLX_trades_2025_07_17.parquet,3752,0,0,0,
SCLX_trades_2025_07_23.parquet,5805,0,0,0,
SCLX_trades_2025_07_28.parquet,8209,0,0,0,
SCNI_trades_2025_06_05.parquet,212295,0,0,0,
SCNI_trades_2025_07_29.parquet,466185,0,0,0,
SCNI_trades_2025_08_13.parquet,5372,0,0,0,
SCNX_trades_2025_03_06.parquet,250692,0,0,0,
SCNX_trades_2025_03_17.parquet,102780,0,0,0,
SCNX_trades_2025_03_19.parquet,73719,0,0,0,
SCNX_trades_2025_10_16.parquet,285885,0,0,0,
SCNX_trades_2025_10_23.parquet,1461592,0,0,0,
SCNX_trades_2025_10_31.parquet,35437,0,0,0,
SCOR_trades_2025_01_23.parquet,3510,0,0,0,
SCOR_trades_2025_09_29.parquet,37062,0,0,0,
SCS_trades_2025_08_04.parquet,169837,0,0,0,
SCWO_trades_2025_10_09.parquet,138834,0,0,0,
SDM_trades_2025_05_07.parquet,6111,0,0,0,
SDM_trades_2025_05_20.parquet,2047,0,0,0,
SDM_trades_2025_05_21.parquet,7134,0,0,0,
SDM_trades_2025_06_23.parquet,2095,0,0,0,
SDM_trades_2025_06_30.parquet,3177,0,0,0,
SDM_trades_2025_07_11.parquet,5219,0,0,0,
SDM_trades_2025_07_16.parquet,4073,0,0,0,
SDM_trades_2025_07_28.parquet,6562,0,0,0,
SDM_trades_2025_07_30.parquet,9379,0,0,0,
SDM_trades_2025_08_12.parquet,3462,0,0,0,
SDOT_trades_2025_10_15.parquet,577929,0,0,0,
SDST_trades_2025_02_03.parquet,39065,0,0,0,
SDST_trades_2025_02_19.parquet,4848,0,0,0,
SDST_trades_2025_05_13.parquet,5242,0,0,0,
SDST_trades_2025_07_14.parquet,515980,0,0,0,
SDST_trades_2025_07_23.parquet,21900,0,0,0,
SDST_trades_2025_10_13.parquet,6406,0,0,0,
SDST_trades_2025_10_14.parquet,29198,0,0,0,
SEAT_trades_2025_08_06.parquet,36510,15145,0,0,
SEDG_trades_2025_02_19.parquet,227267,0,0,0,
SEED_trades_2025_06_24.parquet,2750,0,0,0,
SEED_trades_2025_10_15.parquet,310724,0,0,0,
SEI_trades_2025_02_21.parquet,42185,0,0,0,
SENS_trades_2025_01_10.parquet,122706,0,0,0,
SEPN_trades_2025_05_14.parquet,351768,0,0,0,
SERA_trades_2025_06_12.parquet,5657,0,0,0,
SERA_trades_2025_06_27.parquet,19103,0,0,0,
SERV_trades_2025_01_03.parquet,125149,0,0,0,
SERV_trades_2025_10_09.parquet,448947,0,0,0,
SES_trades_2025_01_16.parquet,59027,0,0,0,
SES_trades_2025_01_23.parquet,296216,0,0,0,
SES_trades_2025_04_25.parquet,143925,0,0,0,
SEV_trades_2025_10_23.parquet,23185,0,0,0,
SEZL_trades_2025_04_09.parquet,19414,0,0,0,
SEZL_trades_2025_05_08.parquet,94917,0,0,0,
SFHG_trades_2025_01_03.parquet,10233,0,0,0,
SGBX_trades_2025_01_03.parquet,6330,0,0,0,
SGBX_trades_2025_01_15.parquet,529951,0,0,0,
SGBX_trades_2025_02_06.parquet,70893,0,0,0,
SGBX_trades_2025_05_08.parquet,2528,0,0,0,
SGBX_trades_2025_05_22.parquet,102702,0,0,0,
SGBX_trades_2025_05_23.parquet,63906,0,0,0,
SGBX_trades_2025_05_28.parquet,360537,0,0,0,
SGBX_trades_2025_06_02.parquet,22237,0,0,0,
SGBX_trades_2025_06_16.parquet,7621,0,0,0,
SGBX_trades_2025_06_17.parquet,6370,0,0,0,
SGBX_trades_2025_08_06.parquet,1004889,0,0,0,
SGBX_trades_2025_08_08.parquet,393447,0,0,0,
SGBX_trades_2025_10_10.parquet,924223,0,0,0,
SGBX_trades_2025_10_17.parquet,248037,0,0,0,
SGBX_trades_2025_10_23.parquet,317238,0,0,0,
SGD_trades_2025_05_28.parquet,80355,0,0,0,
SGD_trades_2025_07_29.parquet,355717,0,0,0,
SGD_trades_2025_07_30.parquet,226525,0,0,0,
SGD_trades_2025_08_04.parquet,13964,0,0,0,
SGD_trades_2025_09_08.parquet,5319,0,0,0,
SGD_trades_2025_09_11.parquet,7976,0,0,0,
SGHT_trades_2025_10_17.parquet,11465,0,0,0,
SGLY_trades_2025_01_22.parquet,7901,0,0,0,
SGLY_trades_2025_02_03.parquet,151289,0,0,0,
SGLY_trades_2025_03_21.parquet,115135,0,0,0,
SGLY_trades_2025_03_28.parquet,25373,0,0,0,
SGLY_trades_2025_04_30.parquet,2126,0,0,0,
SGLY_trades_2025_05_29.parquet,25340,0,0,0,
SGML_trades_2025_08_15.parquet,78194,0,0,0,
SGMT_trades_2025_01_06.parquet,44268,0,0,0,
SGMT_trades_2025_06_12.parquet,59729,0,0,0,
SHFS_trades_2025_04_21.parquet,345026,0,0,0,
SHFS_trades_2025_07_09.parquet,3019,0,0,0,
SHFS_trades_2025_09_02.parquet,343433,0,0,0,
SHFS_trades_2025_09_24.parquet,481210,0,0,0,
SHIM_trades_2025_05_27.parquet,913,0,0,0,
SHMD_trades_2025_10_15.parquet,1408,0,0,0,
SHPH_trades_2025_04_07.parquet,5714,0,0,0,
SHPH_trades_2025_04_22.parquet,9599,0,0,0,
SHPH_trades_2025_05_09.parquet,376300,0,0,0,
SIDU_trades_2025_09_12.parquet,43617,0,0,0,
SILO_trades_2025_01_08.parquet,619666,0,0,0,
SILO_trades_2025_05_12.parquet,1914,0,0,0,
SINT_trades_2025_02_19.parquet,584226,0,0,0,
SINT_trades_2025_02_21.parquet,31673,0,0,0,
SINT_trades_2025_09_03.parquet,358754,0,0,0,
SINT_trades_2025_09_05.parquet,15053,0,0,0,
SION_trades_2025_10_21.parquet,17818,0,0,0,
SKBL_trades_2025_01_30.parquet,21340,0,0,0,
SKBL_trades_2025_02_10.parquet,2171,0,0,0,
SKBL_trades_2025_08_27.parquet,232813,0,0,0,
SKBL_trades_2025_08_29.parquet,14321,0,0,0,
SKBL_trades_2025_09_04.parquet,9151,0,0,0,
SKBL_trades_2025_09_09.parquet,5660,0,0,0,
SKBL_trades_2025_09_10.parquet,21045,0,0,0,
SKBL_trades_2025_09_22.parquet,21849,0,0,0,
SKIN_trades_2025_05_07.parquet,8582,0,0,0,
SKIN_trades_2025_05_09.parquet,22509,0,0,0,
SKIN_trades_2025_08_08.parquet,34844,0,0,0,
SKK_trades_2025_02_27.parquet,2574,35,0,0,
SKYE_trades_2025_01_29.parquet,5260,0,0,0,
SKYE_trades_2025_04_15.parquet,113799,0,0,0,
SKYE_trades_2025_06_23.parquet,60224,0,0,0,
SKYE_trades_2025_06_27.parquet,24947,0,0,0,
SKYQ_trades_2025_05_22.parquet,1161,0,0,0,
SKYQ_trades_2025_06_16.parquet,159917,0,0,0,
SKYQ_trades_2025_09_08.parquet,393307,0,0,0,
SKYT_trades_2025_08_07.parquet,59701,0,0,0,
SLDB_trades_2025_02_10.parquet,25466,0,0,0,
SLDB_trades_2025_02_18.parquet,473514,0,0,0,
SLDB_trades_2025_02_19.parquet,84051,0,0,0,
SLDPW_trades_2025_07_22.parquet,863,0,0,0,
SLDPW_trades_2025_10_10.parquet,1155,0,0,0,
SLDPW_trades_2025_10_13.parquet,1148,0,0,0,
SLDPW_trades_2025_10_14.parquet,1683,0,0,0,
SLDPW_trades_2025_10_16.parquet,899,0,0,0,
SLDPW_trades_2025_10_31.parquet,1590,0,0,0,
SLDP_trades_2025_08_07.parquet,87793,0,0,0,
SLDP_trades_2025_10_06.parquet,222062,0,0,0,
SLE_trades_2025_03_04.parquet,3623,0,0,0,
SLE_trades_2025_04_24.parquet,418,0,0,0,
SLE_trades_2025_05_16.parquet,4603,0,0,0,
SLE_trades_2025_05_30.parquet,137244,0,0,0,
SLE_trades_2025_07_21.parquet,1746,0,0,0,
SLE_trades_2025_09_17.parquet,2186,0,0,0,
SLE_trades_2025_09_23.parquet,903232,0,0,0,
SLE_trades_2025_10_10.parquet,245103,0,0,0,
SLGB_trades_2025_10_22.parquet,7966,0,0,0,
SLGB_trades_2025_10_23.parquet,5255,0,0,0,
SLGL_trades_2025_01_07.parquet,4851,0,0,0,
SLGL_trades_2025_04_17.parquet,11836,0,0,0,
SLGL_trades_2025_04_21.parquet,2450,0,0,0,
SLGL_trades_2025_05_06.parquet,4294,0,0,0,
SLGL_trades_2025_08_21.parquet,3498,0,0,0,
SLGL_trades_2025_10_06.parquet,3237,0,0,0,
SLMT_trades_2025_10_23.parquet,228661,0,0,0,
SLNHP_trades_2025_07_16.parquet,551,0,0,0,
SLNHP_trades_2025_07_31.parquet,1241,0,0,0,
SLNHP_trades_2025_09_15.parquet,392,0,0,0,
SLNHP_trades_2025_09_16.parquet,2974,0,0,0,
SLNHP_trades_2025_09_22.parquet,665,0,0,0,
SLNHP_trades_2025_10_15.parquet,330,0,0,0,
SLNH_trades_2025_07_10.parquet,9996,0,0,0,
SLNH_trades_2025_07_11.parquet,40389,0,0,0,
SLNH_trades_2025_09_22.parquet,335835,0,0,0,
SLNH_trades_2025_09_23.parquet,390136,0,0,0,
SLNH_trades_2025_09_24.parquet,117264,0,0,0,
SLNH_trades_2025_10_08.parquet,59148,0,0,0,
SLNH_trades_2025_10_14.parquet,37588,0,0,0,
SLNH_trades_2025_10_15.parquet,147945,0,0,0,
SLNO_trades_2025_03_27.parquet,138920,0,0,0,
SLP_trades_2025_04_11.parquet,26670,0,0,0,
SLQT_trades_2025_02_11.parquet,151706,0,0,0,
SLQT_trades_2025_08_21.parquet,75030,0,0,0,
SLRX_trades_2025_01_13.parquet,675970,0,0,0,
SLRX_trades_2025_01_16.parquet,10803,0,0,0,
SLRX_trades_2025_02_26.parquet,7932,0,0,0,
SLRX_trades_2025_06_17.parquet,235297,0,0,0,
SLRX_trades_2025_07_29.parquet,497042,0,0,0,
SLSN_trades_2025_04_14.parquet,1783,0,0,0,
SLSN_trades_2025_10_02.parquet,1971,0,0,0,
SLS_trades_2025_01_27.parquet,42644,0,0,0,
SLXN_trades_2025_01_28.parquet,559725,0,0,0,
SLXN_trades_2025_01_29.parquet,1134812,0,0,0,
SLXN_trades_2025_02_05.parquet,30976,0,0,0,
SLXN_trades_2025_02_25.parquet,184359,0,0,0,
SLXN_trades_2025_03_05.parquet,259092,0,0,0,
SLXN_trades_2025_04_23.parquet,165004,0,0,0,
SLXN_trades_2025_07_17.parquet,4034,0,0,0,
SLXN_trades_2025_07_31.parquet,32189,0,0,0,
SLXN_trades_2025_09_11.parquet,287183,0,0,0,
SMCL_trades_2025_01_06.parquet,1002,0,0,0,
SMCL_trades_2025_02_10.parquet,4462,0,0,0,
SMCL_trades_2025_02_18.parquet,9705,0,0,0,
SMCL_trades_2025_02_19.parquet,22285,0,0,0,
SMCL_trades_2025_02_26.parquet,10117,0,0,0,
SMCL_trades_2025_04_09.parquet,6286,0,0,0,
SMCL_trades_2025_05_13.parquet,11571,0,0,0,
SMCL_trades_2025_05_14.parquet,24654,0,0,0,
SMCX_trades_2025_01_06.parquet,20318,0,0,0,
SMCX_trades_2025_02_10.parquet,45011,0,0,0,
SMCX_trades_2025_02_18.parquet,59364,0,0,0,
SMCX_trades_2025_02_19.parquet,118960,0,0,0,
SMCX_trades_2025_02_26.parquet,76621,0,0,0,
SMCX_trades_2025_04_09.parquet,36095,0,0,0,
SMCX_trades_2025_05_13.parquet,70846,0,0,0,
SMCX_trades_2025_05_14.parquet,124204,0,0,0,
SMCZ_trades_2025_04_30.parquet,4851,0,0,0,
SMCZ_trades_2025_08_06.parquet,20465,1386,0,0,
SMLR_trades_2025_05_16.parquet,34261,0,0,0,
SMLR_trades_2025_10_27.parquet,49618,0,0,0,
SMSI_trades_2025_01_06.parquet,5561,0,0,0,
SMST_trades_2025_03_10.parquet,62241,0,0,0,
SMTK_trades_2025_03_17.parquet,652,0,0,0,
SMTK_trades_2025_05_20.parquet,3501,0,0,0,
SMTK_trades_2025_07_17.parquet,9645,0,0,0,
SMTK_trades_2025_09_02.parquet,259770,0,0,0,
SMTK_trades_2025_09_04.parquet,24774,0,0,0,
SMTK_trades_2025_10_02.parquet,4682,0,0,0,
SMTK_trades_2025_10_07.parquet,4055,0,0,0,
SMTK_trades_2025_10_14.parquet,2403,0,0,0,
SMXT_trades_2025_08_05.parquet,921343,0,0,0,
SMX_trades_2025_01_10.parquet,61690,0,0,0,
SMX_trades_2025_01_24.parquet,21061,0,0,0,
SMX_trades_2025_04_17.parquet,208858,0,0,0,
SMX_trades_2025_07_25.parquet,307709,0,0,0,
SMX_trades_2025_07_28.parquet,425509,0,0,0,
SMX_trades_2025_08_08.parquet,76546,0,0,0,
SMX_trades_2025_08_29.parquet,301980,0,0,0,
SMX_trades_2025_09_04.parquet,138356,0,0,0,
SMX_trades_2025_09_10.parquet,217300,0,0,0,
SNAL_trades_2025_04_15.parquet,779,0,0,0,
SNAL_trades_2025_07_15.parquet,9043,0,0,0,
SNCR_trades_2025_03_12.parquet,4994,0,0,0,
SNES_trades_2025_06_26.parquet,3489,0,0,0,
SNES_trades_2025_07_22.parquet,3368,0,0,0,
SNGX_trades_2025_07_01.parquet,269629,0,0,0,
SNGX_trades_2025_07_31.parquet,1554621,0,0,0,
SNGX_trades_2025_08_04.parquet,298611,0,0,0,
SNGX_trades_2025_08_18.parquet,1039346,0,0,0,
SNGX_trades_2025_10_07.parquet,67905,0,0,0,
SNOA_trades_2025_03_10.parquet,186830,0,0,0,
SNOA_trades_2025_03_11.parquet,373289,0,0,0,
SNOA_trades_2025_04_23.parquet,436212,0,0,0,
SNOA_trades_2025_08_14.parquet,774459,0,0,0,
SNSE_trades_2025_03_28.parquet,217245,0,0,0,
SNSE_trades_2025_08_01.parquet,2780,0,0,0,
SNSE_trades_2025_10_16.parquet,1689,0,0,0,
SNSE_trades_2025_10_30.parquet,5006,0,0,0,
SNTG_trades_2025_01_28.parquet,39874,0,0,0,
SNTG_trades_2025_09_04.parquet,27902,0,0,0,
SNTG_trades_2025_09_08.parquet,570794,0,0,0,
SNTI_trades_2025_10_14.parquet,9099,0,0,0,
SNYR_trades_2025_02_12.parquet,536,0,0,0,
SNYR_trades_2025_04_15.parquet,541467,0,0,0,
SOBR_trades_2025_01_16.parquet,200152,0,0,0,
SOBR_trades_2025_02_14.parquet,16022,0,0,0,
SOBR_trades_2025_02_18.parquet,140256,0,0,0,
SOBR_trades_2025_03_05.parquet,17143,0,0,0,
SOBR_trades_2025_03_06.parquet,18151,0,0,0,
SOBR_trades_2025_03_11.parquet,4056,0,0,0,
SOBR_trades_2025_04_04.parquet,15250,0,0,0,
SOBR_trades_2025_04_08.parquet,79632,0,0,0,
SOBR_trades_2025_07_09.parquet,311657,0,0,0,
SOC_trades_2025_07_17.parquet,84526,0,0,0,
SOFX_trades_2025_04_09.parquet,4092,0,0,0,
SOFX_trades_2025_07_29.parquet,22702,0,0,0,
SOGP_trades_2025_06_09.parquet,151474,0,0,0,
SOGP_trades_2025_06_16.parquet,29023,0,0,0,
SOGP_trades_2025_06_24.parquet,10454,0,0,0,
SOGP_trades_2025_07_09.parquet,3144,0,0,0,
SOGP_trades_2025_08_28.parquet,968897,0,0,0,
SOGP_trades_2025_09_02.parquet,198420,0,0,0,
SOGP_trades_2025_09_04.parquet,70224,0,0,0,
SOGP_trades_2025_10_15.parquet,33461,0,0,0,
SOHOB_trades_2025_10_27.parquet,531,0,0,0,
SOHON_trades_2025_10_27.parquet,853,0,0,0,
SOHOO_trades_2025_10_27.parquet,1604,0,0,0,
SOHO_trades_2025_10_27.parquet,32876,0,0,0,
SOLS_trades_2025_10_30.parquet,102915,0,0,0,
SOLT_trades_2025_04_09.parquet,1390,0,0,0,
SOL_trades_2025_03_17.parquet,21559,0,0,0,
SONM_trades_2025_01_15.parquet,25106,0,0,0,
SONM_trades_2025_04_01.parquet,7118,0,0,0,
SONM_trades_2025_06_16.parquet,365131,0,0,0,
SONM_trades_2025_06_25.parquet,251023,0,0,0,
SONM_trades_2025_06_26.parquet,85381,0,0,0,
SONN_trades_2025_01_06.parquet,8302,0,0,0,
SONN_trades_2025_01_22.parquet,4570,0,0,0,
SONN_trades_2025_04_04.parquet,984,0,0,0,
SONN_trades_2025_07_02.parquet,579154,0,0,0,
SONN_trades_2025_07_07.parquet,297755,0,0,0,
SONN_trades_2025_07_14.parquet,561434,0,0,0,
SONN_trades_2025_08_13.parquet,15711,0,0,0,
SONN_trades_2025_09_09.parquet,8860,0,0,0,
SONN_trades_2025_09_12.parquet,43174,0,0,0,
SONN_trades_2025_09_16.parquet,29793,0,0,0,
SOPA_trades_2025_01_21.parquet,13209,0,0,0,
SOPA_trades_2025_01_31.parquet,47909,0,0,0,
SOPA_trades_2025_02_03.parquet,407014,0,0,0,
SOPA_trades_2025_02_06.parquet,10854,0,0,0,
SOPA_trades_2025_02_10.parquet,13552,0,0,0,
SOPA_trades_2025_02_11.parquet,205206,0,0,0,
SOPA_trades_2025_02_13.parquet,8721311,8706436,0,0,
SOPA_trades_2025_05_01.parquet,25572,0,0,0,
SOPA_trades_2025_05_02.parquet,67277,0,0,0,
SOPA_trades_2025_08_14.parquet,2108,0,0,0,
SOPA_trades_2025_10_06.parquet,1209813,0,0,0,
SORA_trades_2025_08_14.parquet,481,0,0,0,
SORA_trades_2025_10_08.parquet,2679,0,0,0,
SOS_trades_2025_05_09.parquet,766,0,0,0,
SOS_trades_2025_05_12.parquet,1763,0,0,0,
SOS_trades_2025_09_08.parquet,896,0,0,0,
SOS_trades_2025_09_09.parquet,38391,0,0,0,
SOUNW_trades_2025_08_08.parquet,2449,0,0,0,
SOUN_trades_2025_08_08.parquet,799436,0,0,0,
SOUX_trades_2025_07_08.parquet,2352,0,0,0,
SOUX_trades_2025_08_08.parquet,22325,0,0,0,
SOUX_trades_2025_08_11.parquet,9457,0,0,0,
SOWG_trades_2025_01_03.parquet,5932,0,0,0,
SOWG_trades_2025_06_02.parquet,7113,0,0,0,
SOWG_trades_2025_07_24.parquet,71458,0,0,0,
SOWG_trades_2025_07_25.parquet,272280,0,0,0,
SOWG_trades_2025_09_23.parquet,2737,0,0,0,
SPAI_trades_2025_02_13.parquet,1313440,1306652,0,0,
SPAI_trades_2025_04_07.parquet,1597,0,0,0,
SPAI_trades_2025_04_22.parquet,2105,0,0,0,
SPAI_trades_2025_07_17.parquet,2793,0,0,0,
SPCB_trades_2025_01_03.parquet,60937,0,0,0,
SPCB_trades_2025_01_23.parquet,74713,0,0,0,
SPCE_trades_2025_05_16.parquet,401350,0,0,0,
SPCY_trades_2025_04_09.parquet,215,0,0,0,
SPHL_trades_2025_03_11.parquet,8445,0,0,0,
SPHL_trades_2025_03_12.parquet,29674,0,0,0,
SPIR_trades_2025_04_08.parquet,18950,0,0,0,
SPNS_trades_2025_08_13.parquet,77884,0,0,0,
SPPL_trades_2025_01_03.parquet,20716,0,0,0,
SPPL_trades_2025_01_06.parquet,50580,0,0,0,
SPPL_trades_2025_02_26.parquet,4675,0,0,0,
SPPL_trades_2025_04_08.parquet,1419,0,0,0,
SPPL_trades_2025_07_25.parquet,2113,0,0,0,
SPPL_trades_2025_09_19.parquet,1553,0,0,0,
SPRB_trades_2025_06_12.parquet,154,0,0,0,
SPRB_trades_2025_07_11.parquet,217,0,0,0,
SPRB_trades_2025_09_12.parquet,668,0,0,0,
SPRB_trades_2025_09_29.parquet,896,0,0,0,
SPRB_trades_2025_10_06.parquet,791055,0,0,0,
SPRB_trades_2025_10_07.parquet,227741,0,0,0,
SPRC_trades_2025_01_03.parquet,5726,0,0,0,
SPRC_trades_2025_01_06.parquet,350839,0,0,0,
SPRC_trades_2025_01_22.parquet,3573,0,0,0,
SPRC_trades_2025_02_05.parquet,9867,0,0,0,
SPRC_trades_2025_03_10.parquet,174865,0,0,0,
SPRC_trades_2025_05_05.parquet,147110,0,0,0,
SPRC_trades_2025_09_17.parquet,987517,0,0,0,
SPRC_trades_2025_09_25.parquet,747206,0,0,0,
SPRC_trades_2025_09_30.parquet,464704,0,0,0,
SPRC_trades_2025_10_15.parquet,21810,0,0,0,
SPRO_trades_2025_05_28.parquet,690787,0,0,0,
SPRO_trades_2025_05_30.parquet,73624,0,0,0,
SPRU_trades_2025_08_08.parquet,261683,0,0,0,
SPWH_trades_2025_04_02.parquet,242743,0,0,0,
SPWH_trades_2025_04_07.parquet,12755,0,0,0,
SQFT_trades_2025_07_14.parquet,877738,0,0,0,
SQFT_trades_2025_09_17.parquet,367544,0,0,0,
SQNS_trades_2025_07_08.parquet,357096,0,0,0,
SQNS_trades_2025_07_10.parquet,170015,0,0,0,
SQNS_trades_2025_07_11.parquet,73563,0,0,0,
SRFM_trades_2025_03_05.parquet,2760,0,0,0,
SRFM_trades_2025_06_24.parquet,288794,0,0,0,
SRFM_trades_2025_06_25.parquet,343953,0,0,0,
SRFM_trades_2025_06_26.parquet,133260,0,0,0,
SRFM_trades_2025_07_08.parquet,155907,0,0,0,
SRFM_trades_2025_07_09.parquet,104950,0,0,0,
SRFM_trades_2025_07_11.parquet,117962,0,0,0,
SRFM_trades_2025_08_13.parquet,51681,0,0,0,
SRI_trades_2025_05_01.parquet,6999,0,0,0,
SRL_trades_2025_09_23.parquet,1433,0,0,0,
SRPT_trades_2025_07_29.parquet,369307,2695,0,0,
SRZNW_trades_2025_10_28.parquet,427,0,0,0,
SSII_trades_2025_04_25.parquet,8634,0,0,0,
SSII_trades_2025_05_29.parquet,2392,0,0,0,
SSII_trades_2025_06_18.parquet,7468,0,0,0,
SSII_trades_2025_06_20.parquet,61321,0,0,0,
SSII_trades_2025_07_16.parquet,3135,0,0,0,
SSII_trades_2025_10_14.parquet,4760,0,0,0,
SSKN_trades_2025_08_27.parquet,9974,0,0,0,
SSKN_trades_2025_09_02.parquet,309641,0,0,0,
SSKN_trades_2025_09_23.parquet,629320,0,0,0,
SSKN_trades_2025_09_26.parquet,7406,0,0,0,
SSKN_trades_2025_10_14.parquet,526525,0,0,0,
SSP_trades_2025_03_12.parquet,73945,0,0,0,
SSP_trades_2025_03_13.parquet,45908,0,0,0,
SSP_trades_2025_08_12.parquet,13230,0,0,0,
SST_trades_2025_01_21.parquet,37429,0,0,0,
SST_trades_2025_04_25.parquet,1669,0,0,0,
SST_trades_2025_04_30.parquet,1214,0,0,0,
SST_trades_2025_05_07.parquet,594,0,0,0,
SST_trades_2025_05_09.parquet,889,0,0,0,
SST_trades_2025_06_09.parquet,2197,9,0,0,
SST_trades_2025_06_16.parquet,6648,0,0,0,
SST_trades_2025_06_20.parquet,21403,0,0,0,
SST_trades_2025_06_23.parquet,17265,0,0,0,
SST_trades_2025_07_02.parquet,4677,0,0,0,
STAA_trades_2025_08_05.parquet,101008,12812,0,0,
STAI_trades_2025_01_06.parquet,7340,0,0,0,
STAI_trades_2025_01_07.parquet,13051,0,0,0,
STAI_trades_2025_01_10.parquet,67471,0,0,0,
STAI_trades_2025_01_22.parquet,165000,0,0,0,
STAI_trades_2025_02_14.parquet,212474,0,0,0,
STAI_trades_2025_02_18.parquet,475197,0,0,0,
STAI_trades_2025_02_20.parquet,232423,0,0,0,
STAI_trades_2025_02_25.parquet,48526,0,0,0,
STAI_trades_2025_05_08.parquet,23432,0,0,0,
STAI_trades_2025_07_29.parquet,609832,0,0,0,
STAK_trades_2025_04_14.parquet,146020,0,0,0,
STAK_trades_2025_04_24.parquet,2301,0,0,0,
STAK_trades_2025_06_16.parquet,246040,0,0,0,
STAK_trades_2025_07_22.parquet,5291,0,0,0,
STAK_trades_2025_08_21.parquet,11328,0,0,0,
STAK_trades_2025_09_30.parquet,90963,0,0,0,
STEC_trades_2025_02_24.parquet,682230,0,0,0,
STEC_trades_2025_05_02.parquet,3016,0,0,0,
STEC_trades_2025_05_05.parquet,3017,0,0,0,
STEC_trades_2025_09_09.parquet,545661,0,0,0,
STEC_trades_2025_09_11.parquet,5979,0,0,0,
STEM_trades_2025_01_03.parquet,86436,0,0,0,
STEM_trades_2025_01_06.parquet,80084,0,0,0,
STEM_trades_2025_01_14.parquet,55752,0,0,0,
STEM_trades_2025_04_30.parquet,31033,0,0,0,
STEM_trades_2025_07_18.parquet,34366,0,0,0,
STEM_trades_2025_07_21.parquet,42901,0,0,0,
STEX_trades_2025_10_06.parquet,32411,0,0,0,
STFS_trades_2025_01_14.parquet,3828,0,0,0,
STG_trades_2025_07_09.parquet,3976,0,0,0,
STG_trades_2025_07_14.parquet,2310,0,0,0,
STIM_trades_2025_01_13.parquet,38938,0,0,0,
STI_trades_2025_03_12.parquet,467161,0,0,0,
STI_trades_2025_03_19.parquet,19384,0,0,0,
STI_trades_2025_04_16.parquet,32346,0,0,0,
STI_trades_2025_05_08.parquet,329209,0,0,0,
STI_trades_2025_09_03.parquet,897013,0,0,0,
STI_trades_2025_10_13.parquet,1607143,0,0,0,
STI_trades_2025_10_14.parquet,132072,0,0,0,
STI_trades_2025_10_17.parquet,28680,0,0,0,
STI_trades_2025_10_24.parquet,6973,0,0,0,
STKH_trades_2025_07_10.parquet,468985,0,0,0,
STKH_trades_2025_08_26.parquet,180569,0,0,0,
STKH_trades_2025_09_29.parquet,415715,0,0,0,
STKL_trades_2025_05_08.parquet,38471,0,0,0,
STOK_trades_2025_08_13.parquet,31399,0,0,0,
STRO_trades_2025_04_24.parquet,12198,0,0,0,
STRR_trades_2025_09_05.parquet,613,0,0,0,
STSS_trades_2025_02_05.parquet,11882,0,0,0,
STSS_trades_2025_02_20.parquet,78528,0,0,0,
STSS_trades_2025_02_26.parquet,7467,0,0,0,
STSS_trades_2025_03_10.parquet,778609,0,0,0,
STSS_trades_2025_03_13.parquet,80123,0,0,0,
STSS_trades_2025_04_10.parquet,364298,0,0,0,
STSS_trades_2025_04_11.parquet,175014,0,0,0,
STSS_trades_2025_04_14.parquet,289557,0,0,0,
STSS_trades_2025_04_17.parquet,144013,0,0,0,
STSS_trades_2025_04_30.parquet,196235,0,0,0,
STSS_trades_2025_06_04.parquet,424485,0,0,0,
STSS_trades_2025_08_08.parquet,2285,0,0,0,
STSS_trades_2025_08_21.parquet,2333,0,0,0,
STSS_trades_2025_08_25.parquet,349090,0,0,0,
STSS_trades_2025_08_27.parquet,229776,0,0,0,
STTK_trades_2025_02_24.parquet,6717,0,0,0,
STTK_trades_2025_04_07.parquet,11896,0,0,0,
STTK_trades_2025_08_05.parquet,237398,0,0,0,
STTK_trades_2025_09_03.parquet,41450,0,0,0,
SUGP_trades_2025_06_23.parquet,1757,0,0,0,
SUGP_trades_2025_07_09.parquet,569776,0,0,0,
SUGP_trades_2025_07_10.parquet,109203,0,0,0,
SUGP_trades_2025_07_24.parquet,34525,0,0,0,
SUGP_trades_2025_08_22.parquet,15118,0,0,0,
SUGP_trades_2025_08_25.parquet,4627,0,0,0,
SUGP_trades_2025_10_01.parquet,3157,0,0,0,
SUGP_trades_2025_10_09.parquet,50237,0,0,0,
SUNE_trades_2025_03_07.parquet,679022,0,0,0,
SUNE_trades_2025_03_11.parquet,36329,0,0,0,
SUNE_trades_2025_03_14.parquet,612339,0,0,0,
SUNE_trades_2025_03_19.parquet,148052,0,0,0,
SUNE_trades_2025_03_21.parquet,65532,0,0,0,
SUNE_trades_2025_04_07.parquet,623297,0,0,0,
SUNE_trades_2025_04_10.parquet,174441,0,0,0,
SUNE_trades_2025_04_14.parquet,93753,0,0,0,
SUNE_trades_2025_04_15.parquet,222056,0,0,0,
SUPV_trades_2025_10_09.parquet,41706,0,0,0,
SUPV_trades_2025_10_27.parquet,138244,0,0,0,
SUPX_trades_2025_07_29.parquet,6791,0,0,0,
SUPX_trades_2025_07_30.parquet,86228,0,0,0,
SUPX_trades_2025_08_25.parquet,15066,0,0,0,
SUPX_trades_2025_09_04.parquet,4147,0,0,0,
SURG_trades_2025_03_26.parquet,268787,0,0,0,
SUUN_trades_2025_02_03.parquet,6827,0,0,0,
SUUN_trades_2025_02_10.parquet,7000,0,0,0,
SUUN_trades_2025_06_03.parquet,14818,0,0,0,
SUUN_trades_2025_06_16.parquet,12952,0,0,0,
SUUN_trades_2025_08_18.parquet,6215,0,0,0,
SVRE_trades_2025_06_11.parquet,9085,0,0,0,
SVRE_trades_2025_06_27.parquet,294362,0,0,0,
SVRE_trades_2025_07_07.parquet,342324,0,0,0,
SWIM_trades_2025_03_05.parquet,24504,0,0,0,
SWVL_trades_2025_05_14.parquet,1651,0,0,0,
SXTC_trades_2025_02_24.parquet,89806,0,0,0,
SXTC_trades_2025_04_17.parquet,221173,0,0,0,
SXTC_trades_2025_04_22.parquet,452759,0,0,0,
SXTC_trades_2025_04_25.parquet,145800,0,0,0,
SXTC_trades_2025_05_06.parquet,168160,0,0,0,
SXTC_trades_2025_05_19.parquet,58572,0,0,0,
SXTC_trades_2025_06_05.parquet,18377,0,0,0,
SXTC_trades_2025_06_06.parquet,21481,0,0,0,
SXTP_trades_2025_01_29.parquet,199703,0,0,0,
SXTP_trades_2025_04_08.parquet,421077,0,0,0,
SXTP_trades_2025_04_10.parquet,16410,0,0,0,
SXTP_trades_2025_04_22.parquet,11838,0,0,0,
SYBX_trades_2025_07_15.parquet,1952,0,0,0,
SYPR_trades_2025_01_03.parquet,14717,0,0,0,
SYPR_trades_2025_01_06.parquet,6047,0,0,0,
SY_trades_2025_06_23.parquet,24627,0,0,0,
SY_trades_2025_06_24.parquet,11111,0,0,0,
SY_trades_2025_06_30.parquet,10280,0,0,0,
SY_trades_2025_07_07.parquet,21163,0,0,0,
TAIT_trades_2025_09_08.parquet,114818,0,0,0,
TANH_trades_2025_02_18.parquet,3957,0,0,0,
TANH_trades_2025_05_12.parquet,49779,0,0,0,
TANH_trades_2025_09_16.parquet,140738,0,0,0,
TAOP_trades_2025_01_15.parquet,68902,0,0,0,
TAOP_trades_2025_05_09.parquet,33984,0,0,0,
TAOP_trades_2025_05_12.parquet,546811,0,0,0,
TAOP_trades_2025_05_15.parquet,225445,0,0,0,
TAOP_trades_2025_06_20.parquet,2165,0,0,0,
TAOX_trades_2025_10_13.parquet,5859,0,0,0,
TAOX_trades_2025_10_20.parquet,12347,0,0,0,
TARA_trades_2025_09_22.parquet,12642,0,0,0,
TARK_trades_2025_04_09.parquet,2943,0,0,0,
TBH_trades_2025_04_03.parquet,7049,0,0,0,
TBH_trades_2025_06_05.parquet,142221,0,0,0,
TBH_trades_2025_06_23.parquet,5902,0,0,0,
TBH_trades_2025_07_23.parquet,2311,0,0,0,
TBH_trades_2025_07_25.parquet,3132,0,0,0,
TBH_trades_2025_08_29.parquet,4852,0,0,0,
TBH_trades_2025_09_02.parquet,12708,0,0,0,
TBI_trades_2025_05_13.parquet,23919,0,0,0,
TBN_trades_2025_01_24.parquet,17384,0,0,0,
TCMD_trades_2025_08_05.parquet,19702,5961,0,0,
TCRT_trades_2025_04_01.parquet,22939,0,0,0,
TCRT_trades_2025_04_02.parquet,67361,0,0,0,
TCRT_trades_2025_04_03.parquet,31054,0,0,0,
TCRT_trades_2025_06_16.parquet,2554,0,0,0,
TCRT_trades_2025_08_22.parquet,33465,0,0,0,
TCRX_trades_2025_10_01.parquet,13327,0,0,0,
TCX_trades_2025_02_14.parquet,4011,0,0,0,
TC_trades_2025_01_27.parquet,95469,0,0,0,
TC_trades_2025_05_09.parquet,1446,0,0,0,
TC_trades_2025_08_11.parquet,20199,0,0,0,
TC_trades_2025_08_27.parquet,1486,0,0,0,
TC_trades_2025_09_10.parquet,3330,0,0,0,
TC_trades_2025_09_11.parquet,2381,0,0,0,
TDTH_trades_2025_01_22.parquet,1250,0,0,0,
TDTH_trades_2025_01_30.parquet,16461,0,0,0,
TDTH_trades_2025_01_31.parquet,153783,0,0,0,
TDTH_trades_2025_03_20.parquet,7902,0,0,0,
TDTH_trades_2025_07_16.parquet,65887,0,0,0,
TDTH_trades_2025_07_18.parquet,62471,0,0,0,
TDTH_trades_2025_07_21.parquet,41772,0,0,0,
TDTH_trades_2025_07_22.parquet,40114,0,0,0,
TDUP_trades_2025_01_14.parquet,53696,0,0,0,
TDUP_trades_2025_05_06.parquet,106699,0,0,0,
TDW_trades_2025_08_05.parquet,70367,16015,0,0,
TECX_trades_2025_01_30.parquet,129314,0,0,0,
TECX_trades_2025_10_30.parquet,32863,0,0,0,
TELO_trades_2025_07_18.parquet,764196,0,0,0,
TELO_trades_2025_08_28.parquet,230712,0,0,0,
TELO_trades_2025_10_07.parquet,80464,0,0,0,
TEM_trades_2025_01_21.parquet,416271,0,0,0,
TEO_trades_2025_10_27.parquet,21779,0,0,0,
TE_trades_2025_10_09.parquet,67681,0,0,0,
TE_trades_2025_10_15.parquet,121765,0,0,0,
TGE_trades_2025_06_06.parquet,43034,0,0,0,
TGE_trades_2025_06_17.parquet,12011,0,0,0,
TGE_trades_2025_09_10.parquet,1831,0,0,0,
TGE_trades_2025_09_17.parquet,111390,0,0,0,
TGE_trades_2025_10_20.parquet,2133,0,0,0,
TGE_trades_2025_10_31.parquet,276108,0,0,0,
TGL_trades_2025_01_03.parquet,507769,0,0,0,
TGL_trades_2025_01_17.parquet,277282,0,0,0,
TGL_trades_2025_02_11.parquet,61445,0,0,0,
TGL_trades_2025_03_24.parquet,65086,0,0,0,
TGL_trades_2025_03_31.parquet,77789,0,0,0,
TGL_trades_2025_04_09.parquet,27409,0,0,0,
TGL_trades_2025_04_16.parquet,626493,0,0,0,
TGL_trades_2025_05_16.parquet,178790,0,0,0,
TGL_trades_2025_06_04.parquet,131083,0,0,0,
TGL_trades_2025_09_11.parquet,336034,0,0,0,
TGL_trades_2025_10_27.parquet,256965,0,0,0,
TGNA_trades_2025_08_11.parquet,91726,0,0,0,
TGS_trades_2025_10_27.parquet,23926,0,0,0,
THAR_trades_2025_08_20.parquet,1344240,0,0,0,
THAR_trades_2025_08_21.parquet,711734,0,0,0,
THAR_trades_2025_08_25.parquet,464406,0,0,0,
THAR_trades_2025_08_28.parquet,107594,0,0,0,
THAR_trades_2025_09_19.parquet,18356,0,0,0,
TIL_trades_2025_01_07.parquet,9250,0,0,0,
TIL_trades_2025_04_23.parquet,9422,0,0,0,
TIL_trades_2025_05_22.parquet,18772,0,0,0,
TIL_trades_2025_05_29.parquet,9443,0,0,0,
TIL_trades_2025_06_02.parquet,21730,0,0,0,
TIVC_trades_2025_02_12.parquet,685537,0,0,0,
TIVC_trades_2025_02_13.parquet,175732,0,0,0,
TIVC_trades_2025_04_02.parquet,6733,0,0,0,
TIVC_trades_2025_04_03.parquet,324118,0,0,0,
TIVC_trades_2025_04_09.parquet,8614,0,0,0,
TIVC_trades_2025_04_22.parquet,404124,0,0,0,
TIVC_trades_2025_08_15.parquet,375891,0,0,0,
TLIH_trades_2025_07_09.parquet,5013,0,0,0,
TLIH_trades_2025_07_22.parquet,2206,0,0,0,
TLPH_trades_2025_09_08.parquet,120550,0,0,0,
TLRY_trades_2025_08_12.parquet,224094,0,0,0,
TLRY_trades_2025_08_13.parquet,125371,0,0,0,
TLRY_trades_2025_09_29.parquet,277402,0,0,0,
TLRY_trades_2025_10_09.parquet,271196,0,0,0,
TLSA_trades_2025_05_06.parquet,3244,0,0,0,
TLSIW_trades_2025_01_30.parquet,132,0,0,0,
TLSIW_trades_2025_02_03.parquet,31,0,0,0,
TLSIW_trades_2025_02_12.parquet,75,0,0,0,
TLSIW_trades_2025_04_02.parquet,18,0,0,0,
TLSIW_trades_2025_04_14.parquet,9,0,0,0,
TLSIW_trades_2025_04_30.parquet,3,0,0,0,
TLSIW_trades_2025_05_22.parquet,274,0,0,0,
TLSIW_trades_2025_05_28.parquet,35,0,0,0,
TLSIW_trades_2025_06_02.parquet,346,0,0,0,
TLSIW_trades_2025_06_04.parquet,353,0,0,0,
TLSIW_trades_2025_07_21.parquet,866,0,0,0,
TLSIW_trades_2025_07_22.parquet,1965,0,0,0,
TLSIW_trades_2025_07_30.parquet,1325,0,0,0,
TLSIW_trades_2025_09_09.parquet,23,0,0,0,
TLS_trades_2025_05_12.parquet,16483,0,0,0,
TLS_trades_2025_08_11.parquet,90526,0,0,0,
TLS_trades_2025_08_12.parquet,71451,0,0,0,
TLX_trades_2025_02_24.parquet,4596,0,0,0,
TLYS_trades_2025_05_30.parquet,25398,0,0,0,
TLYS_trades_2025_06_02.parquet,19649,0,0,0,
TLYS_trades_2025_06_05.parquet,15660,0,0,0,
TLYS_trades_2025_07_01.parquet,7133,0,0,0,
TLYS_trades_2025_07_24.parquet,8436,0,0,0,
TMCWW_trades_2025_06_16.parquet,3381,0,0,0,
TMCWW_trades_2025_06_18.parquet,6437,0,0,0,
TMCWW_trades_2025_06_25.parquet,3699,0,0,0,
TMCWW_trades_2025_10_07.parquet,6947,0,0,0,
TMCWW_trades_2025_10_13.parquet,5145,0,0,0,
TMC_trades_2025_04_14.parquet,84816,0,0,0,
TMC_trades_2025_04_24.parquet,196727,0,0,0,
TMC_trades_2025_06_16.parquet,95010,0,0,0,
TMC_trades_2025_06_18.parquet,175587,0,0,0,
TNGX_trades_2025_05_19.parquet,90397,0,0,0,
TNGX_trades_2025_05_20.parquet,75548,0,0,0,
TNGX_trades_2025_05_29.parquet,36249,0,0,0,
TNGX_trades_2025_06_03.parquet,54650,0,0,0,
TNGX_trades_2025_06_06.parquet,54925,0,0,0,
TNMG_trades_2025_01_27.parquet,2585,0,0,0,
TNMG_trades_2025_01_29.parquet,1600,0,0,0,
TNMG_trades_2025_02_13.parquet,602,0,0,0,
TNMG_trades_2025_02_20.parquet,45091,0,0,0,
TNMG_trades_2025_05_14.parquet,44085,0,0,0,
TNMG_trades_2025_05_20.parquet,178194,0,0,0,
TNON_trades_2025_03_11.parquet,210465,0,0,0,
TNON_trades_2025_03_25.parquet,1369979,0,0,0,
TNON_trades_2025_03_27.parquet,177250,0,0,0,
TNON_trades_2025_08_01.parquet,753193,0,0,0,
TNXP_trades_2025_01_22.parquet,107079,0,0,0,
TNXP_trades_2025_01_28.parquet,213797,0,0,0,
TNXP_trades_2025_02_07.parquet,114832,0,0,0,
TNXP_trades_2025_03_05.parquet,22885,0,0,0,
TNXP_trades_2025_03_06.parquet,133366,0,0,0,
TNXP_trades_2025_03_18.parquet,30042,0,0,0,
TNXP_trades_2025_03_21.parquet,35735,0,0,0,
TNXP_trades_2025_03_24.parquet,106030,0,0,0,
TNXP_trades_2025_05_16.parquet,23306,0,0,0,
TNXP_trades_2025_05_27.parquet,37220,0,0,0,
TNXP_trades_2025_08_12.parquet,45993,0,0,0,
TNYA_trades_2025_02_14.parquet,7300,0,0,0,
TOI_trades_2025_02_10.parquet,3296,0,0,0,
TOI_trades_2025_02_26.parquet,9188,0,0,0,
TOI_trades_2025_03_24.parquet,4118,0,0,0,
TOI_trades_2025_04_14.parquet,10630,0,0,0,
TOI_trades_2025_05_15.parquet,37953,0,0,0,
TOMZ_trades_2025_06_02.parquet,775,0,0,0,
TOP_trades_2025_09_10.parquet,183188,0,0,0,
TORO_trades_2025_07_10.parquet,20709,0,0,0,
TORO_trades_2025_10_01.parquet,8315,0,0,0,
TPC_trades_2025_02_28.parquet,20714,418,0,0,
TPC_trades_2025_08_07.parquet,41787,0,0,0,
TPST_trades_2025_06_09.parquet,24838,0,0,0,
TQQQ_trades_2025_04_09.parquet,2406133,0,0,0,
TRAW_trades_2025_04_21.parquet,1710,0,0,0,
TRAW_trades_2025_06_03.parquet,379394,0,0,0,
TRIB_trades_2025_01_28.parquet,401458,0,0,0,
TRIB_trades_2025_08_12.parquet,23531,0,0,0,
TRIB_trades_2025_08_14.parquet,695389,0,0,0,
TRIB_trades_2025_08_20.parquet,147347,0,0,0,
TRNR_trades_2025_02_19.parquet,256733,0,0,0,
TRNR_trades_2025_02_26.parquet,506438,0,0,0,
TRNR_trades_2025_02_27.parquet,423628,0,0,0,
TRNR_trades_2025_02_28.parquet,707420,0,0,0,
TRNR_trades_2025_03_03.parquet,444318,0,0,0,
TRNR_trades_2025_03_19.parquet,40749,0,0,0,
TRNR_trades_2025_04_08.parquet,103623,0,0,0,
TRNR_trades_2025_06_11.parquet,145104,0,0,0,
TRNR_trades_2025_07_07.parquet,6469,0,0,0,
TRON_trades_2025_09_08.parquet,35415,0,0,0,
TRON_trades_2025_10_02.parquet,20464,0,0,0,
TROO_trades_2025_01_17.parquet,4047,0,0,0,
TROO_trades_2025_03_13.parquet,3645,0,0,0,
TROO_trades_2025_07_14.parquet,270504,0,0,0,
TROO_trades_2025_09_24.parquet,2522,0,0,0,
TRSG_trades_2025_03_24.parquet,15516,0,0,0,
TRSG_trades_2025_03_28.parquet,786,0,0,0,
TRUE_trades_2025_10_15.parquet,18575,0,0,0,
TRUG_trades_2025_01_06.parquet,25223,0,0,0,
TRUG_trades_2025_01_24.parquet,11963,0,0,0,
TRUG_trades_2025_02_19.parquet,112256,0,0,0,
TRUG_trades_2025_04_22.parquet,10873,0,0,0,
TRUG_trades_2025_05_23.parquet,9586,0,0,0,
TRUG_trades_2025_05_29.parquet,97941,0,0,0,
TRUG_trades_2025_07_21.parquet,4071,0,0,0,
TRVG_trades_2025_02_06.parquet,2902,0,0,0,
TRVG_trades_2025_05_01.parquet,14019,0,0,0,
TRVI_trades_2025_03_10.parquet,344317,0,0,0,
TSDD_trades_2025_03_10.parquet,23473,0,0,0,
TSDD_trades_2025_06_05.parquet,89154,0,0,0,
TSHA_trades_2025_10_02.parquet,476624,0,0,0,
TSLG_trades_2025_04_09.parquet,6225,0,0,0,
TSLL_trades_2025_04_09.parquet,748213,0,0,0,
TSLQ_trades_2025_03_10.parquet,149973,0,0,0,
TSLQ_trades_2025_06_05.parquet,382218,0,0,0,
TSLR_trades_2025_04_09.parquet,24672,0,0,0,
TSSI_trades_2025_05_16.parquet,229935,0,0,0,
TTEC_trades_2025_04_02.parquet,91244,0,0,0,
TTEC_trades_2025_05_09.parquet,12831,0,0,0,
TTRX_trades_2025_10_09.parquet,541908,0,0,0,
TURB_trades_2025_09_16.parquet,1531358,0,0,0,
TUSK_trades_2025_04_14.parquet,10973,0,0,0,
TVACW_trades_2025_09_25.parquet,3233,0,0,0,
TVACW_trades_2025_10_08.parquet,1457,0,0,0,
TVGN_trades_2025_01_27.parquet,239900,0,0,0,
TVGN_trades_2025_04_09.parquet,4430,0,0,0,
TVGN_trades_2025_08_05.parquet,34548,0,0,0,
TVTX_trades_2025_09_10.parquet,105557,0,0,0,
TWG_trades_2025_02_18.parquet,19526,0,0,0,
TWG_trades_2025_03_28.parquet,152320,0,0,0,
TWG_trades_2025_05_12.parquet,28454,0,0,0,
TWG_trades_2025_06_11.parquet,46208,0,0,0,
TWG_trades_2025_07_25.parquet,3469,0,0,0,
TWG_trades_2025_07_30.parquet,3550,0,0,0,
TWIN_trades_2025_08_21.parquet,3859,0,0,0,
TWNP_trades_2025_06_09.parquet,29291,0,0,0,
TXMD_trades_2025_01_03.parquet,29500,0,0,0,
TXMD_trades_2025_02_21.parquet,45061,0,0,0,
TXMD_trades_2025_10_17.parquet,35846,0,0,0,
TYGO_trades_2025_01_07.parquet,13642,0,0,0,
TYGO_trades_2025_07_30.parquet,206197,0,0,0,
TZOO_trades_2025_04_29.parquet,7094,0,0,0,
TZUP_trades_2025_02_26.parquet,3754,0,0,0,
TZUP_trades_2025_05_13.parquet,5418,0,0,0,
TZUP_trades_2025_07_08.parquet,3783,0,0,0,
TZUP_trades_2025_07_14.parquet,12009,0,0,0,
UBXG_trades_2025_02_21.parquet,1420,0,0,0,
UBXG_trades_2025_03_12.parquet,711,0,0,0,
UBXG_trades_2025_08_19.parquet,3393,0,0,0,
UCL_trades_2025_01_17.parquet,3175,0,0,0,
UCL_trades_2025_04_23.parquet,127,0,0,0,
UCL_trades_2025_07_24.parquet,2735,0,0,0,
UDMY_trades_2025_02_14.parquet,60747,0,0,0,
UFG_trades_2025_08_15.parquet,27519,0,0,0,
UFG_trades_2025_09_02.parquet,1477,0,0,0,
UFG_trades_2025_09_09.parquet,4161,0,0,0,
UFG_trades_2025_10_29.parquet,4447,0,0,0,
UGRO_trades_2025_02_06.parquet,4437,0,0,0,
UHGWW_trades_2025_02_26.parquet,190,0,0,0,
UHGWW_trades_2025_07_10.parquet,97,0,0,0,
UHGWW_trades_2025_08_11.parquet,218,0,0,0,
UHGWW_trades_2025_08_15.parquet,125,0,0,0,
UHGWW_trades_2025_09_17.parquet,162,0,0,0,
UHG_trades_2025_05_12.parquet,5840,0,0,0,
UI_trades_2025_08_22.parquet,34597,0,0,0,
UK_trades_2025_09_09.parquet,10509,0,0,0,
ULCC_trades_2025_08_12.parquet,48039,0,0,0,
ULY_trades_2025_01_06.parquet,1816,0,0,0,
ULY_trades_2025_02_27.parquet,363475,0,0,0,
ULY_trades_2025_03_20.parquet,7038,0,0,0,
ULY_trades_2025_03_26.parquet,5157,0,0,0,
ULY_trades_2025_04_25.parquet,2413,0,0,0,
ULY_trades_2025_04_29.parquet,25939,0,0,0,
ULY_trades_2025_04_30.parquet,40220,0,0,0,
ULY_trades_2025_06_25.parquet,301534,0,0,0,
ULY_trades_2025_10_07.parquet,224091,0,0,0,
UNCY_trades_2025_06_09.parquet,27192,0,0,0,
UNCY_trades_2025_06_23.parquet,12107,0,0,0,
UNF_trades_2025_01_07.parquet,21577,106,0,0,
UNIT_trades_2025_08_04.parquet,17622,0,0,0,
UOKA_trades_2025_02_03.parquet,489952,0,0,0,
UOKA_trades_2025_02_07.parquet,83432,0,0,0,
UOKA_trades_2025_02_21.parquet,64531,0,0,0,
UOKA_trades_2025_03_04.parquet,154107,0,0,0,
UOKA_trades_2025_03_14.parquet,155722,0,0,0,
UOKA_trades_2025_05_16.parquet,109043,0,0,0,
UONEK_trades_2025_07_08.parquet,11937,0,0,0,
UPC_trades_2025_02_07.parquet,243232,0,0,0,
UPC_trades_2025_02_21.parquet,458974,0,0,0,
UPC_trades_2025_04_08.parquet,10830,0,0,0,
UPC_trades_2025_04_16.parquet,11585,0,0,0,
UPC_trades_2025_04_21.parquet,20776,0,0,0,
UPC_trades_2025_04_28.parquet,57703,0,0,0,
UPC_trades_2025_05_05.parquet,10245,0,0,0,
UPC_trades_2025_05_12.parquet,9276,0,0,0,
UPC_trades_2025_07_28.parquet,2622,0,0,0,
UPC_trades_2025_08_13.parquet,4683,0,0,0,
UPC_trades_2025_09_08.parquet,7968,0,0,0,
UPC_trades_2025_09_19.parquet,24890,0,0,0,
UPC_trades_2025_10_08.parquet,400984,0,0,0,
UPLD_trades_2025_07_28.parquet,9241,0,0,0,
UPLD_trades_2025_08_18.parquet,5990,0,0,0,
UPLD_trades_2025_08_20.parquet,45370,0,0,0,
UPST_trades_2025_02_12.parquet,337403,0,0,0,
UPXI_trades_2025_01_23.parquet,29125,0,0,0,
UPXI_trades_2025_02_24.parquet,5128,0,0,0,
UPXI_trades_2025_04_21.parquet,1139350,0,0,0,
UPXI_trades_2025_04_23.parquet,129982,0,0,0,
UPXI_trades_2025_04_25.parquet,140265,0,0,0,
UPXI_trades_2025_05_02.parquet,11245,0,0,0,
UPXI_trades_2025_05_21.parquet,9530,0,0,0,
UPXI_trades_2025_07_16.parquet,83280,0,0,0,
UPXI_trades_2025_07_21.parquet,151435,0,0,0,
UP_trades_2025_08_15.parquet,41685,0,0,0,
UP_trades_2025_08_26.parquet,68415,0,0,0,
URGN_trades_2025_06_06.parquet,157506,0,0,0,
URGN_trades_2025_06_12.parquet,145139,0,0,0,
USARW_trades_2025_03_17.parquet,648,0,0,0,
USARW_trades_2025_03_18.parquet,807,0,0,0,
USARW_trades_2025_04_04.parquet,1560,0,0,0,
USARW_trades_2025_04_07.parquet,1477,0,0,0,
USARW_trades_2025_04_14.parquet,5681,0,0,0,
USARW_trades_2025_04_16.parquet,7538,0,0,0,
USARW_trades_2025_04_24.parquet,2010,0,0,0,
USARW_trades_2025_06_04.parquet,4208,0,0,0,
USARW_trades_2025_06_12.parquet,3167,0,0,0,
USARW_trades_2025_07_10.parquet,2553,0,0,0,
USARW_trades_2025_07_15.parquet,6347,0,0,0,
USARW_trades_2025_08_12.parquet,15550,0,0,0,
USARW_trades_2025_10_02.parquet,22483,0,0,0,
USARW_trades_2025_10_03.parquet,16219,0,0,0,
USARW_trades_2025_10_07.parquet,5370,0,0,0,
USARW_trades_2025_10_09.parquet,5163,0,0,0,
USARW_trades_2025_10_10.parquet,10421,0,0,0,
USARW_trades_2025_10_13.parquet,10966,0,0,0,
USAR_trades_2025_03_18.parquet,4875,0,0,0,
USAR_trades_2025_04_04.parquet,63939,0,0,0,
USAR_trades_2025_04_07.parquet,10805,0,0,0,
USAR_trades_2025_04_14.parquet,79196,0,0,0,
USAR_trades_2025_04_16.parquet,82450,0,0,0,
USAR_trades_2025_07_15.parquet,99768,0,0,0,
USAR_trades_2025_10_13.parquet,410069,0,0,0,
USEA_trades_2025_06_13.parquet,10981,0,0,0,
USEG_trades_2025_01_21.parquet,458590,0,0,0,
USEG_trades_2025_02_03.parquet,190752,0,0,0,
USEG_trades_2025_06_13.parquet,492346,0,0,0,
USEG_trades_2025_06_17.parquet,46923,0,0,0,
USGOW_trades_2025_01_07.parquet,123,0,0,0,
USGOW_trades_2025_01_10.parquet,120,0,0,0,
USGOW_trades_2025_02_03.parquet,142,0,0,0,
USGOW_trades_2025_09_24.parquet,197,0,0,0,
USGOW_trades_2025_10_22.parquet,171,0,0,0,
USGOW_trades_2025_10_29.parquet,184,0,0,0,
USGO_trades_2025_02_03.parquet,4315,0,0,0,
USGO_trades_2025_09_22.parquet,4365,0,0,0,
USIO_trades_2025_01_07.parquet,24172,0,0,0,
UTHR_trades_2025_09_02.parquet,68114,0,0,0,
UXIN_trades_2025_07_11.parquet,4278,0,0,0,
U_trades_2025_02_20.parquet,391368,0,0,0,
VAL.WS_trades_2025_10_23.parquet,408,0,0,0,
VATE_trades_2025_01_21.parquet,254883,0,0,0,
VATE_trades_2025_05_27.parquet,1748,0,0,0,
VBIX_trades_2025_02_07.parquet,9,0,0,0,
VBIX_trades_2025_02_13.parquet,15,0,0,0,
VBIX_trades_2025_03_12.parquet,7,0,0,0,
VBIX_trades_2025_04_11.parquet,21,0,0,0,
VBIX_trades_2025_04_23.parquet,11,0,0,0,
VBIX_trades_2025_06_04.parquet,63,0,0,0,
VBIX_trades_2025_06_05.parquet,21316,0,0,0,
VBIX_trades_2025_06_27.parquet,725,0,0,0,
VBIX_trades_2025_08_08.parquet,552,0,0,0,
VBIX_trades_2025_08_25.parquet,283,0,0,0,
VCICW_trades_2025_09_08.parquet,1475,0,0,0,
VCIG_trades_2025_03_07.parquet,26548,0,0,0,
VCIG_trades_2025_03_14.parquet,7220,0,0,0,
VCIG_trades_2025_04_22.parquet,5592,0,0,0,
VCIG_trades_2025_06_23.parquet,5480,0,0,0,
VCIG_trades_2025_07_18.parquet,22470,0,0,0,
VCIG_trades_2025_07_25.parquet,61445,0,0,0,
VCIG_trades_2025_08_19.parquet,232531,0,0,0,
VCIG_trades_2025_08_26.parquet,37762,0,0,0,
VCIG_trades_2025_09_17.parquet,11619,0,0,0,
VCIG_trades_2025_10_23.parquet,58770,0,0,0,
VCIG_trades_2025_10_30.parquet,543157,0,0,0,
VEEA_trades_2025_05_14.parquet,1425,0,0,0,
VEEA_trades_2025_08_14.parquet,27751,0,0,0,
VEEE_trades_2025_01_03.parquet,15566,0,0,0,
VEEE_trades_2025_01_17.parquet,6819,0,0,0,
VEEE_trades_2025_04_08.parquet,3139,0,0,0,
VEEE_trades_2025_05_08.parquet,583986,0,0,0,
VEEE_trades_2025_09_03.parquet,20923,0,0,0,
VEEE_trades_2025_09_05.parquet,464922,0,0,0,
VELO_trades_2025_08_21.parquet,42962,0,0,0,
VELO_trades_2025_08_22.parquet,8557,0,0,0,
VELO_trades_2025_08_25.parquet,82403,0,0,0,
VELO_trades_2025_10_07.parquet,11791,0,0,0,
VELO_trades_2025_10_13.parquet,8118,0,0,0,
VELO_trades_2025_10_14.parquet,11826,0,0,0,
VEON_trades_2025_07_11.parquet,12506,0,0,0,
VERA_trades_2025_06_02.parquet,146151,0,0,0,
VERI_trades_2025_07_16.parquet,13284,0,0,0,
VERI_trades_2025_07_21.parquet,47018,0,0,0,
VERI_trades_2025_09_09.parquet,59665,0,0,0,
VERI_trades_2025_10_15.parquet,208108,0,0,0,
VERO_trades_2025_02_25.parquet,25096,0,0,0,
VERO_trades_2025_04_08.parquet,64029,0,0,0,
VERO_trades_2025_04_09.parquet,572060,0,0,0,
VERO_trades_2025_06_06.parquet,436868,0,0,0,
VERU_trades_2025_04_01.parquet,21833,0,0,0,
VERU_trades_2025_05_28.parquet,74017,0,0,0,
VFC_trades_2025_04_09.parquet,166905,0,0,0,
VFF_trades_2025_08_11.parquet,75608,0,0,0,
VHC_trades_2025_06_06.parquet,2601,0,0,0,
VHC_trades_2025_08_04.parquet,7930,0,0,0,
VHC_trades_2025_09_04.parquet,529,0,0,0,
VHC_trades_2025_10_17.parquet,66605,0,0,0,
VICR_trades_2025_07_23.parquet,35067,0,0,0,
VICR_trades_2025_10_22.parquet,53271,0,0,0,
VIOT_trades_2025_07_07.parquet,54073,0,0,0,
VIOT_trades_2025_07_08.parquet,29759,0,0,0,
VIOT_trades_2025_07_10.parquet,8783,0,0,0,
VIR_trades_2025_01_08.parquet,217109,23,0,0,
VIR_trades_2025_08_27.parquet,46433,0,0,0,
VIVK_trades_2025_01_13.parquet,895,0,0,0,
VIVK_trades_2025_04_07.parquet,737,0,0,0,
VIVK_trades_2025_05_30.parquet,117482,0,0,0,
VIVK_trades_2025_06_20.parquet,1860,0,0,0,
VIVS_trades_2025_08_29.parquet,67943,0,0,0,
VIVS_trades_2025_09_03.parquet,5432,0,0,0,
VIVS_trades_2025_10_30.parquet,301981,0,0,0,
VMAR_trades_2025_01_10.parquet,841531,0,0,0,
VMAR_trades_2025_01_15.parquet,310943,0,0,0,
VMAR_trades_2025_02_27.parquet,103498,0,0,0,
VMAR_trades_2025_04_02.parquet,24622,0,0,0,
VMAR_trades_2025_04_03.parquet,11827,0,0,0,
VNCE_trades_2025_01_23.parquet,597029,0,0,0,
VNCE_trades_2025_09_11.parquet,682834,0,0,0,
VOR_trades_2025_01_06.parquet,10164,0,0,0,
VOR_trades_2025_05_13.parquet,4379,0,0,0,
VOR_trades_2025_05_16.parquet,40711,0,0,0,
VOR_trades_2025_06_20.parquet,4648,0,0,0,
VOR_trades_2025_06_23.parquet,26955,0,0,0,
VOR_trades_2025_06_24.parquet,88223,0,0,0,
VOR_trades_2025_06_25.parquet,183328,0,0,0,
VOR_trades_2025_06_26.parquet,421202,0,0,0,
VOR_trades_2025_06_27.parquet,59519,0,0,0,
VOR_trades_2025_06_30.parquet,97448,0,0,0,
VOR_trades_2025_07_03.parquet,43097,0,0,0,
VOR_trades_2025_07_07.parquet,126297,0,0,0,
VOR_trades_2025_08_13.parquet,85486,0,0,0,
VRAX_trades_2025_01_06.parquet,8384,0,0,0,
VRAX_trades_2025_04_11.parquet,16176,0,0,0,
VRA_trades_2025_06_16.parquet,8227,0,0,0,
VRME_trades_2025_01_08.parquet,207285,0,0,0,
VRME_trades_2025_01_10.parquet,165498,0,0,0,
VRME_trades_2025_01_13.parquet,183017,0,0,0,
VRME_trades_2025_01_15.parquet,76193,0,0,0,
VRME_trades_2025_07_31.parquet,450706,0,0,0,
VRME_trades_2025_09_19.parquet,33190,0,0,0,
VRME_trades_2025_10_20.parquet,25029,0,0,0,
VRTL_trades_2025_04_09.parquet,256,0,0,0,
VRTL_trades_2025_04_23.parquet,796,0,0,0,
VSAT_trades_2025_01_21.parquet,89842,0,0,0,
VSAT_trades_2025_08_06.parquet,141723,0,0,0,
VSA_trades_2025_06_06.parquet,1477,0,0,0,
VSA_trades_2025_07_11.parquet,1322,0,0,0,
VSA_trades_2025_07_14.parquet,1576,0,0,0,
VSA_trades_2025_09_09.parquet,1262,0,0,0,
VSEE_trades_2025_01_13.parquet,26482,0,0,0,
VSEE_trades_2025_07_14.parquet,108253,0,0,0,
VSEE_trades_2025_10_16.parquet,118370,0,0,0,
VSEE_trades_2025_10_28.parquet,933625,0,0,0,
VSEE_trades_2025_10_29.parquet,246101,0,0,0,
VSME_trades_2025_04_24.parquet,6207,0,0,0,
VSME_trades_2025_06_24.parquet,7402,0,0,0,
VSME_trades_2025_08_26.parquet,28971,0,0,0,
VSME_trades_2025_10_10.parquet,6190,0,0,0,
VSTA_trades_2025_04_08.parquet,1913,0,0,0,
VSTD_trades_2025_09_12.parquet,458157,0,0,0,
VS_trades_2025_01_17.parquet,463995,0,0,0,
VTSI_trades_2025_05_13.parquet,10015,0,0,0,
VTVT_trades_2025_03_17.parquet,10571,0,0,0,
VTYX_trades_2025_05_22.parquet,23058,0,0,0,
VTYX_trades_2025_10_23.parquet,996011,0,0,0,
VUZI_trades_2025_01_06.parquet,40399,0,0,0,
VUZI_trades_2025_09_22.parquet,44014,0,0,0,
VVOS_trades_2025_07_01.parquet,213945,0,0,0,
VVOS_trades_2025_08_01.parquet,4149,0,0,0,
VVPR_trades_2025_03_21.parquet,191767,0,0,0,
VVPR_trades_2025_03_24.parquet,226442,0,0,0,
VVPR_trades_2025_03_26.parquet,522001,0,0,0,
VVPR_trades_2025_03_27.parquet,212062,0,0,0,
VVPR_trades_2025_05_28.parquet,30441,0,0,0,
VVPR_trades_2025_05_29.parquet,37837,0,0,0,
VVPR_trades_2025_06_04.parquet,19156,0,0,0,
VVPR_trades_2025_08_08.parquet,51311,0,0,0,
VWAVW_trades_2025_10_17.parquet,768,0,0,0,
VWAVW_trades_2025_10_20.parquet,1350,0,0,0,
VWAVW_trades_2025_10_22.parquet,1650,0,0,0,
VWAVW_trades_2025_10_27.parquet,1262,0,0,0,
VWAVW_trades_2025_10_31.parquet,692,0,0,0,
VWAV_trades_2025_07_28.parquet,1466543,0,0,0,
VWAV_trades_2025_07_30.parquet,198809,0,0,0,
VYGR_trades_2025_06_02.parquet,20467,0,0,0,
VYNE_trades_2025_06_25.parquet,17968,0,0,0,
VYNE_trades_2025_07_23.parquet,4290,0,0,0,
WAFU_trades_2025_02_25.parquet,696057,0,0,0,
WAFU_trades_2025_09_08.parquet,76726,0,0,0,
WAI_trades_2025_06_23.parquet,4592,0,0,0,
WAI_trades_2025_06_26.parquet,20623,0,0,0,
WAI_trades_2025_07_25.parquet,144218,0,0,0,
WAI_trades_2025_07_30.parquet,6910,0,0,0,
WAI_trades_2025_08_27.parquet,379800,0,0,0,
WAI_trades_2025_08_28.parquet,258706,0,0,0,
WAI_trades_2025_09_11.parquet,7565,0,0,0,
WAI_trades_2025_09_26.parquet,486558,0,0,0,
WAI_trades_2025_10_10.parquet,216574,0,0,0,
WATT_trades_2025_01_06.parquet,73848,0,0,0,
WATT_trades_2025_07_18.parquet,6353,0,0,0,
WATT_trades_2025_09_08.parquet,2063,0,0,0,
WATT_trades_2025_10_15.parquet,2155,0,0,0,
WATT_trades_2025_10_16.parquet,27765,0,0,0,
WBD_trades_2025_09_11.parquet,739535,0,0,0,
WBTN_trades_2025_08_13.parquet,165187,0,0,0,
WBTN_trades_2025_09_16.parquet,121330,0,0,0,
WBUY_trades_2025_05_08.parquet,47611,0,0,0,
WBUY_trades_2025_05_09.parquet,376392,0,0,0,
WBUY_trades_2025_06_06.parquet,336852,0,0,0,
WBUY_trades_2025_06_30.parquet,522135,0,0,0,
WCT_trades_2025_01_03.parquet,1462,0,0,0,
WCT_trades_2025_03_06.parquet,27207,0,0,0,
WDH_trades_2025_07_17.parquet,7668,0,0,0,
WETH_trades_2025_08_25.parquet,4561,0,0,0,
WETH_trades_2025_10_07.parquet,8401,0,0,0,
WETO_trades_2025_05_29.parquet,162417,0,0,0,
WETO_trades_2025_07_01.parquet,322020,0,0,0,
WFF_trades_2025_03_28.parquet,8260,0,0,0,
WFF_trades_2025_05_20.parquet,1768,0,0,0,
WFF_trades_2025_06_23.parquet,9356,0,0,0,
WFF_trades_2025_06_24.parquet,98989,0,0,0,
WFF_trades_2025_06_27.parquet,279238,0,0,0,
WFF_trades_2025_08_06.parquet,15629,0,0,0,
WFF_trades_2025_09_11.parquet,95370,0,0,0,
WGRX_trades_2025_04_14.parquet,2463,0,0,0,
WGRX_trades_2025_05_08.parquet,120610,0,0,0,
WGRX_trades_2025_05_15.parquet,6005,0,0,0,
WGRX_trades_2025_07_18.parquet,93964,0,0,0,
WGRX_trades_2025_08_18.parquet,176887,0,0,0,
WGRX_trades_2025_08_25.parquet,61263,0,0,0,
WGRX_trades_2025_10_24.parquet,1262421,0,0,0,
WGS_trades_2025_02_18.parquet,81125,0,0,0,
WHLR_trades_2025_01_07.parquet,21290,0,0,0,
WHLR_trades_2025_01_16.parquet,606589,0,0,0,
WHLR_trades_2025_03_04.parquet,93307,0,0,0,
WHLR_trades_2025_03_07.parquet,89457,0,0,0,
WHLR_trades_2025_04_10.parquet,413133,0,0,0,
WHLR_trades_2025_04_25.parquet,46311,0,0,0,
WHLR_trades_2025_06_04.parquet,22761,0,0,0,
WHLR_trades_2025_06_20.parquet,608248,0,0,0,
WHLR_trades_2025_08_27.parquet,19349,0,0,0,
WHLR_trades_2025_08_28.parquet,100936,0,0,0,
WHLR_trades_2025_09_11.parquet,199659,0,0,0,
WHWK_trades_2025_10_16.parquet,608281,0,0,0,
WIMI_trades_2025_01_07.parquet,50227,0,0,0,
WIMI_trades_2025_01_27.parquet,85683,0,0,0,
WIMI_trades_2025_02_21.parquet,48895,0,0,0,
WIMI_trades_2025_04_16.parquet,107362,0,0,0,
WIMI_trades_2025_04_21.parquet,19396,0,0,0,
WKEY_trades_2025_01_10.parquet,45824,0,0,0,
WKEY_trades_2025_01_21.parquet,28884,0,0,0,
WKEY_trades_2025_04_11.parquet,2550,0,0,0,
WKEY_trades_2025_10_14.parquet,18866,0,0,0,
WKEY_trades_2025_10_28.parquet,149354,0,0,0,
WKEY_trades_2025_10_29.parquet,33821,0,0,0,
WKHS_trades_2025_03_25.parquet,18913,0,0,0,
WKHS_trades_2025_07_07.parquet,16985,0,0,0,
WKHS_trades_2025_07_08.parquet,185651,0,0,0,
WKHS_trades_2025_07_09.parquet,59289,0,0,0,
WKHS_trades_2025_07_11.parquet,218837,0,0,0,
WKHS_trades_2025_07_16.parquet,33458,0,0,0,
WKSP_trades_2025_09_03.parquet,20738,0,0,0,
WK_trades_2025_08_01.parquet,61611,5958,0,0,
WLACW_trades_2025_09_16.parquet,3189,0,0,0,
WLACW_trades_2025_09_17.parquet,1282,0,0,0,
WLACW_trades_2025_09_18.parquet,1165,0,0,0,
WLACW_trades_2025_09_19.parquet,1344,0,0,0,
WLACW_trades_2025_09_25.parquet,1513,0,0,0,
WLACW_trades_2025_10_08.parquet,466,0,0,0,
WLACW_trades_2025_10_14.parquet,786,0,0,0,
WLDN_trades_2025_03_07.parquet,10862,0,0,0,
WLDSW_trades_2025_01_14.parquet,11,0,0,0,
WLDSW_trades_2025_01_31.parquet,31,0,0,0,
WLDSW_trades_2025_02_07.parquet,247,0,0,0,
WLDSW_trades_2025_02_13.parquet,1388,0,0,0,
WLDSW_trades_2025_02_18.parquet,427,0,0,0,
WLDSW_trades_2025_02_19.parquet,44,0,0,0,
WLDSW_trades_2025_02_21.parquet,487,0,0,0,
WLDSW_trades_2025_03_04.parquet,90,0,0,0,
WLDSW_trades_2025_03_05.parquet,43,0,0,0,
WLDSW_trades_2025_03_12.parquet,68,0,0,0,
WLDSW_trades_2025_03_17.parquet,2701,0,0,0,
WLDSW_trades_2025_04_09.parquet,75,0,0,0,
WLDSW_trades_2025_05_20.parquet,17,0,0,0,
WLDSW_trades_2025_06_12.parquet,8,0,0,0,
WLDSW_trades_2025_06_18.parquet,27,0,0,0,
WLDSW_trades_2025_08_07.parquet,7,0,0,0,
WLDSW_trades_2025_08_21.parquet,23,0,0,0,
WLDSW_trades_2025_09_05.parquet,46,0,0,0,
WLDSW_trades_2025_09_10.parquet,434,0,0,0,
WLDSW_trades_2025_09_11.parquet,299,0,0,0,
WLDSW_trades_2025_09_16.parquet,51,0,0,0,
WLDSW_trades_2025_09_17.parquet,173,0,0,0,
WLDSW_trades_2025_10_08.parquet,68,0,0,0,
WLDSW_trades_2025_10_15.parquet,39,0,0,0,
WLDS_trades_2025_01_31.parquet,10987,0,0,0,
WLDS_trades_2025_02_07.parquet,3965,0,0,0,
WLDS_trades_2025_03_17.parquet,2324,0,0,0,
WLDS_trades_2025_04_23.parquet,10806,0,0,0,
WLDS_trades_2025_04_29.parquet,239105,0,0,0,
WLDS_trades_2025_05_15.parquet,67674,0,0,0,
WLDS_trades_2025_06_24.parquet,22655,0,0,0,
WLDS_trades_2025_09_10.parquet,1897161,0,0,0,
WLDS_trades_2025_09_11.parquet,641374,0,0,0,
WLDS_trades_2025_09_12.parquet,392470,0,0,0,
WLDS_trades_2025_09_19.parquet,62312,0,0,0,
WNW_trades_2025_01_03.parquet,17447,0,0,0,
WNW_trades_2025_02_24.parquet,69411,0,0,0,
WNW_trades_2025_04_22.parquet,583327,0,0,0,
WNW_trades_2025_06_20.parquet,2600,0,0,0,
WNW_trades_2025_09_09.parquet,6176,0,0,0,
WOK_trades_2025_02_20.parquet,647897,0,0,0,
WOK_trades_2025_05_21.parquet,120964,0,0,0,
WOK_trades_2025_05_28.parquet,4236,0,0,0,
WOK_trades_2025_09_25.parquet,216329,0,0,0,
WOK_trades_2025_10_09.parquet,37731,0,0,0,
WOK_trades_2025_10_22.parquet,26590,0,0,0,
WOLF_trades_2025_01_15.parquet,138547,0,0,0,
WOLF_trades_2025_05_02.parquet,211461,0,0,0,
WOLF_trades_2025_05_22.parquet,197118,0,0,0,
WOLF_trades_2025_07_01.parquet,606805,0,0,0,
WOLF_trades_2025_07_03.parquet,203920,0,0,0,
WOLF_trades_2025_07_07.parquet,823171,0,0,0,
WOLF_trades_2025_07_08.parquet,676806,0,0,0,
WOLF_trades_2025_07_23.parquet,196539,0,0,0,
WOLF_trades_2025_09_09.parquet,266577,0,0,0,
WOLF_trades_2025_09_15.parquet,209421,0,0,0,
WOLF_trades_2025_09_29.parquet,155271,0,0,0,
WOLF_trades_2025_09_30.parquet,428633,0,0,0,
WOOF_trades_2025_03_27.parquet,94651,0,0,0,
WORX_trades_2025_04_09.parquet,228263,0,0,0,
WOW_trades_2025_08_12.parquet,45147,0,0,0,
WRD_trades_2025_02_14.parquet,326135,0,0,0,
WRD_trades_2025_02_18.parquet,134807,0,0,0,
WRD_trades_2025_05_06.parquet,218309,0,0,0,
WRD_trades_2025_05_12.parquet,193295,0,0,0,
WRD_trades_2025_05_21.parquet,251744,0,0,0,
WTF_trades_2025_04_14.parquet,7285,0,0,0,
WTF_trades_2025_06_17.parquet,4812,0,0,0,
WTO_trades_2025_04_11.parquet,10182,0,0,0,
WTO_trades_2025_04_25.parquet,6087,0,0,0,
WTO_trades_2025_05_19.parquet,1957,0,0,0,
WTO_trades_2025_05_22.parquet,4834,0,0,0,
WTO_trades_2025_10_31.parquet,92457,0,0,0,
WULF_trades_2025_08_14.parquet,821467,0,0,0,
WVVI_trades_2025_01_14.parquet,338,0,0,0,
WW_trades_2025_04_30.parquet,384381,0,0,0,
WW_trades_2025_07_07.parquet,3301,0,0,0,
WXM_trades_2025_04_09.parquet,6769,0,0,0,
WXM_trades_2025_04_14.parquet,3451,0,0,0,
WXM_trades_2025_04_30.parquet,2750,0,0,0,
WXM_trades_2025_05_06.parquet,2436,0,0,0,
WXM_trades_2025_06_24.parquet,5350,0,0,0,
WXM_trades_2025_06_27.parquet,3322,0,0,0,
WXM_trades_2025_09_09.parquet,408,0,0,0,
WYFI_trades_2025_09_10.parquet,25585,0,0,0,
WYHG_trades_2025_01_10.parquet,914,0,0,0,
WYHG_trades_2025_01_29.parquet,2865,0,0,0,
WYHG_trades_2025_06_30.parquet,9690,0,0,0,
W_trades_2025_04_09.parquet,149612,0,0,0,
XAIR_trades_2025_06_17.parquet,27256,0,0,0,
XAIR_trades_2025_06_20.parquet,13549,0,0,0,
XAIR_trades_2025_09_08.parquet,865748,0,0,0,
XBIO_trades_2025_06_25.parquet,20884,0,0,0,
XBIO_trades_2025_10_07.parquet,2274,0,0,0,
XBIO_trades_2025_10_08.parquet,873839,0,0,0,
XBP_trades_2025_03_04.parquet,15330,0,0,0,
XBP_trades_2025_07_30.parquet,525160,0,0,0,
XCH_trades_2025_10_13.parquet,174877,0,0,0,
XCH_trades_2025_10_15.parquet,9036,0,0,0,
XCUR_trades_2025_01_15.parquet,3366,0,0,0,
XCUR_trades_2025_01_17.parquet,14432,0,0,0,
XCUR_trades_2025_01_23.parquet,10718,0,0,0,
XCUR_trades_2025_03_04.parquet,4044,0,0,0,
XCUR_trades_2025_03_06.parquet,2458,0,0,0,
XCUR_trades_2025_04_21.parquet,1011,0,0,0,
XCUR_trades_2025_06_30.parquet,80069,0,0,0,
XCUR_trades_2025_07_03.parquet,3336,0,0,0,
XELB_trades_2025_04_24.parquet,24546,0,0,0,
XELB_trades_2025_10_03.parquet,206404,0,0,0,
XFOR_trades_2025_01_29.parquet,59261,0,0,0,
XFOR_trades_2025_07_24.parquet,49359,0,0,0,
XFOR_trades_2025_08_12.parquet,321050,0,0,0,
XFOR_trades_2025_08_13.parquet,397087,0,0,0,
XFOR_trades_2025_08_19.parquet,32914,0,0,0,
XFOR_trades_2025_10_24.parquet,106819,0,0,0,
XGN_trades_2025_01_17.parquet,6132,0,0,0,
XGN_trades_2025_02_04.parquet,8849,0,0,0,
XHG_trades_2025_01_08.parquet,377341,0,0,0,
XHG_trades_2025_01_10.parquet,327278,0,0,0,
XHG_trades_2025_01_13.parquet,123179,0,0,0,
XHG_trades_2025_01_17.parquet,120716,0,0,0,
XHG_trades_2025_02_13.parquet,3416954,3370494,0,0,
XHG_trades_2025_02_14.parquet,21001,0,0,0,
XHG_trades_2025_04_04.parquet,11374,0,0,0,
XHG_trades_2025_04_09.parquet,4282,0,0,0,
XHG_trades_2025_05_09.parquet,2773,0,0,0,
XHG_trades_2025_05_13.parquet,171100,0,0,0,
XHG_trades_2025_09_09.parquet,115942,0,0,0,
XHG_trades_2025_09_12.parquet,22124,0,0,0,
XHLD_trades_2025_02_19.parquet,20577,0,0,0,
XHLD_trades_2025_03_19.parquet,458890,0,0,0,
XHLD_trades_2025_03_21.parquet,157141,0,0,0,
XHLD_trades_2025_03_24.parquet,415593,0,0,0,
XHLD_trades_2025_04_02.parquet,10421,0,0,0,
XHLD_trades_2025_04_03.parquet,15882,0,0,0,
XHLD_trades_2025_04_08.parquet,8435,0,0,0,
XHLD_trades_2025_05_13.parquet,125918,0,0,0,
XLO_trades_2025_02_12.parquet,419111,0,0,0,
XLO_trades_2025_05_13.parquet,81804,0,0,0,
XMTR_trades_2025_08_05.parquet,73767,0,0,0,
XNET_trades_2025_02_27.parquet,313359,0,0,0,
XNET_trades_2025_08_15.parquet,27316,0,0,0,
XNET_trades_2025_08_18.parquet,43746,0,0,0,
XOS_trades_2025_02_20.parquet,594255,0,0,0,
XOS_trades_2025_08_14.parquet,216738,0,0,0,
XPOF_trades_2025_07_03.parquet,22488,0,0,0,
XPON_trades_2025_07_18.parquet,315447,0,0,0,
XPON_trades_2025_08_14.parquet,1866541,0,0,0,
XPON_trades_2025_09_22.parquet,15167,0,0,0,
XPON_trades_2025_09_24.parquet,158543,0,0,0,
XPRO_trades_2025_07_29.parquet,51497,0,0,0,
XRPT_trades_2025_07_11.parquet,9632,0,0,0,
XRTX_trades_2025_01_14.parquet,13232,0,0,0,
XRTX_trades_2025_02_27.parquet,4164,1545,0,0,
XRTX_trades_2025_10_17.parquet,367093,0,0,0,
XTIA_trades_2025_01_06.parquet,219217,0,0,0,
XTIA_trades_2025_01_07.parquet,858531,0,0,0,
XTIA_trades_2025_06_09.parquet,16695,0,0,0,
XTIA_trades_2025_06_11.parquet,297068,0,0,0,
XTIA_trades_2025_06_17.parquet,98434,0,0,0,
XTKG_trades_2025_03_17.parquet,1515,0,0,0,
XTKG_trades_2025_05_09.parquet,3647,0,0,0,
XTKG_trades_2025_05_13.parquet,11816,0,0,0,
XTKG_trades_2025_06_23.parquet,1363,0,0,0,
XTLB_trades_2025_06_24.parquet,5831,0,0,0,
XTLB_trades_2025_07_09.parquet,515,0,0,0,
XTLB_trades_2025_08_04.parquet,227,0,0,0,
XTLB_trades_2025_10_07.parquet,130640,0,0,0,
XTLB_trades_2025_10_08.parquet,253372,0,0,0,
XWEL_trades_2025_05_08.parquet,801,0,0,0,
XWEL_trades_2025_05_13.parquet,1715,0,0,0,
XXII_trades_2025_01_08.parquet,16819,0,0,0,
XXII_trades_2025_01_13.parquet,231642,0,0,0,
XXII_trades_2025_01_14.parquet,113076,0,0,0,
XXII_trades_2025_01_15.parquet,65483,0,0,0,
XXII_trades_2025_04_09.parquet,103124,0,0,0,
XXII_trades_2025_05_02.parquet,6530,0,0,0,
XXII_trades_2025_05_05.parquet,15198,0,0,0,
XXII_trades_2025_06_26.parquet,2156,0,0,0,
XXII_trades_2025_07_17.parquet,390151,0,0,0,
XXII_trades_2025_09_25.parquet,102643,0,0,0,
YAAS_trades_2025_03_12.parquet,479,0,0,0,
YAAS_trades_2025_06_24.parquet,134307,0,0,0,
YAAS_trades_2025_06_27.parquet,2285,0,0,0,
YAAS_trades_2025_06_30.parquet,14487,0,0,0,
YAAS_trades_2025_07_07.parquet,18468,0,0,0,
YAAS_trades_2025_07_24.parquet,23945,0,0,0,
YAAS_trades_2025_09_19.parquet,256884,0,0,0,
YAAS_trades_2025_09_24.parquet,441375,0,0,0,
YAAS_trades_2025_10_03.parquet,16528,0,0,0,
YDDL_trades_2025_10_10.parquet,139840,0,0,0,
YDDL_trades_2025_10_14.parquet,5450,0,0,0,
YDESW_trades_2025_09_03.parquet,1168,0,0,0,
YDESW_trades_2025_09_08.parquet,559,0,0,0,
YDESW_trades_2025_09_11.parquet,1149,0,0,0,
YDESW_trades_2025_09_12.parquet,547,0,0,0,
YDESW_trades_2025_09_26.parquet,2843,0,0,0,
YDESW_trades_2025_10_31.parquet,429,0,0,0,
YDES_trades_2025_09_03.parquet,9363,0,0,0,
YDES_trades_2025_09_26.parquet,4335,0,0,0,
YDKG_trades_2025_10_21.parquet,370788,0,0,0,
YDKG_trades_2025_10_23.parquet,274167,0,0,0,
YDKG_trades_2025_10_27.parquet,68195,0,0,0,
YDKG_trades_2025_10_31.parquet,137543,0,0,0,
YEXT_trades_2025_06_04.parquet,53573,0,0,0,
YGMZ_trades_2025_01_17.parquet,1335,0,0,0,
YGMZ_trades_2025_04_17.parquet,10566,0,0,0,
YGMZ_trades_2025_08_20.parquet,875,0,0,0,
YGMZ_trades_2025_10_16.parquet,2800,0,0,0,
YHC_trades_2025_02_12.parquet,2859,0,0,0,
YHC_trades_2025_02_24.parquet,1472,0,0,0,
YHC_trades_2025_03_12.parquet,5508,0,0,0,
YHC_trades_2025_05_02.parquet,1785,0,0,0,
YHC_trades_2025_05_12.parquet,483787,0,0,0,
YHC_trades_2025_07_01.parquet,5340,0,0,0,
YHC_trades_2025_07_11.parquet,41032,0,0,0,
YHC_trades_2025_07_14.parquet,326662,0,0,0,
YHC_trades_2025_07_16.parquet,340519,0,0,0,
YHC_trades_2025_08_07.parquet,425604,0,0,0,
YHGJ_trades_2025_01_27.parquet,9742,0,0,0,
YHGJ_trades_2025_07_21.parquet,213,0,0,0,
YHGJ_trades_2025_08_27.parquet,6298,0,0,0,
YHGJ_trades_2025_10_10.parquet,97300,0,0,0,
YIBO_trades_2025_01_27.parquet,309150,0,0,0,
YIBO_trades_2025_01_28.parquet,512073,0,0,0,
YIBO_trades_2025_05_14.parquet,6443,0,0,0,
YJ_trades_2025_03_12.parquet,290,0,0,0,
YJ_trades_2025_05_01.parquet,1316,0,0,0,
YJ_trades_2025_10_07.parquet,1266,0,0,0,
YMAT_trades_2025_09_19.parquet,39165,0,0,0,
YMAT_trades_2025_10_28.parquet,164016,0,0,0,
YOUL_trades_2025_07_15.parquet,8854,0,0,0,
YOUL_trades_2025_08_21.parquet,41763,0,0,0,
YOUL_trades_2025_09_09.parquet,644705,0,0,0,
YPF_trades_2025_10_27.parquet,122757,0,0,0,
YSXT_trades_2025_01_07.parquet,5323,0,0,0,
YSXT_trades_2025_02_06.parquet,470,0,0,0,
YSXT_trades_2025_02_20.parquet,3355,0,0,0,
YSXT_trades_2025_04_10.parquet,1931,0,0,0,
YSXT_trades_2025_05_22.parquet,1991,0,0,0,
YSXT_trades_2025_05_28.parquet,3631,0,0,0,
YSXT_trades_2025_06_03.parquet,1631,0,0,0,
YSXT_trades_2025_08_19.parquet,17411,0,0,0,
YSXT_trades_2025_09_16.parquet,65146,0,0,0,
YSXT_trades_2025_10_10.parquet,6079,0,0,0,
YTRA_trades_2025_08_11.parquet,3189,0,0,0,
YXT_trades_2025_01_10.parquet,2238,0,0,0,
YXT_trades_2025_05_14.parquet,747,0,0,0,
YXT_trades_2025_09_09.parquet,682,0,0,0,
YYAI_trades_2025_01_27.parquet,29097,0,0,0,
YYAI_trades_2025_02_18.parquet,3238,0,0,0,
YYAI_trades_2025_02_24.parquet,414646,0,0,0,
YYAI_trades_2025_07_21.parquet,2332,0,0,0,
YYAI_trades_2025_07_23.parquet,104214,0,0,0,
YYAI_trades_2025_07_25.parquet,17131,0,0,0,
YYAI_trades_2025_07_28.parquet,12484,0,0,0,
YYAI_trades_2025_09_10.parquet,2991,0,0,0,
YYAI_trades_2025_10_08.parquet,689487,0,0,0,
YYAI_trades_2025_10_09.parquet,439182,0,0,0,
YYAI_trades_2025_10_22.parquet,1013226,0,0,0,
YYGH_trades_2025_04_14.parquet,3741,0,0,0,
ZBAI_trades_2025_01_10.parquet,1593,0,0,0,
ZBAI_trades_2025_01_13.parquet,959,0,0,0,
ZBAI_trades_2025_01_17.parquet,1276,0,0,0,
ZBAI_trades_2025_02_03.parquet,134294,0,0,0,
ZBAI_trades_2025_06_11.parquet,26000,0,0,0,
ZBAI_trades_2025_07_11.parquet,226716,0,0,0,
ZBAI_trades_2025_07_16.parquet,25986,0,0,0,
ZBAI_trades_2025_09_15.parquet,2241,0,0,0,
ZBAI_trades_2025_10_15.parquet,27323,0,0,0,
ZBAO_trades_2025_04_07.parquet,24412,0,0,0,
ZBIO_trades_2025_10_27.parquet,52342,0,0,0,
ZCMD_trades_2025_06_12.parquet,12179,0,0,0,
ZENA_trades_2025_03_12.parquet,42175,0,0,0,
ZENA_trades_2025_04_24.parquet,244982,0,0,0,
ZENA_trades_2025_05_27.parquet,116596,0,0,0,
ZENA_trades_2025_06_05.parquet,785455,0,0,0,
ZENA_trades_2025_06_09.parquet,62564,0,0,0,
ZENV_trades_2025_01_06.parquet,1642,0,0,0,
ZEO_trades_2025_01_15.parquet,763,0,0,0,
ZEO_trades_2025_01_17.parquet,244230,0,0,0,
ZEO_trades_2025_04_16.parquet,119392,0,0,0,
ZEO_trades_2025_05_29.parquet,597428,0,0,0,
ZEO_trades_2025_06_23.parquet,1971,0,0,0,
ZEO_trades_2025_09_19.parquet,20890,0,0,0,
ZEO_trades_2025_10_10.parquet,18810,0,0,0,
ZEPP_trades_2025_07_08.parquet,123295,0,0,0,
ZEPP_trades_2025_07_11.parquet,21635,0,0,0,
ZEPP_trades_2025_07_15.parquet,20413,0,0,0,
ZEPP_trades_2025_08_04.parquet,11246,0,0,0,
ZEPP_trades_2025_08_05.parquet,13406,0,0,0,
ZGM_trades_2025_09_12.parquet,3868,0,0,0,
ZIPP_trades_2025_04_09.parquet,37,0,0,0,
ZJK_trades_2025_01_06.parquet,25964,0,0,0,
ZKIN_trades_2025_05_08.parquet,434500,0,0,0,
ZKIN_trades_2025_05_09.parquet,367406,0,0,0,
ZKIN_trades_2025_05_19.parquet,3198,0,0,0,
ZKIN_trades_2025_07_15.parquet,10055,0,0,0,
ZKIN_trades_2025_09_10.parquet,9185,0,0,0,
ZNB_trades_2025_09_04.parquet,773731,0,0,0,
ZNB_trades_2025_09_05.parquet,74478,0,0,0,
ZNB_trades_2025_09_09.parquet,175623,0,0,0,
ZNB_trades_2025_10_07.parquet,1056633,0,0,0,
ZNTL_trades_2025_02_05.parquet,18441,0,0,0,
ZOOZ_trades_2025_04_22.parquet,85,0,0,0,
ZOOZ_trades_2025_07_22.parquet,124851,0,0,0,
ZOOZ_trades_2025_07_23.parquet,70520,0,0,0,
ZOOZ_trades_2025_07_25.parquet,6981,0,0,0,
ZOOZ_trades_2025_09_10.parquet,2414,0,0,0,
ZOOZ_trades_2025_09_19.parquet,322128,0,0,0,
ZSPC_trades_2025_02_03.parquet,4807,0,0,0,
ZSPC_trades_2025_02_27.parquet,2257,0,0,0,
ZSPC_trades_2025_07_23.parquet,2809,0,0,0,
ZSPC_trades_2025_08_12.parquet,1818,0,0,0,
ZSPC_trades_2025_09_23.parquet,84256,0,0,0,
ZSPC_trades_2025_09_29.parquet,14263,0,0,0,
ZSPC_trades_2025_10_09.parquet,52551,0,0,0,
ZTEK_trades_2025_09_02.parquet,36256,0,0,0,
ZURA_trades_2025_07_17.parquet,32011,0,0,0,
ZURA_trades_2025_09_29.parquet,139265,0,0,0,
ZURA_trades_2025_09_30.parquet,164273,0,0,0,
ZVIA_trades_2025_05_08.parquet,22072,0,0,0,
ZYBT_trades_2025_03_25.parquet,13690,0,0,0,
ZYBT_trades_2025_04_02.parquet,4956,0,0,0,
ZYBT_trades_2025_04_14.parquet,2253,0,0,0,
ZYBT_trades_2025_04_16.parquet,3280,0,0,0,
ZYBT_trades_2025_04_17.parquet,4719,0,0,0,
ZYBT_trades_2025_04_24.parquet,5228,0,0,0,
ZYBT_trades_2025_04_28.parquet,4195,0,0,0,
ZYBT_trades_2025_05_02.parquet,2710,0,0,0,
ZYBT_trades_2025_05_12.parquet,2069,0,0,0,
ZYBT_trades_2025_06_10.parquet,4043,0,0,0,
ZYBT_trades_2025_08_12.parquet,2084,0,0,0,
ZYBT_trades_2025_08_20.parquet,5468,0,0,0,
ZYBT_trades_2025_09_02.parquet,3844,0,0,0,
ZYBT_trades_2025_09_30.parquet,78681,0,0,0,
ZYXI_trades_2025_08_04.parquet,15724,8,0,0,
