"TimeCreated","EventId","Device","Message"
"7/9/2026 8:47:25 PM","7","\Device\Harddisk0\DR0","The device; \Device\Harddisk0\DR0; has a bad block."
"7/9/2026 8:47:26 PM","7","\Device\Harddisk0\DR0","The device; \Device\Harddisk0\DR0; has a bad block."
"7/9/2026 8:47:26 PM","7","\Device\Harddisk0\DR0","The device; \Device\Harddisk0\DR0; has a bad block."
"7/9/2026 8:47:27 PM","7","\Device\Harddisk0\DR0","The device; \Device\Harddisk0\DR0; has a bad block."
"7/9/2026 8:47:27 PM","7","\Device\Harddisk0\DR0","The device; \Device\Harddisk0\DR0; has a bad block."
"7/9/2026 8:47:27 PM","7","\Device\Harddisk0\DR0","The device; \Device\Harddisk0\DR0; has a bad block."
"7/9/2026 8:47:27 PM","7","\Device\Harddisk0\DR0","The device; \Device\Harddisk0\DR0; has a bad block."
"7/9/2026 8:47:27 PM","7","\Device\Harddisk0\DR0","The device; \Device\Harddisk0\DR0; has a bad block."
"7/9/2026 8:47:27 PM","7","\Device\Harddisk0\DR0","The device; \Device\Harddisk0\DR0; has a bad block."
"7/9/2026 8:47:37 PM","7","\Device\Harddisk0\DR0","The device; \Device\Harddisk0\DR0; has a bad block."
"7/9/2026 8:47:38 PM","7","\Device\Harddisk0\DR0","The device; \Device\Harddisk0\DR0; has a bad block."
"7/9/2026 8:47:39 PM","7","\Device\Harddisk0\DR0","The device; \Device\Harddisk0\DR0; has a bad block."
"7/9/2026 8:47:39 PM","7","\Device\Harddisk0\DR0","The device; \Device\Harddisk0\DR0; has a bad block."
"7/9/2026 8:47:40 PM","7","\Device\Harddisk0\DR0","The device; \Device\Harddisk0\DR0; has a bad block."
"7/9/2026 8:47:40 PM","7","\Device\Harddisk0\DR0","The device; \Device\Harddisk0\DR0; has a bad block."
"7/9/2026 8:47:40 PM","7","\Device\Harddisk0\DR0","The device; \Device\Harddisk0\DR0; has a bad block."
"7/9/2026 8:47:40 PM","7","\Device\Harddisk0\DR0","The device; \Device\Harddisk0\DR0; has a bad block."
"7/9/2026 8:47:40 PM","7","\Device\Harddisk0\DR0","The device; \Device\Harddisk0\DR0; has a bad block."
"7/9/2026 8:47:40 PM","7","\Device\Harddisk0\DR0","The device; \Device\Harddisk0\DR0; has a bad block."
"7/9/2026 8:47:41 PM","7","\Device\Harddisk0\DR0","The device; \Device\Harddisk0\DR0; has a bad block."
"7/9/2026 8:47:41 PM","7","\Device\Harddisk0\DR0","The device; \Device\Harddisk0\DR0; has a bad block."
"7/9/2026 8:47:41 PM","7","\Device\Harddisk0\DR0","The device; \Device\Harddisk0\DR0; has a bad block."
"7/9/2026 8:47:41 PM","7","\Device\Harddisk0\DR0","The device; \Device\Harddisk0\DR0; has a bad block."
"7/9/2026 8:47:41 PM","7","\Device\Harddisk0\DR0","The device; \Device\Harddisk0\DR0; has a bad block."
"7/9/2026 8:47:41 PM","7","\Device\Harddisk0\DR0","The device; \Device\Harddisk0\DR0; has a bad block."
"7/9/2026 8:47:42 PM","7","\Device\Harddisk0\DR0","The device; \Device\Harddisk0\DR0; has a bad block."
"7/9/2026 8:58:55 PM","7","\Device\Harddisk0\DR0","The device; \Device\Harddisk0\DR0; has a bad block."
"7/9/2026 8:58:55 PM","7","\Device\Harddisk0\DR0","The device; \Device\Harddisk0\DR0; has a bad block."
"7/9/2026 8:58:57 PM","7","\Device\Harddisk0\DR0","The device; \Device\Harddisk0\DR0; has a bad block."
"7/9/2026 8:58:57 PM","7","\Device\Harddisk0\DR0","The device; \Device\Harddisk0\DR0; has a bad block."
"7/9/2026 8:58:58 PM","7","\Device\Harddisk0\DR0","The device; \Device\Harddisk0\DR0; has a bad block."
"7/9/2026 8:58:58 PM","7","\Device\Harddisk0\DR0","The device; \Device\Harddisk0\DR0; has a bad block."
"7/9/2026 8:58:58 PM","7","\Device\Harddisk0\DR0","The device; \Device\Harddisk0\DR0; has a bad block."
"7/9/2026 8:58:58 PM","7","\Device\Harddisk0\DR0","The device; \Device\Harddisk0\DR0; has a bad block."
"7/9/2026 8:58:59 PM","7","\Device\Harddisk0\DR0","The device; \Device\Harddisk0\DR0; has a bad block."
"7/9/2026 8:58:59 PM","7","\Device\Harddisk0\DR0","The device; \Device\Harddisk0\DR0; has a bad block."
"7/9/2026 8:58:59 PM","7","\Device\Harddisk0\DR0","The device; \Device\Harddisk0\DR0; has a bad block."
"7/9/2026 8:58:59 PM","7","\Device\Harddisk0\DR0","The device; \Device\Harddisk0\DR0; has a bad block."
"7/9/2026 8:59:00 PM","7","\Device\Harddisk0\DR0","The device; \Device\Harddisk0\DR0; has a bad block."
"7/9/2026 8:59:01 PM","7","\Device\Harddisk0\DR0","The device; \Device\Harddisk0\DR0; has a bad block."
"7/9/2026 8:59:04 PM","7","\Device\Harddisk0\DR0","The device; \Device\Harddisk0\DR0; has a bad block."
"7/9/2026 8:59:04 PM","7","\Device\Harddisk0\DR0","The device; \Device\Harddisk0\DR0; has a bad block."
"7/9/2026 8:59:05 PM","7","\Device\Harddisk0\DR0","The device; \Device\Harddisk0\DR0; has a bad block."
"7/9/2026 8:59:05 PM","7","\Device\Harddisk0\DR0","The device; \Device\Harddisk0\DR0; has a bad block."
"7/9/2026 8:59:05 PM","7","\Device\Harddisk0\DR0","The device; \Device\Harddisk0\DR0; has a bad block."
"7/9/2026 8:59:05 PM","7","\Device\Harddisk0\DR0","The device; \Device\Harddisk0\DR0; has a bad block."
"7/9/2026 8:59:06 PM","7","\Device\Harddisk0\DR0","The device; \Device\Harddisk0\DR0; has a bad block."
"7/9/2026 8:59:06 PM","7","\Device\Harddisk0\DR0","The device; \Device\Harddisk0\DR0; has a bad block."
"7/9/2026 8:59:06 PM","7","\Device\Harddisk0\DR0","The device; \Device\Harddisk0\DR0; has a bad block."
"7/9/2026 8:59:06 PM","7","\Device\Harddisk0\DR0","The device; \Device\Harddisk0\DR0; has a bad block."
"7/9/2026 8:59:06 PM","7","\Device\Harddisk0\DR0","The device; \Device\Harddisk0\DR0; has a bad block."
"7/9/2026 8:59:07 PM","7","\Device\Harddisk0\DR0","The device; \Device\Harddisk0\DR0; has a bad block."
"7/9/2026 8:59:08 PM","7","\Device\Harddisk0\DR0","The device; \Device\Harddisk0\DR0; has a bad block."
"7/9/2026 8:59:09 PM","7","\Device\Harddisk0\DR0","The device; \Device\Harddisk0\DR0; has a bad block."
"7/9/2026 8:59:09 PM","7","\Device\Harddisk0\DR0","The device; \Device\Harddisk0\DR0; has a bad block."
"7/9/2026 8:59:09 PM","7","\Device\Harddisk0\DR0","The device; \Device\Harddisk0\DR0; has a bad block."
"7/9/2026 8:59:09 PM","7","\Device\Harddisk0\DR0","The device; \Device\Harddisk0\DR0; has a bad block."
"7/9/2026 8:59:10 PM","7","\Device\Harddisk0\DR0","The device; \Device\Harddisk0\DR0; has a bad block."
"7/9/2026 8:59:10 PM","7","\Device\Harddisk0\DR0","The device; \Device\Harddisk0\DR0; has a bad block."
"7/9/2026 8:59:10 PM","7","\Device\Harddisk0\DR0","The device; \Device\Harddisk0\DR0; has a bad block."
"7/9/2026 8:59:11 PM","7","\Device\Harddisk0\DR0","The device; \Device\Harddisk0\DR0; has a bad block."
"7/9/2026 8:59:11 PM","7","\Device\Harddisk0\DR0","The device; \Device\Harddisk0\DR0; has a bad block."
"7/9/2026 8:59:11 PM","7","\Device\Harddisk0\DR0","The device; \Device\Harddisk0\DR0; has a bad block."
"7/9/2026 8:59:11 PM","7","\Device\Harddisk0\DR0","The device; \Device\Harddisk0\DR0; has a bad block."
"7/9/2026 8:59:11 PM","7","\Device\Harddisk0\DR0","The device; \Device\Harddisk0\DR0; has a bad block."
"7/9/2026 8:59:12 PM","7","\Device\Harddisk0\DR0","The device; \Device\Harddisk0\DR0; has a bad block."
"7/9/2026 8:59:12 PM","7","\Device\Harddisk0\DR0","The device; \Device\Harddisk0\DR0; has a bad block."
"7/9/2026 8:59:12 PM","7","\Device\Harddisk0\DR0","The device; \Device\Harddisk0\DR0; has a bad block."
"7/9/2026 8:59:12 PM","7","\Device\Harddisk0\DR0","The device; \Device\Harddisk0\DR0; has a bad block."
"7/9/2026 8:59:12 PM","7","\Device\Harddisk0\DR0","The device; \Device\Harddisk0\DR0; has a bad block."
"7/9/2026 8:59:13 PM","7","\Device\Harddisk0\DR0","The device; \Device\Harddisk0\DR0; has a bad block."
"7/9/2026 8:59:13 PM","7","\Device\Harddisk0\DR0","The device; \Device\Harddisk0\DR0; has a bad block."
"7/9/2026 8:59:13 PM","7","\Device\Harddisk0\DR0","The device; \Device\Harddisk0\DR0; has a bad block."
"7/9/2026 8:59:13 PM","7","\Device\Harddisk0\DR0","The device; \Device\Harddisk0\DR0; has a bad block."
"7/9/2026 8:59:13 PM","7","\Device\Harddisk0\DR0","The device; \Device\Harddisk0\DR0; has a bad block."
"7/9/2026 8:59:13 PM","7","\Device\Harddisk0\DR0","The device; \Device\Harddisk0\DR0; has a bad block."
"7/9/2026 8:59:13 PM","7","\Device\Harddisk0\DR0","The device; \Device\Harddisk0\DR0; has a bad block."
"7/9/2026 8:59:14 PM","7","\Device\Harddisk0\DR0","The device; \Device\Harddisk0\DR0; has a bad block."
"7/9/2026 8:59:14 PM","7","\Device\Harddisk0\DR0","The device; \Device\Harddisk0\DR0; has a bad block."
"7/9/2026 8:59:14 PM","7","\Device\Harddisk0\DR0","The device; \Device\Harddisk0\DR0; has a bad block."
"7/9/2026 8:59:14 PM","7","\Device\Harddisk0\DR0","The device; \Device\Harddisk0\DR0; has a bad block."
"7/9/2026 8:59:14 PM","7","\Device\Harddisk0\DR0","The device; \Device\Harddisk0\DR0; has a bad block."
"7/9/2026 8:59:14 PM","7","\Device\Harddisk0\DR0","The device; \Device\Harddisk0\DR0; has a bad block."
"7/9/2026 8:59:15 PM","7","\Device\Harddisk0\DR0","The device; \Device\Harddisk0\DR0; has a bad block."
"7/9/2026 8:59:15 PM","7","\Device\Harddisk0\DR0","The device; \Device\Harddisk0\DR0; has a bad block."
"7/9/2026 8:59:15 PM","7","\Device\Harddisk0\DR0","The device; \Device\Harddisk0\DR0; has a bad block."
"7/9/2026 8:59:15 PM","7","\Device\Harddisk0\DR0","The device; \Device\Harddisk0\DR0; has a bad block."
"7/9/2026 8:59:15 PM","7","\Device\Harddisk0\DR0","The device; \Device\Harddisk0\DR0; has a bad block."
"7/9/2026 8:59:15 PM","7","\Device\Harddisk0\DR0","The device; \Device\Harddisk0\DR0; has a bad block."
"7/9/2026 8:59:16 PM","7","\Device\Harddisk0\DR0","The device; \Device\Harddisk0\DR0; has a bad block."
"7/9/2026 8:59:16 PM","7","\Device\Harddisk0\DR0","The device; \Device\Harddisk0\DR0; has a bad block."
"7/9/2026 8:59:16 PM","7","\Device\Harddisk0\DR0","The device; \Device\Harddisk0\DR0; has a bad block."
"7/9/2026 8:59:16 PM","7","\Device\Harddisk0\DR0","The device; \Device\Harddisk0\DR0; has a bad block."
"7/9/2026 8:59:16 PM","7","\Device\Harddisk0\DR0","The device; \Device\Harddisk0\DR0; has a bad block."
"7/9/2026 8:59:17 PM","7","\Device\Harddisk0\DR0","The device; \Device\Harddisk0\DR0; has a bad block."
"7/9/2026 8:59:17 PM","7","\Device\Harddisk0\DR0","The device; \Device\Harddisk0\DR0; has a bad block."
"7/9/2026 8:59:17 PM","7","\Device\Harddisk0\DR0","The device; \Device\Harddisk0\DR0; has a bad block."
"7/9/2026 8:59:17 PM","7","\Device\Harddisk0\DR0","The device; \Device\Harddisk0\DR0; has a bad block."
"7/9/2026 8:59:17 PM","7","\Device\Harddisk0\DR0","The device; \Device\Harddisk0\DR0; has a bad block."
"7/9/2026 8:59:17 PM","7","\Device\Harddisk0\DR0","The device; \Device\Harddisk0\DR0; has a bad block."
"7/9/2026 8:59:17 PM","7","\Device\Harddisk0\DR0","The device; \Device\Harddisk0\DR0; has a bad block."
"7/9/2026 8:59:18 PM","7","\Device\Harddisk0\DR0","The device; \Device\Harddisk0\DR0; has a bad block."
"7/9/2026 8:59:34 PM","7","\Device\Harddisk0\DR0","The device; \Device\Harddisk0\DR0; has a bad block."
"7/9/2026 8:59:34 PM","7","\Device\Harddisk0\DR0","The device; \Device\Harddisk0\DR0; has a bad block."
"7/9/2026 8:59:34 PM","7","\Device\Harddisk0\DR0","The device; \Device\Harddisk0\DR0; has a bad block."
"7/9/2026 8:59:34 PM","7","\Device\Harddisk0\DR0","The device; \Device\Harddisk0\DR0; has a bad block."
"7/9/2026 8:59:35 PM","7","\Device\Harddisk0\DR0","The device; \Device\Harddisk0\DR0; has a bad block."
"7/9/2026 8:59:35 PM","7","\Device\Harddisk0\DR0","The device; \Device\Harddisk0\DR0; has a bad block."
"7/9/2026 8:59:35 PM","7","\Device\Harddisk0\DR0","The device; \Device\Harddisk0\DR0; has a bad block."
"7/9/2026 8:59:36 PM","7","\Device\Harddisk0\DR0","The device; \Device\Harddisk0\DR0; has a bad block."
"7/9/2026 8:59:36 PM","7","\Device\Harddisk0\DR0","The device; \Device\Harddisk0\DR0; has a bad block."
"7/9/2026 8:59:36 PM","7","\Device\Harddisk0\DR0","The device; \Device\Harddisk0\DR0; has a bad block."
"7/9/2026 8:59:36 PM","7","\Device\Harddisk0\DR0","The device; \Device\Harddisk0\DR0; has a bad block."
"7/9/2026 8:59:37 PM","7","\Device\Harddisk0\DR0","The device; \Device\Harddisk0\DR0; has a bad block."
"7/9/2026 8:59:37 PM","7","\Device\Harddisk0\DR0","The device; \Device\Harddisk0\DR0; has a bad block."
"7/9/2026 8:59:37 PM","7","\Device\Harddisk0\DR0","The device; \Device\Harddisk0\DR0; has a bad block."
"7/9/2026 8:59:37 PM","7","\Device\Harddisk0\DR0","The device; \Device\Harddisk0\DR0; has a bad block."
"7/9/2026 8:59:37 PM","7","\Device\Harddisk0\DR0","The device; \Device\Harddisk0\DR0; has a bad block."
"7/9/2026 8:59:37 PM","7","\Device\Harddisk0\DR0","The device; \Device\Harddisk0\DR0; has a bad block."
"7/9/2026 8:59:37 PM","7","\Device\Harddisk0\DR0","The device; \Device\Harddisk0\DR0; has a bad block."
"7/9/2026 8:59:38 PM","7","\Device\Harddisk0\DR0","The device; \Device\Harddisk0\DR0; has a bad block."
"7/9/2026 8:59:38 PM","7","\Device\Harddisk0\DR0","The device; \Device\Harddisk0\DR0; has a bad block."
"7/9/2026 8:59:38 PM","7","\Device\Harddisk0\DR0","The device; \Device\Harddisk0\DR0; has a bad block."
"7/9/2026 8:59:38 PM","7","\Device\Harddisk0\DR0","The device; \Device\Harddisk0\DR0; has a bad block."
"7/9/2026 8:59:38 PM","7","\Device\Harddisk0\DR0","The device; \Device\Harddisk0\DR0; has a bad block."
"7/9/2026 8:59:39 PM","7","\Device\Harddisk0\DR0","The device; \Device\Harddisk0\DR0; has a bad block."
"7/9/2026 8:59:40 PM","7","\Device\Harddisk0\DR0","The device; \Device\Harddisk0\DR0; has a bad block."
"7/9/2026 8:59:40 PM","7","\Device\Harddisk0\DR0","The device; \Device\Harddisk0\DR0; has a bad block."
"7/9/2026 8:59:41 PM","7","\Device\Harddisk0\DR0","The device; \Device\Harddisk0\DR0; has a bad block."
"7/9/2026 8:59:41 PM","7","\Device\Harddisk0\DR0","The device; \Device\Harddisk0\DR0; has a bad block."
"7/9/2026 8:59:41 PM","7","\Device\Harddisk0\DR0","The device; \Device\Harddisk0\DR0; has a bad block."
"7/9/2026 8:59:42 PM","7","\Device\Harddisk0\DR0","The device; \Device\Harddisk0\DR0; has a bad block."
"7/9/2026 8:59:42 PM","7","\Device\Harddisk0\DR0","The device; \Device\Harddisk0\DR0; has a bad block."
"7/9/2026 8:59:42 PM","7","\Device\Harddisk0\DR0","The device; \Device\Harddisk0\DR0; has a bad block."
"7/9/2026 8:59:42 PM","7","\Device\Harddisk0\DR0","The device; \Device\Harddisk0\DR0; has a bad block."
"7/9/2026 8:59:42 PM","7","\Device\Harddisk0\DR0","The device; \Device\Harddisk0\DR0; has a bad block."
"7/9/2026 8:59:42 PM","7","\Device\Harddisk0\DR0","The device; \Device\Harddisk0\DR0; has a bad block."
"7/9/2026 8:59:42 PM","7","\Device\Harddisk0\DR0","The device; \Device\Harddisk0\DR0; has a bad block."
"7/9/2026 8:59:43 PM","7","\Device\Harddisk0\DR0","The device; \Device\Harddisk0\DR0; has a bad block."
"7/9/2026 8:59:43 PM","7","\Device\Harddisk0\DR0","The device; \Device\Harddisk0\DR0; has a bad block."
"7/9/2026 8:59:43 PM","7","\Device\Harddisk0\DR0","The device; \Device\Harddisk0\DR0; has a bad block."
"7/9/2026 8:59:43 PM","7","\Device\Harddisk0\DR0","The device; \Device\Harddisk0\DR0; has a bad block."
"7/9/2026 8:59:43 PM","7","\Device\Harddisk0\DR0","The device; \Device\Harddisk0\DR0; has a bad block."
"7/9/2026 8:59:44 PM","7","\Device\Harddisk0\DR0","The device; \Device\Harddisk0\DR0; has a bad block."
"7/9/2026 8:59:44 PM","7","\Device\Harddisk0\DR0","The device; \Device\Harddisk0\DR0; has a bad block."
"7/9/2026 8:59:44 PM","7","\Device\Harddisk0\DR0","The device; \Device\Harddisk0\DR0; has a bad block."
"7/9/2026 8:59:44 PM","7","\Device\Harddisk0\DR0","The device; \Device\Harddisk0\DR0; has a bad block."
"7/9/2026 8:59:45 PM","7","\Device\Harddisk0\DR0","The device; \Device\Harddisk0\DR0; has a bad block."
"7/9/2026 8:59:45 PM","7","\Device\Harddisk0\DR0","The device; \Device\Harddisk0\DR0; has a bad block."
"7/9/2026 8:59:45 PM","7","\Device\Harddisk0\DR0","The device; \Device\Harddisk0\DR0; has a bad block."
"7/9/2026 8:59:45 PM","7","\Device\Harddisk0\DR0","The device; \Device\Harddisk0\DR0; has a bad block."
"7/9/2026 8:59:46 PM","7","\Device\Harddisk0\DR0","The device; \Device\Harddisk0\DR0; has a bad block."
"7/9/2026 8:59:46 PM","7","\Device\Harddisk0\DR0","The device; \Device\Harddisk0\DR0; has a bad block."
"7/9/2026 8:59:46 PM","7","\Device\Harddisk0\DR0","The device; \Device\Harddisk0\DR0; has a bad block."
"7/9/2026 8:59:46 PM","7","\Device\Harddisk0\DR0","The device; \Device\Harddisk0\DR0; has a bad block."
"7/9/2026 8:59:46 PM","7","\Device\Harddisk0\DR0","The device; \Device\Harddisk0\DR0; has a bad block."
"7/9/2026 8:59:46 PM","7","\Device\Harddisk0\DR0","The device; \Device\Harddisk0\DR0; has a bad block."
"7/9/2026 8:59:46 PM","7","\Device\Harddisk0\DR0","The device; \Device\Harddisk0\DR0; has a bad block."
"7/9/2026 8:59:47 PM","7","\Device\Harddisk0\DR0","The device; \Device\Harddisk0\DR0; has a bad block."
"7/9/2026 8:59:47 PM","7","\Device\Harddisk0\DR0","The device; \Device\Harddisk0\DR0; has a bad block."
"7/9/2026 8:59:47 PM","7","\Device\Harddisk0\DR0","The device; \Device\Harddisk0\DR0; has a bad block."
"7/9/2026 8:59:47 PM","7","\Device\Harddisk0\DR0","The device; \Device\Harddisk0\DR0; has a bad block."
"7/9/2026 8:59:47 PM","7","\Device\Harddisk0\DR0","The device; \Device\Harddisk0\DR0; has a bad block."
"7/9/2026 8:59:48 PM","7","\Device\Harddisk0\DR0","The device; \Device\Harddisk0\DR0; has a bad block."
"7/9/2026 8:59:48 PM","7","\Device\Harddisk0\DR0","The device; \Device\Harddisk0\DR0; has a bad block."
"7/9/2026 8:59:48 PM","7","\Device\Harddisk0\DR0","The device; \Device\Harddisk0\DR0; has a bad block."
"7/9/2026 8:59:48 PM","7","\Device\Harddisk0\DR0","The device; \Device\Harddisk0\DR0; has a bad block."
"7/9/2026 8:59:48 PM","7","\Device\Harddisk0\DR0","The device; \Device\Harddisk0\DR0; has a bad block."
"7/9/2026 8:59:48 PM","7","\Device\Harddisk0\DR0","The device; \Device\Harddisk0\DR0; has a bad block."
"7/9/2026 8:59:48 PM","7","\Device\Harddisk0\DR0","The device; \Device\Harddisk0\DR0; has a bad block."
"7/9/2026 8:59:49 PM","7","\Device\Harddisk0\DR0","The device; \Device\Harddisk0\DR0; has a bad block."
"7/9/2026 8:59:49 PM","7","\Device\Harddisk0\DR0","The device; \Device\Harddisk0\DR0; has a bad block."
"7/9/2026 8:59:49 PM","7","\Device\Harddisk0\DR0","The device; \Device\Harddisk0\DR0; has a bad block."
"7/9/2026 8:59:49 PM","7","\Device\Harddisk0\DR0","The device; \Device\Harddisk0\DR0; has a bad block."
"7/11/2026 5:39:58 PM","7","\Device\Harddisk1\DR1","The device; \Device\Harddisk1\DR1; has a bad block."
"7/11/2026 5:39:59 PM","7","\Device\Harddisk1\DR1","The device; \Device\Harddisk1\DR1; has a bad block."
"7/11/2026 5:39:59 PM","7","\Device\Harddisk1\DR1","The device; \Device\Harddisk1\DR1; has a bad block."
"7/11/2026 5:39:59 PM","7","\Device\Harddisk1\DR1","The device; \Device\Harddisk1\DR1; has a bad block."
"7/11/2026 5:39:59 PM","7","\Device\Harddisk1\DR1","The device; \Device\Harddisk1\DR1; has a bad block."
"7/11/2026 5:39:59 PM","7","\Device\Harddisk1\DR1","The device; \Device\Harddisk1\DR1; has a bad block."
"7/11/2026 5:40:00 PM","7","\Device\Harddisk1\DR1","The device; \Device\Harddisk1\DR1; has a bad block."
"7/11/2026 5:40:00 PM","7","\Device\Harddisk1\DR1","The device; \Device\Harddisk1\DR1; has a bad block."
"7/11/2026 5:40:00 PM","7","\Device\Harddisk1\DR1","The device; \Device\Harddisk1\DR1; has a bad block."
"7/11/2026 5:40:08 PM","7","\Device\Harddisk1\DR1","The device; \Device\Harddisk1\DR1; has a bad block."
"7/11/2026 5:40:09 PM","7","\Device\Harddisk1\DR1","The device; \Device\Harddisk1\DR1; has a bad block."
"7/11/2026 5:40:09 PM","7","\Device\Harddisk1\DR1","The device; \Device\Harddisk1\DR1; has a bad block."
"7/11/2026 5:40:10 PM","7","\Device\Harddisk1\DR1","The device; \Device\Harddisk1\DR1; has a bad block."
"7/11/2026 5:40:10 PM","7","\Device\Harddisk1\DR1","The device; \Device\Harddisk1\DR1; has a bad block."
"7/11/2026 5:40:10 PM","7","\Device\Harddisk1\DR1","The device; \Device\Harddisk1\DR1; has a bad block."
"7/11/2026 5:40:10 PM","7","\Device\Harddisk1\DR1","The device; \Device\Harddisk1\DR1; has a bad block."
"7/11/2026 5:40:10 PM","7","\Device\Harddisk1\DR1","The device; \Device\Harddisk1\DR1; has a bad block."
"7/11/2026 5:40:10 PM","7","\Device\Harddisk1\DR1","The device; \Device\Harddisk1\DR1; has a bad block."
"7/11/2026 5:40:11 PM","7","\Device\Harddisk1\DR1","The device; \Device\Harddisk1\DR1; has a bad block."
"7/11/2026 5:40:11 PM","7","\Device\Harddisk1\DR1","The device; \Device\Harddisk1\DR1; has a bad block."
"7/11/2026 5:40:11 PM","7","\Device\Harddisk1\DR1","The device; \Device\Harddisk1\DR1; has a bad block."
"7/11/2026 5:40:11 PM","7","\Device\Harddisk1\DR1","The device; \Device\Harddisk1\DR1; has a bad block."
"7/11/2026 5:40:11 PM","7","\Device\Harddisk1\DR1","The device; \Device\Harddisk1\DR1; has a bad block."
"7/11/2026 5:40:11 PM","7","\Device\Harddisk1\DR1","The device; \Device\Harddisk1\DR1; has a bad block."
"7/11/2026 5:40:12 PM","7","\Device\Harddisk1\DR1","The device; \Device\Harddisk1\DR1; has a bad block."
"7/11/2026 5:40:12 PM","7","\Device\Harddisk1\DR1","The device; \Device\Harddisk1\DR1; has a bad block."
"7/11/2026 5:40:14 PM","7","\Device\Harddisk1\DR1","The device; \Device\Harddisk1\DR1; has a bad block."
"7/11/2026 5:40:14 PM","7","\Device\Harddisk1\DR1","The device; \Device\Harddisk1\DR1; has a bad block."
"7/11/2026 5:40:14 PM","7","\Device\Harddisk1\DR1","The device; \Device\Harddisk1\DR1; has a bad block."
"7/11/2026 5:40:15 PM","7","\Device\Harddisk1\DR1","The device; \Device\Harddisk1\DR1; has a bad block."
"7/11/2026 5:40:15 PM","7","\Device\Harddisk1\DR1","The device; \Device\Harddisk1\DR1; has a bad block."
"7/11/2026 5:40:15 PM","7","\Device\Harddisk1\DR1","The device; \Device\Harddisk1\DR1; has a bad block."
"7/11/2026 5:40:15 PM","7","\Device\Harddisk1\DR1","The device; \Device\Harddisk1\DR1; has a bad block."
"7/11/2026 5:40:15 PM","7","\Device\Harddisk1\DR1","The device; \Device\Harddisk1\DR1; has a bad block."
"7/11/2026 5:40:15 PM","7","\Device\Harddisk1\DR1","The device; \Device\Harddisk1\DR1; has a bad block."
"7/11/2026 5:40:16 PM","7","\Device\Harddisk1\DR1","The device; \Device\Harddisk1\DR1; has a bad block."
"7/11/2026 5:40:16 PM","7","\Device\Harddisk1\DR1","The device; \Device\Harddisk1\DR1; has a bad block."
"7/11/2026 5:40:16 PM","7","\Device\Harddisk1\DR1","The device; \Device\Harddisk1\DR1; has a bad block."
"7/11/2026 5:40:16 PM","7","\Device\Harddisk1\DR1","The device; \Device\Harddisk1\DR1; has a bad block."
"7/11/2026 5:40:16 PM","7","\Device\Harddisk1\DR1","The device; \Device\Harddisk1\DR1; has a bad block."
"7/11/2026 5:40:16 PM","7","\Device\Harddisk1\DR1","The device; \Device\Harddisk1\DR1; has a bad block."
"7/11/2026 5:40:17 PM","7","\Device\Harddisk1\DR1","The device; \Device\Harddisk1\DR1; has a bad block."
"7/11/2026 5:40:17 PM","7","\Device\Harddisk1\DR1","The device; \Device\Harddisk1\DR1; has a bad block."
"7/11/2026 5:40:17 PM","7","\Device\Harddisk1\DR1","The device; \Device\Harddisk1\DR1; has a bad block."
"7/11/2026 5:40:17 PM","7","\Device\Harddisk1\DR1","The device; \Device\Harddisk1\DR1; has a bad block."
"7/11/2026 5:40:17 PM","7","\Device\Harddisk1\DR1","The device; \Device\Harddisk1\DR1; has a bad block."
"7/11/2026 5:40:17 PM","7","\Device\Harddisk1\DR1","The device; \Device\Harddisk1\DR1; has a bad block."
"7/11/2026 5:40:17 PM","7","\Device\Harddisk1\DR1","The device; \Device\Harddisk1\DR1; has a bad block."
"7/11/2026 5:40:18 PM","7","\Device\Harddisk1\DR1","The device; \Device\Harddisk1\DR1; has a bad block."
"7/11/2026 5:40:18 PM","7","\Device\Harddisk1\DR1","The device; \Device\Harddisk1\DR1; has a bad block."
"7/11/2026 5:40:18 PM","7","\Device\Harddisk1\DR1","The device; \Device\Harddisk1\DR1; has a bad block."
"7/11/2026 11:33:04 PM","7","\Device\Harddisk1\DR1","The device; \Device\Harddisk1\DR1; has a bad block."
"7/11/2026 11:33:04 PM","7","\Device\Harddisk1\DR1","The device; \Device\Harddisk1\DR1; has a bad block."
"7/11/2026 11:33:05 PM","7","\Device\Harddisk1\DR1","The device; \Device\Harddisk1\DR1; has a bad block."
"7/11/2026 11:33:05 PM","7","\Device\Harddisk1\DR1","The device; \Device\Harddisk1\DR1; has a bad block."
"7/11/2026 11:33:05 PM","7","\Device\Harddisk1\DR1","The device; \Device\Harddisk1\DR1; has a bad block."
"7/11/2026 11:33:05 PM","7","\Device\Harddisk1\DR1","The device; \Device\Harddisk1\DR1; has a bad block."
"7/11/2026 11:33:06 PM","7","\Device\Harddisk1\DR1","The device; \Device\Harddisk1\DR1; has a bad block."
"7/11/2026 11:33:06 PM","7","\Device\Harddisk1\DR1","The device; \Device\Harddisk1\DR1; has a bad block."
"7/11/2026 11:33:06 PM","7","\Device\Harddisk1\DR1","The device; \Device\Harddisk1\DR1; has a bad block."
"7/11/2026 11:33:06 PM","7","\Device\Harddisk1\DR1","The device; \Device\Harddisk1\DR1; has a bad block."
"7/11/2026 11:33:06 PM","7","\Device\Harddisk1\DR1","The device; \Device\Harddisk1\DR1; has a bad block."
"7/11/2026 11:59:10 PM","7","\Device\Harddisk1\DR1","The device; \Device\Harddisk1\DR1; has a bad block."
"7/11/2026 11:59:10 PM","7","\Device\Harddisk1\DR1","The device; \Device\Harddisk1\DR1; has a bad block."
"7/11/2026 11:59:10 PM","7","\Device\Harddisk1\DR1","The device; \Device\Harddisk1\DR1; has a bad block."
"7/11/2026 11:59:10 PM","7","\Device\Harddisk1\DR1","The device; \Device\Harddisk1\DR1; has a bad block."
"7/11/2026 11:59:10 PM","7","\Device\Harddisk1\DR1","The device; \Device\Harddisk1\DR1; has a bad block."
"7/11/2026 11:59:11 PM","7","\Device\Harddisk1\DR1","The device; \Device\Harddisk1\DR1; has a bad block."
"7/11/2026 11:59:11 PM","7","\Device\Harddisk1\DR1","The device; \Device\Harddisk1\DR1; has a bad block."
"7/11/2026 11:59:11 PM","7","\Device\Harddisk1\DR1","The device; \Device\Harddisk1\DR1; has a bad block."
"7/11/2026 11:59:11 PM","7","\Device\Harddisk1\DR1","The device; \Device\Harddisk1\DR1; has a bad block."
"7/11/2026 11:59:11 PM","7","\Device\Harddisk1\DR1","The device; \Device\Harddisk1\DR1; has a bad block."
"7/11/2026 11:59:11 PM","7","\Device\Harddisk1\DR1","The device; \Device\Harddisk1\DR1; has a bad block."
"7/11/2026 11:59:12 PM","7","\Device\Harddisk1\DR1","The device; \Device\Harddisk1\DR1; has a bad block."
"7/11/2026 11:59:12 PM","7","\Device\Harddisk1\DR1","The device; \Device\Harddisk1\DR1; has a bad block."
"7/11/2026 11:59:18 PM","7","\Device\Harddisk1\DR1","The device; \Device\Harddisk1\DR1; has a bad block."
"7/11/2026 11:59:18 PM","7","\Device\Harddisk1\DR1","The device; \Device\Harddisk1\DR1; has a bad block."
"7/11/2026 11:59:19 PM","7","\Device\Harddisk1\DR1","The device; \Device\Harddisk1\DR1; has a bad block."
"7/11/2026 11:59:19 PM","7","\Device\Harddisk1\DR1","The device; \Device\Harddisk1\DR1; has a bad block."
"7/11/2026 11:59:19 PM","7","\Device\Harddisk1\DR1","The device; \Device\Harddisk1\DR1; has a bad block."
"7/11/2026 11:59:19 PM","7","\Device\Harddisk1\DR1","The device; \Device\Harddisk1\DR1; has a bad block."
"7/11/2026 11:59:20 PM","7","\Device\Harddisk1\DR1","The device; \Device\Harddisk1\DR1; has a bad block."
"7/11/2026 11:59:20 PM","7","\Device\Harddisk1\DR1","The device; \Device\Harddisk1\DR1; has a bad block."
"7/11/2026 11:59:20 PM","7","\Device\Harddisk1\DR1","The device; \Device\Harddisk1\DR1; has a bad block."
"7/11/2026 11:59:20 PM","7","\Device\Harddisk1\DR1","The device; \Device\Harddisk1\DR1; has a bad block."
"7/11/2026 11:59:20 PM","7","\Device\Harddisk1\DR1","The device; \Device\Harddisk1\DR1; has a bad block."
"7/11/2026 11:59:20 PM","7","\Device\Harddisk1\DR1","The device; \Device\Harddisk1\DR1; has a bad block."
"7/11/2026 11:59:21 PM","7","\Device\Harddisk1\DR1","The device; \Device\Harddisk1\DR1; has a bad block."
"7/11/2026 11:59:21 PM","7","\Device\Harddisk1\DR1","The device; \Device\Harddisk1\DR1; has a bad block."
"7/11/2026 11:59:21 PM","7","\Device\Harddisk1\DR1","The device; \Device\Harddisk1\DR1; has a bad block."
"7/11/2026 11:59:21 PM","7","\Device\Harddisk1\DR1","The device; \Device\Harddisk1\DR1; has a bad block."
"7/11/2026 11:59:21 PM","7","\Device\Harddisk1\DR1","The device; \Device\Harddisk1\DR1; has a bad block."
"7/11/2026 11:59:58 PM","7","\Device\Harddisk1\DR1","The device; \Device\Harddisk1\DR1; has a bad block."
"7/11/2026 11:59:59 PM","7","\Device\Harddisk1\DR1","The device; \Device\Harddisk1\DR1; has a bad block."
"7/11/2026 11:59:59 PM","7","\Device\Harddisk1\DR1","The device; \Device\Harddisk1\DR1; has a bad block."
"7/11/2026 11:59:59 PM","7","\Device\Harddisk1\DR1","The device; \Device\Harddisk1\DR1; has a bad block."
"7/11/2026 11:59:59 PM","7","\Device\Harddisk1\DR1","The device; \Device\Harddisk1\DR1; has a bad block."
"7/11/2026 11:59:59 PM","7","\Device\Harddisk1\DR1","The device; \Device\Harddisk1\DR1; has a bad block."
"7/12/2026 12:00:41 AM","7","\Device\Harddisk1\DR1","The device; \Device\Harddisk1\DR1; has a bad block."
"7/12/2026 12:00:42 AM","7","\Device\Harddisk1\DR1","The device; \Device\Harddisk1\DR1; has a bad block."
"7/12/2026 12:00:42 AM","7","\Device\Harddisk1\DR1","The device; \Device\Harddisk1\DR1; has a bad block."
"7/12/2026 12:00:42 AM","7","\Device\Harddisk1\DR1","The device; \Device\Harddisk1\DR1; has a bad block."
"7/12/2026 12:00:42 AM","7","\Device\Harddisk1\DR1","The device; \Device\Harddisk1\DR1; has a bad block."
"7/12/2026 12:00:42 AM","7","\Device\Harddisk1\DR1","The device; \Device\Harddisk1\DR1; has a bad block."
"7/12/2026 12:00:42 AM","7","\Device\Harddisk1\DR1","The device; \Device\Harddisk1\DR1; has a bad block."
"7/12/2026 12:00:43 AM","7","\Device\Harddisk1\DR1","The device; \Device\Harddisk1\DR1; has a bad block."
"7/12/2026 12:00:44 AM","7","\Device\Harddisk1\DR1","The device; \Device\Harddisk1\DR1; has a bad block."
"7/12/2026 12:00:45 AM","7","\Device\Harddisk1\DR1","The device; \Device\Harddisk1\DR1; has a bad block."
"7/12/2026 12:00:45 AM","7","\Device\Harddisk1\DR1","The device; \Device\Harddisk1\DR1; has a bad block."
"7/12/2026 12:00:45 AM","7","\Device\Harddisk1\DR1","The device; \Device\Harddisk1\DR1; has a bad block."
"7/12/2026 12:41:47 PM","7","\Device\Harddisk1\DR1","The device; \Device\Harddisk1\DR1; has a bad block."
"7/12/2026 12:41:47 PM","7","\Device\Harddisk1\DR1","The device; \Device\Harddisk1\DR1; has a bad block."
"7/12/2026 12:41:48 PM","7","\Device\Harddisk1\DR1","The device; \Device\Harddisk1\DR1; has a bad block."
"7/12/2026 12:41:48 PM","7","\Device\Harddisk1\DR1","The device; \Device\Harddisk1\DR1; has a bad block."
"7/12/2026 12:41:48 PM","7","\Device\Harddisk1\DR1","The device; \Device\Harddisk1\DR1; has a bad block."
"7/12/2026 12:41:48 PM","7","\Device\Harddisk1\DR1","The device; \Device\Harddisk1\DR1; has a bad block."
"7/12/2026 12:41:48 PM","7","\Device\Harddisk1\DR1","The device; \Device\Harddisk1\DR1; has a bad block."
"7/12/2026 1:25:23 PM","7","\Device\Harddisk1\DR1","The device; \Device\Harddisk1\DR1; has a bad block."
"7/12/2026 1:25:24 PM","7","\Device\Harddisk1\DR1","The device; \Device\Harddisk1\DR1; has a bad block."
"7/12/2026 1:25:24 PM","7","\Device\Harddisk1\DR1","The device; \Device\Harddisk1\DR1; has a bad block."
"7/12/2026 1:25:24 PM","7","\Device\Harddisk1\DR1","The device; \Device\Harddisk1\DR1; has a bad block."
"7/12/2026 1:25:25 PM","7","\Device\Harddisk1\DR1","The device; \Device\Harddisk1\DR1; has a bad block."
"7/12/2026 1:25:25 PM","7","\Device\Harddisk1\DR1","The device; \Device\Harddisk1\DR1; has a bad block."
"7/12/2026 1:25:25 PM","7","\Device\Harddisk1\DR1","The device; \Device\Harddisk1\DR1; has a bad block."
"7/12/2026 1:25:25 PM","7","\Device\Harddisk1\DR1","The device; \Device\Harddisk1\DR1; has a bad block."
"7/12/2026 1:25:26 PM","7","\Device\Harddisk1\DR1","The device; \Device\Harddisk1\DR1; has a bad block."
"7/12/2026 1:25:26 PM","7","\Device\Harddisk1\DR1","The device; \Device\Harddisk1\DR1; has a bad block."
"7/12/2026 1:25:27 PM","7","\Device\Harddisk1\DR1","The device; \Device\Harddisk1\DR1; has a bad block."
"7/12/2026 1:25:27 PM","7","\Device\Harddisk1\DR1","The device; \Device\Harddisk1\DR1; has a bad block."
"7/12/2026 1:25:27 PM","7","\Device\Harddisk1\DR1","The device; \Device\Harddisk1\DR1; has a bad block."
"7/12/2026 1:25:27 PM","7","\Device\Harddisk1\DR1","The device; \Device\Harddisk1\DR1; has a bad block."
"7/12/2026 1:25:28 PM","7","\Device\Harddisk1\DR1","The device; \Device\Harddisk1\DR1; has a bad block."
"7/12/2026 1:25:28 PM","7","\Device\Harddisk1\DR1","The device; \Device\Harddisk1\DR1; has a bad block."
"7/12/2026 1:25:28 PM","7","\Device\Harddisk1\DR1","The device; \Device\Harddisk1\DR1; has a bad block."
"7/12/2026 1:25:29 PM","7","\Device\Harddisk1\DR1","The device; \Device\Harddisk1\DR1; has a bad block."
"7/12/2026 1:25:29 PM","7","\Device\Harddisk1\DR1","The device; \Device\Harddisk1\DR1; has a bad block."
"7/12/2026 1:25:30 PM","7","\Device\Harddisk1\DR1","The device; \Device\Harddisk1\DR1; has a bad block."
"7/12/2026 1:25:30 PM","7","\Device\Harddisk1\DR1","The device; \Device\Harddisk1\DR1; has a bad block."
"7/12/2026 1:25:31 PM","7","\Device\Harddisk1\DR1","The device; \Device\Harddisk1\DR1; has a bad block."
"7/12/2026 1:25:31 PM","7","\Device\Harddisk1\DR1","The device; \Device\Harddisk1\DR1; has a bad block."
"7/12/2026 1:25:31 PM","7","\Device\Harddisk1\DR1","The device; \Device\Harddisk1\DR1; has a bad block."
"7/12/2026 1:25:31 PM","7","\Device\Harddisk1\DR1","The device; \Device\Harddisk1\DR1; has a bad block."
"7/12/2026 1:25:31 PM","7","\Device\Harddisk1\DR1","The device; \Device\Harddisk1\DR1; has a bad block."
"7/12/2026 1:25:32 PM","7","\Device\Harddisk1\DR1","The device; \Device\Harddisk1\DR1; has a bad block."
"7/12/2026 1:25:32 PM","7","\Device\Harddisk1\DR1","The device; \Device\Harddisk1\DR1; has a bad block."
"7/12/2026 1:25:32 PM","7","\Device\Harddisk1\DR1","The device; \Device\Harddisk1\DR1; has a bad block."
"7/12/2026 1:25:33 PM","7","\Device\Harddisk1\DR1","The device; \Device\Harddisk1\DR1; has a bad block."
"7/12/2026 1:25:33 PM","7","\Device\Harddisk1\DR1","The device; \Device\Harddisk1\DR1; has a bad block."
"7/12/2026 1:25:33 PM","7","\Device\Harddisk1\DR1","The device; \Device\Harddisk1\DR1; has a bad block."
"7/12/2026 1:25:33 PM","7","\Device\Harddisk1\DR1","The device; \Device\Harddisk1\DR1; has a bad block."
"7/12/2026 1:25:34 PM","7","\Device\Harddisk1\DR1","The device; \Device\Harddisk1\DR1; has a bad block."
"7/12/2026 1:25:34 PM","7","\Device\Harddisk1\DR1","The device; \Device\Harddisk1\DR1; has a bad block."
"7/12/2026 1:25:34 PM","7","\Device\Harddisk1\DR1","The device; \Device\Harddisk1\DR1; has a bad block."
"7/12/2026 1:25:34 PM","7","\Device\Harddisk1\DR1","The device; \Device\Harddisk1\DR1; has a bad block."
"7/12/2026 1:25:35 PM","7","\Device\Harddisk1\DR1","The device; \Device\Harddisk1\DR1; has a bad block."
"7/12/2026 1:25:35 PM","7","\Device\Harddisk1\DR1","The device; \Device\Harddisk1\DR1; has a bad block."
"7/12/2026 1:25:35 PM","7","\Device\Harddisk1\DR1","The device; \Device\Harddisk1\DR1; has a bad block."
"7/12/2026 1:25:35 PM","7","\Device\Harddisk1\DR1","The device; \Device\Harddisk1\DR1; has a bad block."
"7/12/2026 1:25:36 PM","7","\Device\Harddisk1\DR1","The device; \Device\Harddisk1\DR1; has a bad block."
"7/12/2026 1:25:36 PM","7","\Device\Harddisk1\DR1","The device; \Device\Harddisk1\DR1; has a bad block."
"7/12/2026 1:25:36 PM","7","\Device\Harddisk1\DR1","The device; \Device\Harddisk1\DR1; has a bad block."
"7/12/2026 1:25:36 PM","7","\Device\Harddisk1\DR1","The device; \Device\Harddisk1\DR1; has a bad block."
"7/12/2026 1:25:37 PM","7","\Device\Harddisk1\DR1","The device; \Device\Harddisk1\DR1; has a bad block."
"7/12/2026 1:25:37 PM","7","\Device\Harddisk1\DR1","The device; \Device\Harddisk1\DR1; has a bad block."
"7/12/2026 1:25:37 PM","7","\Device\Harddisk1\DR1","The device; \Device\Harddisk1\DR1; has a bad block."
"7/12/2026 1:25:37 PM","7","\Device\Harddisk1\DR1","The device; \Device\Harddisk1\DR1; has a bad block."
"7/12/2026 1:25:37 PM","7","\Device\Harddisk1\DR1","The device; \Device\Harddisk1\DR1; has a bad block."
"7/12/2026 1:25:38 PM","7","\Device\Harddisk1\DR1","The device; \Device\Harddisk1\DR1; has a bad block."
"7/12/2026 1:25:38 PM","7","\Device\Harddisk1\DR1","The device; \Device\Harddisk1\DR1; has a bad block."
"7/12/2026 1:25:38 PM","7","\Device\Harddisk1\DR1","The device; \Device\Harddisk1\DR1; has a bad block."
"7/12/2026 1:25:39 PM","7","\Device\Harddisk1\DR1","The device; \Device\Harddisk1\DR1; has a bad block."
"7/12/2026 1:25:39 PM","7","\Device\Harddisk1\DR1","The device; \Device\Harddisk1\DR1; has a bad block."
"7/12/2026 1:25:39 PM","7","\Device\Harddisk1\DR1","The device; \Device\Harddisk1\DR1; has a bad block."
"7/12/2026 1:25:39 PM","7","\Device\Harddisk1\DR1","The device; \Device\Harddisk1\DR1; has a bad block."
"7/12/2026 1:25:40 PM","7","\Device\Harddisk1\DR1","The device; \Device\Harddisk1\DR1; has a bad block."
"7/12/2026 1:25:40 PM","7","\Device\Harddisk1\DR1","The device; \Device\Harddisk1\DR1; has a bad block."
"7/12/2026 1:25:40 PM","7","\Device\Harddisk1\DR1","The device; \Device\Harddisk1\DR1; has a bad block."
"7/12/2026 1:25:40 PM","7","\Device\Harddisk1\DR1","The device; \Device\Harddisk1\DR1; has a bad block."
"7/12/2026 1:25:40 PM","7","\Device\Harddisk1\DR1","The device; \Device\Harddisk1\DR1; has a bad block."
"7/12/2026 1:25:40 PM","7","\Device\Harddisk1\DR1","The device; \Device\Harddisk1\DR1; has a bad block."
"7/12/2026 1:25:41 PM","7","\Device\Harddisk1\DR1","The device; \Device\Harddisk1\DR1; has a bad block."
"7/12/2026 1:25:41 PM","7","\Device\Harddisk1\DR1","The device; \Device\Harddisk1\DR1; has a bad block."
"7/12/2026 1:25:41 PM","7","\Device\Harddisk1\DR1","The device; \Device\Harddisk1\DR1; has a bad block."
"7/12/2026 1:25:41 PM","7","\Device\Harddisk1\DR1","The device; \Device\Harddisk1\DR1; has a bad block."
"7/12/2026 1:25:41 PM","7","\Device\Harddisk1\DR1","The device; \Device\Harddisk1\DR1; has a bad block."
"7/12/2026 1:25:42 PM","7","\Device\Harddisk1\DR1","The device; \Device\Harddisk1\DR1; has a bad block."
"7/12/2026 1:25:42 PM","7","\Device\Harddisk1\DR1","The device; \Device\Harddisk1\DR1; has a bad block."
"7/12/2026 1:25:42 PM","7","\Device\Harddisk1\DR1","The device; \Device\Harddisk1\DR1; has a bad block."
"7/12/2026 1:25:42 PM","7","\Device\Harddisk1\DR1","The device; \Device\Harddisk1\DR1; has a bad block."
"7/12/2026 1:25:42 PM","7","\Device\Harddisk1\DR1","The device; \Device\Harddisk1\DR1; has a bad block."
"7/12/2026 1:25:43 PM","7","\Device\Harddisk1\DR1","The device; \Device\Harddisk1\DR1; has a bad block."
"7/12/2026 1:25:43 PM","7","\Device\Harddisk1\DR1","The device; \Device\Harddisk1\DR1; has a bad block."
"7/12/2026 1:25:44 PM","7","\Device\Harddisk1\DR1","The device; \Device\Harddisk1\DR1; has a bad block."
"7/12/2026 1:25:44 PM","7","\Device\Harddisk1\DR1","The device; \Device\Harddisk1\DR1; has a bad block."
"7/12/2026 1:25:44 PM","7","\Device\Harddisk1\DR1","The device; \Device\Harddisk1\DR1; has a bad block."
"7/12/2026 1:25:44 PM","7","\Device\Harddisk1\DR1","The device; \Device\Harddisk1\DR1; has a bad block."
"7/12/2026 1:25:44 PM","7","\Device\Harddisk1\DR1","The device; \Device\Harddisk1\DR1; has a bad block."
"7/12/2026 1:25:45 PM","7","\Device\Harddisk1\DR1","The device; \Device\Harddisk1\DR1; has a bad block."
"7/12/2026 1:25:45 PM","7","\Device\Harddisk1\DR1","The device; \Device\Harddisk1\DR1; has a bad block."
"7/12/2026 1:25:45 PM","7","\Device\Harddisk1\DR1","The device; \Device\Harddisk1\DR1; has a bad block."
"7/12/2026 1:25:45 PM","7","\Device\Harddisk1\DR1","The device; \Device\Harddisk1\DR1; has a bad block."
"7/12/2026 1:25:45 PM","7","\Device\Harddisk1\DR1","The device; \Device\Harddisk1\DR1; has a bad block."
"7/12/2026 1:25:46 PM","7","\Device\Harddisk1\DR1","The device; \Device\Harddisk1\DR1; has a bad block."
"7/12/2026 1:25:46 PM","7","\Device\Harddisk1\DR1","The device; \Device\Harddisk1\DR1; has a bad block."
"7/12/2026 1:25:46 PM","7","\Device\Harddisk1\DR1","The device; \Device\Harddisk1\DR1; has a bad block."
"7/12/2026 1:25:46 PM","7","\Device\Harddisk1\DR1","The device; \Device\Harddisk1\DR1; has a bad block."
"7/12/2026 1:25:47 PM","7","\Device\Harddisk1\DR1","The device; \Device\Harddisk1\DR1; has a bad block."
"7/12/2026 1:25:47 PM","7","\Device\Harddisk1\DR1","The device; \Device\Harddisk1\DR1; has a bad block."
"7/12/2026 1:25:47 PM","7","\Device\Harddisk1\DR1","The device; \Device\Harddisk1\DR1; has a bad block."
"7/12/2026 1:25:47 PM","7","\Device\Harddisk1\DR1","The device; \Device\Harddisk1\DR1; has a bad block."
"7/12/2026 1:25:48 PM","7","\Device\Harddisk1\DR1","The device; \Device\Harddisk1\DR1; has a bad block."
"7/12/2026 1:25:48 PM","7","\Device\Harddisk1\DR1","The device; \Device\Harddisk1\DR1; has a bad block."
"7/12/2026 1:25:48 PM","7","\Device\Harddisk1\DR1","The device; \Device\Harddisk1\DR1; has a bad block."
"7/12/2026 1:25:48 PM","7","\Device\Harddisk1\DR1","The device; \Device\Harddisk1\DR1; has a bad block."
"7/12/2026 1:25:48 PM","7","\Device\Harddisk1\DR1","The device; \Device\Harddisk1\DR1; has a bad block."
"7/12/2026 1:25:48 PM","7","\Device\Harddisk1\DR1","The device; \Device\Harddisk1\DR1; has a bad block."
"7/12/2026 1:25:49 PM","7","\Device\Harddisk1\DR1","The device; \Device\Harddisk1\DR1; has a bad block."
"7/12/2026 1:25:49 PM","7","\Device\Harddisk1\DR1","The device; \Device\Harddisk1\DR1; has a bad block."
"7/12/2026 1:25:49 PM","7","\Device\Harddisk1\DR1","The device; \Device\Harddisk1\DR1; has a bad block."
"7/12/2026 1:25:49 PM","7","\Device\Harddisk1\DR1","The device; \Device\Harddisk1\DR1; has a bad block."
"7/12/2026 1:25:49 PM","7","\Device\Harddisk1\DR1","The device; \Device\Harddisk1\DR1; has a bad block."
"7/12/2026 1:25:50 PM","7","\Device\Harddisk1\DR1","The device; \Device\Harddisk1\DR1; has a bad block."
"7/12/2026 1:25:50 PM","7","\Device\Harddisk1\DR1","The device; \Device\Harddisk1\DR1; has a bad block."
"7/12/2026 1:25:50 PM","7","\Device\Harddisk1\DR1","The device; \Device\Harddisk1\DR1; has a bad block."
"7/12/2026 1:25:50 PM","7","\Device\Harddisk1\DR1","The device; \Device\Harddisk1\DR1; has a bad block."
"7/12/2026 1:25:50 PM","7","\Device\Harddisk1\DR1","The device; \Device\Harddisk1\DR1; has a bad block."
"7/12/2026 1:25:51 PM","7","\Device\Harddisk1\DR1","The device; \Device\Harddisk1\DR1; has a bad block."
"7/12/2026 1:25:51 PM","7","\Device\Harddisk1\DR1","The device; \Device\Harddisk1\DR1; has a bad block."
"7/12/2026 1:25:51 PM","7","\Device\Harddisk1\DR1","The device; \Device\Harddisk1\DR1; has a bad block."
"7/12/2026 1:25:51 PM","7","\Device\Harddisk1\DR1","The device; \Device\Harddisk1\DR1; has a bad block."
"7/12/2026 1:25:51 PM","7","\Device\Harddisk1\DR1","The device; \Device\Harddisk1\DR1; has a bad block."
"7/12/2026 1:25:52 PM","7","\Device\Harddisk1\DR1","The device; \Device\Harddisk1\DR1; has a bad block."
"7/12/2026 1:25:52 PM","7","\Device\Harddisk1\DR1","The device; \Device\Harddisk1\DR1; has a bad block."
"7/12/2026 1:25:55 PM","7","\Device\Harddisk1\DR1","The device; \Device\Harddisk1\DR1; has a bad block."
"7/12/2026 1:25:56 PM","7","\Device\Harddisk1\DR1","The device; \Device\Harddisk1\DR1; has a bad block."
"7/12/2026 1:25:56 PM","7","\Device\Harddisk1\DR1","The device; \Device\Harddisk1\DR1; has a bad block."
"7/12/2026 1:25:57 PM","7","\Device\Harddisk1\DR1","The device; \Device\Harddisk1\DR1; has a bad block."
"7/12/2026 1:25:57 PM","7","\Device\Harddisk1\DR1","The device; \Device\Harddisk1\DR1; has a bad block."
"7/12/2026 1:25:58 PM","7","\Device\Harddisk1\DR1","The device; \Device\Harddisk1\DR1; has a bad block."
"7/12/2026 1:25:58 PM","7","\Device\Harddisk1\DR1","The device; \Device\Harddisk1\DR1; has a bad block."
"7/12/2026 1:25:59 PM","7","\Device\Harddisk1\DR1","The device; \Device\Harddisk1\DR1; has a bad block."
"7/12/2026 1:25:59 PM","7","\Device\Harddisk1\DR1","The device; \Device\Harddisk1\DR1; has a bad block."
"7/12/2026 1:26:00 PM","7","\Device\Harddisk1\DR1","The device; \Device\Harddisk1\DR1; has a bad block."
"7/12/2026 1:26:00 PM","7","\Device\Harddisk1\DR1","The device; \Device\Harddisk1\DR1; has a bad block."
"7/12/2026 1:26:01 PM","7","\Device\Harddisk1\DR1","The device; \Device\Harddisk1\DR1; has a bad block."
"7/12/2026 1:26:01 PM","7","\Device\Harddisk1\DR1","The device; \Device\Harddisk1\DR1; has a bad block."
"7/12/2026 1:26:01 PM","7","\Device\Harddisk1\DR1","The device; \Device\Harddisk1\DR1; has a bad block."
"7/12/2026 1:26:02 PM","7","\Device\Harddisk1\DR1","The device; \Device\Harddisk1\DR1; has a bad block."
"7/12/2026 1:26:03 PM","7","\Device\Harddisk1\DR1","The device; \Device\Harddisk1\DR1; has a bad block."
"7/12/2026 1:26:03 PM","7","\Device\Harddisk1\DR1","The device; \Device\Harddisk1\DR1; has a bad block."
"7/12/2026 1:26:04 PM","7","\Device\Harddisk1\DR1","The device; \Device\Harddisk1\DR1; has a bad block."
"7/12/2026 1:26:04 PM","7","\Device\Harddisk1\DR1","The device; \Device\Harddisk1\DR1; has a bad block."
"7/12/2026 1:26:05 PM","7","\Device\Harddisk1\DR1","The device; \Device\Harddisk1\DR1; has a bad block."
"7/12/2026 1:26:05 PM","7","\Device\Harddisk1\DR1","The device; \Device\Harddisk1\DR1; has a bad block."
"7/12/2026 1:26:05 PM","7","\Device\Harddisk1\DR1","The device; \Device\Harddisk1\DR1; has a bad block."
"7/12/2026 1:26:06 PM","7","\Device\Harddisk1\DR1","The device; \Device\Harddisk1\DR1; has a bad block."
"7/12/2026 1:26:06 PM","7","\Device\Harddisk1\DR1","The device; \Device\Harddisk1\DR1; has a bad block."
"7/12/2026 1:26:06 PM","7","\Device\Harddisk1\DR1","The device; \Device\Harddisk1\DR1; has a bad block."
"7/12/2026 1:26:06 PM","7","\Device\Harddisk1\DR1","The device; \Device\Harddisk1\DR1; has a bad block."
"7/12/2026 1:26:07 PM","7","\Device\Harddisk1\DR1","The device; \Device\Harddisk1\DR1; has a bad block."
"7/12/2026 1:26:07 PM","7","\Device\Harddisk1\DR1","The device; \Device\Harddisk1\DR1; has a bad block."
"7/12/2026 1:26:07 PM","7","\Device\Harddisk1\DR1","The device; \Device\Harddisk1\DR1; has a bad block."
"7/12/2026 1:26:08 PM","7","\Device\Harddisk1\DR1","The device; \Device\Harddisk1\DR1; has a bad block."
"7/12/2026 1:26:08 PM","7","\Device\Harddisk1\DR1","The device; \Device\Harddisk1\DR1; has a bad block."
"7/12/2026 1:26:08 PM","7","\Device\Harddisk1\DR1","The device; \Device\Harddisk1\DR1; has a bad block."
"7/12/2026 1:26:08 PM","7","\Device\Harddisk1\DR1","The device; \Device\Harddisk1\DR1; has a bad block."
"7/12/2026 1:26:09 PM","7","\Device\Harddisk1\DR1","The device; \Device\Harddisk1\DR1; has a bad block."
"7/12/2026 1:26:09 PM","7","\Device\Harddisk1\DR1","The device; \Device\Harddisk1\DR1; has a bad block."
"7/12/2026 1:26:09 PM","7","\Device\Harddisk1\DR1","The device; \Device\Harddisk1\DR1; has a bad block."
"7/12/2026 1:26:09 PM","7","\Device\Harddisk1\DR1","The device; \Device\Harddisk1\DR1; has a bad block."
"7/12/2026 1:26:10 PM","7","\Device\Harddisk1\DR1","The device; \Device\Harddisk1\DR1; has a bad block."
"7/12/2026 1:26:11 PM","7","\Device\Harddisk1\DR1","The device; \Device\Harddisk1\DR1; has a bad block."
"7/12/2026 1:26:12 PM","7","\Device\Harddisk1\DR1","The device; \Device\Harddisk1\DR1; has a bad block."
"7/12/2026 1:26:12 PM","7","\Device\Harddisk1\DR1","The device; \Device\Harddisk1\DR1; has a bad block."
"7/12/2026 1:26:12 PM","7","\Device\Harddisk1\DR1","The device; \Device\Harddisk1\DR1; has a bad block."
"7/12/2026 1:26:13 PM","7","\Device\Harddisk1\DR1","The device; \Device\Harddisk1\DR1; has a bad block."
"7/12/2026 1:26:13 PM","7","\Device\Harddisk1\DR1","The device; \Device\Harddisk1\DR1; has a bad block."
"7/12/2026 1:26:14 PM","7","\Device\Harddisk1\DR1","The device; \Device\Harddisk1\DR1; has a bad block."
"7/12/2026 1:26:14 PM","7","\Device\Harddisk1\DR1","The device; \Device\Harddisk1\DR1; has a bad block."
"7/12/2026 1:26:14 PM","7","\Device\Harddisk1\DR1","The device; \Device\Harddisk1\DR1; has a bad block."
"7/12/2026 1:26:14 PM","7","\Device\Harddisk1\DR1","The device; \Device\Harddisk1\DR1; has a bad block."
"7/12/2026 1:26:15 PM","7","\Device\Harddisk1\DR1","The device; \Device\Harddisk1\DR1; has a bad block."
"7/12/2026 1:26:15 PM","7","\Device\Harddisk1\DR1","The device; \Device\Harddisk1\DR1; has a bad block."
"7/12/2026 1:26:15 PM","7","\Device\Harddisk1\DR1","The device; \Device\Harddisk1\DR1; has a bad block."
"7/12/2026 1:26:15 PM","7","\Device\Harddisk1\DR1","The device; \Device\Harddisk1\DR1; has a bad block."
"7/12/2026 1:26:15 PM","7","\Device\Harddisk1\DR1","The device; \Device\Harddisk1\DR1; has a bad block."
"7/12/2026 1:26:16 PM","7","\Device\Harddisk1\DR1","The device; \Device\Harddisk1\DR1; has a bad block."
"7/12/2026 1:26:16 PM","7","\Device\Harddisk1\DR1","The device; \Device\Harddisk1\DR1; has a bad block."
"7/12/2026 1:26:16 PM","7","\Device\Harddisk1\DR1","The device; \Device\Harddisk1\DR1; has a bad block."
"7/12/2026 1:26:16 PM","7","\Device\Harddisk1\DR1","The device; \Device\Harddisk1\DR1; has a bad block."
"7/12/2026 1:26:17 PM","7","\Device\Harddisk1\DR1","The device; \Device\Harddisk1\DR1; has a bad block."
"7/12/2026 1:26:17 PM","7","\Device\Harddisk1\DR1","The device; \Device\Harddisk1\DR1; has a bad block."
"7/12/2026 1:26:17 PM","7","\Device\Harddisk1\DR1","The device; \Device\Harddisk1\DR1; has a bad block."
"7/12/2026 1:26:17 PM","7","\Device\Harddisk1\DR1","The device; \Device\Harddisk1\DR1; has a bad block."
"7/12/2026 1:26:18 PM","7","\Device\Harddisk1\DR1","The device; \Device\Harddisk1\DR1; has a bad block."
"7/12/2026 1:26:18 PM","7","\Device\Harddisk1\DR1","The device; \Device\Harddisk1\DR1; has a bad block."
"7/12/2026 1:26:18 PM","7","\Device\Harddisk1\DR1","The device; \Device\Harddisk1\DR1; has a bad block."
"7/12/2026 1:26:18 PM","7","\Device\Harddisk1\DR1","The device; \Device\Harddisk1\DR1; has a bad block."
"7/12/2026 1:26:19 PM","7","\Device\Harddisk1\DR1","The device; \Device\Harddisk1\DR1; has a bad block."
"7/12/2026 1:26:19 PM","7","\Device\Harddisk1\DR1","The device; \Device\Harddisk1\DR1; has a bad block."
"7/12/2026 1:26:19 PM","7","\Device\Harddisk1\DR1","The device; \Device\Harddisk1\DR1; has a bad block."
"7/12/2026 1:26:19 PM","7","\Device\Harddisk1\DR1","The device; \Device\Harddisk1\DR1; has a bad block."
"7/12/2026 1:26:20 PM","7","\Device\Harddisk1\DR1","The device; \Device\Harddisk1\DR1; has a bad block."
"7/12/2026 1:26:20 PM","7","\Device\Harddisk1\DR1","The device; \Device\Harddisk1\DR1; has a bad block."
"7/12/2026 1:26:20 PM","7","\Device\Harddisk1\DR1","The device; \Device\Harddisk1\DR1; has a bad block."
"7/12/2026 1:26:21 PM","7","\Device\Harddisk1\DR1","The device; \Device\Harddisk1\DR1; has a bad block."
"7/12/2026 1:26:21 PM","7","\Device\Harddisk1\DR1","The device; \Device\Harddisk1\DR1; has a bad block."
"7/12/2026 1:26:21 PM","7","\Device\Harddisk1\DR1","The device; \Device\Harddisk1\DR1; has a bad block."
"7/12/2026 1:26:21 PM","7","\Device\Harddisk1\DR1","The device; \Device\Harddisk1\DR1; has a bad block."
"7/12/2026 1:26:21 PM","7","\Device\Harddisk1\DR1","The device; \Device\Harddisk1\DR1; has a bad block."
"7/12/2026 1:26:22 PM","7","\Device\Harddisk1\DR1","The device; \Device\Harddisk1\DR1; has a bad block."
"7/12/2026 1:26:22 PM","7","\Device\Harddisk1\DR1","The device; \Device\Harddisk1\DR1; has a bad block."
"7/12/2026 1:26:23 PM","7","\Device\Harddisk1\DR1","The device; \Device\Harddisk1\DR1; has a bad block."
"7/12/2026 1:26:23 PM","7","\Device\Harddisk1\DR1","The device; \Device\Harddisk1\DR1; has a bad block."
"7/12/2026 1:26:23 PM","7","\Device\Harddisk1\DR1","The device; \Device\Harddisk1\DR1; has a bad block."
"7/12/2026 1:26:23 PM","7","\Device\Harddisk1\DR1","The device; \Device\Harddisk1\DR1; has a bad block."
"7/12/2026 1:26:24 PM","7","\Device\Harddisk1\DR1","The device; \Device\Harddisk1\DR1; has a bad block."
"7/12/2026 1:26:24 PM","7","\Device\Harddisk1\DR1","The device; \Device\Harddisk1\DR1; has a bad block."
"7/12/2026 1:26:24 PM","7","\Device\Harddisk1\DR1","The device; \Device\Harddisk1\DR1; has a bad block."
"7/12/2026 1:26:25 PM","7","\Device\Harddisk1\DR1","The device; \Device\Harddisk1\DR1; has a bad block."
"7/12/2026 1:26:25 PM","7","\Device\Harddisk1\DR1","The device; \Device\Harddisk1\DR1; has a bad block."
"7/12/2026 1:26:25 PM","7","\Device\Harddisk1\DR1","The device; \Device\Harddisk1\DR1; has a bad block."
"7/12/2026 1:26:25 PM","7","\Device\Harddisk1\DR1","The device; \Device\Harddisk1\DR1; has a bad block."
"7/12/2026 1:26:25 PM","7","\Device\Harddisk1\DR1","The device; \Device\Harddisk1\DR1; has a bad block."
"7/12/2026 1:26:26 PM","7","\Device\Harddisk1\DR1","The device; \Device\Harddisk1\DR1; has a bad block."
"7/12/2026 1:26:26 PM","7","\Device\Harddisk1\DR1","The device; \Device\Harddisk1\DR1; has a bad block."
"7/12/2026 1:26:27 PM","7","\Device\Harddisk1\DR1","The device; \Device\Harddisk1\DR1; has a bad block."
"7/12/2026 1:26:27 PM","7","\Device\Harddisk1\DR1","The device; \Device\Harddisk1\DR1; has a bad block."
"7/12/2026 1:26:27 PM","7","\Device\Harddisk1\DR1","The device; \Device\Harddisk1\DR1; has a bad block."
"7/12/2026 1:26:27 PM","7","\Device\Harddisk1\DR1","The device; \Device\Harddisk1\DR1; has a bad block."
"7/12/2026 1:26:27 PM","7","\Device\Harddisk1\DR1","The device; \Device\Harddisk1\DR1; has a bad block."
"7/12/2026 1:26:28 PM","7","\Device\Harddisk1\DR1","The device; \Device\Harddisk1\DR1; has a bad block."
"7/12/2026 1:26:28 PM","7","\Device\Harddisk1\DR1","The device; \Device\Harddisk1\DR1; has a bad block."
"7/12/2026 1:26:28 PM","7","\Device\Harddisk1\DR1","The device; \Device\Harddisk1\DR1; has a bad block."
"7/12/2026 1:26:29 PM","7","\Device\Harddisk1\DR1","The device; \Device\Harddisk1\DR1; has a bad block."
"7/12/2026 1:26:29 PM","7","\Device\Harddisk1\DR1","The device; \Device\Harddisk1\DR1; has a bad block."
"7/12/2026 1:26:29 PM","7","\Device\Harddisk1\DR1","The device; \Device\Harddisk1\DR1; has a bad block."
"7/12/2026 1:26:29 PM","7","\Device\Harddisk1\DR1","The device; \Device\Harddisk1\DR1; has a bad block."
"7/12/2026 1:26:30 PM","7","\Device\Harddisk1\DR1","The device; \Device\Harddisk1\DR1; has a bad block."
"7/12/2026 1:26:30 PM","7","\Device\Harddisk1\DR1","The device; \Device\Harddisk1\DR1; has a bad block."
"7/12/2026 1:26:30 PM","7","\Device\Harddisk1\DR1","The device; \Device\Harddisk1\DR1; has a bad block."
"7/12/2026 1:26:30 PM","7","\Device\Harddisk1\DR1","The device; \Device\Harddisk1\DR1; has a bad block."
"7/12/2026 1:26:30 PM","7","\Device\Harddisk1\DR1","The device; \Device\Harddisk1\DR1; has a bad block."
"7/12/2026 1:26:31 PM","7","\Device\Harddisk1\DR1","The device; \Device\Harddisk1\DR1; has a bad block."
"7/12/2026 1:26:31 PM","7","\Device\Harddisk1\DR1","The device; \Device\Harddisk1\DR1; has a bad block."
"7/12/2026 1:26:31 PM","7","\Device\Harddisk1\DR1","The device; \Device\Harddisk1\DR1; has a bad block."
"7/12/2026 1:26:31 PM","7","\Device\Harddisk1\DR1","The device; \Device\Harddisk1\DR1; has a bad block."
"7/12/2026 1:26:31 PM","7","\Device\Harddisk1\DR1","The device; \Device\Harddisk1\DR1; has a bad block."
"7/12/2026 1:26:32 PM","7","\Device\Harddisk1\DR1","The device; \Device\Harddisk1\DR1; has a bad block."
"7/12/2026 1:26:32 PM","7","\Device\Harddisk1\DR1","The device; \Device\Harddisk1\DR1; has a bad block."
"7/12/2026 1:26:32 PM","7","\Device\Harddisk1\DR1","The device; \Device\Harddisk1\DR1; has a bad block."
"7/12/2026 1:26:33 PM","7","\Device\Harddisk1\DR1","The device; \Device\Harddisk1\DR1; has a bad block."
"7/12/2026 1:26:33 PM","7","\Device\Harddisk1\DR1","The device; \Device\Harddisk1\DR1; has a bad block."
"7/12/2026 1:26:33 PM","7","\Device\Harddisk1\DR1","The device; \Device\Harddisk1\DR1; has a bad block."
"7/12/2026 1:26:34 PM","7","\Device\Harddisk1\DR1","The device; \Device\Harddisk1\DR1; has a bad block."
"7/12/2026 1:26:34 PM","7","\Device\Harddisk1\DR1","The device; \Device\Harddisk1\DR1; has a bad block."
"7/12/2026 1:26:34 PM","7","\Device\Harddisk1\DR1","The device; \Device\Harddisk1\DR1; has a bad block."
"7/12/2026 1:26:34 PM","7","\Device\Harddisk1\DR1","The device; \Device\Harddisk1\DR1; has a bad block."
"7/12/2026 1:26:34 PM","7","\Device\Harddisk1\DR1","The device; \Device\Harddisk1\DR1; has a bad block."
"7/12/2026 1:26:35 PM","7","\Device\Harddisk1\DR1","The device; \Device\Harddisk1\DR1; has a bad block."
"7/12/2026 1:26:35 PM","7","\Device\Harddisk1\DR1","The device; \Device\Harddisk1\DR1; has a bad block."
"7/12/2026 1:26:36 PM","7","\Device\Harddisk1\DR1","The device; \Device\Harddisk1\DR1; has a bad block."
"7/12/2026 1:26:36 PM","7","\Device\Harddisk1\DR1","The device; \Device\Harddisk1\DR1; has a bad block."
"7/12/2026 1:26:36 PM","7","\Device\Harddisk1\DR1","The device; \Device\Harddisk1\DR1; has a bad block."
"7/12/2026 1:26:36 PM","7","\Device\Harddisk1\DR1","The device; \Device\Harddisk1\DR1; has a bad block."
"7/12/2026 1:26:37 PM","7","\Device\Harddisk1\DR1","The device; \Device\Harddisk1\DR1; has a bad block."
"7/12/2026 1:26:37 PM","7","\Device\Harddisk1\DR1","The device; \Device\Harddisk1\DR1; has a bad block."
"7/12/2026 1:26:37 PM","7","\Device\Harddisk1\DR1","The device; \Device\Harddisk1\DR1; has a bad block."
"7/12/2026 1:26:37 PM","7","\Device\Harddisk1\DR1","The device; \Device\Harddisk1\DR1; has a bad block."
"7/12/2026 1:26:37 PM","7","\Device\Harddisk1\DR1","The device; \Device\Harddisk1\DR1; has a bad block."
"7/12/2026 1:26:37 PM","7","\Device\Harddisk1\DR1","The device; \Device\Harddisk1\DR1; has a bad block."
"7/12/2026 1:26:38 PM","7","\Device\Harddisk1\DR1","The device; \Device\Harddisk1\DR1; has a bad block."
"7/12/2026 1:26:38 PM","7","\Device\Harddisk1\DR1","The device; \Device\Harddisk1\DR1; has a bad block."
"7/12/2026 1:26:38 PM","7","\Device\Harddisk1\DR1","The device; \Device\Harddisk1\DR1; has a bad block."
"7/12/2026 1:26:38 PM","7","\Device\Harddisk1\DR1","The device; \Device\Harddisk1\DR1; has a bad block."
"7/12/2026 1:26:39 PM","7","\Device\Harddisk1\DR1","The device; \Device\Harddisk1\DR1; has a bad block."
"7/12/2026 1:26:39 PM","7","\Device\Harddisk1\DR1","The device; \Device\Harddisk1\DR1; has a bad block."
"7/12/2026 1:26:39 PM","7","\Device\Harddisk1\DR1","The device; \Device\Harddisk1\DR1; has a bad block."
"7/12/2026 1:26:39 PM","7","\Device\Harddisk1\DR1","The device; \Device\Harddisk1\DR1; has a bad block."
"7/12/2026 1:26:40 PM","7","\Device\Harddisk1\DR1","The device; \Device\Harddisk1\DR1; has a bad block."
"7/12/2026 1:26:40 PM","7","\Device\Harddisk1\DR1","The device; \Device\Harddisk1\DR1; has a bad block."
"7/12/2026 1:26:40 PM","7","\Device\Harddisk1\DR1","The device; \Device\Harddisk1\DR1; has a bad block."
"7/12/2026 1:26:40 PM","7","\Device\Harddisk1\DR1","The device; \Device\Harddisk1\DR1; has a bad block."
"7/12/2026 1:26:41 PM","7","\Device\Harddisk1\DR1","The device; \Device\Harddisk1\DR1; has a bad block."
"7/12/2026 1:26:41 PM","7","\Device\Harddisk1\DR1","The device; \Device\Harddisk1\DR1; has a bad block."
"7/12/2026 1:26:41 PM","7","\Device\Harddisk1\DR1","The device; \Device\Harddisk1\DR1; has a bad block."
"7/12/2026 1:26:41 PM","7","\Device\Harddisk1\DR1","The device; \Device\Harddisk1\DR1; has a bad block."
"7/12/2026 1:26:42 PM","7","\Device\Harddisk1\DR1","The device; \Device\Harddisk1\DR1; has a bad block."
"7/12/2026 1:26:42 PM","7","\Device\Harddisk1\DR1","The device; \Device\Harddisk1\DR1; has a bad block."
"7/12/2026 1:26:42 PM","7","\Device\Harddisk1\DR1","The device; \Device\Harddisk1\DR1; has a bad block."
"7/12/2026 1:26:42 PM","7","\Device\Harddisk1\DR1","The device; \Device\Harddisk1\DR1; has a bad block."
"7/12/2026 1:26:42 PM","7","\Device\Harddisk1\DR1","The device; \Device\Harddisk1\DR1; has a bad block."
"7/12/2026 1:26:42 PM","7","\Device\Harddisk1\DR1","The device; \Device\Harddisk1\DR1; has a bad block."
"7/12/2026 1:26:43 PM","7","\Device\Harddisk1\DR1","The device; \Device\Harddisk1\DR1; has a bad block."
"7/12/2026 1:26:43 PM","7","\Device\Harddisk1\DR1","The device; \Device\Harddisk1\DR1; has a bad block."
"7/12/2026 1:26:43 PM","7","\Device\Harddisk1\DR1","The device; \Device\Harddisk1\DR1; has a bad block."
"7/12/2026 1:26:43 PM","7","\Device\Harddisk1\DR1","The device; \Device\Harddisk1\DR1; has a bad block."
"7/12/2026 1:26:43 PM","7","\Device\Harddisk1\DR1","The device; \Device\Harddisk1\DR1; has a bad block."
"7/12/2026 1:26:44 PM","7","\Device\Harddisk1\DR1","The device; \Device\Harddisk1\DR1; has a bad block."
"7/12/2026 1:26:44 PM","7","\Device\Harddisk1\DR1","The device; \Device\Harddisk1\DR1; has a bad block."
"7/12/2026 1:26:44 PM","7","\Device\Harddisk1\DR1","The device; \Device\Harddisk1\DR1; has a bad block."
"7/12/2026 1:26:45 PM","7","\Device\Harddisk1\DR1","The device; \Device\Harddisk1\DR1; has a bad block."
"7/12/2026 1:26:45 PM","7","\Device\Harddisk1\DR1","The device; \Device\Harddisk1\DR1; has a bad block."
"7/12/2026 1:26:45 PM","7","\Device\Harddisk1\DR1","The device; \Device\Harddisk1\DR1; has a bad block."
"7/12/2026 1:26:45 PM","7","\Device\Harddisk1\DR1","The device; \Device\Harddisk1\DR1; has a bad block."
"7/12/2026 1:26:45 PM","7","\Device\Harddisk1\DR1","The device; \Device\Harddisk1\DR1; has a bad block."
"7/12/2026 1:26:46 PM","7","\Device\Harddisk1\DR1","The device; \Device\Harddisk1\DR1; has a bad block."
"7/12/2026 1:26:46 PM","7","\Device\Harddisk1\DR1","The device; \Device\Harddisk1\DR1; has a bad block."
"7/12/2026 1:26:46 PM","7","\Device\Harddisk1\DR1","The device; \Device\Harddisk1\DR1; has a bad block."
"7/12/2026 1:26:46 PM","7","\Device\Harddisk1\DR1","The device; \Device\Harddisk1\DR1; has a bad block."
"7/12/2026 1:26:47 PM","7","\Device\Harddisk1\DR1","The device; \Device\Harddisk1\DR1; has a bad block."
"7/12/2026 1:26:47 PM","7","\Device\Harddisk1\DR1","The device; \Device\Harddisk1\DR1; has a bad block."
"7/12/2026 1:26:47 PM","7","\Device\Harddisk1\DR1","The device; \Device\Harddisk1\DR1; has a bad block."
"7/12/2026 1:26:47 PM","7","\Device\Harddisk1\DR1","The device; \Device\Harddisk1\DR1; has a bad block."
"7/12/2026 1:26:47 PM","7","\Device\Harddisk1\DR1","The device; \Device\Harddisk1\DR1; has a bad block."
"7/12/2026 1:26:47 PM","7","\Device\Harddisk1\DR1","The device; \Device\Harddisk1\DR1; has a bad block."
"7/12/2026 1:26:48 PM","7","\Device\Harddisk1\DR1","The device; \Device\Harddisk1\DR1; has a bad block."
"7/12/2026 1:26:48 PM","7","\Device\Harddisk1\DR1","The device; \Device\Harddisk1\DR1; has a bad block."
"7/12/2026 1:26:48 PM","7","\Device\Harddisk1\DR1","The device; \Device\Harddisk1\DR1; has a bad block."
"7/12/2026 1:26:48 PM","7","\Device\Harddisk1\DR1","The device; \Device\Harddisk1\DR1; has a bad block."
"7/12/2026 1:26:48 PM","7","\Device\Harddisk1\DR1","The device; \Device\Harddisk1\DR1; has a bad block."
"7/12/2026 1:26:48 PM","7","\Device\Harddisk1\DR1","The device; \Device\Harddisk1\DR1; has a bad block."
"7/12/2026 1:26:49 PM","7","\Device\Harddisk1\DR1","The device; \Device\Harddisk1\DR1; has a bad block."
"7/12/2026 1:26:49 PM","7","\Device\Harddisk1\DR1","The device; \Device\Harddisk1\DR1; has a bad block."
"7/12/2026 1:26:49 PM","7","\Device\Harddisk1\DR1","The device; \Device\Harddisk1\DR1; has a bad block."
"7/12/2026 1:26:49 PM","7","\Device\Harddisk1\DR1","The device; \Device\Harddisk1\DR1; has a bad block."
"7/12/2026 1:26:49 PM","7","\Device\Harddisk1\DR1","The device; \Device\Harddisk1\DR1; has a bad block."
"7/12/2026 1:26:50 PM","7","\Device\Harddisk1\DR1","The device; \Device\Harddisk1\DR1; has a bad block."
"7/12/2026 1:26:50 PM","7","\Device\Harddisk1\DR1","The device; \Device\Harddisk1\DR1; has a bad block."
"7/12/2026 1:26:50 PM","7","\Device\Harddisk1\DR1","The device; \Device\Harddisk1\DR1; has a bad block."
"7/12/2026 1:26:50 PM","7","\Device\Harddisk1\DR1","The device; \Device\Harddisk1\DR1; has a bad block."
"7/12/2026 1:26:51 PM","7","\Device\Harddisk1\DR1","The device; \Device\Harddisk1\DR1; has a bad block."
"7/12/2026 1:26:51 PM","7","\Device\Harddisk1\DR1","The device; \Device\Harddisk1\DR1; has a bad block."
"7/12/2026 1:26:51 PM","7","\Device\Harddisk1\DR1","The device; \Device\Harddisk1\DR1; has a bad block."
"7/12/2026 1:26:51 PM","7","\Device\Harddisk1\DR1","The device; \Device\Harddisk1\DR1; has a bad block."
"7/12/2026 1:26:51 PM","7","\Device\Harddisk1\DR1","The device; \Device\Harddisk1\DR1; has a bad block."
"7/12/2026 1:26:52 PM","7","\Device\Harddisk1\DR1","The device; \Device\Harddisk1\DR1; has a bad block."
"7/12/2026 1:26:52 PM","7","\Device\Harddisk1\DR1","The device; \Device\Harddisk1\DR1; has a bad block."
"7/12/2026 1:26:52 PM","7","\Device\Harddisk1\DR1","The device; \Device\Harddisk1\DR1; has a bad block."
"7/12/2026 1:26:52 PM","7","\Device\Harddisk1\DR1","The device; \Device\Harddisk1\DR1; has a bad block."
"7/12/2026 1:26:52 PM","7","\Device\Harddisk1\DR1","The device; \Device\Harddisk1\DR1; has a bad block."
"7/12/2026 1:26:52 PM","7","\Device\Harddisk1\DR1","The device; \Device\Harddisk1\DR1; has a bad block."
"7/12/2026 1:26:53 PM","7","\Device\Harddisk1\DR1","The device; \Device\Harddisk1\DR1; has a bad block."
"7/12/2026 1:26:53 PM","7","\Device\Harddisk1\DR1","The device; \Device\Harddisk1\DR1; has a bad block."
"7/12/2026 1:26:53 PM","7","\Device\Harddisk1\DR1","The device; \Device\Harddisk1\DR1; has a bad block."
"7/12/2026 1:26:53 PM","7","\Device\Harddisk1\DR1","The device; \Device\Harddisk1\DR1; has a bad block."
"7/12/2026 1:26:53 PM","7","\Device\Harddisk1\DR1","The device; \Device\Harddisk1\DR1; has a bad block."
"7/12/2026 1:26:54 PM","7","\Device\Harddisk1\DR1","The device; \Device\Harddisk1\DR1; has a bad block."
"7/12/2026 1:26:54 PM","7","\Device\Harddisk1\DR1","The device; \Device\Harddisk1\DR1; has a bad block."
"7/12/2026 1:26:54 PM","7","\Device\Harddisk1\DR1","The device; \Device\Harddisk1\DR1; has a bad block."
"7/12/2026 1:27:35 PM","7","\Device\Harddisk1\DR1","The device; \Device\Harddisk1\DR1; has a bad block."
"7/12/2026 1:27:35 PM","7","\Device\Harddisk1\DR1","The device; \Device\Harddisk1\DR1; has a bad block."
"7/12/2026 1:27:36 PM","7","\Device\Harddisk1\DR1","The device; \Device\Harddisk1\DR1; has a bad block."
"7/12/2026 1:27:37 PM","7","\Device\Harddisk1\DR1","The device; \Device\Harddisk1\DR1; has a bad block."
"7/12/2026 1:27:38 PM","7","\Device\Harddisk1\DR1","The device; \Device\Harddisk1\DR1; has a bad block."
"7/12/2026 1:27:39 PM","7","\Device\Harddisk1\DR1","The device; \Device\Harddisk1\DR1; has a bad block."
"7/12/2026 1:27:39 PM","7","\Device\Harddisk1\DR1","The device; \Device\Harddisk1\DR1; has a bad block."
"7/12/2026 1:27:40 PM","7","\Device\Harddisk1\DR1","The device; \Device\Harddisk1\DR1; has a bad block."
"7/12/2026 1:27:41 PM","7","\Device\Harddisk1\DR1","The device; \Device\Harddisk1\DR1; has a bad block."
"7/12/2026 1:27:42 PM","7","\Device\Harddisk1\DR1","The device; \Device\Harddisk1\DR1; has a bad block."
"7/12/2026 1:27:43 PM","7","\Device\Harddisk1\DR1","The device; \Device\Harddisk1\DR1; has a bad block."
"7/12/2026 1:27:43 PM","7","\Device\Harddisk1\DR1","The device; \Device\Harddisk1\DR1; has a bad block."
"7/12/2026 1:27:44 PM","7","\Device\Harddisk1\DR1","The device; \Device\Harddisk1\DR1; has a bad block."
"7/12/2026 1:27:45 PM","7","\Device\Harddisk1\DR1","The device; \Device\Harddisk1\DR1; has a bad block."
"7/12/2026 1:27:45 PM","7","\Device\Harddisk1\DR1","The device; \Device\Harddisk1\DR1; has a bad block."
"7/12/2026 1:27:45 PM","7","\Device\Harddisk1\DR1","The device; \Device\Harddisk1\DR1; has a bad block."
"7/12/2026 1:27:46 PM","7","\Device\Harddisk1\DR1","The device; \Device\Harddisk1\DR1; has a bad block."
"7/12/2026 1:27:46 PM","7","\Device\Harddisk1\DR1","The device; \Device\Harddisk1\DR1; has a bad block."
"7/12/2026 1:27:47 PM","7","\Device\Harddisk1\DR1","The device; \Device\Harddisk1\DR1; has a bad block."
"7/12/2026 1:27:47 PM","7","\Device\Harddisk1\DR1","The device; \Device\Harddisk1\DR1; has a bad block."
"7/12/2026 1:27:47 PM","7","\Device\Harddisk1\DR1","The device; \Device\Harddisk1\DR1; has a bad block."
"7/12/2026 1:27:48 PM","7","\Device\Harddisk1\DR1","The device; \Device\Harddisk1\DR1; has a bad block."
"7/12/2026 1:27:48 PM","7","\Device\Harddisk1\DR1","The device; \Device\Harddisk1\DR1; has a bad block."
"7/12/2026 1:27:48 PM","7","\Device\Harddisk1\DR1","The device; \Device\Harddisk1\DR1; has a bad block."
"7/12/2026 1:27:48 PM","7","\Device\Harddisk1\DR1","The device; \Device\Harddisk1\DR1; has a bad block."
"7/12/2026 1:27:49 PM","7","\Device\Harddisk1\DR1","The device; \Device\Harddisk1\DR1; has a bad block."
"7/12/2026 1:27:49 PM","7","\Device\Harddisk1\DR1","The device; \Device\Harddisk1\DR1; has a bad block."
"7/12/2026 1:27:49 PM","7","\Device\Harddisk1\DR1","The device; \Device\Harddisk1\DR1; has a bad block."
"7/12/2026 1:27:49 PM","7","\Device\Harddisk1\DR1","The device; \Device\Harddisk1\DR1; has a bad block."
"7/12/2026 1:27:49 PM","7","\Device\Harddisk1\DR1","The device; \Device\Harddisk1\DR1; has a bad block."
"7/12/2026 1:27:50 PM","7","\Device\Harddisk1\DR1","The device; \Device\Harddisk1\DR1; has a bad block."
"7/12/2026 1:27:50 PM","7","\Device\Harddisk1\DR1","The device; \Device\Harddisk1\DR1; has a bad block."
"7/12/2026 1:27:50 PM","7","\Device\Harddisk1\DR1","The device; \Device\Harddisk1\DR1; has a bad block."
"7/12/2026 1:27:50 PM","7","\Device\Harddisk1\DR1","The device; \Device\Harddisk1\DR1; has a bad block."
"7/12/2026 1:27:50 PM","7","\Device\Harddisk1\DR1","The device; \Device\Harddisk1\DR1; has a bad block."
"7/12/2026 1:27:50 PM","7","\Device\Harddisk1\DR1","The device; \Device\Harddisk1\DR1; has a bad block."
"7/12/2026 1:27:51 PM","7","\Device\Harddisk1\DR1","The device; \Device\Harddisk1\DR1; has a bad block."
"7/12/2026 1:27:51 PM","7","\Device\Harddisk1\DR1","The device; \Device\Harddisk1\DR1; has a bad block."
"7/12/2026 1:27:51 PM","7","\Device\Harddisk1\DR1","The device; \Device\Harddisk1\DR1; has a bad block."
"7/12/2026 1:27:51 PM","7","\Device\Harddisk1\DR1","The device; \Device\Harddisk1\DR1; has a bad block."
"7/12/2026 1:27:51 PM","7","\Device\Harddisk1\DR1","The device; \Device\Harddisk1\DR1; has a bad block."
"7/12/2026 1:27:51 PM","7","\Device\Harddisk1\DR1","The device; \Device\Harddisk1\DR1; has a bad block."
"7/12/2026 1:27:52 PM","7","\Device\Harddisk1\DR1","The device; \Device\Harddisk1\DR1; has a bad block."
"7/12/2026 1:27:52 PM","7","\Device\Harddisk1\DR1","The device; \Device\Harddisk1\DR1; has a bad block."
"7/12/2026 1:27:52 PM","7","\Device\Harddisk1\DR1","The device; \Device\Harddisk1\DR1; has a bad block."
"7/12/2026 1:27:52 PM","7","\Device\Harddisk1\DR1","The device; \Device\Harddisk1\DR1; has a bad block."
"7/12/2026 1:27:53 PM","7","\Device\Harddisk1\DR1","The device; \Device\Harddisk1\DR1; has a bad block."
"7/12/2026 1:27:54 PM","7","\Device\Harddisk1\DR1","The device; \Device\Harddisk1\DR1; has a bad block."
"7/12/2026 1:27:54 PM","7","\Device\Harddisk1\DR1","The device; \Device\Harddisk1\DR1; has a bad block."
"7/12/2026 1:27:55 PM","7","\Device\Harddisk1\DR1","The device; \Device\Harddisk1\DR1; has a bad block."
"7/12/2026 1:27:55 PM","7","\Device\Harddisk1\DR1","The device; \Device\Harddisk1\DR1; has a bad block."
"7/12/2026 1:27:56 PM","7","\Device\Harddisk1\DR1","The device; \Device\Harddisk1\DR1; has a bad block."
"7/12/2026 1:27:56 PM","7","\Device\Harddisk1\DR1","The device; \Device\Harddisk1\DR1; has a bad block."
"7/12/2026 1:27:56 PM","7","\Device\Harddisk1\DR1","The device; \Device\Harddisk1\DR1; has a bad block."
"7/12/2026 1:27:56 PM","7","\Device\Harddisk1\DR1","The device; \Device\Harddisk1\DR1; has a bad block."
"7/12/2026 1:27:57 PM","7","\Device\Harddisk1\DR1","The device; \Device\Harddisk1\DR1; has a bad block."
"7/12/2026 1:27:57 PM","7","\Device\Harddisk1\DR1","The device; \Device\Harddisk1\DR1; has a bad block."
"7/12/2026 1:27:57 PM","7","\Device\Harddisk1\DR1","The device; \Device\Harddisk1\DR1; has a bad block."
"7/12/2026 1:27:57 PM","7","\Device\Harddisk1\DR1","The device; \Device\Harddisk1\DR1; has a bad block."
"7/12/2026 1:27:58 PM","7","\Device\Harddisk1\DR1","The device; \Device\Harddisk1\DR1; has a bad block."
"7/12/2026 1:27:58 PM","7","\Device\Harddisk1\DR1","The device; \Device\Harddisk1\DR1; has a bad block."
"7/12/2026 1:27:58 PM","7","\Device\Harddisk1\DR1","The device; \Device\Harddisk1\DR1; has a bad block."
"7/12/2026 1:27:58 PM","7","\Device\Harddisk1\DR1","The device; \Device\Harddisk1\DR1; has a bad block."
"7/12/2026 1:27:59 PM","7","\Device\Harddisk1\DR1","The device; \Device\Harddisk1\DR1; has a bad block."
"7/12/2026 1:27:59 PM","7","\Device\Harddisk1\DR1","The device; \Device\Harddisk1\DR1; has a bad block."
"7/12/2026 1:27:59 PM","7","\Device\Harddisk1\DR1","The device; \Device\Harddisk1\DR1; has a bad block."
"7/12/2026 1:27:59 PM","7","\Device\Harddisk1\DR1","The device; \Device\Harddisk1\DR1; has a bad block."
"7/12/2026 1:28:00 PM","7","\Device\Harddisk1\DR1","The device; \Device\Harddisk1\DR1; has a bad block."
"7/12/2026 1:28:00 PM","7","\Device\Harddisk1\DR1","The device; \Device\Harddisk1\DR1; has a bad block."
"7/12/2026 1:28:00 PM","7","\Device\Harddisk1\DR1","The device; \Device\Harddisk1\DR1; has a bad block."
"7/12/2026 1:28:02 PM","7","\Device\Harddisk1\DR1","The device; \Device\Harddisk1\DR1; has a bad block."
"7/12/2026 1:28:03 PM","7","\Device\Harddisk1\DR1","The device; \Device\Harddisk1\DR1; has a bad block."
"7/12/2026 1:28:04 PM","7","\Device\Harddisk1\DR1","The device; \Device\Harddisk1\DR1; has a bad block."
"7/12/2026 1:28:06 PM","7","\Device\Harddisk1\DR1","The device; \Device\Harddisk1\DR1; has a bad block."
"7/12/2026 1:28:07 PM","7","\Device\Harddisk1\DR1","The device; \Device\Harddisk1\DR1; has a bad block."
"7/12/2026 1:28:08 PM","7","\Device\Harddisk1\DR1","The device; \Device\Harddisk1\DR1; has a bad block."
"7/12/2026 1:28:09 PM","7","\Device\Harddisk1\DR1","The device; \Device\Harddisk1\DR1; has a bad block."
"7/12/2026 1:28:09 PM","7","\Device\Harddisk1\DR1","The device; \Device\Harddisk1\DR1; has a bad block."
"7/12/2026 1:28:10 PM","7","\Device\Harddisk1\DR1","The device; \Device\Harddisk1\DR1; has a bad block."
"7/12/2026 1:28:11 PM","7","\Device\Harddisk1\DR1","The device; \Device\Harddisk1\DR1; has a bad block."
"7/12/2026 1:28:12 PM","7","\Device\Harddisk1\DR1","The device; \Device\Harddisk1\DR1; has a bad block."
"7/12/2026 1:28:13 PM","7","\Device\Harddisk1\DR1","The device; \Device\Harddisk1\DR1; has a bad block."
"7/12/2026 1:28:13 PM","7","\Device\Harddisk1\DR1","The device; \Device\Harddisk1\DR1; has a bad block."
"7/12/2026 1:28:14 PM","7","\Device\Harddisk1\DR1","The device; \Device\Harddisk1\DR1; has a bad block."
"7/12/2026 1:28:14 PM","7","\Device\Harddisk1\DR1","The device; \Device\Harddisk1\DR1; has a bad block."
"7/12/2026 1:28:14 PM","7","\Device\Harddisk1\DR1","The device; \Device\Harddisk1\DR1; has a bad block."
"7/12/2026 1:28:14 PM","7","\Device\Harddisk1\DR1","The device; \Device\Harddisk1\DR1; has a bad block."
"7/12/2026 1:28:15 PM","7","\Device\Harddisk1\DR1","The device; \Device\Harddisk1\DR1; has a bad block."
"7/12/2026 1:28:15 PM","7","\Device\Harddisk1\DR1","The device; \Device\Harddisk1\DR1; has a bad block."
"7/12/2026 1:28:15 PM","7","\Device\Harddisk1\DR1","The device; \Device\Harddisk1\DR1; has a bad block."
"7/12/2026 1:28:16 PM","7","\Device\Harddisk1\DR1","The device; \Device\Harddisk1\DR1; has a bad block."
"7/12/2026 1:28:16 PM","7","\Device\Harddisk1\DR1","The device; \Device\Harddisk1\DR1; has a bad block."
"7/12/2026 1:28:16 PM","7","\Device\Harddisk1\DR1","The device; \Device\Harddisk1\DR1; has a bad block."
"7/12/2026 1:28:16 PM","7","\Device\Harddisk1\DR1","The device; \Device\Harddisk1\DR1; has a bad block."
"7/12/2026 1:28:16 PM","7","\Device\Harddisk1\DR1","The device; \Device\Harddisk1\DR1; has a bad block."
"7/12/2026 1:28:17 PM","7","\Device\Harddisk1\DR1","The device; \Device\Harddisk1\DR1; has a bad block."
"7/12/2026 1:28:18 PM","7","\Device\Harddisk1\DR1","The device; \Device\Harddisk1\DR1; has a bad block."
"7/12/2026 1:28:18 PM","7","\Device\Harddisk1\DR1","The device; \Device\Harddisk1\DR1; has a bad block."
"7/12/2026 1:28:18 PM","7","\Device\Harddisk1\DR1","The device; \Device\Harddisk1\DR1; has a bad block."
"7/12/2026 1:28:18 PM","7","\Device\Harddisk1\DR1","The device; \Device\Harddisk1\DR1; has a bad block."
"7/12/2026 1:28:19 PM","7","\Device\Harddisk1\DR1","The device; \Device\Harddisk1\DR1; has a bad block."
"7/12/2026 1:28:19 PM","7","\Device\Harddisk1\DR1","The device; \Device\Harddisk1\DR1; has a bad block."
"7/12/2026 1:28:19 PM","7","\Device\Harddisk1\DR1","The device; \Device\Harddisk1\DR1; has a bad block."
"7/12/2026 1:28:19 PM","7","\Device\Harddisk1\DR1","The device; \Device\Harddisk1\DR1; has a bad block."
"7/12/2026 1:28:20 PM","7","\Device\Harddisk1\DR1","The device; \Device\Harddisk1\DR1; has a bad block."
"7/12/2026 1:28:20 PM","7","\Device\Harddisk1\DR1","The device; \Device\Harddisk1\DR1; has a bad block."
"7/12/2026 1:28:20 PM","7","\Device\Harddisk1\DR1","The device; \Device\Harddisk1\DR1; has a bad block."
"7/12/2026 1:28:21 PM","7","\Device\Harddisk1\DR1","The device; \Device\Harddisk1\DR1; has a bad block."
"7/12/2026 1:28:22 PM","7","\Device\Harddisk1\DR1","The device; \Device\Harddisk1\DR1; has a bad block."
"7/12/2026 1:28:23 PM","7","\Device\Harddisk1\DR1","The device; \Device\Harddisk1\DR1; has a bad block."
"7/12/2026 1:28:23 PM","7","\Device\Harddisk1\DR1","The device; \Device\Harddisk1\DR1; has a bad block."
"7/12/2026 1:28:24 PM","7","\Device\Harddisk1\DR1","The device; \Device\Harddisk1\DR1; has a bad block."
"7/12/2026 1:28:25 PM","7","\Device\Harddisk1\DR1","The device; \Device\Harddisk1\DR1; has a bad block."
"7/12/2026 1:28:25 PM","7","\Device\Harddisk1\DR1","The device; \Device\Harddisk1\DR1; has a bad block."
"7/12/2026 1:28:26 PM","7","\Device\Harddisk1\DR1","The device; \Device\Harddisk1\DR1; has a bad block."
"7/12/2026 1:28:26 PM","7","\Device\Harddisk1\DR1","The device; \Device\Harddisk1\DR1; has a bad block."
"7/12/2026 1:28:27 PM","7","\Device\Harddisk1\DR1","The device; \Device\Harddisk1\DR1; has a bad block."
"7/12/2026 1:28:27 PM","7","\Device\Harddisk1\DR1","The device; \Device\Harddisk1\DR1; has a bad block."
"7/12/2026 1:28:27 PM","7","\Device\Harddisk1\DR1","The device; \Device\Harddisk1\DR1; has a bad block."
"7/12/2026 1:28:27 PM","7","\Device\Harddisk1\DR1","The device; \Device\Harddisk1\DR1; has a bad block."
"7/12/2026 1:28:28 PM","7","\Device\Harddisk1\DR1","The device; \Device\Harddisk1\DR1; has a bad block."
"7/12/2026 1:28:28 PM","7","\Device\Harddisk1\DR1","The device; \Device\Harddisk1\DR1; has a bad block."
"7/12/2026 1:28:29 PM","7","\Device\Harddisk1\DR1","The device; \Device\Harddisk1\DR1; has a bad block."
"7/12/2026 1:28:29 PM","7","\Device\Harddisk1\DR1","The device; \Device\Harddisk1\DR1; has a bad block."
"7/12/2026 1:28:29 PM","7","\Device\Harddisk1\DR1","The device; \Device\Harddisk1\DR1; has a bad block."
"7/12/2026 1:28:29 PM","7","\Device\Harddisk1\DR1","The device; \Device\Harddisk1\DR1; has a bad block."
"7/12/2026 1:28:30 PM","7","\Device\Harddisk1\DR1","The device; \Device\Harddisk1\DR1; has a bad block."
"7/12/2026 1:28:31 PM","7","\Device\Harddisk1\DR1","The device; \Device\Harddisk1\DR1; has a bad block."
"7/12/2026 1:28:31 PM","7","\Device\Harddisk1\DR1","The device; \Device\Harddisk1\DR1; has a bad block."
"7/12/2026 1:28:31 PM","7","\Device\Harddisk1\DR1","The device; \Device\Harddisk1\DR1; has a bad block."
"7/12/2026 1:28:32 PM","7","\Device\Harddisk1\DR1","The device; \Device\Harddisk1\DR1; has a bad block."
"7/12/2026 1:28:32 PM","7","\Device\Harddisk1\DR1","The device; \Device\Harddisk1\DR1; has a bad block."
"7/12/2026 1:28:32 PM","7","\Device\Harddisk1\DR1","The device; \Device\Harddisk1\DR1; has a bad block."
"7/12/2026 1:28:32 PM","7","\Device\Harddisk1\DR1","The device; \Device\Harddisk1\DR1; has a bad block."
"7/12/2026 1:28:32 PM","7","\Device\Harddisk1\DR1","The device; \Device\Harddisk1\DR1; has a bad block."
"7/12/2026 1:28:33 PM","7","\Device\Harddisk1\DR1","The device; \Device\Harddisk1\DR1; has a bad block."
"7/12/2026 1:28:33 PM","7","\Device\Harddisk1\DR1","The device; \Device\Harddisk1\DR1; has a bad block."
"7/12/2026 1:28:34 PM","7","\Device\Harddisk1\DR1","The device; \Device\Harddisk1\DR1; has a bad block."
"7/12/2026 1:28:34 PM","7","\Device\Harddisk1\DR1","The device; \Device\Harddisk1\DR1; has a bad block."
"7/12/2026 1:28:34 PM","7","\Device\Harddisk1\DR1","The device; \Device\Harddisk1\DR1; has a bad block."
"7/12/2026 1:28:34 PM","7","\Device\Harddisk1\DR1","The device; \Device\Harddisk1\DR1; has a bad block."
"7/12/2026 1:28:34 PM","7","\Device\Harddisk1\DR1","The device; \Device\Harddisk1\DR1; has a bad block."
"7/12/2026 1:28:34 PM","7","\Device\Harddisk1\DR1","The device; \Device\Harddisk1\DR1; has a bad block."
"7/12/2026 1:28:35 PM","7","\Device\Harddisk1\DR1","The device; \Device\Harddisk1\DR1; has a bad block."
"7/12/2026 1:28:35 PM","7","\Device\Harddisk1\DR1","The device; \Device\Harddisk1\DR1; has a bad block."
"7/12/2026 1:28:35 PM","7","\Device\Harddisk1\DR1","The device; \Device\Harddisk1\DR1; has a bad block."
"7/12/2026 1:28:36 PM","7","\Device\Harddisk1\DR1","The device; \Device\Harddisk1\DR1; has a bad block."
"7/12/2026 1:28:36 PM","7","\Device\Harddisk1\DR1","The device; \Device\Harddisk1\DR1; has a bad block."
"7/12/2026 1:28:36 PM","7","\Device\Harddisk1\DR1","The device; \Device\Harddisk1\DR1; has a bad block."
"7/12/2026 1:28:36 PM","7","\Device\Harddisk1\DR1","The device; \Device\Harddisk1\DR1; has a bad block."
"7/12/2026 1:28:37 PM","7","\Device\Harddisk1\DR1","The device; \Device\Harddisk1\DR1; has a bad block."
"7/12/2026 1:28:37 PM","7","\Device\Harddisk1\DR1","The device; \Device\Harddisk1\DR1; has a bad block."
"7/12/2026 1:28:38 PM","7","\Device\Harddisk1\DR1","The device; \Device\Harddisk1\DR1; has a bad block."
"7/12/2026 1:28:38 PM","7","\Device\Harddisk1\DR1","The device; \Device\Harddisk1\DR1; has a bad block."
"7/12/2026 1:28:38 PM","7","\Device\Harddisk1\DR1","The device; \Device\Harddisk1\DR1; has a bad block."
"7/12/2026 1:28:38 PM","7","\Device\Harddisk1\DR1","The device; \Device\Harddisk1\DR1; has a bad block."
"7/12/2026 1:28:38 PM","7","\Device\Harddisk1\DR1","The device; \Device\Harddisk1\DR1; has a bad block."
"7/12/2026 1:28:39 PM","7","\Device\Harddisk1\DR1","The device; \Device\Harddisk1\DR1; has a bad block."
"7/12/2026 1:28:40 PM","7","\Device\Harddisk1\DR1","The device; \Device\Harddisk1\DR1; has a bad block."
"7/12/2026 1:28:41 PM","7","\Device\Harddisk1\DR1","The device; \Device\Harddisk1\DR1; has a bad block."
"7/12/2026 1:28:41 PM","7","\Device\Harddisk1\DR1","The device; \Device\Harddisk1\DR1; has a bad block."
"7/12/2026 1:28:41 PM","7","\Device\Harddisk1\DR1","The device; \Device\Harddisk1\DR1; has a bad block."
"7/12/2026 1:28:42 PM","7","\Device\Harddisk1\DR1","The device; \Device\Harddisk1\DR1; has a bad block."
"7/12/2026 1:28:42 PM","7","\Device\Harddisk1\DR1","The device; \Device\Harddisk1\DR1; has a bad block."
"7/12/2026 1:28:43 PM","7","\Device\Harddisk1\DR1","The device; \Device\Harddisk1\DR1; has a bad block."
"7/12/2026 1:28:43 PM","7","\Device\Harddisk1\DR1","The device; \Device\Harddisk1\DR1; has a bad block."
"7/12/2026 1:28:43 PM","7","\Device\Harddisk1\DR1","The device; \Device\Harddisk1\DR1; has a bad block."
"7/12/2026 1:28:43 PM","7","\Device\Harddisk1\DR1","The device; \Device\Harddisk1\DR1; has a bad block."
"7/12/2026 1:28:43 PM","7","\Device\Harddisk1\DR1","The device; \Device\Harddisk1\DR1; has a bad block."
"7/12/2026 1:28:44 PM","7","\Device\Harddisk1\DR1","The device; \Device\Harddisk1\DR1; has a bad block."
"7/12/2026 1:28:44 PM","7","\Device\Harddisk1\DR1","The device; \Device\Harddisk1\DR1; has a bad block."
"7/12/2026 1:28:44 PM","7","\Device\Harddisk1\DR1","The device; \Device\Harddisk1\DR1; has a bad block."
"7/12/2026 1:28:44 PM","7","\Device\Harddisk1\DR1","The device; \Device\Harddisk1\DR1; has a bad block."
"7/12/2026 1:28:45 PM","7","\Device\Harddisk1\DR1","The device; \Device\Harddisk1\DR1; has a bad block."
"7/12/2026 1:28:45 PM","7","\Device\Harddisk1\DR1","The device; \Device\Harddisk1\DR1; has a bad block."
"7/12/2026 1:28:45 PM","7","\Device\Harddisk1\DR1","The device; \Device\Harddisk1\DR1; has a bad block."
"7/12/2026 1:28:46 PM","7","\Device\Harddisk1\DR1","The device; \Device\Harddisk1\DR1; has a bad block."
"7/12/2026 1:28:46 PM","7","\Device\Harddisk1\DR1","The device; \Device\Harddisk1\DR1; has a bad block."
"7/12/2026 1:28:46 PM","7","\Device\Harddisk1\DR1","The device; \Device\Harddisk1\DR1; has a bad block."
"7/12/2026 1:28:46 PM","7","\Device\Harddisk1\DR1","The device; \Device\Harddisk1\DR1; has a bad block."
"7/12/2026 1:28:46 PM","7","\Device\Harddisk1\DR1","The device; \Device\Harddisk1\DR1; has a bad block."
"7/12/2026 1:28:47 PM","7","\Device\Harddisk1\DR1","The device; \Device\Harddisk1\DR1; has a bad block."
"7/12/2026 1:28:47 PM","7","\Device\Harddisk1\DR1","The device; \Device\Harddisk1\DR1; has a bad block."
"7/12/2026 1:28:47 PM","7","\Device\Harddisk1\DR1","The device; \Device\Harddisk1\DR1; has a bad block."
"7/12/2026 1:28:47 PM","7","\Device\Harddisk1\DR1","The device; \Device\Harddisk1\DR1; has a bad block."
"7/12/2026 1:28:48 PM","7","\Device\Harddisk1\DR1","The device; \Device\Harddisk1\DR1; has a bad block."
"7/12/2026 1:28:48 PM","7","\Device\Harddisk1\DR1","The device; \Device\Harddisk1\DR1; has a bad block."
"7/12/2026 1:28:48 PM","7","\Device\Harddisk1\DR1","The device; \Device\Harddisk1\DR1; has a bad block."
"7/12/2026 1:28:48 PM","7","\Device\Harddisk1\DR1","The device; \Device\Harddisk1\DR1; has a bad block."
"7/12/2026 1:28:49 PM","7","\Device\Harddisk1\DR1","The device; \Device\Harddisk1\DR1; has a bad block."
"7/12/2026 1:28:49 PM","7","\Device\Harddisk1\DR1","The device; \Device\Harddisk1\DR1; has a bad block."
"7/12/2026 1:28:49 PM","7","\Device\Harddisk1\DR1","The device; \Device\Harddisk1\DR1; has a bad block."
"7/12/2026 1:28:49 PM","7","\Device\Harddisk1\DR1","The device; \Device\Harddisk1\DR1; has a bad block."
"7/12/2026 1:28:50 PM","7","\Device\Harddisk1\DR1","The device; \Device\Harddisk1\DR1; has a bad block."
"7/12/2026 1:28:50 PM","7","\Device\Harddisk1\DR1","The device; \Device\Harddisk1\DR1; has a bad block."
"7/12/2026 1:28:50 PM","7","\Device\Harddisk1\DR1","The device; \Device\Harddisk1\DR1; has a bad block."
"7/12/2026 1:28:51 PM","7","\Device\Harddisk1\DR1","The device; \Device\Harddisk1\DR1; has a bad block."
"7/12/2026 1:28:51 PM","7","\Device\Harddisk1\DR1","The device; \Device\Harddisk1\DR1; has a bad block."
"7/12/2026 1:28:51 PM","7","\Device\Harddisk1\DR1","The device; \Device\Harddisk1\DR1; has a bad block."
"7/12/2026 1:28:51 PM","7","\Device\Harddisk1\DR1","The device; \Device\Harddisk1\DR1; has a bad block."
"7/12/2026 1:28:51 PM","7","\Device\Harddisk1\DR1","The device; \Device\Harddisk1\DR1; has a bad block."
"7/12/2026 1:28:52 PM","7","\Device\Harddisk1\DR1","The device; \Device\Harddisk1\DR1; has a bad block."
"7/12/2026 1:28:52 PM","7","\Device\Harddisk1\DR1","The device; \Device\Harddisk1\DR1; has a bad block."
"7/12/2026 1:28:53 PM","7","\Device\Harddisk1\DR1","The device; \Device\Harddisk1\DR1; has a bad block."
"7/12/2026 1:28:53 PM","7","\Device\Harddisk1\DR1","The device; \Device\Harddisk1\DR1; has a bad block."
"7/12/2026 1:28:53 PM","7","\Device\Harddisk1\DR1","The device; \Device\Harddisk1\DR1; has a bad block."
"7/12/2026 1:28:53 PM","7","\Device\Harddisk1\DR1","The device; \Device\Harddisk1\DR1; has a bad block."
"7/12/2026 1:28:53 PM","7","\Device\Harddisk1\DR1","The device; \Device\Harddisk1\DR1; has a bad block."
"7/12/2026 1:28:54 PM","7","\Device\Harddisk1\DR1","The device; \Device\Harddisk1\DR1; has a bad block."
"7/12/2026 1:28:54 PM","7","\Device\Harddisk1\DR1","The device; \Device\Harddisk1\DR1; has a bad block."
"7/12/2026 1:28:54 PM","7","\Device\Harddisk1\DR1","The device; \Device\Harddisk1\DR1; has a bad block."
"7/12/2026 1:28:54 PM","7","\Device\Harddisk1\DR1","The device; \Device\Harddisk1\DR1; has a bad block."
"7/12/2026 1:28:55 PM","7","\Device\Harddisk1\DR1","The device; \Device\Harddisk1\DR1; has a bad block."
"7/12/2026 1:28:55 PM","7","\Device\Harddisk1\DR1","The device; \Device\Harddisk1\DR1; has a bad block."
"7/12/2026 1:28:55 PM","7","\Device\Harddisk1\DR1","The device; \Device\Harddisk1\DR1; has a bad block."
"7/12/2026 1:28:55 PM","7","\Device\Harddisk1\DR1","The device; \Device\Harddisk1\DR1; has a bad block."
"7/12/2026 1:28:56 PM","7","\Device\Harddisk1\DR1","The device; \Device\Harddisk1\DR1; has a bad block."
"7/12/2026 1:28:56 PM","7","\Device\Harddisk1\DR1","The device; \Device\Harddisk1\DR1; has a bad block."
"7/12/2026 1:28:56 PM","7","\Device\Harddisk1\DR1","The device; \Device\Harddisk1\DR1; has a bad block."
"7/12/2026 1:28:56 PM","7","\Device\Harddisk1\DR1","The device; \Device\Harddisk1\DR1; has a bad block."
"7/12/2026 1:28:56 PM","7","\Device\Harddisk1\DR1","The device; \Device\Harddisk1\DR1; has a bad block."
"7/12/2026 1:28:56 PM","7","\Device\Harddisk1\DR1","The device; \Device\Harddisk1\DR1; has a bad block."
"7/12/2026 1:28:57 PM","7","\Device\Harddisk1\DR1","The device; \Device\Harddisk1\DR1; has a bad block."
"7/12/2026 1:28:57 PM","7","\Device\Harddisk1\DR1","The device; \Device\Harddisk1\DR1; has a bad block."
"7/12/2026 1:28:57 PM","7","\Device\Harddisk1\DR1","The device; \Device\Harddisk1\DR1; has a bad block."
"7/12/2026 1:28:57 PM","7","\Device\Harddisk1\DR1","The device; \Device\Harddisk1\DR1; has a bad block."
"7/12/2026 1:28:58 PM","7","\Device\Harddisk1\DR1","The device; \Device\Harddisk1\DR1; has a bad block."
"7/12/2026 1:28:58 PM","7","\Device\Harddisk1\DR1","The device; \Device\Harddisk1\DR1; has a bad block."
"7/12/2026 1:28:58 PM","7","\Device\Harddisk1\DR1","The device; \Device\Harddisk1\DR1; has a bad block."
"7/12/2026 1:28:58 PM","7","\Device\Harddisk1\DR1","The device; \Device\Harddisk1\DR1; has a bad block."
"7/12/2026 1:28:58 PM","7","\Device\Harddisk1\DR1","The device; \Device\Harddisk1\DR1; has a bad block."
"7/12/2026 1:28:59 PM","7","\Device\Harddisk1\DR1","The device; \Device\Harddisk1\DR1; has a bad block."
"7/12/2026 1:28:59 PM","7","\Device\Harddisk1\DR1","The device; \Device\Harddisk1\DR1; has a bad block."
"7/12/2026 1:28:59 PM","7","\Device\Harddisk1\DR1","The device; \Device\Harddisk1\DR1; has a bad block."
"7/12/2026 1:28:59 PM","7","\Device\Harddisk1\DR1","The device; \Device\Harddisk1\DR1; has a bad block."
"7/12/2026 1:29:00 PM","7","\Device\Harddisk1\DR1","The device; \Device\Harddisk1\DR1; has a bad block."
"7/12/2026 1:29:00 PM","7","\Device\Harddisk1\DR1","The device; \Device\Harddisk1\DR1; has a bad block."
"7/12/2026 1:29:00 PM","7","\Device\Harddisk1\DR1","The device; \Device\Harddisk1\DR1; has a bad block."
"7/12/2026 1:29:00 PM","7","\Device\Harddisk1\DR1","The device; \Device\Harddisk1\DR1; has a bad block."
"7/12/2026 1:29:01 PM","7","\Device\Harddisk1\DR1","The device; \Device\Harddisk1\DR1; has a bad block."
"7/12/2026 1:29:01 PM","7","\Device\Harddisk1\DR1","The device; \Device\Harddisk1\DR1; has a bad block."
"7/12/2026 1:29:01 PM","7","\Device\Harddisk1\DR1","The device; \Device\Harddisk1\DR1; has a bad block."
"7/12/2026 1:29:01 PM","7","\Device\Harddisk1\DR1","The device; \Device\Harddisk1\DR1; has a bad block."
"7/12/2026 1:29:01 PM","7","\Device\Harddisk1\DR1","The device; \Device\Harddisk1\DR1; has a bad block."
"7/12/2026 1:29:02 PM","7","\Device\Harddisk1\DR1","The device; \Device\Harddisk1\DR1; has a bad block."
"7/12/2026 1:29:02 PM","7","\Device\Harddisk1\DR1","The device; \Device\Harddisk1\DR1; has a bad block."
"7/12/2026 1:29:02 PM","7","\Device\Harddisk1\DR1","The device; \Device\Harddisk1\DR1; has a bad block."
"7/12/2026 1:29:02 PM","7","\Device\Harddisk1\DR1","The device; \Device\Harddisk1\DR1; has a bad block."
"7/12/2026 1:29:03 PM","7","\Device\Harddisk1\DR1","The device; \Device\Harddisk1\DR1; has a bad block."
"7/12/2026 1:29:03 PM","7","\Device\Harddisk1\DR1","The device; \Device\Harddisk1\DR1; has a bad block."
"7/12/2026 1:29:03 PM","7","\Device\Harddisk1\DR1","The device; \Device\Harddisk1\DR1; has a bad block."
"7/12/2026 1:29:03 PM","7","\Device\Harddisk1\DR1","The device; \Device\Harddisk1\DR1; has a bad block."
"7/12/2026 1:29:04 PM","7","\Device\Harddisk1\DR1","The device; \Device\Harddisk1\DR1; has a bad block."
"7/12/2026 1:29:04 PM","7","\Device\Harddisk1\DR1","The device; \Device\Harddisk1\DR1; has a bad block."
"7/12/2026 1:29:04 PM","7","\Device\Harddisk1\DR1","The device; \Device\Harddisk1\DR1; has a bad block."
"7/12/2026 1:29:04 PM","7","\Device\Harddisk1\DR1","The device; \Device\Harddisk1\DR1; has a bad block."
"7/12/2026 1:29:04 PM","7","\Device\Harddisk1\DR1","The device; \Device\Harddisk1\DR1; has a bad block."
"7/12/2026 1:29:04 PM","7","\Device\Harddisk1\DR1","The device; \Device\Harddisk1\DR1; has a bad block."
"7/12/2026 1:29:06 PM","7","\Device\Harddisk1\DR1","The device; \Device\Harddisk1\DR1; has a bad block."
"7/12/2026 1:29:07 PM","7","\Device\Harddisk1\DR1","The device; \Device\Harddisk1\DR1; has a bad block."
"7/12/2026 1:29:08 PM","7","\Device\Harddisk1\DR1","The device; \Device\Harddisk1\DR1; has a bad block."
"7/12/2026 1:29:10 PM","7","\Device\Harddisk1\DR1","The device; \Device\Harddisk1\DR1; has a bad block."
"7/12/2026 1:29:11 PM","7","\Device\Harddisk1\DR1","The device; \Device\Harddisk1\DR1; has a bad block."
"7/12/2026 1:29:13 PM","7","\Device\Harddisk1\DR1","The device; \Device\Harddisk1\DR1; has a bad block."
"7/12/2026 1:29:14 PM","7","\Device\Harddisk1\DR1","The device; \Device\Harddisk1\DR1; has a bad block."
"7/12/2026 1:29:16 PM","7","\Device\Harddisk1\DR1","The device; \Device\Harddisk1\DR1; has a bad block."
"7/12/2026 1:29:17 PM","7","\Device\Harddisk1\DR1","The device; \Device\Harddisk1\DR1; has a bad block."
"7/12/2026 1:29:18 PM","7","\Device\Harddisk1\DR1","The device; \Device\Harddisk1\DR1; has a bad block."
"7/12/2026 1:29:19 PM","7","\Device\Harddisk1\DR1","The device; \Device\Harddisk1\DR1; has a bad block."
"7/12/2026 1:29:20 PM","7","\Device\Harddisk1\DR1","The device; \Device\Harddisk1\DR1; has a bad block."
"7/12/2026 1:29:21 PM","7","\Device\Harddisk1\DR1","The device; \Device\Harddisk1\DR1; has a bad block."
"7/12/2026 1:29:23 PM","7","\Device\Harddisk1\DR1","The device; \Device\Harddisk1\DR1; has a bad block."
"7/12/2026 1:29:24 PM","7","\Device\Harddisk1\DR1","The device; \Device\Harddisk1\DR1; has a bad block."
"7/12/2026 1:29:26 PM","7","\Device\Harddisk1\DR1","The device; \Device\Harddisk1\DR1; has a bad block."
"7/12/2026 1:29:27 PM","7","\Device\Harddisk1\DR1","The device; \Device\Harddisk1\DR1; has a bad block."
"7/12/2026 1:29:29 PM","7","\Device\Harddisk1\DR1","The device; \Device\Harddisk1\DR1; has a bad block."
"7/12/2026 1:29:30 PM","7","\Device\Harddisk1\DR1","The device; \Device\Harddisk1\DR1; has a bad block."
"7/12/2026 1:29:31 PM","7","\Device\Harddisk1\DR1","The device; \Device\Harddisk1\DR1; has a bad block."
"7/12/2026 1:29:32 PM","7","\Device\Harddisk1\DR1","The device; \Device\Harddisk1\DR1; has a bad block."
"7/12/2026 1:29:32 PM","7","\Device\Harddisk1\DR1","The device; \Device\Harddisk1\DR1; has a bad block."
"7/12/2026 1:29:33 PM","7","\Device\Harddisk1\DR1","The device; \Device\Harddisk1\DR1; has a bad block."
"7/12/2026 1:29:33 PM","7","\Device\Harddisk1\DR1","The device; \Device\Harddisk1\DR1; has a bad block."
"7/12/2026 1:29:34 PM","7","\Device\Harddisk1\DR1","The device; \Device\Harddisk1\DR1; has a bad block."
"7/12/2026 1:29:34 PM","7","\Device\Harddisk1\DR1","The device; \Device\Harddisk1\DR1; has a bad block."
"7/12/2026 1:29:34 PM","7","\Device\Harddisk1\DR1","The device; \Device\Harddisk1\DR1; has a bad block."
"7/12/2026 1:29:34 PM","7","\Device\Harddisk1\DR1","The device; \Device\Harddisk1\DR1; has a bad block."
"7/12/2026 1:29:35 PM","7","\Device\Harddisk1\DR1","The device; \Device\Harddisk1\DR1; has a bad block."
"7/12/2026 1:29:36 PM","7","\Device\Harddisk1\DR1","The device; \Device\Harddisk1\DR1; has a bad block."
"7/12/2026 1:29:36 PM","7","\Device\Harddisk1\DR1","The device; \Device\Harddisk1\DR1; has a bad block."
"7/12/2026 1:29:36 PM","7","\Device\Harddisk1\DR1","The device; \Device\Harddisk1\DR1; has a bad block."
"7/12/2026 1:29:36 PM","7","\Device\Harddisk1\DR1","The device; \Device\Harddisk1\DR1; has a bad block."
"7/12/2026 1:29:37 PM","7","\Device\Harddisk1\DR1","The device; \Device\Harddisk1\DR1; has a bad block."
"7/12/2026 1:29:37 PM","7","\Device\Harddisk1\DR1","The device; \Device\Harddisk1\DR1; has a bad block."
"7/12/2026 1:29:37 PM","7","\Device\Harddisk1\DR1","The device; \Device\Harddisk1\DR1; has a bad block."
"7/12/2026 1:29:38 PM","7","\Device\Harddisk1\DR1","The device; \Device\Harddisk1\DR1; has a bad block."
"7/12/2026 1:29:38 PM","7","\Device\Harddisk1\DR1","The device; \Device\Harddisk1\DR1; has a bad block."
"7/12/2026 1:29:38 PM","7","\Device\Harddisk1\DR1","The device; \Device\Harddisk1\DR1; has a bad block."
"7/12/2026 1:29:38 PM","7","\Device\Harddisk1\DR1","The device; \Device\Harddisk1\DR1; has a bad block."
"7/12/2026 1:29:39 PM","7","\Device\Harddisk1\DR1","The device; \Device\Harddisk1\DR1; has a bad block."
"7/12/2026 1:29:39 PM","7","\Device\Harddisk1\DR1","The device; \Device\Harddisk1\DR1; has a bad block."
"7/12/2026 1:29:39 PM","7","\Device\Harddisk1\DR1","The device; \Device\Harddisk1\DR1; has a bad block."
"7/12/2026 1:29:39 PM","7","\Device\Harddisk1\DR1","The device; \Device\Harddisk1\DR1; has a bad block."
"7/12/2026 1:29:40 PM","7","\Device\Harddisk1\DR1","The device; \Device\Harddisk1\DR1; has a bad block."
"7/12/2026 1:29:40 PM","7","\Device\Harddisk1\DR1","The device; \Device\Harddisk1\DR1; has a bad block."
"7/12/2026 1:29:40 PM","7","\Device\Harddisk1\DR1","The device; \Device\Harddisk1\DR1; has a bad block."
"7/12/2026 1:29:40 PM","7","\Device\Harddisk1\DR1","The device; \Device\Harddisk1\DR1; has a bad block."
"7/12/2026 1:29:41 PM","7","\Device\Harddisk1\DR1","The device; \Device\Harddisk1\DR1; has a bad block."
"7/12/2026 1:29:41 PM","7","\Device\Harddisk1\DR1","The device; \Device\Harddisk1\DR1; has a bad block."
"7/12/2026 1:29:41 PM","7","\Device\Harddisk1\DR1","The device; \Device\Harddisk1\DR1; has a bad block."
"7/12/2026 1:29:42 PM","7","\Device\Harddisk1\DR1","The device; \Device\Harddisk1\DR1; has a bad block."
"7/12/2026 1:29:42 PM","7","\Device\Harddisk1\DR1","The device; \Device\Harddisk1\DR1; has a bad block."
"7/12/2026 1:29:42 PM","7","\Device\Harddisk1\DR1","The device; \Device\Harddisk1\DR1; has a bad block."
"7/12/2026 1:29:42 PM","7","\Device\Harddisk1\DR1","The device; \Device\Harddisk1\DR1; has a bad block."
"7/12/2026 1:29:43 PM","7","\Device\Harddisk1\DR1","The device; \Device\Harddisk1\DR1; has a bad block."
"7/12/2026 1:29:43 PM","7","\Device\Harddisk1\DR1","The device; \Device\Harddisk1\DR1; has a bad block."
"7/12/2026 1:29:43 PM","7","\Device\Harddisk1\DR1","The device; \Device\Harddisk1\DR1; has a bad block."
"7/12/2026 1:29:43 PM","7","\Device\Harddisk1\DR1","The device; \Device\Harddisk1\DR1; has a bad block."
"7/12/2026 1:29:44 PM","7","\Device\Harddisk1\DR1","The device; \Device\Harddisk1\DR1; has a bad block."
"7/12/2026 1:29:44 PM","7","\Device\Harddisk1\DR1","The device; \Device\Harddisk1\DR1; has a bad block."
"7/12/2026 1:29:44 PM","7","\Device\Harddisk1\DR1","The device; \Device\Harddisk1\DR1; has a bad block."
"7/12/2026 1:29:44 PM","7","\Device\Harddisk1\DR1","The device; \Device\Harddisk1\DR1; has a bad block."
"7/12/2026 1:29:44 PM","7","\Device\Harddisk1\DR1","The device; \Device\Harddisk1\DR1; has a bad block."
"7/12/2026 1:29:45 PM","7","\Device\Harddisk1\DR1","The device; \Device\Harddisk1\DR1; has a bad block."
"7/12/2026 1:29:45 PM","7","\Device\Harddisk1\DR1","The device; \Device\Harddisk1\DR1; has a bad block."
"7/12/2026 1:29:45 PM","7","\Device\Harddisk1\DR1","The device; \Device\Harddisk1\DR1; has a bad block."
"7/12/2026 1:29:46 PM","7","\Device\Harddisk1\DR1","The device; \Device\Harddisk1\DR1; has a bad block."
"7/12/2026 1:29:46 PM","7","\Device\Harddisk1\DR1","The device; \Device\Harddisk1\DR1; has a bad block."
"7/12/2026 1:29:46 PM","7","\Device\Harddisk1\DR1","The device; \Device\Harddisk1\DR1; has a bad block."
"7/12/2026 1:29:46 PM","7","\Device\Harddisk1\DR1","The device; \Device\Harddisk1\DR1; has a bad block."
"7/12/2026 1:29:46 PM","7","\Device\Harddisk1\DR1","The device; \Device\Harddisk1\DR1; has a bad block."
"7/12/2026 1:29:47 PM","7","\Device\Harddisk1\DR1","The device; \Device\Harddisk1\DR1; has a bad block."
"7/12/2026 1:29:47 PM","7","\Device\Harddisk1\DR1","The device; \Device\Harddisk1\DR1; has a bad block."
"7/12/2026 1:29:48 PM","7","\Device\Harddisk1\DR1","The device; \Device\Harddisk1\DR1; has a bad block."
"7/12/2026 1:29:48 PM","7","\Device\Harddisk1\DR1","The device; \Device\Harddisk1\DR1; has a bad block."
"7/12/2026 1:29:48 PM","7","\Device\Harddisk1\DR1","The device; \Device\Harddisk1\DR1; has a bad block."
"7/12/2026 1:29:48 PM","7","\Device\Harddisk1\DR1","The device; \Device\Harddisk1\DR1; has a bad block."
"7/12/2026 1:29:49 PM","7","\Device\Harddisk1\DR1","The device; \Device\Harddisk1\DR1; has a bad block."
"7/12/2026 1:29:49 PM","7","\Device\Harddisk1\DR1","The device; \Device\Harddisk1\DR1; has a bad block."
"7/12/2026 1:29:49 PM","7","\Device\Harddisk1\DR1","The device; \Device\Harddisk1\DR1; has a bad block."
"7/12/2026 1:29:50 PM","7","\Device\Harddisk1\DR1","The device; \Device\Harddisk1\DR1; has a bad block."
"7/12/2026 1:29:50 PM","7","\Device\Harddisk1\DR1","The device; \Device\Harddisk1\DR1; has a bad block."
"7/12/2026 1:29:50 PM","7","\Device\Harddisk1\DR1","The device; \Device\Harddisk1\DR1; has a bad block."
"7/12/2026 1:29:50 PM","7","\Device\Harddisk1\DR1","The device; \Device\Harddisk1\DR1; has a bad block."
"7/12/2026 1:29:50 PM","7","\Device\Harddisk1\DR1","The device; \Device\Harddisk1\DR1; has a bad block."
"7/12/2026 1:29:51 PM","7","\Device\Harddisk1\DR1","The device; \Device\Harddisk1\DR1; has a bad block."
"7/12/2026 1:29:51 PM","7","\Device\Harddisk1\DR1","The device; \Device\Harddisk1\DR1; has a bad block."
"7/12/2026 1:29:52 PM","7","\Device\Harddisk1\DR1","The device; \Device\Harddisk1\DR1; has a bad block."
"7/12/2026 1:29:52 PM","7","\Device\Harddisk1\DR1","The device; \Device\Harddisk1\DR1; has a bad block."
"7/12/2026 1:29:52 PM","7","\Device\Harddisk1\DR1","The device; \Device\Harddisk1\DR1; has a bad block."
"7/12/2026 1:29:53 PM","7","\Device\Harddisk1\DR1","The device; \Device\Harddisk1\DR1; has a bad block."
"7/12/2026 1:29:53 PM","7","\Device\Harddisk1\DR1","The device; \Device\Harddisk1\DR1; has a bad block."
"7/12/2026 1:29:53 PM","7","\Device\Harddisk1\DR1","The device; \Device\Harddisk1\DR1; has a bad block."
"7/12/2026 1:29:53 PM","7","\Device\Harddisk1\DR1","The device; \Device\Harddisk1\DR1; has a bad block."
"7/12/2026 1:29:53 PM","7","\Device\Harddisk1\DR1","The device; \Device\Harddisk1\DR1; has a bad block."
"7/12/2026 1:29:54 PM","7","\Device\Harddisk1\DR1","The device; \Device\Harddisk1\DR1; has a bad block."
"7/12/2026 1:29:54 PM","7","\Device\Harddisk1\DR1","The device; \Device\Harddisk1\DR1; has a bad block."
"7/12/2026 1:29:54 PM","7","\Device\Harddisk1\DR1","The device; \Device\Harddisk1\DR1; has a bad block."
"7/12/2026 1:29:54 PM","7","\Device\Harddisk1\DR1","The device; \Device\Harddisk1\DR1; has a bad block."
"7/12/2026 1:29:54 PM","7","\Device\Harddisk1\DR1","The device; \Device\Harddisk1\DR1; has a bad block."
"7/12/2026 1:29:55 PM","7","\Device\Harddisk1\DR1","The device; \Device\Harddisk1\DR1; has a bad block."
"7/12/2026 1:29:55 PM","7","\Device\Harddisk1\DR1","The device; \Device\Harddisk1\DR1; has a bad block."
"7/12/2026 1:29:55 PM","7","\Device\Harddisk1\DR1","The device; \Device\Harddisk1\DR1; has a bad block."
"7/12/2026 1:29:55 PM","7","\Device\Harddisk1\DR1","The device; \Device\Harddisk1\DR1; has a bad block."
"7/12/2026 1:29:55 PM","7","\Device\Harddisk1\DR1","The device; \Device\Harddisk1\DR1; has a bad block."
"7/12/2026 1:29:55 PM","7","\Device\Harddisk1\DR1","The device; \Device\Harddisk1\DR1; has a bad block."
"7/12/2026 1:29:56 PM","7","\Device\Harddisk1\DR1","The device; \Device\Harddisk1\DR1; has a bad block."
"7/12/2026 1:29:56 PM","7","\Device\Harddisk1\DR1","The device; \Device\Harddisk1\DR1; has a bad block."
"7/12/2026 1:29:56 PM","7","\Device\Harddisk1\DR1","The device; \Device\Harddisk1\DR1; has a bad block."
"7/12/2026 1:29:56 PM","7","\Device\Harddisk1\DR1","The device; \Device\Harddisk1\DR1; has a bad block."
"7/12/2026 1:29:56 PM","7","\Device\Harddisk1\DR1","The device; \Device\Harddisk1\DR1; has a bad block."
"7/12/2026 1:29:56 PM","7","\Device\Harddisk1\DR1","The device; \Device\Harddisk1\DR1; has a bad block."
"7/12/2026 1:29:57 PM","7","\Device\Harddisk1\DR1","The device; \Device\Harddisk1\DR1; has a bad block."
"7/12/2026 1:29:57 PM","7","\Device\Harddisk1\DR1","The device; \Device\Harddisk1\DR1; has a bad block."
"7/12/2026 1:29:57 PM","7","\Device\Harddisk1\DR1","The device; \Device\Harddisk1\DR1; has a bad block."
"7/12/2026 1:29:57 PM","7","\Device\Harddisk1\DR1","The device; \Device\Harddisk1\DR1; has a bad block."
"7/12/2026 1:29:57 PM","7","\Device\Harddisk1\DR1","The device; \Device\Harddisk1\DR1; has a bad block."
"7/12/2026 1:29:57 PM","7","\Device\Harddisk1\DR1","The device; \Device\Harddisk1\DR1; has a bad block."
"7/12/2026 1:29:58 PM","7","\Device\Harddisk1\DR1","The device; \Device\Harddisk1\DR1; has a bad block."
"7/12/2026 1:29:58 PM","7","\Device\Harddisk1\DR1","The device; \Device\Harddisk1\DR1; has a bad block."
"7/12/2026 1:29:58 PM","7","\Device\Harddisk1\DR1","The device; \Device\Harddisk1\DR1; has a bad block."
"7/12/2026 1:29:58 PM","7","\Device\Harddisk1\DR1","The device; \Device\Harddisk1\DR1; has a bad block."
"7/12/2026 1:29:58 PM","7","\Device\Harddisk1\DR1","The device; \Device\Harddisk1\DR1; has a bad block."
"7/12/2026 1:29:58 PM","7","\Device\Harddisk1\DR1","The device; \Device\Harddisk1\DR1; has a bad block."
"7/12/2026 1:29:59 PM","7","\Device\Harddisk1\DR1","The device; \Device\Harddisk1\DR1; has a bad block."
"7/12/2026 1:29:59 PM","7","\Device\Harddisk1\DR1","The device; \Device\Harddisk1\DR1; has a bad block."
"7/12/2026 1:30:00 PM","7","\Device\Harddisk1\DR1","The device; \Device\Harddisk1\DR1; has a bad block."
"7/12/2026 1:30:00 PM","7","\Device\Harddisk1\DR1","The device; \Device\Harddisk1\DR1; has a bad block."
"7/12/2026 1:30:00 PM","7","\Device\Harddisk1\DR1","The device; \Device\Harddisk1\DR1; has a bad block."
"7/12/2026 1:30:01 PM","7","\Device\Harddisk1\DR1","The device; \Device\Harddisk1\DR1; has a bad block."
"7/12/2026 1:30:01 PM","7","\Device\Harddisk1\DR1","The device; \Device\Harddisk1\DR1; has a bad block."
"7/12/2026 1:30:01 PM","7","\Device\Harddisk1\DR1","The device; \Device\Harddisk1\DR1; has a bad block."
"7/12/2026 1:30:02 PM","7","\Device\Harddisk1\DR1","The device; \Device\Harddisk1\DR1; has a bad block."
"7/12/2026 1:30:02 PM","7","\Device\Harddisk1\DR1","The device; \Device\Harddisk1\DR1; has a bad block."
"7/12/2026 1:30:02 PM","7","\Device\Harddisk1\DR1","The device; \Device\Harddisk1\DR1; has a bad block."
"7/12/2026 1:30:02 PM","7","\Device\Harddisk1\DR1","The device; \Device\Harddisk1\DR1; has a bad block."
"7/12/2026 1:30:02 PM","7","\Device\Harddisk1\DR1","The device; \Device\Harddisk1\DR1; has a bad block."
"7/12/2026 1:30:02 PM","7","\Device\Harddisk1\DR1","The device; \Device\Harddisk1\DR1; has a bad block."
"7/12/2026 1:30:03 PM","7","\Device\Harddisk1\DR1","The device; \Device\Harddisk1\DR1; has a bad block."
"7/12/2026 1:30:03 PM","7","\Device\Harddisk1\DR1","The device; \Device\Harddisk1\DR1; has a bad block."
"7/12/2026 1:30:03 PM","7","\Device\Harddisk1\DR1","The device; \Device\Harddisk1\DR1; has a bad block."
"7/12/2026 1:30:03 PM","7","\Device\Harddisk1\DR1","The device; \Device\Harddisk1\DR1; has a bad block."
"7/12/2026 1:30:03 PM","7","\Device\Harddisk1\DR1","The device; \Device\Harddisk1\DR1; has a bad block."
"7/12/2026 1:31:16 PM","7","\Device\Harddisk1\DR1","The device; \Device\Harddisk1\DR1; has a bad block."
"7/12/2026 1:31:16 PM","7","\Device\Harddisk1\DR1","The device; \Device\Harddisk1\DR1; has a bad block."
"7/12/2026 1:31:16 PM","7","\Device\Harddisk1\DR1","The device; \Device\Harddisk1\DR1; has a bad block."
"7/12/2026 1:31:16 PM","7","\Device\Harddisk1\DR1","The device; \Device\Harddisk1\DR1; has a bad block."
"7/12/2026 1:31:49 PM","7","\Device\Harddisk1\DR1","The device; \Device\Harddisk1\DR1; has a bad block."
"7/12/2026 1:31:49 PM","7","\Device\Harddisk1\DR1","The device; \Device\Harddisk1\DR1; has a bad block."
"7/12/2026 1:31:49 PM","7","\Device\Harddisk1\DR1","The device; \Device\Harddisk1\DR1; has a bad block."
"7/12/2026 1:31:50 PM","7","\Device\Harddisk1\DR1","The device; \Device\Harddisk1\DR1; has a bad block."
"7/12/2026 1:31:50 PM","7","\Device\Harddisk1\DR1","The device; \Device\Harddisk1\DR1; has a bad block."
"7/12/2026 1:31:50 PM","7","\Device\Harddisk1\DR1","The device; \Device\Harddisk1\DR1; has a bad block."
"7/12/2026 1:31:50 PM","7","\Device\Harddisk1\DR1","The device; \Device\Harddisk1\DR1; has a bad block."
"7/12/2026 1:31:50 PM","7","\Device\Harddisk1\DR1","The device; \Device\Harddisk1\DR1; has a bad block."
"7/12/2026 1:31:50 PM","7","\Device\Harddisk1\DR1","The device; \Device\Harddisk1\DR1; has a bad block."
"7/12/2026 1:31:50 PM","7","\Device\Harddisk1\DR1","The device; \Device\Harddisk1\DR1; has a bad block."
"7/12/2026 1:31:51 PM","7","\Device\Harddisk1\DR1","The device; \Device\Harddisk1\DR1; has a bad block."
"7/12/2026 1:31:51 PM","7","\Device\Harddisk1\DR1","The device; \Device\Harddisk1\DR1; has a bad block."
"7/12/2026 1:31:51 PM","7","\Device\Harddisk1\DR1","The device; \Device\Harddisk1\DR1; has a bad block."
"7/12/2026 1:31:51 PM","7","\Device\Harddisk1\DR1","The device; \Device\Harddisk1\DR1; has a bad block."
"7/12/2026 1:31:51 PM","7","\Device\Harddisk1\DR1","The device; \Device\Harddisk1\DR1; has a bad block."
"7/12/2026 1:31:51 PM","7","\Device\Harddisk1\DR1","The device; \Device\Harddisk1\DR1; has a bad block."
"7/12/2026 1:31:52 PM","7","\Device\Harddisk1\DR1","The device; \Device\Harddisk1\DR1; has a bad block."
"7/12/2026 1:31:52 PM","7","\Device\Harddisk1\DR1","The device; \Device\Harddisk1\DR1; has a bad block."
"7/12/2026 1:31:52 PM","7","\Device\Harddisk1\DR1","The device; \Device\Harddisk1\DR1; has a bad block."
"7/12/2026 1:31:52 PM","7","\Device\Harddisk1\DR1","The device; \Device\Harddisk1\DR1; has a bad block."
"7/12/2026 1:33:45 PM","7","\Device\Harddisk1\DR1","The device; \Device\Harddisk1\DR1; has a bad block."
"7/12/2026 1:33:45 PM","7","\Device\Harddisk1\DR1","The device; \Device\Harddisk1\DR1; has a bad block."
"7/12/2026 1:33:45 PM","7","\Device\Harddisk1\DR1","The device; \Device\Harddisk1\DR1; has a bad block."
"7/12/2026 1:33:45 PM","7","\Device\Harddisk1\DR1","The device; \Device\Harddisk1\DR1; has a bad block."
"7/12/2026 1:33:46 PM","7","\Device\Harddisk1\DR1","The device; \Device\Harddisk1\DR1; has a bad block."
"7/12/2026 1:33:46 PM","7","\Device\Harddisk1\DR1","The device; \Device\Harddisk1\DR1; has a bad block."
"7/12/2026 1:33:46 PM","7","\Device\Harddisk1\DR1","The device; \Device\Harddisk1\DR1; has a bad block."
"7/12/2026 1:33:46 PM","7","\Device\Harddisk1\DR1","The device; \Device\Harddisk1\DR1; has a bad block."
"7/12/2026 1:33:46 PM","7","\Device\Harddisk1\DR1","The device; \Device\Harddisk1\DR1; has a bad block."
"7/12/2026 1:33:46 PM","7","\Device\Harddisk1\DR1","The device; \Device\Harddisk1\DR1; has a bad block."
"7/12/2026 1:33:46 PM","7","\Device\Harddisk1\DR1","The device; \Device\Harddisk1\DR1; has a bad block."
"7/12/2026 1:54:56 PM","7","\Device\Harddisk1\DR1","The device; \Device\Harddisk1\DR1; has a bad block."
"7/12/2026 1:54:56 PM","7","\Device\Harddisk1\DR1","The device; \Device\Harddisk1\DR1; has a bad block."
"7/12/2026 1:54:56 PM","7","\Device\Harddisk1\DR1","The device; \Device\Harddisk1\DR1; has a bad block."
"7/12/2026 1:54:56 PM","7","\Device\Harddisk1\DR1","The device; \Device\Harddisk1\DR1; has a bad block."
"7/12/2026 1:54:57 PM","7","\Device\Harddisk1\DR1","The device; \Device\Harddisk1\DR1; has a bad block."
"7/12/2026 1:54:57 PM","7","\Device\Harddisk1\DR1","The device; \Device\Harddisk1\DR1; has a bad block."
"7/12/2026 1:54:57 PM","7","\Device\Harddisk1\DR1","The device; \Device\Harddisk1\DR1; has a bad block."
"7/12/2026 1:54:57 PM","7","\Device\Harddisk1\DR1","The device; \Device\Harddisk1\DR1; has a bad block."
"7/12/2026 1:54:57 PM","7","\Device\Harddisk1\DR1","The device; \Device\Harddisk1\DR1; has a bad block."
"7/12/2026 1:54:57 PM","7","\Device\Harddisk1\DR1","The device; \Device\Harddisk1\DR1; has a bad block."
"7/12/2026 1:54:57 PM","7","\Device\Harddisk1\DR1","The device; \Device\Harddisk1\DR1; has a bad block."
"7/12/2026 1:54:58 PM","7","\Device\Harddisk1\DR1","The device; \Device\Harddisk1\DR1; has a bad block."
"7/12/2026 1:54:58 PM","7","\Device\Harddisk1\DR1","The device; \Device\Harddisk1\DR1; has a bad block."
"7/12/2026 1:54:58 PM","7","\Device\Harddisk1\DR1","The device; \Device\Harddisk1\DR1; has a bad block."
"7/12/2026 1:54:58 PM","7","\Device\Harddisk1\DR1","The device; \Device\Harddisk1\DR1; has a bad block."
"7/12/2026 1:54:58 PM","7","\Device\Harddisk1\DR1","The device; \Device\Harddisk1\DR1; has a bad block."
"7/12/2026 1:54:58 PM","7","\Device\Harddisk1\DR1","The device; \Device\Harddisk1\DR1; has a bad block."
"7/12/2026 1:54:59 PM","7","\Device\Harddisk1\DR1","The device; \Device\Harddisk1\DR1; has a bad block."
"7/12/2026 1:54:59 PM","7","\Device\Harddisk1\DR1","The device; \Device\Harddisk1\DR1; has a bad block."
"7/12/2026 1:54:59 PM","7","\Device\Harddisk1\DR1","The device; \Device\Harddisk1\DR1; has a bad block."
"7/12/2026 1:54:59 PM","7","\Device\Harddisk1\DR1","The device; \Device\Harddisk1\DR1; has a bad block."
"7/12/2026 1:54:59 PM","7","\Device\Harddisk1\DR1","The device; \Device\Harddisk1\DR1; has a bad block."
